sample_idx,true_label,pred_label,correct,confidence
0,1,1,1,0.531693160533905
1,1,1,1,0.6370574831962585
2,1,1,1,0.5195714235305786
3,1,1,1,0.7956109046936035
4,1,1,1,0.3722069263458252
5,1,1,1,0.3965316116809845
6,1,0,0,0.39420098066329956
7,1,1,1,0.48812615871429443
8,1,1,1,0.2793341875076294
9,1,1,1,0.7090238332748413
10,1,1,1,0.512843132019043
11,1,1,1,0.49093616008758545
12,1,1,1,0.6110579967498779
13,1,1,1,0.4490658640861511
14,1,1,1,0.20720283687114716
15,1,1,1,0.41761261224746704
16,1,0,0,0.6734123229980469
17,1,1,1,0.41169509291648865
18,1,1,1,0.30236199498176575
19,1,1,1,0.3070858120918274
20,1,0,0,0.39702221751213074
21,1,0,0,0.5005776286125183
22,1,0,0,0.5663405656814575
23,1,1,1,0.34400659799575806
24,1,0,0,0.9964703321456909
25,1,1,1,1.056186556816101
26,1,0,0,0.7435573935508728
27,1,0,0,0.18607059121131897
28,1,1,1,0.9725936651229858
29,1,1,1,0.7209993600845337
30,1,1,1,0.36985963582992554
31,1,1,1,0.5250706672668457
32,1,1,1,0.48235446214675903
33,1,1,1,0.2874826490879059
34,1,1,1,0.528579831123352
35,1,0,0,0.1807936280965805
36,1,0,0,0.4276410937309265
37,1,1,1,0.983059287071228
38,1,1,1,1.0056744813919067
39,1,1,1,0.9506814479827881
40,1,1,1,0.9886379241943359
41,1,1,1,0.8012635707855225
42,1,1,1,1.1031442880630493
43,1,1,1,0.892446756362915
44,1,1,1,0.36030110716819763
45,1,1,1,1.0409945249557495
46,1,1,1,1.006055474281311
47,1,1,1,0.5396162271499634
48,1,1,1,0.2608668804168701
49,1,1,1,0.45428675413131714
50,1,0,0,0.49156638979911804
51,1,1,1,0.7335880398750305
52,1,1,1,1.133696436882019
53,1,1,1,0.8727322816848755
54,1,1,1,0.8469926118850708
55,1,0,0,0.23111110925674438
56,1,1,1,0.640849232673645
57,1,1,1,0.3708646595478058
58,1,1,1,0.3139343857765198
59,1,1,1,0.6672911047935486
60,1,1,1,0.5662286877632141
61,1,1,1,0.5209980010986328
62,1,1,1,0.31219053268432617
63,1,1,1,0.6382315754890442
64,1,1,1,0.44954991340637207
65,1,1,1,0.634077250957489
66,1,1,1,0.6006314754486084
67,1,1,1,0.5446576476097107
68,1,1,1,0.20351792871952057
69,1,1,1,0.34772801399230957
70,1,1,1,0.733993649482727
71,1,1,1,0.5749483108520508
72,1,1,1,0.761329174041748
73,1,1,1,0.8812015056610107
74,1,1,1,0.6273346543312073
75,1,1,1,1.0911985635757446
76,1,1,1,0.5329970121383667
77,1,1,1,0.17050324380397797
78,1,1,1,1.2870944738388062
79,1,1,1,0.31820759177207947
80,1,1,1,0.34096255898475647
81,1,1,1,0.7673794031143188
82,1,0,0,0.3667628765106201
83,1,1,1,0.3132286071777344
84,1,1,1,0.362325519323349
85,1,1,1,0.38619300723075867
86,1,1,1,0.4762662649154663
87,1,0,0,0.4443093240261078
88,1,0,0,0.5969153642654419
89,1,1,1,0.38231149315834045
90,1,1,1,0.7255271673202515
91,1,1,1,0.29827404022216797
92,1,1,1,0.6207653880119324
93,1,1,1,0.2314988672733307
94,1,1,1,0.3572326600551605
95,1,1,1,0.5859479904174805
96,1,0,0,0.9802631139755249
97,1,1,1,0.44640296697616577
98,1,0,0,0.32494935393333435
99,1,1,1,0.4048857092857361
100,1,1,1,0.32214367389678955
101,1,1,1,0.5017197132110596
102,1,1,1,0.5182133913040161
103,1,1,1,0.22973287105560303
104,1,1,1,0.6163713932037354
105,1,1,1,0.6416023969650269
106,1,1,1,0.406869500875473
107,1,1,1,0.7191451787948608
108,1,1,1,0.7280867099761963
109,1,1,1,0.5463059544563293
110,1,0,0,0.6035901308059692
111,1,1,1,0.6567717790603638
112,1,1,1,0.2584514915943146
113,1,1,1,0.4047662317752838
114,1,1,1,0.7865778207778931
115,1,1,1,0.595456600189209
116,1,1,1,0.40032970905303955
117,1,1,1,0.28737175464630127
118,1,1,1,0.2593294382095337
119,1,0,0,0.24172963201999664
120,1,1,1,0.45228928327560425
121,1,1,1,0.1853550672531128
122,1,0,0,0.276904433965683
123,1,1,1,0.1983289271593094
124,1,1,1,0.33814939856529236
125,1,0,0,0.48482170701026917
126,1,1,1,0.21517089009284973
127,1,1,1,0.580001950263977
128,1,1,1,0.4255903959274292
129,1,1,1,0.416476845741272
130,1,1,1,0.22307145595550537
131,1,1,1,0.6610442996025085
132,1,1,1,0.17344418168067932
133,1,1,1,1.0816012620925903
134,1,1,1,0.5639922618865967
135,1,1,1,0.432456374168396
136,1,1,1,0.27854490280151367
137,1,1,1,0.4434289336204529
138,1,0,0,0.34768056869506836
139,1,1,1,0.2509171962738037
140,1,0,0,0.2008543610572815
141,1,1,1,0.8662145733833313
142,1,0,0,0.5321328639984131
143,1,1,1,0.5744227170944214
144,1,0,0,0.9254787564277649
145,1,1,1,0.5968670845031738
146,1,1,1,0.2822835147380829
147,1,1,1,0.8634649515151978
148,1,1,1,0.6535999774932861
149,1,1,1,0.363430917263031
150,1,1,1,0.2067302167415619
151,1,0,0,0.33366814255714417
152,1,1,1,0.7110494375228882
153,1,0,0,0.30543333292007446
154,1,1,1,1.2002551555633545
155,1,1,1,0.3268984854221344
156,1,1,1,0.8038339614868164
157,1,0,0,0.7240957021713257
158,1,0,0,0.5539209246635437
159,1,1,1,0.28423285484313965
160,1,0,0,1.3342329263687134
161,1,1,1,0.2644035220146179
162,1,1,1,0.7772653102874756
163,1,0,0,0.9080650806427002
164,1,1,1,0.633141815662384
165,1,1,1,0.3495485484600067
166,1,1,1,0.8782589435577393
167,1,1,1,0.6153094172477722
168,1,1,1,0.5505439043045044
169,1,1,1,0.39029720425605774
170,1,1,1,0.2521086037158966
171,1,1,1,0.514583945274353
172,1,1,1,0.31378328800201416
173,1,1,1,0.3393188714981079
174,1,1,1,0.47952282428741455
175,1,1,1,0.4741908311843872
176,1,1,1,0.38398951292037964
177,1,1,1,0.37593162059783936
178,1,1,1,0.4390794634819031
179,1,1,1,0.7535233497619629
180,1,1,1,0.17772191762924194
181,1,1,1,0.5202635526657104
182,1,1,1,0.3288141191005707
183,1,1,1,0.25058263540267944
184,1,0,0,0.39800384640693665
185,1,1,1,0.18721604347229004
186,1,1,1,0.4738123416900635
187,1,1,1,0.5213656425476074
188,1,1,1,0.35836270451545715
189,1,1,1,0.2473163604736328
190,1,0,0,0.828687846660614
191,1,1,1,0.6203381419181824
192,1,1,1,0.6999534964561462
193,1,1,1,0.3545818328857422
194,1,1,1,0.28856927156448364
195,1,1,1,0.7031977772712708
196,1,1,1,0.7008812427520752
197,1,1,1,0.5140309929847717
198,1,1,1,0.3173068165779114
199,1,1,1,0.5532889366149902
200,1,1,1,0.44506075978279114
201,1,1,1,0.6531093120574951
202,1,1,1,0.8685237765312195
203,1,1,1,0.16283003985881805
204,1,1,1,0.21709537506103516
205,1,1,1,0.8310673236846924
206,1,1,1,0.3814331293106079
207,1,0,0,0.2679797112941742
208,1,1,1,0.2457408905029297
209,1,1,1,0.6465981006622314
210,1,0,0,0.290417343378067
211,1,1,1,0.4501049220561981
212,1,1,1,0.3645610511302948
213,1,1,1,0.5747514963150024
214,1,1,1,0.2959555685520172
215,1,0,0,0.3539925813674927
216,1,1,1,0.9487704038619995
217,1,0,0,0.26884859800338745
218,1,1,1,0.4278053641319275
219,1,1,1,0.2151910364627838
220,1,0,0,0.33238571882247925
221,1,1,1,0.25026798248291016
222,1,0,0,0.4120306968688965
223,1,1,1,0.27233582735061646
224,1,0,0,0.3265727758407593
225,1,0,0,0.32315024733543396
226,1,1,1,0.8464104533195496
227,1,1,1,0.46857717633247375
228,1,1,1,0.7936258912086487
229,1,1,1,0.7411385178565979
230,1,1,1,0.3613378405570984
231,1,1,1,0.42258062958717346
232,1,1,1,0.236776202917099
233,1,1,1,0.39906540513038635
234,1,1,1,0.3270699977874756
235,1,1,1,0.25893068313598633
236,1,1,1,0.5604657530784607
237,1,1,1,0.15995115041732788
238,1,1,1,0.7336699962615967
239,1,1,1,0.5443925857543945
240,1,1,1,0.3265925943851471
241,1,1,1,0.4622575640678406
242,1,1,1,0.5946893692016602
243,1,1,1,0.9818519353866577
244,1,1,1,0.7266457080841064
245,1,1,1,0.3159846067428589
246,1,1,1,0.5817987322807312
247,1,1,1,0.7132284045219421
248,1,1,1,0.37003159523010254
249,1,1,1,0.5154980421066284
250,1,1,1,0.46143653988838196
251,1,1,1,1.1096093654632568
252,1,1,1,0.5428330302238464
253,1,1,1,0.8519266843795776
254,1,1,1,0.7125014066696167
255,0,1,0,0.9270329475402832
256,1,1,1,0.5967729687690735
257,1,1,1,0.6593105792999268
258,1,1,1,0.524429202079773
259,1,1,1,0.35258299112319946
260,1,1,1,0.2799310088157654
261,1,1,1,0.2423633337020874
262,1,1,1,0.5952391624450684
263,1,1,1,0.436536967754364
264,1,1,1,0.33850014209747314
265,1,0,0,0.37949761748313904
266,1,0,0,0.3213447630405426
267,1,1,1,0.31012094020843506
268,1,1,1,0.6071482300758362
269,1,1,1,0.34470754861831665
270,1,1,1,0.43180572986602783
271,1,1,1,0.9336460828781128
272,1,1,1,0.8623337745666504
273,1,0,0,0.6167068481445312
274,1,0,0,0.46977490186691284
275,1,1,1,0.37654101848602295
276,1,0,0,0.25031134486198425
277,1,1,1,0.4936180114746094
278,1,1,1,0.3091454803943634
279,1,1,1,0.6384163498878479
280,1,1,1,1.0014699697494507
281,1,1,1,0.8832613825798035
282,1,0,0,0.3751998543739319
283,1,1,1,0.4424920082092285
284,1,1,1,0.23756614327430725
285,1,1,1,0.6375206112861633
286,1,1,1,1.0153580904006958
287,1,1,1,0.6753246784210205
288,1,1,1,0.48865294456481934
289,1,1,1,0.5757262706756592
290,1,1,1,0.24695861339569092
291,1,1,1,0.6020820140838623
292,1,1,1,0.3488260507583618
293,1,1,1,0.5132066011428833
294,1,1,1,0.17296187579631805
295,1,1,1,0.5165889263153076
296,1,1,1,0.7940835356712341
297,1,1,1,1.0327008962631226
298,1,1,1,1.1477903127670288
299,1,1,1,0.2849610447883606
300,1,1,1,0.67446368932724
301,1,1,1,0.6166120767593384
302,1,1,1,0.49618595838546753
303,1,1,1,0.29893869161605835
304,1,0,0,0.24696235358715057
305,1,1,1,0.3899088501930237
306,1,1,1,0.8476074934005737
307,1,0,0,0.4131089448928833
308,1,1,1,0.47517043352127075
309,1,1,1,0.278083860874176
310,1,1,1,0.5932939052581787
311,1,1,1,0.5498495101928711
312,1,1,1,0.2789522111415863
313,1,1,1,0.5301017165184021
314,1,1,1,0.21513420343399048
315,1,1,1,0.9368804693222046
316,1,1,1,0.8536549806594849
317,1,1,1,0.384551078081131
318,1,0,0,0.14121297001838684
319,1,1,1,0.7005032896995544
320,1,1,1,0.3201572299003601
321,1,0,0,0.2117777019739151
322,1,0,0,0.30926090478897095
323,1,1,1,0.8605006337165833
324,1,1,1,0.9682464599609375
325,1,1,1,0.4437118470668793
326,1,1,1,0.48686981201171875
327,1,1,1,0.4080846905708313
328,1,0,0,0.5862303972244263
329,1,1,1,0.42995119094848633
330,1,1,1,0.8222061395645142
331,1,1,1,0.33720386028289795
332,1,1,1,0.7139791250228882
333,1,1,1,0.3030858635902405
334,1,1,1,0.5433654189109802
335,1,1,1,0.19424116611480713
336,1,0,0,1.572147011756897
337,1,1,1,0.4515605568885803
338,1,0,0,0.9500374794006348
339,1,1,1,0.16123414039611816
340,1,1,1,0.2864322364330292
341,1,1,1,0.8215824365615845
342,1,0,0,0.420040100812912
343,1,1,1,0.3791056275367737
344,1,1,1,0.8426074385643005
345,1,1,1,0.9716321229934692
346,1,1,1,0.8548232316970825
347,1,1,1,0.3796777129173279
348,1,0,0,0.4828372597694397
349,1,1,1,0.8945624828338623
350,1,1,1,0.2571241855621338
351,1,1,1,0.5447299480438232
352,1,1,1,0.5498491525650024
353,1,0,0,0.18042953312397003
354,1,1,1,0.29157114028930664
355,1,0,0,0.6662011742591858
356,1,0,0,0.35268858075141907
357,1,1,1,0.6811726093292236
358,1,1,1,0.7048915028572083
359,1,1,1,0.7582130432128906
360,1,1,1,0.8053814172744751
361,1,1,1,0.4988739490509033
362,1,1,1,0.5454488396644592
363,1,1,1,0.3434985876083374
364,1,1,1,0.39139431715011597
365,1,1,1,1.0114083290100098
366,1,1,1,0.7015379071235657
367,1,1,1,1.1230801343917847
368,1,1,1,0.8064980506896973
369,1,1,1,0.6120383143424988
370,1,1,1,1.029107928276062
371,1,1,1,0.9765579700469971
372,1,1,1,0.3222448527812958
373,1,1,1,1.2229084968566895
374,1,1,1,1.0492500066757202
375,1,1,1,0.7743765115737915
376,1,1,1,0.7932955622673035
377,1,1,1,0.5088841319084167
378,1,0,0,0.5644797086715698
379,1,1,1,0.9088702201843262
380,1,0,0,0.3383384346961975
381,1,0,0,0.2242865115404129
382,1,0,0,0.662253737449646
383,1,1,1,0.6236724853515625
384,1,1,1,0.8279364109039307
385,1,1,1,0.4810481071472168
386,1,1,1,0.5540148019790649
387,1,0,0,0.27535003423690796
388,1,1,1,0.9113702774047852
389,1,1,1,0.7825819253921509
390,1,0,0,0.7355093359947205
391,1,1,1,0.408491849899292
392,1,1,1,0.7490389943122864
393,1,1,1,0.8190439343452454
394,1,1,1,0.8631805777549744
395,1,1,1,0.8318275213241577
396,1,1,1,0.7087963819503784
397,1,1,1,0.8293898105621338
398,1,1,1,0.9531657099723816
399,1,1,1,0.698718786239624
400,1,1,1,0.48357492685317993
401,1,1,1,0.989946722984314
402,1,1,1,0.6928553581237793
403,1,1,1,1.009041666984558
404,1,1,1,0.544269323348999
405,1,1,1,0.7314422130584717
406,1,0,0,0.4882282018661499
407,1,1,1,0.8252320885658264
408,1,1,1,0.22873789072036743
409,1,1,1,0.37753161787986755
410,1,1,1,0.9890438318252563
411,1,0,0,0.9657411575317383
412,1,1,1,0.8575965166091919
413,1,1,1,0.9928220510482788
414,1,0,0,0.3028537631034851
415,1,1,1,0.6857966184616089
416,1,1,1,0.4676218032836914
417,1,1,1,0.30571097135543823
418,1,1,1,0.4649111032485962
419,1,1,1,0.4441739320755005
420,1,1,1,0.9893689155578613
421,1,1,1,0.5095294713973999
422,1,1,1,0.568960428237915
423,1,1,1,0.6388359069824219
424,1,1,1,0.9322601556777954
425,1,1,1,0.43054646253585815
426,1,1,1,0.6145741939544678
427,1,1,1,0.616901159286499
428,1,1,1,0.5383446216583252
429,1,1,1,0.39941614866256714
430,1,1,1,0.6798343658447266
431,1,1,1,0.982675313949585
432,1,1,1,0.5592716932296753
433,1,1,1,0.33067888021469116
434,1,1,1,0.7002598643302917
435,1,1,1,1.0121630430221558
436,1,1,1,0.8311316967010498
437,1,1,1,0.2573564648628235
438,1,1,1,0.8331255912780762
439,1,1,1,0.6382696032524109
440,1,1,1,0.9650824069976807
441,1,1,1,0.2706383466720581
442,1,1,1,0.9784566164016724
443,1,1,1,0.9240931272506714
444,1,1,1,0.5934596061706543
445,1,1,1,0.9030399322509766
446,1,1,1,0.961667537689209
447,1,1,1,0.384660542011261
448,1,1,1,0.48828721046447754
449,1,1,1,0.4602298140525818
450,1,0,0,0.2791800796985626
451,1,1,1,0.6242634057998657
452,1,1,1,0.4382430911064148
453,1,1,1,0.3035632073879242
454,1,1,1,0.7798161506652832
455,1,1,1,0.2122664451599121
456,1,1,1,0.38073426485061646
457,1,1,1,0.3734740614891052
458,1,1,1,0.9407138228416443
459,1,1,1,0.3758874535560608
460,1,1,1,0.46876367926597595
461,1,1,1,0.38651591539382935
462,1,1,1,0.6885026693344116
463,1,0,0,0.6764500141143799
464,1,1,1,0.56736159324646
465,1,1,1,0.7216204404830933
466,1,1,1,0.8389119505882263
467,1,1,1,0.5873681306838989
468,1,0,0,0.16872180998325348
469,1,1,1,0.9833803176879883
470,1,1,1,0.9135894775390625
471,1,0,0,0.44841670989990234
472,1,1,1,0.2838318347930908
473,1,1,1,0.881622850894928
474,1,1,1,0.802992582321167
475,1,1,1,0.5376253724098206
476,1,1,1,0.8235788345336914
477,1,1,1,1.004744291305542
478,1,1,1,1.0236884355545044
479,1,1,1,0.7769161462783813
480,1,1,1,0.8831231594085693
481,1,1,1,0.9188272953033447
482,1,1,1,0.39704376459121704
483,1,1,1,0.9307233095169067
484,1,1,1,0.8832154870033264
485,1,1,1,0.9404174089431763
486,1,1,1,0.8546492457389832
487,1,1,1,0.9243851900100708
488,1,1,1,0.2580277919769287
489,1,0,0,0.4200134873390198
490,1,1,1,0.9200708270072937
491,1,0,0,0.4354481101036072
492,1,1,1,0.9177800416946411
493,1,1,1,0.9223281145095825
494,1,1,1,0.32079339027404785
495,1,1,1,0.9443644285202026
496,1,1,1,0.9903985261917114
497,1,1,1,0.9790033102035522
498,1,1,1,0.8925102949142456
499,1,1,1,0.8178521394729614
500,1,1,1,0.7458844780921936
501,1,1,1,0.9592324495315552
502,1,1,1,0.8652732372283936
503,1,1,1,0.8748947381973267
504,1,1,1,0.8684291839599609
505,1,0,0,0.4379463195800781
506,1,0,0,0.29002055525779724
507,1,1,1,0.8280653953552246
508,1,1,1,0.5019035339355469
509,1,0,0,0.26078057289123535
510,1,1,1,0.728291392326355
511,1,0,0,0.32399845123291016
512,1,1,1,0.7883167266845703
513,1,1,1,0.6890863180160522
514,1,0,0,0.5436805486679077
515,1,1,1,0.7499902844429016
516,1,1,1,0.9687104821205139
517,1,1,1,0.6954331994056702
518,1,0,0,0.2728067636489868
519,1,1,1,0.9295881986618042
520,1,1,1,0.7788949012756348
521,1,1,1,1.0276936292648315
522,1,1,1,0.8781155943870544
523,1,1,1,0.8013654947280884
524,1,1,1,0.6011500358581543
525,1,1,1,0.66664719581604
526,1,0,0,0.23923449218273163
527,1,1,1,0.4682985544204712
528,1,1,1,0.5144160985946655
529,1,0,0,1.185059666633606
530,1,1,1,1.2424677610397339
531,1,1,1,0.6706720590591431
532,1,1,1,0.46766674518585205
533,1,0,0,0.5193323493003845
534,1,1,1,0.5242816209793091
535,1,1,1,0.6970897912979126
536,1,1,1,1.075590968132019
537,1,1,1,0.7146269083023071
538,1,1,1,0.49562013149261475
539,1,0,0,0.5749603509902954
540,1,1,1,0.6161941289901733
541,1,1,1,0.41425007581710815
542,1,1,1,0.31172776222229004
543,1,1,1,0.4556352496147156
544,1,1,1,0.8080947399139404
545,1,1,1,1.0442824363708496
546,1,0,0,0.630381166934967
547,1,1,1,0.577477216720581
548,1,1,1,0.35228103399276733
549,1,0,0,1.5592743158340454
550,1,1,1,0.40315181016921997
551,1,1,1,0.3063690662384033
552,1,1,1,0.2642228901386261
553,1,1,1,0.6193888783454895
554,1,1,1,0.37046316266059875
555,1,1,1,0.8770729303359985
556,1,1,1,1.0231804847717285
557,1,1,1,1.2472965717315674
558,1,1,1,1.2960339784622192
559,1,1,1,0.48763519525527954
560,1,1,1,0.40931278467178345
561,1,1,1,0.9535102248191833
562,1,1,1,0.21466808021068573
563,1,1,1,1.2966934442520142
564,1,1,1,0.727877140045166
565,1,1,1,0.9612151384353638
566,1,1,1,1.314039707183838
567,1,1,1,1.1246699094772339
568,1,1,1,0.5459127426147461
569,1,1,1,0.49131345748901367
570,1,0,0,0.24776318669319153
571,1,0,0,0.5588439702987671
572,1,0,0,0.2647443115711212
573,1,1,1,0.5363327264785767
574,1,1,1,0.43558958172798157
575,1,1,1,0.230287104845047
576,1,1,1,0.9828232526779175
577,1,0,0,0.3352912366390228
578,1,1,1,0.6458795666694641
579,1,1,1,1.0207873582839966
580,1,1,1,0.6686433553695679
581,1,1,1,0.18213492631912231
582,1,1,1,0.47400474548339844
583,1,1,1,0.7926316261291504
584,1,0,0,0.18520313501358032
585,1,0,0,0.3045284152030945
586,1,1,1,0.34632694721221924
587,1,1,1,0.9755128622055054
588,1,1,1,0.8963761925697327
589,1,1,1,0.41518494486808777
590,1,1,1,0.6608017683029175
591,1,0,0,0.28110963106155396
592,1,1,1,0.6464763879776001
593,1,1,1,0.5039657354354858
594,1,1,1,0.572508692741394
595,1,1,1,0.5903151035308838
596,1,1,1,0.751923143863678
597,1,1,1,0.4297281503677368
598,1,1,1,0.16432176530361176
599,1,1,1,0.7792789936065674
600,1,1,1,0.4908028244972229
601,1,1,1,0.6938014030456543
602,1,1,1,0.505195677280426
603,1,1,1,0.9135018587112427
604,1,1,1,0.2525860071182251
605,1,0,0,0.18015871942043304
606,1,1,1,0.7258542776107788
607,1,1,1,0.9717077016830444
608,1,1,1,0.3645482659339905
609,1,1,1,0.6391757726669312
610,1,0,0,0.41893863677978516
611,1,1,1,0.8150226473808289
612,1,1,1,0.6425592303276062
613,1,1,1,0.7479127645492554
614,1,1,1,0.6289113759994507
615,1,1,1,0.5646454095840454
616,1,1,1,0.6833800077438354
617,1,1,1,0.46688172221183777
618,1,1,1,0.8385091423988342
619,1,1,1,0.5562161803245544
620,1,1,1,0.3805995285511017
621,1,1,1,0.5206708908081055
622,1,1,1,0.382220596075058
623,1,1,1,1.0964146852493286
624,1,1,1,0.4524790346622467
625,1,1,1,0.44405242800712585
626,1,1,1,1.0662959814071655
627,1,1,1,0.363980233669281
628,1,1,1,0.45855334401130676
629,1,1,1,0.33103877305984497
630,1,1,1,0.5244191288948059
631,1,1,1,0.2856539487838745
632,1,1,1,0.7976778745651245
633,1,1,1,0.69989013671875
634,1,0,0,0.9437475800514221
635,1,1,1,0.3259682357311249
636,1,1,1,0.5186456441879272
637,1,1,1,0.5699989199638367
638,1,1,1,0.5958019495010376
639,1,1,1,0.28518906235694885
640,1,1,1,0.4892166256904602
641,1,1,1,1.1452091932296753
642,1,1,1,0.7212418913841248
643,1,1,1,0.6332285404205322
644,1,1,1,0.28595709800720215
645,1,1,1,0.4764609932899475
646,1,1,1,0.7518256902694702
647,1,1,1,0.6320586204528809
648,1,1,1,0.5829312801361084
649,1,1,1,0.530553936958313
650,1,1,1,0.46850961446762085
651,1,1,1,0.4434397220611572
652,1,1,1,0.18368545174598694
653,1,0,0,0.1997501254081726
654,1,1,1,0.2636464536190033
655,1,0,0,0.3147110342979431
656,1,1,1,0.620336651802063
657,1,1,1,0.21179643273353577
658,1,0,0,0.27697157859802246
659,1,1,1,0.3364216685295105
660,1,0,0,0.40760737657546997
661,1,0,0,0.40040522813796997
662,1,0,0,0.56791752576828
663,1,1,1,0.5254499912261963
664,1,0,0,0.21831032633781433
665,1,1,1,1.0531853437423706
666,1,1,1,0.5558470487594604
667,1,0,0,0.6016725301742554
668,1,1,1,0.6963507533073425
669,1,1,1,0.8747062087059021
670,1,0,0,0.6648440361022949
671,1,1,1,0.3897213339805603
672,1,1,1,0.30074575543403625
673,1,1,1,0.3992953300476074
674,1,1,1,0.751334011554718
675,1,1,1,0.7299854755401611
676,1,1,1,0.28696978092193604
677,1,1,1,0.8085520267486572
678,1,1,1,0.3569616973400116
679,1,0,0,0.2873552441596985
680,1,1,1,0.5448817014694214
681,1,1,1,0.7778248190879822
682,1,1,1,0.5792389512062073
683,1,1,1,0.9145944714546204
684,1,1,1,0.9243302941322327
685,1,1,1,0.9210785627365112
686,1,1,1,0.7433792948722839
687,1,1,1,0.7372064590454102
688,1,1,1,0.7876824140548706
689,1,1,1,0.4990856647491455
690,1,1,1,0.3118392825126648
691,1,0,0,0.20641058683395386
692,1,1,1,0.8589112758636475
693,1,0,0,0.5408791303634644
694,1,1,1,0.19132903218269348
695,1,0,0,0.7926735877990723
696,1,0,0,1.2073010206222534
697,1,1,1,0.43287044763565063
698,1,1,1,1.1424793004989624
699,1,0,0,0.21847815811634064
700,1,0,0,1.1352242231369019
701,1,0,0,0.37053152918815613
702,1,0,0,0.3347042202949524
703,1,0,0,0.898396372795105
704,1,0,0,0.9231164455413818
705,1,0,0,0.7115405797958374
706,1,0,0,1.0070042610168457
707,1,0,0,0.8791501522064209
708,1,1,1,0.6715932488441467
709,1,1,1,0.5376893281936646
710,1,0,0,1.2265174388885498
711,1,1,1,1.042624592781067
712,1,1,1,0.5582109093666077
713,1,1,1,0.43121814727783203
714,1,1,1,0.9898742437362671
715,1,1,1,0.4679751992225647
716,1,1,1,0.7190784215927124
717,1,1,1,0.686472475528717
718,1,1,1,0.6979447603225708
719,1,0,0,0.3102627396583557
720,1,1,1,0.1906452178955078
721,1,0,0,0.918921172618866
722,1,1,1,0.8196524977684021
723,1,1,1,0.45636826753616333
724,1,1,1,0.8285659551620483
725,1,1,1,0.6156269907951355
726,1,1,1,0.990118145942688
727,1,1,1,0.38248395919799805
728,1,0,0,0.19631658494472504
729,1,1,1,0.5805513858795166
730,1,1,1,0.4467328190803528
731,1,1,1,0.4654744565486908
732,1,1,1,0.24759548902511597
733,1,1,1,0.24412694573402405
734,1,1,1,1.0570307970046997
735,1,1,1,0.5570975542068481
736,1,1,1,0.5514709949493408
737,1,1,1,0.3160138726234436
738,1,1,1,0.780174732208252
739,1,1,1,0.3392317295074463
740,1,1,1,0.6781517267227173
741,1,1,1,0.6174020767211914
742,1,1,1,0.2725704312324524
743,1,1,1,0.6828798055648804
744,1,1,1,0.6238831877708435
745,1,1,1,0.4681294858455658
746,1,1,1,0.4659402668476105
747,1,1,1,0.5530709028244019
748,1,1,1,0.8057477474212646
749,1,1,1,0.9464014172554016
750,1,1,1,1.1219054460525513
751,1,1,1,1.2488106489181519
752,1,1,1,1.062752366065979
753,1,1,1,1.0389615297317505
754,1,1,1,0.24766305088996887
755,1,1,1,0.25744739174842834
756,1,1,1,0.6444176435470581
757,1,1,1,0.8386139869689941
758,1,1,1,0.3383539319038391
759,1,1,1,0.7487008571624756
760,1,1,1,0.4956200122833252
761,1,1,1,0.2613977789878845
762,1,1,1,0.7520891427993774
763,1,1,1,0.8348171710968018
764,1,1,1,0.3273458480834961
765,1,1,1,1.057564377784729
766,1,0,0,1.0992215871810913
767,1,1,1,0.22957932949066162
768,1,1,1,0.39925670623779297
769,1,0,0,0.2971823811531067
770,1,0,0,0.3218890428543091
771,1,0,0,0.8292301297187805
772,1,1,1,0.23318886756896973
773,1,0,0,0.40065544843673706
774,1,1,1,0.8855611681938171
775,1,0,0,0.6636369228363037
776,1,1,1,0.19847485423088074
777,1,0,0,0.25238344073295593
778,1,0,0,0.5241097211837769
779,1,1,1,0.9069786071777344
780,1,1,1,0.2953476309776306
781,1,1,1,0.16698358952999115
782,1,0,0,0.21765300631523132
783,1,1,1,0.901180624961853
784,1,0,0,0.6344659924507141
785,1,0,0,0.35887056589126587
786,1,1,1,0.3531866669654846
787,1,0,0,0.309188574552536
788,1,1,1,0.2569342851638794
789,1,0,0,0.20407113432884216
790,1,0,0,0.3968714475631714
791,1,0,0,0.26666343212127686
792,1,1,1,0.6324467062950134
793,1,1,1,0.4130425751209259
794,1,0,0,0.7497255206108093
795,1,1,1,0.6139052510261536
796,1,1,1,0.5092851519584656
797,1,1,1,0.2854118347167969
798,1,1,1,0.6754209995269775
799,1,1,1,0.6122403144836426
800,1,0,0,0.8186684846878052
801,1,1,1,0.5328612327575684
802,1,0,0,0.19327302277088165
803,1,1,1,0.9303199052810669
804,1,1,1,0.37389492988586426
805,1,1,1,0.34571683406829834
806,1,1,1,0.4774705767631531
807,1,0,0,0.41862577199935913
808,1,0,0,0.36122071743011475
809,1,0,0,0.6308348178863525
810,1,1,1,0.21630141139030457
811,1,0,0,1.0316205024719238
812,1,0,0,0.5659360885620117
813,1,0,0,1.3853521347045898
814,1,0,0,0.7651878595352173
815,1,0,0,0.5031965970993042
816,1,1,1,0.34214434027671814
817,1,0,0,0.5311610698699951
818,1,0,0,0.533893346786499
819,1,1,1,0.7754164338111877
820,1,0,0,0.30797603726387024
821,1,1,1,0.7710281610488892
822,1,1,1,0.2422793209552765
823,1,1,1,0.6915839910507202
824,1,1,1,0.5551050901412964
825,1,1,1,0.5076717138290405
826,1,1,1,0.6990662217140198
827,1,1,1,0.3381907343864441
828,1,1,1,0.5680495500564575
829,1,1,1,0.7088977694511414
830,1,1,1,0.631179690361023
831,1,1,1,0.657325029373169
832,1,1,1,0.8655657768249512
833,1,1,1,0.7017069458961487
834,1,1,1,0.39607006311416626
835,1,1,1,0.5748133659362793
836,1,1,1,0.4958452582359314
837,1,1,1,0.556325376033783
838,1,1,1,0.6322016716003418
839,1,1,1,0.7974307537078857
840,1,1,1,0.36641067266464233
841,1,1,1,0.8249294757843018
842,1,1,1,0.45548245310783386
843,1,1,1,0.5030269622802734
844,1,1,1,0.40922486782073975
845,1,1,1,0.5173167586326599
846,1,1,1,0.30439281463623047
847,1,1,1,0.3666929602622986
848,1,0,0,0.3808835446834564
849,1,1,1,0.5170503258705139
850,1,1,1,1.0740574598312378
851,1,1,1,0.9693364500999451
852,1,1,1,1.0624665021896362
853,1,1,1,0.8283606767654419
854,1,1,1,0.46028417348861694
855,1,0,0,0.42892271280288696
856,1,0,0,0.7220150828361511
857,1,0,0,0.39890721440315247
858,1,1,1,0.3574305474758148
859,1,1,1,0.3568585216999054
860,1,1,1,0.28769946098327637
861,1,1,1,0.44609081745147705
862,1,1,1,0.2979353070259094
863,1,1,1,0.48270106315612793
864,1,0,0,0.3554803729057312
865,1,1,1,0.39052048325538635
866,1,1,1,0.8768976330757141
867,1,1,1,0.8203984498977661
868,1,1,1,0.7296842336654663
869,1,0,0,0.7533741593360901
870,1,1,1,0.5056599378585815
871,1,1,1,0.6683523654937744
872,1,1,1,0.729722261428833
873,1,1,1,0.9970159530639648
874,1,1,1,0.6319932341575623
875,1,1,1,0.6806049942970276
876,1,0,0,0.6875549554824829
877,1,1,1,0.8418934345245361
878,1,1,1,0.6823019981384277
879,1,1,1,0.5784169435501099
880,1,1,1,0.4742274880409241
881,1,1,1,0.6345677971839905
882,1,0,0,0.5332897901535034
883,1,1,1,0.5641539692878723
884,1,0,0,0.5608246326446533
885,1,0,0,1.229840874671936
886,1,1,1,0.800259530544281
887,1,0,0,0.6715014576911926
888,1,0,0,0.5605698823928833
889,1,1,1,0.34528329968452454
890,1,1,1,0.6500667333602905
891,1,1,1,0.35289180278778076
892,1,1,1,0.7396954298019409
893,1,1,1,0.5954607725143433
894,1,1,1,0.38747477531433105
895,0,1,0,0.5212013125419617
896,1,1,1,0.9593061208724976
897,1,1,1,0.477108359336853
898,1,1,1,1.10969877243042
899,1,0,0,0.32366737723350525
900,1,0,0,0.34938013553619385
901,1,1,1,0.5399065613746643
902,1,1,1,0.4288971722126007
903,1,1,1,0.4514578878879547
904,1,1,1,0.7616069316864014
905,1,1,1,0.48101502656936646
906,1,1,1,0.36250078678131104
907,1,1,1,0.9772161245346069
908,1,0,0,0.4099839925765991
909,1,0,0,0.8906488418579102
910,1,0,0,0.6581430435180664
911,1,1,1,0.3625633120536804
912,1,1,1,0.4039190411567688
913,1,1,1,0.36852920055389404
914,1,1,1,0.3257085978984833
915,1,0,0,0.5369395613670349
916,1,1,1,0.47972023487091064
917,1,0,0,0.3293936252593994
918,1,0,0,0.7598705291748047
919,1,0,0,0.2133357971906662
920,1,1,1,0.7440396547317505
921,1,1,1,0.36426904797554016
922,1,1,1,0.39240598678588867
923,1,1,1,1.2281957864761353
924,1,1,1,0.5200048685073853
925,1,1,1,0.6568395495414734
926,1,1,1,0.25379353761672974
927,1,0,0,1.3736467361450195
928,1,0,0,0.2567210793495178
929,1,1,1,0.6953448057174683
930,1,1,1,1.1577852964401245
931,1,1,1,0.8077453374862671
932,1,1,1,0.48442840576171875
933,1,0,0,0.32575708627700806
934,1,1,1,0.17206032574176788
935,1,0,0,0.5216635465621948
936,1,1,1,0.41815680265426636
937,1,0,0,0.6809528470039368
938,1,0,0,0.6790751218795776
939,1,1,1,0.37970250844955444
940,1,0,0,0.7227672934532166
941,1,0,0,1.2839958667755127
942,1,1,1,0.30112868547439575
943,1,1,1,0.2630266547203064
944,1,0,0,0.22811999917030334
945,1,0,0,0.40920859575271606
946,1,0,0,0.22790642082691193
947,1,1,1,0.3975912928581238
948,1,1,1,0.729314923286438
949,1,0,0,0.4934886693954468
950,0,0,1,0.1771911233663559
951,1,0,0,0.705857515335083
952,1,1,1,0.7276329398155212
953,1,0,0,0.24455292522907257
954,1,1,1,0.43823152780532837
955,1,1,1,0.3882467746734619
956,1,1,1,0.5974670052528381
957,1,1,1,0.5514104962348938
958,1,1,1,0.8985459804534912
959,1,1,1,0.4096660912036896
960,1,1,1,0.47959935665130615
961,1,0,0,0.4703559875488281
962,1,1,1,0.9328087568283081
963,1,1,1,0.2525600790977478
964,1,0,0,0.3435910642147064
965,1,0,0,0.23582516610622406
966,1,1,1,0.35993069410324097
967,1,1,1,0.45635777711868286
968,1,1,1,0.4119929373264313
969,1,0,0,0.6957592368125916
970,1,0,0,0.9101192951202393
971,1,1,1,0.7380132675170898
972,1,1,1,0.37362954020500183
973,1,0,0,1.1981823444366455
974,1,0,0,0.7959834337234497
975,1,1,1,0.5344457626342773
976,1,1,1,0.5050210952758789
977,1,0,0,0.32389014959335327
978,1,1,1,0.17610183358192444
979,1,0,0,0.5995403528213501
980,1,1,1,1.0601835250854492
981,1,1,1,1.0616792440414429
982,1,1,1,0.5321425199508667
983,1,0,0,1.0709952116012573
984,1,0,0,1.0168921947479248
985,1,1,1,0.5453475713729858
986,1,0,0,0.315818190574646
987,1,1,1,0.7504242658615112
988,1,0,0,1.0907537937164307
989,1,1,1,0.1694614589214325
990,1,1,1,0.2211395502090454
991,1,1,1,0.7339050769805908
992,1,1,1,0.32669591903686523
993,1,1,1,0.20546288788318634
994,1,1,1,0.5741840600967407
995,0,0,1,1.8863472938537598
996,0,0,1,1.377660870552063
997,0,0,1,2.004364013671875
998,0,0,1,2.0408244132995605
999,0,0,1,1.647828459739685
1000,0,0,1,1.9150673151016235
1001,0,1,0,0.292116641998291
1002,0,0,1,2.044276714324951
1003,0,0,1,1.4826346635818481
1004,0,0,1,1.4792560338974
1005,0,0,1,1.233467936515808
1006,0,1,0,0.34123045206069946
1007,0,0,1,1.14398992061615
1008,0,0,1,1.4098185300827026
1009,0,0,1,2.2587783336639404
1010,0,0,1,1.9983720779418945
1011,0,0,1,0.6514309048652649
1012,0,1,0,0.4784581661224365
1013,0,0,1,0.8784498572349548
1014,0,0,1,0.912483811378479
1015,0,1,0,1.0068845748901367
1016,0,0,1,0.5227258205413818
1017,0,0,1,1.8807801008224487
1018,0,0,1,1.2301241159439087
1019,0,0,1,1.9229450225830078
1020,0,0,1,1.3611091375350952
1021,0,0,1,1.5879682302474976
1022,0,0,1,1.7385984659194946
1023,0,0,1,1.1014432907104492
1024,0,0,1,2.0497231483459473
1025,0,0,1,1.8374778032302856
1026,0,0,1,1.4214469194412231
1027,0,0,1,0.46575140953063965
1028,0,0,1,2.0190510749816895
1029,0,0,1,0.39757418632507324
1030,0,0,1,2.002596139907837
1031,0,0,1,1.4067116975784302
1032,0,0,1,1.314876914024353
1033,0,0,1,1.9837411642074585
1034,0,0,1,1.113213062286377
1035,0,0,1,1.4751399755477905
1036,0,0,1,1.6064778566360474
1037,0,0,1,1.3481171131134033
1038,0,0,1,0.5009050369262695
1039,0,0,1,1.5044665336608887
1040,0,0,1,1.5755199193954468
1041,0,0,1,1.207457423210144
1042,0,0,1,1.9845819473266602
1043,0,0,1,2.0086400508880615
1044,0,0,1,1.8711882829666138
1045,0,0,1,1.3560670614242554
1046,0,0,1,1.5770636796951294
1047,0,0,1,1.5141326189041138
1048,0,0,1,0.7089029550552368
1049,0,0,1,1.5169813632965088
1050,0,0,1,1.2659810781478882
1051,0,0,1,1.8114763498306274
1052,0,0,1,1.329180121421814
1053,0,0,1,1.274930715560913
1054,0,0,1,1.5541168451309204
1055,0,0,1,1.446010708808899
1056,0,0,1,1.7970880270004272
1057,0,0,1,1.5198243856430054
1058,0,0,1,0.9143177270889282
1059,0,0,1,1.8255093097686768
1060,0,0,1,1.6253525018692017
1061,0,0,1,1.0741418600082397
1062,0,0,1,1.9385236501693726
1063,0,0,1,1.5820883512496948
1064,0,0,1,1.4523119926452637
1065,0,0,1,0.5254178047180176
1066,0,0,1,0.42779767513275146
1067,0,0,1,1.7532459497451782
1068,0,0,1,1.597082495689392
1069,0,0,1,1.1276272535324097
1070,0,0,1,1.7070759534835815
1071,0,0,1,1.1558866500854492
1072,0,0,1,1.527502179145813
1073,0,0,1,1.058674693107605
1074,0,0,1,0.3612488806247711
1075,0,0,1,1.5513049364089966
1076,0,0,1,0.3617178499698639
1077,0,0,1,1.3502620458602905
1078,0,0,1,1.6089156866073608
1079,0,0,1,1.4242379665374756
1080,0,0,1,1.8074557781219482
1081,0,0,1,1.5322978496551514
1082,0,0,1,1.120822548866272
1083,0,0,1,1.629281759262085
1084,0,0,1,0.816273033618927
1085,0,0,1,0.38626307249069214
1086,0,0,1,1.2739936113357544
1087,0,0,1,1.3572379350662231
1088,0,1,0,0.307786762714386
1089,0,0,1,1.3572461605072021
1090,0,0,1,1.8423433303833008
1091,0,0,1,1.0092703104019165
1092,0,0,1,2.1291403770446777
1093,0,0,1,1.2370837926864624
1094,0,0,1,0.5842004418373108
1095,0,0,1,2.0465505123138428
1096,0,0,1,2.029822587966919
1097,0,0,1,1.041814923286438
1098,0,0,1,1.741064429283142
1099,0,0,1,1.9806199073791504
1100,0,0,1,1.6384183168411255
1101,0,0,1,0.8059828281402588
1102,0,0,1,2.0780227184295654
1103,0,0,1,1.9040247201919556
1104,0,0,1,0.4636591970920563
1105,0,0,1,1.8596125841140747
1106,0,0,1,0.5688810348510742
1107,0,0,1,0.5933054089546204
1108,0,0,1,1.6560389995574951
1109,0,0,1,1.0719588994979858
1110,0,0,1,0.8606876134872437
1111,0,0,1,1.8571542501449585
1112,0,0,1,1.3321985006332397
1113,0,0,1,1.8349095582962036
1114,0,0,1,1.3140045404434204
1115,0,0,1,0.6860778331756592
1116,0,0,1,0.42704883217811584
1117,0,0,1,0.8765934705734253
1118,0,0,1,1.2640814781188965
1119,0,0,1,1.2877922058105469
1120,0,1,0,1.0536929368972778
1121,0,0,1,0.6444211006164551
1122,0,0,1,0.7054398655891418
1123,0,0,1,0.7325007319450378
1124,0,0,1,2.1021006107330322
1125,0,0,1,1.0330164432525635
1126,0,0,1,1.5182939767837524
1127,0,0,1,2.042081832885742
1128,0,0,1,0.8847735524177551
1129,0,0,1,1.4832403659820557
1130,0,0,1,1.296204686164856
1131,0,0,1,1.0120211839675903
1132,0,0,1,0.5100505948066711
1133,0,0,1,0.9604642987251282
1134,0,0,1,1.2230498790740967
1135,0,0,1,1.704032063484192
1136,0,0,1,0.7313805222511292
1137,0,0,1,0.9474650025367737
1138,0,1,0,0.7373753786087036
1139,0,0,1,0.5595802068710327
1140,0,0,1,0.4707098603248596
1141,0,1,0,0.340995192527771
1142,0,0,1,1.4985129833221436
1143,0,0,1,1.6033557653427124
1144,0,0,1,0.4665229022502899
1145,0,0,1,1.5758895874023438
1146,0,0,1,1.0817610025405884
1147,0,0,1,0.8870660662651062
1148,0,0,1,0.8078746795654297
1149,0,0,1,1.9957562685012817
1150,0,0,1,1.7046176195144653
1151,0,0,1,0.7073265314102173
1152,0,0,1,1.5187898874282837
1153,0,0,1,1.413012146949768
1154,0,1,0,0.45647066831588745
1155,0,0,1,0.9877398014068604
1156,0,0,1,0.663289487361908
1157,0,0,1,1.843577265739441
1158,0,0,1,1.5768848657608032
1159,0,0,1,0.40849769115448
1160,0,0,1,0.5038898587226868
1161,0,0,1,0.8086162805557251
1162,0,0,1,0.6962226629257202
1163,0,0,1,0.5925905704498291
1164,0,0,1,1.1555622816085815
1165,0,0,1,1.8164559602737427
1166,0,0,1,1.3917464017868042
1167,0,0,1,1.2872191667556763
1168,0,0,1,1.3104087114334106
1169,0,0,1,1.4036473035812378
1170,0,0,1,1.2531267404556274
1171,0,0,1,1.1068106889724731
1172,0,0,1,2.021150588989258
1173,0,0,1,0.7176421284675598
1174,0,0,1,0.8466560244560242
1175,0,0,1,1.1131742000579834
1176,0,0,1,0.7713870406150818
1177,0,0,1,1.0168110132217407
1178,0,0,1,0.690946638584137
1179,0,0,1,1.1004031896591187
1180,0,0,1,1.6854122877120972
1181,0,0,1,1.240380883216858
1182,0,0,1,0.44676661491394043
1183,0,0,1,0.972184419631958
1184,0,0,1,0.7489292621612549
1185,0,0,1,1.1250213384628296
1186,0,0,1,0.9356880187988281
1187,0,0,1,0.7152363657951355
1188,0,0,1,0.9743050336837769
1189,0,0,1,0.3900061547756195
1190,0,0,1,0.9116798639297485
1191,0,0,1,0.9056826829910278
1192,0,0,1,1.2808632850646973
1193,0,0,1,1.531821370124817
1194,0,0,1,1.8222960233688354
1195,0,0,1,1.0413413047790527
1196,0,0,1,0.17502044141292572
1197,0,0,1,1.2823808193206787
1198,0,0,1,1.0422961711883545
1199,0,0,1,1.091566801071167
1200,0,0,1,1.0363645553588867
1201,0,0,1,1.6130377054214478
1202,0,0,1,1.7623940706253052
1203,0,0,1,1.8809096813201904
1204,0,0,1,1.883229374885559
1205,0,0,1,1.7139352560043335
1206,0,0,1,0.4218062162399292
1207,0,0,1,1.354033350944519
1208,0,0,1,1.8525497913360596
1209,0,0,1,1.736695408821106
1210,0,0,1,0.9105402231216431
1211,0,0,1,1.482663869857788
1212,0,0,1,0.7800555229187012
1213,0,0,1,1.411787748336792
1214,0,0,1,1.069400668144226
1215,0,0,1,1.1820915937423706
1216,0,0,1,1.0535659790039062
1217,0,0,1,0.9556378126144409
1218,0,0,1,1.9291127920150757
1219,0,0,1,1.4170868396759033
1220,0,0,1,1.732019305229187
1221,0,0,1,0.8765325546264648
1222,0,0,1,1.1586664915084839
1223,0,0,1,1.6884335279464722
1224,0,0,1,0.4259994626045227
1225,0,0,1,1.2296196222305298
1226,0,0,1,0.4231830835342407
1227,0,0,1,1.771509051322937
1228,0,0,1,1.966650128364563
1229,0,0,1,1.4156514406204224
1230,0,0,1,1.5691460371017456
1231,0,0,1,0.5615246295928955
1232,0,0,1,0.6300053596496582
1233,0,0,1,1.09032142162323
1234,0,0,1,1.0228421688079834
1235,0,0,1,1.7396514415740967
1236,0,0,1,0.903450071811676
1237,0,0,1,1.8530714511871338
1238,0,0,1,1.5044232606887817
1239,0,0,1,1.722726583480835
1240,0,0,1,1.7919670343399048
1241,0,1,0,0.7815499305725098
1242,0,0,1,0.2127196043729782
1243,0,1,0,0.6383543014526367
1244,0,1,0,0.4189399480819702
1245,0,0,1,1.1165506839752197
1246,0,1,0,0.5176032781600952
1247,0,1,0,0.5759965777397156
1248,0,1,0,0.895443320274353
1249,0,1,0,0.5065590143203735
1250,0,1,0,0.3827449679374695
1251,0,1,0,0.7063588500022888
1252,0,1,0,0.6704014539718628
1253,0,1,0,0.6212369799613953
1254,0,1,0,0.6911389231681824
1255,0,1,0,0.41500335931777954
1256,0,0,1,0.28380125761032104
1257,0,1,0,0.7484158277511597
1258,0,0,1,0.17800654470920563
1259,0,1,0,0.3013920187950134
1260,0,1,0,0.4613649845123291
1261,0,1,0,0.4153926372528076
1262,0,1,0,0.6074459552764893
1263,0,1,0,0.5486176013946533
1264,0,1,0,0.4069957137107849
1265,0,1,0,0.4096359610557556
1266,0,1,0,0.36258190870285034
1267,0,0,1,0.4517223536968231
1268,0,1,0,0.7810806035995483
1269,0,1,0,0.7746474742889404
1270,0,0,1,0.6532298922538757
1271,0,1,0,0.38420096039772034
1272,0,1,0,0.6514891386032104
1273,0,1,0,0.715244710445404
1274,0,1,0,0.5192412734031677
1275,0,1,0,0.3211434781551361
1276,0,1,0,0.542968213558197
1277,0,1,0,0.44486120343208313
1278,0,1,0,0.5679855346679688
1279,0,1,0,0.5087136030197144
1280,0,1,0,0.7059403657913208
1281,0,1,0,0.3533097505569458
1282,0,1,0,0.3658468723297119
1283,0,0,1,0.3821638822555542
1284,0,0,1,0.8265698552131653
1285,0,1,0,0.6679359674453735
1286,0,1,0,0.5427994728088379
1287,0,1,0,0.353657603263855
1288,0,1,0,0.38043853640556335
1289,0,1,0,0.6715121269226074
1290,0,0,1,0.8718473315238953
1291,0,1,0,0.7115879058837891
1292,0,1,0,0.20171436667442322
1293,0,0,1,0.4493240714073181
1294,0,1,0,0.28584322333335876
1295,0,1,0,0.8782422542572021
1296,0,1,0,0.3377264738082886
1297,0,1,0,0.562164843082428
1298,0,0,1,0.17376112937927246
1299,0,1,0,0.2546440660953522
1300,0,1,0,0.38989943265914917
1301,0,1,0,0.3151826858520508
1302,0,0,1,0.2113998383283615
1303,0,1,0,0.4481942653656006
1304,0,1,0,0.5306857228279114
1305,0,1,0,0.4929194450378418
1306,0,1,0,0.27757179737091064
1307,0,1,0,0.7830992937088013
1308,0,1,0,0.4523151218891144
1309,0,1,0,0.6846644878387451
1310,0,1,0,1.0426175594329834
1311,0,1,0,0.5361027717590332
1312,0,1,0,0.17574548721313477
1313,0,1,0,0.5602016448974609
1314,0,1,0,0.49674129486083984
1315,0,1,0,0.6925067901611328
1316,0,1,0,0.5440484881401062
1317,0,0,1,0.23139169812202454
1318,0,1,0,0.33000385761260986
1319,0,1,0,0.509341835975647
1320,0,1,0,0.5915286540985107
1321,0,1,0,0.3399772644042969
1322,0,1,0,0.9244048595428467
1323,0,1,0,0.3603106737136841
1324,0,1,0,0.41824328899383545
1325,0,1,0,0.3845168948173523
1326,0,1,0,0.3991495966911316
1327,0,1,0,0.5976969003677368
1328,0,1,0,0.773761510848999
1329,0,1,0,0.4883960485458374
1330,0,1,0,0.47492992877960205
1331,0,1,0,0.6535102128982544
1332,0,1,0,0.7489187121391296
1333,0,1,0,0.36998021602630615
1334,0,1,0,0.2107209861278534
1335,0,1,0,0.4964379072189331
1336,0,1,0,0.3190755248069763
1337,0,1,0,0.6925562620162964
1338,0,1,0,0.6540721654891968
1339,0,1,0,0.7639873027801514
1340,0,1,0,0.661791980266571
1341,0,1,0,0.39562517404556274
1342,0,0,1,1.507217526435852
1343,0,0,1,2.0308332443237305
1344,0,0,1,1.6266331672668457
1345,0,0,1,1.9735240936279297
1346,0,1,0,0.6170059442520142
1347,0,1,0,0.2498898208141327
1348,0,1,0,0.4273812770843506
1349,0,1,0,0.7591694593429565
1350,0,1,0,0.43227899074554443
1351,0,0,1,0.26998594403266907
1352,0,1,0,0.27427470684051514
1353,0,1,0,0.46758630871772766
1354,0,1,0,0.3382507562637329
1355,0,0,1,0.4573309123516083
1356,0,0,1,0.7001820206642151
1357,0,1,0,0.23183268308639526
1358,0,1,0,0.4280740022659302
1359,0,0,1,0.3039953112602234
1360,0,0,1,0.5816056728363037
1361,0,1,0,0.2722468376159668
1362,0,0,1,0.568220853805542
1363,0,1,0,0.786241352558136
1364,0,0,1,0.24832986295223236
1365,0,0,1,0.4242779016494751
1366,0,1,0,0.5895611643791199
1367,0,0,1,0.4286946654319763
1368,0,1,0,0.3958856165409088
1369,0,0,1,0.18016275763511658
1370,0,1,0,0.45716238021850586
1371,0,0,1,0.2171345204114914
1372,0,1,0,0.5691548585891724
1373,0,1,0,0.5405288338661194
1374,0,0,1,0.8099144101142883
1375,0,1,0,0.4492514729499817
1376,0,1,0,0.46621769666671753
1377,0,1,0,0.21135586500167847
1378,0,1,0,0.40532004833221436
1379,0,1,0,0.6113967895507812
1380,0,0,1,0.19396552443504333
1381,0,1,0,0.825639009475708
1382,0,1,0,0.46249380707740784
1383,0,1,0,0.8223947882652283
1384,0,0,1,0.43611985445022583
1385,0,0,1,0.3589246869087219
1386,0,1,0,0.351732075214386
1387,0,0,1,0.8013986349105835
1388,0,0,1,0.2639631927013397
1389,0,1,0,0.2815444767475128
1390,0,0,1,0.28490394353866577
1391,0,1,0,0.646268367767334
1392,0,0,1,0.3264921307563782
1393,0,1,0,0.51490318775177
1394,0,1,0,0.35655292868614197
1395,0,1,0,0.3218613266944885
1396,0,1,0,0.6336830258369446
1397,0,0,1,0.5498557686805725
1398,0,0,1,0.5075485110282898
1399,0,1,0,0.18556784093379974
1400,0,1,0,0.5925294160842896
1401,0,1,0,0.8230696320533752
1402,0,1,0,0.913814902305603
1403,0,1,0,0.6709582805633545
1404,0,0,1,0.41755643486976624
1405,0,1,0,0.4425835609436035
1406,0,0,1,0.2821617126464844
1407,0,1,0,0.41306251287460327
1408,0,1,0,0.8158578276634216
1409,0,0,1,0.1210249811410904
1410,0,1,0,0.16017906367778778
1411,0,1,0,0.18241137266159058
1412,0,1,0,0.3258103132247925
1413,0,1,0,0.3754112720489502
1414,0,1,0,0.5069972276687622
1415,0,1,0,0.8290040493011475
1416,0,1,0,0.3640742599964142
1417,0,1,0,0.38608458638191223
1418,0,0,1,0.4275067150592804
1419,0,1,0,0.4026608467102051
1420,0,1,0,0.269844651222229
1421,0,0,1,0.21987749636173248
1422,0,1,0,0.3439754843711853
1423,0,1,0,0.31566935777664185
1424,0,1,0,0.4062485694885254
1425,0,1,0,0.2706427574157715
1426,0,1,0,0.7241472005844116
1427,0,1,0,0.8268036842346191
1428,0,1,0,0.5352491140365601
1429,0,1,0,0.43895402550697327
1430,0,1,0,0.5329413414001465
1431,0,1,0,0.5897535681724548
1432,0,1,0,0.574807345867157
1433,0,1,0,0.5058570504188538
1434,0,1,0,1.0614267587661743
1435,0,1,0,0.4604930281639099
1436,0,1,0,0.6467924118041992
1437,0,1,0,0.37656474113464355
1438,0,0,1,0.4185149669647217
1439,0,0,1,0.2203061729669571
1440,0,1,0,0.3366757035255432
1441,0,0,1,0.8928636312484741
1442,0,0,1,0.4469812512397766
1443,0,0,1,0.439401239156723
1444,0,0,1,0.36891502141952515
1445,0,1,0,0.22285187244415283
1446,0,1,0,0.44291502237319946
1447,0,0,1,0.43340399861335754
1448,0,1,0,0.740541934967041
1449,0,1,0,0.6007595658302307
1450,0,1,0,0.4068323075771332
1451,0,1,0,0.20288413763046265
1452,0,1,0,0.884594202041626
1453,0,1,0,0.6053071618080139
1454,0,1,0,0.6524776220321655
1455,0,1,0,0.4767550230026245
1456,0,1,0,0.6245341897010803
1457,0,1,0,0.8682092428207397
1458,0,1,0,0.6731318831443787
1459,0,1,0,0.4171922206878662
1460,0,0,1,0.5051681995391846
1461,0,0,1,0.5002179741859436
1462,0,0,1,0.3078582286834717
1463,0,0,1,0.5500266551971436
1464,0,1,0,1.043575644493103
1465,0,1,0,0.6702128648757935
1466,0,1,0,0.5216782093048096
1467,0,1,0,0.6260119676589966
1468,0,1,0,0.545609712600708
1469,0,1,0,0.7964264154434204
1470,0,1,0,0.657254695892334
1471,0,1,0,0.5133347511291504
1472,0,1,0,0.2704812288284302
1473,0,1,0,0.5719438195228577
1474,0,1,0,0.6454950571060181
1475,0,1,0,0.811654269695282
1476,0,1,0,0.4527266323566437
1477,0,1,0,0.6793245077133179
1478,0,1,0,0.9080036878585815
1479,0,1,0,0.43739962577819824
1480,0,0,1,0.21966280043125153
1481,0,1,0,0.703741192817688
1482,0,1,0,0.35179492831230164
1483,0,1,0,0.4791520833969116
1484,0,1,0,0.5735166072845459
1485,0,1,0,0.6446236371994019
1486,0,1,0,0.8441011905670166
1487,0,1,0,0.8539335131645203
1488,0,0,1,0.4977462589740753
1489,0,1,0,0.6720987558364868
1490,0,1,0,0.5599464774131775
1491,0,1,0,0.3020628094673157
1492,0,1,0,0.8727836608886719
1493,0,1,0,1.0798529386520386
1494,0,1,0,0.5071759223937988
1495,0,0,1,0.413644015789032
1496,0,0,1,0.5771455764770508
1497,0,0,1,0.481288880109787
1498,0,0,1,0.687681257724762
1499,0,0,1,0.6716508269309998
1500,0,1,0,0.6028469204902649
1501,0,1,0,0.2125186324119568
1502,0,1,0,0.45701947808265686
1503,0,1,0,0.7872558832168579
1504,0,1,0,0.7079043388366699
1505,0,1,0,0.4112442135810852
1506,0,1,0,0.3838025629520416
1507,0,1,0,0.7640113830566406
1508,0,0,1,0.3172808289527893
1509,0,1,0,0.2305627465248108
1510,0,1,0,0.2935129702091217
1511,0,1,0,0.47672009468078613
1512,0,0,1,0.7357559204101562
1513,0,0,1,0.31065770983695984
1514,0,1,0,0.3928320109844208
1515,0,0,1,0.15010255575180054
1516,0,1,0,0.3128369450569153
1517,0,1,0,0.4505467116832733
1518,0,1,0,0.5044851303100586
1519,0,0,1,0.5111799836158752
1520,0,1,0,0.35097771883010864
1521,0,1,0,0.3849266767501831
1522,0,0,1,0.34028178453445435
1523,0,1,0,0.6185228228569031
1524,0,1,0,0.6807522773742676
1525,0,1,0,0.5694588422775269
1526,0,1,0,0.3971896171569824
1527,0,0,1,0.49417394399642944
1528,0,0,1,0.3931646943092346
1529,0,1,0,0.3167957067489624
1530,0,1,0,0.19502048194408417
1531,0,1,0,0.8112566471099854
1532,0,1,0,0.4088808000087738
1533,0,1,0,0.614890456199646
1534,0,1,0,0.3921182155609131
1535,0,1,0,0.7256497144699097
1536,0,0,1,0.19712604582309723
1537,0,1,0,0.3423808813095093
1538,0,1,0,0.45697301626205444
1539,0,1,0,0.49789512157440186
1540,0,1,0,0.3680051565170288
1541,0,0,1,0.34476935863494873
1542,0,1,0,0.544297456741333
1543,0,1,0,0.6839484572410583
1544,0,1,0,0.6798514127731323
1545,0,1,0,0.21051225066184998
1546,0,0,1,0.16727961599826813
1547,1,0,0,0.3737911581993103
1548,0,0,1,0.4758243262767792
1549,0,0,1,0.42030853033065796
1550,1,1,1,0.438299298286438
1551,0,0,1,0.5140733122825623
1552,0,0,1,0.38088899850845337
1553,0,0,1,0.3427111804485321
1554,0,0,1,0.25106653571128845
1555,0,1,0,0.5784858465194702
1556,0,1,0,0.43168947100639343
1557,0,1,0,0.36866623163223267
1558,0,0,1,0.46378687024116516
1559,0,0,1,0.4561617374420166
1560,0,1,0,0.5896556377410889
1561,0,0,1,0.24640625715255737
1562,0,1,0,0.27405908703804016
1563,0,1,0,0.45728230476379395
1564,0,0,1,0.822361946105957
1565,0,1,0,0.478742778301239
1566,0,0,1,0.7185232639312744
1567,0,1,0,0.4130898118019104
1568,0,1,0,0.4092734456062317
1569,0,1,0,0.6322575211524963
1570,0,1,0,0.2916427254676819
1571,0,0,1,0.5645114779472351
1572,0,1,0,0.42444583773612976
1573,0,1,0,0.4898109436035156
1574,0,1,0,1.034478783607483
1575,0,0,1,0.3416067063808441
1576,0,1,0,0.5292084813117981
1577,0,1,0,0.34774744510650635
1578,0,1,0,0.24403512477874756
1579,0,0,1,0.21048136055469513
1580,0,1,0,0.29900503158569336
1581,0,1,0,0.451596200466156
1582,0,0,1,0.34950098395347595
1583,0,0,1,0.6405305862426758
1584,0,0,1,0.5752987265586853
1585,0,1,0,0.39975762367248535
1586,0,0,1,0.6478164196014404
1587,0,1,0,0.43022820353507996
1588,0,1,0,0.18567010760307312
1589,0,1,0,0.47834259271621704
1590,0,1,0,0.4052083194255829
1591,0,0,1,0.553776741027832
1592,0,1,0,0.518668532371521
1593,0,0,1,0.5593592524528503
1594,0,1,0,0.4672461748123169
1595,0,1,0,0.6300091743469238
1596,0,1,0,0.5787901878356934
1597,0,1,0,0.6224334239959717
1598,0,1,0,0.3907374143600464
1599,0,1,0,0.30408981442451477
1600,0,1,0,0.529728889465332
1601,0,1,0,0.41290217638015747
1602,0,0,1,0.3790920376777649
1603,0,1,0,0.37683984637260437
1604,0,1,0,0.29110097885131836
1605,0,1,0,0.7850484848022461
1606,0,1,0,0.7493222951889038
1607,0,1,0,0.5047614574432373
1608,0,1,0,0.39487141370773315
1609,0,1,0,0.5158764123916626
1610,0,1,0,0.4592336416244507
1611,0,0,1,0.3200835585594177
1612,0,0,1,0.3044026792049408
1613,0,1,0,0.5876854658126831
1614,0,1,0,0.781723141670227
1615,0,1,0,0.771167516708374
1616,0,1,0,0.16130056977272034
1617,0,1,0,0.3663957417011261
1618,0,1,0,0.5723904967308044
1619,0,1,0,0.9476277828216553
1620,0,1,0,0.56192946434021
1621,0,1,0,0.45305123925209045
1622,0,1,0,0.28929394483566284
1623,0,1,0,0.740935206413269
1624,0,1,0,0.3100493550300598
1625,0,1,0,0.5533664226531982
1626,0,1,0,0.3013395667076111
1627,0,1,0,0.7890552878379822
1628,1,1,1,0.6804102063179016
1629,0,0,1,0.5964270830154419
1630,0,1,0,0.2876017391681671
1631,0,1,0,1.0029722452163696
1632,0,1,0,0.9556795358657837
1633,0,1,0,0.44303470849990845
1634,0,1,0,0.269870400428772
1635,0,1,0,0.36328649520874023
1636,0,0,1,0.4409383535385132
1637,0,1,0,0.505142867565155
1638,0,0,1,0.2187136709690094
1639,0,1,0,0.42357832193374634
1640,0,0,1,0.6896065473556519
1641,0,1,0,0.3853064477443695
1642,0,0,1,0.567227303981781
1643,0,1,0,0.26339632272720337
1644,0,1,0,0.7233896255493164
1645,0,1,0,0.6328659653663635
1646,0,1,0,0.2547464370727539
1647,0,1,0,0.22640103101730347
1648,0,0,1,0.2670673131942749
1649,0,1,0,0.42816421389579773
1650,0,0,1,0.44065845012664795
1651,0,1,0,0.3550586700439453
1652,0,1,0,0.799449622631073
1653,0,0,1,0.9331929087638855
1654,0,1,0,0.3208571970462799
1655,0,1,0,0.5272574424743652
1656,0,0,1,0.22228889167308807
1657,0,1,0,0.21331894397735596
1658,0,0,1,0.4683549404144287
1659,0,1,0,0.36192774772644043
1660,0,1,0,0.9309829473495483
1661,0,1,0,0.9205677509307861
1662,0,1,0,1.0291005373001099
1663,0,1,0,0.978524923324585
1664,0,1,0,1.1422028541564941
1665,0,1,0,0.9417237043380737
1666,0,0,1,2.2855477333068848
1667,0,1,0,0.4912424087524414
1668,0,0,1,1.9759567975997925
1669,0,0,1,1.7370039224624634
1670,0,0,1,2.2299704551696777
1671,0,0,1,1.8325427770614624
1672,0,0,1,2.3235301971435547
1673,0,0,1,2.0950632095336914
1674,0,0,1,0.584499716758728
1675,0,0,1,1.8772963285446167
1676,0,1,0,0.6061087846755981
1677,0,1,0,1.1796623468399048
1678,0,0,1,1.7876924276351929
1679,0,0,1,1.8659063577651978
1680,0,0,1,1.8793582916259766
1681,0,1,0,0.3836097717285156
1682,0,0,1,1.5810627937316895
1683,0,0,1,1.2743111848831177
1684,0,0,1,1.3264375925064087
1685,0,0,1,2.134310245513916
1686,0,0,1,1.7010854482650757
1687,0,1,0,0.4842742681503296
1688,0,0,1,1.822189450263977
1689,0,0,1,2.2156825065612793
1690,0,0,1,2.1969258785247803
1691,0,0,1,0.6940748691558838
1692,0,0,1,1.3204905986785889
1693,0,0,1,1.7482596635818481
1694,0,0,1,1.2806967496871948
1695,0,1,0,0.24154198169708252
1696,0,0,1,1.3291897773742676
1697,0,0,1,1.4733555316925049
1698,0,1,0,0.6947801113128662
1699,0,1,0,0.8540163636207581
1700,0,0,1,0.5310091972351074
1701,0,0,1,0.3251599669456482
1702,0,0,1,0.7326530814170837
1703,0,1,0,0.2133852243423462
1704,0,1,0,0.24161013960838318
1705,0,0,1,0.3862922787666321
1706,0,1,0,0.653630256652832
1707,0,1,0,0.47826719284057617
1708,0,0,1,0.3078603744506836
1709,0,0,1,0.3837881088256836
1710,0,1,0,0.27278932929039
1711,0,0,1,0.37253856658935547
1712,0,0,1,0.3422653377056122
1713,0,0,1,0.3633197844028473
1714,0,0,1,0.5428877472877502
1715,0,0,1,0.5765379667282104
1716,0,1,0,0.6680660843849182
1717,0,1,0,0.2634107172489166
1718,0,1,0,0.3803146481513977
1719,0,1,0,0.3083348274230957
1720,0,0,1,0.3819904625415802
1721,0,0,1,0.2911261022090912
1722,0,1,0,0.3751291334629059
1723,0,1,0,0.3522399663925171
1724,0,1,0,0.36034125089645386
1725,0,1,0,0.22945189476013184
1726,0,0,1,0.8783612251281738
1727,0,0,1,0.6091001033782959
1728,0,1,0,0.20518280565738678
1729,0,1,0,0.5298689603805542
1730,0,1,0,0.5313540697097778
1731,0,1,0,0.5334473848342896
1732,0,1,0,0.484030544757843
1733,0,1,0,0.5481417179107666
1734,0,1,0,0.3213110566139221
1735,0,1,0,0.36925989389419556
1736,0,1,0,0.286644846200943
1737,0,0,1,0.9675071835517883
1738,0,1,0,0.5427901744842529
1739,0,0,1,0.20204883813858032
1740,0,0,1,0.6316303014755249
1741,0,1,0,0.13551421463489532
1742,0,1,0,0.6042232513427734
1743,0,0,1,0.8520286083221436
1744,0,0,1,0.6232904195785522
1745,0,1,0,0.32227200269699097
1746,0,1,0,0.7501254081726074
1747,0,1,0,0.7308350801467896
1748,0,0,1,0.1380075067281723
1749,0,1,0,0.41659677028656006
1750,0,1,0,0.436403751373291
1751,0,0,1,0.35346996784210205
1752,0,1,0,0.6506046652793884
1753,0,1,0,0.6992931365966797
1754,0,0,1,0.3535395860671997
1755,0,0,1,0.5042102932929993
1756,0,1,0,0.3910369277000427
1757,0,1,0,0.5924851894378662
1758,0,1,0,0.2611646056175232
1759,0,1,0,0.6711631417274475
1760,0,1,0,0.37213969230651855
1761,0,0,1,0.399770587682724
1762,0,1,0,0.25961634516716003
1763,0,0,1,0.2679843306541443
1764,0,0,1,1.0135893821716309
1765,0,0,1,0.4596846401691437
1766,0,1,0,0.431138277053833
1767,0,0,1,0.6022282242774963
1768,0,0,1,0.296430766582489
1769,0,1,0,0.21826277673244476
1770,0,1,0,0.4188730716705322
1771,0,1,0,0.21964812278747559
1772,0,1,0,0.8444851636886597
1773,0,1,0,0.4362204074859619
1774,0,0,1,0.26177841424942017
1775,0,0,1,0.678960919380188
1776,0,0,1,0.5467215776443481
1777,0,0,1,0.7111607789993286
1778,0,1,0,0.8851961493492126
1779,0,0,1,0.29461225867271423
1780,0,0,1,0.23326313495635986
1781,0,0,1,0.8874955177307129
1782,0,1,0,0.43825066089630127
1783,0,0,1,0.7237455248832703
1784,0,1,0,0.4276237487792969
1785,0,0,1,1.2704354524612427
1786,0,1,0,0.5036401748657227
1787,0,0,1,0.3565305173397064
1788,0,0,1,0.6104850769042969
1789,0,0,1,0.48884934186935425
1790,0,0,1,0.27877771854400635
1791,0,0,1,0.9186245203018188
1792,0,0,1,0.5595961809158325
1793,0,0,1,0.4276465177536011
1794,0,1,0,0.8614710569381714
1795,0,1,0,0.6195330619812012
1796,0,0,1,0.32508033514022827
1797,0,0,1,0.3179013729095459
1798,0,0,1,0.4194072186946869
1799,0,0,1,0.7632026076316833
1800,0,1,0,0.6272120475769043
1801,0,1,0,0.5202977657318115
1802,0,1,0,0.2648075520992279
1803,0,0,1,0.2883148193359375
1804,0,0,1,0.5403209924697876
1805,0,0,1,0.7515689730644226
1806,0,1,0,0.6180649995803833
1807,0,1,0,0.22985923290252686
1808,0,0,1,0.5871387720108032
1809,0,1,0,0.1455775797367096
1810,0,0,1,0.43454471230506897
1811,0,1,0,0.25549495220184326
1812,0,1,0,0.7487869262695312
1813,0,1,0,0.23495084047317505
1814,0,0,1,0.8856276273727417
1815,0,1,0,0.42669886350631714
1816,0,0,1,0.7850194573402405
1817,0,0,1,1.0399081707000732
1818,0,1,0,0.722736120223999
1819,0,0,1,1.6575279235839844
1820,0,1,0,0.5573269128799438
1821,0,1,0,0.6223359107971191
1822,0,1,0,0.3246118426322937
1823,0,0,1,0.5143404603004456
1824,0,0,1,0.23041769862174988
1825,0,0,1,0.3744143843650818
1826,0,1,0,0.60122150182724
1827,0,1,0,0.22517484426498413
1828,0,0,1,0.42102181911468506
1829,0,0,1,0.4593603014945984
1830,0,1,0,0.25283685326576233
1831,0,0,1,0.7807872891426086
1832,0,0,1,0.9327393770217896
1833,0,1,0,0.296059787273407
1834,0,0,1,0.529481053352356
1835,0,1,0,0.4353640377521515
1836,0,1,0,0.4571305513381958
1837,0,0,1,0.8501880168914795
1838,0,1,0,0.7774571180343628
1839,0,0,1,0.3367496728897095
1840,0,0,1,0.19022300839424133
1841,0,0,1,0.48462730646133423
1842,0,1,0,0.5631439685821533
1843,0,1,0,0.2371390163898468
1844,0,0,1,0.30167484283447266
1845,0,1,0,0.3832772374153137
1846,0,1,0,0.24701350927352905
1847,0,1,0,0.37149983644485474
1848,0,0,1,0.2903842628002167
1849,0,1,0,0.30533668398857117
1850,0,1,0,0.4814797043800354
1851,0,1,0,0.3874552249908447
1852,0,1,0,0.20084887742996216
1853,0,1,0,0.41158318519592285
1854,0,1,0,0.2432803213596344
1855,0,0,1,0.44033074378967285
1856,0,0,1,0.25725874304771423
1857,0,0,1,0.21648050844669342
1858,0,1,0,0.19243298470973969
1859,0,1,0,0.29106801748275757
1860,0,1,0,0.3134879767894745
1861,0,0,1,0.1574041098356247
1862,0,1,0,0.7922930121421814
1863,0,0,1,1.216214895248413
1864,0,0,1,1.249761939048767
1865,0,0,1,0.9400999546051025
1866,0,0,1,0.3154953122138977
1867,0,0,1,0.34151899814605713
1868,0,0,1,0.6522455215454102
1869,0,1,0,0.4389299154281616
1870,0,0,1,0.27028214931488037
1871,0,0,1,0.6717766523361206
1872,0,0,1,0.40479665994644165
1873,0,1,0,0.633970320224762
1874,0,1,0,0.3259034752845764
1875,0,1,0,0.526166558265686
1876,0,1,0,0.3493214249610901
1877,0,1,0,0.30114006996154785
1878,0,1,0,0.37204709649086
1879,0,1,0,0.2228817343711853
1880,0,0,1,0.23710110783576965
1881,0,1,0,0.4556677043437958
1882,0,1,0,0.5178235173225403
1883,0,1,0,0.23899805545806885
1884,0,1,0,0.3359796404838562
1885,0,1,0,0.5354886651039124
1886,0,1,0,0.24261212348937988
1887,0,1,0,0.2245122790336609
1888,0,1,0,0.47736990451812744
1889,0,1,0,0.29631906747817993
1890,0,1,0,0.30435800552368164
1891,0,1,0,0.5959177017211914
1892,1,0,0,0.6834121942520142
1893,1,1,1,0.30852770805358887
1894,1,0,0,0.7967492341995239
1895,1,1,1,0.45006558299064636
1896,1,1,1,0.6402510404586792
1897,1,0,0,0.4219120442867279
1898,1,0,0,0.3086905777454376
1899,1,0,0,0.8236738443374634
1900,1,1,1,0.9003461599349976
1901,1,0,0,0.5618165135383606
1902,1,0,0,0.6627501845359802
1903,1,0,0,1.0567541122436523
1904,1,1,1,0.7581247091293335
1905,1,1,1,0.4881000518798828
1906,1,0,0,0.7501338720321655
1907,1,0,0,0.18962423503398895
1908,1,0,0,0.8311842679977417
1909,1,0,0,1.4064584970474243
1910,1,0,0,1.3879215717315674
1911,1,0,0,0.6630394458770752
1912,1,0,0,0.7673228979110718
1913,1,0,0,1.5659316778182983
1914,1,0,0,0.34648367762565613
1915,1,0,0,0.43317490816116333
1916,1,0,0,0.31439971923828125
1917,1,0,0,0.367373526096344
1918,1,1,1,0.28291773796081543
1919,1,1,1,0.4625757932662964
1920,1,0,0,1.047171950340271
1921,1,1,1,0.7095268964767456
1922,1,1,1,0.3806566298007965
1923,0,0,1,1.5844866037368774
1924,0,0,1,2.213608741760254
1925,0,0,1,2.1063640117645264
1926,0,0,1,0.8011602163314819
1927,0,0,1,0.6906764507293701
1928,0,0,1,1.0163882970809937
1929,0,0,1,0.44703614711761475
1930,0,0,1,0.81769198179245
1931,0,0,1,1.219056248664856
1932,0,0,1,0.25864899158477783
1933,0,0,1,0.2840101420879364
1934,0,0,1,1.6111141443252563
1935,0,0,1,0.7670345902442932
1936,0,0,1,1.034604549407959
1937,0,1,0,0.21796000003814697
1938,0,1,0,0.35448122024536133
1939,0,1,0,0.3045385479927063
1940,0,1,0,0.21953368186950684
1941,0,1,0,0.5142781734466553
1942,1,0,0,0.38816043734550476
1943,1,0,0,0.5434166193008423
1944,1,0,0,0.3113347887992859
1945,1,1,1,0.303139328956604
1946,1,1,1,0.18089565634727478
1947,1,1,1,0.6697782278060913
1948,1,0,0,0.6082912683486938
1949,1,0,0,0.4673207700252533
1950,1,1,1,0.5024359226226807
1951,1,1,1,0.5449285507202148
1952,1,1,1,0.4129147231578827
1953,1,0,0,0.37132522463798523
1954,1,1,1,0.6195810437202454
1955,1,0,0,1.0336047410964966
1956,1,1,1,0.2672945261001587
1957,1,1,1,0.39010047912597656
1958,1,1,1,0.2875060439109802
1959,1,0,0,0.28143927454948425
1960,1,1,1,0.7313132286071777
1961,1,1,1,0.4822619557380676
1962,1,1,1,0.2514420747756958
1963,1,1,1,0.5267595052719116
1964,1,1,1,0.27377840876579285
1965,1,1,1,0.5548062920570374
1966,1,1,1,1.009781002998352
1967,1,1,1,0.7714371681213379
1968,1,1,1,0.6288591623306274
1969,1,1,1,0.6631418466567993
1970,1,1,1,0.6501241326332092
1971,1,1,1,0.30545613169670105
1972,1,0,0,0.46384283900260925
1973,1,0,0,0.8209304213523865
1974,1,0,0,0.8730789422988892
1975,1,1,1,0.6667960286140442
1976,1,1,1,0.7830988764762878
1977,1,0,0,1.5845922231674194
1978,1,0,0,0.18311502039432526
1979,1,1,1,0.20119956135749817
1980,1,1,1,0.3263384699821472
1981,1,1,1,0.5461104512214661
1982,1,0,0,0.2032245248556137
1983,1,0,0,0.5617711544036865
1984,1,0,0,0.8066717386245728
1985,1,1,1,0.7193472981452942
1986,1,1,1,0.20364096760749817
1987,1,0,0,1.0212781429290771
1988,1,1,1,0.36493486166000366
1989,1,0,0,0.3256594240665436
1990,1,1,1,0.5262192487716675
1991,1,1,1,0.24032026529312134
1992,1,0,0,0.3164336085319519
1993,1,1,1,0.36213254928588867
1994,1,1,1,0.4036513864994049
1995,1,0,0,0.452431321144104
1996,1,0,0,0.2546379566192627
1997,1,1,1,0.4976992607116699
1998,1,1,1,0.37092700600624084
1999,1,1,1,0.43582192063331604
2000,1,0,0,0.23202313482761383
2001,1,0,0,0.6794431209564209
2002,1,1,1,0.4383324086666107
2003,1,1,1,0.2232685685157776
2004,1,0,0,0.7662111520767212
2005,1,1,1,0.4997941255569458
2006,1,0,0,0.3849160075187683
2007,1,1,1,0.3094702363014221
2008,1,0,0,0.9089810848236084
2009,1,0,0,0.326308012008667
2010,1,0,0,1.0628465414047241
2011,1,0,0,0.3766145706176758
2012,1,1,1,0.8733639717102051
2013,1,1,1,0.5880915522575378
2014,1,1,1,0.4922672510147095
2015,1,1,1,0.538112461566925
2016,1,1,1,0.7756392359733582
2017,1,1,1,0.8945522904396057
2018,1,1,1,0.22874167561531067
2019,1,1,1,0.387103796005249
2020,1,0,0,0.4305878281593323
2021,1,1,1,0.5005850791931152
2022,1,1,1,0.4940643906593323
2023,1,0,0,0.27675652503967285
2024,1,1,1,0.28785836696624756
2025,1,1,1,0.4578585624694824
2026,1,1,1,0.515021562576294
2027,1,1,1,0.3007870018482208
2028,1,1,1,0.5017728805541992
2029,1,1,1,0.2707172930240631
2030,1,1,1,0.6757055521011353
2031,1,1,1,0.46529388427734375
2032,1,0,0,0.4125997722148895
2033,1,1,1,0.74631667137146
2034,1,1,1,0.5589989423751831
2035,1,0,0,0.42965447902679443
2036,1,0,0,0.3019075393676758
2037,1,1,1,0.3606582283973694
2038,1,1,1,0.4671938419342041
2039,1,0,0,0.35963740944862366
2040,1,1,1,0.33524662256240845
2041,1,1,1,0.3771340250968933
2042,1,0,0,0.5247993469238281
2043,1,0,0,0.9661626815795898
2044,1,0,0,0.7418642044067383
2045,1,0,0,1.1892439126968384
2046,1,0,0,0.9795042872428894
2047,1,1,1,0.3189828395843506
2048,1,1,1,0.3626527190208435
2049,1,0,0,0.7074356079101562
2050,1,1,1,0.4758108854293823
2051,1,0,0,0.5990568399429321
2052,1,0,0,1.360486388206482
2053,1,1,1,0.22056108713150024
2054,1,0,0,0.3813415467739105
2055,1,1,1,0.641625702381134
2056,1,1,1,0.741363525390625
2057,1,1,1,0.8662097454071045
2058,1,0,0,0.30545324087142944
2059,1,1,1,1.0343960523605347
2060,1,0,0,1.5266505479812622
2061,1,0,0,0.4275563657283783
2062,1,1,1,0.39559826254844666
2063,1,1,1,1.0671507120132446
2064,1,1,1,0.34823864698410034
2065,1,0,0,0.5437609553337097
2066,1,1,1,0.28435006737709045
2067,1,0,0,1.1146039962768555
2068,1,0,0,0.8382155299186707
2069,1,1,1,0.3193408250808716
2070,1,1,1,0.5094290971755981
2071,1,1,1,0.6057955026626587
2072,1,0,0,0.26752153038978577
2073,1,1,1,0.4895138144493103
2074,1,0,0,0.8012549877166748
2075,1,1,1,0.9686210751533508
2076,1,0,0,0.5180736184120178
2077,1,0,0,0.3331734240055084
2078,1,0,0,0.5860769748687744
2079,1,0,0,0.6251485347747803
2080,1,0,0,0.652503252029419
2081,1,1,1,0.3669642508029938
2082,1,1,1,0.5166980028152466
2083,1,0,0,0.4143288731575012
2084,1,0,0,0.3076304793357849
2085,1,0,0,0.5972734689712524
2086,1,0,0,0.2359081506729126
2087,1,0,0,0.20775015652179718
2088,1,1,1,0.19207021594047546
2089,1,0,0,0.26891326904296875
2090,1,0,0,0.20415431261062622
2091,1,0,0,0.14732308685779572
2092,1,0,0,0.20763550698757172
2093,1,1,1,0.6365285515785217
2094,1,1,1,0.7976020574569702
2095,1,1,1,0.15195202827453613
2096,1,0,0,0.536373496055603
2097,1,0,0,0.7174198627471924
2098,1,0,0,0.2774828374385834
2099,1,1,1,0.25192758440971375
2100,1,0,0,0.43721818923950195
2101,1,1,1,0.3663855195045471
2102,1,1,1,0.22992879152297974
2103,1,1,1,0.4463556408882141
2104,1,1,1,0.20124036073684692
2105,1,0,0,0.4938352704048157
2106,1,0,0,0.7890304923057556
2107,1,0,0,0.1478072553873062
2108,1,0,0,0.5854162573814392
2109,1,1,1,0.4267898201942444
2110,1,0,0,0.8754845857620239
2111,1,0,0,0.2514956593513489
2112,1,1,1,0.30721423029899597
2113,1,1,1,0.4681462049484253
2114,1,1,1,0.8435412645339966
2115,1,1,1,1.1122945547103882
2116,1,0,0,0.40073689818382263
2117,1,1,1,0.4256488084793091
2118,1,1,1,0.7198718786239624
2119,1,1,1,0.5315694808959961
2120,1,0,0,0.5456924438476562
2121,1,1,1,0.47526317834854126
2122,1,1,1,0.16253983974456787
2123,1,1,1,0.7373743057250977
2124,1,1,1,0.210833340883255
2125,1,1,1,0.8500383496284485
2126,1,1,1,0.6001967787742615
2127,1,1,1,0.6288203001022339
2128,1,1,1,0.995821475982666
2129,1,0,0,1.488012671470642
2130,1,0,0,1.3315356969833374
2131,1,1,1,0.6013039946556091
2132,1,1,1,0.7762641906738281
2133,1,1,1,0.7845103740692139
2134,1,1,1,0.876150369644165
2135,1,1,1,1.2815724611282349
2136,1,1,1,0.9015085697174072
2137,1,0,0,0.812634289264679
2138,1,0,0,0.49873632192611694
2139,1,1,1,0.6206454038619995
2140,1,1,1,0.846173107624054
2141,1,1,1,0.7674192786216736
2142,1,1,1,0.5977065563201904
2143,1,1,1,0.48814260959625244
2144,1,1,1,0.2451767921447754
2145,1,0,0,1.2085996866226196
2146,1,1,1,0.48006904125213623
2147,1,0,0,1.4652715921401978
2148,1,0,0,1.654624104499817
2149,1,0,0,1.5326389074325562
2150,1,0,0,1.4083770513534546
2151,1,0,0,1.2482401132583618
2152,1,0,0,1.9979807138442993
2153,1,0,0,1.1786116361618042
2154,1,0,0,1.2828999757766724
2155,1,0,0,1.163823127746582
2156,1,0,0,1.4891506433486938
2157,1,0,0,1.3789094686508179
2158,1,0,0,1.13619065284729
2159,1,1,1,1.1024489402770996
2160,1,1,1,0.463950514793396
2161,1,1,1,0.7075483798980713
2162,1,1,1,0.7574388384819031
2163,1,1,1,0.596436619758606
2164,1,1,1,0.45762908458709717
2165,1,0,0,1.1003904342651367
2166,1,1,1,0.719755232334137
2167,1,1,1,0.92946457862854
2168,1,1,1,0.7326031923294067
2169,1,1,1,0.5687246322631836
2170,1,1,1,0.6861229538917542
2171,1,1,1,1.2011393308639526
2172,1,0,0,0.46900203824043274
2173,1,1,1,1.1579116582870483
2174,1,1,1,0.823822021484375
2175,1,1,1,0.5427228212356567
2176,1,1,1,0.658078670501709
2177,1,0,0,0.18163302540779114
2178,1,0,0,0.5259211659431458
2179,1,1,1,0.2987658977508545
2180,1,0,0,0.5789623856544495
2181,1,1,1,0.20573265850543976
2182,1,0,0,0.3415277600288391
2183,1,1,1,0.48596692085266113
2184,1,0,0,0.8904882669448853
2185,1,1,1,0.5066474080085754
2186,1,1,1,0.30361056327819824
2187,1,1,1,0.7206480503082275
2188,1,1,1,0.7573728561401367
2189,1,0,0,0.27087631821632385
2190,1,1,1,0.716515302658081
2191,1,1,1,0.4571155309677124
2192,1,1,1,0.48105108737945557
2193,1,1,1,0.830029308795929
2194,1,1,1,1.0390522480010986
2195,1,1,1,1.0423640012741089
2196,1,0,0,0.2654043734073639
2197,1,1,1,0.7296194434165955
2198,1,1,1,0.838409423828125
2199,1,1,1,1.2844256162643433
2200,1,1,1,0.7933520674705505
2201,1,1,1,0.9339810013771057
2202,1,1,1,0.7412710189819336
2203,1,1,1,0.8758127689361572
2204,1,1,1,0.9372718334197998
2205,1,1,1,1.1764076948165894
2206,1,1,1,0.5788038969039917
2207,1,1,1,0.9443860054016113
2208,1,1,1,0.7897559404373169
2209,1,1,1,1.198210597038269
2210,1,1,1,1.2206782102584839
2211,1,1,1,1.1007435321807861
2212,1,1,1,1.1867343187332153
2213,1,1,1,1.1874016523361206
2214,1,1,1,1.0430092811584473
2215,1,1,1,0.6430454254150391
2216,1,1,1,1.0294528007507324
2217,1,1,1,1.006543517112732
2218,1,1,1,0.9423661231994629
2219,1,1,1,0.7891228795051575
2220,1,1,1,1.1415159702301025
2221,1,1,1,0.35821712017059326
2222,1,1,1,0.6769335269927979
2223,1,1,1,0.836536705493927
2224,1,1,1,0.5086238384246826
2225,1,1,1,0.9244797825813293
2226,1,1,1,1.051674723625183
2227,1,1,1,0.7387905120849609
2228,1,1,1,1.126456618309021
2229,1,1,1,1.3714056015014648
2230,1,1,1,0.9316450953483582
2231,1,1,1,0.9802850484848022
2232,1,1,1,0.7288358211517334
2233,1,1,1,1.1607087850570679
2234,1,0,0,0.5070223212242126
2235,1,1,1,0.4798195958137512
2236,1,1,1,0.9351304769515991
2237,1,1,1,0.9138590693473816
2238,1,1,1,1.0218030214309692
2239,1,1,1,1.117514967918396
2240,1,1,1,0.5761559009552002
2241,1,1,1,0.7542627453804016
2242,1,0,0,0.7581682205200195
2243,1,0,0,0.29538699984550476
2244,1,0,0,0.5951990485191345
2245,1,1,1,0.478726863861084
2246,1,1,1,0.5297322869300842
2247,1,0,0,0.4365486800670624
2248,1,1,1,0.5947633981704712
2249,1,1,1,0.6478906869888306
2250,1,1,1,1.0029608011245728
2251,1,1,1,0.5555131435394287
2252,1,1,1,1.0986021757125854
2253,1,0,0,1.0913230180740356
2254,1,0,0,0.5132747292518616
2255,1,0,0,0.7933642268180847
2256,1,0,0,0.6914220452308655
2257,1,1,1,0.555513858795166
2258,1,1,1,0.4857351779937744
2259,1,0,0,0.4323119521141052
2260,1,1,1,0.5810182094573975
2261,1,1,1,0.5607168078422546
2262,1,1,1,0.8514991998672485
2263,1,1,1,0.6709772348403931
2264,1,1,1,0.6243993043899536
2265,1,1,1,1.1227564811706543
2266,1,1,1,0.7364783883094788
2267,1,1,1,0.1793968379497528
2268,1,1,1,0.6842173933982849
2269,1,1,1,0.19280046224594116
2270,1,1,1,0.7959461212158203
2271,1,0,0,0.47955310344696045
2272,1,0,0,0.5559512376785278
2273,1,0,0,0.29497119784355164
2274,1,1,1,0.3977835774421692
2275,1,1,1,0.4163392186164856
2276,1,1,1,0.5449357032775879
2277,1,1,1,0.2229529619216919
2278,1,0,0,1.1079641580581665
2279,1,0,0,0.8270596265792847
2280,1,1,1,0.32805997133255005
2281,1,0,0,0.36104071140289307
2282,1,1,1,0.4402148127555847
2283,1,0,0,0.38643571734428406
2284,1,1,1,0.41993021965026855
2285,1,1,1,1.0819447040557861
2286,1,1,1,0.7614344954490662
2287,1,1,1,0.49530911445617676
2288,1,1,1,0.9434728622436523
2289,1,1,1,0.912353515625
2290,1,1,1,0.3879660665988922
2291,1,1,1,0.2576397657394409
2292,1,1,1,0.5138019919395447
2293,1,1,1,0.5398824214935303
2294,1,1,1,0.7895094156265259
2295,1,0,0,1.5890275239944458
2296,1,0,0,1.2039929628372192
2297,1,0,0,1.2973448038101196
2298,1,0,0,0.8480575084686279
2299,1,0,0,0.4215150475502014
2300,1,0,0,0.32486584782600403
2301,1,0,0,0.8931503295898438
2302,1,1,1,0.25995224714279175
2303,1,1,1,0.2638590931892395
2304,1,0,0,0.6833204030990601
2305,1,0,0,0.8515655994415283
2306,1,1,1,0.3664577603340149
2307,1,1,1,0.7898211479187012
2308,1,1,1,0.7554864883422852
2309,1,1,1,0.6188561320304871
2310,1,1,1,0.573844313621521
2311,1,1,1,0.6292837858200073
2312,1,0,0,0.610716700553894
2313,1,1,1,0.8819446563720703
2314,1,1,1,0.6179473996162415
2315,1,1,1,0.6461304426193237
2316,1,1,1,0.43105512857437134
2317,1,1,1,0.18612711131572723
2318,1,1,1,0.6913976669311523
2319,1,1,1,0.40613627433776855
2320,1,0,0,1.4465394020080566
2321,1,1,1,0.3033457398414612
2322,1,0,0,1.7944806814193726
2323,1,0,0,1.350195288658142
2324,1,0,0,0.6965001821517944
2325,1,1,1,0.5916153192520142
2326,1,1,1,0.5189277529716492
2327,1,1,1,0.5069150924682617
2328,1,1,1,0.5795717835426331
2329,1,1,1,0.5831654667854309
2330,1,0,0,0.5006594061851501
2331,1,1,1,0.4123399555683136
2332,1,1,1,0.42443177103996277
2333,1,1,1,0.4687730073928833
2334,1,1,1,0.2664809823036194
2335,1,1,1,0.4105530381202698
2336,1,1,1,0.26177844405174255
2337,1,1,1,0.45593172311782837
2338,1,1,1,0.4190502166748047
2339,1,1,1,0.6996371150016785
2340,1,1,1,0.6708022356033325
2341,1,0,0,0.5252792835235596
2342,1,0,0,0.44090044498443604
2343,1,0,0,0.21145278215408325
2344,1,0,0,1.2715669870376587
2345,1,0,0,1.2622255086898804
2346,1,0,0,0.7740445137023926
2347,1,1,1,0.2659235894680023
2348,1,1,1,0.550304651260376
2349,1,0,0,0.5751345157623291
2350,1,1,1,0.2821125090122223
2351,1,0,0,0.9281502962112427
2352,1,1,1,0.3449971079826355
2353,1,0,0,0.2727070152759552
2354,1,0,0,1.0376613140106201
2355,1,0,0,1.035763144493103
2356,1,0,0,1.00059974193573
2357,1,0,0,1.1896415948867798
2358,1,0,0,1.151603102684021
2359,1,1,1,0.22609931230545044
2360,1,1,1,0.2953087389469147
2361,1,0,0,0.5367754697799683
2362,1,1,1,0.34390509128570557
2363,1,1,1,0.3780152499675751
2364,1,1,1,0.21244077384471893
2365,1,1,1,0.3630598783493042
2366,1,0,0,0.3820042312145233
2367,1,0,0,0.4047600030899048
2368,1,1,1,0.32085752487182617
2369,1,1,1,0.42719852924346924
2370,1,1,1,0.34131187200546265
2371,1,0,0,0.3344358503818512
2372,1,0,0,1.1927781105041504
2373,1,0,0,0.34530794620513916
2374,1,0,0,0.42461666464805603
2375,1,0,0,0.4845834970474243
2376,1,0,0,0.23288922011852264
2377,1,0,0,0.27098292112350464
2378,1,1,1,0.2531431019306183
2379,1,1,1,0.1716376692056656
2380,1,1,1,0.263231486082077
2381,1,0,0,0.4427609443664551
2382,1,0,0,0.8424694538116455
2383,1,0,0,0.7525474429130554
2384,1,0,0,0.5190154314041138
2385,1,0,0,0.4630831778049469
2386,1,0,0,0.8411099910736084
2387,1,0,0,1.3910375833511353
2388,1,0,0,0.41196784377098083
2389,1,0,0,0.8656917214393616
2390,1,0,0,0.5243349671363831
2391,1,0,0,0.5854031443595886
2392,1,0,0,0.8213751316070557
2393,1,0,0,0.9764697551727295
2394,1,1,1,0.3865222930908203
2395,1,0,0,1.4454573392868042
2396,1,0,0,0.771629810333252
2397,1,0,0,1.166927695274353
2398,1,0,0,0.8312699794769287
2399,1,0,0,0.8353646993637085
2400,1,1,1,0.5838984251022339
2401,1,0,0,1.004437804222107
2402,1,1,1,0.7862054705619812
2403,1,1,1,0.6532749533653259
2404,1,1,1,0.6371698379516602
2405,1,1,1,1.1318188905715942
2406,1,1,1,0.44024524092674255
2407,1,1,1,0.47128963470458984
2408,1,1,1,0.6566050052642822
2409,1,1,1,0.29180148243904114
2410,1,0,0,0.12394443154335022
2411,1,1,1,0.5615763664245605
2412,1,1,1,0.5420121550559998
2413,1,0,0,0.2964295744895935
2414,1,1,1,0.3851175308227539
2415,1,1,1,0.32414764165878296
2416,1,1,1,0.5636045932769775
2417,1,1,1,0.8405377268791199
2418,1,0,0,0.4601077437400818
2419,1,1,1,0.46885037422180176
2420,1,0,0,0.17560873925685883
2421,1,1,1,1.1496506929397583
2422,1,1,1,0.968902051448822
2423,1,1,1,0.7002198100090027
2424,1,1,1,0.6691592931747437
2425,1,1,1,0.7699964046478271
2426,1,1,1,0.8599191904067993
2427,1,1,1,0.8386931419372559
2428,1,0,0,0.8692582845687866
2429,1,0,0,0.3806021511554718
2430,1,0,0,0.5458413362503052
2431,1,1,1,0.7198517322540283
2432,1,0,0,0.8892717361450195
2433,1,1,1,0.3458295166492462
2434,1,1,1,1.0310393571853638
2435,1,1,1,0.3996179401874542
2436,1,0,0,1.3297860622406006
2437,1,1,1,0.5165601968765259
2438,1,1,1,0.7982912063598633
2439,1,0,0,0.45929670333862305
2440,1,1,1,0.8120800852775574
2441,1,0,0,0.6259697675704956
2442,1,1,1,0.6873950362205505
2443,1,1,1,0.9786646366119385
2444,1,0,0,0.29070544242858887
2445,1,1,1,0.7817602753639221
2446,1,1,1,0.6505752801895142
2447,1,1,1,0.5642520189285278
2448,1,0,0,0.3406756818294525
2449,1,1,1,1.0167795419692993
2450,1,0,0,0.5805269479751587
2451,1,1,1,0.28601476550102234
2452,1,1,1,0.4290556013584137
2453,1,0,0,0.2134218066930771
2454,1,1,1,0.20976968109607697
2455,1,0,0,0.13936446607112885
2456,1,1,1,0.22554653882980347
2457,1,1,1,0.6404867768287659
2458,1,0,0,0.21154703199863434
2459,1,1,1,0.2639322876930237
2460,1,0,0,0.4920933246612549
2461,1,1,1,0.7363125085830688
2462,1,1,1,0.5866025686264038
2463,1,1,1,0.6896542906761169
2464,1,1,1,0.5349991917610168
2465,1,1,1,0.48719102144241333
2466,1,1,1,0.286602258682251
2467,1,1,1,0.6436327695846558
2468,1,1,1,0.6461819410324097
2469,1,1,1,0.9363757967948914
2470,0,0,1,1.815003752708435
2471,1,0,0,0.400850772857666
2472,1,0,0,0.5982595086097717
2473,1,1,1,0.8984525203704834
2474,1,1,1,0.46655774116516113
2475,1,1,1,0.6907972097396851
2476,1,0,0,0.3800956904888153
2477,1,0,0,0.8960651159286499
2478,1,0,0,1.9690662622451782
2479,1,1,1,0.17530712485313416
2480,1,0,0,0.44265419244766235
2481,1,1,1,1.0123318433761597
2482,1,1,1,0.9308276176452637
2483,1,1,1,1.0229049921035767
2484,1,1,1,0.5750558972358704
2485,1,1,1,1.0128010511398315
2486,1,1,1,0.6708051562309265
2487,1,1,1,0.6993515491485596
2488,1,1,1,0.9200684428215027
2489,1,1,1,0.6272830963134766
2490,1,0,0,1.003202199935913
2491,1,1,1,0.3191767930984497
2492,1,1,1,0.5148109197616577
2493,1,1,1,0.7797529697418213
2494,1,1,1,0.5126446485519409
2495,1,1,1,0.5526043772697449
2496,1,1,1,0.5035594701766968
2497,1,0,0,0.9498730301856995
2498,1,0,0,0.993880033493042
2499,1,0,0,1.475199818611145
2500,1,0,0,1.0338401794433594
2501,1,1,1,0.4723197817802429
2502,1,1,1,0.45807015895843506
2503,1,1,1,0.7984343767166138
2504,1,1,1,1.0506731271743774
2505,1,1,1,0.6168371438980103
2506,1,1,1,0.94493567943573
2507,1,1,1,0.20038050413131714
2508,1,1,1,0.6276535987854004
2509,1,1,1,0.7468705177307129
2510,1,0,0,0.25815916061401367
2511,1,1,1,0.9478437304496765
2512,1,0,0,0.7151046991348267
2513,1,0,0,0.692109227180481
2514,1,1,1,0.6284366250038147
2515,1,1,1,0.5138394236564636
2516,1,1,1,0.5587436556816101
2517,1,1,1,0.3826037347316742
2518,1,0,0,0.8510183095932007
2519,1,0,0,0.941653847694397
2520,1,0,0,0.35826313495635986
2521,1,1,1,0.2667558789253235
2522,1,1,1,0.5205017924308777
2523,1,0,0,0.6455944776535034
2524,1,0,0,1.1231956481933594
2525,1,0,0,0.293477326631546
2526,1,0,0,0.8628654479980469
2527,1,1,1,0.7031036019325256
2528,1,1,1,0.5074089765548706
2529,0,0,1,0.3128500282764435
2530,1,1,1,0.5031737089157104
2531,0,0,1,0.21961626410484314
2532,1,1,1,0.837030827999115
2533,1,1,1,0.5930813550949097
2534,1,0,0,0.22498734295368195
2535,1,1,1,0.5814367532730103
2536,1,0,0,1.1749224662780762
2537,0,0,1,1.117719292640686
2538,0,0,1,0.29839614033699036
2539,0,0,1,0.5455125570297241
2540,0,0,1,0.7010231614112854
2541,1,0,0,0.500145435333252
2542,1,0,0,0.46056675910949707
2543,1,1,1,0.6396826505661011
2544,1,1,1,0.5283474922180176
2545,1,0,0,1.025510311126709
2546,1,1,1,0.5148844718933105
2547,1,1,1,0.573756992816925
2548,1,0,0,1.2720659971237183
2549,1,0,0,0.7154534459114075
2550,1,0,0,1.0142585039138794
2551,1,1,1,0.4014035165309906
2552,1,1,1,0.38286256790161133
2553,1,1,1,0.6235398650169373
2554,1,1,1,0.7845066785812378
2555,1,1,1,0.596118688583374
2556,1,1,1,0.5507864952087402
2557,1,1,1,0.6711598038673401
2558,1,1,1,0.4556085765361786
2559,1,1,1,0.5172630548477173
2560,1,1,1,0.8704384565353394
2561,1,0,0,0.6660974025726318
2562,1,0,0,0.7978928089141846
2563,1,0,0,0.41849321126937866
2564,1,1,1,0.8982952237129211
2565,1,1,1,0.5993531942367554
2566,1,0,0,0.700819730758667
2567,1,1,1,0.4813920259475708
2568,1,1,1,0.8083267211914062
2569,1,0,0,0.22539107501506805
2570,1,1,1,0.4505176842212677
2571,1,0,0,0.7811582088470459
2572,1,0,0,0.6478965282440186
2573,1,0,0,0.31307509541511536
2574,1,1,1,0.3267412781715393
2575,1,0,0,0.36144396662712097
2576,1,1,1,0.8137682676315308
2577,1,0,0,0.5130100846290588
2578,1,0,0,0.9434648752212524
2579,1,1,1,0.26400047540664673
2580,1,1,1,0.34101736545562744
2581,1,1,1,1.1247389316558838
2582,1,0,0,1.1408582925796509
2583,1,1,1,0.19097650051116943
2584,1,1,1,0.3776586353778839
2585,1,0,0,1.0330619812011719
2586,1,1,1,0.21035893261432648
2587,1,0,0,0.503810465335846
2588,1,0,0,0.8648518919944763
2589,1,0,0,0.5474495887756348
2590,1,1,1,0.39162805676460266
2591,1,0,0,0.4145265221595764
2592,1,1,1,0.5052253603935242
2593,1,1,1,0.5509555339813232
2594,1,0,0,0.6280296444892883
2595,1,1,1,0.911871075630188
2596,1,1,1,0.9471177458763123
2597,1,1,1,0.6066617965698242
2598,1,1,1,0.22774994373321533
2599,1,0,0,0.3407261371612549
2600,1,1,1,0.33528560400009155
2601,1,0,0,0.6191264986991882
2602,1,1,1,0.4324607253074646
2603,1,1,1,0.2801911234855652
2604,1,1,1,0.23095783591270447
2605,1,0,0,0.5612425804138184
2606,1,0,0,1.0416796207427979
2607,1,1,1,0.3981195092201233
2608,1,1,1,0.384115070104599
2609,1,1,1,0.46015554666519165
2610,1,0,0,0.3050614893436432
2611,1,0,0,0.3147621750831604
2612,1,1,1,0.7884306907653809
2613,1,0,0,0.6053948402404785
2614,1,1,1,0.4449246823787689
2615,1,1,1,0.6426076889038086
2616,1,1,1,0.2269299328327179
2617,1,1,1,0.20082399249076843
2618,1,0,0,0.5183182954788208
2619,1,0,0,0.5741760730743408
2620,1,1,1,0.7446374893188477
2621,1,0,0,0.23533295094966888
2622,1,1,1,0.6418406963348389
2623,1,1,1,0.5826116800308228
2624,1,0,0,0.4981854557991028
2625,1,1,1,0.39076048135757446
2626,1,0,0,0.3263722062110901
2627,1,0,0,0.2740275263786316
2628,1,0,0,1.5010415315628052
2629,1,1,1,0.41842204332351685
2630,1,1,1,1.201701045036316
2631,1,1,1,0.5712746381759644
2632,1,1,1,0.42384594678878784
2633,1,0,0,0.8323403000831604
2634,1,0,0,0.9203903675079346
2635,1,1,1,0.8767110109329224
2636,1,1,1,0.6174674034118652
2637,1,0,0,1.2965818643569946
2638,1,1,1,0.17621800303459167
2639,1,1,1,0.22896018624305725
2640,1,0,0,1.8328803777694702
2641,1,1,1,0.22507095336914062
2642,1,1,1,0.5690832138061523
2643,1,0,0,0.1752655953168869
2644,1,0,0,0.9456610679626465
2645,1,1,1,0.2315794825553894
2646,1,0,0,0.29240667819976807
2647,1,1,1,0.32392948865890503
2648,1,1,1,0.9113019704818726
2649,1,1,1,0.7035704851150513
2650,1,0,0,1.1799222230911255
2651,1,0,0,1.3277231454849243
2652,1,1,1,0.4222205877304077
2653,1,1,1,0.7410718202590942
2654,1,0,0,2.1175451278686523
2655,1,1,1,0.7590053677558899
2656,1,1,1,0.6052401661872864
2657,1,1,1,0.5819432139396667
2658,1,1,1,0.33999496698379517
2659,1,1,1,0.2004174143075943
2660,1,1,1,0.18937447667121887
2661,1,0,0,0.3934600353240967
2662,1,0,0,0.38399460911750793
2663,1,0,0,0.41781651973724365
2664,1,0,0,0.48255306482315063
2665,1,0,0,0.909232497215271
2666,1,1,1,0.552628219127655
2667,1,1,1,0.5611127614974976
2668,1,1,1,0.42674973607063293
2669,1,0,0,0.8869969248771667
2670,1,1,1,0.5231791734695435
2671,1,0,0,0.4418574869632721
2672,1,1,1,0.15508902072906494
2673,1,1,1,0.5745941400527954
2674,1,0,0,1.0199569463729858
2675,1,0,0,0.34868893027305603
2676,1,1,1,0.4294917583465576
2677,1,1,1,0.34446364641189575
2678,1,1,1,0.5909123420715332
2679,1,1,1,0.6927350759506226
2680,1,1,1,0.5200430154800415
2681,1,0,0,0.2702261209487915
2682,1,1,1,0.9424216151237488
2683,1,1,1,0.684949517250061
2684,1,0,0,0.3292619585990906
2685,1,1,1,0.30220329761505127
2686,1,1,1,0.5826712250709534
2687,1,1,1,0.4078235328197479
2688,1,1,1,0.33963334560394287
2689,1,0,0,0.7406489849090576
2690,1,0,0,0.6793171167373657
2691,1,1,1,0.34483659267425537
2692,1,1,1,0.6304088234901428
2693,1,0,0,0.2776430547237396
2694,1,1,1,0.4233941435813904
2695,1,0,0,0.6789270639419556
2696,1,0,0,0.6651467084884644
2697,1,1,1,0.25263217091560364
2698,1,1,1,0.3013950288295746
2699,1,0,0,0.44205769896507263
2700,1,0,0,0.7621828317642212
2701,1,1,1,0.2160205841064453
2702,1,0,0,0.6563388705253601
2703,1,0,0,0.45310646295547485
2704,1,1,1,0.888336718082428
2705,1,0,0,0.8657886385917664
2706,1,1,1,0.5206586122512817
2707,1,1,1,0.2942192852497101
2708,1,1,1,0.6373345851898193
2709,1,0,0,1.0290250778198242
2710,1,1,1,0.29205816984176636
2711,1,0,0,0.41131067276000977
2712,1,0,0,0.6423546075820923
2713,1,1,1,0.7809391021728516
2714,1,0,0,0.29939043521881104
2715,1,0,0,0.729300320148468
2716,1,1,1,0.2671225965023041
2717,1,1,1,0.9108508825302124
2718,1,1,1,1.1028364896774292
2719,1,0,0,0.36061573028564453
2720,1,0,0,0.24054770171642303
2721,1,1,1,0.40833258628845215
2722,1,0,0,0.5615277886390686
2723,1,0,0,0.5409661531448364
2724,1,1,1,0.3372986912727356
2725,1,1,1,0.37053799629211426
2726,1,1,1,0.3498617112636566
2727,1,0,0,0.9760991930961609
2728,1,1,1,0.5557531118392944
2729,1,1,1,0.2499331831932068
2730,1,1,1,0.8445559740066528
2731,1,0,0,1.1671408414840698
2732,1,0,0,0.6541390419006348
2733,1,0,0,0.4948779344558716
2734,1,0,0,0.604471743106842
2735,1,1,1,1.2058992385864258
2736,1,1,1,0.2614225745201111
2737,1,0,0,0.5720710158348083
2738,1,1,1,0.7188855409622192
2739,1,1,1,0.3704577386379242
2740,1,1,1,1.0141493082046509
2741,1,0,0,0.3774798512458801
2742,1,1,1,1.0675007104873657
2743,1,1,1,0.5356087684631348
2744,1,1,1,0.6810270547866821
2745,1,1,1,0.8200711011886597
2746,1,1,1,0.5298250317573547
2747,1,0,0,0.7638370990753174
2748,1,1,1,0.23882070183753967
2749,1,1,1,1.0925806760787964
2750,1,0,0,0.4050039052963257
2751,1,0,0,0.8935267925262451
2752,1,1,1,0.2834654450416565
2753,1,1,1,0.26356589794158936
2754,1,1,1,0.8026823997497559
2755,1,1,1,0.5086955428123474
2756,1,1,1,0.2738916873931885
2757,1,1,1,0.491820752620697
2758,1,0,0,0.5593650937080383
2759,1,1,1,0.5829843282699585
2760,1,1,1,0.6234506368637085
2761,1,0,0,1.4866865873336792
2762,1,0,0,1.1354581117630005
2763,1,1,1,1.190358281135559
2764,1,0,0,0.20633356273174286
2765,1,1,1,0.5917431116104126
2766,1,0,0,0.49996089935302734
2767,1,1,1,0.725745677947998
2768,1,1,1,0.42589980363845825
2769,1,1,1,0.5112686157226562
2770,1,1,1,0.7367311716079712
2771,1,0,0,0.6550503969192505
2772,1,1,1,0.6947506666183472
2773,1,0,0,0.7206288576126099
2774,1,0,0,0.5350414514541626
2775,1,0,0,1.020274043083191
2776,1,0,0,0.6128627061843872
2777,1,1,1,1.172258973121643
2778,1,1,1,0.8800280690193176
2779,1,0,0,0.6952243447303772
2780,1,1,1,0.41467198729515076
2781,1,1,1,0.7001966238021851
2782,1,1,1,0.25486311316490173
2783,1,0,0,0.9218416213989258
2784,1,0,0,1.188330888748169
2785,1,1,1,0.23521965742111206
2786,1,0,0,0.7706989645957947
2787,1,1,1,0.5140955448150635
2788,1,0,0,0.703895092010498
2789,1,1,1,0.34814950823783875
2790,1,0,0,0.09547142684459686
2791,1,0,0,1.1446421146392822
2792,1,1,1,0.4841282367706299
2793,1,0,0,0.2765917181968689
2794,1,0,0,0.527405858039856
2795,1,0,0,1.0287967920303345
2796,1,1,1,0.39417487382888794
2797,1,1,1,0.5670284032821655
2798,1,0,0,0.6231816411018372
2799,1,1,1,0.32274991273880005
2800,1,0,0,0.24235527217388153
2801,1,0,0,0.3946409523487091
2802,1,0,0,0.151712104678154
2803,1,1,1,0.6260077953338623
2804,1,0,0,0.7318956851959229
2805,1,1,1,0.41254597902297974
2806,1,1,1,0.35480040311813354
2807,1,1,1,0.6498414278030396
2808,1,1,1,0.602239727973938
2809,1,1,1,1.0127800703048706
2810,1,1,1,0.6632093191146851
2811,1,0,0,0.3725678622722626
2812,1,0,0,0.3131115734577179
2813,1,1,1,0.6527884602546692
2814,1,1,1,0.2505888342857361
2815,1,1,1,0.7347134351730347
2816,1,1,1,0.2531363368034363
2817,1,0,0,0.2901560962200165
2818,1,1,1,0.41978126764297485
2819,1,0,0,0.6003997325897217
2820,1,1,1,0.30440759658813477
2821,1,0,0,0.3879098892211914
2822,1,0,0,1.145347237586975
2823,1,0,0,1.2200201749801636
2824,1,0,0,0.39688849449157715
2825,1,0,0,1.1827813386917114
2826,1,1,1,0.6285766363143921
2827,1,0,0,0.612484872341156
2828,1,0,0,1.2280601263046265
2829,1,1,1,0.4752434492111206
2830,1,0,0,0.766938328742981
2831,1,1,1,0.8280487060546875
2832,1,1,1,0.610929012298584
2833,1,0,0,0.8289241194725037
2834,1,0,0,0.7038001418113708
2835,1,0,0,0.4420124590396881
2836,1,1,1,0.5146491527557373
2837,1,0,0,0.26743283867836
2838,1,1,1,0.3577016592025757
2839,1,1,1,0.4265265166759491
2840,1,1,1,0.40144965052604675
2841,1,1,1,0.4124903678894043
2842,1,1,1,0.2596305012702942
2843,1,0,0,1.3839017152786255
2844,1,0,0,0.38060328364372253
2845,1,1,1,0.5656105875968933
2846,1,0,0,1.162915825843811
2847,1,1,1,0.4872937798500061
2848,1,0,0,0.2729714512825012
2849,1,0,0,0.43852698802948
2850,1,1,1,0.25318312644958496
2851,1,1,1,0.3369368314743042
2852,1,0,0,0.2840787470340729
2853,1,1,1,0.37443387508392334
2854,1,0,0,0.289135217666626
2855,1,1,1,0.5645937323570251
2856,1,0,0,0.6895525455474854
2857,1,1,1,0.2791321277618408
2858,1,1,1,0.4826362729072571
2859,1,1,1,1.0316886901855469
2860,1,0,0,1.5251764059066772
2861,1,0,0,0.6897075176239014
2862,1,0,0,0.4007714092731476
2863,1,0,0,0.24000823497772217
2864,1,1,1,0.5097413063049316
2865,1,1,1,0.26173830032348633
2866,1,0,0,1.2096527814865112
2867,1,0,0,0.5308495163917542
2868,1,1,1,0.2613576650619507
2869,1,1,1,0.8530951142311096
2870,1,1,1,1.0564137697219849
2871,1,0,0,0.9323748350143433
2872,1,1,1,0.5375534892082214
2873,1,0,0,0.4451165199279785
2874,1,0,0,1.1449482440948486
2875,1,1,1,0.1733858734369278
2876,1,1,1,0.44033658504486084
2877,1,0,0,0.5216382741928101
2878,1,1,1,0.2273496389389038
2879,1,1,1,0.7726905345916748
2880,1,1,1,0.9786211252212524
2881,1,0,0,0.35665982961654663
2882,1,0,0,0.4533088207244873
2883,1,1,1,0.21989768743515015
2884,1,0,0,1.0965378284454346
2885,1,1,1,0.5722721815109253
2886,1,1,1,0.3515039086341858
2887,1,0,0,0.3774894177913666
2888,1,1,1,0.5112329721450806
2889,1,1,1,0.16732262074947357
2890,1,1,1,0.5202009081840515
2891,1,0,0,0.2195117175579071
2892,1,1,1,0.5782086849212646
2893,1,1,1,0.47364139556884766
2894,1,1,1,0.8587024211883545
2895,1,1,1,0.24994459748268127
2896,1,0,0,0.4862516224384308
2897,1,0,0,0.728996992111206
2898,1,0,0,0.49393028020858765
2899,1,1,1,0.6265972852706909
2900,1,1,1,0.5339434146881104
2901,1,1,1,0.3398171067237854
2902,1,0,0,0.35137802362442017
2903,1,1,1,1.0265233516693115
2904,1,1,1,0.6542385220527649
2905,1,0,0,1.04647958278656
2906,1,1,1,0.2590978741645813
2907,1,1,1,0.6724473237991333
2908,1,1,1,0.7690533399581909
2909,1,1,1,0.4523005187511444
2910,1,1,1,0.8812087774276733
2911,1,1,1,0.43021059036254883
2912,1,1,1,0.8724676370620728
2913,1,0,0,0.2835521101951599
2914,1,1,1,0.44879046082496643
2915,1,1,1,0.39168983697891235
2916,1,1,1,0.6975569128990173
2917,1,1,1,0.9097431898117065
2918,1,1,1,0.8148375749588013
2919,1,1,1,0.6638084650039673
2920,1,0,0,0.6788811683654785
2921,1,1,1,0.6223551034927368
2922,1,1,1,0.9654203057289124
2923,1,1,1,0.5086677670478821
2924,1,1,1,0.9748736619949341
2925,1,1,1,0.9400141835212708
2926,1,1,1,0.3715433180332184
2927,0,0,1,1.0814012289047241
2928,0,0,1,1.4154852628707886
2929,0,0,1,0.5071125030517578
2930,0,0,1,0.7409676909446716
2931,0,0,1,0.8869739174842834
2932,0,0,1,0.9192365407943726
2933,0,0,1,0.3285180628299713
2934,0,0,1,0.5179987549781799
2935,0,0,1,1.65047025680542
2936,0,0,1,0.40340715646743774
2937,0,0,1,0.8148108124732971
2938,0,0,1,0.9619157910346985
2939,0,0,1,1.509362816810608
2940,0,0,1,1.405871868133545
2941,0,0,1,1.499329686164856
2942,0,1,0,0.8163378238677979
2943,0,0,1,0.27178511023521423
2944,0,1,0,0.483087956905365
2945,0,0,1,1.4766782522201538
2946,0,0,1,1.2677894830703735
2947,0,0,1,1.5615581274032593
2948,0,0,1,2.3298513889312744
2949,0,0,1,1.6995279788970947
2950,0,0,1,1.4423879384994507
2951,0,0,1,1.8908792734146118
2952,0,0,1,1.3726972341537476
2953,0,0,1,0.8216818571090698
2954,0,0,1,2.0299267768859863
2955,0,0,1,1.6590805053710938
2956,0,0,1,2.211453437805176
2957,0,0,1,1.1328480243682861
2958,0,0,1,0.6927881240844727
2959,0,0,1,0.36322832107543945
2960,0,0,1,1.4230352640151978
2961,0,0,1,1.172324299812317
2962,0,0,1,1.8513662815093994
2963,0,0,1,0.4667370021343231
2964,0,0,1,2.20159649848938
2965,0,0,1,0.7582089304924011
2966,0,0,1,1.9796565771102905
2967,0,0,1,0.715456485748291
2968,0,0,1,1.268959641456604
2969,0,0,1,1.262961745262146
2970,0,0,1,0.9077882766723633
2971,0,0,1,1.8001437187194824
2972,0,0,1,1.7456406354904175
2973,0,0,1,1.2523852586746216
2974,0,0,1,1.3676766157150269
2975,0,0,1,1.4766998291015625
2976,0,0,1,1.1893938779830933
2977,0,0,1,2.2617928981781006
2978,0,0,1,1.9092214107513428
2979,0,0,1,1.8124114274978638
2980,0,0,1,1.3016775846481323
2981,0,0,1,0.3763124942779541
2982,0,0,1,0.9265781044960022
2983,0,0,1,0.9385408163070679
2984,0,0,1,2.1691253185272217
2985,0,0,1,1.1685059070587158
2986,0,0,1,1.2841129302978516
2987,0,0,1,0.5955507755279541
2988,0,0,1,1.6352459192276
2989,0,0,1,0.43995797634124756
2990,0,0,1,0.5758854150772095
2991,0,0,1,1.0572646856307983
2992,0,0,1,0.9695624113082886
2993,0,0,1,0.45906636118888855
2994,0,0,1,1.317786693572998
2995,0,0,1,1.3750873804092407
2996,0,0,1,0.752206563949585
2997,0,0,1,0.7931787967681885
2998,0,0,1,0.4068576991558075
2999,0,1,0,0.31330448389053345
3000,0,0,1,0.8248001337051392
3001,0,0,1,1.304733157157898
3002,0,0,1,0.3659857213497162
3003,0,1,0,0.6125658750534058
3004,0,0,1,1.3487190008163452
3005,0,1,0,0.42617034912109375
3006,0,0,1,0.9508956074714661
3007,0,0,1,1.0450024604797363
3008,0,0,1,1.9300001859664917
3009,0,0,1,2.2783877849578857
3010,0,0,1,1.2437046766281128
3011,0,0,1,1.0362006425857544
3012,0,1,0,0.7585370540618896
3013,0,1,0,0.38286101818084717
3014,0,0,1,1.8315485715866089
3015,0,0,1,0.4161086082458496
3016,0,0,1,1.3316144943237305
3017,0,0,1,1.7887885570526123
3018,0,0,1,1.7086800336837769
3019,0,0,1,1.121970772743225
3020,0,0,1,1.3046075105667114
3021,0,0,1,0.39021965861320496
3022,0,0,1,0.9850054979324341
3023,0,0,1,1.5433425903320312
3024,0,1,0,0.5505266189575195
3025,0,1,0,0.6470340490341187
3026,0,0,1,1.1358851194381714
3027,0,0,1,0.7951493859291077
3028,0,0,1,0.8415547609329224
3029,0,0,1,1.4823187589645386
3030,0,0,1,0.2767358422279358
3031,0,0,1,0.5998756885528564
3032,0,0,1,1.2935832738876343
3033,0,0,1,0.7561095356941223
3034,0,1,0,0.5265632271766663
3035,0,0,1,0.9972324371337891
3036,0,0,1,0.22239600121974945
3037,0,0,1,0.7457414269447327
3038,0,0,1,0.8299753665924072
3039,0,0,1,1.411655306816101
3040,0,0,1,1.1490312814712524
3041,0,0,1,1.2845031023025513
3042,0,0,1,1.5189101696014404
3043,0,0,1,0.47255778312683105
3044,0,0,1,0.7827833294868469
3045,0,0,1,0.5606185793876648
3046,0,0,1,0.2585704028606415
3047,0,0,1,0.6703770160675049
3048,0,1,0,0.4531174898147583
3049,0,0,1,0.7220821380615234
3050,0,0,1,1.8673456907272339
3051,0,0,1,1.5385403633117676
3052,0,0,1,1.1370160579681396
3053,0,1,0,0.5212098360061646
3054,0,0,1,1.091058373451233
3055,0,0,1,1.35187828540802
3056,0,0,1,1.2737258672714233
3057,0,1,0,0.4978408217430115
3058,0,0,1,1.4434107542037964
3059,0,0,1,0.9581397771835327
3060,0,0,1,1.1508067846298218
3061,0,1,0,0.41685110330581665
3062,0,0,1,1.0793393850326538
3063,0,1,0,0.35487329959869385
3064,0,0,1,0.5154922008514404
3065,0,0,1,1.9713307619094849
3066,0,0,1,1.5047518014907837
3067,0,0,1,1.4467732906341553
3068,0,0,1,0.9334233403205872
3069,0,0,1,0.8205764293670654
3070,0,0,1,1.685721516609192
3071,0,0,1,1.803402304649353
3072,0,0,1,1.0167758464813232
3073,0,0,1,1.6296669244766235
3074,0,0,1,0.6585458517074585
3075,0,0,1,0.9839372634887695
3076,0,0,1,1.3564491271972656
3077,0,0,1,0.189862459897995
3078,0,0,1,0.8409175872802734
3079,0,0,1,0.2586912512779236
3080,0,0,1,0.9955417513847351
3081,0,0,1,1.163341999053955
3082,0,0,1,1.0378187894821167
3083,0,0,1,0.5724855661392212
3084,0,1,0,0.4494168758392334
3085,0,0,1,1.6787141561508179
3086,0,0,1,0.7046520709991455
3087,0,0,1,1.5046879053115845
3088,0,0,1,1.246369481086731
3089,0,0,1,0.6671445369720459
3090,0,0,1,1.0093822479248047
3091,0,0,1,1.5513917207717896
3092,0,0,1,0.9809169769287109
3093,0,1,0,0.6669667959213257
3094,0,1,0,0.7924730777740479
3095,0,0,1,0.7449597716331482
3096,0,0,1,0.6689722537994385
3097,0,0,1,0.6582273840904236
3098,0,1,0,0.2490832507610321
3099,0,0,1,0.4583417773246765
3100,0,0,1,0.7963114380836487
3101,0,0,1,0.6753098964691162
3102,0,0,1,2.0212345123291016
3103,0,0,1,0.42173904180526733
3104,0,0,1,0.911309003829956
3105,0,0,1,1.4666296243667603
3106,0,0,1,0.8952037692070007
3107,0,0,1,1.6227649450302124
3108,0,0,1,2.4887685775756836
3109,0,0,1,0.6609456539154053
3110,0,0,1,1.9751136302947998
3111,0,0,1,1.6455236673355103
3112,0,0,1,0.7848916053771973
3113,0,0,1,0.6856605410575867
3114,0,1,0,0.33787691593170166
3115,0,0,1,2.0620923042297363
3116,0,0,1,1.223800539970398
3117,0,0,1,1.8576993942260742
3118,0,0,1,1.887639045715332
3119,0,0,1,2.030632972717285
3120,0,0,1,1.0935896635055542
3121,0,0,1,0.5132349729537964
3122,0,0,1,1.6097395420074463
3123,0,0,1,0.7897162437438965
3124,0,0,1,2.3607468605041504
3125,0,0,1,1.677425742149353
3126,0,0,1,1.6794627904891968
3127,0,0,1,2.1669797897338867
3128,0,1,0,0.30159658193588257
3129,0,0,1,2.366217613220215
3130,0,0,1,1.6202545166015625
3131,0,0,1,0.8980985879898071
3132,0,0,1,1.277947187423706
3133,0,0,1,0.3092232346534729
3134,0,0,1,0.8042824864387512
3135,0,0,1,0.7399477958679199
3136,0,0,1,0.7616375088691711
3137,0,0,1,0.5112915635108948
3138,0,0,1,2.3824071884155273
3139,0,0,1,1.6469563245773315
3140,0,0,1,1.2017914056777954
3141,0,0,1,1.1728241443634033
3142,0,0,1,1.5737792253494263
3143,0,0,1,2.0429606437683105
3144,0,0,1,1.435940146446228
3145,0,0,1,2.405276298522949
3146,0,0,1,1.3258402347564697
3147,0,0,1,1.990789532661438
3148,0,0,1,1.214147686958313
3149,0,1,0,0.3516906499862671
3150,0,0,1,0.6637135744094849
3151,0,0,1,0.9749407768249512
3152,0,0,1,0.1991666853427887
3153,0,0,1,1.1385074853897095
3154,0,0,1,0.6882748603820801
3155,0,1,0,0.3454374074935913
3156,0,0,1,0.3909009099006653
3157,0,1,0,0.42968976497650146
3158,0,0,1,1.226061463356018
3159,0,0,1,2.1353816986083984
3160,0,0,1,1.406477689743042
3161,0,0,1,1.9903141260147095
3162,0,0,1,1.4214473962783813
3163,0,0,1,0.9397937059402466
3164,0,0,1,0.7458398342132568
3165,0,0,1,1.666785717010498
3166,0,0,1,0.6656379103660583
3167,0,0,1,1.9337142705917358
3168,0,0,1,2.2010273933410645
3169,0,0,1,2.1045002937316895
3170,0,0,1,0.8766664266586304
3171,0,1,0,0.535261332988739
3172,0,0,1,0.7834857702255249
3173,0,0,1,0.8121488094329834
3174,0,0,1,1.0861932039260864
3175,0,1,0,0.35940665006637573
3176,0,0,1,1.2630034685134888
3177,0,0,1,0.32515716552734375
3178,0,1,0,0.36179494857788086
3179,0,0,1,0.9994106292724609
3180,0,0,1,1.4848085641860962
3181,0,0,1,1.208006501197815
3182,0,0,1,1.7935259342193604
3183,0,0,1,1.5155385732650757
3184,0,0,1,0.8493880033493042
3185,0,0,1,0.42565810680389404
3186,0,0,1,0.39445632696151733
3187,0,0,1,1.5398396253585815
3188,0,0,1,0.9060615301132202
3189,0,1,0,0.32677793502807617
3190,0,1,0,0.34473299980163574
3191,0,0,1,0.676093339920044
3192,0,0,1,0.3780491352081299
3193,0,0,1,0.8690752983093262
3194,0,0,1,1.017806887626648
3195,0,0,1,0.2838057279586792
3196,0,1,0,0.5994299650192261
3197,0,0,1,0.6305735111236572
3198,0,0,1,1.2090089321136475
3199,0,0,1,0.5892648696899414
3200,0,0,1,0.8460850119590759
3201,0,0,1,0.6283950805664062
3202,0,0,1,1.3632798194885254
3203,0,0,1,0.9848488569259644
3204,0,0,1,1.6554034948349
3205,0,0,1,2.3949074745178223
3206,0,0,1,1.3650492429733276
3207,0,0,1,0.6491878032684326
3208,0,0,1,2.208009719848633
3209,0,0,1,0.3776058256626129
3210,0,0,1,1.137617588043213
3211,0,0,1,1.1017985343933105
3212,0,0,1,2.191873073577881
3213,0,0,1,1.969356656074524
3214,0,0,1,1.4654356241226196
3215,0,0,1,0.9944473505020142
3216,0,0,1,1.686528205871582
3217,0,0,1,1.2752262353897095
3218,0,0,1,0.5826112031936646
3219,0,0,1,2.038454532623291
3220,0,0,1,1.0481091737747192
3221,0,0,1,0.4958086907863617
3222,0,0,1,0.6534652709960938
3223,0,0,1,2.2891409397125244
3224,0,0,1,0.7308662533760071
3225,0,0,1,1.1511503458023071
3226,0,0,1,1.2012165784835815
3227,0,0,1,2.157984733581543
3228,0,0,1,0.5595782995223999
3229,0,1,0,0.36269479990005493
3230,0,0,1,1.1832917928695679
3231,0,0,1,1.6195943355560303
3232,0,0,1,0.5377532243728638
3233,0,0,1,1.2248116731643677
3234,0,0,1,0.8345811367034912
3235,0,0,1,2.009941577911377
3236,0,0,1,1.454285979270935
3237,0,0,1,0.9908874034881592
3238,0,0,1,2.1431713104248047
3239,0,0,1,1.6283308267593384
3240,0,1,0,0.2991379499435425
3241,0,0,1,2.290855884552002
3242,0,0,1,0.4030524790287018
3243,0,0,1,0.8377029895782471
3244,0,0,1,0.2624770402908325
3245,0,0,1,1.0522829294204712
3246,0,0,1,0.807134747505188
3247,0,0,1,0.4016507863998413
3248,0,0,1,1.462424397468567
3249,0,0,1,0.5925461649894714
3250,0,0,1,0.5469593405723572
3251,0,0,1,2.308532476425171
3252,0,0,1,2.1175167560577393
3253,0,0,1,0.9045522212982178
3254,0,0,1,1.268074870109558
3255,0,0,1,1.4361661672592163
3256,0,0,1,2.2258377075195312
3257,0,0,1,1.881279706954956
3258,0,0,1,1.2818098068237305
3259,0,1,0,0.7000783681869507
3260,0,1,0,0.2512062191963196
3261,0,0,1,0.6592816114425659
3262,0,0,1,0.8364883065223694
3263,0,0,1,0.7390397787094116
3264,0,0,1,1.4796465635299683
3265,0,0,1,1.4760562181472778
3266,0,0,1,1.2190037965774536
3267,0,0,1,1.4302057027816772
3268,0,0,1,1.0759562253952026
3269,0,0,1,0.8406949639320374
3270,0,0,1,0.720801591873169
3271,0,0,1,1.3593562841415405
3272,0,0,1,1.4188458919525146
3273,0,0,1,1.546704649925232
3274,0,0,1,1.7581220865249634
3275,0,0,1,1.1136023998260498
3276,0,0,1,1.0303928852081299
3277,0,0,1,0.28030073642730713
3278,0,0,1,1.0443795919418335
3279,0,0,1,1.3747209310531616
3280,0,0,1,2.0175704956054688
3281,0,1,0,0.23378944396972656
3282,0,0,1,1.5761672258377075
3283,0,0,1,1.0917397737503052
3284,0,0,1,0.9617952108383179
3285,0,0,1,1.6837151050567627
3286,0,0,1,1.4669445753097534
3287,0,0,1,0.9862328171730042
3288,1,0,0,1.5781363248825073
3289,0,0,1,2.1079635620117188
3290,0,0,1,1.6946618556976318
3291,0,0,1,2.0585062503814697
3292,0,0,1,0.9505345821380615
3293,0,0,1,0.955846905708313
3294,0,0,1,2.162187099456787
3295,0,0,1,2.2582502365112305
3296,0,0,1,0.8973338603973389
3297,0,1,0,0.25992918014526367
3298,0,1,0,0.4206247329711914
3299,0,0,1,1.0563753843307495
3300,0,0,1,1.5644029378890991
3301,0,0,1,0.20447412133216858
3302,0,0,1,0.8435068130493164
3303,0,1,0,0.16913440823554993
3304,0,0,1,1.7700238227844238
3305,0,0,1,1.4597111940383911
3306,0,0,1,1.1235214471817017
3307,0,0,1,1.3662763833999634
3308,0,0,1,1.4441434144973755
3309,0,0,1,1.588375449180603
3310,0,0,1,0.9403146505355835
3311,0,0,1,1.1954445838928223
3312,0,0,1,0.9862234592437744
3313,0,0,1,0.8899732828140259
3314,0,1,0,0.44136929512023926
3315,0,0,1,0.6376701593399048
3316,0,0,1,0.6136999130249023
3317,0,0,1,2.0038723945617676
3318,0,0,1,1.2623032331466675
3319,0,0,1,0.9361356496810913
3320,0,0,1,0.8009173274040222
3321,0,0,1,1.057666540145874
3322,0,0,1,0.772860586643219
3323,0,0,1,0.610701322555542
3324,0,1,0,0.8108498454093933
3325,0,0,1,1.507853388786316
3326,0,0,1,1.5293961763381958
3327,0,0,1,2.020233154296875
3328,0,0,1,1.3349205255508423
3329,0,0,1,1.7438839673995972
3330,0,0,1,1.7499686479568481
3331,0,0,1,1.432637095451355
3332,0,0,1,1.5799416303634644
3333,0,0,1,1.1442967653274536
3334,0,0,1,1.4449509382247925
3335,0,0,1,1.6220616102218628
3336,0,0,1,0.9263808131217957
3337,0,0,1,0.9881953597068787
3338,0,0,1,1.503320574760437
3339,0,0,1,0.8921844959259033
3340,0,0,1,1.168322205543518
3341,0,0,1,1.700081467628479
3342,0,0,1,1.2034224271774292
3343,0,0,1,0.9127389192581177
3344,0,0,1,1.1322026252746582
3345,0,0,1,1.8347939252853394
3346,0,0,1,2.388305902481079
3347,0,0,1,2.26570725440979
3348,0,0,1,1.3535798788070679
3349,0,0,1,1.6713157892227173
3350,0,0,1,1.3069828748703003
3351,0,0,1,0.8713034987449646
3352,0,0,1,0.4436842203140259
3353,0,0,1,0.2458750307559967
3354,0,0,1,0.3925034999847412
3355,0,0,1,0.8006959557533264
3356,0,0,1,0.5435582399368286
3357,0,1,0,0.35576093196868896
3358,0,0,1,1.2693301439285278
3359,0,0,1,0.8684333562850952
3360,0,0,1,0.6695051789283752
3361,0,0,1,0.5030827522277832
3362,0,0,1,2.0278849601745605
3363,0,0,1,1.3532158136367798
3364,0,1,0,0.22848331928253174
3365,0,0,1,1.8187984228134155
3366,0,1,0,0.3636491894721985
3367,0,0,1,1.164300560951233
3368,0,0,1,0.5841119885444641
3369,0,0,1,1.4648159742355347
3370,0,0,1,1.6425204277038574
3371,0,0,1,1.0554828643798828
3372,0,0,1,1.3996880054473877
3373,0,0,1,0.32635194063186646
3374,0,0,1,1.4746967554092407
3375,0,0,1,1.945175290107727
3376,0,0,1,1.3575079441070557
3377,0,0,1,1.233955979347229
3378,0,0,1,2.164505958557129
3379,0,0,1,1.4114967584609985
3380,0,0,1,1.0202735662460327
3381,0,0,1,1.182824969291687
3382,0,0,1,1.6363277435302734
3383,0,0,1,0.9801462292671204
3384,0,0,1,1.6061943769454956
3385,0,0,1,1.1686946153640747
3386,0,0,1,1.4057533740997314
3387,0,0,1,1.4630178213119507
3388,0,1,0,0.46433225274086
3389,0,0,1,1.3237882852554321
3390,0,0,1,0.7524384260177612
3391,0,0,1,1.2493599653244019
3392,0,0,1,0.7286139726638794
3393,0,1,0,0.3251660168170929
3394,0,0,1,1.2509713172912598
3395,0,0,1,2.17511248588562
3396,0,0,1,0.8899070024490356
3397,0,0,1,0.6434034109115601
3398,0,0,1,0.8865350484848022
3399,0,0,1,1.0323268175125122
3400,0,0,1,1.629516839981079
3401,0,0,1,2.074613332748413
3402,0,0,1,1.9121288061141968
3403,0,0,1,0.428276002407074
3404,0,0,1,1.2359613180160522
3405,0,1,0,0.6189918518066406
3406,0,0,1,1.0358132123947144
3407,0,0,1,1.937571406364441
3408,0,0,1,1.2684284448623657
3409,0,0,1,0.8630466461181641
3410,0,0,1,1.626289963722229
3411,0,0,1,0.3661346137523651
3412,0,0,1,2.205595016479492
3413,0,0,1,1.041337251663208
3414,0,0,1,0.9849823117256165
3415,0,0,1,1.5942851305007935
3416,0,1,0,0.4634013772010803
3417,0,0,1,1.2110381126403809
3418,0,1,0,1.1017284393310547
3419,0,1,0,0.9126058220863342
3420,0,0,1,0.48430562019348145
3421,0,0,1,0.3490792512893677
3422,0,0,1,0.69742351770401
3423,0,0,1,0.6742258667945862
3424,0,0,1,0.36830824613571167
3425,0,0,1,1.6069835424423218
3426,0,0,1,1.3401472568511963
3427,0,0,1,1.3327656984329224
3428,0,0,1,1.1800236701965332
3429,0,0,1,0.8214304447174072
3430,0,0,1,0.70985347032547
3431,0,0,1,1.2486459016799927
3432,0,0,1,0.9403234124183655
3433,0,0,1,1.058207631111145
3434,0,0,1,0.7802289724349976
3435,0,0,1,0.5307891964912415
3436,0,1,0,0.5365572571754456
3437,0,0,1,1.037488341331482
3438,0,0,1,1.1615172624588013
3439,0,0,1,1.3529571294784546
3440,0,0,1,1.3264859914779663
3441,0,0,1,0.7224034070968628
3442,0,1,0,0.6576789021492004
3443,0,0,1,0.44443368911743164
3444,0,0,1,1.5744622945785522
3445,0,0,1,1.7838115692138672
3446,0,0,1,1.5716736316680908
3447,0,0,1,0.8954929113388062
3448,0,0,1,0.5079154372215271
3449,0,1,0,0.8185009956359863
3450,0,0,1,1.4409035444259644
3451,0,0,1,0.8323893547058105
3452,0,0,1,1.3805702924728394
3453,0,0,1,1.3069403171539307
3454,0,0,1,0.21935208141803741
3455,0,0,1,0.6471818089485168
3456,0,0,1,1.10313880443573
3457,0,0,1,1.4721943140029907
3458,0,0,1,1.679848074913025
3459,0,0,1,0.6098639369010925
3460,0,0,1,1.3522732257843018
3461,0,0,1,1.3985161781311035
3462,0,0,1,0.8858734369277954
3463,0,0,1,1.8327300548553467
3464,0,0,1,1.3102855682373047
3465,0,0,1,0.639143705368042
3466,0,0,1,0.6226726770401001
3467,0,0,1,0.9050498008728027
3468,0,1,0,0.7014178037643433
3469,0,1,0,0.4063512086868286
3470,0,1,0,0.6313937306404114
3471,0,1,0,0.3330821096897125
3472,0,1,0,1.0417126417160034
3473,0,1,0,0.21599826216697693
3474,0,1,0,0.3072720766067505
3475,0,0,1,0.4117022156715393
3476,0,1,0,0.3178407847881317
3477,0,0,1,0.4393159747123718
3478,0,0,1,0.8711237907409668
3479,0,1,0,0.606032133102417
3480,0,0,1,0.2508849501609802
3481,0,1,0,0.4114301800727844
3482,0,0,1,0.25607073307037354
3483,0,1,0,0.46474945545196533
3484,0,1,0,0.6606827974319458
3485,0,0,1,0.6098789572715759
3486,0,0,1,0.9997216463088989
3487,0,0,1,0.9265889525413513
3488,0,1,0,0.8747707605361938
3489,0,1,0,0.3849394619464874
3490,0,0,1,0.4787779748439789
3491,0,0,1,0.8014529347419739
3492,0,1,0,0.41300302743911743
3493,0,0,1,0.4858378767967224
3494,0,0,1,0.33018413186073303
3495,0,0,1,0.8913688659667969
3496,0,0,1,0.7256739139556885
3497,0,0,1,0.2569849193096161
3498,0,0,1,0.5083454847335815
3499,0,1,0,0.40342921018600464
3500,0,1,0,0.3437589406967163
3501,0,0,1,0.47594666481018066
3502,0,0,1,0.7528937458992004
3503,0,1,0,0.18948711454868317
3504,0,0,1,0.3776956796646118
3505,0,0,1,1.9741039276123047
3506,0,1,0,0.5004405975341797
3507,0,1,0,0.6921629309654236
3508,0,0,1,0.49565139412879944
3509,0,0,1,0.48095571994781494
3510,0,1,0,0.3169703781604767
3511,0,0,1,0.2676229774951935
3512,0,1,0,0.5942794680595398
3513,0,0,1,0.25259438157081604
3514,0,1,0,0.6485199928283691
3515,0,0,1,0.24590259790420532
3516,0,0,1,0.4051033556461334
3517,0,0,1,0.28114500641822815
3518,0,1,0,0.19416731595993042
3519,0,1,0,0.3322262763977051
3520,0,0,1,0.16869725286960602
3521,0,0,1,0.7240206003189087
3522,0,0,1,0.4830840229988098
3523,0,1,0,0.5397430658340454
3524,0,0,1,0.2467174381017685
3525,0,1,0,0.31733453273773193
3526,0,1,0,0.44359931349754333
3527,0,1,0,0.6184127926826477
3528,0,0,1,0.4701084494590759
3529,0,0,1,0.8843994140625
3530,0,1,0,0.545107901096344
3531,0,1,0,0.6081724166870117
3532,0,0,1,0.6557430624961853
3533,0,1,0,0.20065000653266907
3534,0,0,1,1.0597143173217773
3535,0,1,0,0.17644767463207245
3536,0,0,1,0.221342533826828
3537,0,0,1,0.8603057265281677
3538,0,1,0,0.4286379814147949
3539,0,1,0,0.16760246455669403
3540,0,0,1,0.6152275800704956
3541,0,0,1,1.3855429887771606
3542,0,1,0,0.5964611768722534
3543,0,0,1,0.8920978307723999
3544,0,0,1,0.3615040183067322
3545,0,1,0,0.280559241771698
3546,0,0,1,0.9065588712692261
3547,0,1,0,0.6636549234390259
3548,0,1,0,0.5469770431518555
3549,0,0,1,0.5099722146987915
3550,0,1,0,0.25218209624290466
3551,0,1,0,0.5608320236206055
3552,0,0,1,0.6771433353424072
3553,0,0,1,0.27844205498695374
3554,0,0,1,0.6352968215942383
3555,0,1,0,0.2522093951702118
3556,0,0,1,0.9779020547866821
3557,0,0,1,0.5639926195144653
3558,0,1,0,0.225802481174469
3559,0,0,1,0.46102651953697205
3560,0,1,0,0.22293585538864136
3561,0,1,0,0.3286508023738861
3562,0,0,1,0.2350945621728897
3563,0,1,0,0.27675724029541016
3564,0,1,0,0.5069805383682251
3565,0,1,0,0.8479951024055481
3566,0,1,0,0.3348213732242584
3567,0,1,0,0.526983380317688
3568,0,1,0,0.8209494352340698
3569,0,0,1,0.5256500244140625
3570,0,0,1,0.32420018315315247
3571,0,1,0,0.5854867100715637
3572,0,1,0,0.17379693686962128
3573,0,1,0,0.7999125123023987
3574,0,0,1,0.6717407703399658
3575,0,0,1,0.20416761934757233
3576,0,1,0,0.47019994258880615
3577,0,0,1,0.23082993924617767
3578,0,0,1,0.20847301185131073
3579,0,1,0,0.5457065105438232
3580,0,0,1,1.3386156558990479
3581,0,0,1,0.625478208065033
3582,0,0,1,0.43818819522857666
3583,0,0,1,0.3147144615650177
3584,0,1,0,0.65437912940979
3585,0,0,1,0.2178540974855423
3586,0,1,0,0.4045817255973816
3587,0,0,1,0.38129255175590515
3588,0,0,1,0.147663414478302
3589,0,1,0,0.2850436568260193
3590,0,0,1,0.44891926646232605
3591,0,0,1,0.29645979404449463
3592,0,0,1,0.49676448106765747
3593,0,1,0,0.6370762586593628
3594,0,1,0,0.3168013095855713
3595,0,1,0,0.45866912603378296
3596,0,1,0,0.7526013851165771
3597,0,0,1,0.959579586982727
3598,0,0,1,1.1393334865570068
3599,0,0,1,0.9577550888061523
3600,0,0,1,0.756434977054596
3601,0,0,1,0.6900005340576172
3602,0,0,1,0.8399896025657654
3603,0,0,1,0.48037782311439514
3604,0,0,1,0.5379054546356201
3605,0,0,1,0.6309666633605957
3606,0,0,1,1.1636229753494263
3607,0,0,1,0.9372190237045288
3608,0,1,0,0.7948269248008728
3609,0,0,1,0.3349255919456482
3610,0,0,1,0.6456267833709717
3611,0,0,1,0.2892230451107025
3612,0,0,1,0.6942803263664246
3613,0,0,1,0.35303163528442383
3614,0,0,1,0.447677880525589
3615,0,0,1,1.0874077081680298
3616,0,0,1,0.49387866258621216
3617,0,0,1,0.9593634009361267
3618,0,0,1,0.7717568874359131
3619,0,0,1,0.37907323241233826
3620,0,1,0,0.6503863334655762
3621,0,1,0,0.6554139852523804
3622,0,1,0,0.5693489909172058
3623,0,1,0,0.6583930850028992
3624,0,0,1,0.440752238035202
3625,0,1,0,0.9825845956802368
3626,0,1,0,0.36099880933761597
3627,0,1,0,0.619874119758606
3628,0,0,1,0.47037726640701294
3629,0,0,1,0.6755521893501282
3630,0,0,1,0.8898974657058716
3631,0,0,1,0.5343666076660156
3632,0,0,1,0.3456917405128479
3633,0,0,1,1.5456609725952148
3634,0,0,1,1.2556300163269043
3635,0,1,0,0.7184412479400635
3636,0,0,1,0.57481849193573
3637,0,0,1,0.2664566934108734
3638,0,0,1,0.8118776679039001
3639,0,0,1,0.28530073165893555
3640,0,0,1,0.3420685827732086
3641,0,1,0,0.48977190256118774
3642,0,1,0,0.6028218269348145
3643,0,0,1,0.5679699778556824
3644,0,1,0,0.7312051653862
3645,0,1,0,0.49175363779067993
3646,0,0,1,0.6958686113357544
3647,0,1,0,0.5004301071166992
3648,0,1,0,0.9424241781234741
3649,0,0,1,0.3849925994873047
3650,0,0,1,0.3214888274669647
3651,0,0,1,0.3248472213745117
3652,0,1,0,1.0328773260116577
3653,0,1,0,0.9558684825897217
3654,0,1,0,0.7721105813980103
3655,0,0,1,1.2391271591186523
3656,0,0,1,1.0197097063064575
3657,0,0,1,0.5358396172523499
3658,0,0,1,0.4406556487083435
3659,0,0,1,0.854559063911438
3660,0,0,1,1.4931977987289429
3661,0,0,1,0.8671262860298157
3662,0,1,0,0.3876664936542511
3663,0,0,1,0.7279044389724731
3664,0,0,1,0.3677152693271637
3665,0,0,1,0.4968109726905823
3666,0,0,1,1.3182317018508911
3667,0,0,1,1.3425066471099854
3668,0,0,1,1.7240294218063354
3669,0,0,1,1.9933749437332153
3670,0,0,1,2.0655698776245117
3671,0,0,1,1.8441272974014282
3672,0,0,1,1.0403436422348022
3673,0,1,0,0.34408098459243774
3674,0,0,1,0.3555452227592468
3675,0,0,1,0.4565620422363281
3676,0,0,1,0.9465228319168091
3677,0,1,0,0.4029407501220703
3678,0,0,1,0.532987654209137
3679,0,1,0,0.5582761764526367
3680,0,0,1,0.5094342827796936
3681,0,0,1,0.9644744396209717
3682,0,1,0,0.5259286165237427
3683,0,1,0,0.33945953845977783
3684,0,0,1,0.22736398875713348
3685,0,0,1,0.4471614956855774
3686,0,1,0,0.31093621253967285
3687,0,0,1,0.5559341907501221
3688,0,0,1,0.32996734976768494
3689,0,1,0,0.29840248823165894
3690,0,0,1,0.8717718124389648
3691,0,1,0,0.4726850390434265
3692,0,0,1,1.2973188161849976
3693,0,1,0,0.5404491424560547
3694,0,0,1,1.2793610095977783
3695,0,0,1,0.35759493708610535
3696,0,1,0,0.4249732196331024
3697,0,0,1,0.8636767864227295
3698,0,1,0,0.2811034917831421
3699,0,1,0,0.40270519256591797
3700,0,1,0,0.5539020895957947
3701,0,1,0,0.3102981746196747
3702,0,1,0,0.453896701335907
3703,0,0,1,0.51581871509552
3704,0,1,0,0.7689090967178345
3705,0,1,0,0.3217461109161377
3706,0,1,0,0.8348139524459839
3707,0,1,0,0.296494722366333
3708,0,0,1,1.313686490058899
3709,0,1,0,0.598801851272583
3710,0,1,0,0.8154736757278442
3711,0,1,0,0.35904115438461304
3712,0,1,0,0.3769446909427643
3713,0,1,0,0.7776978015899658
3714,0,0,1,0.6263275146484375
3715,0,0,1,0.8330789804458618
3716,0,1,0,0.8333858251571655
3717,0,1,0,0.4919654130935669
3718,0,1,0,0.711208701133728
3719,0,1,0,0.29609525203704834
3720,0,1,0,0.2819865047931671
3721,0,1,0,0.4906765818595886
3722,0,1,0,0.7981539368629456
3723,0,1,0,0.6804397106170654
3724,0,1,0,0.4977523684501648
3725,0,1,0,0.5040136575698853
3726,0,1,0,0.503737211227417
3727,0,0,1,1.180496335029602
3728,0,0,1,0.4491669535636902
3729,0,0,1,1.090044617652893
3730,0,0,1,0.6673046350479126
3731,0,0,1,0.8365914821624756
3732,0,1,0,0.6679149866104126
3733,0,0,1,0.2522372007369995
3734,0,0,1,0.8062971234321594
3735,0,1,0,0.2473130226135254
3736,0,1,0,0.39371994137763977
3737,0,1,0,0.5065336227416992
3738,0,0,1,0.42531049251556396
3739,0,0,1,0.29859742522239685
3740,0,0,1,1.0835520029067993
3741,0,0,1,0.3401152193546295
3742,0,0,1,1.371739387512207
3743,0,1,0,0.37164241075515747
3744,0,0,1,0.48978570103645325
3745,0,0,1,0.387728214263916
3746,0,1,0,0.20634907484054565
3747,0,1,0,0.3471482992172241
3748,0,0,1,0.6801596879959106
3749,0,0,1,0.21619687974452972
3750,0,1,0,0.27791154384613037
3751,0,0,1,0.5134788751602173
3752,0,0,1,0.18378977477550507
3753,0,1,0,0.4756201505661011
3754,0,1,0,0.2967897057533264
3755,0,0,1,0.48036056756973267
3756,0,1,0,0.4958595037460327
3757,0,1,0,0.3935658931732178
3758,0,1,0,1.1230930089950562
3759,0,0,1,1.1962875127792358
3760,0,0,1,0.7019122838973999
3761,0,0,1,0.2007509022951126
3762,0,1,0,0.9875272512435913
3763,0,1,0,0.2641342282295227
3764,0,0,1,0.20369048416614532
3765,0,1,0,0.35710328817367554
3766,0,0,1,0.4149337410926819
3767,0,1,0,0.5821030735969543
3768,0,1,0,0.5045295357704163
3769,0,1,0,0.5907692909240723
3770,0,1,0,0.2773016095161438
3771,0,1,0,0.40215855836868286
3772,0,0,1,1.4007278680801392
3773,0,1,0,0.2689729630947113
3774,0,0,1,0.34546512365341187
3775,0,1,0,0.6872336864471436
3776,0,0,1,0.5874081254005432
3777,0,0,1,0.6691693067550659
3778,0,1,0,0.3600410223007202
3779,0,1,0,0.7499518394470215
3780,0,0,1,0.43324530124664307
3781,0,0,1,0.43696150183677673
3782,0,0,1,0.5348849892616272
3783,0,0,1,1.2760459184646606
3784,0,0,1,1.1666401624679565
3785,0,0,1,0.30839821696281433
3786,0,1,0,0.3738608658313751
3787,0,0,1,0.5485389828681946
3788,0,1,0,0.36103904247283936
3789,0,0,1,0.5853341817855835
3790,0,0,1,0.8663822412490845
3791,0,0,1,1.6567410230636597
3792,0,0,1,0.2662155330181122
3793,0,1,0,0.28174859285354614
3794,0,0,1,0.9168089032173157
3795,0,1,0,0.5573460459709167
3796,0,1,0,0.4385971426963806
3797,0,0,1,1.1063789129257202
3798,0,0,1,0.4414932429790497
3799,0,0,1,0.7750048041343689
3800,0,0,1,0.5820260643959045
3801,0,0,1,0.42303720116615295
3802,0,0,1,0.3735055923461914
3803,0,0,1,0.7901681661605835
3804,0,1,0,0.3564692735671997
3805,0,1,0,0.3167090117931366
3806,0,1,0,0.16852602362632751
3807,0,1,0,0.39829525351524353
3808,0,1,0,0.3511679470539093
3809,0,1,0,0.6107581853866577
3810,0,0,1,0.37621402740478516
3811,0,0,1,0.7511181831359863
3812,0,1,0,0.6291320323944092
3813,0,0,1,0.4874979257583618
3814,0,0,1,0.7751922607421875
3815,0,0,1,1.1173471212387085
3816,0,1,0,0.6187076568603516
3817,0,1,0,0.3021138310432434
3818,0,0,1,1.6929919719696045
3819,0,0,1,0.6308469176292419
3820,0,0,1,0.27300235629081726
3821,0,1,0,0.4031803607940674
3822,0,1,0,0.5282889604568481
3823,0,0,1,1.3601449728012085
3824,0,0,1,0.7607986927032471
3825,0,1,0,0.632232129573822
3826,0,0,1,0.5468507409095764
3827,0,0,1,0.4543107748031616
3828,0,1,0,0.20494496822357178
3829,0,0,1,0.879449188709259
3830,0,0,1,0.5224469900131226
3831,0,1,0,0.19945275783538818
3832,0,1,0,0.3485010266304016
3833,0,1,0,0.8886303305625916
3834,0,0,1,0.7746089696884155
3835,0,0,1,0.5743823051452637
3836,0,0,1,0.9063670635223389
3837,0,0,1,0.6759279370307922
3838,0,1,0,0.48873090744018555
3839,0,0,1,0.24774102866649628
3840,0,0,1,0.9074740409851074
3841,0,1,0,0.25050783157348633
3842,0,0,1,0.8008434772491455
3843,0,1,0,0.5099062323570251
3844,0,0,1,0.21776072680950165
3845,0,1,0,0.5570809841156006
3846,0,1,0,0.6042393445968628
3847,0,1,0,0.6720017790794373
3848,0,1,0,0.40268829464912415
3849,0,0,1,0.36089658737182617
3850,0,1,0,0.1917034089565277
3851,0,1,0,0.4653362035751343
3852,0,0,1,0.9098072648048401
3853,0,1,0,0.4967414140701294
3854,0,1,0,0.828262209892273
3855,0,0,1,0.5267264246940613
3856,0,1,0,0.8249156475067139
3857,0,0,1,0.31436604261398315
3858,0,0,1,0.4483577609062195
3859,0,1,0,0.4400430917739868
3860,0,0,1,0.8582658171653748
3861,0,0,1,0.7752569913864136
3862,0,0,1,0.2559266984462738
3863,0,1,0,0.2284335196018219
3864,0,0,1,0.2639131546020508
3865,0,0,1,0.7957903146743774
3866,0,1,0,0.3894580006599426
3867,0,0,1,1.0823289155960083
3868,0,1,0,0.7758751511573792
3869,0,0,1,0.6108288764953613
3870,0,1,0,0.17514929175376892
3871,0,1,0,0.7211684584617615
3872,0,0,1,0.4030528664588928
3873,0,0,1,0.17989391088485718
3874,0,0,1,0.40961796045303345
3875,0,0,1,0.6926307082176208
3876,0,0,1,0.5096054673194885
3877,0,1,0,0.7152805328369141
3878,0,0,1,0.444637656211853
3879,0,0,1,0.5106649398803711
3880,0,0,1,0.6886312961578369
3881,0,0,1,0.9885033965110779
3882,0,1,0,0.30069500207901
3883,0,1,0,0.7596348524093628
3884,0,1,0,0.7229965925216675
3885,0,1,0,0.7988933324813843
3886,0,1,0,0.6634392738342285
3887,0,1,0,0.7238280773162842
3888,0,1,0,0.464296817779541
3889,0,0,1,0.9006949067115784
3890,0,0,1,2.2859983444213867
3891,0,0,1,0.4837587773799896
3892,0,0,1,0.6896764636039734
3893,0,0,1,0.39900943636894226
3894,0,1,0,0.4640178382396698
3895,0,0,1,0.4872802495956421
3896,0,0,1,0.9649180173873901
3897,0,0,1,0.9961850643157959
3898,0,0,1,1.0754841566085815
3899,0,0,1,0.19412435591220856
3900,0,1,0,0.4983581304550171
3901,0,0,1,1.0560166835784912
3902,0,0,1,1.3915389776229858
3903,0,0,1,1.6149851083755493
3904,0,1,0,0.5302136540412903
3905,0,1,0,0.7326240539550781
3906,0,0,1,0.6722347736358643
3907,0,1,0,0.252703994512558
3908,0,1,0,0.5484778881072998
3909,0,1,0,0.16978324949741364
3910,0,0,1,1.2511357069015503
3911,0,0,1,1.421207070350647
3912,0,0,1,0.5175547003746033
3913,0,0,1,0.8090807199478149
3914,0,0,1,0.42535850405693054
3915,0,0,1,1.2733396291732788
3916,0,1,0,0.3738892078399658
3917,0,0,1,0.46161627769470215
3918,0,0,1,0.25969618558883667
3919,0,1,0,0.2218482792377472
3920,0,0,1,0.7579247355461121
3921,0,1,0,0.37197375297546387
3922,0,0,1,0.4401730000972748
3923,0,0,1,0.29049959778785706
3924,0,0,1,0.386420339345932
3925,0,1,0,0.23333391547203064
3926,0,0,1,1.1978906393051147
3927,0,1,0,0.874095618724823
3928,0,1,0,0.7202468514442444
3929,0,0,1,0.4765089750289917
3930,0,1,0,0.31346017122268677
3931,0,0,1,0.49354320764541626
3932,0,0,1,0.5543549656867981
3933,0,1,0,0.20411895215511322
3934,0,0,1,0.8138515949249268
3935,0,0,1,0.5977777242660522
3936,0,0,1,1.119014859199524
3937,0,1,0,0.36554086208343506
3938,0,0,1,1.1863397359848022
3939,0,1,0,0.32193487882614136
3940,0,1,0,0.5301370620727539
3941,0,0,1,0.9396336078643799
3942,0,1,0,0.32457447052001953
3943,0,0,1,0.4359484910964966
3944,0,1,0,0.7320961952209473
3945,0,0,1,0.836295485496521
3946,0,0,1,1.3925902843475342
3947,0,0,1,0.2965075969696045
3948,0,1,0,0.35201555490493774
3949,0,1,0,0.2790724039077759
3950,0,1,0,0.4305620789527893
3951,0,0,1,0.6155424118041992
3952,0,0,1,1.0067567825317383
3953,0,0,1,0.5964930057525635
3954,0,0,1,0.46135908365249634
3955,0,0,1,0.6922012567520142
3956,0,1,0,0.436847984790802
3957,0,1,0,0.36130857467651367
3958,0,1,0,0.8113772869110107
3959,0,0,1,1.375245451927185
3960,0,0,1,0.4209441542625427
3961,0,0,1,0.36949339509010315
3962,0,0,1,1.0559998750686646
3963,0,0,1,0.9916147589683533
3964,0,1,0,0.9003567099571228
3965,0,1,0,0.572967529296875
3966,0,1,0,0.4365156888961792
3967,0,1,0,0.4961239695549011
3968,0,1,0,0.873950719833374
3969,0,1,0,0.5484621524810791
3970,0,1,0,0.5846573114395142
3971,0,1,0,0.3451480269432068
3972,0,0,1,0.8383457064628601
3973,0,1,0,0.3300730884075165
3974,0,1,0,0.3891417384147644
3975,0,0,1,0.6016749739646912
3976,0,0,1,1.4437161684036255
3977,0,0,1,0.8934094905853271
3978,0,1,0,0.40495020151138306
3979,0,0,1,0.4231956899166107
3980,0,0,1,0.7987403869628906
3981,0,0,1,0.3811104893684387
3982,0,0,1,1.3444489240646362
3983,0,0,1,1.611587405204773
3984,0,0,1,0.3989383578300476
3985,0,0,1,1.3383883237838745
3986,0,0,1,0.9901652932167053
3987,0,0,1,0.37664270401000977
3988,0,0,1,0.8027770519256592
3989,0,0,1,0.26197516918182373
3990,0,0,1,0.3511674404144287
3991,0,0,1,0.5953813791275024
3992,0,1,0,0.2684674859046936
3993,0,0,1,1.1162923574447632
3994,0,0,1,0.2722318470478058
3995,0,1,0,0.3447781801223755
3996,0,1,0,0.2861560583114624
3997,0,1,0,0.5720137357711792
3998,0,0,1,1.098596215248108
3999,0,1,0,0.38270384073257446
4000,0,0,1,1.1310056447982788
4001,0,0,1,1.4843312501907349
4002,0,1,0,0.6862561106681824
4003,0,0,1,0.5299402475357056
4004,0,1,0,0.6060411930084229
4005,0,0,1,0.7561659812927246
4006,0,1,0,0.585840106010437
4007,0,0,1,1.625701665878296
4008,0,0,1,0.3347238302230835
4009,0,0,1,0.7501446008682251
4010,0,0,1,1.066249966621399
4011,0,1,0,0.20164208114147186
4012,0,1,0,0.4482380747795105
4013,0,0,1,1.1046594381332397
4014,0,0,1,1.1642152070999146
4015,0,0,1,1.6508082151412964
4016,0,0,1,2.162449359893799
4017,0,0,1,2.114871025085449
4018,0,0,1,2.250863552093506
4019,0,0,1,0.6141392588615417
4020,0,0,1,1.8953522443771362
4021,0,0,1,1.2955254316329956
4022,0,0,1,0.24680261313915253
4023,0,0,1,0.705316960811615
4024,0,0,1,1.0966103076934814
4025,0,0,1,0.8673604726791382
4026,0,1,0,0.5290518999099731
4027,0,0,1,0.2595813274383545
4028,0,0,1,1.134792685508728
4029,0,0,1,0.5740798115730286
4030,0,0,1,0.4206162989139557
4031,0,0,1,0.856412410736084
4032,0,1,0,0.2416239082813263
4033,0,0,1,0.7182403802871704
4034,0,1,0,0.4273894429206848
4035,0,0,1,1.0597376823425293
4036,0,0,1,1.7243300676345825
4037,0,0,1,0.3646245002746582
4038,0,0,1,1.0339000225067139
4039,0,0,1,0.6732468605041504
4040,0,0,1,0.4540135860443115
4041,0,0,1,1.7355425357818604
4042,0,0,1,0.7531112432479858
4043,0,0,1,1.2964011430740356
4044,0,0,1,0.26883652806282043
4045,0,1,0,0.3098456859588623
4046,0,1,0,0.20261982083320618
4047,0,0,1,0.5077916979789734
4048,0,0,1,0.21322627365589142
4049,0,1,0,0.7020605802536011
4050,0,0,1,0.8220838308334351
4051,0,1,0,0.41299736499786377
4052,0,0,1,1.0812629461288452
4053,0,0,1,0.21452435851097107
4054,0,0,1,0.8900877833366394
4055,0,0,1,0.4067074954509735
4056,0,1,0,0.46907564997673035
4057,0,1,0,0.35485780239105225
4058,0,0,1,0.9044855833053589
4059,0,0,1,0.9527522325515747
4060,0,0,1,0.40590083599090576
4061,0,0,1,0.9811452627182007
4062,0,0,1,0.38611555099487305
4063,0,1,0,0.3242686986923218
4064,0,1,0,0.7423471212387085
4065,0,0,1,0.8010741472244263
4066,0,0,1,0.9878791570663452
4067,0,0,1,0.3694651126861572
4068,0,1,0,0.3214549422264099
4069,0,1,0,0.22893297672271729
4070,0,0,1,0.407479465007782
4071,0,0,1,0.2389460802078247
4072,0,0,1,0.35940349102020264
4073,0,0,1,0.3542490005493164
4074,0,0,1,0.3662201762199402
4075,0,0,1,1.1938623189926147
4076,0,1,0,0.8851540088653564
4077,0,0,1,0.6793755292892456
4078,0,0,1,1.8239858150482178
4079,0,1,0,0.5003376007080078
4080,0,0,1,0.695601761341095
4081,0,0,1,0.7396187782287598
4082,0,0,1,1.1339715719223022
4083,0,0,1,0.5149507522583008
4084,0,0,1,0.5907084345817566
4085,0,0,1,0.47092804312705994
4086,0,1,0,0.411856472492218
4087,0,1,0,0.3508959114551544
4088,0,0,1,0.700356125831604
4089,0,0,1,0.6627469658851624
4090,0,1,0,0.19505447149276733
4091,0,1,0,0.8069370985031128
4092,0,0,1,0.545251190662384
4093,0,1,0,0.3199683427810669
4094,0,0,1,0.38155561685562134
4095,0,0,1,0.8346668481826782
4096,0,0,1,1.030159592628479
4097,0,0,1,0.3477949798107147
4098,0,0,1,0.38867560029029846
4099,0,0,1,0.4049333333969116
4100,0,0,1,0.9768140316009521
4101,0,0,1,0.2716033458709717
4102,0,0,1,1.3391295671463013
4103,0,1,0,0.6071603894233704
4104,0,0,1,0.5340808629989624
4105,0,0,1,1.161183476448059
4106,0,1,0,0.49473971128463745
4107,0,0,1,1.1481410264968872
4108,0,1,0,1.2075532674789429
4109,0,1,0,0.5797532200813293
4110,0,0,1,1.0628259181976318
4111,0,1,0,0.6838715076446533
4112,0,1,0,0.8091879487037659
4113,0,1,0,0.8914698958396912
4114,0,1,0,0.34345367550849915
4115,0,0,1,1.0339645147323608
4116,0,0,1,0.6621724367141724
4117,0,0,1,0.6932965517044067
4118,0,0,1,0.6808726787567139
4119,0,0,1,0.9142494797706604
4120,0,0,1,0.8783801794052124
4121,0,0,1,1.7068082094192505
4122,0,0,1,1.6093417406082153
4123,0,1,0,0.25405174493789673
4124,0,1,0,0.7384892702102661
4125,0,0,1,0.5812499523162842
4126,0,0,1,0.8932961225509644
4127,0,1,0,0.7923293113708496
4128,0,1,0,0.2959476113319397
4129,0,0,1,1.1195276975631714
4130,0,1,0,0.6293087005615234
4131,0,1,0,0.34025201201438904
4132,0,1,0,0.7153184413909912
4133,0,0,1,0.980970025062561
4134,0,1,0,0.3230578899383545
4135,0,0,1,0.4743122458457947
4136,0,0,1,0.35171985626220703
4137,0,0,1,1.6603868007659912
4138,0,0,1,1.1111944913864136
4139,0,0,1,0.6865346431732178
4140,0,0,1,0.746057391166687
4141,0,0,1,0.4759448170661926
4142,0,1,0,1.052650809288025
4143,0,0,1,1.1978365182876587
4144,0,0,1,1.4180468320846558
4145,0,0,1,1.071238398551941
4146,0,0,1,1.1973551511764526
4147,0,0,1,0.8458105325698853
4148,0,0,1,1.1379274129867554
4149,0,1,0,0.5989562273025513
4150,0,0,1,0.5246204137802124
4151,0,0,1,1.5661852359771729
4152,0,0,1,1.3388851881027222
4153,0,0,1,0.25053778290748596
4154,0,1,0,0.5638912916183472
4155,0,0,1,0.253604531288147
4156,0,1,0,0.5253856778144836
4157,0,0,1,1.0488390922546387
4158,0,0,1,1.4998656511306763
4159,0,1,0,0.3692304491996765
4160,0,0,1,0.6921207904815674
4161,0,0,1,0.5706216096878052
4162,0,0,1,1.0495418310165405
4163,0,1,0,0.3028281629085541
4164,0,0,1,1.3253799676895142
4165,0,0,1,0.3478383421897888
4166,0,0,1,0.605640172958374
4167,0,0,1,1.1822419166564941
4168,0,0,1,0.9303699135780334
4169,0,1,0,0.43200382590293884
4170,0,0,1,0.21202458441257477
4171,0,0,1,1.6131324768066406
4172,0,0,1,0.5466902256011963
4173,0,1,0,0.8662048578262329
4174,0,0,1,0.5289075970649719
4175,0,0,1,0.5589002370834351
4176,0,1,0,0.34024351835250854
4177,0,0,1,0.6991267204284668
4178,0,1,0,0.5452220439910889
4179,0,0,1,0.3120577931404114
4180,0,1,0,0.2741924822330475
4181,0,0,1,0.5540242791175842
4182,0,0,1,1.0486525297164917
4183,0,0,1,1.4207133054733276
4184,0,1,0,0.3773769736289978
4185,0,0,1,0.7398436069488525
4186,0,0,1,0.8592797517776489
4187,0,0,1,1.1861590147018433
4188,0,0,1,0.6403871774673462
4189,0,0,1,0.29897594451904297
4190,0,0,1,1.0456186532974243
4191,0,1,0,0.14105233550071716
4192,0,0,1,0.9170616865158081
4193,0,0,1,0.71738201379776
4194,0,1,0,0.450827419757843
4195,0,1,0,0.6246670484542847
4196,0,0,1,0.4741562008857727
4197,0,0,1,0.721380889415741
4198,0,0,1,0.23088215291500092
4199,0,1,0,0.20729580521583557
4200,0,0,1,0.6760565042495728
4201,0,1,0,0.5482591986656189
4202,0,0,1,0.29975560307502747
4203,0,1,0,0.46502941846847534
4204,0,0,1,0.9718723297119141
4205,0,0,1,1.317301630973816
4206,0,1,0,0.41636723279953003
4207,0,1,0,0.3454636335372925
4208,0,1,0,0.48018205165863037
4209,0,0,1,1.3146733045578003
4210,0,1,0,0.8585935831069946
4211,0,0,1,0.2141757756471634
4212,0,1,0,0.4148882329463959
4213,0,0,1,0.5270061492919922
4214,0,1,0,0.24291110038757324
4215,0,1,0,0.42695924639701843
4216,0,0,1,0.4570678472518921
4217,0,1,0,0.7955174446105957
4218,0,0,1,0.7609295845031738
4219,0,0,1,0.3863985538482666
4220,0,0,1,1.1922731399536133
4221,0,1,0,0.7771788239479065
4222,0,0,1,0.815087616443634
4223,0,1,0,0.5292031764984131
4224,0,0,1,0.4786989390850067
4225,0,1,0,0.29159852862358093
4226,0,1,0,0.5488716959953308
4227,0,0,1,0.7660172581672668
4228,0,0,1,0.5286064147949219
4229,0,1,0,0.3301016390323639
4230,0,0,1,0.37763139605522156
4231,0,0,1,1.0194207429885864
4232,0,1,0,0.5960139036178589
4233,0,1,0,0.3570966422557831
4234,0,1,0,0.5959991216659546
4235,0,0,1,0.21761885285377502
4236,0,1,0,0.3645418882369995
4237,0,1,0,0.7150931358337402
4238,0,0,1,0.7371682524681091
4239,0,1,0,0.5036404728889465
4240,0,1,0,0.24899998307228088
4241,0,0,1,0.3534598648548126
4242,0,0,1,0.7316343188285828
4243,0,0,1,0.582497775554657
4244,0,1,0,0.8736105561256409
4245,0,0,1,0.20140786468982697
4246,0,0,1,0.25092625617980957
4247,0,0,1,1.0119622945785522
4248,0,0,1,0.44750165939331055
4249,0,0,1,0.39939457178115845
4250,0,0,1,0.6171474456787109
4251,0,0,1,0.9597755670547485
4252,0,0,1,0.8306920528411865
4253,0,0,1,0.3120323717594147
4254,0,0,1,0.6246679425239563
4255,0,0,1,0.8003087639808655
4256,0,1,0,0.42939674854278564
4257,0,0,1,1.12313973903656
4258,0,0,1,0.4471036195755005
4259,0,1,0,0.2956997752189636
4260,0,0,1,0.4336759150028229
4261,0,0,1,0.39318862557411194
4262,0,1,0,0.2484930157661438
4263,0,0,1,0.39624351263046265
4264,0,1,0,0.536075234413147
4265,0,0,1,1.1260405778884888
4266,0,1,0,0.327999472618103
4267,0,1,0,0.1592634916305542
4268,0,1,0,0.6180663108825684
4269,0,0,1,1.1771918535232544
4270,0,0,1,0.24311727285385132
4271,0,1,0,0.38180357217788696
4272,0,1,0,0.3728811740875244
4273,0,1,0,0.5241661071777344
4274,0,1,0,0.4607071280479431
4275,0,0,1,0.9903707504272461
4276,0,1,0,0.8320295810699463
4277,0,1,0,0.5876007676124573
4278,0,0,1,0.17951567471027374
4279,0,0,1,0.7812060117721558
4280,0,0,1,0.26021361351013184
4281,0,0,1,0.625191867351532
4282,0,0,1,0.41382282972335815
4283,0,0,1,0.4047605097293854
4284,0,1,0,0.9284100532531738
4285,0,0,1,0.9105809926986694
4286,0,1,0,0.282016396522522
4287,0,0,1,0.9289241433143616
4288,0,0,1,0.756278395652771
4289,0,0,1,0.352556973695755
4290,0,0,1,0.8539475202560425
4291,0,0,1,1.3403128385543823
4292,0,1,0,0.25246793031692505
4293,0,1,0,0.5599133968353271
4294,0,1,0,0.28417259454727173
4295,0,0,1,0.8431766033172607
4296,0,0,1,0.20473229885101318
4297,0,0,1,0.5124297142028809
4298,0,0,1,0.3416033685207367
4299,0,0,1,0.571056067943573
4300,0,0,1,0.9062992334365845
4301,0,0,1,0.32998400926589966
4302,0,0,1,1.2688161134719849
4303,0,0,1,0.22027446329593658
4304,0,0,1,0.3556341230869293
4305,0,0,1,0.5961299538612366
