sample_idx,true_label,pred_label,correct,confidence
0,1,1,1,0.7424121499061584
1,1,1,1,0.8090118765830994
2,1,1,1,0.8932960629463196
3,1,1,1,0.7208318710327148
4,1,1,1,0.716561496257782
5,1,0,0,0.7958928942680359
6,1,0,0,0.8708600997924805
7,1,1,1,0.906134307384491
8,1,1,1,0.8659500479698181
9,1,1,1,0.7611948847770691
10,1,1,1,0.8937588930130005
11,1,1,1,0.909420907497406
12,1,0,0,0.7371438145637512
13,1,0,0,0.7246487736701965
14,1,1,1,0.8935614824295044
15,1,1,1,0.6219344735145569
16,1,1,1,0.6346226334571838
17,1,0,0,0.7476719617843628
18,1,1,1,0.6289340853691101
19,1,0,0,0.6604227423667908
20,1,0,0,0.6571502685546875
21,1,0,0,0.6224638223648071
22,1,1,1,0.6348028182983398
23,1,1,1,0.6263264417648315
24,1,1,1,0.8928788900375366
25,1,1,1,0.8918161392211914
26,1,1,1,0.7030186057090759
27,1,1,1,0.6529332399368286
28,1,1,1,0.8694243431091309
29,1,1,1,0.8668252825737
30,1,1,1,0.8871150016784668
31,1,1,1,0.8932244181632996
32,1,1,1,0.9031468033790588
33,1,1,1,0.8876875638961792
34,1,1,1,0.9017016291618347
35,1,1,1,0.890951931476593
36,1,1,1,0.7613089084625244
37,1,1,1,0.7664457559585571
38,1,1,1,0.9030669927597046
39,1,1,1,0.7813116908073425
40,1,1,1,0.7567079663276672
41,1,1,1,0.6523152589797974
42,1,1,1,0.8612010478973389
43,1,1,1,0.9085126519203186
44,1,1,1,0.9111436009407043
45,1,1,1,0.8826299905776978
46,1,1,1,0.9118768572807312
47,1,1,1,0.849605917930603
48,1,1,1,0.856622576713562
49,1,1,1,0.8605833649635315
50,1,1,1,0.622471809387207
51,1,1,1,0.6547119617462158
52,1,1,1,0.8208659291267395
53,1,1,1,0.902271568775177
54,1,1,1,0.8935006856918335
55,1,1,1,0.8699658513069153
56,1,1,1,0.8764251470565796
57,1,1,1,0.885890543460846
58,1,1,1,0.891263484954834
59,1,1,1,0.8655151724815369
60,1,1,1,0.8817006349563599
61,1,1,1,0.7423998117446899
62,1,1,1,0.8838326334953308
63,1,1,1,0.8250203728675842
64,1,1,1,0.8291572332382202
65,1,1,1,0.6608601808547974
66,1,1,1,0.8176490664482117
67,1,1,1,0.8833792209625244
68,1,1,1,0.8736932277679443
69,1,1,1,0.9069996476173401
70,1,1,1,0.9076665043830872
71,1,1,1,0.9054907560348511
72,1,1,1,0.8492872714996338
73,1,1,1,0.8817675113677979
74,1,1,1,0.8720881938934326
75,1,1,1,0.8401579260826111
76,1,1,1,0.8499833345413208
77,1,1,1,0.8481594324111938
78,1,1,1,0.8654025793075562
79,1,0,0,0.7549276351928711
80,1,1,1,0.6847639083862305
81,1,1,1,0.8677181005477905
82,1,1,1,0.7267618775367737
83,1,0,0,0.7237905859947205
84,1,1,1,0.7687491178512573
85,1,1,1,0.7053874731063843
86,1,1,1,0.6716532707214355
87,1,1,1,0.8781853318214417
88,1,1,1,0.8649188876152039
89,1,1,1,0.8653161525726318
90,1,1,1,0.8364134430885315
91,1,0,0,0.7052863836288452
92,1,0,0,0.7172588109970093
93,1,0,0,0.718908429145813
94,1,1,1,0.8274092078208923
95,1,1,1,0.8269398808479309
96,1,1,1,0.8323865532875061
97,1,1,1,0.8014326691627502
98,1,1,1,0.8239295482635498
99,1,1,1,0.864070475101471
100,1,1,1,0.8570647239685059
101,1,1,1,0.8609185814857483
102,1,1,1,0.8301097750663757
103,1,1,1,0.8590232729911804
104,1,1,1,0.8563064336776733
105,1,1,1,0.8486104011535645
106,1,1,1,0.8576862812042236
107,1,1,1,0.8302927017211914
108,1,1,1,0.8273149132728577
109,1,1,1,0.864658534526825
110,1,1,1,0.8014827966690063
111,1,1,1,0.8743504881858826
112,1,1,1,0.8352301120758057
113,1,1,1,0.8566223382949829
114,1,1,1,0.8560417294502258
115,1,1,1,0.859355628490448
116,1,1,1,0.8626201152801514
117,1,1,1,0.8233529329299927
118,1,1,1,0.7858611941337585
119,1,1,1,0.8545230627059937
120,1,1,1,0.8505630493164062
121,1,1,1,0.860083818435669
122,1,1,1,0.858820915222168
123,1,1,1,0.8954439759254456
124,1,1,1,0.6975073218345642
125,1,1,1,0.7207304239273071
126,1,1,1,0.8548843860626221
127,1,1,1,0.8536074757575989
128,1,1,1,0.8661409020423889
129,1,1,1,0.8085560202598572
130,1,1,1,0.860283613204956
131,1,1,1,0.7601420283317566
132,1,1,1,0.8318367600440979
133,1,1,1,0.8218590617179871
134,1,1,1,0.8692368268966675
135,1,1,1,0.810861349105835
136,1,1,1,0.8444867730140686
137,1,1,1,0.8667740225791931
138,1,1,1,0.8655625581741333
139,1,1,1,0.8537107110023499
140,1,1,1,0.8497117757797241
141,1,1,1,0.8274985551834106
142,1,1,1,0.735241711139679
143,1,1,1,0.7457044720649719
144,1,1,1,0.8226813077926636
145,1,1,1,0.8356494307518005
146,1,1,1,0.7346009016036987
147,1,1,1,0.8173799514770508
148,1,1,1,0.8458281755447388
149,1,1,1,0.899694561958313
150,1,1,1,0.9003017544746399
151,1,1,1,0.8976710438728333
152,1,1,1,0.6266664266586304
153,1,1,1,0.863399863243103
154,1,1,1,0.877427875995636
155,1,1,1,0.707327663898468
156,1,1,1,0.8249276876449585
157,1,1,1,0.8636270761489868
158,1,1,1,0.8879925012588501
159,1,1,1,0.8921915292739868
160,1,1,1,0.828661322593689
161,1,1,1,0.7366549372673035
162,1,0,0,0.6585542559623718
163,1,1,1,0.7700381278991699
164,1,1,1,0.8592672944068909
165,1,1,1,0.8586623072624207
166,1,1,1,0.7448515892028809
167,1,1,1,0.891550600528717
168,1,1,1,0.8825420141220093
169,1,1,1,0.8821065425872803
170,1,1,1,0.8781893253326416
171,1,1,1,0.887885332107544
172,1,1,1,0.8914434313774109
173,1,1,1,0.8819260001182556
174,1,1,1,0.8764074444770813
175,1,1,1,0.8739618062973022
176,1,1,1,0.846589982509613
177,1,1,1,0.8376627564430237
178,1,1,1,0.8367265462875366
179,1,1,1,0.8406752347946167
180,1,1,1,0.8838480114936829
181,1,1,1,0.7241231799125671
182,1,1,1,0.8933505415916443
183,1,1,1,0.8431742191314697
184,1,1,1,0.8424865007400513
185,1,1,1,0.7114190459251404
186,1,1,1,0.8790361881256104
187,1,1,1,0.8872578144073486
188,1,1,1,0.8444789052009583
189,1,1,1,0.8845170140266418
190,1,1,1,0.8840623497962952
191,1,1,1,0.8703965544700623
192,1,0,0,0.6535905599594116
193,1,1,1,0.8924309015274048
194,1,1,1,0.833646297454834
195,1,1,1,0.8477603197097778
196,1,1,1,0.7542588710784912
197,1,1,1,0.8928622007369995
198,1,1,1,0.88869708776474
199,1,1,1,0.8618646264076233
200,1,1,1,0.8446424007415771
201,1,1,1,0.8417129516601562
202,1,1,1,0.7192741632461548
203,1,1,1,0.8272731900215149
204,1,0,0,0.7365407347679138
205,1,1,1,0.7002243399620056
206,1,1,1,0.7342905402183533
207,1,1,1,0.7653953433036804
208,1,1,1,0.7897198796272278
209,1,0,0,0.7756747007369995
210,1,0,0,0.7745816111564636
211,1,0,0,0.7624368071556091
212,1,0,0,0.6919130086898804
213,1,0,0,0.7951686978340149
214,1,0,0,0.8131337761878967
215,1,0,0,0.8076475858688354
216,1,1,1,0.9161449670791626
217,1,0,0,0.6679885983467102
218,1,1,1,0.7657386660575867
219,1,1,1,0.8609691262245178
220,1,0,0,0.8261508345603943
221,1,1,1,0.6585681438446045
222,1,0,0,0.727715790271759
223,1,0,0,0.7250812649726868
224,1,0,0,0.7309721112251282
225,1,0,0,0.7293227910995483
226,1,1,1,0.8510494828224182
227,1,1,1,0.8531946539878845
228,1,1,1,0.8369370698928833
229,1,1,1,0.7642157077789307
230,1,0,0,0.8119292259216309
231,1,0,0,0.8142522573471069
232,1,0,0,0.8117940425872803
233,1,1,1,0.630679726600647
234,1,1,1,0.6368900537490845
235,1,0,0,0.649380624294281
236,1,1,1,0.6277152895927429
237,1,1,1,0.6345546245574951
238,1,1,1,0.7288830876350403
239,1,1,1,0.6288293600082397
240,1,1,1,0.6996291279792786
241,1,1,1,0.7178224325180054
242,1,1,1,0.772045910358429
243,1,1,1,0.839897096157074
244,1,1,1,0.7083558440208435
245,1,1,1,0.873650848865509
246,1,1,1,0.7628858089447021
247,1,1,1,0.764207124710083
248,1,0,0,0.654668927192688
249,1,1,1,0.6429862976074219
250,1,1,1,0.6921152472496033
251,1,1,1,0.9047109484672546
252,1,1,1,0.7849783301353455
253,1,0,0,0.8109530210494995
254,1,1,1,0.9043193459510803
255,0,1,0,0.6543757319450378
256,1,1,1,0.7915535569190979
257,1,1,1,0.7641077637672424
258,1,1,1,0.7655799388885498
259,1,1,1,0.7592739462852478
260,1,1,1,0.6932240724563599
261,1,1,1,0.6295681595802307
262,1,1,1,0.6471086740493774
263,1,1,1,0.7520358562469482
264,1,1,1,0.7445041537284851
265,1,0,0,0.7692688703536987
266,1,0,0,0.7829655408859253
267,1,1,1,0.6261414289474487
268,1,1,1,0.710009753704071
269,1,1,1,0.6930343508720398
270,1,1,1,0.8474091291427612
271,1,1,1,0.6904393434524536
272,1,1,1,0.7599040865898132
273,1,1,1,0.732986330986023
274,1,1,1,0.7328226566314697
275,1,1,1,0.6864022016525269
276,1,1,1,0.6893165111541748
277,1,1,1,0.743269145488739
278,1,1,1,0.7537279725074768
279,1,1,1,0.7659291625022888
280,1,1,1,0.7658851146697998
281,1,1,1,0.7799346446990967
282,1,1,1,0.8582212924957275
283,1,1,1,0.8565415740013123
284,1,1,1,0.8518416881561279
285,1,1,1,0.8461685180664062
286,1,1,1,0.8489407896995544
287,1,1,1,0.7832214832305908
288,1,1,1,0.8145897388458252
289,1,1,1,0.8823046088218689
290,1,1,1,0.8739766478538513
291,1,1,1,0.8670290112495422
292,1,1,1,0.8363032341003418
293,1,1,1,0.8481212258338928
294,1,1,1,0.8821330070495605
295,1,1,1,0.8726852536201477
296,1,1,1,0.8612881302833557
297,1,1,1,0.8574476838111877
298,1,1,1,0.8619500398635864
299,1,1,1,0.6948569416999817
300,1,1,1,0.681150496006012
301,1,1,1,0.7054099440574646
302,1,1,1,0.734792172908783
303,1,1,1,0.7875951528549194
304,1,1,1,0.6923405528068542
305,1,1,1,0.7885732650756836
306,1,1,1,0.779716968536377
307,1,0,0,0.7907460927963257
308,1,1,1,0.6940814256668091
309,1,1,1,0.9179655909538269
310,1,1,1,0.8102900981903076
311,1,1,1,0.893004298210144
312,1,1,1,0.8862236738204956
313,1,1,1,0.9263368248939514
314,1,1,1,0.9229658842086792
315,1,1,1,0.9264689683914185
316,1,1,1,0.9290845990180969
317,1,1,1,0.7801070213317871
318,1,1,1,0.9499428868293762
319,1,1,1,0.9026576280593872
320,1,1,1,0.7544510364532471
321,1,1,1,0.8014708757400513
322,1,1,1,0.7952015995979309
323,1,1,1,0.8796208500862122
324,1,1,1,0.8756595849990845
325,1,1,1,0.8229062557220459
326,1,1,1,0.8133191466331482
327,1,1,1,0.93956059217453
328,1,1,1,0.7844845652580261
329,1,1,1,0.8983965516090393
330,1,0,0,0.7127192616462708
331,1,1,1,0.7887316346168518
332,1,1,1,0.6639949083328247
333,1,1,1,0.8238900899887085
334,1,1,1,0.8943561315536499
335,1,1,1,0.9094957113265991
336,1,1,1,0.8874877095222473
337,1,1,1,0.8067572116851807
338,1,0,0,0.6979995965957642
339,1,1,1,0.9125056266784668
340,1,1,1,0.9133504033088684
341,1,1,1,0.8449984788894653
342,1,1,1,0.8418458700180054
343,1,1,1,0.9357293248176575
344,1,1,1,0.8847284317016602
345,1,1,1,0.8906811475753784
346,1,1,1,0.8857213258743286
347,1,1,1,0.8178409337997437
348,1,1,1,0.8130947351455688
349,1,1,1,0.7230616211891174
350,1,1,1,0.800178050994873
351,1,1,1,0.8765271306037903
352,1,1,1,0.7177478671073914
353,1,1,1,0.8078334331512451
354,1,1,1,0.8837410807609558
355,1,1,1,0.8189738392829895
356,1,1,1,0.8202319741249084
357,1,1,1,0.8316846489906311
358,1,1,1,0.931979238986969
359,1,1,1,0.9485461115837097
360,1,1,1,0.9049143195152283
361,1,1,1,0.9229868650436401
362,1,1,1,0.9100900292396545
363,1,1,1,0.924397349357605
364,1,1,1,0.9187459945678711
365,1,1,1,0.9280844330787659
366,1,1,1,0.924125611782074
367,1,1,1,0.9525303244590759
368,1,1,1,0.9259418845176697
369,1,1,1,0.925377607345581
370,1,1,1,0.9526194930076599
371,1,1,1,0.8254762887954712
372,1,1,1,0.9188764691352844
373,1,1,1,0.9604044556617737
374,1,1,1,0.9610885977745056
375,1,1,1,0.9253530502319336
376,1,1,1,0.9218574166297913
377,1,1,1,0.9176878333091736
378,1,1,1,0.9066442847251892
379,1,1,1,0.9185159206390381
380,1,1,1,0.8940034508705139
381,1,1,1,0.8876777291297913
382,1,1,1,0.8942602872848511
383,1,1,1,0.740134060382843
384,1,1,1,0.9525344967842102
385,1,1,1,0.8788011074066162
386,1,1,1,0.9195263981819153
387,1,1,1,0.9161373376846313
388,1,1,1,0.9180116057395935
389,1,1,1,0.878157377243042
390,1,1,1,0.8886683583259583
391,1,1,1,0.8642708659172058
392,1,1,1,0.927148163318634
393,1,1,1,0.931565523147583
394,1,1,1,0.9506409764289856
395,1,1,1,0.9253150224685669
396,1,1,1,0.8968718647956848
397,1,1,1,0.9221359491348267
398,1,1,1,0.9275630712509155
399,1,1,1,0.8911523818969727
400,1,1,1,0.9137793183326721
401,1,1,1,0.9539170861244202
402,1,1,1,0.9193909168243408
403,1,1,1,0.9060008525848389
404,1,1,1,0.9071334004402161
405,1,1,1,0.9252150654792786
406,1,1,1,0.8808064460754395
407,1,1,1,0.9049786329269409
408,1,1,1,0.7871804237365723
409,1,1,1,0.8825344443321228
410,1,1,1,0.8931456208229065
411,1,1,1,0.8984578847885132
412,1,1,1,0.6884503364562988
413,1,1,1,0.7100774049758911
414,1,1,1,0.8225388526916504
415,1,1,1,0.8327770829200745
416,1,1,1,0.8172935247421265
417,1,1,1,0.8169021010398865
418,1,1,1,0.8468590974807739
419,1,1,1,0.8493718504905701
420,1,1,1,0.8523517847061157
421,1,1,1,0.8527833223342896
422,1,1,1,0.8490046858787537
423,1,1,1,0.8557929992675781
424,1,1,1,0.8744043111801147
425,1,1,1,0.8571232557296753
426,1,1,1,0.8687729239463806
427,1,1,1,0.8670791983604431
428,1,1,1,0.8581684231758118
429,1,1,1,0.8481311798095703
430,1,1,1,0.8521333932876587
431,1,1,1,0.8273736834526062
432,1,1,1,0.8180164694786072
433,1,1,1,0.8210856914520264
434,1,1,1,0.8395628929138184
435,1,1,1,0.8312997817993164
436,1,1,1,0.8216812610626221
437,1,1,1,0.8898488879203796
438,1,1,1,0.7251551747322083
439,1,1,1,0.7309920787811279
440,1,1,1,0.7269096970558167
441,1,1,1,0.887650728225708
442,1,1,1,0.7193871736526489
443,1,1,1,0.7343999743461609
444,1,1,1,0.7264602780342102
445,1,1,1,0.7779847383499146
446,1,1,1,0.7731649279594421
447,1,1,1,0.7965947389602661
448,1,1,1,0.7729465365409851
449,1,1,1,0.765953004360199
450,1,1,1,0.7649639844894409
451,1,1,1,0.7793608903884888
452,1,1,1,0.77150958776474
453,1,1,1,0.886136531829834
454,1,1,1,0.783482015132904
455,1,1,1,0.8916669487953186
456,1,1,1,0.8922722339630127
457,1,1,1,0.7462931871414185
458,1,1,1,0.7487614750862122
459,1,1,1,0.7558699250221252
460,1,1,1,0.865490198135376
461,1,1,1,0.7802006602287292
462,1,1,1,0.8810312747955322
463,1,0,0,0.6342176795005798
464,1,1,1,0.9121280908584595
465,1,1,1,0.7919259071350098
466,1,1,1,0.9151447415351868
467,1,1,1,0.9140066504478455
468,1,1,1,0.8092078566551208
469,1,1,1,0.9396936297416687
470,1,1,1,0.9324661493301392
471,1,1,1,0.9310416579246521
472,1,1,1,0.7849622368812561
473,1,1,1,0.923227846622467
474,1,1,1,0.9176740050315857
475,1,1,1,0.9181346893310547
476,1,1,1,0.9280136823654175
477,1,1,1,0.9135480523109436
478,1,1,1,0.9179159998893738
479,1,1,1,0.9184843897819519
480,1,1,1,0.9197142124176025
481,1,1,1,0.916008710861206
482,1,1,1,0.9182753562927246
483,1,1,1,0.9081186056137085
484,1,1,1,0.9050323367118835
485,1,1,1,0.9066349267959595
486,1,1,1,0.9048864245414734
487,1,1,1,0.930523157119751
488,1,1,1,0.9122042655944824
489,1,1,1,0.8415513634681702
490,1,1,1,0.9252194166183472
491,1,1,1,0.8444250226020813
492,1,1,1,0.9171392321586609
493,1,1,1,0.9172214865684509
494,1,1,1,0.9338185787200928
495,1,1,1,0.9358290433883667
496,1,1,1,0.938207745552063
497,1,1,1,0.939073920249939
498,1,1,1,0.9398843050003052
499,1,1,1,0.9385695457458496
500,1,1,1,0.93876051902771
501,1,1,1,0.894615650177002
502,1,1,1,0.9383618235588074
503,1,1,1,0.9356380105018616
504,1,1,1,0.9346002340316772
505,1,1,1,0.9360405206680298
506,1,1,1,0.9355022311210632
507,1,1,1,0.93068927526474
508,1,1,1,0.9250932931900024
509,1,1,1,0.9217348694801331
510,1,1,1,0.8913818597793579
511,1,1,1,0.9217542409896851
512,1,1,1,0.9182161092758179
513,1,1,1,0.9200577139854431
514,1,1,1,0.9130051732063293
515,1,1,1,0.9122328758239746
516,1,1,1,0.8987041115760803
517,1,1,1,0.9039742946624756
518,1,1,1,0.8985538482666016
519,1,1,1,0.9173722863197327
520,1,1,1,0.9182725548744202
521,1,1,1,0.9189962148666382
522,1,1,1,0.918999433517456
523,1,1,1,0.9267109036445618
524,1,1,1,0.9322870969772339
525,1,1,1,0.9040319323539734
526,1,1,1,0.9307922720909119
527,1,1,1,0.9331846833229065
528,1,1,1,0.9302908182144165
529,1,1,1,0.8772098422050476
530,1,1,1,0.9101127982139587
531,1,1,1,0.8944697380065918
532,1,1,1,0.8922908902168274
533,1,1,1,0.8227490186691284
534,1,1,1,0.8315686583518982
535,1,1,1,0.9214750528335571
536,1,1,1,0.9141188859939575
537,1,1,1,0.6978318691253662
538,1,1,1,0.8967835903167725
539,1,1,1,0.7244961261749268
540,1,1,1,0.7202990651130676
541,1,1,1,0.7654902935028076
542,1,1,1,0.7699145078659058
543,1,1,1,0.751583993434906
544,1,1,1,0.7773297429084778
545,1,1,1,0.8965262174606323
546,1,1,1,0.7915111184120178
547,1,1,1,0.7728872895240784
548,1,1,1,0.7843078970909119
549,1,1,1,0.9123367071151733
550,1,1,1,0.7806521654129028
551,1,1,1,0.7703448534011841
552,1,1,1,0.7638540863990784
553,1,1,1,0.7360900044441223
554,1,1,1,0.7208628058433533
555,1,1,1,0.7460914254188538
556,1,1,1,0.7607344388961792
557,1,1,1,0.9148421883583069
558,1,1,1,0.9108325839042664
559,1,1,1,0.9025930762290955
560,1,1,1,0.9225448369979858
561,1,1,1,0.9198319315910339
562,1,1,1,0.9004282355308533
563,1,1,1,0.9085761904716492
564,1,1,1,0.771138608455658
565,1,1,1,0.7933522462844849
566,1,1,1,0.9274612665176392
567,1,1,1,0.9310755133628845
568,1,0,0,0.6539439558982849
569,1,1,1,0.914788544178009
570,1,0,0,0.7641161680221558
571,1,1,1,0.7959278225898743
572,1,0,0,0.8554946184158325
573,1,1,1,0.8057781457901001
574,1,1,1,0.810723602771759
575,1,1,1,0.8026305437088013
576,1,1,1,0.8096947073936462
577,1,1,1,0.8076769709587097
578,1,1,1,0.8565410375595093
579,1,1,1,0.8311193585395813
580,1,1,1,0.7855777144432068
581,1,1,1,0.788291335105896
582,1,1,1,0.8023518919944763
583,1,1,1,0.7890146970748901
584,1,1,1,0.7975544333457947
585,1,1,1,0.7838121652603149
586,1,1,1,0.7960652112960815
587,1,1,1,0.8945460319519043
588,1,1,1,0.9012410640716553
589,1,1,1,0.8961149454116821
590,1,1,1,0.9187431931495667
591,1,1,1,0.7181234359741211
592,1,1,1,0.8807204365730286
593,1,1,1,0.8819358348846436
594,1,1,1,0.8779698610305786
595,1,1,1,0.9072202444076538
596,1,1,1,0.9009127020835876
597,1,1,1,0.8882383108139038
598,1,1,1,0.8550316095352173
599,1,1,1,0.8503003120422363
600,1,1,1,0.844292938709259
601,1,1,1,0.8501291275024414
602,1,1,1,0.8488656282424927
603,1,1,1,0.8587287068367004
604,1,1,1,0.8795443177223206
605,1,1,1,0.8695064783096313
606,1,1,1,0.8644985556602478
607,1,1,1,0.8564768433570862
608,1,1,1,0.8529443144798279
609,1,1,1,0.9363160133361816
610,1,1,1,0.8752937316894531
611,1,1,1,0.8729720711708069
612,1,1,1,0.9165632724761963
613,1,1,1,0.8571482300758362
614,1,1,1,0.9007956385612488
615,1,1,1,0.8986501693725586
616,1,1,1,0.8962984681129456
617,1,1,1,0.8971299529075623
618,1,1,1,0.9112131595611572
619,1,1,1,0.9167067408561707
620,1,1,1,0.9182670712471008
621,1,1,1,0.9159360527992249
622,1,1,1,0.9192824959754944
623,1,1,1,0.9201341867446899
624,1,1,1,0.9182498455047607
625,1,1,1,0.903485894203186
626,1,1,1,0.9062294960021973
627,1,1,1,0.8804035782814026
628,1,1,1,0.9126742482185364
629,1,1,1,0.8921937346458435
630,1,1,1,0.900895893573761
631,1,1,1,0.9037657976150513
632,1,1,1,0.8759214878082275
633,1,1,1,0.9092414379119873
634,1,1,1,0.8734182715415955
635,1,1,1,0.9052819013595581
636,1,1,1,0.9081172347068787
637,1,1,1,0.9067086577415466
638,1,1,1,0.9105027914047241
639,1,1,1,0.9118009209632874
640,1,1,1,0.9090255498886108
641,1,1,1,0.8947144746780396
642,1,1,1,0.9096288681030273
643,1,1,1,0.9077479243278503
644,1,1,1,0.9059934616088867
645,1,1,1,0.9058342576026917
646,1,1,1,0.899707555770874
647,1,1,1,0.9018388390541077
648,1,1,1,0.9013693928718567
649,1,1,1,0.89822918176651
650,1,1,1,0.8557204008102417
651,1,1,1,0.8500890731811523
652,1,1,1,0.8527823090553284
653,1,1,1,0.8521063923835754
654,1,1,1,0.844765305519104
655,1,1,1,0.8522214889526367
656,1,1,1,0.8479828834533691
657,1,1,1,0.8474770784378052
658,1,1,1,0.7321005463600159
659,1,1,1,0.7364951968193054
660,1,1,1,0.7561308145523071
661,1,1,1,0.7460948824882507
662,1,1,1,0.7368825674057007
663,1,1,1,0.931446373462677
664,1,1,1,0.6587187051773071
665,1,1,1,0.9037065505981445
666,1,1,1,0.9072098135948181
667,1,1,1,0.9188510775566101
668,1,1,1,0.9170792102813721
669,1,1,1,0.9155682325363159
670,1,1,1,0.9162743091583252
671,1,1,1,0.9200356006622314
672,1,1,1,0.9194609522819519
673,1,1,1,0.906711995601654
674,1,1,1,0.9020076990127563
675,1,1,1,0.9221102595329285
676,1,1,1,0.9325137138366699
677,1,1,1,0.9279094338417053
678,1,1,1,0.9287104606628418
679,1,1,1,0.927949070930481
680,1,1,1,0.9270336031913757
681,1,1,1,0.9293578863143921
682,1,1,1,0.8759695291519165
683,1,1,1,0.8805050849914551
684,1,1,1,0.8760127425193787
685,1,1,1,0.8773204684257507
686,1,1,1,0.8763250112533569
687,1,1,1,0.9003545641899109
688,1,1,1,0.8996145129203796
689,1,1,1,0.9293729662895203
690,1,1,1,0.8981051445007324
691,1,1,1,0.9035287499427795
692,1,1,1,0.9026657342910767
693,1,1,1,0.9002740383148193
694,1,1,1,0.8972585201263428
695,1,1,1,0.9418173432350159
696,1,1,1,0.938657820224762
697,1,1,1,0.9350881576538086
698,1,1,1,0.8996667265892029
699,1,1,1,0.9322463870048523
700,1,1,1,0.9308141469955444
701,1,1,1,0.9286449551582336
702,1,1,1,0.9203270077705383
703,1,1,1,0.8481894135475159
704,1,1,1,0.8466960191726685
705,1,1,1,0.8039400577545166
706,1,1,1,0.7854479551315308
707,1,1,1,0.7147746682167053
708,1,1,1,0.8053653240203857
709,1,1,1,0.8030803799629211
710,1,1,1,0.8955016136169434
711,1,1,1,0.9002907276153564
712,1,1,1,0.925966739654541
713,1,1,1,0.9028613567352295
714,1,1,1,0.8946495056152344
715,1,1,1,0.7807191610336304
716,1,1,1,0.7806437611579895
717,1,1,1,0.7802687287330627
718,1,1,1,0.8092748522758484
719,1,1,1,0.8788464069366455
720,1,1,1,0.8788940906524658
721,1,1,1,0.9017807841300964
722,1,1,1,0.9140196442604065
723,1,0,0,0.8049941062927246
724,1,1,1,0.6988672018051147
725,1,1,1,0.6856970191001892
726,1,1,1,0.777079164981842
727,1,1,1,0.7671202421188354
728,1,1,1,0.7386974692344666
729,1,1,1,0.7513784766197205
730,1,1,1,0.6949239373207092
731,1,1,1,0.6800028085708618
732,1,1,1,0.7372308969497681
733,1,1,1,0.8685502409934998
734,1,1,1,0.7995218634605408
735,1,1,1,0.7984558939933777
736,1,1,1,0.7910688519477844
737,1,1,1,0.8129407167434692
738,1,1,1,0.7824102640151978
739,1,1,1,0.7102271914482117
740,1,1,1,0.7553254961967468
741,1,1,1,0.7648431062698364
742,1,1,1,0.827259361743927
743,1,1,1,0.8269482254981995
744,1,1,1,0.7065965533256531
745,1,1,1,0.8231030106544495
746,1,1,1,0.7819452881813049
747,1,1,1,0.792776346206665
748,1,1,1,0.7847181558609009
749,1,1,1,0.9405149817466736
750,1,1,1,0.9275428056716919
751,1,1,1,0.9320392608642578
752,1,1,1,0.9298369884490967
753,1,1,1,0.9263441562652588
754,1,0,0,0.6776142120361328
755,1,1,1,0.685266375541687
756,1,0,0,0.6691376566886902
757,1,0,0,0.6655740141868591
758,1,0,0,0.6482980251312256
759,1,0,0,0.6536337733268738
760,1,0,0,0.6621768474578857
761,1,0,0,0.659526526927948
762,1,1,1,0.6523818373680115
763,1,1,1,0.6675325036048889
764,1,0,0,0.6699283123016357
765,1,1,1,0.9440685510635376
766,1,1,1,0.7516718506813049
767,1,1,1,0.8730437755584717
768,1,1,1,0.8748453855514526
769,1,1,1,0.8798314929008484
770,1,1,1,0.8789161443710327
771,1,1,1,0.8753336071968079
772,1,1,1,0.8771641254425049
773,1,1,1,0.8591936230659485
774,1,1,1,0.6857606768608093
775,1,1,1,0.867881178855896
776,1,1,1,0.749614417552948
777,1,1,1,0.8572570085525513
778,1,1,1,0.8562663197517395
779,1,1,1,0.8452231884002686
780,1,1,1,0.8421271443367004
781,1,1,1,0.8269011974334717
782,1,1,1,0.7050317525863647
783,1,1,1,0.9442141056060791
784,1,1,1,0.8939500451087952
785,1,1,1,0.8857470154762268
786,1,1,1,0.8990852236747742
787,1,1,1,0.8973664045333862
788,1,1,1,0.8562245965003967
789,1,1,1,0.8991112112998962
790,1,1,1,0.888893723487854
791,1,1,1,0.883991003036499
792,1,1,1,0.8774250745773315
793,1,1,1,0.8209762573242188
794,1,1,1,0.8448140025138855
795,1,1,1,0.7841807007789612
796,1,1,1,0.8401763439178467
797,1,1,1,0.8200218677520752
798,1,1,1,0.7976893782615662
799,1,1,1,0.9182482957839966
800,1,1,1,0.927414059638977
801,1,1,1,0.9156008362770081
802,1,1,1,0.9347012042999268
803,1,1,1,0.9499335289001465
804,1,1,1,0.9060013294219971
805,1,1,1,0.9057255387306213
806,1,1,1,0.9128383994102478
807,1,1,1,0.8779834508895874
808,1,1,1,0.8811773657798767
809,1,1,1,0.8796690702438354
810,1,1,1,0.8802034854888916
811,1,1,1,0.8798508048057556
812,1,1,1,0.8825651407241821
813,1,1,1,0.8803385496139526
814,1,1,1,0.8772549033164978
815,1,1,1,0.8812435865402222
816,1,1,1,0.8766865134239197
817,1,1,1,0.8803173899650574
818,1,1,1,0.8794972896575928
819,1,1,1,0.912063717842102
820,1,1,1,0.907744288444519
821,1,1,1,0.7574847340583801
822,1,1,1,0.9091090559959412
823,1,1,1,0.9168152213096619
824,1,1,1,0.8538122177124023
825,1,0,0,0.838566243648529
826,1,1,1,0.6852065324783325
827,1,1,1,0.9154844284057617
828,1,1,1,0.9085946083068848
829,1,1,1,0.929143488407135
830,1,1,1,0.8529233932495117
831,1,1,1,0.8464093208312988
832,1,1,1,0.9294283986091614
833,1,1,1,0.8397616744041443
834,1,1,1,0.8682552576065063
835,1,1,1,0.8820338845252991
836,1,1,1,0.8387009501457214
837,1,1,1,0.8801633715629578
838,1,1,1,0.8945786952972412
839,1,1,1,0.9064131379127502
840,1,1,1,0.9080868363380432
841,1,1,1,0.8958489298820496
842,1,1,1,0.8927680850028992
843,1,1,1,0.8857457637786865
844,1,1,1,0.8722621202468872
845,1,1,1,0.6870036721229553
846,1,0,0,0.8155853748321533
847,1,0,0,0.7764926552772522
848,1,1,1,0.8572092056274414
849,1,1,1,0.8666409254074097
850,1,1,1,0.9399321675300598
851,1,1,1,0.9408971071243286
852,1,1,1,0.9377551078796387
853,1,1,1,0.7944437861442566
854,1,1,1,0.8236857652664185
855,1,1,1,0.8351342082023621
856,1,1,1,0.8474720120429993
857,1,1,1,0.8227445483207703
858,1,1,1,0.8325088024139404
859,1,1,1,0.8435583114624023
860,1,1,1,0.8157114386558533
861,1,1,1,0.8212757706642151
862,1,1,1,0.8871694207191467
863,1,1,1,0.8884493112564087
864,1,1,1,0.8941484093666077
865,1,1,1,0.9135998487472534
866,1,1,1,0.8971182107925415
867,1,1,1,0.8812501430511475
868,1,1,1,0.9323644042015076
869,1,1,1,0.9293559193611145
870,1,1,1,0.9306562542915344
871,1,1,1,0.9290146231651306
872,1,1,1,0.9308714270591736
873,1,1,1,0.8914008140563965
874,1,1,1,0.9342314600944519
875,1,1,1,0.9297374486923218
876,1,1,1,0.9310556054115295
877,1,1,1,0.9301047325134277
878,1,1,1,0.9276609420776367
879,1,1,1,0.9298954010009766
880,1,1,1,0.9289864897727966
881,1,1,1,0.8945392966270447
882,1,1,1,0.8921712040901184
883,1,1,1,0.8936424851417542
884,1,1,1,0.8963786363601685
885,1,1,1,0.8911972045898438
886,1,0,0,0.5995255708694458
887,1,1,1,0.6842923760414124
888,1,1,1,0.6936545968055725
889,1,1,1,0.9137515425682068
890,1,1,1,0.8954121470451355
891,1,1,1,0.9094069600105286
892,1,1,1,0.9102975130081177
893,1,0,0,0.658458948135376
894,1,1,1,0.656582236289978
895,0,0,1,0.7773424983024597
896,1,1,1,0.9140430688858032
897,1,1,1,0.840091347694397
898,1,1,1,0.8470095992088318
899,1,0,0,0.7977085113525391
900,1,0,0,0.7985729575157166
901,1,0,0,0.7273916602134705
902,1,0,0,0.6770265698432922
903,1,0,0,0.8039563894271851
904,1,1,1,0.8957871794700623
905,1,1,1,0.8917778134346008
906,1,1,1,0.892444908618927
907,1,1,1,0.8979806303977966
908,1,1,1,0.7657546401023865
909,1,1,1,0.7723160982131958
910,1,1,1,0.7694057822227478
911,1,1,1,0.8375869393348694
912,1,1,1,0.8700350522994995
913,1,1,1,0.7742802500724792
914,1,1,1,0.6314333081245422
915,1,1,1,0.6904969811439514
916,1,1,1,0.6673523187637329
917,1,1,1,0.9219595789909363
918,1,1,1,0.812259316444397
919,1,1,1,0.7966883778572083
920,1,1,1,0.8381391167640686
921,1,0,0,0.925450325012207
922,1,1,1,0.8359256386756897
923,1,1,1,0.9099248647689819
924,1,1,1,0.9002383351325989
925,1,0,0,0.899622917175293
926,1,0,0,0.9309310913085938
927,1,1,1,0.6577653884887695
928,1,0,0,0.9194321632385254
929,1,1,1,0.9051939845085144
930,1,1,1,0.9019076824188232
931,1,0,0,0.8141354918479919
932,1,1,1,0.8427314758300781
933,1,1,1,0.8454010486602783
934,1,1,1,0.8250795602798462
935,1,0,0,0.692444920539856
936,1,1,1,0.8108276128768921
937,1,0,0,0.6763033270835876
938,1,0,0,0.8012223839759827
939,1,0,0,0.8062463402748108
940,1,0,0,0.7531024217605591
941,1,0,0,0.7454126477241516
942,1,0,0,0.7638883590698242
943,1,0,0,0.7695834636688232
944,1,1,1,0.6636801362037659
945,1,1,1,0.6691396832466125
946,1,1,1,0.6616705656051636
947,1,1,1,0.6616271734237671
948,1,0,0,0.7196884751319885
949,1,1,1,0.6553414463996887
950,0,0,1,0.7591753602027893
951,1,1,1,0.7036893963813782
952,1,0,0,0.7483336925506592
953,1,1,1,0.7882473468780518
954,1,1,1,0.7677696347236633
955,1,1,1,0.9010401964187622
956,1,1,1,0.899085283279419
957,1,1,1,0.8922860622406006
958,1,1,1,0.8912203907966614
959,1,1,1,0.7210897207260132
960,1,1,1,0.7271566987037659
961,1,1,1,0.7024322748184204
962,1,1,1,0.8799038529396057
963,1,1,1,0.6908480525016785
964,1,0,0,0.6807942390441895
965,1,0,0,0.7484540343284607
966,1,1,1,0.9015149474143982
967,1,1,1,0.8983855247497559
968,1,0,0,0.7777868509292603
969,1,0,0,0.7349376082420349
970,1,0,0,0.7200647592544556
971,1,1,1,0.907528817653656
972,1,0,0,0.7371031045913696
973,1,0,0,0.7430033087730408
974,1,0,0,0.7096848487854004
975,1,1,1,0.7862078547477722
976,1,1,1,0.7865146398544312
977,1,0,0,0.7047518491744995
978,1,0,0,0.7783568501472473
979,1,0,0,0.71330326795578
980,1,1,1,0.7256031036376953
981,1,1,1,0.7248322367668152
982,1,1,1,0.6468619108200073
983,1,1,1,0.6626203656196594
984,1,0,0,0.7020049691200256
985,1,0,0,0.688130259513855
986,1,0,0,0.6595611572265625
987,1,1,1,0.6495074033737183
988,1,0,0,0.6715403199195862
989,1,1,1,0.8938901424407959
990,1,0,0,0.7713460922241211
991,1,1,1,0.6762176752090454
992,1,1,1,0.8095925450325012
993,1,1,1,0.8470590710639954
994,1,0,0,0.7276111245155334
995,0,0,1,0.9460374712944031
996,0,0,1,0.9514634609222412
997,0,0,1,0.9497030377388
998,0,0,1,0.947274923324585
999,0,0,1,0.9427816867828369
1000,0,0,1,0.9550646543502808
1001,0,0,1,0.9496821165084839
1002,0,0,1,0.938603401184082
1003,0,0,1,0.9528685808181763
1004,0,0,1,0.9447749257087708
1005,0,0,1,0.937247633934021
1006,0,0,1,0.9231719970703125
1007,0,0,1,0.9163461923599243
1008,0,0,1,0.9262542128562927
1009,0,0,1,0.9306018948554993
1010,0,0,1,0.9270685911178589
1011,0,0,1,0.9215664267539978
1012,0,0,1,0.8956038355827332
1013,0,0,1,0.9004757404327393
1014,0,0,1,0.9038868546485901
1015,0,0,1,0.9053277373313904
1016,0,0,1,0.9235552549362183
1017,0,0,1,0.8535403609275818
1018,0,0,1,0.9419282674789429
1019,0,0,1,0.9416298270225525
1020,0,0,1,0.9294368028640747
1021,0,0,1,0.9287411570549011
1022,0,0,1,0.8673315048217773
1023,0,0,1,0.9311037063598633
1024,0,0,1,0.9366703629493713
1025,0,0,1,0.9321889281272888
1026,0,0,1,0.9337539076805115
1027,0,0,1,0.9341700077056885
1028,0,0,1,0.9278686046600342
1029,0,0,1,0.9250883460044861
1030,0,0,1,0.9367058277130127
1031,0,0,1,0.9307167530059814
1032,0,0,1,0.9289347529411316
1033,0,0,1,0.9278481602668762
1034,0,0,1,0.933351457118988
1035,0,0,1,0.8371065258979797
1036,0,0,1,0.9244387745857239
1037,0,0,1,0.9351274371147156
1038,0,0,1,0.9251265525817871
1039,0,0,1,0.8436787724494934
1040,0,0,1,0.9251189827919006
1041,0,0,1,0.9248445630073547
1042,0,0,1,0.9259325265884399
1043,0,0,1,0.90846848487854
1044,0,0,1,0.9389523267745972
1045,0,0,1,0.9408231377601624
1046,0,0,1,0.9470499157905579
1047,0,0,1,0.924605667591095
1048,0,0,1,0.9367371201515198
1049,0,0,1,0.9214905500411987
1050,0,0,1,0.9242416620254517
1051,0,0,1,0.9370754957199097
1052,0,0,1,0.9247602224349976
1053,0,0,1,0.8822621703147888
1054,0,0,1,0.9415730237960815
1055,0,0,1,0.8872173428535461
1056,0,0,1,0.9371355175971985
1057,0,0,1,0.8978849053382874
1058,0,0,1,0.9446045756340027
1059,0,0,1,0.9346137046813965
1060,0,0,1,0.9280021786689758
1061,0,0,1,0.8728393316268921
1062,0,0,1,0.9332906603813171
1063,0,0,1,0.9412075877189636
1064,0,0,1,0.9375975131988525
1065,0,0,1,0.8943819403648376
1066,0,0,1,0.8774683475494385
1067,0,0,1,0.9108481407165527
1068,0,0,1,0.9060023427009583
1069,0,0,1,0.9054890275001526
1070,0,0,1,0.8687607049942017
1071,0,0,1,0.9020915627479553
1072,0,0,1,0.9168072938919067
1073,0,0,1,0.9161421060562134
1074,0,0,1,0.9038722515106201
1075,0,0,1,0.8153738975524902
1076,0,0,1,0.9077722430229187
1077,0,0,1,0.8950226902961731
1078,0,0,1,0.8942644000053406
1079,0,0,1,0.9137576222419739
1080,0,0,1,0.9031504392623901
1081,0,0,1,0.9048116207122803
1082,0,0,1,0.8923805952072144
1083,0,0,1,0.9071159958839417
1084,0,0,1,0.8933919072151184
1085,0,0,1,0.8982669115066528
1086,0,0,1,0.8971920013427734
1087,0,0,1,0.871089518070221
1088,0,0,1,0.8253690004348755
1089,0,0,1,0.8258827924728394
1090,0,0,1,0.8659313321113586
1091,0,0,1,0.8709421157836914
1092,0,0,1,0.9114158749580383
1093,0,0,1,0.913561224937439
1094,0,0,1,0.9195232391357422
1095,0,0,1,0.9179414510726929
1096,0,0,1,0.8719712495803833
1097,0,0,1,0.8901490569114685
1098,0,0,1,0.9060590863227844
1099,0,0,1,0.9262940287590027
1100,0,0,1,0.9251960515975952
1101,0,0,1,0.9004567861557007
1102,0,0,1,0.8948867917060852
1103,0,0,1,0.9093331694602966
1104,0,0,1,0.9069695472717285
1105,0,0,1,0.9061220288276672
1106,0,0,1,0.780072033405304
1107,0,0,1,0.6899281740188599
1108,0,0,1,0.9100149273872375
1109,0,0,1,0.9264786243438721
1110,0,0,1,0.9252225756645203
1111,0,0,1,0.9368950724601746
1112,0,0,1,0.9435907602310181
1113,0,0,1,0.9380795955657959
1114,0,0,1,0.9120997786521912
1115,0,0,1,0.9439744353294373
1116,0,0,1,0.9218989610671997
1117,0,0,1,0.8852371573448181
1118,0,0,1,0.9154590964317322
1119,0,0,1,0.9018481373786926
1120,0,0,1,0.6752822399139404
1121,0,0,1,0.7235804200172424
1122,0,0,1,0.7996907830238342
1123,0,0,1,0.8364269137382507
1124,0,0,1,0.897283136844635
1125,0,0,1,0.8646847009658813
1126,0,0,1,0.9094757437705994
1127,0,0,1,0.8524128794670105
1128,0,0,1,0.887794554233551
1129,0,0,1,0.8510899543762207
1130,0,0,1,0.873394250869751
1131,0,0,1,0.8457534909248352
1132,0,0,1,0.8730018734931946
1133,0,0,1,0.8878189325332642
1134,0,0,1,0.7733674049377441
1135,0,0,1,0.909950315952301
1136,0,0,1,0.8822634816169739
1137,0,0,1,0.7299127578735352
1138,0,0,1,0.7361240386962891
1139,0,0,1,0.874836266040802
1140,0,0,1,0.8580032587051392
1141,0,0,1,0.8766463994979858
1142,0,1,0,0.8232448101043701
1143,0,0,1,0.7180300354957581
1144,0,0,1,0.6691308617591858
1145,0,0,1,0.8263005614280701
1146,0,0,1,0.7849913239479065
1147,0,0,1,0.8468006253242493
1148,0,0,1,0.6760424971580505
1149,0,0,1,0.8373565077781677
1150,0,0,1,0.872772753238678
1151,0,0,1,0.6631720662117004
1152,0,0,1,0.8262345790863037
1153,0,0,1,0.7961748838424683
1154,0,0,1,0.780381441116333
1155,0,0,1,0.812484860420227
1156,0,0,1,0.7621724009513855
1157,0,0,1,0.9056307077407837
1158,0,0,1,0.8969402313232422
1159,0,0,1,0.8895935416221619
1160,0,0,1,0.8240906000137329
1161,0,0,1,0.8127267956733704
1162,0,0,1,0.8098486661911011
1163,0,0,1,0.7532143592834473
1164,0,0,1,0.7188599705696106
1165,0,0,1,0.8881182670593262
1166,0,0,1,0.8917286396026611
1167,0,0,1,0.8585020899772644
1168,0,0,1,0.8645032644271851
1169,0,0,1,0.8537752032279968
1170,0,0,1,0.8455983400344849
1171,0,0,1,0.7998966574668884
1172,0,0,1,0.8829642534255981
1173,0,0,1,0.8163709044456482
1174,0,0,1,0.8453871607780457
1175,0,0,1,0.8558257818222046
1176,0,0,1,0.8190940022468567
1177,0,0,1,0.7378754019737244
1178,0,0,1,0.8245032429695129
1179,0,0,1,0.8921178579330444
1180,0,0,1,0.8833656311035156
1181,0,0,1,0.8898794651031494
1182,0,0,1,0.8084216713905334
1183,0,0,1,0.8225460052490234
1184,0,0,1,0.8112314939498901
1185,0,0,1,0.837388277053833
1186,0,0,1,0.8345490097999573
1187,0,0,1,0.822116494178772
1188,0,0,1,0.8251277804374695
1189,0,0,1,0.8424438238143921
1190,0,0,1,0.8350029587745667
1191,0,0,1,0.8477341532707214
1192,0,0,1,0.9204376935958862
1193,0,0,1,0.9168933033943176
1194,0,0,1,0.9171540141105652
1195,0,0,1,0.9000043272972107
1196,0,0,1,0.9170264005661011
1197,0,0,1,0.8973422646522522
1198,0,0,1,0.8981138467788696
1199,0,0,1,0.9094238877296448
1200,0,0,1,0.9336999654769897
1201,0,0,1,0.9510157704353333
1202,0,0,1,0.9510349631309509
1203,0,0,1,0.949722409248352
1204,0,0,1,0.9573477506637573
1205,0,0,1,0.9527021050453186
1206,0,0,1,0.9368152618408203
1207,0,0,1,0.9563871026039124
1208,0,0,1,0.9561988711357117
1209,0,0,1,0.9537359476089478
1210,0,0,1,0.9551263451576233
1211,0,0,1,0.9571215510368347
1212,0,0,1,0.9519544839859009
1213,0,0,1,0.9419281482696533
1214,0,0,1,0.9513822197914124
1215,0,0,1,0.9344532489776611
1216,0,0,1,0.9417024254798889
1217,0,0,1,0.9419569969177246
1218,0,0,1,0.9243762493133545
1219,0,0,1,0.9375663995742798
1220,0,0,1,0.9342516660690308
1221,0,0,1,0.9230815768241882
1222,0,0,1,0.9313634037971497
1223,0,0,1,0.9348187446594238
1224,0,0,1,0.9430924654006958
1225,0,0,1,0.9298182129859924
1226,0,0,1,0.9053091406822205
1227,0,0,1,0.9363526105880737
1228,0,0,1,0.9343311786651611
1229,0,0,1,0.9395129084587097
1230,0,0,1,0.9255715012550354
1231,0,0,1,0.9272022247314453
1232,0,0,1,0.93187415599823
1233,0,0,1,0.928153932094574
1234,0,0,1,0.9337746500968933
1235,0,0,1,0.9309292435646057
1236,0,0,1,0.9254868626594543
1237,0,0,1,0.9354410171508789
1238,0,0,1,0.9321558475494385
1239,0,0,1,0.9352051019668579
1240,0,0,1,0.9189625382423401
1241,0,0,1,0.7929562926292419
1242,0,0,1,0.7931581735610962
1243,0,0,1,0.8302019834518433
1244,0,0,1,0.9006586074829102
1245,0,0,1,0.9061748385429382
1246,0,0,1,0.6127559542655945
1247,0,1,0,0.6629714965820312
1248,0,1,0,0.68687504529953
1249,0,0,1,0.6337237358093262
1250,0,1,0,0.6834555864334106
1251,0,0,1,0.8096582293510437
1252,0,0,1,0.7998046278953552
1253,0,1,0,0.6051194667816162
1254,0,0,1,0.8091552257537842
1255,0,0,1,0.6722513437271118
1256,0,0,1,0.7418996691703796
1257,0,0,1,0.8481079339981079
1258,0,0,1,0.8787779211997986
1259,0,1,0,0.6975632309913635
1260,0,1,0,0.642548680305481
1261,0,0,1,0.6479478478431702
1262,0,0,1,0.6403136253356934
1263,0,0,1,0.7578790783882141
1264,0,0,1,0.7557566165924072
1265,0,0,1,0.7616878151893616
1266,0,0,1,0.8473044633865356
1267,0,0,1,0.8567057251930237
1268,0,0,1,0.6975954174995422
1269,0,0,1,0.6343089938163757
1270,0,0,1,0.639010488986969
1271,0,0,1,0.6805673241615295
1272,0,1,0,0.713668704032898
1273,0,1,0,0.7047586441040039
1274,0,1,0,0.7054017186164856
1275,0,1,0,0.7424099445343018
1276,0,1,0,0.7060658931732178
1277,0,0,1,0.8248982429504395
1278,0,1,0,0.7111068964004517
1279,0,1,0,0.7420235872268677
1280,0,1,0,0.7589524388313293
1281,0,1,0,0.8502910137176514
1282,0,0,1,0.6333804726600647
1283,0,1,0,0.7374851703643799
1284,0,1,0,0.868765115737915
1285,0,1,0,0.8614019155502319
1286,0,1,0,0.8693344593048096
1287,0,1,0,0.8710628747940063
1288,0,0,1,0.7997761368751526
1289,0,0,1,0.7489497661590576
1290,0,1,0,0.8590850830078125
1291,0,1,0,0.7004722356796265
1292,0,1,0,0.8382555246353149
1293,0,0,1,0.7437275052070618
1294,0,1,0,0.8366401195526123
1295,0,1,0,0.6786708235740662
1296,0,1,0,0.6615499258041382
1297,0,1,0,0.8405562043190002
1298,0,1,0,0.7700678110122681
1299,0,1,0,0.7593716382980347
1300,0,1,0,0.664765477180481
1301,0,1,0,0.6693049073219299
1302,0,1,0,0.8593035340309143
1303,0,1,0,0.7308140993118286
1304,0,1,0,0.6962205171585083
1305,0,1,0,0.697288990020752
1306,0,1,0,0.8455048203468323
1307,0,1,0,0.8301658630371094
1308,0,1,0,0.8550205826759338
1309,0,0,1,0.7385631203651428
1310,0,1,0,0.6919887661933899
1311,0,0,1,0.7375577688217163
1312,0,0,1,0.8106912970542908
1313,0,1,0,0.6585432887077332
1314,0,1,0,0.6792331337928772
1315,0,1,0,0.6594081521034241
1316,0,0,1,0.8482481241226196
1317,0,0,1,0.8494045734405518
1318,0,1,0,0.6695499420166016
1319,0,1,0,0.6493398547172546
1320,0,1,0,0.6647636890411377
1321,0,0,1,0.7953898310661316
1322,0,0,1,0.6906779408454895
1323,0,0,1,0.7914671897888184
1324,0,0,1,0.8383092284202576
1325,0,0,1,0.7929863929748535
1326,0,1,0,0.6611679792404175
1327,0,1,0,0.7011055946350098
1328,0,0,1,0.6027916073799133
1329,0,0,1,0.7105981707572937
1330,0,1,0,0.6518821120262146
1331,0,1,0,0.7079624533653259
1332,0,1,0,0.6926527619361877
1333,0,0,1,0.8618444204330444
1334,0,0,1,0.855574369430542
1335,0,0,1,0.8594406247138977
1336,0,1,0,0.7010059356689453
1337,0,0,1,0.7312674522399902
1338,0,1,0,0.7067967653274536
1339,0,0,1,0.6794302463531494
1340,0,0,1,0.7314629554748535
1341,0,1,0,0.6601837277412415
1342,0,0,1,0.9078068137168884
1343,0,0,1,0.9083895683288574
1344,0,0,1,0.9177157282829285
1345,0,0,1,0.9241541624069214
1346,0,0,1,0.7404268383979797
1347,0,0,1,0.6920353174209595
1348,0,1,0,0.8695780038833618
1349,0,1,0,0.8751458525657654
1350,0,1,0,0.8530831933021545
1351,0,0,1,0.7245551347732544
1352,0,0,1,0.7018612027168274
1353,0,0,1,0.7230281233787537
1354,0,1,0,0.6920083165168762
1355,0,0,1,0.6792739033699036
1356,0,0,1,0.721319854259491
1357,0,1,0,0.6688402891159058
1358,0,0,1,0.7017518281936646
1359,0,0,1,0.7139970660209656
1360,0,0,1,0.6956110000610352
1361,0,0,1,0.7159664034843445
1362,0,0,1,0.6663208603858948
1363,0,1,0,0.7508589625358582
1364,0,0,1,0.7501111626625061
1365,0,0,1,0.7617277503013611
1366,0,0,1,0.7091694474220276
1367,0,0,1,0.7084832787513733
1368,0,0,1,0.7338823080062866
1369,0,0,1,0.7087778449058533
1370,0,0,1,0.6978995203971863
1371,0,0,1,0.7029545307159424
1372,0,1,0,0.6901841759681702
1373,0,0,1,0.7896025776863098
1374,0,0,1,0.7750797867774963
1375,0,0,1,0.7595484852790833
1376,0,0,1,0.6935205459594727
1377,0,0,1,0.7115302681922913
1378,0,0,1,0.6699293255805969
1379,0,0,1,0.7249947190284729
1380,0,1,0,0.7879250049591064
1381,0,1,0,0.7492679953575134
1382,0,1,0,0.7667685747146606
1383,0,1,0,0.7650659680366516
1384,0,0,1,0.7310681343078613
1385,0,0,1,0.6972425580024719
1386,0,0,1,0.7585639953613281
1387,0,0,1,0.7069202661514282
1388,0,0,1,0.6884263157844543
1389,0,0,1,0.6915141344070435
1390,0,1,0,0.6947382092475891
1391,0,0,1,0.7281237840652466
1392,0,0,1,0.6970000267028809
1393,0,0,1,0.6940603256225586
1394,0,0,1,0.7055835127830505
1395,0,0,1,0.7216029763221741
1396,0,0,1,0.6894252300262451
1397,0,0,1,0.7290155291557312
1398,0,0,1,0.7329717874526978
1399,0,1,0,0.7845284342765808
1400,0,1,0,0.7922318577766418
1401,0,1,0,0.7299854159355164
1402,0,1,0,0.7354087829589844
1403,0,0,1,0.721503496170044
1404,0,1,0,0.7230677604675293
1405,0,1,0,0.9124586582183838
1406,0,0,1,0.819022536277771
1407,0,0,1,0.8218678832054138
1408,0,1,0,0.6790052652359009
1409,0,0,1,0.6593690514564514
1410,0,1,0,0.6691138744354248
1411,0,0,1,0.8332099914550781
1412,0,0,1,0.8527882099151611
1413,0,0,1,0.8513748645782471
1414,0,0,1,0.8545649647712708
1415,0,0,1,0.8569250702857971
1416,0,0,1,0.8627905249595642
1417,0,0,1,0.8588491678237915
1418,0,0,1,0.8843478560447693
1419,0,0,1,0.8773772716522217
1420,0,0,1,0.7680699825286865
1421,0,0,1,0.7863807082176208
1422,0,0,1,0.8394625186920166
1423,0,0,1,0.8316081166267395
1424,0,0,1,0.8268901109695435
1425,0,1,0,0.7509046792984009
1426,0,1,0,0.6513078212738037
1427,0,0,1,0.6403802037239075
1428,0,0,1,0.6427032947540283
1429,0,0,1,0.678072452545166
1430,0,0,1,0.6556771993637085
1431,0,0,1,0.6461430788040161
1432,0,1,0,0.6526550054550171
1433,0,0,1,0.6732425689697266
1434,0,0,1,0.6825248599052429
1435,0,1,0,0.9117491245269775
1436,0,1,0,0.9161685109138489
1437,0,0,1,0.8706890344619751
1438,0,0,1,0.8689630031585693
1439,0,0,1,0.8635849356651306
1440,0,0,1,0.7015547752380371
1441,0,0,1,0.8650572299957275
1442,0,0,1,0.8665300011634827
1443,0,0,1,0.8652070760726929
1444,0,0,1,0.8685125112533569
1445,0,0,1,0.8639072179794312
1446,0,0,1,0.8414099216461182
1447,0,0,1,0.8663719892501831
1448,0,1,0,0.740901529788971
1449,0,0,1,0.8587909936904907
1450,0,0,1,0.8616800904273987
1451,0,0,1,0.8564012050628662
1452,0,0,1,0.8511064052581787
1453,0,1,0,0.936028003692627
1454,0,1,0,0.9378580451011658
1455,0,1,0,0.6506426930427551
1456,0,1,0,0.9327722787857056
1457,0,1,0,0.8680270910263062
1458,0,1,0,0.8671092987060547
1459,0,1,0,0.864463746547699
1460,0,0,1,0.8192383646965027
1461,0,0,1,0.8350042104721069
1462,0,0,1,0.8663538694381714
1463,0,0,1,0.8641688823699951
1464,0,0,1,0.7924795150756836
1465,0,0,1,0.7753725647926331
1466,0,0,1,0.8121680617332458
1467,0,0,1,0.8104113936424255
1468,0,1,0,0.6844218373298645
1469,0,0,1,0.8055578470230103
1470,0,0,1,0.8213585615158081
1471,0,0,1,0.8550882935523987
1472,0,0,1,0.8566569089889526
1473,0,0,1,0.7816863656044006
1474,0,0,1,0.7559694647789001
1475,0,0,1,0.7010888457298279
1476,0,0,1,0.7023522853851318
1477,0,0,1,0.6928231716156006
1478,0,0,1,0.741365909576416
1479,0,0,1,0.7473898530006409
1480,0,0,1,0.7774134874343872
1481,0,0,1,0.7436575889587402
1482,0,0,1,0.7503087520599365
1483,0,0,1,0.7758285403251648
1484,0,0,1,0.783746600151062
1485,0,0,1,0.6803320646286011
1486,0,1,0,0.7048495411872864
1487,0,1,0,0.7009240984916687
1488,0,1,0,0.6736965179443359
1489,0,1,0,0.8248791098594666
1490,0,1,0,0.8227033615112305
1491,0,1,0,0.7898653149604797
1492,0,1,0,0.7888575196266174
1493,0,1,0,0.7620387077331543
1494,0,0,1,0.7436152696609497
1495,0,0,1,0.7908507585525513
1496,0,0,1,0.787406325340271
1497,0,0,1,0.8334976434707642
1498,0,0,1,0.8347051739692688
1499,0,0,1,0.8329150676727295
1500,0,0,1,0.7373011112213135
1501,0,0,1,0.7338862419128418
1502,0,0,1,0.8316584229469299
1503,0,1,0,0.6750457882881165
1504,0,1,0,0.6762867569923401
1505,0,1,0,0.6688058376312256
1506,0,1,0,0.6773490309715271
1507,0,1,0,0.7478293180465698
1508,0,0,1,0.7591087818145752
1509,0,0,1,0.7371558547019958
1510,0,1,0,0.7293781042098999
1511,0,0,1,0.633847177028656
1512,0,0,1,0.7272148728370667
1513,0,0,1,0.7175195217132568
1514,0,0,1,0.7250504493713379
1515,0,0,1,0.7673102617263794
1516,0,0,1,0.8007051944732666
1517,0,0,1,0.7996558547019958
1518,0,0,1,0.7576881647109985
1519,0,0,1,0.7686433792114258
1520,0,0,1,0.76521897315979
1521,0,1,0,0.6973780393600464
1522,0,0,1,0.8314219117164612
1523,0,0,1,0.6998540759086609
1524,0,0,1,0.8312494158744812
1525,0,0,1,0.8294233083724976
1526,0,0,1,0.7482911944389343
1527,0,0,1,0.6642806529998779
1528,0,0,1,0.7699323892593384
1529,0,0,1,0.8325227499008179
1530,0,1,0,0.7308099865913391
1531,0,0,1,0.7283557653427124
1532,0,0,1,0.7094572186470032
1533,0,0,1,0.6998768448829651
1534,0,0,1,0.7020389437675476
1535,0,0,1,0.7048643827438354
1536,0,0,1,0.7455523014068604
1537,0,1,0,0.6598327159881592
1538,0,1,0,0.663417637348175
1539,0,0,1,0.7091795206069946
1540,0,0,1,0.7852382063865662
1541,0,0,1,0.7442080974578857
1542,0,0,1,0.7161092162132263
1543,0,0,1,0.7085654735565186
1544,0,0,1,0.6887238621711731
1545,0,0,1,0.7902410626411438
1546,0,0,1,0.709251344203949
1547,1,0,0,0.6636949777603149
1548,0,0,1,0.7070630788803101
1549,0,1,0,0.6793332099914551
1550,1,0,0,0.7809155583381653
1551,0,0,1,0.7766798734664917
1552,0,0,1,0.7345457077026367
1553,0,0,1,0.7341978549957275
1554,0,0,1,0.7705650925636292
1555,0,0,1,0.7012519240379333
1556,0,0,1,0.6976395845413208
1557,0,0,1,0.8014689087867737
1558,0,0,1,0.7946696877479553
1559,0,0,1,0.8005921840667725
1560,0,0,1,0.6733059883117676
1561,0,0,1,0.8009179830551147
1562,0,0,1,0.7952342629432678
1563,0,0,1,0.799919605255127
1564,0,0,1,0.7961929440498352
1565,0,0,1,0.8014886379241943
1566,0,0,1,0.7679766416549683
1567,0,0,1,0.7703536748886108
1568,0,0,1,0.8032793402671814
1569,0,0,1,0.8377320170402527
1570,0,0,1,0.8373708128929138
1571,0,0,1,0.7990709543228149
1572,0,0,1,0.7414838075637817
1573,0,0,1,0.741409182548523
1574,0,1,0,0.6480427384376526
1575,0,0,1,0.7941478490829468
1576,0,0,1,0.8130309581756592
1577,0,0,1,0.8137198686599731
1578,0,0,1,0.7932962775230408
1579,0,0,1,0.7635118365287781
1580,0,0,1,0.7770158648490906
1581,0,0,1,0.8000210523605347
1582,0,0,1,0.7975984215736389
1583,0,0,1,0.7993626594543457
1584,0,0,1,0.787651777267456
1585,0,0,1,0.8360080122947693
1586,0,0,1,0.802932620048523
1587,0,0,1,0.7154130935668945
1588,0,0,1,0.7976506352424622
1589,0,1,0,0.7104412317276001
1590,0,1,0,0.7020676732063293
1591,0,0,1,0.7894287109375
1592,0,0,1,0.7960467338562012
1593,0,0,1,0.8095446228981018
1594,0,0,1,0.7479168176651001
1595,0,0,1,0.8319478631019592
1596,0,0,1,0.7611464262008667
1597,0,0,1,0.7611848711967468
1598,0,0,1,0.7054248452186584
1599,0,0,1,0.651146650314331
1600,0,0,1,0.7542099952697754
1601,0,0,1,0.7555872797966003
1602,0,1,0,0.6375094652175903
1603,0,0,1,0.7167330384254456
1604,0,0,1,0.7060018181800842
1605,0,1,0,0.7118270397186279
1606,0,1,0,0.7293747067451477
1607,0,1,0,0.664717972278595
1608,0,0,1,0.8152440190315247
1609,0,1,0,0.769335150718689
1610,0,0,1,0.7232981324195862
1611,0,0,1,0.6656311750411987
1612,0,0,1,0.7133921384811401
1613,0,1,0,0.6568198204040527
1614,0,1,0,0.6861984729766846
1615,0,1,0,0.702083170413971
1616,0,1,0,0.6760033965110779
1617,0,0,1,0.780141294002533
1618,0,0,1,0.6603179574012756
1619,0,0,1,0.782961905002594
1620,0,0,1,0.7815070152282715
1621,0,0,1,0.7792617678642273
1622,0,0,1,0.7537681460380554
1623,0,0,1,0.7451256513595581
1624,0,0,1,0.7412056922912598
1625,0,0,1,0.7551029324531555
1626,0,0,1,0.747238039970398
1627,0,0,1,0.7842966318130493
1628,1,1,1,0.7956705689430237
1629,0,0,1,0.6456661224365234
1630,0,0,1,0.6443785429000854
1631,0,0,1,0.7380131483078003
1632,0,0,1,0.7245934009552002
1633,0,0,1,0.651211142539978
1634,0,1,0,0.6701468825340271
1635,0,0,1,0.6804324984550476
1636,0,0,1,0.6581457853317261
1637,0,0,1,0.692663311958313
1638,0,0,1,0.6668999791145325
1639,0,0,1,0.8371211886405945
1640,0,0,1,0.7958377599716187
1641,0,0,1,0.7494800686836243
1642,0,0,1,0.7375770211219788
1643,0,0,1,0.7133347392082214
1644,0,0,1,0.7185907363891602
1645,0,1,0,0.8072423934936523
1646,0,0,1,0.7205314040184021
1647,0,0,1,0.7142243981361389
1648,0,1,0,0.6664124727249146
1649,0,0,1,0.7941877841949463
1650,0,1,0,0.6342747807502747
1651,0,0,1,0.812766432762146
1652,0,0,1,0.7223232984542847
1653,0,0,1,0.6981760263442993
1654,0,1,0,0.6761792302131653
1655,0,0,1,0.7245538830757141
1656,0,0,1,0.7996004819869995
1657,0,0,1,0.755643367767334
1658,0,1,0,0.7105349898338318
1659,0,1,0,0.7356364727020264
1660,0,1,0,0.6973466277122498
1661,0,0,1,0.877656877040863
1662,0,0,1,0.838284969329834
1663,0,0,1,0.8678619265556335
1664,0,0,1,0.7382218241691589
1665,0,0,1,0.7951547503471375
1666,0,0,1,0.9378640651702881
1667,0,0,1,0.9387984871864319
1668,0,0,1,0.9443041086196899
1669,0,0,1,0.9395013451576233
1670,0,0,1,0.9367863535881042
1671,0,0,1,0.937233030796051
1672,0,0,1,0.9360027313232422
1673,0,0,1,0.9321244359016418
1674,0,0,1,0.9461637139320374
1675,0,0,1,0.947361409664154
1676,0,0,1,0.8449820280075073
1677,0,0,1,0.910384476184845
1678,0,0,1,0.8972576856613159
1679,0,0,1,0.8922030329704285
1680,0,0,1,0.9121760725975037
1681,0,0,1,0.9287275075912476
1682,0,0,1,0.8620740175247192
1683,0,0,1,0.8723661303520203
1684,0,0,1,0.8580435514450073
1685,0,0,1,0.9282023906707764
1686,0,0,1,0.9235333800315857
1687,0,0,1,0.9174280762672424
1688,0,0,1,0.9089805483818054
1689,0,0,1,0.9179203510284424
1690,0,0,1,0.8895306587219238
1691,0,0,1,0.8461012244224548
1692,0,0,1,0.9249762296676636
1693,0,0,1,0.9241141080856323
1694,0,0,1,0.9308516383171082
1695,0,0,1,0.9506847262382507
1696,0,0,1,0.9463812112808228
1697,0,0,1,0.8989138007164001
1698,0,0,1,0.9170411229133606
1699,0,0,1,0.9156337380409241
1700,0,1,0,0.6832336187362671
1701,0,1,0,0.7866079211235046
1702,0,0,1,0.873174250125885
1703,0,0,1,0.8755930066108704
1704,0,0,1,0.8961755633354187
1705,0,0,1,0.8748606443405151
1706,0,1,0,0.5824182033538818
1707,0,0,1,0.843937873840332
1708,0,0,1,0.8434941172599792
1709,0,0,1,0.9038998484611511
1710,0,0,1,0.8903526663780212
1711,0,0,1,0.867682158946991
1712,0,0,1,0.8352319598197937
1713,0,0,1,0.845925509929657
1714,0,0,1,0.8801132440567017
1715,0,0,1,0.8571664690971375
1716,0,0,1,0.8924300670623779
1717,0,0,1,0.8967069983482361
1718,0,0,1,0.8554786443710327
1719,0,0,1,0.6957565546035767
1720,0,0,1,0.645260751247406
1721,0,1,0,0.6061204671859741
1722,0,0,1,0.8905078172683716
1723,0,0,1,0.8856337070465088
1724,0,0,1,0.898064136505127
1725,0,1,0,0.6322783827781677
1726,0,1,0,0.671539306640625
1727,0,1,0,0.7136815786361694
1728,0,1,0,0.8113044500350952
1729,0,1,0,0.8165943622589111
1730,0,1,0,0.7981019020080566
1731,0,1,0,0.7477466464042664
1732,0,0,1,0.7230432033538818
1733,0,0,1,0.7331109046936035
1734,0,0,1,0.7764472365379333
1735,0,0,1,0.77607661485672
1736,0,0,1,0.7426881194114685
1737,0,0,1,0.7445222735404968
1738,0,0,1,0.7922501564025879
1739,0,0,1,0.7684699296951294
1740,0,0,1,0.7972338795661926
1741,0,0,1,0.7663940191268921
1742,0,1,0,0.6590822339057922
1743,0,0,1,0.6728336215019226
1744,0,0,1,0.8121572732925415
1745,0,0,1,0.7610145807266235
1746,0,0,1,0.7541148662567139
1747,0,0,1,0.6910914778709412
1748,0,0,1,0.7906404137611389
1749,0,0,1,0.7376652956008911
1750,0,0,1,0.7626025676727295
1751,0,0,1,0.8007852435112
1752,0,0,1,0.9218984842300415
1753,0,0,1,0.8075152635574341
1754,0,0,1,0.7730199694633484
1755,0,0,1,0.7381788492202759
1756,0,0,1,0.8133928179740906
1757,0,0,1,0.7644301056861877
1758,0,0,1,0.7729895710945129
1759,0,0,1,0.800203800201416
1760,0,0,1,0.7746100425720215
1761,0,0,1,0.8507676124572754
1762,0,0,1,0.7660096883773804
1763,0,0,1,0.7669730186462402
1764,0,1,0,0.8189944624900818
1765,0,0,1,0.8250512480735779
1766,0,0,1,0.8292969465255737
1767,0,0,1,0.8315174579620361
1768,0,0,1,0.8472825884819031
1769,0,0,1,0.8523203134536743
1770,0,0,1,0.84861820936203
1771,0,0,1,0.8162897825241089
1772,0,0,1,0.8657689094543457
1773,0,0,1,0.8891604542732239
1774,0,0,1,0.7985409498214722
1775,0,0,1,0.754576563835144
1776,0,0,1,0.8283254504203796
1777,0,0,1,0.8332412838935852
1778,0,0,1,0.8367306590080261
1779,0,0,1,0.8953757286071777
1780,0,0,1,0.8985375761985779
1781,0,0,1,0.8728460669517517
1782,0,0,1,0.8729510307312012
1783,0,0,1,0.8986125588417053
1784,0,0,1,0.7816819548606873
1785,0,0,1,0.8865879774093628
1786,0,0,1,0.8049046993255615
1787,0,0,1,0.860577404499054
1788,0,0,1,0.8159789443016052
1789,0,0,1,0.8056398630142212
1790,0,0,1,0.8122531771659851
1791,0,0,1,0.8475235104560852
1792,0,0,1,0.7240140438079834
1793,0,1,0,0.6726031303405762
1794,0,1,0,0.5747275352478027
1795,0,0,1,0.8241083025932312
1796,0,0,1,0.8289710879325867
1797,0,0,1,0.8687254190444946
1798,0,0,1,0.8367357850074768
1799,0,0,1,0.744461178779602
1800,0,0,1,0.7739681601524353
1801,0,0,1,0.8539332747459412
1802,0,0,1,0.701813817024231
1803,0,0,1,0.7045090794563293
1804,0,1,0,0.660823404788971
1805,0,0,1,0.8701265454292297
1806,0,0,1,0.8035827279090881
1807,0,0,1,0.8524341583251953
1808,0,0,1,0.6899680495262146
1809,0,0,1,0.7685896754264832
1810,0,0,1,0.9427165985107422
1811,0,0,1,0.9143324494361877
1812,0,0,1,0.8288286924362183
1813,0,0,1,0.8865565061569214
1814,0,0,1,0.9140984416007996
1815,0,0,1,0.9323970079421997
1816,0,0,1,0.7951148748397827
1817,0,0,1,0.9139813780784607
1818,0,0,1,0.9127780199050903
1819,0,0,1,0.9053286910057068
1820,0,0,1,0.7092628479003906
1821,0,1,0,0.8013103604316711
1822,0,0,1,0.7673603892326355
1823,0,0,1,0.7799215316772461
1824,0,0,1,0.6635324954986572
1825,0,1,0,0.6383771300315857
1826,0,0,1,0.6983895897865295
1827,0,0,1,0.746770441532135
1828,0,0,1,0.7033149003982544
1829,0,0,1,0.6987031698226929
1830,0,0,1,0.6844909191131592
1831,0,0,1,0.8515545129776001
1832,0,0,1,0.8671838641166687
1833,0,0,1,0.8051291704177856
1834,0,0,1,0.7499232292175293
1835,0,1,0,0.666073739528656
1836,0,0,1,0.7456487417221069
1837,0,0,1,0.7802406549453735
1838,0,0,1,0.7550567388534546
1839,0,0,1,0.8684627413749695
1840,0,0,1,0.8536809682846069
1841,0,0,1,0.8561283946037292
1842,0,0,1,0.9104969501495361
1843,0,0,1,0.9215720891952515
1844,0,0,1,0.8489701747894287
1845,0,0,1,0.7825688719749451
1846,0,0,1,0.7795968055725098
1847,0,0,1,0.775524377822876
1848,0,0,1,0.7914804816246033
1849,0,0,1,0.7995609641075134
1850,0,0,1,0.8558543920516968
1851,0,0,1,0.905669629573822
1852,0,0,1,0.9071283340454102
1853,0,0,1,0.9091328382492065
1854,0,0,1,0.921029806137085
1855,0,0,1,0.9184188842773438
1856,0,0,1,0.9024779796600342
1857,0,0,1,0.8685494661331177
1858,0,0,1,0.8761013746261597
1859,0,0,1,0.8451576828956604
1860,0,0,1,0.8456885814666748
1861,0,0,1,0.8235766291618347
1862,0,1,0,0.8050470948219299
1863,0,0,1,0.8500743508338928
1864,0,0,1,0.8805931806564331
1865,0,0,1,0.8969970941543579
1866,0,0,1,0.8724469542503357
1867,0,0,1,0.8781608939170837
1868,0,0,1,0.8757809400558472
1869,0,0,1,0.8778575658798218
1870,0,0,1,0.8764019012451172
1871,0,0,1,0.877676248550415
1872,0,0,1,0.8618743419647217
1873,0,0,1,0.8606618642807007
1874,0,0,1,0.858985185623169
1875,0,0,1,0.8897820115089417
1876,0,0,1,0.889883816242218
1877,0,0,1,0.8916205167770386
1878,0,0,1,0.8911916613578796
1879,0,0,1,0.8925455808639526
1880,0,0,1,0.7946396470069885
1881,0,1,0,0.6737636923789978
1882,0,0,1,0.8554307818412781
1883,0,1,0,0.6825716495513916
1884,0,1,0,0.6588864922523499
1885,0,1,0,0.7628300189971924
1886,0,0,1,0.8837375044822693
1887,0,1,0,0.6171834468841553
1888,0,0,1,0.6217253804206848
1889,0,1,0,0.6573295593261719
1890,0,0,1,0.6713546514511108
1891,0,0,1,0.664124608039856
1892,1,0,0,0.770965576171875
1893,1,0,0,0.8347036838531494
1894,1,1,1,0.671265184879303
1895,1,0,0,0.7905443906784058
1896,1,1,1,0.7893812656402588
1897,1,0,0,0.7218993902206421
1898,1,0,0,0.7842903137207031
1899,1,0,0,0.6682610511779785
1900,1,1,1,0.8209115862846375
1901,1,1,1,0.6693682074546814
1902,1,0,0,0.7046875953674316
1903,1,0,0,0.8517747521400452
1904,1,1,1,0.6366137862205505
1905,1,0,0,0.6564487814903259
1906,1,0,0,0.6818299889564514
1907,1,0,0,0.7886413931846619
1908,1,1,1,0.9091371893882751
1909,1,0,0,0.8849000334739685
1910,1,1,1,0.787537693977356
1911,1,0,0,0.8490446209907532
1912,1,1,1,0.8010988831520081
1913,1,0,0,0.6233912706375122
1914,1,0,0,0.6068053841590881
1915,1,0,0,0.7912123203277588
1916,1,1,1,0.6379357576370239
1917,1,1,1,0.733182966709137
1918,1,1,1,0.7489084601402283
1919,1,1,1,0.7346641421318054
1920,1,1,1,0.896162748336792
1921,1,1,1,0.6278372406959534
1922,1,1,1,0.6515177488327026
1923,0,0,1,0.8861168622970581
1924,0,0,1,0.9126358032226562
1925,0,0,1,0.8992872834205627
1926,0,0,1,0.9476911425590515
1927,0,0,1,0.9361416697502136
1928,0,0,1,0.9185147881507874
1929,0,0,1,0.7902538776397705
1930,0,0,1,0.9112551212310791
1931,0,0,1,0.938780665397644
1932,0,0,1,0.9510954022407532
1933,0,0,1,0.790570855140686
1934,0,0,1,0.934427797794342
1935,0,0,1,0.8998503684997559
1936,0,0,1,0.8280218243598938
1937,0,0,1,0.8243629336357117
1938,0,0,1,0.8273348808288574
1939,0,0,1,0.8345467448234558
1940,0,0,1,0.8373183012008667
1941,0,0,1,0.8248679041862488
1942,1,1,1,0.7216635346412659
1943,1,1,1,0.8242564797401428
1944,1,1,1,0.8156259655952454
1945,1,0,0,0.8454299569129944
1946,1,0,0,0.7108543515205383
1947,1,0,0,0.6606021523475647
1948,1,0,0,0.774279773235321
1949,1,0,0,0.7320916652679443
1950,1,0,0,0.7462712526321411
1951,1,1,1,0.7994365096092224
1952,1,1,1,0.765349268913269
1953,1,0,0,0.7395101189613342
1954,1,1,1,0.8324286937713623
1955,1,1,1,0.6684964895248413
1956,1,1,1,0.8160108327865601
1957,1,1,1,0.7986459732055664
1958,1,1,1,0.9473495483398438
1959,1,1,1,0.9236648678779602
1960,1,1,1,0.9481438994407654
1961,1,1,1,0.9224691987037659
1962,1,1,1,0.9200961589813232
1963,1,1,1,0.9255555868148804
1964,1,1,1,0.9333277344703674
1965,1,1,1,0.9290524125099182
1966,1,1,1,0.9271343946456909
1967,1,1,1,0.9337633848190308
1968,1,1,1,0.93025141954422
1969,1,1,1,0.9306138753890991
1970,1,1,1,0.9299901127815247
1971,1,1,1,0.9286656379699707
1972,1,1,1,0.6607444882392883
1973,1,1,1,0.6680936813354492
1974,1,0,0,0.7388544082641602
1975,1,0,0,0.7361919283866882
1976,1,0,0,0.7766191959381104
1977,1,1,1,0.6520947813987732
1978,1,0,0,0.7697591185569763
1979,1,1,1,0.6827958822250366
1980,1,1,1,0.7506435513496399
1981,1,0,0,0.6488125920295715
1982,1,1,1,0.7330196499824524
1983,1,0,0,0.8184377551078796
1984,1,1,1,0.7608838081359863
1985,1,1,1,0.8719053268432617
1986,1,0,0,0.7056869864463806
1987,1,0,0,0.6839478015899658
1988,1,0,0,0.705577552318573
1989,1,1,1,0.7089532017707825
1990,1,1,1,0.6595280766487122
1991,1,0,0,0.6496573686599731
1992,1,1,1,0.6446957588195801
1993,1,1,1,0.8036630749702454
1994,1,1,1,0.7697963714599609
1995,1,0,0,0.7553209066390991
1996,1,1,1,0.7495317459106445
1997,1,1,1,0.7518316507339478
1998,1,1,1,0.7484848499298096
1999,1,1,1,0.5953460335731506
2000,1,0,0,0.6091322302818298
2001,1,1,1,0.6484150886535645
2002,1,1,1,0.8763556480407715
2003,1,1,1,0.849388062953949
2004,1,1,1,0.7184827327728271
2005,1,1,1,0.836347222328186
2006,1,0,0,0.654710054397583
2007,1,1,1,0.8797849416732788
2008,1,0,0,0.753768801689148
2009,1,1,1,0.8355390429496765
2010,1,1,1,0.8122777342796326
2011,1,1,1,0.8388907313346863
2012,1,1,1,0.9344951510429382
2013,1,1,1,0.9242845773696899
2014,1,1,1,0.9225344061851501
2015,1,1,1,0.9278192520141602
2016,1,1,1,0.9132797718048096
2017,1,1,1,0.9172796010971069
2018,1,1,1,0.8980854749679565
2019,1,1,1,0.9081344604492188
2020,1,1,1,0.7407191395759583
2021,1,1,1,0.9229918122291565
2022,1,1,1,0.9294694066047668
2023,1,1,1,0.6978780627250671
2024,1,1,1,0.6242271065711975
2025,1,1,1,0.7467032670974731
2026,1,1,1,0.7552663087844849
2027,1,1,1,0.8018555045127869
2028,1,1,1,0.7871198058128357
2029,1,1,1,0.795724093914032
2030,1,1,1,0.8167790770530701
2031,1,0,0,0.784652829170227
2032,1,1,1,0.6854044198989868
2033,1,1,1,0.8332165479660034
2034,1,1,1,0.7947579026222229
2035,1,1,1,0.7088232636451721
2036,1,1,1,0.7574365139007568
2037,1,1,1,0.7118369340896606
2038,1,1,1,0.8370854258537292
2039,1,1,1,0.8994912505149841
2040,1,1,1,0.908231794834137
2041,1,1,1,0.9036498665809631
2042,1,1,1,0.8929011821746826
2043,1,0,0,0.7120096683502197
2044,1,1,1,0.8590320944786072
2045,1,1,1,0.8746234774589539
2046,1,1,1,0.8728107213973999
2047,1,1,1,0.8382004499435425
2048,1,1,1,0.7650462985038757
2049,1,1,1,0.761318027973175
2050,1,1,1,0.8386774063110352
2051,1,1,1,0.6982906460762024
2052,1,1,1,0.752936840057373
2053,1,1,1,0.8243631720542908
2054,1,1,1,0.6667097210884094
2055,1,1,1,0.8114098310470581
2056,1,1,1,0.830589771270752
2057,1,1,1,0.691749632358551
2058,1,0,0,0.6176406741142273
2059,1,1,1,0.9290024042129517
2060,1,1,1,0.7914580702781677
2061,1,0,0,0.6707745790481567
2062,1,1,1,0.7559685707092285
2063,1,1,1,0.8196616768836975
2064,1,1,1,0.8754817843437195
2065,1,1,1,0.7875305414199829
2066,1,0,0,0.6068634390830994
2067,1,0,0,0.6371407508850098
2068,1,0,0,0.6315642595291138
2069,1,1,1,0.7948154211044312
2070,1,1,1,0.6577625870704651
2071,1,1,1,0.859794557094574
2072,1,0,0,0.8052834272384644
2073,1,0,0,0.5988895893096924
2074,1,0,0,0.6337551474571228
2075,1,1,1,0.8768304586410522
2076,1,1,1,0.8479080200195312
2077,1,0,0,0.7467347979545593
2078,1,1,1,0.8004952073097229
2079,1,1,1,0.723854124546051
2080,1,1,1,0.6388819813728333
2081,1,1,1,0.7108021378517151
2082,1,1,1,0.666758120059967
2083,1,1,1,0.85764080286026
2084,1,1,1,0.849974513053894
2085,1,1,1,0.8046206831932068
2086,1,1,1,0.8324376344680786
2087,1,1,1,0.8512859344482422
2088,1,1,1,0.8010952472686768
2089,1,1,1,0.8220350742340088
2090,1,1,1,0.8518494367599487
2091,1,1,1,0.7942471504211426
2092,1,1,1,0.8666267991065979
2093,1,1,1,0.8075387477874756
2094,1,0,0,0.6875559687614441
2095,1,1,1,0.8077720999717712
2096,1,1,1,0.7304073572158813
2097,1,1,1,0.8867450952529907
2098,1,1,1,0.7984986305236816
2099,1,1,1,0.7418238520622253
2100,1,1,1,0.8637470602989197
2101,1,1,1,0.8445252180099487
2102,1,1,1,0.8838534951210022
2103,1,1,1,0.8456495404243469
2104,1,1,1,0.8446580171585083
2105,1,1,1,0.7343169450759888
2106,1,1,1,0.728561520576477
2107,1,1,1,0.8323140740394592
2108,1,1,1,0.8048507571220398
2109,1,1,1,0.8617152571678162
2110,1,1,1,0.7890748381614685
2111,1,1,1,0.7858420014381409
2112,1,1,1,0.7805148959159851
2113,1,1,1,0.7672073245048523
2114,1,0,0,0.650122880935669
2115,1,0,0,0.7443877458572388
2116,1,0,0,0.7057189345359802
2117,1,0,0,0.8597378730773926
2118,1,1,1,0.6531988978385925
2119,1,1,1,0.7413077354431152
2120,1,1,1,0.7687068581581116
2121,1,1,1,0.8020862936973572
2122,1,1,1,0.8637024164199829
2123,1,1,1,0.9290286302566528
2124,1,1,1,0.8121749758720398
2125,1,1,1,0.7888574600219727
2126,1,1,1,0.8936181664466858
2127,1,1,1,0.8097038865089417
2128,1,1,1,0.8381999135017395
2129,1,1,1,0.6921215057373047
2130,1,1,1,0.7007473111152649
2131,1,1,1,0.9087510704994202
2132,1,1,1,0.7429412007331848
2133,1,1,1,0.7457113265991211
2134,1,1,1,0.8294955492019653
2135,1,1,1,0.8276717662811279
2136,1,1,1,0.8280723690986633
2137,1,1,1,0.7868236899375916
2138,1,0,0,0.7837088108062744
2139,1,1,1,0.8984773755073547
2140,1,1,1,0.9168837070465088
2141,1,1,1,0.8453438878059387
2142,1,1,1,0.7892062067985535
2143,1,1,1,0.8209196329116821
2144,1,1,1,0.8608710765838623
2145,1,1,1,0.8143953680992126
2146,1,1,1,0.8713863492012024
2147,1,1,1,0.8054197430610657
2148,1,1,1,0.8057848215103149
2149,1,1,1,0.7873992323875427
2150,1,1,1,0.8152940273284912
2151,1,1,1,0.8122578263282776
2152,1,1,1,0.8182215690612793
2153,1,1,1,0.8217645287513733
2154,1,1,1,0.8248687386512756
2155,1,1,1,0.8360530734062195
2156,1,1,1,0.8601852655410767
2157,1,1,1,0.8641366362571716
2158,1,1,1,0.8321307301521301
2159,1,1,1,0.8301358819007874
2160,1,1,1,0.8389281630516052
2161,1,1,1,0.8198167085647583
2162,1,1,1,0.8374931216239929
2163,1,1,1,0.8668149709701538
2164,1,1,1,0.8650117516517639
2165,1,1,1,0.7347384691238403
2166,1,1,1,0.8394550681114197
2167,1,1,1,0.891966700553894
2168,1,1,1,0.8944641351699829
2169,1,1,1,0.8779157400131226
2170,1,1,1,0.8592818379402161
2171,1,1,1,0.9253930449485779
2172,1,1,1,0.8822675943374634
2173,1,1,1,0.9013532400131226
2174,1,1,1,0.9279910922050476
2175,1,1,1,0.8729451894760132
2176,1,1,1,0.9199807643890381
2177,1,1,1,0.9019728899002075
2178,1,1,1,0.8855039477348328
2179,1,1,1,0.8670116066932678
2180,1,1,1,0.6798648238182068
2181,1,1,1,0.8106023669242859
2182,1,1,1,0.8680692315101624
2183,1,1,1,0.8012614250183105
2184,1,1,1,0.8336525559425354
2185,1,1,1,0.8937101364135742
2186,1,1,1,0.8845187425613403
2187,1,1,1,0.897018313407898
2188,1,1,1,0.7794463038444519
2189,1,1,1,0.8713643550872803
2190,1,1,1,0.9239851236343384
2191,1,1,1,0.8393690586090088
2192,1,1,1,0.9126763939857483
2193,1,1,1,0.9022879600524902
2194,1,1,1,0.9463672041893005
2195,1,1,1,0.8515375852584839
2196,1,1,1,0.8538859486579895
2197,1,1,1,0.7705784440040588
2198,1,1,1,0.9243173599243164
2199,1,1,1,0.9352020025253296
2200,1,1,1,0.9473485946655273
2201,1,1,1,0.9085859060287476
2202,1,1,1,0.9435734748840332
2203,1,1,1,0.9347476363182068
2204,1,1,1,0.9589636921882629
2205,1,1,1,0.9561008214950562
2206,1,1,1,0.9113002419471741
2207,1,1,1,0.8931323885917664
2208,1,1,1,0.8931276202201843
2209,1,1,1,0.9304952621459961
2210,1,1,1,0.8909465074539185
2211,1,1,1,0.918334424495697
2212,1,1,1,0.8331958651542664
2213,1,1,1,0.9365891814231873
2214,1,1,1,0.9279729127883911
2215,1,1,1,0.8543559908866882
2216,1,1,1,0.8668943643569946
2217,1,1,1,0.9271689653396606
2218,1,1,1,0.8829206824302673
2219,1,1,1,0.8958598375320435
2220,1,1,1,0.9305931329727173
2221,1,1,1,0.9447646737098694
2222,1,1,1,0.738288938999176
2223,1,1,1,0.8206594586372375
2224,1,1,1,0.6505168676376343
2225,1,1,1,0.9141662120819092
2226,1,1,1,0.9388527274131775
2227,1,1,1,0.9090478420257568
2228,1,1,1,0.9310786724090576
2229,1,1,1,0.954552948474884
2230,1,1,1,0.9139449596405029
2231,1,1,1,0.8852483034133911
2232,1,1,1,0.8973513841629028
2233,1,1,1,0.9287061095237732
2234,1,1,1,0.9187437295913696
2235,1,1,1,0.8290697932243347
2236,1,1,1,0.9205660223960876
2237,1,1,1,0.8579482436180115
2238,1,1,1,0.8462538719177246
2239,1,1,1,0.9475294351577759
2240,1,1,1,0.7984312176704407
2241,1,1,1,0.7516550421714783
2242,1,1,1,0.7641909122467041
2243,1,1,1,0.7729885578155518
2244,1,0,0,0.667587399482727
2245,1,1,1,0.919683575630188
2246,1,1,1,0.7584825158119202
2247,1,1,1,0.7663049101829529
2248,1,1,1,0.8333069682121277
2249,1,1,1,0.8310277462005615
2250,1,1,1,0.8549337387084961
2251,1,1,1,0.8864190578460693
2252,1,1,1,0.7279571890830994
2253,1,1,1,0.9371594190597534
2254,1,1,1,0.8529955148696899
2255,1,1,1,0.6680670976638794
2256,1,1,1,0.6668574213981628
2257,1,1,1,0.7985880374908447
2258,1,1,1,0.8282126188278198
2259,1,1,1,0.8744649887084961
2260,1,1,1,0.9040852189064026
2261,1,1,1,0.9102182388305664
2262,1,1,1,0.9142677783966064
2263,1,1,1,0.9156344532966614
2264,1,1,1,0.8993339538574219
2265,1,1,1,0.9265046715736389
2266,1,1,1,0.8663250803947449
2267,1,1,1,0.859383761882782
2268,1,1,1,0.8953443765640259
2269,1,1,1,0.8625921607017517
2270,1,1,1,0.8235528469085693
2271,1,1,1,0.7091184258460999
2272,1,1,1,0.6588768362998962
2273,1,1,1,0.6653575301170349
2274,1,1,1,0.7734343409538269
2275,1,1,1,0.7957227826118469
2276,1,1,1,0.6330963969230652
2277,1,1,1,0.6873712539672852
2278,1,1,1,0.6591978669166565
2279,1,1,1,0.8587349057197571
2280,1,1,1,0.8136144280433655
2281,1,1,1,0.8286746740341187
2282,1,1,1,0.6233389377593994
2283,1,1,1,0.8301054239273071
2284,1,1,1,0.8126676678657532
2285,1,1,1,0.6951901912689209
2286,1,1,1,0.7545510530471802
2287,1,1,1,0.760110080242157
2288,1,1,1,0.8703965544700623
2289,1,1,1,0.7028117775917053
2290,1,1,1,0.7596218585968018
2291,1,1,1,0.8369882106781006
2292,1,1,1,0.8372480273246765
2293,1,1,1,0.826644241809845
2294,1,1,1,0.819945216178894
2295,1,1,1,0.814282238483429
2296,1,1,1,0.7393219470977783
2297,1,1,1,0.6767542958259583
2298,1,1,1,0.6420767307281494
2299,1,1,1,0.8504039645195007
2300,1,1,1,0.6611557006835938
2301,1,1,1,0.8468016982078552
2302,1,1,1,0.8141424655914307
2303,1,1,1,0.8944017291069031
2304,1,1,1,0.8599878549575806
2305,1,1,1,0.8431707620620728
2306,1,1,1,0.8384680151939392
2307,1,1,1,0.8972824811935425
2308,1,1,1,0.8950283527374268
2309,1,1,1,0.8786605596542358
2310,1,1,1,0.8776228427886963
2311,1,1,1,0.8767160773277283
2312,1,1,1,0.8744778037071228
2313,1,1,1,0.8838381767272949
2314,1,1,1,0.8888393640518188
2315,1,1,1,0.8768954277038574
2316,1,1,1,0.8760223984718323
2317,1,1,1,0.8617442846298218
2318,1,1,1,0.8580096960067749
2319,1,1,1,0.8144509792327881
2320,1,1,1,0.8117283582687378
2321,1,1,1,0.8604784607887268
2322,1,1,1,0.8480961918830872
2323,1,1,1,0.9026820659637451
2324,1,1,1,0.8763920664787292
2325,1,1,1,0.8536958694458008
2326,1,1,1,0.8491595387458801
2327,1,1,1,0.8373339176177979
2328,1,1,1,0.8901109099388123
2329,1,1,1,0.8604177236557007
2330,1,1,1,0.889526903629303
2331,1,1,1,0.8681951761245728
2332,1,1,1,0.8463650941848755
2333,1,1,1,0.8550474643707275
2334,1,1,1,0.7750107645988464
2335,1,1,1,0.7618594169616699
2336,1,1,1,0.8847439885139465
2337,1,1,1,0.8525975346565247
2338,1,1,1,0.7903217673301697
2339,1,1,1,0.8227777481079102
2340,1,1,1,0.8086472749710083
2341,1,1,1,0.7409372925758362
2342,1,1,1,0.7953819632530212
2343,1,1,1,0.7445786595344543
2344,1,1,1,0.6334117650985718
2345,1,0,0,0.7349788546562195
2346,1,0,0,0.708010733127594
2347,1,1,1,0.6702412366867065
2348,1,0,0,0.7245397567749023
2349,1,1,1,0.8679378628730774
2350,1,1,1,0.8494335412979126
2351,1,1,1,0.8715551495552063
2352,1,1,1,0.8141104578971863
2353,1,1,1,0.7413555979728699
2354,1,1,1,0.6912280917167664
2355,1,0,0,0.6793711185455322
2356,1,0,0,0.6824480295181274
2357,1,0,0,0.6899799108505249
2358,1,0,0,0.70926433801651
2359,1,1,1,0.8552684187889099
2360,1,1,1,0.8900532722473145
2361,1,1,1,0.8892396092414856
2362,1,0,0,0.7063509225845337
2363,1,1,1,0.8178974986076355
2364,1,1,1,0.9415465593338013
2365,1,1,1,0.842853307723999
2366,1,1,1,0.8383670449256897
2367,1,1,1,0.9434702396392822
2368,1,1,1,0.9366222620010376
2369,1,1,1,0.9419732689857483
2370,1,1,1,0.9403703808784485
2371,1,1,1,0.9052606821060181
2372,1,1,1,0.9273548722267151
2373,1,1,1,0.9383779764175415
2374,1,1,1,0.8922673463821411
2375,1,1,1,0.8922288417816162
2376,1,1,1,0.9009315371513367
2377,1,1,1,0.8592546582221985
2378,1,1,1,0.7806992530822754
2379,1,0,0,0.6472676396369934
2380,1,1,1,0.6133413314819336
2381,1,1,1,0.6919687390327454
2382,1,1,1,0.8365570306777954
2383,1,1,1,0.8518224358558655
2384,1,1,1,0.8687973618507385
2385,1,1,1,0.8672580718994141
2386,1,1,1,0.8690478801727295
2387,1,1,1,0.8614317774772644
2388,1,1,1,0.8571083545684814
2389,1,1,1,0.8520923256874084
2390,1,1,1,0.8555971384048462
2391,1,1,1,0.8494519591331482
2392,1,1,1,0.8613052368164062
2393,1,1,1,0.8684885501861572
2394,1,1,1,0.8684797286987305
2395,1,1,1,0.8767889738082886
2396,1,1,1,0.8839176893234253
2397,1,1,1,0.8686184883117676
2398,1,1,1,0.8544086813926697
2399,1,1,1,0.8317263722419739
2400,1,1,1,0.8068392276763916
2401,1,1,1,0.7895241975784302
2402,1,1,1,0.7985915541648865
2403,1,1,1,0.8022912740707397
2404,1,1,1,0.7966492176055908
2405,1,1,1,0.8810405731201172
2406,1,1,1,0.8624577522277832
2407,1,1,1,0.8696230053901672
2408,1,1,1,0.8754878640174866
2409,1,1,1,0.886269211769104
2410,1,1,1,0.9002071619033813
2411,1,1,1,0.901196300983429
2412,1,1,1,0.9129412770271301
2413,1,1,1,0.8629347085952759
2414,1,1,1,0.873445451259613
2415,1,1,1,0.8539377450942993
2416,1,1,1,0.8840523362159729
2417,1,1,1,0.9417094588279724
2418,1,1,1,0.7698061466217041
2419,1,0,0,0.7821948528289795
2420,1,1,1,0.8686949014663696
2421,1,1,1,0.8641741275787354
2422,1,1,1,0.8695924282073975
2423,1,1,1,0.6715021729469299
2424,1,0,0,0.7613985538482666
2425,1,0,0,0.6488716006278992
2426,1,1,1,0.8972421288490295
2427,1,1,1,0.9040783047676086
2428,1,1,1,0.8045574426651001
2429,1,1,1,0.7515637278556824
2430,1,1,1,0.6571106910705566
2431,1,1,1,0.927349865436554
2432,1,1,1,0.8705607056617737
2433,1,1,1,0.8814904689788818
2434,1,1,1,0.8654958605766296
2435,1,1,1,0.8851954340934753
2436,1,1,1,0.8684281706809998
2437,1,1,1,0.7274060845375061
2438,1,1,1,0.8366457223892212
2439,1,0,0,0.7177766561508179
2440,1,1,1,0.8302729725837708
2441,1,1,1,0.8045358657836914
2442,1,1,1,0.8946465849876404
2443,1,1,1,0.9084769487380981
2444,1,1,1,0.883067786693573
2445,1,1,1,0.8979926109313965
2446,1,1,1,0.8578624725341797
2447,1,1,1,0.8902161717414856
2448,1,1,1,0.8979839086532593
2449,1,1,1,0.8922864198684692
2450,1,1,1,0.866344153881073
2451,1,1,1,0.8660906553268433
2452,1,1,1,0.8679781556129456
2453,1,1,1,0.8722720146179199
2454,1,1,1,0.8821755647659302
2455,1,1,1,0.8762970566749573
2456,1,1,1,0.8999289870262146
2457,1,1,1,0.8591737747192383
2458,1,1,1,0.8614406585693359
2459,1,1,1,0.8032637238502502
2460,1,1,1,0.8796200752258301
2461,1,1,1,0.8518276810646057
2462,1,1,1,0.8214741945266724
2463,1,1,1,0.879508912563324
2464,1,1,1,0.8439369201660156
2465,1,1,1,0.8746727108955383
2466,1,1,1,0.8851134181022644
2467,1,1,1,0.8310210704803467
2468,1,1,1,0.9083521962165833
2469,1,1,1,0.894188404083252
2470,0,0,1,0.899445652961731
2471,1,0,0,0.7369579672813416
2472,1,0,0,0.6062549948692322
2473,1,0,0,0.7978692054748535
2474,1,1,1,0.79749995470047
2475,1,1,1,0.6984507441520691
2476,1,0,0,0.6552501320838928
2477,1,0,0,0.8474847674369812
2478,1,1,1,0.7711888551712036
2479,1,1,1,0.8382421731948853
2480,1,1,1,0.8772339820861816
2481,1,1,1,0.8720324039459229
2482,1,1,1,0.8589655160903931
2483,1,1,1,0.8602501153945923
2484,1,1,1,0.8421063423156738
2485,1,1,1,0.8026318550109863
2486,1,1,1,0.8421233892440796
2487,1,1,1,0.9010353088378906
2488,1,1,1,0.8512557148933411
2489,1,1,1,0.8891099691390991
2490,1,1,1,0.8584733009338379
2491,1,0,0,0.6010549664497375
2492,1,1,1,0.8866614103317261
2493,1,1,1,0.8716477751731873
2494,1,1,1,0.7891629338264465
2495,1,1,1,0.814533531665802
2496,1,1,1,0.8305382132530212
2497,1,1,1,0.680435061454773
2498,1,0,0,0.646109402179718
2499,1,0,0,0.863732635974884
2500,1,1,1,0.7828746438026428
2501,1,1,1,0.7855664491653442
2502,1,1,1,0.7943827509880066
2503,1,1,1,0.7289370894432068
2504,1,1,1,0.9407665133476257
2505,1,1,1,0.937045693397522
2506,1,1,1,0.934565007686615
2507,1,1,1,0.9239375591278076
2508,1,1,1,0.8447695970535278
2509,1,1,1,0.8783262372016907
2510,1,1,1,0.8925893902778625
2511,1,1,1,0.8910446763038635
2512,1,1,1,0.8534002304077148
2513,1,1,1,0.8502073884010315
2514,1,1,1,0.8394832611083984
2515,1,1,1,0.773224413394928
2516,1,1,1,0.7186703681945801
2517,1,1,1,0.8280559778213501
2518,1,1,1,0.8182076811790466
2519,1,1,1,0.7658209800720215
2520,1,1,1,0.8449830412864685
2521,1,1,1,0.882917582988739
2522,1,1,1,0.9030561447143555
2523,1,1,1,0.8578005433082581
2524,1,1,1,0.7299417853355408
2525,1,1,1,0.8458356261253357
2526,1,1,1,0.8777680993080139
2527,1,1,1,0.8785983920097351
2528,1,1,1,0.8678728938102722
2529,0,1,0,0.9144682288169861
2530,1,1,1,0.9188370108604431
2531,0,1,0,0.9206709265708923
2532,1,1,1,0.9249491095542908
2533,1,1,1,0.7895210385322571
2534,1,1,1,0.748377799987793
2535,1,1,1,0.6260342597961426
2536,1,1,1,0.721345841884613
2537,0,1,0,0.8260557651519775
2538,0,1,0,0.8139158487319946
2539,0,0,1,0.7327365279197693
2540,0,1,0,0.7327792048454285
2541,1,1,1,0.845147967338562
2542,1,1,1,0.8267809748649597
2543,1,1,1,0.7041122913360596
2544,1,1,1,0.8113646507263184
2545,1,1,1,0.6598052978515625
2546,1,1,1,0.6523734331130981
2547,1,1,1,0.8916471600532532
2548,1,1,1,0.7550933361053467
2549,1,0,0,0.6766318678855896
2550,1,0,0,0.8299340009689331
2551,1,0,0,0.6445895433425903
2552,1,0,0,0.7220615148544312
2553,1,1,1,0.8094518184661865
2554,1,1,1,0.7561615109443665
2555,1,0,0,0.8119577765464783
2556,1,0,0,0.7380973696708679
2557,1,1,1,0.7555557489395142
2558,1,0,0,0.6689034104347229
2559,1,1,1,0.6664987802505493
2560,1,1,1,0.8337465524673462
2561,1,0,0,0.7512491345405579
2562,1,1,1,0.7495349645614624
2563,1,0,0,0.7100136280059814
2564,1,1,1,0.6733123660087585
2565,1,1,1,0.8733587265014648
2566,1,0,0,0.813643753528595
2567,1,1,1,0.6285673975944519
2568,1,0,0,0.6557767987251282
2569,1,0,0,0.6780570149421692
2570,1,1,1,0.7822216749191284
2571,1,0,0,0.6645646691322327
2572,1,0,0,0.6161371469497681
2573,1,1,1,0.6354237794876099
2574,1,0,0,0.6497339010238647
2575,1,0,0,0.7073190212249756
2576,1,1,1,0.8365045189857483
2577,1,0,0,0.6127999424934387
2578,1,0,0,0.7575662136077881
2579,1,1,1,0.7478167414665222
2580,1,0,0,0.7754141688346863
2581,1,1,1,0.8075388669967651
2582,1,0,0,0.8690893054008484
2583,1,1,1,0.8638402819633484
2584,1,1,1,0.6880613565444946
2585,1,0,0,0.9113226532936096
2586,1,1,1,0.6885998249053955
2587,1,0,0,0.832474946975708
2588,1,0,0,0.7723305821418762
2589,1,1,1,0.6480582356452942
2590,1,0,0,0.7693348526954651
2591,1,1,1,0.665259599685669
2592,1,1,1,0.8447145819664001
2593,1,1,1,0.667022168636322
2594,1,1,1,0.770421028137207
2595,1,1,1,0.6624886989593506
2596,1,1,1,0.7218925952911377
2597,1,0,0,0.6325714588165283
2598,1,0,0,0.6504311561584473
2599,1,0,0,0.8948355913162231
2600,1,1,1,0.668307900428772
2601,1,1,1,0.7112328410148621
2602,1,0,0,0.7532168626785278
2603,1,1,1,0.8413392901420593
2604,1,0,0,0.6730780005455017
2605,1,1,1,0.7848475575447083
2606,1,1,1,0.8971467018127441
2607,1,1,1,0.7118108868598938
2608,1,0,0,0.6661819815635681
2609,1,1,1,0.8158356547355652
2610,1,0,0,0.6229199171066284
2611,1,0,0,0.8241666555404663
2612,1,1,1,0.8171240091323853
2613,1,1,1,0.881539523601532
2614,1,0,0,0.8349210619926453
2615,1,1,1,0.7780789136886597
2616,1,0,0,0.7158128023147583
2617,1,1,1,0.911097526550293
2618,1,1,1,0.7048372626304626
2619,1,1,1,0.8989759683609009
2620,1,1,1,0.9165735840797424
2621,1,1,1,0.8776903748512268
2622,1,1,1,0.8008742332458496
2623,1,1,1,0.8429227471351624
2624,1,1,1,0.8831364512443542
2625,1,1,1,0.863374650478363
2626,1,1,1,0.6473217010498047
2627,1,0,0,0.7916585803031921
2628,1,1,1,0.755744993686676
2629,1,0,0,0.8525685667991638
2630,1,1,1,0.7702581286430359
2631,1,1,1,0.5961195826530457
2632,1,1,1,0.6074264049530029
2633,1,1,1,0.8136695623397827
2634,1,1,1,0.7504444718360901
2635,1,1,1,0.7593326568603516
2636,1,1,1,0.7901855111122131
2637,1,0,0,0.7846828103065491
2638,1,1,1,0.77385014295578
2639,1,0,0,0.8188737630844116
2640,1,0,0,0.7979347705841064
2641,1,1,1,0.7023689150810242
2642,1,0,0,0.7489119172096252
2643,1,0,0,0.8700937032699585
2644,1,0,0,0.7383365631103516
2645,1,1,1,0.6527294516563416
2646,1,1,1,0.8152370452880859
2647,1,0,0,0.8242506384849548
2648,1,0,0,0.7059714198112488
2649,1,1,1,0.8779090642929077
2650,1,1,1,0.8495044708251953
2651,1,1,1,0.7749594449996948
2652,1,1,1,0.9016281962394714
2653,1,1,1,0.6160777807235718
2654,1,0,0,0.6794156432151794
2655,1,1,1,0.8801968693733215
2656,1,0,0,0.7414370179176331
2657,1,1,1,0.8113715052604675
2658,1,1,1,0.9015112519264221
2659,1,1,1,0.8778864741325378
2660,1,0,0,0.7702789306640625
2661,1,1,1,0.6494644284248352
2662,1,0,0,0.8102978467941284
2663,1,0,0,0.8348169922828674
2664,1,1,1,0.8299990296363831
2665,1,1,1,0.7462942600250244
2666,1,0,0,0.6735496520996094
2667,1,0,0,0.8249950408935547
2668,1,1,1,0.7842437624931335
2669,1,1,1,0.8252221941947937
2670,1,1,1,0.7646973729133606
2671,1,0,0,0.6428336501121521
2672,1,0,0,0.6737651228904724
2673,1,1,1,0.6071222424507141
2674,1,1,1,0.9069197177886963
2675,1,1,1,0.6546600461006165
2676,1,0,0,0.6948884129524231
2677,1,1,1,0.9488238096237183
2678,1,1,1,0.944242000579834
2679,1,1,1,0.6506803035736084
2680,1,1,1,0.6936619877815247
2681,1,0,0,0.6952172517776489
2682,1,1,1,0.9305227994918823
2683,1,0,0,0.6202431917190552
2684,1,0,0,0.8116859793663025
2685,1,1,1,0.743158221244812
2686,1,0,0,0.7078473567962646
2687,1,0,0,0.7971799969673157
2688,1,1,1,0.7786345481872559
2689,1,1,1,0.7634648680686951
2690,1,1,1,0.6075626015663147
2691,1,1,1,0.6580172181129456
2692,1,1,1,0.8476731181144714
2693,1,1,1,0.8115589022636414
2694,1,1,1,0.8666492104530334
2695,1,1,1,0.8266825079917908
2696,1,1,1,0.7320752143859863
2697,1,0,0,0.8232612013816833
2698,1,0,0,0.7279340028762817
2699,1,0,0,0.6467090249061584
2700,1,0,0,0.865243673324585
2701,1,0,0,0.7425065636634827
2702,1,1,1,0.7902130484580994
2703,1,0,0,0.8943029642105103
2704,1,1,1,0.9358934164047241
2705,1,0,0,0.6125783920288086
2706,1,0,0,0.704989492893219
2707,1,1,1,0.7252303957939148
2708,1,0,0,0.6999272704124451
2709,1,0,0,0.8290321230888367
2710,1,0,0,0.6943046450614929
2711,1,1,1,0.693539023399353
2712,1,1,1,0.9067853093147278
2713,1,1,1,0.8676344156265259
2714,1,1,1,0.8763561844825745
2715,1,0,0,0.8226730823516846
2716,1,1,1,0.9137884974479675
2717,1,0,0,0.7347327470779419
2718,1,1,1,0.703252375125885
2719,1,1,1,0.800399661064148
2720,1,1,1,0.9004580974578857
2721,1,0,0,0.7000235915184021
2722,1,0,0,0.7050603628158569
2723,1,0,0,0.7917850017547607
2724,1,1,1,0.8787981867790222
2725,1,1,1,0.923636794090271
2726,1,0,0,0.8693094253540039
2727,1,0,0,0.7982155084609985
2728,1,1,1,0.7800799608230591
2729,1,1,1,0.8032209277153015
2730,1,1,1,0.7759235501289368
2731,1,0,0,0.6863688826560974
2732,1,1,1,0.8057392835617065
2733,1,1,1,0.7761645317077637
2734,1,1,1,0.8548606038093567
2735,1,1,1,0.8771442174911499
2736,1,1,1,0.6710180640220642
2737,1,1,1,0.9321391582489014
2738,1,1,1,0.9065153002738953
2739,1,1,1,0.9163531064987183
2740,1,1,1,0.9253465533256531
2741,1,1,1,0.8036505579948425
2742,1,1,1,0.7265687584877014
2743,1,1,1,0.8890688419342041
2744,1,1,1,0.884412407875061
2745,1,1,1,0.8023021221160889
2746,1,0,0,0.6977803111076355
2747,1,1,1,0.7156683802604675
2748,1,0,0,0.6853098273277283
2749,1,0,0,0.6951645612716675
2750,1,1,1,0.7685510516166687
2751,1,0,0,0.8002306222915649
2752,1,1,1,0.8658444285392761
2753,1,0,0,0.6766349673271179
2754,1,1,1,0.7960144281387329
2755,1,1,1,0.8204833269119263
2756,1,1,1,0.7367500066757202
2757,1,1,1,0.6725956797599792
2758,1,0,0,0.7958483099937439
2759,1,0,0,0.6751620769500732
2760,1,0,0,0.7315484881401062
2761,1,0,0,0.8953961730003357
2762,1,0,0,0.8044669032096863
2763,1,0,0,0.6692508459091187
2764,1,0,0,0.6711739897727966
2765,1,0,0,0.7268576622009277
2766,1,1,1,0.6967378854751587
2767,1,1,1,0.8737384676933289
2768,1,1,1,0.6939990520477295
2769,1,0,0,0.6695168018341064
2770,1,1,1,0.7584399580955505
2771,1,1,1,0.8081110715866089
2772,1,1,1,0.775089681148529
2773,1,0,0,0.6560006737709045
2774,1,0,0,0.5829108953475952
2775,1,0,0,0.8908442258834839
2776,1,1,1,0.8913921117782593
2777,1,1,1,0.786718487739563
2778,1,1,1,0.7791581153869629
2779,1,1,1,0.8212214112281799
2780,1,1,1,0.9023650884628296
2781,1,1,1,0.799937903881073
2782,1,1,1,0.7668039798736572
2783,1,0,0,0.824799120426178
2784,1,0,0,0.9014156460762024
2785,1,1,1,0.9365259408950806
2786,1,1,1,0.736511766910553
2787,1,0,0,0.7922229170799255
2788,1,1,1,0.6301102042198181
2789,1,1,1,0.9284316301345825
2790,1,1,1,0.887890100479126
2791,1,1,1,0.7974447011947632
2792,1,1,1,0.7656464576721191
2793,1,1,1,0.7759454250335693
2794,1,1,1,0.9359491467475891
2795,1,0,0,0.6782101392745972
2796,1,1,1,0.78254234790802
2797,1,1,1,0.9436991810798645
2798,1,1,1,0.7769799828529358
2799,1,1,1,0.8520819544792175
2800,1,1,1,0.844794511795044
2801,1,1,1,0.9164854288101196
2802,1,1,1,0.9199780225753784
2803,1,1,1,0.6595960259437561
2804,1,1,1,0.8569002747535706
2805,1,1,1,0.8058520555496216
2806,1,0,0,0.8473774194717407
2807,1,1,1,0.9081082940101624
2808,1,1,1,0.8323422074317932
2809,1,0,0,0.7941452264785767
2810,1,1,1,0.5945684313774109
2811,1,0,0,0.7288417220115662
2812,1,0,0,0.6905657649040222
2813,1,1,1,0.8576768636703491
2814,1,1,1,0.9249937534332275
2815,1,1,1,0.8554738759994507
2816,1,0,0,0.6554986834526062
2817,1,1,1,0.6352733373641968
2818,1,1,1,0.6465166211128235
2819,1,1,1,0.7037273049354553
2820,1,1,1,0.8826713562011719
2821,1,1,1,0.8460997343063354
2822,1,1,1,0.7512717843055725
2823,1,1,1,0.7594067454338074
2824,1,1,1,0.9452530741691589
2825,1,0,0,0.8153404593467712
2826,1,1,1,0.7080084681510925
2827,1,0,0,0.7068802118301392
2828,1,0,0,0.7369215488433838
2829,1,0,0,0.7838872075080872
2830,1,1,1,0.8585643172264099
2831,1,1,1,0.7634300589561462
2832,1,1,1,0.9269276261329651
2833,1,1,1,0.7912002205848694
2834,1,0,0,0.5941354632377625
2835,1,1,1,0.8920336961746216
2836,1,0,0,0.878817081451416
2837,1,0,0,0.8307045698165894
2838,1,0,0,0.6812542676925659
2839,1,1,1,0.8394748568534851
2840,1,1,1,0.7814860939979553
2841,1,1,1,0.9347482323646545
2842,1,1,1,0.7748456597328186
2843,1,0,0,0.6778841614723206
2844,1,0,0,0.6813480257987976
2845,1,0,0,0.7362319231033325
2846,1,0,0,0.8478676080703735
2847,1,1,1,0.9199067950248718
2848,1,0,0,0.6611781120300293
2849,1,0,0,0.6973313093185425
2850,1,0,0,0.7098178863525391
2851,1,1,1,0.9154484272003174
2852,1,0,0,0.7263508439064026
2853,1,1,1,0.910969614982605
2854,1,1,1,0.8538551330566406
2855,1,0,0,0.9318370223045349
2856,1,1,1,0.8955481648445129
2857,1,0,0,0.7425141930580139
2858,1,1,1,0.9310703873634338
2859,1,1,1,0.7498687505722046
2860,1,1,1,0.7480294108390808
2861,1,0,0,0.6126842498779297
2862,1,1,1,0.7151777148246765
2863,1,1,1,0.908257246017456
2864,1,1,1,0.8213526010513306
2865,1,1,1,0.8015630841255188
2866,1,0,0,0.7809004187583923
2867,1,0,0,0.645175039768219
2868,1,1,1,0.789232075214386
2869,1,1,1,0.7189432978630066
2870,1,1,1,0.8631895780563354
2871,1,1,1,0.6664646863937378
2872,1,0,0,0.8309372067451477
2873,1,1,1,0.7537279725074768
2874,1,0,0,0.8373084664344788
2875,1,0,0,0.7461916208267212
2876,1,0,0,0.640652596950531
2877,1,0,0,0.6788655519485474
2878,1,1,1,0.7821483612060547
2879,1,1,1,0.8271276950836182
2880,1,1,1,0.8357059955596924
2881,1,0,0,0.734035074710846
2882,1,1,1,0.8601735234260559
2883,1,1,1,0.8225184679031372
2884,1,1,1,0.6368557810783386
2885,1,1,1,0.8835173845291138
2886,1,1,1,0.7600023746490479
2887,1,1,1,0.7465707659721375
2888,1,1,1,0.6793950796127319
2889,1,0,0,0.6872971653938293
2890,1,1,1,0.751042366027832
2891,1,1,1,0.7209537029266357
2892,1,0,0,0.7798536419868469
2893,1,1,1,0.6889256238937378
2894,1,1,1,0.7209730744361877
2895,1,0,0,0.660618007183075
2896,1,1,1,0.818488359451294
2897,1,0,0,0.6533433794975281
2898,1,0,0,0.7007986307144165
2899,1,1,1,0.8583223223686218
2900,1,0,0,0.7099766135215759
2901,1,1,1,0.7022296190261841
2902,1,0,0,0.7609708905220032
2903,1,1,1,0.7999733686447144
2904,1,1,1,0.8043261170387268
2905,1,0,0,0.7851450443267822
2906,1,1,1,0.8379146456718445
2907,1,1,1,0.8341588973999023
2908,1,1,1,0.8433520793914795
2909,1,1,1,0.8347734808921814
2910,1,1,1,0.8614126443862915
2911,1,1,1,0.8596951365470886
2912,1,1,1,0.768808901309967
2913,1,1,1,0.8134376406669617
2914,1,1,1,0.8883379697799683
2915,1,1,1,0.8726845979690552
2916,1,1,1,0.8633842468261719
2917,1,1,1,0.7768762707710266
2918,1,1,1,0.8456616997718811
2919,1,1,1,0.8566767573356628
2920,1,1,1,0.7363295555114746
2921,1,1,1,0.8221533894538879
2922,1,1,1,0.8410012722015381
2923,1,1,1,0.7872462868690491
2924,1,1,1,0.7426044344902039
2925,1,1,1,0.8613174557685852
2926,1,1,1,0.8485826849937439
2927,0,0,1,0.5933004021644592
2928,0,0,1,0.8775376677513123
2929,0,0,1,0.8564915060997009
2930,0,0,1,0.8379050493240356
2931,0,0,1,0.9082842469215393
2932,0,0,1,0.9274141192436218
2933,0,0,1,0.7339333295822144
2934,0,0,1,0.924436092376709
2935,0,0,1,0.7625305652618408
2936,0,0,1,0.8974392414093018
2937,0,0,1,0.9344762563705444
2938,0,0,1,0.8948675394058228
2939,0,0,1,0.8803086876869202
2940,0,0,1,0.9308964610099792
2941,0,0,1,0.917474091053009
2942,0,1,0,0.7538797855377197
2943,0,0,1,0.6378573179244995
2944,0,1,0,0.7387875914573669
2945,0,0,1,0.9550386667251587
2946,0,0,1,0.7984562516212463
2947,0,0,1,0.9419845938682556
2948,0,0,1,0.9305810928344727
2949,0,0,1,0.8581122756004333
2950,0,0,1,0.8508694171905518
2951,0,0,1,0.8430131077766418
2952,0,0,1,0.9191053509712219
2953,0,0,1,0.8778755068778992
2954,0,0,1,0.9040124416351318
2955,0,0,1,0.8873240947723389
2956,0,0,1,0.9041122794151306
2957,0,0,1,0.8640888929367065
2958,0,0,1,0.8891385197639465
2959,0,0,1,0.7999411225318909
2960,0,0,1,0.8541845679283142
2961,0,0,1,0.9092599153518677
2962,0,0,1,0.9268121123313904
2963,0,0,1,0.8683231472969055
2964,0,0,1,0.810720682144165
2965,0,0,1,0.9443770051002502
2966,0,0,1,0.9517960548400879
2967,0,0,1,0.9463775157928467
2968,0,0,1,0.8893144726753235
2969,0,0,1,0.8969067931175232
2970,0,0,1,0.9296978116035461
2971,0,0,1,0.8403187990188599
2972,0,0,1,0.8765735030174255
2973,0,0,1,0.8214191198348999
2974,0,0,1,0.9076648950576782
2975,0,0,1,0.8840504884719849
2976,0,0,1,0.7018054723739624
2977,0,0,1,0.9106589555740356
2978,0,0,1,0.8902701139450073
2979,0,0,1,0.8897014260292053
2980,0,0,1,0.7390759587287903
2981,0,0,1,0.9344372153282166
2982,0,0,1,0.8492648005485535
2983,0,0,1,0.927208662033081
2984,0,0,1,0.8861382603645325
2985,0,0,1,0.8491680026054382
2986,0,0,1,0.8952794671058655
2987,0,0,1,0.8912546038627625
2988,0,0,1,0.8628355860710144
2989,0,0,1,0.9059301018714905
2990,0,0,1,0.8390277028083801
2991,0,0,1,0.8330771327018738
2992,0,0,1,0.8833854794502258
2993,0,0,1,0.857875645160675
2994,0,0,1,0.9272357225418091
2995,0,0,1,0.8667635321617126
2996,0,0,1,0.8868131041526794
2997,0,0,1,0.8814658522605896
2998,0,1,0,0.8089836835861206
2999,0,0,1,0.8419303894042969
3000,0,0,1,0.6262120604515076
3001,0,0,1,0.9168832898139954
3002,0,0,1,0.8436763882637024
3003,0,0,1,0.9093896150588989
3004,0,0,1,0.9127442240715027
3005,0,0,1,0.7827211618423462
3006,0,0,1,0.8307879567146301
3007,0,0,1,0.827935516834259
3008,0,0,1,0.83811354637146
3009,0,0,1,0.7878633737564087
3010,0,0,1,0.9295982718467712
3011,0,0,1,0.907727062702179
3012,0,0,1,0.9396024346351624
3013,0,0,1,0.8109940886497498
3014,0,0,1,0.8965875506401062
3015,0,0,1,0.7099347710609436
3016,0,1,0,0.8083003759384155
3017,0,0,1,0.8965215682983398
3018,0,0,1,0.8794481158256531
3019,0,0,1,0.9430537223815918
3020,0,0,1,0.8617587685585022
3021,0,0,1,0.904763400554657
3022,0,0,1,0.8176220655441284
3023,0,0,1,0.9057894945144653
3024,0,0,1,0.883971095085144
3025,0,0,1,0.8806076645851135
3026,0,0,1,0.8765375018119812
3027,0,0,1,0.8286147117614746
3028,0,0,1,0.8642569780349731
3029,0,0,1,0.8751808404922485
3030,0,0,1,0.7817920446395874
3031,0,0,1,0.882784366607666
3032,0,0,1,0.7985875606536865
3033,0,0,1,0.9377877712249756
3034,0,0,1,0.898723840713501
3035,0,0,1,0.8210157155990601
3036,0,0,1,0.8605314493179321
3037,0,0,1,0.9403801560401917
3038,0,0,1,0.9024001359939575
3039,0,0,1,0.844201922416687
3040,0,0,1,0.8255339860916138
3041,0,0,1,0.8877670168876648
3042,0,0,1,0.9099501371383667
3043,0,0,1,0.9154953360557556
3044,0,0,1,0.8251686692237854
3045,0,0,1,0.7685949206352234
3046,0,0,1,0.8144830465316772
3047,0,0,1,0.8744589686393738
3048,0,0,1,0.8748349547386169
3049,0,0,1,0.8382375836372375
3050,0,0,1,0.719643235206604
3051,0,0,1,0.9311965703964233
3052,0,0,1,0.8487217426300049
3053,0,0,1,0.8928012847900391
3054,0,0,1,0.9568195343017578
3055,0,0,1,0.8640689849853516
3056,0,0,1,0.9358184337615967
3057,0,0,1,0.8961470127105713
3058,0,0,1,0.8293814063072205
3059,0,0,1,0.9259119629859924
3060,0,0,1,0.904771625995636
3061,0,0,1,0.8342174291610718
3062,0,0,1,0.8016986846923828
3063,0,0,1,0.9416520595550537
3064,0,0,1,0.934356153011322
3065,0,0,1,0.932327151298523
3066,0,0,1,0.8403574824333191
3067,0,0,1,0.8685199022293091
3068,0,0,1,0.8258455991744995
3069,0,0,1,0.7486809492111206
3070,0,0,1,0.9401270747184753
3071,0,0,1,0.9346208572387695
3072,0,0,1,0.9474054574966431
3073,0,0,1,0.8295829892158508
3074,0,0,1,0.9420301914215088
3075,0,0,1,0.922085165977478
3076,0,0,1,0.8205432295799255
3077,0,0,1,0.8323030471801758
3078,0,0,1,0.7307185530662537
3079,0,0,1,0.603956937789917
3080,0,0,1,0.7114077806472778
3081,0,0,1,0.865282416343689
3082,0,0,1,0.8919490575790405
3083,0,0,1,0.9020106792449951
3084,0,1,0,0.7939852476119995
3085,0,0,1,0.8748775720596313
3086,0,0,1,0.7242168188095093
3087,0,0,1,0.8721762895584106
3088,0,0,1,0.804805338382721
3089,0,0,1,0.8429233431816101
3090,0,0,1,0.8175100684165955
3091,0,0,1,0.8362370133399963
3092,0,0,1,0.9102208018302917
3093,0,0,1,0.8622213006019592
3094,0,0,1,0.8897014856338501
3095,0,0,1,0.9303110241889954
3096,0,0,1,0.796106219291687
3097,0,0,1,0.8908210396766663
3098,0,0,1,0.8117238283157349
3099,0,0,1,0.8358463644981384
3100,0,0,1,0.9062251448631287
3101,0,1,0,0.6784197688102722
3102,0,0,1,0.8405706286430359
3103,0,0,1,0.8561781644821167
3104,0,0,1,0.9043222069740295
3105,0,0,1,0.9219642877578735
3106,0,0,1,0.9177137017250061
3107,0,0,1,0.7840571999549866
3108,0,0,1,0.8975702524185181
3109,0,0,1,0.8058163523674011
3110,0,0,1,0.6180447936058044
3111,0,0,1,0.9415399432182312
3112,0,0,1,0.9415901899337769
3113,0,0,1,0.9181251525878906
3114,0,0,1,0.8796558976173401
3115,0,0,1,0.8911842703819275
3116,0,0,1,0.877992570400238
3117,0,0,1,0.8649985790252686
3118,0,0,1,0.8174745440483093
3119,0,0,1,0.901176929473877
3120,0,0,1,0.8005222082138062
3121,0,0,1,0.9497107267379761
3122,0,0,1,0.8940002918243408
3123,0,0,1,0.8215057849884033
3124,0,0,1,0.9167932868003845
3125,0,0,1,0.9312006831169128
3126,0,0,1,0.8897663950920105
3127,0,0,1,0.8758673667907715
3128,0,0,1,0.837205708026886
3129,0,0,1,0.8861939907073975
3130,0,0,1,0.8492277264595032
3131,0,0,1,0.8555342555046082
3132,0,0,1,0.8640481233596802
3133,0,0,1,0.864923357963562
3134,0,0,1,0.848519504070282
3135,0,0,1,0.8848130106925964
3136,0,0,1,0.7966564893722534
3137,0,0,1,0.9162374138832092
3138,0,0,1,0.826081395149231
3139,0,0,1,0.7607007622718811
3140,0,0,1,0.6602268815040588
3141,0,0,1,0.8420028686523438
3142,0,0,1,0.8781495094299316
3143,0,0,1,0.9143790602684021
3144,0,0,1,0.848863422870636
3145,0,0,1,0.8850523829460144
3146,0,0,1,0.802559494972229
3147,0,0,1,0.936079740524292
3148,0,0,1,0.8543842434883118
3149,0,0,1,0.9286315441131592
3150,0,0,1,0.8841052651405334
3151,0,0,1,0.9262587428092957
3152,0,0,1,0.9270893335342407
3153,0,0,1,0.880191445350647
3154,0,0,1,0.8657081723213196
3155,0,0,1,0.8627229332923889
3156,0,0,1,0.9014556407928467
3157,0,0,1,0.893946647644043
3158,0,0,1,0.8980215191841125
3159,0,0,1,0.8853121399879456
3160,0,0,1,0.881186842918396
3161,0,0,1,0.8765614628791809
3162,0,0,1,0.9110353589057922
3163,0,0,1,0.8920969367027283
3164,0,0,1,0.9085212349891663
3165,0,0,1,0.9090096950531006
3166,0,1,0,0.7069788575172424
3167,0,0,1,0.9470849633216858
3168,0,0,1,0.9149743914604187
3169,0,0,1,0.9458562731742859
3170,0,0,1,0.934565544128418
3171,0,0,1,0.7691589593887329
3172,0,0,1,0.8817974925041199
3173,0,0,1,0.7933827042579651
3174,0,0,1,0.7464648485183716
3175,0,0,1,0.825172483921051
3176,0,0,1,0.8914403319358826
3177,0,0,1,0.9324105978012085
3178,0,0,1,0.8600385189056396
3179,0,0,1,0.7795774936676025
3180,0,0,1,0.826871395111084
3181,0,0,1,0.8495185375213623
3182,0,0,1,0.9092180728912354
3183,0,0,1,0.7952831387519836
3184,0,0,1,0.9462379217147827
3185,0,0,1,0.9494883418083191
3186,0,0,1,0.960371732711792
3187,0,0,1,0.9404672980308533
3188,0,0,1,0.9579447507858276
3189,0,0,1,0.8198123574256897
3190,0,0,1,0.8366599082946777
3191,0,0,1,0.8671530485153198
3192,0,0,1,0.8841203451156616
3193,0,0,1,0.8633829951286316
3194,0,0,1,0.9065268039703369
3195,0,0,1,0.8792504668235779
3196,0,0,1,0.8977643847465515
3197,0,0,1,0.8325201869010925
3198,0,0,1,0.889487087726593
3199,0,0,1,0.9204286932945251
3200,0,0,1,0.8771606087684631
3201,0,0,1,0.898758053779602
3202,0,0,1,0.7366194128990173
3203,0,0,1,0.7839964032173157
3204,0,0,1,0.8757464289665222
3205,0,0,1,0.9004141092300415
3206,0,0,1,0.9024127125740051
3207,0,0,1,0.8653517961502075
3208,0,0,1,0.8973105549812317
3209,0,0,1,0.8709348440170288
3210,0,0,1,0.8438932299613953
3211,0,0,1,0.9146112203598022
3212,0,0,1,0.9087998867034912
3213,0,0,1,0.8788321614265442
3214,0,0,1,0.8507441282272339
3215,0,0,1,0.8243528604507446
3216,0,0,1,0.8728044033050537
3217,0,0,1,0.7753996849060059
3218,0,1,0,0.5920478105545044
3219,0,0,1,0.8797914981842041
3220,0,1,0,0.7074482440948486
3221,0,0,1,0.8861642479896545
3222,0,0,1,0.8852981925010681
3223,0,0,1,0.895261287689209
3224,0,0,1,0.9363917708396912
3225,0,0,1,0.9354447722434998
3226,0,0,1,0.9008340239524841
3227,0,0,1,0.8851612210273743
3228,0,0,1,0.9158463478088379
3229,0,0,1,0.8681483268737793
3230,0,0,1,0.8703680634498596
3231,0,0,1,0.845392107963562
3232,0,0,1,0.8721685409545898
3233,0,0,1,0.7153303623199463
3234,0,0,1,0.8909194469451904
3235,0,0,1,0.7727330923080444
3236,0,0,1,0.9485397934913635
3237,0,0,1,0.7555113434791565
3238,0,0,1,0.8463360071182251
3239,0,0,1,0.9053405523300171
3240,0,0,1,0.8931508660316467
3241,0,0,1,0.9162973165512085
3242,0,0,1,0.8283842206001282
3243,0,0,1,0.8987060189247131
3244,0,0,1,0.9150732159614563
3245,0,0,1,0.9342153668403625
3246,0,0,1,0.920468270778656
3247,0,1,0,0.6683244705200195
3248,0,0,1,0.90800940990448
3249,0,0,1,0.901028573513031
3250,0,0,1,0.8964940905570984
3251,0,0,1,0.9285489320755005
3252,0,0,1,0.921515166759491
3253,0,0,1,0.9227520823478699
3254,0,0,1,0.9215429425239563
3255,0,0,1,0.7813137173652649
3256,0,0,1,0.9499555826187134
3257,0,0,1,0.8673427700996399
3258,0,0,1,0.9364081621170044
3259,0,0,1,0.931602954864502
3260,0,0,1,0.8804003596305847
3261,0,0,1,0.9138622283935547
3262,0,0,1,0.9206493496894836
3263,0,0,1,0.852645993232727
3264,0,0,1,0.936945378780365
3265,0,0,1,0.8838526606559753
3266,0,0,1,0.8819597363471985
3267,0,0,1,0.9252337217330933
3268,0,0,1,0.9279302954673767
3269,0,0,1,0.9344331622123718
3270,0,0,1,0.9187549948692322
3271,0,0,1,0.8321580290794373
3272,0,0,1,0.8847202062606812
3273,0,0,1,0.9285974502563477
3274,0,0,1,0.9275410175323486
3275,0,0,1,0.8626093864440918
3276,0,0,1,0.8771126866340637
3277,0,0,1,0.9087710380554199
3278,0,0,1,0.9178919792175293
3279,0,0,1,0.8157617449760437
3280,0,0,1,0.9091194868087769
3281,0,0,1,0.8858851194381714
3282,0,0,1,0.9122840166091919
3283,0,0,1,0.9114705324172974
3284,0,0,1,0.8844112157821655
3285,0,0,1,0.8973339796066284
3286,0,0,1,0.9165090322494507
3287,0,0,1,0.8977885842323303
3288,1,0,0,0.7168494462966919
3289,0,0,1,0.8962954878807068
3290,0,0,1,0.9107614755630493
3291,0,0,1,0.9016174674034119
3292,0,0,1,0.8820087909698486
3293,0,0,1,0.898783802986145
3294,0,0,1,0.9159919619560242
3295,0,0,1,0.7940863966941833
3296,0,0,1,0.9070055484771729
3297,0,0,1,0.9075966477394104
3298,0,0,1,0.9059705138206482
3299,0,0,1,0.8882362246513367
3300,0,0,1,0.9217694997787476
3301,0,0,1,0.6842769980430603
3302,0,0,1,0.8881928324699402
3303,0,0,1,0.9259368777275085
3304,0,0,1,0.9277147054672241
3305,0,0,1,0.6923852562904358
3306,0,0,1,0.9319124221801758
3307,0,0,1,0.9261953830718994
3308,0,0,1,0.9485984444618225
3309,0,0,1,0.7786186337471008
3310,0,0,1,0.9083429574966431
3311,0,0,1,0.8903054594993591
3312,0,0,1,0.8027389645576477
3313,0,0,1,0.9027830958366394
3314,0,0,1,0.8743105530738831
3315,0,0,1,0.9346945881843567
3316,0,0,1,0.9234024286270142
3317,0,0,1,0.8920100927352905
3318,0,0,1,0.863151490688324
3319,0,0,1,0.8707448244094849
3320,0,0,1,0.8477040529251099
3321,0,0,1,0.915458619594574
3322,0,0,1,0.9221956729888916
3323,0,0,1,0.9196076393127441
3324,0,0,1,0.8561058044433594
3325,0,0,1,0.9007782936096191
3326,0,0,1,0.8799938559532166
3327,0,0,1,0.9306846261024475
3328,0,0,1,0.9402085542678833
3329,0,0,1,0.9388401508331299
3330,0,0,1,0.9040471911430359
3331,0,0,1,0.9177246689796448
3332,0,0,1,0.6807872653007507
3333,0,0,1,0.7817124128341675
3334,0,0,1,0.8727424740791321
3335,0,0,1,0.7690276503562927
3336,0,0,1,0.7713103890419006
3337,0,0,1,0.7756386995315552
3338,0,0,1,0.9111001491546631
3339,0,0,1,0.7848750352859497
3340,0,0,1,0.9247295260429382
3341,0,0,1,0.9193637371063232
3342,0,0,1,0.7692529559135437
3343,0,0,1,0.6818589568138123
3344,0,0,1,0.8840195536613464
3345,0,0,1,0.89412522315979
3346,0,0,1,0.9091529846191406
3347,0,0,1,0.8777193427085876
3348,0,0,1,0.9179437756538391
3349,0,0,1,0.892078697681427
3350,0,0,1,0.765958309173584
3351,0,0,1,0.9153154492378235
3352,0,0,1,0.9163814187049866
3353,0,0,1,0.9224303960800171
3354,0,0,1,0.9168583154678345
3355,0,0,1,0.916589081287384
3356,0,0,1,0.9321532845497131
3357,0,0,1,0.9204578995704651
3358,0,0,1,0.9174298048019409
3359,0,0,1,0.8836787939071655
3360,0,0,1,0.8809993267059326
3361,0,0,1,0.8023681044578552
3362,0,0,1,0.8252382874488831
3363,0,0,1,0.8902007341384888
3364,0,0,1,0.8977149724960327
3365,0,0,1,0.8824976086616516
3366,0,0,1,0.823885977268219
3367,0,0,1,0.9009132981300354
3368,0,0,1,0.9180924892425537
3369,0,0,1,0.9024514555931091
3370,0,0,1,0.909034252166748
3371,0,0,1,0.7890717387199402
3372,0,0,1,0.8572482466697693
3373,0,0,1,0.9351742267608643
3374,0,0,1,0.7997561693191528
3375,0,0,1,0.9385456442832947
3376,0,0,1,0.8668922781944275
3377,0,0,1,0.9020401239395142
3378,0,0,1,0.8972516655921936
3379,0,0,1,0.8997047543525696
3380,0,0,1,0.8625928163528442
3381,0,0,1,0.8645046949386597
3382,0,0,1,0.9259053468704224
3383,0,0,1,0.8172399401664734
3384,0,0,1,0.8594032526016235
3385,0,0,1,0.8418475985527039
3386,0,0,1,0.8292335867881775
3387,0,0,1,0.834132969379425
3388,0,0,1,0.8165230751037598
3389,0,0,1,0.9255930185317993
3390,0,0,1,0.8157662749290466
3391,0,0,1,0.6162145733833313
3392,0,0,1,0.650222897529602
3393,0,0,1,0.669485330581665
3394,0,1,0,0.650445282459259
3395,0,0,1,0.79683917760849
3396,0,0,1,0.9501584768295288
3397,0,1,0,0.7400897741317749
3398,0,0,1,0.6903190016746521
3399,0,0,1,0.8780109286308289
3400,0,0,1,0.9108524322509766
3401,0,0,1,0.8179792761802673
3402,0,0,1,0.821357250213623
3403,0,0,1,0.7289502024650574
3404,0,0,1,0.7802799344062805
3405,0,1,0,0.7393069863319397
3406,0,0,1,0.8253656625747681
3407,0,0,1,0.8677507638931274
3408,0,0,1,0.8629345297813416
3409,0,0,1,0.8599099516868591
3410,0,0,1,0.8121421933174133
3411,0,0,1,0.8670769929885864
3412,0,0,1,0.9208546876907349
3413,0,0,1,0.9093029499053955
3414,0,0,1,0.8872534036636353
3415,0,0,1,0.9170799851417542
3416,0,0,1,0.8569604754447937
3417,0,0,1,0.8922940492630005
3418,0,0,1,0.8269229531288147
3419,0,0,1,0.8420827984809875
3420,0,0,1,0.8719456195831299
3421,0,0,1,0.8948530554771423
3422,0,0,1,0.7711653709411621
3423,0,1,0,0.6720036864280701
3424,0,0,1,0.7963566184043884
3425,0,0,1,0.9509631395339966
3426,0,0,1,0.8268895149230957
3427,0,0,1,0.8611692190170288
3428,0,0,1,0.89438396692276
3429,0,0,1,0.8142223358154297
3430,0,0,1,0.8325384855270386
3431,0,0,1,0.8761638402938843
3432,0,0,1,0.9283271431922913
3433,0,0,1,0.8034718632698059
3434,0,0,1,0.8893315196037292
3435,0,0,1,0.8874621987342834
3436,0,0,1,0.8192472457885742
3437,0,0,1,0.8119097352027893
3438,0,0,1,0.8066965937614441
3439,0,0,1,0.8444854617118835
3440,0,0,1,0.8694981932640076
3441,0,0,1,0.7731990814208984
3442,0,0,1,0.799153208732605
3443,0,0,1,0.8040468692779541
3444,0,0,1,0.9139110445976257
3445,0,0,1,0.8979327082633972
3446,0,0,1,0.884385347366333
3447,0,0,1,0.9059202075004578
3448,0,0,1,0.8961370587348938
3449,0,0,1,0.904987633228302
3450,0,0,1,0.8358506560325623
3451,0,0,1,0.9060683250427246
3452,0,0,1,0.9040951728820801
3453,0,0,1,0.8722091913223267
3454,0,0,1,0.7629917860031128
3455,0,0,1,0.8645831942558289
3456,0,0,1,0.8725317716598511
3457,0,0,1,0.907254695892334
3458,0,0,1,0.7477633357048035
3459,0,0,1,0.9142798185348511
3460,0,0,1,0.8272446393966675
3461,0,0,1,0.93089359998703
3462,0,0,1,0.7723550796508789
3463,0,0,1,0.6980076432228088
3464,0,1,0,0.6550036072731018
3465,0,0,1,0.9221189618110657
3466,0,0,1,0.5894143581390381
3467,0,0,1,0.8534346222877502
3468,0,0,1,0.8156014680862427
3469,0,1,0,0.842705249786377
3470,0,0,1,0.8216171860694885
3471,0,0,1,0.9144874215126038
3472,0,0,1,0.9358876943588257
3473,0,0,1,0.8925573825836182
3474,0,0,1,0.8314876556396484
3475,0,0,1,0.8598781824111938
3476,0,0,1,0.899586021900177
3477,0,0,1,0.9079618453979492
3478,0,0,1,0.7859050631523132
3479,0,0,1,0.7741474509239197
3480,0,0,1,0.7482290863990784
3481,0,0,1,0.770710289478302
3482,0,0,1,0.9344654679298401
3483,0,0,1,0.7213733196258545
3484,0,0,1,0.9129266738891602
3485,0,0,1,0.8266401290893555
3486,0,0,1,0.9491758346557617
3487,0,0,1,0.8615744113922119
3488,0,0,1,0.8504806160926819
3489,0,0,1,0.9089998602867126
3490,0,0,1,0.8504074811935425
3491,0,0,1,0.9370031356811523
3492,0,0,1,0.8558527827262878
3493,0,0,1,0.7938706278800964
3494,0,0,1,0.8201941251754761
3495,0,0,1,0.9014456868171692
3496,0,0,1,0.7266403436660767
3497,0,0,1,0.9272318482398987
3498,0,0,1,0.9300162196159363
3499,0,0,1,0.7764672040939331
3500,0,0,1,0.7949503064155579
3501,0,0,1,0.8567600250244141
3502,0,0,1,0.914127767086029
3503,0,1,0,0.7828296422958374
3504,0,0,1,0.8814254403114319
3505,0,0,1,0.9113225340843201
3506,0,0,1,0.8520329594612122
3507,0,0,1,0.7724435925483704
3508,0,0,1,0.7601906657218933
3509,0,0,1,0.8659206628799438
3510,0,0,1,0.7417224049568176
3511,0,0,1,0.790876030921936
3512,0,0,1,0.8470475077629089
3513,0,0,1,0.8195319771766663
3514,0,1,0,0.7793939113616943
3515,0,0,1,0.8423935174942017
3516,0,0,1,0.8239673376083374
3517,0,0,1,0.8946905732154846
3518,0,0,1,0.777574360370636
3519,0,0,1,0.7270174622535706
3520,0,0,1,0.8145710229873657
3521,0,0,1,0.6774301528930664
3522,0,0,1,0.6406647562980652
3523,0,0,1,0.7836912274360657
3524,0,0,1,0.8542712926864624
3525,0,0,1,0.798520028591156
3526,0,0,1,0.7102117538452148
3527,0,0,1,0.6752455830574036
3528,0,0,1,0.900497317314148
3529,0,0,1,0.9375910758972168
3530,0,0,1,0.6967812776565552
3531,0,0,1,0.8452528119087219
3532,0,0,1,0.7239277362823486
3533,0,0,1,0.8255574703216553
3534,0,0,1,0.8426482677459717
3535,0,0,1,0.9064631462097168
3536,0,1,0,0.8457136154174805
3537,0,0,1,0.8382127285003662
3538,0,0,1,0.9150663018226624
3539,0,0,1,0.8572748899459839
3540,0,0,1,0.8857865929603577
3541,0,0,1,0.6397063136100769
3542,0,0,1,0.8398171067237854
3543,0,1,0,0.6428136229515076
3544,0,1,0,0.6835528016090393
3545,0,0,1,0.873042643070221
3546,0,0,1,0.8563674092292786
3547,0,0,1,0.6806091070175171
3548,0,0,1,0.6885458827018738
3549,0,0,1,0.9044485092163086
3550,0,0,1,0.7618899941444397
3551,0,0,1,0.8713061213493347
3552,0,0,1,0.8627480864524841
3553,0,0,1,0.8958895802497864
3554,0,1,0,0.5868458151817322
3555,0,0,1,0.7495681643486023
3556,0,0,1,0.7317055463790894
3557,0,1,0,0.8173668384552002
3558,0,0,1,0.7205055356025696
3559,0,0,1,0.7361716628074646
3560,0,0,1,0.8198202252388
3561,0,0,1,0.8318946361541748
3562,0,0,1,0.7162307500839233
3563,0,0,1,0.6314058303833008
3564,0,1,0,0.6370256543159485
3565,0,1,0,0.8200478553771973
3566,0,0,1,0.7980502843856812
3567,0,0,1,0.773213267326355
3568,0,1,0,0.8396257162094116
3569,0,0,1,0.7431808114051819
3570,0,0,1,0.7750034928321838
3571,0,0,1,0.8157995343208313
3572,0,0,1,0.7434511184692383
3573,0,0,1,0.8110880255699158
3574,0,0,1,0.866776704788208
3575,0,0,1,0.8616178631782532
3576,0,0,1,0.8573049306869507
3577,0,0,1,0.7114611268043518
3578,0,0,1,0.8954926133155823
3579,0,0,1,0.8464927077293396
3580,0,0,1,0.8664795756340027
3581,0,0,1,0.856823742389679
3582,0,0,1,0.8699583411216736
3583,0,0,1,0.9406590461730957
3584,0,0,1,0.8518607020378113
3585,0,0,1,0.8624987602233887
3586,0,0,1,0.8065827488899231
3587,0,0,1,0.6699923276901245
3588,0,0,1,0.8655063509941101
3589,0,0,1,0.7986827492713928
3590,0,0,1,0.7759023904800415
3591,0,0,1,0.9220342040061951
3592,0,0,1,0.8911244869232178
3593,0,0,1,0.8656251430511475
3594,0,1,0,0.6742004752159119
3595,0,0,1,0.9366129040718079
3596,0,0,1,0.8678730726242065
3597,0,0,1,0.8532550930976868
3598,0,0,1,0.9367367029190063
3599,0,0,1,0.9162659645080566
3600,0,0,1,0.8815262913703918
3601,0,0,1,0.9093112945556641
3602,0,0,1,0.8970814347267151
3603,0,0,1,0.7974141836166382
3604,0,0,1,0.9008782505989075
3605,0,0,1,0.7425692081451416
3606,0,0,1,0.7725357413291931
3607,0,0,1,0.8162707090377808
3608,0,0,1,0.6944795250892639
3609,0,0,1,0.870568037033081
3610,0,0,1,0.7725154757499695
3611,0,0,1,0.7991518378257751
3612,0,0,1,0.9019142985343933
3613,0,0,1,0.802556574344635
3614,0,0,1,0.8277395367622375
3615,0,0,1,0.7091579437255859
3616,0,0,1,0.6254244446754456
3617,0,1,0,0.6212176084518433
3618,0,0,1,0.7739564180374146
3619,0,0,1,0.8708363175392151
3620,0,0,1,0.840224027633667
3621,0,0,1,0.860328197479248
3622,0,0,1,0.7952844500541687
3623,0,1,0,0.7388598322868347
3624,0,0,1,0.7229814529418945
3625,0,0,1,0.8315814137458801
3626,0,0,1,0.8976207971572876
3627,0,0,1,0.9371878504753113
3628,0,0,1,0.8119391202926636
3629,0,0,1,0.904732346534729
3630,0,0,1,0.7764455676078796
3631,0,0,1,0.9048126935958862
3632,0,0,1,0.8344609141349792
3633,0,0,1,0.9362795352935791
3634,0,0,1,0.8473935127258301
3635,0,0,1,0.8344788551330566
3636,0,0,1,0.8450197577476501
3637,0,0,1,0.8260484933853149
3638,0,0,1,0.7716587781906128
3639,0,1,0,0.7040982246398926
3640,0,0,1,0.9226951599121094
3641,0,0,1,0.8874114751815796
3642,0,0,1,0.7918267250061035
3643,0,0,1,0.8272796273231506
3644,0,0,1,0.8910475373268127
3645,0,0,1,0.8461140394210815
3646,0,0,1,0.901004433631897
3647,0,0,1,0.8597889542579651
3648,0,0,1,0.9294194579124451
3649,0,0,1,0.8208073377609253
3650,0,0,1,0.8421489000320435
3651,0,1,0,0.6475908160209656
3652,0,0,1,0.9437960982322693
3653,0,0,1,0.9044984579086304
3654,0,0,1,0.9572213888168335
3655,0,0,1,0.8226907849311829
3656,0,0,1,0.8199026584625244
3657,0,0,1,0.6713961958885193
3658,0,0,1,0.9417862296104431
3659,0,0,1,0.9249754548072815
3660,0,0,1,0.9261420369148254
3661,0,0,1,0.9268612265586853
3662,0,0,1,0.862740695476532
3663,0,0,1,0.8448251485824585
3664,0,0,1,0.8270483613014221
3665,0,0,1,0.7963765263557434
3666,0,0,1,0.7853190898895264
3667,0,0,1,0.8145793080329895
3668,0,0,1,0.8703606724739075
3669,0,0,1,0.7258661389350891
3670,0,0,1,0.662361204624176
3671,0,0,1,0.7907769680023193
3672,0,0,1,0.9325711131095886
3673,0,0,1,0.9027402997016907
3674,0,0,1,0.7482333183288574
3675,0,0,1,0.8841522932052612
3676,0,1,0,0.6877491474151611
3677,0,0,1,0.7793563008308411
3678,0,0,1,0.7001112699508667
3679,0,1,0,0.6955072283744812
3680,0,0,1,0.946824848651886
3681,0,0,1,0.8391915559768677
3682,0,0,1,0.8594039678573608
3683,0,0,1,0.9459230899810791
3684,0,0,1,0.8280107378959656
3685,0,0,1,0.6323262453079224
3686,0,0,1,0.837379515171051
3687,0,0,1,0.8325807452201843
3688,0,0,1,0.9383500218391418
3689,0,0,1,0.6972171664237976
3690,0,0,1,0.8445812463760376
3691,0,0,1,0.6731383204460144
3692,0,0,1,0.6493054032325745
3693,0,1,0,0.7875869870185852
3694,0,0,1,0.827429473400116
3695,0,0,1,0.8894036412239075
3696,0,0,1,0.8538077473640442
3697,0,0,1,0.9146448969841003
3698,0,0,1,0.8484125733375549
3699,0,0,1,0.9344791769981384
3700,0,0,1,0.8457894325256348
3701,0,0,1,0.9264205098152161
3702,0,0,1,0.8778462409973145
3703,0,0,1,0.8473985195159912
3704,0,0,1,0.85886549949646
3705,0,0,1,0.8781185746192932
3706,0,0,1,0.8752980828285217
3707,0,0,1,0.9000346660614014
3708,0,0,1,0.7156299352645874
3709,0,0,1,0.6574824452400208
3710,0,0,1,0.8630171418190002
3711,0,0,1,0.8489639759063721
3712,0,0,1,0.8677029609680176
3713,0,0,1,0.8608232140541077
3714,0,0,1,0.909831702709198
3715,0,0,1,0.8964422345161438
3716,0,0,1,0.7996999025344849
3717,0,0,1,0.7017187476158142
3718,0,0,1,0.8143928647041321
3719,0,0,1,0.8238168358802795
3720,0,0,1,0.8156821131706238
3721,0,0,1,0.8146584630012512
3722,0,1,0,0.7862799763679504
3723,0,0,1,0.8015622496604919
3724,0,0,1,0.7709419131278992
3725,0,0,1,0.8001982569694519
3726,0,0,1,0.8393898606300354
3727,0,0,1,0.8020711541175842
3728,0,0,1,0.6935276985168457
3729,0,0,1,0.8865064978599548
3730,0,0,1,0.7654018998146057
3731,0,0,1,0.7753044962882996
3732,0,0,1,0.8786203265190125
3733,0,1,0,0.7009114623069763
3734,0,0,1,0.8690615892410278
3735,0,0,1,0.8383611440658569
3736,0,0,1,0.9332844018936157
3737,0,0,1,0.9324875473976135
3738,0,0,1,0.9319602251052856
3739,0,0,1,0.8420858979225159
3740,0,0,1,0.8953959941864014
3741,0,0,1,0.9014768004417419
3742,0,0,1,0.6262446045875549
3743,0,0,1,0.8085094690322876
3744,0,1,0,0.664131224155426
3745,0,0,1,0.9453796744346619
3746,0,0,1,0.8559088706970215
3747,0,0,1,0.8882825970649719
3748,0,1,0,0.7529439926147461
3749,0,1,0,0.6719352006912231
3750,0,0,1,0.8170961737632751
3751,0,0,1,0.9157732129096985
3752,0,0,1,0.7153517603874207
3753,0,0,1,0.8282867074012756
3754,0,0,1,0.8740551471710205
3755,0,0,1,0.8557536602020264
3756,0,1,0,0.7517367005348206
3757,0,0,1,0.8508633375167847
3758,0,0,1,0.7886647582054138
3759,0,0,1,0.8176538348197937
3760,0,0,1,0.8534351587295532
3761,0,0,1,0.7848180532455444
3762,0,0,1,0.8002885580062866
3763,0,0,1,0.8873661160469055
3764,0,1,0,0.662235677242279
3765,0,0,1,0.8099159598350525
3766,0,0,1,0.7884284853935242
3767,0,1,0,0.7250260710716248
3768,0,0,1,0.9097352027893066
3769,0,1,0,0.9195245504379272
3770,0,0,1,0.8929725885391235
3771,0,1,0,0.8750115633010864
3772,0,0,1,0.7895925641059875
3773,0,0,1,0.8333827257156372
3774,0,0,1,0.8991646766662598
3775,0,1,0,0.6790570616722107
3776,0,0,1,0.7234073281288147
3777,0,0,1,0.7721105217933655
3778,0,1,0,0.6385855078697205
3779,0,1,0,0.7536274790763855
3780,0,0,1,0.7024838328361511
3781,0,0,1,0.8376519083976746
3782,0,0,1,0.8048982620239258
3783,0,0,1,0.8081297874450684
3784,0,0,1,0.8947075605392456
3785,0,0,1,0.8105204105377197
3786,0,1,0,0.7034791707992554
3787,0,0,1,0.8063832521438599
3788,0,0,1,0.8893134593963623
3789,0,0,1,0.9430818557739258
3790,0,0,1,0.9201667308807373
3791,0,0,1,0.6930531859397888
3792,0,0,1,0.9003637433052063
3793,0,0,1,0.7903310656547546
3794,0,0,1,0.6502398252487183
3795,0,0,1,0.7909409999847412
3796,0,0,1,0.850831925868988
3797,0,0,1,0.8560097217559814
3798,0,0,1,0.8175913095474243
3799,0,0,1,0.9041090607643127
3800,0,0,1,0.8541157841682434
3801,0,0,1,0.7914915084838867
3802,0,0,1,0.6809980273246765
3803,0,0,1,0.9176650643348694
3804,0,0,1,0.8948697447776794
3805,0,0,1,0.7331224083900452
3806,0,0,1,0.8526758551597595
3807,0,0,1,0.7805548906326294
3808,0,0,1,0.7873792052268982
3809,0,0,1,0.8343311548233032
3810,0,0,1,0.9087765216827393
3811,0,0,1,0.7853333353996277
3812,0,0,1,0.7212247252464294
3813,0,0,1,0.9210898876190186
3814,0,0,1,0.831200361251831
3815,0,0,1,0.6924630999565125
3816,0,0,1,0.6779865622520447
3817,0,0,1,0.8109232187271118
3818,0,0,1,0.8693720698356628
3819,0,0,1,0.8605124354362488
3820,0,1,0,0.6572160124778748
3821,0,1,0,0.7897568345069885
3822,0,0,1,0.6285472512245178
3823,0,0,1,0.7188178896903992
3824,0,0,1,0.6421539187431335
3825,0,0,1,0.7485759854316711
3826,0,0,1,0.9338461756706238
3827,0,0,1,0.899272084236145
3828,0,1,0,0.8117682933807373
3829,0,0,1,0.868598461151123
3830,0,0,1,0.6468366980552673
3831,0,0,1,0.7022224068641663
3832,0,0,1,0.821075975894928
3833,0,0,1,0.7959036231040955
3834,0,0,1,0.819487452507019
3835,0,0,1,0.8085335493087769
3836,0,0,1,0.6713994145393372
3837,0,0,1,0.7857610583305359
3838,0,0,1,0.8311862945556641
3839,0,0,1,0.8631126284599304
3840,0,0,1,0.80303555727005
3841,0,0,1,0.880219042301178
3842,0,0,1,0.8433383107185364
3843,0,0,1,0.8873640894889832
3844,0,0,1,0.9414286017417908
3845,0,0,1,0.7577430605888367
3846,0,0,1,0.8646292686462402
3847,0,0,1,0.6690506339073181
3848,0,0,1,0.7273328900337219
3849,0,0,1,0.8115845918655396
3850,0,0,1,0.6388401389122009
3851,0,0,1,0.8086768984794617
3852,0,0,1,0.9241786599159241
3853,0,0,1,0.8873369097709656
3854,0,1,0,0.6341403126716614
3855,0,0,1,0.6806561350822449
3856,0,0,1,0.6703386306762695
3857,0,0,1,0.6942931413650513
3858,0,0,1,0.8972645998001099
3859,0,0,1,0.7309155464172363
3860,0,0,1,0.8871409296989441
3861,0,0,1,0.7798088788986206
3862,0,0,1,0.6257292032241821
3863,0,0,1,0.9343146681785583
3864,0,0,1,0.7062005400657654
3865,0,1,0,0.7762342095375061
3866,0,0,1,0.7567668557167053
3867,0,0,1,0.8132635951042175
3868,0,0,1,0.7151950597763062
3869,0,0,1,0.934491753578186
3870,0,0,1,0.9209030866622925
3871,0,0,1,0.7324572205543518
3872,0,0,1,0.8371912240982056
3873,0,1,0,0.6199275851249695
3874,0,0,1,0.8380383253097534
3875,0,0,1,0.8536925911903381
3876,0,0,1,0.7386071085929871
3877,0,1,0,0.7527735233306885
3878,0,0,1,0.7881748080253601
3879,0,0,1,0.6862431764602661
3880,0,0,1,0.7683628797531128
3881,0,1,0,0.7048488259315491
3882,0,0,1,0.8757302761077881
3883,0,0,1,0.7961813807487488
3884,0,0,1,0.8288906216621399
3885,0,1,0,0.637591540813446
3886,0,1,0,0.7001879215240479
3887,0,1,0,0.6888092160224915
3888,0,0,1,0.5688623189926147
3889,0,0,1,0.7958012223243713
3890,0,0,1,0.8828918933868408
3891,0,0,1,0.7327368259429932
3892,0,0,1,0.8747900724411011
3893,0,0,1,0.8752269744873047
3894,0,0,1,0.7930726408958435
3895,0,0,1,0.8370848894119263
3896,0,0,1,0.8289386630058289
3897,0,0,1,0.8907387256622314
3898,0,0,1,0.8223903775215149
3899,0,1,0,0.6516753435134888
3900,0,0,1,0.7515936493873596
3901,0,0,1,0.8611626029014587
3902,0,0,1,0.8130084872245789
3903,0,0,1,0.7623171806335449
3904,0,0,1,0.8730104565620422
3905,0,0,1,0.648401141166687
3906,0,0,1,0.8494496941566467
3907,0,1,0,0.7139440774917603
3908,0,1,0,0.607088565826416
3909,0,0,1,0.6600285768508911
3910,0,0,1,0.8533382415771484
3911,0,0,1,0.7719759941101074
3912,0,0,1,0.8787305951118469
3913,0,0,1,0.9628023505210876
3914,0,0,1,0.8842223286628723
3915,0,0,1,0.893476665019989
3916,0,0,1,0.7226465344429016
3917,0,0,1,0.8580614924430847
3918,0,0,1,0.8598329424858093
3919,0,0,1,0.9053158760070801
3920,0,0,1,0.8836830854415894
3921,0,0,1,0.8451285362243652
3922,0,0,1,0.8886014819145203
3923,0,0,1,0.7768471240997314
3924,0,0,1,0.8501085042953491
3925,0,0,1,0.8817091584205627
3926,0,0,1,0.7149321436882019
3927,0,0,1,0.8456955552101135
3928,0,0,1,0.8427330255508423
3929,0,0,1,0.8368306159973145
3930,0,1,0,0.624538779258728
3931,0,0,1,0.816254734992981
3932,0,0,1,0.6824160814285278
3933,0,0,1,0.8217867612838745
3934,0,0,1,0.8921260833740234
3935,0,0,1,0.8986691236495972
3936,0,0,1,0.867394208908081
3937,0,0,1,0.831792950630188
3938,0,0,1,0.917507529258728
3939,0,1,0,0.7193939685821533
3940,0,1,0,0.7543025612831116
3941,0,1,0,0.7452901601791382
3942,0,0,1,0.8164212703704834
3943,0,0,1,0.7012736797332764
3944,0,0,1,0.8966792821884155
3945,0,0,1,0.7506892681121826
3946,0,0,1,0.877907395362854
3947,0,0,1,0.6473372578620911
3948,0,0,1,0.8315229415893555
3949,0,1,0,0.7760211825370789
3950,0,0,1,0.8352051973342896
3951,0,0,1,0.7621937394142151
3952,0,1,0,0.6911603808403015
3953,0,0,1,0.6814829707145691
3954,0,0,1,0.7938392162322998
3955,0,0,1,0.7575236558914185
3956,0,0,1,0.827530562877655
3957,0,0,1,0.7490861415863037
3958,0,1,0,0.6917933821678162
3959,0,0,1,0.9232017397880554
3960,0,1,0,0.7363700270652771
3961,0,1,0,0.7614483833312988
3962,0,0,1,0.8846700191497803
3963,0,0,1,0.7659443020820618
3964,0,0,1,0.9207632541656494
3965,0,0,1,0.9154621958732605
3966,0,0,1,0.9187449216842651
3967,0,0,1,0.903775691986084
3968,0,0,1,0.9291139245033264
3969,0,0,1,0.9066262245178223
3970,0,0,1,0.9013450145721436
3971,0,0,1,0.7663818001747131
3972,0,0,1,0.8659539818763733
3973,0,0,1,0.7941281199455261
3974,0,0,1,0.8565704822540283
3975,0,0,1,0.8997759222984314
3976,0,0,1,0.8905413150787354
3977,0,0,1,0.7714653015136719
3978,0,1,0,0.7435112595558167
3979,0,0,1,0.7516604065895081
3980,0,0,1,0.8352903723716736
3981,0,0,1,0.9372683167457581
3982,0,0,1,0.9434862732887268
3983,0,0,1,0.8449659943580627
3984,0,0,1,0.8943383693695068
3985,0,0,1,0.770378053188324
3986,0,0,1,0.8770591616630554
3987,0,0,1,0.7528150677680969
3988,0,0,1,0.7821198105812073
3989,0,0,1,0.7815044522285461
3990,0,0,1,0.8769971132278442
3991,0,0,1,0.7716565132141113
3992,0,0,1,0.8721519708633423
3993,0,0,1,0.8362093567848206
3994,0,0,1,0.8832322955131531
3995,0,0,1,0.9187965989112854
3996,0,0,1,0.861194908618927
3997,0,0,1,0.9463895559310913
3998,0,0,1,0.8850111365318298
3999,0,0,1,0.8857182860374451
4000,0,0,1,0.880996584892273
4001,0,0,1,0.9105223417282104
4002,0,0,1,0.7114850878715515
4003,0,0,1,0.6470222473144531
4004,0,0,1,0.8010160326957703
4005,0,0,1,0.8831042051315308
4006,0,1,0,0.6798182129859924
4007,0,0,1,0.9299570918083191
4008,0,0,1,0.9087491631507874
4009,0,0,1,0.9157522320747375
4010,0,0,1,0.9210476279258728
4011,0,0,1,0.8658326268196106
4012,0,0,1,0.8732577562332153
4013,0,0,1,0.8689987659454346
4014,0,0,1,0.8910489082336426
4015,0,0,1,0.9150416851043701
4016,0,0,1,0.8877325654029846
4017,0,0,1,0.8969672322273254
4018,0,0,1,0.9356423616409302
4019,0,0,1,0.881846010684967
4020,0,0,1,0.916534960269928
4021,0,0,1,0.925037145614624
4022,0,0,1,0.7916897535324097
4023,0,0,1,0.9559805989265442
4024,0,0,1,0.8820083737373352
4025,0,0,1,0.9321537613868713
4026,0,0,1,0.9501158595085144
4027,0,0,1,0.8170244693756104
4028,0,0,1,0.8815345168113708
4029,0,0,1,0.8095758557319641
4030,0,1,0,0.7271604537963867
4031,0,0,1,0.8994954228401184
4032,0,0,1,0.8722145557403564
4033,0,0,1,0.806075930595398
4034,0,0,1,0.804222583770752
4035,0,0,1,0.8222055435180664
4036,0,0,1,0.8836549520492554
4037,0,0,1,0.85919588804245
4038,0,0,1,0.8642379641532898
4039,0,0,1,0.776399552822113
4040,0,0,1,0.8721141219139099
4041,0,0,1,0.9570751786231995
4042,0,0,1,0.9042450189590454
4043,0,0,1,0.8845088481903076
4044,0,0,1,0.9267977476119995
4045,0,0,1,0.9221978783607483
4046,0,0,1,0.6537430286407471
4047,0,0,1,0.9357990026473999
4048,0,0,1,0.9454392194747925
4049,0,0,1,0.8867309093475342
4050,0,0,1,0.8895389437675476
4051,0,0,1,0.927345871925354
4052,0,0,1,0.909817636013031
4053,0,0,1,0.9527459144592285
4054,0,0,1,0.8610526323318481
4055,0,0,1,0.869009792804718
4056,0,0,1,0.7179147005081177
4057,0,0,1,0.9566509127616882
4058,0,0,1,0.7827251553535461
4059,0,0,1,0.6229633688926697
4060,0,0,1,0.6715554594993591
4061,0,0,1,0.8404901027679443
4062,0,1,0,0.7271527051925659
4063,0,0,1,0.8613067865371704
4064,0,1,0,0.8145349621772766
4065,0,0,1,0.9050264358520508
4066,0,0,1,0.9070337414741516
4067,0,0,1,0.778668999671936
4068,0,0,1,0.734204113483429
4069,0,0,1,0.8716374635696411
4070,0,0,1,0.8127892017364502
4071,0,0,1,0.8265084624290466
4072,0,0,1,0.8824504017829895
4073,0,0,1,0.8564924597740173
4074,0,0,1,0.8365474343299866
4075,0,0,1,0.9449039697647095
4076,0,0,1,0.7083624601364136
4077,0,0,1,0.9014452695846558
4078,0,0,1,0.867192804813385
4079,0,0,1,0.7775725722312927
4080,0,1,0,0.6602181196212769
4081,0,0,1,0.8048031330108643
4082,0,1,0,0.7190083861351013
4083,0,0,1,0.7607038021087646
4084,0,0,1,0.8157433271408081
4085,0,0,1,0.7996241450309753
4086,0,0,1,0.8459005355834961
4087,0,0,1,0.8433315753936768
4088,0,0,1,0.9004650115966797
4089,0,0,1,0.6781965494155884
4090,0,0,1,0.8566714525222778
4091,0,0,1,0.6333511471748352
4092,0,0,1,0.7746763229370117
4093,0,0,1,0.8280419111251831
4094,0,0,1,0.9098581671714783
4095,0,0,1,0.8735651969909668
4096,0,0,1,0.8315731287002563
4097,0,1,0,0.7290876507759094
4098,0,0,1,0.7892937660217285
4099,0,1,0,0.7324858903884888
4100,0,0,1,0.903901994228363
4101,0,0,1,0.8436355590820312
4102,0,0,1,0.7296016812324524
4103,0,1,0,0.6541529297828674
4104,0,0,1,0.8893547654151917
4105,0,0,1,0.9391573667526245
4106,0,0,1,0.9202442169189453
4107,0,0,1,0.8480378985404968
4108,0,0,1,0.7587358355522156
4109,0,0,1,0.9007846713066101
4110,0,0,1,0.9191913604736328
4111,0,0,1,0.8805107474327087
4112,0,0,1,0.8516248464584351
4113,0,0,1,0.8593863844871521
4114,0,0,1,0.8658320307731628
4115,0,0,1,0.8433735966682434
4116,0,0,1,0.9302341341972351
4117,0,0,1,0.891562819480896
4118,0,0,1,0.8915150761604309
4119,0,0,1,0.8701781034469604
4120,0,0,1,0.9141736030578613
4121,0,0,1,0.9279749989509583
4122,0,0,1,0.9289629459381104
4123,0,0,1,0.7538309693336487
4124,0,0,1,0.9071983098983765
4125,0,0,1,0.8317108750343323
4126,0,0,1,0.886842668056488
4127,0,1,0,0.7103028297424316
4128,0,1,0,0.6634641289710999
4129,0,0,1,0.936104416847229
4130,0,1,0,0.672592043876648
4131,0,0,1,0.8412562012672424
4132,0,0,1,0.5970028042793274
4133,0,0,1,0.9186744689941406
4134,0,0,1,0.8994379043579102
4135,0,0,1,0.8086606860160828
4136,0,0,1,0.9303643703460693
4137,0,0,1,0.8973358273506165
4138,0,0,1,0.9052316546440125
4139,0,0,1,0.9104664921760559
4140,0,0,1,0.8517153859138489
4141,0,0,1,0.8868153691291809
4142,0,0,1,0.9080225229263306
4143,0,0,1,0.8342100381851196
4144,0,0,1,0.8995497822761536
4145,0,0,1,0.8729487657546997
4146,0,0,1,0.8331700563430786
4147,0,0,1,0.7059124708175659
4148,0,0,1,0.780251145362854
4149,0,0,1,0.784926176071167
4150,0,0,1,0.9013121724128723
4151,0,0,1,0.917901873588562
4152,0,0,1,0.8989378213882446
4153,0,0,1,0.7790881395339966
4154,0,0,1,0.9013804197311401
4155,0,0,1,0.8796201348304749
4156,0,0,1,0.8244554996490479
4157,0,0,1,0.8607680797576904
4158,0,0,1,0.6828411817550659
4159,0,0,1,0.9161661267280579
4160,0,0,1,0.8894286751747131
4161,0,0,1,0.910422146320343
4162,0,0,1,0.9135468006134033
4163,0,0,1,0.6987764239311218
4164,0,0,1,0.8637199401855469
4165,0,0,1,0.8784947991371155
4166,0,0,1,0.9403263926506042
4167,0,0,1,0.8993856906890869
4168,0,0,1,0.8724477291107178
4169,0,1,0,0.8078362345695496
4170,0,0,1,0.846441924571991
4171,0,0,1,0.8862652778625488
4172,0,0,1,0.8284117579460144
4173,0,0,1,0.9202703833580017
4174,0,0,1,0.8538036346435547
4175,0,0,1,0.8000245094299316
4176,0,0,1,0.9167997241020203
4177,0,0,1,0.7764002084732056
4178,0,0,1,0.9438929557800293
4179,0,0,1,0.6749468445777893
4180,0,0,1,0.7563286423683167
4181,0,0,1,0.8716545701026917
4182,0,1,0,0.7996793389320374
4183,0,0,1,0.8901689052581787
4184,0,0,1,0.8679682612419128
4185,0,0,1,0.8824994564056396
4186,0,0,1,0.9212305545806885
4187,0,0,1,0.9005898833274841
4188,0,0,1,0.8538646697998047
4189,0,0,1,0.865498423576355
4190,0,0,1,0.727461040019989
4191,0,0,1,0.7634703516960144
4192,0,0,1,0.7825331091880798
4193,0,0,1,0.8410356640815735
4194,0,0,1,0.601463258266449
4195,0,1,0,0.6797868609428406
4196,0,1,0,0.7241078615188599
4197,0,0,1,0.7128027677536011
4198,0,0,1,0.8350127935409546
4199,0,1,0,0.7871147394180298
4200,0,0,1,0.8194692134857178
4201,0,1,0,0.6423100829124451
4202,0,1,0,0.6713859438896179
4203,0,0,1,0.867356538772583
4204,0,0,1,0.9209350347518921
4205,0,0,1,0.8153862953186035
4206,0,1,0,0.601448118686676
4207,0,0,1,0.7862463593482971
4208,0,0,1,0.8287594318389893
4209,0,0,1,0.8224467635154724
4210,0,0,1,0.6991659998893738
4211,0,0,1,0.8085739016532898
4212,0,0,1,0.7582133412361145
4213,0,0,1,0.6025956869125366
4214,0,0,1,0.6277384161949158
4215,0,0,1,0.8784398436546326
4216,0,0,1,0.9604398608207703
4217,0,1,0,0.7204949259757996
4218,0,0,1,0.9375922083854675
4219,0,1,0,0.7082240581512451
4220,0,0,1,0.7993138432502747
4221,0,0,1,0.7733076214790344
4222,0,0,1,0.8567094802856445
4223,0,0,1,0.7729055881500244
4224,0,0,1,0.8546884059906006
4225,0,0,1,0.8078352808952332
4226,0,1,0,0.6551124453544617
4227,0,0,1,0.7782533764839172
4228,0,1,0,0.656645655632019
4229,0,0,1,0.8976187109947205
4230,0,0,1,0.6929354071617126
4231,0,0,1,0.8936352729797363
4232,0,1,0,0.7601041197776794
4233,0,0,1,0.6426262259483337
4234,0,1,0,0.6511033177375793
4235,0,0,1,0.8981014490127563
4236,0,0,1,0.8090629577636719
4237,0,1,0,0.6603708863258362
4238,0,1,0,0.6780484318733215
4239,0,0,1,0.6690202951431274
4240,0,0,1,0.8311108946800232
4241,0,0,1,0.851401686668396
4242,0,1,0,0.7359586954116821
4243,0,0,1,0.7445880770683289
4244,0,0,1,0.8309537172317505
4245,0,0,1,0.7616904377937317
4246,0,1,0,0.6804388761520386
4247,0,0,1,0.736731231212616
4248,0,0,1,0.9198009371757507
4249,0,0,1,0.7268136739730835
4250,0,0,1,0.9054727554321289
4251,0,0,1,0.8846310973167419
4252,0,0,1,0.8120531439781189
4253,0,0,1,0.8947380781173706
4254,0,0,1,0.8360095024108887
4255,0,0,1,0.8415674567222595
4256,0,0,1,0.8920372724533081
4257,0,0,1,0.9042699933052063
4258,0,0,1,0.8233791589736938
4259,0,0,1,0.8672665357589722
4260,0,0,1,0.8289974331855774
4261,0,0,1,0.9052722454071045
4262,0,1,0,0.8137678503990173
4263,0,1,0,0.7377902865409851
4264,0,0,1,0.6933234333992004
4265,0,1,0,0.6544936895370483
4266,0,1,0,0.6583524346351624
4267,0,1,0,0.7191410660743713
4268,0,0,1,0.8764002323150635
4269,0,0,1,0.8727262616157532
4270,0,0,1,0.7888362407684326
4271,0,1,0,0.7131165266036987
4272,0,1,0,0.7107675671577454
4273,0,0,1,0.6740103960037231
4274,0,0,1,0.7545708417892456
4275,0,1,0,0.6582183837890625
4276,0,0,1,0.7990323901176453
4277,0,0,1,0.8470563888549805
4278,0,0,1,0.6309314370155334
4279,0,0,1,0.7063019871711731
4280,0,0,1,0.8453449010848999
4281,0,0,1,0.8849136233329773
4282,0,1,0,0.6576600074768066
4283,0,0,1,0.625106155872345
4284,0,0,1,0.8126110434532166
4285,0,0,1,0.8053495287895203
4286,0,0,1,0.8863562941551208
4287,0,0,1,0.7211719155311584
4288,0,0,1,0.8126273155212402
4289,0,1,0,0.7510334849357605
4290,0,0,1,0.9596471786499023
4291,0,0,1,0.9412117004394531
4292,0,0,1,0.8318071365356445
4293,0,0,1,0.8164467215538025
4294,0,0,1,0.7313992977142334
4295,0,0,1,0.7889426946640015
4296,0,0,1,0.7866941094398499
4297,0,0,1,0.7531623244285583
4298,0,0,1,0.8993753790855408
4299,0,0,1,0.870534360408783
4300,0,0,1,0.8202229142189026
4301,0,0,1,0.9311814904212952
4302,0,0,1,0.8858487010002136
4303,0,0,1,0.7869616746902466
4304,0,0,1,0.8741508722305298
4305,0,0,1,0.8074626922607422
