sample_idx,true_label,pred_label,correct,confidence
0,3,3,1,0.7603021860122681
1,8,8,1,0.9589617252349854
2,8,8,1,0.876457929611206
3,0,0,1,0.8925265073776245
4,6,6,1,0.9722395539283752
5,6,6,1,0.7762036323547363
6,1,1,1,0.8271936178207397
7,6,6,1,0.8871068358421326
8,3,3,1,0.9202062487602234
9,1,1,1,0.8921657800674438
10,0,0,1,0.8402369618415833
11,9,9,1,0.9343960285186768
12,5,5,1,0.8909284472465515
13,7,7,1,0.9094305634498596
14,9,9,1,0.9472873210906982
15,8,8,1,0.9118748307228088
16,5,5,1,0.9391312599182129
17,7,7,1,0.8902976512908936
18,8,8,1,0.8963263630867004
19,6,6,1,0.9784539341926575
20,7,7,1,0.9050365090370178
21,0,0,1,0.9581755995750427
22,4,4,1,0.9212135076522827
23,9,9,1,0.9356527328491211
24,5,4,0,0.8741393089294434
25,2,3,0,0.6520687341690063
26,4,4,1,0.921620786190033
27,0,0,1,0.6868593096733093
28,9,9,1,0.9547925591468811
29,6,6,1,0.9526349902153015
30,6,6,1,0.8384961485862732
31,5,5,1,0.9528230428695679
32,4,4,1,0.9117024540901184
33,5,3,0,0.6287558674812317
34,9,9,1,0.9606783986091614
35,2,3,0,0.8466542959213257
36,4,4,1,0.8067610263824463
37,1,1,1,0.8583071827888489
38,9,9,1,0.9448570609092712
39,5,5,1,0.9668548107147217
40,4,0,0,0.7029692530632019
41,6,6,1,0.972977876663208
42,5,3,0,0.6151556968688965
43,6,6,1,0.9656428098678589
44,0,0,1,0.8423014283180237
45,9,9,1,0.9348975419998169
46,3,3,1,0.8901564478874207
47,9,1,0,0.42811739444732666
48,7,7,1,0.9270794987678528
49,6,6,1,0.7049631476402283
50,9,9,1,0.8356723189353943
51,8,8,1,0.9677030444145203
52,0,7,0,0.7010419964790344
53,3,3,1,0.481467604637146
54,8,8,1,0.9548935294151306
55,8,8,1,0.9701810479164124
56,7,7,1,0.8170754313468933
57,7,5,0,0.8610274791717529
58,4,5,0,0.46418729424476624
59,6,5,0,0.4935782849788666
60,7,7,1,0.967240035533905
61,3,5,0,0.788135826587677
62,6,6,1,0.9111142754554749
63,3,3,1,0.8020443320274353
64,6,6,1,0.8204087018966675
65,2,2,1,0.6519340872764587
66,1,1,1,0.7336406111717224
67,2,0,0,0.7296527028083801
68,3,3,1,0.7093299031257629
69,7,7,1,0.8861971497535706
70,2,2,1,0.7782078981399536
71,6,3,0,0.8331941366195679
72,8,8,1,0.9699375033378601
73,8,8,1,0.9483202695846558
74,0,0,1,0.5830638408660889
75,2,2,1,0.936640739440918
76,9,9,1,0.8612030148506165
77,3,3,1,0.8623480796813965
78,3,3,1,0.715634286403656
79,8,8,1,0.9203278422355652
80,8,8,1,0.9532243609428406
81,1,0,0,0.4379745125770569
82,1,1,1,0.9605611562728882
83,7,7,1,0.9196898937225342
84,2,2,1,0.848091185092926
85,5,7,0,0.8411118984222412
86,2,0,0,0.44697681069374084
87,7,7,1,0.7736268043518066
88,8,8,1,0.9466795325279236
89,9,9,1,0.9120305776596069
90,0,0,1,0.8198673725128174
91,3,3,1,0.7158597707748413
92,8,8,1,0.9800335764884949
93,6,6,1,0.9709424376487732
94,4,4,1,0.9240185618400574
95,6,6,1,0.8471333384513855
96,6,6,1,0.9175853133201599
97,0,0,1,0.8451430797576904
98,0,0,1,0.8512986302375793
99,7,7,1,0.9025255441665649
100,4,4,1,0.9417970776557922
101,5,5,1,0.7174880504608154
102,6,6,1,0.8968883752822876
103,3,3,1,0.9386250376701355
104,1,1,1,0.9416282773017883
105,1,1,1,0.982959508895874
106,3,3,1,0.6734018921852112
107,6,6,1,0.9616864919662476
108,8,8,1,0.9491864442825317
109,7,7,1,0.9098765850067139
110,4,4,1,0.9477514624595642
111,0,0,1,0.947314977645874
112,6,6,1,0.8569601774215698
113,2,2,1,0.9543187618255615
114,1,1,1,0.9574642777442932
115,3,3,1,0.854368269443512
116,0,0,1,0.9705483913421631
117,4,4,1,0.6616232991218567
118,2,5,0,0.42879968881607056
119,7,5,0,0.6220788955688477
120,8,8,1,0.8562294840812683
121,3,3,1,0.8718310594558716
122,1,1,1,0.968062698841095
123,2,2,1,0.7336984276771545
124,8,8,1,0.9279707670211792
125,0,8,0,0.6363233923912048
126,8,8,1,0.8775910139083862
127,3,3,1,0.8286978602409363
128,5,6,0,0.6904131770133972
129,2,0,0,0.7488004565238953
130,4,4,1,0.9511420726776123
131,1,1,1,0.9315198659896851
132,8,8,1,0.93037348985672
133,9,9,1,0.9578211307525635
134,1,1,1,0.5791862607002258
135,2,2,1,0.7065741419792175
136,9,9,1,0.9113373160362244
137,7,7,1,0.7315070033073425
138,2,2,1,0.9462676644325256
139,9,8,0,0.8341850638389587
140,6,6,1,0.8741863965988159
141,5,5,1,0.945393443107605
142,6,6,1,0.8849763870239258
143,3,5,0,0.9055271744728088
144,8,8,1,0.9050643444061279
145,7,9,0,0.5741330981254578
146,6,6,1,0.893652617931366
147,2,5,0,0.9174380898475647
148,5,5,1,0.7665806412696838
149,2,7,0,0.5817676186561584
150,8,8,1,0.9394147396087646
151,9,9,1,0.9226568937301636
152,6,6,1,0.8253151178359985
153,0,1,0,0.6378155946731567
154,0,0,1,0.9017947316169739
155,5,5,1,0.8891000151634216
156,2,6,0,0.5525155663490295
157,9,9,1,0.958778977394104
158,5,3,0,0.7423078417778015
159,4,4,1,0.9793674945831299
160,2,0,0,0.6293637156486511
161,1,1,1,0.9818421006202698
162,6,6,1,0.7049089074134827
163,6,6,1,0.7625037431716919
164,8,8,1,0.7584772109985352
165,4,2,0,0.7350394129753113
166,8,8,1,0.9501181244850159
167,4,4,1,0.7366518378257751
168,5,7,0,0.8557131290435791
169,0,4,0,0.4099223017692566
170,9,9,1,0.946052610874176
171,9,9,1,0.8436692357063293
172,9,9,1,0.867421567440033
173,8,8,1,0.9117349982261658
174,9,9,1,0.9462172985076904
175,9,9,1,0.9527584314346313
176,3,3,1,0.9270625710487366
177,7,7,1,0.9217239618301392
178,5,3,0,0.8564685583114624
179,0,0,1,0.8608136773109436
180,0,8,0,0.7025773525238037
181,5,5,1,0.9269563555717468
182,2,2,1,0.9589309096336365
183,2,6,0,0.8777748346328735
184,3,3,1,0.677969753742218
185,8,8,1,0.9713653922080994
186,6,6,1,0.7387690544128418
187,3,3,1,0.9076029062271118
188,4,3,0,0.6909282803535461
189,0,0,1,0.7808863520622253
190,5,5,1,0.7428295016288757
191,8,8,1,0.9482549428939819
192,0,0,1,0.5857199430465698
193,1,1,1,0.9604706168174744
194,7,7,1,0.8886444568634033
195,2,2,1,0.6554275155067444
196,8,8,1,0.914323627948761
197,8,8,1,0.9727252721786499
198,7,7,1,0.8363546133041382
199,8,8,1,0.9487064480781555
200,5,5,1,0.9012497663497925
201,1,1,1,0.5618664622306824
202,8,8,1,0.9633721709251404
203,7,7,1,0.9118115901947021
204,1,1,1,0.9724709391593933
205,3,3,1,0.9138919711112976
206,0,0,1,0.8757060766220093
207,5,5,1,0.8981696367263794
208,7,7,1,0.9895800352096558
209,9,9,1,0.9323495030403137
210,7,5,0,0.5829513669013977
211,4,0,0,0.8699855804443359
212,5,5,1,0.901312530040741
213,9,9,1,0.914192795753479
214,8,8,1,0.758224368095398
215,0,7,0,0.4396977424621582
216,7,7,1,0.937849223613739
217,9,9,1,0.920560359954834
218,8,8,1,0.7395070791244507
219,2,2,1,0.8032746911048889
220,7,7,1,0.5828090310096741
221,6,3,0,0.7105424404144287
222,9,9,1,0.9625615477561951
223,4,7,0,0.5351941585540771
224,3,3,1,0.6778177618980408
225,9,9,1,0.8481085300445557
226,6,0,0,0.43224233388900757
227,4,4,1,0.9396942853927612
228,7,3,0,0.6318075656890869
229,6,6,1,0.798807680606842
230,5,5,1,0.9319140911102295
231,1,1,1,0.9525105357170105
232,5,5,1,0.7558776140213013
233,8,8,1,0.8322569727897644
234,8,8,1,0.9419102668762207
235,0,0,1,0.9796829223632812
236,4,4,1,0.9804837107658386
237,0,0,1,0.5017491579055786
238,5,5,1,0.8000378608703613
239,5,5,1,0.8025493025779724
240,1,1,1,0.9875783324241638
241,1,1,1,0.8525645732879639
242,8,8,1,0.5851383805274963
243,9,9,1,0.9417886137962341
244,0,0,1,0.950076699256897
245,3,3,1,0.6316977143287659
246,1,1,1,0.9669276475906372
247,9,8,0,0.9589464664459229
248,2,2,1,0.9369391202926636
249,2,6,0,0.7093417644500732
250,5,5,1,0.8830339312553406
251,3,3,1,0.8696195483207703
252,9,9,1,0.7503102421760559
253,9,9,1,0.9183499217033386
254,4,2,0,0.6298364400863647
255,0,3,0,0.6345697045326233
256,3,3,1,0.8394268751144409
257,0,0,1,0.920283317565918
258,0,8,0,0.95322585105896
259,9,9,1,0.7425944209098816
260,8,8,1,0.902978777885437
261,1,1,1,0.959468424320221
262,5,3,0,0.7443652749061584
263,7,3,0,0.8136786222457886
264,0,8,0,0.7710683941841125
265,8,8,1,0.8545542359352112
266,2,2,1,0.6132537126541138
267,4,4,1,0.9430195093154907
268,7,7,1,0.9509730339050293
269,0,0,1,0.5408525466918945
270,2,2,1,0.873968243598938
271,3,5,0,0.8506677746772766
272,6,6,1,0.9504380226135254
273,3,3,1,0.8990271091461182
274,8,8,1,0.9496130347251892
275,5,5,1,0.8103741407394409
276,0,0,1,0.9586411118507385
277,3,2,0,0.6192688345909119
278,4,4,1,0.8816471099853516
279,3,3,1,0.7243615388870239
280,9,9,1,0.6448754668235779
281,0,0,1,0.6805757284164429
282,6,6,1,0.9035874605178833
283,1,1,1,0.9895617961883545
284,0,9,0,0.8546382784843445
285,9,9,1,0.9522945284843445
286,1,8,0,0.767449676990509
287,0,8,0,0.6627185344696045
288,7,7,1,0.926515519618988
289,9,9,1,0.9204894304275513
290,1,1,1,0.9940334558486938
291,2,2,1,0.9408203363418579
292,6,6,1,0.9312781095504761
293,9,1,0,0.8967612385749817
294,3,3,1,0.9499315619468689
295,4,4,1,0.8642244935035706
296,6,6,1,0.9772120118141174
297,0,0,1,0.7672362327575684
298,0,0,1,0.9717262387275696
299,6,6,1,0.9635618329048157
300,6,6,1,0.9452013373374939
301,6,6,1,0.9271187782287598
302,3,5,0,0.6444113850593567
303,2,2,1,0.8138388991355896
304,6,6,1,0.7921149134635925
305,1,1,1,0.9617161750793457
306,8,9,0,0.7356851696968079
307,2,2,1,0.9111722111701965
308,1,9,0,0.8131394982337952
309,6,2,0,0.8034782409667969
310,8,8,1,0.9329116344451904
311,6,6,1,0.989019513130188
312,8,0,0,0.903958797454834
313,0,0,1,0.7664104700088501
314,4,4,1,0.889595091342926
315,0,0,1,0.738624632358551
316,7,7,1,0.8818249106407166
317,7,7,1,0.6671629548072815
318,5,5,1,0.9448117613792419
319,5,3,0,0.7512091398239136
320,3,3,1,0.8640056848526001
321,5,3,0,0.730962872505188
322,2,2,1,0.847183883190155
323,3,5,0,0.7799873352050781
324,4,7,0,0.748649001121521
325,1,1,1,0.9160488843917847
326,7,7,1,0.9379658699035645
327,5,5,1,0.8993997573852539
328,4,4,1,0.952829897403717
329,6,6,1,0.9424365162849426
330,1,1,1,0.9626693725585938
331,9,9,1,0.9444326162338257
332,3,3,1,0.7976254224777222
333,6,6,1,0.9540700316429138
334,6,6,1,0.9451149702072144
335,9,9,1,0.9122424721717834
336,3,3,1,0.9601251482963562
337,8,8,1,0.9607404470443726
338,0,0,1,0.8137165904045105
339,7,7,1,0.8846240639686584
340,2,2,1,0.7259402871131897
341,6,6,1,0.8940283060073853
342,2,2,1,0.7285920977592468
343,5,5,1,0.7355563640594482
344,8,8,1,0.8481307625770569
345,5,5,1,0.6877054572105408
346,4,4,1,0.9329985976219177
347,6,6,1,0.9077218770980835
348,8,8,1,0.9394277930259705
349,9,1,0,0.8156881332397461
350,9,9,1,0.9402236938476562
351,1,1,1,0.9652865529060364
352,0,8,0,0.8703230619430542
353,2,1,0,0.6285569071769714
354,2,6,0,0.6561943292617798
355,7,6,0,0.42464450001716614
356,3,5,0,0.8262377381324768
357,2,2,1,0.7970169186592102
358,8,8,1,0.6961085796356201
359,0,0,1,0.9316647052764893
360,9,9,1,0.9462376832962036
361,5,5,1,0.9436963200569153
362,8,8,1,0.9809945821762085
363,1,0,0,0.6959418058395386
364,9,9,1,0.9664368033409119
365,4,4,1,0.7636761665344238
366,1,1,1,0.850959062576294
367,3,3,1,0.8312597274780273
368,8,8,1,0.9299808144569397
369,1,1,1,0.9488738179206848
370,4,2,0,0.655681312084198
371,7,7,1,0.9516240954399109
372,9,9,1,0.9503117799758911
373,4,4,1,0.9243844747543335
374,2,2,1,0.8570132255554199
375,7,7,1,0.8843089938163757
376,0,3,0,0.6435995101928711
377,7,7,1,0.5493890047073364
378,0,0,1,0.5765166878700256
379,6,6,1,0.9373922348022461
380,6,6,1,0.9480682611465454
381,9,9,1,0.8442225456237793
382,0,0,1,0.983351469039917
383,9,0,0,0.5429352521896362
384,2,5,0,0.8389559984207153
385,8,8,1,0.7422592639923096
386,7,7,1,0.9602922201156616
387,2,7,0,0.584483802318573
388,2,5,0,0.9282131791114807
389,5,5,1,0.9164382219314575
390,1,1,1,0.9855033159255981
391,2,2,1,0.9278253316879272
392,6,6,1,0.9530842900276184
393,2,2,1,0.8283987641334534
394,9,9,1,0.7495332956314087
395,6,6,1,0.9428183436393738
396,2,3,0,0.8005998134613037
397,3,3,1,0.7739522457122803
398,0,0,1,0.8577011227607727
399,3,3,1,0.7227940559387207
400,9,9,1,0.9122478365898132
401,8,8,1,0.8577395677566528
402,7,7,1,0.9515161514282227
403,8,8,1,0.9626612663269043
404,8,8,1,0.9631274938583374
405,4,4,1,0.8770365118980408
406,0,0,1,0.9736328125
407,1,1,1,0.931153416633606
408,8,8,1,0.9422401785850525
409,2,2,1,0.8681640028953552
410,7,7,1,0.9152261018753052
411,9,9,1,0.5162272453308105
412,3,3,1,0.6308792233467102
413,6,6,1,0.8058962821960449
414,1,1,1,0.9482848644256592
415,9,9,1,0.9478839039802551
416,0,0,1,0.6081699728965759
417,7,7,1,0.6975255608558655
418,3,7,0,0.5469300150871277
419,7,7,1,0.6442742943763733
420,4,4,1,0.9303624033927917
421,5,5,1,0.8508452773094177
422,0,0,1,0.7181275486946106
423,0,0,1,0.8708092570304871
424,2,2,1,0.8749369382858276
425,9,9,1,0.9582384824752808
426,3,5,0,0.6734077334403992
427,4,3,0,0.5539674758911133
428,0,6,0,0.6360315680503845
429,6,6,1,0.9353779554367065
430,2,3,0,0.4956187307834625
431,5,5,1,0.869631826877594
432,3,3,1,0.8953153491020203
433,7,7,1,0.5157902240753174
434,3,3,1,0.7041286826133728
435,7,7,1,0.921794593334198
436,2,2,1,0.8604788184165955
437,5,5,1,0.8569545149803162
438,3,3,1,0.8637205958366394
439,1,9,0,0.9353247284889221
440,1,1,1,0.9252919554710388
441,4,4,1,0.9108343124389648
442,9,9,1,0.9503331184387207
443,9,9,1,0.9208860397338867
444,5,5,1,0.8053301572799683
445,7,7,1,0.8089954257011414
446,5,5,1,0.8559092879295349
447,0,0,1,0.9760565161705017
448,2,2,1,0.8660792112350464
449,2,2,1,0.7445201873779297
450,2,3,0,0.4990578889846802
451,9,9,1,0.9446690678596497
452,7,7,1,0.9392405152320862
453,3,3,1,0.855638325214386
454,9,9,1,0.9493473768234253
455,4,4,1,0.9158281683921814
456,3,4,0,0.8912686109542847
457,5,5,1,0.7708361744880676
458,4,4,1,0.7945376634597778
459,6,2,0,0.4618649482727051
460,5,5,1,0.9289306998252869
461,6,6,1,0.7724460363388062
462,1,1,1,0.8717827200889587
463,4,4,1,0.6837329864501953
464,3,3,1,0.8233529925346375
465,4,4,1,0.9469999074935913
466,4,4,1,0.9404464364051819
467,3,3,1,0.8813039660453796
468,7,7,1,0.8295397162437439
469,8,8,1,0.9461954236030579
470,3,5,0,0.6205664277076721
471,7,7,1,0.923815906047821
472,8,8,1,0.9891204237937927
473,0,0,1,0.5459569096565247
474,5,5,1,0.7928489446640015
475,7,7,1,0.9008184671401978
476,6,6,1,0.8040647506713867
477,0,0,1,0.7860913276672363
478,5,5,1,0.8674171566963196
479,4,4,1,0.8566942811012268
480,8,8,1,0.9034538269042969
481,6,6,1,0.9877009987831116
482,8,8,1,0.9766592979431152
483,5,5,1,0.8029462695121765
484,5,5,1,0.9422274827957153
485,9,8,0,0.5197373032569885
486,9,9,1,0.9683336019515991
487,9,9,1,0.9551325440406799
488,5,5,1,0.5250873565673828
489,0,0,1,0.9883676767349243
490,1,1,1,0.9790900945663452
491,0,0,1,0.8546732068061829
492,8,8,1,0.983710527420044
493,1,1,1,0.9812695384025574
494,1,1,1,0.9734706282615662
495,8,8,1,0.8948913812637329
496,0,0,1,0.8575205206871033
497,2,5,0,0.6977328658103943
498,2,2,1,0.8745169043540955
499,0,0,1,0.9494292140007019
500,4,6,0,0.6029448509216309
501,6,6,1,0.9062589406967163
502,5,3,0,0.710017740726471
503,4,4,1,0.8555957078933716
504,9,9,1,0.9248194694519043
505,4,4,1,0.9561468958854675
506,7,7,1,0.9617322683334351
507,9,9,1,0.8665800094604492
508,9,1,0,0.6278029084205627
509,4,4,1,0.936076819896698
510,5,5,1,0.9542631506919861
511,6,6,1,0.9609750509262085
512,6,6,1,0.9755876660346985
513,1,1,1,0.9661007523536682
514,5,5,1,0.9087396264076233
515,3,6,0,0.8059242963790894
516,8,8,1,0.9922330379486084
517,9,9,1,0.9689541459083557
518,5,3,0,0.7626888155937195
519,8,8,1,0.8906071186065674
520,5,5,1,0.6173773407936096
521,7,7,1,0.9704602360725403
522,0,0,1,0.7689191699028015
523,7,7,1,0.9102686047554016
524,0,8,0,0.7120075821876526
525,5,5,1,0.9148737192153931
526,0,4,0,0.5187561511993408
527,0,0,1,0.8347578644752502
528,4,4,1,0.8718184232711792
529,6,6,1,0.945823073387146
530,9,9,1,0.9552397131919861
531,0,8,0,0.4795759618282318
532,9,9,1,0.9305763244628906
533,5,5,1,0.9674309492111206
534,6,6,1,0.9288139343261719
535,6,6,1,0.943652868270874
536,6,6,1,0.9664705395698547
537,2,2,1,0.7241746187210083
538,9,9,1,0.6638588905334473
539,0,0,1,0.7300616502761841
540,1,1,1,0.8762359023094177
541,7,7,1,0.8870549201965332
542,6,6,1,0.9106072187423706
543,7,7,1,0.955082893371582
544,5,5,1,0.9553487300872803
545,9,9,1,0.9523241519927979
546,1,1,1,0.9803489446640015
547,6,6,1,0.9192695021629333
548,2,2,1,0.6000150442123413
549,5,3,0,0.6245402097702026
550,5,5,1,0.8336710929870605
551,5,3,0,0.6648424863815308
552,8,8,1,0.9425368309020996
553,5,5,1,0.8600884079933167
554,9,9,1,0.9636661410331726
555,4,4,1,0.9581680297851562
556,6,6,1,0.550521731376648
557,4,4,1,0.808912992477417
558,3,3,1,0.9056437015533447
559,2,2,1,0.9661813974380493
560,0,0,1,0.9553976655006409
561,7,7,1,0.9658970236778259
562,6,6,1,0.9092439413070679
563,2,2,1,0.5887304544448853
564,2,2,1,0.5940470695495605
565,3,5,0,0.9100881218910217
566,9,9,1,0.9201048612594604
567,7,7,1,0.8042446970939636
568,9,9,1,0.8137220740318298
569,2,2,1,0.5953707098960876
570,6,6,1,0.7240647077560425
571,7,7,1,0.9711806178092957
572,1,1,1,0.7619128823280334
573,3,3,1,0.8998509645462036
574,6,6,1,0.8717364072799683
575,6,6,1,0.9271702766418457
576,8,8,1,0.9910940527915955
577,9,8,0,0.7865259051322937
578,7,7,1,0.9346224665641785
579,5,5,1,0.9481410980224609
580,4,4,1,0.9460713267326355
581,0,8,0,0.6631017327308655
582,8,8,1,0.9875855445861816
583,4,4,1,0.8032333850860596
584,0,0,1,0.9969225525856018
585,9,9,1,0.7156997323036194
586,3,3,1,0.8192869424819946
587,4,4,1,0.8040943145751953
588,8,8,1,0.9936209321022034
589,9,9,1,0.9339914917945862
590,6,6,1,0.9629313945770264
591,9,9,1,0.9276356101036072
592,2,2,1,0.9358322024345398
593,6,6,1,0.9334862232208252
594,1,1,1,0.960357666015625
595,4,4,1,0.9284318685531616
596,7,7,1,0.9810394644737244
597,3,3,1,0.780263364315033
598,5,3,0,0.563223123550415
599,3,3,1,0.8893846869468689
600,8,8,1,0.8661342859268188
601,5,5,1,0.907494843006134
602,0,0,1,0.8979598879814148
603,2,2,1,0.9426798820495605
604,1,1,1,0.9923452138900757
605,6,6,1,0.9487435221672058
606,4,4,1,0.9152061343193054
607,3,0,0,0.5111178755760193
608,3,3,1,0.8938422203063965
609,9,9,1,0.9564774632453918
610,6,6,1,0.9764109253883362
611,9,9,1,0.7013493180274963
612,8,8,1,0.9864724278450012
613,8,8,1,0.9799084067344666
614,5,5,1,0.9507498145103455
615,8,8,1,0.8109970092773438
616,6,6,1,0.8871541619300842
617,6,6,1,0.8704981803894043
618,2,2,1,0.8776382207870483
619,1,1,1,0.9805002212524414
620,7,7,1,0.9605725407600403
621,7,0,0,0.6921022534370422
622,1,1,1,0.9696027040481567
623,2,7,0,0.42088791728019714
624,7,7,1,0.9217978119850159
625,9,9,1,0.7361017465591431
626,9,9,1,0.9205414056777954
627,4,4,1,0.9639963507652283
628,4,4,1,0.899647057056427
629,1,1,1,0.8877946734428406
630,2,2,1,0.6159473657608032
631,5,5,1,0.7692732810974121
632,6,6,1,0.8262619972229004
633,8,8,1,0.9590199589729309
634,7,7,1,0.9295036792755127
635,6,6,1,0.8462254405021667
636,8,8,1,0.9948897957801819
637,3,3,1,0.6645005345344543
638,0,0,1,0.8781730532646179
639,5,5,1,0.8585988283157349
640,5,3,0,0.6600217819213867
641,3,3,1,0.639220118522644
642,0,0,1,0.7248692512512207
643,7,7,1,0.9495038390159607
644,9,9,1,0.8549544215202332
645,1,1,1,0.9652798771858215
646,3,3,1,0.9076921939849854
647,4,4,1,0.8391246795654297
648,4,4,1,0.9389553666114807
649,5,7,0,0.8185929656028748
650,3,3,1,0.9209557771682739
651,9,9,1,0.7095016241073608
652,5,5,1,0.9411733746528625
653,6,4,0,0.4412880837917328
654,9,9,1,0.9084299802780151
655,2,2,1,0.5092605948448181
656,1,1,1,0.9775381684303284
657,1,1,1,0.9541109204292297
658,4,4,1,0.8766649961471558
659,1,1,1,0.971238911151886
660,9,9,1,0.9455195665359497
661,4,4,1,0.7784869074821472
662,7,7,1,0.9794922471046448
663,6,6,1,0.9545127153396606
664,3,3,1,0.9378427863121033
665,8,8,1,0.5795032382011414
666,9,9,1,0.8688364028930664
667,0,0,1,0.909356951713562
668,1,1,1,0.9563984870910645
669,3,3,1,0.7822583913803101
670,6,6,1,0.9801472425460815
671,3,3,1,0.5884944200515747
672,6,4,0,0.4987175166606903
673,3,3,1,0.9728326797485352
674,2,2,1,0.7876322269439697
675,0,0,1,0.9207635521888733
676,3,4,0,0.8854201436042786
677,1,1,1,0.7846156358718872
678,0,0,1,0.4261515736579895
679,5,5,1,0.8733941316604614
680,9,9,1,0.8013778924942017
681,6,6,1,0.9483388066291809
682,4,4,1,0.6397632956504822
683,8,0,0,0.6386311650276184
684,9,9,1,0.9457770586013794
685,6,4,0,0.8305984735488892
686,9,9,1,0.9646981358528137
687,6,3,0,0.5688456892967224
688,3,3,1,0.9126539826393127
689,0,0,1,0.7251845598220825
690,3,3,1,0.8420048356056213
691,2,2,1,0.9572041034698486
692,2,0,0,0.8237290382385254
693,7,7,1,0.9532920718193054
694,8,8,1,0.9709461331367493
695,3,3,1,0.9559792876243591
696,8,8,1,0.8224080801010132
697,2,2,1,0.8554267883300781
698,7,7,1,0.9375
699,5,5,1,0.9286834001541138
700,7,7,1,0.8904798030853271
701,2,2,1,0.6696712374687195
702,4,4,1,0.8291364908218384
703,8,8,1,0.9494549632072449
704,7,7,1,0.7827884554862976
705,4,4,1,0.9447750449180603
706,2,2,1,0.9531041383743286
707,9,9,1,0.9424750804901123
708,8,8,1,0.9208663105964661
709,8,8,1,0.9891005754470825
710,6,6,1,0.7607995867729187
711,8,8,1,0.6871204972267151
712,8,8,1,0.9857459664344788
713,7,7,1,0.8441823720932007
714,4,4,1,0.9341603517532349
715,3,3,1,0.7109964489936829
716,3,3,1,0.9103138446807861
717,8,8,1,0.9625945687294006
718,4,4,1,0.8897215127944946
719,9,9,1,0.8705690503120422
720,4,4,1,0.8059886693954468
721,8,8,1,0.9187549352645874
722,8,8,1,0.9700800180435181
723,1,1,1,0.9558932185173035
724,8,8,1,0.8794829845428467
725,2,8,0,0.5075811743736267
726,1,1,1,0.8764135241508484
727,3,3,1,0.7677015066146851
728,6,6,1,0.9045571088790894
729,5,5,1,0.9171019196510315
730,4,5,0,0.6533298492431641
731,2,0,0,0.5845588445663452
732,7,7,1,0.9622477293014526
733,9,9,1,0.9203652739524841
734,9,1,0,0.6187039613723755
735,4,4,1,0.582472562789917
736,1,1,1,0.7981838583946228
737,4,0,0,0.5847363471984863
738,1,1,1,0.9725366234779358
739,3,7,0,0.566299557685852
740,2,5,0,0.7954836487770081
741,7,7,1,0.9533374905586243
742,0,0,1,0.8723176121711731
743,7,7,1,0.9419144988059998
744,9,9,1,0.6653196811676025
745,7,7,1,0.9245117902755737
746,6,5,0,0.6343874335289001
747,6,6,1,0.9281185269355774
748,2,2,1,0.944303572177887
749,5,3,0,0.7666862607002258
750,9,9,1,0.9430410861968994
751,2,0,0,0.8572664856910706
752,9,9,1,0.8651148676872253
753,1,1,1,0.9804020524024963
754,2,2,1,0.9188625812530518
755,2,2,1,0.6487572193145752
756,6,6,1,0.9327107667922974
757,8,8,1,0.9561576843261719
758,2,2,1,0.967251718044281
759,1,1,1,0.9888395667076111
760,3,3,1,0.7463135719299316
761,6,5,0,0.5447881817817688
762,6,6,1,0.8979513049125671
763,0,0,1,0.9311335682868958
764,1,1,1,0.9494768381118774
765,2,2,1,0.9738990664482117
766,7,7,1,0.6724374890327454
767,0,9,0,0.7770922780036926
768,5,5,1,0.8525405526161194
769,4,4,1,0.9557061791419983
770,6,4,0,0.5088221430778503
771,1,8,0,0.6159136891365051
772,6,6,1,0.9911761283874512
773,4,6,0,0.6900699138641357
774,0,0,1,0.9827873110771179
775,2,2,1,0.7111989855766296
776,2,7,0,0.6221097707748413
777,6,6,1,0.9653372168540955
778,0,0,1,0.965093731880188
779,5,6,0,0.8054797649383545
780,9,9,1,0.9570143222808838
781,1,1,1,0.9791938066482544
782,7,7,1,0.9387932419776917
783,6,6,1,0.9675581455230713
784,7,7,1,0.8151445388793945
785,0,0,1,0.8870782256126404
786,3,3,1,0.8586668372154236
787,9,9,1,0.6075602173805237
788,6,6,1,0.9098025560379028
789,8,8,1,0.9920708537101746
790,3,0,0,0.643612802028656
791,0,0,1,0.8277631998062134
792,3,5,0,0.4085847735404968
793,4,5,0,0.7176209688186646
794,7,7,1,0.8223522901535034
795,7,7,1,0.6969367861747742
796,1,1,1,0.5249813199043274
797,4,4,1,0.9036638140678406
798,7,7,1,0.7465091347694397
799,2,6,0,0.6151708364486694
800,7,7,1,0.9670580625534058
801,1,1,1,0.9553494453430176
802,4,2,0,0.6090673804283142
803,7,7,1,0.9784678816795349
804,4,4,1,0.8606685400009155
805,4,4,1,0.9349945783615112
806,8,8,1,0.8776565790176392
807,4,4,1,0.838939368724823
808,7,7,1,0.7805483341217041
809,7,5,0,0.5248396992683411
810,5,2,0,0.6478638052940369
811,3,5,0,0.5953258275985718
812,7,7,1,0.954419732093811
813,2,2,1,0.9100098609924316
814,0,0,1,0.7017742991447449
815,8,8,1,0.958270251750946
816,9,9,1,0.9322090744972229
817,5,5,1,0.8018288612365723
818,8,8,1,0.7077513933181763
819,3,3,1,0.8480665683746338
820,6,6,1,0.7244786620140076
821,2,2,1,0.6312938332557678
822,0,0,1,0.9182876944541931
823,8,8,1,0.9661015868186951
824,7,7,1,0.9717007875442505
825,3,6,0,0.4128021001815796
826,7,3,0,0.6012247204780579
827,6,6,1,0.9655711650848389
828,5,4,0,0.7759889960289001
829,3,3,1,0.896791934967041
830,1,1,1,0.9385178089141846
831,3,8,0,0.9130462408065796
832,2,2,1,0.9298845529556274
833,2,5,0,0.6845751404762268
834,5,5,1,0.7918353080749512
835,4,5,0,0.8531039953231812
836,1,1,1,0.8778015375137329
837,2,2,1,0.8881286382675171
838,9,9,1,0.8952632546424866
839,2,2,1,0.9855118989944458
840,7,7,1,0.9466952085494995
841,0,0,1,0.8407984972000122
842,7,7,1,0.9716015458106995
843,2,2,1,0.9095728397369385
844,1,1,1,0.9494926333427429
845,3,2,0,0.4355854392051697
846,2,2,1,0.9402967095375061
847,0,0,1,0.9124996662139893
848,2,2,1,0.920401394367218
849,4,4,1,0.947620689868927
850,7,5,0,0.6515211462974548
851,9,9,1,0.8104334473609924
852,8,8,1,0.9685708284378052
853,9,1,0,0.8675937652587891
854,0,0,1,0.9873735904693604
855,7,7,1,0.8731071949005127
856,7,7,1,0.9407346844673157
857,0,0,1,0.9111635684967041
858,7,7,1,0.9656308889389038
859,8,8,1,0.8296663165092468
860,4,4,1,0.9427949786186218
861,6,6,1,0.9646121859550476
862,3,5,0,0.5447775721549988
863,3,3,1,0.8256264925003052
864,0,0,1,0.9455855488777161
865,1,1,1,0.9863029718399048
866,3,3,1,0.7757117748260498
867,7,7,1,0.7487362027168274
868,0,0,1,0.9306738972663879
869,1,9,0,0.6375934481620789
870,3,3,1,0.617558479309082
871,1,1,1,0.9963476061820984
872,4,4,1,0.49501872062683105
873,2,2,1,0.9339715242385864
874,3,3,1,0.9315708875656128
875,8,8,1,0.9413995146751404
876,4,4,1,0.9829659461975098
877,2,2,1,0.5602965950965881
878,3,3,1,0.8034811615943909
879,7,7,1,0.9350705146789551
880,8,8,1,0.9321469068527222
881,4,4,1,0.6817218661308289
882,3,0,0,0.7084601521492004
883,0,1,0,0.7600245475769043
884,9,9,1,0.821116030216217
885,0,8,0,0.6821978688240051
886,0,9,0,0.6104190945625305
887,1,8,0,0.6328475475311279
888,0,0,1,0.633588433265686
889,4,4,1,0.8254280686378479
890,4,4,1,0.778744101524353
891,6,6,1,0.9288796782493591
892,7,3,0,0.7252458333969116
893,6,3,0,0.9007667303085327
894,1,1,1,0.9436174035072327
895,1,1,1,0.9358935356140137
896,3,3,1,0.9554939866065979
897,7,7,1,0.9737539291381836
898,3,7,0,0.7419317364692688
899,5,5,1,0.9265025854110718
900,2,2,1,0.7593160271644592
901,6,6,1,0.8443142175674438
902,6,6,1,0.9897658824920654
903,5,5,1,0.9342570304870605
904,8,8,1,0.875754714012146
905,7,7,1,0.7173507213592529
906,1,1,1,0.9641081690788269
907,6,6,1,0.9385790228843689
908,8,8,1,0.9579158425331116
909,8,8,1,0.9403179287910461
910,5,5,1,0.6585734486579895
911,3,3,1,0.9125826954841614
912,0,7,0,0.5318123698234558
913,4,4,1,0.9255205392837524
914,0,9,0,0.8568138480186462
915,1,1,1,0.9676446914672852
916,3,3,1,0.6527227759361267
917,8,8,1,0.9650605320930481
918,8,8,1,0.9884517192840576
919,0,0,1,0.8767486810684204
920,6,6,1,0.9176458120346069
921,9,9,1,0.9706071615219116
922,9,9,1,0.4266427159309387
923,9,9,1,0.8488180637359619
924,5,5,1,0.4881892800331116
925,5,3,0,0.8816396594047546
926,8,2,0,0.7194793224334717
927,6,6,1,0.7633177638053894
928,0,0,1,0.8394821882247925
929,0,0,1,0.8320088386535645
930,4,4,1,0.9387609958648682
931,2,2,1,0.9646051526069641
932,3,3,1,0.7928512096405029
933,2,3,0,0.5774880051612854
934,7,7,1,0.9604668021202087
935,2,2,1,0.6904866695404053
936,2,2,1,0.9045965671539307
937,5,5,1,0.8928418159484863
938,9,9,1,0.928051769733429
939,8,8,1,0.8902754783630371
940,9,9,1,0.9208810329437256
941,1,1,1,0.8183336853981018
942,7,7,1,0.9416280388832092
943,4,2,0,0.49631446599960327
944,0,0,1,0.8673487305641174
945,3,3,1,0.8998903036117554
946,0,0,1,0.7838500142097473
947,1,1,1,0.9542668461799622
948,3,3,1,0.629532516002655
949,8,8,1,0.9771013855934143
950,3,7,0,0.570152759552002
951,9,9,1,0.9328169226646423
952,6,6,1,0.8933149576187134
953,1,1,1,0.7131394743919373
954,4,4,1,0.9355988502502441
955,7,7,1,0.9642460942268372
956,0,0,1,0.8110268712043762
957,3,5,0,0.6233513951301575
958,7,7,1,0.9216925501823425
959,8,8,1,0.9804927110671997
960,9,9,1,0.9482754468917847
961,1,1,1,0.8470197916030884
962,1,1,1,0.9615264534950256
963,6,6,1,0.9272438287734985
964,6,6,1,0.8926334381103516
965,6,6,1,0.6196744441986084
966,6,6,1,0.798453688621521
967,9,9,1,0.879253089427948
968,1,1,1,0.974855363368988
969,9,9,1,0.8947042226791382
970,9,9,1,0.8217692375183105
971,4,4,1,0.9709952473640442
972,2,6,0,0.585786759853363
973,1,1,1,0.9376336932182312
974,7,7,1,0.5885906219482422
975,0,0,1,0.9524387121200562
976,6,6,1,0.7188069820404053
977,8,8,1,0.9337395429611206
978,1,1,1,0.4007319509983063
979,9,9,1,0.9129799604415894
980,2,2,1,0.9574874639511108
981,9,9,1,0.8990646004676819
982,0,5,0,0.6418563723564148
983,4,4,1,0.9474518895149231
984,7,7,1,0.9561523199081421
985,8,8,1,0.9755737781524658
986,3,3,1,0.7976826429367065
987,1,1,1,0.9828404188156128
988,2,2,1,0.6768549084663391
989,0,0,1,0.911283552646637
990,1,1,1,0.974482536315918
991,5,7,0,0.7342517375946045
992,8,8,1,0.9163453578948975
993,4,7,0,0.7749226689338684
994,6,3,0,0.5534055829048157
995,3,3,1,0.7068355083465576
996,8,8,1,0.8588714599609375
997,1,1,1,0.9501186013221741
998,3,3,1,0.9446633458137512
999,8,8,1,0.9554573893547058
1000,5,5,1,0.9498247504234314
1001,0,0,1,0.8644121289253235
1002,8,1,0,0.48933231830596924
1003,4,4,1,0.951567530632019
1004,8,8,1,0.9310535192489624
1005,1,1,1,0.9374319911003113
1006,1,1,1,0.9551159143447876
1007,8,8,1,0.9909648299217224
1008,9,9,1,0.8837448954582214
1009,6,6,1,0.6396623253822327
1010,0,0,1,0.9937445521354675
1011,8,8,1,0.9783278107643127
1012,6,6,1,0.7781779170036316
1013,1,1,1,0.9733487367630005
1014,3,3,1,0.8138522505760193
1015,4,4,1,0.9799023270606995
1016,1,1,1,0.815445065498352
1017,6,6,1,0.9737403392791748
1018,0,0,1,0.9303649663925171
1019,5,5,1,0.7084718942642212
1020,1,1,1,0.9520857334136963
1021,1,9,0,0.7242550849914551
1022,0,0,1,0.8203915357589722
1023,0,0,1,0.9721348881721497
1024,3,3,1,0.7709347009658813
1025,5,5,1,0.9400827288627625
1026,0,0,1,0.8967105150222778
1027,0,0,1,0.9409863948822021
1028,6,6,1,0.9322459697723389
1029,6,6,1,0.9681379795074463
1030,3,3,1,0.9545080661773682
1031,3,3,1,0.871647298336029
1032,6,7,0,0.5408454537391663
1033,3,3,1,0.8882807493209839
1034,6,3,0,0.7006345391273499
1035,6,4,0,0.5892899632453918
1036,0,0,1,0.7851570844650269
1037,7,7,1,0.9324739575386047
1038,2,2,1,0.9339348673820496
1039,2,5,0,0.4412795603275299
1040,7,5,0,0.7180935740470886
1041,5,5,1,0.9078109860420227
1042,5,5,1,0.574411153793335
1043,2,4,0,0.5061591863632202
1044,8,8,1,0.9418125748634338
1045,5,5,1,0.9030808210372925
1046,2,2,1,0.8941861987113953
1047,1,1,1,0.9213715195655823
1048,1,1,1,0.6568881869316101
1049,4,1,0,0.8612279891967773
1050,3,7,0,0.8545238375663757
1051,2,6,0,0.5977990031242371
1052,0,0,1,0.9715849757194519
1053,3,3,1,0.7889241576194763
1054,1,1,1,0.9136978983879089
1055,5,5,1,0.9504997134208679
1056,3,5,0,0.6191639304161072
1057,7,7,1,0.7936317920684814
1058,6,3,0,0.4809027314186096
1059,8,8,1,0.9880382418632507
1060,9,9,1,0.9559019804000854
1061,1,1,1,0.8857126832008362
1062,6,6,1,0.8288400173187256
1063,4,4,1,0.9659745097160339
1064,9,9,1,0.7348437309265137
1065,3,3,1,0.7492396831512451
1066,9,1,0,0.7055716514587402
1067,0,0,1,0.8621830344200134
1068,9,9,1,0.9581693410873413
1069,6,6,1,0.9483439922332764
1070,3,3,1,0.7366976141929626
1071,6,6,1,0.9884505271911621
1072,0,8,0,0.7400341629981995
1073,7,7,1,0.9669807553291321
1074,3,6,0,0.643174946308136
1075,8,8,1,0.6555848121643066
1076,0,8,0,0.491671085357666
1077,0,0,1,0.9964599609375
1078,0,0,1,0.773446798324585
1079,6,6,1,0.9421141743659973
1080,6,6,1,0.8748530149459839
1081,6,6,1,0.9389137625694275
1082,9,9,1,0.7900061011314392
1083,2,2,1,0.9294635057449341
1084,5,5,1,0.8794198036193848
1085,4,4,1,0.8781960606575012
1086,4,4,1,0.9238075017929077
1087,6,6,1,0.7545890808105469
1088,3,5,0,0.6217978000640869
1089,6,6,1,0.9508010149002075
1090,0,0,1,0.7818434238433838
1091,8,8,1,0.9555031657218933
1092,6,6,1,0.9184098243713379
1093,0,5,0,0.5722273588180542
1094,6,6,1,0.6049852967262268
1095,2,6,0,0.742595911026001
1096,7,7,1,0.9381478428840637
1097,5,2,0,0.5325227975845337
1098,1,1,1,0.9557704925537109
1099,2,2,1,0.94468092918396
1100,7,3,0,0.4738491177558899
1101,8,8,1,0.9166213274002075
1102,8,8,1,0.9791837930679321
1103,0,0,1,0.9136136770248413
1104,9,9,1,0.9320324659347534
1105,4,3,0,0.783909261226654
1106,9,9,1,0.9474478363990784
1107,7,1,0,0.7041246294975281
1108,2,2,1,0.9220244884490967
1109,0,0,1,0.633536159992218
1110,2,2,1,0.9309403896331787
1111,8,8,1,0.9633764028549194
1112,3,3,1,0.7342168092727661
1113,8,8,1,0.9413802623748779
1114,9,9,1,0.9209499359130859
1115,1,1,1,0.9665704965591431
1116,5,5,1,0.9462820887565613
1117,5,5,1,0.8563829660415649
1118,4,7,0,0.8636304140090942
1119,7,7,1,0.9496275782585144
1120,5,2,0,0.6475076079368591
1121,3,5,0,0.504654586315155
1122,8,8,1,0.9634972810745239
1123,3,3,1,0.8530815839767456
1124,3,3,1,0.8029760122299194
1125,6,6,1,0.8204750418663025
1126,2,0,0,0.9036790728569031
1127,8,8,1,0.9577319622039795
1128,4,5,0,0.7878351807594299
1129,3,2,0,0.583106279373169
1130,7,7,1,0.7456244230270386
1131,1,9,0,0.9119052886962891
1132,2,2,1,0.3925214409828186
1133,4,4,1,0.7164987921714783
1134,1,1,1,0.869830310344696
1135,6,3,0,0.7276966571807861
1136,9,9,1,0.9230576753616333
1137,0,8,0,0.5576834082603455
1138,5,3,0,0.49775832891464233
1139,8,8,1,0.9824093580245972
1140,6,6,1,0.947481632232666
1141,1,1,1,0.9617794156074524
1142,8,8,1,0.9734212160110474
1143,6,6,1,0.9593525528907776
1144,1,1,1,0.9487950801849365
1145,4,4,1,0.8049882650375366
1146,2,2,1,0.8548431396484375
1147,6,6,1,0.7303665280342102
1148,2,2,1,0.9498782157897949
1149,7,7,1,0.8729667663574219
1150,2,4,0,0.7932645678520203
1151,2,2,1,0.9264433979988098
1152,0,0,1,0.9450008869171143
1153,8,8,1,0.9494775533676147
1154,6,6,1,0.8775524497032166
1155,9,9,1,0.8484815955162048
1156,1,1,1,0.9693681597709656
1157,7,1,0,0.7522050142288208
1158,1,1,1,0.9567341208457947
1159,8,8,1,0.9260229468345642
1160,8,8,1,0.9845936298370361
1161,0,0,1,0.9722800254821777
1162,7,7,1,0.9447474479675293
1163,3,7,0,0.5852126479148865
1164,8,8,1,0.9411343932151794
1165,0,0,1,0.8744545578956604
1166,3,3,1,0.66685551404953
1167,4,4,1,0.712481677532196
1168,3,3,1,0.9200218319892883
1169,7,7,1,0.835207462310791
1170,7,7,1,0.9300575852394104
1171,9,9,1,0.9598967432975769
1172,2,2,1,0.570931613445282
1173,3,3,1,0.9141204953193665
1174,1,1,1,0.9859934449195862
1175,9,9,1,0.9349008798599243
1176,1,1,1,0.9788576364517212
1177,9,9,1,0.681949257850647
1178,6,2,0,0.7998698353767395
1179,3,3,1,0.7944830656051636
1180,3,3,1,0.6988065838813782
1181,3,3,1,0.7268474102020264
1182,1,1,1,0.9833581447601318
1183,0,0,1,0.7598282098770142
1184,6,6,1,0.8919222354888916
1185,1,1,1,0.8956289291381836
1186,4,4,1,0.9614957571029663
1187,1,1,1,0.9855816960334778
1188,0,0,1,0.9745199084281921
1189,0,0,1,0.9740787744522095
1190,1,1,1,0.9329387545585632
1191,1,1,1,0.8670446276664734
1192,6,6,1,0.6678244471549988
1193,5,5,1,0.8341261744499207
1194,4,4,1,0.9168891906738281
1195,6,6,1,0.9275246262550354
1196,2,2,1,0.9685171842575073
1197,0,0,1,0.9720784425735474
1198,7,7,1,0.963778555393219
1199,9,9,1,0.9008128643035889
1200,8,8,1,0.7269055843353271
1201,7,5,0,0.6800094842910767
1202,2,2,1,0.8566285371780396
1203,0,0,1,0.7715312838554382
1204,6,6,1,0.9593443274497986
1205,8,8,1,0.8714252710342407
1206,1,1,1,0.977762758731842
1207,4,8,0,0.5008801817893982
1208,3,3,1,0.36064133048057556
1209,7,7,1,0.9550430774688721
1210,0,0,1,0.9810895919799805
1211,6,6,1,0.9198726415634155
1212,1,1,1,0.991313636302948
1213,8,8,1,0.9660905003547668
1214,5,5,1,0.9673346281051636
1215,7,7,1,0.913618803024292
1216,8,8,1,0.9856715202331543
1217,4,4,1,0.7733122110366821
1218,8,8,1,0.9276748299598694
1219,3,3,1,0.8613044023513794
1220,9,9,1,0.9182710647583008
1221,9,9,1,0.9045042991638184
1222,9,1,0,0.8267714977264404
1223,8,8,1,0.9720455408096313
1224,7,4,0,0.6052389144897461
1225,6,6,1,0.8917496800422668
1226,6,6,1,0.9223774075508118
1227,3,5,0,0.9160414934158325
1228,5,5,1,0.6584618091583252
1229,1,1,1,0.9565967321395874
1230,5,3,0,0.9338275194168091
1231,9,9,1,0.9553358554840088
1232,1,1,1,0.983410120010376
1233,4,4,1,0.9521194100379944
1234,1,1,1,0.9571704268455505
1235,5,5,1,0.9704490900039673
1236,7,7,1,0.6527258157730103
1237,0,0,1,0.8879168629646301
1238,1,1,1,0.955125093460083
1239,5,5,1,0.7402380704879761
1240,2,2,1,0.7158549427986145
1241,0,0,1,0.6829947233200073
1242,8,8,1,0.9119694828987122
1243,8,8,1,0.9481599926948547
1244,5,3,0,0.7462664246559143
1245,6,6,1,0.7355421781539917
1246,7,5,0,0.7359064817428589
1247,3,2,0,0.6448124051094055
1248,2,4,0,0.8995558619499207
1249,4,4,1,0.8273522257804871
1250,7,7,1,0.8365315198898315
1251,2,2,1,0.8707150220870972
1252,5,5,1,0.9242991209030151
1253,8,8,1,0.9193214178085327
1254,2,2,1,0.67740398645401
1255,4,4,1,0.9582891464233398
1256,9,9,1,0.6076180338859558
1257,2,2,1,0.9298019409179688
1258,1,1,1,0.8805949687957764
1259,8,8,1,0.9785800576210022
1260,1,1,1,0.9724801182746887
1261,9,1,0,0.702293336391449
1262,8,8,1,0.8360934257507324
1263,8,8,1,0.9214154481887817
1264,8,8,1,0.9276977777481079
1265,9,1,0,0.8800698518753052
1266,0,0,1,0.5802307724952698
1267,4,4,1,0.9414336681365967
1268,3,3,1,0.6795087456703186
1269,3,3,1,0.6805395483970642
1270,1,1,1,0.9413648843765259
1271,8,8,1,0.9943637251853943
1272,4,4,1,0.7802298665046692
1273,6,6,1,0.9207963347434998
1274,3,3,1,0.9439119696617126
1275,3,3,1,0.8839272260665894
1276,5,9,0,0.4912041425704956
1277,2,2,1,0.8365789651870728
1278,2,2,1,0.86203533411026
1279,8,8,1,0.6317560076713562
1280,3,3,1,0.857957661151886
1281,8,8,1,0.961767315864563
1282,9,9,1,0.9608019590377808
1283,5,5,1,0.9321854710578918
1284,8,8,1,0.7528780102729797
1285,9,9,1,0.9024490118026733
1286,8,8,1,0.9289478659629822
1287,9,9,1,0.927869975566864
1288,1,1,1,0.987306535243988
1289,6,6,1,0.9714232087135315
1290,5,5,1,0.7235767841339111
1291,9,9,1,0.962716281414032
1292,4,4,1,0.8087496161460876
1293,4,4,1,0.8129487633705139
1294,8,8,1,0.80584716796875
1295,0,0,1,0.9112043976783752
1296,7,7,1,0.7419413328170776
1297,2,0,0,0.8955148458480835
1298,9,9,1,0.9413301348686218
1299,7,7,1,0.8690864443778992
1300,4,3,0,0.4399544298648834
1301,1,1,1,0.9829589128494263
1302,6,6,1,0.5524234771728516
1303,4,6,0,0.7360706925392151
1304,4,4,1,0.619382917881012
1305,9,9,1,0.9479089975357056
1306,1,1,1,0.5008631944656372
1307,2,0,0,0.8494468927383423
1308,5,5,1,0.6159335374832153
1309,6,6,1,0.818031907081604
1310,0,0,1,0.8776335716247559
1311,8,8,1,0.9773826599121094
1312,6,6,1,0.9502263069152832
1313,1,1,1,0.987825870513916
1314,9,9,1,0.9472996592521667
1315,4,4,1,0.9211776256561279
1316,5,5,1,0.9673052430152893
1317,9,9,1,0.9553899765014648
1318,5,5,1,0.6958798170089722
1319,0,0,1,0.9520536065101624
1320,7,7,1,0.8906976580619812
1321,2,2,1,0.7420591115951538
1322,0,8,0,0.5252214074134827
1323,0,0,1,0.851726770401001
1324,4,4,1,0.8142273426055908
1325,2,4,0,0.903841495513916
1326,6,6,1,0.8773281574249268
1327,6,6,1,0.907069206237793
1328,5,5,1,0.8479636311531067
1329,5,5,1,0.9259724020957947
1330,2,2,1,0.6161780953407288
1331,8,8,1,0.9285621643066406
1332,1,1,1,0.8811658620834351
1333,7,7,1,0.8907532691955566
1334,3,2,0,0.6459589004516602
1335,1,1,1,0.948529839515686
1336,4,4,1,0.9501385688781738
1337,5,5,1,0.9204296469688416
1338,6,6,1,0.9637070298194885
1339,5,5,1,0.6522165536880493
1340,1,1,1,0.9612028002738953
1341,4,4,1,0.8904226422309875
1342,7,7,1,0.7275615334510803
1343,0,0,1,0.8790581822395325
1344,9,9,1,0.8828197121620178
1345,4,4,1,0.9597796201705933
1346,3,5,0,0.5130699872970581
1347,8,8,1,0.9879801869392395
1348,2,2,1,0.5055773258209229
1349,8,8,1,0.9805077910423279
1350,4,4,1,0.8869778513908386
1351,7,7,1,0.9422651529312134
1352,2,2,1,0.871860682964325
1353,3,8,0,0.7258760929107666
1354,1,1,1,0.9852388501167297
1355,5,5,1,0.7070798873901367
1356,2,2,1,0.6910139322280884
1357,9,9,1,0.911736249923706
1358,8,8,1,0.9732881784439087
1359,9,9,1,0.9540644884109497
1360,7,7,1,0.739424467086792
1361,9,9,1,0.9454235434532166
1362,5,5,1,0.9642918705940247
1363,1,1,1,0.9781482815742493
1364,4,4,1,0.9046109318733215
1365,0,0,1,0.948340892791748
1366,8,8,1,0.9754029512405396
1367,2,2,1,0.9557072520256042
1368,3,3,1,0.8063144087791443
1369,8,8,1,0.8720259070396423
1370,9,9,1,0.7979610562324524
1371,1,1,1,0.9629743099212646
1372,1,1,1,0.7490473985671997
1373,3,3,1,0.6565642356872559
1374,2,2,1,0.684711754322052
1375,4,4,1,0.943652868270874
1376,9,9,1,0.9360355734825134
1377,3,3,1,0.6982278823852539
1378,1,1,1,0.9648213982582092
1379,7,7,1,0.9421486854553223
1380,4,3,0,0.6529455780982971
1381,6,6,1,0.7271038293838501
1382,2,2,1,0.751859724521637
1383,8,8,1,0.9565162062644958
1384,9,9,1,0.9339470267295837
1385,5,5,1,0.9083159565925598
1386,3,3,1,0.9474940896034241
1387,9,9,1,0.9628469944000244
1388,5,3,0,0.8605411648750305
1389,5,5,1,0.7804256677627563
1390,6,6,1,0.881942868232727
1391,7,2,0,0.44915536046028137
1392,2,2,1,0.9613444805145264
1393,4,3,0,0.7099112272262573
1394,6,6,1,0.7075342535972595
1395,3,3,1,0.8837044835090637
1396,1,1,1,0.8905036449432373
1397,0,0,1,0.9218268990516663
1398,7,7,1,0.5819608569145203
1399,2,0,0,0.4473656415939331
1400,5,5,1,0.7415388226509094
1401,4,4,1,0.9185646176338196
1402,7,7,1,0.9566486477851868
1403,6,4,0,0.72826087474823
1404,1,1,1,0.9922946691513062
1405,1,1,1,0.9484716653823853
1406,9,9,1,0.9632289409637451
1407,8,8,1,0.9260832667350769
1408,1,1,1,0.7393434047698975
1409,0,0,1,0.8594139218330383
1410,1,1,1,0.9541494846343994
1411,3,3,1,0.8049913048744202
1412,1,1,1,0.9735873341560364
1413,1,1,1,0.9695469737052917
1414,1,1,1,0.9751240611076355
1415,7,7,1,0.9159093499183655
1416,3,3,1,0.7599918246269226
1417,9,9,1,0.8557810187339783
1418,6,2,0,0.7282922267913818
1419,8,8,1,0.9916698336601257
1420,4,7,0,0.8948383927345276
1421,6,6,1,0.9189767241477966
1422,8,0,0,0.6530098915100098
1423,4,4,1,0.8589327931404114
1424,9,9,1,0.9486382007598877
1425,4,4,1,0.8628848195075989
1426,7,7,1,0.9609484672546387
1427,9,9,1,0.7237520217895508
1428,7,7,1,0.9216923117637634
1429,6,8,0,0.415206640958786
1430,8,8,1,0.8530625700950623
1431,4,4,1,0.8512635827064514
1432,9,9,1,0.950788140296936
1433,7,7,1,0.8071140050888062
1434,0,0,1,0.929984986782074
1435,1,1,1,0.7785398364067078
1436,6,6,1,0.8808549046516418
1437,1,1,1,0.972353458404541
1438,5,5,1,0.7332158088684082
1439,9,1,0,0.9492137432098389
1440,0,0,1,0.9190773367881775
1441,4,4,1,0.8533118367195129
1442,3,3,1,0.7245474457740784
1443,4,6,0,0.47129231691360474
1444,1,1,1,0.9357123374938965
1445,3,3,1,0.6799616813659668
1446,0,0,1,0.8244337439537048
1447,8,8,1,0.97991943359375
1448,4,4,1,0.9309924840927124
1449,6,6,1,0.9693614840507507
1450,2,3,0,0.573387622833252
1451,2,2,1,0.8820319771766663
1452,6,6,1,0.9213099479675293
1453,5,5,1,0.7559840679168701
1454,3,3,1,0.873883843421936
1455,6,6,1,0.9395506978034973
1456,2,2,1,0.5880985260009766
1457,1,1,1,0.9860281944274902
1458,1,1,1,0.9565812945365906
1459,8,8,1,0.9532107710838318
1460,6,6,1,0.9625751972198486
1461,0,0,1,0.841588020324707
1462,4,4,1,0.9258262515068054
1463,0,0,1,0.8811265230178833
1464,1,1,1,0.8452818393707275
1465,9,9,1,0.8563078045845032
1466,7,7,1,0.8986614346504211
1467,1,1,1,0.950685977935791
1468,3,3,1,0.9168663024902344
1469,7,7,1,0.7758892178535461
1470,7,5,0,0.7451472878456116
1471,8,8,1,0.8785688281059265
1472,7,7,1,0.8834889531135559
1473,7,7,1,0.9765744209289551
1474,3,7,0,0.8662539720535278
1475,9,9,1,0.931296706199646
1476,7,7,1,0.9723364114761353
1477,7,7,1,0.9348832964897156
1478,7,7,1,0.9174615740776062
1479,2,9,0,0.5966574549674988
1480,1,8,0,0.6909741759300232
1481,2,2,1,0.9163663387298584
1482,8,8,1,0.8094748258590698
1483,6,6,1,0.9744498133659363
1484,4,2,0,0.7888616919517517
1485,0,0,1,0.5847764611244202
1486,7,7,1,0.9428813457489014
1487,9,9,1,0.9188005328178406
1488,8,8,1,0.912325382232666
1489,6,6,1,0.78874272108078
1490,8,8,1,0.8956067562103271
1491,4,4,1,0.4679402709007263
1492,9,8,0,0.7821354269981384
1493,1,1,1,0.8544359803199768
1494,7,2,0,0.41007477045059204
1495,2,0,0,0.7839218974113464
1496,2,2,1,0.8643512725830078
1497,8,8,1,0.9786127209663391
1498,5,5,1,0.797166109085083
1499,8,8,1,0.947492778301239
1500,1,1,1,0.9191683530807495
1501,2,3,0,0.4989814758300781
1502,2,2,1,0.9684646725654602
1503,4,4,1,0.856188178062439
1504,1,1,1,0.7784807085990906
1505,2,2,1,0.7486495971679688
1506,5,4,0,0.7625313997268677
1507,2,2,1,0.5984143614768982
1508,8,8,1,0.948704183101654
1509,1,1,1,0.7574656009674072
1510,8,8,1,0.4694158732891083
1511,1,1,1,0.975554883480072
1512,8,8,1,0.9508839249610901
1513,6,5,0,0.5824422240257263
1514,0,9,0,0.5915984511375427
1515,2,2,1,0.9075136780738831
1516,4,0,0,0.6435555815696716
1517,1,1,1,0.979055643081665
1518,3,3,1,0.9282931685447693
1519,6,6,1,0.9596412777900696
1520,7,7,1,0.9088259339332581
1521,7,7,1,0.8611275553703308
1522,4,4,1,0.956068217754364
1523,4,4,1,0.8711941838264465
1524,3,3,1,0.9290090799331665
1525,3,5,0,0.6782018542289734
1526,4,4,1,0.9495434761047363
1527,5,5,1,0.5429884195327759
1528,2,2,1,0.9156340956687927
1529,4,6,0,0.5039675831794739
1530,3,6,0,0.7591555118560791
1531,7,7,1,0.863069474697113
1532,8,8,1,0.9195049405097961
1533,4,4,1,0.5132786631584167
1534,4,4,1,0.9098030924797058
1535,4,4,1,0.797378659248352
1536,5,3,0,0.6585288643836975
1537,4,4,1,0.8439273238182068
1538,3,3,1,0.5418325066566467
1539,2,2,1,0.9650869965553284
1540,8,8,1,0.9558167457580566
1541,4,4,1,0.9604563117027283
1542,5,5,1,0.760765552520752
1543,5,5,1,0.8654861450195312
1544,4,4,1,0.7801926732063293
1545,1,9,0,0.8678037524223328
1546,4,4,1,0.9628311395645142
1547,2,0,0,0.898131787776947
1548,5,3,0,0.7309895753860474
1549,1,1,1,0.7891028523445129
1550,6,9,0,0.7565852999687195
1551,4,4,1,0.8716737627983093
1552,3,9,0,0.7470324039459229
1553,4,4,1,0.959034264087677
1554,4,5,0,0.6940719485282898
1555,0,0,1,0.9416531920433044
1556,8,8,1,0.8469277024269104
1557,8,8,1,0.975185215473175
1558,4,4,1,0.9767731428146362
1559,5,5,1,0.7599127888679504
1560,7,7,1,0.8569566011428833
1561,5,5,1,0.7208996415138245
1562,6,6,1,0.987495481967926
1563,9,9,1,0.9456002712249756
1564,1,1,1,0.9781322479248047
1565,6,6,1,0.912357747554779
1566,7,7,1,0.6836888790130615
1567,2,2,1,0.8072532415390015
1568,0,0,1,0.8337016105651855
1569,1,1,1,0.8780125975608826
1570,4,4,1,0.9142590761184692
1571,5,5,1,0.6166124939918518
1572,6,3,0,0.7891546487808228
1573,0,0,1,0.8799628019332886
1574,0,1,0,0.4699404835700989
1575,2,2,1,0.9428433179855347
1576,7,7,1,0.6693838834762573
1577,5,5,1,0.5854240655899048
1578,6,6,1,0.9464432001113892
1579,0,0,1,0.9209609031677246
1580,6,0,0,0.4868580400943756
1581,2,2,1,0.4897319972515106
1582,9,9,1,0.9500508308410645
1583,1,1,1,0.8839330077171326
1584,7,7,1,0.9387617111206055
1585,7,7,1,0.8770422339439392
1586,5,5,1,0.9493082165718079
1587,2,0,0,0.5101705193519592
1588,5,5,1,0.9449459910392761
1589,6,6,1,0.8592843413352966
1590,4,4,1,0.7256871461868286
1591,1,1,1,0.9620069861412048
1592,4,3,0,0.8356102705001831
1593,3,3,1,0.9052190184593201
1594,3,3,1,0.7224523425102234
1595,3,6,0,0.5195815563201904
1596,0,0,1,0.8707535266876221
1597,3,3,1,0.8890091180801392
1598,5,5,1,0.9714098572731018
1599,5,5,1,0.8987614512443542
1600,8,8,1,0.8200970888137817
1601,9,9,1,0.9508260488510132
1602,7,7,1,0.9014644622802734
1603,3,3,1,0.938072144985199
1604,1,1,1,0.9751845002174377
1605,3,7,0,0.5170435905456543
1606,3,3,1,0.6372735500335693
1607,3,3,1,0.8451192378997803
1608,4,4,1,0.7250861525535583
1609,4,4,1,0.9374881982803345
1610,2,4,0,0.5807504653930664
1611,3,3,1,0.9459390044212341
1612,3,3,1,0.9090065956115723
1613,8,8,1,0.8819988965988159
1614,1,1,1,0.9631015062332153
1615,7,7,1,0.7243233919143677
1616,7,7,1,0.9598699808120728
1617,0,0,1,0.9798480272293091
1618,7,3,0,0.5864228010177612
1619,4,4,1,0.9319843649864197
1620,5,5,1,0.8523000478744507
1621,1,1,1,0.9703603386878967
1622,4,4,1,0.8895437121391296
1623,2,2,1,0.9077102541923523
1624,4,4,1,0.9576420783996582
1625,3,3,1,0.9071192145347595
1626,9,9,1,0.7620877623558044
1627,9,9,1,0.9633403420448303
1628,4,2,0,0.6620912551879883
1629,9,9,1,0.9535218477249146
1630,9,9,1,0.9202906489372253
1631,1,1,1,0.9199771285057068
1632,8,9,0,0.5917896032333374
1633,1,1,1,0.7933220267295837
1634,6,6,1,0.944694459438324
1635,7,7,1,0.9649478793144226
1636,5,5,1,0.6001405119895935
1637,5,5,1,0.9266884922981262
1638,4,4,1,0.5242099761962891
1639,9,9,1,0.88673996925354
1640,7,7,1,0.9117622971534729
1641,6,6,1,0.6066036820411682
1642,5,5,1,0.9065695405006409
1643,9,9,1,0.9392815828323364
1644,2,2,1,0.4054352343082428
1645,4,4,1,0.9403023719787598
1646,0,0,1,0.9712475538253784
1647,7,7,1,0.9616087675094604
1648,8,8,1,0.9436120986938477
1649,5,5,1,0.7940630912780762
1650,5,5,1,0.9618432521820068
1651,0,0,1,0.8788732886314392
1652,0,0,1,0.8670263290405273
1653,9,9,1,0.9184746146202087
1654,9,9,1,0.9462553858757019
1655,8,8,1,0.9332635998725891
1656,2,2,1,0.7463864684104919
1657,5,5,1,0.9558202028274536
1658,4,4,1,0.9364226460456848
1659,8,8,1,0.9928096532821655
1660,3,3,1,0.8784177899360657
1661,6,6,1,0.9288357496261597
1662,3,5,0,0.5751944780349731
1663,6,6,1,0.9533637166023254
1664,0,0,1,0.9754195809364319
1665,6,6,1,0.9822551012039185
1666,6,6,1,0.8618003726005554
1667,6,6,1,0.9454839825630188
1668,9,9,1,0.8407394886016846
1669,6,6,1,0.9456813335418701
1670,6,6,1,0.8021731972694397
1671,8,8,1,0.991213858127594
1672,6,6,1,0.954342782497406
1673,2,2,1,0.8905575275421143
1674,4,4,1,0.9351845979690552
1675,5,7,0,0.489648699760437
1676,8,8,1,0.8985836505889893
1677,1,1,1,0.9672680497169495
1678,2,2,1,0.8916112184524536
1679,7,7,1,0.961330771446228
1680,6,6,1,0.9516079425811768
1681,5,5,1,0.8493353724479675
1682,7,7,1,0.9409250617027283
1683,8,8,1,0.9380420446395874
1684,1,8,0,0.9552928805351257
1685,8,9,0,0.7017422318458557
1686,0,0,1,0.7395675182342529
1687,8,9,0,0.686382532119751
1688,6,6,1,0.9193838238716125
1689,9,9,1,0.9078896641731262
1690,2,2,1,0.6632928252220154
1691,8,8,1,0.9855266809463501
1692,9,9,1,0.9324904680252075
1693,4,8,0,0.8403245806694031
1694,0,0,1,0.9739817976951599
1695,9,9,1,0.9309396743774414
1696,4,4,1,0.9247092008590698
1697,9,9,1,0.9203028678894043
1698,5,5,1,0.7404816746711731
1699,7,7,1,0.9637810587882996
1700,5,5,1,0.8704155683517456
1701,5,5,1,0.9288930892944336
1702,9,9,1,0.6706516146659851
1703,5,5,1,0.9313687682151794
1704,3,0,0,0.527134120464325
1705,0,0,1,0.913703978061676
1706,1,1,1,0.9692993760108948
1707,9,9,1,0.9573453664779663
1708,7,7,1,0.4742060601711273
1709,2,2,1,0.9168570041656494
1710,4,4,1,0.8978871703147888
1711,1,1,1,0.8661465644836426
1712,0,0,1,0.9913726449012756
1713,8,1,0,0.8371989727020264
1714,0,2,0,0.6447531580924988
1715,3,3,1,0.5823438763618469
1716,1,1,1,0.9617865681648254
1717,7,7,1,0.9082770943641663
1718,0,8,0,0.8416826128959656
1719,0,0,1,0.9421451687812805
1720,4,4,1,0.9150254726409912
1721,8,4,0,0.5218874216079712
1722,6,6,1,0.8389652967453003
1723,2,5,0,0.7462859153747559
1724,4,4,1,0.896024227142334
1725,0,0,1,0.9213022589683533
1726,0,0,1,0.995853841304779
1727,9,1,0,0.6164928078651428
1728,0,0,1,0.9703710079193115
1729,8,8,1,0.9924662709236145
1730,4,8,0,0.44519543647766113
1731,5,6,0,0.6683135628700256
1732,9,1,0,0.9182711243629456
1733,3,3,1,0.904005229473114
1734,9,9,1,0.8914993405342102
1735,0,0,1,0.8546714186668396
1736,5,5,1,0.8660243153572083
1737,6,5,0,0.43675801157951355
1738,5,5,1,0.8351675868034363
1739,0,9,0,0.6141088604927063
1740,1,1,1,0.9652206301689148
1741,4,5,0,0.7990447282791138
1742,8,8,1,0.991942822933197
1743,1,1,1,0.959857702255249
1744,0,0,1,0.9203621745109558
1745,5,7,0,0.8433243632316589
1746,2,4,0,0.6587036848068237
1747,1,1,1,0.9510242342948914
1748,0,0,1,0.9558904767036438
1749,2,5,0,0.7972863912582397
1750,8,8,1,0.903687059879303
1751,1,1,1,0.9238336086273193
1752,5,5,1,0.8828241229057312
1753,6,6,1,0.9040723443031311
1754,7,7,1,0.8562510013580322
1755,7,7,1,0.8576591610908508
1756,2,3,0,0.6592059135437012
1757,6,6,1,0.8842825293540955
1758,2,2,1,0.9381844997406006
1759,5,3,0,0.7597024440765381
1760,0,0,1,0.9222134351730347
1761,1,1,1,0.9836286902427673
1762,4,4,1,0.9554159045219421
1763,2,2,1,0.6741921305656433
1764,5,5,1,0.8316324353218079
1765,4,4,1,0.7338358163833618
1766,6,6,1,0.6651302576065063
1767,2,2,1,0.5641737580299377
1768,2,2,1,0.7377407550811768
1769,1,1,1,0.7461805939674377
1770,7,7,1,0.8053629994392395
1771,2,2,1,0.755422055721283
1772,8,0,0,0.44563040137290955
1773,5,5,1,0.9230483174324036
1774,5,5,1,0.9602713584899902
1775,3,3,1,0.9333797693252563
1776,0,0,1,0.9481140971183777
1777,4,4,1,0.6639654636383057
1778,8,8,1,0.962303638458252
1779,3,5,0,0.8855074644088745
1780,7,7,1,0.8539726138114929
1781,6,6,1,0.990516722202301
1782,3,3,1,0.6576759219169617
1783,8,8,1,0.9614965915679932
1784,1,1,1,0.9504245519638062
1785,0,0,1,0.9091704487800598
1786,1,1,1,0.951796293258667
1787,3,3,1,0.4155835509300232
1788,3,5,0,0.7463922500610352
1789,0,0,1,0.7089272737503052
1790,7,5,0,0.7795578837394714
1791,4,6,0,0.819815993309021
1792,9,9,1,0.9688924551010132
1793,5,5,1,0.7728303670883179
1794,3,3,1,0.8732343316078186
1795,6,6,1,0.7959235310554504
1796,0,0,1,0.9486247301101685
1797,1,1,1,0.9657224416732788
1798,4,4,1,0.838774561882019
1799,4,4,1,0.962549090385437
1800,4,4,1,0.8452314734458923
1801,4,4,1,0.9677386283874512
1802,2,2,1,0.924060046672821
1803,2,3,0,0.7978196740150452
1804,5,5,1,0.5034292936325073
1805,8,8,1,0.9667026400566101
1806,1,1,1,0.9562819004058838
1807,5,5,1,0.751686692237854
1808,9,9,1,0.9558765292167664
1809,8,8,1,0.9615194797515869
1810,1,1,1,0.9878298044204712
1811,1,1,1,0.812164843082428
1812,5,4,0,0.5842875838279724
1813,3,2,0,0.49407005310058594
1814,9,9,1,0.9011365175247192
1815,9,9,1,0.9405533075332642
1816,7,0,0,0.6667680144309998
1817,6,6,1,0.9333537220954895
1818,5,5,1,0.9249449968338013
1819,0,0,1,0.8285613656044006
1820,8,8,1,0.9264668822288513
1821,4,6,0,0.7194026112556458
1822,7,7,1,0.5154711604118347
1823,0,7,0,0.711447536945343
1824,9,9,1,0.9620276093482971
1825,2,2,1,0.9863851070404053
1826,8,8,1,0.9780958294868469
1827,4,4,1,0.8110162615776062
1828,7,7,1,0.7456580996513367
1829,1,1,1,0.719177782535553
1830,3,3,1,0.6211769580841064
1831,9,9,1,0.9201827049255371
1832,6,6,1,0.8828020095825195
1833,8,8,1,0.9495819211006165
1834,9,9,1,0.9371493458747864
1835,0,4,0,0.7762928009033203
1836,4,4,1,0.9462468028068542
1837,9,9,1,0.7889736294746399
1838,6,2,0,0.4456319808959961
1839,7,7,1,0.9672530293464661
1840,8,8,1,0.9310356378555298
1841,9,1,0,0.7515639066696167
1842,4,4,1,0.9250749945640564
1843,8,8,1,0.9497231841087341
1844,9,9,1,0.9547971487045288
1845,7,7,1,0.8983256816864014
1846,2,2,1,0.9534003138542175
1847,5,5,1,0.5524797439575195
1848,3,3,1,0.9062642455101013
1849,7,7,1,0.963026225566864
1850,1,0,0,0.4963023364543915
1851,0,0,1,0.879749596118927
1852,2,0,0,0.726475179195404
1853,9,9,1,0.9565710425376892
1854,5,5,1,0.8746479749679565
1855,5,5,1,0.9003844261169434
1856,8,8,1,0.9619894623756409
1857,5,5,1,0.9697988629341125
1858,4,7,0,0.7194887399673462
1859,2,2,1,0.9592660665512085
1860,8,8,1,0.881264328956604
1861,3,3,1,0.8465262651443481
1862,5,4,0,0.9393478631973267
1863,5,5,1,0.5397186279296875
1864,7,7,1,0.9526308178901672
1865,7,7,1,0.8785208463668823
1866,8,8,1,0.9667134284973145
1867,6,6,1,0.690807580947876
1868,2,7,0,0.8011724948883057
1869,8,8,1,0.9737878441810608
1870,2,2,1,0.8876693844795227
1871,3,3,1,0.7902575731277466
1872,5,5,1,0.9086384773254395
1873,6,6,1,0.8778387308120728
1874,8,8,1,0.9631900191307068
1875,0,0,1,0.9654324650764465
1876,2,2,1,0.8757486939430237
1877,3,3,1,0.9484035968780518
1878,7,7,1,0.9645284414291382
1879,0,0,1,0.9522354006767273
1880,1,1,1,0.964471697807312
1881,9,9,1,0.923650860786438
1882,1,1,1,0.9615871906280518
1883,3,3,1,0.3977956771850586
1884,7,7,1,0.6169284582138062
1885,5,5,1,0.8289915919303894
1886,8,8,1,0.5423405766487122
1887,3,3,1,0.8928322196006775
1888,2,2,1,0.9324984550476074
1889,9,9,1,0.9227510690689087
1890,6,6,1,0.9373105764389038
1891,8,8,1,0.9582121968269348
1892,6,3,0,0.7345954179763794
1893,9,9,1,0.9445418119430542
1894,3,3,1,0.9723449945449829
1895,8,0,0,0.7751129269599915
1896,9,9,1,0.6882275938987732
1897,8,8,1,0.9559154510498047
1898,0,0,1,0.6010497212409973
1899,7,7,1,0.9589777588844299
1900,8,8,1,0.9913792610168457
1901,5,5,1,0.9522501230239868
1902,0,2,0,0.5663185119628906
1903,0,0,1,0.8544214367866516
1904,1,1,1,0.9794801473617554
1905,3,6,0,0.6840523481369019
1906,9,5,0,0.5161592960357666
1907,1,1,1,0.9673495292663574
1908,5,5,1,0.7456830739974976
1909,3,3,1,0.5139564871788025
1910,4,4,1,0.9544904828071594
1911,4,4,1,0.8549299836158752
1912,0,0,1,0.9509783983230591
1913,9,9,1,0.8383796811103821
1914,9,9,1,0.9403641223907471
1915,9,9,1,0.9710034132003784
1916,9,9,1,0.9210324883460999
1917,8,8,1,0.9176701903343201
1918,2,2,1,0.8374398350715637
1919,4,4,1,0.634465217590332
1920,2,2,1,0.9749130010604858
1921,2,2,1,0.71662837266922
1922,5,5,1,0.9152224063873291
1923,1,1,1,0.9734915494918823
1924,9,3,0,0.391908198595047
1925,1,1,1,0.9440534710884094
1926,0,0,1,0.7798554301261902
1927,9,9,1,0.7913070917129517
1928,4,4,1,0.780254065990448
1929,2,4,0,0.7972857356071472
1930,1,1,1,0.9796916842460632
1931,6,6,1,0.9248022437095642
1932,0,0,1,0.8446229100227356
1933,3,5,0,0.8129873871803284
1934,7,2,0,0.3984104096889496
1935,6,3,0,0.7277183532714844
1936,3,7,0,0.7165812849998474
1937,1,9,0,0.8484144806861877
1938,8,0,0,0.7554259300231934
1939,6,6,1,0.41653528809547424
1940,5,3,0,0.6313766837120056
1941,7,7,1,0.5822377800941467
1942,2,4,0,0.8484386801719666
1943,8,8,1,0.9612699747085571
1944,4,4,1,0.9237639307975769
1945,4,4,1,0.7564556002616882
1946,8,8,1,0.9766944646835327
1947,3,3,1,0.5725854635238647
1948,5,5,1,0.949198842048645
1949,0,0,1,0.8996198177337646
1950,5,5,1,0.8045112490653992
1951,7,7,1,0.9347718358039856
1952,4,4,1,0.937847375869751
1953,4,4,1,0.9228881597518921
1954,2,0,0,0.880608320236206
1955,2,2,1,0.7057346701622009
1956,7,7,1,0.9227920174598694
1957,3,9,0,0.43851128220558167
1958,6,6,1,0.675908088684082
1959,0,0,1,0.9191182851791382
1960,2,2,1,0.824340283870697
1961,7,7,1,0.9132038354873657
1962,6,6,1,0.9656882286071777
1963,2,2,1,0.9133971929550171
1964,3,3,1,0.9476522207260132
1965,0,0,1,0.7860958576202393
1966,7,7,1,0.9415180683135986
1967,7,7,1,0.9484343528747559
1968,8,8,1,0.9393366575241089
1969,1,9,0,0.886914849281311
1970,1,1,1,0.9534925222396851
1971,4,4,1,0.8141533732414246
1972,6,6,1,0.785553514957428
1973,0,0,1,0.903403103351593
1974,6,6,1,0.9420022368431091
1975,6,6,1,0.7337902188301086
1976,5,5,1,0.9371657967567444
1977,5,5,1,0.8912250399589539
1978,6,6,1,0.9443559050559998
1979,3,3,1,0.7432754039764404
1980,9,9,1,0.9361044764518738
1981,3,3,1,0.7799108624458313
1982,6,6,1,0.9708842039108276
1983,8,7,0,0.6219626069068909
1984,7,7,1,0.9448679089546204
1985,6,6,1,0.8308869004249573
1986,4,4,1,0.8386494517326355
1987,9,9,1,0.9500628113746643
1988,5,5,1,0.9162487387657166
1989,6,6,1,0.6623883843421936
1990,4,7,0,0.5985066890716553
1991,1,1,1,0.9825754761695862
1992,6,6,1,0.9799034595489502
1993,3,3,1,0.8474256992340088
1994,8,8,1,0.753140926361084
1995,2,2,1,0.9003413915634155
1996,3,5,0,0.8277248740196228
1997,9,9,1,0.9486834406852722
1998,8,8,1,0.5775633454322815
1999,5,5,1,0.9676257967948914
2000,1,1,1,0.9167367815971375
2001,5,5,1,0.6923550367355347
2002,4,4,1,0.5832960605621338
2003,5,5,1,0.7626531720161438
2004,7,7,1,0.9748252630233765
2005,5,5,1,0.7604445815086365
2006,7,7,1,0.9740607738494873
2007,8,8,1,0.641394853591919
2008,9,9,1,0.9162542223930359
2009,1,1,1,0.9666643738746643
2010,7,3,0,0.6626713275909424
2011,2,2,1,0.924988329410553
2012,5,5,1,0.9232557415962219
2013,6,6,1,0.7580795884132385
2014,8,8,1,0.9706063866615295
2015,4,4,1,0.829525887966156
2016,6,6,1,0.8432794809341431
2017,5,5,1,0.5499815940856934
2018,3,3,1,0.5513535737991333
2019,9,9,1,0.6884968280792236
2020,9,9,1,0.9357642531394958
2021,8,8,1,0.8573528528213501
2022,5,5,1,0.7679654955863953
2023,5,5,1,0.8596218228340149
2024,6,6,1,0.7994768619537354
2025,4,4,1,0.9541603922843933
2026,5,5,1,0.8214414119720459
2027,9,3,0,0.7421841025352478
2028,7,7,1,0.9369727373123169
2029,3,3,1,0.8011627197265625
2030,4,4,1,0.9254361391067505
2031,1,1,1,0.9788928031921387
2032,4,4,1,0.41816821694374084
2033,2,2,1,0.8680130243301392
2034,3,2,0,0.6930021047592163
2035,6,2,0,0.4554731845855713
2036,5,3,0,0.8066824674606323
2037,5,5,1,0.8878040909767151
2038,2,2,1,0.6226129531860352
2039,8,1,0,0.8159153461456299
2040,0,0,1,0.8256112337112427
2041,0,0,1,0.8084502220153809
2042,1,1,1,0.983266294002533
2043,8,0,0,0.7883334755897522
2044,3,5,0,0.8428155183792114
2045,1,1,1,0.9521448612213135
2046,3,3,1,0.7720838189125061
2047,5,5,1,0.9140720963478088
2048,8,8,1,0.9857235550880432
2049,3,3,1,0.5973460674285889
2050,8,8,1,0.9535062313079834
2051,5,5,1,0.9026874899864197
2052,8,8,1,0.9163404107093811
2053,6,6,1,0.9470174908638
2054,3,3,1,0.8745823502540588
2055,5,5,1,0.9333527684211731
2056,5,5,1,0.9351795315742493
2057,5,5,1,0.9640111327171326
2058,0,0,1,0.8114564418792725
2059,9,9,1,0.5146179795265198
2060,5,5,1,0.8183051347732544
2061,5,4,0,0.6089105010032654
2062,7,7,1,0.8487555980682373
2063,1,1,1,0.9800381064414978
2064,8,8,1,0.9869720935821533
2065,2,4,0,0.5590388178825378
2066,2,2,1,0.820782482624054
2067,7,4,0,0.8269042372703552
2068,3,3,1,0.9347655177116394
2069,4,4,1,0.7264636158943176
2070,2,2,1,0.9754745364189148
2071,9,9,1,0.9472894072532654
2072,6,6,1,0.8503458499908447
2073,2,2,1,0.833677351474762
2074,2,2,1,0.9754519462585449
2075,4,4,1,0.8911149501800537
2076,3,3,1,0.8578400611877441
2077,0,0,1,0.9851329326629639
2078,2,5,0,0.482879102230072
2079,0,0,1,0.824353039264679
2080,1,1,1,0.8244709968566895
2081,3,3,1,0.7040957808494568
2082,2,2,1,0.9589675068855286
2083,2,5,0,0.7074449062347412
2084,7,7,1,0.9694236516952515
2085,0,0,1,0.5364372730255127
2086,1,1,1,0.95543372631073
2087,0,0,1,0.8597604036331177
2088,7,7,1,0.950188159942627
2089,7,7,1,0.8556802272796631
2090,2,7,0,0.6404269933700562
2091,0,3,0,0.4191042184829712
2092,1,1,1,0.9819998741149902
2093,6,6,1,0.9527453780174255
2094,5,5,1,0.8579512238502502
2095,0,0,1,0.7825959920883179
2096,2,9,0,0.6720257997512817
2097,2,2,1,0.952528178691864
2098,0,0,1,0.8760029077529907
2099,1,1,1,0.9750126004219055
2100,2,2,1,0.8857771158218384
2101,6,3,0,0.7056630253791809
2102,0,0,1,0.9097918272018433
2103,1,1,1,0.9180964827537537
2104,6,6,1,0.9448079466819763
2105,6,6,1,0.8779788613319397
2106,5,5,1,0.858812153339386
2107,3,3,1,0.8914949893951416
2108,4,4,1,0.7056373357772827
2109,0,0,1,0.9600417017936707
2110,0,0,1,0.8946988582611084
2111,9,1,0,0.7507712244987488
2112,1,1,1,0.5937371850013733
2113,0,0,1,0.9702898263931274
2114,2,2,1,0.8396904468536377
2115,5,5,1,0.9437384009361267
2116,9,9,1,0.9448887705802917
2117,7,7,1,0.9306221604347229
2118,8,8,1,0.9768198132514954
2119,6,6,1,0.9865349531173706
2120,4,4,1,0.6655781269073486
2121,6,6,1,0.3716420531272888
2122,0,0,1,0.9586842060089111
2123,2,2,1,0.690386950969696
2124,0,0,1,0.9460579752922058
2125,1,1,1,0.9195822477340698
2126,9,9,1,0.933430016040802
2127,2,5,0,0.4196363687515259
2128,4,6,0,0.6911216974258423
2129,9,9,1,0.9202927350997925
2130,0,0,1,0.8536264300346375
2131,7,7,1,0.903660774230957
2132,2,2,1,0.9441310167312622
2133,3,3,1,0.9162018299102783
2134,4,4,1,0.8856684565544128
2135,8,8,1,0.9677770137786865
2136,0,9,0,0.6098029613494873
2137,2,2,1,0.884044349193573
2138,6,6,1,0.9676003456115723
2139,8,8,1,0.9918611645698547
2140,9,9,1,0.9267666339874268
2141,7,5,0,0.6238531470298767
2142,1,1,1,0.8787179589271545
2143,9,9,1,0.9390284419059753
2144,3,3,1,0.8865674734115601
2145,7,4,0,0.7725870013237
2146,2,2,1,0.9529899954795837
2147,7,7,1,0.9453627467155457
2148,9,9,1,0.9408223628997803
2149,6,6,1,0.950046181678772
2150,9,9,1,0.937854528427124
2151,5,5,1,0.6419504880905151
2152,7,7,1,0.9643174409866333
2153,8,8,1,0.9629940986633301
2154,5,8,0,0.7945193648338318
2155,9,9,1,0.6607482433319092
2156,8,8,1,0.9925222992897034
2157,3,3,1,0.8500816822052002
2158,9,9,1,0.9347758293151855
2159,8,7,0,0.6650028228759766
2160,0,0,1,0.9277386665344238
2161,5,3,0,0.48640012741088867
2162,5,5,1,0.9522310495376587
2163,7,7,1,0.9513989090919495
2164,1,1,1,0.9825530648231506
2165,2,7,0,0.5449901223182678
2166,0,2,0,0.9193699359893799
2167,7,7,1,0.6978098154067993
2168,5,5,1,0.9422844052314758
2169,8,8,1,0.9138742089271545
2170,2,2,1,0.9558290243148804
2171,2,2,1,0.8978932499885559
2172,5,2,0,0.462430864572525
2173,3,3,1,0.8195613026618958
2174,9,9,1,0.8727920651435852
2175,3,5,0,0.8492589592933655
2176,1,1,1,0.74662184715271
2177,9,9,1,0.9296423196792603
2178,3,3,1,0.5402935743331909
2179,1,1,1,0.98030024766922
2180,4,4,1,0.3156105577945709
2181,3,3,1,0.8199281096458435
2182,4,4,1,0.9142066240310669
2183,4,4,1,0.9635157585144043
2184,9,9,1,0.9628556370735168
2185,0,0,1,0.8601982593536377
2186,9,8,0,0.7809709906578064
2187,5,5,1,0.7544362545013428
2188,9,9,1,0.962877094745636
2189,2,2,1,0.9780487418174744
2190,9,9,1,0.659994900226593
2191,4,7,0,0.5470706820487976
2192,0,0,1,0.7102769017219543
2193,2,0,0,0.8981151580810547
2194,8,8,1,0.990123987197876
2195,4,4,1,0.7925993800163269
2196,8,8,1,0.9890298843383789
2197,6,6,1,0.9318124651908875
2198,8,8,1,0.9106924533843994
2199,2,2,1,0.702910840511322
2200,0,0,1,0.8939826488494873
2201,5,5,1,0.9283166527748108
2202,9,9,1,0.9007390141487122
2203,6,6,1,0.9563736915588379
2204,9,9,1,0.9191063046455383
2205,5,5,1,0.7185224294662476
2206,1,1,1,0.9365332126617432
2207,3,3,1,0.8730344772338867
2208,4,4,1,0.9852834343910217
2209,4,4,1,0.6060847640037537
2210,2,0,0,0.8869044184684753
2211,7,7,1,0.8521087765693665
2212,2,2,1,0.8177636861801147
2213,4,6,0,0.8114094138145447
2214,4,6,0,0.5842868089675903
2215,0,0,1,0.8743892908096313
2216,2,7,0,0.851211428642273
2217,8,8,1,0.9818546772003174
2218,4,4,1,0.9640686511993408
2219,5,2,0,0.6095595955848694
2220,1,1,1,0.979220449924469
2221,2,2,1,0.7986329197883606
2222,6,6,1,0.7720924615859985
2223,8,8,1,0.9277827739715576
2224,1,1,1,0.981854259967804
2225,7,7,1,0.9556918144226074
2226,2,6,0,0.9398180842399597
2227,8,8,1,0.8705611824989319
2228,7,7,1,0.8901971578598022
2229,4,4,1,0.9434990882873535
2230,3,3,1,0.9557284116744995
2231,3,3,1,0.8686954975128174
2232,0,3,0,0.6685422658920288
2233,3,0,0,0.5572451949119568
2234,7,7,1,0.8531106114387512
2235,2,2,1,0.9300075769424438
2236,5,5,1,0.9346403479576111
2237,6,6,1,0.8756107091903687
2238,1,1,1,0.9421504139900208
2239,7,7,1,0.9412532448768616
2240,9,9,1,0.5856438279151917
2241,0,0,1,0.9369406700134277
2242,2,3,0,0.5350300669670105
2243,3,3,1,0.6119390726089478
2244,9,9,1,0.9470474123954773
2245,8,8,1,0.9937960505485535
2246,9,9,1,0.44725295901298523
2247,5,5,1,0.9539124369621277
2248,0,8,0,0.6978825330734253
2249,0,0,1,0.9000168442726135
2250,7,7,1,0.9135453104972839
2251,6,3,0,0.7979520559310913
2252,3,3,1,0.9296666979789734
2253,3,5,0,0.7726796269416809
2254,8,8,1,0.8869311213493347
2255,1,1,1,0.9032865762710571
2256,4,4,1,0.9024446606636047
2257,0,0,1,0.869221568107605
2258,1,1,1,0.9470261335372925
2259,5,5,1,0.8736758232116699
2260,4,4,1,0.8146151900291443
2261,3,3,1,0.9528873562812805
2262,2,4,0,0.780860424041748
2263,6,6,1,0.9398706555366516
2264,0,1,0,0.6565690636634827
2265,8,8,1,0.9851633906364441
2266,8,8,1,0.9502208232879639
2267,6,3,0,0.8188455700874329
2268,3,3,1,0.9387603998184204
2269,3,3,1,0.935133159160614
2270,2,3,0,0.7169868350028992
2271,9,9,1,0.8072623610496521
2272,7,7,1,0.8921741843223572
2273,5,5,1,0.5891374945640564
2274,1,1,1,0.9566575288772583
2275,6,6,1,0.9379591941833496
2276,0,0,1,0.8941307067871094
2277,5,5,1,0.756196141242981
2278,9,9,1,0.9556872844696045
2279,9,9,1,0.8298370838165283
2280,4,4,1,0.6163431406021118
2281,5,5,1,0.9513012170791626
2282,9,9,1,0.7565999031066895
2283,4,4,1,0.6591345071792603
2284,8,8,1,0.9304425716400146
2285,3,7,0,0.5696481466293335
2286,3,5,0,0.7302834987640381
2287,2,2,1,0.8331813216209412
2288,5,4,0,0.5431589484214783
2289,1,1,1,0.9633469581604004
2290,9,9,1,0.910822868347168
2291,5,5,1,0.9426366686820984
2292,5,5,1,0.8103189468383789
2293,8,1,0,0.6761170625686646
2294,1,9,0,0.8418657183647156
2295,8,8,1,0.9835367798805237
2296,9,9,1,0.9474534392356873
2297,7,7,1,0.9669010043144226
2298,0,2,0,0.753083348274231
2299,6,3,0,0.9136292934417725
2300,3,9,0,0.3862846791744232
2301,2,2,1,0.9429229497909546
2302,0,0,1,0.943233847618103
2303,2,2,1,0.9285153746604919
2304,6,6,1,0.8901862502098083
2305,9,2,0,0.5296725630760193
2306,3,3,1,0.804486095905304
2307,9,9,1,0.9715177416801453
2308,1,1,1,0.9727024435997009
2309,6,6,1,0.7422268390655518
2310,6,4,0,0.5326023697853088
2311,7,4,0,0.839949369430542
2312,2,2,1,0.9028107523918152
2313,6,2,0,0.4532305598258972
2314,3,3,1,0.7884219288825989
2315,2,2,1,0.9341925382614136
2316,5,6,0,0.6584596633911133
2317,5,5,1,0.9575484395027161
2318,2,2,1,0.9305014610290527
2319,7,7,1,0.8855154514312744
2320,5,5,1,0.5727661848068237
2321,2,3,0,0.89275062084198
2322,0,0,1,0.8805262446403503
2323,8,8,1,0.9520676136016846
2324,0,0,1,0.8806105256080627
2325,7,0,0,0.45093420147895813
2326,7,7,1,0.9745925068855286
2327,1,1,1,0.9519331455230713
2328,7,7,1,0.9673031568527222
2329,4,4,1,0.9337932467460632
2330,0,0,1,0.9575678110122681
2331,2,4,0,0.7138804197311401
2332,2,2,1,0.9621325135231018
2333,6,6,1,0.9146124124526978
2334,1,1,1,0.9435035586357117
2335,5,5,1,0.8512751460075378
2336,9,9,1,0.9553344249725342
2337,7,7,1,0.9602842330932617
2338,6,6,1,0.8518096804618835
2339,2,2,1,0.6223878860473633
2340,7,7,1,0.9507245421409607
2341,0,0,1,0.9707608222961426
2342,5,5,1,0.6798763275146484
2343,6,6,1,0.9023256301879883
2344,0,0,1,0.9630556702613831
2345,1,1,1,0.9632657170295715
2346,1,1,1,0.95673668384552
2347,8,8,1,0.9379165768623352
2348,4,4,1,0.8026614785194397
2349,5,5,1,0.9429978132247925
2350,3,5,0,0.8316541910171509
2351,1,9,0,0.8720062971115112
2352,2,2,1,0.7487781643867493
2353,4,4,1,0.9602078795433044
2354,8,8,1,0.9607818722724915
2355,9,9,1,0.9032930731773376
2356,8,8,1,0.9730530381202698
2357,1,1,1,0.9422798752784729
2358,7,5,0,0.6965615749359131
2359,2,2,1,0.8859328031539917
2360,7,7,1,0.781498908996582
2361,2,2,1,0.7070455551147461
2362,3,2,0,0.5211338400840759
2363,2,2,1,0.4668428599834442
2364,6,6,1,0.9532017707824707
2365,7,7,1,0.7869502902030945
2366,9,9,1,0.9660945534706116
2367,4,4,1,0.9236865639686584
2368,0,0,1,0.87619549036026
2369,1,1,1,0.9783154726028442
2370,0,0,1,0.9258626103401184
2371,4,4,1,0.9626417756080627
2372,5,5,1,0.870562732219696
2373,0,0,1,0.9956455230712891
2374,8,8,1,0.8642337322235107
2375,0,0,1,0.8820034265518188
2376,7,0,0,0.7225818634033203
2377,6,4,0,0.6617867946624756
2378,1,1,1,0.9473090767860413
2379,0,8,0,0.8524808287620544
2380,8,8,1,0.928777277469635
2381,5,3,0,0.5471312403678894
2382,9,9,1,0.9037657380104065
2383,2,4,0,0.8781389594078064
2384,5,7,0,0.772120475769043
2385,4,4,1,0.82032310962677
2386,4,4,1,0.6919113397598267
2387,9,9,1,0.9207621812820435
2388,0,0,1,0.9543284177780151
2389,6,6,1,0.9625943303108215
2390,1,1,1,0.957054615020752
2391,2,2,1,0.8629929423332214
2392,5,5,1,0.8725546002388
2393,1,1,1,0.6436964273452759
2394,6,6,1,0.9338040947914124
2395,7,5,0,0.6993676424026489
2396,1,1,1,0.9653158187866211
2397,5,7,0,0.5103055834770203
2398,8,8,1,0.8792386651039124
2399,8,8,1,0.9870185852050781
2400,0,0,1,0.8525257706642151
2401,3,3,1,0.8439595699310303
2402,9,9,1,0.9566181302070618
2403,4,4,1,0.5362802743911743
2404,0,0,1,0.6618959903717041
2405,3,6,0,0.9344930052757263
2406,4,4,1,0.9303123354911804
2407,9,9,1,0.9477033019065857
2408,2,2,1,0.7829739451408386
2409,4,2,0,0.8180657029151917
2410,3,3,1,0.941473126411438
2411,0,0,1,0.8694680333137512
2412,6,6,1,0.8934426307678223
2413,4,6,0,0.6338226795196533
2414,5,5,1,0.8675799369812012
2415,6,3,0,0.5705463290214539
2416,6,6,1,0.8494864702224731
2417,7,7,1,0.9549819827079773
2418,8,8,1,0.9618003964424133
2419,4,4,1,0.7532283663749695
2420,8,1,0,0.6356950402259827
2421,8,8,1,0.7862932085990906
2422,3,3,1,0.5142443180084229
2423,2,6,0,0.6052854657173157
2424,8,8,1,0.9474543929100037
2425,0,0,1,0.9068830013275146
2426,2,2,1,0.818168580532074
2427,5,3,0,0.877842903137207
2428,6,6,1,0.9138389229774475
2429,8,8,1,0.9399670958518982
2430,7,7,1,0.9524273872375488
2431,8,8,1,0.9766825437545776
2432,9,9,1,0.9504526853561401
2433,9,9,1,0.8185817003250122
2434,0,0,1,0.7893669605255127
2435,6,6,1,0.6963003873825073
2436,6,6,1,0.9035872220993042
2437,8,8,1,0.9142521023750305
2438,1,0,0,0.613522469997406
2439,1,1,1,0.9774984121322632
2440,7,7,1,0.8592533469200134
2441,4,4,1,0.6169746518135071
2442,4,3,0,0.5760969519615173
2443,2,2,1,0.7848250865936279
2444,3,6,0,0.7025474905967712
2445,6,6,1,0.9877315163612366
2446,9,9,1,0.7899391055107117
2447,6,6,1,0.86497962474823
2448,2,2,1,0.9455838799476624
2449,4,4,1,0.6331164240837097
2450,1,1,1,0.9639458060264587
2451,8,8,1,0.9773452281951904
2452,2,4,0,0.5421590805053711
2453,3,4,0,0.9354342222213745
2454,1,6,0,0.8950632810592651
2455,6,6,1,0.5696031451225281
2456,8,8,1,0.7561811804771423
2457,6,6,1,0.9857816696166992
2458,8,8,1,0.9461244344711304
2459,5,5,1,0.9591063261032104
2460,9,9,1,0.9500547647476196
2461,0,0,1,0.9068058133125305
2462,1,1,1,0.976317822933197
2463,0,0,1,0.9271390438079834
2464,2,2,1,0.6882718205451965
2465,9,9,1,0.9354445934295654
2466,2,2,1,0.48788100481033325
2467,9,9,1,0.9580880999565125
2468,0,0,1,0.9799258708953857
2469,9,9,1,0.9526508450508118
2470,7,7,1,0.8881656527519226
2471,8,8,1,0.9871855974197388
2472,5,5,1,0.7205236554145813
2473,0,0,1,0.854073166847229
2474,6,6,1,0.9096740484237671
2475,6,6,1,0.9706124067306519
2476,8,8,1,0.9625127911567688
2477,1,1,1,0.9321078062057495
2478,6,6,1,0.9334234595298767
2479,5,5,1,0.8916508555412292
2480,8,8,1,0.9695061445236206
2481,7,7,1,0.773210883140564
2482,9,9,1,0.7643351554870605
2483,2,2,1,0.6877733469009399
2484,1,1,1,0.9934927821159363
2485,6,6,1,0.9648973941802979
2486,7,2,0,0.5404732823371887
2487,5,3,0,0.6573857069015503
2488,6,6,1,0.8751434683799744
2489,3,3,1,0.7309271097183228
2490,0,0,1,0.7291060090065002
2491,9,9,1,0.5185917615890503
2492,8,8,1,0.9801366925239563
2493,9,9,1,0.8502981066703796
2494,5,4,0,0.45860347151756287
2495,9,8,0,0.7413395047187805
2496,9,9,1,0.7679814696311951
2497,9,8,0,0.8256327509880066
2498,3,3,1,0.9350156784057617
2499,6,2,0,0.6921964883804321
2500,4,4,1,0.9259567260742188
2501,4,4,1,0.7476451992988586
2502,8,8,1,0.9292633533477783
2503,8,8,1,0.9352706074714661
2504,1,1,1,0.9529120326042175
2505,7,7,1,0.8811206817626953
2506,3,0,0,0.6893306970596313
2507,0,0,1,0.5218373537063599
2508,6,6,1,0.9273099303245544
2509,2,1,0,0.5177005529403687
2510,4,4,1,0.628652036190033
2511,8,8,1,0.6840376853942871
2512,2,2,1,0.8967161774635315
2513,2,2,1,0.9587891697883606
2514,9,9,1,0.9153874516487122
2515,2,2,1,0.8791419267654419
2516,2,2,1,0.6720489263534546
2517,9,9,1,0.9352000951766968
2518,7,7,1,0.9534951448440552
2519,4,4,1,0.8639755845069885
2520,1,1,1,0.8275426626205444
2521,9,9,1,0.631801187992096
2522,1,1,1,0.942951500415802
2523,4,4,1,0.6799440383911133
2524,3,5,0,0.5787990689277649
2525,5,0,0,0.4986291229724884
2526,3,2,0,0.4920088052749634
2527,8,8,1,0.9698461890220642
2528,9,9,1,0.9441808462142944
2529,3,3,1,0.8224090933799744
2530,6,6,1,0.8024464249610901
2531,2,2,1,0.8302287459373474
2532,0,1,0,0.971486508846283
2533,8,5,0,0.5111656785011292
2534,9,9,1,0.9641393423080444
2535,0,6,0,0.4402065873146057
2536,5,5,1,0.838488757610321
2537,1,1,1,0.9270548224449158
2538,5,4,0,0.5724989175796509
2539,8,8,1,0.8780108094215393
2540,2,2,1,0.8083013296127319
2541,1,1,1,0.9935563206672668
2542,2,8,0,0.6100004315376282
2543,3,4,0,0.8331888318061829
2544,2,2,1,0.9220671653747559
2545,4,4,1,0.907586395740509
2546,8,8,1,0.973678469657898
2547,4,4,1,0.7054460644721985
2548,0,0,1,0.6321264505386353
2549,6,6,1,0.8057978749275208
2550,4,4,1,0.8915120959281921
2551,2,2,1,0.7015259265899658
2552,9,9,1,0.8860670924186707
2553,8,8,1,0.9573985934257507
2554,4,4,1,0.8135986924171448
2555,7,7,1,0.9110947251319885
2556,6,6,1,0.8845356106758118
2557,2,2,1,0.6722745299339294
2558,4,4,1,0.9712300300598145
2559,7,7,1,0.701179563999176
2560,7,7,1,0.9054810404777527
2561,6,6,1,0.9638231992721558
2562,4,4,1,0.954728364944458
2563,2,2,1,0.7281209230422974
2564,2,2,1,0.9230331778526306
2565,3,3,1,0.8989467024803162
2566,2,2,1,0.9371340274810791
2567,4,7,0,0.4136940836906433
2568,9,9,1,0.5572043657302856
2569,0,0,1,0.9219249486923218
2570,0,0,1,0.6954538226127625
2571,9,9,1,0.888309121131897
2572,6,6,1,0.891074001789093
2573,5,5,1,0.938144326210022
2574,8,8,1,0.9834476113319397
2575,5,5,1,0.835889458656311
2576,2,2,1,0.9151518940925598
2577,4,4,1,0.855888843536377
2578,8,8,1,0.9021734595298767
2579,8,8,1,0.8095651865005493
2580,6,3,0,0.7518362998962402
2581,4,0,0,0.4309792220592499
2582,5,5,1,0.9661123156547546
2583,7,7,1,0.9517083764076233
2584,6,6,1,0.9634162187576294
2585,3,5,0,0.8373097777366638
2586,7,7,1,0.6540399789810181
2587,0,0,1,0.7905476093292236
2588,4,4,1,0.8188753724098206
2589,0,0,1,0.8916335701942444
2590,5,3,0,0.7708573341369629
2591,8,8,1,0.9564210176467896
2592,2,4,0,0.8310940861701965
2593,8,8,1,0.93083655834198
2594,0,0,1,0.9305272698402405
2595,4,4,1,0.9048284292221069
2596,9,9,1,0.9188426733016968
2597,2,3,0,0.6477608680725098
2598,3,3,1,0.775763750076294
2599,6,6,1,0.6755614280700684
2600,8,8,1,0.9553253054618835
2601,1,1,1,0.9783727526664734
2602,6,6,1,0.9957672953605652
2603,0,0,1,0.7301520705223083
2604,8,8,1,0.955337405204773
2605,4,4,1,0.6926411986351013
2606,3,3,1,0.7138590216636658
2607,1,1,1,0.9772632122039795
2608,4,4,1,0.8863143920898438
2609,5,3,0,0.7440693378448486
2610,2,2,1,0.9696394205093384
2611,4,4,1,0.7889624834060669
2612,3,5,0,0.7125220894813538
2613,6,2,0,0.6924160122871399
2614,0,0,1,0.9161869883537292
2615,7,7,1,0.9700998663902283
2616,1,1,1,0.9037305116653442
2617,3,3,1,0.6874911785125732
2618,5,5,1,0.9296149611473083
2619,7,7,1,0.7584823966026306
2620,1,1,1,0.9653540849685669
2621,8,8,1,0.9918906688690186
2622,0,0,1,0.9675885438919067
2623,4,4,1,0.8809093236923218
2624,8,8,1,0.893659234046936
2625,2,2,1,0.9140691757202148
2626,7,7,1,0.9544374942779541
2627,7,7,1,0.912922203540802
2628,0,8,0,0.8683700561523438
2629,2,6,0,0.6790795922279358
2630,2,2,1,0.5769754648208618
2631,4,4,1,0.9037145972251892
2632,3,5,0,0.744468092918396
2633,3,3,1,0.8160187602043152
2634,1,1,1,0.887919008731842
2635,6,3,0,0.7562026977539062
2636,1,1,1,0.950890064239502
2637,6,6,1,0.9535417556762695
2638,4,4,1,0.8961954712867737
2639,6,6,1,0.9839277863502502
2640,7,7,1,0.8912421464920044
2641,4,4,1,0.9239175915718079
2642,7,7,1,0.6608090996742249
2643,3,5,0,0.5358123779296875
2644,8,8,1,0.921105146408081
2645,1,1,1,0.9710556268692017
2646,3,3,1,0.634516179561615
2647,1,1,1,0.9147623181343079
2648,4,4,1,0.8039219975471497
2649,6,6,1,0.9027117490768433
2650,5,7,0,0.5040192008018494
2651,5,2,0,0.33162134885787964
2652,7,7,1,0.9518850445747375
2653,4,4,1,0.9340824484825134
2654,5,5,1,0.931511402130127
2655,4,4,1,0.9695714116096497
2656,9,9,1,0.952950656414032
2657,7,7,1,0.6966856122016907
2658,7,7,1,0.9522769451141357
2659,2,2,1,0.9022641777992249
2660,3,3,1,0.826473593711853
2661,3,3,1,0.7964423298835754
2662,6,6,1,0.9546998739242554
2663,7,7,1,0.859435498714447
2664,4,4,1,0.9419978260993958
2665,1,1,1,0.9490286111831665
2666,6,6,1,0.8994059562683105
2667,1,1,1,0.9519108533859253
2668,0,0,1,0.9208753705024719
2669,6,6,1,0.9488367438316345
2670,9,9,1,0.850160539150238
2671,6,6,1,0.7526950240135193
2672,0,8,0,0.7350304126739502
2673,2,4,0,0.5420002341270447
2674,0,0,1,0.7539970874786377
2675,2,6,0,0.6014280915260315
2676,4,6,0,0.8939584493637085
2677,7,7,1,0.8805034160614014
2678,0,0,1,0.9361619353294373
2679,0,0,1,0.8238481283187866
2680,0,0,1,0.9993963241577148
2681,0,0,1,0.7171034216880798
2682,7,7,1,0.9397459030151367
2683,5,5,1,0.9597688913345337
2684,3,3,1,0.8885345458984375
2685,2,2,1,0.3325587213039398
2686,7,7,1,0.8838279247283936
2687,8,8,1,0.9171069860458374
2688,5,5,1,0.7347491383552551
2689,5,3,0,0.7969111800193787
2690,2,6,0,0.6422207355499268
2691,2,2,1,0.9058555960655212
2692,8,8,1,0.8578435778617859
2693,9,9,1,0.9727675914764404
2694,1,1,1,0.9880502820014954
2695,2,6,0,0.5735131502151489
2696,2,5,0,0.81313157081604
2697,0,0,1,0.4753480851650238
2698,3,3,1,0.9129658937454224
2699,4,2,0,0.6634653210639954
2700,9,9,1,0.6317598223686218
2701,1,1,1,0.8304330706596375
2702,6,6,1,0.9290152192115784
2703,9,0,0,0.933271586894989
2704,0,8,0,0.6804578304290771
2705,8,0,0,0.7481939792633057
2706,3,3,1,0.8283972144126892
2707,6,6,1,0.9523172378540039
2708,4,4,1,0.6892130970954895
2709,6,6,1,0.7984713315963745
2710,7,7,1,0.9504682421684265
2711,5,5,1,0.9508504867553711
2712,1,1,1,0.897203803062439
2713,8,8,1,0.9707538485527039
2714,9,9,1,0.8556791543960571
2715,0,0,1,0.949303388595581
2716,5,5,1,0.8574240207672119
2717,0,0,1,0.9013664126396179
2718,5,5,1,0.7422869205474854
2719,4,2,0,0.8799463510513306
2720,3,3,1,0.9209422469139099
2721,8,8,1,0.7250076532363892
2722,5,5,1,0.7456442713737488
2723,2,2,1,0.6704005002975464
2724,0,0,1,0.8617285490036011
2725,8,8,1,0.9757471680641174
2726,5,5,1,0.8909615874290466
2727,9,9,1,0.9246160387992859
2728,2,2,1,0.6259564757347107
2729,5,3,0,0.7394673824310303
2730,6,6,1,0.9211669564247131
2731,5,5,1,0.7173627614974976
2732,7,7,1,0.9660803079605103
2733,3,4,0,0.6731862425804138
2734,7,7,1,0.9616746306419373
2735,2,2,1,0.9434655904769897
2736,8,8,1,0.7485461235046387
2737,8,8,1,0.6918154358863831
2738,4,4,1,0.9086743593215942
2739,2,2,1,0.9364106059074402
2740,1,1,1,0.966094970703125
2741,6,6,1,0.9789175391197205
2742,2,2,1,0.9031890034675598
2743,9,9,1,0.9324382543563843
2744,9,9,1,0.816476583480835
2745,8,8,1,0.9890509247779846
2746,2,2,1,0.5614995360374451
2747,3,8,0,0.6096369624137878
2748,1,1,1,0.9714280366897583
2749,0,0,1,0.917373776435852
2750,5,5,1,0.9526509046554565
2751,2,2,1,0.8653206825256348
2752,3,3,1,0.9134774208068848
2753,7,7,1,0.8094831109046936
2754,9,9,1,0.7581982612609863
2755,5,7,0,0.678693950176239
2756,9,9,1,0.7083109617233276
2757,1,1,1,0.970651388168335
2758,1,1,1,0.9330927133560181
2759,3,3,1,0.9111583828926086
2760,2,5,0,0.6902531981468201
2761,7,7,1,0.854799211025238
2762,4,2,0,0.8805651664733887
2763,4,4,1,0.9394184947013855
2764,1,1,1,0.9739565849304199
2765,9,9,1,0.952628493309021
2766,4,4,1,0.9750107526779175
2767,5,3,0,0.7648922801017761
2768,5,5,1,0.9602710008621216
2769,2,2,1,0.8900356888771057
2770,7,2,0,0.6572600603103638
2771,7,7,1,0.8175089955329895
2772,6,6,1,0.8655709624290466
2773,1,1,1,0.9134122133255005
2774,2,2,1,0.7602512240409851
2775,3,3,1,0.88782799243927
2776,7,7,1,0.9438802599906921
2777,5,5,1,0.7262296676635742
2778,4,4,1,0.9547392129898071
2779,3,3,1,0.5321376919746399
2780,7,7,1,0.9516928791999817
2781,7,7,1,0.7518807649612427
2782,0,3,0,0.570099949836731
2783,0,0,1,0.9348998069763184
2784,1,1,1,0.9240543246269226
2785,4,7,0,0.5315306186676025
2786,4,4,1,0.7342891097068787
2787,3,3,1,0.8978723883628845
2788,7,7,1,0.5970739126205444
2789,9,9,1,0.9464197158813477
2790,8,8,1,0.9675158858299255
2791,7,7,1,0.9580172300338745
2792,0,0,1,0.9604006409645081
2793,9,9,1,0.8652812838554382
2794,0,0,1,0.7937641143798828
2795,3,3,1,0.8545401096343994
2796,7,7,1,0.941249668598175
2797,6,6,1,0.8737699389457703
2798,3,5,0,0.7840855717658997
2799,8,8,1,0.9956912994384766
2800,4,4,1,0.95708829164505
2801,5,5,1,0.9259227514266968
2802,6,6,1,0.9775112271308899
2803,5,5,1,0.9682995676994324
2804,3,5,0,0.5722441077232361
2805,4,4,1,0.9387998580932617
2806,2,1,0,0.4587325155735016
2807,9,9,1,0.9005347490310669
2808,2,3,0,0.6826533079147339
2809,4,4,1,0.8299864530563354
2810,9,9,1,0.5605456829071045
2811,2,2,1,0.8413073420524597
2812,0,0,1,0.9221708178520203
2813,1,1,1,0.9777795672416687
2814,1,1,1,0.90873783826828
2815,3,3,1,0.9475187063217163
2816,7,7,1,0.8951619267463684
2817,9,9,1,0.9349684119224548
2818,5,5,1,0.6419495940208435
2819,1,1,1,0.9785621166229248
2820,6,6,1,0.9532160758972168
2821,0,7,0,0.6360358595848083
2822,3,3,1,0.8618553280830383
2823,3,3,1,0.7454234957695007
2824,7,7,1,0.9652799963951111
2825,2,2,1,0.6516970992088318
2826,4,4,1,0.8939828872680664
2827,5,5,1,0.9512885212898254
2828,2,2,1,0.8500086069107056
2829,3,6,0,0.7845001220703125
2830,6,6,1,0.9723320007324219
2831,3,1,0,0.5254586338996887
2832,3,3,1,0.6498841643333435
2833,0,0,1,0.9610957503318787
2834,4,4,1,0.87586909532547
2835,4,4,1,0.9037579298019409
2836,3,3,1,0.726032018661499
2837,8,8,1,0.9713073372840881
2838,1,1,1,0.9693498611450195
2839,2,2,1,0.9340360760688782
2840,3,3,1,0.9464005827903748
2841,2,2,1,0.927851140499115
2842,7,7,1,0.7990503907203674
2843,1,3,0,0.6311312913894653
2844,4,2,0,0.5561428666114807
2845,5,5,1,0.676328182220459
2846,6,6,1,0.9397334456443787
2847,8,8,1,0.7083969712257385
2848,6,6,1,0.738597571849823
2849,6,6,1,0.7265319228172302
2850,5,5,1,0.8252440690994263
2851,4,4,1,0.9473183155059814
2852,2,2,1,0.8845429420471191
2853,9,9,1,0.9184074401855469
2854,9,9,1,0.7607468366622925
2855,3,5,0,0.40487954020500183
2856,2,2,1,0.6713989973068237
2857,0,0,1,0.9413413405418396
2858,4,7,0,0.722324550151825
2859,1,1,1,0.5754692554473877
2860,5,5,1,0.890497088432312
2861,5,5,1,0.9454670548439026
2862,6,6,1,0.8840500116348267
2863,6,6,1,0.9306104183197021
2864,5,5,1,0.9493976831436157
2865,6,6,1,0.9115558862686157
2866,9,9,1,0.9584479928016663
2867,7,7,1,0.8677054047584534
2868,9,4,0,0.4394157826900482
2869,4,4,1,0.9580973982810974
2870,8,8,1,0.9387906193733215
2871,3,3,1,0.8368750810623169
2872,1,1,1,0.626145601272583
2873,9,9,1,0.7430275678634644
2874,8,8,1,0.8810730576515198
2875,1,1,1,0.9362224340438843
2876,9,9,1,0.9458027482032776
2877,0,0,1,0.8799881339073181
2878,3,5,0,0.6000715494155884
2879,0,0,1,0.8608925342559814
2880,4,4,1,0.9460837841033936
2881,7,7,1,0.5192733407020569
2882,7,7,1,0.9549664258956909
2883,2,2,1,0.9517107605934143
2884,6,6,1,0.7880561947822571
2885,5,5,1,0.9530493021011353
2886,6,6,1,0.9274738430976868
2887,9,9,1,0.8595567941665649
2888,7,7,1,0.7073671817779541
2889,7,7,1,0.7079371809959412
2890,5,3,0,0.7075388431549072
2891,7,7,1,0.9382601976394653
2892,0,0,1,0.743176281452179
2893,8,8,1,0.9887319207191467
2894,6,6,1,0.9884800910949707
2895,7,5,0,0.5898138284683228
2896,8,8,1,0.9648584127426147
2897,3,3,1,0.9323108792304993
2898,8,8,1,0.906295657157898
2899,9,9,1,0.9195334911346436
2900,3,3,1,0.7707895040512085
2901,2,2,1,0.9011766314506531
2902,9,9,1,0.9031621217727661
2903,2,2,1,0.7419054508209229
2904,7,7,1,0.7314493656158447
2905,4,4,1,0.714177668094635
2906,1,1,1,0.9208155870437622
2907,9,9,1,0.9671929478645325
2908,7,7,1,0.9193639755249023
2909,0,0,1,0.9711229801177979
2910,8,2,0,0.4941939413547516
2911,1,1,1,0.9822636842727661
2912,2,6,0,0.45489367842674255
2913,0,0,1,0.9639587998390198
2914,6,6,1,0.7537279725074768
2915,5,5,1,0.9533406496047974
2916,1,1,1,0.9792686104774475
2917,4,4,1,0.9551984667778015
2918,2,5,0,0.7930393218994141
2919,8,8,1,0.983130156993866
2920,2,2,1,0.7579277753829956
2921,8,8,1,0.9650794863700867
2922,3,3,1,0.9379172325134277
2923,3,3,1,0.6723875403404236
2924,1,1,1,0.9878465533256531
2925,4,5,0,0.5949525833129883
2926,9,9,1,0.9700177311897278
2927,8,8,1,0.9823607802391052
2928,1,1,1,0.9686885476112366
2929,1,1,1,0.9774293303489685
2930,7,5,0,0.627010703086853
2931,9,9,1,0.9294947981834412
2932,9,9,1,0.910321056842804
2933,4,4,1,0.9443754553794861
2934,6,6,1,0.812324047088623
2935,8,8,1,0.9287386536598206
2936,5,5,1,0.8946248888969421
2937,3,3,1,0.7365307807922363
2938,2,2,1,0.934394121170044
2939,2,2,1,0.9205517172813416
2940,3,0,0,0.9374473094940186
2941,8,8,1,0.9510374069213867
2942,5,5,1,0.941632091999054
2943,1,1,1,0.9361922144889832
2944,9,9,1,0.9397689700126648
2945,7,7,1,0.8812864422798157
2946,9,9,1,0.9573653936386108
2947,1,1,1,0.9882924556732178
2948,5,3,0,0.7477084994316101
2949,3,3,1,0.9196885228157043
2950,1,1,1,0.9606361985206604
2951,0,0,1,0.892679750919342
2952,3,3,1,0.8111717700958252
2953,8,8,1,0.9890080690383911
2954,9,9,1,0.9041783809661865
2955,2,3,0,0.6258243918418884
2956,0,0,1,0.9241428971290588
2957,8,8,1,0.7876233458518982
2958,0,8,0,0.8477440476417542
2959,7,0,0,0.914760410785675
2960,9,9,1,0.9334945678710938
2961,4,4,1,0.9304059743881226
2962,8,8,1,0.9440006017684937
2963,3,3,1,0.8937475681304932
2964,0,0,1,0.9890156388282776
2965,7,7,1,0.9517548680305481
2966,0,0,1,0.8805712461471558
2967,7,7,1,0.9129411578178406
2968,0,0,1,0.8984188437461853
2969,5,5,1,0.9240277409553528
2970,5,5,1,0.7814446687698364
2971,4,4,1,0.95871502161026
2972,3,3,1,0.9079474210739136
2973,0,0,1,0.8390518426895142
2974,9,9,1,0.8327643275260925
2975,9,9,1,0.40043991804122925
2976,0,0,1,0.7662950754165649
2977,2,6,0,0.8137368559837341
2978,2,2,1,0.4910259246826172
2979,0,0,1,0.9265602827072144
2980,8,8,1,0.9776633977890015
2981,4,4,1,0.5725125074386597
2982,4,4,1,0.8966257572174072
2983,5,5,1,0.9504926800727844
2984,2,2,1,0.9528466463088989
2985,2,2,1,0.6937057971954346
2986,1,8,0,0.9344611763954163
2987,1,1,1,0.6681192517280579
2988,5,3,0,0.6893859505653381
2989,5,5,1,0.525821328163147
2990,4,4,1,0.8448723554611206
2991,3,3,1,0.9387927651405334
2992,4,4,1,0.8534017205238342
2993,0,0,1,0.9475402235984802
2994,8,8,1,0.9430920481681824
2995,4,4,1,0.5147801041603088
2996,8,8,1,0.9821052551269531
2997,2,5,0,0.7144463062286377
2998,5,5,1,0.8899816870689392
2999,6,6,1,0.9479157328605652
3000,5,5,1,0.7767237424850464
3001,1,1,1,0.9870256185531616
3002,7,7,1,0.9227242469787598
3003,2,2,1,0.8474888205528259
3004,4,4,1,0.9593415260314941
3005,0,0,1,0.6875792145729065
3006,5,5,1,0.8288677930831909
3007,6,6,1,0.9743837118148804
3008,8,8,1,0.8979547023773193
3009,7,7,1,0.9248105883598328
3010,6,6,1,0.9683271050453186
3011,3,3,1,0.9023424983024597
3012,1,1,1,0.9056279063224792
3013,3,5,0,0.6202450394630432
3014,6,3,0,0.9145315885543823
3015,6,6,1,0.9648113250732422
3016,4,4,1,0.8270629048347473
3017,5,5,1,0.8884305357933044
3018,5,5,1,0.9375389218330383
3019,5,5,1,0.607150137424469
3020,1,1,1,0.9598595499992371
3021,8,8,1,0.9051364660263062
3022,7,7,1,0.9633315205574036
3023,3,3,1,0.615661084651947
3024,0,0,1,0.9616827964782715
3025,2,4,0,0.6395890116691589
3026,5,4,0,0.8160331845283508
3027,1,1,1,0.9890965223312378
3028,1,1,1,0.9862608909606934
3029,1,1,1,0.9646326303482056
3030,6,6,1,0.8993880748748779
3031,7,3,0,0.5210081934928894
3032,2,6,0,0.5899838209152222
3033,1,1,1,0.9565666913986206
3034,2,2,1,0.8749775886535645
3035,3,3,1,0.7485339045524597
3036,9,9,1,0.6636367440223694
3037,8,8,1,0.9828659296035767
3038,3,3,1,0.8293770551681519
3039,1,1,1,0.9477137923240662
3040,7,7,1,0.9619974493980408
3041,4,4,1,0.8795776963233948
3042,8,8,1,0.9224346280097961
3043,4,4,1,0.9226078391075134
3044,7,7,1,0.9390252828598022
3045,5,5,1,0.9375256896018982
3046,8,8,1,0.9596465826034546
3047,6,6,1,0.7763544917106628
3048,0,0,1,0.9258511066436768
3049,3,3,1,0.7609781622886658
3050,0,0,1,0.9249550104141235
3051,8,8,1,0.6903278827667236
3052,3,2,0,0.8480954170227051
3053,4,4,1,0.9495718479156494
3054,4,4,1,0.9450294375419617
3055,9,9,1,0.9226686954498291
3056,4,4,1,0.6461707353591919
3057,6,6,1,0.9476599097251892
3058,1,1,1,0.9740995168685913
3059,5,2,0,0.7092387080192566
3060,7,7,1,0.9424394369125366
3061,7,7,1,0.890029788017273
3062,9,9,1,0.9482179880142212
3063,0,0,1,0.955755889415741
3064,1,1,1,0.9727605581283569
3065,3,3,1,0.9158464670181274
3066,1,1,1,0.9557250738143921
3067,3,4,0,0.5645445585250854
3068,2,0,0,0.7818225026130676
3069,4,4,1,0.8734737634658813
3070,0,8,0,0.5802055597305298
3071,7,7,1,0.9028267860412598
3072,8,1,0,0.6392954587936401
3073,3,5,0,0.6629242897033691
3074,1,1,1,0.9630103707313538
3075,6,3,0,0.7258967757225037
3076,2,2,1,0.7821208834648132
3077,1,1,1,0.9561929702758789
3078,8,8,1,0.9769478440284729
3079,8,8,1,0.9174700379371643
3080,1,1,1,0.9449171423912048
3081,9,9,1,0.9549599885940552
3082,7,7,1,0.8013442754745483
3083,5,3,0,0.8222761154174805
3084,3,3,1,0.6936591267585754
3085,2,6,0,0.7767196297645569
3086,9,9,1,0.9553815722465515
3087,0,0,1,0.9158218502998352
3088,6,6,1,0.7048649191856384
3089,8,8,1,0.9884350895881653
3090,4,4,1,0.9584631323814392
3091,1,1,1,0.8741001486778259
3092,5,5,1,0.8780547976493835
3093,7,7,1,0.9742016792297363
3094,2,0,0,0.4818289875984192
3095,4,6,0,0.5276521444320679
3096,7,7,1,0.9743736982345581
3097,0,7,0,0.7789518237113953
3098,4,4,1,0.9646933674812317
3099,9,9,1,0.9434740543365479
3100,0,0,1,0.9558360576629639
3101,7,7,1,0.9886558055877686
3102,0,0,1,0.9296883940696716
3103,6,2,0,0.6000378727912903
3104,7,7,1,0.9507728219032288
3105,1,1,1,0.9451227784156799
3106,8,8,1,0.8714385628700256
3107,5,5,1,0.8423411250114441
3108,8,8,1,0.7625107169151306
3109,8,8,1,0.9370399117469788
3110,7,3,0,0.81071937084198
3111,0,0,1,0.9466172456741333
3112,0,0,1,0.9114347696304321
3113,3,3,1,0.82734614610672
3114,2,0,0,0.5682142376899719
3115,5,2,0,0.7870813608169556
3116,7,7,1,0.9626939296722412
3117,0,0,1,0.7393746376037598
3118,6,6,1,0.9395421743392944
3119,4,4,1,0.9276549220085144
3120,4,3,0,0.536766767501831
3121,9,9,1,0.9525383710861206
3122,1,1,1,0.9678441286087036
3123,8,8,1,0.9743109345436096
3124,6,8,0,0.9157970547676086
3125,3,3,1,0.841117262840271
3126,9,9,1,0.9366835951805115
3127,4,4,1,0.9158627390861511
3128,9,9,1,0.9483181834220886
3129,3,3,1,0.8722025156021118
3130,3,3,1,0.810024082660675
3131,7,7,1,0.8521285057067871
3132,5,5,1,0.8727781772613525
3133,9,9,1,0.9495584964752197
3134,7,7,1,0.9211751222610474
3135,7,7,1,0.6957507133483887
3136,4,4,1,0.9526997804641724
3137,5,5,1,0.6901524066925049
3138,8,8,1,0.9636906981468201
3139,2,9,0,0.3968048095703125
3140,8,8,1,0.889571487903595
3141,9,9,1,0.9395045042037964
3142,5,5,1,0.8999649882316589
3143,3,3,1,0.7587752938270569
3144,1,1,1,0.9494240283966064
3145,9,9,1,0.9569560885429382
3146,2,2,1,0.5982574820518494
3147,2,2,1,0.9315100312232971
3148,0,0,1,0.9590813517570496
3149,1,1,1,0.9686669707298279
3150,1,9,0,0.7978466153144836
3151,8,8,1,0.8448059558868408
3152,1,1,1,0.9704073071479797
3153,1,1,1,0.9788607954978943
3154,9,9,1,0.8899316191673279
3155,8,8,1,0.9742562770843506
3156,9,9,1,0.9484936594963074
3157,9,9,1,0.9478117227554321
3158,0,8,0,0.7226581573486328
3159,2,2,1,0.8118574023246765
3160,6,2,0,0.9075065851211548
3161,9,9,1,0.9571256637573242
3162,1,1,1,0.9654237627983093
3163,9,9,1,0.8200823664665222
3164,0,0,1,0.5817943811416626
3165,1,1,1,0.7837492823600769
3166,9,9,1,0.9177801012992859
3167,2,2,1,0.7633408904075623
3168,9,4,0,0.8319929242134094
3169,9,9,1,0.7538313865661621
3170,9,9,1,0.9143249988555908
3171,0,1,0,0.6068820357322693
3172,9,9,1,0.8823091387748718
3173,9,9,1,0.8967520594596863
3174,2,3,0,0.64243483543396
3175,1,1,1,0.9462418556213379
3176,7,7,1,0.9569810032844543
3177,0,0,1,0.933867871761322
3178,5,5,1,0.9063366055488586
3179,6,6,1,0.6793925166130066
3180,3,5,0,0.5037781000137329
3181,9,9,1,0.6739696860313416
3182,8,8,1,0.9433009028434753
3183,3,3,1,0.6696211695671082
3184,0,0,1,0.7932313084602356
3185,2,6,0,0.8144291043281555
3186,7,7,1,0.3959049880504608
3187,7,7,1,0.9543333053588867
3188,4,4,1,0.7067716717720032
3189,8,8,1,0.967900276184082
3190,3,3,1,0.6672700047492981
3191,0,0,1,0.6283607482910156
3192,5,3,0,0.7015398740768433
3193,2,4,0,0.9141200184822083
3194,3,3,1,0.762139081954956
3195,5,5,1,0.7754787802696228
3196,7,7,1,0.8523682355880737
3197,6,6,1,0.9757757782936096
3198,6,6,1,0.9425461292266846
3199,6,6,1,0.957868754863739
3200,5,5,1,0.9494472742080688
3201,6,6,1,0.6677603125572205
3202,5,3,0,0.722403883934021
3203,4,4,1,0.9607434868812561
3204,5,7,0,0.5983068943023682
3205,8,8,1,0.986020565032959
3206,8,8,1,0.5364015102386475
3207,0,0,1,0.7784769535064697
3208,9,8,0,0.6583109498023987
3209,7,3,0,0.7064417004585266
3210,9,9,1,0.9330782294273376
3211,0,0,1,0.5879237651824951
3212,6,6,1,0.9334685802459717
3213,9,9,1,0.9491331577301025
3214,6,5,0,0.5148302316665649
3215,1,1,1,0.9676437377929688
3216,4,7,0,0.5971157550811768
3217,7,7,1,0.9341535568237305
3218,9,7,0,0.41158294677734375
3219,0,0,1,0.8006870746612549
3220,3,3,1,0.6438016295433044
3221,5,5,1,0.9602527022361755
3222,4,4,1,0.9159401059150696
3223,7,7,1,0.961702823638916
3224,6,6,1,0.9520875811576843
3225,9,9,1,0.9628658294677734
3226,8,8,1,0.8870651125907898
3227,2,2,1,0.9072042107582092
3228,3,3,1,0.9139147400856018
3229,9,9,1,0.6466602683067322
3230,3,5,0,0.7096222043037415
3231,3,3,1,0.6471825242042542
3232,7,7,1,0.721646249294281
3233,8,8,1,0.9503516554832458
3234,3,3,1,0.9414620995521545
3235,5,5,1,0.8674879670143127
3236,5,5,1,0.6838124990463257
3237,9,9,1,0.7694923877716064
3238,6,6,1,0.8853421807289124
3239,1,1,1,0.9859671592712402
3240,4,1,0,0.5523831844329834
3241,7,7,1,0.9612837433815002
3242,4,4,1,0.540917694568634
3243,8,8,1,0.967768132686615
3244,7,7,1,0.9544757008552551
3245,7,7,1,0.9561184048652649
3246,1,0,0,0.4065016210079193
3247,3,5,0,0.7100878953933716
3248,0,0,1,0.985177755355835
3249,3,3,1,0.949877917766571
3250,2,2,1,0.8085675835609436
3251,5,5,1,0.9031685590744019
3252,4,4,1,0.9537251591682434
3253,9,9,1,0.6968981027603149
3254,3,3,1,0.921336829662323
3255,5,5,1,0.7861710786819458
3256,4,4,1,0.9598626494407654
3257,7,2,0,0.6115771532058716
3258,0,0,1,0.4981938600540161
3259,3,3,1,0.912743330001831
3260,7,7,1,0.9762091636657715
3261,0,0,1,0.9340595006942749
3262,2,3,0,0.6759084463119507
3263,1,1,1,0.8463966846466064
3264,5,0,0,0.42452332377433777
3265,8,8,1,0.9240988492965698
3266,7,7,1,0.9562169909477234
3267,3,3,1,0.8952252268791199
3268,5,5,1,0.928165853023529
3269,7,7,1,0.9788044691085815
3270,8,8,1,0.9230578541755676
3271,5,5,1,0.9477928280830383
3272,7,7,1,0.9592183232307434
3273,8,8,1,0.9954351186752319
3274,1,1,1,0.9623167514801025
3275,5,5,1,0.44331082701683044
3276,4,4,1,0.8977488875389099
3277,7,7,1,0.8924605250358582
3278,0,0,1,0.7216191291809082
3279,8,8,1,0.9612889289855957
3280,3,3,1,0.8606271743774414
3281,2,2,1,0.7931579351425171
3282,9,9,1,0.8866361975669861
3283,7,2,0,0.6089637279510498
3284,4,4,1,0.8591251969337463
3285,1,9,0,0.8630473613739014
3286,6,6,1,0.9817026853561401
3287,5,5,1,0.752269983291626
3288,9,8,0,0.6924339532852173
3289,8,8,1,0.9889742136001587
3290,5,5,1,0.8582437038421631
3291,5,5,1,0.8958877325057983
3292,4,4,1,0.958117663860321
3293,1,1,1,0.9800665378570557
3294,0,0,1,0.9624587893486023
3295,9,9,1,0.9583707451820374
3296,4,4,1,0.9135779142379761
3297,4,5,0,0.47210338711738586
3298,3,3,1,0.8249320387840271
3299,0,4,0,0.5891819596290588
3300,4,4,1,0.9251853823661804
3301,8,0,0,0.7575230598449707
3302,0,0,1,0.8977285623550415
3303,8,0,0,0.8054347038269043
3304,2,2,1,0.9685701727867126
3305,9,9,1,0.9537478685379028
3306,5,7,0,0.6925569176673889
3307,9,9,1,0.842677116394043
3308,7,7,1,0.7584723830223083
3309,4,4,1,0.5954474210739136
3310,6,6,1,0.8944692015647888
3311,7,5,0,0.7247288227081299
3312,9,5,0,0.7684255838394165
3313,2,2,1,0.941279947757721
3314,9,9,1,0.7840309143066406
3315,3,3,1,0.7441874146461487
3316,7,7,1,0.9521697163581848
3317,7,7,1,0.9593380689620972
3318,8,8,1,0.8827130198478699
3319,2,0,0,0.44755953550338745
3320,2,7,0,0.651859700679779
3321,0,0,1,0.5659005641937256
3322,2,2,1,0.971410870552063
3323,5,5,1,0.963334858417511
3324,3,3,1,0.8215062618255615
3325,6,3,0,0.6787242293357849
3326,4,4,1,0.9196556806564331
3327,7,5,0,0.5745006203651428
3328,2,2,1,0.8794900178909302
3329,3,3,1,0.8127340078353882
3330,7,5,0,0.794807493686676
3331,8,8,1,0.9551966786384583
3332,7,7,1,0.7040396928787231
3333,2,2,1,0.9332796931266785
3334,5,5,1,0.8952063322067261
3335,0,9,0,0.6304806470870972
3336,0,9,0,0.665990948677063
3337,7,7,1,0.8840357661247253
3338,0,0,1,0.9027125239372253
3339,9,9,1,0.7317196130752563
3340,6,6,1,0.9396898150444031
3341,1,1,1,0.9559668302536011
3342,0,8,0,0.7225361466407776
3343,3,5,0,0.8469907641410828
3344,9,9,1,0.9040767550468445
3345,7,7,1,0.9703889489173889
3346,4,3,0,0.48353955149650574
3347,9,9,1,0.932126522064209
3348,1,1,1,0.9788596034049988
3349,6,2,0,0.6972582936286926
3350,8,8,1,0.8931013345718384
3351,1,1,1,0.9647185206413269
3352,2,2,1,0.7878209948539734
3353,3,3,1,0.8812472820281982
3354,3,5,0,0.6402027010917664
3355,5,5,1,0.5131781697273254
3356,4,4,1,0.8493146300315857
3357,8,8,1,0.5234439969062805
3358,9,9,1,0.9024699926376343
3359,7,3,0,0.6268498301506042
3360,4,4,1,0.9333261251449585
3361,4,4,1,0.8425006866455078
3362,1,1,1,0.982107937335968
3363,2,6,0,0.724307656288147
3364,4,4,1,0.8795434236526489
3365,9,9,1,0.9443010091781616
3366,8,8,1,0.8890621066093445
3367,7,7,1,0.9390069842338562
3368,9,9,1,0.9424533843994141
3369,5,5,1,0.909254789352417
3370,1,1,1,0.9823172688484192
3371,2,2,1,0.8051860928535461
3372,1,1,1,0.9895501136779785
3373,6,2,0,0.6665064096450806
3374,6,6,1,0.9611579179763794
3375,4,4,1,0.9509873986244202
3376,5,5,1,0.9156631231307983
3377,7,7,1,0.9589115977287292
3378,4,4,1,0.9143782258033752
3379,5,5,1,0.7207555174827576
3380,8,8,1,0.9641818404197693
3381,5,5,1,0.7712964415550232
3382,2,6,0,0.5147449970245361
3383,8,8,1,0.9895537495613098
3384,7,7,1,0.9517316222190857
3385,8,8,1,0.846257209777832
3386,2,2,1,0.9250653386116028
3387,3,3,1,0.7967702150344849
3388,6,6,1,0.8797503709793091
3389,1,1,1,0.9735289812088013
3390,3,5,0,0.805117130279541
3391,3,9,0,0.49252358078956604
3392,1,1,1,0.9401265978813171
3393,5,5,1,0.9050875306129456
3394,1,1,1,0.9394217729568481
3395,9,9,1,0.9608075022697449
3396,0,0,1,0.663887619972229
3397,9,9,1,0.9650344252586365
3398,2,0,0,0.6536741256713867
3399,0,8,0,0.8039722442626953
3400,6,7,0,0.3905176520347595
3401,2,2,1,0.823765754699707
3402,4,4,1,0.8311306834220886
3403,8,8,1,0.9258856177330017
3404,5,5,1,0.9359918832778931
3405,7,7,1,0.9301270842552185
3406,6,6,1,0.9691408276557922
3407,1,1,1,0.9580843448638916
3408,2,2,1,0.8797738552093506
3409,9,9,1,0.9617096781730652
3410,4,4,1,0.925451934337616
3411,5,5,1,0.6678506135940552
3412,0,0,1,0.5962202548980713
3413,3,3,1,0.7512492537498474
3414,3,2,0,0.7027611136436462
3415,7,7,1,0.6308237314224243
3416,7,4,0,0.5444755554199219
3417,7,7,1,0.6795505881309509
3418,1,1,1,0.9574998021125793
3419,4,4,1,0.8904687166213989
3420,5,5,1,0.725249707698822
3421,0,0,1,0.8420674204826355
3422,2,5,0,0.5359703898429871
3423,8,8,1,0.9826998710632324
3424,5,5,1,0.9460616707801819
3425,0,2,0,0.5333764553070068
3426,0,0,1,0.9719395041465759
3427,6,6,1,0.6251944899559021
3428,2,2,1,0.7937789559364319
3429,0,0,1,0.8112301230430603
3430,8,8,1,0.9643577337265015
3431,4,4,1,0.9294236302375793
3432,5,5,1,0.9363967180252075
3433,4,5,0,0.5484561324119568
3434,5,5,1,0.8433437943458557
3435,6,6,1,0.9416661858558655
3436,4,4,1,0.9404289126396179
3437,7,7,1,0.961011528968811
3438,9,9,1,0.9532927870750427
3439,4,6,0,0.638292133808136
3440,2,3,0,0.7411186695098877
3441,0,0,1,0.9005668759346008
3442,6,3,0,0.7832847237586975
3443,4,2,0,0.9169895648956299
3444,0,2,0,0.5896769762039185
3445,0,0,1,0.9932015538215637
3446,6,5,0,0.7816271185874939
3447,4,4,1,0.9491539001464844
3448,6,6,1,0.8653107285499573
3449,1,1,1,0.9433949589729309
3450,9,9,1,0.6919638514518738
3451,5,5,1,0.9138877987861633
3452,5,5,1,0.8134879469871521
3453,2,2,1,0.9557413458824158
3454,2,2,1,0.9547046422958374
3455,6,6,1,0.8235834240913391
3456,3,3,1,0.9145122170448303
3457,4,4,1,0.8575693964958191
3458,5,5,1,0.8650699853897095
3459,9,0,0,0.6059722304344177
3460,1,1,1,0.9707926511764526
3461,7,5,0,0.704491376876831
3462,2,2,1,0.8290215730667114
3463,3,3,1,0.6794605851173401
3464,9,9,1,0.7939740419387817
3465,6,6,1,0.8097380995750427
3466,5,5,1,0.9631204605102539
3467,0,0,1,0.8215218186378479
3468,2,2,1,0.9206945896148682
3469,9,9,1,0.8383484482765198
3470,7,7,1,0.7368233799934387
3471,1,1,1,0.9668415188789368
3472,7,7,1,0.8788232207298279
3473,2,2,1,0.9450806379318237
3474,2,2,1,0.5942889451980591
3475,0,0,1,0.9160519242286682
3476,8,8,1,0.6189066767692566
3477,6,6,1,0.8837735056877136
3478,4,4,1,0.9588227868080139
3479,3,3,1,0.9219237565994263
3480,2,2,1,0.9300923347473145
3481,7,7,1,0.907366156578064
3482,7,7,1,0.9411067962646484
3483,0,0,1,0.9856612086296082
3484,4,4,1,0.7528561949729919
3485,1,1,1,0.8989009261131287
3486,6,6,1,0.9267624616622925
3487,5,5,1,0.9633108973503113
3488,1,1,1,0.923378050327301
3489,3,5,0,0.6161194443702698
3490,0,4,0,0.7623022198677063
3491,3,3,1,0.6751707196235657
3492,9,9,1,0.9039629101753235
3493,0,0,1,0.9706349968910217
3494,0,3,0,0.8158660531044006
3495,2,2,1,0.8454566597938538
3496,5,5,1,0.5346789956092834
3497,0,1,0,0.8883600234985352
3498,4,3,0,0.6900885105133057
3499,0,0,1,0.9844962954521179
3500,1,1,1,0.9172645807266235
3501,9,1,0,0.7434889078140259
3502,8,8,1,0.8243328332901001
3503,4,4,1,0.878024160861969
3504,9,9,1,0.9600122570991516
3505,4,4,1,0.8576104044914246
3506,2,2,1,0.8275071382522583
3507,4,4,1,0.9630246162414551
3508,3,3,1,0.928107500076294
3509,3,4,0,0.8133084177970886
3510,4,4,1,0.8856587409973145
3511,0,0,1,0.7422603368759155
3512,4,4,1,0.7826856970787048
3513,3,5,0,0.5614075064659119
3514,2,5,0,0.5430816411972046
3515,8,8,1,0.9585248231887817
3516,9,9,1,0.9293181300163269
3517,1,1,1,0.5127810835838318
3518,5,5,1,0.9488077163696289
3519,8,8,1,0.8498054146766663
3520,1,1,1,0.9703386425971985
3521,8,8,1,0.9571128487586975
3522,2,2,1,0.9496752023696899
3523,4,4,1,0.914943277835846
3524,5,4,0,0.9390437602996826
3525,2,2,1,0.879368782043457
3526,4,4,1,0.9495839476585388
3527,1,1,1,0.8843137621879578
3528,1,1,1,0.8569352626800537
3529,6,6,1,0.9187971353530884
3530,6,6,1,0.9924954771995544
3531,8,9,0,0.6051183342933655
3532,5,5,1,0.9396694898605347
3533,2,2,1,0.9505018591880798
3534,2,5,0,0.6966460943222046
3535,5,5,1,0.9347942471504211
3536,0,0,1,0.9401580691337585
3537,8,8,1,0.5803754925727844
3538,2,2,1,0.9187582731246948
3539,3,3,1,0.8061815500259399
3540,6,6,1,0.8930075764656067
3541,2,2,1,0.915451169013977
3542,9,9,1,0.9509403109550476
3543,6,6,1,0.9147416949272156
3544,1,1,1,0.8566293120384216
3545,4,4,1,0.9580836892127991
3546,5,5,1,0.9303613901138306
3547,9,9,1,0.9419229030609131
3548,0,0,1,0.8929972052574158
3549,1,1,1,0.9683637022972107
3550,0,4,0,0.9315399527549744
3551,0,0,1,0.9540688395500183
3552,8,8,1,0.9665657877922058
3553,1,1,1,0.8574770092964172
3554,1,9,0,0.8129995465278625
3555,6,3,0,0.550571620464325
3556,6,6,1,0.9381645917892456
3557,9,6,0,0.6398078203201294
3558,5,5,1,0.9443497657775879
3559,4,4,1,0.7652727365493774
3560,1,9,0,0.6894657015800476
3561,7,5,0,0.8699135184288025
3562,8,8,1,0.9463697075843811
3563,6,6,1,0.9719724655151367
3564,9,9,1,0.8591338396072388
3565,1,1,1,0.9653080105781555
3566,7,7,1,0.9184547066688538
3567,6,6,1,0.9650292992591858
3568,0,0,1,0.9624577760696411
3569,9,9,1,0.7507660984992981
3570,3,3,1,0.8165208101272583
3571,5,5,1,0.852785587310791
3572,3,3,1,0.9095038771629333
3573,2,2,1,0.6367933750152588
3574,5,5,1,0.6925712823867798
3575,3,3,1,0.9129533767700195
3576,4,4,1,0.9491285085678101
3577,9,9,1,0.843825101852417
3578,7,7,1,0.9169957041740417
3579,1,1,1,0.9638484120368958
3580,4,4,1,0.9264105558395386
3581,4,4,1,0.9513843059539795
3582,6,6,1,0.9784515500068665
3583,1,1,1,0.9799672365188599
3584,3,3,1,0.8832330703735352
3585,8,8,1,0.9723601341247559
3586,8,8,1,0.980221152305603
3587,0,1,0,0.5901344418525696
3588,6,6,1,0.9911964535713196
3589,7,7,1,0.8286014199256897
3590,7,7,1,0.8910113573074341
3591,6,6,1,0.8872780203819275
3592,7,7,1,0.9696006178855896
3593,2,2,1,0.5834311246871948
3594,3,8,0,0.5315911173820496
3595,2,2,1,0.9096266627311707
3596,2,4,0,0.8874008059501648
3597,6,6,1,0.9535106420516968
3598,2,2,1,0.9604018330574036
3599,7,7,1,0.9762691259384155
3600,4,3,0,0.6204394698143005
3601,0,7,0,0.46871715784072876
3602,3,3,1,0.6501880884170532
3603,6,5,0,0.7070764899253845
3604,2,2,1,0.9508813619613647
3605,6,4,0,0.700555145740509
3606,3,3,1,0.9152563810348511
3607,3,2,0,0.9060433506965637
3608,0,9,0,0.7209734320640564
3609,9,9,1,0.7675526738166809
3610,5,5,1,0.9188704490661621
3611,1,1,1,0.8290414810180664
3612,1,8,0,0.6765315532684326
3613,5,5,1,0.9390553832054138
3614,3,3,1,0.755332887172699
3615,6,7,0,0.6206561326980591
3616,4,4,1,0.9312178492546082
3617,3,3,1,0.9170259833335876
3618,4,2,0,0.8899872303009033
3619,1,1,1,0.9222332239151001
3620,0,0,1,0.9079165458679199
3621,4,4,1,0.9267758727073669
3622,5,3,0,0.8600770831108093
3623,5,5,1,0.9130158424377441
3624,2,4,0,0.8272364735603333
3625,8,8,1,0.872626543045044
3626,9,9,1,0.9262924194335938
3627,4,4,1,0.817859411239624
3628,3,3,1,0.7994899749755859
3629,1,1,1,0.813878059387207
3630,8,8,1,0.9798083305358887
3631,0,7,0,0.6555808186531067
3632,1,1,1,0.939730167388916
3633,3,3,1,0.9314271211624146
3634,3,3,1,0.6448208093643188
3635,4,4,1,0.910519540309906
3636,4,4,1,0.6315886378288269
3637,2,2,1,0.8299856781959534
3638,9,9,1,0.9113297462463379
3639,7,7,1,0.9091500639915466
3640,6,6,1,0.8854716420173645
3641,8,8,1,0.9583176970481873
3642,1,1,1,0.9688028693199158
3643,8,8,1,0.9590415358543396
3644,9,9,1,0.7692851424217224
3645,1,9,0,0.924713671207428
3646,3,3,1,0.7051255702972412
3647,1,1,1,0.8360468149185181
3648,7,7,1,0.9652507901191711
3649,3,3,1,0.913415253162384
3650,0,0,1,0.9251644015312195
3651,0,9,0,0.716727614402771
3652,2,2,1,0.9500529170036316
3653,8,8,1,0.8812422156333923
3654,3,3,1,0.6710433959960938
3655,9,9,1,0.9622458815574646
3656,2,2,1,0.7920135855674744
3657,7,7,1,0.9311114549636841
3658,2,4,0,0.8338181972503662
3659,6,6,1,0.9519631266593933
3660,0,0,1,0.938050389289856
3661,1,1,1,0.9870039224624634
3662,6,6,1,0.8333081007003784
3663,1,1,1,0.9796211123466492
3664,6,6,1,0.9640246629714966
3665,7,7,1,0.9293299913406372
3666,5,5,1,0.8434764742851257
3667,5,5,1,0.9362003803253174
3668,2,2,1,0.6128264665603638
3669,5,7,0,0.6509247422218323
3670,9,9,1,0.9273098111152649
3671,4,4,1,0.9029331207275391
3672,0,0,1,0.9835426807403564
3673,2,0,0,0.5886871814727783
3674,3,3,1,0.9342958927154541
3675,4,4,1,0.9623219966888428
3676,9,9,1,0.8793160915374756
3677,4,4,1,0.6142857670783997
3678,1,1,1,0.9730757474899292
3679,0,0,1,0.8130745887756348
3680,0,0,1,0.9106379151344299
3681,2,2,1,0.9054688811302185
3682,3,3,1,0.6280384659767151
3683,8,0,0,0.50984126329422
3684,9,9,1,0.9001862406730652
3685,2,2,1,0.91410231590271
3686,8,8,1,0.9812434315681458
3687,9,9,1,0.884734570980072
3688,5,5,1,0.6251136660575867
3689,7,7,1,0.8073971271514893
3690,9,9,1,0.9521366357803345
3691,1,1,1,0.9491534233093262
3692,4,4,1,0.9176293611526489
3693,6,6,1,0.7375933527946472
3694,2,2,1,0.8260283470153809
3695,8,8,1,0.9860578179359436
3696,4,2,0,0.8122065663337708
3697,4,4,1,0.5092954635620117
3698,8,8,1,0.9345812797546387
3699,9,9,1,0.9330013990402222
3700,3,3,1,0.8365312814712524
3701,1,1,1,0.982219398021698
3702,1,1,1,0.7768718004226685
3703,6,6,1,0.8097865581512451
3704,5,4,0,0.3866899609565735
3705,8,8,1,0.9725039005279541
3706,4,4,1,0.6950327754020691
3707,6,6,1,0.7147131562232971
3708,4,6,0,0.7769609093666077
3709,5,5,1,0.9255756139755249
3710,2,2,1,0.9185943007469177
3711,6,6,1,0.647735059261322
3712,4,4,1,0.89773029088974
3713,2,2,1,0.867186427116394
3714,3,3,1,0.7870597839355469
3715,1,1,1,0.8589063882827759
3716,3,3,1,0.7534191012382507
3717,6,6,1,0.9884994029998779
3718,8,8,1,0.9087325930595398
3719,5,5,1,0.8427506685256958
3720,2,2,1,0.9012552499771118
3721,2,0,0,0.791414201259613
3722,7,7,1,0.9771803617477417
3723,1,1,1,0.9564680457115173
3724,6,6,1,0.49914225935935974
3725,2,2,1,0.8381916284561157
3726,5,3,0,0.8063498735427856
3727,9,9,1,0.9504785537719727
3728,2,3,0,0.7679227590560913
3729,8,8,1,0.9889612197875977
3730,1,1,1,0.9592366814613342
3731,6,6,1,0.965516984462738
3732,9,9,1,0.8935590386390686
3733,2,5,0,0.6915234923362732
3734,7,5,0,0.757081151008606
3735,5,5,1,0.6390504240989685
3736,3,3,1,0.8577448129653931
3737,2,2,1,0.9556649923324585
3738,9,9,1,0.9178639650344849
3739,7,7,1,0.967796802520752
3740,0,0,1,0.9829797148704529
3741,2,7,0,0.63434237241745
3742,9,9,1,0.8644867539405823
3743,3,3,1,0.8711294531822205
3744,4,4,1,0.8639968037605286
3745,1,1,1,0.975128173828125
3746,7,2,0,0.6072888970375061
3747,9,9,1,0.9094396233558655
3748,5,5,1,0.9317312240600586
3749,8,8,1,0.9090588092803955
3750,9,9,1,0.8931978940963745
3751,7,7,1,0.9598800539970398
3752,3,3,1,0.5310757756233215
3753,4,3,0,0.6497339010238647
3754,0,0,1,0.8372392058372498
3755,9,1,0,0.6957907676696777
3756,7,7,1,0.9699161052703857
3757,4,4,1,0.9337794184684753
3758,2,2,1,0.5893258452415466
3759,4,4,1,0.8140641450881958
3760,7,7,1,0.9616178274154663
3761,0,0,1,0.6943634152412415
3762,1,1,1,0.7079728841781616
3763,8,8,1,0.9379006624221802
3764,1,1,1,0.9880437254905701
3765,0,0,1,0.9436389803886414
3766,4,4,1,0.8465116024017334
3767,6,6,1,0.9409331679344177
3768,1,1,1,0.8501279354095459
3769,9,9,1,0.9294360876083374
3770,9,9,1,0.6678491234779358
3771,2,0,0,0.9493552446365356
3772,1,1,1,0.9412316679954529
3773,2,5,0,0.8612101078033447
3774,5,7,0,0.43934834003448486
3775,6,6,1,0.9328699111938477
3776,9,9,1,0.8504763245582581
3777,7,7,1,0.9613696336746216
3778,7,4,0,0.7265424132347107
3779,3,3,1,0.8097595572471619
3780,4,4,1,0.9642550945281982
3781,2,2,1,0.8502247929573059
3782,0,0,1,0.9826414585113525
3783,2,2,1,0.5012089610099792
3784,5,5,1,0.9486952424049377
3785,6,2,0,0.7870461344718933
3786,7,7,1,0.9612600803375244
3787,3,4,0,0.6111116409301758
3788,7,7,1,0.9372497200965881
3789,9,1,0,0.3942438066005707
3790,4,4,1,0.9769650101661682
3791,2,2,1,0.6522104144096375
3792,0,1,0,0.5070608854293823
3793,6,6,1,0.8268365263938904
3794,1,1,1,0.9693864583969116
3795,7,7,1,0.9358285665512085
3796,5,5,1,0.9094694256782532
3797,6,6,1,0.7289454340934753
3798,5,5,1,0.9301896095275879
3799,3,7,0,0.8606364130973816
3800,9,9,1,0.9292879104614258
3801,2,2,1,0.7530297636985779
3802,7,7,1,0.9510886073112488
3803,8,8,1,0.9853772521018982
3804,5,5,1,0.8268800377845764
3805,9,9,1,0.9497603178024292
3806,5,6,0,0.7128802537918091
3807,8,8,1,0.9142223596572876
3808,5,5,1,0.9078162312507629
3809,4,4,1,0.8853374719619751
3810,3,3,1,0.9018665552139282
3811,7,7,1,0.949743926525116
3812,9,9,1,0.9467434883117676
3813,8,8,1,0.9579276442527771
3814,1,1,1,0.9842343330383301
3815,2,2,1,0.4980984628200531
3816,2,4,0,0.8746509552001953
3817,8,8,1,0.913655161857605
3818,9,9,1,0.9533678293228149
3819,3,3,1,0.7887518405914307
3820,0,0,1,0.8517899513244629
3821,8,6,0,0.5522774457931519
3822,4,4,1,0.8510433435440063
3823,0,0,1,0.8604261875152588
3824,2,2,1,0.9189205169677734
3825,0,0,1,0.9678553342819214
3826,1,1,1,0.9282644987106323
3827,4,4,1,0.8189634680747986
3828,1,4,0,0.45281529426574707
3829,8,8,1,0.8540830612182617
3830,5,5,1,0.7466357350349426
3831,5,5,1,0.834225058555603
3832,7,7,1,0.8576709032058716
3833,9,9,1,0.9251584410667419
3834,8,8,1,0.7909027934074402
3835,3,5,0,0.6308435797691345
3836,7,7,1,0.971437931060791
3837,9,9,1,0.9437416195869446
3838,1,1,1,0.9711148738861084
3839,5,5,1,0.9285756945610046
3840,6,4,0,0.4270040690898895
3841,9,9,1,0.9185481071472168
3842,8,8,1,0.9101880192756653
3843,7,7,1,0.8581156730651855
3844,2,3,0,0.5385376811027527
3845,0,0,1,0.9356917142868042
3846,9,9,1,0.9299995303153992
3847,0,0,1,0.9137380123138428
3848,8,8,1,0.902213990688324
3849,5,4,0,0.67366623878479
3850,9,9,1,0.9508550763130188
3851,4,5,0,0.7943433523178101
3852,2,2,1,0.8527685403823853
3853,9,9,1,0.8959468603134155
3854,8,8,1,0.9360135197639465
3855,1,1,1,0.9608147144317627
3856,9,9,1,0.9244280457496643
3857,1,1,1,0.9328656196594238
3858,8,8,1,0.9483065009117126
3859,3,3,1,0.7527582049369812
3860,7,7,1,0.9713812470436096
3861,6,6,1,0.9069564342498779
3862,4,4,1,0.9108964800834656
3863,2,0,0,0.7684473991394043
3864,3,3,1,0.8238545656204224
3865,7,7,1,0.9097993969917297
3866,0,0,1,0.841588020324707
3867,3,5,0,0.8584343194961548
3868,5,5,1,0.4677659273147583
3869,8,8,1,0.9752952456474304
3870,8,8,1,0.9446572661399841
3871,8,8,1,0.9901150465011597
3872,7,5,0,0.6895252466201782
3873,9,9,1,0.9405983090400696
3874,6,6,1,0.9392876029014587
3875,2,2,1,0.6203593611717224
3876,7,7,1,0.9397395849227905
3877,4,4,1,0.9472917318344116
3878,5,5,1,0.7480466365814209
3879,7,7,1,0.9457252621650696
3880,6,6,1,0.9271283149719238
3881,7,7,1,0.738362193107605
3882,1,1,1,0.8413665890693665
3883,7,7,1,0.8262326121330261
3884,3,3,1,0.6821050047874451
3885,6,6,1,0.9404086470603943
3886,8,8,1,0.9830631017684937
3887,2,4,0,0.8545374274253845
3888,6,6,1,0.9815097451210022
3889,6,6,1,0.9610143899917603
3890,7,5,0,0.6802212595939636
3891,1,1,1,0.8856396675109863
3892,5,5,1,0.6474973559379578
3893,9,9,1,0.9331420063972473
3894,7,7,1,0.914488673210144
3895,1,1,1,0.9227896332740784
3896,7,7,1,0.9405430555343628
3897,0,0,1,0.8136581778526306
3898,1,1,1,0.9748262166976929
3899,6,6,1,0.5279108881950378
3900,3,6,0,0.8472408652305603
3901,3,3,1,0.7016345858573914
3902,9,9,1,0.6100665330886841
3903,0,0,1,0.7614234685897827
3904,1,1,1,0.9521147608757019
3905,2,2,1,0.5862984657287598
3906,3,3,1,0.46870893239974976
3907,2,2,1,0.9751100540161133
3908,2,2,1,0.9658080339431763
3909,5,5,1,0.7612192034721375
3910,4,4,1,0.6792154312133789
3911,9,9,1,0.9619944095611572
3912,8,8,1,0.7848312854766846
3913,7,7,1,0.93052738904953
3914,4,4,1,0.9529728293418884
3915,4,4,1,0.7877494692802429
3916,9,9,1,0.9574286341667175
3917,7,5,0,0.6762642860412598
3918,6,6,1,0.9368889927864075
3919,7,7,1,0.9358696341514587
3920,7,5,0,0.7029309272766113
3921,1,1,1,0.8624944686889648
3922,2,9,0,0.7738386988639832
3923,3,5,0,0.5342777967453003
3924,5,4,0,0.6199153661727905
3925,1,1,1,0.7935872673988342
3926,9,9,1,0.9616592526435852
3927,0,0,1,0.9378567934036255
3928,3,6,0,0.674795925617218
3929,3,3,1,0.8921967148780823
3930,1,1,1,0.9436052441596985
3931,5,5,1,0.8926869630813599
3932,6,6,1,0.8209903240203857
3933,6,6,1,0.6981179118156433
3934,2,2,1,0.5107200145721436
3935,4,4,1,0.7867826819419861
3936,6,6,1,0.946618378162384
3937,8,8,1,0.9779424667358398
3938,8,8,1,0.955795407295227
3939,9,9,1,0.8636768460273743
3940,6,6,1,0.930609405040741
3941,6,6,1,0.9122571349143982
3942,1,1,1,0.49095267057418823
3943,0,0,1,0.9526838064193726
3944,7,7,1,0.9432013034820557
3945,5,5,1,0.8963218927383423
3946,8,8,1,0.9877647161483765
3947,2,4,0,0.8211464881896973
3948,1,1,1,0.7718122005462646
3949,5,5,1,0.8699072599411011
3950,8,8,1,0.941569447517395
3951,1,1,1,0.9762449264526367
3952,4,4,1,0.9203935265541077
3953,7,7,1,0.4262469708919525
3954,5,5,1,0.9323731064796448
3955,0,0,1,0.9362970590591431
3956,3,3,1,0.49043601751327515
3957,9,0,0,0.9085647463798523
3958,9,9,1,0.9697547554969788
3959,5,5,1,0.9119815826416016
3960,2,2,1,0.926533579826355
3961,8,8,1,0.9604016542434692
3962,4,7,0,0.8406132459640503
3963,1,1,1,0.8684295415878296
3964,9,9,1,0.882140040397644
3965,0,0,1,0.8752203583717346
3966,4,4,1,0.8876973986625671
3967,4,4,1,0.7063761353492737
3968,8,8,1,0.917762041091919
3969,2,2,1,0.9609658718109131
3970,9,9,1,0.9366372227668762
3971,0,0,1,0.8603952527046204
3972,7,7,1,0.9147388935089111
3973,9,9,1,0.9134396314620972
3974,8,8,1,0.9738267064094543
3975,7,7,1,0.949984073638916
3976,1,1,1,0.9546108841896057
3977,3,6,0,0.9002993702888489
3978,2,2,1,0.8350979685783386
3979,9,9,1,0.9105381369590759
3980,9,0,0,0.714388370513916
3981,5,5,1,0.6877408027648926
3982,9,9,1,0.9702568650245667
3983,7,5,0,0.6272478103637695
3984,6,6,1,0.9157068729400635
3985,7,7,1,0.9627043604850769
3986,7,7,1,0.9428473711013794
3987,1,1,1,0.9565479159355164
3988,1,1,1,0.8832553029060364
3989,2,2,1,0.9516401886940002
3990,4,4,1,0.8075142502784729
3991,2,2,1,0.9053923487663269
3992,0,0,1,0.9318585991859436
3993,6,6,1,0.9655618071556091
3994,8,8,1,0.9843201637268066
3995,7,9,0,0.6541239023208618
3996,6,6,1,0.6920627951622009
3997,2,4,0,0.5710062980651855
3998,2,7,0,0.4980359971523285
3999,9,9,1,0.888859212398529
4000,8,8,1,0.7538642883300781
4001,2,3,0,0.5940152406692505
4002,4,4,1,0.8808048963546753
4003,2,0,0,0.9263948798179626
4004,0,0,1,0.5108112096786499
4005,5,5,1,0.7463388442993164
4006,8,8,1,0.9964646697044373
4007,6,6,1,0.9554601907730103
4008,8,8,1,0.9630282521247864
4009,2,2,1,0.9438228011131287
4010,7,7,1,0.8917730450630188
4011,7,7,1,0.8316304087638855
4012,3,5,0,0.7685173153877258
4013,1,1,1,0.6726039052009583
4014,8,8,1,0.9597173929214478
4015,1,1,1,0.9727126359939575
4016,6,6,1,0.5461561679840088
4017,5,5,1,0.9465609788894653
4018,9,9,1,0.9424465298652649
4019,7,7,1,0.9301754236221313
4020,8,8,1,0.9607290029525757
4021,9,9,1,0.9511774778366089
4022,6,6,1,0.9038658738136292
4023,4,3,0,0.6202757954597473
4024,8,8,1,0.9880276322364807
4025,1,1,1,0.6388628482818604
4026,9,9,1,0.9268121719360352
4027,4,4,1,0.9540591835975647
4028,0,0,1,0.9142147898674011
4029,4,4,1,0.7759159207344055
4030,1,1,1,0.9687996506690979
4031,4,4,1,0.9333208799362183
4032,3,3,1,0.6638810634613037
4033,6,6,1,0.7124291062355042
4034,2,2,1,0.9359294176101685
4035,2,2,1,0.9559707641601562
4036,7,0,0,0.8172512054443359
4037,0,0,1,0.9739622473716736
4038,0,1,0,0.5895142555236816
4039,7,7,1,0.9589722752571106
4040,0,0,1,0.8782914876937866
4041,7,7,1,0.8220109939575195
4042,4,4,1,0.46198007464408875
4043,3,3,1,0.8657547831535339
4044,6,2,0,0.6288320422172546
4045,7,7,1,0.9596987366676331
4046,7,7,1,0.9488252401351929
4047,4,4,1,0.848118245601654
4048,5,5,1,0.7791527509689331
4049,4,4,1,0.9592735171318054
4050,3,3,1,0.9390497803688049
4051,5,5,1,0.7213985919952393
4052,5,5,1,0.8346369862556458
4053,4,4,1,0.9144816398620605
4054,7,0,0,0.5330566763877869
4055,1,0,0,0.7878243327140808
4056,0,0,1,0.8943023085594177
4057,7,7,1,0.9624897837638855
4058,7,7,1,0.775427520275116
4059,1,1,1,0.9614951014518738
4060,6,6,1,0.9374358057975769
4061,5,5,1,0.9373594522476196
4062,0,8,0,0.7214682102203369
4063,7,7,1,0.8511974215507507
4064,7,7,1,0.9706987738609314
4065,4,4,1,0.8985589742660522
4066,6,6,1,0.898560643196106
4067,1,1,1,0.9678153991699219
4068,8,8,1,0.9448789954185486
4069,5,5,1,0.9385124444961548
4070,9,9,1,0.8989920616149902
4071,3,8,0,0.4001946449279785
4072,5,5,1,0.902447521686554
4073,6,6,1,0.9096643924713135
4074,2,2,1,0.917496383190155
4075,2,2,1,0.8524777889251709
4076,7,7,1,0.9040518999099731
4077,3,3,1,0.718303382396698
4078,5,5,1,0.9341362118721008
4079,8,8,1,0.938196063041687
4080,1,1,1,0.9896084666252136
4081,0,0,1,0.7768006324768066
4082,6,6,1,0.8721857070922852
4083,8,8,1,0.9581042528152466
4084,7,7,1,0.9731605648994446
4085,8,8,1,0.7321107983589172
4086,8,8,1,0.9775757193565369
4087,5,5,1,0.8916329741477966
4088,7,7,1,0.9755097031593323
4089,5,5,1,0.4288489520549774
4090,4,4,1,0.8349550366401672
4091,9,9,1,0.9776334166526794
4092,7,7,1,0.9162394404411316
4093,3,3,1,0.8954893946647644
4094,3,5,0,0.6605272889137268
4095,8,8,1,0.7018665075302124
4096,8,8,1,0.723870575428009
4097,3,4,0,0.5703355073928833
4098,9,9,1,0.9493737816810608
4099,4,4,1,0.953498125076294
4100,7,7,1,0.964782178401947
4101,2,4,0,0.43127134442329407
4102,0,0,1,0.9443073272705078
4103,8,8,1,0.9638216495513916
4104,0,0,1,0.9517695903778076
4105,7,7,1,0.9357070922851562
4106,3,8,0,0.5877423286437988
4107,3,7,0,0.6467927098274231
4108,2,2,1,0.7334927320480347
4109,5,5,1,0.7630164623260498
4110,2,2,1,0.9467673897743225
4111,4,9,0,0.627508819103241
4112,4,5,0,0.879865825176239
4113,0,0,1,0.9897796511650085
4114,4,4,1,0.7491580843925476
4115,8,8,1,0.8245649933815002
4116,2,2,1,0.9204574823379517
4117,4,4,1,0.773383378982544
4118,0,2,0,0.8323419690132141
4119,6,6,1,0.8518579602241516
4120,4,4,1,0.9307213425636292
4121,5,7,0,0.5941596031188965
4122,6,6,1,0.9454282522201538
4123,0,0,1,0.915399432182312
4124,8,1,0,0.8475337624549866
4125,8,8,1,0.48765870928764343
4126,0,0,1,0.6156021952629089
4127,6,6,1,0.9172032475471497
4128,1,1,1,0.9910407662391663
4129,1,1,1,0.9608789086341858
4130,6,6,1,0.9425784349441528
4131,1,1,1,0.9529987573623657
4132,4,4,1,0.9409187436103821
4133,2,3,0,0.594807505607605
4134,1,1,1,0.9174702763557434
4135,1,1,1,0.7241860628128052
4136,2,2,1,0.9643833041191101
4137,4,5,0,0.5085778832435608
4138,4,4,1,0.9173923134803772
4139,5,1,0,0.586097240447998
4140,5,5,1,0.7364487051963806
4141,8,8,1,0.9493225812911987
4142,8,8,1,0.9569921493530273
4143,5,5,1,0.930785059928894
4144,1,1,1,0.9633823037147522
4145,8,8,1,0.9870589971542358
4146,2,2,1,0.9161089658737183
4147,3,3,1,0.6819611191749573
4148,3,3,1,0.9185639023780823
4149,9,9,1,0.9152865409851074
4150,6,6,1,0.914682149887085
4151,6,6,1,0.9116382598876953
4152,5,1,0,0.7870998978614807
4153,0,0,1,0.9706659913063049
4154,7,7,1,0.9600955247879028
4155,3,3,1,0.590683102607727
4156,3,3,1,0.9384647607803345
4157,2,2,1,0.7862001657485962
4158,7,7,1,0.8624950647354126
4159,4,4,1,0.9743345975875854
4160,5,5,1,0.9448511600494385
4161,6,6,1,0.9327349066734314
4162,0,0,1,0.7869881391525269
4163,2,6,0,0.7439165115356445
4164,1,1,1,0.9665597677230835
4165,8,8,1,0.6531103253364563
4166,1,0,0,0.5445898771286011
4167,0,0,1,0.9727360010147095
4168,9,9,1,0.9525854587554932
4169,3,3,1,0.6599266529083252
4170,1,1,1,0.6209279894828796
4171,0,0,1,0.8497498631477356
4172,5,5,1,0.8076291680335999
4173,4,4,1,0.6721312999725342
4174,2,2,1,0.732301652431488
4175,3,7,0,0.6430280208587646
4176,3,3,1,0.840186357498169
4177,6,6,1,0.8979311585426331
4178,7,7,1,0.9772505760192871
4179,6,6,1,0.758391261100769
4180,0,0,1,0.9507556557655334
4181,0,0,1,0.7827386856079102
4182,5,5,1,0.9221368432044983
4183,7,7,1,0.9743860363960266
4184,4,4,1,0.9332007765769958
4185,7,4,0,0.8521193861961365
4186,7,7,1,0.9722180366516113
4187,0,0,1,0.778993546962738
4188,6,6,1,0.9511566758155823
4189,1,1,1,0.9833256006240845
4190,3,5,0,0.47711166739463806
4191,9,9,1,0.8794623017311096
4192,0,9,0,0.8297234177589417
4193,9,9,1,0.6422670483589172
4194,0,0,1,0.9223330020904541
4195,3,5,0,0.7028753757476807
4196,8,8,1,0.977354109287262
4197,4,4,1,0.895270049571991
4198,8,0,0,0.866229772567749
4199,8,8,1,0.9581746459007263
4200,4,4,1,0.9619492292404175
4201,1,1,1,0.9439486861228943
4202,0,0,1,0.839959979057312
4203,2,2,1,0.8996459245681763
4204,2,6,0,0.5492132306098938
4205,4,4,1,0.9478239417076111
4206,1,1,1,0.9633936285972595
4207,1,1,1,0.9535460472106934
4208,2,2,1,0.8682032227516174
4209,4,7,0,0.6469420790672302
4210,3,3,1,0.6352996826171875
4211,4,4,1,0.9188520908355713
4212,1,1,1,0.9576541781425476
4213,4,4,1,0.9720534682273865
4214,7,7,1,0.9411147236824036
4215,1,1,1,0.8751370310783386
4216,0,0,1,0.951712429523468
4217,0,0,1,0.7520675659179688
4218,9,9,1,0.9595068097114563
4219,0,0,1,0.7810329794883728
4220,4,4,1,0.6565089821815491
4221,2,2,1,0.8879997730255127
4222,8,8,1,0.9429214000701904
4223,8,8,1,0.6187421083450317
4224,5,5,1,0.7311775088310242
4225,5,5,1,0.9450179934501648
4226,0,0,1,0.881231963634491
4227,4,4,1,0.686211109161377
4228,0,8,0,0.6862064003944397
4229,8,8,1,0.8575429320335388
4230,6,2,0,0.9008646607398987
4231,2,2,1,0.9750503897666931
4232,5,5,1,0.955399751663208
4233,9,9,1,0.9394563436508179
4234,2,2,1,0.9471285343170166
4235,9,9,1,0.9428189992904663
4236,1,1,1,0.9796869158744812
4237,1,1,1,0.9264606237411499
4238,5,3,0,0.8076788783073425
4239,4,4,1,0.8761483430862427
4240,7,7,1,0.9569650888442993
4241,5,5,1,0.8840778470039368
4242,8,8,1,0.9447416067123413
4243,6,6,1,0.9718353748321533
4244,2,7,0,0.476304829120636
4245,1,1,1,0.9531018137931824
4246,5,5,1,0.9576062560081482
4247,5,5,1,0.6500577330589294
4248,3,3,1,0.8047290444374084
4249,4,4,1,0.931249737739563
4250,1,1,1,0.9505508542060852
4251,8,8,1,0.8167845606803894
4252,9,9,1,0.9376032948493958
4253,9,9,1,0.9256612062454224
4254,8,8,1,0.9211578369140625
4255,9,9,1,0.9182366132736206
4256,8,8,1,0.9714908599853516
4257,6,6,1,0.9573015570640564
4258,8,8,1,0.8866879343986511
4259,5,5,1,0.9312659502029419
4260,8,8,1,0.9470646381378174
4261,9,9,1,0.6470117568969727
4262,4,4,1,0.9458812475204468
4263,6,6,1,0.9599510431289673
4264,2,2,1,0.8534403443336487
4265,6,6,1,0.7193353772163391
4266,3,3,1,0.7897067070007324
4267,7,7,1,0.9256218075752258
4268,4,4,1,0.824288010597229
4269,0,0,1,0.8648102879524231
4270,0,0,1,0.8041712641716003
4271,1,1,1,0.8649131059646606
4272,7,7,1,0.9412844777107239
4273,5,5,1,0.9054307341575623
4274,1,1,1,0.9469715356826782
4275,5,5,1,0.9389559626579285
4276,9,1,0,0.8800240159034729
4277,3,3,1,0.8837193250656128
4278,1,1,1,0.9946598410606384
4279,6,6,1,0.8051297068595886
4280,8,8,1,0.7746135592460632
4281,7,7,1,0.7597953081130981
4282,3,6,0,0.5916324853897095
4283,6,6,1,0.892652690410614
4284,9,9,1,0.9117931723594666
4285,1,1,1,0.7963260412216187
4286,2,0,0,0.5098786950111389
4287,0,3,0,0.7745869159698486
4288,1,1,1,0.8619722127914429
4289,7,7,1,0.9173673391342163
4290,2,2,1,0.849277138710022
4291,6,3,0,0.5239028930664062
4292,1,1,1,0.9720314741134644
4293,9,9,1,0.8458189368247986
4294,0,0,1,0.8774034976959229
4295,0,0,1,0.9459084868431091
4296,8,8,1,0.9317958354949951
4297,9,9,1,0.9561788439750671
4298,9,9,1,0.9544944763183594
4299,2,8,0,0.49147817492485046
4300,8,8,1,0.8897811770439148
4301,6,6,1,0.6639755368232727
4302,2,5,0,0.7289808988571167
4303,5,5,1,0.9144627451896667
4304,6,6,1,0.6440882682800293
4305,0,0,1,0.9752287864685059
4306,3,3,1,0.8123418092727661
4307,3,3,1,0.7034725546836853
4308,0,0,1,0.7675975561141968
4309,7,5,0,0.6325147151947021
4310,4,4,1,0.7019655704498291
4311,7,7,1,0.9285256266593933
4312,5,5,1,0.946434736251831
4313,0,3,0,0.6366692185401917
4314,1,1,1,0.9721508026123047
4315,6,0,0,0.714119553565979
4316,8,8,1,0.9586426019668579
4317,8,8,1,0.9286989569664001
4318,1,1,1,0.9598534107208252
4319,2,2,1,0.6320942640304565
4320,1,1,1,0.812613844871521
4321,5,5,1,0.9217504858970642
4322,4,4,1,0.871354877948761
4323,5,5,1,0.9719758629798889
4324,9,9,1,0.9539654850959778
4325,6,6,1,0.9137415885925293
4326,7,7,1,0.9511281251907349
4327,1,1,1,0.9892725348472595
4328,0,0,1,0.9577370882034302
4329,6,6,1,0.6164790987968445
4330,9,9,1,0.9528238773345947
4331,2,5,0,0.5768165588378906
4332,7,2,0,0.6068769097328186
4333,7,7,1,0.6565639972686768
4334,3,5,0,0.6479102373123169
4335,9,9,1,0.7871394157409668
4336,9,9,1,0.9483127593994141
4337,1,1,1,0.9216961860656738
4338,9,9,1,0.9193251132965088
4339,7,7,1,0.974992036819458
4340,0,0,1,0.9187778830528259
4341,1,1,1,0.9834117889404297
4342,3,3,1,0.9152862429618835
4343,5,5,1,0.8883439302444458
4344,4,4,1,0.8663702011108398
4345,6,6,1,0.8769290447235107
4346,3,3,1,0.930633008480072
4347,8,8,1,0.9430156350135803
4348,8,8,1,0.9527708888053894
4349,0,0,1,0.9242362976074219
4350,4,4,1,0.9260585904121399
4351,8,8,1,0.9446411728858948
4352,3,5,0,0.7528523206710815
4353,6,6,1,0.8782933950424194
4354,7,7,1,0.889817476272583
4355,0,3,0,0.7683294415473938
4356,0,0,1,0.9951260089874268
4357,4,4,1,0.7572966814041138
4358,5,5,1,0.8664114475250244
4359,2,2,1,0.9490355849266052
4360,6,6,1,0.9854822754859924
4361,8,8,1,0.9671788215637207
4362,4,4,1,0.9432204365730286
4363,9,9,1,0.9378722906112671
4364,9,9,1,0.9515268802642822
4365,9,9,1,0.9535406827926636
4366,2,2,1,0.5559659004211426
4367,0,0,1,0.6690278053283691
4368,4,6,0,0.5439344048500061
4369,2,2,1,0.6484596133232117
4370,8,8,1,0.9889636039733887
4371,1,1,1,0.965018630027771
4372,1,1,1,0.9863588809967041
4373,0,0,1,0.8898765444755554
4374,0,0,1,0.8914000391960144
4375,3,3,1,0.5861135125160217
4376,7,7,1,0.9234359860420227
4377,4,4,1,0.9516212344169617
4378,1,1,1,0.81230229139328
4379,1,1,1,0.9728304743766785
4380,9,9,1,0.7045319080352783
4381,7,7,1,0.9239585995674133
4382,7,7,1,0.9711946845054626
4383,4,4,1,0.8866115808486938
4384,6,6,1,0.7154402136802673
4385,8,8,1,0.9703535437583923
4386,6,6,1,0.7163051962852478
4387,0,0,1,0.8751354217529297
4388,2,2,1,0.805801272392273
4389,8,8,1,0.9820666313171387
4390,5,5,1,0.965669572353363
4391,3,0,0,0.41407066583633423
4392,5,2,0,0.5511263608932495
4393,3,3,1,0.8409091234207153
4394,5,5,1,0.966098964214325
4395,7,7,1,0.9468013048171997
4396,9,9,1,0.9294120669364929
4397,8,8,1,0.9609677791595459
4398,4,7,0,0.8409820199012756
4399,4,4,1,0.8348208069801331
4400,3,3,1,0.7008947730064392
4401,1,1,1,0.9469029307365417
4402,4,4,1,0.9259301424026489
4403,8,8,1,0.9137939214706421
4404,3,4,0,0.7782279253005981
4405,6,6,1,0.7510221004486084
4406,5,5,1,0.906307578086853
4407,3,3,1,0.9576400518417358
4408,0,1,0,0.4917624890804291
4409,8,8,1,0.6727209687232971
4410,9,9,1,0.9435580372810364
4411,5,5,1,0.7641499638557434
4412,7,7,1,0.9430366158485413
4413,6,6,1,0.9500989317893982
4414,2,2,1,0.7007166147232056
4415,0,0,1,0.9591209888458252
4416,4,2,0,0.7838901281356812
4417,9,9,1,0.9161059856414795
4418,9,9,1,0.8357701301574707
4419,0,0,1,0.9388802647590637
4420,5,5,1,0.839667558670044
4421,2,2,1,0.8778378963470459
4422,3,3,1,0.9234152436256409
4423,6,2,0,0.6276165843009949
4424,1,1,1,0.9772425889968872
4425,1,1,1,0.9604001641273499
4426,0,0,1,0.9404353499412537
4427,2,2,1,0.9187960028648376
4428,8,8,1,0.9750210046768188
4429,2,2,1,0.9480859637260437
4430,1,1,1,0.9256527423858643
4431,1,1,1,0.8221145272254944
4432,7,7,1,0.6882997155189514
4433,5,5,1,0.9492623805999756
4434,2,2,1,0.9628807306289673
4435,3,3,1,0.8917773365974426
4436,4,4,1,0.5615132451057434
4437,1,1,1,0.9507973194122314
4438,2,5,0,0.6173206567764282
4439,9,6,0,0.46379461884498596
4440,2,2,1,0.9309317469596863
4441,1,1,1,0.8468238115310669
4442,3,1,0,0.33059653639793396
4443,4,4,1,0.9646178483963013
4444,8,8,1,0.9817920327186584
4445,9,9,1,0.9478944540023804
4446,0,9,0,0.5655224323272705
4447,0,8,0,0.5971512794494629
4448,4,4,1,0.6734244227409363
4449,9,9,1,0.7549407482147217
4450,0,0,1,0.8805198073387146
4451,2,2,1,0.8070144057273865
4452,2,2,1,0.9023772478103638
4453,0,0,1,0.7884899973869324
4454,6,6,1,0.9535571932792664
4455,8,8,1,0.9946498274803162
4456,7,7,1,0.9720189571380615
4457,3,3,1,0.7648250460624695
4458,3,3,1,0.8968045711517334
4459,8,8,1,0.9726572632789612
4460,9,9,1,0.8832752108573914
4461,0,0,1,0.9028902053833008
4462,2,2,1,0.9407368898391724
4463,5,2,0,0.37220335006713867
4464,3,3,1,0.9137612581253052
4465,6,6,1,0.7479345798492432
4466,1,1,1,0.9587318897247314
4467,3,3,1,0.8714056611061096
4468,9,8,0,0.7913993000984192
4469,5,5,1,0.9601147174835205
4470,0,9,0,0.7325584292411804
4471,5,5,1,0.6699526309967041
4472,4,4,1,0.7767272591590881
4473,4,4,1,0.9453475475311279
4474,0,0,1,0.9570703506469727
4475,1,1,1,0.9360970854759216
4476,1,3,0,0.736340343952179
4477,6,5,0,0.4116554260253906
4478,1,1,1,0.8912487626075745
4479,7,7,1,0.7160115242004395
4480,9,9,1,0.9426787495613098
4481,9,9,1,0.8990685939788818
4482,6,6,1,0.8509873151779175
4483,2,6,0,0.5830703973770142
4484,4,4,1,0.9605187177658081
4485,3,7,0,0.6169877052307129
4486,8,8,1,0.7916222214698792
4487,3,3,1,0.7448557019233704
4488,4,4,1,0.9801869988441467
4489,7,7,1,0.9703144431114197
4490,0,0,1,0.9478129744529724
4491,2,2,1,0.9210225343704224
4492,8,8,1,0.9103467464447021
4493,4,4,1,0.6675894856452942
4494,8,8,1,0.7365484237670898
4495,3,5,0,0.6338592171669006
4496,8,8,1,0.9152622222900391
4497,8,8,1,0.9924532771110535
4498,8,8,1,0.9366389513015747
4499,3,3,1,0.7463259696960449
4500,3,5,0,0.8984396457672119
4501,5,5,1,0.9577112197875977
4502,7,7,1,0.9326818585395813
4503,7,4,0,0.6052511930465698
4504,0,0,1,0.4599963128566742
4505,4,4,1,0.8248530626296997
4506,1,1,1,0.97450190782547
4507,5,5,1,0.8808653950691223
4508,9,8,0,0.8860565423965454
4509,7,7,1,0.8133784532546997
4510,0,0,1,0.9245555400848389
4511,6,6,1,0.9848162531852722
4512,8,8,1,0.913692831993103
4513,4,3,0,0.9290363192558289
4514,9,9,1,0.940889835357666
4515,0,0,1,0.9854798316955566
4516,1,9,0,0.7904298305511475
4517,8,8,1,0.9674876928329468
4518,9,9,1,0.9568397402763367
4519,6,3,0,0.6696920990943909
4520,3,3,1,0.8136079907417297
4521,9,9,1,0.944878876209259
4522,2,2,1,0.9416527152061462
4523,4,4,1,0.7198287844657898
4524,4,4,1,0.9400653839111328
4525,0,0,1,0.7976126670837402
4526,3,5,0,0.6623566150665283
4527,3,5,0,0.7608381509780884
4528,5,4,0,0.7857967019081116
4529,4,4,1,0.690506100654602
4530,5,5,1,0.9090204238891602
4531,1,1,1,0.9780405759811401
4532,1,1,1,0.9586483240127563
4533,8,8,1,0.8766281008720398
4534,2,2,1,0.9466650485992432
4535,2,2,1,0.8652071356773376
4536,9,9,1,0.8690537214279175
4537,3,3,1,0.8144808411598206
4538,7,7,1,0.7552573084831238
4539,8,9,0,0.6562893390655518
4540,9,9,1,0.8563425540924072
4541,2,2,1,0.9370103478431702
4542,3,4,0,0.6604188084602356
4543,1,1,1,0.9174051284790039
4544,7,7,1,0.9545517563819885
4545,3,3,1,0.7226698398590088
4546,2,0,0,0.7275291681289673
4547,3,5,0,0.7020171880722046
4548,0,3,0,0.8546478152275085
4549,1,1,1,0.9544865489006042
4550,9,1,0,0.46570318937301636
4551,5,5,1,0.8344690799713135
4552,5,3,0,0.8837265372276306
4553,3,3,1,0.698360025882721
4554,4,7,0,0.8949182629585266
4555,5,9,0,0.6433146595954895
4556,2,2,1,0.9397835731506348
4557,0,0,1,0.9598111510276794
4558,0,0,1,0.964360773563385
4559,3,3,1,0.8280770778656006
4560,1,1,1,0.9899787902832031
4561,3,5,0,0.7920100688934326
4562,4,3,0,0.6010411381721497
4563,7,5,0,0.7209380269050598
4564,4,4,1,0.9558445811271667
4565,2,3,0,0.5656625032424927
4566,8,8,1,0.9696247577667236
4567,4,5,0,0.7770987153053284
4568,8,8,1,0.9900990128517151
4569,9,9,1,0.9505921602249146
4570,9,9,1,0.9375451803207397
4571,4,4,1,0.824634850025177
4572,2,5,0,0.5367153286933899
4573,4,4,1,0.7916783690452576
4574,3,7,0,0.5572344064712524
4575,6,6,1,0.9632041454315186
4576,4,4,1,0.9004137516021729
4577,6,6,1,0.9062714576721191
4578,4,4,1,0.7362976670265198
4579,6,6,1,0.9241124987602234
4580,6,6,1,0.944464385509491
4581,3,7,0,0.5512112379074097
4582,8,0,0,0.7324714064598083
4583,7,7,1,0.9472718834877014
4584,4,4,1,0.8838573098182678
4585,8,8,1,0.9140148758888245
4586,0,0,1,0.7472496628761292
4587,5,5,1,0.9431402683258057
4588,9,9,1,0.6036673784255981
4589,3,5,0,0.8368924260139465
4590,9,2,0,0.7580242156982422
4591,0,0,1,0.9879530072212219
4592,7,7,1,0.9548477530479431
4593,5,5,1,0.8392889499664307
4594,1,1,1,0.9629395604133606
4595,9,9,1,0.9093903303146362
4596,7,7,1,0.7772205471992493
4597,9,9,1,0.9565864205360413
4598,1,1,1,0.9440844058990479
4599,8,1,0,0.7264925837516785
4600,4,4,1,0.7698661684989929
4601,2,2,1,0.8363816142082214
4602,1,1,1,0.9522855877876282
4603,6,6,1,0.9109771847724915
4604,4,4,1,0.7998934388160706
4605,3,3,1,0.7779263854026794
4606,0,3,0,0.6988123059272766
4607,1,1,1,0.9378563165664673
4608,4,4,1,0.8044885396957397
4609,8,8,1,0.9572486281394958
4610,6,6,1,0.7417948246002197
4611,1,1,1,0.9804149866104126
4612,7,7,1,0.866782546043396
4613,1,1,1,0.771785318851471
4614,3,5,0,0.8782938718795776
4615,5,4,0,0.6728485822677612
4616,4,4,1,0.8773316740989685
4617,3,3,1,0.7115576863288879
4618,3,6,0,0.5711705684661865
4619,9,9,1,0.927008330821991
4620,7,7,1,0.7260590195655823
4621,8,8,1,0.9466864466667175
4622,2,2,1,0.7940497994422913
4623,5,5,1,0.6841687560081482
4624,5,5,1,0.7282460927963257
4625,4,4,1,0.9620916247367859
4626,5,5,1,0.8064646124839783
4627,4,4,1,0.8114129900932312
4628,5,5,1,0.8779977560043335
4629,7,7,1,0.9059284925460815
4630,2,3,0,0.6511815786361694
4631,5,5,1,0.9575028419494629
4632,5,8,0,0.611852765083313
4633,1,1,1,0.9825536608695984
4634,7,5,0,0.758775532245636
4635,7,7,1,0.9295200109481812
4636,8,8,1,0.8948860764503479
4637,3,3,1,0.7103796601295471
4638,6,6,1,0.927117645740509
4639,0,0,1,0.708169162273407
4640,2,2,1,0.9537738561630249
4641,5,5,1,0.9209887385368347
4642,2,4,0,0.7028579711914062
4643,3,3,1,0.7504371404647827
4644,7,7,1,0.8854169249534607
4645,4,4,1,0.8827465772628784
4646,2,3,0,0.5225416421890259
4647,1,1,1,0.9719465374946594
4648,6,6,1,0.9442235827445984
4649,8,8,1,0.9713664054870605
4650,6,6,1,0.9127250909805298
4651,8,8,1,0.9634250998497009
4652,3,3,1,0.8538016676902771
4653,2,2,1,0.9319703578948975
4654,7,7,1,0.8929973840713501
4655,7,3,0,0.6025245785713196
4656,9,9,1,0.8796844482421875
4657,7,7,1,0.9798503518104553
4658,1,1,1,0.962439775466919
4659,4,4,1,0.88826584815979
4660,7,5,0,0.561772882938385
4661,4,5,0,0.6565685868263245
4662,6,6,1,0.9256216883659363
4663,1,1,1,0.9868244528770447
4664,7,7,1,0.9207184314727783
4665,3,3,1,0.7876268625259399
4666,0,0,1,0.937347948551178
4667,0,0,1,0.6542828679084778
4668,6,6,1,0.9040349125862122
4669,6,6,1,0.8103041052818298
4670,8,8,1,0.9728935360908508
4671,6,6,1,0.9774574041366577
4672,6,6,1,0.9564262628555298
4673,0,0,1,0.9741390347480774
4674,3,3,1,0.927510142326355
4675,4,4,1,0.9496331810951233
4676,7,7,1,0.8145530223846436
4677,4,4,1,0.8855795860290527
4678,9,9,1,0.7048094272613525
4679,4,4,1,0.8706294894218445
4680,9,9,1,0.9397551417350769
4681,9,1,0,0.7984075546264648
4682,3,5,0,0.7608361840248108
4683,4,4,1,0.9424766302108765
4684,1,1,1,0.9727460741996765
4685,4,4,1,0.9339373707771301
4686,0,8,0,0.9317635297775269
4687,3,3,1,0.8978919386863708
4688,7,7,1,0.9653398394584656
4689,1,1,1,0.9896032810211182
4690,2,2,1,0.9249432682991028
4691,2,2,1,0.7335265874862671
4692,8,8,1,0.8134337067604065
4693,4,4,1,0.9026368856430054
4694,7,7,1,0.8592706918716431
4695,8,8,1,0.8955463767051697
4696,5,3,0,0.6481038928031921
4697,5,5,1,0.9196735620498657
4698,6,6,1,0.8845347762107849
4699,5,5,1,0.7624122500419617
4700,6,6,1,0.7227950096130371
4701,0,0,1,0.9444065690040588
4702,6,6,1,0.9485381841659546
4703,4,4,1,0.7368803024291992
4704,9,9,1,0.9292404651641846
4705,3,4,0,0.6198570728302002
4706,2,2,1,0.9031897783279419
4707,7,7,1,0.923419177532196
4708,3,3,1,0.8765407204627991
4709,8,8,1,0.9040408730506897
4710,3,3,1,0.653889000415802
4711,9,9,1,0.9425438046455383
4712,4,4,1,0.8840928673744202
4713,1,1,1,0.9848403930664062
4714,6,6,1,0.9750283360481262
4715,9,9,1,0.9157981276512146
4716,9,9,1,0.8982904553413391
4717,4,3,0,0.6079639196395874
4718,3,5,0,0.4848632514476776
4719,9,9,1,0.9407269358634949
4720,8,8,1,0.8778035044670105
4721,1,1,1,0.6720463633537292
4722,6,6,1,0.5193562507629395
4723,9,9,1,0.9526658058166504
4724,5,5,1,0.8389028906822205
4725,9,1,0,0.7579244375228882
4726,0,0,1,0.9798744320869446
4727,9,9,1,0.9420857429504395
4728,7,7,1,0.9802793264389038
4729,2,5,0,0.5472170114517212
4730,2,4,0,0.7015354633331299
4731,4,4,1,0.9391605854034424
4732,2,3,0,0.5469121336936951
4733,6,6,1,0.9231317043304443
4734,4,4,1,0.9164339303970337
4735,8,8,1,0.9269087314605713
4736,1,1,1,0.9841392636299133
4737,9,9,1,0.955459475517273
4738,5,3,0,0.7655246257781982
4739,6,6,1,0.6304119229316711
4740,5,3,0,0.7783381342887878
4741,1,1,1,0.9462100267410278
4742,8,8,1,0.9153352379798889
4743,6,6,1,0.9625425338745117
4744,6,0,0,0.9395836591720581
4745,7,7,1,0.9314987063407898
4746,6,6,1,0.9654426574707031
4747,5,5,1,0.8775416016578674
4748,0,0,1,0.7789665460586548
4749,2,3,0,0.8501162528991699
4750,7,9,0,0.665953516960144
4751,6,6,1,0.8849736452102661
4752,1,1,1,0.7994521856307983
4753,2,0,0,0.8153136372566223
4754,3,8,0,0.8950556516647339
4755,1,1,1,0.9706503748893738
4756,6,6,1,0.681721031665802
4757,4,4,1,0.934593141078949
4758,9,9,1,0.9026247262954712
4759,0,0,1,0.9387621283531189
4760,3,7,0,0.6611217856407166
4761,9,9,1,0.9443368315696716
4762,1,1,1,0.9596789479255676
4763,0,0,1,0.7376092076301575
4764,5,5,1,0.9535787105560303
4765,3,4,0,0.7234268188476562
4766,1,1,1,0.9588176608085632
4767,6,6,1,0.7427394986152649
4768,9,9,1,0.9359796047210693
4769,8,8,1,0.9682398438453674
4770,9,9,1,0.9422329068183899
4771,0,0,1,0.8448335528373718
4772,6,6,1,0.9484376907348633
4773,1,1,1,0.9897937774658203
4774,6,6,1,0.974888801574707
4775,2,2,1,0.8047459721565247
4776,3,0,0,0.8289421796798706
4777,5,5,1,0.959152340888977
4778,6,6,1,0.6071345806121826
4779,9,9,1,0.8349037766456604
4780,0,0,1,0.8385354280471802
4781,7,7,1,0.9675998687744141
4782,2,2,1,0.7126672267913818
4783,4,4,1,0.8346304893493652
4784,0,8,0,0.7599284648895264
4785,3,3,1,0.9698662757873535
4786,6,3,0,0.7639339566230774
4787,8,8,1,0.9947018027305603
4788,6,6,1,0.600029468536377
4789,9,9,1,0.7589687705039978
4790,1,1,1,0.8910064697265625
4791,9,9,1,0.7732160091400146
4792,0,0,1,0.9639937877655029
4793,6,6,1,0.7852649688720703
4794,4,2,0,0.9250172972679138
4795,5,3,0,0.7283478379249573
4796,9,9,1,0.9595322608947754
4797,5,5,1,0.9533162117004395
4798,4,4,1,0.798976480960846
4799,1,1,1,0.8042792677879333
4800,9,9,1,0.9674986600875854
4801,2,2,1,0.7638431191444397
4802,0,0,1,0.9375044107437134
4803,7,7,1,0.9409657716751099
4804,3,3,1,0.9020470976829529
4805,5,5,1,0.7156032919883728
4806,1,1,1,0.8036752939224243
4807,8,8,1,0.9307863116264343
4808,3,3,1,0.8536229133605957
4809,0,0,1,0.9398658871650696
4810,5,5,1,0.9301679134368896
4811,2,2,1,0.8061802983283997
4812,8,8,1,0.8827866315841675
4813,8,8,1,0.9575172662734985
4814,3,3,1,0.8042291402816772
4815,9,8,0,0.7013862729072571
4816,6,6,1,0.926188051700592
4817,0,0,1,0.9884566068649292
4818,3,3,1,0.7354733943939209
4819,5,5,1,0.6960041522979736
4820,3,3,1,0.620476245880127
4821,4,4,1,0.7942273616790771
4822,1,1,1,0.975624144077301
4823,5,5,1,0.6485787630081177
4824,0,0,1,0.9049761891365051
4825,7,7,1,0.8281731605529785
4826,3,3,1,0.6743583679199219
4827,9,9,1,0.9739126563072205
4828,4,2,0,0.6370920538902283
4829,5,5,1,0.8789983987808228
4830,3,5,0,0.7118935585021973
4831,1,1,1,0.9788811802864075
4832,4,8,0,0.4282251298427582
4833,2,6,0,0.623503565788269
4834,4,4,1,0.9212146401405334
4835,9,9,1,0.9575263261795044
4836,9,9,1,0.8543289303779602
4837,7,7,1,0.927945613861084
4838,1,1,1,0.9563475251197815
4839,7,7,1,0.9629277586936951
4840,0,0,1,0.899570107460022
4841,1,1,1,0.9867749810218811
4842,2,2,1,0.865073561668396
4843,1,1,1,0.8611481189727783
4844,5,5,1,0.9263861775398254
4845,3,3,1,0.9041920304298401
4846,8,8,1,0.9851210713386536
4847,4,5,0,0.8546369075775146
4848,1,1,1,0.9947117567062378
4849,5,3,0,0.6774137020111084
4850,1,1,1,0.9641926288604736
4851,9,9,1,0.9428001046180725
4852,9,9,1,0.8769528269767761
4853,7,7,1,0.9802327752113342
4854,0,0,1,0.9901919364929199
4855,1,1,1,0.9582952260971069
4856,7,7,1,0.9632784128189087
4857,6,6,1,0.9626253843307495
4858,2,2,1,0.6716938018798828
4859,6,6,1,0.8781877756118774
4860,5,5,1,0.9252808690071106
4861,0,9,0,0.7040130496025085
4862,3,2,0,0.5877757668495178
4863,1,1,1,0.9453964829444885
4864,3,3,1,0.7142178416252136
4865,8,9,0,0.8628200888633728
4866,9,9,1,0.9555180668830872
4867,9,9,1,0.886242687702179
4868,0,8,0,0.7220269441604614
4869,8,8,1,0.954707145690918
4870,8,8,1,0.9268982410430908
4871,7,5,0,0.7575833201408386
4872,9,9,1,0.9217680096626282
4873,2,3,0,0.3949313461780548
4874,9,9,1,0.9554816484451294
4875,1,1,1,0.8867849707603455
4876,3,3,1,0.8641847968101501
4877,6,6,1,0.9256777763366699
4878,7,7,1,0.5551619529724121
4879,6,6,1,0.9010530710220337
4880,0,8,0,0.5761915445327759
4881,8,8,1,0.9759130477905273
4882,6,6,1,0.9522759914398193
4883,2,2,1,0.9342644214630127
4884,4,4,1,0.6422359347343445
4885,2,2,1,0.8361061215400696
4886,3,3,1,0.969007134437561
4887,5,3,0,0.6848074793815613
4888,5,5,1,0.9348698258399963
4889,4,7,0,0.6424494385719299
4890,1,1,1,0.977410614490509
4891,6,6,1,0.9383368492126465
4892,7,5,0,0.6436260938644409
4893,1,1,1,0.9601159691810608
4894,6,6,1,0.9649087190628052
4895,1,1,1,0.9366735816001892
4896,7,7,1,0.8491774797439575
4897,1,1,1,0.5498443245887756
4898,6,6,1,0.9645420908927917
4899,2,0,0,0.8748745918273926
4900,3,3,1,0.9187751412391663
4901,0,0,1,0.677964448928833
4902,4,5,0,0.7144355773925781
4903,2,6,0,0.7392781972885132
4904,9,9,1,0.942662239074707
4905,7,7,1,0.9235555529594421
4906,5,3,0,0.726868748664856
4907,5,5,1,0.795221209526062
4908,6,0,0,0.6513197422027588
4909,0,0,1,0.9741964936256409
4910,8,8,1,0.6479017734527588
4911,8,8,1,0.7729231715202332
4912,1,1,1,0.99284827709198
4913,1,1,1,0.9768074750900269
4914,3,3,1,0.9352514147758484
4915,5,5,1,0.9446983933448792
4916,6,6,1,0.9248645305633545
4917,5,3,0,0.5661332607269287
4918,3,3,1,0.9598430395126343
4919,8,8,1,0.9156669974327087
4920,7,7,1,0.9340723156929016
4921,5,5,1,0.45018112659454346
4922,0,0,1,0.679068386554718
4923,7,7,1,0.8687405586242676
4924,7,7,1,0.7433134317398071
4925,5,5,1,0.9191151857376099
4926,7,7,1,0.7708678841590881
4927,1,1,1,0.9656969904899597
4928,9,9,1,0.9226639270782471
4929,9,9,1,0.8947303891181946
4930,1,1,1,0.6853358149528503
4931,9,1,0,0.97067791223526
4932,9,9,1,0.9420086741447449
4933,3,3,1,0.9147140979766846
4934,5,5,1,0.944221019744873
4935,5,5,1,0.8323976397514343
4936,3,3,1,0.9062011241912842
4937,0,0,1,0.9651550650596619
4938,3,7,0,0.6046060919761658
4939,0,0,1,0.971767783164978
4940,6,6,1,0.9701188802719116
4941,6,6,1,0.9156240820884705
4942,5,0,0,0.6528414487838745
4943,6,3,0,0.5576339960098267
4944,8,8,1,0.9669851064682007
4945,9,9,1,0.86009681224823
4946,4,6,0,0.859525203704834
4947,5,5,1,0.6434232592582703
4948,1,1,1,0.9673513174057007
4949,1,1,1,0.965065062046051
4950,2,2,1,0.902765691280365
4951,7,7,1,0.8425862193107605
4952,9,9,1,0.8787438869476318
4953,0,0,1,0.9572166204452515
4954,1,1,1,0.7861233949661255
4955,2,0,0,0.7062450051307678
4956,5,5,1,0.8152475357055664
4957,4,2,0,0.6322553157806396
4958,4,4,1,0.9562771320343018
4959,7,9,0,0.543845534324646
4960,4,4,1,0.9246808886528015
4961,8,8,1,0.9471207857131958
4962,3,8,0,0.5007354021072388
4963,3,3,1,0.7465700507164001
4964,5,7,0,0.6184815168380737
4965,3,4,0,0.9396583437919617
4966,5,5,1,0.6596717834472656
4967,7,5,0,0.5443065166473389
4968,0,0,1,0.9845543503761292
4969,1,1,1,0.958839476108551
4970,2,2,1,0.6045154333114624
4971,9,9,1,0.9643585681915283
4972,8,8,1,0.8181931972503662
4973,1,1,1,0.9372380971908569
4974,7,7,1,0.9090719223022461
4975,3,3,1,0.7716197371482849
4976,5,5,1,0.9390752911567688
4977,9,9,1,0.9537495970726013
4978,1,1,1,0.9577680826187134
4979,9,9,1,0.9263722896575928
4980,1,1,1,0.9243715405464172
4981,1,9,0,0.713228166103363
4982,3,5,0,0.48016858100891113
4983,6,6,1,0.7365292906761169
4984,7,5,0,0.7925480604171753
4985,4,4,1,0.5942907333374023
4986,8,9,0,0.8728057146072388
4987,3,3,1,0.8188559412956238
4988,5,5,1,0.908233642578125
4989,6,6,1,0.9358921647071838
4990,7,5,0,0.6541955471038818
4991,0,0,1,0.8780954480171204
4992,1,1,1,0.9860037565231323
4993,7,5,0,0.4559252858161926
4994,7,7,1,0.9690611362457275
4995,2,3,0,0.7922887802124023
4996,3,5,0,0.8354694247245789
4997,3,3,1,0.6464948654174805
4998,5,5,1,0.8227419257164001
4999,1,1,1,0.8590280413627625
5000,7,7,1,0.9751226902008057
5001,6,6,1,0.9892732501029968
5002,8,8,1,0.9138279557228088
5003,4,4,1,0.9638620018959045
5004,4,4,1,0.901862382888794
5005,5,5,1,0.9295722246170044
5006,7,2,0,0.7179228663444519
5007,3,3,1,0.9174055457115173
5008,4,4,1,0.6940446496009827
5009,7,2,0,0.6908310651779175
5010,7,7,1,0.9533389210700989
5011,3,5,0,0.5466467142105103
5012,6,6,1,0.7107919454574585
5013,0,2,0,0.40860816836357117
5014,7,7,1,0.8830695152282715
5015,2,2,1,0.9258036017417908
5016,6,6,1,0.8643946051597595
5017,7,7,1,0.9100744128227234
5018,4,4,1,0.7457995414733887
5019,1,1,1,0.9710116982460022
5020,8,8,1,0.9813621640205383
5021,0,0,1,0.9911345839500427
5022,2,2,1,0.9352570176124573
5023,2,2,1,0.6039103269577026
5024,1,1,1,0.9160219430923462
5025,5,5,1,0.9512887597084045
5026,4,4,1,0.9679315686225891
5027,0,0,1,0.8581376671791077
5028,9,9,1,0.9077209234237671
5029,3,3,1,0.772049069404602
5030,4,4,1,0.5179470777511597
5031,4,4,1,0.7948817610740662
5032,2,2,1,0.9191380143165588
5033,3,3,1,0.8729167580604553
5034,8,8,1,0.7109653949737549
5035,5,5,1,0.9460198283195496
5036,0,0,1,0.7315765619277954
5037,0,0,1,0.84309983253479
5038,4,4,1,0.8967727422714233
5039,6,6,1,0.9794143438339233
5040,3,3,1,0.7048185467720032
5041,9,9,1,0.9175348877906799
5042,2,2,1,0.933480978012085
5043,0,0,1,0.7927148938179016
5044,5,5,1,0.9161535501480103
5045,7,7,1,0.9499862194061279
5046,5,5,1,0.8615949749946594
5047,5,5,1,0.9427575469017029
5048,1,1,1,0.861078679561615
5049,7,7,1,0.9625974893569946
5050,3,5,0,0.6468693017959595
5051,1,1,1,0.733803927898407
5052,6,6,1,0.6485089659690857
5053,7,7,1,0.6372920870780945
5054,9,9,1,0.9546682238578796
5055,0,0,1,0.8832564949989319
5056,1,1,1,0.46931740641593933
5057,2,2,1,0.7087464332580566
5058,1,1,1,0.9377906918525696
5059,4,4,1,0.9317156672477722
5060,6,6,1,0.6585982441902161
5061,1,1,1,0.8435465693473816
5062,5,5,1,0.8897725343704224
5063,9,9,1,0.9447998404502869
5064,5,5,1,0.9647380113601685
5065,0,8,0,0.8115603923797607
5066,4,4,1,0.9337600469589233
5067,9,9,1,0.7192382216453552
5068,4,8,0,0.5067340135574341
5069,9,9,1,0.8046706318855286
5070,7,5,0,0.7415255904197693
5071,1,1,1,0.8230786323547363
5072,6,6,1,0.8589602708816528
5073,8,8,1,0.9692666530609131
5074,0,4,0,0.5271983742713928
5075,6,6,1,0.8221481442451477
5076,5,5,1,0.9387736916542053
5077,0,0,1,0.5068939924240112
5078,8,8,1,0.9676964282989502
5079,1,1,1,0.9395253658294678
5080,7,7,1,0.8230493068695068
5081,5,5,1,0.9342023730278015
5082,6,6,1,0.9183493256568909
5083,9,9,1,0.9193276166915894
5084,3,5,0,0.6742146611213684
5085,2,6,0,0.6433885097503662
5086,3,3,1,0.8739446401596069
5087,9,9,1,0.9461451768875122
5088,8,5,0,0.45696932077407837
5089,6,6,1,0.9306379556655884
5090,1,1,1,0.7384071946144104
5091,0,0,1,0.9438216090202332
5092,9,9,1,0.8834649324417114
5093,0,0,1,0.5804094672203064
5094,9,9,1,0.9644615054130554
5095,8,8,1,0.9720411896705627
5096,7,7,1,0.8808634281158447
5097,7,7,1,0.7304065823554993
5098,5,5,1,0.4852488040924072
5099,2,2,1,0.9076424241065979
5100,3,3,1,0.9111236929893494
5101,5,5,1,0.9255732297897339
5102,5,6,0,0.7658796310424805
5103,7,7,1,0.6441871523857117
5104,8,8,1,0.9070185422897339
5105,7,7,1,0.9479726552963257
5106,6,5,0,0.48111486434936523
5107,9,9,1,0.8247929811477661
5108,1,1,1,0.984962522983551
5109,9,9,1,0.8850038051605225
5110,8,8,1,0.9685098528862
5111,6,6,1,0.9689066410064697
5112,5,3,0,0.5062682628631592
5113,6,6,1,0.33870187401771545
5114,7,7,1,0.9669171571731567
5115,5,5,1,0.8028886318206787
5116,6,6,1,0.8917884826660156
5117,7,5,0,0.5577796101570129
5118,2,2,1,0.7284919023513794
5119,5,5,1,0.5872798562049866
5120,9,9,1,0.944603681564331
5121,6,6,1,0.9510909914970398
5122,6,6,1,0.7673863172531128
5123,7,7,1,0.8157124519348145
5124,0,0,1,0.8853912949562073
5125,1,1,1,0.9740697145462036
5126,0,0,1,0.8062072992324829
5127,1,1,1,0.9438485503196716
5128,3,3,1,0.8385195732116699
5129,2,2,1,0.7295656800270081
5130,5,5,1,0.6810205578804016
5131,6,6,1,0.9531649947166443
5132,1,1,1,0.9723357558250427
5133,2,2,1,0.9312801361083984
5134,5,3,0,0.5265269875526428
5135,1,1,1,0.977928638458252
5136,9,9,1,0.9400478005409241
5137,9,9,1,0.9435425996780396
5138,8,8,1,0.9074761867523193
5139,6,6,1,0.7889086008071899
5140,8,8,1,0.9619977474212646
5141,6,3,0,0.600507915019989
5142,8,8,1,0.9753561019897461
5143,9,9,1,0.9591652750968933
5144,0,0,1,0.5189520716667175
5145,4,4,1,0.9318244457244873
5146,0,0,1,0.7817874550819397
5147,3,3,1,0.9172472953796387
5148,3,3,1,0.9401334524154663
5149,6,6,1,0.9651105999946594
5150,4,4,1,0.8308748006820679
5151,9,3,0,0.7168957591056824
5152,9,9,1,0.9321578145027161
5153,7,7,1,0.926608145236969
5154,2,4,0,0.5117917060852051
5155,3,5,0,0.80912846326828
5156,5,5,1,0.7384539842605591
5157,6,6,1,0.9567185640335083
5158,4,4,1,0.799058198928833
5159,6,6,1,0.9145247936248779
5160,0,0,1,0.8830535411834717
5161,3,3,1,0.954227089881897
5162,7,7,1,0.4437873959541321
5163,5,3,0,0.7815050482749939
5164,0,0,1,0.9844317436218262
5165,2,2,1,0.8734513521194458
5166,9,9,1,0.6701483130455017
5167,2,2,1,0.9407956600189209
5168,7,4,0,0.7643885016441345
5169,2,2,1,0.8882808685302734
5170,9,9,1,0.936813473701477
5171,2,2,1,0.9347437024116516
5172,4,5,0,0.8721001148223877
5173,0,0,1,0.8941397070884705
5174,6,6,1,0.9382325410842896
5175,6,6,1,0.9566347002983093
5176,3,3,1,0.6420610547065735
5177,4,4,1,0.5864346027374268
5178,5,5,1,0.8285022377967834
5179,5,5,1,0.8359960317611694
5180,9,9,1,0.7610226273536682
5181,1,1,1,0.9715046882629395
5182,1,1,1,0.9313721060752869
5183,4,3,0,0.5762487053871155
5184,4,5,0,0.5209598541259766
5185,3,3,1,0.855340301990509
5186,5,5,1,0.9523169994354248
5187,4,4,1,0.6938549876213074
5188,8,8,1,0.9802180528640747
5189,0,0,1,0.9656512141227722
5190,0,0,1,0.9823419451713562
5191,3,3,1,0.6440634727478027
5192,9,9,1,0.9446641206741333
5193,4,2,0,0.6419947743415833
5194,7,7,1,0.7870819568634033
5195,4,7,0,0.6484910845756531
5196,2,2,1,0.8858335614204407
5197,8,8,1,0.9416951537132263
5198,3,8,0,0.9098124504089355
5199,6,6,1,0.8610225915908813
5200,3,3,1,0.6480526328086853
5201,1,1,1,0.9784614443778992
5202,9,9,1,0.908007800579071
5203,6,3,0,0.594279944896698
5204,3,3,1,0.8370424509048462
5205,8,8,1,0.9659439921379089
5206,3,3,1,0.7022257447242737
5207,8,1,0,0.7752147912979126
5208,4,4,1,0.8720634579658508
5209,7,7,1,0.9656173586845398
5210,5,5,1,0.864000141620636
5211,7,3,0,0.688103437423706
5212,5,5,1,0.9063767194747925
5213,3,7,0,0.7537453174591064
5214,1,1,1,0.9588432312011719
5215,2,7,0,0.5088749527931213
5216,6,6,1,0.8809322714805603
5217,1,1,1,0.8499568104743958
5218,3,5,0,0.6125938892364502
5219,2,2,1,0.8266059160232544
5220,0,0,1,0.976948082447052
5221,7,7,1,0.7191930413246155
5222,5,5,1,0.8333741426467896
5223,0,0,1,0.9766356945037842
5224,0,0,1,0.7773524522781372
5225,0,0,1,0.8405759334564209
5226,1,1,1,0.9374926090240479
5227,4,6,0,0.4868924021720886
5228,3,3,1,0.9124045372009277
5229,5,3,0,0.7853550910949707
5230,8,8,1,0.7648081183433533
5231,4,4,1,0.7712734341621399
5232,3,3,1,0.7022053599357605
5233,1,1,1,0.7100430130958557
5234,7,7,1,0.6480589509010315
5235,1,1,1,0.8759966492652893
5236,0,0,1,0.7359461784362793
5237,4,4,1,0.8784719705581665
5238,2,0,0,0.9259739518165588
5239,4,3,0,0.6245822906494141
5240,1,1,1,0.6994664669036865
5241,4,4,1,0.9245237112045288
5242,0,0,1,0.9556980133056641
5243,1,1,1,0.9779953360557556
5244,2,2,1,0.9137516021728516
5245,1,1,1,0.9917879104614258
5246,7,7,1,0.775383710861206
5247,7,7,1,0.8243870735168457
5248,9,9,1,0.9341607093811035
5249,8,8,1,0.9372589588165283
5250,7,7,1,0.9305959939956665
5251,5,5,1,0.9193530678749084
5252,4,4,1,0.7813872694969177
5253,0,0,1,0.92044597864151
5254,9,9,1,0.9235938787460327
5255,0,0,1,0.919649064540863
5256,0,0,1,0.6202000379562378
5257,8,8,1,0.9103800654411316
5258,2,2,1,0.9393186569213867
5259,0,0,1,0.9063662886619568
5260,0,0,1,0.8948636651039124
5261,2,2,1,0.39285269379615784
5262,4,4,1,0.9375572204589844
5263,8,8,1,0.9710127115249634
5264,6,6,1,0.962072491645813
5265,2,2,1,0.9479628801345825
5266,4,4,1,0.9562414884567261
5267,6,6,1,0.940743088722229
5268,3,3,1,0.6066852807998657
5269,5,5,1,0.928263247013092
5270,1,1,1,0.9575830698013306
5271,5,5,1,0.7775969505310059
5272,3,3,1,0.7487066984176636
5273,7,7,1,0.6210982799530029
5274,2,2,1,0.814831018447876
5275,2,2,1,0.7300533652305603
5276,9,9,1,0.9070368409156799
5277,8,8,1,0.7471111416816711
5278,0,0,1,0.8391825556755066
5279,0,0,1,0.8195536136627197
5280,0,0,1,0.8442226052284241
5281,3,3,1,0.791077733039856
5282,4,4,1,0.9521575570106506
5283,4,5,0,0.49742650985717773
5284,6,6,1,0.9681361317634583
5285,1,1,1,0.9035676717758179
5286,6,6,1,0.9250063300132751
5287,7,7,1,0.6023123264312744
5288,4,4,1,0.9339080452919006
5289,4,4,1,0.8125289678573608
5290,3,5,0,0.7882656455039978
5291,9,9,1,0.8983252644538879
5292,4,7,0,0.6153419017791748
5293,0,0,1,0.9513394832611084
5294,8,8,1,0.9790453910827637
5295,0,0,1,0.7431039810180664
5296,4,4,1,0.85194331407547
5297,6,6,1,0.8721619248390198
5298,5,5,1,0.7707905769348145
5299,7,7,1,0.9423667192459106
5300,9,9,1,0.9162413477897644
5301,7,7,1,0.8895120024681091
5302,0,0,1,0.8888627290725708
5303,5,5,1,0.7723058462142944
5304,7,7,1,0.9633549451828003
5305,7,7,1,0.5698121786117554
5306,3,5,0,0.6952430605888367
5307,1,1,1,0.9385251998901367
5308,9,9,1,0.9296523332595825
5309,3,3,1,0.8819602727890015
5310,0,0,1,0.6422451734542847
5311,9,1,0,0.55467289686203
5312,5,5,1,0.9683589935302734
5313,3,3,1,0.8944894075393677
5314,7,7,1,0.9207755327224731
5315,9,9,1,0.9548496603965759
5316,4,4,1,0.8852951526641846
5317,4,4,1,0.696843683719635
5318,1,1,1,0.9249213337898254
5319,7,7,1,0.9687872529029846
5320,7,7,1,0.6074187159538269
5321,1,1,1,0.909393846988678
5322,4,4,1,0.8883016705513
5323,1,1,1,0.9843333959579468
5324,2,9,0,0.5345761775970459
5325,8,8,1,0.928405225276947
5326,7,7,1,0.9108688235282898
5327,0,0,1,0.7796120643615723
5328,0,0,1,0.6483832001686096
5329,4,4,1,0.9655753374099731
5330,7,3,0,0.58083176612854
5331,2,2,1,0.9483305215835571
5332,9,9,1,0.9490216374397278
5333,7,7,1,0.9696677923202515
5334,6,6,1,0.6417702436447144
5335,9,1,0,0.5068020224571228
5336,3,3,1,0.9443743824958801
5337,5,5,1,0.9269325137138367
5338,8,0,0,0.727175235748291
5339,0,0,1,0.7490520477294922
5340,3,4,0,0.7876905798912048
5341,6,6,1,0.8748680949211121
5342,8,8,1,0.8538373708724976
5343,3,3,1,0.9216554760932922
5344,2,6,0,0.5555751919746399
5345,4,4,1,0.8421043157577515
5346,7,7,1,0.9119566679000854
5347,1,1,1,0.9628580808639526
5348,1,1,1,0.9802389740943909
5349,3,3,1,0.6466363072395325
5350,9,9,1,0.7813483476638794
5351,7,7,1,0.9438164830207825
5352,5,5,1,0.45181047916412354
5353,1,1,1,0.9851868152618408
5354,0,0,1,0.8826534748077393
5355,8,8,1,0.88593590259552
5356,7,7,1,0.9470799565315247
5357,0,0,1,0.7515609860420227
5358,1,1,1,0.9346743226051331
5359,6,6,1,0.9341264367103577
5360,9,9,1,0.9209651947021484
5361,3,3,1,0.8948357105255127
5362,2,2,1,0.7987580895423889
5363,7,7,1,0.8588441610336304
5364,7,7,1,0.8414390087127686
5365,8,8,1,0.951260507106781
5366,1,9,0,0.7955513000488281
5367,0,0,1,0.5599743127822876
5368,3,3,1,0.9286072254180908
5369,4,4,1,0.782297670841217
5370,6,3,0,0.8534910678863525
5371,7,7,1,0.9534298181533813
5372,5,5,1,0.7798841595649719
5373,2,2,1,0.9281867146492004
5374,0,8,0,0.8225002288818359
5375,1,1,1,0.9169884324073792
5376,5,5,1,0.7964716553688049
5377,5,5,1,0.8748130798339844
5378,1,1,1,0.8132770657539368
5379,4,4,1,0.8571163415908813
5380,1,1,1,0.9782006144523621
5381,3,3,1,0.9334076046943665
5382,0,0,1,0.8829529881477356
5383,8,8,1,0.980586051940918
5384,6,6,1,0.9443193078041077
5385,2,7,0,0.5110077857971191
5386,1,1,1,0.9699748158454895
5387,3,4,0,0.6774501800537109
5388,6,3,0,0.5075573325157166
5389,4,4,1,0.817490816116333
5390,1,1,1,0.9742790460586548
5391,9,1,0,0.7575884461402893
5392,0,1,0,0.8157254457473755
5393,4,4,1,0.934626579284668
5394,1,1,1,0.982538104057312
5395,0,0,1,0.9044188857078552
5396,1,1,1,0.9407967925071716
5397,9,9,1,0.9388329982757568
5398,8,0,0,0.7701278328895569
5399,6,6,1,0.5317823886871338
5400,9,1,0,0.7051092982292175
5401,2,0,0,0.6088446378707886
5402,4,4,1,0.9404886364936829
5403,7,7,1,0.9748318195343018
5404,2,2,1,0.7960970997810364
5405,2,0,0,0.7739958167076111
5406,7,7,1,0.9730126261711121
5407,4,7,0,0.8209519982337952
5408,9,9,1,0.9301002621650696
5409,1,1,1,0.9626286029815674
5410,3,7,0,0.5235466361045837
5411,2,2,1,0.7346490621566772
5412,6,6,1,0.9515173435211182
5413,3,3,1,0.7646454572677612
5414,4,4,1,0.9566046595573425
5415,4,4,1,0.8720105290412903
5416,9,9,1,0.7844222784042358
5417,4,3,0,0.7818700075149536
5418,8,8,1,0.9382355809211731
5419,2,6,0,0.7083304524421692
5420,6,6,1,0.9732359051704407
5421,6,6,1,0.8294129967689514
5422,1,1,1,0.9903879165649414
5423,6,6,1,0.9852755069732666
5424,3,3,1,0.797825813293457
5425,6,6,1,0.5942060351371765
5426,5,3,0,0.7016721367835999
5427,8,8,1,0.9872866272926331
5428,4,4,1,0.7129772305488586
5429,6,6,1,0.994978129863739
5430,7,7,1,0.9086875915527344
5431,1,1,1,0.9744767546653748
5432,9,9,1,0.9175723195075989
5433,3,5,0,0.9280980825424194
5434,6,6,1,0.9104331731796265
5435,7,7,1,0.7475485801696777
5436,6,6,1,0.946060299873352
5437,0,9,0,0.8843925595283508
5438,7,7,1,0.7432490587234497
5439,1,1,1,0.9515119791030884
5440,9,9,1,0.9509564638137817
5441,5,3,0,0.7190999388694763
5442,2,2,1,0.9426631927490234
5443,6,6,1,0.8715406060218811
5444,7,7,1,0.7649857401847839
5445,7,7,1,0.9455444812774658
5446,6,3,0,0.5740333795547485
5447,5,5,1,0.8991082310676575
5448,9,9,1,0.9401704668998718
5449,1,1,1,0.9872072339057922
5450,5,3,0,0.8614742755889893
5451,6,6,1,0.9661117196083069
5452,0,0,1,0.9534791111946106
5453,2,2,1,0.9383021593093872
5454,0,0,1,0.7789412140846252
5455,9,1,0,0.6238248348236084
5456,1,1,1,0.8502893447875977
5457,8,8,1,0.99094557762146
5458,3,6,0,0.6127740740776062
5459,5,5,1,0.802469789981842
5460,0,0,1,0.5808018445968628
5461,0,0,1,0.751450777053833
5462,0,0,1,0.9141713976860046
5463,5,5,1,0.9264515042304993
5464,7,7,1,0.7931298017501831
5465,7,7,1,0.9642865657806396
5466,8,8,1,0.9133365750312805
5467,5,5,1,0.7982455492019653
5468,5,5,1,0.6877234578132629
5469,5,5,1,0.9416422843933105
5470,1,1,1,0.9672035574913025
5471,6,6,1,0.9402615427970886
5472,1,1,1,0.9769095182418823
5473,5,5,1,0.9466947317123413
5474,1,1,1,0.9722362756729126
5475,0,0,1,0.9687094688415527
5476,6,6,1,0.8541281223297119
5477,2,2,1,0.6331949234008789
5478,3,3,1,0.9271044135093689
5479,2,2,1,0.9023137092590332
5480,1,1,1,0.9909869432449341
5481,7,7,1,0.7853798866271973
5482,5,5,1,0.7208608984947205
5483,1,1,1,0.937823474407196
5484,9,9,1,0.9644245505332947
5485,8,8,1,0.9748827815055847
5486,3,3,1,0.900632381439209
5487,6,6,1,0.5849205851554871
5488,9,9,1,0.6260725855827332
5489,7,7,1,0.9203200340270996
5490,3,5,0,0.67680424451828
5491,0,0,1,0.9150689840316772
5492,2,2,1,0.4715569317340851
5493,3,3,1,0.7648122906684875
5494,9,9,1,0.9645482301712036
5495,4,4,1,0.7902154922485352
5496,4,4,1,0.7301850318908691
5497,3,3,1,0.8464854955673218
5498,9,1,0,0.875632107257843
5499,6,6,1,0.906284511089325
5500,8,8,1,0.9128409624099731
5501,6,6,1,0.9101145267486572
5502,6,6,1,0.9622471332550049
5503,8,8,1,0.9743428230285645
5504,5,2,0,0.7010664939880371
5505,4,4,1,0.9725015759468079
5506,3,4,0,0.722111701965332
5507,6,6,1,0.8723935484886169
5508,7,7,1,0.9147986173629761
5509,7,7,1,0.9380043745040894
5510,4,4,1,0.9005436897277832
5511,3,6,0,0.9098292589187622
5512,9,9,1,0.9496970772743225
5513,6,6,1,0.932619035243988
5514,2,2,1,0.9419606328010559
5515,4,4,1,0.9221714735031128
5516,0,0,1,0.7551348209381104
5517,1,1,1,0.6539122462272644
5518,3,3,1,0.6482481360435486
5519,6,6,1,0.9154318571090698
5520,4,4,1,0.6648845672607422
5521,9,9,1,0.7824603915214539
5522,2,3,0,0.617399275302887
5523,6,6,1,0.9196954369544983
5524,0,0,1,0.7045847177505493
5525,3,7,0,0.7883234024047852
5526,8,8,1,0.9340921640396118
5527,7,7,1,0.9639570713043213
5528,5,5,1,0.9516594409942627
5529,3,8,0,0.8249145150184631
5530,3,5,0,0.3905391991138458
5531,8,8,1,0.9168769717216492
5532,3,3,1,0.881963849067688
5533,2,2,1,0.8792247176170349
5534,6,6,1,0.6123046278953552
5535,3,3,1,0.8657089471817017
5536,6,6,1,0.7953131794929504
5537,2,5,0,0.37318313121795654
5538,7,9,0,0.6984997391700745
5539,4,4,1,0.8923755884170532
5540,5,5,1,0.7162779569625854
5541,7,7,1,0.9698211550712585
5542,9,9,1,0.9378031492233276
5543,0,0,1,0.9807270765304565
5544,0,3,0,0.7512452006340027
5545,6,6,1,0.9631253480911255
5546,7,7,1,0.933472752571106
5547,2,2,1,0.7581651210784912
5548,8,0,0,0.8239970803260803
5549,5,2,0,0.7192230820655823
5550,5,5,1,0.8814769983291626
5551,7,7,1,0.5959491729736328
5552,5,5,1,0.6650061011314392
5553,5,5,1,0.9486660957336426
5554,9,8,0,0.5970066785812378
5555,4,4,1,0.780781090259552
5556,6,6,1,0.903755784034729
5557,4,4,1,0.6955456733703613
5558,7,7,1,0.757946789264679
5559,3,2,0,0.5879421234130859
5560,3,5,0,0.6907091736793518
5561,6,6,1,0.9458717107772827
5562,4,7,0,0.700117290019989
5563,1,1,1,0.8857071995735168
5564,6,8,0,0.806692361831665
5565,3,3,1,0.7210313677787781
5566,1,1,1,0.9805272817611694
5567,6,6,1,0.8477950096130371
5568,7,7,1,0.9681321382522583
5569,0,0,1,0.9371463060379028
5570,5,5,1,0.9528788328170776
5571,0,9,0,0.5577554106712341
5572,1,1,1,0.8388649821281433
5573,9,9,1,0.9324829578399658
5574,7,7,1,0.9693477153778076
5575,3,3,1,0.9224300384521484
5576,5,5,1,0.9338587522506714
5577,2,2,1,0.8712865710258484
5578,3,3,1,0.8994585871696472
5579,9,9,1,0.7256910800933838
5580,5,5,1,0.7029791474342346
5581,6,6,1,0.44251078367233276
5582,4,7,0,0.5149359703063965
5583,0,0,1,0.9027554988861084
5584,0,0,1,0.9235129356384277
5585,0,0,1,0.8764122128486633
5586,8,8,1,0.9029006958007812
5587,0,0,1,0.9569447040557861
5588,3,3,1,0.8173426389694214
5589,2,2,1,0.9528771042823792
5590,4,4,1,0.9267002940177917
5591,5,5,1,0.7624707818031311
5592,3,3,1,0.8994061350822449
5593,7,7,1,0.9393923878669739
5594,9,9,1,0.9370114207267761
5595,6,6,1,0.841744065284729
5596,9,9,1,0.9615808725357056
5597,3,8,0,0.8180087208747864
5598,1,1,1,0.8927737474441528
5599,2,2,1,0.8290324211120605
5600,6,6,1,0.4370099902153015
5601,7,7,1,0.9198214411735535
5602,4,4,1,0.9496402144432068
5603,5,4,0,0.669302761554718
5604,1,1,1,0.9951311945915222
5605,3,5,0,0.754831075668335
5606,7,7,1,0.9479387998580933
5607,6,0,0,0.89572674036026
5608,9,9,1,0.9323146939277649
5609,5,3,0,0.5126487016677856
5610,8,8,1,0.9307190775871277
5611,5,5,1,0.7526941299438477
5612,8,8,1,0.9560188055038452
5613,5,5,1,0.8904715180397034
5614,8,8,1,0.9747468829154968
5615,5,5,1,0.9444757103919983
5616,6,6,1,0.9603984951972961
5617,5,5,1,0.9234025478363037
5618,0,0,1,0.8055384755134583
5619,8,8,1,0.9382703900337219
5620,3,2,0,0.717015266418457
5621,8,8,1,0.8862621188163757
5622,1,1,1,0.8397167325019836
5623,8,8,1,0.9488775730133057
5624,1,1,1,0.9595685601234436
5625,5,5,1,0.8884547352790833
5626,0,2,0,0.7767144441604614
5627,9,9,1,0.93491530418396
5628,8,1,0,0.6572685241699219
5629,6,6,1,0.7234047055244446
5630,3,3,1,0.597542405128479
5631,6,3,0,0.5350518226623535
5632,3,1,0,0.7462353706359863
5633,4,4,1,0.9498658776283264
5634,4,4,1,0.7490983009338379
5635,7,7,1,0.9498461484909058
5636,4,4,1,0.9075594544410706
5637,7,7,1,0.9365079998970032
5638,4,4,1,0.8773339986801147
5639,3,3,1,0.783277690410614
5640,2,5,0,0.623862087726593
5641,4,4,1,0.9169341921806335
5642,5,4,0,0.9445298314094543
5643,5,5,1,0.8306245803833008
5644,7,7,1,0.8450732231140137
5645,5,3,0,0.6445447206497192
5646,4,8,0,0.9089698195457458
5647,5,5,1,0.8050904870033264
5648,8,8,1,0.9810054898262024
5649,0,0,1,0.561302125453949
5650,5,5,1,0.9128631353378296
5651,4,4,1,0.929815411567688
5652,0,0,1,0.9010156393051147
5653,5,5,1,0.8876470327377319
5654,4,7,0,0.680259108543396
5655,3,3,1,0.8692659735679626
5656,3,5,0,0.6880806088447571
5657,2,2,1,0.9144905805587769
5658,4,4,1,0.8196262717247009
5659,2,6,0,0.43299600481987
5660,9,9,1,0.8301717638969421
5661,4,4,1,0.6032441854476929
5662,8,8,1,0.879073441028595
5663,8,8,1,0.9857692122459412
5664,6,6,1,0.9359855651855469
5665,2,0,0,0.7181983590126038
5666,6,6,1,0.9321959614753723
5667,1,1,1,0.9121472239494324
5668,7,7,1,0.9618676900863647
5669,0,1,0,0.8574146628379822
5670,4,5,0,0.5676708221435547
5671,3,3,1,0.8778526186943054
5672,8,8,1,0.9220730662345886
5673,5,5,1,0.9235174059867859
5674,9,9,1,0.8405345678329468
5675,7,7,1,0.931853175163269
5676,6,6,1,0.9061811566352844
5677,7,4,0,0.6461360454559326
5678,1,1,1,0.8509977459907532
5679,0,0,1,0.8964883089065552
5680,2,2,1,0.4947468042373657
5681,3,3,1,0.8699421286582947
5682,5,5,1,0.6788444519042969
5683,6,6,1,0.9348395466804504
5684,7,7,1,0.874113917350769
5685,1,1,1,0.9812766909599304
5686,6,6,1,0.9390276074409485
5687,2,2,1,0.8348008394241333
5688,8,8,1,0.9639579057693481
5689,3,3,1,0.904991090297699
5690,7,7,1,0.560716986656189
5691,2,2,1,0.9674118161201477
5692,5,5,1,0.9577336311340332
5693,7,7,1,0.9152359366416931
5694,5,5,1,0.8561908006668091
5695,7,7,1,0.9438304901123047
5696,7,7,1,0.9631445407867432
5697,1,1,1,0.9823358654975891
5698,7,7,1,0.7106646299362183
5699,4,4,1,0.9649953842163086
5700,3,3,1,0.7016482353210449
5701,3,3,1,0.8420904874801636
5702,4,4,1,0.9497684240341187
5703,0,1,0,0.7580585479736328
5704,4,4,1,0.9453455209732056
5705,2,2,1,0.7957323789596558
5706,7,7,1,0.9627355933189392
5707,0,0,1,0.9491859674453735
5708,2,5,0,0.8230324983596802
5709,2,2,1,0.6770928502082825
5710,6,6,1,0.7804417014122009
5711,6,6,1,0.9611310362815857
5712,2,2,1,0.8263338208198547
5713,5,5,1,0.9100923538208008
5714,2,2,1,0.6340242028236389
5715,6,6,1,0.7811755537986755
5716,0,0,1,0.952144980430603
5717,6,6,1,0.896151065826416
5718,1,1,1,0.7812073230743408
5719,2,2,1,0.9180559515953064
5720,9,9,1,0.9700533747673035
5721,0,0,1,0.9266068339347839
5722,0,0,1,0.8750983476638794
5723,1,1,1,0.9316200613975525
5724,5,5,1,0.7143971920013428
5725,5,5,1,0.9194366931915283
5726,1,1,1,0.9400472640991211
5727,6,6,1,0.8595962524414062
5728,7,7,1,0.9674096703529358
5729,8,1,0,0.7186471223831177
5730,5,4,0,0.6653222441673279
5731,6,6,1,0.8780474066734314
5732,3,3,1,0.631729781627655
5733,3,3,1,0.8797603845596313
5734,6,6,1,0.7668569087982178
5735,0,0,1,0.958594024181366
5736,9,9,1,0.6958906650543213
5737,9,9,1,0.9031640887260437
5738,2,2,1,0.9563945531845093
5739,2,2,1,0.8888583779335022
5740,6,6,1,0.8886186480522156
5741,1,1,1,0.9657909870147705
5742,4,4,1,0.5492913126945496
5743,6,6,1,0.7601544857025146
5744,2,2,1,0.8478159308433533
5745,5,3,0,0.4842638671398163
5746,7,7,1,0.9557074904441833
5747,8,0,0,0.9018799066543579
5748,8,8,1,0.9585973024368286
5749,5,3,0,0.892907440662384
5750,6,6,1,0.9443257451057434
5751,4,4,1,0.41360366344451904
5752,3,3,1,0.8635447025299072
5753,2,2,1,0.9105377793312073
5754,3,3,1,0.7905259132385254
5755,4,4,1,0.8682289123535156
5756,4,4,1,0.9409729242324829
5757,4,4,1,0.9436693787574768
5758,8,8,1,0.9668710827827454
5759,9,9,1,0.9246218800544739
5760,2,2,1,0.9412318468093872
5761,6,6,1,0.9464342594146729
5762,0,0,1,0.90915447473526
5763,9,9,1,0.7812622785568237
5764,7,7,1,0.9504656195640564
5765,9,9,1,0.9349807500839233
5766,8,8,1,0.9125847816467285
5767,7,7,1,0.9607821702957153
5768,7,7,1,0.9636602401733398
5769,3,3,1,0.9127909541130066
5770,8,8,1,0.9902348518371582
5771,2,2,1,0.9118252396583557
5772,9,9,1,0.9480420351028442
5773,3,3,1,0.8563114404678345
5774,5,5,1,0.6232092380523682
5775,7,7,1,0.9518344402313232
5776,5,5,1,0.9162366986274719
5777,8,8,1,0.9946513175964355
5778,7,7,1,0.9721552729606628
5779,3,3,1,0.8350233435630798
5780,7,7,1,0.9797173142433167
5781,0,0,1,0.7667402625083923
5782,7,7,1,0.8419994115829468
5783,1,9,0,0.6612767577171326
5784,6,6,1,0.938750684261322
5785,2,2,1,0.948726236820221
5786,4,4,1,0.6473873257637024
5787,0,1,0,0.6042500734329224
5788,0,0,1,0.9716086983680725
5789,2,2,1,0.9544894695281982
5790,9,9,1,0.8108773827552795
5791,8,8,1,0.8078057169914246
5792,2,2,1,0.8813292980194092
5793,8,8,1,0.9489362239837646
5794,7,0,0,0.5369078516960144
5795,7,7,1,0.7899888753890991
5796,5,5,1,0.7668614387512207
5797,5,5,1,0.5890025496482849
5798,0,0,1,0.9504175782203674
5799,1,9,0,0.8811388611793518
5800,2,2,1,0.7107195258140564
5801,9,9,1,0.9353732466697693
5802,6,6,1,0.8311170339584351
5803,1,1,1,0.8277731537818909
5804,0,0,1,0.864316999912262
5805,1,1,1,0.8958370089530945
5806,0,8,0,0.9211141467094421
5807,6,6,1,0.9633299112319946
5808,5,3,0,0.8826828002929688
5809,0,5,0,0.677759051322937
5810,5,5,1,0.9465389251708984
5811,7,7,1,0.7821155190467834
5812,4,3,0,0.8634856939315796
5813,4,4,1,0.8838475346565247
5814,8,8,1,0.714861273765564
5815,3,5,0,0.642593502998352
5816,5,5,1,0.7416488528251648
5817,3,3,1,0.5653188824653625
5818,7,7,1,0.9422929883003235
5819,2,2,1,0.6497120261192322
5820,5,5,1,0.8915599584579468
5821,8,0,0,0.36863580346107483
5822,3,3,1,0.7694515585899353
5823,5,5,1,0.9585437774658203
5824,7,7,1,0.912399172782898
5825,3,3,1,0.38100120425224304
5826,7,7,1,0.8484206199645996
5827,0,0,1,0.8741097450256348
5828,5,5,1,0.9404529333114624
5829,4,4,1,0.9232417941093445
5830,5,3,0,0.7722728848457336
5831,6,6,1,0.8714784979820251
5832,9,9,1,0.671295166015625
5833,3,5,0,0.6155285239219666
5834,5,5,1,0.919264018535614
5835,3,9,0,0.4781453609466553
5836,8,8,1,0.9065235257148743
5837,2,2,1,0.8870284557342529
5838,4,4,1,0.5061421394348145
5839,2,2,1,0.47891145944595337
5840,2,2,1,0.8218144178390503
5841,6,6,1,0.8022248148918152
5842,7,3,0,0.6482601761817932
5843,6,6,1,0.9218034744262695
5844,0,0,1,0.8967280387878418
5845,5,5,1,0.9643126726150513
5846,5,5,1,0.959749162197113
5847,8,8,1,0.9616797566413879
5848,4,5,0,0.5994959473609924
5849,5,5,1,0.8323503732681274
5850,6,6,1,0.7893672585487366
5851,1,1,1,0.9630351066589355
5852,3,3,1,0.8431816697120667
5853,5,5,1,0.9355365633964539
5854,4,4,1,0.8612692356109619
5855,7,2,0,0.7620722651481628
5856,3,5,0,0.937046229839325
5857,0,0,1,0.9296002388000488
5858,7,7,1,0.9544526934623718
5859,2,2,1,0.7732124924659729
5860,0,0,1,0.942808210849762
5861,1,1,1,0.9655036330223083
5862,2,2,1,0.5873600840568542
5863,4,4,1,0.9653802514076233
5864,9,1,0,0.9291347861289978
5865,6,6,1,0.8575150966644287
5866,4,4,1,0.9590916633605957
5867,5,5,1,0.9308352470397949
5868,9,9,1,0.7358590364456177
5869,7,7,1,0.8712655305862427
5870,7,4,0,0.5898714661598206
5871,6,6,1,0.8761773705482483
5872,7,7,1,0.7588698863983154
5873,4,4,1,0.7131229639053345
5874,3,3,1,0.6552264094352722
5875,1,1,1,0.9504355788230896
5876,6,6,1,0.9313613772392273
5877,9,9,1,0.9472542405128479
5878,4,4,1,0.9028369784355164
5879,8,8,1,0.9792703986167908
5880,0,0,1,0.9873059988021851
5881,3,5,0,0.9014105200767517
5882,1,1,1,0.6927939057350159
5883,6,4,0,0.6324154138565063
5884,4,4,1,0.9359697699546814
5885,4,4,1,0.9630069732666016
5886,2,2,1,0.8023895025253296
5887,1,1,1,0.9510635137557983
5888,4,4,1,0.8103048205375671
5889,6,6,1,0.871646523475647
5890,3,5,0,0.6636850237846375
5891,0,0,1,0.8532810211181641
5892,8,8,1,0.9677667021751404
5893,9,9,1,0.9051269888877869
5894,7,7,1,0.9119641780853271
5895,6,6,1,0.95408695936203
5896,8,9,0,0.8276503086090088
5897,4,4,1,0.8899901509284973
5898,8,8,1,0.9897672533988953
5899,1,1,1,0.9669307470321655
5900,4,0,0,0.6102997064590454
5901,5,5,1,0.8705447316169739
5902,9,9,1,0.9476312398910522
5903,4,0,0,0.8331185579299927
5904,7,7,1,0.9437111616134644
5905,1,1,1,0.8557481169700623
5906,4,4,1,0.9729411602020264
5907,5,5,1,0.8248105645179749
5908,3,3,1,0.5674781799316406
5909,1,1,1,0.9031643271446228
5910,2,3,0,0.7300726771354675
5911,6,6,1,0.7849893569946289
5912,4,4,1,0.9442117810249329
5913,7,7,1,0.9874932169914246
5914,1,1,1,0.8679935336112976
5915,5,5,1,0.6912639141082764
5916,9,9,1,0.9615784883499146
5917,3,2,0,0.7240999937057495
5918,1,1,1,0.970840573310852
5919,4,8,0,0.5129355192184448
5920,8,8,1,0.9539778828620911
5921,7,7,1,0.7089354991912842
5922,7,7,1,0.9427553415298462
5923,0,0,1,0.8675150871276855
5924,4,2,0,0.9011383056640625
5925,3,7,0,0.7371277213096619
5926,4,4,1,0.9364983439445496
5927,6,6,1,0.9540640115737915
5928,7,7,1,0.9395067691802979
5929,7,7,1,0.9586057066917419
5930,5,2,0,0.8492519855499268
5931,4,4,1,0.8804507851600647
5932,4,4,1,0.6849724054336548
5933,4,4,1,0.9790637493133545
5934,3,3,1,0.8692238926887512
5935,6,6,1,0.9332190752029419
5936,6,6,1,0.9543651342391968
5937,1,1,1,0.9618126153945923
5938,9,9,1,0.8759596943855286
5939,9,9,1,0.9241978526115417
5940,7,2,0,0.8676362633705139
5941,9,9,1,0.9291311502456665
5942,4,4,1,0.9209213256835938
5943,3,3,1,0.5302295088768005
5944,2,2,1,0.5984721779823303
5945,9,9,1,0.939430296421051
5946,8,8,1,0.6130504012107849
5947,5,5,1,0.9527404308319092
5948,0,0,1,0.9364173412322998
5949,6,6,1,0.9775160551071167
5950,9,9,1,0.9236804246902466
5951,0,0,1,0.9887281656265259
5952,9,9,1,0.9503582715988159
5953,7,7,1,0.801378071308136
5954,8,8,1,0.9498701095581055
5955,5,0,0,0.5986472368240356
5956,4,4,1,0.6566357016563416
5957,4,4,1,0.7910159230232239
5958,9,9,1,0.9467900991439819
5959,4,4,1,0.6510253548622131
5960,2,3,0,0.5634943246841431
5961,6,6,1,0.5455475449562073
5962,6,6,1,0.6937413215637207
5963,9,9,1,0.8933180570602417
5964,9,9,1,0.9495667219161987
5965,7,7,1,0.9792917966842651
5966,9,9,1,0.9195233583450317
5967,9,9,1,0.9496850371360779
5968,0,0,1,0.9344479441642761
5969,5,5,1,0.6520949006080627
5970,1,1,1,0.9822791814804077
5971,1,1,1,0.9382712841033936
5972,8,8,1,0.8919882774353027
5973,6,6,1,0.8783673048019409
5974,9,9,1,0.9107269644737244
5975,9,9,1,0.9700098037719727
5976,5,5,1,0.9038066864013672
5977,6,6,1,0.9392671585083008
5978,5,5,1,0.8424691557884216
5979,5,5,1,0.7065737843513489
5980,9,9,1,0.923672616481781
5981,7,7,1,0.8398967981338501
5982,9,9,1,0.8868811130523682
5983,4,4,1,0.91091388463974
5984,5,5,1,0.7983847260475159
5985,4,4,1,0.9468064308166504
5986,3,3,1,0.8354668617248535
5987,3,4,0,0.5577517747879028
5988,9,9,1,0.900981605052948
5989,8,8,1,0.9877186417579651
5990,8,8,1,0.8654091954231262
5991,3,5,0,0.5446785688400269
5992,4,4,1,0.7403836250305176
5993,8,8,1,0.9858791828155518
5994,4,7,0,0.537390410900116
5995,0,0,1,0.9226574301719666
5996,4,4,1,0.8443737030029297
5997,0,0,1,0.8870317935943604
5998,7,7,1,0.9566525816917419
5999,2,0,0,0.6133419871330261
6000,8,8,1,0.44243189692497253
6001,0,0,1,0.8687535524368286
6002,2,2,1,0.946508526802063
6003,0,0,1,0.9158903360366821
6004,7,7,1,0.9083531498908997
6005,4,4,1,0.9070757031440735
6006,0,0,1,0.6937607526779175
6007,6,6,1,0.9694715142250061
6008,3,2,0,0.46646296977996826
6009,3,3,1,0.6245602965354919
6010,1,1,1,0.6166993975639343
6011,7,7,1,0.8408098816871643
6012,4,4,1,0.8151563405990601
6013,6,6,1,0.9145522713661194
6014,5,7,0,0.4937322437763214
6015,0,0,1,0.44677284359931946
6016,4,6,0,0.7518498301506042
6017,9,9,1,0.8437169790267944
6018,5,5,1,0.9469533562660217
6019,6,6,1,0.9611078500747681
6020,6,6,1,0.9374960660934448
6021,3,3,1,0.7331584692001343
6022,0,0,1,0.8600949645042419
6023,5,3,0,0.8675600290298462
6024,2,2,1,0.6499892473220825
6025,6,6,1,0.5253003239631653
6026,3,3,1,0.8161448240280151
6027,3,3,1,0.9076122641563416
6028,8,8,1,0.4825197458267212
6029,0,0,1,0.9658724665641785
6030,8,8,1,0.7801807522773743
6031,5,5,1,0.8633956909179688
6032,4,4,1,0.9793209433555603
6033,2,2,1,0.9555521011352539
6034,9,9,1,0.9394080638885498
6035,5,5,1,0.7673310041427612
6036,0,0,1,0.8148642182350159
6037,5,5,1,0.8679966926574707
6038,4,4,1,0.9062360525131226
6039,8,8,1,0.9378057718276978
6040,2,7,0,0.6067495942115784
6041,7,8,0,0.5228846669197083
6042,6,6,1,0.8993299603462219
6043,5,7,0,0.8253218531608582
6044,7,7,1,0.7714879512786865
6045,8,8,1,0.9683140516281128
6046,2,2,1,0.9272633790969849
6047,0,0,1,0.9936999082565308
6048,1,1,1,0.9966900944709778
6049,8,8,1,0.9861499667167664
6050,2,2,1,0.47780081629753113
6051,4,4,1,0.7049461007118225
6052,8,8,1,0.9752243161201477
6053,4,4,1,0.8776041269302368
6054,3,3,1,0.7727144360542297
6055,0,0,1,0.849748432636261
6056,4,4,1,0.8392590284347534
6057,0,0,1,0.9353625178337097
6058,1,1,1,0.9716611504554749
6059,9,9,1,0.9612694978713989
6060,3,4,0,0.7145653367042542
6061,0,0,1,0.8863318562507629
6062,3,3,1,0.5483288168907166
6063,6,6,1,0.7033847570419312
6064,5,5,1,0.9571251273155212
6065,5,7,0,0.7001622319221497
6066,2,6,0,0.4688183665275574
6067,8,8,1,0.9799932241439819
6068,5,3,0,0.8114070892333984
6069,0,0,1,0.8725468516349792
6070,8,9,0,0.6268200278282166
6071,7,7,1,0.783888578414917
6072,5,5,1,0.9041721224784851
6073,2,2,1,0.767944872379303
6074,4,4,1,0.919350266456604
6075,3,3,1,0.7890602350234985
6076,7,7,1,0.8721064925193787
6077,0,0,1,0.532874345779419
6078,2,2,1,0.950892984867096
6079,3,3,1,0.9323716759681702
6080,1,1,1,0.9449824690818787
6081,0,0,1,0.9365576505661011
6082,0,0,1,0.6716663241386414
6083,2,2,1,0.7667651176452637
6084,1,1,1,0.8831971287727356
6085,2,2,1,0.865559995174408
6086,1,1,1,0.9558714032173157
6087,4,4,1,0.9594783186912537
6088,6,6,1,0.9590985774993896
6089,7,4,0,0.8317959308624268
6090,1,1,1,0.9474412202835083
6091,0,0,1,0.9142997860908508
6092,5,5,1,0.839424729347229
6093,2,6,0,0.6877728700637817
6094,5,5,1,0.6772326231002808
6095,9,9,1,0.8644161224365234
6096,2,2,1,0.846464216709137
6097,5,5,1,0.8854957818984985
6098,6,6,1,0.6754199862480164
6099,7,7,1,0.961860179901123
6100,1,1,1,0.783209502696991
6101,9,9,1,0.9060328006744385
6102,3,4,0,0.7413795590400696
6103,6,6,1,0.941720187664032
6104,1,1,1,0.9823634028434753
6105,0,0,1,0.967494010925293
6106,2,2,1,0.8970922231674194
6107,9,9,1,0.9374297857284546
6108,4,4,1,0.9268315434455872
6109,2,2,1,0.9119223356246948
6110,9,9,1,0.9416374564170837
6111,3,3,1,0.6200090646743774
6112,8,3,0,0.8931781053543091
6113,2,2,1,0.9428470134735107
6114,9,9,1,0.947543203830719
6115,8,8,1,0.938967764377594
6116,5,5,1,0.7472546100616455
6117,1,1,1,0.9351515769958496
6118,0,0,1,0.8902105093002319
6119,1,1,1,0.9831772446632385
6120,5,5,1,0.955895721912384
6121,2,2,1,0.7923563718795776
6122,5,3,0,0.7829537987709045
6123,6,6,1,0.9721749424934387
6124,8,8,1,0.6562488675117493
6125,8,9,0,0.5654887557029724
6126,3,3,1,0.9402777552604675
6127,5,2,0,0.9173750281333923
6128,0,0,1,0.9372031092643738
6129,4,4,1,0.6203123331069946
6130,1,1,1,0.9498422145843506
6131,3,3,1,0.6624370217323303
6132,7,7,1,0.866922914981842
6133,0,8,0,0.7115892767906189
6134,3,9,0,0.38071274757385254
6135,3,5,0,0.5921453833580017
6136,9,9,1,0.8909512758255005
6137,2,2,1,0.9345235228538513
6138,3,0,0,0.6956766247749329
6139,9,9,1,0.922484815120697
6140,9,9,1,0.9475741982460022
6141,8,8,1,0.9868388175964355
6142,5,5,1,0.5933457016944885
6143,9,9,1,0.8625755310058594
6144,7,7,1,0.7716118097305298
6145,2,3,0,0.762539803981781
6146,0,9,0,0.9052681922912598
6147,9,9,1,0.9464094042778015
6148,4,4,1,0.9397010207176208
6149,7,7,1,0.9576175808906555
6150,1,1,1,0.9576897025108337
6151,7,4,0,0.6375945210456848
6152,6,6,1,0.8977816104888916
6153,4,4,1,0.8679584860801697
6154,4,4,1,0.8429388403892517
6155,8,8,1,0.9774174690246582
6156,9,9,1,0.9613170623779297
6157,0,7,0,0.5713840126991272
6158,7,2,0,0.4320957064628601
6159,1,1,1,0.9238593578338623
6160,2,9,0,0.694693386554718
6161,4,4,1,0.759808361530304
6162,0,7,0,0.6676523089408875
6163,3,3,1,0.729001522064209
6164,7,7,1,0.7287370562553406
6165,5,5,1,0.7081463932991028
6166,1,1,1,0.9601856470108032
6167,9,9,1,0.941824734210968
6168,3,5,0,0.7024921178817749
6169,5,5,1,0.7180716395378113
6170,2,2,1,0.8823829889297485
6171,4,4,1,0.9087257385253906
6172,1,1,1,0.7089211344718933
6173,1,0,0,0.6165887713432312
6174,3,5,0,0.7561110258102417
6175,3,3,1,0.839143693447113
6176,9,9,1,0.9498008489608765
6177,2,2,1,0.716269850730896
6178,5,5,1,0.6327496767044067
6179,8,8,1,0.8147721886634827
6180,0,0,1,0.7799064517021179
6181,8,8,1,0.9314892888069153
6182,1,1,1,0.9888550639152527
6183,5,5,1,0.7591308355331421
6184,1,1,1,0.9746027588844299
6185,5,3,0,0.6011150479316711
6186,9,9,1,0.9580347537994385
6187,0,0,1,0.8855658173561096
6188,9,9,1,0.9135041832923889
6189,2,2,1,0.8669928312301636
6190,4,3,0,0.7716777920722961
6191,0,0,1,0.8252968788146973
6192,6,6,1,0.9481900334358215
6193,9,9,1,0.9445706605911255
6194,1,1,1,0.5706967115402222
6195,1,1,1,0.849719226360321
6196,3,3,1,0.8919126987457275
6197,4,3,0,0.6650668978691101
6198,9,9,1,0.9674440026283264
6199,5,5,1,0.939308762550354
6200,3,8,0,0.8142721652984619
6201,3,3,1,0.88975989818573
6202,3,2,0,0.9022203087806702
6203,3,3,1,0.9207940697669983
6204,4,7,0,0.7762317657470703
6205,1,1,1,0.993694007396698
6206,5,2,0,0.4305242598056793
6207,9,9,1,0.9589440226554871
6208,8,8,1,0.9472975134849548
6209,7,7,1,0.8304250240325928
6210,4,5,0,0.5315904021263123
6211,8,8,1,0.9345884323120117
6212,7,7,1,0.8532059788703918
6213,3,6,0,0.5818463563919067
6214,5,5,1,0.8939963579177856
6215,2,2,1,0.9133698344230652
6216,5,5,1,0.8130165934562683
6217,8,8,1,0.9901965260505676
6218,9,6,0,0.5265660881996155
6219,7,7,1,0.9319776892662048
6220,2,2,1,0.8046324849128723
6221,0,0,1,0.8753463625907898
6222,0,0,1,0.9894240498542786
6223,7,7,1,0.929857611656189
6224,5,5,1,0.9250262975692749
6225,3,3,1,0.9282357692718506
6226,5,5,1,0.9437900185585022
6227,7,2,0,0.635648787021637
6228,4,4,1,0.7929802536964417
6229,6,6,1,0.9024583101272583
6230,2,2,1,0.9638581871986389
6231,8,8,1,0.5644755363464355
6232,2,6,0,0.4291708171367645
6233,7,7,1,0.9844161868095398
6234,7,7,1,0.8513044118881226
6235,6,6,1,0.8494066596031189
6236,1,1,1,0.9632666110992432
6237,3,5,0,0.8205986022949219
6238,8,8,1,0.8713751435279846
6239,6,6,1,0.8397430777549744
6240,2,0,0,0.6097400784492493
6241,0,0,1,0.6799218654632568
6242,4,0,0,0.8146204352378845
6243,4,2,0,0.8943488597869873
6244,8,8,1,0.9719058871269226
6245,6,5,0,0.7311691045761108
6246,4,4,1,0.9645586609840393
6247,0,0,1,0.7062927484512329
6248,2,2,1,0.8903598785400391
6249,5,5,1,0.9389546513557434
6250,4,4,1,0.6822555661201477
6251,1,1,1,0.45190879702568054
6252,2,2,1,0.903036892414093
6253,5,4,0,0.5300388336181641
6254,4,4,1,0.9306373000144958
6255,6,6,1,0.8800736665725708
6256,9,9,1,0.9403230547904968
6257,5,2,0,0.6407149434089661
6258,0,0,1,0.973542332649231
6259,5,5,1,0.9631120562553406
6260,2,2,1,0.6839075088500977
6261,0,0,1,0.7819960713386536
6262,8,8,1,0.9605473875999451
6263,2,2,1,0.8577902317047119
6264,6,6,1,0.881966233253479
6265,4,4,1,0.8624996542930603
6266,7,7,1,0.9456872344017029
6267,9,9,1,0.938525378704071
6268,5,5,1,0.9558017253875732
6269,7,7,1,0.9513159394264221
6270,2,2,1,0.5227249264717102
6271,6,6,1,0.5767759680747986
6272,2,2,1,0.5057586431503296
6273,1,1,1,0.8463589549064636
6274,9,9,1,0.9499263167381287
6275,9,9,1,0.9181013107299805
6276,7,7,1,0.7582897543907166
6277,2,2,1,0.6719732880592346
6278,5,5,1,0.8814106583595276
6279,1,1,1,0.9836545586585999
6280,8,8,1,0.7365927696228027
6281,1,1,1,0.9699794054031372
6282,6,6,1,0.8716120719909668
6283,3,5,0,0.7360964417457581
6284,0,0,1,0.8921018838882446
6285,8,0,0,0.6727967262268066
6286,8,8,1,0.7300000190734863
6287,5,5,1,0.9512532949447632
6288,6,6,1,0.8514723777770996
6289,9,9,1,0.9339860081672668
6290,9,9,1,0.8973162770271301
6291,9,9,1,0.9500419497489929
6292,6,6,1,0.8758800625801086
6293,3,3,1,0.7593643069267273
6294,0,0,1,0.7266145348548889
6295,8,8,1,0.9884454607963562
6296,8,8,1,0.9737991690635681
6297,5,5,1,0.8485704064369202
6298,3,3,1,0.641514778137207
6299,3,3,1,0.8128455877304077
6300,1,1,1,0.9536343216896057
6301,1,1,1,0.9629510641098022
6302,0,0,1,0.8637326955795288
6303,7,7,1,0.7786452770233154
6304,0,0,1,0.9664248824119568
6305,6,3,0,0.5460671186447144
6306,0,0,1,0.6804655194282532
6307,4,4,1,0.779316246509552
6308,4,4,1,0.8987572193145752
6309,6,6,1,0.9682992696762085
6310,5,5,1,0.9645209908485413
6311,3,3,1,0.9174631834030151
6312,2,2,1,0.904729962348938
6313,9,9,1,0.9436113238334656
6314,6,6,1,0.9535682201385498
6315,6,6,1,0.8058318495750427
6316,7,7,1,0.948173463344574
6317,9,9,1,0.7318750619888306
6318,7,7,1,0.9574567675590515
6319,7,7,1,0.9513271450996399
6320,0,2,0,0.439753919839859
6321,8,8,1,0.9331609010696411
6322,4,4,1,0.8788512945175171
6323,2,2,1,0.9787065982818604
6324,7,7,1,0.9649128913879395
6325,7,7,1,0.9806682467460632
6326,7,7,1,0.7443591952323914
6327,4,4,1,0.9654989242553711
6328,0,0,1,0.6873247623443604
6329,1,1,1,0.9086079597473145
6330,6,6,1,0.8793008327484131
6331,0,0,1,0.9864469170570374
6332,5,5,1,0.8877307772636414
6333,3,3,1,0.9551203846931458
6334,0,0,1,0.5819589495658875
6335,2,2,1,0.9029920697212219
6336,4,4,1,0.9496015310287476
6337,9,9,1,0.9481936693191528
6338,7,7,1,0.9629366397857666
6339,3,3,1,0.7041400074958801
6340,3,3,1,0.9200975298881531
6341,2,2,1,0.4948832392692566
6342,8,8,1,0.9191170930862427
6343,8,8,1,0.9118910431861877
6344,5,5,1,0.6978514194488525
6345,3,3,1,0.6093717217445374
6346,8,8,1,0.9941503405570984
6347,0,0,1,0.9533315300941467
6348,8,8,1,0.9563432931900024
6349,0,0,1,0.6877396106719971
6350,0,0,1,0.9821711778640747
6351,0,0,1,0.9159839749336243
6352,2,2,1,0.9589757323265076
6353,2,3,0,0.4829098582267761
6354,7,9,0,0.5273123383522034
6355,0,0,1,0.8053125143051147
6356,7,7,1,0.9239894151687622
6357,7,7,1,0.9229475259780884
6358,7,7,1,0.9192221164703369
6359,2,2,1,0.6961577534675598
6360,2,2,1,0.9395100474357605
6361,0,8,0,0.6968366503715515
6362,4,4,1,0.9606437087059021
6363,0,0,1,0.9743635058403015
6364,3,3,1,0.6179293394088745
6365,7,7,1,0.9327143430709839
6366,8,8,1,0.8726885914802551
6367,4,4,1,0.5305524468421936
6368,7,7,1,0.9483125805854797
6369,9,9,1,0.8694211840629578
6370,6,3,0,0.5915789604187012
6371,1,1,1,0.9054825901985168
6372,1,1,1,0.9671634435653687
6373,6,6,1,0.8656774163246155
6374,9,9,1,0.9103512167930603
6375,3,3,1,0.8512709736824036
6376,8,8,1,0.9933387637138367
6377,9,9,1,0.9514468312263489
6378,5,5,1,0.8279997110366821
6379,8,8,1,0.9692822694778442
6380,3,6,0,0.468142569065094
6381,9,9,1,0.7009852528572083
6382,4,5,0,0.7610651254653931
6383,3,2,0,0.7325315475463867
6384,7,7,1,0.8929334878921509
6385,5,5,1,0.8926889896392822
6386,5,4,0,0.8668105602264404
6387,2,2,1,0.6357476711273193
6388,7,5,0,0.5589600205421448
6389,5,5,1,0.76270592212677
6390,7,7,1,0.9802045226097107
6391,9,9,1,0.9191731810569763
6392,6,6,1,0.8401718139648438
6393,3,3,1,0.7735283970832825
6394,0,0,1,0.6767674088478088
6395,8,8,1,0.9709109663963318
6396,4,4,1,0.8179844617843628
6397,5,5,1,0.7602363228797913
6398,6,6,1,0.696955144405365
6399,1,1,1,0.9472754597663879
6400,0,0,1,0.765911340713501
6401,4,2,0,0.46003198623657227
6402,8,8,1,0.8758707046508789
6403,4,4,1,0.9871842861175537
6404,7,7,1,0.9338057041168213
6405,1,9,0,0.7296488285064697
6406,3,3,1,0.6789975762367249
6407,2,2,1,0.9364408850669861
6408,0,0,1,0.9413774013519287
6409,9,9,1,0.7827305197715759
6410,1,1,1,0.9538753628730774
6411,8,8,1,0.7609416246414185
6412,8,1,0,0.7300117611885071
6413,6,6,1,0.839274525642395
6414,8,8,1,0.9681288599967957
6415,1,1,1,0.8047552704811096
6416,7,7,1,0.9833099842071533
6417,1,1,1,0.9669016599655151
6418,0,0,1,0.7136419415473938
6419,9,8,0,0.7702359557151794
6420,7,7,1,0.8511191606521606
6421,6,6,1,0.7425824403762817
6422,4,4,1,0.556699275970459
6423,5,4,0,0.6715502142906189
6424,8,0,0,0.6634359955787659
6425,2,2,1,0.9299340844154358
6426,1,1,1,0.9659914970397949
6427,2,2,1,0.9605086445808411
6428,5,2,0,0.5553909540176392
6429,8,8,1,0.6829879283905029
6430,1,1,1,0.9521125555038452
6431,1,1,1,0.9710124135017395
6432,8,8,1,0.8209574222564697
6433,8,3,0,0.6159528493881226
6434,0,8,0,0.9027423858642578
6435,9,9,1,0.9199756979942322
6436,0,8,0,0.6961377859115601
6437,0,0,1,0.9418650269508362
6438,4,4,1,0.9201808571815491
6439,3,4,0,0.9414684772491455
6440,3,3,1,0.7328415513038635
6441,5,5,1,0.9237867593765259
6442,6,4,0,0.5397533774375916
6443,6,2,0,0.6966245174407959
6444,3,3,1,0.709635853767395
6445,1,1,1,0.7557708024978638
6446,4,7,0,0.6961400508880615
6447,4,4,1,0.9568912386894226
6448,7,7,1,0.9198364019393921
6449,8,8,1,0.9406821727752686
6450,0,0,1,0.8879079222679138
6451,1,1,1,0.975959300994873
6452,4,4,1,0.7209035754203796
6453,8,8,1,0.9010693430900574
6454,4,4,1,0.8838014602661133
6455,6,6,1,0.9806848764419556
6456,2,2,1,0.9423683285713196
6457,2,5,0,0.6998105645179749
6458,2,2,1,0.949023962020874
6459,6,6,1,0.9519625306129456
6460,3,3,1,0.831524133682251
6461,4,4,1,0.9601168036460876
6462,0,0,1,0.9374125003814697
6463,8,8,1,0.9355524182319641
6464,1,1,1,0.914143443107605
6465,3,3,1,0.78178870677948
6466,8,5,0,0.40775784850120544
6467,3,3,1,0.9056437611579895
6468,8,8,1,0.9290750026702881
6469,9,9,1,0.6819941997528076
6470,1,1,1,0.9528867602348328
6471,6,6,1,0.933795690536499
6472,1,1,1,0.9869245290756226
6473,9,9,1,0.9460017681121826
6474,8,8,1,0.9335117340087891
6475,2,2,1,0.8094594478607178
6476,0,0,1,0.8902736902236938
6477,4,4,1,0.6877322793006897
6478,7,7,1,0.8271095752716064
6479,4,4,1,0.8518763780593872
6480,0,3,0,0.7116202712059021
6481,0,0,1,0.757573127746582
6482,7,7,1,0.9539340734481812
6483,6,6,1,0.9447368383407593
6484,8,8,1,0.9735068678855896
6485,9,9,1,0.8366197347640991
6486,8,1,0,0.5908491015434265
6487,6,6,1,0.9686830043792725
6488,2,2,1,0.7812355160713196
6489,8,8,1,0.9852081537246704
6490,8,8,1,0.8306648135185242
6491,0,5,0,0.6453477740287781
6492,1,1,1,0.9529780745506287
6493,1,1,1,0.6745210886001587
6494,0,8,0,0.5426223874092102
6495,7,7,1,0.9411454200744629
6496,7,7,1,0.7712022662162781
6497,4,2,0,0.5471015572547913
6498,4,6,0,0.6816847324371338
6499,7,7,1,0.5709428787231445
6500,7,7,1,0.832202672958374
6501,2,2,1,0.8941026329994202
6502,6,6,1,0.8258469104766846
6503,6,6,1,0.7717102766036987
6504,7,7,1,0.9034144878387451
6505,4,4,1,0.9198354482650757
6506,5,5,1,0.7384213805198669
6507,4,3,0,0.36213868856430054
6508,0,0,1,0.9562790393829346
6509,9,9,1,0.9352477788925171
6510,4,2,0,0.3991851806640625
6511,7,7,1,0.9532225728034973
6512,2,2,1,0.9248114824295044
6513,5,5,1,0.9085140824317932
6514,3,3,1,0.7740690112113953
6515,2,2,1,0.9296329617500305
6516,2,2,1,0.7440013885498047
6517,7,7,1,0.8927048444747925
6518,6,6,1,0.9478411674499512
6519,2,2,1,0.9046989679336548
6520,6,6,1,0.9434079527854919
6521,4,4,1,0.9792453050613403
6522,9,1,0,0.9243146777153015
6523,6,4,0,0.7721441388130188
6524,8,8,1,0.9189320802688599
6525,3,5,0,0.5629023313522339
6526,8,8,1,0.9722467660903931
6527,5,5,1,0.9271795749664307
6528,5,5,1,0.7003850936889648
6529,2,2,1,0.9432121515274048
6530,3,3,1,0.7827169895172119
6531,4,4,1,0.9406601786613464
6532,5,5,1,0.7498807907104492
6533,2,2,1,0.6374410390853882
6534,7,7,1,0.9951620697975159
6535,5,5,1,0.6913318037986755
6536,1,1,1,0.9684587121009827
6537,5,5,1,0.9323912858963013
6538,3,3,1,0.7229277491569519
6539,7,7,1,0.8971515893936157
6540,8,8,1,0.9514477849006653
6541,8,8,1,0.9538649320602417
6542,9,9,1,0.6850656270980835
6543,6,3,0,0.580091655254364
6544,0,8,0,0.9345568418502808
6545,9,9,1,0.5813831090927124
6546,2,2,1,0.9734296202659607
6547,6,6,1,0.9347487688064575
6548,0,0,1,0.7309750318527222
6549,0,8,0,0.6532885432243347
6550,1,1,1,0.9612452983856201
6551,4,4,1,0.8690741062164307
6552,1,1,1,0.9188708662986755
6553,3,3,1,0.8692519664764404
6554,5,5,1,0.7514851093292236
6555,1,1,1,0.9659446477890015
6556,8,8,1,0.9714761972427368
6557,9,9,1,0.89773029088974
6558,6,6,1,0.7261404395103455
6559,2,4,0,0.8217582106590271
6560,6,6,1,0.7819675803184509
6561,9,9,1,0.7662655711174011
6562,5,5,1,0.8518519997596741
6563,6,0,0,0.8305038809776306
6564,5,5,1,0.8757884502410889
6565,9,9,1,0.8580610156059265
6566,1,1,1,0.9297359585762024
6567,4,4,1,0.8736792802810669
6568,2,2,1,0.8739305138587952
6569,8,8,1,0.8822911381721497
6570,9,9,1,0.9042016863822937
6571,5,5,1,0.9319388270378113
6572,4,4,1,0.9496992230415344
6573,7,7,1,0.7091716527938843
6574,0,0,1,0.841742992401123
6575,3,3,1,0.876976490020752
6576,7,7,1,0.8711639642715454
6577,1,1,1,0.8987986445426941
6578,6,6,1,0.8934317231178284
6579,9,9,1,0.9556567668914795
6580,1,1,1,0.8124978542327881
6581,1,9,0,0.5758099555969238
6582,4,4,1,0.9295101761817932
6583,0,0,1,0.9437768459320068
6584,5,5,1,0.7390955686569214
6585,1,1,1,0.9837872385978699
6586,6,6,1,0.9561969637870789
6587,3,3,1,0.7997706532478333
6588,0,8,0,0.8453145623207092
6589,2,2,1,0.9511591196060181
6590,5,7,0,0.8239392042160034
6591,5,5,1,0.6842536330223083
6592,5,5,1,0.9615066647529602
6593,2,2,1,0.855535626411438
6594,8,8,1,0.4782937169075012
6595,2,2,1,0.9434009790420532
6596,3,3,1,0.6614636778831482
6597,1,1,1,0.9346920847892761
6598,6,6,1,0.7193348407745361
6599,2,2,1,0.5768039226531982
6600,7,7,1,0.9354870915412903
6601,0,0,1,0.8781685829162598
6602,8,8,1,0.9320839643478394
6603,9,9,1,0.8619725108146667
6604,2,2,1,0.7887742519378662
6605,6,6,1,0.7125429511070251
6606,4,4,1,0.7953620553016663
6607,7,7,1,0.8471686244010925
6608,5,5,1,0.9682244062423706
6609,5,5,1,0.9383193850517273
6610,8,8,1,0.9628579616546631
6611,8,8,1,0.8316354155540466
6612,7,7,1,0.742139458656311
6613,8,8,1,0.9828643798828125
6614,5,5,1,0.5334793925285339
6615,7,7,1,0.9356401562690735
6616,4,4,1,0.8595833778381348
6617,4,4,1,0.9428064227104187
6618,0,0,1,0.9870622158050537
6619,0,0,1,0.7989820241928101
6620,7,7,1,0.8376868367195129
6621,0,0,1,0.845811665058136
6622,4,4,1,0.9026728868484497
6623,0,8,0,0.609914243221283
6624,4,4,1,0.9513961672782898
6625,4,2,0,0.7255995869636536
6626,2,2,1,0.6674683690071106
6627,5,3,0,0.7692834138870239
6628,4,4,1,0.9446472525596619
6629,0,0,1,0.946610689163208
6630,7,7,1,0.92662513256073
6631,7,3,0,0.5199165940284729
6632,7,7,1,0.926246166229248
6633,0,0,1,0.8577765822410583
6634,4,4,1,0.5710440874099731
6635,6,6,1,0.9183778166770935
6636,2,2,1,0.9359816908836365
6637,9,9,1,0.7880369424819946
6638,1,1,1,0.965874433517456
6639,1,1,1,0.9283796548843384
6640,5,3,0,0.7885329127311707
6641,0,8,0,0.8268604874610901
6642,9,9,1,0.8876434564590454
6643,1,1,1,0.917437732219696
6644,0,0,1,0.8962827920913696
6645,6,6,1,0.9335375428199768
6646,5,5,1,0.5660558938980103
6647,3,3,1,0.8337417244911194
6648,0,0,1,0.9774218201637268
6649,9,9,1,0.9118616580963135
6650,0,0,1,0.926228404045105
6651,6,6,1,0.942776620388031
6652,2,2,1,0.7495545744895935
6653,0,2,0,0.8989488482475281
6654,4,4,1,0.9238684177398682
6655,1,1,1,0.9332947731018066
6656,6,3,0,0.4281465411186218
6657,7,7,1,0.9244608283042908
6658,6,3,0,0.6916998624801636
6659,1,1,1,0.9657196402549744
6660,0,0,1,0.9179530143737793
6661,4,4,1,0.9407133460044861
6662,6,6,1,0.8152088522911072
6663,0,0,1,0.7739166021347046
6664,4,4,1,0.9369916319847107
6665,4,5,0,0.6326389312744141
6666,2,4,0,0.8057255148887634
6667,7,7,1,0.9266393184661865
6668,6,6,1,0.9482470154762268
6669,5,2,0,0.5863494277000427
6670,3,3,1,0.8878508806228638
6671,5,5,1,0.8313174843788147
6672,9,9,1,0.940043568611145
6673,4,2,0,0.6143205761909485
6674,5,5,1,0.9173292517662048
6675,2,2,1,0.7683092951774597
6676,0,0,1,0.7923925518989563
6677,5,5,1,0.8399083018302917
6678,7,7,1,0.9022406339645386
6679,2,4,0,0.6284742951393127
6680,3,3,1,0.8637061715126038
6681,9,9,1,0.821284294128418
6682,4,4,1,0.980523407459259
6683,5,5,1,0.921470046043396
6684,8,1,0,0.8267269134521484
6685,1,1,1,0.6824551224708557
6686,9,9,1,0.7607143521308899
6687,3,3,1,0.8249219655990601
6688,1,1,1,0.4039783477783203
6689,8,8,1,0.954460859298706
6690,5,5,1,0.8421205878257751
6691,8,8,1,0.9394465684890747
6692,6,6,1,0.9534536600112915
6693,6,6,1,0.6855981349945068
6694,3,3,1,0.6446704268455505
6695,4,4,1,0.7629871964454651
6696,0,0,1,0.9729211330413818
6697,2,2,1,0.5145324468612671
6698,3,3,1,0.6253449320793152
6699,2,2,1,0.9587881565093994
6700,6,6,1,0.8608536124229431
6701,1,1,1,0.974169909954071
6702,8,8,1,0.9789825081825256
6703,2,6,0,0.8354809880256653
6704,1,1,1,0.9479587078094482
6705,3,4,0,0.6634196639060974
6706,6,3,0,0.8120403289794922
6707,2,2,1,0.8532161712646484
6708,2,2,1,0.9574050903320312
6709,3,3,1,0.7483386993408203
6710,3,3,1,0.8761978149414062
6711,5,5,1,0.9483432769775391
6712,0,0,1,0.9632143378257751
6713,2,2,1,0.8882527947425842
6714,1,1,1,0.9437854290008545
6715,2,3,0,0.528812825679779
6716,8,8,1,0.9450048804283142
6717,0,0,1,0.8581997752189636
6718,8,8,1,0.9465029239654541
6719,2,2,1,0.8931680917739868
6720,2,2,1,0.8990217447280884
6721,7,7,1,0.856332004070282
6722,3,3,1,0.8428834080696106
6723,5,7,0,0.9130856394767761
6724,9,9,1,0.9497302770614624
6725,8,8,1,0.9676108360290527
6726,3,3,1,0.46377241611480713
6727,6,6,1,0.8868386745452881
6728,1,1,1,0.9552751183509827
6729,0,1,0,0.4773310124874115
6730,8,9,0,0.6673320531845093
6731,6,6,1,0.9887744784355164
6732,3,4,0,0.6399518251419067
6733,5,5,1,0.9722622036933899
6734,8,8,1,0.9573192000389099
6735,9,9,1,0.9550628662109375
6736,4,4,1,0.9099719524383545
6737,8,9,0,0.5255798697471619
6738,0,0,1,0.9373504519462585
6739,0,1,0,0.5203589200973511
6740,2,2,1,0.9360394477844238
6741,9,9,1,0.6730288863182068
6742,1,1,1,0.9899922013282776
6743,8,8,1,0.9521352052688599
6744,3,3,1,0.9503152370452881
6745,7,7,1,0.790822446346283
6746,2,2,1,0.6795612573623657
6747,8,8,1,0.910929262638092
6748,0,4,0,0.7847434878349304
6749,9,9,1,0.9485520720481873
6750,4,3,0,0.4705268442630768
6751,8,8,1,0.977545440196991
6752,9,9,1,0.9268611669540405
6753,4,6,0,0.54328852891922
6754,8,8,1,0.8752893209457397
6755,9,1,0,0.5209538340568542
6756,5,5,1,0.8545892238616943
6757,4,4,1,0.9064550399780273
6758,8,8,1,0.9696621894836426
6759,1,9,0,0.8241300582885742
6760,5,5,1,0.9436065554618835
6761,5,7,0,0.8232222199440002
6762,7,7,1,0.9282176494598389
6763,2,2,1,0.8907915949821472
6764,5,5,1,0.8016970157623291
6765,8,8,1,0.7260730862617493
6766,8,8,1,0.929732620716095
6767,1,1,1,0.9893618226051331
6768,2,2,1,0.9074991941452026
6769,3,3,1,0.9191250205039978
6770,1,1,1,0.9121684432029724
6771,5,3,0,0.6437048316001892
6772,0,9,0,0.770050048828125
6773,2,2,1,0.927951455116272
6774,3,7,0,0.7054539918899536
6775,0,0,1,0.97798752784729
6776,8,8,1,0.9843984246253967
6777,2,2,1,0.9276532530784607
6778,2,2,1,0.6434680223464966
6779,8,1,0,0.8297609686851501
6780,7,7,1,0.9748132228851318
6781,3,3,1,0.5689436793327332
6782,5,5,1,0.8809751272201538
6783,3,6,0,0.843156099319458
6784,9,9,1,0.7589940428733826
6785,6,6,1,0.9403221607208252
6786,3,5,0,0.6117778420448303
6787,5,5,1,0.8939002752304077
6788,1,1,1,0.9822677969932556
6789,1,1,1,0.9763562083244324
6790,7,3,0,0.6274245381355286
6791,7,7,1,0.9366835951805115
6792,3,8,0,0.43754538893699646
6793,3,3,1,0.8307427763938904
6794,8,8,1,0.9835811853408813
6795,9,1,0,0.6251270174980164
6796,6,5,0,0.5573213696479797
6797,0,0,1,0.8856276273727417
6798,8,8,1,0.9869738221168518
6799,0,8,0,0.4231446087360382
6800,6,6,1,0.8394041657447815
6801,6,6,1,0.9772704243659973
6802,4,4,1,0.876370370388031
6803,6,6,1,0.8990033864974976
6804,9,9,1,0.9256077408790588
6805,1,1,1,0.9859055876731873
6806,1,1,1,0.9676523804664612
6807,7,7,1,0.9603636264801025
6808,0,0,1,0.782124936580658
6809,6,6,1,0.7712536454200745
6810,8,8,1,0.9883416891098022
6811,9,9,1,0.9392544031143188
6812,0,0,1,0.6365758776664734
6813,6,6,1,0.618864119052887
6814,9,9,1,0.8202356100082397
6815,0,0,1,0.9962783455848694
6816,1,1,1,0.9546893239021301
6817,1,1,1,0.9571018218994141
6818,7,7,1,0.9630128741264343
6819,2,2,1,0.8873926997184753
6820,1,1,1,0.9704750776290894
6821,0,3,0,0.6613845229148865
6822,4,2,0,0.7358104586601257
6823,5,5,1,0.8794267773628235
6824,0,2,0,0.7496194243431091
6825,3,3,1,0.9005702137947083
6826,6,6,1,0.943080484867096
6827,3,2,0,0.5003741383552551
6828,3,3,1,0.8458634614944458
6829,8,8,1,0.9323667287826538
6830,1,1,1,0.9658784866333008
6831,8,8,1,0.9820634722709656
6832,1,1,1,0.9051539897918701
6833,3,3,1,0.6026964783668518
6834,1,1,1,0.9644839763641357
6835,5,5,1,0.8560309410095215
6836,4,4,1,0.931821346282959
6837,5,5,1,0.9294251203536987
6838,1,1,1,0.923857569694519
6839,8,8,1,0.7850965857505798
6840,9,9,1,0.9466007351875305
6841,1,1,1,0.8072345852851868
6842,3,8,0,0.52036052942276
6843,1,1,1,0.9732629656791687
6844,7,7,1,0.9389826655387878
6845,2,2,1,0.6556610465049744
6846,9,9,1,0.9485421776771545
6847,8,8,1,0.9758970737457275
6848,9,9,1,0.8529258966445923
6849,4,4,1,0.9370898604393005
6850,6,6,1,0.8624409437179565
6851,0,8,0,0.7782658934593201
6852,9,9,1,0.8684801459312439
6853,4,7,0,0.817497193813324
6854,0,8,0,0.5232515335083008
6855,4,4,1,0.7985755205154419
6856,6,5,0,0.5826473236083984
6857,2,2,1,0.7603257298469543
6858,1,1,1,0.9655771255493164
6859,3,2,0,0.42368921637535095
6860,0,0,1,0.7390592694282532
6861,8,1,0,0.8281588554382324
6862,5,5,1,0.7626226544380188
6863,6,6,1,0.9087082743644714
6864,0,0,1,0.7780712842941284
6865,3,5,0,0.6560379266738892
6866,4,4,1,0.698495090007782
6867,6,6,1,0.9460610151290894
6868,9,9,1,0.8125127553939819
6869,5,3,0,0.49376294016838074
6870,7,7,1,0.8518389463424683
6871,9,9,1,0.7686477303504944
6872,0,6,0,0.8290868401527405
6873,3,3,1,0.8842983841896057
6874,6,6,1,0.8339846730232239
6875,5,5,1,0.9185245037078857
6876,7,3,0,0.46488693356513977
6877,0,8,0,0.7652568817138672
6878,5,5,1,0.961432695388794
6879,1,1,1,0.7224040031433105
6880,2,2,1,0.8119814991950989
6881,2,2,1,0.4233874976634979
6882,9,9,1,0.9618747234344482
6883,7,7,1,0.761276364326477
6884,0,0,1,0.8737461566925049
6885,0,0,1,0.897844135761261
6886,1,1,1,0.976433277130127
6887,4,4,1,0.8532081842422485
6888,4,4,1,0.9382677674293518
6889,5,5,1,0.8197345733642578
6890,5,5,1,0.8769232630729675
6891,9,9,1,0.9477559328079224
6892,6,6,1,0.8976341485977173
6893,3,3,1,0.9540342688560486
6894,6,6,1,0.9003753066062927
6895,2,2,1,0.7336509227752686
6896,6,6,1,0.9123346209526062
6897,9,9,1,0.9003714919090271
6898,3,3,1,0.7683523893356323
6899,2,8,0,0.5597298741340637
6900,3,3,1,0.9045796990394592
6901,2,2,1,0.6315500140190125
6902,4,4,1,0.9639603495597839
6903,9,9,1,0.836793065071106
6904,5,5,1,0.8783894777297974
6905,2,2,1,0.9085314273834229
6906,1,1,1,0.7998844385147095
6907,6,6,1,0.907464325428009
6908,6,6,1,0.8690690398216248
6909,4,4,1,0.9051764011383057
6910,7,7,1,0.9136708378791809
6911,6,6,1,0.9619288444519043
6912,3,9,0,0.42276453971862793
6913,3,3,1,0.8411012887954712
6914,8,8,1,0.8355271220207214
6915,1,1,1,0.9580815434455872
6916,4,4,1,0.9642131924629211
6917,6,6,1,0.7322070598602295
6918,4,4,1,0.8970449566841125
6919,4,4,1,0.8883742094039917
6920,5,5,1,0.6910589337348938
6921,6,6,1,0.9349207878112793
6922,2,6,0,0.7201825380325317
6923,0,0,1,0.883858323097229
6924,5,5,1,0.9084390997886658
6925,2,2,1,0.7811788320541382
6926,7,3,0,0.6694985032081604
6927,5,5,1,0.9483497142791748
6928,2,2,1,0.9422301650047302
6929,5,5,1,0.932223916053772
6930,2,0,0,0.9259805679321289
6931,5,5,1,0.9049816727638245
6932,9,9,1,0.9085688591003418
6933,0,4,0,0.7999004125595093
6934,6,6,1,0.8769242167472839
6935,7,7,1,0.8950430154800415
6936,9,9,1,0.8121442198753357
6937,8,8,1,0.9539791941642761
6938,3,3,1,0.8843321800231934
6939,2,2,1,0.9170337915420532
6940,1,1,1,0.9818322062492371
6941,4,4,1,0.7663619518280029
6942,3,2,0,0.7609696984291077
6943,4,4,1,0.9178159832954407
6944,5,5,1,0.8971400260925293
6945,5,5,1,0.9145627021789551
6946,6,6,1,0.7242105007171631
6947,8,8,1,0.8969444036483765
6948,6,6,1,0.7005863785743713
6949,0,0,1,0.890489399433136
6950,8,8,1,0.8752701282501221
6951,9,9,1,0.868441641330719
6952,8,8,1,0.9112242460250854
6953,0,0,1,0.8945664763450623
6954,7,0,0,0.9081488251686096
6955,7,7,1,0.942758321762085
6956,6,6,1,0.9820913076400757
6957,6,6,1,0.8082270622253418
6958,7,0,0,0.7952925562858582
6959,5,7,0,0.4277273416519165
6960,9,9,1,0.9235716462135315
6961,8,8,1,0.9252689480781555
6962,7,7,1,0.6708381772041321
6963,9,9,1,0.9395899772644043
6964,5,5,1,0.944210410118103
6965,6,3,0,0.6035606861114502
6966,0,0,1,0.8800313472747803
6967,4,4,1,0.9563255906105042
6968,8,0,0,0.8303309082984924
6969,2,0,0,0.5375186800956726
6970,0,0,1,0.35283446311950684
6971,9,9,1,0.9290575981140137
6972,1,1,1,0.9442309141159058
6973,3,5,0,0.6436476707458496
6974,9,9,1,0.9430316090583801
6975,8,8,1,0.7899795770645142
6976,3,2,0,0.5472412109375
6977,7,7,1,0.865227997303009
6978,4,4,1,0.9452092051506042
6979,5,4,0,0.9487360119819641
6980,0,8,0,0.9269734621047974
6981,2,2,1,0.9259475469589233
6982,1,1,1,0.8656188249588013
6983,9,9,1,0.8900885581970215
6984,1,1,1,0.9759508967399597
6985,0,8,0,0.7802850604057312
6986,5,3,0,0.5030654072761536
6987,8,8,1,0.9494568705558777
6988,4,2,0,0.8522502183914185
6989,7,7,1,0.6589376330375671
6990,3,3,1,0.9494566917419434
6991,1,1,1,0.9778813123703003
6992,4,4,1,0.9279771447181702
6993,5,3,0,0.7751387357711792
6994,3,4,0,0.8756917715072632
6995,1,1,1,0.9224444031715393
6996,0,0,1,0.9189566373825073
6997,8,8,1,0.3981536328792572
6998,8,8,1,0.9743735194206238
6999,8,8,1,0.7989087104797363
7000,2,8,0,0.5512421727180481
7001,1,1,1,0.9609987735748291
7002,3,6,0,0.8781554102897644
7003,7,7,1,0.6659864783287048
7004,3,0,0,0.8944833874702454
7005,1,9,0,0.7653896808624268
7006,6,6,1,0.945136547088623
7007,9,9,1,0.8030648231506348
7008,1,1,1,0.9869962334632874
7009,6,6,1,0.9340230226516724
7010,0,0,1,0.9428907632827759
7011,7,7,1,0.8291468024253845
7012,7,7,1,0.9745043516159058
7013,1,1,1,0.958415687084198
7014,3,3,1,0.8864842653274536
7015,3,5,0,0.89426589012146
7016,3,5,0,0.7500974535942078
7017,1,9,0,0.8564544916152954
7018,0,8,0,0.7270283102989197
7019,2,2,1,0.5392074584960938
7020,7,7,1,0.9524956345558167
7021,1,1,1,0.7333415150642395
7022,2,2,1,0.9139652252197266
7023,2,2,1,0.9465200901031494
7024,9,9,1,0.9395829439163208
7025,6,6,1,0.9404446482658386
7026,3,3,1,0.6994195580482483
7027,5,5,1,0.8303725719451904
7028,9,9,1,0.9534345865249634
7029,4,4,1,0.9247695803642273
7030,8,8,1,0.9176304936408997
7031,0,8,0,0.48591938614845276
7032,4,4,1,0.9251775145530701
7033,8,8,1,0.8374569416046143
7034,0,0,1,0.7267811894416809
7035,1,9,0,0.8249292373657227
7036,3,3,1,0.7784438133239746
7037,7,5,0,0.6583434343338013
7038,0,0,1,0.8954718112945557
7039,4,4,1,0.9263143539428711
7040,7,0,0,0.8837441205978394
7041,4,4,1,0.8749932050704956
7042,8,8,1,0.898552417755127
7043,6,6,1,0.9560046792030334
7044,4,4,1,0.9016212821006775
7045,3,3,1,0.9382331967353821
7046,9,9,1,0.9410908818244934
7047,8,8,1,0.9679862856864929
7048,2,2,1,0.9338913559913635
7049,2,2,1,0.9049690961837769
7050,8,8,1,0.9335237145423889
7051,3,3,1,0.8241086006164551
7052,1,1,1,0.9761024713516235
7053,1,1,1,0.9819367527961731
7054,2,2,1,0.7062848806381226
7055,8,8,1,0.6557546257972717
7056,2,2,1,0.9026437997817993
7057,6,6,1,0.9559287428855896
7058,9,9,1,0.9696998596191406
7059,4,6,0,0.6511412262916565
7060,8,8,1,0.9950178265571594
7061,4,4,1,0.48159992694854736
7062,4,4,1,0.797700822353363
7063,1,1,1,0.968902051448822
7064,5,5,1,0.9691908955574036
7065,2,5,0,0.5954709053039551
7066,6,6,1,0.8182379603385925
7067,9,9,1,0.9635927081108093
7068,2,0,0,0.6882936954498291
7069,0,0,1,0.9320990443229675
7070,7,7,1,0.730848491191864
7071,1,1,1,0.9712576270103455
7072,8,8,1,0.9815449714660645
7073,9,9,1,0.9412397146224976
7074,3,3,1,0.7845500111579895
7075,9,9,1,0.9611296653747559
7076,9,9,1,0.9441490769386292
7077,0,0,1,0.8931828141212463
7078,7,7,1,0.8918917775154114
7079,7,7,1,0.9732654690742493
7080,5,3,0,0.6808966994285583
7081,4,5,0,0.5457966923713684
7082,2,2,1,0.7936524748802185
7083,6,6,1,0.9078020453453064
7084,4,4,1,0.9477715492248535
7085,5,5,1,0.7400828003883362
7086,7,7,1,0.9584184288978577
7087,7,7,1,0.7747875452041626
7088,8,8,1,0.9859421253204346
7089,7,7,1,0.9234453439712524
7090,2,2,1,0.8507627248764038
7091,6,6,1,0.697953462600708
7092,2,2,1,0.9474491477012634
7093,2,2,1,0.9204241633415222
7094,4,4,1,0.9725839495658875
7095,4,4,1,0.8750895857810974
7096,0,0,1,0.9439013004302979
7097,7,7,1,0.7360965013504028
7098,1,1,1,0.9603930115699768
7099,3,5,0,0.8267044425010681
7100,9,9,1,0.917486846446991
7101,6,6,1,0.9461162090301514
7102,0,0,1,0.5385690331459045
7103,0,0,1,0.8052142858505249
7104,2,2,1,0.4464016854763031
7105,3,3,1,0.7421461939811707
7106,8,0,0,0.8778501152992249
7107,2,2,1,0.6874637007713318
7108,2,2,1,0.7819483280181885
7109,4,4,1,0.9481863975524902
7110,3,3,1,0.9185390472412109
7111,5,5,1,0.9112355709075928
7112,2,0,0,0.629054844379425
7113,9,9,1,0.8008487820625305
7114,1,1,1,0.9716482162475586
7115,0,0,1,0.963248074054718
7116,0,0,1,0.8978235721588135
7117,6,6,1,0.4732365012168884
7118,5,5,1,0.9492787718772888
7119,5,8,0,0.352632611989975
7120,7,5,0,0.6748340725898743
7121,9,9,1,0.9515020251274109
7122,9,9,1,0.9435926079750061
7123,6,6,1,0.9412466883659363
7124,5,5,1,0.5659114122390747
7125,5,5,1,0.7044525742530823
7126,0,0,1,0.5059388875961304
7127,5,5,1,0.8887193202972412
7128,7,7,1,0.783649206161499
7129,1,1,1,0.8045564889907837
7130,6,6,1,0.9259141683578491
7131,6,6,1,0.9594804644584656
7132,4,5,0,0.5769456028938293
7133,1,1,1,0.5116118788719177
7134,4,4,1,0.8018737435340881
7135,4,4,1,0.8602551221847534
7136,1,1,1,0.9706707000732422
7137,5,5,1,0.9583377838134766
7138,0,0,1,0.9092629551887512
7139,0,0,1,0.9406995177268982
7140,4,4,1,0.7473921179771423
7141,5,5,1,0.8688161969184875
7142,8,8,1,0.9598027467727661
7143,4,2,0,0.8385944962501526
7144,8,8,1,0.976421058177948
7145,3,3,1,0.7775534987449646
7146,0,8,0,0.7262533903121948
7147,5,5,1,0.9138182997703552
7148,0,0,1,0.7081782817840576
7149,5,5,1,0.9079232811927795
7150,3,6,0,0.5430856347084045
7151,1,1,1,0.9873537421226501
7152,6,3,0,0.7840589284896851
7153,7,7,1,0.9354588985443115
7154,0,8,0,0.684342086315155
7155,9,9,1,0.9207279086112976
7156,1,1,1,0.9801188707351685
7157,5,5,1,0.8953108787536621
7158,7,7,1,0.9713320136070251
7159,6,6,1,0.8716567158699036
7160,5,5,1,0.9425166845321655
7161,5,5,1,0.8580684661865234
7162,5,5,1,0.709953784942627
7163,6,6,1,0.9180797338485718
7164,0,0,1,0.8503212332725525
7165,0,0,1,0.9446457624435425
7166,1,1,1,0.9756101965904236
7167,7,7,1,0.9831783175468445
7168,5,3,0,0.8879470229148865
7169,1,1,1,0.96040940284729
7170,9,9,1,0.8485190868377686
7171,2,2,1,0.9303730726242065
7172,4,4,1,0.7263407111167908
7173,1,1,1,0.7368491291999817
7174,3,3,1,0.8813802599906921
7175,7,7,1,0.9386219382286072
7176,8,8,1,0.9747430682182312
7177,2,2,1,0.7321418523788452
7178,0,8,0,0.5623946189880371
7179,9,9,1,0.8460208773612976
7180,6,6,1,0.9454340934753418
7181,6,6,1,0.8148670792579651
7182,0,8,0,0.8976244926452637
7183,6,6,1,0.4517795443534851
7184,5,2,0,0.6776739954948425
7185,8,8,1,0.9316324591636658
7186,2,1,0,0.6780856251716614
7187,7,7,1,0.9923747777938843
7188,4,4,1,0.8061006665229797
7189,0,0,1,0.8290637135505676
7190,2,2,1,0.9612332582473755
7191,7,7,1,0.9074603319168091
7192,7,7,1,0.6925237774848938
7193,8,8,1,0.9492970108985901
7194,8,8,1,0.8867754936218262
7195,7,7,1,0.9011701941490173
7196,0,0,1,0.991801381111145
7197,4,3,0,0.6169852614402771
7198,9,9,1,0.9450666904449463
7199,1,1,1,0.7484836578369141
7200,4,4,1,0.8214123845100403
7201,4,4,1,0.6388282179832458
7202,3,5,0,0.7389842867851257
7203,5,5,1,0.8082528710365295
7204,4,4,1,0.9339141845703125
7205,6,6,1,0.9548662304878235
7206,2,2,1,0.8929973244667053
7207,3,3,1,0.8324708342552185
7208,1,1,1,0.9544435143470764
7209,0,0,1,0.9743896722793579
7210,3,3,1,0.8748912215232849
7211,3,3,1,0.8295245170593262
7212,3,3,1,0.5848219394683838
7213,6,2,0,0.8244801163673401
7214,3,5,0,0.7228734493255615
7215,1,1,1,0.9815324544906616
7216,2,2,1,0.9365413784980774
7217,8,8,1,0.5745642185211182
7218,9,0,0,0.7143229246139526
7219,7,2,0,0.5595937967300415
7220,9,9,1,0.9774203896522522
7221,3,3,1,0.8804811239242554
7222,8,8,1,0.9431574940681458
7223,7,7,1,0.8458604216575623
7224,3,3,1,0.5260303020477295
7225,1,1,1,0.9841916561126709
7226,7,7,1,0.9341689348220825
7227,7,7,1,0.8734028935432434
7228,3,3,1,0.6604108214378357
7229,2,2,1,0.7314560413360596
7230,2,2,1,0.8170776963233948
7231,8,8,1,0.94866544008255
7232,9,9,1,0.7826939225196838
7233,5,5,1,0.7612067461013794
7234,9,9,1,0.9515660405158997
7235,2,2,1,0.804789125919342
7236,1,1,1,0.9003072381019592
7237,7,7,1,0.9166783690452576
7238,4,4,1,0.9164971113204956
7239,4,4,1,0.9589452743530273
7240,0,0,1,0.965991735458374
7241,5,5,1,0.5924476981163025
7242,7,5,0,0.8190470933914185
7243,1,1,1,0.8806079030036926
7244,5,5,1,0.879966139793396
7245,4,4,1,0.9586349129676819
7246,0,0,1,0.7680460810661316
7247,8,8,1,0.9450651407241821
7248,4,4,1,0.9050028920173645
7249,9,9,1,0.9159858226776123
7250,8,9,0,0.8638631105422974
7251,7,7,1,0.9179509282112122
7252,8,8,1,0.8835569620132446
7253,4,4,1,0.9190831184387207
7254,2,2,1,0.8526396751403809
7255,3,3,1,0.8923285007476807
7256,4,4,1,0.9499363899230957
7257,0,0,1,0.8564593195915222
7258,5,5,1,0.6983978152275085
7259,4,4,1,0.9596573114395142
7260,1,1,1,0.9905506372451782
7261,8,8,1,0.7848386168479919
7262,2,2,1,0.952951967716217
7263,5,5,1,0.8068437576293945
7264,4,4,1,0.9523620009422302
7265,5,3,0,0.7421965599060059
7266,2,2,1,0.7786340117454529
7267,5,5,1,0.6941909193992615
7268,3,3,1,0.9182736277580261
7269,7,7,1,0.8959388136863708
7270,9,9,1,0.9543853402137756
7271,7,4,0,0.47542789578437805
7272,1,1,1,0.949655294418335
7273,4,4,1,0.9775975942611694
7274,1,9,0,0.8832626938819885
7275,3,3,1,0.6288650631904602
7276,1,1,1,0.9467065930366516
7277,4,4,1,0.8725336194038391
7278,5,3,0,0.6518484950065613
7279,5,5,1,0.940925657749176
7280,1,1,1,0.5579961538314819
7281,7,7,1,0.8222508430480957
7282,1,1,1,0.983830988407135
7283,3,4,0,0.7624505162239075
7284,0,0,1,0.7253598570823669
7285,1,1,1,0.7551514506340027
7286,2,2,1,0.9131621718406677
7287,5,5,1,0.525242030620575
7288,7,7,1,0.8783109784126282
7289,0,0,1,0.9119265079498291
7290,6,6,1,0.8568128347396851
7291,3,3,1,0.9493997097015381
7292,5,3,0,0.6226768493652344
7293,7,7,1,0.9672723412513733
7294,5,5,1,0.6411490440368652
7295,5,5,1,0.9481382966041565
7296,8,8,1,0.9867492914199829
7297,9,9,1,0.8542018532752991
7298,4,4,1,0.7764519453048706
7299,6,6,1,0.9049912095069885
7300,3,4,0,0.6874297261238098
7301,6,6,1,0.9217132329940796
7302,6,6,1,0.9661346077919006
7303,8,8,1,0.9644047617912292
7304,2,2,1,0.5000661015510559
7305,6,6,1,0.9563961625099182
7306,4,4,1,0.9054065346717834
7307,8,8,1,0.9732386469841003
7308,4,4,1,0.9486481547355652
7309,1,1,1,0.9819164872169495
7310,3,5,0,0.7821061015129089
7311,1,9,0,0.8712261915206909
7312,2,2,1,0.8703320026397705
7313,3,3,1,0.8360927700996399
7314,3,5,0,0.6814147233963013
7315,0,0,1,0.8908950686454773
7316,1,1,1,0.7542449235916138
7317,6,6,1,0.9224324822425842
7318,4,2,0,0.4549935758113861
7319,2,2,1,0.9030802845954895
7320,8,8,1,0.8519061803817749
7321,2,2,1,0.5911350250244141
7322,4,4,1,0.9134112000465393
7323,3,3,1,0.8994603157043457
7324,1,1,1,0.8858788013458252
7325,4,4,1,0.9605459570884705
7326,4,4,1,0.9337095618247986
7327,4,4,1,0.9606480598449707
7328,4,4,1,0.9475614428520203
7329,1,1,1,0.8438287377357483
7330,5,5,1,0.7466403245925903
7331,5,5,1,0.9570088982582092
7332,7,7,1,0.7282411456108093
7333,6,6,1,0.852730929851532
7334,5,5,1,0.8613302111625671
7335,4,4,1,0.963805079460144
7336,5,5,1,0.6994546055793762
7337,6,6,1,0.9649530649185181
7338,5,5,1,0.9641358256340027
7339,6,6,1,0.9526110291481018
7340,2,2,1,0.8925604224205017
7341,4,4,1,0.9510063529014587
7342,7,7,1,0.8325633406639099
7343,7,5,0,0.4668823480606079
7344,4,4,1,0.6562244296073914
7345,6,6,1,0.9829593896865845
7346,5,5,1,0.9319176077842712
7347,0,0,1,0.8432844281196594
7348,2,2,1,0.8904181718826294
7349,3,3,1,0.9019899368286133
7350,9,9,1,0.9446262121200562
7351,2,2,1,0.6008607149124146
7352,3,3,1,0.8247582912445068
7353,8,8,1,0.9015876650810242
7354,0,0,1,0.9914551973342896
7355,7,7,1,0.954051673412323
7356,0,0,1,0.7305412292480469
7357,6,6,1,0.9246853590011597
7358,8,8,1,0.9245567321777344
7359,1,1,1,0.9541733264923096
7360,2,3,0,0.5760643482208252
7361,8,8,1,0.9682669639587402
7362,9,9,1,0.9431847929954529
7363,1,1,1,0.9756479859352112
7364,5,5,1,0.956031084060669
7365,4,4,1,0.9176000952720642
7366,2,2,1,0.6847559809684753
7367,3,5,0,0.8511579632759094
7368,5,5,1,0.8926392197608948
7369,5,5,1,0.9377891421318054
7370,3,8,0,0.612313985824585
7371,6,6,1,0.956070601940155
7372,5,5,1,0.8906473517417908
7373,0,0,1,0.9818287491798401
7374,3,3,1,0.897162914276123
7375,2,4,0,0.4704817235469818
7376,1,1,1,0.9575239419937134
7377,3,3,1,0.5648180842399597
7378,3,5,0,0.6689900159835815
7379,7,7,1,0.9596623778343201
7380,7,7,1,0.8889915943145752
7381,4,4,1,0.9714376926422119
7382,9,9,1,0.8527103066444397
7383,4,4,1,0.9235804677009583
7384,3,5,0,0.7918159365653992
7385,9,9,1,0.9293329119682312
7386,5,3,0,0.7953144907951355
7387,1,1,1,0.943152904510498
7388,7,7,1,0.838516116142273
7389,6,6,1,0.7991710305213928
7390,6,6,1,0.918694794178009
7391,4,4,1,0.8581534028053284
7392,8,8,1,0.7398808598518372
7393,5,5,1,0.74699866771698
7394,1,1,1,0.9740011096000671
7395,2,3,0,0.7223506569862366
7396,8,8,1,0.9673731327056885
7397,4,4,1,0.6869398355484009
7398,5,3,0,0.7673345804214478
7399,3,3,1,0.7455030679702759
7400,3,5,0,0.7721767425537109
7401,3,3,1,0.8105268478393555
7402,0,9,0,0.8555086851119995
7403,4,4,1,0.592433750629425
7404,8,8,1,0.938856303691864
7405,7,7,1,0.9721976518630981
7406,7,2,0,0.7296035289764404
7407,9,9,1,0.9588927626609802
7408,4,5,0,0.4195270240306854
7409,8,8,1,0.9768458604812622
7410,4,4,1,0.8309962153434753
7411,5,5,1,0.6566362977027893
7412,9,9,1,0.9720069766044617
7413,1,1,1,0.7630864381790161
7414,8,8,1,0.49126845598220825
7415,3,3,1,0.7224019765853882
7416,1,1,1,0.6996161341667175
7417,3,3,1,0.9253610372543335
7418,8,8,1,0.9613845944404602
7419,0,0,1,0.8922638297080994
7420,3,3,1,0.712872326374054
7421,5,5,1,0.9250091910362244
7422,4,7,0,0.4266805648803711
7423,6,6,1,0.9773669838905334
7424,9,9,1,0.9653815031051636
7425,2,2,1,0.9631372690200806
7426,7,7,1,0.976292073726654
7427,2,2,1,0.880884051322937
7428,0,0,1,0.9435980319976807
7429,5,5,1,0.7214078307151794
7430,2,2,1,0.6159948706626892
7431,9,9,1,0.5823445320129395
7432,7,7,1,0.9523626565933228
7433,5,5,1,0.8735377192497253
7434,0,0,1,0.9533936381340027
7435,7,5,0,0.4998171031475067
7436,0,8,0,0.7058956027030945
7437,3,5,0,0.6757469773292542
7438,5,5,1,0.7844958305358887
7439,5,3,0,0.6670958995819092
7440,3,3,1,0.872169017791748
7441,8,8,1,0.9393158555030823
7442,7,7,1,0.764019250869751
7443,7,3,0,0.6435098052024841
7444,9,1,0,0.7342496514320374
7445,6,6,1,0.7826054096221924
7446,5,6,0,0.47094377875328064
7447,8,8,1,0.8636183738708496
7448,9,9,1,0.94139164686203
7449,0,6,0,0.79155433177948
7450,1,1,1,0.9715074300765991
7451,9,9,1,0.8671542406082153
7452,4,4,1,0.7690476775169373
7453,0,9,0,0.7514446973800659
7454,0,0,1,0.9828971028327942
7455,1,1,1,0.7644391059875488
7456,7,7,1,0.888142466545105
7457,2,2,1,0.7779431939125061
7458,2,5,0,0.7879157662391663
7459,8,8,1,0.9609953761100769
7460,5,5,1,0.9414536952972412
7461,9,9,1,0.7282776236534119
7462,8,8,1,0.7868010401725769
7463,2,2,1,0.7032380104064941
7464,8,8,1,0.9693573117256165
7465,0,8,0,0.873134970664978
7466,6,6,1,0.9527284502983093
7467,6,6,1,0.9455344676971436
7468,8,8,1,0.9480900168418884
7469,6,6,1,0.9136074185371399
7470,9,9,1,0.946205735206604
7471,6,3,0,0.4717176556587219
7472,1,1,1,0.9708839654922485
7473,1,1,1,0.9511271119117737
7474,5,5,1,0.9446678757667542
7475,3,3,1,0.8462761640548706
7476,5,5,1,0.9064376354217529
7477,0,0,1,0.8123921751976013
7478,7,7,1,0.6269834041595459
7479,6,6,1,0.9533984661102295
7480,1,1,1,0.9530355930328369
7481,4,4,1,0.9414637088775635
7482,4,6,0,0.7461495399475098
7483,1,1,1,0.9852072596549988
7484,1,1,1,0.9837442636489868
7485,8,8,1,0.8858737945556641
7486,1,1,1,0.8019446134567261
7487,1,1,1,0.9725565314292908
7488,2,2,1,0.9080290198326111
7489,3,3,1,0.7329749464988708
7490,4,4,1,0.9419882893562317
7491,9,9,1,0.91290682554245
7492,9,1,0,0.9184547066688538
7493,5,5,1,0.9414867162704468
7494,2,2,1,0.9505053162574768
7495,7,7,1,0.8805606961250305
7496,3,3,1,0.7335094213485718
7497,3,5,0,0.8083126544952393
7498,6,6,1,0.8470156788825989
7499,9,9,1,0.830145537853241
7500,6,6,1,0.9607936143875122
7501,9,9,1,0.9349039793014526
7502,8,8,1,0.49751633405685425
7503,8,8,1,0.8058057427406311
7504,6,6,1,0.9097824096679688
7505,7,7,1,0.9605168700218201
7506,4,4,1,0.952315628528595
7507,7,7,1,0.8169400095939636
7508,2,2,1,0.6985598206520081
7509,3,5,0,0.6947689652442932
7510,8,8,1,0.9080585241317749
7511,0,0,1,0.888766348361969
7512,9,9,1,0.932140588760376
7513,0,0,1,0.8148322701454163
7514,7,7,1,0.9646443128585815
7515,8,8,1,0.969539225101471
7516,1,1,1,0.9576632380485535
7517,2,2,1,0.7395144104957581
7518,3,3,1,0.5860545039176941
7519,2,8,0,0.5971935391426086
7520,4,4,1,0.9136689305305481
7521,2,2,1,0.9596484899520874
7522,9,9,1,0.9481349587440491
7523,0,0,1,0.8927172422409058
7524,3,4,0,0.41454413533210754
7525,8,8,1,0.979073703289032
7526,9,9,1,0.900619626045227
7527,6,6,1,0.8821066617965698
7528,5,5,1,0.9643939733505249
7529,5,5,1,0.9466724395751953
7530,2,0,0,0.5169030427932739
7531,4,4,1,0.9260584712028503
7532,1,1,1,0.950428307056427
7533,0,0,1,0.8572459816932678
7534,6,6,1,0.973972499370575
7535,1,1,1,0.9723250865936279
7536,8,8,1,0.8799995183944702
7537,4,4,1,0.881374180316925
7538,5,5,1,0.9530991911888123
7539,5,5,1,0.6234967708587646
7540,5,5,1,0.9275900721549988
7541,0,2,0,0.7354612350463867
7542,8,8,1,0.8596614003181458
7543,9,9,1,0.9482278823852539
7544,0,0,1,0.9113799333572388
7545,5,2,0,0.6308895349502563
7546,7,7,1,0.9446352124214172
7547,9,9,1,0.958885133266449
7548,6,6,1,0.9255836009979248
7549,3,3,1,0.7494327425956726
7550,4,4,1,0.89773029088974
7551,6,5,0,0.6922584772109985
7552,4,4,1,0.9373537302017212
7553,9,9,1,0.8738261461257935
7554,7,7,1,0.8193470239639282
7555,1,1,1,0.9525447487831116
7556,2,2,1,0.876188337802887
7557,5,5,1,0.48432856798171997
7558,2,2,1,0.8026527166366577
7559,8,1,0,0.9552008509635925
7560,0,0,1,0.8894488215446472
7561,2,2,1,0.5217874050140381
7562,2,3,0,0.5520941615104675
7563,9,9,1,0.9663886427879333
7564,8,8,1,0.8964701294898987
7565,1,1,1,0.9629263281822205
7566,9,9,1,0.9392651915550232
7567,7,7,1,0.9559168219566345
7568,7,7,1,0.7569764852523804
7569,3,3,1,0.7238583564758301
7570,1,1,1,0.9962029457092285
7571,4,6,0,0.7108097672462463
7572,1,1,1,0.9552923440933228
7573,1,9,0,0.7855886816978455
7574,3,3,1,0.8123753070831299
7575,8,8,1,0.9734782576560974
7576,8,8,1,0.9736800789833069
7577,1,1,1,0.972225546836853
7578,9,9,1,0.8991101384162903
7579,3,3,1,0.8646533489227295
7580,8,8,1,0.9488654136657715
7581,9,9,1,0.9506412148475647
7582,5,5,1,0.7583440542221069
7583,1,1,1,0.8515615463256836
7584,1,1,1,0.9591933488845825
7585,6,6,1,0.9361750483512878
7586,2,2,1,0.9136131405830383
7587,7,7,1,0.9237497448921204
7588,2,5,0,0.6414560675621033
7589,6,6,1,0.9448403120040894
7590,2,4,0,0.7892846465110779
7591,6,6,1,0.8972998261451721
7592,9,9,1,0.9525334239006042
7593,6,6,1,0.9527477622032166
7594,0,9,0,0.5572123527526855
7595,1,1,1,0.9208592176437378
7596,3,3,1,0.6933552026748657
7597,9,9,1,0.9400131702423096
7598,3,3,1,0.5704481601715088
7599,8,8,1,0.7922242283821106
7600,8,9,0,0.37874460220336914
7601,8,8,1,0.8947544693946838
7602,2,2,1,0.9032050967216492
7603,9,9,1,0.9436762928962708
7604,1,1,1,0.9538758993148804
7605,2,6,0,0.6441575288772583
7606,6,6,1,0.8880435228347778
7607,0,0,1,0.9827399849891663
7608,5,5,1,0.9252204895019531
7609,0,0,1,0.5027626752853394
7610,7,5,0,0.7316137552261353
7611,7,7,1,0.503272533416748
7612,7,7,1,0.9493398070335388
7613,9,9,1,0.9261752367019653
7614,4,4,1,0.972663402557373
7615,5,5,1,0.927280604839325
7616,0,0,1,0.8573963046073914
7617,2,2,1,0.5446017980575562
7618,3,3,1,0.8718916773796082
7619,5,3,0,0.6656875610351562
7620,5,3,0,0.4939486086368561
7621,8,8,1,0.9151528477668762
7622,9,9,1,0.9522583484649658
7623,1,1,1,0.9301936030387878
7624,2,2,1,0.7888402938842773
7625,7,8,0,0.5485509037971497
7626,1,1,1,0.9096102118492126
7627,3,3,1,0.7902300357818604
7628,4,4,1,0.5362119078636169
7629,6,6,1,0.9148274660110474
7630,9,9,1,0.906671404838562
7631,1,1,1,0.9770298004150391
7632,0,7,0,0.7374222874641418
7633,7,7,1,0.7323169112205505
7634,1,1,1,0.9136821031570435
7635,9,9,1,0.9286528825759888
7636,5,5,1,0.920315146446228
7637,8,8,1,0.7897658348083496
7638,1,1,1,0.7524322271347046
7639,9,9,1,0.9509906768798828
7640,9,8,0,0.8415513038635254
7641,7,5,0,0.7907562851905823
7642,9,9,1,0.9511697292327881
7643,8,8,1,0.9461224675178528
7644,3,5,0,0.727462649345398
7645,0,0,1,0.9460142850875854
7646,2,2,1,0.9380556344985962
7647,6,6,1,0.9440666437149048
7648,0,0,1,0.5963177680969238
7649,2,2,1,0.8898656964302063
7650,2,2,1,0.882234513759613
7651,4,4,1,0.7407806515693665
7652,0,0,1,0.9447339773178101
7653,8,8,1,0.9702960848808289
7654,4,4,1,0.8043042421340942
7655,8,8,1,0.9379518628120422
7656,1,1,1,0.9449447393417358
7657,2,5,0,0.5656518340110779
7658,7,7,1,0.9756225347518921
7659,2,2,1,0.9607502222061157
7660,7,7,1,0.9271439909934998
7661,9,9,1,0.9526312351226807
7662,5,5,1,0.6718323826789856
7663,2,2,1,0.9482913017272949
7664,2,2,1,0.9270730018615723
7665,9,9,1,0.8974867463111877
7666,2,7,0,0.5119730234146118
7667,6,6,1,0.7177308201789856
7668,5,5,1,0.8918004035949707
7669,7,4,0,0.9087316393852234
7670,2,2,1,0.81405109167099
7671,5,5,1,0.9346477389335632
7672,6,6,1,0.9371582865715027
7673,5,5,1,0.9210183620452881
7674,1,9,0,0.6998533606529236
7675,8,8,1,0.7041075229644775
7676,2,2,1,0.7735175490379333
7677,6,6,1,0.9804655313491821
7678,8,8,1,0.983231782913208
7679,6,6,1,0.929740846157074
7680,3,5,0,0.9336254596710205
7681,0,0,1,0.8946738839149475
7682,8,8,1,0.789607048034668
7683,0,0,1,0.9906940460205078
7684,0,0,1,0.9238682985305786
7685,9,9,1,0.8311831951141357
7686,9,0,0,0.7711614370346069
7687,6,6,1,0.5586983561515808
7688,8,8,1,0.8802599906921387
7689,0,8,0,0.8834857940673828
7690,6,6,1,0.8949486613273621
7691,6,6,1,0.9225564002990723
7692,0,0,1,0.9699575304985046
7693,7,7,1,0.9465318322181702
7694,9,9,1,0.9368259906768799
7695,8,8,1,0.9598064422607422
7696,0,0,1,0.8748054504394531
7697,5,7,0,0.8511428236961365
7698,0,0,1,0.9965583682060242
7699,9,9,1,0.9462348222732544
7700,6,6,1,0.9665054678916931
7701,0,0,1,0.9848477840423584
7702,4,4,1,0.9050871729850769
7703,7,7,1,0.9629717469215393
7704,1,1,1,0.9719545841217041
7705,7,7,1,0.5958693623542786
7706,8,8,1,0.9500808715820312
7707,8,8,1,0.8691537976264954
7708,2,4,0,0.8546755313873291
7709,3,3,1,0.820351243019104
7710,9,9,1,0.9547560214996338
7711,6,4,0,0.4056394398212433
7712,5,5,1,0.8405818343162537
7713,5,3,0,0.7906666994094849
7714,3,3,1,0.8556496500968933
7715,1,1,1,0.9585265517234802
7716,5,5,1,0.8683068752288818
7717,3,3,1,0.633004903793335
7718,0,0,1,0.9313827753067017
7719,2,2,1,0.49035361409187317
7720,5,5,1,0.9186910390853882
7721,2,2,1,0.9543978571891785
7722,7,7,1,0.8877617120742798
7723,3,2,0,0.517039954662323
7724,8,8,1,0.9943060874938965
7725,4,4,1,0.9749578833580017
7726,4,4,1,0.8307571411132812
7727,6,6,1,0.9332101941108704
7728,1,1,1,0.9654788374900818
7729,9,9,1,0.9242244958877563
7730,4,4,1,0.8101082444190979
7731,1,1,1,0.9946508407592773
7732,7,7,1,0.9601439237594604
7733,0,0,1,0.9595762491226196
7734,1,1,1,0.76446533203125
7735,4,4,1,0.6975322961807251
7736,3,3,1,0.8268070816993713
7737,0,0,1,0.8381451964378357
7738,2,2,1,0.9605736136436462
7739,9,9,1,0.950530469417572
7740,4,4,1,0.5505503416061401
7741,5,3,0,0.7239821553230286
7742,0,0,1,0.8292410373687744
7743,3,3,1,0.9250450134277344
7744,4,3,0,0.514306366443634
7745,7,7,1,0.9177567362785339
7746,2,0,0,0.6188071966171265
7747,3,3,1,0.7421591281890869
7748,0,0,1,0.9328499436378479
7749,1,1,1,0.9547587633132935
7750,3,2,0,0.6091940999031067
7751,7,7,1,0.8836579918861389
7752,9,9,1,0.9483852386474609
7753,9,9,1,0.9504008293151855
7754,0,0,1,0.7835228443145752
7755,7,7,1,0.9381964206695557
7756,5,3,0,0.6778805255889893
7757,6,6,1,0.9483566880226135
7758,7,7,1,0.9539957046508789
7759,1,1,1,0.9839397668838501
7760,2,9,0,0.6763266921043396
7761,2,3,0,0.8616831302642822
7762,7,7,1,0.9791777729988098
7763,4,3,0,0.5095574855804443
7764,6,6,1,0.919255793094635
7765,8,8,1,0.868466854095459
7766,4,4,1,0.9756802320480347
7767,9,9,1,0.9323766827583313
7768,8,8,1,0.976345956325531
7769,4,7,0,0.8293455839157104
7770,9,9,1,0.9540706276893616
7771,2,9,0,0.5157262682914734
7772,3,3,1,0.9028843641281128
7773,4,4,1,0.9254376888275146
7774,0,0,1,0.9926955699920654
7775,2,2,1,0.9035951495170593
7776,5,5,1,0.6932864785194397
7777,6,6,1,0.9049403071403503
7778,0,7,0,0.7372022271156311
7779,5,5,1,0.7184892892837524
7780,3,3,1,0.7696093320846558
7781,5,5,1,0.8157845139503479
7782,8,8,1,0.9847110509872437
7783,3,5,0,0.9148805141448975
7784,7,7,1,0.7583848237991333
7785,4,2,0,0.47152164578437805
7786,9,9,1,0.9000959396362305
7787,5,5,1,0.7196069359779358
7788,6,6,1,0.9287431836128235
7789,3,3,1,0.8011268973350525
7790,8,8,1,0.9588050842285156
7791,6,6,1,0.7659059762954712
7792,9,1,0,0.821895182132721
7793,8,8,1,0.958096444606781
7794,5,3,0,0.7788158059120178
7795,5,5,1,0.8126720190048218
7796,8,8,1,0.9650428891181946
7797,3,6,0,0.8995646238327026
7798,5,5,1,0.6116400361061096
7799,9,9,1,0.8936752676963806
7800,0,0,1,0.8349291086196899
7801,4,4,1,0.9632200598716736
7802,2,2,1,0.61244136095047
7803,0,0,1,0.7380799651145935
7804,5,5,1,0.9671689867973328
7805,9,9,1,0.9611689448356628
7806,9,9,1,0.6873980164527893
7807,3,3,1,0.9302002191543579
7808,8,8,1,0.9423483610153198
7809,0,0,1,0.7738914489746094
7810,6,6,1,0.9618370532989502
7811,0,0,1,0.9886322021484375
7812,2,2,1,0.862892210483551
7813,3,5,0,0.6330022811889648
7814,7,7,1,0.9577887654304504
7815,0,8,0,0.5803208351135254
7816,0,3,0,0.6671419739723206
7817,6,6,1,0.8914492130279541
7818,9,9,1,0.9655401706695557
7819,1,1,1,0.9577820897102356
7820,5,5,1,0.9558072090148926
7821,2,7,0,0.4990345239639282
7822,2,6,0,0.8323912024497986
7823,7,7,1,0.9277799725532532
7824,9,9,1,0.8478397130966187
7825,3,3,1,0.9340559840202332
7826,9,9,1,0.8777536749839783
7827,3,5,0,0.6500251293182373
7828,5,5,1,0.9365969300270081
7829,2,2,1,0.5447298288345337
7830,2,2,1,0.5786018371582031
7831,2,2,1,0.8826538324356079
7832,8,8,1,0.9484596848487854
7833,8,8,1,0.7945491671562195
7834,5,5,1,0.8744646310806274
7835,0,0,1,0.9583060145378113
7836,0,0,1,0.9009838104248047
7837,7,7,1,0.9635658264160156
7838,0,0,1,0.9814534783363342
7839,3,4,0,0.8020911812782288
7840,1,1,1,0.9634776711463928
7841,6,6,1,0.6784112453460693
7842,5,4,0,0.6388075947761536
7843,0,9,0,0.5071401596069336
7844,9,9,1,0.9588640332221985
7845,2,2,1,0.9613761305809021
7846,6,6,1,0.7716808319091797
7847,7,7,1,0.8783061504364014
7848,4,4,1,0.9567384123802185
7849,2,0,0,0.8596200942993164
7850,0,0,1,0.9344005584716797
7851,0,0,1,0.8674683570861816
7852,5,7,0,0.860978364944458
7853,3,2,0,0.7459009289741516
7854,3,3,1,0.9126197099685669
7855,2,2,1,0.8915635347366333
7856,6,6,1,0.8662315011024475
7857,4,3,0,0.5264772772789001
7858,2,2,1,0.8570595383644104
7859,7,7,1,0.9415051937103271
7860,8,8,1,0.8732584118843079
7861,0,9,0,0.9221542477607727
7862,1,1,1,0.9196549654006958
7863,0,0,1,0.9620535969734192
7864,1,1,1,0.9745690226554871
7865,3,3,1,0.9058100581169128
7866,6,6,1,0.935793936252594
7867,4,2,0,0.7179160714149475
7868,8,8,1,0.8661565184593201
7869,0,0,1,0.9766538143157959
7870,6,6,1,0.9199607372283936
7871,0,0,1,0.8974043726921082
7872,9,9,1,0.9485952854156494
7873,1,1,1,0.9891908168792725
7874,6,6,1,0.915367603302002
7875,2,2,1,0.5989163517951965
7876,1,1,1,0.9964122772216797
7877,0,0,1,0.6707515716552734
7878,1,1,1,0.9316825270652771
7879,3,3,1,0.8759362697601318
7880,0,0,1,0.8280055522918701
7881,3,4,0,0.7822303175926208
7882,7,7,1,0.9222536087036133
7883,9,9,1,0.9496662616729736
7884,9,9,1,0.8549215197563171
7885,3,3,1,0.8372817039489746
7886,7,7,1,0.9900272488594055
7887,5,5,1,0.8965494632720947
7888,7,7,1,0.9654209613800049
7889,1,1,1,0.978242814540863
7890,6,6,1,0.8962023854255676
7891,6,6,1,0.9561580419540405
7892,1,9,0,0.9200579524040222
7893,1,1,1,0.9219399690628052
7894,1,1,1,0.9328118562698364
7895,4,4,1,0.9058204293251038
7896,4,4,1,0.6661561131477356
7897,2,2,1,0.6844276785850525
7898,1,1,1,0.8994705677032471
7899,7,7,1,0.8077732920646667
7900,0,0,1,0.6746155023574829
7901,1,1,1,0.9647699594497681
7902,2,2,1,0.9241865277290344
7903,1,3,0,0.7000906467437744
7904,1,1,1,0.8074945211410522
7905,3,3,1,0.9148203134536743
7906,2,4,0,0.7459742426872253
7907,6,6,1,0.8830991983413696
7908,9,9,1,0.9212760329246521
7909,1,1,1,0.7173820734024048
7910,3,3,1,0.8874819874763489
7911,2,2,1,0.9838917255401611
7912,0,0,1,0.7953166961669922
7913,8,1,0,0.43437811732292175
7914,7,7,1,0.9221678972244263
7915,3,3,1,0.869838535785675
7916,4,2,0,0.6036189794540405
7917,6,6,1,0.9043229222297668
7918,4,4,1,0.5824687480926514
7919,6,6,1,0.8703266978263855
7920,9,9,1,0.8003958463668823
7921,4,7,0,0.6329024434089661
7922,8,8,1,0.9764853119850159
7923,9,9,1,0.9461442828178406
7924,3,3,1,0.475820928812027
7925,0,0,1,0.8372997641563416
7926,5,5,1,0.8971571922302246
7927,7,7,1,0.9175223708152771
7928,2,2,1,0.9085597395896912
7929,0,0,1,0.9609460830688477
7930,2,2,1,0.6337910294532776
7931,9,4,0,0.6469337344169617
7932,9,0,0,0.6954750418663025
7933,3,3,1,0.537162721157074
7934,8,8,1,0.9404346942901611
7935,7,2,0,0.5126984119415283
7936,1,1,1,0.9872185587882996
7937,1,1,1,0.9863038659095764
7938,2,2,1,0.9254993796348572
7939,2,2,1,0.9192559719085693
7940,2,6,0,0.880027711391449
7941,5,5,1,0.6775689721107483
7942,9,9,1,0.9070724248886108
7943,1,1,1,0.8648641705513
7944,2,2,1,0.8383581638336182
7945,6,4,0,0.7013176679611206
7946,1,1,1,0.9646836519241333
7947,2,6,0,0.5642651319503784
7948,1,1,1,0.9589541554450989
7949,8,8,1,0.9536720514297485
7950,9,9,1,0.9222621321678162
7951,2,2,1,0.9727422595024109
7952,3,3,1,0.6990537047386169
7953,1,1,1,0.9511023759841919
7954,9,9,1,0.8221709728240967
7955,9,9,1,0.9540051817893982
7956,4,3,0,0.7833961248397827
7957,4,4,1,0.9090042114257812
7958,5,3,0,0.5784770846366882
7959,5,5,1,0.5506435632705688
7960,0,0,1,0.7281187176704407
7961,3,3,1,0.8237968683242798
7962,3,7,0,0.7647309303283691
7963,7,7,1,0.9215699434280396
7964,1,1,1,0.9621990919113159
7965,7,7,1,0.9538083076477051
7966,7,7,1,0.9614893794059753
7967,9,7,0,0.4538079798221588
7968,8,8,1,0.991946280002594
7969,6,6,1,0.8958673477172852
7970,3,4,0,0.7263100147247314
7971,5,5,1,0.9627594351768494
7972,5,5,1,0.8998875021934509
7973,1,1,1,0.9937042593955994
7974,6,6,1,0.8763614296913147
7975,2,2,1,0.9253202676773071
7976,7,7,1,0.8328016996383667
7977,8,8,1,0.9732241630554199
7978,4,4,1,0.860225260257721
7979,3,3,1,0.724308431148529
7980,3,3,1,0.901390016078949
7981,5,5,1,0.8950242400169373
7982,9,9,1,0.9624571204185486
7983,6,8,0,0.928898811340332
7984,8,8,1,0.8321585655212402
7985,5,5,1,0.8600708246231079
7986,1,1,1,0.9407383799552917
7987,0,0,1,0.796637237071991
7988,6,6,1,0.8483789563179016
7989,7,5,0,0.5377245545387268
7990,0,0,1,0.749958336353302
7991,9,9,1,0.9378387928009033
7992,6,6,1,0.9660723805427551
7993,2,2,1,0.8305857181549072
7994,0,0,1,0.8427144289016724
7995,8,8,1,0.9861507415771484
7996,7,7,1,0.9495769143104553
7997,1,1,1,0.9765244126319885
7998,2,2,1,0.8608717918395996
7999,6,6,1,0.9353832006454468
8000,9,9,1,0.9210838079452515
8001,1,1,1,0.8941028118133545
8002,6,6,1,0.9324312806129456
8003,4,4,1,0.7269265651702881
8004,7,7,1,0.81428062915802
8005,1,1,1,0.9771440029144287
8006,9,4,0,0.7811521887779236
8007,0,0,1,0.7051949501037598
8008,0,0,1,0.9201828837394714
8009,5,2,0,0.6962190866470337
8010,2,7,0,0.7942100167274475
8011,8,8,1,0.9395156502723694
8012,3,3,1,0.9315555691719055
8013,8,8,1,0.9891698956489563
8014,2,2,1,0.5923518538475037
8015,8,8,1,0.7710075378417969
8016,4,4,1,0.8004255890846252
8017,0,0,1,0.9546430110931396
8018,8,8,1,0.773212730884552
8019,3,3,1,0.9047099947929382
8020,6,3,0,0.7049431800842285
8021,1,1,1,0.9609736204147339
8022,2,7,0,0.5122496485710144
8023,3,3,1,0.8138419985771179
8024,0,0,1,0.6398218274116516
8025,5,5,1,0.7209898233413696
8026,0,0,1,0.920671820640564
8027,4,7,0,0.8681020140647888
8028,1,1,1,0.9468033909797668
8029,7,7,1,0.9505329728126526
8030,2,0,0,0.7988805770874023
8031,0,0,1,0.7999195456504822
8032,1,1,1,0.9746288657188416
8033,3,3,1,0.8782585859298706
8034,9,9,1,0.9534751176834106
8035,1,1,1,0.9469701647758484
8036,6,6,1,0.9408518671989441
8037,1,1,1,0.9743914008140564
8038,6,6,1,0.9684730172157288
8039,1,1,1,0.9605922102928162
8040,2,2,1,0.9569828510284424
8041,8,3,0,0.7849575281143188
8042,7,7,1,0.968683660030365
8043,0,0,1,0.8669004440307617
8044,9,9,1,0.9290211796760559
8045,5,5,1,0.9390062689781189
8046,8,3,0,0.6475227475166321
8047,0,4,0,0.5573866963386536
8048,0,2,0,0.751843273639679
8049,1,1,1,0.9567372798919678
8050,7,7,1,0.8246036171913147
8051,9,9,1,0.9448353052139282
8052,7,7,1,0.9175326824188232
8053,1,1,1,0.9618020057678223
8054,9,9,1,0.8679410219192505
8055,2,2,1,0.9329066872596741
8056,1,9,0,0.7294135689735413
8057,9,9,1,0.7438357472419739
8058,4,4,1,0.872991144657135
8059,3,3,1,0.9460076689720154
8060,6,6,1,0.967751145362854
8061,0,0,1,0.9943426251411438
8062,2,2,1,0.9422864317893982
8063,0,0,1,0.9889773726463318
8064,0,0,1,0.8959173560142517
8065,9,9,1,0.9609811902046204
8066,9,3,0,0.707757830619812
8067,8,8,1,0.9243494272232056
8068,9,9,1,0.884138286113739
8069,4,2,0,0.7756466865539551
8070,5,5,1,0.916037380695343
8071,4,5,0,0.5001157522201538
8072,3,3,1,0.8855801820755005
8073,0,0,1,0.9924144148826599
8074,7,7,1,0.7207974195480347
8075,8,8,1,0.9606483578681946
8076,7,7,1,0.9656592607498169
8077,3,3,1,0.6245460510253906
8078,7,7,1,0.7788658738136292
8079,5,3,0,0.759708821773529
8080,4,4,1,0.8862061500549316
8081,6,6,1,0.9472606182098389
8082,5,5,1,0.8364030718803406
8083,9,9,1,0.935982882976532
8084,5,3,0,0.637539803981781
8085,2,2,1,0.946053147315979
8086,4,0,0,0.5035989284515381
8087,2,3,0,0.6148228645324707
8088,7,7,1,0.9469785690307617
8089,9,9,1,0.90233314037323
8090,6,6,1,0.9126135110855103
8091,7,0,0,0.6690767407417297
8092,4,4,1,0.8036238551139832
8093,7,7,1,0.9052192568778992
8094,1,1,1,0.9820208549499512
8095,2,2,1,0.9578114748001099
8096,3,3,1,0.9422509670257568
8097,1,1,1,0.9665506482124329
8098,1,1,1,0.7891157269477844
8099,3,3,1,0.952360212802887
8100,6,3,0,0.6220532059669495
8101,8,8,1,0.9651228785514832
8102,3,3,1,0.8617977499961853
8103,7,7,1,0.5884307026863098
8104,7,7,1,0.8951172232627869
8105,0,0,1,0.8242583274841309
8106,8,8,1,0.9812539219856262
8107,1,1,1,0.9928495287895203
8108,5,5,1,0.9205074310302734
8109,2,6,0,0.8552389144897461
8110,5,6,0,0.5590406656265259
8111,5,5,1,0.9351083636283875
8112,3,3,1,0.5178791284561157
8113,6,6,1,0.9260361790657043
8114,3,3,1,0.9238609075546265
8115,5,3,0,0.809863805770874
8116,9,9,1,0.9282242059707642
8117,8,8,1,0.9579915404319763
8118,4,4,1,0.910365879535675
8119,6,3,0,0.7483508586883545
8120,8,8,1,0.8946995735168457
8121,0,0,1,0.9342703223228455
8122,4,4,1,0.5905336141586304
8123,1,1,1,0.8326321244239807
8124,7,7,1,0.9148569703102112
8125,8,8,1,0.9329650402069092
8126,4,4,1,0.9165304899215698
8127,9,9,1,0.9156590104103088
8128,7,3,0,0.4586729109287262
8129,2,2,1,0.864919126033783
8130,6,6,1,0.9474365711212158
8131,3,3,1,0.8401590585708618
8132,8,8,1,0.9826701879501343
8133,8,8,1,0.9591889977455139
8134,6,6,1,0.8816538453102112
8135,7,7,1,0.712543785572052
8136,3,3,1,0.8186332583427429
8137,8,8,1,0.950366199016571
8138,1,9,0,0.7043282389640808
8139,1,1,1,0.9286072254180908
8140,5,5,1,0.8965715765953064
8141,3,3,1,0.8948459029197693
8142,7,7,1,0.7680768370628357
8143,9,9,1,0.8918671011924744
8144,9,9,1,0.9396222233772278
8145,9,9,1,0.8967228531837463
8146,8,8,1,0.8981481194496155
8147,5,5,1,0.7263906002044678
8148,9,9,1,0.9310349822044373
8149,9,9,1,0.9622474312782288
8150,6,6,1,0.9863623380661011
8151,8,8,1,0.9305410981178284
8152,8,8,1,0.9605703949928284
8153,4,4,1,0.8679080009460449
8154,8,8,1,0.8348047137260437
8155,1,1,1,0.9930875301361084
8156,0,0,1,0.9240567684173584
8157,1,1,1,0.9713822603225708
8158,8,8,1,0.9839659333229065
8159,8,8,1,0.979850172996521
8160,6,6,1,0.8239209651947021
8161,5,5,1,0.7689899802207947
8162,9,9,1,0.8716515898704529
8163,0,0,1,0.9558297395706177
8164,6,6,1,0.9571481347084045
8165,1,1,1,0.9469684362411499
8166,2,5,0,0.5371586680412292
8167,6,6,1,0.9596852660179138
8168,6,6,1,0.906028151512146
8169,3,3,1,0.5772514939308167
8170,5,5,1,0.9569091200828552
8171,6,6,1,0.7805350422859192
8172,5,5,1,0.6368190050125122
8173,5,3,0,0.6769428253173828
8174,3,3,1,0.8840339779853821
8175,3,3,1,0.8784124255180359
8176,6,6,1,0.7844821214675903
8177,8,8,1,0.5770031809806824
8178,9,9,1,0.8451041579246521
8179,4,4,1,0.9547681212425232
8180,4,4,1,0.8676179647445679
8181,3,3,1,0.8881177306175232
8182,8,8,1,0.9029280543327332
8183,3,3,1,0.7367659211158752
8184,6,6,1,0.8925496339797974
8185,0,0,1,0.7461650371551514
8186,8,8,1,0.9491257667541504
8187,5,5,1,0.9472790360450745
8188,7,7,1,0.9600290656089783
8189,8,8,1,0.9343429207801819
8190,4,5,0,0.6298975944519043
8191,6,6,1,0.8764417171478271
8192,5,5,1,0.8616164922714233
8193,3,3,1,0.6741058826446533
8194,1,1,1,0.9238429069519043
8195,8,8,1,0.9692545533180237
8196,3,9,0,0.8717735409736633
8197,0,0,1,0.9172816276550293
8198,4,4,1,0.7170943021774292
8199,4,4,1,0.7011048793792725
8200,3,3,1,0.862036943435669
8201,3,3,1,0.8513174057006836
8202,5,5,1,0.8757773637771606
8203,3,3,1,0.933829128742218
8204,3,3,1,0.9236319065093994
8205,2,4,0,0.8127329349517822
8206,7,7,1,0.9509596824645996
8207,7,7,1,0.9778022170066833
8208,8,8,1,0.8621559739112854
8209,2,6,0,0.6247643232345581
8210,0,0,1,0.9938032031059265
8211,5,5,1,0.9554675221443176
8212,5,6,0,0.6821357011795044
8213,6,6,1,0.9323604106903076
8214,1,1,1,0.9677333235740662
8215,1,1,1,0.9720009565353394
8216,3,3,1,0.8580319881439209
8217,9,9,1,0.9386597871780396
8218,9,9,1,0.9113243222236633
8219,3,3,1,0.7149863839149475
8220,6,6,1,0.3679197430610657
8221,7,7,1,0.9612652659416199
8222,1,8,0,0.6733400225639343
8223,8,8,1,0.9385716319084167
8224,3,3,1,0.8682591319084167
8225,9,9,1,0.7988666892051697
8226,8,8,1,0.7635495662689209
8227,7,7,1,0.9357999563217163
8228,8,8,1,0.967718780040741
8229,8,8,1,0.8771272897720337
8230,0,0,1,0.9016536474227905
8231,3,3,1,0.8022271990776062
8232,2,2,1,0.8541788458824158
8233,4,4,1,0.6326956748962402
8234,8,1,0,0.643362820148468
8235,7,7,1,0.977198600769043
8236,5,3,0,0.6622931957244873
8237,7,7,1,0.890103280544281
8238,1,1,1,0.9602161645889282
8239,8,8,1,0.9894639253616333
8240,7,7,1,0.9748574495315552
8241,3,6,0,0.5201154947280884
8242,5,5,1,0.8513361215591431
8243,4,4,1,0.9317525029182434
8244,4,4,1,0.48367971181869507
8245,3,3,1,0.7385018467903137
8246,8,8,1,0.9419334530830383
8247,6,6,1,0.9841071963310242
8248,1,1,1,0.9290706515312195
8249,1,1,1,0.9679875373840332
8250,6,6,1,0.8575767874717712
8251,3,3,1,0.9328479170799255
8252,2,2,1,0.7364004254341125
8253,2,2,1,0.6893326044082642
8254,8,8,1,0.5641195178031921
8255,9,9,1,0.9346804618835449
8256,8,8,1,0.9821824431419373
8257,3,3,1,0.9221402406692505
8258,3,3,1,0.8982668519020081
8259,8,8,1,0.9643296003341675
8260,1,1,1,0.9602454900741577
8261,1,1,1,0.5576183199882507
8262,0,4,0,0.5784204006195068
8263,5,5,1,0.9038241505622864
8264,2,2,1,0.9706370234489441
8265,0,0,1,0.9236505627632141
8266,5,3,0,0.8590582013130188
8267,0,0,1,0.5102523565292358
8268,5,2,0,0.5896394848823547
8269,8,0,0,0.8474586606025696
8270,6,6,1,0.9468742609024048
8271,3,3,1,0.9275913834571838
8272,9,9,1,0.9140163064002991
8273,6,6,1,0.9690048098564148
8274,6,6,1,0.8913679122924805
8275,3,7,0,0.6318643689155579
8276,9,0,0,0.6524703502655029
8277,4,7,0,0.595706045627594
8278,8,8,1,0.9268274903297424
8279,3,3,1,0.7648975253105164
8280,4,4,1,0.9281036853790283
8281,3,5,0,0.8258296251296997
8282,1,1,1,0.9480254054069519
8283,1,1,1,0.964484691619873
8284,2,2,1,0.9066412448883057
8285,9,9,1,0.9301590323448181
8286,7,5,0,0.5472099184989929
8287,8,8,1,0.9547964930534363
8288,5,5,1,0.9639265537261963
8289,5,5,1,0.8504818081855774
8290,8,8,1,0.9410381317138672
8291,6,7,0,0.6515942215919495
8292,9,1,0,0.7458992004394531
8293,0,0,1,0.9371362328529358
8294,8,8,1,0.9751620888710022
8295,3,0,0,0.7753314971923828
8296,5,3,0,0.7997696399688721
8297,1,1,1,0.9574506878852844
8298,3,2,0,0.5955300331115723
8299,3,3,1,0.9211941361427307
8300,5,5,1,0.8223450779914856
8301,5,4,0,0.5276644825935364
8302,3,3,1,0.9042198657989502
8303,8,8,1,0.8382927179336548
8304,1,9,0,0.7272119522094727
8305,4,4,1,0.6866223216056824
8306,6,6,1,0.6637510657310486
8307,4,4,1,0.969714343547821
8308,2,2,1,0.8322084546089172
8309,4,4,1,0.9579368829727173
8310,3,3,1,0.9095737338066101
8311,8,8,1,0.9876853823661804
8312,9,9,1,0.6501496434211731
8313,6,6,1,0.9536779522895813
8314,6,2,0,0.4946522116661072
8315,6,6,1,0.9224408268928528
8316,5,5,1,0.7013359069824219
8317,5,5,1,0.6914411783218384
8318,2,2,1,0.8875700235366821
8319,7,7,1,0.8395077586174011
8320,7,7,1,0.8724226355552673
8321,4,4,1,0.8702273368835449
8322,4,4,1,0.9385952353477478
8323,9,9,1,0.8623256087303162
8324,3,7,0,0.5807632803916931
8325,8,8,1,0.7024948596954346
8326,3,5,0,0.8367865085601807
8327,7,7,1,0.9246354699134827
8328,7,7,1,0.9587773680686951
8329,8,8,1,0.9540570974349976
8330,5,5,1,0.9522063136100769
8331,3,2,0,0.8125213980674744
8332,9,9,1,0.9333112239837646
8333,1,1,1,0.7471804022789001
8334,6,6,1,0.8426142930984497
8335,7,5,0,0.6619443893432617
8336,3,3,1,0.865477979183197
8337,3,3,1,0.9253926277160645
8338,3,3,1,0.862664520740509
8339,8,8,1,0.9182896614074707
8340,5,3,0,0.8876911401748657
8341,6,4,0,0.5034270882606506
8342,1,0,0,0.9111329317092896
8343,3,3,1,0.9456337690353394
8344,7,7,1,0.8510279059410095
8345,9,9,1,0.9215997457504272
8346,6,6,1,0.6260315179824829
8347,1,1,1,0.9113589525222778
8348,6,6,1,0.7602704167366028
8349,4,4,1,0.9607036113739014
8350,9,9,1,0.938138484954834
8351,0,2,0,0.9334797859191895
8352,5,5,1,0.8821448683738708
8353,7,7,1,0.9671159982681274
8354,4,4,1,0.8734095692634583
8355,9,9,1,0.9398508071899414
8356,1,1,1,0.9810311794281006
8357,0,5,0,0.47804608941078186
8358,0,0,1,0.9893798232078552
8359,2,6,0,0.755060613155365
8360,7,7,1,0.9489429593086243
8361,8,1,0,0.7274817824363708
8362,3,7,0,0.4903676509857178
8363,2,5,0,0.7371147274971008
8364,7,7,1,0.6624277830123901
8365,6,6,1,0.9542750120162964
8366,1,1,1,0.8691364526748657
8367,6,6,1,0.940234363079071
8368,6,6,1,0.944641649723053
8369,4,4,1,0.8754410147666931
8370,4,4,1,0.9231315851211548
8371,2,2,1,0.8171299695968628
8372,1,1,1,0.8837005496025085
8373,8,8,1,0.9508705139160156
8374,4,4,1,0.9506955742835999
8375,4,4,1,0.7713376879692078
8376,7,7,1,0.62706059217453
8377,8,8,1,0.9337130784988403
8378,5,3,0,0.803512692451477
8379,8,8,1,0.9743437170982361
8380,9,9,1,0.7801862955093384
8381,4,3,0,0.7653477787971497
8382,3,3,1,0.9508151412010193
8383,2,2,1,0.798572301864624
8384,2,2,1,0.7076351046562195
8385,9,1,0,0.5840476751327515
8386,3,9,0,0.5243671536445618
8387,0,0,1,0.8034706711769104
8388,1,1,1,0.9602919816970825
8389,1,1,1,0.9414885640144348
8390,1,1,1,0.9663400650024414
8391,1,1,1,0.9819825291633606
8392,6,6,1,0.9123800992965698
8393,8,8,1,0.976860523223877
8394,7,7,1,0.7312744855880737
8395,1,1,1,0.9797155261039734
8396,3,3,1,0.7910916805267334
8397,0,0,1,0.925881564617157
8398,4,4,1,0.5285665392875671
8399,5,5,1,0.8205301761627197
8400,0,0,1,0.8375338315963745
8401,3,3,1,0.4854154586791992
8402,0,0,1,0.946821391582489
8403,6,6,1,0.9607824087142944
8404,2,4,0,0.7112487554550171
8405,0,0,1,0.7085725665092468
8406,9,9,1,0.9617413878440857
8407,8,8,1,0.9471185803413391
8408,6,6,1,0.9459222555160522
8409,8,8,1,0.9816331267356873
8410,5,3,0,0.6936904788017273
8411,8,8,1,0.9336761236190796
8412,2,2,1,0.7370169162750244
8413,9,9,1,0.6412742137908936
8414,6,6,1,0.9594165086746216
8415,0,0,1,0.8975713849067688
8416,6,6,1,0.9222633242607117
8417,1,1,1,0.9458295106887817
8418,8,8,1,0.9930719137191772
8419,7,2,0,0.6657483577728271
8420,3,6,0,0.56982421875
8421,2,2,1,0.9568831920623779
8422,2,2,1,0.7047615051269531
8423,6,6,1,0.9204016327857971
8424,5,5,1,0.8817645311355591
8425,6,6,1,0.6190307140350342
8426,9,9,1,0.9677367806434631
8427,2,4,0,0.5535764694213867
8428,5,4,0,0.4218585193157196
8429,4,4,1,0.9326623678207397
8430,9,9,1,0.9443104863166809
8431,8,8,1,0.8774621486663818
8432,5,5,1,0.6750216484069824
8433,3,3,1,0.7539069056510925
8434,9,9,1,0.9537934064865112
8435,3,3,1,0.9016022086143494
8436,5,5,1,0.9479449391365051
8437,7,7,1,0.9517037272453308
8438,1,1,1,0.9349464178085327
8439,8,8,1,0.9891329407691956
8440,5,3,0,0.677899956703186
8441,8,8,1,0.9757503867149353
8442,6,6,1,0.9903309345245361
8443,2,2,1,0.70809406042099
8444,5,5,1,0.7647205591201782
8445,1,1,1,0.96023029088974
8446,3,3,1,0.8596675992012024
8447,0,0,1,0.9103037118911743
8448,4,4,1,0.6856885552406311
8449,1,1,1,0.6070175766944885
8450,9,3,0,0.6766276955604553
8451,5,4,0,0.587506890296936
8452,4,4,1,0.9389586448669434
8453,9,1,0,0.7730007767677307
8454,2,2,1,0.8969371914863586
8455,1,1,1,0.9566895365715027
8456,4,4,1,0.48467230796813965
8457,2,4,0,0.9017316699028015
8458,5,5,1,0.9554094672203064
8459,9,9,1,0.9412205219268799
8460,8,8,1,0.9428896903991699
8461,7,7,1,0.8792697191238403
8462,2,9,0,0.6737968325614929
8463,1,9,0,0.612784743309021
8464,6,6,1,0.912484884262085
8465,9,1,0,0.8367055058479309
8466,7,7,1,0.7228106260299683
8467,3,3,1,0.9418441653251648
8468,6,6,1,0.9122014045715332
8469,5,3,0,0.7472739219665527
8470,8,8,1,0.9164360761642456
8471,0,8,0,0.4921284317970276
8472,2,2,1,0.952340304851532
8473,2,2,1,0.5663947463035583
8474,4,4,1,0.9819352030754089
8475,9,9,1,0.8587586283683777
8476,0,6,0,0.593498706817627
8477,5,5,1,0.9491661787033081
8478,5,5,1,0.887811541557312
8479,4,4,1,0.8390781879425049
8480,2,2,1,0.5993104577064514
8481,3,3,1,0.6366226673126221
8482,1,1,1,0.983528733253479
8483,0,0,1,0.99528968334198
8484,3,6,0,0.3954794406890869
8485,0,0,1,0.8653162121772766
8486,4,4,1,0.9322711825370789
8487,4,2,0,0.6272057890892029
8488,9,7,0,0.5012040138244629
8489,1,1,1,0.9256066679954529
8490,3,5,0,0.7094638347625732
8491,3,7,0,0.5427533984184265
8492,0,0,1,0.7217714190483093
8493,2,2,1,0.603617787361145
8494,1,1,1,0.9228983521461487
8495,1,1,1,0.9500418901443481
8496,0,0,1,0.8890542387962341
8497,4,4,1,0.8502760529518127
8498,1,1,1,0.9621806740760803
8499,9,9,1,0.8990563154220581
8500,4,4,1,0.9734917879104614
8501,8,8,1,0.9537976980209351
8502,1,1,1,0.944867730140686
8503,1,1,1,0.8894860148429871
8504,1,1,1,0.9682410955429077
8505,5,5,1,0.957753598690033
8506,9,9,1,0.9533189535140991
8507,8,8,1,0.930355966091156
8508,1,1,1,0.9323942065238953
8509,6,6,1,0.9556217789649963
8510,7,7,1,0.9847772121429443
8511,2,2,1,0.880937397480011
8512,9,9,1,0.9059707522392273
8513,9,9,1,0.9409410357475281
8514,7,7,1,0.5480889081954956
8515,8,8,1,0.9861658215522766
8516,8,8,1,0.9578589797019958
8517,1,1,1,0.9494332671165466
8518,9,9,1,0.9100036025047302
8519,7,7,1,0.9307343363761902
8520,8,8,1,0.6647155284881592
8521,9,8,0,0.8581729531288147
8522,1,1,1,0.994688868522644
8523,6,6,1,0.9308915734291077
8524,6,6,1,0.7841344475746155
8525,3,6,0,0.4417146146297455
8526,3,7,0,0.6911488175392151
8527,1,1,1,0.8524392247200012
8528,3,3,1,0.9239033460617065
8529,0,8,0,0.7464454770088196
8530,8,8,1,0.9457992315292358
8531,8,8,1,0.9627526998519897
8532,3,3,1,0.8327972888946533
8533,6,6,1,0.9004871249198914
8534,6,6,1,0.9545929431915283
8535,7,7,1,0.8826629519462585
8536,1,1,1,0.9257025718688965
8537,0,0,1,0.976682186126709
8538,7,7,1,0.8244915008544922
8539,6,6,1,0.7899904251098633
8540,4,4,1,0.9588662385940552
8541,8,8,1,0.6794793009757996
8542,2,6,0,0.6828173995018005
8543,0,0,1,0.9452441930770874
8544,6,6,1,0.9458478093147278
8545,6,3,0,0.7572811245918274
8546,8,8,1,0.5906941294670105
8547,6,6,1,0.9502249360084534
8548,3,3,1,0.5136972069740295
8549,1,1,1,0.9012872576713562
8550,1,1,1,0.9111381769180298
8551,8,8,1,0.5665680766105652
8552,6,6,1,0.6867671012878418
8553,7,2,0,0.5447168350219727
8554,0,0,1,0.8968931436538696
8555,5,5,1,0.9443594217300415
8556,4,4,1,0.8385784029960632
8557,3,3,1,0.6968907713890076
8558,2,2,1,0.7009238004684448
8559,1,8,0,0.718143105506897
8560,7,7,1,0.9452890157699585
8561,8,8,1,0.971423864364624
8562,2,6,0,0.916737973690033
8563,0,0,1,0.5563875436782837
8564,1,1,1,0.9084186553955078
8565,7,7,1,0.9478611350059509
8566,4,0,0,0.7175918221473694
8567,8,8,1,0.9725594520568848
8568,7,7,1,0.944799542427063
8569,6,6,1,0.5626848340034485
8570,6,6,1,0.8990038633346558
8571,7,7,1,0.9296080470085144
8572,0,0,1,0.9471077919006348
8573,6,4,0,0.6678035855293274
8574,4,4,1,0.8487585783004761
8575,9,9,1,0.9118320345878601
8576,2,3,0,0.692674458026886
8577,3,6,0,0.5899642705917358
8578,2,2,1,0.7867265939712524
8579,1,1,1,0.9794415235519409
8580,3,5,0,0.7237868905067444
8581,8,8,1,0.7880067229270935
8582,6,6,1,0.9228595495223999
8583,8,8,1,0.9391970634460449
8584,1,1,1,0.9488052129745483
8585,9,9,1,0.9389297962188721
8586,6,6,1,0.7715205550193787
8587,7,7,1,0.9886149168014526
8588,6,6,1,0.9403238892555237
8589,5,5,1,0.7644550204277039
8590,0,0,1,0.83304762840271
8591,6,6,1,0.9187126755714417
8592,0,0,1,0.9025067090988159
8593,1,1,1,0.9780641198158264
8594,3,3,1,0.9762672185897827
8595,1,1,1,0.8923786878585815
8596,1,1,1,0.908048152923584
8597,5,5,1,0.687665581703186
8598,3,3,1,0.7832465171813965
8599,4,4,1,0.9122599363327026
8600,3,3,1,0.7827160358428955
8601,3,5,0,0.7585411071777344
8602,8,8,1,0.9276059865951538
8603,1,1,1,0.9491591453552246
8604,6,9,0,0.6659509539604187
8605,6,6,1,0.9666749238967896
8606,1,1,1,0.8302282094955444
8607,8,8,1,0.8836828470230103
8608,8,8,1,0.7363637685775757
8609,6,6,1,0.9333692193031311
8610,2,2,1,0.8055553436279297
8611,7,7,1,0.8694554567337036
8612,4,4,1,0.9490699768066406
8613,6,6,1,0.9147114753723145
8614,8,8,1,0.8973058462142944
8615,9,9,1,0.968552827835083
8616,3,5,0,0.537991464138031
8617,3,5,0,0.5676803588867188
8618,5,3,0,0.7078869342803955
8619,5,7,0,0.6025980114936829
8620,3,3,1,0.5549846291542053
8621,1,1,1,0.986030101776123
8622,4,4,1,0.9579139947891235
8623,1,1,1,0.9939712882041931
8624,9,9,1,0.928272545337677
8625,5,5,1,0.6722553372383118
8626,1,1,1,0.6362835764884949
8627,7,7,1,0.9649866223335266
8628,7,7,1,0.6682716608047485
8629,7,7,1,0.6623561978340149
8630,5,5,1,0.8963627815246582
8631,2,2,1,0.6767889857292175
8632,3,8,0,0.7426068186759949
8633,3,2,0,0.8606279492378235
8634,6,3,0,0.5075858235359192
8635,6,6,1,0.8182386159896851
8636,6,6,1,0.9230874180793762
8637,4,4,1,0.9285334944725037
8638,0,0,1,0.8857024312019348
8639,7,7,1,0.8872475624084473
8640,1,1,1,0.95169597864151
8641,7,5,0,0.747025728225708
8642,3,2,0,0.5593412518501282
8643,0,0,1,0.9383493065834045
8644,8,0,0,0.7332055568695068
8645,1,1,1,0.9496523141860962
8646,2,7,0,0.8733423948287964
8647,4,4,1,0.9235693216323853
8648,1,1,1,0.9908176064491272
8649,2,2,1,0.9054093956947327
8650,2,3,0,0.5853578448295593
8651,4,2,0,0.5067927241325378
8652,9,9,1,0.924307644367218
8653,8,8,1,0.8797637820243835
8654,2,3,0,0.6720973253250122
8655,8,8,1,0.9679757356643677
8656,7,7,1,0.9057310223579407
8657,6,6,1,0.7120541334152222
8658,3,3,1,0.8653602600097656
8659,4,4,1,0.911613404750824
8660,7,7,1,0.8318073749542236
8661,2,2,1,0.6927809715270996
8662,3,3,1,0.7182647585868835
8663,1,1,1,0.9798814654350281
8664,5,5,1,0.8551545143127441
8665,3,3,1,0.8821201920509338
8666,0,8,0,0.5406068563461304
8667,4,4,1,0.9244971871376038
8668,3,3,1,0.9157450795173645
8669,4,2,0,0.4535779356956482
8670,9,9,1,0.9192559123039246
8671,4,6,0,0.5181652307510376
8672,7,7,1,0.7616505026817322
8673,9,9,1,0.9580837488174438
8674,1,1,1,0.9585602283477783
8675,7,7,1,0.9392798542976379
8676,8,0,0,0.7214002013206482
8677,3,5,0,0.7637444734573364
8678,1,1,1,0.9736262559890747
8679,8,8,1,0.9288018941879272
8680,3,3,1,0.7445208430290222
8681,2,4,0,0.535956084728241
8682,5,5,1,0.9179528951644897
8683,7,7,1,0.950032114982605
8684,2,2,1,0.5836895108222961
8685,7,7,1,0.9393558502197266
8686,9,9,1,0.8674636483192444
8687,6,6,1,0.9322284460067749
8688,8,8,1,0.7742937207221985
8689,6,6,1,0.965627133846283
8690,8,8,1,0.6970799565315247
8691,6,4,0,0.6277139186859131
8692,5,5,1,0.6575500965118408
8693,9,9,1,0.9561545252799988
8694,0,0,1,0.9013671278953552
8695,4,4,1,0.930808424949646
8696,8,8,1,0.8644128441810608
8697,5,5,1,0.9701839685440063
8698,6,4,0,0.6610173583030701
8699,4,5,0,0.781358003616333
8700,3,7,0,0.5012544989585876
8701,8,8,1,0.9877356290817261
8702,0,0,1,0.7708504796028137
8703,4,4,1,0.8459430932998657
8704,8,8,1,0.9413352608680725
8705,6,6,1,0.7805024981498718
8706,7,7,1,0.9298537373542786
8707,2,2,1,0.9492881298065186
8708,7,7,1,0.6223243474960327
8709,1,1,1,0.9315531849861145
8710,7,7,1,0.9136807322502136
8711,4,4,1,0.7909954786300659
8712,1,1,1,0.9560728073120117
8713,2,2,1,0.7621576189994812
8714,4,4,1,0.9329234957695007
8715,2,2,1,0.7862125039100647
8716,2,0,0,0.47856056690216064
8717,8,8,1,0.9501039385795593
8718,7,7,1,0.9076529145240784
8719,2,2,1,0.8888829946517944
8720,2,0,0,0.9162474870681763
8721,6,6,1,0.7057363986968994
8722,7,3,0,0.6490141153335571
8723,5,4,0,0.7741174101829529
8724,6,6,1,0.8885728716850281
8725,8,8,1,0.9540145397186279
8726,9,9,1,0.9431466460227966
8727,9,9,1,0.7533551454544067
8728,6,5,0,0.673977255821228
8729,5,5,1,0.8419456481933594
8730,2,0,0,0.44573974609375
8731,9,9,1,0.9588016867637634
8732,8,8,1,0.9176838397979736
8733,7,7,1,0.8996012806892395
8734,2,2,1,0.8980692625045776
8735,3,3,1,0.6196531653404236
8736,3,3,1,0.8784734606742859
8737,7,7,1,0.6342975497245789
8738,4,2,0,0.6857826709747314
8739,3,3,1,0.7318301200866699
8740,2,2,1,0.9035803079605103
8741,1,1,1,0.7775323390960693
8742,9,9,1,0.6832483410835266
8743,0,8,0,0.7341411113739014
8744,1,1,1,0.9560224413871765
8745,5,5,1,0.9636411070823669
8746,3,3,1,0.9291982650756836
8747,2,2,1,0.9715774059295654
8748,6,6,1,0.9295488595962524
8749,5,9,0,0.6905004382133484
8750,9,9,1,0.9522494673728943
8751,1,1,1,0.6619350910186768
8752,5,5,1,0.8371995687484741
8753,4,7,0,0.591701865196228
8754,3,3,1,0.9392458200454712
8755,6,6,1,0.8977136611938477
8756,2,2,1,0.9468403458595276
8757,8,0,0,0.5584695339202881
8758,9,9,1,0.8060534000396729
8759,7,7,1,0.8196320533752441
8760,8,8,1,0.9760521054267883
8761,0,8,0,0.74274742603302
8762,8,8,1,0.9630193710327148
8763,9,9,1,0.9062034487724304
8764,1,1,1,0.8764687776565552
8765,2,2,1,0.8697697520256042
8766,5,5,1,0.9372653961181641
8767,7,7,1,0.684904932975769
8768,2,2,1,0.923083484172821
8769,0,0,1,0.9662872552871704
8770,6,3,0,0.635988175868988
8771,6,6,1,0.9403878450393677
8772,1,1,1,0.951126217842102
8773,6,2,0,0.8473849296569824
8774,3,3,1,0.773524820804596
8775,1,1,1,0.7562621235847473
8776,5,5,1,0.8411015272140503
8777,0,8,0,0.7573365569114685
8778,3,0,0,0.7923241853713989
8779,7,7,1,0.702997624874115
8780,4,4,1,0.9255857467651367
8781,6,6,1,0.729179322719574
8782,5,5,1,0.9558370113372803
8783,6,6,1,0.8573015332221985
8784,4,4,1,0.9463496208190918
8785,8,8,1,0.9221925735473633
8786,3,3,1,0.6642653346061707
8787,4,4,1,0.7553004026412964
8788,5,3,0,0.7084652185440063
8789,5,5,1,0.9663694500923157
8790,0,0,1,0.9055951237678528
8791,6,6,1,0.9427510499954224
8792,6,6,1,0.8909609913825989
8793,7,7,1,0.9451926350593567
8794,5,5,1,0.6577707529067993
8795,0,0,1,0.9883124232292175
8796,9,9,1,0.9179214239120483
8797,9,9,1,0.961812436580658
8798,6,6,1,0.900802731513977
8799,1,1,1,0.9203344583511353
8800,0,0,1,0.9670100808143616
8801,4,4,1,0.7147159576416016
8802,6,6,1,0.9744201302528381
8803,3,7,0,0.673807680606842
8804,6,6,1,0.7930261492729187
8805,9,9,1,0.8422188758850098
8806,3,3,1,0.7035160064697266
8807,6,6,1,0.9765073657035828
8808,6,6,1,0.9035716652870178
8809,8,5,0,0.5008459091186523
8810,2,2,1,0.8171625733375549
8811,1,7,0,0.699567973613739
8812,0,0,1,0.9607577323913574
8813,1,1,1,0.7866906523704529
8814,9,9,1,0.9440748691558838
8815,3,5,0,0.5594775080680847
8816,7,7,1,0.746925950050354
8817,4,7,0,0.6744494438171387
8818,3,3,1,0.8734492659568787
8819,0,0,1,0.9319402575492859
8820,2,2,1,0.7907641530036926
8821,7,7,1,0.9050002098083496
8822,6,6,1,0.9441534876823425
8823,4,4,1,0.890407383441925
8824,3,3,1,0.8880586624145508
8825,0,1,0,0.9130073189735413
8826,8,8,1,0.9725347757339478
8827,2,4,0,0.6373052597045898
8828,0,0,1,0.469135046005249
8829,0,0,1,0.9035847187042236
8830,9,9,1,0.9564549326896667
8831,6,6,1,0.8479986190795898
8832,6,6,1,0.810006856918335
8833,6,6,1,0.813755452632904
8834,8,8,1,0.9435486197471619
8835,7,7,1,0.9098546504974365
8836,4,2,0,0.7499198913574219
8837,1,1,1,0.9817644357681274
8838,8,8,1,0.947750449180603
8839,1,1,1,0.9678683280944824
8840,2,2,1,0.7328086495399475
8841,2,0,0,0.6693466901779175
8842,4,4,1,0.917457103729248
8843,8,8,1,0.49583107233047485
8844,5,5,1,0.7153681516647339
8845,2,2,1,0.9015132784843445
8846,6,6,1,0.9498846530914307
8847,5,4,0,0.8263628482818604
8848,3,3,1,0.8463454246520996
8849,9,9,1,0.9561460018157959
8850,1,9,0,0.7028428912162781
8851,0,0,1,0.9954735636711121
8852,7,7,1,0.9498130083084106
8853,2,2,1,0.9586968421936035
8854,4,4,1,0.6589428782463074
8855,4,4,1,0.5320718288421631
8856,0,0,1,0.9719225764274597
8857,0,0,1,0.7647367119789124
8858,6,2,0,0.7170143127441406
8859,2,2,1,0.9316430687904358
8860,2,2,1,0.8398042321205139
8861,4,4,1,0.6145854592323303
8862,0,0,1,0.8096269965171814
8863,5,5,1,0.8364818096160889
8864,9,9,1,0.9575377702713013
8865,7,7,1,0.8571043610572815
8866,1,1,1,0.9686903357505798
8867,8,8,1,0.981267511844635
8868,4,7,0,0.7987608909606934
8869,5,5,1,0.6406599879264832
8870,5,5,1,0.8667332530021667
8871,9,9,1,0.9476139545440674
8872,8,8,1,0.7293239831924438
8873,5,5,1,0.9548077583312988
8874,7,7,1,0.5136385560035706
8875,8,8,1,0.9396374821662903
8876,0,9,0,0.6212999820709229
8877,9,1,0,0.7908132672309875
8878,8,8,1,0.8807834386825562
8879,9,9,1,0.9191705584526062
8880,1,1,1,0.9845712780952454
8881,6,6,1,0.9902583360671997
8882,3,3,1,0.6683547496795654
8883,8,8,1,0.769607663154602
8884,0,7,0,0.8750138282775879
8885,3,3,1,0.9171422719955444
8886,4,7,0,0.6735873222351074
8887,4,4,1,0.9345436692237854
8888,8,8,1,0.9634522199630737
8889,4,4,1,0.9248960018157959
8890,8,8,1,0.9674519896507263
8891,9,9,1,0.8980907797813416
8892,8,8,1,0.8181421160697937
8893,6,6,1,0.973186194896698
8894,0,0,1,0.8480986952781677
8895,0,0,1,0.8954344391822815
8896,8,8,1,0.9554249048233032
8897,2,2,1,0.7294672727584839
8898,7,0,0,0.6038444638252258
8899,4,4,1,0.9635946750640869
8900,2,4,0,0.7949833869934082
8901,5,7,0,0.9482542276382446
8902,6,6,1,0.9162010550498962
8903,0,1,0,0.7129279971122742
8904,5,5,1,0.9647063612937927
8905,8,8,1,0.982544481754303
8906,4,4,1,0.9166617393493652
8907,1,1,1,0.964455246925354
8908,9,9,1,0.9238486886024475
8909,0,0,1,0.9846131801605225
8910,1,1,1,0.9812700748443604
8911,4,4,1,0.9331265687942505
8912,4,4,1,0.666227400302887
8913,8,8,1,0.9134188890457153
8914,4,4,1,0.9537830948829651
8915,9,9,1,0.8854967355728149
8916,6,6,1,0.8787297606468201
8917,0,0,1,0.9068811535835266
8918,7,0,0,0.9323484897613525
8919,7,7,1,0.6776840090751648
8920,6,6,1,0.9325189590454102
8921,8,8,1,0.9472426772117615
8922,9,9,1,0.9376741051673889
8923,6,2,0,0.9426678419113159
8924,2,2,1,0.9308316707611084
8925,0,0,1,0.6250983476638794
8926,4,4,1,0.9641677141189575
8927,9,9,1,0.948249340057373
8928,4,2,0,0.897543728351593
8929,9,9,1,0.8719131350517273
8930,3,8,0,0.4437602162361145
8931,9,9,1,0.9686703085899353
8932,6,2,0,0.8166465759277344
8933,6,6,1,0.7021176218986511
8934,7,5,0,0.8658055663108826
8935,0,0,1,0.9883192181587219
8936,9,9,1,0.9164543747901917
8937,7,7,1,0.8159412741661072
8938,1,8,0,0.7567287683486938
8939,8,8,1,0.9063203930854797
8940,6,5,0,0.6081873178482056
8941,0,0,1,0.7368677854537964
8942,6,6,1,0.912973165512085
8943,7,7,1,0.5876839756965637
8944,4,7,0,0.6748925447463989
8945,1,1,1,0.9924135208129883
8946,9,9,1,0.8902193307876587
8947,4,4,1,0.860855221748352
8948,6,6,1,0.8757356405258179
8949,7,7,1,0.9509772658348083
8950,9,9,1,0.9540159106254578
8951,8,8,1,0.9739398956298828
8952,3,3,1,0.6020120978355408
8953,9,9,1,0.8962477445602417
8954,2,2,1,0.9357249140739441
8955,1,1,1,0.8163387179374695
8956,2,4,0,0.7879656553268433
8957,7,7,1,0.8360308408737183
8958,6,6,1,0.708191454410553
8959,1,1,1,0.9687349796295166
8960,0,0,1,0.7691593170166016
8961,0,0,1,0.992013692855835
8962,5,3,0,0.6544591188430786
8963,6,6,1,0.9659754037857056
8964,0,0,1,0.9157996773719788
8965,4,4,1,0.939024031162262
8966,3,3,1,0.7032270431518555
8967,2,7,0,0.6173921227455139
8968,8,8,1,0.9313696622848511
8969,8,8,1,0.9486549496650696
8970,0,0,1,0.9180885553359985
8971,6,6,1,0.9244409203529358
8972,9,0,0,0.7363812327384949
8973,5,5,1,0.8256304860115051
8974,2,2,1,0.9518774747848511
8975,8,8,1,0.9703223705291748
8976,7,7,1,0.7677669525146484
8977,0,0,1,0.3710150718688965
8978,6,6,1,0.9348220825195312
8979,5,5,1,0.9605950117111206
8980,9,9,1,0.9464536309242249
8981,7,4,0,0.7884485721588135
8982,2,2,1,0.7136602401733398
8983,3,2,0,0.5911322236061096
8984,6,6,1,0.8816636204719543
8985,9,0,0,0.8841480612754822
8986,6,6,1,0.9932220578193665
8987,2,2,1,0.9098394513130188
8988,2,2,1,0.9690643548965454
8989,4,4,1,0.917814314365387
8990,1,1,1,0.9873462915420532
8991,0,0,1,0.6270202994346619
8992,5,5,1,0.9366153478622437
8993,0,9,0,0.9067807197570801
8994,8,8,1,0.9464371800422668
8995,9,9,1,0.8640310168266296
8996,3,7,0,0.7501264810562134
8997,5,2,0,0.7944129109382629
8998,9,9,1,0.9499353170394897
8999,3,3,1,0.9154109358787537
9000,8,8,1,0.9850540161132812
9001,1,1,1,0.9435287714004517
9002,6,6,1,0.5055876970291138
9003,3,3,1,0.8896304368972778
9004,7,7,1,0.9496432542800903
9005,5,5,1,0.9103546738624573
9006,6,6,1,0.968506932258606
9007,2,2,1,0.8779588937759399
9008,0,0,1,0.9422100186347961
9009,2,6,0,0.651884138584137
9010,8,8,1,0.7615161538124084
9011,2,2,1,0.7722622752189636
9012,8,8,1,0.8008387684822083
9013,7,7,1,0.9202349781990051
9014,7,7,1,0.687798798084259
9015,8,8,1,0.9879294633865356
9016,1,1,1,0.9777727127075195
9017,0,0,1,0.9724944829940796
9018,8,8,1,0.9388877153396606
9019,9,9,1,0.9582633376121521
9020,7,7,1,0.9436578750610352
9021,0,0,1,0.8633785843849182
9022,3,3,1,0.9174395203590393
9023,8,8,1,0.9539141654968262
9024,0,0,1,0.6380288004875183
9025,5,5,1,0.9119803309440613
9026,9,9,1,0.940990686416626
9027,5,5,1,0.9262517690658569
9028,8,8,1,0.9607129096984863
9029,4,3,0,0.4567122757434845
9030,2,2,1,0.9142811894416809
9031,0,0,1,0.732246458530426
9032,9,9,1,0.8823026418685913
9033,2,7,0,0.7539376616477966
9034,2,2,1,0.8417468667030334
9035,4,7,0,0.9182692766189575
9036,4,4,1,0.7420544028282166
9037,9,9,1,0.893166184425354
9038,2,2,1,0.9508528113365173
9039,2,4,0,0.6489161849021912
9040,2,5,0,0.6529431343078613
9041,5,5,1,0.6706115007400513
9042,1,1,1,0.8998684287071228
9043,3,3,1,0.7690235376358032
9044,2,2,1,0.9685203433036804
9045,0,0,1,0.9647160768508911
9046,0,0,1,0.8767813444137573
9047,4,4,1,0.9478489756584167
9048,0,9,0,0.533719539642334
9049,6,6,1,0.5183374881744385
9050,5,5,1,0.8445286750793457
9051,8,8,1,0.9928032755851746
9052,0,0,1,0.7541875243186951
9053,5,5,1,0.8394971489906311
9054,8,8,1,0.9662587642669678
9055,6,6,1,0.9547881484031677
9056,4,4,1,0.50175940990448
9057,8,8,1,0.8775549530982971
9058,5,5,1,0.5186150074005127
9059,2,3,0,0.6374953985214233
9060,9,9,1,0.9751778841018677
9061,7,7,1,0.9560515880584717
9062,9,9,1,0.9237400889396667
9063,7,7,1,0.9734421968460083
9064,1,1,1,0.8328728675842285
9065,0,0,1,0.6722207069396973
9066,1,1,1,0.9300097823143005
9067,9,1,0,0.6061800122261047
9068,6,6,1,0.6688632965087891
9069,9,9,1,0.9546416401863098
9070,2,2,1,0.82460618019104
9071,7,7,1,0.8926498293876648
9072,9,9,1,0.9536676406860352
9073,4,4,1,0.7924395799636841
9074,4,2,0,0.5270028710365295
9075,0,0,1,0.9557954668998718
9076,6,6,1,0.945665717124939
9077,2,2,1,0.9159892797470093
9078,4,4,1,0.9147228598594666
9079,1,1,1,0.9591134190559387
9080,3,5,0,0.8734108805656433
9081,7,7,1,0.948677122592926
9082,2,3,0,0.8068677186965942
9083,8,1,0,0.946186363697052
9084,5,5,1,0.7689363360404968
9085,9,9,1,0.7213605046272278
9086,0,0,1,0.9815093278884888
9087,3,3,1,0.8984057307243347
9088,2,3,0,0.37801608443260193
9089,3,3,1,0.9589365124702454
9090,2,2,1,0.6319490075111389
9091,7,7,1,0.9735726714134216
9092,6,6,1,0.9227989912033081
9093,3,3,1,0.807475209236145
9094,2,2,1,0.8195270299911499
9095,5,5,1,0.9110949039459229
9096,9,9,1,0.9159746170043945
9097,0,0,1,0.34695449471473694
9098,5,5,1,0.9456664323806763
9099,9,9,1,0.8461331725120544
9100,9,9,1,0.8619267344474792
9101,8,8,1,0.9970978498458862
9102,7,7,1,0.8230084180831909
9103,7,7,1,0.7972992062568665
9104,4,4,1,0.9559230208396912
9105,8,8,1,0.6396729350090027
9106,6,6,1,0.799187183380127
9107,5,2,0,0.5535838603973389
9108,2,2,1,0.9359262585639954
9109,3,3,1,0.9091431498527527
9110,1,1,1,0.9458553194999695
9111,0,0,1,0.9792628884315491
9112,4,4,1,0.9550511837005615
9113,1,1,1,0.9572563171386719
9114,8,8,1,0.8039586544036865
9115,8,8,1,0.9612410068511963
9116,4,4,1,0.9402020573616028
9117,9,9,1,0.939390242099762
9118,4,4,1,0.8816953897476196
9119,4,4,1,0.9407883882522583
9120,3,3,1,0.7946999073028564
9121,3,3,1,0.7930752038955688
9122,9,9,1,0.8777943849563599
9123,2,2,1,0.883762776851654
9124,0,0,1,0.95361328125
9125,1,1,1,0.9896611571311951
9126,1,1,1,0.7174674272537231
9127,8,8,1,0.6285120248794556
9128,4,3,0,0.7422451376914978
9129,4,4,1,0.9017427563667297
9130,8,8,1,0.9344819784164429
9131,3,3,1,0.7661759257316589
9132,2,6,0,0.4722479581832886
9133,9,9,1,0.7845066785812378
9134,5,5,1,0.8988742828369141
9135,7,7,1,0.8761211037635803
9136,6,6,1,0.9690645933151245
9137,2,2,1,0.3840787410736084
9138,5,5,1,0.9643503427505493
9139,4,4,1,0.9372866153717041
9140,7,7,1,0.8537590503692627
9141,3,3,1,0.9433652758598328
9142,3,3,1,0.8059399127960205
9143,9,9,1,0.621845543384552
9144,0,0,1,0.8200562000274658
9145,1,1,1,0.9396910071372986
9146,5,5,1,0.9608097076416016
9147,9,9,1,0.8894878029823303
9148,3,5,0,0.9447301030158997
9149,7,0,0,0.8115901350975037
9150,6,6,1,0.9239721298217773
9151,0,0,1,0.9651479721069336
9152,4,4,1,0.9712142944335938
9153,2,0,0,0.6779125928878784
9154,2,2,1,0.9028183817863464
9155,5,5,1,0.9455981850624084
9156,6,6,1,0.9515926241874695
9157,3,3,1,0.778858482837677
9158,8,8,1,0.5729387402534485
9159,9,9,1,0.9298189878463745
9160,5,3,0,0.6828611493110657
9161,6,6,1,0.9658104181289673
9162,1,1,1,0.9617557525634766
9163,4,4,1,0.6660318970680237
9164,5,5,1,0.9193468689918518
9165,4,4,1,0.9166232943534851
9166,6,6,1,0.9210362434387207
9167,7,7,1,0.9765605926513672
9168,2,2,1,0.919832170009613
9169,1,0,0,0.6373841762542725
9170,0,9,0,0.8830858469009399
9171,2,2,1,0.9706465601921082
9172,0,0,1,0.9866878986358643
9173,4,4,1,0.9743261337280273
9174,9,9,1,0.9066143035888672
9175,8,8,1,0.9832934737205505
9176,8,8,1,0.6026933789253235
9177,9,9,1,0.9523663520812988
9178,1,1,1,0.9216614365577698
9179,1,1,1,0.9763807654380798
9180,5,5,1,0.8323335647583008
9181,0,0,1,0.8093029856681824
9182,0,0,1,0.9836507439613342
9183,8,8,1,0.935493528842926
9184,7,7,1,0.6970232725143433
9185,1,9,0,0.6030681133270264
9186,7,7,1,0.8758320808410645
9187,4,4,1,0.9314759373664856
9188,5,5,1,0.8635572195053101
9189,4,4,1,0.8195335268974304
9190,3,3,1,0.7426109910011292
9191,3,3,1,0.7089619040489197
9192,2,2,1,0.6417748332023621
9193,0,0,1,0.9323837757110596
9194,6,6,1,0.9475388526916504
9195,6,6,1,0.9162555932998657
9196,0,0,1,0.9202187061309814
9197,1,1,1,0.9874254465103149
9198,3,3,1,0.8834103941917419
9199,9,9,1,0.9302093386650085
9200,8,8,1,0.9269764423370361
9201,3,3,1,0.8999940156936646
9202,7,7,1,0.958976149559021
9203,8,8,1,0.9037810564041138
9204,9,9,1,0.7530766129493713
9205,4,4,1,0.9170153141021729
9206,8,8,1,0.979654848575592
9207,9,9,1,0.9147794842720032
9208,0,0,1,0.8644581437110901
9209,9,1,0,0.8980652093887329
9210,7,7,1,0.9655290246009827
9211,1,1,1,0.9819983839988708
9212,6,6,1,0.9485560655593872
9213,2,2,1,0.8261135816574097
9214,9,9,1,0.8659254312515259
9215,5,5,1,0.8658530712127686
9216,6,4,0,0.5252305865287781
9217,9,9,1,0.7380312085151672
9218,3,5,0,0.8342314958572388
9219,9,9,1,0.8860173225402832
9220,8,8,1,0.9452733397483826
9221,7,7,1,0.9218015670776367
9222,7,7,1,0.9337236881256104
9223,1,8,0,0.4788389503955841
9224,6,6,1,0.9226327538490295
9225,5,0,0,0.6665455102920532
9226,3,3,1,0.7495730519294739
9227,1,1,1,0.8397507667541504
9228,3,3,1,0.8691282868385315
9229,1,1,1,0.9279811382293701
9230,2,4,0,0.6803654432296753
9231,7,7,1,0.543596088886261
9232,1,1,1,0.929876446723938
9233,8,8,1,0.958369791507721
9234,2,6,0,0.8963150978088379
9235,0,0,1,0.8455867767333984
9236,9,9,1,0.8136782646179199
9237,7,2,0,0.6674139499664307
9238,9,9,1,0.9176819920539856
9239,8,8,1,0.9833553433418274
9240,8,8,1,0.9654778242111206
9241,6,6,1,0.8498979806900024
9242,7,7,1,0.9509084224700928
9243,3,5,0,0.7142306566238403
9244,7,7,1,0.9818128943443298
9245,1,1,1,0.9805392622947693
9246,3,3,1,0.7231719493865967
9247,9,9,1,0.9558060169219971
9248,0,0,1,0.7539106607437134
9249,9,9,1,0.9503034353256226
9250,3,3,1,0.5622990131378174
9251,6,3,0,0.8346088528633118
9252,7,7,1,0.6294689774513245
9253,2,4,0,0.6417272686958313
9254,7,5,0,0.9284106492996216
9255,3,3,1,0.9452998638153076
9256,0,0,1,0.9969989657402039
9257,5,3,0,0.6912083625793457
9258,9,9,1,0.8088608384132385
9259,7,7,1,0.9561254978179932
9260,5,5,1,0.743732750415802
9261,5,5,1,0.9579297304153442
9262,0,0,1,0.5585182905197144
9263,6,6,1,0.9711477756500244
9264,5,5,1,0.7273769378662109
9265,1,1,1,0.9525682926177979
9266,8,8,1,0.9283910989761353
9267,2,6,0,0.8050188422203064
9268,7,7,1,0.8570497035980225
9269,5,0,0,0.5617150664329529
9270,9,9,1,0.971892774105072
9271,0,0,1,0.9321266412734985
9272,0,0,1,0.9931782484054565
9273,0,0,1,0.6314802765846252
9274,8,8,1,0.8603051900863647
9275,8,8,1,0.9365386366844177
9276,7,7,1,0.7989349961280823
9277,3,3,1,0.6597000956535339
9278,7,7,1,0.8497395515441895
9279,8,8,1,0.9668124318122864
9280,9,9,1,0.9541690349578857
9281,3,3,1,0.8161691427230835
9282,7,5,0,0.6860722303390503
9283,9,9,1,0.9126516580581665
9284,7,7,1,0.9628138542175293
9285,8,8,1,0.9947665929794312
9286,7,7,1,0.7357717156410217
9287,9,9,1,0.6140673160552979
9288,8,8,1,0.8389437794685364
9289,5,5,1,0.9166629314422607
9290,4,4,1,0.9676668643951416
9291,8,0,0,0.8677548170089722
9292,3,3,1,0.6538771390914917
9293,7,7,1,0.9488717913627625
9294,6,6,1,0.5521191954612732
9295,3,3,1,0.6815831065177917
9296,8,8,1,0.9557067155838013
9297,2,2,1,0.7784382104873657
9298,1,0,0,0.544987678527832
9299,9,9,1,0.9359501600265503
9300,5,5,1,0.6492700576782227
9301,7,3,0,0.7799633145332336
9302,3,4,0,0.37607377767562866
9303,9,1,0,0.9065766930580139
9304,5,5,1,0.936540424823761
9305,5,4,0,0.5599880218505859
9306,8,8,1,0.8973068594932556
9307,7,7,1,0.9442342519760132
9308,3,3,1,0.895592987537384
9309,5,5,1,0.6439346075057983
9310,3,3,1,0.7369964718818665
9311,5,5,1,0.9202743172645569
9312,9,9,1,0.9353638887405396
9313,7,7,1,0.8973385691642761
9314,6,6,1,0.9637444615364075
9315,7,7,1,0.6093350052833557
9316,3,3,1,0.7406458854675293
9317,6,4,0,0.5598404407501221
9318,4,4,1,0.9419414401054382
9319,3,5,0,0.8054522275924683
9320,9,9,1,0.9513790011405945
9321,4,4,1,0.9174343943595886
9322,2,2,1,0.8420162200927734
9323,1,1,1,0.9865293502807617
9324,9,9,1,0.952075719833374
9325,6,6,1,0.7219529151916504
9326,0,0,1,0.7807410359382629
9327,2,2,1,0.7105931639671326
9328,6,6,1,0.9673908948898315
9329,7,7,1,0.9336859583854675
9330,4,4,1,0.805492103099823
9331,7,7,1,0.952865481376648
9332,9,9,1,0.9546597599983215
9333,0,0,1,0.6128109693527222
9334,7,7,1,0.8486765027046204
9335,4,4,1,0.9053492546081543
9336,3,5,0,0.815403938293457
9337,5,5,1,0.8577187657356262
9338,3,3,1,0.6723688840866089
9339,1,1,1,0.9216183423995972
9340,1,1,1,0.9907069206237793
9341,2,1,0,0.6163706183433533
9342,6,6,1,0.9145104289054871
9343,8,8,1,0.9532539248466492
9344,2,2,1,0.8904174566268921
9345,1,1,1,0.9275983572006226
9346,7,5,0,0.6356027126312256
9347,8,8,1,0.9773870706558228
9348,5,5,1,0.664638876914978
9349,9,0,0,0.7315226197242737
9350,6,6,1,0.7059129476547241
9351,1,1,1,0.8309662342071533
9352,1,1,1,0.9575503468513489
9353,5,3,0,0.44741782546043396
9354,0,0,1,0.9528008699417114
9355,6,6,1,0.9139423966407776
9356,0,0,1,0.853442907333374
9357,9,9,1,0.8704291582107544
9358,2,2,1,0.751355767250061
9359,6,0,0,0.6078904867172241
9360,5,0,0,0.4993056058883667
9361,8,8,1,0.8603600263595581
9362,9,9,1,0.9356041550636292
9363,5,3,0,0.5584533214569092
9364,5,5,1,0.9439797401428223
9365,6,6,1,0.8982018828392029
9366,2,8,0,0.700126588344574
9367,9,9,1,0.9422324299812317
9368,1,1,1,0.9555109739303589
9369,5,3,0,0.43339335918426514
9370,8,1,0,0.6463265419006348
9371,8,8,1,0.9206793308258057
9372,7,7,1,0.9408188462257385
9373,1,1,1,0.8969505429267883
9374,7,7,1,0.9715011715888977
9375,3,5,0,0.6632121801376343
9376,5,7,0,0.6147494912147522
9377,4,4,1,0.814310610294342
9378,9,9,1,0.9398031830787659
9379,7,7,1,0.9621769189834595
9380,5,5,1,0.9062538743019104
9381,2,2,1,0.9125993847846985
9382,9,9,1,0.94022536277771
9383,9,9,1,0.8033125996589661
9384,4,4,1,0.6657549142837524
9385,7,5,0,0.5621966123580933
9386,4,4,1,0.5629352331161499
9387,1,1,1,0.9275363087654114
9388,3,3,1,0.9340784549713135
9389,8,8,1,0.9642558097839355
9390,7,7,1,0.9566119909286499
9391,9,9,1,0.9238069653511047
9392,0,0,1,0.6106599569320679
9393,4,3,0,0.6101837754249573
9394,5,5,1,0.8798928260803223
9395,7,7,1,0.9521584510803223
9396,5,5,1,0.8571652173995972
9397,2,6,0,0.6601362228393555
9398,8,8,1,0.6468477249145508
9399,7,7,1,0.9535365700721741
9400,6,6,1,0.9405385255813599
9401,9,9,1,0.750612199306488
9402,6,6,1,0.9121883511543274
9403,9,9,1,0.9196898937225342
9404,3,5,0,0.5296728610992432
9405,8,8,1,0.9071022272109985
9406,5,5,1,0.9379845857620239
9407,6,6,1,0.931322455406189
9408,6,6,1,0.9852759838104248
9409,9,9,1,0.9330822825431824
9410,5,5,1,0.937639057636261
9411,7,7,1,0.9261623024940491
9412,8,8,1,0.9114944338798523
9413,0,0,1,0.995409369468689
9414,5,3,0,0.9091637134552002
9415,0,0,1,0.8008702397346497
9416,7,7,1,0.9363865852355957
9417,4,4,1,0.8230687975883484
9418,8,8,1,0.9150211215019226
9419,2,2,1,0.8562440276145935
9420,5,5,1,0.9297239184379578
9421,1,9,0,0.5030732750892639
9422,3,3,1,0.7924732565879822
9423,2,4,0,0.5161356329917908
9424,2,2,1,0.9419854879379272
9425,6,6,1,0.8931912779808044
9426,2,6,0,0.5136575698852539
9427,1,1,1,0.9730854034423828
9428,7,2,0,0.43891486525535583
9429,4,2,0,0.5690317749977112
9430,6,4,0,0.841859757900238
9431,3,5,0,0.6793407797813416
9432,1,1,1,0.9527158737182617
9433,3,3,1,0.7449578046798706
9434,7,7,1,0.5096387267112732
9435,2,5,0,0.5082393288612366
9436,1,1,1,0.5991309881210327
9437,3,3,1,0.7501674890518188
9438,7,7,1,0.863311231136322
9439,0,0,1,0.7962916493415833
9440,8,8,1,0.937370777130127
9441,4,4,1,0.5424001812934875
9442,4,4,1,0.774957537651062
9443,5,2,0,0.6966337561607361
9444,7,7,1,0.9343621730804443
9445,9,7,0,0.4566260278224945
9446,5,5,1,0.8506229519844055
9447,4,4,1,0.8459917306900024
9448,3,3,1,0.6719059348106384
9449,9,1,0,0.6742836833000183
9450,6,6,1,0.6099246740341187
9451,8,8,1,0.9831262230873108
9452,2,0,0,0.6382893919944763
9453,3,3,1,0.8560865521430969
9454,3,4,0,0.8196336627006531
9455,1,1,1,0.9541021585464478
9456,6,6,1,0.9516403079032898
9457,1,1,1,0.8484945893287659
9458,7,7,1,0.9808335304260254
9459,0,0,1,0.8221078515052795
9460,3,3,1,0.8554397821426392
9461,4,4,1,0.8642169833183289
9462,2,2,1,0.7066606283187866
9463,9,9,1,0.8857003450393677
9464,4,4,1,0.8545182943344116
9465,5,7,0,0.8512727618217468
9466,8,8,1,0.9136603474617004
9467,2,7,0,0.4785839319229126
9468,7,3,0,0.5989156365394592
9469,0,0,1,0.7951039671897888
9470,9,9,1,0.9423948526382446
9471,6,6,1,0.8512788414955139
9472,8,8,1,0.9491552114486694
9473,0,0,1,0.7824593186378479
9474,8,8,1,0.9600095152854919
9475,2,2,1,0.9186002612113953
9476,8,8,1,0.978242814540863
9477,5,5,1,0.9509879350662231
9478,7,7,1,0.9525898098945618
9479,7,7,1,0.9408853650093079
9480,2,2,1,0.8478131294250488
9481,2,2,1,0.935338020324707
9482,0,0,1,0.8180546760559082
9483,0,0,1,0.9310321807861328
9484,0,0,1,0.7300463914871216
9485,7,7,1,0.8976650238037109
9486,4,4,1,0.9602158069610596
9487,1,1,1,0.9632558226585388
9488,6,6,1,0.957374632358551
9489,6,6,1,0.9940539002418518
9490,8,8,1,0.9041603207588196
9491,8,8,1,0.9770249724388123
9492,9,9,1,0.7661287784576416
9493,0,0,1,0.7796888947486877
9494,9,9,1,0.930456817150116
9495,0,0,1,0.9698078036308289
9496,1,1,1,0.9852691888809204
9497,3,2,0,0.6380730867385864
9498,3,3,1,0.8614580035209656
9499,0,0,1,0.9371030330657959
9500,9,9,1,0.9192173480987549
9501,6,0,0,0.7255021333694458
9502,6,6,1,0.9563176035881042
9503,2,6,0,0.8002198338508606
9504,6,6,1,0.9649639129638672
9505,3,5,0,0.7164781093597412
9506,4,0,0,0.6434564590454102
9507,0,0,1,0.7902457118034363
9508,8,8,1,0.9680764675140381
9509,4,4,1,0.7613425254821777
9510,1,1,1,0.9554224014282227
9511,4,4,1,0.8800222873687744
9512,0,8,0,0.6942230463027954
9513,6,6,1,0.8616794347763062
9514,5,5,1,0.9432857036590576
9515,0,0,1,0.9150563478469849
9516,9,9,1,0.9669678807258606
9517,9,9,1,0.8795434832572937
9518,9,1,0,0.7207337021827698
9519,9,9,1,0.9737633466720581
9520,1,1,1,0.9635794162750244
9521,2,4,0,0.5737376809120178
9522,3,7,0,0.4804060161113739
9523,5,5,1,0.9225044250488281
9524,4,4,1,0.9785524606704712
9525,2,2,1,0.9385872483253479
9526,9,9,1,0.9092117547988892
9527,6,3,0,0.5155689716339111
9528,0,0,1,0.4676732122898102
9529,9,9,1,0.9511362910270691
9530,6,6,1,0.9708083868026733
9531,6,6,1,0.9220961928367615
9532,8,8,1,0.971487283706665
9533,0,0,1,0.898098886013031
9534,6,6,1,0.9367595314979553
9535,1,7,0,0.3933615982532501
9536,4,4,1,0.7126246690750122
9537,6,6,1,0.9790403246879578
9538,8,8,1,0.785967230796814
9539,0,0,1,0.9669666886329651
9540,5,5,1,0.9400915503501892
9541,4,4,1,0.9551290273666382
9542,1,9,0,0.5465443730354309
9543,2,2,1,0.9191628694534302
9544,0,0,1,0.8854169845581055
9545,9,9,1,0.9406405091285706
9546,6,6,1,0.9029475450515747
9547,4,4,1,0.9495415091514587
9548,2,2,1,0.7211400866508484
9549,4,4,1,0.9069314002990723
9550,6,6,1,0.9332576394081116
9551,5,5,1,0.6614539623260498
9552,9,9,1,0.9713878035545349
9553,7,5,0,0.778889536857605
9554,7,7,1,0.9857721328735352
9555,4,4,1,0.5497163534164429
9556,6,6,1,0.6333163976669312
9557,5,2,0,0.899746298789978
9558,0,0,1,0.894363522529602
9559,1,1,1,0.9377657771110535
9560,9,9,1,0.888817310333252
9561,0,0,1,0.8379594683647156
9562,3,3,1,0.8396838307380676
9563,1,2,0,0.5886502861976624
9564,9,9,1,0.8865625858306885
9565,0,0,1,0.9954520463943481
9566,9,9,1,0.9636937975883484
9567,7,7,1,0.8274646401405334
9568,8,8,1,0.9872751832008362
9569,6,6,1,0.711422324180603
9570,7,7,1,0.9787841439247131
9571,6,6,1,0.9327744245529175
9572,8,8,1,0.964056134223938
9573,2,5,0,0.5503086447715759
9574,4,4,1,0.9429581165313721
9575,5,5,1,0.9176533818244934
9576,3,3,1,0.9020321369171143
9577,0,0,1,0.9824182391166687
9578,3,3,1,0.880351722240448
9579,2,2,1,0.9176726937294006
9580,1,1,1,0.9751501083374023
9581,7,7,1,0.9694210290908813
9582,5,5,1,0.9489396810531616
9583,9,9,1,0.910739004611969
9584,3,3,1,0.8193249702453613
9585,4,4,1,0.9304049015045166
9586,5,5,1,0.8947092890739441
9587,7,7,1,0.40395399928092957
9588,1,1,1,0.9399498105049133
9589,5,5,1,0.8765706419944763
9590,0,0,1,0.4216301143169403
9591,1,1,1,0.9933343529701233
9592,1,1,1,0.9761974811553955
9593,1,9,0,0.4952191710472107
9594,9,9,1,0.9027514457702637
9595,7,7,1,0.9641788005828857
9596,5,5,1,0.9012041091918945
9597,4,4,1,0.8013811707496643
9598,9,9,1,0.8943825364112854
9599,7,7,1,0.9611923694610596
9600,8,8,1,0.9663580060005188
9601,1,1,1,0.9388134479522705
9602,0,0,1,0.8170654773712158
9603,2,2,1,0.779112696647644
9604,8,8,1,0.9158665537834167
9605,5,5,1,0.9024321436882019
9606,6,9,0,0.39731183648109436
9607,7,7,1,0.8567308783531189
9608,0,0,1,0.9382669925689697
9609,1,9,0,0.5270832180976868
9610,4,4,1,0.9627090096473694
9611,8,8,1,0.9861406683921814
9612,4,7,0,0.5334953665733337
9613,4,4,1,0.9108154773712158
9614,6,6,1,0.9838094115257263
9615,6,6,1,0.9560257792472839
9616,5,3,0,0.6153116226196289
9617,8,8,1,0.9652848243713379
9618,1,1,1,0.9783003330230713
9619,8,8,1,0.9525536894798279
9620,4,4,1,0.8609470129013062
9621,6,6,1,0.8979521989822388
9622,5,5,1,0.6771394610404968
9623,9,9,1,0.9456323981285095
9624,2,2,1,0.9180364012718201
9625,2,0,0,0.6919683218002319
9626,1,1,1,0.9286045432090759
9627,4,4,1,0.7382022738456726
9628,9,9,1,0.9485114812850952
9629,1,1,1,0.9687973856925964
9630,6,6,1,0.8269553780555725
9631,7,7,1,0.9434476494789124
9632,2,2,1,0.9069631099700928
9633,0,0,1,0.7474328279495239
9634,1,1,1,0.9768057465553284
9635,7,4,0,0.7879617214202881
9636,6,6,1,0.9362514019012451
9637,5,5,1,0.592370867729187
9638,2,2,1,0.9318246245384216
9639,2,2,1,0.9495030641555786
9640,5,5,1,0.8747932314872742
9641,6,3,0,0.9040185213088989
9642,0,0,1,0.9321637749671936
9643,9,0,0,0.77622389793396
9644,0,0,1,0.7093431949615479
9645,1,1,1,0.9932971596717834
9646,5,1,0,0.3281550109386444
9647,3,3,1,0.8818535804748535
9648,3,3,1,0.6928213238716125
9649,5,5,1,0.8983777165412903
9650,8,8,1,0.9596505165100098
9651,7,7,1,0.9501990079879761
9652,5,5,1,0.6874707341194153
9653,6,6,1,0.8834668397903442
9654,5,5,1,0.7094796299934387
9655,8,8,1,0.9645267724990845
9656,0,8,0,0.9031368494033813
9657,5,3,0,0.6885013580322266
9658,9,9,1,0.9480658173561096
9659,4,4,1,0.7304609417915344
9660,6,6,1,0.9370882511138916
9661,5,5,1,0.8462809324264526
9662,1,1,1,0.9758569598197937
9663,1,1,1,0.9695230722427368
9664,0,0,1,0.8976879119873047
9665,3,5,0,0.8622121810913086
9666,3,3,1,0.7444450855255127
9667,9,9,1,0.9222322702407837
9668,4,4,1,0.87715083360672
9669,8,8,1,0.9600393772125244
9670,1,1,1,0.9752099514007568
9671,7,7,1,0.9636796116828918
9672,7,7,1,0.9439013600349426
9673,9,9,1,0.927303671836853
9674,9,9,1,0.9659686088562012
9675,4,7,0,0.5955276489257812
9676,3,2,0,0.6959549188613892
9677,6,6,1,0.9724258780479431
9678,3,3,1,0.5328585505485535
9679,2,2,1,0.7103173136711121
9680,8,8,1,0.9538746476173401
9681,2,2,1,0.9313295483589172
9682,7,7,1,0.9642407894134521
9683,6,6,1,0.849325954914093
9684,7,7,1,0.9469733238220215
9685,0,0,1,0.7900038361549377
9686,2,2,1,0.9231999516487122
9687,1,1,1,0.8355650901794434
9688,2,0,0,0.7857085466384888
9689,9,9,1,0.7392358183860779
9690,4,4,1,0.4715515077114105
9691,6,7,0,0.6099293231964111
9692,9,9,1,0.8768532872200012
9693,6,6,1,0.6179143786430359
9694,1,1,1,0.6724242568016052
9695,0,0,1,0.9797720909118652
9696,1,1,1,0.9565975069999695
9697,8,8,1,0.6719256639480591
9698,7,7,1,0.9612211585044861
9699,0,9,0,0.8915467262268066
9700,0,0,1,0.9245986938476562
9701,4,4,1,0.8836700916290283
9702,7,7,1,0.9438215494155884
9703,4,4,1,0.9590230584144592
9704,2,3,0,0.7137774229049683
9705,6,6,1,0.5918968915939331
9706,9,9,1,0.9335507154464722
9707,5,7,0,0.782341480255127
9708,9,9,1,0.7868316173553467
9709,0,0,1,0.865664541721344
9710,7,5,0,0.5945613384246826
9711,4,4,1,0.9726274609565735
9712,5,5,1,0.9535056352615356
9713,8,8,1,0.9477736949920654
9714,1,1,1,0.9855824112892151
9715,4,4,1,0.6061606407165527
9716,7,7,1,0.8371983766555786
9717,9,9,1,0.8713418245315552
9718,9,9,1,0.6223351359367371
9719,8,8,1,0.9784343838691711
9720,8,8,1,0.9082897901535034
9721,6,6,1,0.8059021234512329
9722,3,3,1,0.9342800378799438
9723,7,7,1,0.9646140933036804
9724,0,0,1,0.9927840828895569
9725,8,8,1,0.9094302654266357
9726,9,9,1,0.9404510855674744
9727,6,8,0,0.776843786239624
9728,2,2,1,0.9681312441825867
9729,4,6,0,0.6882146596908569
9730,6,6,1,0.8902540802955627
9731,2,6,0,0.5728229880332947
9732,9,9,1,0.7532405257225037
9733,7,7,1,0.9415302872657776
9734,4,7,0,0.7453614473342896
9735,6,6,1,0.8768712878227234
9736,8,8,1,0.5645203590393066
9737,5,5,1,0.8413137793540955
9738,6,6,1,0.7848970890045166
9739,1,1,1,0.9540963768959045
9740,3,6,0,0.7963272333145142
9741,5,5,1,0.7955782413482666
9742,9,9,1,0.8724256753921509
9743,9,1,0,0.7476404905319214
9744,1,9,0,0.9188510179519653
9745,3,3,1,0.9135301113128662
9746,2,0,0,0.8204821348190308
9747,0,0,1,0.9379248023033142
9748,3,3,1,0.9161430597305298
9749,0,0,1,0.8568524122238159
9750,2,3,0,0.3400970995426178
9751,0,0,1,0.7095135450363159
9752,7,7,1,0.3942207098007202
9753,3,2,0,0.6831445097923279
9754,9,9,1,0.9653357267379761
9755,3,2,0,0.6400182247161865
9756,5,7,0,0.522274374961853
9757,7,7,1,0.9175506830215454
9758,6,6,1,0.694028913974762
9759,5,5,1,0.8148887753486633
9760,9,9,1,0.5907478332519531
9761,5,5,1,0.9310232996940613
9762,6,6,1,0.9395480155944824
9763,1,1,1,0.9362338781356812
9764,2,2,1,0.7889959216117859
9765,4,3,0,0.48879051208496094
9766,0,0,1,0.8674992918968201
9767,2,2,1,0.7890768051147461
9768,7,7,1,0.9673171639442444
9769,8,8,1,0.9459704756736755
9770,4,4,1,0.7795671224594116
9771,4,4,1,0.9421164393424988
9772,0,2,0,0.6781550049781799
9773,9,9,1,0.7146391868591309
9774,5,5,1,0.8990234732627869
9775,9,9,1,0.9474002122879028
9776,2,4,0,0.7615251541137695
9777,9,9,1,0.857615053653717
9778,3,3,1,0.6898123025894165
9779,2,2,1,0.871667206287384
9780,4,4,1,0.8258481621742249
9781,3,3,1,0.8177235126495361
9782,2,2,1,0.8725311756134033
9783,2,2,1,0.7437996864318848
9784,8,8,1,0.9586984515190125
9785,8,8,1,0.9030484557151794
9786,6,1,0,0.760055422782898
9787,8,8,1,0.7390041351318359
9788,1,1,1,0.9779528975486755
9789,6,3,0,0.41510146856307983
9790,8,2,0,0.5798625349998474
9791,9,6,0,0.7291110754013062
9792,8,9,0,0.5633319020271301
9793,2,9,0,0.4757119119167328
9794,1,1,1,0.8366242051124573
9795,4,4,1,0.8786903023719788
9796,9,9,1,0.9212985038757324
9797,1,1,1,0.9741336107254028
9798,5,5,1,0.9715070724487305
9799,7,7,1,0.9330134987831116
9800,1,1,1,0.9840074777603149
9801,6,5,0,0.43605825304985046
9802,0,0,1,0.9380292296409607
9803,1,1,1,0.9759755730628967
9804,5,5,1,0.8060298562049866
9805,2,0,0,0.9005462527275085
9806,8,8,1,0.9236869215965271
9807,1,1,1,0.9345857501029968
9808,1,1,1,0.8978731632232666
9809,3,3,1,0.8437497615814209
9810,8,8,1,0.8996456861495972
9811,1,1,1,0.9672374129295349
9812,3,8,0,0.9204332232475281
9813,1,1,1,0.9658506512641907
9814,8,8,1,0.9810044169425964
9815,5,5,1,0.8867630362510681
9816,1,1,1,0.9444090127944946
9817,9,1,0,0.9240148067474365
9818,0,0,1,0.8251432180404663
9819,3,5,0,0.8087104558944702
9820,0,8,0,0.5574927926063538
9821,4,4,1,0.8381360173225403
9822,0,0,1,0.8965622782707214
9823,5,5,1,0.5544435381889343
9824,1,1,1,0.8678815364837646
9825,2,4,0,0.8116458058357239
9826,0,0,1,0.9658780694007874
9827,4,4,1,0.661425769329071
9828,9,9,1,0.9110192656517029
9829,5,5,1,0.6456405520439148
9830,1,1,1,0.8185876607894897
9831,2,2,1,0.5869815945625305
9832,2,4,0,0.5727929472923279
9833,7,7,1,0.9681005477905273
9834,8,8,1,0.9649381637573242
9835,7,7,1,0.9655431509017944
9836,2,2,1,0.9235292673110962
9837,4,4,1,0.9412546157836914
9838,5,7,0,0.5774721503257751
9839,3,3,1,0.531390368938446
9840,4,7,0,0.9128364324569702
9841,0,0,1,0.6907594799995422
9842,6,6,1,0.868661105632782
9843,1,1,1,0.9796245098114014
9844,5,5,1,0.890289306640625
9845,9,9,1,0.9500271081924438
9846,8,8,1,0.9485259056091309
9847,0,0,1,0.9719147086143494
9848,2,2,1,0.8573590517044067
9849,0,0,1,0.5885347723960876
9850,7,4,0,0.9318804740905762
9851,6,6,1,0.6983616352081299
9852,0,0,1,0.7594340443611145
9853,5,3,0,0.4828135371208191
9854,9,9,1,0.9429213404655457
9855,7,7,1,0.9392017722129822
9856,5,5,1,0.9585940837860107
9857,0,1,0,0.6853644847869873
9858,4,4,1,0.8527477383613586
9859,6,6,1,0.7508766055107117
9860,0,0,1,0.7823371887207031
9861,6,6,1,0.9787335395812988
9862,3,5,0,0.593101978302002
9863,6,6,1,0.9250773787498474
9864,8,8,1,0.7883037328720093
9865,1,1,1,0.9616486430168152
9866,1,1,1,0.678374171257019
9867,8,8,1,0.8386821150779724
9868,9,9,1,0.9585763216018677
9869,7,7,1,0.8985357880592346
9870,2,2,1,0.8388637900352478
9871,9,9,1,0.9555270075798035
9872,0,0,1,0.6733982563018799
9873,2,2,1,0.6023247241973877
9874,2,0,0,0.6139021515846252
9875,9,9,1,0.9093106985092163
9876,0,0,1,0.9887070655822754
9877,6,6,1,0.7403702735900879
9878,5,5,1,0.7664238810539246
9879,7,3,0,0.5216529369354248
9880,7,7,1,0.8580226898193359
9881,9,9,1,0.6361966729164124
9882,1,1,1,0.9669654965400696
9883,7,7,1,0.5220786333084106
9884,9,1,0,0.8160750865936279
9885,8,8,1,0.9532569646835327
9886,4,4,1,0.9106684327125549
9887,5,5,1,0.9009058475494385
9888,0,0,1,0.9340212345123291
9889,8,8,1,0.9242551326751709
9890,0,0,1,0.9720442891120911
9891,2,3,0,0.764900803565979
9892,5,2,0,0.8088958263397217
9893,2,2,1,0.9006409645080566
9894,1,1,1,0.83392733335495
9895,4,4,1,0.9074555039405823
9896,4,4,1,0.8911159634590149
9897,8,8,1,0.9428581595420837
9898,9,9,1,0.9249316453933716
9899,7,7,1,0.8688032627105713
9900,8,8,1,0.9168757200241089
9901,3,1,0,0.6166366934776306
9902,6,6,1,0.5533021092414856
9903,6,6,1,0.8961125612258911
9904,0,0,1,0.9498386979103088
9905,1,1,1,0.8906170129776001
9906,1,1,1,0.9645913243293762
9907,1,1,1,0.9244070649147034
9908,8,8,1,0.8382860422134399
9909,1,1,1,0.9095119833946228
9910,4,7,0,0.8491845726966858
9911,4,7,0,0.7261529564857483
9912,0,0,1,0.9448712468147278
9913,7,7,1,0.957339882850647
9914,8,8,1,0.9622480273246765
9915,2,2,1,0.935228705406189
9916,1,1,1,0.9872144460678101
9917,2,2,1,0.7019208073616028
9918,5,9,0,0.4149862825870514
9919,4,4,1,0.8582611680030823
9920,6,6,1,0.9369066953659058
9921,0,0,1,0.9915931224822998
9922,5,5,1,0.9519510865211487
9923,7,7,1,0.8618467450141907
9924,4,9,0,0.6796663999557495
9925,4,4,1,0.9132281541824341
9926,3,2,0,0.7575772404670715
9927,9,9,1,0.9572522640228271
9928,5,4,0,0.4916815161705017
9929,8,8,1,0.978299081325531
9930,8,2,0,0.42743340134620667
9931,0,0,1,0.9418606162071228
9932,8,8,1,0.9596830606460571
9933,7,7,1,0.726995587348938
9934,4,4,1,0.8110145926475525
9935,1,1,1,0.9760923981666565
9936,8,8,1,0.9730543494224548
9937,4,4,1,0.9610489010810852
9938,9,9,1,0.8928501605987549
9939,5,5,1,0.93902188539505
9940,4,5,0,0.49140962958335876
9941,1,1,1,0.9572144150733948
9942,7,7,1,0.9578533172607422
9943,7,0,0,0.3572186231613159
9944,7,7,1,0.9398825168609619
9945,7,7,1,0.9562740921974182
9946,0,0,1,0.9864605069160461
9947,3,3,1,0.7558462619781494
9948,8,8,1,0.9402414560317993
9949,3,3,1,0.6827423572540283
9950,3,3,1,0.6672403812408447
9951,0,0,1,0.9902756214141846
9952,5,5,1,0.9603705406188965
9953,7,2,0,0.6445040106773376
9954,0,0,1,0.9824360013008118
9955,8,8,1,0.9865288734436035
9956,0,0,1,0.846332848072052
9957,0,0,1,0.5800817608833313
9958,9,9,1,0.8378143906593323
9959,2,3,0,0.7324596047401428
9960,2,0,0,0.8578096032142639
9961,3,3,1,0.8350932598114014
9962,4,4,1,0.9161209464073181
9963,8,8,1,0.9040941596031189
9964,2,2,1,0.8116925358772278
9965,2,2,1,0.8399447202682495
9966,6,6,1,0.8218870759010315
9967,3,4,0,0.6277486681938171
9968,3,5,0,0.6843886375427246
9969,6,6,1,0.7277756333351135
9970,2,2,1,0.9269108772277832
9971,9,9,1,0.9213464260101318
9972,4,4,1,0.9311108589172363
9973,0,0,1,0.6735758185386658
9974,1,1,1,0.978123664855957
9975,7,7,1,0.9882635474205017
9976,5,5,1,0.9424914717674255
9977,5,5,1,0.9165002703666687
9978,7,7,1,0.809769868850708
9979,3,3,1,0.7716745138168335
9980,0,0,1,0.5659342408180237
9981,4,7,0,0.8446177244186401
9982,2,6,0,0.806694507598877
9983,0,0,1,0.810100793838501
9984,7,7,1,0.7008684277534485
9985,5,3,0,0.723240852355957
9986,8,8,1,0.9399957656860352
9987,0,0,1,0.9023481607437134
9988,8,8,1,0.9609909653663635
9989,2,2,1,0.7647736668586731
9990,7,7,1,0.9267666935920715
9991,0,0,1,0.586232602596283
9992,3,3,1,0.9101926684379578
9993,5,3,0,0.7181704044342041
9994,3,3,1,0.9190491437911987
9995,8,0,0,0.6522672176361084
9996,3,3,1,0.8133841753005981
9997,5,5,1,0.9391703605651855
9998,1,1,1,0.9403953552246094
9999,7,7,1,0.9491530656814575
