sample_idx,true_label,pred_label,correct,confidence
0,3,1,0,0.6758483648300171
1,8,1,0,0.8437117338180542
2,8,0,0,0.6846891045570374
3,0,5,0,0.6459615230560303
4,6,6,1,0.8775747418403625
5,6,3,0,0.8182661533355713
6,1,9,0,0.5511548519134521
7,6,6,1,0.7077507376670837
8,3,2,0,0.450443297624588
9,1,1,1,0.6571169495582581
10,0,1,0,0.5736390352249146
11,9,2,0,0.678229808807373
12,5,6,0,0.6536113619804382
13,7,2,0,0.7305895686149597
14,9,1,0,0.5537193417549133
15,8,6,0,0.5727288722991943
16,5,5,1,0.87763512134552
17,7,9,0,0.7786937355995178
18,8,9,0,0.7852095365524292
19,6,1,0,0.4571199417114258
20,7,9,0,0.6455095410346985
21,0,8,0,0.8510746955871582
22,4,8,0,0.8810645341873169
23,9,9,1,0.7246987819671631
24,5,4,0,0.526430070400238
25,2,1,0,0.5468097925186157
26,4,6,0,0.6208776235580444
27,0,9,0,0.6329219937324524
28,9,6,0,0.5041475892066956
29,6,6,1,0.7864310145378113
30,6,3,0,0.6121369004249573
31,5,3,0,0.5800607800483704
32,4,5,0,0.40142348408699036
33,5,3,0,0.48611706495285034
34,9,9,1,0.6853769421577454
35,2,9,0,0.5118556022644043
36,4,7,0,0.31769201159477234
37,1,9,0,0.5710628628730774
38,9,1,0,0.5472937822341919
39,5,3,0,0.6118451356887817
40,4,9,0,0.6543064117431641
41,6,6,1,0.9902821779251099
42,5,3,0,0.5420295596122742
43,6,2,0,0.4936901330947876
44,0,5,0,0.5630064606666565
45,9,5,0,0.4813244640827179
46,3,6,0,0.5307863354682922
47,9,6,0,0.5580016374588013
48,7,3,0,0.45464152097702026
49,6,6,1,0.7865922451019287
50,9,3,0,0.5930042266845703
51,8,6,0,0.7240630388259888
52,0,2,0,0.4574759602546692
53,3,6,0,0.8250181078910828
54,8,3,0,0.6364223957061768
55,8,5,0,0.6390900015830994
56,7,9,0,0.4988189935684204
57,7,3,0,0.8113700747489929
58,4,9,0,0.4172804057598114
59,6,3,0,0.5949909090995789
60,7,7,1,0.5129253268241882
61,3,6,0,0.8699908256530762
62,6,3,0,0.615197479724884
63,3,6,0,0.5012363195419312
64,6,5,0,0.3475891649723053
65,2,3,0,0.60236656665802
66,1,1,1,0.644547164440155
67,2,2,1,0.6280074119567871
68,3,5,0,0.7220883369445801
69,7,2,0,0.6022331714630127
70,2,5,0,0.6464792490005493
71,6,4,0,0.41597333550453186
72,8,6,0,0.3641892969608307
73,8,8,1,0.5987547039985657
74,0,1,0,0.6096345782279968
75,2,3,0,0.4723392128944397
76,9,1,0,0.4900803565979004
77,3,3,1,0.6801146268844604
78,3,3,1,0.7325020432472229
79,8,9,0,0.5177222490310669
80,8,3,0,0.5452640652656555
81,1,1,1,0.8166610598564148
82,1,2,0,0.9678211808204651
83,7,3,0,0.5438348054885864
84,2,2,1,0.38151225447654724
85,5,3,0,0.7943223714828491
86,2,0,0,0.625721275806427
87,7,6,0,0.7954388856887817
88,8,9,0,0.653856098651886
89,9,6,0,0.9090021252632141
90,0,5,0,0.37996894121170044
91,3,2,0,0.6027486324310303
92,8,3,0,0.6725752949714661
93,6,6,1,0.8741825222969055
94,4,3,0,0.48669740557670593
95,6,6,1,0.8746147155761719
96,6,5,0,0.4712757468223572
97,0,2,0,0.5243617296218872
98,0,3,0,0.4238414764404297
99,7,6,0,0.49512979388237
100,4,2,0,0.7675829529762268
101,5,3,0,0.6890776753425598
102,6,6,1,0.9910967350006104
103,3,6,0,0.8380714058876038
104,1,9,0,0.5327296257019043
105,1,2,0,0.5044082999229431
106,3,3,1,0.49324363470077515
107,6,6,1,0.9885512590408325
108,8,3,0,0.3149222433567047
109,7,6,0,0.5295547246932983
110,4,9,0,0.5686825513839722
111,0,1,0,0.2899031341075897
112,6,6,1,0.5762366056442261
113,2,9,0,0.5816608667373657
114,1,9,0,0.6586750149726868
115,3,3,1,0.6254841685295105
116,0,8,0,0.4013441205024719
117,4,9,0,0.5956865549087524
118,2,6,0,0.9744095206260681
119,7,5,0,0.4619341194629669
120,8,3,0,0.6075040102005005
121,3,0,0,0.6777858138084412
122,1,2,0,0.31640949845314026
123,2,2,1,0.6676782369613647
124,8,2,0,0.5352658629417419
125,0,5,0,0.505043625831604
126,8,2,0,0.5447365045547485
127,3,6,0,0.867793083190918
128,5,1,0,0.8741246461868286
129,2,5,0,0.6655483841896057
130,4,1,0,0.6773888468742371
131,1,9,0,0.5360703468322754
132,8,3,0,0.635564923286438
133,9,9,1,0.595824122428894
134,1,6,0,0.6731402277946472
135,2,3,0,0.5759549736976624
136,9,9,1,0.8047967553138733
137,7,6,0,0.3986378610134125
138,2,6,0,0.8169376254081726
139,9,1,0,0.5623735785484314
140,6,3,0,0.6917017698287964
141,5,5,1,0.8885869383811951
142,6,3,0,0.49317705631256104
143,3,9,0,0.49051719903945923
144,8,1,0,0.42801088094711304
145,7,3,0,0.4100996255874634
146,6,9,0,0.5957893133163452
147,2,5,0,0.3406059741973877
148,5,5,1,0.7900351285934448
149,2,3,0,0.6038543581962585
150,8,3,0,0.361662894487381
151,9,9,1,0.6796240210533142
152,6,1,0,0.608176052570343
153,0,9,0,0.42617636919021606
154,0,1,0,0.4664340913295746
155,5,3,0,0.7249969840049744
156,2,9,0,0.48915112018585205
157,9,9,1,0.7374715209007263
158,5,3,0,0.7309771180152893
159,4,2,0,0.630023181438446
160,2,2,1,0.48984336853027344
161,1,1,1,0.3863247334957123
162,6,3,0,0.599230945110321
163,6,6,1,0.9337701797485352
164,8,6,0,0.44526875019073486
165,4,3,0,0.5829682946205139
166,8,5,0,0.7065612077713013
167,4,2,0,0.8092922568321228
168,5,1,0,0.8534355759620667
169,0,2,0,0.7196165919303894
170,9,9,1,0.44539690017700195
171,9,6,0,0.7485382556915283
172,9,5,0,0.4657420516014099
173,8,1,0,0.3708733022212982
174,9,6,0,0.9468004107475281
175,9,3,0,0.6807251572608948
176,3,8,0,0.6979627013206482
177,7,2,0,0.4723208546638489
178,5,9,0,0.5465477705001831
179,0,2,0,0.7209517955780029
180,0,6,0,0.8582339882850647
181,5,9,0,0.49200212955474854
182,2,6,0,0.39808669686317444
183,2,5,0,0.45377278327941895
184,3,1,0,0.7035815119743347
185,8,1,0,0.5805444717407227
186,6,6,1,0.6515878438949585
187,3,3,1,0.6622231006622314
188,4,2,0,0.6620437502861023
189,0,1,0,0.947348415851593
190,5,9,0,0.6791328191757202
191,8,5,0,0.6186923384666443
192,0,3,0,0.5202449560165405
193,1,1,1,0.8655380010604858
194,7,6,0,0.5588328838348389
195,2,6,0,0.91176837682724
196,8,6,0,0.6021347045898438
197,8,5,0,0.7223098874092102
198,7,3,0,0.6995890736579895
199,8,2,0,0.48397278785705566
200,5,3,0,0.5993035435676575
201,1,3,0,0.4744880795478821
202,8,9,0,0.310030460357666
203,7,4,0,0.505666196346283
204,1,1,1,0.8609411120414734
205,3,3,1,0.7512142658233643
206,0,3,0,0.48454686999320984
207,5,3,0,0.5265475511550903
208,7,4,0,0.5714112520217896
209,9,9,1,0.979478120803833
210,7,6,0,0.697036862373352
211,4,3,0,0.865354061126709
212,5,9,0,0.5812599658966064
213,9,9,1,0.9664638638496399
214,8,9,0,0.7342511415481567
215,0,5,0,0.7314298152923584
216,7,5,0,0.8580413460731506
217,9,9,1,0.6382706761360168
218,8,9,0,0.38511162996292114
219,2,7,0,0.42072996497154236
220,7,9,0,0.47409623861312866
221,6,3,0,0.7805947661399841
222,9,9,1,0.9105467796325684
223,4,2,0,0.7651987075805664
224,3,9,0,0.4038812518119812
225,9,9,1,0.6989112496376038
226,6,6,1,0.5497274398803711
227,4,2,0,0.4737327992916107
228,7,3,0,0.33311545848846436
229,6,2,0,0.5139436721801758
230,5,5,1,0.673906683921814
231,1,1,1,0.8514410257339478
232,5,5,1,0.47566983103752136
233,8,2,0,0.4979310929775238
234,8,0,0,0.4938782751560211
235,0,5,0,0.6318798065185547
236,4,9,0,0.47997018694877625
237,0,7,0,0.42588815093040466
238,5,9,0,0.7251800298690796
239,5,9,0,0.3889063894748688
240,1,2,0,0.6382607817649841
241,1,3,0,0.658196747303009
242,8,3,0,0.4538300931453705
243,9,6,0,0.40461763739585876
244,0,0,1,0.4334067106246948
245,3,3,1,0.6590139269828796
246,1,6,0,0.5331976413726807
247,9,2,0,0.473713219165802
248,2,2,1,0.7460706830024719
249,2,3,0,0.48994800448417664
250,5,3,0,0.9259639978408813
251,3,6,0,0.7080875635147095
252,9,6,0,0.9700160622596741
253,9,5,0,0.4106101989746094
254,4,3,0,0.5134143233299255
255,0,3,0,0.7755843997001648
256,3,6,0,0.6664275527000427
257,0,1,0,0.754978358745575
258,0,1,0,0.38397306203842163
259,9,5,0,0.6589944958686829
260,8,6,0,0.6333069205284119
261,1,6,0,0.6563437581062317
262,5,3,0,0.5895776748657227
263,7,2,0,0.67514568567276
264,0,2,0,0.8308889865875244
265,8,3,0,0.612625241279602
266,2,1,0,0.7559108734130859
267,4,3,0,0.4740723669528961
268,7,1,0,0.48811402916908264
269,0,1,0,0.48962676525115967
270,2,2,1,0.5885115265846252
271,3,6,0,0.6077185273170471
272,6,6,1,0.9881581664085388
273,3,1,0,0.6014225482940674
274,8,3,0,0.6692752838134766
275,5,3,0,0.7163724303245544
276,0,9,0,0.42768415808677673
277,3,3,1,0.4071754217147827
278,4,9,0,0.5674772262573242
279,3,3,1,0.49093204736709595
280,9,3,0,0.44371297955513
281,0,1,0,0.43348726630210876
282,6,6,1,0.7669601440429688
283,1,9,0,0.7970858812332153
284,0,9,0,0.6936274170875549
285,9,5,0,0.4925439953804016
286,1,2,0,0.6751518845558167
287,0,5,0,0.8739305734634399
288,7,3,0,0.44935932755470276
289,9,3,0,0.49618053436279297
290,1,9,0,0.7790852785110474
291,2,1,0,0.8961271643638611
292,6,3,0,0.5632542371749878
293,9,3,0,0.6437023282051086
294,3,9,0,0.37960949540138245
295,4,2,0,0.7238742113113403
296,6,6,1,0.9249911308288574
297,0,3,0,0.5315496921539307
298,0,5,0,0.6399110555648804
299,6,6,1,0.47432559728622437
300,6,3,0,0.6755817532539368
301,6,1,0,0.47824057936668396
302,3,6,0,0.5693260431289673
303,2,2,1,0.5822073817253113
304,6,3,0,0.47719457745552063
305,1,9,0,0.9121190309524536
306,8,6,0,0.5646924376487732
307,2,4,0,0.4864213168621063
308,1,9,0,0.7528987526893616
309,6,3,0,0.6979705691337585
310,8,8,1,0.5847290754318237
311,6,3,0,0.4242134392261505
312,8,2,0,0.45754700899124146
313,0,8,0,0.7679996490478516
314,4,8,0,0.4660378694534302
315,0,3,0,0.3929091691970825
316,7,2,0,0.44712546467781067
317,7,3,0,0.5183677673339844
318,5,2,0,0.9065317511558533
319,5,3,0,0.5450974106788635
320,3,5,0,0.7574766278266907
321,5,3,0,0.6901543736457825
322,2,5,0,0.43787819147109985
323,3,6,0,0.7263243794441223
324,4,1,0,0.6415914297103882
325,1,1,1,0.7731295228004456
326,7,9,0,0.31379035115242004
327,5,6,0,0.9375373721122742
328,4,2,0,0.5243014097213745
329,6,8,0,0.3992091715335846
330,1,1,1,0.6991087794303894
331,9,0,0,0.41583022475242615
332,3,2,0,0.5819768905639648
333,6,6,1,0.992233157157898
334,6,4,0,0.319036602973938
335,9,2,0,0.5775906443595886
336,3,3,1,0.38960668444633484
337,8,5,0,0.5438960790634155
338,0,2,0,0.38482317328453064
339,7,6,0,0.5881908535957336
340,2,6,0,0.8307697176933289
341,6,6,1,0.8533160090446472
342,2,2,1,0.565642774105072
343,5,1,0,0.604851245880127
344,8,3,0,0.45454925298690796
345,5,5,1,0.5234365463256836
346,4,0,0,0.5540235638618469
347,6,3,0,0.733364999294281
348,8,5,0,0.8370507955551147
349,9,1,0,0.5699931383132935
350,9,1,0,0.6171408295631409
351,1,1,1,0.9437980055809021
352,0,3,0,0.4745243191719055
353,2,2,1,0.6087515950202942
354,2,3,0,0.7136920690536499
355,7,2,0,0.5362985730171204
356,3,2,0,0.578651487827301
357,2,2,1,0.7893309593200684
358,8,5,0,0.48184630274772644
359,0,0,1,0.2774655520915985
360,9,9,1,0.6015834212303162
361,5,3,0,0.41752514243125916
362,8,5,0,0.7467871308326721
363,1,2,0,0.6221691966056824
364,9,6,0,0.38944557309150696
365,4,7,0,0.43007898330688477
366,1,9,0,0.38273781538009644
367,3,3,1,0.46088799834251404
368,8,8,1,0.6118813157081604
369,1,2,0,0.4885883629322052
370,4,6,0,0.6060078144073486
371,7,5,0,0.3005323112010956
372,9,6,0,0.6413425207138062
373,4,6,0,0.5655387043952942
374,2,2,1,0.7617213129997253
375,7,3,0,0.6650159358978271
376,0,2,0,0.8266772627830505
377,7,2,0,0.6225162744522095
378,0,6,0,0.5774576663970947
379,6,4,0,0.4870719611644745
380,6,6,1,0.589271605014801
381,9,9,1,0.5337532758712769
382,0,1,0,0.5272045135498047
383,9,1,0,0.5156664252281189
384,2,5,0,0.6051665544509888
385,8,5,0,0.6171950101852417
386,7,3,0,0.5122737884521484
387,2,0,0,0.728598952293396
388,2,3,0,0.72472083568573
389,5,5,1,0.8991544842720032
390,1,2,0,0.3410424292087555
391,2,2,1,0.6211569309234619
392,6,6,1,0.49850794672966003
393,2,2,1,0.49875205755233765
394,9,3,0,0.5547812581062317
395,6,3,0,0.5756618976593018
396,2,6,0,0.6112756729125977
397,3,3,1,0.8203560709953308
398,0,3,0,0.37959083914756775
399,3,9,0,0.6786652207374573
400,9,9,1,0.5397352576255798
401,8,1,0,0.5999360084533691
402,7,6,0,0.508688747882843
403,8,1,0,0.7473983764648438
404,8,9,0,0.6426159739494324
405,4,9,0,0.3926948308944702
406,0,1,0,0.9803450703620911
407,1,2,0,0.4695051908493042
408,8,9,0,0.4856465756893158
409,2,5,0,0.45865166187286377
410,7,9,0,0.7466316223144531
411,9,9,1,0.659371018409729
412,3,5,0,0.49256476759910583
413,6,6,1,0.95269775390625
414,1,9,0,0.9030528664588928
415,9,1,0,0.5787546038627625
416,0,1,0,0.5457149744033813
417,7,2,0,0.47830140590667725
418,3,2,0,0.5158984065055847
419,7,6,0,0.8321149349212646
420,4,4,1,0.8259502053260803
421,5,3,0,0.35110288858413696
422,0,0,1,0.7513849139213562
423,0,1,0,0.5289513468742371
424,2,3,0,0.8116104602813721
425,9,6,0,0.8221469521522522
426,3,2,0,0.26014572381973267
427,4,2,0,0.4672805368900299
428,0,9,0,0.39104822278022766
429,6,6,1,0.7338542938232422
430,2,6,0,0.8368164896965027
431,5,1,0,0.6095651984214783
432,3,6,0,0.5729064345359802
433,7,3,0,0.5544031858444214
434,3,9,0,0.5191495418548584
435,7,2,0,0.597261369228363
436,2,1,0,0.7792296409606934
437,5,5,1,0.47398102283477783
438,3,3,1,0.9100943207740784
439,1,1,1,0.4027707278728485
440,1,9,0,0.5143909454345703
441,4,2,0,0.7855003476142883
442,9,6,0,0.7983962297439575
443,9,5,0,0.4952925741672516
444,5,5,1,0.3355995714664459
445,7,6,0,0.8392446637153625
446,5,9,0,0.474220335483551
447,0,3,0,0.5829004645347595
448,2,2,1,0.683014452457428
449,2,6,0,0.4968942403793335
450,2,6,0,0.8278967142105103
451,9,3,0,0.5978670120239258
452,7,3,0,0.5773192644119263
453,3,5,0,0.7057052850723267
454,9,9,1,0.6123683452606201
455,4,5,0,0.704650342464447
456,3,3,1,0.3833298087120056
457,5,3,0,0.528853714466095
458,4,3,0,0.688008725643158
459,6,7,0,0.5439242720603943
460,5,4,0,0.6774813532829285
461,6,6,1,0.8638520836830139
462,1,1,1,0.872410774230957
463,4,1,0,0.70951908826828
464,3,2,0,0.42911484837532043
465,4,6,0,0.4656122624874115
466,4,5,0,0.5650181174278259
467,3,6,0,0.7070870995521545
468,7,3,0,0.5547038912773132
469,8,6,0,0.9282414317131042
470,3,3,1,0.7530887126922607
471,7,3,0,0.4665842056274414
472,8,6,0,0.3935086727142334
473,0,9,0,0.5620306730270386
474,5,1,0,0.491446852684021
475,7,5,0,0.5670170187950134
476,6,9,0,0.6444978713989258
477,0,1,0,0.8736738562583923
478,5,3,0,0.7480109333992004
479,4,6,0,0.6237764358520508
480,8,9,0,0.9465235471725464
481,6,6,1,0.9561203718185425
482,8,2,0,0.8287692070007324
483,5,5,1,0.721230685710907
484,5,9,0,0.8377083539962769
485,9,2,0,0.6047828793525696
486,9,9,1,0.4793490171432495
487,9,6,0,0.7949211001396179
488,5,5,1,0.6779065728187561
489,0,3,0,0.4622748792171478
490,1,9,0,0.8067215085029602
491,0,0,1,0.5529588460922241
492,8,3,0,0.666239857673645
493,1,9,0,0.5131126642227173
494,1,5,0,0.7001485228538513
495,8,9,0,0.45743250846862793
496,0,2,0,0.42341911792755127
497,2,3,0,0.5178213119506836
498,2,5,0,0.5534064769744873
499,0,1,0,0.5085597634315491
500,4,4,1,0.7758866548538208
501,6,4,0,0.6899402141571045
502,5,3,0,0.6047202348709106
503,4,5,0,0.6354964971542358
504,9,2,0,0.4233894646167755
505,4,4,1,0.8238658308982849
506,7,6,0,0.8021717071533203
507,9,6,0,0.34559789299964905
508,9,3,0,0.5525370836257935
509,4,5,0,0.8648123145103455
510,5,1,0,0.8786561489105225
511,6,6,1,0.8815445899963379
512,6,2,0,0.47978800535202026
513,1,9,0,0.5450354218482971
514,5,5,1,0.5814024806022644
515,3,6,0,0.8657405972480774
516,8,6,0,0.8472974300384521
517,9,1,0,0.4015945792198181
518,5,2,0,0.5208166241645813
519,8,1,0,0.4832158386707306
520,5,5,1,0.8098334670066833
521,7,1,0,0.7162071466445923
522,0,9,0,0.4013306200504303
523,7,1,0,0.7064080834388733
524,0,1,0,0.8040541410446167
525,5,5,1,0.7294703125953674
526,0,3,0,0.6533955335617065
527,0,8,0,0.9275715947151184
528,4,9,0,0.402301162481308
529,6,3,0,0.6681775450706482
530,9,1,0,0.6240774393081665
531,0,5,0,0.372020423412323
532,9,9,1,0.6427143216133118
533,5,5,1,0.9408965706825256
534,6,6,1,0.6166956424713135
535,6,3,0,0.5688554644584656
536,6,6,1,0.9673570394515991
537,2,6,0,0.52618807554245
538,9,5,0,0.5903348326683044
539,0,6,0,0.7149109244346619
540,1,5,0,0.6476050615310669
541,7,5,0,0.6675312519073486
542,6,6,1,0.9119881391525269
543,7,7,1,0.8310034871101379
544,5,5,1,0.9043689966201782
545,9,9,1,0.9859963655471802
546,1,5,0,0.46397310495376587
547,6,6,1,0.8022810816764832
548,2,9,0,0.4748659133911133
549,5,3,0,0.6768237352371216
550,5,9,0,0.873694658279419
551,5,5,1,0.6386134624481201
552,8,2,0,0.569294810295105
553,5,1,0,0.5508405566215515
554,9,9,1,0.6848912835121155
555,4,2,0,0.5445457696914673
556,6,6,1,0.9810670614242554
557,4,6,0,0.76994788646698
558,3,3,1,0.9669535160064697
559,2,2,1,0.7412343621253967
560,0,5,0,0.7396812438964844
561,7,7,1,0.43528157472610474
562,6,6,1,0.6017628908157349
563,2,2,1,0.8257822394371033
564,2,1,0,0.550320565700531
565,3,5,0,0.5726306438446045
566,9,9,1,0.9830761551856995
567,7,2,0,0.7020965814590454
568,9,6,0,0.7532487511634827
569,2,6,0,0.9761108756065369
570,6,3,0,0.6404148936271667
571,7,7,1,0.6699085235595703
572,1,1,1,0.6716367602348328
573,3,2,0,0.703425407409668
574,6,3,0,0.5477002859115601
575,6,3,0,0.6298490762710571
576,8,5,0,0.6928907036781311
577,9,9,1,0.6008818745613098
578,7,3,0,0.4683961570262909
579,5,3,0,0.5373048186302185
580,4,6,0,0.7330806851387024
581,0,1,0,0.48261895775794983
582,8,8,1,0.6479330062866211
583,4,9,0,0.8021765947341919
584,0,3,0,0.5074948668479919
585,9,1,0,0.7965208888053894
586,3,6,0,0.6091965436935425
587,4,9,0,0.6390762329101562
588,8,0,0,0.5678274035453796
589,9,9,1,0.315409392118454
590,6,3,0,0.4758946895599365
591,9,3,0,0.5728513598442078
592,2,6,0,0.5875996947288513
593,6,9,0,0.4619763195514679
594,1,1,1,0.9611150622367859
595,4,5,0,0.5154362320899963
596,7,2,0,0.7120485305786133
597,3,2,0,0.45930758118629456
598,5,6,0,0.6507483124732971
599,3,3,1,0.3942483961582184
600,8,1,0,0.7393685579299927
601,5,5,1,0.8947213888168335
602,0,1,0,0.48245003819465637
603,2,3,0,0.6887971758842468
604,1,3,0,0.595639705657959
605,6,6,1,0.5712583065032959
606,4,3,0,0.6833141446113586
607,3,2,0,0.7299141883850098
608,3,9,0,0.5170772075653076
609,9,1,0,0.7819615006446838
610,6,2,0,0.5174363255500793
611,9,1,0,0.7433794736862183
612,8,9,0,0.4569668173789978
613,8,9,0,0.8333374261856079
614,5,3,0,0.6951543092727661
615,8,8,1,0.45330876111984253
616,6,1,0,0.5675142407417297
617,6,6,1,0.7531138062477112
618,2,1,0,0.44235843420028687
619,1,9,0,0.458241730928421
620,7,9,0,0.5397810935974121
621,7,5,0,0.4785812199115753
622,1,1,1,0.8064417839050293
623,2,2,1,0.46086400747299194
624,7,3,0,0.45062243938446045
625,9,3,0,0.4654175341129303
626,9,1,0,0.845284640789032
627,4,6,0,0.9443392157554626
628,4,5,0,0.6332753300666809
629,1,1,1,0.9329058527946472
630,2,1,0,0.6461588740348816
631,5,3,0,0.9313562512397766
632,6,3,0,0.4614110291004181
633,8,5,0,0.5566952228546143
634,7,1,0,0.41776081919670105
635,6,7,0,0.4346746802330017
636,8,1,0,0.6019052267074585
637,3,2,0,0.4960493743419647
638,0,2,0,0.5798966884613037
639,5,1,0,0.5668952465057373
640,5,5,1,0.5909954905509949
641,3,6,0,0.8742417097091675
642,0,5,0,0.7176164984703064
643,7,6,0,0.6555804014205933
644,9,3,0,0.5636441111564636
645,1,9,0,0.5348843336105347
646,3,2,0,0.38892894983291626
647,4,3,0,0.8604089021682739
648,4,2,0,0.4143654704093933
649,5,6,0,0.2769521176815033
650,3,6,0,0.5378009080886841
651,9,9,1,0.777466356754303
652,5,1,0,0.5672603845596313
653,6,6,1,0.8740729689598083
654,9,6,0,0.43163755536079407
655,2,3,0,0.6662471294403076
656,1,6,0,0.8318804502487183
657,1,1,1,0.9216681122779846
658,4,4,1,0.40048539638519287
659,1,6,0,0.7331291437149048
660,9,5,0,0.381928026676178
661,4,2,0,0.6432744264602661
662,7,2,0,0.5962486863136292
663,6,2,0,0.5024818778038025
664,3,3,1,0.9147800803184509
665,8,5,0,0.5553137063980103
666,9,1,0,0.5374833941459656
667,0,3,0,0.5828493237495422
668,1,1,1,0.7663642168045044
669,3,3,1,0.6432039141654968
670,6,3,0,0.6606649160385132
671,3,3,1,0.7263690233230591
672,6,0,0,0.6746154427528381
673,3,6,0,0.9392416477203369
674,2,2,1,0.491486132144928
675,0,5,0,0.470991313457489
676,3,6,0,0.8017871975898743
677,1,3,0,0.5039356350898743
678,0,6,0,0.3625335693359375
679,5,3,0,0.549690306186676
680,9,9,1,0.5688455104827881
681,6,6,1,0.9921388626098633
682,4,1,0,0.3340425193309784
683,8,3,0,0.46049875020980835
684,9,6,0,0.46532487869262695
685,6,2,0,0.5965226888656616
686,9,9,1,0.5159379839897156
687,6,2,0,0.5192076563835144
688,3,8,0,0.5594251155853271
689,0,9,0,0.6117358803749084
690,3,5,0,0.616281270980835
691,2,9,0,0.44427022337913513
692,2,5,0,0.4337947368621826
693,7,6,0,0.42759227752685547
694,8,2,0,0.5106512308120728
695,3,3,1,0.4948694109916687
696,8,9,0,0.47500547766685486
697,2,9,0,0.4654545187950134
698,7,7,1,0.4508122503757477
699,5,5,1,0.7419905662536621
700,7,1,0,0.32406240701675415
701,2,5,0,0.4464077353477478
702,4,3,0,0.5258304476737976
703,8,5,0,0.7020887732505798
704,7,1,0,0.5433849692344666
705,4,3,0,0.5026540756225586
706,2,1,0,0.44267889857292175
707,9,3,0,0.7714073657989502
708,8,5,0,0.5279543399810791
709,8,2,0,0.565493106842041
710,6,2,0,0.39222076535224915
711,8,5,0,0.46177273988723755
712,8,1,0,0.5093667507171631
713,7,5,0,0.6610430479049683
714,4,1,0,0.39598774909973145
715,3,6,0,0.9714159965515137
716,3,3,1,0.9351083040237427
717,8,9,0,0.5867053270339966
718,4,6,0,0.3502920866012573
719,9,3,0,0.4224737584590912
720,4,5,0,0.43718576431274414
721,8,3,0,0.6141394376754761
722,8,5,0,0.6873763799667358
723,1,1,1,0.6803607940673828
724,8,0,0,0.47153565287590027
725,2,9,0,0.40176892280578613
726,1,1,1,0.5601939558982849
727,3,3,1,0.7593384981155396
728,6,3,0,0.6600120663642883
729,5,3,0,0.8674164414405823
730,4,9,0,0.5283520221710205
731,2,1,0,0.3010627031326294
732,7,5,0,0.41575855016708374
733,9,9,1,0.502227783203125
734,9,0,0,0.6906082630157471
735,4,1,0,0.38273414969444275
736,1,9,0,0.44258901476860046
737,4,1,0,0.9387365579605103
738,1,1,1,0.5156716108322144
739,3,2,0,0.559865415096283
740,2,2,1,0.6599116325378418
741,7,7,1,0.2851979732513428
742,0,3,0,0.8038569688796997
743,7,3,0,0.35210534930229187
744,9,9,1,0.544192373752594
745,7,7,1,0.6462610363960266
746,6,2,0,0.39871513843536377
747,6,3,0,0.534887969493866
748,2,9,0,0.6452908515930176
749,5,1,0,0.8830723762512207
750,9,9,1,0.6269645690917969
751,2,0,0,0.6118580102920532
752,9,6,0,0.8305144309997559
753,1,6,0,0.8058778643608093
754,2,2,1,0.5799693465232849
755,2,5,0,0.5875210762023926
756,6,3,0,0.7244426012039185
757,8,0,0,0.5588040947914124
758,2,2,1,0.7096948623657227
759,1,3,0,0.6810337901115417
760,3,9,0,0.5435400009155273
761,6,5,0,0.5571666359901428
762,6,6,1,0.8771559000015259
763,0,6,0,0.6040066480636597
764,1,1,1,0.7555195689201355
765,2,2,1,0.34425267577171326
766,7,5,0,0.6376551389694214
767,0,1,0,0.7339338660240173
768,5,3,0,0.7540039420127869
769,4,9,0,0.8225032091140747
770,6,3,0,0.5338181257247925
771,1,5,0,0.543957531452179
772,6,1,0,0.8984097838401794
773,4,6,0,0.9413787126541138
774,0,2,0,0.3844034969806671
775,2,2,1,0.6780625581741333
776,2,3,0,0.7362698316574097
777,6,6,1,0.8916226625442505
778,0,3,0,0.4884379506111145
779,5,6,0,0.8197057843208313
780,9,9,1,0.49552789330482483
781,1,7,0,0.6630727052688599
782,7,2,0,0.4857221245765686
783,6,6,1,0.768424391746521
784,7,2,0,0.7191851139068604
785,0,9,0,0.3463149964809418
786,3,3,1,0.7048394680023193
787,9,9,1,0.6361838579177856
788,6,3,0,0.7338504791259766
789,8,3,0,0.6896251440048218
790,3,5,0,0.5999925136566162
791,0,1,0,0.4319055676460266
792,3,9,0,0.42184776067733765
793,4,5,0,0.5398065447807312
794,7,5,0,0.4590086340904236
795,7,2,0,0.496904194355011
796,1,3,0,0.7541166543960571
797,4,1,0,0.42784667015075684
798,7,5,0,0.42141348123550415
799,2,4,0,0.6635740399360657
800,7,6,0,0.42720383405685425
801,1,6,0,0.4648679494857788
802,4,3,0,0.8014860153198242
803,7,7,1,0.3803938627243042
804,4,9,0,0.3944551646709442
805,4,6,0,0.7676588296890259
806,8,9,0,0.5749582052230835
807,4,2,0,0.377057820558548
808,7,5,0,0.37424206733703613
809,7,3,0,0.43569767475128174
810,5,6,0,0.5332680344581604
811,3,3,1,0.5892173051834106
812,7,7,1,0.634978175163269
813,2,6,0,0.7444905042648315
814,0,2,0,0.604433000087738
815,8,9,0,0.9021786451339722
816,9,2,0,0.6339850425720215
817,5,4,0,0.38394373655319214
818,8,8,1,0.40989208221435547
819,3,3,1,0.5543898940086365
820,6,1,0,0.9428644180297852
821,2,0,0,0.3442033529281616
822,0,0,1,0.37529057264328003
823,8,1,0,0.5649735331535339
824,7,7,1,0.42341873049736023
825,3,2,0,0.7802278995513916
826,7,3,0,0.6063752770423889
827,6,3,0,0.6335126757621765
828,5,9,0,0.496870219707489
829,3,3,1,0.579713761806488
830,1,1,1,0.8031207919120789
831,3,3,1,0.4610714316368103
832,2,1,0,0.7287914156913757
833,2,6,0,0.6932704448699951
834,5,6,0,0.5057644248008728
835,4,2,0,0.33159950375556946
836,1,1,1,0.7384847402572632
837,2,3,0,0.7821932435035706
838,9,9,1,0.6136021614074707
839,2,2,1,0.7479422688484192
840,7,3,0,0.5366734862327576
841,0,2,0,0.7531325817108154
842,7,2,0,0.375876784324646
843,2,2,1,0.5531424880027771
844,1,2,0,0.5619763135910034
845,3,3,1,0.5143939256668091
846,2,6,0,0.4624871611595154
847,0,9,0,0.29528892040252686
848,2,9,0,0.46915650367736816
849,4,4,1,0.7551470994949341
850,7,3,0,0.5237746238708496
851,9,6,0,0.6616923809051514
852,8,9,0,0.3497454822063446
853,9,6,0,0.6120677590370178
854,0,9,0,0.8191206455230713
855,7,0,0,0.4012635350227356
856,7,6,0,0.7892596125602722
857,0,5,0,0.5156896114349365
858,7,7,1,0.8636022210121155
859,8,9,0,0.6399337649345398
860,4,9,0,0.7256928086280823
861,6,1,0,0.43462613224983215
862,3,6,0,0.8974499702453613
863,3,5,0,0.755470335483551
864,0,2,0,0.41459378600120544
865,1,9,0,0.5828676819801331
866,3,6,0,0.5612911581993103
867,7,0,0,0.6039480566978455
868,0,9,0,0.4120538830757141
869,1,9,0,0.5730453729629517
870,3,2,0,0.5988125205039978
871,1,3,0,0.3730587065219879
872,4,3,0,0.7516784071922302
873,2,1,0,0.48214519023895264
874,3,1,0,0.6461482644081116
875,8,3,0,0.7312616109848022
876,4,6,0,0.7340472340583801
877,2,3,0,0.7599977850914001
878,3,3,1,0.41251394152641296
879,7,9,0,0.5915354490280151
880,8,8,1,0.5022739171981812
881,4,2,0,0.3442341387271881
882,3,0,0,0.44917193055152893
883,0,1,0,0.6106898188591003
884,9,3,0,0.39549919962882996
885,0,1,0,0.934689998626709
886,0,6,0,0.5509781837463379
887,1,2,0,0.5136762261390686
888,0,1,0,0.48074445128440857
889,4,2,0,0.7446363568305969
890,4,6,0,0.5509951114654541
891,6,6,1,0.7935075759887695
892,7,1,0,0.4934547245502472
893,6,2,0,0.42531976103782654
894,1,1,1,0.36146280169487
895,1,9,0,0.9217429757118225
896,3,3,1,0.39964860677719116
897,7,2,0,0.688036322593689
898,3,3,1,0.8957259058952332
899,5,7,0,0.4803805649280548
900,2,2,1,0.5894145965576172
901,6,3,0,0.5594611167907715
902,6,6,1,0.7355858683586121
903,5,3,0,0.6611261367797852
904,8,4,0,0.4222371280193329
905,7,9,0,0.6707768440246582
906,1,6,0,0.6719096302986145
907,6,3,0,0.7111439108848572
908,8,8,1,0.43702834844589233
909,8,3,0,0.3969151973724365
910,5,6,0,0.5003132224082947
911,3,2,0,0.6199333667755127
912,0,3,0,0.3635673522949219
913,4,2,0,0.4076777994632721
914,0,3,0,0.5987198948860168
915,1,1,1,0.6339019536972046
916,3,4,0,0.3543066084384918
917,8,3,0,0.6705753803253174
918,8,3,0,0.666580319404602
919,0,2,0,0.6758970022201538
920,6,3,0,0.6243147850036621
921,9,9,1,0.5410262942314148
922,9,6,0,0.6165858507156372
923,9,3,0,0.5527147054672241
924,5,3,0,0.5343688130378723
925,5,1,0,0.6567367315292358
926,8,1,0,0.2808355689048767
927,6,1,0,0.5728291869163513
928,0,0,1,0.7276538610458374
929,0,8,0,0.6193193197250366
930,4,2,0,0.5129823684692383
931,2,3,0,0.8729974031448364
932,3,3,1,0.5345467329025269
933,2,3,0,0.49772578477859497
934,7,6,0,0.3751727044582367
935,2,3,0,0.6886193752288818
936,2,2,1,0.6822088956832886
937,5,2,0,0.439237505197525
938,9,1,0,0.9533606171607971
939,8,1,0,0.27234160900115967
940,9,9,1,0.8127950429916382
941,1,3,0,0.7015528082847595
942,7,5,0,0.34481528401374817
943,4,1,0,0.5294575691223145
944,0,8,0,0.7031798958778381
945,3,1,0,0.4766267240047455
946,0,1,0,0.47004586458206177
947,1,6,0,0.5390083193778992
948,3,3,1,0.4296114444732666
949,8,6,0,0.49461138248443604
950,3,3,1,0.7205604314804077
951,9,5,0,0.6190634369850159
952,6,6,1,0.6627354025840759
953,1,2,0,0.6288566589355469
954,4,4,1,0.5916914343833923
955,7,3,0,0.6555926203727722
956,0,0,1,0.5485833883285522
957,3,3,1,0.6629061102867126
958,7,3,0,0.6401872038841248
959,8,8,1,0.9918169379234314
960,9,9,1,0.5317664742469788
961,1,2,0,0.5550539493560791
962,1,9,0,0.6116544008255005
963,6,6,1,0.7892928719520569
964,6,3,0,0.442892462015152
965,6,3,0,0.4810335636138916
966,6,3,0,0.6880892515182495
967,9,1,0,0.8251582384109497
968,1,9,0,0.596155047416687
969,9,9,1,0.4189746677875519
970,9,9,1,0.659572184085846
971,4,1,0,0.3305961787700653
972,2,2,1,0.6710129976272583
973,1,9,0,0.4872882664203644
974,7,9,0,0.46152985095977783
975,0,2,0,0.6879593729972839
976,6,9,0,0.6108623743057251
977,8,2,0,0.6258283853530884
978,1,3,0,0.6271264553070068
979,9,9,1,0.36635830998420715
980,2,5,0,0.6261492371559143
981,9,3,0,0.443901389837265
982,0,1,0,0.8785422444343567
983,4,2,0,0.5546815991401672
984,7,3,0,0.4882708489894867
985,8,3,0,0.5926052927970886
986,3,1,0,0.8641957640647888
987,1,9,0,0.7774878740310669
988,2,7,0,0.4181725084781647
989,0,7,0,0.3210383355617523
990,1,6,0,0.6206876039505005
991,5,6,0,0.8583161234855652
992,8,8,1,0.7801003456115723
993,4,3,0,0.8713719844818115
994,6,1,0,0.4407592713832855
995,3,1,0,0.6759169697761536
996,8,3,0,0.6577180624008179
997,1,1,1,0.9593327045440674
998,3,6,0,0.9867696762084961
999,8,8,1,0.8161705732345581
1000,5,5,1,0.7840783596038818
1001,0,3,0,0.9159020781517029
1002,8,3,0,0.6470232009887695
1003,4,4,1,0.45859867334365845
1004,8,2,0,0.5775519609451294
1005,1,1,1,0.7750070095062256
1006,1,1,1,0.6691308617591858
1007,8,3,0,0.49202674627304077
1008,9,9,1,0.48615461587905884
1009,6,2,0,0.5038601160049438
1010,0,0,1,0.7384293675422668
1011,8,5,0,0.8005551099777222
1012,6,6,1,0.7329137325286865
1013,1,3,0,0.57771897315979
1014,3,9,0,0.6518919467926025
1015,4,6,0,0.8317122459411621
1016,1,9,0,0.6673544645309448
1017,6,6,1,0.9968574643135071
1018,0,5,0,0.6407417058944702
1019,5,2,0,0.5072829127311707
1020,1,1,1,0.942268967628479
1021,1,1,1,0.4248785972595215
1022,0,1,0,0.4711194336414337
1023,0,1,0,0.6285326480865479
1024,3,3,1,0.4875504672527313
1025,5,5,1,0.7862248420715332
1026,0,6,0,0.5530114769935608
1027,0,2,0,0.5761330127716064
1028,6,6,1,0.5439327955245972
1029,6,3,0,0.5773654580116272
1030,3,9,0,0.5010802149772644
1031,3,3,1,0.6245484352111816
1032,6,6,1,0.42634117603302
1033,3,3,1,0.36156973242759705
1034,6,6,1,0.8637685775756836
1035,6,6,1,0.9136448502540588
1036,0,2,0,0.35600852966308594
1037,7,1,0,0.6107400059700012
1038,2,3,0,0.6318796277046204
1039,2,6,0,0.8682073950767517
1040,7,6,0,0.9541491866111755
1041,5,2,0,0.49069270491600037
1042,5,1,0,0.6785246133804321
1043,2,9,0,0.7597755193710327
1044,8,1,0,0.4660647511482239
1045,5,6,0,0.6384538412094116
1046,2,2,1,0.6171209812164307
1047,1,2,0,0.4915674924850464
1048,1,1,1,0.7383135557174683
1049,4,3,0,0.6606571674346924
1050,3,7,0,0.4605807960033417
1051,2,9,0,0.556955873966217
1052,0,0,1,0.6872286796569824
1053,3,3,1,0.5936307311058044
1054,1,9,0,0.33310237526893616
1055,5,5,1,0.853602409362793
1056,3,1,0,0.730273962020874
1057,7,1,0,0.6796239018440247
1058,6,6,1,0.5891838669776917
1059,8,2,0,0.43113839626312256
1060,9,1,0,0.5940783023834229
1061,1,3,0,0.6472203731536865
1062,6,3,0,0.6078283786773682
1063,4,2,0,0.4687766134738922
1064,9,1,0,0.8150644898414612
1065,3,6,0,0.6410751938819885
1066,9,6,0,0.6347820162773132
1067,0,3,0,0.6120981574058533
1068,9,3,0,0.3656389117240906
1069,6,6,1,0.9907347559928894
1070,3,3,1,0.5879995226860046
1071,6,9,0,0.670163631439209
1072,0,9,0,0.5300509333610535
1073,7,3,0,0.7406826615333557
1074,3,6,0,0.647266685962677
1075,8,3,0,0.5451189279556274
1076,0,2,0,0.4492229223251343
1077,0,5,0,0.6134971976280212
1078,0,6,0,0.4538630545139313
1079,6,2,0,0.46717551350593567
1080,6,5,0,0.491568386554718
1081,6,6,1,0.9525287747383118
1082,9,9,1,0.8225789070129395
1083,2,3,0,0.5893678069114685
1084,5,8,0,0.602065920829773
1085,4,9,0,0.649406909942627
1086,4,4,1,0.3040107190608978
1087,6,1,0,0.7053908109664917
1088,3,0,0,0.402583509683609
1089,6,3,0,0.6534485816955566
1090,0,5,0,0.6363403797149658
1091,8,2,0,0.7062068581581116
1092,6,3,0,0.7648572325706482
1093,0,5,0,0.5784353017807007
1094,6,6,1,0.5200830101966858
1095,2,6,0,0.8912765383720398
1096,7,7,1,0.7153741121292114
1097,5,1,0,0.5516205430030823
1098,1,9,0,0.6874375343322754
1099,2,4,0,0.5669155716896057
1100,7,8,0,0.7055556774139404
1101,8,6,0,0.8340185284614563
1102,8,9,0,0.4868687093257904
1103,0,1,0,0.4023979604244232
1104,9,1,0,0.7329431176185608
1105,4,8,0,0.5209825038909912
1106,9,9,1,0.7721157073974609
1107,7,7,1,0.5870828628540039
1108,2,2,1,0.542043149471283
1109,0,1,0,0.6227724552154541
1110,2,6,0,0.8410353660583496
1111,8,3,0,0.5243900418281555
1112,3,1,0,0.5784355401992798
1113,8,0,0,0.5223212838172913
1114,9,6,0,0.5267560482025146
1115,1,9,0,0.590394914150238
1116,5,1,0,0.35077714920043945
1117,5,1,0,0.8791487216949463
1118,4,9,0,0.4760144352912903
1119,7,6,0,0.8069611191749573
1120,5,3,0,0.6436754465103149
1121,3,9,0,0.619512140750885
1122,8,6,0,0.3132118284702301
1123,3,3,1,0.7137337923049927
1124,3,3,1,0.8185507655143738
1125,6,2,0,0.6145699620246887
1126,2,5,0,0.6276365518569946
1127,8,5,0,0.6313782930374146
1128,4,2,0,0.553162693977356
1129,3,9,0,0.47666388750076294
1130,7,1,0,0.4756329357624054
1131,1,1,1,0.6721874475479126
1132,2,7,0,0.38833075761795044
1133,4,3,0,0.6362406611442566
1134,1,1,1,0.6057965755462646
1135,6,5,0,0.6813310384750366
1136,9,3,0,0.5676806569099426
1137,0,5,0,0.682927668094635
1138,5,6,0,0.6764652729034424
1139,8,1,0,0.6581040620803833
1140,6,6,1,0.3689424991607666
1141,1,1,1,0.7550662159919739
1142,8,9,0,0.8545827865600586
1143,6,3,0,0.5916532874107361
1144,1,2,0,0.6756985187530518
1145,4,6,0,0.6934241056442261
1146,2,3,0,0.5979786515235901
1147,6,3,0,0.5235326886177063
1148,2,4,0,0.4559180438518524
1149,7,9,0,0.50074702501297
1150,2,5,0,0.65756756067276
1151,2,6,0,0.8381744623184204
1152,0,3,0,0.5834564566612244
1153,8,1,0,0.7265450358390808
1154,6,9,0,0.5233913064002991
1155,9,3,0,0.605934739112854
1156,1,3,0,0.7291550040245056
1157,7,3,0,0.5669932961463928
1158,1,3,0,0.47462183237075806
1159,8,5,0,0.6068990230560303
1160,8,8,1,0.4808602035045624
1161,0,5,0,0.4433387815952301
1162,7,6,0,0.5678308606147766
1163,3,3,1,0.5513111352920532
1164,8,3,0,0.446548730134964
1165,0,1,0,0.5104290246963501
1166,3,6,0,0.777701199054718
1167,4,2,0,0.542428731918335
1168,3,2,0,0.4961698055267334
1169,7,5,0,0.4789000153541565
1170,7,5,0,0.6567744016647339
1171,9,9,1,0.5166136622428894
1172,2,1,0,0.43279311060905457
1173,3,6,0,0.8223596811294556
1174,1,2,0,0.4773290157318115
1175,9,1,0,0.6629557609558105
1176,1,9,0,0.6655654311180115
1177,9,9,1,0.5252956748008728
1178,6,2,0,0.9004830718040466
1179,3,3,1,0.8108429312705994
1180,3,3,1,0.6966188549995422
1181,3,3,1,0.7939824461936951
1182,1,5,0,0.6059277653694153
1183,0,3,0,0.5192677974700928
1184,6,2,0,0.48137998580932617
1185,1,1,1,0.6227476596832275
1186,4,2,0,0.7254683971405029
1187,1,1,1,0.7805941104888916
1188,0,5,0,0.3892216980457306
1189,0,6,0,0.39981162548065186
1190,1,1,1,0.8424217700958252
1191,1,1,1,0.4141210913658142
1192,6,3,0,0.6115909814834595
1193,5,3,0,0.6913004517555237
1194,4,6,0,0.44661977887153625
1195,6,3,0,0.33524394035339355
1196,2,3,0,0.6788020133972168
1197,0,5,0,0.6072909832000732
1198,7,2,0,0.6275655627250671
1199,9,1,0,0.5320373177528381
1200,8,3,0,0.4047270715236664
1201,7,0,0,0.48669058084487915
1202,2,2,1,0.47627612948417664
1203,0,2,0,0.6487979292869568
1204,6,6,1,0.7674092650413513
1205,8,8,1,0.8158357739448547
1206,1,3,0,0.6280757784843445
1207,4,0,0,0.3922916650772095
1208,3,0,0,0.5492169857025146
1209,7,2,0,0.6143631935119629
1210,0,1,0,0.6467350721359253
1211,6,2,0,0.5550282597541809
1212,1,1,1,0.6557604074478149
1213,8,8,1,0.7096574902534485
1214,5,5,1,0.8129473924636841
1215,7,5,0,0.6145552396774292
1216,8,6,0,0.4985484182834625
1217,4,5,0,0.6984908580780029
1218,8,5,0,0.6257157325744629
1219,3,6,0,0.40907520055770874
1220,9,1,0,0.4766053259372711
1221,9,6,0,0.5122529864311218
1222,9,6,0,0.9027017951011658
1223,8,2,0,0.6894763708114624
1224,7,6,0,0.7092519998550415
1225,6,6,1,0.9282143712043762
1226,6,3,0,0.6334422826766968
1227,3,5,0,0.799872636795044
1228,5,2,0,0.508895218372345
1229,1,1,1,0.74263995885849
1230,5,0,0,0.44091349840164185
1231,9,1,0,0.4958362281322479
1232,1,1,1,0.9245350956916809
1233,4,4,1,0.37272313237190247
1234,1,9,0,0.6063250303268433
1235,5,2,0,0.7069498300552368
1236,7,3,0,0.6283165216445923
1237,0,8,0,0.6923792362213135
1238,1,3,0,0.5653531551361084
1239,5,5,1,0.6161130666732788
1240,2,3,0,0.6895632147789001
1241,0,9,0,0.5403677821159363
1242,8,8,1,0.4878639578819275
1243,8,2,0,0.5472947955131531
1244,5,9,0,0.4826071262359619
1245,6,6,1,0.776078462600708
1246,7,5,0,0.4750482738018036
1247,3,9,0,0.6287426948547363
1248,2,1,0,0.7478603720664978
1249,4,9,0,0.69536954164505
1250,7,1,0,0.6155533194541931
1251,2,1,0,0.6720671653747559
1252,5,1,0,0.9240614175796509
1253,8,2,0,0.4686691462993622
1254,2,2,1,0.3717496693134308
1255,4,1,0,0.9728078842163086
1256,9,3,0,0.5694604516029358
1257,2,3,0,0.6698983311653137
1258,1,6,0,0.8724997639656067
1259,8,3,0,0.49055543541908264
1260,1,9,0,0.5662395358085632
1261,9,3,0,0.6508702039718628
1262,8,3,0,0.4205971956253052
1263,8,8,1,0.6655191779136658
1264,8,9,0,0.5329969525337219
1265,9,6,0,0.5896046161651611
1266,0,2,0,0.5850415229797363
1267,4,2,0,0.9295352101325989
1268,3,1,0,0.7288316488265991
1269,3,3,1,0.7418621778488159
1270,1,1,1,0.5045308470726013
1271,8,0,0,0.4730195701122284
1272,4,3,0,0.40582573413848877
1273,6,9,0,0.44071879982948303
1274,3,3,1,0.8718724846839905
1275,3,6,0,0.49839919805526733
1276,5,1,0,0.8507496118545532
1277,2,6,0,0.6155723929405212
1278,2,9,0,0.5875529050827026
1279,8,1,0,0.4732418954372406
1280,3,3,1,0.5678558945655823
1281,8,6,0,0.9360789060592651
1282,9,9,1,0.7530302405357361
1283,5,8,0,0.857943594455719
1284,8,6,0,0.8264546394348145
1285,9,5,0,0.6708256602287292
1286,8,6,0,0.575859785079956
1287,9,1,0,0.9519901871681213
1288,1,1,1,0.8688694834709167
1289,6,6,1,0.4126705229282379
1290,5,1,0,0.6710440516471863
1291,9,9,1,0.7582905292510986
1292,4,6,0,0.49110639095306396
1293,4,3,0,0.5166956782341003
1294,8,3,0,0.5794427990913391
1295,0,3,0,0.4746316373348236
1296,7,1,0,0.5526658892631531
1297,2,3,0,0.5280229449272156
1298,9,1,0,0.5437050461769104
1299,7,9,0,0.814503014087677
1300,4,2,0,0.6316844820976257
1301,1,1,1,0.9837395548820496
1302,6,3,0,0.5183477997779846
1303,4,4,1,0.693318784236908
1304,4,3,0,0.6210985779762268
1305,9,2,0,0.2520560026168823
1306,1,6,0,0.395192950963974
1307,2,5,0,0.2668779790401459
1308,5,9,0,0.44696706533432007
1309,6,3,0,0.7785420417785645
1310,0,3,0,0.41064774990081787
1311,8,3,0,0.4343552589416504
1312,6,6,1,0.8710945248603821
1313,1,1,1,0.4161272346973419
1314,9,9,1,0.7836852669715881
1315,4,9,0,0.41558730602264404
1316,5,3,0,0.8402634263038635
1317,9,1,0,0.8413928747177124
1318,5,5,1,0.5908176302909851
1319,0,3,0,0.6807089447975159
1320,7,1,0,0.959696888923645
1321,2,3,0,0.34696659445762634
1322,0,9,0,0.831831157207489
1323,0,2,0,0.3901512920856476
1324,4,1,0,0.4410882890224457
1325,2,2,1,0.5732523798942566
1326,6,3,0,0.7094159722328186
1327,6,0,0,0.6093670725822449
1328,5,1,0,0.4475434422492981
1329,5,6,0,0.4687252342700958
1330,2,9,0,0.37290239334106445
1331,8,2,0,0.5258262753486633
1332,1,1,1,0.8751413226127625
1333,7,9,0,0.3881974220275879
1334,3,2,0,0.4811955988407135
1335,1,3,0,0.43787145614624023
1336,4,6,0,0.36515453457832336
1337,5,5,1,0.7083813548088074
1338,6,6,1,0.9415011405944824
1339,5,2,0,0.6640115976333618
1340,1,9,0,0.5974512696266174
1341,4,6,0,0.7482094168663025
1342,7,1,0,0.8984445333480835
1343,0,5,0,0.6005755662918091
1344,9,9,1,0.7787862420082092
1345,4,3,0,0.4286889135837555
1346,3,1,0,0.4132862091064453
1347,8,1,0,0.9034725427627563
1348,2,3,0,0.8418302536010742
1349,8,9,0,0.8136973977088928
1350,4,9,0,0.5181796550750732
1351,7,9,0,0.6517764329910278
1352,2,2,1,0.5797469019889832
1353,3,6,0,0.5782154202461243
1354,1,2,0,0.5022363662719727
1355,5,3,0,0.7271828651428223
1356,2,5,0,0.3713265061378479
1357,9,9,1,0.7006141543388367
1358,8,3,0,0.5795522928237915
1359,9,5,0,0.7269846200942993
1360,7,2,0,0.4363967180252075
1361,9,1,0,0.6289957165718079
1362,5,5,1,0.8252571225166321
1363,1,5,0,0.6452507376670837
1364,4,6,0,0.2718631327152252
1365,0,2,0,0.7412893176078796
1366,8,5,0,0.716572642326355
1367,2,6,0,0.6238223314285278
1368,3,3,1,0.5018213987350464
1369,8,9,0,0.6944556832313538
1370,9,9,1,0.557122528553009
1371,1,3,0,0.6938796639442444
1372,1,1,1,0.7938382625579834
1373,3,3,1,0.6968202590942383
1374,2,9,0,0.4857882261276245
1375,4,3,0,0.4849020540714264
1376,9,1,0,0.4835946559906006
1377,3,6,0,0.5600611567497253
1378,1,5,0,0.59931480884552
1379,7,9,0,0.661664605140686
1380,4,8,0,0.4242532551288605
1381,6,6,1,0.7313910126686096
1382,2,3,0,0.5575096011161804
1383,8,4,0,0.4295768141746521
1384,9,9,1,0.613848090171814
1385,5,9,0,0.34791088104248047
1386,3,3,1,0.38437649607658386
1387,9,2,0,0.5461510419845581
1388,5,5,1,0.6377454996109009
1389,5,6,0,0.7656025290489197
1390,6,6,1,0.9582156538963318
1391,7,6,0,0.47162315249443054
1392,2,1,0,0.860729455947876
1393,4,3,0,0.509209394454956
1394,6,3,0,0.6093020439147949
1395,3,6,0,0.9581423401832581
1396,1,1,1,0.42316147685050964
1397,0,0,1,0.5106815099716187
1398,7,9,0,0.5767568349838257
1399,2,2,1,0.59375
1400,5,5,1,0.8392355442047119
1401,4,3,0,0.36108434200286865
1402,7,7,1,0.5937883257865906
1403,6,3,0,0.747907280921936
1404,1,1,1,0.8797510266304016
1405,1,9,0,0.5472267270088196
1406,9,1,0,0.6176921725273132
1407,8,9,0,0.6190175414085388
1408,1,1,1,0.9752501249313354
1409,0,3,0,0.5593797564506531
1410,1,5,0,0.7468823194503784
1411,3,9,0,0.6457779407501221
1412,1,1,1,0.9687540531158447
1413,1,3,0,0.4819357991218567
1414,1,1,1,0.676673412322998
1415,7,3,0,0.5079227089881897
1416,3,3,1,0.5697337985038757
1417,9,9,1,0.7225572466850281
1418,6,6,1,0.6938137412071228
1419,8,3,0,0.3275779187679291
1420,4,2,0,0.535121738910675
1421,6,6,1,0.8383257389068604
1422,8,5,0,0.28719446063041687
1423,4,3,0,0.40541958808898926
1424,9,1,0,0.7483175992965698
1425,4,3,0,0.7551456093788147
1426,7,1,0,0.5353277325630188
1427,9,9,1,0.5156088471412659
1428,7,5,0,0.6902828216552734
1429,6,6,1,0.7895894646644592
1430,8,8,1,0.6456423997879028
1431,4,6,0,0.5846462249755859
1432,9,3,0,0.7084169387817383
1433,7,3,0,0.3644169569015503
1434,0,2,0,0.5922024846076965
1435,1,9,0,0.6338584423065186
1436,6,6,1,0.8665865659713745
1437,1,1,1,0.6726233959197998
1438,5,6,0,0.5935238599777222
1439,9,1,0,0.42650654911994934
1440,0,3,0,0.5087108612060547
1441,4,4,1,0.4617287218570709
1442,3,3,1,0.8077009320259094
1443,4,6,0,0.5070745944976807
1444,1,3,0,0.4951470196247101
1445,3,8,0,0.8794642686843872
1446,0,3,0,0.42852163314819336
1447,8,0,0,0.45945072174072266
1448,4,3,0,0.6525888442993164
1449,6,6,1,0.7892032861709595
1450,2,2,1,0.325232595205307
1451,2,9,0,0.4063585102558136
1452,6,6,1,0.6764503121376038
1453,5,1,0,0.3457573652267456
1454,3,2,0,0.5786358118057251
1455,6,9,0,0.45273998379707336
1456,2,6,0,0.5272427201271057
1457,1,2,0,0.733457088470459
1458,1,2,0,0.5076005458831787
1459,8,3,0,0.5251295566558838
1460,6,6,1,0.7005107998847961
1461,0,0,1,0.7358883619308472
1462,4,1,0,0.4828202426433563
1463,0,5,0,0.5495322942733765
1464,1,9,0,0.7259424924850464
1465,9,5,0,0.7036608457565308
1466,7,6,0,0.595018744468689
1467,1,1,1,0.9491035342216492
1468,3,1,0,0.48512881994247437
1469,7,3,0,0.8076587915420532
1470,7,3,0,0.5381610989570618
1471,8,3,0,0.8147048950195312
1472,7,2,0,0.39559194445610046
1473,7,6,0,0.43388503789901733
1474,3,6,0,0.7015669345855713
1475,9,9,1,0.836175262928009
1476,7,6,0,0.7210757732391357
1477,7,3,0,0.7346025705337524
1478,7,3,0,0.49440550804138184
1479,2,9,0,0.5591689348220825
1480,1,9,0,0.661715030670166
1481,2,6,0,0.5173454284667969
1482,8,9,0,0.5847014784812927
1483,6,1,0,0.8118991255760193
1484,4,6,0,0.685323178768158
1485,0,3,0,0.41964811086654663
1486,7,6,0,0.7313066124916077
1487,9,9,1,0.6762866973876953
1488,8,0,0,0.8490884304046631
1489,6,8,0,0.5541315674781799
1490,8,9,0,0.5138034224510193
1491,4,6,0,0.8260776400566101
1492,9,2,0,0.3846621811389923
1493,1,5,0,0.3634025752544403
1494,7,9,0,0.6203616261482239
1495,2,5,0,0.5704725980758667
1496,2,6,0,0.6674619317054749
1497,8,5,0,0.6420493721961975
1498,5,3,0,0.6441054344177246
1499,8,8,1,0.7011698484420776
1500,1,1,1,0.5689076781272888
1501,2,3,0,0.3783487379550934
1502,2,4,0,0.5981541275978088
1503,4,5,0,0.4405044615268707
1504,1,3,0,0.47838762402534485
1505,2,6,0,0.5147285461425781
1506,5,6,0,0.8257440328598022
1507,2,9,0,0.9449768662452698
1508,8,1,0,0.6209776401519775
1509,1,6,0,0.8786865472793579
1510,8,3,0,0.6822018027305603
1511,1,5,0,0.5338033437728882
1512,8,8,1,0.8785365223884583
1513,6,6,1,0.8480068445205688
1514,0,3,0,0.8370703458786011
1515,2,6,0,0.6058536767959595
1516,4,2,0,0.4832005798816681
1517,1,1,1,0.5923942923545837
1518,3,2,0,0.5103809237480164
1519,6,2,0,0.4827860891819
1520,7,3,0,0.41636359691619873
1521,7,2,0,0.5741299390792847
1522,4,6,0,0.4340331256389618
1523,4,9,0,0.704139232635498
1524,3,1,0,0.6814782023429871
1525,3,3,1,0.3639364242553711
1526,4,1,0,0.422673761844635
1527,5,2,0,0.3602285385131836
1528,2,3,0,0.5320112705230713
1529,4,6,0,0.5042451024055481
1530,3,1,0,0.7491223216056824
1531,7,6,0,0.39441174268722534
1532,8,8,1,0.5644464492797852
1533,4,1,0,0.7682159543037415
1534,4,3,0,0.4552976191043854
1535,4,3,0,0.5113856792449951
1536,5,1,0,0.6006865501403809
1537,4,6,0,0.8476315140724182
1538,3,3,1,0.651451051235199
1539,2,7,0,0.6835697293281555
1540,8,2,0,0.6272997260093689
1541,4,6,0,0.8993513584136963
1542,5,5,1,0.594477117061615
1543,5,6,0,0.391715407371521
1544,4,6,0,0.5991472601890564
1545,1,9,0,0.9032208919525146
1546,4,1,0,0.750840425491333
1547,2,6,0,0.7024485468864441
1548,5,9,0,0.32941362261772156
1549,1,3,0,0.4593389332294464
1550,6,6,1,0.8310371041297913
1551,4,2,0,0.5739805102348328
1552,3,5,0,0.6130576729774475
1553,4,2,0,0.5497156977653503
1554,4,6,0,0.953877866268158
1555,0,0,1,0.5973297357559204
1556,8,2,0,0.41071590781211853
1557,8,9,0,0.4791688919067383
1558,4,6,0,0.8944568634033203
1559,5,3,0,0.7748265266418457
1560,7,2,0,0.5674507021903992
1561,5,6,0,0.669012188911438
1562,6,6,1,0.959306001663208
1563,9,3,0,0.6132066249847412
1564,1,1,1,0.5214353799819946
1565,6,2,0,0.6978291273117065
1566,7,1,0,0.8642428517341614
1567,2,3,0,0.7824690937995911
1568,0,1,0,0.8075528740882874
1569,1,1,1,0.5825248956680298
1570,4,5,0,0.303640753030777
1571,5,2,0,0.6409875750541687
1572,6,3,0,0.7105492353439331
1573,0,1,0,0.5408099889755249
1574,0,5,0,0.4447691738605499
1575,2,2,1,0.47229310870170593
1576,7,3,0,0.577693521976471
1577,5,6,0,0.7147937417030334
1578,6,3,0,0.6063629388809204
1579,0,9,0,0.47704243659973145
1580,6,1,0,0.7886555790901184
1581,2,5,0,0.4369692802429199
1582,9,5,0,0.40875765681266785
1583,1,1,1,0.48094141483306885
1584,7,3,0,0.4602434039115906
1585,7,7,1,0.7699657678604126
1586,5,5,1,0.647695779800415
1587,2,0,0,0.703742504119873
1588,5,9,0,0.5457257032394409
1589,6,6,1,0.7216668725013733
1590,4,3,0,0.6396086812019348
1591,1,1,1,0.7131458520889282
1592,4,2,0,0.41622117161750793
1593,3,3,1,0.6063361763954163
1594,3,3,1,0.42492911219596863
1595,3,1,0,0.8258682489395142
1596,0,1,0,0.5139172673225403
1597,3,3,1,0.80482417345047
1598,5,3,0,0.6196351051330566
1599,5,1,0,0.5943208336830139
1600,8,9,0,0.6709462404251099
1601,9,3,0,0.5030063390731812
1602,7,9,0,0.6022219657897949
1603,3,3,1,0.8605242371559143
1604,1,1,1,0.6840566992759705
1605,3,3,1,0.42129191756248474
1606,3,3,1,0.49310189485549927
1607,3,2,0,0.43482705950737
1608,4,3,0,0.5016844272613525
1609,4,3,0,0.28182515501976013
1610,2,5,0,0.3874819576740265
1611,3,6,0,0.7015340328216553
1612,3,2,0,0.548585832118988
1613,8,1,0,0.85981285572052
1614,1,1,1,0.5719437599182129
1615,7,9,0,0.6105507612228394
1616,7,6,0,0.8119322061538696
1617,0,9,0,0.5948663353919983
1618,7,1,0,0.6179437041282654
1619,4,3,0,0.6824767589569092
1620,5,9,0,0.45427772402763367
1621,1,5,0,0.628323495388031
1622,4,3,0,0.3707658350467682
1623,2,2,1,0.376115083694458
1624,4,3,0,0.70917147397995
1625,3,6,0,0.8521471619606018
1626,9,5,0,0.5358344316482544
1627,9,9,1,0.8083400130271912
1628,4,2,0,0.6546868085861206
1629,9,8,0,0.41326525807380676
1630,9,6,0,0.5519516468048096
1631,1,9,0,0.7479655742645264
1632,8,5,0,0.5851088762283325
1633,1,3,0,0.7244206666946411
1634,6,5,0,0.6285294890403748
1635,7,5,0,0.5709547996520996
1636,5,1,0,0.753760576248169
1637,5,6,0,0.4102005660533905
1638,4,6,0,0.46829912066459656
1639,9,9,1,0.3992334306240082
1640,7,1,0,0.8770684003829956
1641,6,1,0,0.9117791056632996
1642,5,2,0,0.8587221503257751
1643,9,6,0,0.7631469368934631
1644,2,6,0,0.911099374294281
1645,4,7,0,0.4944435954093933
1646,0,6,0,0.6401897668838501
1647,7,2,0,0.3052336573600769
1648,8,5,0,0.5243235230445862
1649,5,6,0,0.7034805417060852
1650,5,5,1,0.9608302712440491
1651,0,8,0,0.5973906517028809
1652,0,1,0,0.56361323595047
1653,9,1,0,0.44566473364830017
1654,9,3,0,0.5257296562194824
1655,8,1,0,0.5354012250900269
1656,2,9,0,0.6548224687576294
1657,5,3,0,0.7076335549354553
1658,4,3,0,0.7365087270736694
1659,8,3,0,0.6705119013786316
1660,3,6,0,0.653572142124176
1661,6,6,1,0.9521452188491821
1662,3,1,0,0.4269777834415436
1663,6,6,1,0.9996991157531738
1664,0,9,0,0.44742706418037415
1665,6,6,1,0.9549545049667358
1666,6,6,1,0.7857327461242676
1667,6,6,1,0.8849141597747803
1668,9,3,0,0.4710558354854584
1669,6,3,0,0.5850138664245605
1670,6,2,0,0.42009228467941284
1671,8,3,0,0.38271695375442505
1672,6,1,0,0.5653473138809204
1673,2,2,1,0.46626338362693787
1674,4,2,0,0.6131806969642639
1675,5,6,0,0.5203465223312378
1676,8,2,0,0.3387390375137329
1677,1,1,1,0.704414963722229
1678,2,3,0,0.6006730794906616
1679,7,2,0,0.6637842655181885
1680,6,2,0,0.5552766919136047
1681,5,3,0,0.4709434509277344
1682,7,2,0,0.5769038796424866
1683,8,2,0,0.43976983428001404
1684,1,9,0,0.5483461618423462
1685,8,9,0,0.4892168939113617
1686,0,1,0,0.27739548683166504
1687,8,3,0,0.6812946200370789
1688,6,9,0,0.5630268454551697
1689,9,3,0,0.7271337509155273
1690,2,9,0,0.5227550268173218
1691,8,1,0,0.6794847249984741
1692,9,1,0,0.713778018951416
1693,4,3,0,0.6840361952781677
1694,0,5,0,0.6450568437576294
1695,9,6,0,0.6451849341392517
1696,4,3,0,0.4557152986526489
1697,9,9,1,0.9258469343185425
1698,5,3,0,0.5122187733650208
1699,7,4,0,0.3962823748588562
1700,5,5,1,0.7678794264793396
1701,5,6,0,0.5579931735992432
1702,9,6,0,0.6056668162345886
1703,5,2,0,0.42938005924224854
1704,3,3,1,0.41541141271591187
1705,0,2,0,0.6244040131568909
1706,1,9,0,0.7880252599716187
1707,9,9,1,0.5885428190231323
1708,7,1,0,0.5250530242919922
1709,2,6,0,0.8041332364082336
1710,4,2,0,0.46646371483802795
1711,1,1,1,0.7100334763526917
1712,0,3,0,0.5510868430137634
1713,8,9,0,0.7387060523033142
1714,0,1,0,0.37956324219703674
1715,3,3,1,0.4859950542449951
1716,1,1,1,0.3841387629508972
1717,7,1,0,0.6041973233222961
1718,0,6,0,0.37263983488082886
1719,0,9,0,0.5553320050239563
1720,4,2,0,0.6102126836776733
1721,8,3,0,0.8076574206352234
1722,6,1,0,0.5348034501075745
1723,2,2,1,0.6587646007537842
1724,4,3,0,0.5194127559661865
1725,0,5,0,0.6104238033294678
1726,0,2,0,0.37853172421455383
1727,9,9,1,0.819701075553894
1728,0,5,0,0.5816913843154907
1729,8,9,0,0.666528582572937
1730,4,2,0,0.5847187638282776
1731,5,6,0,0.5482695698738098
1732,9,3,0,0.5268203616142273
1733,3,3,1,0.8661128282546997
1734,9,6,0,0.7314628958702087
1735,0,0,1,0.4173283278942108
1736,5,9,0,0.822323739528656
1737,6,9,0,0.8022554516792297
1738,5,5,1,0.7676783800125122
1739,0,2,0,0.588481605052948
1740,1,2,0,0.44185763597488403
1741,4,1,0,0.41536813974380493
1742,8,8,1,0.6082913875579834
1743,1,1,1,0.45060738921165466
1744,0,5,0,0.634783923625946
1745,5,9,0,0.552699625492096
1746,2,2,1,0.4781964123249054
1747,1,9,0,0.45119044184684753
1748,0,1,0,0.8323304057121277
1749,2,1,0,0.6062483191490173
1750,8,5,0,0.7677567005157471
1751,1,9,0,0.5222188234329224
1752,5,5,1,0.812404215335846
1753,6,6,1,0.9112175703048706
1754,7,7,1,0.8902526497840881
1755,7,3,0,0.3622746467590332
1756,2,2,1,0.5367465615272522
1757,6,2,0,0.5185410976409912
1758,2,9,0,0.8164467215538025
1759,5,3,0,0.46917974948883057
1760,0,3,0,0.6032078862190247
1761,1,8,0,0.905491054058075
1762,4,2,0,0.7323355078697205
1763,2,9,0,0.5968706607818604
1764,5,9,0,0.6068029999732971
1765,4,3,0,0.24228814244270325
1766,6,6,1,0.8644657135009766
1767,2,3,0,0.6080918908119202
1768,2,3,0,0.6108576655387878
1769,1,1,1,0.8685717582702637
1770,7,1,0,0.7784079313278198
1771,2,6,0,0.6088776588439941
1772,8,9,0,0.5948032140731812
1773,5,6,0,0.6988386511802673
1774,5,6,0,0.6221262812614441
1775,3,1,0,0.7413736581802368
1776,0,0,1,0.7420714497566223
1777,4,2,0,0.5595178604125977
1778,8,3,0,0.5645287036895752
1779,3,4,0,0.3914550840854645
1780,7,7,1,0.5299494862556458
1781,6,2,0,0.40632128715515137
1782,3,3,1,0.5154141783714294
1783,8,9,0,0.5178627967834473
1784,1,1,1,0.4735378623008728
1785,0,0,1,0.7290147542953491
1786,1,1,1,0.7407816648483276
1787,3,1,0,0.40532922744750977
1788,3,6,0,0.9080622792243958
1789,0,3,0,0.5803073644638062
1790,7,3,0,0.5069816708564758
1791,4,3,0,0.5226578712463379
1792,9,1,0,0.4980093538761139
1793,5,1,0,0.776210606098175
1794,3,5,0,0.5677494406700134
1795,6,6,1,0.6761573553085327
1796,0,8,0,0.7358377575874329
1797,1,3,0,0.5628694295883179
1798,4,3,0,0.772485613822937
1799,4,5,0,0.36467838287353516
1800,4,6,0,0.4280177056789398
1801,4,3,0,0.4938862919807434
1802,2,3,0,0.7042271494865417
1803,2,3,0,0.6569950580596924
1804,5,1,0,0.4739033281803131
1805,8,1,0,0.6238459944725037
1806,1,6,0,0.8698158264160156
1807,5,5,1,0.6135321855545044
1808,9,6,0,0.8198360204696655
1809,8,3,0,0.30913907289505005
1810,1,1,1,0.525490939617157
1811,1,1,1,0.40272432565689087
1812,5,6,0,0.5827468037605286
1813,3,6,0,0.5642894506454468
1814,9,3,0,0.3461456000804901
1815,9,9,1,0.8152585625648499
1816,7,6,0,0.75218266248703
1817,6,6,1,0.8082132935523987
1818,5,1,0,0.5348411798477173
1819,0,0,1,0.864830732345581
1820,8,6,0,0.6181812882423401
1821,4,3,0,0.561867356300354
1822,7,9,0,0.6418691277503967
1823,0,5,0,0.5550773739814758
1824,9,3,0,0.6899116039276123
1825,2,3,0,0.5524184107780457
1826,8,9,0,0.4088904559612274
1827,4,4,1,0.7676501274108887
1828,7,6,0,0.5930270552635193
1829,1,1,1,0.5022242665290833
1830,3,1,0,0.445848673582077
1831,9,9,1,0.5253669023513794
1832,6,6,1,0.8565968871116638
1833,8,9,0,0.4235929548740387
1834,9,9,1,0.5917432308197021
1835,0,1,0,0.8091254234313965
1836,4,2,0,0.6136723160743713
1837,9,1,0,0.49955886602401733
1838,6,3,0,0.3584497570991516
1839,7,2,0,0.525406002998352
1840,8,9,0,0.4929521679878235
1841,9,2,0,0.6395673751831055
1842,4,3,0,0.5922614336013794
1843,8,0,0,0.6280921697616577
1844,9,9,1,0.6082513928413391
1845,7,5,0,0.6769299507141113
1846,2,2,1,0.6017407774925232
1847,5,1,0,0.6380416750907898
1848,3,3,1,0.846872866153717
1849,7,2,0,0.5816130042076111
1850,1,5,0,0.6617693901062012
1851,0,1,0,0.46721765398979187
1852,2,3,0,0.6639036536216736
1853,9,6,0,0.7821133136749268
1854,5,1,0,0.6884651184082031
1855,5,3,0,0.6636877059936523
1856,8,1,0,0.49678394198417664
1857,5,2,0,0.3922836482524872
1858,4,2,0,0.6258183121681213
1859,2,5,0,0.39375030994415283
1860,8,1,0,0.5240358710289001
1861,3,3,1,0.46431228518486023
1862,5,2,0,0.3628491461277008
1863,5,6,0,0.5568584203720093
1864,7,3,0,0.8508762121200562
1865,7,1,0,0.8485895991325378
1866,8,9,0,0.4363517165184021
1867,6,6,1,0.9715555906295776
1868,2,6,0,0.3441421687602997
1869,8,1,0,0.5519387125968933
1870,2,3,0,0.43628910183906555
1871,3,3,1,0.5076525211334229
1872,5,5,1,0.3665373921394348
1873,6,6,1,0.9375326037406921
1874,8,0,0,0.5484241843223572
1875,0,1,0,0.7423394918441772
1876,2,2,1,0.5285977125167847
1877,3,3,1,0.48348522186279297
1878,7,2,0,0.4031941890716553
1879,0,2,0,0.5740251541137695
1880,1,6,0,0.473945677280426
1881,9,1,0,0.5295360684394836
1882,1,1,1,0.5703837871551514
1883,3,4,0,0.602721095085144
1884,7,6,0,0.4809524118900299
1885,5,3,0,0.5272743701934814
1886,8,5,0,0.47458913922309875
1887,3,1,0,0.8276553750038147
1888,2,5,0,0.475336492061615
1889,9,9,1,0.8174381852149963
1890,6,6,1,0.7582184672355652
1891,8,1,0,0.7347918748855591
1892,6,3,0,0.5673575401306152
1893,9,9,1,0.5543838739395142
1894,3,3,1,0.4560033082962036
1895,8,3,0,0.42390337586402893
1896,9,5,0,0.3932977318763733
1897,8,2,0,0.523495078086853
1898,0,6,0,0.8236391544342041
1899,7,4,0,0.4815913140773773
1900,8,1,0,0.4136010706424713
1901,5,5,1,0.8828710317611694
1902,0,3,0,0.6184786558151245
1903,0,3,0,0.4848604202270508
1904,1,1,1,0.9737092852592468
1905,3,6,0,0.6538861393928528
1906,9,5,0,0.7641013264656067
1907,1,1,1,0.4678773581981659
1908,5,5,1,0.4578448235988617
1909,3,2,0,0.5137226581573486
1910,4,6,0,0.4888698160648346
1911,4,2,0,0.6621564030647278
1912,0,2,0,0.8255559802055359
1913,9,5,0,0.6661521792411804
1914,9,1,0,0.5814998149871826
1915,9,5,0,0.535116970539093
1916,9,5,0,0.44023409485816956
1917,8,1,0,0.6088321208953857
1918,2,6,0,0.9252186417579651
1919,4,2,0,0.3226698338985443
1920,2,3,0,0.8991426825523376
1921,2,2,1,0.6557418704032898
1922,5,2,0,0.3606327474117279
1923,1,9,0,0.4476463198661804
1924,9,6,0,0.8457046151161194
1925,1,3,0,0.5925083756446838
1926,0,2,0,0.8744722008705139
1927,9,6,0,0.3418477475643158
1928,4,4,1,0.43439263105392456
1929,2,4,0,0.635285496711731
1930,1,5,0,0.5121919512748718
1931,6,3,0,0.42714810371398926
1932,0,0,1,0.41174015402793884
1933,3,1,0,0.7042099237442017
1934,7,9,0,0.571647047996521
1935,6,2,0,0.6423225998878479
1936,3,3,1,0.7532058954238892
1937,1,9,0,0.6682759523391724
1938,8,2,0,0.6108413338661194
1939,6,3,0,0.5884554982185364
1940,5,3,0,0.6230817437171936
1941,7,1,0,0.3973180949687958
1942,2,2,1,0.5287118554115295
1943,8,0,0,0.5453213453292847
1944,4,6,0,0.6991224884986877
1945,4,3,0,0.5362575054168701
1946,8,9,0,0.5893534421920776
1947,3,5,0,0.6439713835716248
1948,5,2,0,0.45214948058128357
1949,0,1,0,0.8597374558448792
1950,5,3,0,0.5966470241546631
1951,7,7,1,0.6751987338066101
1952,4,2,0,0.48537832498550415
1953,4,4,1,0.6998921632766724
1954,2,1,0,0.4686172604560852
1955,2,7,0,0.8310902118682861
1956,7,7,1,0.5963602662086487
1957,3,9,0,0.5501061677932739
1958,6,6,1,0.8860365152359009
1959,0,1,0,0.8071990013122559
1960,2,3,0,0.5617666244506836
1961,7,3,0,0.5337173342704773
1962,6,6,1,0.9675137400627136
1963,2,5,0,0.6776964664459229
1964,3,3,1,0.570574164390564
1965,0,3,0,0.6668243408203125
1966,7,7,1,0.8820978403091431
1967,7,6,0,0.6553391814231873
1968,8,1,0,0.72339928150177
1969,1,6,0,0.4543948173522949
1970,1,1,1,0.8090134263038635
1971,4,6,0,0.7841793298721313
1972,6,1,0,0.719394326210022
1973,0,0,1,0.5149828195571899
1974,6,6,1,0.9661222100257874
1975,6,6,1,0.9623011350631714
1976,5,5,1,0.49191421270370483
1977,5,3,0,0.5656251311302185
1978,6,1,0,0.48032188415527344
1979,3,6,0,0.5828810334205627
1980,9,6,0,0.8993028402328491
1981,3,3,1,0.48433181643486023
1982,6,6,1,0.994223952293396
1983,8,9,0,0.4394737482070923
1984,7,2,0,0.4108574688434601
1985,6,9,0,0.5946816205978394
1986,4,6,0,0.4626578092575073
1987,9,9,1,0.45755207538604736
1988,5,3,0,0.5199156403541565
1989,6,6,1,0.9116081595420837
1990,4,5,0,0.629798412322998
1991,1,3,0,0.637829065322876
1992,6,1,0,0.7773082256317139
1993,3,3,1,0.6457754969596863
1994,8,9,0,0.6520302891731262
1995,2,6,0,0.6534223556518555
1996,3,1,0,0.5034404993057251
1997,9,2,0,0.4213806092739105
1998,8,2,0,0.31341999769210815
1999,5,3,0,0.5436791777610779
2000,1,6,0,0.6522517800331116
2001,5,5,1,0.6750054955482483
2002,4,3,0,0.7883442640304565
2003,5,5,1,0.8724306225776672
2004,7,1,0,0.7600920796394348
2005,5,2,0,0.5725956559181213
2006,7,1,0,0.42581966519355774
2007,8,1,0,0.6316008567810059
2008,9,6,0,0.4577449858188629
2009,1,1,1,0.5675539970397949
2010,7,3,0,0.8090327978134155
2011,2,1,0,0.5121195316314697
2012,5,1,0,0.4827558100223541
2013,6,1,0,0.4875641167163849
2014,8,3,0,0.45053574442863464
2015,4,6,0,0.6775078177452087
2016,6,6,1,0.8177982568740845
2017,5,6,0,0.637532651424408
2018,3,6,0,0.8922786712646484
2019,9,6,0,0.8859323263168335
2020,9,1,0,0.5115617513656616
2021,8,8,1,0.9204127192497253
2022,5,3,0,0.41566869616508484
2023,5,3,0,0.5810431241989136
2024,6,6,1,0.6531917452812195
2025,4,5,0,0.43775710463523865
2026,5,2,0,0.5637890696525574
2027,9,6,0,0.8296894431114197
2028,7,6,0,0.5971232652664185
2029,3,6,0,0.8860775828361511
2030,4,6,0,0.9196279048919678
2031,1,5,0,0.7446900010108948
2032,4,3,0,0.5137620568275452
2033,2,2,1,0.4682590365409851
2034,3,1,0,0.656929075717926
2035,6,3,0,0.5346838235855103
2036,5,9,0,0.5187168121337891
2037,5,6,0,0.40233272314071655
2038,2,3,0,0.6853416562080383
2039,8,8,1,0.6042526960372925
2040,0,1,0,0.43215224146842957
2041,0,1,0,0.4404755234718323
2042,1,2,0,0.47022953629493713
2043,8,8,1,0.4207800030708313
2044,3,2,0,0.43922826647758484
2045,1,9,0,0.6672406792640686
2046,3,3,1,0.47955673933029175
2047,5,2,0,0.6687827706336975
2048,8,5,0,0.910909116268158
2049,3,5,0,0.534335196018219
2050,8,9,0,0.6820808053016663
2051,5,3,0,0.9114058017730713
2052,8,6,0,0.9784818291664124
2053,6,6,1,0.9616780281066895
2054,3,8,0,0.8678775429725647
2055,5,2,0,0.5340631604194641
2056,5,7,0,0.4500753581523895
2057,5,5,1,0.5199982523918152
2058,0,2,0,0.38391512632369995
2059,9,4,0,0.5516528487205505
2060,5,1,0,0.8430997729301453
2061,5,6,0,0.7481561303138733
2062,7,4,0,0.7220697999000549
2063,1,6,0,0.6491559147834778
2064,8,8,1,0.45650196075439453
2065,2,3,0,0.65581876039505
2066,2,6,0,0.617283046245575
2067,7,4,0,0.9405199885368347
2068,3,6,0,0.7474140524864197
2069,4,8,0,0.3729173243045807
2070,2,9,0,0.41632509231567383
2071,9,9,1,0.5330906510353088
2072,6,6,1,0.6234586834907532
2073,2,1,0,0.6141051054000854
2074,2,8,0,0.8542366027832031
2075,4,4,1,0.4456835985183716
2076,3,6,0,0.8288095593452454
2077,0,5,0,0.40875884890556335
2078,2,6,0,0.9543224573135376
2079,0,2,0,0.4295392334461212
2080,1,6,0,0.9890534281730652
2081,3,2,0,0.5311900973320007
2082,2,9,0,0.7828060388565063
2083,2,3,0,0.6729523539543152
2084,7,9,0,0.7519009113311768
2085,0,3,0,0.765048086643219
2086,1,3,0,0.5148559212684631
2087,0,3,0,0.6976869702339172
2088,7,9,0,0.4653307795524597
2089,7,8,0,0.49443331360816956
2090,2,9,0,0.8004685044288635
2091,0,2,0,0.41357892751693726
2092,1,3,0,0.7595101594924927
2093,6,6,1,0.9558689594268799
2094,5,6,0,0.47826090455055237
2095,0,1,0,0.40163150429725647
2096,2,1,0,0.6658341884613037
2097,2,6,0,0.7759143710136414
2098,0,8,0,0.3509655296802521
2099,1,1,1,0.7514873147010803
2100,2,6,0,0.8287992477416992
2101,6,6,1,0.9741818308830261
2102,0,6,0,0.4298262596130371
2103,1,1,1,0.6443327069282532
2104,6,6,1,0.6973225474357605
2105,6,6,1,0.556050181388855
2106,5,0,0,0.7023840546607971
2107,3,9,0,0.5659626126289368
2108,4,9,0,0.7089194655418396
2109,0,5,0,0.7847939133644104
2110,0,9,0,0.5469641089439392
2111,9,9,1,0.5182667374610901
2112,1,5,0,0.6059456467628479
2113,0,1,0,0.5508478879928589
2114,2,7,0,0.5601302981376648
2115,5,9,0,0.7077004909515381
2116,9,9,1,0.5902568697929382
2117,7,9,0,0.7753523588180542
2118,8,3,0,0.46157848834991455
2119,6,6,1,0.9276077151298523
2120,4,1,0,0.6572924852371216
2121,6,3,0,0.585658609867096
2122,0,0,1,0.944988489151001
2123,2,3,0,0.44748908281326294
2124,0,5,0,0.3661099970340729
2125,1,1,1,0.9396440386772156
2126,9,9,1,0.7362439632415771
2127,2,3,0,0.6847110390663147
2128,4,6,0,0.9978466033935547
2129,9,9,1,0.8593339920043945
2130,0,0,1,0.734710693359375
2131,7,7,1,0.37619748711586
2132,2,1,0,0.6316367387771606
2133,3,3,1,0.8057665824890137
2134,4,9,0,0.5439047813415527
2135,8,8,1,0.6946457624435425
2136,0,1,0,0.4882417619228363
2137,2,1,0,0.6411898732185364
2138,6,6,1,0.6943821310997009
2139,8,3,0,0.85865718126297
2140,9,1,0,0.7932170629501343
2141,7,1,0,0.4438707232475281
2142,1,2,0,0.5779910087585449
2143,9,1,0,0.5291460752487183
2144,3,3,1,0.586875319480896
2145,7,0,0,0.8273873329162598
2146,2,2,1,0.7912646532058716
2147,7,9,0,0.49647223949432373
2148,9,9,1,0.6753736138343811
2149,6,9,0,0.567028284072876
2150,9,9,1,0.4064689874649048
2151,5,5,1,0.694085419178009
2152,7,0,0,0.5710251927375793
2153,8,8,1,0.6421765685081482
2154,5,3,0,0.5054053664207458
2155,9,5,0,0.4813847541809082
2156,8,3,0,0.41234731674194336
2157,3,1,0,0.3983854651451111
2158,9,5,0,0.5156386494636536
2159,8,6,0,0.7187505960464478
2160,0,5,0,0.40185031294822693
2161,5,1,0,0.5136915445327759
2162,5,5,1,0.648537278175354
2163,7,6,0,0.8891526460647583
2164,1,9,0,0.43703752756118774
2165,2,6,0,0.3830166757106781
2166,0,3,0,0.39836883544921875
2167,7,3,0,0.600226640701294
2168,5,9,0,0.4383332431316376
2169,8,6,0,0.4622170031070709
2170,2,6,0,0.5938249826431274
2171,2,9,0,0.7416604161262512
2172,5,5,1,0.6797292828559875
2173,3,3,1,0.7111337184906006
2174,9,7,0,0.2627020478248596
2175,3,1,0,0.49875324964523315
2176,1,0,0,0.5783354043960571
2177,9,6,0,0.6320899724960327
2178,3,6,0,0.7920351028442383
2179,1,8,0,0.570874035358429
2180,4,2,0,0.6057016849517822
2181,3,3,1,0.6160809993743896
2182,4,5,0,0.7012259364128113
2183,4,3,0,0.5224320888519287
2184,9,1,0,0.7816402912139893
2185,0,3,0,0.5605621337890625
2186,9,5,0,0.7006369829177856
2187,5,6,0,0.5200566053390503
2188,9,3,0,0.5321690440177917
2189,2,0,0,0.3677525818347931
2190,9,9,1,0.9533149600028992
2191,4,2,0,0.5640580654144287
2192,0,5,0,0.7176328897476196
2193,2,3,0,0.7437472939491272
2194,8,3,0,0.46025747060775757
2195,4,5,0,0.6297047138214111
2196,8,8,1,0.38091686367988586
2197,6,9,0,0.736930251121521
2198,8,9,0,0.7119914293289185
2199,2,6,0,0.6858775615692139
2200,0,8,0,0.48820990324020386
2201,5,5,1,0.6703736186027527
2202,9,1,0,0.7858842611312866
2203,6,6,1,0.5100255012512207
2204,9,1,0,0.819452166557312
2205,5,1,0,0.34507158398628235
2206,1,1,1,0.7543100118637085
2207,3,5,0,0.6627153158187866
2208,4,8,0,0.5077188014984131
2209,4,3,0,0.5981768369674683
2210,2,8,0,0.4979405403137207
2211,7,2,0,0.7582350373268127
2212,2,3,0,0.567534327507019
2213,4,9,0,0.8089221715927124
2214,4,4,1,0.5736385583877563
2215,0,3,0,0.4865412712097168
2216,2,3,0,0.47601965069770813
2217,8,3,0,0.6406483054161072
2218,4,4,1,0.9274109601974487
2219,5,9,0,0.6646126508712769
2220,1,5,0,0.5064293742179871
2221,2,6,0,0.7023308873176575
2222,6,6,1,0.44924798607826233
2223,8,0,0,0.5069456696510315
2224,1,9,0,0.7322930097579956
2225,7,7,1,0.457192987203598
2226,2,6,0,0.9213864803314209
2227,8,0,0,0.6528544425964355
2228,7,3,0,0.48096978664398193
2229,4,4,1,0.9637401103973389
2230,3,6,0,0.6855940818786621
2231,3,6,0,0.4663580060005188
2232,0,3,0,0.6783068776130676
2233,3,5,0,0.67842698097229
2234,7,9,0,0.4320002496242523
2235,2,2,1,0.5780179500579834
2236,5,2,0,0.643826961517334
2237,6,6,1,0.8855748176574707
2238,1,6,0,0.7875354886054993
2239,7,1,0,0.49724793434143066
2240,9,1,0,0.7585762143135071
2241,0,1,0,0.6355623602867126
2242,2,6,0,0.5090517997741699
2243,3,1,0,0.4679672122001648
2244,9,2,0,0.478613942861557
2245,8,1,0,0.6241328120231628
2246,9,3,0,0.31581535935401917
2247,5,1,0,0.41020405292510986
2248,0,0,1,0.4490523040294647
2249,0,9,0,0.43378010392189026
2250,7,9,0,0.5805538296699524
2251,6,5,0,0.3528282344341278
2252,3,3,1,0.7769085764884949
2253,3,5,0,0.4601467549800873
2254,8,8,1,0.9824780225753784
2255,1,9,0,0.6073540449142456
2256,4,2,0,0.5000136494636536
2257,0,3,0,0.4069807529449463
2258,1,1,1,0.7602695822715759
2259,5,5,1,0.3998465836048126
2260,4,6,0,0.5130376219749451
2261,3,3,1,0.9301615953445435
2262,2,3,0,0.5635830163955688
2263,6,3,0,0.5205182433128357
2264,0,1,0,0.7053722143173218
2265,8,5,0,0.7221444845199585
2266,8,5,0,0.9090016484260559
2267,6,6,1,0.5933077335357666
2268,3,3,1,0.7731384634971619
2269,3,3,1,0.659931480884552
2270,2,1,0,0.8314789533615112
2271,9,5,0,0.3904414474964142
2272,7,6,0,0.440727174282074
2273,5,0,0,0.8445930480957031
2274,1,1,1,0.8633445501327515
2275,6,6,1,0.7625598907470703
2276,0,3,0,0.4453659951686859
2277,5,3,0,0.9022855162620544
2278,9,9,1,0.5177472829818726
2279,9,1,0,0.6100962162017822
2280,4,3,0,0.621627688407898
2281,5,3,0,0.3879028856754303
2282,9,5,0,0.47023606300354004
2283,4,3,0,0.4906444251537323
2284,8,3,0,0.47167977690696716
2285,3,5,0,0.5917553901672363
2286,3,5,0,0.6752035617828369
2287,2,6,0,0.9664239287376404
2288,5,6,0,0.7105715870857239
2289,1,3,0,0.4540402591228485
2290,9,1,0,0.6709914803504944
2291,5,5,1,0.8021234273910522
2292,5,3,0,0.6396524310112
2293,8,5,0,0.48673734068870544
2294,1,9,0,0.4528999328613281
2295,8,3,0,0.581542432308197
2296,9,1,0,0.9402470588684082
2297,7,6,0,0.6381331086158752
2298,0,5,0,0.5715776085853577
2299,6,3,0,0.731877326965332
2300,3,3,1,0.42337217926979065
2301,2,5,0,0.6113378405570984
2302,0,5,0,0.45329296588897705
2303,2,6,0,0.6440808176994324
2304,6,3,0,0.6172493100166321
2305,9,2,0,0.6573606133460999
2306,3,3,1,0.49351730942726135
2307,9,9,1,0.41378289461135864
2308,1,2,0,0.5954312682151794
2309,6,5,0,0.5922507643699646
2310,6,1,0,0.6554967761039734
2311,7,3,0,0.42136240005493164
2312,2,2,1,0.7682512998580933
2313,6,2,0,0.6884286403656006
2314,3,6,0,0.9353455901145935
2315,2,2,1,0.5637433528900146
2316,5,3,0,0.8082789778709412
2317,5,7,0,0.4429793357849121
2318,2,6,0,0.7327115535736084
2319,7,2,0,0.5436646342277527
2320,5,1,0,0.6916401982307434
2321,2,7,0,0.7417608499526978
2322,0,1,0,0.37727516889572144
2323,8,3,0,0.6044219732284546
2324,0,3,0,0.7225354909896851
2325,7,1,0,0.7978916764259338
2326,7,3,0,0.7056674957275391
2327,1,6,0,0.6854382753372192
2328,7,4,0,0.4022309184074402
2329,4,9,0,0.39548760652542114
2330,0,2,0,0.5430502891540527
2331,2,8,0,0.7977339029312134
2332,2,6,0,0.6940883994102478
2333,6,6,1,0.9156376123428345
2334,1,1,1,0.7194798588752747
2335,5,2,0,0.8063620924949646
2336,9,1,0,0.6592710614204407
2337,7,1,0,0.7546489238739014
2338,6,9,0,0.6714348793029785
2339,2,2,1,0.6707757115364075
2340,7,6,0,0.5369283556938171
2341,0,0,1,0.4244309365749359
2342,5,3,0,0.4473204016685486
2343,6,3,0,0.5527803301811218
2344,0,3,0,0.5863668918609619
2345,1,9,0,0.755439043045044
2346,1,1,1,0.39882680773735046
2347,8,2,0,0.5460589528083801
2348,4,3,0,0.49541017413139343
2349,5,5,1,0.7216924428939819
2350,3,3,1,0.5873974561691284
2351,1,6,0,0.4844781756401062
2352,2,3,0,0.6109466552734375
2353,4,6,0,0.547757625579834
2354,8,8,1,0.5289844870567322
2355,9,6,0,0.9106003642082214
2356,8,0,0,0.5605407357215881
2357,1,3,0,0.4039718806743622
2358,7,1,0,0.9909835457801819
2359,2,3,0,0.7310514450073242
2360,7,1,0,0.6102807521820068
2361,2,0,0,0.396450012922287
2362,3,1,0,0.44453302025794983
2363,2,1,0,0.6142839193344116
2364,6,6,1,0.9197297096252441
2365,7,1,0,0.6541898846626282
2366,9,2,0,0.6457257866859436
2367,4,9,0,0.5898204445838928
2368,0,9,0,0.5853694081306458
2369,1,3,0,0.59099942445755
2370,0,3,0,0.5269719958305359
2371,4,2,0,0.6241515278816223
2372,5,5,1,0.7251245975494385
2373,0,7,0,0.49630892276763916
2374,8,3,0,0.3748748004436493
2375,0,1,0,0.7252147793769836
2376,7,5,0,0.7655954957008362
2377,6,3,0,0.7099266648292542
2378,1,1,1,0.8785473108291626
2379,0,1,0,0.6949265003204346
2380,8,2,0,0.584570586681366
2381,5,9,0,0.6377860903739929
2382,9,1,0,0.8141598105430603
2383,2,2,1,0.8089086413383484
2384,5,1,0,0.6472163796424866
2385,4,1,0,0.5503427386283875
2386,4,6,0,0.6573551893234253
2387,9,1,0,0.9102967977523804
2388,0,9,0,0.597464919090271
2389,6,3,0,0.8115291595458984
2390,1,5,0,0.7694904208183289
2391,2,4,0,0.5537635684013367
2392,5,2,0,0.7044757604598999
2393,1,1,1,0.4491995871067047
2394,6,6,1,0.9919934868812561
2395,7,2,0,0.6506633162498474
2396,1,2,0,0.3173745274543762
2397,5,2,0,0.4973877966403961
2398,8,6,0,0.80645751953125
2399,8,3,0,0.6038272976875305
2400,0,1,0,0.42142918705940247
2401,3,3,1,0.8507011532783508
2402,9,6,0,0.8471879363059998
2403,4,3,0,0.5159643292427063
2404,0,2,0,0.4879218339920044
2405,3,6,0,0.9269858598709106
2406,4,1,0,0.5027837157249451
2407,9,2,0,0.477658212184906
2408,2,3,0,0.5723873376846313
2409,4,6,0,0.482783704996109
2410,3,3,1,0.5616925358772278
2411,0,3,0,0.5522967576980591
2412,6,9,0,0.7674376964569092
2413,4,6,0,0.6709164977073669
2414,5,5,1,0.6938914656639099
2415,6,6,1,0.6687445044517517
2416,6,6,1,0.8088900446891785
2417,7,7,1,0.6804842352867126
2418,8,8,1,0.432248592376709
2419,4,9,0,0.5650519132614136
2420,8,6,0,0.38197097182273865
2421,8,3,0,0.5727285742759705
2422,3,2,0,0.562039852142334
2423,2,2,1,0.7357883453369141
2424,8,9,0,0.6937637329101562
2425,0,9,0,0.4754294753074646
2426,2,2,1,0.5209928750991821
2427,5,3,0,0.8238447308540344
2428,6,3,0,0.531050980091095
2429,8,3,0,0.44800612330436707
2430,7,3,0,0.4479277729988098
2431,8,5,0,0.5480034947395325
2432,9,1,0,0.6505796313285828
2433,9,5,0,0.3178151547908783
2434,0,2,0,0.4363546669483185
2435,6,2,0,0.6228483319282532
2436,6,2,0,0.3336624205112457
2437,8,9,0,0.5786029100418091
2438,1,2,0,0.511660099029541
2439,1,3,0,0.6068094968795776
2440,7,8,0,0.4046013355255127
2441,4,6,0,0.8012570142745972
2442,4,9,0,0.5920108556747437
2443,2,9,0,0.5376649498939514
2444,3,5,0,0.40250542759895325
2445,6,4,0,0.6190004944801331
2446,9,2,0,0.49665263295173645
2447,6,6,1,0.7775723934173584
2448,2,9,0,0.5844581723213196
2449,4,9,0,0.7028847336769104
2450,1,5,0,0.5174322128295898
2451,8,8,1,0.613247275352478
2452,2,1,0,0.35610994696617126
2453,3,6,0,0.8906376361846924
2454,1,9,0,0.7709797024726868
2455,6,3,0,0.2950393259525299
2456,8,1,0,0.6978141665458679
2457,6,6,1,0.9936474561691284
2458,8,8,1,0.7808693647384644
2459,5,1,0,0.5259287357330322
2460,9,9,1,0.4953119456768036
2461,0,8,0,0.8334267735481262
2462,1,1,1,0.9367046356201172
2463,0,1,0,0.7835749983787537
2464,2,3,0,0.38177284598350525
2465,9,1,0,0.6167346239089966
2466,2,6,0,0.766917884349823
2467,9,5,0,0.3837611973285675
2468,0,3,0,0.6771672964096069
2469,9,9,1,0.4325686991214752
2470,7,2,0,0.48335281014442444
2471,8,9,0,0.7631790041923523
2472,5,9,0,0.5414475202560425
2473,0,1,0,0.3955180048942566
2474,6,6,1,0.97684246301651
2475,6,3,0,0.482383668422699
2476,8,8,1,0.77956622838974
2477,1,1,1,0.6008110642433167
2478,6,6,1,0.7064182162284851
2479,5,3,0,0.5465770959854126
2480,8,5,0,0.5409233570098877
2481,7,6,0,0.4622538685798645
2482,9,9,1,0.7205207943916321
2483,2,6,0,0.8144527077674866
2484,1,3,0,0.48286983370780945
2485,6,3,0,0.45133176445961
2486,7,6,0,0.41635385155677795
2487,5,5,1,0.7919924259185791
2488,6,6,1,0.955933153629303
2489,3,3,1,0.411783903837204
2490,0,5,0,0.7188885807991028
2491,9,3,0,0.423082560300827
2492,8,6,0,0.7801832556724548
2493,9,2,0,0.5367253422737122
2494,5,9,0,0.6368891000747681
2495,9,4,0,0.5473276376724243
2496,9,3,0,0.5073769092559814
2497,9,5,0,0.4999663233757019
2498,3,6,0,0.753879725933075
2499,6,1,0,0.3104785978794098
2500,4,6,0,0.9657193422317505
2501,4,1,0,0.7265974283218384
2502,8,9,0,0.48578885197639465
2503,8,9,0,0.5151470899581909
2504,1,1,1,0.8706705570220947
2505,7,9,0,0.6550130248069763
2506,3,2,0,0.5332789421081543
2507,0,9,0,0.458895742893219
2508,6,6,1,0.9737752676010132
2509,2,1,0,0.7231301069259644
2510,4,4,1,0.511429488658905
2511,8,5,0,0.22718635201454163
2512,2,9,0,0.5043178200721741
2513,2,1,0,0.7983462810516357
2514,9,3,0,0.8014878630638123
2515,2,4,0,0.5679882764816284
2516,2,3,0,0.4842073619365692
2517,9,1,0,0.9112997651100159
2518,7,5,0,0.3353036046028137
2519,4,3,0,0.6180602312088013
2520,1,1,1,0.3883962631225586
2521,9,2,0,0.6941671967506409
2522,1,8,0,0.5985448956489563
2523,4,3,0,0.28594860434532166
2524,3,3,1,0.6016674637794495
2525,5,2,0,0.4227077066898346
2526,3,3,1,0.4637250602245331
2527,8,2,0,0.3363456726074219
2528,9,9,1,0.7453093528747559
2529,3,3,1,0.5809999704360962
2530,6,3,0,0.6426331400871277
2531,2,3,0,0.4971127510070801
2532,0,2,0,0.4153899848461151
2533,8,1,0,0.42213237285614014
2534,9,9,1,0.46939095854759216
2535,0,6,0,0.9011560082435608
2536,5,2,0,0.5191801190376282
2537,1,1,1,0.8639768958091736
2538,5,6,0,0.6029196977615356
2539,8,3,0,0.47271156311035156
2540,2,8,0,0.5067597031593323
2541,1,9,0,0.7175198197364807
2542,2,3,0,0.9003406167030334
2543,3,9,0,0.5874889492988586
2544,2,3,0,0.48861026763916016
2545,4,6,0,0.595037579536438
2546,8,9,0,0.6937411427497864
2547,4,3,0,0.5194149613380432
2548,0,9,0,0.5135597586631775
2549,6,2,0,0.6077448725700378
2550,4,2,0,0.4418678879737854
2551,2,3,0,0.7539025545120239
2552,9,1,0,0.9625245928764343
2553,8,9,0,0.8328632116317749
2554,4,9,0,0.5661535263061523
2555,7,9,0,0.5173144340515137
2556,6,6,1,0.49486273527145386
2557,2,3,0,0.5117853283882141
2558,4,3,0,0.4078191816806793
2559,7,1,0,0.3650803864002228
2560,7,5,0,0.3591296672821045
2561,6,6,1,0.7536097764968872
2562,4,3,0,0.7472768425941467
2563,2,3,0,0.7629554271697998
2564,2,2,1,0.9642085433006287
2565,3,5,0,0.7071898579597473
2566,2,3,0,0.5602626204490662
2567,4,6,0,0.8273206353187561
2568,9,6,0,0.7101067304611206
2569,0,5,0,0.6848394274711609
2570,0,3,0,0.676084041595459
2571,9,5,0,0.6179019212722778
2572,6,2,0,0.36962470412254333
2573,5,3,0,0.4742540419101715
2574,8,2,0,0.40678396821022034
2575,5,3,0,0.6454858779907227
2576,2,6,0,0.7281515002250671
2577,4,3,0,0.4984300434589386
2578,8,1,0,0.3657975196838379
2579,8,0,0,0.349528968334198
2580,6,1,0,0.6860830783843994
2581,4,6,0,0.7567357420921326
2582,5,3,0,0.3788934051990509
2583,7,9,0,0.40152832865715027
2584,6,6,1,0.9338712692260742
2585,3,3,1,0.7976416349411011
2586,7,2,0,0.49570339918136597
2587,0,2,0,0.5378507375717163
2588,4,1,0,0.766656756401062
2589,0,3,0,0.4615347981452942
2590,5,3,0,0.6460931301116943
2591,8,9,0,0.6035895943641663
2592,2,5,0,0.744411051273346
2593,8,5,0,0.5633679032325745
2594,0,0,1,0.5839319825172424
2595,4,2,0,0.5770586133003235
2596,9,3,0,0.5948335528373718
2597,2,3,0,0.5733590722084045
2598,3,5,0,0.5252420902252197
2599,6,9,0,0.37754908204078674
2600,8,1,0,0.6569731831550598
2601,1,3,0,0.5782362818717957
2602,6,6,1,0.6364561319351196
2603,0,7,0,0.5016441345214844
2604,8,8,1,0.7887601852416992
2605,4,6,0,0.6865657567977905
2606,3,3,1,0.5885646939277649
2607,1,5,0,0.7637990713119507
2608,4,1,0,0.6173703074455261
2609,5,3,0,0.4684644937515259
2610,2,5,0,0.5906724333763123
2611,4,6,0,0.5978623032569885
2612,3,1,0,0.6288726329803467
2613,6,6,1,0.5405671000480652
2614,0,2,0,0.6930568218231201
2615,7,2,0,0.4284675717353821
2616,1,2,0,0.4958522319793701
2617,3,3,1,0.3645887076854706
2618,5,1,0,0.6765366196632385
2619,7,3,0,0.4992140233516693
2620,1,3,0,0.6342875361442566
2621,8,5,0,0.49704718589782715
2622,0,8,0,0.6189218163490295
2623,4,1,0,0.5449032783508301
2624,8,8,1,0.8199684619903564
2625,2,4,0,0.5944562554359436
2626,7,8,0,0.4844341278076172
2627,7,3,0,0.47133344411849976
2628,0,6,0,0.36481747031211853
2629,2,6,0,0.931340217590332
2630,2,6,0,0.7559334635734558
2631,4,8,0,0.5611318349838257
2632,3,6,0,0.9459809064865112
2633,3,3,1,0.643017053604126
2634,1,9,0,0.5202165842056274
2635,6,3,0,0.6937353014945984
2636,1,1,1,0.38483524322509766
2637,6,6,1,0.5287185907363892
2638,4,3,0,0.6202355027198792
2639,6,2,0,0.48218077421188354
2640,7,9,0,0.3343421518802643
2641,4,6,0,0.7251951694488525
2642,7,6,0,0.8566322326660156
2643,3,3,1,0.5644632577896118
2644,8,2,0,0.5566568374633789
2645,1,3,0,0.7476716637611389
2646,3,3,1,0.7128770351409912
2647,1,5,0,0.7998141050338745
2648,4,5,0,0.4625183343887329
2649,6,6,1,0.9219028353691101
2650,5,8,0,0.5547053813934326
2651,5,9,0,0.45433980226516724
2652,7,9,0,0.4769021272659302
2653,4,2,0,0.7699118256568909
2654,5,6,0,0.5178637504577637
2655,4,3,0,0.7337367534637451
2656,9,7,0,0.5913503766059875
2657,7,9,0,0.45047029852867126
2658,7,2,0,0.43210798501968384
2659,2,9,0,0.649682879447937
2660,3,3,1,0.4512042999267578
2661,3,3,1,0.8442496657371521
2662,6,6,1,0.701961874961853
2663,7,3,0,0.3983432352542877
2664,4,4,1,0.6906342506408691
2665,1,1,1,0.38684841990470886
2666,6,3,0,0.6230053901672363
2667,1,1,1,0.8573530316352844
2668,0,2,0,0.6242928504943848
2669,6,6,1,0.9527278542518616
2670,9,6,0,0.884106457233429
2671,6,6,1,0.3643784523010254
2672,0,5,0,0.489432692527771
2673,2,2,1,0.4554116725921631
2674,0,0,1,0.7072157859802246
2675,2,6,0,0.6319844126701355
2676,4,3,0,0.5522449016571045
2677,7,5,0,0.7924975752830505
2678,0,3,0,0.46131783723831177
2679,0,9,0,0.2940754294395447
2680,0,5,0,0.5583812594413757
2681,0,5,0,0.7529416680335999
2682,7,8,0,0.9039287567138672
2683,5,3,0,0.7369617819786072
2684,3,1,0,0.6290248036384583
2685,2,3,0,0.5135800838470459
2686,7,6,0,0.8692289590835571
2687,8,9,0,0.6519701480865479
2688,5,3,0,0.7694801688194275
2689,5,6,0,0.5377969145774841
2690,2,9,0,0.5181117057800293
2691,2,2,1,0.4848666489124298
2692,8,9,0,0.696694016456604
2693,9,9,1,0.8094995021820068
2694,1,1,1,0.772085964679718
2695,2,4,0,0.5074142813682556
2696,2,1,0,0.4301168620586395
2697,0,9,0,0.5025847554206848
2698,3,3,1,0.31983599066734314
2699,4,2,0,0.5589656829833984
2700,9,9,1,0.40606972575187683
2701,1,5,0,0.6145601272583008
2702,6,8,0,0.3835285007953644
2703,9,1,0,0.6366284489631653
2704,0,8,0,0.615692675113678
2705,8,3,0,0.49419844150543213
2706,3,5,0,0.4818175733089447
2707,6,8,0,0.7298646569252014
2708,4,3,0,0.8101581931114197
2709,6,3,0,0.7299264073371887
2710,7,6,0,0.9078475832939148
2711,5,8,0,0.6997440457344055
2712,1,7,0,0.7077848315238953
2713,8,2,0,0.7478550672531128
2714,9,8,0,0.5314378142356873
2715,0,5,0,0.5914880633354187
2716,5,3,0,0.78253573179245
2717,0,2,0,0.7844143509864807
2718,5,2,0,0.5310721397399902
2719,4,6,0,0.6987659931182861
2720,3,6,0,0.8746357560157776
2721,8,2,0,0.5529530048370361
2722,5,2,0,0.45502007007598877
2723,2,2,1,0.5007948875427246
2724,0,2,0,0.7093105912208557
2725,8,1,0,0.5037768483161926
2726,5,9,0,0.4112624228000641
2727,9,6,0,0.8396120071411133
2728,2,8,0,0.6086686849594116
2729,5,3,0,0.8014407157897949
2730,6,3,0,0.7040278315544128
2731,5,5,1,0.8604837656021118
2732,7,2,0,0.3747478127479553
2733,3,3,1,0.4706675410270691
2734,7,3,0,0.39455264806747437
2735,2,2,1,0.523871123790741
2736,8,6,0,0.5481664538383484
2737,8,1,0,0.675175130367279
2738,4,6,0,0.5230910778045654
2739,2,4,0,0.5254911184310913
2740,1,3,0,0.7162323594093323
2741,6,6,1,0.9027003645896912
2742,2,5,0,0.4732322096824646
2743,9,1,0,0.8413596749305725
2744,9,6,0,0.8600013852119446
2745,8,2,0,0.5247032642364502
2746,2,6,0,0.5067340135574341
2747,3,8,0,0.7201328873634338
2748,1,1,1,0.40929508209228516
2749,0,1,0,0.47699692845344543
2750,5,4,0,0.4575992822647095
2751,2,5,0,0.4446394443511963
2752,3,3,1,0.4434731602668762
2753,7,9,0,0.40447568893432617
2754,9,4,0,0.37304893136024475
2755,5,2,0,0.46889418363571167
2756,9,9,1,0.7396621108055115
2757,1,9,0,0.9290851950645447
2758,1,6,0,0.373301237821579
2759,3,2,0,0.7504333853721619
2760,2,6,0,0.6226726770401001
2761,7,2,0,0.5659445524215698
2762,4,2,0,0.5354436039924622
2763,4,9,0,0.361713171005249
2764,1,3,0,0.5349077582359314
2765,9,3,0,0.8690337538719177
2766,4,2,0,0.7641208171844482
2767,5,5,1,0.8382495641708374
2768,5,2,0,0.7867211699485779
2769,2,6,0,0.8287105560302734
2770,7,2,0,0.5434058904647827
2771,7,8,0,0.45331448316574097
2772,6,2,0,0.5413491725921631
2773,1,1,1,0.6559855341911316
2774,2,6,0,0.9094967842102051
2775,3,6,0,0.6767649054527283
2776,7,3,0,0.5905459523200989
2777,5,2,0,0.595991313457489
2778,4,2,0,0.5068758130073547
2779,3,3,1,0.6514414548873901
2780,7,1,0,0.7025989294052124
2781,7,5,0,0.4580451250076294
2782,0,3,0,0.41255542635917664
2783,0,3,0,0.5580049157142639
2784,1,1,1,0.8346572518348694
2785,4,6,0,0.9780588150024414
2786,4,6,0,0.4792880713939667
2787,3,3,1,0.6083563566207886
2788,7,3,0,0.5193092226982117
2789,9,2,0,0.7336226105690002
2790,8,1,0,0.37463104724884033
2791,7,6,0,0.5059272050857544
2792,0,2,0,0.7634499669075012
2793,9,2,0,0.39654698967933655
2794,0,5,0,0.47465780377388
2795,3,3,1,0.6721057891845703
2796,7,9,0,0.659880518913269
2797,6,6,1,0.9879211783409119
2798,3,5,0,0.7720725536346436
2799,8,1,0,0.8445056676864624
2800,4,1,0,0.4170255661010742
2801,5,3,0,0.3364400565624237
2802,6,3,0,0.46849092841148376
2803,5,5,1,0.935590922832489
2804,3,5,0,0.6459866762161255
2805,4,2,0,0.561838686466217
2806,2,2,1,0.6173650622367859
2807,9,9,1,0.6751184463500977
2808,2,1,0,0.875391960144043
2809,4,3,0,0.7383846640586853
2810,9,3,0,0.5815624594688416
2811,2,2,1,0.5277377367019653
2812,0,9,0,0.4745531380176544
2813,1,6,0,0.7168241739273071
2814,1,9,0,0.6148161888122559
2815,3,3,1,0.6770269870758057
2816,7,6,0,0.8032156825065613
2817,9,6,0,0.9377846717834473
2818,5,6,0,0.8813557624816895
2819,1,1,1,0.7485153079032898
2820,6,9,0,0.9148303866386414
2821,0,3,0,0.7384569644927979
2822,3,5,0,0.7447783946990967
2823,3,9,0,0.4178549647331238
2824,7,6,0,0.39964020252227783
2825,2,2,1,0.456168532371521
2826,4,2,0,0.4338873028755188
2827,5,5,1,0.6155954599380493
2828,2,3,0,0.6738315224647522
2829,3,1,0,0.5334770679473877
2830,6,2,0,0.45044034719467163
2831,3,9,0,0.574453592300415
2832,3,4,0,0.45618736743927
2833,0,5,0,0.7414765954017639
2834,4,6,0,0.4108811020851135
2835,4,3,0,0.3752240240573883
2836,3,5,0,0.564527153968811
2837,8,1,0,0.697084903717041
2838,1,6,0,0.51181560754776
2839,2,2,1,0.5789752006530762
2840,3,3,1,0.5807418823242188
2841,2,3,0,0.5921882390975952
2842,7,9,0,0.8030528426170349
2843,1,1,1,0.7518509030342102
2844,4,5,0,0.5667902827262878
2845,5,6,0,0.587339460849762
2846,6,6,1,0.9782615303993225
2847,8,1,0,0.6011008620262146
2848,6,6,1,0.7524654865264893
2849,6,6,1,0.8103731870651245
2850,5,7,0,0.49676308035850525
2851,4,1,0,0.6224209070205688
2852,2,6,0,0.80436772108078
2853,9,2,0,0.32708367705345154
2854,9,2,0,0.6343314051628113
2855,3,2,0,0.638654887676239
2856,2,3,0,0.5499922037124634
2857,0,5,0,0.6443459391593933
2858,4,5,0,0.5539010763168335
2859,1,6,0,0.6770868897438049
2860,5,9,0,0.6183194518089294
2861,5,6,0,0.7570493221282959
2862,6,3,0,0.3347647786140442
2863,6,6,1,0.9857782125473022
2864,5,1,0,0.3879188895225525
2865,6,6,1,0.8775085210800171
2866,9,6,0,0.8486930727958679
2867,7,2,0,0.5243857502937317
2868,9,5,0,0.2826828360557556
2869,4,3,0,0.644119143486023
2870,8,0,0,0.5528151988983154
2871,3,3,1,0.7111271023750305
2872,1,6,0,0.4296136796474457
2873,9,2,0,0.40204378962516785
2874,8,3,0,0.6872787475585938
2875,1,1,1,0.5338656306266785
2876,9,1,0,0.7453430891036987
2877,0,2,0,0.7768241763114929
2878,3,5,0,0.657731294631958
2879,0,8,0,0.4900680184364319
2880,4,2,0,0.4905696511268616
2881,7,5,0,0.7028265595436096
2882,7,3,0,0.7487558722496033
2883,2,5,0,0.32529884576797485
2884,6,1,0,0.5140840411186218
2885,5,7,0,0.6659418344497681
2886,6,6,1,0.9370406270027161
2887,9,1,0,0.7375406622886658
2888,7,3,0,0.6488165855407715
2889,7,3,0,0.41671043634414673
2890,5,3,0,0.6132664084434509
2891,7,1,0,0.6680620312690735
2892,0,3,0,0.48685091733932495
2893,8,8,1,0.6912756562232971
2894,6,6,1,0.6972783803939819
2895,7,3,0,0.5759819149971008
2896,8,3,0,0.8108733296394348
2897,3,6,0,0.9440160989761353
2898,8,6,0,0.7280455827713013
2899,9,9,1,0.558466911315918
2900,3,6,0,0.4969756305217743
2901,2,2,1,0.5595716834068298
2902,9,8,0,0.4000093638896942
2903,2,9,0,0.6005465388298035
2904,7,3,0,0.6956852078437805
2905,4,9,0,0.8296470642089844
2906,1,2,0,0.6756448745727539
2907,9,1,0,0.591667115688324
2908,7,2,0,0.7326016426086426
2909,0,5,0,0.6414356231689453
2910,8,6,0,0.30705711245536804
2911,1,9,0,0.6780685186386108
2912,2,2,1,0.4532691240310669
2913,0,9,0,0.43776315450668335
2914,6,6,1,0.6935098171234131
2915,5,1,0,0.7221186757087708
2916,1,8,0,0.6815165281295776
2917,4,6,0,0.7744259834289551
2918,2,2,1,0.6930280923843384
2919,8,5,0,0.3434716761112213
2920,2,2,1,0.3902537524700165
2921,8,8,1,0.8075822591781616
2922,3,6,0,0.7821277976036072
2923,3,3,1,0.8441848158836365
2924,1,1,1,0.6593062281608582
2925,4,1,0,0.7658002972602844
2926,9,3,0,0.5504598021507263
2927,8,6,0,0.2709733247756958
2928,1,5,0,0.572282612323761
2929,1,9,0,0.5281268954277039
2930,7,3,0,0.43338391184806824
2931,9,9,1,0.7820574641227722
2932,9,9,1,0.5606349110603333
2933,4,2,0,0.5993233323097229
2934,6,1,0,0.6720739603042603
2935,8,6,0,0.8306502103805542
2936,5,5,1,0.7832710146903992
2937,3,3,1,0.786555826663971
2938,2,3,0,0.7224900126457214
2939,2,6,0,0.47217613458633423
2940,3,1,0,0.7519298195838928
2941,8,9,0,0.6399722099304199
2942,5,1,0,0.9284400939941406
2943,1,1,1,0.6795880198478699
2944,9,6,0,0.8258991837501526
2945,7,9,0,0.6785097122192383
2946,9,9,1,0.5162980556488037
2947,1,1,1,0.5450659394264221
2948,5,3,0,0.656464159488678
2949,3,3,1,0.6532098650932312
2950,1,1,1,0.9015495181083679
2951,0,9,0,0.5168431997299194
2952,3,3,1,0.710446834564209
2953,8,5,0,0.6913371682167053
2954,9,3,0,0.5100706219673157
2955,2,5,0,0.5447835326194763
2956,0,5,0,0.39617055654525757
2957,8,1,0,0.37965336441993713
2958,0,8,0,0.47282639145851135
2959,7,2,0,0.7400251626968384
2960,9,5,0,0.6724901795387268
2961,4,5,0,0.538925051689148
2962,8,3,0,0.4533863067626953
2963,3,3,1,0.6744027733802795
2964,0,0,1,0.8053305745124817
2965,7,9,0,0.6264826059341431
2966,0,6,0,0.9373959302902222
2967,7,9,0,0.6072850823402405
2968,0,5,0,0.6629617810249329
2969,5,5,1,0.9036392569541931
2970,5,3,0,0.6019622683525085
2971,4,4,1,0.32817476987838745
2972,3,3,1,0.5102677941322327
2973,0,0,1,0.40573757886886597
2974,9,1,0,0.5213992595672607
2975,9,4,0,0.686741828918457
2976,0,5,0,0.4382656514644623
2977,2,9,0,0.7006276249885559
2978,2,1,0,0.3631734549999237
2979,0,4,0,0.2612503468990326
2980,8,8,1,0.8122510313987732
2981,4,3,0,0.6778424382209778
2982,4,6,0,0.5059933662414551
2983,5,3,0,0.5125574469566345
2984,2,6,0,0.5946194529533386
2985,2,1,0,0.6907809376716614
2986,1,1,1,0.4410321116447449
2987,1,3,0,0.6716856956481934
2988,5,5,1,0.631491482257843
2989,5,3,0,0.681793212890625
2990,4,5,0,0.5177688598632812
2991,3,1,0,0.539668619632721
2992,4,3,0,0.4213676452636719
2993,0,9,0,0.4970276653766632
2994,8,9,0,0.4482615292072296
2995,4,3,0,0.6812993884086609
2996,8,1,0,0.33551207184791565
2997,2,5,0,0.535313606262207
2998,5,3,0,0.49956780672073364
2999,6,6,1,0.9665191769599915
3000,5,3,0,0.6818650960922241
3001,1,1,1,0.9900923371315002
3002,7,5,0,0.8057689070701599
3003,2,0,0,0.5479844212532043
3004,4,2,0,0.5755475759506226
3005,0,1,0,0.5107434988021851
3006,5,6,0,0.608996570110321
3007,6,2,0,0.5931957960128784
3008,8,1,0,0.6043472290039062
3009,7,2,0,0.4102135896682739
3010,6,6,1,0.6910724639892578
3011,3,3,1,0.5484956502914429
3012,1,6,0,0.7502702474594116
3013,3,9,0,0.749489426612854
3014,6,9,0,0.3447100818157196
3015,6,2,0,0.5551182627677917
3016,4,4,1,0.570347011089325
3017,5,5,1,0.9281982183456421
3018,5,5,1,0.766349732875824
3019,5,9,0,0.5969874262809753
3020,1,3,0,0.44607749581336975
3021,8,1,0,0.6587695479393005
3022,7,5,0,0.439778208732605
3023,3,9,0,0.343130886554718
3024,0,2,0,0.5546972155570984
3025,2,6,0,0.5361862778663635
3026,5,6,0,0.42206984758377075
3027,1,5,0,0.4179477393627167
3028,1,9,0,0.8466885089874268
3029,1,1,1,0.7460170984268188
3030,6,6,1,0.9035124182701111
3031,7,4,0,0.6088721752166748
3032,2,1,0,0.672707200050354
3033,1,2,0,0.6325168609619141
3034,2,2,1,0.4335033595561981
3035,3,5,0,0.36511239409446716
3036,9,2,0,0.5147562623023987
3037,8,5,0,0.8227131366729736
3038,3,3,1,0.5675250887870789
3039,1,3,0,0.5068738460540771
3040,7,4,0,0.4947918951511383
3041,4,4,1,0.8498835563659668
3042,8,5,0,0.4319879114627838
3043,4,1,0,0.6864542365074158
3044,7,2,0,0.3544066250324249
3045,5,3,0,0.7695364952087402
3046,8,3,0,0.6706905961036682
3047,6,3,0,0.7177603244781494
3048,0,2,0,0.45021674036979675
3049,3,3,1,0.6318382024765015
3050,0,2,0,0.5622944235801697
3051,8,5,0,0.7784808278083801
3052,3,2,0,0.6559730172157288
3053,4,6,0,0.954392671585083
3054,4,9,0,0.4893466532230377
3055,9,6,0,0.5017893314361572
3056,4,2,0,0.5152027606964111
3057,6,1,0,0.44097384810447693
3058,1,1,1,0.5342308878898621
3059,5,3,0,0.7961771488189697
3060,7,4,0,0.3864844739437103
3061,7,2,0,0.4277212917804718
3062,9,9,1,0.3917734920978546
3063,0,2,0,0.9261142015457153
3064,1,1,1,0.4994221031665802
3065,3,0,0,0.6000202894210815
3066,1,3,0,0.7724305391311646
3067,3,6,0,0.7075175642967224
3068,2,2,1,0.4803611636161804
3069,4,5,0,0.5328841209411621
3070,0,9,0,0.36063238978385925
3071,7,3,0,0.5457538962364197
3072,8,3,0,0.6154566407203674
3073,3,3,1,0.609119176864624
3074,1,1,1,0.7178592085838318
3075,6,3,0,0.5485464334487915
3076,2,2,1,0.7512685656547546
3077,1,1,1,0.8866447806358337
3078,8,3,0,0.6681480407714844
3079,8,9,0,0.711027979850769
3080,1,9,0,0.5598467588424683
3081,9,9,1,0.4625535011291504
3082,7,3,0,0.6144552230834961
3083,5,5,1,0.664604902267456
3084,3,8,0,0.7961004376411438
3085,2,1,0,0.6524671912193298
3086,9,5,0,0.7204629182815552
3087,0,6,0,0.4635019600391388
3088,6,6,1,0.5834696888923645
3089,8,8,1,0.9539456963539124
3090,4,1,0,0.5017735958099365
3091,1,1,1,0.448893278837204
3092,5,5,1,0.8616171479225159
3093,7,1,0,0.7342658042907715
3094,2,3,0,0.6142356395721436
3095,4,3,0,0.6222718358039856
3096,7,2,0,0.3990635275840759
3097,0,6,0,0.659952700138092
3098,4,6,0,0.8695477247238159
3099,9,1,0,0.798577606678009
3100,0,3,0,0.4647439420223236
3101,7,1,0,0.4352240562438965
3102,0,5,0,0.7304058074951172
3103,6,6,1,0.6445883512496948
3104,7,6,0,0.5676284432411194
3105,1,5,0,0.857326090335846
3106,8,0,0,0.3529244363307953
3107,5,6,0,0.8710460662841797
3108,8,2,0,0.42256495356559753
3109,8,5,0,0.6018702387809753
3110,7,2,0,0.4160965383052826
3111,0,1,0,0.4398566782474518
3112,0,1,0,0.43084272742271423
3113,3,5,0,0.45403534173965454
3114,2,1,0,0.6484544277191162
3115,5,6,0,0.5743231177330017
3116,7,6,0,0.7758284211158752
3117,0,5,0,0.713807225227356
3118,6,4,0,0.6057499051094055
3119,4,6,0,0.5540474057197571
3120,4,3,0,0.4536106288433075
3121,9,9,1,0.6676613688468933
3122,1,1,1,0.664506733417511
3123,8,2,0,0.6050456762313843
3124,6,6,1,0.9399550557136536
3125,3,3,1,0.7112094163894653
3126,9,3,0,0.47045138478279114
3127,4,5,0,0.5005469918251038
3128,9,1,0,0.6147775053977966
3129,3,5,0,0.5913292765617371
3130,3,1,0,0.4691011905670166
3131,7,6,0,0.6933987736701965
3132,5,3,0,0.44443896412849426
3133,9,6,0,0.8445078730583191
3134,7,3,0,0.45356485247612
3135,7,9,0,0.6790205240249634
3136,4,5,0,0.3226218521595001
3137,5,3,0,0.6038678884506226
3138,8,9,0,0.535620927810669
3139,2,3,0,0.4837971329689026
3140,8,5,0,0.5121794939041138
3141,9,3,0,0.45649707317352295
3142,5,9,0,0.4597339332103729
3143,3,3,1,0.4569041132926941
3144,1,9,0,0.848271906375885
3145,9,5,0,0.6320619583129883
3146,2,2,1,0.5804917216300964
3147,2,2,1,0.7105311155319214
3148,0,3,0,0.6409858465194702
3149,1,9,0,0.5038720965385437
3150,1,1,1,0.6898943185806274
3151,8,1,0,0.3227570950984955
3152,1,1,1,0.9409988522529602
3153,1,5,0,0.6792804002761841
3154,9,0,0,0.4277985095977783
3155,8,8,1,0.4601815938949585
3156,9,3,0,0.28656527400016785
3157,9,9,1,0.5850790143013
3158,0,3,0,0.4470282196998596
3159,2,5,0,0.8671802282333374
3160,6,6,1,0.5854576230049133
3161,9,9,1,0.3929443657398224
3162,1,9,0,0.39772042632102966
3163,9,1,0,0.6251782178878784
3164,0,2,0,0.5154433250427246
3165,1,1,1,0.6122244000434875
3166,9,1,0,0.8281694650650024
3167,2,6,0,0.4529847204685211
3168,9,3,0,0.6335780024528503
3169,9,1,0,0.678737223148346
3170,9,3,0,0.6533309817314148
3171,0,1,0,0.45339235663414
3172,9,3,0,0.6550819277763367
3173,9,1,0,0.5621662139892578
3174,2,2,1,0.6524036526679993
3175,1,1,1,0.8938214182853699
3176,7,7,1,0.7240861654281616
3177,0,2,0,0.7460033893585205
3178,5,1,0,0.33299848437309265
3179,6,6,1,0.9124785661697388
3180,3,6,0,0.8499228954315186
3181,9,3,0,0.5431489944458008
3182,8,9,0,0.7362378835678101
3183,3,3,1,0.6887800693511963
3184,0,3,0,0.5323598384857178
3185,2,6,0,0.7567777633666992
3186,7,6,0,0.4737527370452881
3187,7,7,1,0.8060017824172974
3188,4,6,0,0.49109816551208496
3189,8,9,0,0.5628585815429688
3190,3,6,0,0.9312684535980225
3191,0,2,0,0.5449095368385315
3192,5,1,0,0.889743447303772
3193,2,5,0,0.6727218627929688
3194,3,3,1,0.7000130414962769
3195,5,3,0,0.5769715309143066
3196,7,9,0,0.6323202848434448
3197,6,6,1,0.9806740283966064
3198,6,6,1,0.6750756502151489
3199,6,1,0,0.5894953608512878
3200,5,2,0,0.6253290772438049
3201,6,3,0,0.5037033557891846
3202,5,3,0,0.8639436364173889
3203,4,1,0,0.7243099212646484
3204,5,2,0,0.31877726316452026
3205,8,3,0,0.7674106955528259
3206,8,1,0,0.3846460282802582
3207,0,3,0,0.4406568109989166
3208,9,3,0,0.4043925404548645
3209,7,2,0,0.5795178413391113
3210,9,5,0,0.5406014919281006
3211,0,5,0,0.639580249786377
3212,6,6,1,0.988089382648468
3213,9,3,0,0.5685457587242126
3214,6,9,0,0.9477259516716003
3215,1,9,0,0.5220681428909302
3216,4,5,0,0.5326982736587524
3217,7,2,0,0.46555835008621216
3218,9,9,1,0.7528999447822571
3219,0,6,0,0.43247854709625244
3220,3,9,0,0.5764015913009644
3221,5,9,0,0.839052140712738
3222,4,9,0,0.5993149876594543
3223,7,2,0,0.5291677713394165
3224,6,6,1,0.9689804911613464
3225,9,6,0,0.7083296179771423
3226,8,3,0,0.48470380902290344
3227,2,2,1,0.6881425380706787
3228,3,1,0,0.673961341381073
3229,9,3,0,0.5807754397392273
3230,3,2,0,0.4414868652820587
3231,3,9,0,0.3909496068954468
3232,7,1,0,0.4582867920398712
3233,8,5,0,0.42395129799842834
3234,3,5,0,0.38883379101753235
3235,5,3,0,0.5845348238945007
3236,5,5,1,0.4508419334888458
3237,9,9,1,0.46507489681243896
3238,6,6,1,0.9381483793258667
3239,1,3,0,0.4278287887573242
3240,4,9,0,0.4453432261943817
3241,7,2,0,0.5679945945739746
3242,4,3,0,0.7133278250694275
3243,8,9,0,0.7231004238128662
3244,7,7,1,0.7219250202178955
3245,7,7,1,0.814269483089447
3246,1,9,0,0.4360254108905792
3247,3,3,1,0.506252646446228
3248,0,0,1,0.576685905456543
3249,3,6,0,0.8848139643669128
3250,2,9,0,0.621947705745697
3251,5,2,0,0.3679184913635254
3252,4,6,0,0.6083230376243591
3253,9,3,0,0.5310029983520508
3254,3,3,1,0.7080628871917725
3255,5,3,0,0.46097129583358765
3256,4,3,0,0.7555001974105835
3257,7,3,0,0.5009884238243103
3258,0,3,0,0.6324573159217834
3259,3,3,1,0.5318098068237305
3260,7,7,1,0.5172287225723267
3261,0,1,0,0.570590078830719
3262,2,9,0,0.5928892493247986
3263,1,1,1,0.8347198367118835
3264,5,2,0,0.4858425259590149
3265,8,5,0,0.4553845524787903
3266,7,9,0,0.5066836476325989
3267,3,3,1,0.41874048113822937
3268,5,5,1,0.43699148297309875
3269,7,3,0,0.4702681005001068
3270,8,8,1,0.9527410864830017
3271,5,3,0,0.5382825136184692
3272,7,6,0,0.5883830189704895
3273,8,9,0,0.6987488865852356
3274,1,1,1,0.4201284348964691
3275,5,3,0,0.6879903674125671
3276,4,4,1,0.5450998544692993
3277,7,6,0,0.7072470188140869
3278,0,2,0,0.4948190152645111
3279,8,1,0,0.4651399850845337
3280,3,3,1,0.4849039316177368
3281,2,8,0,0.6320929527282715
3282,9,1,0,0.48209384083747864
3283,7,3,0,0.5076136589050293
3284,4,6,0,0.5567677617073059
3285,1,6,0,0.9552726149559021
3286,6,6,1,0.8770277500152588
3287,5,2,0,0.7097540497779846
3288,9,3,0,0.47595325112342834
3289,8,8,1,0.6095341444015503
3290,5,3,0,0.6908138990402222
3291,5,5,1,0.6779313087463379
3292,4,9,0,0.36019790172576904
3293,1,1,1,0.5394096970558167
3294,0,2,0,0.5759801864624023
3295,9,1,0,0.6068366169929504
3296,4,4,1,0.7045263648033142
3297,4,6,0,0.7320376038551331
3298,3,3,1,0.5013272166252136
3299,0,3,0,0.541052520275116
3300,4,2,0,0.6669493317604065
3301,8,9,0,0.45411062240600586
3302,0,9,0,0.8386229276657104
3303,8,5,0,0.7443504333496094
3304,2,1,0,0.6110957860946655
3305,9,9,1,0.3944184184074402
3306,5,6,0,0.644996166229248
3307,9,1,0,0.7604127526283264
3308,7,1,0,0.4131552577018738
3309,4,1,0,0.44885411858558655
3310,6,6,1,0.9788327813148499
3311,7,9,0,0.5836194157600403
3312,9,9,1,0.48079389333724976
3313,2,9,0,0.4628293216228485
3314,9,1,0,0.6299458742141724
3315,3,3,1,0.8650004267692566
3316,7,6,0,0.9034186005592346
3317,7,1,0,0.7081603407859802
3318,8,1,0,0.8524824976921082
3319,2,3,0,0.5936406850814819
3320,2,3,0,0.5811238288879395
3321,0,9,0,0.3629481792449951
3322,2,3,0,0.6062008738517761
3323,5,9,0,0.5865737795829773
3324,3,9,0,0.6757625937461853
3325,6,3,0,0.6985076069831848
3326,4,3,0,0.35663464665412903
3327,7,6,0,0.7465025782585144
3328,2,6,0,0.40409722924232483
3329,3,3,1,0.32918986678123474
3330,7,1,0,0.8097770810127258
3331,8,8,1,0.5579007863998413
3332,7,5,0,0.428134560585022
3333,2,4,0,0.6013046503067017
3334,5,6,0,0.5972555875778198
3335,0,3,0,0.5032456517219543
3336,0,9,0,0.8953788876533508
3337,7,5,0,0.5051788091659546
3338,0,1,0,0.38563019037246704
3339,9,9,1,0.6221836805343628
3340,6,6,1,0.986905574798584
3341,1,3,0,0.44888225197792053
3342,0,9,0,0.48238855600357056
3343,3,9,0,0.8270013928413391
3344,9,1,0,0.4358411431312561
3345,7,4,0,0.514250636100769
3346,4,2,0,0.5626246333122253
3347,9,9,1,0.8782107830047607
3348,1,7,0,0.4984301030635834
3349,6,2,0,0.845702588558197
3350,8,8,1,0.4682486951351166
3351,1,1,1,0.9090627431869507
3352,2,3,0,0.5913638472557068
3353,3,6,0,0.4912475049495697
3354,3,6,0,0.6667476892471313
3355,5,9,0,0.3677275478839874
3356,4,2,0,0.6149437427520752
3357,8,5,0,0.30265337228775024
3358,9,1,0,0.7249628901481628
3359,7,5,0,0.6457375288009644
3360,4,6,0,0.6426728963851929
3361,4,6,0,0.6051748991012573
3362,1,6,0,0.5076387524604797
3363,2,4,0,0.6661304831504822
3364,4,3,0,0.5422289371490479
3365,9,9,1,0.45818573236465454
3366,8,8,1,0.7413251996040344
3367,7,1,0,0.49244481325149536
3368,9,9,1,0.7155299782752991
3369,5,5,1,0.6664227843284607
3370,1,6,0,0.7745679020881653
3371,2,2,1,0.41186976432800293
3372,1,1,1,0.651648759841919
3373,6,2,0,0.40874141454696655
3374,6,9,0,0.5260775685310364
3375,4,2,0,0.5793307423591614
3376,5,5,1,0.3782730996608734
3377,7,1,0,0.7714012265205383
3378,4,3,0,0.559073269367218
3379,5,9,0,0.4551948010921478
3380,8,3,0,0.7128092646598816
3381,5,7,0,0.48828068375587463
3382,2,3,0,0.6350635886192322
3383,8,2,0,0.731013298034668
3384,7,6,0,0.5473984479904175
3385,8,1,0,0.509810745716095
3386,2,2,1,0.6759616136550903
3387,3,5,0,0.6500283479690552
3388,6,6,1,0.7533599138259888
3389,1,2,0,0.8356253504753113
3390,3,3,1,0.6535930633544922
3391,3,6,0,0.5524160861968994
3392,1,1,1,0.39210474491119385
3393,5,3,0,0.8410196304321289
3394,1,1,1,0.7550958395004272
3395,9,3,0,0.41286924481391907
3396,0,3,0,0.5236902236938477
3397,9,6,0,0.9626033902168274
3398,2,2,1,0.8410038948059082
3399,0,9,0,0.5966928005218506
3400,6,3,0,0.7775623798370361
3401,2,1,0,0.8436179757118225
3402,4,5,0,0.4335017800331116
3403,8,9,0,0.7177472114562988
3404,5,8,0,0.45086634159088135
3405,7,7,1,0.5058684349060059
3406,6,3,0,0.5290095806121826
3407,1,1,1,0.7235382199287415
3408,2,6,0,0.7889190912246704
3409,9,1,0,0.6066681742668152
3410,4,2,0,0.28021565079689026
3411,5,1,0,0.5004830360412598
3412,0,2,0,0.6850659251213074
3413,3,3,1,0.3711602985858917
3414,3,6,0,0.6860314607620239
3415,7,9,0,0.5189441442489624
3416,7,1,0,0.8482263088226318
3417,7,3,0,0.6972817778587341
3418,1,5,0,0.5153188109397888
3419,4,2,0,0.6711705327033997
3420,5,5,1,0.5627408623695374
3421,0,2,0,0.36339524388313293
3422,2,2,1,0.8505144119262695
3423,8,3,0,0.502051830291748
3424,5,5,1,0.874786376953125
3425,0,4,0,0.5211447477340698
3426,0,8,0,0.5291469097137451
3427,6,5,0,0.6676773428916931
3428,2,6,0,0.7608504295349121
3429,0,2,0,0.5108621120452881
3430,8,5,0,0.5765544176101685
3431,4,6,0,0.556892991065979
3432,5,2,0,0.596767783164978
3433,4,5,0,0.44986748695373535
3434,5,2,0,0.5648022890090942
3435,6,6,1,0.9382943511009216
3436,4,3,0,0.6877302527427673
3437,7,3,0,0.6124933958053589
3438,9,9,1,0.40687495470046997
3439,4,2,0,0.4336909353733063
3440,2,7,0,0.5449064373970032
3441,0,2,0,0.4783640503883362
3442,6,3,0,0.8963426351547241
3443,4,9,0,0.48738211393356323
3444,0,3,0,0.8013417720794678
3445,0,0,1,0.7600709795951843
3446,6,6,1,0.5384709239006042
3447,4,6,0,0.6250739693641663
3448,6,6,1,0.9306795001029968
3449,1,2,0,0.40130001306533813
3450,9,3,0,0.7599824070930481
3451,5,1,0,0.7079610228538513
3452,5,5,1,0.6927996873855591
3453,2,3,0,0.3604533076286316
3454,2,2,1,0.685676097869873
3455,6,3,0,0.4659649431705475
3456,3,3,1,0.8407178521156311
3457,4,2,0,0.46029484272003174
3458,5,2,0,0.8079027533531189
3459,9,9,1,0.6670911312103271
3460,1,6,0,0.7735291719436646
3461,7,5,0,0.5603050589561462
3462,2,3,0,0.8757227659225464
3463,3,9,0,0.5240166783332825
3464,9,6,0,0.7439219355583191
3465,6,8,0,0.38630935549736023
3466,5,9,0,0.5755137205123901
3467,0,1,0,0.3627789318561554
3468,2,2,1,0.7907769680023193
3469,9,5,0,0.858000636100769
3470,7,3,0,0.7669192552566528
3471,1,9,0,0.6051399111747742
3472,7,9,0,0.5902202129364014
3473,2,3,0,0.8050451278686523
3474,2,6,0,0.7133626341819763
3475,0,9,0,0.4559820592403412
3476,8,2,0,0.8520491123199463
3477,6,1,0,0.5704354643821716
3478,4,6,0,0.5716410279273987
3479,3,3,1,0.8482832908630371
3480,2,2,1,0.639048159122467
3481,7,3,0,0.5559033155441284
3482,7,5,0,0.579663097858429
3483,0,1,0,0.6645562052726746
3484,4,4,1,0.5710451006889343
3485,1,1,1,0.8512179851531982
3486,6,6,1,0.9554086923599243
3487,5,5,1,0.534491777420044
3488,1,5,0,0.538414716720581
3489,3,9,0,0.3837161064147949
3490,0,9,0,0.5022606253623962
3491,3,5,0,0.5097642540931702
3492,9,1,0,0.5645403265953064
3493,0,3,0,0.8254905939102173
3494,0,8,0,0.4941173195838928
3495,2,2,1,0.3629533350467682
3496,5,0,0,0.4695592224597931
3497,0,1,0,0.5629881024360657
3498,4,9,0,0.6984992623329163
3499,0,5,0,0.6758907437324524
3500,1,1,1,0.36981692910194397
3501,9,9,1,0.7191982269287109
3502,8,5,0,0.784737765789032
3503,4,3,0,0.5091807842254639
3504,9,9,1,0.6692472100257874
3505,4,7,0,0.6617861390113831
3506,2,9,0,0.6094934344291687
3507,4,6,0,0.8960772752761841
3508,3,3,1,0.40477463603019714
3509,3,3,1,0.4481527507305145
3510,4,6,0,0.4458427429199219
3511,0,1,0,0.2919304072856903
3512,4,6,0,0.5643236041069031
3513,3,6,0,0.8829936981201172
3514,2,3,0,0.377244770526886
3515,8,8,1,0.9865582585334778
3516,9,7,0,0.35696476697921753
3517,1,8,0,0.6906794905662537
3518,5,6,0,0.5170570611953735
3519,8,5,0,0.5871291160583496
3520,1,5,0,0.42911672592163086
3521,8,3,0,0.4647015631198883
3522,2,2,1,0.7276431918144226
3523,4,1,0,0.4948660433292389
3524,5,9,0,0.45379090309143066
3525,2,5,0,0.34140744805336
3526,4,3,0,0.36771416664123535
3527,1,2,0,0.47847792506217957
3528,1,1,1,0.7577783465385437
3529,6,6,1,0.8988604545593262
3530,6,6,1,0.7793980836868286
3531,8,5,0,0.7041122913360596
3532,5,1,0,0.45606258511543274
3533,2,5,0,0.699709951877594
3534,2,5,0,0.614687979221344
3535,5,5,1,0.6478676795959473
3536,0,5,0,0.32443344593048096
3537,8,9,0,0.583930492401123
3538,2,9,0,0.5714226365089417
3539,3,1,0,0.8544162511825562
3540,6,6,1,0.9904360771179199
3541,2,6,0,0.5677317380905151
3542,9,3,0,0.4351654648780823
3543,6,6,1,0.832771360874176
3544,1,3,0,0.47311392426490784
3545,4,3,0,0.3491361439228058
3546,5,6,0,0.4195883274078369
3547,9,1,0,0.8149096369743347
3548,0,5,0,0.5708681344985962
3549,1,5,0,0.544651210308075
3550,0,2,0,0.7366651296615601
3551,0,3,0,0.3824046552181244
3552,8,6,0,0.8068602681159973
3553,1,6,0,0.9870189428329468
3554,1,9,0,0.4631095826625824
3555,6,5,0,0.7007946968078613
3556,6,6,1,0.9081915020942688
3557,9,2,0,0.4353851079940796
3558,5,3,0,0.518671989440918
3559,4,4,1,0.588876485824585
3560,1,1,1,0.641023576259613
3561,7,5,0,0.822539746761322
3562,8,3,0,0.7507423758506775
3563,6,6,1,0.5953509211540222
3564,9,3,0,0.6760919094085693
3565,1,1,1,0.8353126049041748
3566,7,5,0,0.5385899543762207
3567,6,6,1,0.5886804461479187
3568,0,5,0,0.8932680487632751
3569,9,9,1,0.6012532711029053
3570,3,3,1,0.8362614512443542
3571,5,7,0,0.35098087787628174
3572,3,6,0,0.8422977924346924
3573,2,1,0,0.8411557078361511
3574,5,1,0,0.6362254023551941
3575,3,3,1,0.5177400708198547
3576,4,4,1,0.5269292593002319
3577,9,1,0,0.5838233232498169
3578,7,1,0,0.6766576170921326
3579,1,1,1,0.4578990340232849
3580,4,6,0,0.8145878314971924
3581,4,3,0,0.46063441038131714
3582,6,6,1,0.5845397710800171
3583,1,9,0,0.34869980812072754
3584,3,3,1,0.7454133629798889
3585,8,1,0,0.6066147089004517
3586,8,1,0,0.4535716474056244
3587,0,8,0,0.4137043356895447
3588,6,6,1,0.9476147890090942
3589,7,3,0,0.4117000102996826
3590,7,6,0,0.42707204818725586
3591,6,6,1,0.758411705493927
3592,7,6,0,0.5485469698905945
3593,2,2,1,0.5901784896850586
3594,3,6,0,0.9099007248878479
3595,2,6,0,0.7101794481277466
3596,2,3,0,0.3962293565273285
3597,6,6,1,0.9620200395584106
3598,2,3,0,0.38531070947647095
3599,7,1,0,0.5458448529243469
3600,4,4,1,0.5831620693206787
3601,0,6,0,0.8387508392333984
3602,3,6,0,0.7422559857368469
3603,6,6,1,0.8529451489448547
3604,2,2,1,0.85102778673172
3605,6,2,0,0.691837728023529
3606,3,9,0,0.6745936274528503
3607,3,1,0,0.6567757725715637
3608,0,2,0,0.528607964515686
3609,9,5,0,0.3830193281173706
3610,5,3,0,0.6776836514472961
3611,1,9,0,0.6897523999214172
3612,1,3,0,0.5953193306922913
3613,5,5,1,0.41026750206947327
3614,3,2,0,0.5490851998329163
3615,6,9,0,0.8260905742645264
3616,4,3,0,0.4786130487918854
3617,3,3,1,0.4909009635448456
3618,4,2,0,0.7894700765609741
3619,1,6,0,0.7343708276748657
3620,0,3,0,0.6189123392105103
3621,4,2,0,0.7688367962837219
3622,5,3,0,0.750568151473999
3623,5,1,0,0.8616069555282593
3624,2,2,1,0.7006452679634094
3625,8,2,0,0.7094200849533081
3626,9,9,1,0.4064866304397583
3627,4,4,1,0.5757843255996704
3628,3,3,1,0.9104925990104675
3629,1,1,1,0.8969672918319702
3630,8,8,1,0.9217149019241333
3631,0,9,0,0.7201948761940002
3632,1,1,1,0.83620685338974
3633,3,3,1,0.5528402328491211
3634,3,3,1,0.4252784848213196
3635,4,6,0,0.8469598293304443
3636,4,3,0,0.7453630566596985
3637,2,3,0,0.510719895362854
3638,9,6,0,0.6208208203315735
3639,7,7,1,0.5892307162284851
3640,6,2,0,0.7090704441070557
3641,8,2,0,0.8389933109283447
3642,1,1,1,0.5249390006065369
3643,8,1,0,0.475603848695755
3644,9,1,0,0.946340799331665
3645,1,1,1,0.9909133315086365
3646,3,6,0,0.4739181101322174
3647,1,1,1,0.868291974067688
3648,7,9,0,0.39470621943473816
3649,3,3,1,0.5267208218574524
3650,0,2,0,0.6086589097976685
3651,0,6,0,0.42160964012145996
3652,2,0,0,0.7033159136772156
3653,8,5,0,0.45998525619506836
3654,3,6,0,0.8097538948059082
3655,9,9,1,0.7715540528297424
3656,2,2,1,0.5456843972206116
3657,7,5,0,0.6815512180328369
3658,2,3,0,0.7422249913215637
3659,6,6,1,0.5630813837051392
3660,0,3,0,0.5079268217086792
3661,1,1,1,0.864290177822113
3662,6,3,0,0.5821071863174438
3663,1,6,0,0.7632482647895813
3664,6,6,1,0.7802554368972778
3665,7,5,0,0.5856813192367554
3666,5,5,1,0.7716690897941589
3667,5,5,1,0.7835132479667664
3668,2,6,0,0.954338788986206
3669,5,2,0,0.6566926836967468
3670,9,6,0,0.8816143870353699
3671,4,2,0,0.5810996294021606
3672,0,2,0,0.5190287232398987
3673,2,3,0,0.4760713577270508
3674,3,9,0,0.5213614106178284
3675,4,5,0,0.7033195495605469
3676,9,1,0,0.7937694787979126
3677,4,6,0,0.6671585440635681
3678,1,2,0,0.5998374223709106
3679,0,8,0,0.7176588177680969
3680,0,1,0,0.7694944739341736
3681,2,2,1,0.37762200832366943
3682,3,6,0,0.8088458776473999
3683,8,3,0,0.484149694442749
3684,9,6,0,0.9706780314445496
3685,2,2,1,0.5116559863090515
3686,8,2,0,0.43108367919921875
3687,9,9,1,0.6839328408241272
3688,5,1,0,0.9165235757827759
3689,7,7,1,0.8176113367080688
3690,9,9,1,0.662290096282959
3691,1,3,0,0.5399542450904846
3692,4,4,1,0.4877857267856598
3693,6,5,0,0.7434396147727966
3694,2,2,1,0.6144063472747803
3695,8,3,0,0.7012079358100891
3696,4,6,0,0.7037014961242676
3697,4,6,0,0.9575594067573547
3698,8,5,0,0.8188138008117676
3699,9,1,0,0.7399656772613525
3700,3,9,0,0.4538007080554962
3701,1,1,1,0.3886552155017853
3702,1,1,1,0.4344048798084259
3703,6,6,1,0.806031346321106
3704,5,3,0,0.5197522044181824
3705,8,9,0,0.5646146535873413
3706,4,2,0,0.2985265851020813
3707,6,3,0,0.8165186643600464
3708,4,3,0,0.7575808763504028
3709,5,9,0,0.551203191280365
3710,2,7,0,0.6858299970626831
3711,6,6,1,0.5877159237861633
3712,4,6,0,0.5985095500946045
3713,2,3,0,0.5562933683395386
3714,3,3,1,0.6752212047576904
3715,1,3,0,0.5650593638420105
3716,3,6,0,0.7415949702262878
3717,6,6,1,0.7514957785606384
3718,8,5,0,0.7264773845672607
3719,5,6,0,0.7765007615089417
3720,2,2,1,0.5185015797615051
3721,2,2,1,0.5367836356163025
3722,7,6,0,0.3052019774913788
3723,1,6,0,0.42699018120765686
3724,6,1,0,0.8809934258460999
3725,2,2,1,0.6471638679504395
3726,5,3,0,0.7546257376670837
3727,9,5,0,0.48598673939704895
3728,2,9,0,0.8334081768989563
3729,8,1,0,0.518957257270813
3730,1,1,1,0.5339668393135071
3731,6,9,0,0.7373942136764526
3732,9,3,0,0.49211549758911133
3733,2,5,0,0.8491141200065613
3734,7,9,0,0.3191278278827667
3735,5,5,1,0.6925846338272095
3736,3,9,0,0.4566000998020172
3737,2,2,1,0.43786361813545227
3738,9,9,1,0.8871342539787292
3739,7,3,0,0.5834865570068359
3740,0,0,1,0.4883103370666504
3741,2,2,1,0.585136353969574
3742,9,1,0,0.616123378276825
3743,3,0,0,0.7190625667572021
3744,4,9,0,0.5411128997802734
3745,1,1,1,0.9239705204963684
3746,7,5,0,0.6640525460243225
3747,9,9,1,0.398682564496994
3748,5,5,1,0.5548763275146484
3749,8,2,0,0.6416906714439392
3750,9,1,0,0.6574564576148987
3751,7,5,0,0.6716577410697937
3752,3,3,1,0.5142542719841003
3753,4,6,0,0.9537416696548462
3754,0,3,0,0.6804977059364319
3755,9,1,0,0.7462912201881409
3756,7,1,0,0.9761624336242676
3757,4,6,0,0.81374591588974
3758,2,2,1,0.7644697427749634
3759,4,3,0,0.5872084498405457
3760,7,8,0,0.5674445629119873
3761,0,3,0,0.5600290894508362
3762,1,1,1,0.8036457896232605
3763,8,5,0,0.39813610911369324
3764,1,1,1,0.576008141040802
3765,0,2,0,0.5078788995742798
3766,4,5,0,0.4059267044067383
3767,6,6,1,0.9782592058181763
3768,1,3,0,0.4120967388153076
3769,9,2,0,0.42081794142723083
3770,9,9,1,0.5033219456672668
3771,2,2,1,0.8579578399658203
3772,1,2,0,0.49730414152145386
3773,2,5,0,0.5544082522392273
3774,5,3,0,0.6094653606414795
3775,6,6,1,0.8173657655715942
3776,9,2,0,0.5901474952697754
3777,7,5,0,0.5425915718078613
3778,7,6,0,0.707728922367096
3779,3,3,1,0.6035938858985901
3780,4,2,0,0.4938463866710663
3781,2,4,0,0.7358101010322571
3782,0,0,1,0.5315496921539307
3783,2,9,0,0.5948599576950073
3784,5,5,1,0.5630276799201965
3785,6,6,1,0.47975048422813416
3786,7,5,0,0.575332522392273
3787,3,6,0,0.9098004102706909
3788,7,6,0,0.7173358201980591
3789,9,1,0,0.5277581214904785
3790,4,4,1,0.7498461604118347
3791,2,3,0,0.3072003126144409
3792,0,9,0,0.3873042166233063
3793,6,6,1,0.9221982955932617
3794,1,1,1,0.8680973649024963
3795,7,5,0,0.4700583815574646
3796,5,3,0,0.657741129398346
3797,6,5,0,0.6925349831581116
3798,5,9,0,0.6182711720466614
3799,3,6,0,0.4207014739513397
3800,9,9,1,0.38702741265296936
3801,2,2,1,0.5672903060913086
3802,7,9,0,0.4833499789237976
3803,8,1,0,0.6225649118423462
3804,5,5,1,0.7667056918144226
3805,9,9,1,0.4905790090560913
3806,5,2,0,0.4516601264476776
3807,8,6,0,0.8418377637863159
3808,5,2,0,0.5738043785095215
3809,4,6,0,0.8943972587585449
3810,3,3,1,0.9248679876327515
3811,7,2,0,0.7223626971244812
3812,9,3,0,0.5480717420578003
3813,8,3,0,0.6697125434875488
3814,1,2,0,0.5948159098625183
3815,2,2,1,0.47736304998397827
3816,2,1,0,0.5637994408607483
3817,8,5,0,0.8454656600952148
3818,9,6,0,0.726715624332428
3819,3,5,0,0.9195573925971985
3820,0,3,0,0.5785152316093445
3821,8,6,0,0.5685170292854309
3822,4,3,0,0.6674128770828247
3823,0,1,0,0.49709588289260864
3824,2,9,0,0.35146600008010864
3825,0,8,0,0.31513717770576477
3826,1,7,0,0.43381425738334656
3827,4,6,0,0.5885387063026428
3828,1,3,0,0.483469158411026
3829,8,1,0,0.438945472240448
3830,5,3,0,0.8024468421936035
3831,5,5,1,0.4974687397480011
3832,7,3,0,0.320501446723938
3833,9,3,0,0.5331184267997742
3834,8,3,0,0.5669506788253784
3835,3,6,0,0.7391215562820435
3836,7,9,0,0.5273696184158325
3837,9,1,0,0.431430846452713
3838,1,3,0,0.8893787264823914
3839,5,3,0,0.695567786693573
3840,6,3,0,0.48906829953193665
3841,9,5,0,0.5954260230064392
3842,8,2,0,0.6692124605178833
3843,7,2,0,0.4032810628414154
3844,2,3,0,0.2937675416469574
3845,0,1,0,0.6926558613777161
3846,9,1,0,0.809346079826355
3847,0,9,0,0.6019933819770813
3848,8,2,0,0.6694880127906799
3849,5,2,0,0.6804662346839905
3850,9,9,1,0.6154385209083557
3851,4,9,0,0.5650025606155396
3852,2,7,0,0.32557111978530884
3853,9,3,0,0.6872926950454712
3854,8,6,0,0.6884189248085022
3855,1,1,1,0.7688381671905518
3856,9,9,1,0.6687207818031311
3857,1,1,1,0.6271769404411316
3858,8,2,0,0.5928748846054077
3859,3,3,1,0.660394012928009
3860,7,5,0,0.5522371530532837
3861,6,6,1,0.617151141166687
3862,4,1,0,0.7834386825561523
3863,2,2,1,0.9389750957489014
3864,3,9,0,0.6590752005577087
3865,7,8,0,0.6091599464416504
3866,0,3,0,0.7495711445808411
3867,3,5,0,0.31647953391075134
3868,5,6,0,0.8358935713768005
3869,8,2,0,0.4751983880996704
3870,8,5,0,0.9535135626792908
3871,8,6,0,0.607584536075592
3872,7,6,0,0.7363857626914978
3873,9,8,0,0.49988245964050293
3874,6,6,1,0.519637942314148
3875,2,6,0,0.9774131178855896
3876,7,2,0,0.41809341311454773
3877,4,3,0,0.3760448098182678
3878,5,1,0,0.7489920854568481
3879,7,7,1,0.8930124640464783
3880,6,1,0,0.889689028263092
3881,7,6,0,0.42174485325813293
3882,1,9,0,0.505229651927948
3883,7,1,0,0.5641347765922546
3884,3,2,0,0.4625248908996582
3885,6,2,0,0.47679105401039124
3886,8,8,1,0.4503902196884155
3887,2,5,0,0.6453742980957031
3888,6,1,0,0.73628830909729
3889,6,6,1,0.9778040051460266
3890,7,2,0,0.5611643195152283
3891,1,7,0,0.5467808246612549
3892,5,5,1,0.6223783493041992
3893,9,6,0,0.8159696459770203
3894,7,1,0,0.577178418636322
3895,1,1,1,0.5137034058570862
3896,7,1,0,0.6663621068000793
3897,0,2,0,0.49081844091415405
3898,1,1,1,0.8907719254493713
3899,6,1,0,0.6017082929611206
3900,3,2,0,0.7678086757659912
3901,3,6,0,0.5634689927101135
3902,9,9,1,0.6251517534255981
3903,0,2,0,0.3059883713722229
3904,1,1,1,0.8260655999183655
3905,2,1,0,0.6742591261863708
3906,3,1,0,0.5870422720909119
3907,2,8,0,0.4942454695701599
3908,2,2,1,0.6817454695701599
3909,5,3,0,0.6156498789787292
3910,4,3,0,0.44344693422317505
3911,9,9,1,0.7966521978378296
3912,8,1,0,0.45395201444625854
3913,7,6,0,0.7495900988578796
3914,4,9,0,0.5217995047569275
3915,4,2,0,0.7460185885429382
3916,9,9,1,0.6373586654663086
3917,7,5,0,0.47755005955696106
3918,6,6,1,0.747001588344574
3919,7,3,0,0.6613956093788147
3920,7,2,0,0.48392441868782043
3921,1,6,0,0.6283887028694153
3922,2,9,0,0.6331295967102051
3923,3,9,0,0.506239652633667
3924,5,9,0,0.5073782205581665
3925,1,5,0,0.5239133834838867
3926,9,0,0,0.7782799601554871
3927,0,1,0,0.4610956609249115
3928,3,6,0,0.7986894845962524
3929,3,3,1,0.6144519448280334
3930,1,6,0,0.3878328502178192
3931,5,3,0,0.6591742038726807
3932,6,3,0,0.4344450831413269
3933,6,6,1,0.7151994705200195
3934,2,9,0,0.4041128158569336
3935,4,3,0,0.6742527484893799
3936,6,1,0,0.6310756206512451
3937,8,2,0,0.37281274795532227
3938,8,6,0,0.719295859336853
3939,9,1,0,0.630623459815979
3940,6,2,0,0.4452216625213623
3941,6,6,1,0.9765627384185791
3942,1,1,1,0.4558727443218231
3943,0,0,1,0.31280091404914856
3944,7,5,0,0.5680052042007446
3945,5,2,0,0.49367785453796387
3946,8,3,0,0.6961012482643127
3947,2,8,0,0.27944818139076233
3948,1,3,0,0.5555660128593445
3949,5,3,0,0.7600345015525818
3950,8,3,0,0.86032634973526
3951,1,5,0,0.5248482823371887
3952,4,2,0,0.5531719326972961
3953,7,7,1,0.48790666460990906
3954,5,5,1,0.5647470951080322
3955,0,2,0,0.6899429559707642
3956,3,0,0,0.5187962055206299
3957,9,9,1,0.6070154905319214
3958,9,9,1,0.9313737750053406
3959,5,1,0,0.823853075504303
3960,2,4,0,0.4813042879104614
3961,8,1,0,0.4269920289516449
3962,4,2,0,0.7464355230331421
3963,1,5,0,0.7628957033157349
3964,9,9,1,0.586622953414917
3965,0,9,0,0.3749414384365082
3966,4,2,0,0.6133849620819092
3967,4,4,1,0.7630354762077332
3968,8,2,0,0.5243395566940308
3969,2,2,1,0.8255079984664917
3970,9,6,0,0.8307414054870605
3971,0,5,0,0.5793711543083191
3972,7,3,0,0.5101319551467896
3973,9,3,0,0.6786628365516663
3974,8,2,0,0.3117519021034241
3975,7,2,0,0.5862179398536682
3976,1,3,0,0.5344012379646301
3977,3,6,0,0.9977020621299744
3978,2,6,0,0.8156832456588745
3979,9,9,1,0.6163296103477478
3980,9,9,1,0.6017904877662659
3981,5,3,0,0.7002385258674622
3982,9,9,1,0.9335451722145081
3983,7,1,0,0.7420037984848022
3984,6,3,0,0.6856791973114014
3985,7,3,0,0.6715275049209595
3986,7,2,0,0.43522870540618896
3987,1,9,0,0.8872073888778687
3988,1,6,0,0.9659392237663269
3989,2,2,1,0.630810558795929
3990,4,2,0,0.6710168719291687
3991,2,1,0,0.7820562124252319
3992,0,9,0,0.5275800228118896
3993,6,3,0,0.6723657250404358
3994,8,5,0,0.918659508228302
3995,7,9,0,0.7123132944107056
3996,6,6,1,0.8272361755371094
3997,2,1,0,0.5786393880844116
3998,2,3,0,0.4652714431285858
3999,9,9,1,0.4544251263141632
4000,8,3,0,0.5436722636222839
4001,2,2,1,0.43041858077049255
4002,4,6,0,0.8431962728500366
4003,2,7,0,0.6986026167869568
4004,0,5,0,0.7057353854179382
4005,5,3,0,0.5942583680152893
4006,8,3,0,0.418085515499115
4007,6,3,0,0.5332838296890259
4008,8,9,0,0.7977533340454102
4009,2,2,1,0.8330312967300415
4010,7,3,0,0.44413432478904724
4011,7,1,0,0.5436714887619019
4012,3,3,1,0.6052333116531372
4013,1,6,0,0.7905824780464172
4014,8,5,0,0.8259337544441223
4015,1,1,1,0.8743480443954468
4016,6,3,0,0.6136494874954224
4017,5,6,0,0.7800647616386414
4018,9,1,0,0.5359345078468323
4019,7,6,0,0.39685460925102234
4020,8,2,0,0.43562304973602295
4021,9,2,0,0.4637964069843292
4022,6,6,1,0.9989947080612183
4023,4,3,0,0.6847372651100159
4024,8,1,0,0.9372732639312744
4025,1,1,1,0.8506615161895752
4026,9,1,0,0.45673489570617676
4027,4,2,0,0.6271561980247498
4028,0,5,0,0.5958107113838196
4029,4,4,1,0.2589694559574127
4030,1,1,1,0.6151071190834045
4031,4,3,0,0.7180877327919006
4032,3,9,0,0.5052582621574402
4033,6,1,0,0.5063404440879822
4034,2,2,1,0.598895251750946
4035,2,7,0,0.30887430906295776
4036,7,5,0,0.7172234654426575
4037,0,8,0,0.6466419696807861
4038,0,3,0,0.7564621567726135
4039,7,9,0,0.5564085245132446
4040,0,3,0,0.43098413944244385
4041,7,4,0,0.33672383427619934
4042,4,5,0,0.34070202708244324
4043,3,3,1,0.6350210309028625
4044,6,2,0,0.6999715566635132
4045,7,5,0,0.4191124141216278
4046,7,1,0,0.6060381531715393
4047,4,6,0,0.7759036421775818
4048,5,9,0,0.6551635265350342
4049,4,6,0,0.9734575152397156
4050,3,3,1,0.5330399870872498
4051,5,6,0,0.5630412697792053
4052,5,4,0,0.566174328327179
4053,4,2,0,0.6110877990722656
4054,7,5,0,0.5524221062660217
4055,1,2,0,0.6071197986602783
4056,0,5,0,0.44143733382225037
4057,7,9,0,0.4703083634376526
4058,7,1,0,0.5353747010231018
4059,1,3,0,0.6071436405181885
4060,6,3,0,0.7234983444213867
4061,5,1,0,0.7912964224815369
4062,0,0,1,0.3822397291660309
4063,7,9,0,0.3615925908088684
4064,7,3,0,0.6354513168334961
4065,4,3,0,0.7595388889312744
4066,6,6,1,0.7481579184532166
4067,1,3,0,0.4844721555709839
4068,8,8,1,0.7378392219543457
4069,5,5,1,0.5306271314620972
4070,9,9,1,0.8959222435951233
4071,3,4,0,0.6100414991378784
4072,5,5,1,0.785305380821228
4073,6,9,0,0.6793786883354187
4074,2,3,0,0.6261014938354492
4075,2,3,0,0.47745242714881897
4076,7,5,0,0.48202675580978394
4077,3,3,1,0.6547464728355408
4078,5,0,0,0.3695814609527588
4079,8,8,1,0.6827477216720581
4080,1,1,1,0.8333526849746704
4081,0,3,0,0.6674026250839233
4082,6,3,0,0.879996120929718
4083,8,6,0,0.47071337699890137
4084,7,3,0,0.37449315190315247
4085,8,6,0,0.8305305242538452
4086,8,5,0,0.8277430534362793
4087,5,9,0,0.5613610744476318
4088,7,1,0,0.4982905983924866
4089,5,1,0,0.8134672045707703
4090,4,2,0,0.4174295663833618
4091,9,3,0,0.5494970679283142
4092,7,6,0,0.6400509476661682
4093,3,6,0,0.9825814366340637
4094,3,6,0,0.84547358751297
4095,8,4,0,0.5049239993095398
4096,8,3,0,0.850505530834198
4097,3,3,1,0.7973777651786804
4098,9,5,0,0.5007794499397278
4099,4,5,0,0.6282700300216675
4100,7,1,0,0.5455265641212463
4101,2,2,1,0.7461289167404175
4102,0,2,0,0.4440733790397644
4103,8,9,0,0.8518003225326538
4104,0,2,0,0.3324096202850342
4105,7,6,0,0.426668256521225
4106,3,1,0,0.40466755628585815
4107,3,3,1,0.6424432396888733
4108,2,6,0,0.8429917097091675
4109,5,5,1,0.5100664496421814
4110,2,5,0,0.8569172620773315
4111,4,3,0,0.7246303558349609
4112,4,3,0,0.37200480699539185
4113,0,3,0,0.6313951015472412
4114,4,3,0,0.6951268315315247
4115,8,1,0,0.7433132529258728
4116,2,6,0,0.5720932483673096
4117,4,3,0,0.5294612646102905
4118,0,9,0,0.5983248949050903
4119,6,6,1,0.4603401720523834
4120,4,3,0,0.38949236273765564
4121,5,3,0,0.7579684257507324
4122,6,6,1,0.7264328598976135
4123,0,0,1,0.4079160690307617
4124,8,0,0,0.395123690366745
4125,8,1,0,0.5353471636772156
4126,0,9,0,0.6858461499214172
4127,6,3,0,0.5977280735969543
4128,1,1,1,0.7884928584098816
4129,1,6,0,0.6162294149398804
4130,6,6,1,0.5764492750167847
4131,1,6,0,0.7258604764938354
4132,4,2,0,0.49420976638793945
4133,2,3,0,0.8055706024169922
4134,1,6,0,0.4182354509830475
4135,1,1,1,0.7314068675041199
4136,2,2,1,0.6541695594787598
4137,4,3,0,0.6691114902496338
4138,4,6,0,0.9021855592727661
4139,5,3,0,0.3802005350589752
4140,5,7,0,0.42052537202835083
4141,8,2,0,0.4765315353870392
4142,8,5,0,0.4740982949733734
4143,5,1,0,0.6713420152664185
4144,1,9,0,0.5720872282981873
4145,8,3,0,0.547310471534729
4146,2,3,0,0.8101954460144043
4147,3,9,0,0.7435345649719238
4148,3,3,1,0.7140316367149353
4149,9,9,1,0.7310498952865601
4150,6,1,0,0.5295801758766174
4151,6,1,0,0.5646039843559265
4152,5,2,0,0.4977484941482544
4153,0,5,0,0.7741390466690063
4154,7,5,0,0.8601239919662476
4155,3,6,0,0.4968092739582062
4156,3,6,0,0.5230135321617126
4157,2,3,0,0.5888843536376953
4158,7,3,0,0.7084105014801025
4159,4,6,0,0.6035779118537903
4160,5,3,0,0.8576151728630066
4161,6,6,1,0.927650511264801
4162,0,8,0,0.5777812600135803
4163,2,3,0,0.6220025420188904
4164,1,5,0,0.6154613494873047
4165,8,5,0,0.5720245838165283
4166,1,1,1,0.7155405879020691
4167,0,1,0,0.5067461729049683
4168,9,9,1,0.46776872873306274
4169,3,3,1,0.7862355709075928
4170,1,4,0,0.4566899836063385
4171,0,3,0,0.7989940047264099
4172,5,5,1,0.805667519569397
4173,4,9,0,0.44510260224342346
4174,2,5,0,0.6154945492744446
4175,3,2,0,0.5528226494789124
4176,3,3,1,0.6817755103111267
4177,6,3,0,0.44742119312286377
4178,7,5,0,0.4808686673641205
4179,6,2,0,0.7091901302337646
4180,0,8,0,0.5608392953872681
4181,0,2,0,0.595166027545929
4182,5,4,0,0.27598944306373596
4183,7,3,0,0.6607181429862976
4184,4,4,1,0.6073486804962158
4185,7,1,0,0.6489758491516113
4186,7,7,1,0.6591641306877136
4187,0,2,0,0.7376765608787537
4188,6,3,0,0.688744843006134
4189,1,2,0,0.5155395269393921
4190,3,5,0,0.4439846873283386
4191,9,1,0,0.5807923674583435
4192,0,8,0,0.3235560357570648
4193,9,1,0,0.5372305512428284
4194,0,5,0,0.3790191113948822
4195,3,2,0,0.6090337634086609
4196,8,8,1,0.484305739402771
4197,4,3,0,0.5421419739723206
4198,8,5,0,0.36037564277648926
4199,8,8,1,0.518230676651001
4200,4,6,0,0.44036054611206055
4201,1,9,0,0.5171322226524353
4202,0,5,0,0.4661441147327423
4203,2,9,0,0.6746221780776978
4204,2,1,0,0.47498762607574463
4205,4,3,0,0.673229455947876
4206,1,3,0,0.4200098514556885
4207,1,6,0,0.83828204870224
4208,2,1,0,0.3923450708389282
4209,4,3,0,0.5574929118156433
4210,3,5,0,0.4924182891845703
4211,4,3,0,0.5213391780853271
4212,1,5,0,0.708640992641449
4213,4,2,0,0.7926487922668457
4214,7,3,0,0.7958305478096008
4215,1,1,1,0.7258825302124023
4216,0,2,0,0.9459185004234314
4217,0,5,0,0.5088866353034973
4218,9,9,1,0.5700730681419373
4219,0,9,0,0.5471011400222778
4220,4,9,0,0.4120206832885742
4221,2,1,0,0.494377076625824
4222,8,8,1,0.7880547642707825
4223,8,3,0,0.5098699331283569
4224,5,2,0,0.5258021354675293
4225,5,3,0,0.5206058621406555
4226,0,8,0,0.7436240911483765
4227,4,3,0,0.758052408695221
4228,0,2,0,0.5488344430923462
4229,8,9,0,0.575373649597168
4230,6,3,0,0.5521962642669678
4231,2,2,1,0.41065850853919983
4232,5,5,1,0.8533582091331482
4233,9,9,1,0.7688985466957092
4234,2,5,0,0.33826133608818054
4235,9,3,0,0.6676746010780334
4236,1,1,1,0.9272693395614624
4237,1,9,0,0.44505423307418823
4238,5,3,0,0.6628791689872742
4239,4,6,0,0.6598230004310608
4240,7,8,0,0.4483262002468109
4241,5,3,0,0.8898881077766418
4242,8,0,0,0.3194672763347626
4243,6,6,1,0.6618434190750122
4244,2,1,0,0.7488290667533875
4245,1,2,0,0.6817095875740051
4246,5,5,1,0.5609984993934631
4247,5,2,0,0.5342638492584229
4248,3,6,0,0.5766950249671936
4249,4,9,0,0.5376108288764954
4250,1,6,0,0.6275100111961365
4251,8,7,0,0.6726850271224976
4252,9,9,1,0.9120869040489197
4253,9,9,1,0.9426223635673523
4254,8,3,0,0.4436262249946594
4255,9,9,1,0.7890127301216125
4256,8,8,1,0.4574817717075348
4257,6,6,1,0.995108962059021
4258,8,9,0,0.43972527980804443
4259,5,3,0,0.5866736769676208
4260,8,9,0,0.45310986042022705
4261,9,9,1,0.8043908476829529
4262,4,6,0,0.9977520704269409
4263,6,6,1,0.631080150604248
4264,2,3,0,0.3617280423641205
4265,6,6,1,0.7220202684402466
4266,3,3,1,0.6756365299224854
4267,7,8,0,0.4788911044597626
4268,4,9,0,0.6258183121681213
4269,0,2,0,0.4801163673400879
4270,0,1,0,0.7524842619895935
4271,1,0,0,0.3992807865142822
4272,7,7,1,0.8204097747802734
4273,5,5,1,0.6378355026245117
4274,1,2,0,0.5710613131523132
4275,5,5,1,0.5759810209274292
4276,9,3,0,0.4222867786884308
4277,3,1,0,0.42427772283554077
4278,1,1,1,0.865239143371582
4279,6,1,0,0.5666931867599487
4280,8,6,0,0.39519330859184265
4281,7,1,0,0.5580359697341919
4282,3,1,0,0.4942682981491089
4283,6,9,0,0.7633857131004333
4284,9,6,0,0.4762742519378662
4285,1,0,0,0.662442684173584
4286,2,0,0,0.49497753381729126
4287,0,3,0,0.6987372636795044
4288,1,1,1,0.5751881003379822
4289,7,5,0,0.4953046143054962
4290,2,3,0,0.7122101187705994
4291,6,3,0,0.41231709718704224
4292,1,1,1,0.628359854221344
4293,9,6,0,0.5793337225914001
4294,0,5,0,0.4601861834526062
4295,0,3,0,0.6718098521232605
4296,8,3,0,0.6397222876548767
4297,9,9,1,0.5919593572616577
4298,9,8,0,0.9090654253959656
4299,2,2,1,0.7793381214141846
4300,8,8,1,0.5856289267539978
4301,6,3,0,0.7891823649406433
4302,2,2,1,0.6305867433547974
4303,5,1,0,0.8085913062095642
4304,6,5,0,0.6326197981834412
4305,0,9,0,0.5847576260566711
4306,3,8,0,0.7386627793312073
4307,3,3,1,0.48551222681999207
4308,0,9,0,0.543220043182373
4309,7,2,0,0.7694070339202881
4310,4,9,0,0.4173923134803772
4311,7,1,0,0.8133604526519775
4312,5,3,0,0.4775283634662628
4313,0,5,0,0.5099088549613953
4314,1,1,1,0.8599650263786316
4315,6,3,0,0.7399852275848389
4316,8,2,0,0.6461297273635864
4317,8,3,0,0.7248989343643188
4318,1,3,0,0.6211318969726562
4319,2,8,0,0.6501982808113098
4320,1,5,0,0.6654402017593384
4321,5,3,0,0.663203775882721
4322,4,2,0,0.3874906003475189
4323,5,5,1,0.7081000804901123
4324,9,1,0,0.6647300720214844
4325,6,6,1,0.9433696269989014
4326,7,3,0,0.38957929611206055
4327,1,1,1,0.9240929484367371
4328,0,2,0,0.44643399119377136
4329,6,5,0,0.5945298671722412
4330,9,6,0,0.6369219422340393
4331,2,9,0,0.6886526346206665
4332,7,3,0,0.43112996220588684
4333,7,1,0,0.5299368500709534
4334,3,3,1,0.7498273849487305
4335,9,3,0,0.44107046723365784
4336,9,9,1,0.7555997371673584
4337,1,9,0,0.32851937413215637
4338,9,0,0,0.3369077742099762
4339,7,5,0,0.33303335309028625
4340,0,0,1,0.5934655070304871
4341,1,3,0,0.5174664855003357
4342,3,3,1,0.7870384454727173
4343,5,3,0,0.5294045805931091
4344,4,7,0,0.5765992403030396
4345,6,1,0,0.6723711490631104
4346,3,3,1,0.4563405513763428
4347,8,4,0,0.4570501148700714
4348,8,9,0,0.5230317711830139
4349,0,3,0,0.5935039520263672
4350,4,2,0,0.7409001588821411
4351,8,3,0,0.4434608221054077
4352,3,1,0,0.43856701254844666
4353,6,6,1,0.6878478527069092
4354,7,8,0,0.5791608691215515
4355,0,1,0,0.5635296106338501
4356,0,8,0,0.5512887835502625
4357,4,6,0,0.7545214295387268
4358,5,5,1,0.5974671840667725
4359,2,0,0,0.9213361144065857
4360,6,6,1,0.9414734244346619
4361,8,9,0,0.2907421290874481
4362,4,5,0,0.480027437210083
4363,9,3,0,0.4559977948665619
4364,9,3,0,0.46417587995529175
4365,9,1,0,0.7434170842170715
4366,2,6,0,0.3872417211532593
4367,0,2,0,0.6524460315704346
4368,4,5,0,0.6300340890884399
4369,2,1,0,0.7575215697288513
4370,8,8,1,0.7072283029556274
4371,1,1,1,0.9594127535820007
4372,1,1,1,0.8767579793930054
4373,0,1,0,0.791042685508728
4374,0,6,0,0.6729074716567993
4375,3,5,0,0.29038605093955994
4376,7,6,0,0.9746842384338379
4377,4,6,0,0.8431737422943115
4378,1,6,0,0.8806383609771729
4379,1,5,0,0.7611817121505737
4380,9,9,1,0.7998276948928833
4381,7,4,0,0.4780169725418091
4382,7,8,0,0.7760499119758606
4383,4,6,0,0.903465986251831
4384,6,5,0,0.4447323679924011
4385,8,2,0,0.49828973412513733
4386,6,6,1,0.9496221542358398
4387,0,2,0,0.697761595249176
4388,2,1,0,0.5434907674789429
4389,8,3,0,0.6652541756629944
4390,5,6,0,0.5080006718635559
4391,3,2,0,0.5535186529159546
4392,5,2,0,0.6611137986183167
4393,3,3,1,0.5787422060966492
4394,5,3,0,0.5069488883018494
4395,7,2,0,0.5787086486816406
4396,9,3,0,0.26748254895210266
4397,8,5,0,0.6403948068618774
4398,4,9,0,0.3901279866695404
4399,4,3,0,0.5134395360946655
4400,3,2,0,0.6118673086166382
4401,1,1,1,0.8461105823516846
4402,4,2,0,0.6396664381027222
4403,8,3,0,0.7655534744262695
4404,3,3,1,0.6697323322296143
4405,6,3,0,0.4251595735549927
4406,5,2,0,0.6528753042221069
4407,3,3,1,0.5672853589057922
4408,0,6,0,0.8457885384559631
4409,8,6,0,0.5779733657836914
4410,9,9,1,0.4805122911930084
4411,5,3,0,0.6685242652893066
4412,7,7,1,0.5291200876235962
4413,6,3,0,0.42377224564552307
4414,2,2,1,0.4789418578147888
4415,0,3,0,0.42973166704177856
4416,4,1,0,0.5592372417449951
4417,9,9,1,0.7198178768157959
4418,9,1,0,0.9323291182518005
4419,0,8,0,0.8494974970817566
4420,5,9,0,0.8689859509468079
4421,2,2,1,0.7560613751411438
4422,3,2,0,0.5493143796920776
4423,6,1,0,0.7825473546981812
4424,1,1,1,0.7520769834518433
4425,1,9,0,0.40499213337898254
4426,0,0,1,0.5668825507164001
4427,2,5,0,0.49233585596084595
4428,8,8,1,0.42852964997291565
4429,2,2,1,0.568594217300415
4430,1,6,0,0.3050762712955475
4431,1,6,0,0.8494423031806946
4432,7,9,0,0.8078862428665161
4433,5,3,0,0.5239734053611755
4434,2,8,0,0.329704612493515
4435,3,3,1,0.7141788005828857
4436,4,6,0,0.8663079738616943
4437,1,6,0,0.258602499961853
4438,2,3,0,0.4933801293373108
4439,9,3,0,0.5197771787643433
4440,2,9,0,0.5991011261940002
4441,1,6,0,0.4053686857223511
4442,3,5,0,0.7423408031463623
4443,4,9,0,0.5100242495536804
4444,8,8,1,0.692862868309021
4445,9,9,1,0.4632304012775421
4446,0,9,0,0.5608946084976196
4447,0,3,0,0.5658311247825623
4448,4,6,0,0.9680780172348022
4449,9,6,0,0.2978191673755646
4450,0,3,0,0.2721092104911804
4451,2,2,1,0.5287518501281738
4452,2,2,1,0.6927807927131653
4453,0,2,0,0.716559886932373
4454,6,6,1,0.9922572374343872
4455,8,5,0,0.5753109455108643
4456,7,7,1,0.6172777414321899
4457,3,3,1,0.4696475863456726
4458,3,9,0,0.5967997312545776
4459,8,0,0,0.5454317331314087
4460,9,6,0,0.9748929738998413
4461,0,5,0,0.5417050123214722
4462,2,5,0,0.4608191251754761
4463,5,2,0,0.5211234092712402
4464,3,3,1,0.6230805516242981
4465,6,6,1,0.631820797920227
4466,1,6,0,0.7696846127510071
4467,3,9,0,0.4198381006717682
4468,9,9,1,0.7238163352012634
4469,5,3,0,0.9080309867858887
4470,0,1,0,0.9641034603118896
4471,5,5,1,0.5195916295051575
4472,4,6,0,0.8819883465766907
4473,4,3,0,0.5669942498207092
4474,0,1,0,0.8153204917907715
4475,1,1,1,0.42282888293266296
4476,1,2,0,0.5062711238861084
4477,6,1,0,0.9480858445167542
4478,1,0,0,0.45761731266975403
4479,7,3,0,0.4768773317337036
4480,9,6,0,0.679099440574646
4481,9,6,0,0.798416018486023
4482,6,8,0,0.6123377084732056
4483,2,9,0,0.5857400298118591
4484,4,1,0,0.6868140697479248
4485,3,6,0,0.7257286906242371
4486,8,9,0,0.5844884514808655
4487,3,9,0,0.625103235244751
4488,4,6,0,0.8447733521461487
4489,7,1,0,0.5459505915641785
4490,0,3,0,0.5087538361549377
4491,2,3,0,0.4998782277107239
4492,8,1,0,0.4780687689781189
4493,4,1,0,0.473662406206131
4494,8,1,0,0.515640914440155
4495,3,2,0,0.5670509338378906
4496,8,0,0,0.47930651903152466
4497,8,1,0,0.4528847336769104
4498,8,5,0,0.8404199481010437
4499,3,9,0,0.4993641972541809
4500,3,1,0,0.695030689239502
4501,5,3,0,0.48181483149528503
4502,7,3,0,0.539348840713501
4503,7,3,0,0.7159979343414307
4504,0,5,0,0.7187303900718689
4505,4,3,0,0.596627950668335
4506,1,1,1,0.8050221800804138
4507,5,5,1,0.4596046209335327
4508,9,9,1,0.4060359299182892
4509,7,5,0,0.40196260809898376
4510,0,1,0,0.5001101493835449
4511,6,6,1,0.9653081893920898
4512,8,2,0,0.6739199757575989
4513,4,2,0,0.4813075363636017
4514,9,7,0,0.4548042416572571
4515,0,9,0,0.4040418267250061
4516,1,9,0,0.7222768068313599
4517,8,2,0,0.6115357279777527
4518,9,2,0,0.392602801322937
4519,6,2,0,0.6352869272232056
4520,3,5,0,0.7827737331390381
4521,9,6,0,0.45981425046920776
4522,2,2,1,0.6151003241539001
4523,4,2,0,0.5210803747177124
4524,4,6,0,0.7620454430580139
4525,0,1,0,0.7750190496444702
4526,3,3,1,0.521943986415863
4527,3,3,1,0.6504324078559875
4528,5,6,0,0.38952821493148804
4529,4,6,0,0.8975813984870911
4530,5,1,0,0.5852348804473877
4531,1,2,0,0.34053245186805725
4532,1,6,0,0.7700673937797546
4533,8,2,0,0.5583000779151917
4534,2,6,0,0.8830042481422424
4535,2,6,0,0.6781591176986694
4536,9,1,0,0.49910563230514526
4537,3,6,0,0.8900682330131531
4538,7,5,0,0.572548508644104
4539,8,9,0,0.3601762652397156
4540,9,9,1,0.41838887333869934
4541,2,6,0,0.8918100595474243
4542,3,6,0,0.5841227173805237
4543,1,9,0,0.7843688726425171
4544,7,2,0,0.7331269979476929
4545,3,3,1,0.5571269392967224
4546,2,8,0,0.4160624146461487
4547,3,3,1,0.7083771228790283
4548,0,3,0,0.685440182685852
4549,1,1,1,0.5816441178321838
4550,9,3,0,0.8613594770431519
4551,5,1,0,0.5034840703010559
4552,5,3,0,0.4480326175689697
4553,3,2,0,0.6465467214584351
4554,4,1,0,0.7055751085281372
4555,5,1,0,0.6838110685348511
4556,2,6,0,0.46462711691856384
4557,0,1,0,0.793325662612915
4558,0,6,0,0.6870598196983337
4559,3,5,0,0.5897121429443359
4560,1,3,0,0.4553729295730591
4561,3,5,0,0.6787297129631042
4562,4,3,0,0.7134190797805786
4563,7,2,0,0.37160220742225647
4564,4,9,0,0.2974146902561188
4565,2,3,0,0.5022067427635193
4566,8,5,0,0.6102721095085144
4567,4,2,0,0.7413965463638306
4568,8,2,0,0.7415269017219543
4569,9,9,1,0.7464783191680908
4570,9,6,0,0.7237116098403931
4571,4,3,0,0.7514041066169739
4572,2,3,0,0.5991315841674805
4573,4,6,0,0.9782161116600037
4574,3,3,1,0.3864428699016571
4575,6,6,1,0.9982232451438904
4576,4,6,0,0.8665862083435059
4577,6,6,1,0.5313040614128113
4578,4,6,0,0.8940141797065735
4579,6,6,1,0.9882716536521912
4580,6,3,0,0.6877047419548035
4581,3,9,0,0.5028186440467834
4582,8,3,0,0.5086202621459961
4583,7,2,0,0.8158058524131775
4584,4,3,0,0.5254272818565369
4585,8,2,0,0.7012723088264465
4586,0,2,0,0.42698076367378235
4587,5,1,0,0.5142574310302734
4588,9,0,0,0.5617960691452026
4589,3,1,0,0.653952419757843
4590,9,2,0,0.5111029148101807
4591,0,1,0,0.7107799053192139
4592,7,2,0,0.4247700273990631
4593,5,3,0,0.5083348751068115
4594,1,1,1,0.7399332523345947
4595,9,1,0,0.6001578569412231
4596,7,5,0,0.47463828325271606
4597,9,9,1,0.6743677258491516
4598,1,2,0,0.42952266335487366
4599,8,9,0,0.7258749008178711
4600,4,3,0,0.3420579731464386
4601,2,2,1,0.5331339240074158
4602,1,1,1,0.9372353553771973
4603,6,6,1,0.9593866467475891
4604,4,2,0,0.526388943195343
4605,3,3,1,0.9164379835128784
4606,0,9,0,0.7479953765869141
4607,1,9,0,0.5836204290390015
4608,4,6,0,0.7867333889007568
4609,8,5,0,0.5467466711997986
4610,6,1,0,0.669654905796051
4611,1,1,1,0.948361873626709
4612,7,1,0,0.4180469512939453
4613,1,9,0,0.457084596157074
4614,3,6,0,0.31036683917045593
4615,5,3,0,0.4174545407295227
4616,4,2,0,0.8278937935829163
4617,3,6,0,0.5154467225074768
4618,3,3,1,0.5297909379005432
4619,9,2,0,0.6452379822731018
4620,7,9,0,0.2951522469520569
4621,8,9,0,0.7548147439956665
4622,2,6,0,0.4390205442905426
4623,5,5,1,0.31672295928001404
4624,5,9,0,0.5796924233436584
4625,4,3,0,0.39239054918289185
4626,5,2,0,0.6899474263191223
4627,4,6,0,0.6592358350753784
4628,5,2,0,0.6941019892692566
4629,7,3,0,0.5256602764129639
4630,2,3,0,0.7796890735626221
4631,5,5,1,0.8712244033813477
4632,5,8,0,0.4673505127429962
4633,1,6,0,0.8662583231925964
4634,7,8,0,0.5049481391906738
4635,7,1,0,0.7537151575088501
4636,8,2,0,0.5043133497238159
4637,3,3,1,0.6261901259422302
4638,6,6,1,0.6979643702507019
4639,0,9,0,0.35668230056762695
4640,2,8,0,0.7111148834228516
4641,5,6,0,0.48317304253578186
4642,2,2,1,0.7735313773155212
4643,3,3,1,0.5605752468109131
4644,7,3,0,0.7388333678245544
4645,4,3,0,0.7023449540138245
4646,2,5,0,0.8912139534950256
4647,1,9,0,0.641943633556366
4648,6,1,0,0.6709883213043213
4649,8,0,0,0.49485892057418823
4650,6,6,1,0.9486814737319946
4651,8,5,0,0.7210917472839355
4652,3,1,0,0.8824337720870972
4653,2,4,0,0.6183611750602722
4654,7,6,0,0.6343032717704773
4655,7,1,0,0.41042160987854004
4656,9,9,1,0.4237900972366333
4657,7,9,0,0.2704215347766876
4658,1,6,0,0.7742930054664612
4659,4,4,1,0.5616241097450256
4660,7,2,0,0.43109530210494995
4661,4,3,0,0.5793017148971558
4662,6,2,0,0.6662968397140503
4663,1,5,0,0.8279984593391418
4664,7,2,0,0.8317696452140808
4665,3,3,1,0.7177874445915222
4666,0,1,0,0.41004422307014465
4667,0,1,0,0.6455401182174683
4668,6,6,1,0.4908066689968109
4669,6,2,0,0.5411932468414307
4670,8,5,0,0.5753933191299438
4671,6,3,0,0.6755427122116089
4672,6,6,1,0.8892021179199219
4673,0,5,0,0.8307499885559082
4674,3,3,1,0.49229785799980164
4675,4,6,0,0.5311221480369568
4676,7,3,0,0.5924049019813538
4677,4,3,0,0.5150070786476135
4678,9,8,0,0.33898428082466125
4679,4,3,0,0.4226909875869751
4680,9,9,1,0.6384458541870117
4681,9,9,1,0.696783721446991
4682,3,3,1,0.7186583280563354
4683,4,2,0,0.7281175851821899
4684,1,3,0,0.8404830694198608
4685,4,3,0,0.5002844333648682
4686,0,8,0,0.9289926886558533
4687,3,3,1,0.4141858220100403
4688,7,3,0,0.5888485312461853
4689,1,1,1,0.5524436831474304
4690,2,3,0,0.406380832195282
4691,2,6,0,0.7426418662071228
4692,8,1,0,0.6127338409423828
4693,4,2,0,0.5125819444656372
4694,7,1,0,0.6782642602920532
4695,8,2,0,0.573685348033905
4696,5,2,0,0.5862319469451904
4697,5,5,1,0.5554365515708923
4698,6,8,0,0.6364563703536987
4699,5,9,0,0.6929709911346436
4700,6,5,0,0.46121329069137573
4701,0,5,0,0.6408785581588745
4702,6,6,1,0.6539796590805054
4703,4,1,0,0.8178831338882446
4704,9,1,0,0.8815919756889343
4705,3,9,0,0.6173514127731323
4706,2,1,0,0.8301802277565002
4707,7,3,0,0.9166573882102966
4708,3,6,0,0.5912554860115051
4709,8,3,0,0.8438738584518433
4710,3,3,1,0.5458896160125732
4711,9,1,0,0.5673328042030334
4712,4,6,0,0.6603164076805115
4713,1,0,0,0.3478383719921112
4714,6,3,0,0.5330212116241455
4715,9,6,0,0.6212214231491089
4716,9,3,0,0.47445592284202576
4717,4,3,0,0.582796037197113
4718,3,3,1,0.9548525810241699
4719,9,9,1,0.8153919577598572
4720,8,3,0,0.7043468952178955
4721,1,5,0,0.6243235468864441
4722,6,3,0,0.5276007056236267
4723,9,1,0,0.8448681235313416
4724,5,1,0,0.614008903503418
4725,9,9,1,0.6078477501869202
4726,0,6,0,0.7636162042617798
4727,9,1,0,0.8992466926574707
4728,7,9,0,0.806064784526825
4729,2,6,0,0.8052370548248291
4730,2,6,0,0.9835797548294067
4731,4,5,0,0.5158637166023254
4732,2,6,0,0.9586854577064514
4733,6,6,1,0.6350802779197693
4734,4,3,0,0.6390095353126526
4735,8,9,0,0.5312473177909851
4736,1,5,0,0.5803260803222656
4737,9,2,0,0.4431237578392029
4738,5,1,0,0.5965592265129089
4739,6,9,0,0.8451086282730103
4740,5,3,0,0.7299581170082092
4741,1,1,1,0.7533929944038391
4742,8,8,1,0.7846249938011169
4743,6,3,0,0.3308681845664978
4744,6,5,0,0.48379725217819214
4745,7,9,0,0.7075443267822266
4746,6,6,1,0.9561654925346375
4747,5,7,0,0.6608663201332092
4748,0,9,0,0.5380386114120483
4749,2,6,0,0.702193558216095
4750,7,2,0,0.4657687842845917
4751,6,6,1,0.7469159960746765
4752,1,1,1,0.7804598808288574
4753,2,1,0,0.7695639133453369
4754,3,3,1,0.4697529077529907
4755,1,1,1,0.6996418833732605
4756,6,6,1,0.7638338804244995
4757,4,7,0,0.3858632743358612
4758,9,3,0,0.4680330753326416
4759,0,5,0,0.5789816379547119
4760,3,6,0,0.8143382668495178
4761,9,2,0,0.3626686930656433
4762,1,9,0,0.6417031288146973
4763,0,1,0,0.6178248524665833
4764,5,5,1,0.8344287872314453
4765,3,9,0,0.6013567447662354
4766,1,6,0,0.7638075947761536
4767,6,3,0,0.44111937284469604
4768,9,9,1,0.713024914264679
4769,8,9,0,0.3313705623149872
4770,9,9,1,0.6433912515640259
4771,0,3,0,0.33758345246315
4772,6,6,1,0.710008442401886
4773,1,1,1,0.6793966293334961
4774,6,6,1,0.673255205154419
4775,2,3,0,0.4653582274913788
4776,3,5,0,0.5316285490989685
4777,5,1,0,0.8335744142532349
4778,6,1,0,0.7212587594985962
4779,9,1,0,0.7785366177558899
4780,0,1,0,0.5263132452964783
4781,7,3,0,0.4166622757911682
4782,2,2,1,0.6401738524436951
4783,4,3,0,0.699910044670105
4784,0,9,0,0.7526729702949524
4785,3,9,0,0.5871918201446533
4786,6,9,0,0.37965306639671326
4787,8,3,0,0.5191220641136169
4788,6,3,0,0.7136723399162292
4789,9,5,0,0.6803987622261047
4790,1,2,0,0.5500015020370483
4791,9,9,1,0.7090330123901367
4792,0,1,0,0.6652629375457764
4793,6,2,0,0.47875818610191345
4794,4,3,0,0.5281409025192261
4795,5,9,0,0.7170659303665161
4796,9,9,1,0.5538270473480225
4797,5,1,0,0.5946512818336487
4798,4,8,0,0.6693779826164246
4799,1,5,0,0.6467004418373108
4800,9,9,1,0.40662774443626404
4801,2,6,0,0.6190926432609558
4802,0,1,0,0.7005401849746704
4803,7,3,0,0.6393707394599915
4804,3,3,1,0.6008297801017761
4805,5,1,0,0.7375104427337646
4806,1,9,0,0.8569000959396362
4807,8,8,1,0.9381741881370544
4808,3,1,0,0.49058935046195984
4809,0,9,0,0.5546965599060059
4810,5,3,0,0.5397995114326477
4811,2,2,1,0.6797342896461487
4812,8,5,0,0.7328320145606995
4813,8,5,0,0.579355776309967
4814,3,6,0,0.5235510468482971
4815,9,9,1,0.49636518955230713
4816,6,3,0,0.5629832744598389
4817,0,1,0,0.8651345372200012
4818,3,5,0,0.719500720500946
4819,5,5,1,0.703292965888977
4820,3,9,0,0.551925003528595
4821,4,3,0,0.7702599167823792
4822,1,6,0,0.534757137298584
4823,5,1,0,0.6124935746192932
4824,0,9,0,0.6974838376045227
4825,7,1,0,0.5918574929237366
4826,3,6,0,0.5317097902297974
4827,9,6,0,0.41322773694992065
4828,4,2,0,0.5196405053138733
4829,5,1,0,0.50699782371521
4830,3,3,1,0.6293304562568665
4831,1,9,0,0.48416653275489807
4832,4,4,1,0.7198806405067444
4833,2,6,0,0.9634605646133423
4834,4,1,0,0.668873131275177
4835,9,9,1,0.8159499764442444
4836,9,1,0,0.5101298093795776
4837,7,8,0,0.3353700339794159
4838,1,5,0,0.4732091724872589
4839,7,6,0,0.4537622034549713
4840,0,1,0,0.6537817716598511
4841,1,3,0,0.6976916193962097
4842,2,2,1,0.6003156304359436
4843,1,3,0,0.6175370216369629
4844,5,5,1,0.5881437063217163
4845,3,3,1,0.5109014511108398
4846,8,2,0,0.4332602024078369
4847,4,2,0,0.6318299174308777
4848,1,1,1,0.9604565501213074
4849,5,3,0,0.8376656770706177
4850,1,9,0,0.8965824842453003
4851,9,3,0,0.647652804851532
4852,9,1,0,0.6902720928192139
4853,7,4,0,0.595557451248169
4854,0,3,0,0.5590568780899048
4855,1,2,0,0.7310591340065002
4856,7,7,1,0.35170748829841614
4857,6,6,1,0.8400231599807739
4858,2,2,1,0.615225613117218
4859,6,2,0,0.38888487219810486
4860,5,8,0,0.8700229525566101
4861,0,9,0,0.4002210199832916
4862,3,6,0,0.8469738960266113
4863,1,1,1,0.9054520130157471
4864,3,3,1,0.6578715443611145
4865,8,6,0,0.4765145778656006
4866,9,9,1,0.6269383430480957
4867,9,6,0,0.9108414649963379
4868,0,8,0,0.30973124504089355
4869,8,9,0,0.4133455753326416
4870,8,6,0,0.5795518755912781
4871,7,2,0,0.5237765908241272
4872,9,6,0,0.7978450655937195
4873,2,2,1,0.4478709101676941
4874,9,3,0,0.5575608611106873
4875,1,9,0,0.5914129018783569
4876,3,6,0,0.5059410333633423
4877,6,6,1,0.5932248830795288
4878,7,5,0,0.39587947726249695
4879,6,6,1,0.9938265681266785
4880,0,5,0,0.6082925200462341
4881,8,2,0,0.39034003019332886
4882,6,6,1,0.6778020262718201
4883,2,2,1,0.41818633675575256
4884,4,9,0,0.705233633518219
4885,2,2,1,0.6952534914016724
4886,3,8,0,0.6656688451766968
4887,5,3,0,0.6592264771461487
4888,5,5,1,0.4658208191394806
4889,4,3,0,0.3537824749946594
4890,1,3,0,0.6577277779579163
4891,6,5,0,0.29925745725631714
4892,7,2,0,0.6421183943748474
4893,1,6,0,0.5845117568969727
4894,6,6,1,0.8487339615821838
4895,1,1,1,0.6699238419532776
4896,7,1,0,0.6147636771202087
4897,1,6,0,0.4627326428890228
4898,6,6,1,0.671236515045166
4899,2,2,1,0.6563140749931335
4900,3,1,0,0.7333912253379822
4901,0,5,0,0.646103024482727
4902,4,3,0,0.8506713509559631
4903,2,6,0,0.6739252209663391
4904,9,9,1,0.7709524631500244
4905,7,7,1,0.6359898447990417
4906,5,1,0,0.8267207741737366
4907,5,9,0,0.6581453084945679
4908,6,6,1,0.4868605434894562
4909,0,2,0,0.6017671227455139
4910,8,9,0,0.78183513879776
4911,8,1,0,0.7020606994628906
4912,1,1,1,0.9002025723457336
4913,1,9,0,0.4788554906845093
4914,3,5,0,0.540930449962616
4915,5,3,0,0.592170238494873
4916,6,1,0,0.452382892370224
4917,5,3,0,0.5287368297576904
4918,3,3,1,0.8614135384559631
4919,8,9,0,0.42880016565322876
4920,7,7,1,0.43799760937690735
4921,5,6,0,0.6633365154266357
4922,0,3,0,0.41631150245666504
4923,7,6,0,0.45371535420417786
4924,7,9,0,0.46804919838905334
4925,5,5,1,0.7344269752502441
4926,7,3,0,0.7624688744544983
4927,1,3,0,0.38907569646835327
4928,9,1,0,0.5998312830924988
4929,9,6,0,0.6929047703742981
4930,1,1,1,0.49042895436286926
4931,9,3,0,0.5077111124992371
4932,9,3,0,0.5159463882446289
4933,3,1,0,0.8040673732757568
4934,5,5,1,0.8960264325141907
4935,5,5,1,0.404849648475647
4936,3,3,1,0.6601195931434631
4937,0,8,0,0.4028538465499878
4938,3,9,0,0.500779926776886
4939,0,2,0,0.4199753999710083
4940,6,6,1,0.7770473957061768
4941,6,2,0,0.44184786081314087
4942,5,9,0,0.5771608948707581
4943,6,9,0,0.4701504707336426
4944,8,5,0,0.4658764600753784
4945,9,1,0,0.7019280791282654
4946,4,6,0,0.708688497543335
4947,5,9,0,0.4755253493785858
4948,1,6,0,0.7702873945236206
4949,1,9,0,0.571599543094635
4950,2,2,1,0.7877441048622131
4951,7,5,0,0.4465821087360382
4952,9,9,1,0.659183919429779
4953,0,8,0,0.526910662651062
4954,1,1,1,0.583513081073761
4955,2,9,0,0.7376241087913513
4956,5,5,1,0.7051025629043579
4957,4,2,0,0.3677718937397003
4958,4,1,0,0.6997000575065613
4959,7,9,0,0.6700910329818726
4960,4,6,0,0.8218157291412354
4961,8,9,0,0.43944141268730164
4962,3,3,1,0.6884304285049438
4963,3,3,1,0.6731911301612854
4964,5,5,1,0.5145143866539001
4965,3,3,1,0.6042140126228333
4966,5,5,1,0.5879857540130615
4967,7,9,0,0.789178729057312
4968,0,3,0,0.5861022472381592
4969,1,1,1,0.4388026297092438
4970,2,3,0,0.5584190487861633
4971,9,9,1,0.8678792119026184
4972,8,6,0,0.7346875667572021
4973,1,2,0,0.4816551208496094
4974,7,3,0,0.43983447551727295
4975,3,6,0,0.5312565565109253
4976,5,6,0,0.5260242223739624
4977,9,9,1,0.9683620929718018
4978,1,2,0,0.675995409488678
4979,9,9,1,0.8587430119514465
4980,1,9,0,0.7333797812461853
4981,1,3,0,0.5465840697288513
4982,3,5,0,0.7663352489471436
4983,6,3,0,0.4848176836967468
4984,7,3,0,0.8851882219314575
4985,4,2,0,0.8050669431686401
4986,8,9,0,0.7586524486541748
4987,3,3,1,0.7608224749565125
4988,5,6,0,0.6424872279167175
4989,6,3,0,0.6496648788452148
4990,7,5,0,0.43466806411743164
4991,0,5,0,0.4041726291179657
4992,1,1,1,0.47459715604782104
4993,7,1,0,0.8347179889678955
4994,7,6,0,0.4767448306083679
4995,2,3,0,0.769507110118866
4996,3,0,0,0.4886990785598755
4997,3,3,1,0.7133644819259644
4998,5,1,0,0.8591577410697937
4999,1,3,0,0.7011812329292297
5000,7,3,0,0.3593824505805969
5001,6,9,0,0.6304842233657837
5002,8,1,0,0.8883424997329712
5003,4,6,0,0.5133919715881348
5004,4,4,1,0.5968430042266846
5005,5,2,0,0.6922683715820312
5006,7,3,0,0.4044766128063202
5007,3,3,1,0.5431073904037476
5008,4,4,1,0.813327968120575
5009,7,4,0,0.5775743126869202
5010,7,1,0,0.42633315920829773
5011,3,9,0,0.5575826168060303
5012,6,5,0,0.6715738773345947
5013,0,0,1,0.6603205800056458
5014,7,2,0,0.3925905227661133
5015,2,1,0,0.4355587065219879
5016,6,5,0,0.6660894751548767
5017,7,2,0,0.5064214468002319
5018,4,9,0,0.7596158981323242
5019,1,2,0,0.515906572341919
5020,8,8,1,0.8546292185783386
5021,0,0,1,0.9121885299682617
5022,2,4,0,0.4212667644023895
5023,2,3,0,0.7333849668502808
5024,1,6,0,0.3936571478843689
5025,5,1,0,0.8120420575141907
5026,4,4,1,0.5786738991737366
5027,0,3,0,0.36930200457572937
5028,9,0,0,0.38231146335601807
5029,3,3,1,0.7013923525810242
5030,4,8,0,0.4178980886936188
5031,4,2,0,0.3495747148990631
5032,2,1,0,0.5062236189842224
5033,3,3,1,0.36640238761901855
5034,8,8,1,0.7467626929283142
5035,5,9,0,0.44337403774261475
5036,0,9,0,0.6351282000541687
5037,0,8,0,0.8872109055519104
5038,4,3,0,0.6190031170845032
5039,6,6,1,0.9978626370429993
5040,3,3,1,0.830243706703186
5041,9,1,0,0.7115468978881836
5042,2,6,0,0.7483898401260376
5043,0,5,0,0.5433719158172607
5044,5,6,0,0.8496927618980408
5045,7,2,0,0.746392011642456
5046,5,3,0,0.4384367763996124
5047,5,5,1,0.6945574879646301
5048,1,3,0,0.47949570417404175
5049,7,9,0,0.5024027228355408
5050,3,6,0,0.5081420540809631
5051,1,4,0,0.6433512568473816
5052,6,9,0,0.4368480443954468
5053,7,4,0,0.6955627202987671
5054,9,9,1,0.5564858317375183
5055,0,1,0,0.8245071768760681
5056,1,1,1,0.8568071722984314
5057,2,9,0,0.469763845205307
5058,1,3,0,0.6162474155426025
5059,4,5,0,0.6449515223503113
5060,6,6,1,0.586949348449707
5061,1,3,0,0.8981989622116089
5062,5,5,1,0.46066707372665405
5063,9,9,1,0.8183367252349854
5064,5,1,0,0.486807644367218
5065,0,2,0,0.41579851508140564
5066,4,6,0,0.7535778880119324
5067,9,9,1,0.46327656507492065
5068,4,9,0,0.540902853012085
5069,9,9,1,0.8977631330490112
5070,7,8,0,0.6442953944206238
5071,1,3,0,0.4711441993713379
5072,6,3,0,0.8189710378646851
5073,8,3,0,0.6107056140899658
5074,0,1,0,0.36777281761169434
5075,6,2,0,0.5036879181861877
5076,5,1,0,0.4898937940597534
5077,0,0,1,0.4912373721599579
5078,8,9,0,0.6762829422950745
5079,1,1,1,0.47338247299194336
5080,7,3,0,0.5605719685554504
5081,5,8,0,0.46721595525741577
5082,6,6,1,0.6665055751800537
5083,9,1,0,0.752254843711853
5084,3,7,0,0.6958414316177368
5085,2,5,0,0.40601056814193726
5086,3,1,0,0.4634860157966614
5087,9,3,0,0.46764299273490906
5088,8,3,0,0.8570229411125183
5089,6,6,1,0.6989527940750122
5090,1,9,0,0.6717891693115234
5091,0,1,0,0.5494722723960876
5092,9,3,0,0.7340425848960876
5093,0,5,0,0.7010256052017212
5094,9,2,0,0.6695960164070129
5095,8,9,0,0.4492233693599701
5096,7,1,0,0.4642082750797272
5097,7,6,0,0.389762818813324
5098,5,1,0,0.6759070158004761
5099,2,1,0,0.5103743672370911
5100,3,2,0,0.6380836367607117
5101,5,9,0,0.4998210072517395
5102,5,5,1,0.4182892143726349
5103,7,6,0,0.7514460682868958
5104,8,9,0,0.4699704051017761
5105,7,9,0,0.5588497519493103
5106,6,2,0,0.46761083602905273
5107,9,1,0,0.46446841955184937
5108,1,1,1,0.4876575171947479
5109,9,5,0,0.5282956957817078
5110,8,5,0,0.5388752818107605
5111,6,1,0,0.5416584610939026
5112,5,6,0,0.5593702793121338
5113,6,3,0,0.560181736946106
5114,7,1,0,0.31792619824409485
5115,5,5,1,0.5560356974601746
5116,6,2,0,0.6197434067726135
5117,7,3,0,0.5196181535720825
5118,2,3,0,0.48932239413261414
5119,5,3,0,0.7619819641113281
5120,9,9,1,0.8888749480247498
5121,6,6,1,0.8805666565895081
5122,6,3,0,0.5437250137329102
5123,7,8,0,0.5801878571510315
5124,0,9,0,0.5173659324645996
5125,1,6,0,0.8635521531105042
5126,0,3,0,0.464812695980072
5127,1,3,0,0.5297669768333435
5128,3,3,1,0.5524004101753235
5129,2,9,0,0.31945371627807617
5130,5,9,0,0.4459107220172882
5131,6,3,0,0.5546186566352844
5132,1,6,0,0.6147841811180115
5133,2,6,0,0.6572862267494202
5134,5,6,0,0.9506456851959229
5135,1,7,0,0.47008663415908813
5136,9,9,1,0.5002132654190063
5137,9,2,0,0.44202709197998047
5138,8,2,0,0.526257336139679
5139,6,6,1,0.9900113940238953
5140,8,8,1,0.6629628539085388
5141,6,6,1,0.849077582359314
5142,8,0,0,0.34492939710617065
5143,9,6,0,0.7668107748031616
5144,0,1,0,0.5155043005943298
5145,4,1,0,0.560470700263977
5146,0,3,0,0.6109111905097961
5147,3,3,1,0.5713549256324768
5148,3,3,1,0.6804961562156677
5149,6,6,1,0.8285133838653564
5150,4,6,0,0.9077336192131042
5151,9,3,0,0.8526397943496704
5152,9,5,0,0.46291038393974304
5153,7,1,0,0.6429194808006287
5154,2,6,0,0.4592995345592499
5155,3,1,0,0.36459729075431824
5156,5,5,1,0.6638548970222473
5157,6,6,1,0.9653470516204834
5158,4,2,0,0.46952399611473083
5159,6,6,1,0.9571982026100159
5160,0,5,0,0.56743985414505
5161,3,3,1,0.6746500730514526
5162,7,6,0,0.7562892436981201
5163,5,6,0,0.861019492149353
5164,0,3,0,0.5760502219200134
5165,2,2,1,0.5709043741226196
5166,9,5,0,0.5520527362823486
5167,2,6,0,0.6072432398796082
5168,7,9,0,0.8910572528839111
5169,2,1,0,0.6473830938339233
5170,9,3,0,0.6475114822387695
5171,2,9,0,0.7405107617378235
5172,4,6,0,0.8595257997512817
5173,0,2,0,0.5117738246917725
5174,6,6,1,0.9371177554130554
5175,6,6,1,0.9851581454277039
5176,3,3,1,0.4563314616680145
5177,4,6,0,0.8020009398460388
5178,5,3,0,0.5857470035552979
5179,5,1,0,0.8213159441947937
5180,9,1,0,0.5443883538246155
5181,1,7,0,0.3559202253818512
5182,1,2,0,0.40839868783950806
5183,4,1,0,0.5125311017036438
5184,4,3,0,0.3818335235118866
5185,3,9,0,0.5387933850288391
5186,5,3,0,0.622355580329895
5187,4,3,0,0.6126046776771545
5188,8,5,0,0.8904628157615662
5189,0,2,0,0.4551069438457489
5190,0,3,0,0.5749732851982117
5191,3,3,1,0.5145660638809204
5192,9,5,0,0.5472277998924255
5193,4,3,0,0.47677677869796753
5194,7,3,0,0.7566506862640381
5195,4,2,0,0.4197808504104614
5196,2,2,1,0.6113128066062927
5197,8,9,0,0.48549118638038635
5198,3,1,0,0.25444698333740234
5199,6,6,1,0.5205080509185791
5200,3,3,1,0.5873463153839111
5201,1,9,0,0.5982386469841003
5202,9,6,0,0.8988560438156128
5203,6,6,1,0.9425944685935974
5204,3,3,1,0.9644303321838379
5205,8,1,0,0.6658313274383545
5206,3,3,1,0.32305142283439636
5207,8,5,0,0.49260544776916504
5208,4,2,0,0.7130308151245117
5209,7,5,0,0.33161553740501404
5210,5,3,0,0.4686824679374695
5211,7,3,0,0.5553911328315735
5212,5,5,1,0.4070017635822296
5213,3,9,0,0.5110400319099426
5214,1,2,0,0.5275108218193054
5215,2,1,0,0.5298933982849121
5216,6,6,1,0.9437815546989441
5217,1,2,0,0.5103118419647217
5218,3,5,0,0.5919986367225647
5219,2,3,0,0.5234448313713074
5220,0,5,0,0.4316197633743286
5221,7,3,0,0.5573124289512634
5222,5,5,1,0.5180842876434326
5223,0,1,0,0.9089416265487671
5224,0,9,0,0.3336494565010071
5225,0,9,0,0.5386241674423218
5226,1,1,1,0.8212304711341858
5227,4,2,0,0.4733118414878845
5228,3,1,0,0.4509621858596802
5229,5,3,0,0.48883628845214844
5230,8,5,0,0.671820878982544
5231,4,9,0,0.588729977607727
5232,3,9,0,0.33222565054893494
5233,1,5,0,0.42899900674819946
5234,7,1,0,0.8257207274436951
5235,1,3,0,0.5995356440544128
5236,0,8,0,0.5988612771034241
5237,4,4,1,0.5013034343719482
5238,2,1,0,0.5458734631538391
5239,4,3,0,0.4984627068042755
5240,1,1,1,0.7883433699607849
5241,4,3,0,0.6875787973403931
5242,0,6,0,0.9659084677696228
5243,1,6,0,0.5220901966094971
5244,2,2,1,0.5462956428527832
5245,1,1,1,0.5536673069000244
5246,7,5,0,0.8029391169548035
5247,7,9,0,0.6898601651191711
5248,9,6,0,0.49287641048431396
5249,8,0,0,0.4663708209991455
5250,7,9,0,0.41246867179870605
5251,5,5,1,0.7973958849906921
5252,4,7,0,0.3836202919483185
5253,0,5,0,0.6045668721199036
5254,9,2,0,0.7937610745429993
5255,0,2,0,0.6456759572029114
5256,0,0,1,0.5782339572906494
5257,8,7,0,0.5990362167358398
5258,2,5,0,0.4391419589519501
5259,0,1,0,0.6436377763748169
5260,0,0,1,0.9588173627853394
5261,2,9,0,0.6389870643615723
5262,4,5,0,0.490487277507782
5263,8,3,0,0.5284824967384338
5264,6,1,0,0.5028191804885864
5265,2,9,0,0.7230715155601501
5266,4,5,0,0.7242450714111328
5267,6,4,0,0.6401987671852112
5268,3,8,0,0.6898150444030762
5269,5,6,0,0.6091179251670837
5270,1,9,0,0.5794296860694885
5271,5,3,0,0.6820306777954102
5272,3,3,1,0.41887298226356506
5273,7,9,0,0.6204730272293091
5274,2,6,0,0.7173454165458679
5275,2,5,0,0.33100640773773193
5276,9,6,0,0.7250458002090454
5277,8,0,0,0.48305508494377136
5278,0,2,0,0.6272718906402588
5279,0,8,0,0.6140780448913574
5280,0,0,1,0.4328881800174713
5281,3,6,0,0.9355372786521912
5282,4,4,1,0.4901067912578583
5283,4,4,1,0.5137530565261841
5284,6,6,1,0.8156781196594238
5285,1,9,0,0.7737632393836975
5286,6,6,1,0.8682827353477478
5287,7,5,0,0.6144343018531799
5288,4,1,0,0.7627642154693604
5289,4,2,0,0.5801220536231995
5290,3,3,1,0.65225750207901
5291,9,8,0,0.3862540125846863
5292,4,2,0,0.6232044696807861
5293,0,5,0,0.46586376428604126
5294,8,8,1,0.4301726520061493
5295,0,6,0,0.3421506881713867
5296,4,6,0,0.9199534058570862
5297,6,9,0,0.5043761134147644
5298,5,9,0,0.5471914410591125
5299,7,4,0,0.4568880498409271
5300,9,1,0,0.8730982542037964
5301,7,1,0,0.6922311782836914
5302,0,1,0,0.6714878678321838
5303,5,3,0,0.5620355010032654
5304,7,1,0,0.6280670762062073
5305,7,2,0,0.7315462827682495
5306,3,5,0,0.4184195399284363
5307,1,1,1,0.8813261985778809
5308,9,9,1,0.5225260257720947
5309,3,6,0,0.5688884854316711
5310,0,0,1,0.6720392107963562
5311,9,9,1,0.782094419002533
5312,5,5,1,0.8275327682495117
5313,3,0,0,0.5206801891326904
5314,7,5,0,0.5930318832397461
5315,9,9,1,0.4285561442375183
5316,4,3,0,0.6794119477272034
5317,4,2,0,0.4836057722568512
5318,1,0,0,0.5593412518501282
5319,7,2,0,0.4655497074127197
5320,7,1,0,0.810469925403595
5321,1,9,0,0.6352449059486389
5322,4,4,1,0.9335891604423523
5323,1,1,1,0.8472287058830261
5324,2,6,0,0.9864681959152222
5325,8,0,0,0.5692159533500671
5326,7,3,0,0.5699320435523987
5327,0,9,0,0.9393850564956665
5328,0,3,0,0.4611875116825104
5329,4,1,0,0.7257124781608582
5330,7,3,0,0.48575258255004883
5331,2,2,1,0.6868637204170227
5332,9,9,1,0.6966663002967834
5333,7,2,0,0.6486209630966187
5334,6,3,0,0.4978499412536621
5335,9,9,1,0.6920573711395264
5336,3,6,0,0.9229224920272827
5337,5,1,0,0.34441614151000977
5338,8,5,0,0.48986169695854187
5339,0,9,0,0.4234658181667328
5340,3,3,1,0.6706026792526245
5341,6,6,1,0.992327868938446
5342,8,6,0,0.3754587471485138
5343,3,3,1,0.5312848687171936
5344,2,6,0,0.7973706722259521
5345,4,2,0,0.47845083475112915
5346,7,2,0,0.3337387144565582
5347,1,9,0,0.6703035235404968
5348,1,1,1,0.7113860845565796
5349,3,6,0,0.9449495673179626
5350,9,3,0,0.838858425617218
5351,7,6,0,0.7233624458312988
5352,5,3,0,0.7797840237617493
5353,1,3,0,0.635640025138855
5354,0,3,0,0.7403671145439148
5355,8,8,1,0.8332588076591492
5356,7,9,0,0.39527028799057007
5357,0,3,0,0.7884288430213928
5358,1,1,1,0.7212415933609009
5359,6,3,0,0.5507197976112366
5360,9,9,1,0.4441671073436737
5361,3,2,0,0.4450875520706177
5362,2,1,0,0.4231165647506714
5363,7,5,0,0.6203961372375488
5364,7,1,0,0.42714977264404297
5365,8,1,0,0.5756238102912903
5366,1,3,0,0.49725914001464844
5367,0,3,0,0.6813152432441711
5368,3,5,0,0.4612744152545929
5369,4,9,0,0.5898906588554382
5370,6,3,0,0.6151158213615417
5371,7,7,1,0.41783395409584045
5372,5,3,0,0.7321333289146423
5373,2,2,1,0.37874123454093933
5374,0,8,0,0.8397919535636902
5375,1,3,0,0.4125267267227173
5376,5,3,0,0.9090055823326111
5377,5,5,1,0.8016077876091003
5378,1,6,0,0.5364342331886292
5379,4,3,0,0.6241507530212402
5380,1,9,0,0.7857576012611389
5381,3,3,1,0.6207446455955505
5382,0,6,0,0.7012893557548523
5383,8,3,0,0.6018818020820618
5384,6,3,0,0.9204211831092834
5385,2,3,0,0.6062873005867004
5386,1,5,0,0.5136012434959412
5387,3,5,0,0.37353259325027466
5388,6,5,0,0.5839653611183167
5389,4,3,0,0.7071793675422668
5390,1,9,0,0.5062043070793152
5391,9,5,0,0.6075241565704346
5392,0,1,0,0.5799115300178528
5393,4,5,0,0.5466317534446716
5394,1,1,1,0.5584532618522644
5395,0,5,0,0.8155308365821838
5396,1,3,0,0.5486013293266296
5397,9,2,0,0.7316650748252869
5398,8,3,0,0.3983016610145569
5399,6,1,0,0.3574492931365967
5400,9,2,0,0.4175575375556946
5401,2,2,1,0.502988874912262
5402,4,4,1,0.35299602150917053
5403,7,5,0,0.4150998294353485
5404,2,8,0,0.6011924147605896
5405,2,3,0,0.3996336758136749
5406,7,2,0,0.5486146807670593
5407,4,3,0,0.5802342891693115
5408,9,9,1,0.39929723739624023
5409,1,8,0,0.32735198736190796
5410,3,2,0,0.8216277956962585
5411,2,3,0,0.5469031929969788
5412,6,5,0,0.498504638671875
5413,3,5,0,0.5982432961463928
5414,4,2,0,0.7510989904403687
5415,4,6,0,0.7647599577903748
5416,9,1,0,0.8102890253067017
5417,4,6,0,0.7773726582527161
5418,8,3,0,0.590214192867279
5419,2,6,0,0.7366997599601746
5420,6,3,0,0.6460692286491394
5421,6,1,0,0.6450592279434204
5422,1,5,0,0.8609236478805542
5423,6,6,1,0.9886291027069092
5424,3,3,1,0.6722890734672546
5425,6,6,1,0.8876933455467224
5426,5,6,0,0.6883319616317749
5427,8,1,0,0.7374536395072937
5428,4,9,0,0.3860384225845337
5429,6,6,1,0.9978760480880737
5430,7,9,0,0.6919460892677307
5431,1,1,1,0.8720543384552002
5432,9,5,0,0.5754801034927368
5433,3,9,0,0.5218212008476257
5434,6,6,1,0.829495906829834
5435,7,4,0,0.7750073075294495
5436,6,6,1,0.9641963243484497
5437,0,3,0,0.6558133363723755
5438,7,6,0,0.95450359582901
5439,1,5,0,0.632785975933075
5440,9,1,0,0.7769217491149902
5441,5,9,0,0.47247952222824097
5442,2,2,1,0.4554954171180725
5443,6,6,1,0.7044011354446411
5444,7,1,0,0.3394251763820648
5445,7,9,0,0.5355789661407471
5446,6,9,0,0.5312941074371338
5447,5,2,0,0.6615267992019653
5448,9,5,0,0.8034963607788086
5449,1,1,1,0.41614779829978943
5450,5,1,0,0.6010780930519104
5451,6,6,1,0.7875239253044128
5452,0,9,0,0.8142820000648499
5453,2,5,0,0.6384897828102112
5454,0,2,0,0.7412962913513184
5455,9,3,0,0.6172343492507935
5456,1,9,0,0.772797703742981
5457,8,5,0,0.5904475450515747
5458,3,6,0,0.5760691165924072
5459,5,3,0,0.5118318200111389
5460,0,0,1,0.6922415494918823
5461,0,3,0,0.5388491153717041
5462,0,3,0,0.6229508519172668
5463,5,3,0,0.732423722743988
5464,7,6,0,0.7251700162887573
5465,7,9,0,0.45940059423446655
5466,8,2,0,0.6596828103065491
5467,5,5,1,0.5369355082511902
5468,5,5,1,0.5045942664146423
5469,5,3,0,0.9129201769828796
5470,1,2,0,0.7934711575508118
5471,6,3,0,0.7251932621002197
5472,1,9,0,0.9011686444282532
5473,5,1,0,0.3919011950492859
5474,1,9,0,0.4724806845188141
5475,0,0,1,0.5567371249198914
5476,6,6,1,0.9533767700195312
5477,2,2,1,0.4953279197216034
5478,3,3,1,0.634447455406189
5479,2,2,1,0.6475412249565125
5480,1,1,1,0.361762672662735
5481,7,7,1,0.4915161430835724
5482,5,4,0,0.5291774272918701
5483,1,9,0,0.587524950504303
5484,9,9,1,0.8083289861679077
5485,8,1,0,0.7983879446983337
5486,3,2,0,0.46642380952835083
5487,6,6,1,0.5683351755142212
5488,9,6,0,0.6865296959877014
5489,7,1,0,0.5724018812179565
5490,3,7,0,0.37333792448043823
5491,0,5,0,0.47372570633888245
5492,2,5,0,0.5181612372398376
5493,3,2,0,0.5442672371864319
5494,9,5,0,0.39838457107543945
5495,4,2,0,0.4049266576766968
5496,4,2,0,0.6448677778244019
5497,3,9,0,0.35728582739830017
5498,9,5,0,0.3958737552165985
5499,6,6,1,0.8899509310722351
5500,8,2,0,0.504641592502594
5501,6,6,1,0.8643244504928589
5502,6,6,1,0.6632649898529053
5503,8,5,0,0.773328959941864
5504,5,1,0,0.6232628226280212
5505,4,3,0,0.3889949917793274
5506,3,4,0,0.7430285811424255
5507,6,6,1,0.7559460401535034
5508,7,6,0,0.4636968970298767
5509,7,3,0,0.48537677526474
5510,4,3,0,0.7244383692741394
5511,3,6,0,0.9709081053733826
5512,9,6,0,0.9193674921989441
5513,6,6,1,0.6976841688156128
5514,2,3,0,0.44761428236961365
5515,4,6,0,0.7586047649383545
5516,0,6,0,0.6231455206871033
5517,1,8,0,0.3956373929977417
5518,3,3,1,0.5578219294548035
5519,6,6,1,0.9970524907112122
5520,4,2,0,0.614483654499054
5521,9,1,0,0.7868325710296631
5522,2,1,0,0.5425751805305481
5523,6,6,1,0.9832058548927307
5524,0,1,0,0.8547331094741821
5525,3,2,0,0.36069270968437195
5526,8,1,0,0.6941540241241455
5527,7,2,0,0.5459092259407043
5528,5,6,0,0.7579120993614197
5529,3,9,0,0.4313074052333832
5530,3,9,0,0.5630125999450684
5531,8,6,0,0.6448197960853577
5532,3,6,0,0.5918803215026855
5533,2,0,0,0.604374349117279
5534,6,6,1,0.6370318531990051
5535,3,2,0,0.43555212020874023
5536,6,2,0,0.5091647505760193
5537,2,3,0,0.7142890691757202
5538,7,9,0,0.578755795955658
5539,4,3,0,0.7107605338096619
5540,5,5,1,0.7880493998527527
5541,7,1,0,0.35863158106803894
5542,9,6,0,0.5268756747245789
5543,0,1,0,0.4061047434806824
5544,0,1,0,0.5038294196128845
5545,6,6,1,0.7752785682678223
5546,7,2,0,0.5504580140113831
5547,2,5,0,0.5106883645057678
5548,8,9,0,0.6893532872200012
5549,5,3,0,0.36864805221557617
5550,5,6,0,0.4515126943588257
5551,7,1,0,0.8446248173713684
5552,5,5,1,0.7803974747657776
5553,5,9,0,0.5710492134094238
5554,9,0,0,0.37879613041877747
5555,4,3,0,0.7004835605621338
5556,6,6,1,0.7941638231277466
5557,4,2,0,0.8097573518753052
5558,7,1,0,0.5000844597816467
5559,3,5,0,0.7239513397216797
5560,3,3,1,0.5902592539787292
5561,6,4,0,0.7612961530685425
5562,4,7,0,0.7554957270622253
5563,1,3,0,0.3388277590274811
5564,6,1,0,0.6375339031219482
5565,3,2,0,0.49354636669158936
5566,1,1,1,0.6829877495765686
5567,6,6,1,0.6198717951774597
5568,7,2,0,0.4765318036079407
5569,0,2,0,0.6661729216575623
5570,5,5,1,0.8201025724411011
5571,0,9,0,0.5560899972915649
5572,1,1,1,0.6173312664031982
5573,9,6,0,0.6125912070274353
5574,7,7,1,0.4690585136413574
5575,3,3,1,0.4897336959838867
5576,5,3,0,0.4486082196235657
5577,2,6,0,0.6878149509429932
5578,3,3,1,0.6104626059532166
5579,9,1,0,0.28941571712493896
5580,5,2,0,0.5831276178359985
5581,6,2,0,0.7145167589187622
5582,4,3,0,0.5977790951728821
5583,0,9,0,0.6134480237960815
5584,0,3,0,0.4260123670101166
5585,0,1,0,0.5100736021995544
5586,8,5,0,0.5378614664077759
5587,0,1,0,0.7272304892539978
5588,3,3,1,0.45075270533561707
5589,2,2,1,0.5567103028297424
5590,4,3,0,0.7664539813995361
5591,5,3,0,0.5264753699302673
5592,3,2,0,0.39184242486953735
5593,7,4,0,0.4392903447151184
5594,9,2,0,0.5892623066902161
5595,6,6,1,0.4944217801094055
5596,9,9,1,0.919527530670166
5597,3,3,1,0.4999203681945801
5598,1,9,0,0.35140806436538696
5599,2,5,0,0.6783570647239685
5600,6,9,0,0.7927853465080261
5601,7,1,0,0.8318602442741394
5602,4,5,0,0.5671138167381287
5603,5,5,1,0.46382179856300354
5604,1,1,1,0.4741244316101074
5605,3,6,0,0.8440358638763428
5606,7,1,0,0.6546879410743713
5607,6,3,0,0.7870296835899353
5608,9,1,0,0.9440393447875977
5609,5,3,0,0.7129197120666504
5610,8,9,0,0.42633214592933655
5611,5,1,0,0.8579424023628235
5612,8,3,0,0.23527315258979797
5613,5,5,1,0.721207857131958
5614,8,6,0,0.44384804368019104
5615,5,5,1,0.8648663759231567
5616,6,6,1,0.9660900831222534
5617,5,5,1,0.4801463484764099
5618,0,2,0,0.34663528203964233
5619,8,3,0,0.5029135942459106
5620,3,3,1,0.578450620174408
5621,8,9,0,0.42537224292755127
5622,1,6,0,0.5013973116874695
5623,8,9,0,0.7454529404640198
5624,1,6,0,0.6241427063941956
5625,5,5,1,0.7217137217521667
5626,0,3,0,0.6943062543869019
5627,9,9,1,0.45819786190986633
5628,8,9,0,0.6650608777999878
5629,6,3,0,0.6318380236625671
5630,3,2,0,0.37997886538505554
5631,6,3,0,0.47244390845298767
5632,3,1,0,0.7727676033973694
5633,4,1,0,0.721429705619812
5634,4,3,0,0.3549586534500122
5635,7,2,0,0.7620346546173096
5636,4,3,0,0.5650243163108826
5637,7,7,1,0.730211615562439
5638,4,1,0,0.5258899331092834
5639,3,3,1,0.5296386480331421
5640,2,3,0,0.5152666568756104
5641,4,2,0,0.5932515263557434
5642,5,6,0,0.7846628427505493
5643,5,3,0,0.6718164086341858
5644,7,0,0,0.41652268171310425
5645,5,2,0,0.4536394476890564
5646,4,5,0,0.736072838306427
5647,5,3,0,0.6533717513084412
5648,8,5,0,0.6719589829444885
5649,0,1,0,0.5865193605422974
5650,5,9,0,0.43793532252311707
5651,4,6,0,0.8121099472045898
5652,0,5,0,0.2933267652988434
5653,5,5,1,0.9243654608726501
5654,4,5,0,0.3648291528224945
5655,3,6,0,0.47657886147499084
5656,3,3,1,0.8123708963394165
5657,2,2,1,0.583828330039978
5658,4,3,0,0.6152006983757019
5659,2,1,0,0.4371664524078369
5660,9,1,0,0.6470580101013184
5661,4,6,0,0.922030508518219
5662,8,2,0,0.5309438705444336
5663,8,3,0,0.7071786522865295
5664,6,6,1,0.5722363591194153
5665,2,0,0,0.5156185626983643
5666,6,3,0,0.667682945728302
5667,1,6,0,0.7647707462310791
5668,7,6,0,0.6814482808113098
5669,0,1,0,0.47617703676223755
5670,4,7,0,0.29760950803756714
5671,3,1,0,0.42351043224334717
5672,8,5,0,0.5725825428962708
5673,5,2,0,0.7083877325057983
5674,9,9,1,0.7326414585113525
5675,7,2,0,0.5448842644691467
5676,6,9,0,0.6371811032295227
5677,7,2,0,0.7286276817321777
5678,1,2,0,0.4419780373573303
5679,0,1,0,0.7594505548477173
5680,2,6,0,0.7560123205184937
5681,3,5,0,0.6127317547798157
5682,5,9,0,0.41484174132347107
5683,6,2,0,0.6145109534263611
5684,7,6,0,0.65269935131073
5685,1,3,0,0.6412428617477417
5686,6,6,1,0.9015172123908997
5687,2,5,0,0.53829425573349
5688,8,3,0,0.6825559735298157
5689,3,9,0,0.5890001058578491
5690,7,4,0,0.8709043860435486
5691,2,3,0,0.5931748747825623
5692,5,5,1,0.8533607125282288
5693,7,3,0,0.5372564196586609
5694,5,3,0,0.7258481383323669
5695,7,8,0,0.5306100845336914
5696,7,3,0,0.5176929831504822
5697,1,5,0,0.2871237099170685
5698,7,9,0,0.6858705282211304
5699,4,6,0,0.6971559524536133
5700,3,3,1,0.5594397187232971
5701,3,3,1,0.8660086393356323
5702,4,6,0,0.8772678375244141
5703,0,3,0,0.6123988032341003
5704,4,6,0,0.9676589965820312
5705,2,5,0,0.588304340839386
5706,7,6,0,0.7092653512954712
5707,0,6,0,0.33168718218803406
5708,2,2,1,0.7230213284492493
5709,2,3,0,0.47944483160972595
5710,6,2,0,0.5579617619514465
5711,6,6,1,0.6951127648353577
5712,2,1,0,0.8433272838592529
5713,5,5,1,0.7333784699440002
5714,2,0,0,0.41872715950012207
5715,6,6,1,0.601528525352478
5716,0,1,0,0.4485971927642822
5717,6,6,1,0.41989046335220337
5718,1,9,0,0.42072793841362
5719,2,2,1,0.745350182056427
5720,9,1,0,0.7696923613548279
5721,0,0,1,0.7153749465942383
5722,0,1,0,0.5212026238441467
5723,1,1,1,0.7952334880828857
5724,5,5,1,0.45230555534362793
5725,5,1,0,0.596065878868103
5726,1,9,0,0.4582325518131256
5727,6,6,1,0.6711606979370117
5728,7,9,0,0.5729483962059021
5729,8,5,0,0.43907061219215393
5730,5,6,0,0.5441043376922607
5731,6,2,0,0.5844218730926514
5732,3,9,0,0.38040676712989807
5733,3,5,0,0.7467095851898193
5734,6,3,0,0.4835484027862549
5735,0,1,0,0.6181156039237976
5736,9,9,1,0.6501576900482178
5737,9,1,0,0.7534563541412354
5738,2,2,1,0.4157232940196991
5739,2,6,0,0.7631886601448059
5740,6,6,1,0.6693105697631836
5741,1,9,0,0.3625231087207794
5742,4,5,0,0.6342649459838867
5743,6,1,0,0.635132908821106
5744,2,7,0,0.6167517900466919
5745,5,3,0,0.8206910490989685
5746,7,7,1,0.3776356279850006
5747,8,3,0,0.8308206796646118
5748,8,3,0,0.5259691476821899
5749,5,3,0,0.795620858669281
5750,6,3,0,0.8628288507461548
5751,4,8,0,0.9213249683380127
5752,3,3,1,0.48484736680984497
5753,2,6,0,0.865585446357727
5754,3,3,1,0.4992746412754059
5755,4,6,0,0.7851054668426514
5756,4,5,0,0.6320866942405701
5757,4,2,0,0.4313984811306
5758,8,6,0,0.6534498929977417
5759,9,9,1,0.8818113207817078
5760,2,6,0,0.9476523399353027
5761,6,6,1,0.7412725687026978
5762,0,8,0,0.4672847390174866
5763,9,9,1,0.38910719752311707
5764,7,3,0,0.26135706901550293
5765,9,1,0,0.5557714104652405
5766,8,3,0,0.36877235770225525
5767,7,3,0,0.44293561577796936
5768,7,6,0,0.6208354830741882
5769,3,6,0,0.7754051685333252
5770,8,3,0,0.9403883814811707
5771,2,2,1,0.7750067710876465
5772,9,5,0,0.46784165501594543
5773,3,3,1,0.5500355958938599
5774,5,5,1,0.4839326739311218
5775,7,6,0,0.6378912329673767
5776,5,5,1,0.6026864051818848
5777,8,6,0,0.8282885551452637
5778,7,1,0,0.4303400218486786
5779,3,3,1,0.8609670996665955
5780,7,7,1,0.8658562898635864
5781,0,1,0,0.46623191237449646
5782,7,6,0,0.34639841318130493
5783,1,6,0,0.6853506565093994
5784,6,6,1,0.6351812481880188
5785,2,5,0,0.32183489203453064
5786,4,6,0,0.8499088287353516
5787,0,1,0,0.7548840045928955
5788,0,3,0,0.6015856862068176
5789,2,6,0,0.7319971919059753
5790,9,3,0,0.684818685054779
5791,8,8,1,0.40320003032684326
5792,2,3,0,0.7375436425209045
5793,8,8,1,0.7766993045806885
5794,7,3,0,0.39656180143356323
5795,7,6,0,0.679962158203125
5796,5,3,0,0.7373325228691101
5797,5,2,0,0.7240853905677795
5798,0,4,0,0.35982441902160645
5799,1,1,1,0.8420200347900391
5800,2,4,0,0.5373044013977051
5801,9,1,0,0.7674340009689331
5802,6,6,1,0.7584819197654724
5803,1,5,0,0.6686157584190369
5804,0,1,0,0.7061676979064941
5805,1,1,1,0.8862767219543457
5806,0,7,0,0.4319363236427307
5807,6,6,1,0.732365071773529
5808,5,1,0,0.879562258720398
5809,0,1,0,0.8284423351287842
5810,5,5,1,0.7663754820823669
5811,7,1,0,0.4782176613807678
5812,4,3,0,0.4249420166015625
5813,4,3,0,0.5511236786842346
5814,8,1,0,0.7513445019721985
5815,3,3,1,0.5229920148849487
5816,5,2,0,0.49430227279663086
5817,3,3,1,0.5901275277137756
5818,7,7,1,0.5870757699012756
5819,2,5,0,0.4626978039741516
5820,5,6,0,0.4833608567714691
5821,8,3,0,0.5374954342842102
5822,3,6,0,0.4908126890659332
5823,5,3,0,0.6757125854492188
5824,7,8,0,0.5592555403709412
5825,3,3,1,0.7816002368927002
5826,7,9,0,0.4780873954296112
5827,0,2,0,0.46610787510871887
5828,5,5,1,0.7520899772644043
5829,4,6,0,0.44539278745651245
5830,5,4,0,0.45397889614105225
5831,6,6,1,0.4137876629829407
5832,9,6,0,0.3696920871734619
5833,3,5,0,0.7273846864700317
5834,5,9,0,0.4031066596508026
5835,3,0,0,0.4196396470069885
5836,8,6,0,0.5498527884483337
5837,2,2,1,0.6873279213905334
5838,4,2,0,0.5249869227409363
5839,2,9,0,0.5677241086959839
5840,2,1,0,0.528575599193573
5841,6,6,1,0.6491686701774597
5842,7,3,0,0.7867341637611389
5843,6,6,1,0.6299239993095398
5844,0,9,0,0.7324506640434265
5845,5,5,1,0.315991073846817
5846,5,3,0,0.6083728671073914
5847,8,6,0,0.8994671106338501
5848,4,3,0,0.5737310647964478
5849,5,1,0,0.7266904711723328
5850,6,6,1,0.7382799386978149
5851,1,2,0,0.7359191179275513
5852,3,3,1,0.5820252299308777
5853,5,2,0,0.5013574361801147
5854,4,3,0,0.5869452953338623
5855,7,2,0,0.5261719822883606
5856,3,4,0,0.850843608379364
5857,0,9,0,0.6017484664916992
5858,7,7,1,0.49031689763069153
5859,2,6,0,0.9607168436050415
5860,0,1,0,0.7453120946884155
5861,1,3,0,0.6025334596633911
5862,2,5,0,0.3775973916053772
5863,4,3,0,0.6292372345924377
5864,9,9,1,0.5023741722106934
5865,6,9,0,0.5966756343841553
5866,4,6,0,0.7954319715499878
5867,5,6,0,0.6159622073173523
5868,9,1,0,0.40020057559013367
5869,7,1,0,0.4929659068584442
5870,7,6,0,0.8381649255752563
5871,6,2,0,0.8323312401771545
5872,7,6,0,0.42983001470565796
5873,4,3,0,0.7076535820960999
5874,3,3,1,0.6357764005661011
5875,1,1,1,0.9219377636909485
5876,6,6,1,0.9459988474845886
5877,9,9,1,0.6473616361618042
5878,4,3,0,0.5615434646606445
5879,8,1,0,0.5892177224159241
5880,0,3,0,0.48332685232162476
5881,3,2,0,0.4073505103588104
5882,1,1,1,0.6747921705245972
5883,6,3,0,0.6638843417167664
5884,4,3,0,0.8446136116981506
5885,4,4,1,0.8145133256912231
5886,2,4,0,0.5574160218238831
5887,1,1,1,0.8891205787658691
5888,4,3,0,0.6113379597663879
5889,6,1,0,0.6483027935028076
5890,3,5,0,0.39719727635383606
5891,0,0,1,0.7534629702568054
5892,8,3,0,0.532478392124176
5893,9,2,0,0.49526581168174744
5894,7,1,0,0.35034480690956116
5895,6,6,1,0.9587164521217346
5896,8,2,0,0.32189786434173584
5897,4,2,0,0.5640382170677185
5898,8,3,0,0.6370172500610352
5899,1,1,1,0.5748559832572937
5900,4,2,0,0.3291189968585968
5901,5,5,1,0.6900292634963989
5902,9,8,0,0.7970287799835205
5903,4,5,0,0.6203835010528564
5904,7,7,1,0.6553651094436646
5905,1,6,0,0.6965765953063965
5906,4,3,0,0.4742441475391388
5907,5,6,0,0.6045222878456116
5908,3,3,1,0.5124322772026062
5909,1,1,1,0.42379361391067505
5910,2,5,0,0.6849709749221802
5911,6,6,1,0.8398876190185547
5912,4,1,0,0.7703258991241455
5913,7,4,0,0.5918133854866028
5914,1,1,1,0.5166961550712585
5915,5,5,1,0.766603946685791
5916,9,9,1,0.5870978236198425
5917,3,6,0,0.5391886830329895
5918,1,1,1,0.8541581630706787
5919,4,9,0,0.649683952331543
5920,8,7,0,0.4789525270462036
5921,7,6,0,0.43196964263916016
5922,7,2,0,0.6782333850860596
5923,0,5,0,0.6994927525520325
5924,4,2,0,0.7273021936416626
5925,3,5,0,0.7346771955490112
5926,4,1,0,0.5687007308006287
5927,6,1,0,0.35023340582847595
5928,7,1,0,0.4500885009765625
5929,7,2,0,0.45438194274902344
5930,5,6,0,0.5595338940620422
5931,4,4,1,0.5282143354415894
5932,4,2,0,0.63082355260849
5933,4,3,0,0.5170748233795166
5934,3,6,0,0.7435975074768066
5935,6,6,1,0.8687871098518372
5936,6,6,1,0.8883566856384277
5937,1,5,0,0.8521152138710022
5938,9,9,1,0.6893317699432373
5939,9,9,1,0.47295311093330383
5940,7,3,0,0.6364510655403137
5941,9,9,1,0.6151382923126221
5942,4,2,0,0.7648795247077942
5943,3,3,1,0.652542233467102
5944,2,3,0,0.6215179562568665
5945,9,9,1,0.8857063055038452
5946,8,3,0,0.7455551028251648
5947,5,5,1,0.6373225450515747
5948,0,0,1,0.7058321237564087
5949,6,6,1,0.709898829460144
5950,9,5,0,0.5265189409255981
5951,0,0,1,0.5566464066505432
5952,9,9,1,0.504580020904541
5953,7,3,0,0.6117662191390991
5954,8,1,0,0.4834273159503937
5955,5,0,0,0.5016230344772339
5956,4,2,0,0.4911971688270569
5957,4,3,0,0.47608619928359985
5958,9,9,1,0.5009796023368835
5959,4,5,0,0.4534236788749695
5960,2,2,1,0.4899877607822418
5961,6,4,0,0.4548378884792328
5962,6,9,0,0.5937009453773499
5963,9,9,1,0.837723433971405
5964,9,9,1,0.7110662460327148
5965,7,3,0,0.5140964388847351
5966,9,6,0,0.8747571110725403
5967,9,1,0,0.548113226890564
5968,0,5,0,0.41448378562927246
5969,5,1,0,0.730021059513092
5970,1,6,0,0.5538707375526428
5971,1,1,1,0.5267150402069092
5972,8,9,0,0.5720375776290894
5973,6,2,0,0.6580110192298889
5974,9,9,1,0.3826955258846283
5975,9,9,1,0.9696627259254456
5976,5,3,0,0.5594304800033569
5977,6,6,1,0.36613163352012634
5978,5,2,0,0.5637980699539185
5979,5,9,0,0.6403250098228455
5980,9,9,1,0.5759456157684326
5981,7,1,0,0.5283623337745667
5982,9,9,1,0.6366944313049316
5983,4,2,0,0.4824424386024475
5984,5,5,1,0.7438754439353943
5985,4,3,0,0.4813712537288666
5986,3,9,0,0.3500645160675049
5987,3,6,0,0.9500039219856262
5988,9,9,1,0.7348695993423462
5989,8,5,0,0.4614959955215454
5990,8,0,0,0.43761247396469116
5991,3,1,0,0.6991806030273438
5992,4,1,0,0.5534330606460571
5993,8,3,0,0.7432823777198792
5994,4,2,0,0.5173587799072266
5995,0,2,0,0.7906270623207092
5996,4,2,0,0.7869663238525391
5997,0,0,1,0.5043355226516724
5998,7,3,0,0.45125338435173035
5999,2,1,0,0.8151848316192627
6000,8,2,0,0.578371524810791
6001,0,9,0,0.5268750190734863
6002,2,3,0,0.6345024108886719
6003,0,0,1,0.828395426273346
6004,7,2,0,0.4489656686782837
6005,4,6,0,0.9497730135917664
6006,0,3,0,0.4103376269340515
6007,6,2,0,0.7233409881591797
6008,3,3,1,0.5088611841201782
6009,3,2,0,0.5430906414985657
6010,1,1,1,0.711153507232666
6011,7,9,0,0.640263557434082
6012,4,9,0,0.4202186167240143
6013,6,1,0,0.615952730178833
6014,5,5,1,0.6230347752571106
6015,0,9,0,0.7185062170028687
6016,4,6,0,0.8896170854568481
6017,9,3,0,0.6116852760314941
6018,5,5,1,0.4941885471343994
6019,6,9,0,0.4562859535217285
6020,6,6,1,0.928022563457489
6021,3,3,1,0.44861963391304016
6022,0,9,0,0.6972811818122864
6023,5,3,0,0.7806742787361145
6024,2,3,0,0.5155470967292786
6025,6,6,1,0.8601609468460083
6026,3,6,0,0.9322729110717773
6027,3,1,0,0.7140174508094788
6028,8,6,0,0.3861353397369385
6029,0,5,0,0.5005942583084106
6030,8,5,0,0.35715600848197937
6031,5,0,0,0.5274355411529541
6032,4,2,0,0.6642096042633057
6033,2,1,0,0.5725759267807007
6034,9,9,1,0.826342761516571
6035,5,9,0,0.6463238596916199
6036,0,9,0,0.5378953814506531
6037,5,1,0,0.4539359211921692
6038,4,4,1,0.4460705518722534
6039,8,1,0,0.9332934617996216
6040,2,9,0,0.8312768936157227
6041,7,2,0,0.4831526279449463
6042,6,3,0,0.676059901714325
6043,5,3,0,0.4164648950099945
6044,7,3,0,0.6460981369018555
6045,8,8,1,0.3849503993988037
6046,2,2,1,0.8294501900672913
6047,0,9,0,0.9159047603607178
6048,1,1,1,0.9483957886695862
6049,8,9,0,0.39835453033447266
6050,2,3,0,0.7584002017974854
6051,4,3,0,0.6489008665084839
6052,8,5,0,0.49296605587005615
6053,4,3,0,0.7157137393951416
6054,3,5,0,0.627138078212738
6055,0,1,0,0.58573317527771
6056,4,3,0,0.6406189799308777
6057,0,2,0,0.6534174680709839
6058,1,3,0,0.7483223676681519
6059,9,5,0,0.6797569990158081
6060,3,3,1,0.7214210629463196
6061,0,5,0,0.6351187229156494
6062,3,3,1,0.3848477900028229
6063,6,3,0,0.49916693568229675
6064,5,5,1,0.8327606320381165
6065,5,3,0,0.5552225112915039
6066,2,6,0,0.6701220273971558
6067,8,8,1,0.9534194469451904
6068,5,2,0,0.8018097877502441
6069,0,3,0,0.6588927507400513
6070,8,9,0,0.7278414964675903
6071,7,4,0,0.4862804710865021
6072,5,2,0,0.4499625563621521
6073,2,1,0,0.5070024132728577
6074,4,5,0,0.6033249497413635
6075,3,1,0,0.5587252974510193
6076,7,1,0,0.47169244289398193
6077,0,2,0,0.5286353826522827
6078,2,5,0,0.35693874955177307
6079,3,5,0,0.5275720357894897
6080,1,1,1,0.7369176149368286
6081,0,2,0,0.5994297862052917
6082,0,3,0,0.5212032198905945
6083,2,2,1,0.39698004722595215
6084,1,6,0,0.656218409538269
6085,2,3,0,0.5775749683380127
6086,1,3,0,0.4572763442993164
6087,4,6,0,0.5810046792030334
6088,6,6,1,0.9649848937988281
6089,7,4,0,0.7996110916137695
6090,1,6,0,0.5119242072105408
6091,0,3,0,0.6597089171409607
6092,5,2,0,0.6590120196342468
6093,2,3,0,0.4939756691455841
6094,5,1,0,0.335343599319458
6095,9,1,0,0.8031308650970459
6096,2,6,0,0.8482576608657837
6097,5,3,0,0.5748452544212341
6098,6,6,1,0.860261857509613
6099,7,0,0,0.5506333112716675
6100,1,3,0,0.3826347887516022
6101,9,6,0,0.5386261343955994
6102,3,3,1,0.41002553701400757
6103,6,2,0,0.48006653785705566
6104,1,6,0,0.5513238906860352
6105,0,0,1,0.8003812432289124
6106,2,6,0,0.5264097452163696
6107,9,1,0,0.7057099938392639
6108,4,5,0,0.45627379417419434
6109,2,4,0,0.7567938566207886
6110,9,1,0,0.8412730097770691
6111,3,9,0,0.4906134009361267
6112,8,8,1,0.695472002029419
6113,2,6,0,0.5693243145942688
6114,9,4,0,0.46493420004844666
6115,8,3,0,0.5125858187675476
6116,5,4,0,0.5330933928489685
6117,1,3,0,0.5158978700637817
6118,0,2,0,0.620818555355072
6119,1,0,0,0.5131851434707642
6120,5,3,0,0.5257374048233032
6121,2,3,0,0.7806248068809509
6122,5,3,0,0.7103912234306335
6123,6,6,1,0.8839893341064453
6124,8,9,0,0.6970471739768982
6125,8,9,0,0.590336799621582
6126,3,3,1,0.7862361669540405
6127,5,4,0,0.5369770526885986
6128,0,3,0,0.6243115067481995
6129,4,1,0,0.7108751535415649
6130,1,2,0,0.5750945806503296
6131,3,9,0,0.7019400596618652
6132,7,3,0,0.4501212537288666
6133,0,3,0,0.5845450758934021
6134,3,6,0,0.9655420184135437
6135,3,3,1,0.4901432991027832
6136,9,3,0,0.5111926198005676
6137,2,2,1,0.4663139581680298
6138,3,3,1,0.4139516353607178
6139,9,5,0,0.4880645275115967
6140,9,3,0,0.6305077075958252
6141,8,1,0,0.5443843603134155
6142,5,9,0,0.5347948670387268
6143,9,1,0,0.3714594542980194
6144,7,5,0,0.45762455463409424
6145,2,2,1,0.5430103540420532
6146,0,1,0,0.47530069947242737
6147,9,9,1,0.7844952344894409
6148,4,6,0,0.6055591106414795
6149,7,7,1,0.577877938747406
6150,1,9,0,0.3917577862739563
6151,7,3,0,0.5527553558349609
6152,6,3,0,0.8339165449142456
6153,4,4,1,0.6253646016120911
6154,4,1,0,0.49262019991874695
6155,8,8,1,0.619213879108429
6156,9,9,1,0.3340890407562256
6157,0,3,0,0.5069324970245361
6158,7,2,0,0.43275895714759827
6159,1,1,1,0.5659614205360413
6160,2,9,0,0.5333028435707092
6161,4,4,1,0.5358080863952637
6162,0,3,0,0.5490995049476624
6163,3,9,0,0.6726181507110596
6164,7,3,0,0.3163321316242218
6165,5,5,1,0.6638466715812683
6166,1,1,1,0.47509151697158813
6167,9,5,0,0.49872133135795593
6168,3,2,0,0.5744464993476868
6169,5,4,0,0.44318485260009766
6170,2,6,0,0.8309517502784729
6171,4,1,0,0.7483186721801758
6172,1,2,0,0.3025569021701813
6173,1,3,0,0.817054033279419
6174,3,3,1,0.3031805157661438
6175,3,3,1,0.7265938520431519
6176,9,6,0,0.34221240878105164
6177,2,3,0,0.6237449645996094
6178,5,3,0,0.4784091114997864
6179,8,5,0,0.6937076449394226
6180,0,9,0,0.3812858462333679
6181,8,2,0,0.5806523561477661
6182,1,5,0,0.5471997261047363
6183,5,3,0,0.7219512462615967
6184,1,2,0,0.5574254989624023
6185,5,1,0,0.6630736589431763
6186,9,9,1,0.8884617686271667
6187,0,3,0,0.7521493434906006
6188,9,9,1,0.6221557259559631
6189,2,2,1,0.9012070894241333
6190,4,6,0,0.5284702181816101
6191,0,1,0,0.794039249420166
6192,6,6,1,0.8799938559532166
6193,9,3,0,0.4905363917350769
6194,1,2,0,0.6614276170730591
6195,1,3,0,0.6834875345230103
6196,3,1,0,0.5819823145866394
6197,4,6,0,0.5071069002151489
6198,9,9,1,0.970439076423645
6199,5,5,1,0.5275877714157104
6200,3,5,0,0.505858302116394
6201,3,4,0,0.5288587212562561
6202,3,6,0,0.46101510524749756
6203,3,5,0,0.5499613881111145
6204,4,9,0,0.4199056625366211
6205,1,9,0,0.618567705154419
6206,5,1,0,0.6906735301017761
6207,9,8,0,0.8966625928878784
6208,8,9,0,0.7056126594543457
6209,7,3,0,0.6932658553123474
6210,4,5,0,0.6676884293556213
6211,8,6,0,0.7764618396759033
6212,7,7,1,0.64037024974823
6213,3,3,1,0.5610098242759705
6214,5,6,0,0.7930868864059448
6215,2,6,0,0.6795780658721924
6216,5,5,1,0.8733553290367126
6217,8,3,0,0.4618307650089264
6218,9,6,0,0.9304640293121338
6219,7,5,0,0.6104602813720703
6220,2,3,0,0.834937334060669
6221,0,1,0,0.5264604687690735
6222,0,3,0,0.9112580418586731
6223,7,9,0,0.7477787137031555
6224,5,2,0,0.42838406562805176
6225,3,6,0,0.8813168406486511
6226,5,5,1,0.35475853085517883
6227,7,1,0,0.8687203526496887
6228,4,3,0,0.8769446015357971
6229,6,9,0,0.3551488220691681
6230,2,3,0,0.7842056751251221
6231,8,1,0,0.34635764360427856
6232,2,1,0,0.8354456424713135
6233,7,3,0,0.4751344919204712
6234,7,8,0,0.4342915713787079
6235,6,3,0,0.8802937865257263
6236,1,9,0,0.45981162786483765
6237,3,6,0,0.41291359066963196
6238,8,0,0,0.6325198411941528
6239,6,2,0,0.5452846884727478
6240,2,5,0,0.5214385986328125
6241,0,8,0,0.4310215711593628
6242,4,5,0,0.40786290168762207
6243,4,6,0,0.9873258471488953
6244,8,1,0,0.5584940314292908
6245,6,6,1,0.5662381649017334
6246,4,6,0,0.9327927827835083
6247,0,5,0,0.7272291779518127
6248,2,1,0,0.37008869647979736
6249,5,6,0,0.7289683222770691
6250,4,5,0,0.5677335858345032
6251,1,3,0,0.3991042673587799
6252,2,1,0,0.8561259508132935
6253,5,2,0,0.47329282760620117
6254,4,6,0,0.9513160586357117
6255,6,6,1,0.7984622716903687
6256,9,9,1,0.5706238746643066
6257,5,6,0,0.5157598257064819
6258,0,1,0,0.4734661281108856
6259,5,3,0,0.46136659383773804
6260,2,2,1,0.6442577838897705
6261,0,5,0,0.6728866696357727
6262,8,2,0,0.546077311038971
6263,2,2,1,0.5138643980026245
6264,6,4,0,0.5073278546333313
6265,4,3,0,0.6504497528076172
6266,7,5,0,0.6684176325798035
6267,9,1,0,0.7407424449920654
6268,5,3,0,0.5168894529342651
6269,7,9,0,0.8148318529129028
6270,2,6,0,0.6058472990989685
6271,6,6,1,0.9227553606033325
6272,2,3,0,0.8406699895858765
6273,1,3,0,0.605432391166687
6274,9,3,0,0.6978244781494141
6275,9,6,0,0.8415729403495789
6276,7,6,0,0.5515815615653992
6277,2,5,0,0.8255358338356018
6278,5,5,1,0.5408086180686951
6279,1,8,0,0.4323063790798187
6280,8,4,0,0.3861037790775299
6281,1,1,1,0.770821750164032
6282,6,3,0,0.6958033442497253
6283,3,2,0,0.5484657883644104
6284,0,1,0,0.5343694090843201
6285,8,9,0,0.5806529521942139
6286,8,1,0,0.8072643876075745
6287,5,2,0,0.5892627239227295
6288,6,5,0,0.4737352430820465
6289,9,6,0,0.5867106914520264
6290,9,2,0,0.6887789368629456
6291,9,3,0,0.6528909206390381
6292,6,3,0,0.6853779554367065
6293,3,2,0,0.5779221653938293
6294,0,8,0,0.39504754543304443
6295,8,5,0,0.42039191722869873
6296,8,3,0,0.4631209969520569
6297,5,5,1,0.8713513612747192
6298,3,3,1,0.44544845819473267
6299,3,3,1,0.4301581084728241
6300,1,5,0,0.544221043586731
6301,1,3,0,0.688507080078125
6302,0,9,0,0.7766885757446289
6303,7,3,0,0.5043835639953613
6304,0,1,0,0.7984169125556946
6305,6,6,1,0.7542082071304321
6306,0,9,0,0.5936281681060791
6307,4,8,0,0.602701723575592
6308,4,6,0,0.8805524706840515
6309,6,6,1,0.9129862785339355
6310,5,3,0,0.7541753053665161
6311,3,9,0,0.6448061466217041
6312,2,5,0,0.5438231229782104
6313,9,1,0,0.47666895389556885
6314,6,9,0,0.7690068483352661
6315,6,6,1,0.6429731249809265
6316,7,2,0,0.5367894768714905
6317,9,9,1,0.7156106233596802
6318,7,3,0,0.7437933683395386
6319,7,1,0,0.7110605835914612
6320,0,5,0,0.465684175491333
6321,8,8,1,0.418996125459671
6322,4,6,0,0.48476970195770264
6323,2,5,0,0.4948638379573822
6324,7,7,1,0.7226324081420898
6325,7,7,1,0.5496152639389038
6326,7,6,0,0.9813609719276428
6327,4,2,0,0.9077675938606262
6328,0,5,0,0.3547067940235138
6329,1,1,1,0.765636682510376
6330,6,3,0,0.45513200759887695
6331,0,0,1,0.8968586325645447
6332,5,6,0,0.7888880968093872
6333,3,6,0,0.6603592038154602
6334,0,6,0,0.6381412744522095
6335,2,6,0,0.5606661438941956
6336,4,3,0,0.731654167175293
6337,9,2,0,0.6490662097930908
6338,7,5,0,0.47349557280540466
6339,3,9,0,0.3903654217720032
6340,3,3,1,0.6063152551651001
6341,2,3,0,0.7817085385322571
6342,8,8,1,0.48542627692222595
6343,8,3,0,0.5972108840942383
6344,5,5,1,0.44202715158462524
6345,3,3,1,0.6742310523986816
6346,8,1,0,0.6579102277755737
6347,0,1,0,0.40432703495025635
6348,8,1,0,0.3020205795764923
6349,0,3,0,0.9082722663879395
6350,0,3,0,0.7933251857757568
6351,0,5,0,0.5326442718505859
6352,2,7,0,0.4936865568161011
6353,2,9,0,0.8043314218521118
6354,7,6,0,0.6262035965919495
6355,0,5,0,0.5925862789154053
6356,7,3,0,0.4502495229244232
6357,7,3,0,0.5622478723526001
6358,7,9,0,0.611182689666748
6359,2,3,0,0.7051583528518677
6360,2,2,1,0.601071834564209
6361,0,3,0,0.5851634740829468
6362,4,3,0,0.5199965238571167
6363,0,0,1,0.49975186586380005
6364,3,1,0,0.369334876537323
6365,7,3,0,0.5675523281097412
6366,8,2,0,0.49631744623184204
6367,4,5,0,0.8001202940940857
6368,7,3,0,0.5533517599105835
6369,9,6,0,0.9864601492881775
6370,6,6,1,0.6668139696121216
6371,1,9,0,0.5294170379638672
6372,1,1,1,0.5750957727432251
6373,6,6,1,0.7655950784683228
6374,9,3,0,0.6948307752609253
6375,3,3,1,0.7086116075515747
6376,8,3,0,0.4618181586265564
6377,9,5,0,0.5629719495773315
6378,5,3,0,0.4668384790420532
6379,8,2,0,0.6720770597457886
6380,3,3,1,0.4822597801685333
6381,9,6,0,0.5117104053497314
6382,4,5,0,0.6292992830276489
6383,3,3,1,0.6109563112258911
6384,7,6,0,0.9113122820854187
6385,5,3,0,0.5300223231315613
6386,5,1,0,0.4514899253845215
6387,2,8,0,0.43306878209114075
6388,7,3,0,0.33517587184906006
6389,5,3,0,0.8406285643577576
6390,7,5,0,0.9170821309089661
6391,9,2,0,0.5683984160423279
6392,6,3,0,0.6354026198387146
6393,3,5,0,0.630210280418396
6394,0,5,0,0.8666698336601257
6395,8,1,0,0.35534369945526123
6396,4,3,0,0.7277634143829346
6397,5,5,1,0.5063158869743347
6398,6,2,0,0.5436937808990479
6399,1,9,0,0.7452115416526794
6400,0,1,0,0.7925159335136414
6401,4,9,0,0.7227736711502075
6402,8,1,0,0.6122227907180786
6403,4,2,0,0.595766007900238
6404,7,1,0,0.6033640503883362
6405,1,2,0,0.6350730061531067
6406,3,5,0,0.44707629084587097
6407,2,3,0,0.4659377336502075
6408,0,1,0,0.6954549551010132
6409,9,9,1,0.6951915621757507
6410,1,9,0,0.5425105690956116
6411,8,2,0,0.3680013120174408
6412,8,9,0,0.7193765640258789
6413,6,2,0,0.6718349456787109
6414,8,5,0,0.4755827784538269
6415,1,2,0,0.7553018927574158
6416,7,2,0,0.362946480512619
6417,1,6,0,0.7502294182777405
6418,0,5,0,0.6375842094421387
6419,9,1,0,0.39422568678855896
6420,7,6,0,0.7631551027297974
6421,6,6,1,0.9538944363594055
6422,4,1,0,0.8251121044158936
6423,5,4,0,0.8619612455368042
6424,8,1,0,0.4908612072467804
6425,2,3,0,0.8386458158493042
6426,1,1,1,0.6381956934928894
6427,2,3,0,0.43467894196510315
6428,5,1,0,0.6068639159202576
6429,8,3,0,0.570592999458313
6430,1,9,0,0.4268123209476471
6431,1,5,0,0.403490275144577
6432,8,3,0,0.771172285079956
6433,8,5,0,0.7832870483398438
6434,0,1,0,0.6296329498291016
6435,9,9,1,0.5927727818489075
6436,0,9,0,0.8398306369781494
6437,0,6,0,0.5014748573303223
6438,4,6,0,0.771174430847168
6439,3,4,0,0.8310026526451111
6440,3,1,0,0.5301851630210876
6441,5,3,0,0.6572937965393066
6442,6,9,0,0.4716757833957672
6443,6,6,1,0.7981070876121521
6444,3,1,0,0.4180273711681366
6445,1,1,1,0.7107446789741516
6446,4,6,0,0.8375751972198486
6447,4,5,0,0.3803028166294098
6448,7,1,0,0.42741769552230835
6449,8,8,1,0.7187916040420532
6450,0,9,0,0.4444993734359741
6451,1,1,1,0.6731140613555908
6452,4,2,0,0.6118705868721008
6453,8,3,0,0.5803748369216919
6454,4,3,0,0.5840779542922974
6455,6,6,1,0.7467355728149414
6456,2,2,1,0.8220809698104858
6457,2,3,0,0.47767242789268494
6458,2,6,0,0.6070892810821533
6459,6,9,0,0.8280522227287292
6460,3,3,1,0.5350150465965271
6461,4,2,0,0.7366218566894531
6462,0,1,0,0.7372744679450989
6463,8,8,1,0.539507269859314
6464,1,3,0,0.6169721484184265
6465,3,5,0,0.5803741216659546
6466,8,6,0,0.8384591341018677
6467,3,6,0,0.9392810463905334
6468,8,1,0,0.6248923540115356
6469,9,3,0,0.7422018051147461
6470,1,3,0,0.2953481674194336
6471,6,6,1,0.8561948537826538
6472,1,3,0,0.5776139497756958
6473,9,9,1,0.6150943636894226
6474,8,0,0,0.6901878714561462
6475,2,1,0,0.5632094740867615
6476,0,5,0,0.5290567874908447
6477,4,6,0,0.44907861948013306
6478,7,5,0,0.5547316074371338
6479,4,3,0,0.6005399823188782
6480,0,3,0,0.6836304664611816
6481,0,2,0,0.4669923186302185
6482,7,8,0,0.5110048055648804
6483,6,6,1,0.9322625994682312
6484,8,1,0,0.6928529143333435
6485,9,9,1,0.5241228342056274
6486,8,6,0,0.8027811050415039
6487,6,6,1,0.6236442923545837
6488,2,6,0,0.6136555075645447
6489,8,2,0,0.4212304353713989
6490,8,7,0,0.39528751373291016
6491,0,3,0,0.7141815423965454
6492,1,1,1,0.85312420129776
6493,1,1,1,0.45902276039123535
6494,0,2,0,0.7543444037437439
6495,7,6,0,0.7793026566505432
6496,7,6,0,0.6074981689453125
6497,4,4,1,0.4043731391429901
6498,4,3,0,0.6530321836471558
6499,7,6,0,0.9769933223724365
6500,7,2,0,0.6339522004127502
6501,2,3,0,0.7331337332725525
6502,6,1,0,0.4644578993320465
6503,6,6,1,0.8772062659263611
6504,7,3,0,0.6376606822013855
6505,4,6,0,0.6529832482337952
6506,5,3,0,0.4863162338733673
6507,4,3,0,0.6642128229141235
6508,0,1,0,0.5455474257469177
6509,9,9,1,0.4461984634399414
6510,4,6,0,0.6684954762458801
6511,7,9,0,0.41823968291282654
6512,2,6,0,0.6020120978355408
6513,5,3,0,0.5587591528892517
6514,3,1,0,0.6045438051223755
6515,2,1,0,0.30000412464141846
6516,2,6,0,0.6562532186508179
6517,7,9,0,0.45296305418014526
6518,6,1,0,0.5641447901725769
6519,2,2,1,0.5360667705535889
6520,6,2,0,0.5791580677032471
6521,4,6,0,0.8228978514671326
6522,9,9,1,0.5600082278251648
6523,6,6,1,0.9000720977783203
6524,8,2,0,0.9106572866439819
6525,3,1,0,0.5899493098258972
6526,8,3,0,0.3751644790172577
6527,5,5,1,0.7728132605552673
6528,5,3,0,0.5193936228752136
6529,2,2,1,0.6805537939071655
6530,3,3,1,0.7262988686561584
6531,4,3,0,0.6592960953712463
6532,5,6,0,0.8177926540374756
6533,2,9,0,0.6718671321868896
6534,7,2,0,0.6981011629104614
6535,5,9,0,0.49436086416244507
6536,1,9,0,0.42275840044021606
6537,5,5,1,0.6020311713218689
6538,3,3,1,0.5139008164405823
6539,7,7,1,0.7448661923408508
6540,8,3,0,0.41841626167297363
6541,8,9,0,0.6601626873016357
6542,9,6,0,0.42860403656959534
6543,6,1,0,0.7710829377174377
6544,0,5,0,0.6218039393424988
6545,9,9,1,0.726258397102356
6546,2,0,0,0.5686041116714478
6547,6,5,0,0.5416880249977112
6548,0,1,0,0.6882701516151428
6549,0,5,0,0.39220234751701355
6550,1,1,1,0.9758321046829224
6551,4,3,0,0.6387461423873901
6552,1,2,0,0.6028182506561279
6553,3,3,1,0.7383409738540649
6554,5,1,0,0.5103878378868103
6555,1,1,1,0.8044217824935913
6556,8,0,0,0.4815237522125244
6557,9,6,0,0.8390984535217285
6558,6,1,0,0.5718237161636353
6559,2,4,0,0.7296631932258606
6560,6,6,1,0.8864415287971497
6561,9,1,0,0.6675060987472534
6562,5,3,0,0.6828539967536926
6563,6,6,1,0.3075260519981384
6564,5,1,0,0.6030658483505249
6565,9,6,0,0.7577425837516785
6566,1,1,1,0.5673430562019348
6567,4,6,0,0.5624317526817322
6568,2,3,0,0.5769066214561462
6569,8,1,0,0.7380321621894836
6570,9,6,0,0.3068355619907379
6571,5,5,1,0.7404701709747314
6572,4,3,0,0.584423840045929
6573,7,2,0,0.4479072690010071
6574,0,3,0,0.594076931476593
6575,3,3,1,0.47085732221603394
6576,7,1,0,0.3937838673591614
6577,1,1,1,0.7352632284164429
6578,6,6,1,0.9953310489654541
6579,9,9,1,0.5755728483200073
6580,1,3,0,0.76913982629776
6581,1,9,0,0.6446027755737305
6582,4,1,0,0.6994887590408325
6583,0,2,0,0.6288527250289917
6584,5,3,0,0.5573049783706665
6585,1,1,1,0.8919472098350525
6586,6,6,1,0.8730735182762146
6587,3,3,1,0.3354044258594513
6588,0,1,0,0.5345060229301453
6589,2,9,0,0.6410828828811646
6590,5,3,0,0.649199366569519
6591,5,1,0,0.9273452162742615
6592,5,6,0,0.5734666585922241
6593,2,3,0,0.7078753113746643
6594,8,5,0,0.5833399891853333
6595,2,3,0,0.4323074519634247
6596,3,9,0,0.606471061706543
6597,1,9,0,0.8530706763267517
6598,6,6,1,0.6557599902153015
6599,2,6,0,0.6824010014533997
6600,7,6,0,0.5544372200965881
6601,0,9,0,0.8125088214874268
6602,8,9,0,0.5328717827796936
6603,9,6,0,0.9079179763793945
6604,2,0,0,0.7078629732131958
6605,6,2,0,0.48181113600730896
6606,4,3,0,0.6666101813316345
6607,7,5,0,0.6376574635505676
6608,5,3,0,0.5780332088470459
6609,5,6,0,0.40499553084373474
6610,8,9,0,0.6077497005462646
6611,8,3,0,0.6578331589698792
6612,7,3,0,0.524427056312561
6613,8,3,0,0.523848831653595
6614,5,1,0,0.8307723999023438
6615,7,7,1,0.7050426602363586
6616,4,5,0,0.863791286945343
6617,4,1,0,0.765877366065979
6618,0,2,0,0.674827516078949
6619,0,2,0,0.7098345756530762
6620,7,0,0,0.540040910243988
6621,0,3,0,0.8003526329994202
6622,4,6,0,0.9386603832244873
6623,0,1,0,0.5137073397636414
6624,4,3,0,0.6008279323577881
6625,4,2,0,0.5356799960136414
6626,2,9,0,0.6710320115089417
6627,5,6,0,0.864794909954071
6628,4,3,0,0.5192152261734009
6629,0,5,0,0.5540931224822998
6630,7,6,0,0.921769917011261
6631,7,3,0,0.6855556964874268
6632,7,6,0,0.6054551601409912
6633,0,1,0,0.48396727442741394
6634,4,3,0,0.5838831067085266
6635,6,1,0,0.4735594093799591
6636,2,2,1,0.7451141476631165
6637,9,1,0,0.5522218346595764
6638,1,1,1,0.7095563411712646
6639,1,3,0,0.4821622669696808
6640,5,3,0,0.48048582673072815
6641,0,1,0,0.8836443424224854
6642,9,5,0,0.5863964557647705
6643,1,1,1,0.4471837878227234
6644,0,2,0,0.43703269958496094
6645,6,6,1,0.9711798429489136
6646,5,3,0,0.449265718460083
6647,3,1,0,0.6938598155975342
6648,0,8,0,0.6083127856254578
6649,9,9,1,0.3928549587726593
6650,0,6,0,0.9125698208808899
6651,6,3,0,0.6750283241271973
6652,2,5,0,0.5568245053291321
6653,0,3,0,0.4882393479347229
6654,4,3,0,0.7043085694313049
6655,1,1,1,0.7023002505302429
6656,6,6,1,0.723239004611969
6657,7,1,0,0.5631085634231567
6658,6,6,1,0.6648254990577698
6659,1,6,0,0.7848286628723145
6660,0,3,0,0.5553138852119446
6661,4,2,0,0.685552716255188
6662,6,9,0,0.7205725908279419
6663,0,3,0,0.5314321517944336
6664,4,6,0,0.4501000642776489
6665,4,3,0,0.4196741580963135
6666,2,6,0,0.4537768065929413
6667,7,3,0,0.41967636346817017
6668,6,6,1,0.7248250246047974
6669,5,6,0,0.3412719666957855
6670,3,6,0,0.76617032289505
6671,5,3,0,0.5787313580513
6672,9,0,0,0.45507150888442993
6673,4,3,0,0.7184419631958008
6674,5,5,1,0.7529733180999756
6675,2,0,0,0.6606563329696655
6676,0,2,0,0.6239822506904602
6677,5,5,1,0.3703647553920746
6678,7,1,0,0.5388601422309875
6679,2,1,0,0.8076664209365845
6680,3,9,0,0.6163237690925598
6681,9,3,0,0.3409348726272583
6682,4,4,1,0.8294414281845093
6683,5,6,0,0.9189888834953308
6684,8,9,0,0.5340068936347961
6685,1,9,0,0.5843542218208313
6686,9,9,1,0.6719070672988892
6687,3,2,0,0.4897206723690033
6688,1,7,0,0.4186750054359436
6689,8,9,0,0.535494863986969
6690,5,5,1,0.8664969205856323
6691,8,3,0,0.7128250598907471
6692,6,6,1,0.980098307132721
6693,6,3,0,0.7217798829078674
6694,3,3,1,0.8212887644767761
6695,4,3,0,0.6615651845932007
6696,0,3,0,0.5692638754844666
6697,2,6,0,0.6585149168968201
6698,3,6,0,0.8591080904006958
6699,2,4,0,0.7099627256393433
6700,6,1,0,0.5006806254386902
6701,1,1,1,0.5048751831054688
6702,8,1,0,0.7343323230743408
6703,2,4,0,0.5430330634117126
6704,1,5,0,0.5072026252746582
6705,3,1,0,0.37602338194847107
6706,6,1,0,0.4553322494029999
6707,2,6,0,0.6395323872566223
6708,2,2,1,0.5692794322967529
6709,3,2,0,0.5379787683486938
6710,3,5,0,0.691460132598877
6711,5,3,0,0.7339109182357788
6712,0,2,0,0.588930070400238
6713,2,1,0,0.3250747323036194
6714,1,5,0,0.5775362849235535
6715,2,2,1,0.5618590116500854
6716,8,1,0,0.637657880783081
6717,0,0,1,0.42170268297195435
6718,8,3,0,0.6149841547012329
6719,2,6,0,0.8354042172431946
6720,2,6,0,0.5490023493766785
6721,7,1,0,0.44146907329559326
6722,3,6,0,0.6143791079521179
6723,5,7,0,0.422733873128891
6724,9,5,0,0.5616001486778259
6725,8,3,0,0.8466268181800842
6726,3,3,1,0.7770305871963501
6727,6,6,1,0.9461119771003723
6728,1,9,0,0.6886550784111023
6729,0,1,0,0.759611189365387
6730,8,9,0,0.8523799777030945
6731,6,6,1,0.6486269235610962
6732,3,2,0,0.5003172159194946
6733,5,1,0,0.8216241598129272
6734,8,3,0,0.3990231156349182
6735,9,9,1,0.3225875496864319
6736,4,3,0,0.6887975335121155
6737,8,9,0,0.5658501386642456
6738,0,3,0,0.5493311285972595
6739,0,5,0,0.4003043472766876
6740,2,2,1,0.540794849395752
6741,9,3,0,0.5354693531990051
6742,1,5,0,0.7818731069564819
6743,8,9,0,0.7145513892173767
6744,3,3,1,0.8479982018470764
6745,7,6,0,0.37096545100212097
6746,2,1,0,0.7848299145698547
6747,8,6,0,0.6656172275543213
6748,0,9,0,0.5087301731109619
6749,9,9,1,0.8006495833396912
6750,4,2,0,0.5262205600738525
6751,8,8,1,0.6936073899269104
6752,9,1,0,0.580694317817688
6753,4,6,0,0.9343151450157166
6754,8,3,0,0.4652267098426819
6755,9,3,0,0.47752174735069275
6756,5,1,0,0.5444167852401733
6757,4,6,0,0.974238395690918
6758,8,6,0,0.6545572280883789
6759,1,6,0,0.38107892870903015
6760,5,5,1,0.5783979296684265
6761,5,1,0,0.49903300404548645
6762,7,9,0,0.3857000172138214
6763,2,3,0,0.7545649409294128
6764,5,5,1,0.4239276051521301
6765,8,9,0,0.7463932633399963
6766,8,9,0,0.7268736958503723
6767,1,3,0,0.6247001886367798
6768,2,3,0,0.8556126356124878
6769,3,2,0,0.5346089005470276
6770,1,1,1,0.5209429860115051
6771,5,1,0,0.7475129961967468
6772,0,9,0,0.6346508264541626
6773,2,5,0,0.5617685317993164
6774,3,3,1,0.32348737120628357
6775,0,2,0,0.5963987708091736
6776,8,4,0,0.4634682238101959
6777,2,4,0,0.8924321532249451
6778,2,1,0,0.38230398297309875
6779,8,2,0,0.5072100758552551
6780,7,4,0,0.5146154761314392
6781,3,6,0,0.8274859189987183
6782,5,0,0,0.754330039024353
6783,3,6,0,0.7165291905403137
6784,9,5,0,0.2994138300418854
6785,6,3,0,0.6941207647323608
6786,3,3,1,0.5160725116729736
6787,5,5,1,0.5302076935768127
6788,1,6,0,0.5022304058074951
6789,1,3,0,0.5714213252067566
6790,7,3,0,0.6077815294265747
6791,7,6,0,0.7942044138908386
6792,3,6,0,0.7973660230636597
6793,3,2,0,0.6080615520477295
6794,8,8,1,0.7027364373207092
6795,9,1,0,0.710222601890564
6796,6,3,0,0.6797823905944824
6797,0,1,0,0.44682687520980835
6798,8,3,0,0.6524966359138489
6799,0,1,0,0.719610333442688
6800,6,6,1,0.7774533629417419
6801,6,5,0,0.2774808704853058
6802,4,3,0,0.4163050353527069
6803,6,6,1,0.8859450817108154
6804,9,9,1,0.5103688836097717
6805,1,6,0,0.8632310032844543
6806,1,1,1,0.9627057909965515
6807,7,7,1,0.47521287202835083
6808,0,2,0,0.657658040523529
6809,6,6,1,0.9889504909515381
6810,8,3,0,0.8235169649124146
6811,9,9,1,0.937306821346283
6812,0,1,0,0.8198347687721252
6813,6,6,1,0.5237256288528442
6814,9,2,0,0.8044537901878357
6815,0,8,0,0.654608964920044
6816,1,1,1,0.8956161141395569
6817,1,3,0,0.5737946629524231
6818,7,5,0,0.6483983397483826
6819,2,3,0,0.5092473030090332
6820,1,1,1,0.7445632815361023
6821,0,5,0,0.5544546842575073
6822,4,3,0,0.6709672808647156
6823,5,3,0,0.7573281526565552
6824,0,5,0,0.6310166716575623
6825,3,2,0,0.5521274209022522
6826,6,2,0,0.6313689947128296
6827,3,0,0,0.6073232889175415
6828,3,9,0,0.5656975507736206
6829,8,8,1,0.7217819094657898
6830,1,1,1,0.6784874796867371
6831,8,3,0,0.4097180962562561
6832,1,6,0,0.9730798602104187
6833,3,3,1,0.5260950922966003
6834,1,7,0,0.43939724564552307
6835,5,6,0,0.9241338968276978
6836,4,3,0,0.3817529082298279
6837,5,9,0,0.5448415279388428
6838,1,3,0,0.7553619742393494
6839,8,1,0,0.4175551235675812
6840,9,3,0,0.7023307681083679
6841,1,9,0,0.47070959210395813
6842,3,9,0,0.6510351300239563
6843,1,3,0,0.5397883653640747
6844,7,1,0,0.7208167314529419
6845,2,5,0,0.36174526810646057
6846,9,9,1,0.5489667057991028
6847,8,8,1,0.36269763112068176
6848,9,3,0,0.5602579712867737
6849,4,6,0,0.6959035396575928
6850,6,6,1,0.7064456939697266
6851,0,3,0,0.5697869062423706
6852,9,3,0,0.6983317136764526
6853,4,1,0,0.4470822513103485
6854,0,1,0,0.4570731520652771
6855,4,3,0,0.3955875337123871
6856,6,2,0,0.4963802099227905
6857,2,2,1,0.43263936042785645
6858,1,9,0,0.286853551864624
6859,3,3,1,0.5551258325576782
6860,0,0,1,0.8117915987968445
6861,8,1,0,0.7024321556091309
6862,5,3,0,0.6304293870925903
6863,6,6,1,0.8442333936691284
6864,0,0,1,0.3173052668571472
6865,3,1,0,0.6749578714370728
6866,4,6,0,0.9904159307479858
6867,6,6,1,0.663108766078949
6868,9,1,0,0.7720840573310852
6869,5,0,0,0.39984843134880066
6870,7,5,0,0.8078543543815613
6871,9,9,1,0.8438869118690491
6872,0,9,0,0.30373355746269226
6873,3,3,1,0.7471073269844055
6874,6,3,0,0.44792088866233826
6875,5,6,0,0.5240317583084106
6876,7,2,0,0.5365393757820129
6877,0,9,0,0.4571133255958557
6878,5,5,1,0.5624563097953796
6879,1,1,1,0.6682402491569519
6880,2,5,0,0.6842002868652344
6881,2,3,0,0.5116616487503052
6882,9,6,0,0.5965312719345093
6883,7,4,0,0.4569214880466461
6884,0,1,0,0.6463596224784851
6885,0,1,0,0.6060783863067627
6886,1,6,0,0.6622227430343628
6887,4,6,0,0.5576691627502441
6888,4,4,1,0.5714082717895508
6889,5,6,0,0.5814806222915649
6890,5,3,0,0.7130995392799377
6891,9,1,0,0.7198466658592224
6892,6,3,0,0.7939544916152954
6893,3,6,0,0.6924285888671875
6894,6,6,1,0.9849936962127686
6895,2,2,1,0.5277745723724365
6896,6,6,1,0.6962602138519287
6897,9,9,1,0.7646857500076294
6898,3,3,1,0.6975728869438171
6899,2,1,0,0.6008721590042114
6900,3,9,0,0.29424363374710083
6901,2,9,0,0.3867868185043335
6902,4,1,0,0.7616614103317261
6903,9,5,0,0.5195826292037964
6904,5,2,0,0.4459189474582672
6905,2,6,0,0.3918079435825348
6906,1,3,0,0.5895652770996094
6907,6,2,0,0.606613039970398
6908,6,5,0,0.6965018510818481
6909,4,2,0,0.7564346790313721
6910,7,7,1,0.7207171320915222
6911,6,9,0,0.586887776851654
6912,3,6,0,0.43937623500823975
6913,3,6,0,0.8807845711708069
6914,8,5,0,0.5368669629096985
6915,1,6,0,0.7903358936309814
6916,4,1,0,0.7896498441696167
6917,6,9,0,0.5386136174201965
6918,4,3,0,0.5900758504867554
6919,4,6,0,0.7098115086555481
6920,5,3,0,0.48262983560562134
6921,6,3,0,0.50640869140625
6922,2,6,0,0.7981146574020386
6923,0,9,0,0.44714951515197754
6924,5,1,0,0.4736281633377075
6925,2,6,0,0.7402295470237732
6926,7,6,0,0.4717199206352234
6927,5,5,1,0.6839359402656555
6928,2,2,1,0.5077266097068787
6929,5,3,0,0.4787643253803253
6930,2,1,0,0.8622481226921082
6931,5,3,0,0.3739089071750641
6932,9,2,0,0.5128176808357239
6933,0,4,0,0.6831335425376892
6934,6,3,0,0.508832573890686
6935,7,2,0,0.7228944897651672
6936,9,9,1,0.5398777723312378
6937,8,5,0,0.8513585925102234
6938,3,9,0,0.6684848666191101
6939,2,2,1,0.8035357594490051
6940,1,3,0,0.6262040734291077
6941,4,1,0,0.35672587156295776
6942,3,3,1,0.47561413049697876
6943,4,6,0,0.6385294795036316
6944,5,9,0,0.5720746517181396
6945,5,5,1,0.37434491515159607
6946,6,9,0,0.5565639734268188
6947,8,2,0,0.6258253455162048
6948,6,6,1,0.5878176689147949
6949,0,7,0,0.8461740612983704
6950,8,9,0,0.6255084872245789
6951,9,1,0,0.6259750127792358
6952,8,5,0,0.713622510433197
6953,0,5,0,0.4772014617919922
6954,7,9,0,0.5261169075965881
6955,7,1,0,0.4301013946533203
6956,6,6,1,0.9985776543617249
6957,6,6,1,0.6113090515136719
6958,7,9,0,0.4385348856449127
6959,5,6,0,0.5547564625740051
6960,9,2,0,0.5750373601913452
6961,8,1,0,0.7872442007064819
6962,7,5,0,0.3923332393169403
6963,9,6,0,0.5766127705574036
6964,5,5,1,0.819155216217041
6965,6,2,0,0.5234031677246094
6966,0,3,0,0.6919568181037903
6967,4,0,0,0.616624653339386
6968,8,9,0,0.8857459425926208
6969,2,9,0,0.4789162576198578
6970,0,5,0,0.5681543946266174
6971,9,3,0,0.6129071116447449
6972,1,1,1,0.9707233309745789
6973,3,3,1,0.5337159037590027
6974,9,1,0,0.7880774140357971
6975,8,9,0,0.7226068377494812
6976,3,6,0,0.6464683413505554
6977,7,6,0,0.9367214441299438
6978,4,2,0,0.34199395775794983
6979,5,6,0,0.896425724029541
6980,0,9,0,0.5469399690628052
6981,2,6,0,0.8929937481880188
6982,1,6,0,0.4774675667285919
6983,9,1,0,0.3104424476623535
6984,1,1,1,0.7447150349617004
6985,0,9,0,0.5477308034896851
6986,5,6,0,0.8208672404289246
6987,8,9,0,0.4014270007610321
6988,4,3,0,0.43997880816459656
6989,7,6,0,0.8426890969276428
6990,3,3,1,0.7929214835166931
6991,1,8,0,0.6989441514015198
6992,4,3,0,0.6294206976890564
6993,5,1,0,0.31209591031074524
6994,3,8,0,0.626183271408081
6995,1,1,1,0.5714191794395447
6996,0,5,0,0.5933051705360413
6997,8,5,0,0.8150355219841003
6998,8,2,0,0.5896338224411011
6999,8,1,0,0.41295167803764343
7000,2,2,1,0.41391924023628235
7001,1,1,1,0.7768978476524353
7002,3,6,0,0.7774564623832703
7003,7,6,0,0.5566145777702332
7004,3,2,0,0.38705357909202576
7005,1,2,0,0.38346707820892334
7006,6,2,0,0.39581233263015747
7007,9,6,0,0.8606793880462646
7008,1,6,0,0.7838320732116699
7009,6,6,1,0.7014039754867554
7010,0,1,0,0.4973696172237396
7011,7,5,0,0.50798499584198
7012,7,6,0,0.4573558568954468
7013,1,1,1,0.5173996090888977
7014,3,9,0,0.6871033906936646
7015,3,1,0,0.639301598072052
7016,3,6,0,0.47175726294517517
7017,1,2,0,0.5391607880592346
7018,0,2,0,0.4234504699707031
7019,2,1,0,0.5449734330177307
7020,7,1,0,0.38101959228515625
7021,1,9,0,0.2886354625225067
7022,2,3,0,0.6109388470649719
7023,2,5,0,0.33100786805152893
7024,9,6,0,0.4699360430240631
7025,6,9,0,0.5909871459007263
7026,3,3,1,0.4886997640132904
7027,5,2,0,0.4894011914730072
7028,9,2,0,0.5232658982276917
7029,4,2,0,0.5839316844940186
7030,8,2,0,0.58042311668396
7031,0,3,0,0.4344429671764374
7032,4,3,0,0.7072088122367859
7033,8,5,0,0.689568817615509
7034,0,5,0,0.5495166778564453
7035,1,6,0,0.8719549179077148
7036,3,3,1,0.8315914273262024
7037,7,2,0,0.7168890237808228
7038,0,2,0,0.416708767414093
7039,4,2,0,0.3558347225189209
7040,7,1,0,0.7009398341178894
7041,4,5,0,0.8219196200370789
7042,8,9,0,0.6108759641647339
7043,6,9,0,0.4046795070171356
7044,4,1,0,0.5804444551467896
7045,3,1,0,0.8526012897491455
7046,9,2,0,0.7890093326568604
7047,8,6,0,0.4348219037055969
7048,2,1,0,0.9594776630401611
7049,2,9,0,0.5912019610404968
7050,8,8,1,0.7915791273117065
7051,3,3,1,0.6550068259239197
7052,1,6,0,0.8295299410820007
7053,1,3,0,0.48617273569107056
7054,2,5,0,0.6103993654251099
7055,8,7,0,0.5953841805458069
7056,2,1,0,0.7834084033966064
7057,6,2,0,0.4404676556587219
7058,9,2,0,0.583501935005188
7059,4,9,0,0.4987335205078125
7060,8,3,0,0.7679308652877808
7061,4,1,0,0.519587516784668
7062,4,6,0,0.49353161454200745
7063,1,1,1,0.778588056564331
7064,5,5,1,0.9566505551338196
7065,2,9,0,0.3292328715324402
7066,6,6,1,0.9554633498191833
7067,9,6,0,0.5005837082862854
7068,2,2,1,0.6543478965759277
7069,0,1,0,0.5877701640129089
7070,7,4,0,0.509995698928833
7071,1,1,1,0.3719235956668854
7072,8,6,0,0.48778513073921204
7073,9,2,0,0.2855038642883301
7074,3,1,0,0.7624582648277283
7075,9,1,0,0.5631697773933411
7076,9,1,0,0.6777632236480713
7077,0,1,0,0.7611661553382874
7078,7,6,0,0.7364591956138611
7079,7,5,0,0.7491834759712219
7080,5,2,0,0.40678948163986206
7081,4,3,0,0.5034928917884827
7082,2,6,0,0.32705479860305786
7083,6,4,0,0.5953158736228943
7084,4,6,0,0.9124724268913269
7085,5,3,0,0.6990209817886353
7086,7,6,0,0.810689389705658
7087,7,3,0,0.5102073550224304
7088,8,6,0,0.8375430703163147
7089,7,6,0,0.751716673374176
7090,2,3,0,0.5977186560630798
7091,6,3,0,0.5661055445671082
7092,2,6,0,0.8685944080352783
7093,2,6,0,0.6009956002235413
7094,4,6,0,0.3114425539970398
7095,4,8,0,0.43514350056648254
7096,0,5,0,0.48179692029953003
7097,7,1,0,0.807555615901947
7098,1,9,0,0.6955161094665527
7099,3,2,0,0.4373495578765869
7100,9,3,0,0.6100378632545471
7101,6,3,0,0.8217064738273621
7102,0,5,0,0.517189621925354
7103,0,1,0,0.9282462000846863
7104,2,6,0,0.7048787474632263
7105,3,2,0,0.6045483946800232
7106,8,3,0,0.5179303884506226
7107,2,3,0,0.42565983533859253
7108,2,7,0,0.578538179397583
7109,4,5,0,0.5479461550712585
7110,3,3,1,0.6062027812004089
7111,5,5,1,0.5330263376235962
7112,2,0,0,0.6263684630393982
7113,9,9,1,0.5660114884376526
7114,1,9,0,0.3895687162876129
7115,0,2,0,0.5426199436187744
7116,0,5,0,0.5622466206550598
7117,6,1,0,0.9444514513015747
7118,5,5,1,0.616126298904419
7119,5,1,0,0.4372543394565582
7120,7,5,0,0.4691231846809387
7121,9,5,0,0.46880221366882324
7122,9,9,1,0.7311540246009827
7123,6,3,0,0.694347620010376
7124,5,3,0,0.8290793299674988
7125,5,5,1,0.833794891834259
7126,0,1,0,0.8496019840240479
7127,5,6,0,0.5266143083572388
7128,7,8,0,0.6008065938949585
7129,1,5,0,0.4685203433036804
7130,6,6,1,0.7961094379425049
7131,6,6,1,0.9704515337944031
7132,4,6,0,0.596581757068634
7133,1,2,0,0.6510267853736877
7134,4,4,1,0.9354292154312134
7135,4,4,1,0.8814043998718262
7136,1,2,0,0.6143088936805725
7137,5,1,0,0.8483448028564453
7138,0,2,0,0.5210908055305481
7139,0,3,0,0.41191375255584717
7140,4,3,0,0.6075970530509949
7141,5,5,1,0.7775320410728455
7142,8,1,0,0.5612161159515381
7143,4,2,0,0.5471998453140259
7144,8,8,1,0.3497418463230133
7145,3,3,1,0.751674234867096
7146,0,1,0,0.614526093006134
7147,5,5,1,0.79586261510849
7148,0,1,0,0.8117086887359619
7149,5,2,0,0.6068721413612366
7150,3,5,0,0.5508507490158081
7151,1,2,0,0.45314696431159973
7152,6,5,0,0.7054315805435181
7153,7,5,0,0.5238465070724487
7154,0,2,0,0.6532720923423767
7155,9,2,0,0.34013938903808594
7156,1,6,0,0.9029063582420349
7157,5,7,0,0.4924527108669281
7158,7,9,0,0.8156039118766785
7159,6,3,0,0.47164973616600037
7160,5,3,0,0.38609778881073
7161,5,3,0,0.5381971001625061
7162,5,4,0,0.5110262632369995
7163,6,1,0,0.40148764848709106
7164,0,9,0,0.578842043876648
7165,0,5,0,0.452775239944458
7166,1,1,1,0.7530611157417297
7167,7,3,0,0.27495190501213074
7168,5,3,0,0.33863675594329834
7169,1,5,0,0.3796606957912445
7170,9,9,1,0.6513171792030334
7171,2,2,1,0.39598825573921204
7172,4,3,0,0.8681601285934448
7173,1,3,0,0.7211292386054993
7174,3,3,1,0.6265400052070618
7175,7,6,0,0.66372150182724
7176,8,3,0,0.5708591938018799
7177,2,3,0,0.6621934771537781
7178,0,8,0,0.4018059968948364
7179,9,7,0,0.3534431755542755
7180,6,6,1,0.9804751873016357
7181,6,3,0,0.588816225528717
7182,0,1,0,0.7040178179740906
7183,6,7,0,0.4541814625263214
7184,5,6,0,0.8105750679969788
7185,8,8,1,0.4495089650154114
7186,2,5,0,0.6792502403259277
7187,7,1,0,0.6473236680030823
7188,4,5,0,0.665547251701355
7189,0,9,0,0.6019150614738464
7190,2,2,1,0.7302835583686829
7191,7,3,0,0.3579786419868469
7192,7,1,0,0.5255788564682007
7193,8,3,0,0.5605455636978149
7194,8,8,1,0.5738621950149536
7195,7,1,0,0.4899614155292511
7196,0,0,1,0.6043687462806702
7197,4,1,0,0.6421478390693665
7198,9,8,0,0.4586837589740753
7199,1,1,1,0.6446514129638672
7200,4,2,0,0.8972529172897339
7201,4,1,0,0.6540138721466064
7202,3,7,0,0.6788215041160583
7203,5,1,0,0.6551139950752258
7204,4,3,0,0.817241907119751
7205,6,6,1,0.6433246731758118
7206,2,2,1,0.5014597773551941
7207,3,6,0,0.6236585974693298
7208,1,1,1,0.7854432463645935
7209,0,0,1,0.632882833480835
7210,3,6,0,0.7984548211097717
7211,3,5,0,0.6104514598846436
7212,3,1,0,0.49752724170684814
7213,6,5,0,0.46869832277297974
7214,3,1,0,0.7159351110458374
7215,1,3,0,0.6370531320571899
7216,2,9,0,0.7091996669769287
7217,8,1,0,0.6962490081787109
7218,9,0,0,0.641636073589325
7219,7,0,0,0.4306666851043701
7220,9,9,1,0.6541918516159058
7221,3,3,1,0.7102165222167969
7222,8,4,0,0.40501806139945984
7223,7,1,0,0.5422413349151611
7224,3,1,0,0.6686776876449585
7225,1,5,0,0.8612655401229858
7226,7,6,0,0.6636266112327576
7227,7,6,0,0.7781251668930054
7228,3,1,0,0.6418523788452148
7229,2,3,0,0.7136104106903076
7230,2,2,1,0.47130000591278076
7231,8,5,0,0.6353499293327332
7232,9,1,0,0.7036253809928894
7233,5,8,0,0.7367507219314575
7234,9,1,0,0.3723599910736084
7235,2,2,1,0.4240324795246124
7236,1,6,0,0.4728001356124878
7237,7,1,0,0.6521309614181519
7238,4,3,0,0.5581653118133545
7239,4,3,0,0.7088571786880493
7240,0,2,0,0.6694729924201965
7241,5,3,0,0.38212156295776367
7242,7,5,0,0.505993127822876
7243,1,3,0,0.5255600810050964
7244,5,3,0,0.7072551250457764
7245,4,6,0,0.6486806273460388
7246,0,2,0,0.7318488359451294
7247,8,6,0,0.5155751705169678
7248,4,6,0,0.7789806723594666
7249,9,1,0,0.5656567811965942
7250,8,6,0,0.819627583026886
7251,7,2,0,0.6742719411849976
7252,8,3,0,0.6857611536979675
7253,4,3,0,0.4047061502933502
7254,2,3,0,0.4598909914493561
7255,3,3,1,0.6981614232063293
7256,4,1,0,0.47731056809425354
7257,0,8,0,0.779782235622406
7258,5,5,1,0.4433581531047821
7259,4,3,0,0.5181710124015808
7260,1,9,0,0.3261254131793976
7261,8,0,0,0.4093015789985657
7262,2,6,0,0.4132504165172577
7263,5,5,1,0.3662075400352478
7264,4,6,0,0.9880055785179138
7265,5,1,0,0.3833068013191223
7266,2,6,0,0.4908512830734253
7267,5,5,1,0.44363686442375183
7268,3,9,0,0.45454880595207214
7269,7,9,0,0.6178009510040283
7270,9,6,0,0.7166430950164795
7271,7,2,0,0.5073879361152649
7272,1,6,0,0.8003466129302979
7273,4,4,1,0.5492023825645447
7274,1,9,0,0.49526673555374146
7275,3,9,0,0.5864779949188232
7276,1,2,0,0.6810987591743469
7277,4,6,0,0.6349011063575745
7278,5,3,0,0.77304607629776
7279,5,1,0,0.5108328461647034
7280,1,8,0,0.3828825056552887
7281,7,9,0,0.5109320282936096
7282,1,1,1,0.588710606098175
7283,3,6,0,0.8248107433319092
7284,0,1,0,0.4692705273628235
7285,1,1,1,0.6655693650245667
7286,2,5,0,0.5458835363388062
7287,5,0,0,0.4499646723270416
7288,7,7,1,0.5259119868278503
7289,0,7,0,0.6546154022216797
7290,6,6,1,0.6369154453277588
7291,3,4,0,0.37214550375938416
7292,5,3,0,0.4405839443206787
7293,7,8,0,0.6326000094413757
7294,5,9,0,0.4679364562034607
7295,5,3,0,0.761852502822876
7296,8,1,0,0.762103259563446
7297,9,3,0,0.625844419002533
7298,4,6,0,0.39324837923049927
7299,6,6,1,0.5394872426986694
7300,3,5,0,0.41198086738586426
7301,6,6,1,0.6838544011116028
7302,6,3,0,0.7514205574989319
7303,8,3,0,0.6230335235595703
7304,2,5,0,0.46247968077659607
7305,6,6,1,0.8688874244689941
7306,4,3,0,0.5151231288909912
7307,8,1,0,0.4001317322254181
7308,4,6,0,0.6700354814529419
7309,1,1,1,0.6976180076599121
7310,3,8,0,0.5243346095085144
7311,1,9,0,0.4296388626098633
7312,2,2,1,0.4052254259586334
7313,3,3,1,0.5608938336372375
7314,3,6,0,0.5611388683319092
7315,0,3,0,0.5152016282081604
7316,1,5,0,0.8437527418136597
7317,6,3,0,0.5577360391616821
7318,4,6,0,0.7012718915939331
7319,2,3,0,0.5190996527671814
7320,8,0,0,0.47762566804885864
7321,2,2,1,0.6365805864334106
7322,4,9,0,0.4420377314090729
7323,3,3,1,0.6614682674407959
7324,1,5,0,0.4766651690006256
7325,4,8,0,0.6006419062614441
7326,4,6,0,0.5200504064559937
7327,4,4,1,0.2851453721523285
7328,4,6,0,0.5515087842941284
7329,1,6,0,0.568362832069397
7330,5,9,0,0.3924888074398041
7331,5,3,0,0.6813617944717407
7332,7,1,0,0.6881687641143799
7333,6,3,0,0.7591242790222168
7334,5,3,0,0.6118600964546204
7335,4,2,0,0.6273058652877808
7336,5,8,0,0.31931784749031067
7337,6,6,1,0.7557128667831421
7338,5,5,1,0.7030589580535889
7339,6,6,1,0.9557457566261292
7340,2,7,0,0.4147513806819916
7341,4,8,0,0.46934425830841064
7342,7,1,0,0.7658733129501343
7343,7,6,0,0.44196051359176636
7344,4,3,0,0.6283103227615356
7345,6,3,0,0.7003824710845947
7346,5,5,1,0.44018295407295227
7347,0,1,0,0.7749682664871216
7348,2,0,0,0.46975603699684143
7349,3,1,0,0.8540489673614502
7350,9,9,1,0.9254193902015686
7351,2,3,0,0.6032354235649109
7352,3,2,0,0.43479758501052856
7353,8,3,0,0.5742496252059937
7354,0,2,0,0.5046213865280151
7355,7,5,0,0.30988720059394836
7356,0,5,0,0.6077130436897278
7357,6,6,1,0.870485782623291
7358,8,6,0,0.44774818420410156
7359,1,9,0,0.588689923286438
7360,2,3,0,0.3968488574028015
7361,8,2,0,0.5040073394775391
7362,9,1,0,0.4215543568134308
7363,1,6,0,0.36062005162239075
7364,5,3,0,0.488269180059433
7365,4,3,0,0.5089243054389954
7366,2,1,0,0.5884634852409363
7367,3,3,1,0.6009266972541809
7368,5,9,0,0.4106328785419464
7369,5,5,1,0.5788750052452087
7370,3,3,1,0.3382798135280609
7371,6,6,1,0.6475296020507812
7372,5,3,0,0.613010585308075
7373,0,0,1,0.7044563889503479
7374,3,2,0,0.48364153504371643
7375,2,9,0,0.6048924922943115
7376,1,9,0,0.6243600845336914
7377,3,9,0,0.5059102773666382
7378,3,1,0,0.812969446182251
7379,7,7,1,0.6518447995185852
7380,7,6,0,0.4798032343387604
7381,4,6,0,0.9783146381378174
7382,9,2,0,0.5327618718147278
7383,4,6,0,0.6216868162155151
7384,3,3,1,0.5290513634681702
7385,9,9,1,0.44254034757614136
7386,5,5,1,0.6245508790016174
7387,1,1,1,0.7716476917266846
7388,7,3,0,0.4395870864391327
7389,6,9,0,0.7173200249671936
7390,6,9,0,0.5754169821739197
7391,4,2,0,0.5171639919281006
7392,8,2,0,0.6116088032722473
7393,5,3,0,0.7556558847427368
7394,1,2,0,0.6451295018196106
7395,2,3,0,0.399525910615921
7396,8,6,0,0.5928682088851929
7397,4,1,0,0.5410407781600952
7398,5,3,0,0.5387080311775208
7399,3,3,1,0.5169379115104675
7400,3,1,0,0.8952586650848389
7401,3,3,1,0.6029260158538818
7402,0,9,0,0.6266415119171143
7403,4,6,0,0.7343968152999878
7404,8,8,1,0.6684986352920532
7405,7,2,0,0.4754925072193146
7406,7,3,0,0.33377787470817566
7407,9,1,0,0.5243945717811584
7408,4,3,0,0.5035744309425354
7409,8,9,0,0.5090936422348022
7410,4,6,0,0.8031406402587891
7411,5,3,0,0.40892353653907776
7412,9,3,0,0.8749302625656128
7413,1,1,1,0.6933208107948303
7414,8,1,0,0.5252314805984497
7415,3,3,1,0.6980473399162292
7416,1,9,0,0.6338636875152588
7417,3,3,1,0.6340354084968567
7418,8,8,1,0.5922282934188843
7419,0,3,0,0.5020730495452881
7420,3,4,0,0.6500661969184875
7421,5,9,0,0.5265552997589111
7422,4,1,0,0.5128699541091919
7423,6,6,1,0.9618666172027588
7424,9,9,1,0.7155762314796448
7425,2,1,0,0.46501097083091736
7426,7,6,0,0.7170867323875427
7427,2,6,0,0.8153989911079407
7428,0,1,0,0.7906407117843628
7429,5,3,0,0.5531749725341797
7430,2,1,0,0.660197913646698
7431,9,9,1,0.6354510188102722
7432,7,1,0,0.5525286793708801
7433,5,2,0,0.48435524106025696
7434,0,9,0,0.553061306476593
7435,7,3,0,0.6269646883010864
7436,0,1,0,0.8716540336608887
7437,3,3,1,0.47658246755599976
7438,5,3,0,0.5477911233901978
7439,5,9,0,0.3111374080181122
7440,3,3,1,0.6541435718536377
7441,8,9,0,0.6077873110771179
7442,7,6,0,0.8793679475784302
7443,7,6,0,0.3582018315792084
7444,9,1,0,0.7595003843307495
7445,6,3,0,0.6886386275291443
7446,5,5,1,0.4028306305408478
7447,8,6,0,0.667387068271637
7448,9,6,0,0.3753361403942108
7449,0,9,0,0.7951385974884033
7450,1,1,1,0.9501118063926697
7451,9,3,0,0.40132173895835876
7452,4,3,0,0.4561006426811218
7453,0,1,0,0.9540048241615295
7454,0,3,0,0.6756369471549988
7455,1,9,0,0.8756868243217468
7456,7,1,0,0.42375341057777405
7457,2,6,0,0.6735724806785583
7458,2,3,0,0.5107109546661377
7459,8,6,0,0.5146980285644531
7460,5,5,1,0.7771593928337097
7461,9,2,0,0.47263699769973755
7462,8,1,0,0.6506890654563904
7463,2,2,1,0.5171481370925903
7464,8,3,0,0.7357762455940247
7465,0,3,0,0.47714078426361084
7466,6,9,0,0.677543044090271
7467,6,3,0,0.842738926410675
7468,8,8,1,0.7371035814285278
7469,6,6,1,0.9889436960220337
7470,9,6,0,0.6539250612258911
7471,6,3,0,0.7881463766098022
7472,1,9,0,0.5592661499977112
7473,1,5,0,0.7670374512672424
7474,5,5,1,0.5131386518478394
7475,3,3,1,0.6416546702384949
7476,5,3,0,0.5757665038108826
7477,0,1,0,0.5706161260604858
7478,7,3,0,0.7974504828453064
7479,6,2,0,0.6811854839324951
7480,1,3,0,0.7650483250617981
7481,4,6,0,0.47736531496047974
7482,4,6,0,0.9397111535072327
7483,1,1,1,0.8047127723693848
7484,1,3,0,0.6002961993217468
7485,8,8,1,0.45024287700653076
7486,1,1,1,0.6584119200706482
7487,1,2,0,0.4318602979183197
7488,2,1,0,0.8027080297470093
7489,3,6,0,0.8276897668838501
7490,4,6,0,0.9519402980804443
7491,9,6,0,0.6099620461463928
7492,9,3,0,0.666526198387146
7493,5,1,0,0.7316893935203552
7494,2,2,1,0.49694955348968506
7495,7,3,0,0.392667680978775
7496,3,5,0,0.48550212383270264
7497,3,3,1,0.6036604642868042
7498,6,6,1,0.40891027450561523
7499,9,2,0,0.5748811364173889
7500,6,1,0,0.8531134724617004
7501,9,2,0,0.4333275854587555
7502,8,3,0,0.9347847104072571
7503,8,5,0,0.6210317015647888
7504,6,3,0,0.8745977878570557
7505,7,9,0,0.7304373979568481
7506,4,4,1,0.47466346621513367
7507,7,6,0,0.7814458012580872
7508,2,2,1,0.48955315351486206
7509,3,2,0,0.6288263201713562
7510,8,2,0,0.6003254055976868
7511,0,2,0,0.5822710394859314
7512,9,9,1,0.5372288227081299
7513,0,3,0,0.5703200697898865
7514,7,2,0,0.5106693506240845
7515,8,1,0,0.8461282849311829
7516,1,2,0,0.5864673852920532
7517,2,1,0,0.6170390248298645
7518,3,2,0,0.6436777710914612
7519,2,2,1,0.6476602554321289
7520,4,3,0,0.5016705393791199
7521,2,6,0,0.5560998320579529
7522,9,1,0,0.5221704244613647
7523,0,6,0,0.5120133757591248
7524,3,1,0,0.7952929735183716
7525,8,1,0,0.5069995522499084
7526,9,9,1,0.8457009792327881
7527,6,6,1,0.8967982530593872
7528,5,9,0,0.5337358713150024
7529,5,6,0,0.9084230661392212
7530,2,4,0,0.4007842540740967
7531,4,5,0,0.45834264159202576
7532,1,2,0,0.5608276724815369
7533,0,8,0,0.7551702260971069
7534,6,3,0,0.5333166122436523
7535,1,2,0,0.59649658203125
7536,8,1,0,0.5820281505584717
7537,4,4,1,0.6765615344047546
7538,5,3,0,0.4375894367694855
7539,5,3,0,0.566069483757019
7540,5,1,0,0.3592703640460968
7541,0,3,0,0.4442354440689087
7542,8,9,0,0.9319789409637451
7543,9,6,0,0.6688331365585327
7544,0,9,0,0.5097015500068665
7545,5,2,0,0.4680464267730713
7546,7,8,0,0.4655373692512512
7547,9,5,0,0.8053683638572693
7548,6,3,0,0.49466672539711
7549,3,9,0,0.47591570019721985
7550,4,4,1,0.5487834811210632
7551,6,3,0,0.479321151971817
7552,4,1,0,0.3276071846485138
7553,9,1,0,0.2852514088153839
7554,7,2,0,0.7045305967330933
7555,1,1,1,0.8047096729278564
7556,2,0,0,0.26425057649612427
7557,5,1,0,0.6964964270591736
7558,2,9,0,0.7702740430831909
7559,8,5,0,0.30598971247673035
7560,0,6,0,0.7737246155738831
7561,2,3,0,0.5651506781578064
7562,2,3,0,0.6656395792961121
7563,9,5,0,0.6699545979499817
7564,8,5,0,0.7149385213851929
7565,1,1,1,0.7982527017593384
7566,9,6,0,0.5881649255752563
7567,7,6,0,0.47034093737602234
7568,7,3,0,0.8048394918441772
7569,3,2,0,0.4706912934780121
7570,1,5,0,0.7714107632637024
7571,4,1,0,0.6352011561393738
7572,1,3,0,0.9014131426811218
7573,1,3,0,0.7579912543296814
7574,3,9,0,0.3874676823616028
7575,8,2,0,0.4470730423927307
7576,8,1,0,0.5446197390556335
7577,1,3,0,0.43257248401641846
7578,9,3,0,0.48237836360931396
7579,3,3,1,0.3297065794467926
7580,8,3,0,0.5135723948478699
7581,9,1,0,0.4948663115501404
7582,5,2,0,0.5730509161949158
7583,1,1,1,0.820771336555481
7584,1,3,0,0.6281257271766663
7585,6,0,0,0.6073735952377319
7586,2,1,0,0.5553146004676819
7587,7,3,0,0.43893569707870483
7588,2,1,0,0.6411532163619995
7589,6,6,1,0.7912787795066833
7590,2,1,0,0.61418217420578
7591,6,2,0,0.4874281883239746
7592,9,5,0,0.40802252292633057
7593,6,3,0,0.3413139581680298
7594,0,9,0,0.323903888463974
7595,1,5,0,0.5400843620300293
7596,3,8,0,0.5371538996696472
7597,9,3,0,0.645286500453949
7598,3,6,0,0.8084003925323486
7599,8,0,0,0.46006062626838684
7600,8,1,0,0.5196614265441895
7601,8,3,0,0.4587883949279785
7602,2,6,0,0.8193325400352478
7603,9,9,1,0.5824763178825378
7604,1,1,1,0.625239908695221
7605,2,2,1,0.7277964949607849
7606,6,1,0,0.5798075199127197
7607,0,5,0,0.5491331219673157
7608,5,6,0,0.7258435487747192
7609,0,6,0,0.39766183495521545
7610,7,5,0,0.5383554100990295
7611,7,6,0,0.661487877368927
7612,7,3,0,0.4703514277935028
7613,9,3,0,0.5161644816398621
7614,4,2,0,0.746263325214386
7615,5,3,0,0.6099988222122192
7616,0,2,0,0.5942169427871704
7617,2,0,0,0.4945194721221924
7618,3,2,0,0.4991026222705841
7619,5,5,1,0.5576468110084534
7620,5,3,0,0.6217754483222961
7621,8,6,0,0.4504382312297821
7622,9,9,1,0.429185152053833
7623,1,1,1,0.4977239668369293
7624,2,5,0,0.4498225152492523
7625,7,3,0,0.5903716683387756
7626,1,3,0,0.5185514688491821
7627,3,3,1,0.7611711025238037
7628,4,7,0,0.2913241982460022
7629,6,3,0,0.8064970374107361
7630,9,6,0,0.5810717940330505
7631,1,3,0,0.6493554711341858
7632,0,3,0,0.3737946152687073
7633,7,1,0,0.8560933470726013
7634,1,9,0,0.5202114582061768
7635,9,9,1,0.5130972266197205
7636,5,2,0,0.5740689635276794
7637,8,1,0,0.428659051656723
7638,1,2,0,0.3778979182243347
7639,9,5,0,0.6884322762489319
7640,9,1,0,0.4999612271785736
7641,7,6,0,0.6723179221153259
7642,9,1,0,0.6705653667449951
7643,8,8,1,0.44026848673820496
7644,3,3,1,0.38219329714775085
7645,0,1,0,0.696514904499054
7646,2,2,1,0.41344785690307617
7647,6,6,1,0.9321805238723755
7648,0,9,0,0.6763756275177002
7649,2,2,1,0.5083486437797546
7650,2,1,0,0.8323735594749451
7651,4,4,1,0.9253356456756592
7652,0,0,1,0.5554618835449219
7653,8,6,0,0.5893575549125671
7654,4,2,0,0.5336392521858215
7655,8,5,0,0.46792393922805786
7656,1,1,1,0.6618697047233582
7657,2,6,0,0.4616605043411255
7658,7,1,0,0.6388075351715088
7659,2,1,0,0.8922208547592163
7660,7,9,0,0.3088439702987671
7661,9,3,0,0.5775632262229919
7662,5,5,1,0.45451995730400085
7663,2,2,1,0.6190493702888489
7664,2,3,0,0.5558817386627197
7665,9,5,0,0.6095484495162964
7666,2,5,0,0.6697890162467957
7667,6,1,0,0.8032373785972595
7668,5,3,0,0.6803576350212097
7669,7,3,0,0.7154004573822021
7670,2,5,0,0.41378048062324524
7671,5,3,0,0.5669275522232056
7672,6,2,0,0.4644887149333954
7673,5,6,0,0.7473196983337402
7674,1,0,0,0.4445456564426422
7675,8,1,0,0.9063037037849426
7676,2,6,0,0.6142114996910095
7677,6,9,0,0.6438287496566772
7678,8,8,1,0.8363766670227051
7679,6,6,1,0.7533897161483765
7680,3,5,0,0.3666450083255768
7681,0,9,0,0.3440777361392975
7682,8,9,0,0.6098588109016418
7683,0,0,1,0.3696807324886322
7684,0,3,0,0.7190648317337036
7685,9,1,0,0.7748627066612244
7686,9,1,0,0.9622911810874939
7687,6,9,0,0.5251654386520386
7688,8,9,0,0.4756218492984772
7689,0,1,0,0.7567546367645264
7690,6,4,0,0.44584551453590393
7691,6,6,1,0.9136700630187988
7692,0,1,0,0.4526006281375885
7693,7,5,0,0.4263339638710022
7694,9,9,1,0.8981495499610901
7695,8,9,0,0.5116078853607178
7696,0,9,0,0.7391390204429626
7697,5,8,0,0.32254326343536377
7698,0,1,0,0.3795345723628998
7699,9,2,0,0.4645894467830658
7700,6,6,1,0.9994009137153625
7701,0,2,0,0.7786288261413574
7702,4,8,0,0.5109840035438538
7703,7,1,0,0.36159074306488037
7704,1,3,0,0.47661831974983215
7705,7,3,0,0.4042174816131592
7706,8,3,0,0.48736289143562317
7707,8,8,1,0.517405092716217
7708,2,2,1,0.5758863091468811
7709,3,3,1,0.7584298253059387
7710,9,6,0,0.8626475930213928
7711,6,6,1,0.5444116592407227
7712,5,5,1,0.6730446219444275
7713,5,3,0,0.4862608015537262
7714,3,5,0,0.5069383382797241
7715,1,1,1,0.6711053252220154
7716,5,5,1,0.4608496129512787
7717,3,5,0,0.5348009467124939
7718,0,2,0,0.606598436832428
7719,2,1,0,0.743558943271637
7720,5,3,0,0.6281751990318298
7721,2,6,0,0.9670774936676025
7722,7,6,0,0.6501195430755615
7723,3,3,1,0.6813791990280151
7724,8,8,1,0.5769960284233093
7725,4,1,0,0.4646262228488922
7726,4,1,0,0.5598971247673035
7727,6,1,0,0.946526825428009
7728,1,3,0,0.38460639119148254
7729,9,9,1,0.7875604033470154
7730,4,5,0,0.6018786430358887
7731,1,3,0,0.5122334957122803
7732,7,7,1,0.46670347452163696
7733,0,5,0,0.3817668855190277
7734,1,9,0,0.7965554594993591
7735,4,7,0,0.5029872059822083
7736,3,3,1,0.7088125944137573
7737,0,0,1,0.5164595246315002
7738,2,2,1,0.48437872529029846
7739,9,9,1,0.5709632039070129
7740,4,1,0,0.7229220271110535
7741,5,1,0,0.8780748844146729
7742,0,1,0,0.439548522233963
7743,3,2,0,0.6327511072158813
7744,4,3,0,0.8057653903961182
7745,7,7,1,0.7740724682807922
7746,2,1,0,0.7346939444541931
7747,3,3,1,0.7312248349189758
7748,0,3,0,0.8450609445571899
7749,1,6,0,0.75225830078125
7750,3,6,0,0.6137399077415466
7751,7,5,0,0.4323689639568329
7752,9,9,1,0.5075796842575073
7753,9,6,0,0.49077633023262024
7754,0,5,0,0.6057456135749817
7755,7,5,0,0.4369655251502991
7756,5,3,0,0.6545671224594116
7757,6,6,1,0.4628836512565613
7758,7,7,1,0.89715176820755
7759,1,1,1,0.7444152235984802
7760,2,2,1,0.6507608294487
7761,2,6,0,0.871258020401001
7762,7,7,1,0.6664937138557434
7763,4,2,0,0.7600816488265991
7764,6,6,1,0.9734235405921936
7765,8,9,0,0.6510231494903564
7766,4,6,0,0.9982925653457642
7767,9,6,0,0.9185073375701904
7768,8,1,0,0.6959237456321716
7769,4,7,0,0.8553594350814819
7770,9,1,0,0.8426679372787476
7771,2,7,0,0.4796432852745056
7772,3,3,1,0.37659648060798645
7773,4,9,0,0.522185742855072
7774,0,1,0,0.8092547059059143
7775,2,4,0,0.55818772315979
7776,5,1,0,0.8675458431243896
7777,6,8,0,0.45921751856803894
7778,0,1,0,0.6106886863708496
7779,5,5,1,0.4916866421699524
7780,3,5,0,0.45048946142196655
7781,5,3,0,0.5117331743240356
7782,8,8,1,0.5510606169700623
7783,3,8,0,0.5180242657661438
7784,7,5,0,0.45307156443595886
7785,4,3,0,0.3784620761871338
7786,9,1,0,0.6637609601020813
7787,5,2,0,0.4236897826194763
7788,6,3,0,0.37756994366645813
7789,3,1,0,0.5356993079185486
7790,8,8,1,0.715086817741394
7791,6,6,1,0.5917800664901733
7792,9,1,0,0.45902201533317566
7793,8,3,0,0.5936102867126465
7794,5,3,0,0.8238389492034912
7795,5,9,0,0.4603104591369629
7796,8,1,0,0.5443170070648193
7797,3,8,0,0.5109339356422424
7798,5,3,0,0.638507604598999
7799,9,3,0,0.6164724230766296
7800,0,9,0,0.5287749767303467
7801,4,1,0,0.745404064655304
7802,2,5,0,0.7136202454566956
7803,0,1,0,0.7447599172592163
7804,5,5,1,0.6911435723304749
7805,9,1,0,0.8288924694061279
7806,9,9,1,0.8383463621139526
7807,3,1,0,0.5581507682800293
7808,8,3,0,0.5998722314834595
7809,0,6,0,0.9603466391563416
7810,6,3,0,0.603363573551178
7811,0,0,1,0.6384429931640625
7812,2,6,0,0.41898059844970703
7813,3,7,0,0.34195974469184875
7814,7,1,0,0.7451784014701843
7815,0,9,0,0.46108782291412354
7816,0,9,0,0.5232487916946411
7817,6,6,1,0.7594584822654724
7818,9,1,0,0.8097081184387207
7819,1,5,0,0.7907413244247437
7820,5,5,1,0.6565630435943604
7821,2,1,0,0.863121747970581
7822,2,6,0,0.5087358951568604
7823,7,2,0,0.40163296461105347
7824,9,1,0,0.8260948061943054
7825,3,6,0,0.3395949900150299
7826,9,9,1,0.5939001441001892
7827,3,2,0,0.4036318063735962
7828,5,5,1,0.8712306618690491
7829,2,1,0,0.6080237030982971
7830,2,3,0,0.432127982378006
7831,2,3,0,0.5764698386192322
7832,8,3,0,0.4766048491001129
7833,8,2,0,0.6203950047492981
7834,5,6,0,0.6301323771476746
7835,0,3,0,0.572618842124939
7836,0,4,0,0.7159304618835449
7837,7,1,0,0.5679046511650085
7838,0,5,0,0.6564258337020874
7839,3,3,1,0.4797181487083435
7840,1,1,1,0.3043941855430603
7841,6,3,0,0.5958876013755798
7842,5,5,1,0.7233856916427612
7843,0,2,0,0.3795139193534851
7844,9,9,1,0.8093336820602417
7845,2,3,0,0.8768221735954285
7846,6,6,1,0.9711732864379883
7847,7,3,0,0.6059818267822266
7848,4,4,1,0.7111930251121521
7849,2,2,1,0.5047561526298523
7850,0,6,0,0.8732103705406189
7851,0,3,0,0.651840090751648
7852,5,6,0,0.7662824988365173
7853,3,2,0,0.6021085977554321
7854,3,9,0,0.4248577952384949
7855,2,5,0,0.6373010277748108
7856,6,6,1,0.9681813716888428
7857,4,6,0,0.7896695137023926
7858,2,1,0,0.4384760558605194
7859,7,6,0,0.6563393473625183
7860,8,6,0,0.4878741204738617
7861,0,6,0,0.869513750076294
7862,1,3,0,0.8883736729621887
7863,0,8,0,0.7656493186950684
7864,1,3,0,0.5079827308654785
7865,3,3,1,0.5363017320632935
7866,6,2,0,0.5505890846252441
7867,4,2,0,0.559277355670929
7868,8,5,0,0.5459396243095398
7869,0,9,0,0.4291954040527344
7870,6,3,0,0.5434045195579529
7871,0,1,0,0.7452463507652283
7872,9,9,1,0.8530573844909668
7873,1,6,0,0.6066709160804749
7874,6,4,0,0.6687102913856506
7875,2,6,0,0.501089870929718
7876,1,1,1,0.6754398941993713
7877,0,3,0,0.5526015758514404
7878,1,1,1,0.7290058135986328
7879,3,3,1,0.588489830493927
7880,0,5,0,0.8502145409584045
7881,3,4,0,0.4902661144733429
7882,7,1,0,0.9452973008155823
7883,9,1,0,0.7079788446426392
7884,9,2,0,0.42137834429740906
7885,3,3,1,0.7197914719581604
7886,7,4,0,0.4181267023086548
7887,5,5,1,0.4397653043270111
7888,7,4,0,0.3244088888168335
7889,1,8,0,0.8375620245933533
7890,6,6,1,0.9085948467254639
7891,6,8,0,0.5867155194282532
7892,1,2,0,0.5240344405174255
7893,1,9,0,0.5593993067741394
7894,1,1,1,0.8379659056663513
7895,4,9,0,0.4626159071922302
7896,4,6,0,0.4006076157093048
7897,2,0,0,0.6995044946670532
7898,1,1,1,0.8288719654083252
7899,7,4,0,0.5933582782745361
7900,0,3,0,0.4998943507671356
7901,1,6,0,0.7132542133331299
7902,2,2,1,0.5096886157989502
7903,1,1,1,0.8505122661590576
7904,1,6,0,0.9246903657913208
7905,3,3,1,0.7849190831184387
7906,2,6,0,0.5833920240402222
7907,6,6,1,0.6424357891082764
7908,9,9,1,0.7550704479217529
7909,1,1,1,0.4411095678806305
7910,3,6,0,0.9791556596755981
7911,2,1,0,0.5746851563453674
7912,0,5,0,0.414676696062088
7913,8,3,0,0.5109180212020874
7914,7,3,0,0.5200648903846741
7915,3,3,1,0.5752193927764893
7916,4,6,0,0.6429640054702759
7917,6,3,0,0.5401000380516052
7918,4,3,0,0.512747585773468
7919,6,2,0,0.4259836673736572
7920,9,1,0,0.6079621911048889
7921,4,2,0,0.46976175904273987
7922,8,3,0,0.6544383764266968
7923,9,6,0,0.5109707713127136
7924,3,2,0,0.4766111373901367
7925,0,3,0,0.5786405801773071
7926,5,7,0,0.580920934677124
7927,7,6,0,0.8276407122612
7928,2,0,0,0.7694789171218872
7929,0,3,0,0.782842755317688
7930,2,3,0,0.3945416808128357
7931,9,8,0,0.4667212963104248
7932,9,3,0,0.5667202472686768
7933,3,2,0,0.7259588241577148
7934,8,5,0,0.41911202669143677
7935,7,2,0,0.7855480313301086
7936,1,9,0,0.35296544432640076
7937,1,9,0,0.5674919486045837
7938,2,2,1,0.5326456427574158
7939,2,5,0,0.4365338981151581
7940,2,2,1,0.6159076690673828
7941,5,2,0,0.5567736625671387
7942,9,3,0,0.6161620616912842
7943,1,6,0,0.6002079844474792
7944,2,5,0,0.533061683177948
7945,6,6,1,0.4592272937297821
7946,1,3,0,0.4606609642505646
7947,2,2,1,0.9286038875579834
7948,1,2,0,0.504357099533081
7949,8,2,0,0.48378464579582214
7950,9,9,1,0.8558873534202576
7951,2,3,0,0.47214293479919434
7952,3,9,0,0.6649429798126221
7953,1,9,0,0.5666653513908386
7954,9,9,1,0.9027020931243896
7955,9,9,1,0.7406874299049377
7956,4,3,0,0.5281840562820435
7957,4,9,0,0.6275199055671692
7958,5,6,0,0.773074746131897
7959,5,0,0,0.7425009608268738
7960,0,0,1,0.6207675337791443
7961,3,3,1,0.5064248442649841
7962,3,5,0,0.6067764163017273
7963,7,8,0,0.5348501801490784
7964,1,2,0,0.7017154693603516
7965,7,9,0,0.4063681364059448
7966,7,9,0,0.5714067220687866
7967,9,3,0,0.7866756319999695
7968,8,6,0,0.859148383140564
7969,6,9,0,0.7835431098937988
7970,3,2,0,0.6069848537445068
7971,5,3,0,0.5917548537254333
7972,5,5,1,0.49601680040359497
7973,1,6,0,0.5619315505027771
7974,6,3,0,0.6075901389122009
7975,2,2,1,0.5787129998207092
7976,7,6,0,0.6195893287658691
7977,8,2,0,0.9474992752075195
7978,4,3,0,0.7967608571052551
7979,3,3,1,0.6225074529647827
7980,3,3,1,0.5056581497192383
7981,5,2,0,0.531491756439209
7982,9,3,0,0.4097488820552826
7983,6,5,0,0.6193827390670776
7984,8,3,0,0.6248136758804321
7985,5,1,0,0.5285341739654541
7986,1,5,0,0.6452574729919434
7987,0,0,1,0.7687788009643555
7988,6,3,0,0.646159291267395
7989,7,1,0,0.5319198369979858
7990,0,6,0,0.664689302444458
7991,9,9,1,0.9129136204719543
7992,6,6,1,0.9943891167640686
7993,2,3,0,0.4263835549354553
7994,0,9,0,0.3895401358604431
7995,8,9,0,0.5684361457824707
7996,7,1,0,0.37369778752326965
7997,1,9,0,0.35018083453178406
7998,2,5,0,0.5034542679786682
7999,6,6,1,0.9919760823249817
8000,9,9,1,0.6393052935600281
8001,1,5,0,0.5662427544593811
8002,6,9,0,0.3980010151863098
8003,4,6,0,0.9460470080375671
8004,7,3,0,0.4970940947532654
8005,1,1,1,0.5526370406150818
8006,9,5,0,0.5091613531112671
8007,0,3,0,0.8515318632125854
8008,0,5,0,0.5390970706939697
8009,5,5,1,0.47957196831703186
8010,2,3,0,0.5375816822052002
8011,8,3,0,0.3864216208457947
8012,3,3,1,0.8565847277641296
8013,8,3,0,0.6831037402153015
8014,2,2,1,0.6197330951690674
8015,8,1,0,0.5575551390647888
8016,4,2,0,0.78029865026474
8017,0,0,1,0.6285390257835388
8018,8,6,0,0.7584953308105469
8019,3,5,0,0.40842732787132263
8020,6,6,1,0.5342053174972534
8021,1,9,0,0.4273928701877594
8022,2,5,0,0.8214424252510071
8023,3,6,0,0.5852742791175842
8024,0,3,0,0.570386528968811
8025,5,3,0,0.8294839859008789
8026,0,8,0,0.7123488783836365
8027,4,3,0,0.3753800094127655
8028,1,3,0,0.5813298225402832
8029,7,5,0,0.5092700719833374
8030,2,2,1,0.46728673577308655
8031,0,2,0,0.5165734887123108
8032,1,9,0,0.4385775327682495
8033,3,5,0,0.7430812120437622
8034,9,5,0,0.5229543447494507
8035,1,1,1,0.5166668891906738
8036,6,6,1,0.44360142946243286
8037,1,1,1,0.6696504950523376
8038,6,6,1,0.7983131408691406
8039,1,1,1,0.9468181133270264
8040,2,2,1,0.7016984820365906
8041,8,2,0,0.5918812155723572
8042,7,3,0,0.5914825797080994
8043,0,3,0,0.5089969635009766
8044,9,9,1,0.3998139202594757
8045,5,3,0,0.6563601493835449
8046,8,5,0,0.8460817933082581
8047,0,3,0,0.4577771723270416
8048,0,5,0,0.5687868595123291
8049,1,1,1,0.9559282064437866
8050,7,2,0,0.620329737663269
8051,9,6,0,0.4450787603855133
8052,7,6,0,0.5130417943000793
8053,1,9,0,0.40229853987693787
8054,9,6,0,0.5522668957710266
8055,2,3,0,0.5848777294158936
8056,1,5,0,0.7390195727348328
8057,9,3,0,0.5638545751571655
8058,4,9,0,0.7290162444114685
8059,3,9,0,0.5068355202674866
8060,6,2,0,0.5728871822357178
8061,0,0,1,0.7859307527542114
8062,2,6,0,0.542861819267273
8063,0,9,0,0.6599069237709045
8064,0,3,0,0.6143611669540405
8065,9,6,0,0.9084638357162476
8066,9,6,0,0.6879318356513977
8067,8,5,0,0.5031787157058716
8068,9,5,0,0.533790111541748
8069,4,6,0,0.3292410671710968
8070,5,3,0,0.7652334570884705
8071,4,3,0,0.6883503198623657
8072,3,3,1,0.6473186612129211
8073,0,8,0,0.48691847920417786
8074,7,3,0,0.6480417847633362
8075,8,8,1,0.8202046751976013
8076,7,3,0,0.4364759922027588
8077,3,5,0,0.3895465135574341
8078,7,2,0,0.43717676401138306
8079,5,3,0,0.5708560347557068
8080,4,3,0,0.6341190934181213
8081,6,6,1,0.9805237054824829
8082,5,3,0,0.4386994540691376
8083,9,6,0,0.9459829330444336
8084,5,3,0,0.7626743912696838
8085,2,2,1,0.530794620513916
8086,4,9,0,0.6603767275810242
8087,2,9,0,0.6015866994857788
8088,7,3,0,0.4255370795726776
8089,9,7,0,0.545074462890625
8090,6,6,1,0.9133722186088562
8091,7,3,0,0.7924834489822388
8092,4,1,0,0.41997677087783813
8093,7,3,0,0.4074329733848572
8094,1,2,0,0.5062596797943115
8095,2,2,1,0.39521539211273193
8096,3,6,0,0.8502690196037292
8097,1,1,1,0.684097170829773
8098,1,3,0,0.5555066466331482
8099,3,6,0,0.8220400810241699
8100,6,6,1,0.7980600595474243
8101,8,9,0,0.5789427757263184
8102,3,5,0,0.33980831503868103
8103,7,8,0,0.5898416042327881
8104,7,3,0,0.3215400278568268
8105,0,3,0,0.41952836513519287
8106,8,9,0,0.6628078818321228
8107,1,3,0,0.5589175820350647
8108,5,1,0,0.3492506444454193
8109,2,6,0,0.9747837781906128
8110,5,9,0,0.7896928787231445
8111,5,3,0,0.47482019662857056
8112,3,3,1,0.6164628267288208
8113,6,6,1,0.6347795724868774
8114,3,3,1,0.5950866937637329
8115,5,9,0,0.7586680054664612
8116,9,9,1,0.8087125420570374
8117,8,9,0,0.3540368974208832
8118,4,2,0,0.4818144738674164
8119,6,2,0,0.452069491147995
8120,8,2,0,0.49250224232673645
8121,0,3,0,0.8954002857208252
8122,4,6,0,0.8961085677146912
8123,1,1,1,0.7518212795257568
8124,7,6,0,0.8678675293922424
8125,8,5,0,0.8110021948814392
8126,4,9,0,0.6516427397727966
8127,9,9,1,0.7358962893486023
8128,7,3,0,0.4204443097114563
8129,2,1,0,0.8166755437850952
8130,6,1,0,0.5876088738441467
8131,3,2,0,0.7680176496505737
8132,8,2,0,0.6484037041664124
8133,8,9,0,0.7376793026924133
8134,6,6,1,0.9153069853782654
8135,7,2,0,0.6802861094474792
8136,3,5,0,0.8992931246757507
8137,8,1,0,0.41744545102119446
8138,1,1,1,0.3951829969882965
8139,1,2,0,0.6297616362571716
8140,5,3,0,0.7533755302429199
8141,3,8,0,0.5019509792327881
8142,7,4,0,0.3961842954158783
8143,9,6,0,0.8559815287590027
8144,9,9,1,0.6080766320228577
8145,9,3,0,0.5364294648170471
8146,8,5,0,0.7537575364112854
8147,5,1,0,0.6226726770401001
8148,9,9,1,0.3747761845588684
8149,9,2,0,0.7718872427940369
8150,6,3,0,0.46073105931282043
8151,8,1,0,0.4196775257587433
8152,8,1,0,0.43226146697998047
8153,4,5,0,0.7816827893257141
8154,8,2,0,0.5639543533325195
8155,1,1,1,0.792400062084198
8156,0,1,0,0.7308210730552673
8157,1,1,1,0.9417279958724976
8158,8,9,0,0.5404691696166992
8159,8,5,0,0.404860258102417
8160,6,1,0,0.5024656653404236
8161,5,2,0,0.412087082862854
8162,9,9,1,0.8363394141197205
8163,0,3,0,0.5027953386306763
8164,6,4,0,0.6539629697799683
8165,1,8,0,0.4828709363937378
8166,2,1,0,0.8135614991188049
8167,6,1,0,0.7598980665206909
8168,6,5,0,0.3977184295654297
8169,3,3,1,0.6691642999649048
8170,5,3,0,0.750678300857544
8171,6,6,1,0.9261474013328552
8172,5,2,0,0.5890035033226013
8173,5,9,0,0.4110705554485321
8174,3,6,0,0.888714611530304
8175,3,9,0,0.6921244859695435
8176,6,2,0,0.8135999441146851
8177,8,8,1,0.8918588757514954
8178,9,9,1,0.3698241412639618
8179,4,6,0,0.5389605760574341
8180,4,6,0,0.5136343240737915
8181,3,6,0,0.7082077860832214
8182,8,3,0,0.6650105118751526
8183,3,3,1,0.8060723543167114
8184,6,6,1,0.47344380617141724
8185,0,1,0,0.5721399784088135
8186,8,9,0,0.8044171929359436
8187,5,5,1,0.6642890572547913
8188,7,6,0,0.8101483583450317
8189,8,9,0,0.6348713040351868
8190,4,9,0,0.557892382144928
8191,6,4,0,0.5447190999984741
8192,5,6,0,0.7626813054084778
8193,3,3,1,0.6510546207427979
8194,1,1,1,0.876649796962738
8195,8,5,0,0.5624508857727051
8196,3,9,0,0.6211875081062317
8197,0,2,0,0.48193836212158203
8198,4,3,0,0.6779714822769165
8199,4,3,0,0.49793314933776855
8200,3,4,0,0.6182183027267456
8201,3,1,0,0.8269749879837036
8202,5,6,0,0.9169354438781738
8203,3,5,0,0.41384509205818176
8204,3,6,0,0.8396849036216736
8205,2,3,0,0.8417198061943054
8206,7,9,0,0.5230123996734619
8207,7,9,0,0.43989434838294983
8208,8,3,0,0.5279043912887573
8209,2,1,0,0.4786928594112396
8210,0,2,0,0.6710279583930969
8211,5,2,0,0.43301114439964294
8212,5,5,1,0.48725372552871704
8213,6,6,1,0.9087112545967102
8214,1,2,0,0.38318997621536255
8215,1,1,1,0.37241464853286743
8216,3,3,1,0.40123066306114197
8217,9,2,0,0.6398652195930481
8218,9,6,0,0.9766758680343628
8219,3,3,1,0.7071805000305176
8220,6,3,0,0.6391181945800781
8221,7,7,1,0.3593994379043579
8222,1,5,0,0.4853290319442749
8223,8,2,0,0.49165743589401245
8224,3,1,0,0.5011744499206543
8225,9,3,0,0.49559327960014343
8226,8,5,0,0.520856499671936
8227,7,5,0,0.5750411748886108
8228,8,5,0,0.7202364802360535
8229,8,6,0,0.3968753516674042
8230,0,0,1,0.711837112903595
8231,3,9,0,0.649298369884491
8232,2,2,1,0.4973660111427307
8233,4,6,0,0.8723471760749817
8234,8,5,0,0.8029475808143616
8235,7,7,1,0.8719105124473572
8236,5,5,1,0.6304150819778442
8237,7,7,1,0.706017017364502
8238,1,3,0,0.692227840423584
8239,8,3,0,0.5505384802818298
8240,7,2,0,0.332796573638916
8241,3,3,1,0.5780598521232605
8242,5,9,0,0.3379018306732178
8243,4,2,0,0.44340431690216064
8244,4,3,0,0.6403628587722778
8245,3,6,0,0.871780276298523
8246,8,8,1,0.859077513217926
8247,6,6,1,0.9899010062217712
8248,1,3,0,0.4938589930534363
8249,1,2,0,0.5680822134017944
8250,6,6,1,0.7208249568939209
8251,3,3,1,0.6932368874549866
8252,2,3,0,0.4193468987941742
8253,2,3,0,0.6448739767074585
8254,8,1,0,0.5280275940895081
8255,9,1,0,0.7039675712585449
8256,8,8,1,0.3619961440563202
8257,3,6,0,0.6615324020385742
8258,3,6,0,0.5288869142532349
8259,8,9,0,0.561931312084198
8260,1,1,1,0.6393877267837524
8261,1,5,0,0.7797858715057373
8262,0,1,0,0.9411042928695679
8263,5,3,0,0.5923646092414856
8264,2,3,0,0.5569691061973572
8265,0,1,0,0.3004237711429596
8266,5,3,0,0.626003623008728
8267,0,2,0,0.6140580773353577
8268,5,6,0,0.5555030107498169
8269,8,2,0,0.6756012439727783
8270,6,6,1,0.6682493090629578
8271,3,3,1,0.47246450185775757
8272,9,6,0,0.5694794058799744
8273,6,6,1,0.7558439373970032
8274,6,1,0,0.8148469924926758
8275,3,3,1,0.6137292385101318
8276,9,5,0,0.5805262327194214
8277,4,2,0,0.4825833737850189
8278,8,3,0,0.5969807505607605
8279,3,5,0,0.5576602816581726
8280,4,9,0,0.4288632273674011
8281,3,5,0,0.5744460821151733
8282,1,9,0,0.8040537238121033
8283,1,9,0,0.5745294690132141
8284,2,3,0,0.2805437743663788
8285,9,3,0,0.41423100233078003
8286,7,6,0,0.5725803971290588
8287,8,8,1,0.6339129209518433
8288,5,5,1,0.6999509930610657
8289,5,1,0,0.32061466574668884
8290,8,3,0,0.5842517018318176
8291,6,3,0,0.38534221053123474
8292,9,3,0,0.5221968293190002
8293,0,1,0,0.48464781045913696
8294,8,9,0,0.8983505964279175
8295,3,0,0,0.629330575466156
8296,5,0,0,0.790579617023468
8297,1,1,1,0.8622416257858276
8298,3,3,1,0.7383438348770142
8299,3,6,0,0.9188100099563599
8300,5,6,0,0.6084020137786865
8301,5,6,0,0.7892281413078308
8302,3,2,0,0.5991207957267761
8303,8,3,0,0.4302869439125061
8304,1,6,0,0.8304142951965332
8305,4,3,0,0.6863762140274048
8306,6,3,0,0.659136176109314
8307,4,3,0,0.884211540222168
8308,2,1,0,0.8376498818397522
8309,4,4,1,0.7424692511558533
8310,3,6,0,0.7220163941383362
8311,8,3,0,0.4964579641819
8312,9,1,0,0.6173970103263855
8313,6,5,0,0.37221547961235046
8314,6,9,0,0.8102853894233704
8315,6,9,0,0.4259856343269348
8316,5,1,0,0.3015599548816681
8317,5,1,0,0.8872791528701782
8318,2,2,1,0.4910210371017456
8319,7,7,1,0.5920142531394958
8320,7,2,0,0.5487608313560486
8321,4,9,0,0.6408333778381348
8322,4,6,0,0.9435255527496338
8323,9,6,0,0.3865143656730652
8324,3,3,1,0.7454909682273865
8325,8,9,0,0.6538000106811523
8326,3,3,1,0.813239574432373
8327,7,3,0,0.8789567351341248
8328,7,9,0,0.5281448364257812
8329,8,2,0,0.4062720239162445
8330,5,2,0,0.4410819411277771
8331,3,6,0,0.7075929045677185
8332,9,1,0,0.43837082386016846
8333,1,6,0,0.7161566615104675
8334,6,6,1,0.7224482893943787
8335,7,3,0,0.8259605765342712
8336,3,3,1,0.8863700032234192
8337,3,3,1,0.6789692044258118
8338,3,1,0,0.9281885027885437
8339,8,8,1,0.6039412021636963
8340,5,3,0,0.6723572015762329
8341,6,6,1,0.9913219809532166
8342,1,9,0,0.6173009872436523
8343,3,3,1,0.8261722326278687
8344,7,3,0,0.5356169939041138
8345,9,9,1,0.6227755546569824
8346,6,6,1,0.7920739054679871
8347,1,3,0,0.5196399092674255
8348,6,6,1,0.5946311950683594
8349,4,2,0,0.4864979386329651
8350,9,9,1,0.980842649936676
8351,0,2,0,0.6323448419570923
8352,5,6,0,0.3401762843132019
8353,7,6,0,0.779969334602356
8354,4,9,0,0.42654046416282654
8355,9,1,0,0.7745400071144104
8356,1,5,0,0.43678298592567444
8357,0,3,0,0.4768631160259247
8358,0,0,1,0.7853391766548157
8359,2,6,0,0.7781550884246826
8360,7,2,0,0.49885669350624084
8361,8,3,0,0.5235999822616577
8362,3,5,0,0.3957759439945221
8363,2,1,0,0.9706037044525146
8364,7,8,0,0.46268606185913086
8365,6,3,0,0.6888827085494995
8366,1,3,0,0.37140852212905884
8367,6,4,0,0.6284801959991455
8368,6,9,0,0.6023077964782715
8369,4,7,0,0.437483549118042
8370,4,1,0,0.5904919505119324
8371,2,3,0,0.6101779341697693
8372,1,1,1,0.6397327184677124
8373,8,1,0,0.6371511220932007
8374,4,5,0,0.4580477774143219
8375,4,6,0,0.822674036026001
8376,7,9,0,0.6633608937263489
8377,8,5,0,0.4974522292613983
8378,5,6,0,0.5225227475166321
8379,8,6,0,0.4146431088447571
8380,9,1,0,0.8694540858268738
8381,4,3,0,0.5620514750480652
8382,3,5,0,0.4384165406227112
8383,2,4,0,0.6047638058662415
8384,2,5,0,0.5406389832496643
8385,9,1,0,0.8201721906661987
8386,3,6,0,0.7805145382881165
8387,0,2,0,0.485802561044693
8388,1,6,0,0.5388974547386169
8389,1,3,0,0.5252665281295776
8390,1,5,0,0.38989928364753723
8391,1,6,0,0.7967756986618042
8392,6,6,1,0.9792402386665344
8393,8,3,0,0.48812952637672424
8394,7,5,0,0.33019593358039856
8395,1,3,0,0.6407688856124878
8396,3,5,0,0.6865931749343872
8397,0,5,0,0.6454105973243713
8398,4,6,0,0.8913024663925171
8399,5,5,1,0.6284409165382385
8400,0,9,0,0.8833706974983215
8401,3,9,0,0.6892169117927551
8402,0,5,0,0.4962804317474365
8403,6,6,1,0.9830621480941772
8404,2,3,0,0.3545721173286438
8405,0,3,0,0.45956140756607056
8406,9,3,0,0.5363950729370117
8407,8,9,0,0.5609940886497498
8408,6,9,0,0.6144147515296936
8409,8,1,0,0.5628859996795654
8410,5,6,0,0.9111509919166565
8411,8,8,1,0.3739105761051178
8412,2,3,0,0.6073902249336243
8413,9,9,1,0.6284685730934143
8414,6,6,1,0.7433281540870667
8415,0,2,0,0.8333137035369873
8416,6,2,0,0.606139063835144
8417,1,9,0,0.487623393535614
8418,8,9,0,0.5796451568603516
8419,7,3,0,0.5885520577430725
8420,3,2,0,0.7691178917884827
8421,2,2,1,0.5271524786949158
8422,2,3,0,0.6099855303764343
8423,6,2,0,0.6372944116592407
8424,5,4,0,0.7344539761543274
8425,6,6,1,0.9298009276390076
8426,9,1,0,0.8222268223762512
8427,2,3,0,0.47024840116500854
8428,5,1,0,0.6960547566413879
8429,4,9,0,0.48296260833740234
8430,9,5,0,0.7105016708374023
8431,8,8,1,0.7188324332237244
8432,5,6,0,0.8209894895553589
8433,3,1,0,0.42050161957740784
8434,9,9,1,0.40921226143836975
8435,3,6,0,0.8372174501419067
8436,5,8,0,0.4518512487411499
8437,7,4,0,0.7035943269729614
8438,1,9,0,0.6121461987495422
8439,8,1,0,0.7685605883598328
8440,5,3,0,0.5820174217224121
8441,8,5,0,0.58249831199646
8442,6,6,1,0.45315805077552795
8443,2,9,0,0.8794540166854858
8444,5,5,1,0.6650527715682983
8445,1,2,0,0.7045843601226807
8446,3,1,0,0.5777623057365417
8447,0,1,0,0.5960271954536438
8448,4,2,0,0.5734917521476746
8449,1,3,0,0.7361716628074646
8450,9,3,0,0.7065473198890686
8451,5,2,0,0.37185800075531006
8452,4,3,0,0.42635294795036316
8453,9,1,0,0.3096701502799988
8454,2,2,1,0.4098382890224457
8455,1,2,0,0.5651439428329468
8456,4,6,0,0.5846898555755615
8457,2,1,0,0.8376929759979248
8458,5,5,1,0.4919385313987732
8459,9,8,0,0.49463924765586853
8460,8,5,0,0.41943222284317017
8461,7,9,0,0.46836841106414795
8462,2,0,0,0.4794682264328003
8463,1,1,1,0.44507554173469543
8464,6,6,1,0.9206341505050659
8465,9,9,1,0.2969174087047577
8466,7,1,0,0.27569645643234253
8467,3,3,1,0.5217298865318298
8468,6,6,1,0.989833414554596
8469,5,1,0,0.7699378132820129
8470,8,9,0,0.4744221568107605
8471,0,1,0,0.5182380676269531
8472,2,6,0,0.6253055334091187
8473,2,7,0,0.9320367574691772
8474,4,3,0,0.4972493648529053
8475,9,2,0,0.5755246877670288
8476,0,6,0,0.4687381386756897
8477,5,3,0,0.665256917476654
8478,5,3,0,0.48408135771751404
8479,4,6,0,0.6826297640800476
8480,2,4,0,0.35193729400634766
8481,3,4,0,0.34575092792510986
8482,1,3,0,0.5886320471763611
8483,0,0,1,0.5496687889099121
8484,3,1,0,0.3945882320404053
8485,0,0,1,0.47456780076026917
8486,4,6,0,0.43776336312294006
8487,4,9,0,0.3985166549682617
8488,9,9,1,0.730126678943634
8489,1,1,1,0.4614662528038025
8490,3,3,1,0.44900640845298767
8491,3,3,1,0.5580083727836609
8492,0,9,0,0.8733603954315186
8493,2,9,0,0.6021936535835266
8494,1,3,0,0.6068724989891052
8495,1,1,1,0.8796836733818054
8496,0,3,0,0.5954402685165405
8497,4,6,0,0.571842610836029
8498,1,2,0,0.572556734085083
8499,9,3,0,0.6624916195869446
8500,4,9,0,0.5376455187797546
8501,8,5,0,0.6958574652671814
8502,1,9,0,0.5077354311943054
8503,1,1,1,0.8230779767036438
8504,1,1,1,0.505844235420227
8505,5,5,1,0.5100411772727966
8506,9,6,0,0.7742545008659363
8507,8,2,0,0.3752386271953583
8508,1,9,0,0.612048864364624
8509,6,1,0,0.5211585760116577
8510,7,1,0,0.6922366619110107
8511,2,6,0,0.6770087480545044
8512,9,9,1,0.6593246459960938
8513,9,0,0,0.5396584868431091
8514,7,2,0,0.5131000876426697
8515,8,5,0,0.5896249413490295
8516,8,6,0,0.35030144453048706
8517,1,5,0,0.7826682925224304
8518,9,3,0,0.6311051845550537
8519,7,9,0,0.49367964267730713
8520,8,6,0,0.7743297219276428
8521,9,5,0,0.7376593947410583
8522,1,0,0,0.3330700099468231
8523,6,6,1,0.7173051834106445
8524,6,2,0,0.5868076086044312
8525,3,2,0,0.45920634269714355
8526,3,1,0,0.7222118973731995
8527,1,1,1,0.7479739785194397
8528,3,1,0,0.425015389919281
8529,0,1,0,0.8734734654426575
8530,8,8,1,0.43773335218429565
8531,8,6,0,0.9531933069229126
8532,3,6,0,0.5438213348388672
8533,6,2,0,0.642857015132904
8534,6,6,1,0.981167197227478
8535,7,5,0,0.7058534026145935
8536,1,1,1,0.5056669116020203
8537,0,0,1,0.9259166121482849
8538,7,5,0,0.42102959752082825
8539,6,5,0,0.5097724199295044
8540,4,2,0,0.573858916759491
8541,8,3,0,0.7421683073043823
8542,2,3,0,0.6558547616004944
8543,0,5,0,0.524246335029602
8544,6,6,1,0.7791501879692078
8545,6,9,0,0.8659250140190125
8546,8,2,0,0.3849693536758423
8547,6,9,0,0.4961833357810974
8548,3,5,0,0.5918933749198914
8549,1,9,0,0.5878904461860657
8550,1,3,0,0.47708743810653687
8551,8,8,1,0.7136305570602417
8552,6,1,0,0.5581712126731873
8553,7,2,0,0.3936883211135864
8554,0,3,0,0.4199163615703583
8555,5,5,1,0.6964657306671143
8556,4,3,0,0.4824078381061554
8557,3,2,0,0.5367032885551453
8558,2,2,1,0.3862190544605255
8559,1,1,1,0.6567668914794922
8560,7,1,0,0.46278393268585205
8561,8,9,0,0.545708179473877
8562,2,6,0,0.4362522065639496
8563,0,0,1,0.6731106638908386
8564,1,2,0,0.8014649748802185
8565,7,6,0,0.8278137445449829
8566,4,2,0,0.6264760494232178
8567,8,3,0,0.7815949320793152
8568,7,9,0,0.5535773038864136
8569,6,6,1,0.4891064465045929
8570,6,1,0,0.48969659209251404
8571,7,6,0,0.4180050194263458
8572,0,8,0,0.813315212726593
8573,6,5,0,0.6069589853286743
8574,4,1,0,0.5249263644218445
8575,9,6,0,0.862949013710022
8576,2,5,0,0.6694675087928772
8577,3,9,0,0.47415345907211304
8578,2,5,0,0.6415654420852661
8579,1,1,1,0.7828978896141052
8580,3,0,0,0.7177903056144714
8581,8,3,0,0.427632212638855
8582,6,6,1,0.7490891814231873
8583,8,2,0,0.32360604405403137
8584,1,1,1,0.432844340801239
8585,9,1,0,0.9109420776367188
8586,6,6,1,0.75898677110672
8587,7,7,1,0.8342228531837463
8588,6,3,0,0.43931126594543457
8589,5,6,0,0.9292040467262268
8590,0,3,0,0.7693151831626892
8591,6,9,0,0.5046297907829285
8592,0,1,0,0.8121656179428101
8593,1,8,0,0.7748386263847351
8594,3,9,0,0.5341770648956299
8595,1,3,0,0.35788053274154663
8596,1,6,0,0.8836336135864258
8597,5,5,1,0.6112059950828552
8598,3,3,1,0.6323433518409729
8599,4,3,0,0.7113417387008667
8600,3,3,1,0.7138736844062805
8601,3,3,1,0.9288333058357239
8602,8,2,0,0.7575808167457581
8603,1,1,1,0.9145142436027527
8604,6,1,0,0.867454469203949
8605,6,5,0,0.4809209704399109
8606,1,1,1,0.48347243666648865
8607,8,5,0,0.6446370482444763
8608,8,6,0,0.4798838496208191
8609,6,9,0,0.746458113193512
8610,2,9,0,0.7802191972732544
8611,7,4,0,0.7306547164916992
8612,4,6,0,0.9724425077438354
8613,6,6,1,0.9488184452056885
8614,8,1,0,0.8045225739479065
8615,9,9,1,0.7805125117301941
8616,3,6,0,0.8885186910629272
8617,3,5,0,0.7457610964775085
8618,5,4,0,0.5717765688896179
8619,5,3,0,0.4169607162475586
8620,3,6,0,0.37493985891342163
8621,1,6,0,0.6621256470680237
8622,4,4,1,0.5810176730155945
8623,1,1,1,0.6354198455810547
8624,9,6,0,0.45481136441230774
8625,5,3,0,0.7083290219306946
8626,1,3,0,0.38021284341812134
8627,7,5,0,0.7362582683563232
8628,7,6,0,0.5396136045455933
8629,7,5,0,0.5518555641174316
8630,5,2,0,0.8555152416229248
8631,2,2,1,0.7120784521102905
8632,3,2,0,0.5849623680114746
8633,3,3,1,0.5645514726638794
8634,6,6,1,0.3983873128890991
8635,6,6,1,0.8742088675498962
8636,6,3,0,0.5644910335540771
8637,4,9,0,0.4620053768157959
8638,0,8,0,0.4762687683105469
8639,7,0,0,0.599991500377655
8640,1,6,0,0.47049635648727417
8641,7,2,0,0.578068196773529
8642,3,2,0,0.6119585037231445
8643,0,3,0,0.6034080982208252
8644,8,3,0,0.39525166153907776
8645,1,2,0,0.37096524238586426
8646,2,2,1,0.5583017468452454
8647,4,2,0,0.4301399290561676
8648,1,5,0,0.4952961206436157
8649,2,3,0,0.5680745244026184
8650,2,2,1,0.5827472805976868
8651,4,1,0,0.44229698181152344
8652,9,9,1,0.7570164799690247
8653,8,3,0,0.7436785101890564
8654,2,3,0,0.8680001497268677
8655,8,9,0,0.7043313384056091
8656,7,2,0,0.7677439451217651
8657,6,3,0,0.7551584839820862
8658,3,5,0,0.5245359539985657
8659,4,9,0,0.5007908940315247
8660,7,8,0,0.7322323322296143
8661,2,2,1,0.6173602342605591
8662,3,2,0,0.43832141160964966
8663,1,1,1,0.5748322606086731
8664,5,3,0,0.6423617005348206
8665,3,6,0,0.4626264274120331
8666,0,3,0,0.6977940797805786
8667,4,7,0,0.5360392928123474
8668,3,3,1,0.6150274872779846
8669,4,9,0,0.6139225959777832
8670,9,3,0,0.8189315795898438
8671,4,3,0,0.619036853313446
8672,7,3,0,0.6583002209663391
8673,9,2,0,0.5252929329872131
8674,1,3,0,0.660716712474823
8675,7,5,0,0.44031471014022827
8676,8,1,0,0.8297072649002075
8677,3,3,1,0.45020511746406555
8678,1,3,0,0.4523868262767792
8679,8,5,0,0.4638909697532654
8680,3,1,0,0.4281217157840729
8681,2,2,1,0.5207851529121399
8682,5,1,0,0.614340603351593
8683,7,8,0,0.4500250220298767
8684,2,5,0,0.6759227514266968
8685,7,9,0,0.5089103579521179
8686,9,0,0,0.572367787361145
8687,6,3,0,0.3913450539112091
8688,8,5,0,0.3065745532512665
8689,6,1,0,0.5852125883102417
8690,8,3,0,0.7048863172531128
8691,6,8,0,0.7484877109527588
8692,5,5,1,0.2760249078273773
8693,9,1,0,0.4245729148387909
8694,0,8,0,0.45094233751296997
8695,4,6,0,0.41228199005126953
8696,8,6,0,0.8850208520889282
8697,5,5,1,0.6736813187599182
8698,6,6,1,0.9917833805084229
8699,4,5,0,0.6470092535018921
8700,3,9,0,0.6798390746116638
8701,8,5,0,0.5812215805053711
8702,0,8,0,0.5556827783584595
8703,4,3,0,0.641952633857727
8704,8,2,0,0.6296091675758362
8705,6,6,1,0.6046398282051086
8706,7,3,0,0.9222196936607361
8707,2,8,0,0.9390016198158264
8708,7,3,0,0.6685528755187988
8709,1,6,0,0.821085512638092
8710,7,2,0,0.6857502460479736
8711,4,3,0,0.49617087841033936
8712,1,6,0,0.9869691133499146
8713,2,3,0,0.4586089253425598
8714,4,4,1,0.6782728433609009
8715,2,5,0,0.4767581522464752
8716,2,2,1,0.44330108165740967
8717,8,3,0,0.438213974237442
8718,7,2,0,0.5655627250671387
8719,2,3,0,0.5357042551040649
8720,2,0,0,0.41265183687210083
8721,6,3,0,0.4209146797657013
8722,7,3,0,0.4236404001712799
8723,5,4,0,0.4592064619064331
8724,6,6,1,0.4649944305419922
8725,8,3,0,0.6155108213424683
8726,9,1,0,0.44827455282211304
8727,9,9,1,0.7103583216667175
8728,6,5,0,0.6147010922431946
8729,5,6,0,0.4390433430671692
8730,2,2,1,0.8297918438911438
8731,9,3,0,0.6165527701377869
8732,8,3,0,0.5485271215438843
8733,7,1,0,0.7183981537818909
8734,2,1,0,0.8149850964546204
8735,3,5,0,0.4842141568660736
8736,3,6,0,0.8734539151191711
8737,7,3,0,0.5439982414245605
8738,4,6,0,0.42977622151374817
8739,3,3,1,0.3560948669910431
8740,2,3,0,0.42296352982521057
8741,1,1,1,0.5352259278297424
8742,9,5,0,0.5711511373519897
8743,0,9,0,0.599168598651886
8744,1,6,0,0.6022558808326721
8745,5,3,0,0.8305237293243408
8746,3,1,0,0.6646324396133423
8747,2,5,0,0.6484378576278687
8748,6,2,0,0.5575329065322876
8749,5,1,0,0.5626391768455505
8750,9,3,0,0.5740000009536743
8751,1,3,0,0.3874889314174652
8752,5,2,0,0.4934050440788269
8753,4,4,1,0.403697669506073
8754,3,3,1,0.89853835105896
8755,6,6,1,0.9513667821884155
8756,2,6,0,0.5973761081695557
8757,8,6,0,0.5915907621383667
8758,9,1,0,0.32194122672080994
8759,7,5,0,0.2895776033401489
8760,8,1,0,0.485006183385849
8761,0,3,0,0.5578054785728455
8762,8,3,0,0.5406012535095215
8763,9,1,0,0.6078550815582275
8764,1,3,0,0.5897470712661743
8765,2,1,0,0.5037583708763123
8766,5,8,0,0.43584078550338745
8767,7,2,0,0.5136800408363342
8768,2,3,0,0.6420606374740601
8769,0,5,0,0.4197198748588562
8770,6,1,0,0.7539685368537903
8771,6,4,0,0.7586301565170288
8772,1,1,1,0.7088512182235718
8773,6,6,1,0.9856687784194946
8774,3,3,1,0.7450764179229736
8775,1,1,1,0.6267063617706299
8776,5,3,0,0.7920607328414917
8777,0,2,0,0.79057776927948
8778,3,9,0,0.7527855038642883
8779,7,3,0,0.6592177152633667
8780,4,2,0,0.62409508228302
8781,6,1,0,0.7193571329116821
8782,5,5,1,0.5429897308349609
8783,6,9,0,0.4357374906539917
8784,4,6,0,0.8720784187316895
8785,8,3,0,0.5924460291862488
8786,3,6,0,0.9636669754981995
8787,4,1,0,0.5407907962799072
8788,5,1,0,0.9442041516304016
8789,5,5,1,0.6229522228240967
8790,0,1,0,0.4778669774532318
8791,6,6,1,0.9208750128746033
8792,6,4,0,0.5095230340957642
8793,7,3,0,0.5267064571380615
8794,5,4,0,0.5746040344238281
8795,0,2,0,0.5596179366111755
8796,9,6,0,0.8237720131874084
8797,9,9,1,0.4857674837112427
8798,6,3,0,0.6282166242599487
8799,1,1,1,0.8649517297744751
8800,0,0,1,0.6687466502189636
8801,4,3,0,0.6502176523208618
8802,6,9,0,0.3385334312915802
8803,3,2,0,0.5667063593864441
8804,6,3,0,0.5921617746353149
8805,9,6,0,0.9118536710739136
8806,3,3,1,0.6943384408950806
8807,6,6,1,0.7117667198181152
8808,6,9,0,0.5025001764297485
8809,8,3,0,0.6295838952064514
8810,2,3,0,0.8201391696929932
8811,1,2,0,0.5256619453430176
8812,0,5,0,0.8418240547180176
8813,1,9,0,0.6518387794494629
8814,9,1,0,0.5616544485092163
8815,3,3,1,0.7947419881820679
8816,7,1,0,0.6965922117233276
8817,4,1,0,0.6299701929092407
8818,3,3,1,0.5319070219993591
8819,0,1,0,0.899906575679779
8820,2,3,0,0.5940715670585632
8821,7,4,0,0.6146760582923889
8822,6,6,1,0.7640543580055237
8823,4,4,1,0.4349308907985687
8824,3,0,0,0.7967739701271057
8825,0,6,0,0.3763899803161621
8826,8,8,1,0.9621011018753052
8827,2,9,0,0.5825572609901428
8828,0,6,0,0.7027543187141418
8829,0,5,0,0.5639065504074097
8830,9,5,0,0.49702730774879456
8831,6,6,1,0.8509597182273865
8832,6,6,1,0.6787267923355103
8833,6,6,1,0.8204192519187927
8834,8,1,0,0.651334822177887
8835,7,3,0,0.7348719835281372
8836,4,2,0,0.5292797684669495
8837,1,5,0,0.6824216246604919
8838,8,5,0,0.7569687962532043
8839,1,0,0,0.5289642810821533
8840,2,2,1,0.3803383708000183
8841,2,1,0,0.5383690595626831
8842,4,6,0,0.36153852939605713
8843,8,1,0,0.5991063714027405
8844,5,3,0,0.8312543034553528
8845,2,5,0,0.5399670004844666
8846,6,6,1,0.8273072838783264
8847,5,5,1,0.7369563579559326
8848,3,8,0,0.45096495747566223
8849,9,9,1,0.858765184879303
8850,1,2,0,0.49952441453933716
8851,0,9,0,0.4948709309101105
8852,7,1,0,0.7769366502761841
8853,2,6,0,0.7324533462524414
8854,4,2,0,0.6262548565864563
8855,4,6,0,0.8457466959953308
8856,0,8,0,0.3854101598262787
8857,0,3,0,0.6394021511077881
8858,6,3,0,0.605636715888977
8859,2,3,0,0.6686744093894958
8860,2,5,0,0.7341482043266296
8861,4,9,0,0.49469879269599915
8862,0,6,0,0.6159741878509521
8863,5,2,0,0.4957011938095093
8864,9,1,0,0.6323744058609009
8865,7,5,0,0.32393160462379456
8866,1,5,0,0.5345319509506226
8867,8,3,0,0.6385685205459595
8868,4,9,0,0.4423259496688843
8869,5,2,0,0.36070752143859863
8870,5,8,0,0.42905110120773315
8871,9,1,0,0.7085116505622864
8872,8,9,0,0.6082736849784851
8873,5,5,1,0.9196980595588684
8874,7,3,0,0.6020275354385376
8875,8,6,0,0.793175220489502
8876,0,6,0,0.7002521753311157
8877,9,2,0,0.3226422071456909
8878,8,2,0,0.700600266456604
8879,9,8,0,0.4386190176010132
8880,1,1,1,0.9855930209159851
8881,6,6,1,0.582863450050354
8882,3,5,0,0.37481921911239624
8883,8,1,0,0.5926368236541748
8884,0,2,0,0.5522733926773071
8885,3,3,1,0.5396373271942139
8886,4,3,0,0.7431725263595581
8887,4,6,0,0.6374682784080505
8888,8,1,0,0.8210771083831787
8889,4,3,0,0.49252209067344666
8890,8,9,0,0.5850959420204163
8891,9,3,0,0.5849398374557495
8892,8,9,0,0.8000773787498474
8893,6,6,1,0.7422259449958801
8894,0,2,0,0.4714645445346832
8895,0,1,0,0.956571638584137
8896,8,2,0,0.6909953951835632
8897,2,1,0,0.7451122999191284
8898,7,1,0,0.5072628855705261
8899,4,4,1,0.673600971698761
8900,2,6,0,0.9303498864173889
8901,5,3,0,0.39496198296546936
8902,6,6,1,0.8225425481796265
8903,0,6,0,0.5268424153327942
8904,5,3,0,0.50185227394104
8905,8,9,0,0.39777669310569763
8906,4,3,0,0.4993104338645935
8907,1,3,0,0.5374345183372498
8908,9,9,1,0.5639335513114929
8909,0,8,0,0.6108006238937378
8910,1,1,1,0.5843763947486877
8911,4,2,0,0.5727332830429077
8912,4,3,0,0.6183757185935974
8913,8,8,1,0.896149218082428
8914,4,3,0,0.6124987006187439
8915,9,9,1,0.7979561686515808
8916,6,6,1,0.9133228659629822
8917,0,1,0,0.7341591715812683
8918,7,0,0,0.3830941319465637
8919,7,4,0,0.4399142861366272
8920,6,2,0,0.5496585965156555
8921,8,8,1,0.9513566493988037
8922,9,6,0,0.656440258026123
8923,6,9,0,0.7592140436172485
8924,2,6,0,0.6406964063644409
8925,0,9,0,0.5996711254119873
8926,4,6,0,0.6311481595039368
8927,9,4,0,0.3208874464035034
8928,4,1,0,0.8956533670425415
8929,9,9,1,0.8103298544883728
8930,3,3,1,0.6169105172157288
8931,9,1,0,0.7216976284980774
8932,6,2,0,0.39722728729248047
8933,6,9,0,0.5671135187149048
8934,7,7,1,0.30409905314445496
8935,0,8,0,0.5570241212844849
8936,9,1,0,0.488524854183197
8937,7,1,0,0.4577454626560211
8938,1,9,0,0.7586055994033813
8939,8,3,0,0.7381364107131958
8940,6,8,0,0.5894948840141296
8941,0,8,0,0.6157419681549072
8942,6,3,0,0.579501748085022
8943,7,3,0,0.7315354943275452
8944,4,3,0,0.3649123013019562
8945,1,1,1,0.6795509457588196
8946,9,9,1,0.4061933159828186
8947,4,4,1,0.6339558959007263
8948,6,6,1,0.8866594433784485
8949,7,1,0,0.574867308139801
8950,9,9,1,0.5405113101005554
8951,8,5,0,0.7840444445610046
8952,3,6,0,0.946399450302124
8953,9,6,0,0.307038277387619
8954,2,6,0,0.7392794489860535
8955,1,3,0,0.45460739731788635
8956,2,9,0,0.6631783843040466
8957,7,6,0,0.5064489841461182
8958,6,6,1,0.6880291104316711
8959,1,9,0,0.403258740901947
8960,0,8,0,0.47132939100265503
8961,0,4,0,0.7232401967048645
8962,5,3,0,0.7093390822410583
8963,6,6,1,0.9696673154830933
8964,0,9,0,0.6331018209457397
8965,4,3,0,0.5557942390441895
8966,3,3,1,0.654553234577179
8967,2,3,0,0.466047465801239
8968,8,6,0,0.7835897207260132
8969,8,3,0,0.5009934902191162
8970,0,0,1,0.6776720285415649
8971,6,6,1,0.8597740530967712
8972,9,3,0,0.4188097417354584
8973,5,3,0,0.8644657135009766
8974,2,3,0,0.4905886650085449
8975,8,1,0,0.7883740663528442
8976,7,3,0,0.4110567271709442
8977,0,1,0,0.6290315985679626
8978,6,6,1,0.45161929726600647
8979,5,5,1,0.5568756461143494
8980,9,8,0,0.4348564147949219
8981,7,6,0,0.5206372141838074
8982,2,2,1,0.7634643316268921
8983,3,4,0,0.6728044152259827
8984,6,6,1,0.9309957027435303
8985,9,3,0,0.5369006395339966
8986,6,6,1,0.9574065208435059
8987,2,2,1,0.4917643070220947
8988,2,3,0,0.2740078568458557
8989,4,3,0,0.5692624449729919
8990,1,1,1,0.8871727585792542
8991,0,0,1,0.28340157866477966
8992,5,1,0,0.7433156967163086
8993,0,6,0,0.5326647162437439
8994,8,8,1,0.6575530767440796
8995,9,6,0,0.6154059767723083
8996,3,9,0,0.7725652456283569
8997,5,3,0,0.6567637920379639
8998,9,9,1,0.6090092062950134
8999,3,5,0,0.7059162259101868
9000,8,5,0,0.29911285638809204
9001,1,1,1,0.8648504018783569
9002,6,3,0,0.48537755012512207
9003,3,3,1,0.8324111104011536
9004,7,3,0,0.39633023738861084
9005,5,3,0,0.5106400847434998
9006,6,9,0,0.5310529470443726
9007,2,3,0,0.8520419001579285
9008,0,5,0,0.595211923122406
9009,2,6,0,0.7526218891143799
9010,8,6,0,0.5102999806404114
9011,2,6,0,0.7412395477294922
9012,8,8,1,0.4442536234855652
9013,7,3,0,0.4653852880001068
9014,7,5,0,0.5842714905738831
9015,8,7,0,0.45670709013938904
9016,1,9,0,0.5394170880317688
9017,0,1,0,0.9480196237564087
9018,8,3,0,0.4615962505340576
9019,9,2,0,0.5751290321350098
9020,7,9,0,0.6501255631446838
9021,0,1,0,0.6625524163246155
9022,3,0,0,0.6462658047676086
9023,8,3,0,0.6869904398918152
9024,0,2,0,0.3768627345561981
9025,5,2,0,0.5965794324874878
9026,9,0,0,0.4641849994659424
9027,5,9,0,0.5658302903175354
9028,8,2,0,0.4307860732078552
9029,4,4,1,0.5017053484916687
9030,2,4,0,0.5276582837104797
9031,0,1,0,0.602365255355835
9032,9,9,1,0.3995688855648041
9033,2,9,0,0.5504794120788574
9034,2,1,0,0.7524630427360535
9035,4,6,0,0.9331728219985962
9036,4,4,1,0.408547580242157
9037,9,5,0,0.7281731367111206
9038,2,4,0,0.5687328577041626
9039,2,3,0,0.2874147593975067
9040,2,3,0,0.46498608589172363
9041,5,3,0,0.6216297149658203
9042,1,1,1,0.7813299298286438
9043,3,3,1,0.5383581519126892
9044,2,4,0,0.4357832074165344
9045,0,8,0,0.3344634473323822
9046,0,2,0,0.7161786556243896
9047,4,3,0,0.5900692939758301
9048,0,3,0,0.8005335927009583
9049,6,6,1,0.3813561797142029
9050,5,5,1,0.7272105813026428
9051,8,0,0,0.5423423051834106
9052,0,1,0,0.4570866823196411
9053,5,5,1,0.8506302237510681
9054,8,2,0,0.7106954455375671
9055,6,1,0,0.7350877523422241
9056,4,2,0,0.5206210017204285
9057,8,9,0,0.5504921078681946
9058,5,0,0,0.6468966603279114
9059,2,6,0,0.7966640591621399
9060,9,9,1,0.6042789220809937
9061,7,9,0,0.6253533363342285
9062,9,9,1,0.7653979659080505
9063,7,2,0,0.5350507497787476
9064,1,1,1,0.7313248515129089
9065,0,2,0,0.7997946739196777
9066,1,5,0,0.3760271966457367
9067,9,9,1,0.9194298386573792
9068,6,9,0,0.596341609954834
9069,9,2,0,0.38060837984085083
9070,2,0,0,0.5389352440834045
9071,7,2,0,0.5477043390274048
9072,9,6,0,0.9301543235778809
9073,4,6,0,0.7217534780502319
9074,4,4,1,0.6063434481620789
9075,0,1,0,0.5738654732704163
9076,6,6,1,0.7645840048789978
9077,2,3,0,0.4506954848766327
9078,4,3,0,0.7013555765151978
9079,1,4,0,0.6142101883888245
9080,3,8,0,0.45363831520080566
9081,7,7,1,0.43842482566833496
9082,2,3,0,0.43932515382766724
9083,8,8,1,0.5911169648170471
9084,5,3,0,0.5411035418510437
9085,9,3,0,0.7254329919815063
9086,0,3,0,0.5856242179870605
9087,3,5,0,0.6676071286201477
9088,2,6,0,0.5466994047164917
9089,3,2,0,0.7138116359710693
9090,2,6,0,0.990006148815155
9091,7,5,0,0.7330613136291504
9092,6,2,0,0.7167529463768005
9093,3,2,0,0.5495055317878723
9094,2,1,0,0.5363537073135376
9095,5,5,1,0.6324074268341064
9096,9,1,0,0.6526524424552917
9097,0,2,0,0.5223413705825806
9098,5,5,1,0.6483067274093628
9099,9,1,0,0.7791869640350342
9100,9,5,0,0.5033244490623474
9101,8,2,0,0.6716548800468445
9102,7,1,0,0.48042625188827515
9103,7,8,0,0.567101240158081
9104,4,6,0,0.815385103225708
9105,8,3,0,0.6607924699783325
9106,6,6,1,0.7314803004264832
9107,5,9,0,0.49874845147132874
9108,2,6,0,0.7113487124443054
9109,3,9,0,0.45399922132492065
9110,1,1,1,0.658901572227478
9111,0,9,0,0.9170262813568115
9112,4,6,0,0.6481969952583313
9113,1,3,0,0.46623697876930237
9114,8,3,0,0.42367926239967346
9115,8,3,0,0.5724098682403564
9116,4,6,0,0.6992121934890747
9117,9,3,0,0.5011654496192932
9118,4,3,0,0.6152561902999878
9119,4,6,0,0.8866282105445862
9120,3,3,1,0.713045060634613
9121,3,3,1,0.8214446306228638
9122,9,1,0,0.5785341858863831
9123,2,2,1,0.7839981317520142
9124,0,3,0,0.6401144862174988
9125,1,5,0,0.529384970664978
9126,1,1,1,0.6076323986053467
9127,8,6,0,0.5730840563774109
9128,4,2,0,0.6404041051864624
9129,4,8,0,0.5112408995628357
9130,8,6,0,0.6724204421043396
9131,3,5,0,0.5691111087799072
9132,2,1,0,0.4311334490776062
9133,9,8,0,0.35442766547203064
9134,5,1,0,0.5064813494682312
9135,7,7,1,0.38631880283355713
9136,6,6,1,0.9573677778244019
9137,2,1,0,0.41705837845802307
9138,5,1,0,0.6248752474784851
9139,4,2,0,0.8437181711196899
9140,7,9,0,0.5935935974121094
9141,3,3,1,0.6109212040901184
9142,3,3,1,0.7236183881759644
9143,9,9,1,0.8396814465522766
9144,0,9,0,0.5889068245887756
9145,1,1,1,0.6512616872787476
9146,5,3,0,0.6113467812538147
9147,9,3,0,0.6583852767944336
9148,3,5,0,0.4907320737838745
9149,7,9,0,0.51997971534729
9150,6,6,1,0.8755177855491638
9151,0,0,1,0.780052661895752
9152,4,2,0,0.4316427409648895
9153,2,3,0,0.3790377974510193
9154,2,2,1,0.6129599809646606
9155,5,2,0,0.3790024220943451
9156,6,6,1,0.893902599811554
9157,3,3,1,0.7926681041717529
9158,8,6,0,0.5737810134887695
9159,9,9,1,0.6165129542350769
9160,5,4,0,0.6806321144104004
9161,6,4,0,0.513754665851593
9162,1,2,0,0.46258342266082764
9163,4,6,0,0.7797582745552063
9164,5,2,0,0.4587511122226715
9165,4,6,0,0.8384441137313843
9166,6,6,1,0.7380036115646362
9167,7,6,0,0.3580649793148041
9168,2,3,0,0.36237549781799316
9169,1,5,0,0.45964130759239197
9170,0,5,0,0.4214620590209961
9171,2,2,1,0.5384464263916016
9172,0,2,0,0.5966835618019104
9173,4,1,0,0.44007906317710876
9174,9,9,1,0.4709247350692749
9175,8,3,0,0.5060087442398071
9176,8,3,0,0.7938066124916077
9177,9,6,0,0.8235046863555908
9178,1,9,0,0.622732400894165
9179,1,1,1,0.5976936221122742
9180,5,5,1,0.7082165479660034
9181,0,1,0,0.48463210463523865
9182,0,1,0,0.8851293921470642
9183,8,3,0,0.5862584114074707
9184,7,6,0,0.6979354023933411
9185,1,3,0,0.6973046660423279
9186,7,3,0,0.45624980330467224
9187,4,2,0,0.8289755582809448
9188,5,3,0,0.6205694079399109
9189,4,1,0,0.6281951069831848
9190,3,5,0,0.8589933514595032
9191,3,3,1,0.6391766667366028
9192,2,1,0,0.7084185481071472
9193,0,2,0,0.40445804595947266
9194,6,2,0,0.5490059852600098
9195,6,6,1,0.9740102291107178
9196,0,3,0,0.6765428185462952
9197,1,2,0,0.49295249581336975
9198,3,5,0,0.4728662371635437
9199,9,1,0,0.460212379693985
9200,8,9,0,0.5339866876602173
9201,3,1,0,0.6657500267028809
9202,7,7,1,0.7400801777839661
9203,8,9,0,0.7245968580245972
9204,9,9,1,0.5633922815322876
9205,4,4,1,0.8026281595230103
9206,8,8,1,0.4067929983139038
9207,9,9,1,0.8552515506744385
9208,0,1,0,0.8794916272163391
9209,9,3,0,0.7207146883010864
9210,7,3,0,0.5594514608383179
9211,1,1,1,0.5762374401092529
9212,6,1,0,0.5005032420158386
9213,2,2,1,0.7053323984146118
9214,9,1,0,0.8203054666519165
9215,5,2,0,0.4398227334022522
9216,6,3,0,0.5154383182525635
9217,9,1,0,0.721008837223053
9218,3,5,0,0.7166325449943542
9219,9,9,1,0.6295941472053528
9220,8,9,0,0.4909812808036804
9221,7,1,0,0.5602172017097473
9222,7,3,0,0.5220646262168884
9223,1,1,1,0.7785314321517944
9224,6,3,0,0.7312924265861511
9225,5,5,1,0.6408043503761292
9226,3,6,0,0.7292413711547852
9227,1,1,1,0.4436773359775543
9228,3,3,1,0.6796920895576477
9229,1,9,0,0.4305793344974518
9230,2,5,0,0.694939374923706
9231,7,3,0,0.6598055958747864
9232,1,6,0,0.535023033618927
9233,8,3,0,0.5083186626434326
9234,2,6,0,0.6654423475265503
9235,0,2,0,0.5517105460166931
9236,9,0,0,0.47462090849876404
9237,7,2,0,0.4012250006198883
9238,9,6,0,0.717422366142273
9239,8,3,0,0.5177478194236755
9240,8,5,0,0.42345964908599854
9241,6,9,0,0.6408683657646179
9242,7,3,0,0.6715007424354553
9243,3,6,0,0.4579400420188904
9244,7,1,0,0.9469584822654724
9245,1,3,0,0.42260056734085083
9246,3,2,0,0.8565250635147095
9247,9,2,0,0.3940798044204712
9248,0,3,0,0.5093596577644348
9249,9,5,0,0.6451070308685303
9250,3,5,0,0.5288550853729248
9251,6,3,0,0.5942127704620361
9252,7,4,0,0.8258273601531982
9253,2,1,0,0.7224322557449341
9254,7,5,0,0.509305477142334
9255,3,1,0,0.5456825494766235
9256,0,2,0,0.5011711120605469
9257,5,3,0,0.8052756190299988
9258,9,9,1,0.7204945087432861
9259,7,6,0,0.6715497970581055
9260,5,3,0,0.6287347674369812
9261,5,1,0,0.48945894837379456
9262,0,3,0,0.4549912214279175
9263,6,6,1,0.930417001247406
9264,5,1,0,0.6109552383422852
9265,1,6,0,0.8093141913414001
9266,8,9,0,0.5233909487724304
9267,2,3,0,0.5050786137580872
9268,7,6,0,0.504979133605957
9269,5,3,0,0.788809061050415
9270,9,9,1,0.6138071417808533
9271,0,2,0,0.6939364075660706
9272,0,1,0,0.4505588114261627
9273,0,2,0,0.8658573031425476
9274,8,1,0,0.7058380246162415
9275,8,5,0,0.6233229041099548
9276,7,1,0,0.7364223599433899
9277,3,6,0,0.5130608081817627
9278,7,5,0,0.5552930235862732
9279,8,8,1,0.4653693735599518
9280,9,1,0,0.5285874009132385
9281,3,6,0,0.5978034734725952
9282,7,9,0,0.410044401884079
9283,9,2,0,0.40596407651901245
9284,7,7,1,0.5138545632362366
9285,8,2,0,0.4395879805088043
9286,7,5,0,0.655518114566803
9287,9,9,1,0.7774876356124878
9288,8,8,1,0.4587051272392273
9289,5,5,1,0.9210279583930969
9290,4,2,0,0.5395774245262146
9291,8,8,1,0.5934293866157532
9292,3,5,0,0.5360773801803589
9293,7,5,0,0.4937957227230072
9294,6,6,1,0.6351430416107178
9295,3,8,0,0.5776954293251038
9296,8,3,0,0.5585129857063293
9297,2,2,1,0.6261340379714966
9298,1,1,1,0.7677128314971924
9299,9,9,1,0.49173957109451294
9300,5,3,0,0.88791823387146
9301,7,3,0,0.8710082769393921
9302,3,2,0,0.37547627091407776
9303,9,1,0,0.9772547483444214
9304,5,3,0,0.5308244228363037
9305,5,6,0,0.5628340840339661
9306,8,2,0,0.5112829208374023
9307,7,6,0,0.7358691096305847
9308,3,3,1,0.32235780358314514
9309,5,3,0,0.6785428524017334
9310,3,4,0,0.6363696455955505
9311,5,5,1,0.4800609350204468
9312,9,2,0,0.6134340763092041
9313,7,3,0,0.44121867418289185
9314,6,6,1,0.467094361782074
9315,7,3,0,0.6380905508995056
9316,3,6,0,0.6305342316627502
9317,6,3,0,0.5229272842407227
9318,4,3,0,0.3362447917461395
9319,3,8,0,0.3860301673412323
9320,9,3,0,0.8080532550811768
9321,4,3,0,0.6888668537139893
9322,2,6,0,0.45533785223960876
9323,1,1,1,0.5096989274024963
9324,9,6,0,0.5691552758216858
9325,6,6,1,0.9441319108009338
9326,0,3,0,0.43164321780204773
9327,2,6,0,0.6942353248596191
9328,6,3,0,0.4541378319263458
9329,7,8,0,0.48528316617012024
9330,4,3,0,0.6285601854324341
9331,7,1,0,0.6996278762817383
9332,9,3,0,0.6812799572944641
9333,0,3,0,0.45860010385513306
9334,7,3,0,0.6973268389701843
9335,4,6,0,0.4635583162307739
9336,3,9,0,0.6832478046417236
9337,5,5,1,0.5069970488548279
9338,3,4,0,0.43510451912879944
9339,1,1,1,0.44203099608421326
9340,1,1,1,0.8557398915290833
9341,2,1,0,0.46254193782806396
9342,6,2,0,0.8347516059875488
9343,8,9,0,0.6538715362548828
9344,2,3,0,0.9393889904022217
9345,1,2,0,0.35585692524909973
9346,7,1,0,0.7680866122245789
9347,8,0,0,0.5288503170013428
9348,5,3,0,0.6236608028411865
9349,9,1,0,0.6653760671615601
9350,6,6,1,0.6705538630485535
9351,1,9,0,0.7016993165016174
9352,1,1,1,0.9433952569961548
9353,5,7,0,0.8362550735473633
9354,0,1,0,0.748477578163147
9355,6,6,1,0.9319047331809998
9356,0,1,0,0.3238729238510132
9357,9,9,1,0.6224226355552673
9358,2,6,0,0.6744719743728638
9359,6,2,0,0.8254239559173584
9360,5,5,1,0.49488574266433716
9361,8,1,0,0.7659245729446411
9362,9,9,1,0.35249629616737366
9363,5,3,0,0.7153640985488892
9364,5,1,0,0.5549599528312683
9365,6,6,1,0.9869655966758728
9366,2,6,0,0.8132808804512024
9367,9,3,0,0.7732404470443726
9368,1,6,0,0.6113690137863159
9369,5,1,0,0.4270263910293579
9370,8,1,0,0.7186171412467957
9371,8,2,0,0.6357358694076538
9372,7,9,0,0.5226013660430908
9373,1,1,1,0.7915539741516113
9374,7,9,0,0.4353538453578949
9375,3,3,1,0.6690841913223267
9376,5,9,0,0.6363823413848877
9377,4,3,0,0.6846492290496826
9378,9,9,1,0.7050506472587585
9379,7,6,0,0.6510044932365417
9380,5,3,0,0.45494532585144043
9381,2,2,1,0.642427384853363
9382,9,9,1,0.9021669626235962
9383,9,9,1,0.5573012828826904
9384,4,6,0,0.4895533621311188
9385,7,6,0,0.8530735373497009
9386,4,5,0,0.5654105544090271
9387,1,1,1,0.930237889289856
9388,3,3,1,0.5879751443862915
9389,8,1,0,0.5966717600822449
9390,7,3,0,0.6774582862854004
9391,9,6,0,0.7116878628730774
9392,0,6,0,0.8577004075050354
9393,4,9,0,0.7705186009407043
9394,5,6,0,0.5173956155776978
9395,7,7,1,0.5781517624855042
9396,5,2,0,0.35842272639274597
9397,2,3,0,0.3167187571525574
9398,8,6,0,0.9226994514465332
9399,7,2,0,0.6140626668930054
9400,6,6,1,0.9667084217071533
9401,9,5,0,0.396610289812088
9402,6,6,1,0.7269623279571533
9403,9,9,1,0.6610977649688721
9404,3,5,0,0.6146801114082336
9405,8,1,0,0.5581026077270508
9406,5,9,0,0.47124388813972473
9407,6,3,0,0.41339412331581116
9408,6,6,1,0.9113553762435913
9409,9,9,1,0.9698733687400818
9410,5,3,0,0.7591925263404846
9411,7,7,1,0.8290894031524658
9412,8,9,0,0.6911206841468811
9413,0,3,0,0.44102492928504944
9414,5,5,1,0.8158496022224426
9415,0,3,0,0.5942965745925903
9416,7,3,0,0.6758059859275818
9417,4,2,0,0.7558104991912842
9418,8,1,0,0.5739806890487671
9419,2,5,0,0.7525312900543213
9420,5,6,0,0.8168841004371643
9421,1,1,1,0.4993574917316437
9422,3,6,0,0.87617427110672
9423,2,2,1,0.6128119230270386
9424,2,8,0,0.5131199955940247
9425,6,0,0,0.3679119944572449
9426,2,6,0,0.7410043478012085
9427,1,3,0,0.6912776231765747
9428,7,5,0,0.44045040011405945
9429,4,6,0,0.700142502784729
9430,6,6,1,0.47375404834747314
9431,3,3,1,0.5801178216934204
9432,1,1,1,0.6304256319999695
9433,3,5,0,0.4665846526622772
9434,7,3,0,0.5721632838249207
9435,2,6,0,0.7435893416404724
9436,1,9,0,0.3788032531738281
9437,3,1,0,0.9269521236419678
9438,7,5,0,0.6200509071350098
9439,0,3,0,0.4359458386898041
9440,8,5,0,0.5392401814460754
9441,4,6,0,0.6379321217536926
9442,4,1,0,0.6404009461402893
9443,5,9,0,0.4499260485172272
9444,7,8,0,0.6733459830284119
9445,9,1,0,0.6708015203475952
9446,5,3,0,0.43339574337005615
9447,4,3,0,0.7498310208320618
9448,3,1,0,0.8606520891189575
9449,9,3,0,0.6963773965835571
9450,6,6,1,0.9776293039321899
9451,8,8,1,0.9390372037887573
9452,2,6,0,0.8425225615501404
9453,3,1,0,0.3670026957988739
9454,3,6,0,0.6359244585037231
9455,1,1,1,0.40150704979896545
9456,6,6,1,0.7225950360298157
9457,1,1,1,0.6099481582641602
9458,7,3,0,0.4322594106197357
9459,0,9,0,0.5375956892967224
9460,3,4,0,0.3741050064563751
9461,4,7,0,0.32117071747779846
9462,2,7,0,0.5707949995994568
9463,9,2,0,0.6401920318603516
9464,4,4,1,0.7942991852760315
9465,5,9,0,0.572942852973938
9466,8,3,0,0.5664135217666626
9467,2,6,0,0.31529197096824646
9468,7,9,0,0.33657461404800415
9469,0,3,0,0.4510085880756378
9470,9,6,0,0.6859633326530457
9471,6,9,0,0.6387231349945068
9472,8,0,0,0.7039784789085388
9473,0,0,1,0.6232441663742065
9474,8,1,0,0.5411198735237122
9475,2,6,0,0.9809545874595642
9476,8,5,0,0.563755989074707
9477,5,3,0,0.7877293229103088
9478,7,5,0,0.48889344930648804
9479,7,9,0,0.5123401284217834
9480,2,3,0,0.41748183965682983
9481,2,3,0,0.6308375000953674
9482,0,5,0,0.3510356545448303
9483,0,3,0,0.46265459060668945
9484,0,6,0,0.5914789438247681
9485,7,4,0,0.4447309374809265
9486,4,2,0,0.35729941725730896
9487,1,2,0,0.530361533164978
9488,6,5,0,0.6231832504272461
9489,6,2,0,0.3824485242366791
9490,8,5,0,0.4729178845882416
9491,8,1,0,0.49275439977645874
9492,9,3,0,0.6160789132118225
9493,0,9,0,0.30431899428367615
9494,9,5,0,0.7496707439422607
9495,0,3,0,0.44620004296302795
9496,1,6,0,0.9416896104812622
9497,3,3,1,0.5541931986808777
9498,3,6,0,0.979587733745575
9499,0,9,0,0.4594082236289978
9500,9,3,0,0.7528234720230103
9501,6,9,0,0.6458296179771423
9502,6,9,0,0.5335838794708252
9503,2,3,0,0.45098257064819336
9504,6,6,1,0.5860854387283325
9505,3,5,0,0.4746163785457611
9506,4,5,0,0.37941470742225647
9507,0,2,0,0.3765217363834381
9508,8,2,0,0.6573176383972168
9509,4,6,0,0.6515761017799377
9510,1,1,1,0.8608497977256775
9511,4,6,0,0.8482814431190491
9512,0,2,0,0.5826371908187866
9513,6,6,1,0.8625132441520691
9514,5,2,0,0.42291364073753357
9515,0,9,0,0.4343734681606293
9516,9,9,1,0.5848677754402161
9517,9,6,0,0.838009774684906
9518,9,9,1,0.5724925398826599
9519,9,9,1,0.9808316826820374
9520,1,9,0,0.49900442361831665
9521,2,1,0,0.707840085029602
9522,3,3,1,0.4814208745956421
9523,5,6,0,0.3970136344432831
9524,4,2,0,0.6233692765235901
9525,2,1,0,0.8731663227081299
9526,9,9,1,0.6767005920410156
9527,6,3,0,0.7924894690513611
9528,0,2,0,0.4920233190059662
9529,9,6,0,0.6797085404396057
9530,6,6,1,0.5081108808517456
9531,6,9,0,0.4500304162502289
9532,8,1,0,0.5234079957008362
9533,0,3,0,0.5313711166381836
9534,6,6,1,0.903554379940033
9535,1,3,0,0.7530216574668884
9536,4,0,0,0.37133342027664185
9537,6,1,0,0.7484269738197327
9538,8,5,0,0.4679912030696869
9539,0,0,1,0.7541509866714478
9540,5,3,0,0.6371554136276245
9541,4,6,0,0.38456475734710693
9542,1,9,0,0.8081128597259521
9543,2,6,0,0.8437002301216125
9544,0,2,0,0.3211074769496918
9545,9,6,0,0.7774420380592346
9546,6,2,0,0.44097840785980225
9547,4,2,0,0.834141194820404
9548,2,0,0,0.4858114421367645
9549,4,1,0,0.5854870676994324
9550,6,6,1,0.9961608052253723
9551,5,3,0,0.7141608595848083
9552,9,5,0,0.742134690284729
9553,7,3,0,0.47890543937683105
9554,7,3,0,0.49825140833854675
9555,4,3,0,0.7726051211357117
9556,6,6,1,0.6466847658157349
9557,5,3,0,0.4820272922515869
9558,0,1,0,0.41869544982910156
9559,1,9,0,0.8260443806648254
9560,9,3,0,0.5523656606674194
9561,0,6,0,0.611395001411438
9562,3,3,1,0.7596793174743652
9563,1,3,0,0.4574008584022522
9564,9,1,0,0.5889898538589478
9565,0,0,1,0.31054624915122986
9566,9,6,0,0.910875678062439
9567,7,3,0,0.5286087393760681
9568,8,2,0,0.4597776234149933
9569,6,6,1,0.9300568699836731
9570,7,6,0,0.20638056099414825
9571,6,9,0,0.5231927633285522
9572,8,1,0,0.6052801012992859
9573,2,6,0,0.3476383686065674
9574,4,2,0,0.556713879108429
9575,5,3,0,0.6727511286735535
9576,3,3,1,0.592991292476654
9577,0,9,0,0.5623893141746521
9578,3,9,0,0.8305578231811523
9579,2,2,1,0.7347497940063477
9580,1,1,1,0.6479179263114929
9581,7,3,0,0.41888663172721863
9582,5,3,0,0.5717647075653076
9583,9,4,0,0.47600650787353516
9584,3,9,0,0.5057495832443237
9585,4,4,1,0.5215346813201904
9586,5,2,0,0.530424952507019
9587,7,6,0,0.30696702003479004
9588,1,2,0,0.43026968836784363
9589,5,3,0,0.663833737373352
9590,0,2,0,0.3035682737827301
9591,1,3,0,0.5166984796524048
9592,1,9,0,0.7550739049911499
9593,1,6,0,0.5582274794578552
9594,9,3,0,0.6146116852760315
9595,7,3,0,0.696016252040863
9596,5,0,0,0.6724198460578918
9597,4,4,1,0.8033730387687683
9598,9,2,0,0.5330064296722412
9599,7,1,0,0.565187931060791
9600,8,5,0,0.7928242683410645
9601,1,1,1,0.682801365852356
9602,0,1,0,0.8577049970626831
9603,2,3,0,0.8447033762931824
9604,8,3,0,0.5214970111846924
9605,5,0,0,0.44672149419784546
9606,6,6,1,0.885244607925415
9607,7,2,0,0.3699999153614044
9608,0,6,0,0.83427894115448
9609,1,6,0,0.9003891944885254
9610,4,9,0,0.5063707828521729
9611,8,1,0,0.6761165261268616
9612,4,0,0,0.5043765306472778
9613,4,6,0,0.6460169553756714
9614,6,6,1,0.9835513234138489
9615,6,6,1,0.9876578450202942
9616,5,6,0,0.6663091778755188
9617,8,9,0,0.35253435373306274
9618,1,3,0,0.5562469959259033
9619,8,8,1,0.3995538055896759
9620,4,1,0,0.5784520506858826
9621,6,9,0,0.7423660159111023
9622,5,6,0,0.6405694484710693
9623,9,3,0,0.5054073333740234
9624,2,3,0,0.466525673866272
9625,2,2,1,0.7547512650489807
9626,1,9,0,0.7354702949523926
9627,4,9,0,0.6013076305389404
9628,9,3,0,0.6117048859596252
9629,1,2,0,0.5396233797073364
9630,6,6,1,0.6497102975845337
9631,7,5,0,0.350827157497406
9632,2,2,1,0.7188409566879272
9633,0,2,0,0.4759252965450287
9634,1,1,1,0.451321005821228
9635,7,1,0,0.3633432686328888
9636,6,6,1,0.493733674287796
9637,5,1,0,0.7177308201789856
9638,2,1,0,0.7938527464866638
9639,2,3,0,0.3289301097393036
9640,5,1,0,0.6314752101898193
9641,6,1,0,0.6925411224365234
9642,0,9,0,0.6268770098686218
9643,9,4,0,0.35885778069496155
9644,0,6,0,0.5736954808235168
9645,1,1,1,0.6255776286125183
9646,5,3,0,0.7388913631439209
9647,3,0,0,0.4736381769180298
9648,3,5,0,0.7801503539085388
9649,5,3,0,0.9293291568756104
9650,8,5,0,0.6000878214836121
9651,7,7,1,0.8570910692214966
9652,5,9,0,0.5853672623634338
9653,6,1,0,0.4865587055683136
9654,5,5,1,0.5357151627540588
9655,8,3,0,0.5392557978630066
9656,0,6,0,0.8197600245475769
9657,5,5,1,0.7859000563621521
9658,9,6,0,0.8514572978019714
9659,4,6,0,0.7174637913703918
9660,6,6,1,0.4704780578613281
9661,5,1,0,0.4122474193572998
9662,1,5,0,0.7783474922180176
9663,1,9,0,0.6026647090911865
9664,0,3,0,0.5656831860542297
9665,3,3,1,0.41049426794052124
9666,3,3,1,0.5718520283699036
9667,9,2,0,0.567254364490509
9668,4,2,0,0.541488528251648
9669,8,1,0,0.36584147810935974
9670,1,3,0,0.7000226378440857
9671,7,1,0,0.871376633644104
9672,7,2,0,0.4186691343784332
9673,9,3,0,0.4921622574329376
9674,9,6,0,0.7558577060699463
9675,4,5,0,0.5821040868759155
9676,3,2,0,0.7197877764701843
9677,6,6,1,0.6434128880500793
9678,3,5,0,0.4400579631328583
9679,2,1,0,0.7222824692726135
9680,8,0,0,0.3325464427471161
9681,2,2,1,0.5113686323165894
9682,7,5,0,0.5524314045906067
9683,6,6,1,0.8740929365158081
9684,7,9,0,0.4131019115447998
9685,0,1,0,0.6325847506523132
9686,2,1,0,0.8742930889129639
9687,1,1,1,0.704379677772522
9688,2,3,0,0.5822044014930725
9689,9,9,1,0.8103163242340088
9690,4,3,0,0.7751047611236572
9691,6,6,1,0.9487261176109314
9692,9,1,0,0.7023113369941711
9693,6,3,0,0.7777379155158997
9694,1,6,0,0.44637638330459595
9695,0,6,0,0.7942931652069092
9696,1,1,1,0.36237022280693054
9697,8,5,0,0.613233745098114
9698,7,1,0,0.6720713376998901
9699,0,9,0,0.44525280594825745
9700,0,6,0,0.553870677947998
9701,4,1,0,0.5894297361373901
9702,7,9,0,0.524816632270813
9703,4,8,0,0.4442378282546997
9704,2,3,0,0.3538857400417328
9705,6,6,1,0.6919546723365784
9706,9,2,0,0.5459413528442383
9707,5,3,0,0.4675997495651245
9708,9,9,1,0.5247019529342651
9709,0,9,0,0.6417892575263977
9710,7,1,0,0.885865330696106
9711,4,6,0,0.9637598395347595
9712,5,8,0,0.5109231472015381
9713,8,0,0,0.5257568955421448
9714,1,1,1,0.9451582431793213
9715,4,5,0,0.32828596234321594
9716,7,9,0,0.5900917053222656
9717,9,5,0,0.718305766582489
9718,9,1,0,0.6499763131141663
9719,8,1,0,0.374107301235199
9720,8,6,0,0.9601724147796631
9721,6,6,1,0.6504665017127991
9722,3,2,0,0.754301130771637
9723,7,7,1,0.2772442698478699
9724,0,8,0,0.6235578060150146
9725,8,1,0,0.87991863489151
9726,9,9,1,0.6768453121185303
9727,6,9,0,0.5433456897735596
9728,2,3,0,0.5237058997154236
9729,4,6,0,0.9253785014152527
9730,6,9,0,0.6192334294319153
9731,2,3,0,0.7496105432510376
9732,9,6,0,0.5961831212043762
9733,7,1,0,0.4369581341743469
9734,4,9,0,0.7120802998542786
9735,6,8,0,0.47329482436180115
9736,8,3,0,0.4856712818145752
9737,5,1,0,0.48095396161079407
9738,6,3,0,0.6948256492614746
9739,1,9,0,0.5860556960105896
9740,3,6,0,0.926632285118103
9741,5,9,0,0.49796614050865173
9742,9,6,0,0.5014604330062866
9743,9,6,0,0.4773417115211487
9744,1,9,0,0.6176031231880188
9745,3,3,1,0.5048986077308655
9746,2,1,0,0.7326688766479492
9747,0,8,0,0.6926329135894775
9748,3,5,0,0.6310129165649414
9749,0,1,0,0.917653501033783
9750,2,2,1,0.7518028616905212
9751,0,2,0,0.5534197092056274
9752,7,3,0,0.5696176290512085
9753,3,3,1,0.6189672946929932
9754,9,1,0,0.61109858751297
9755,3,6,0,0.9923084378242493
9756,5,9,0,0.5162777304649353
9757,7,5,0,0.5474401712417603
9758,6,5,0,0.504357635974884
9759,5,1,0,0.5324819087982178
9760,9,9,1,0.7319691777229309
9761,5,2,0,0.4937400817871094
9762,6,6,1,0.5018855333328247
9763,1,6,0,0.8709081411361694
9764,2,1,0,0.6258872151374817
9765,4,3,0,0.6702943444252014
9766,0,0,1,0.35553228855133057
9767,2,3,0,0.7428543567657471
9768,7,9,0,0.6274315714836121
9769,8,8,1,0.25843504071235657
9770,4,2,0,0.6364052295684814
9771,4,6,0,0.4895467758178711
9772,0,3,0,0.4489137530326843
9773,9,9,1,0.5874011516571045
9774,5,3,0,0.4452214539051056
9775,9,6,0,0.7843381762504578
9776,2,6,0,0.9111456274986267
9777,9,9,1,0.7845942974090576
9778,3,3,1,0.48664453625679016
9779,2,6,0,0.8849690556526184
9780,4,4,1,0.6128585934638977
9781,3,3,1,0.6666848659515381
9782,2,6,0,0.6618912220001221
9783,2,6,0,0.7550213932991028
9784,8,5,0,0.3766062259674072
9785,8,6,0,0.6047459840774536
9786,6,8,0,0.43422263860702515
9787,8,3,0,0.5198054313659668
9788,1,1,1,0.5532463192939758
9789,6,6,1,0.9368695616722107
9790,8,4,0,0.5705130696296692
9791,9,6,0,0.9243552088737488
9792,8,3,0,0.8248790502548218
9793,2,9,0,0.7824804186820984
9794,1,0,0,0.7344494462013245
9795,4,2,0,0.3678935468196869
9796,9,1,0,0.49388349056243896
9797,1,1,1,0.5477736592292786
9798,5,3,0,0.636302649974823
9799,7,8,0,0.7701000571250916
9800,1,9,0,0.4259512424468994
9801,6,6,1,0.37539613246917725
9802,0,5,0,0.6098955869674683
9803,1,3,0,0.6912373304367065
9804,5,5,1,0.6587004065513611
9805,2,0,0,0.4658263325691223
9806,8,2,0,0.31277868151664734
9807,1,9,0,0.3644920885562897
9808,1,5,0,0.5428074598312378
9809,3,5,0,0.49466705322265625
9810,8,2,0,0.480151504278183
9811,1,9,0,0.470420241355896
9812,3,3,1,0.3456478714942932
9813,1,9,0,0.4682246148586273
9814,8,9,0,0.6499994993209839
9815,5,2,0,0.5062524080276489
9816,1,5,0,0.5482220649719238
9817,9,5,0,0.39411047101020813
9818,0,9,0,0.5438006520271301
9819,3,3,1,0.3913724422454834
9820,0,5,0,0.577515184879303
9821,4,6,0,0.9638967514038086
9822,0,9,0,0.5055508017539978
9823,5,3,0,0.526702880859375
9824,1,5,0,0.6682819128036499
9825,2,2,1,0.7010787725448608
9826,0,3,0,0.5990171432495117
9827,4,3,0,0.6485960483551025
9828,9,9,1,0.6395132541656494
9829,5,2,0,0.35436102747917175
9830,1,2,0,0.8933328986167908
9831,2,6,0,0.8104196190834045
9832,2,6,0,0.9482309818267822
9833,7,9,0,0.5382738709449768
9834,8,5,0,0.5259846448898315
9835,7,3,0,0.5899651050567627
9836,2,2,1,0.6793681979179382
9837,4,6,0,0.6173620223999023
9838,5,9,0,0.45919427275657654
9839,3,3,1,0.5057752728462219
9840,4,2,0,0.5152232646942139
9841,0,1,0,0.5956192016601562
9842,6,6,1,0.9452009797096252
9843,1,0,0,0.5467036962509155
9844,5,3,0,0.6669313311576843
9845,9,9,1,0.7507637143135071
9846,8,1,0,0.6803070306777954
9847,0,3,0,0.5355666875839233
9848,2,7,0,0.27307525277137756
9849,0,4,0,0.569240927696228
9850,7,7,1,0.7227757573127747
9851,6,2,0,0.6011993288993835
9852,0,1,0,0.5539996027946472
9853,5,6,0,0.7597692012786865
9854,9,9,1,0.5753514766693115
9855,7,3,0,0.7614881992340088
9856,5,3,0,0.4462236762046814
9857,0,1,0,0.52558833360672
9858,4,4,1,0.6781164407730103
9859,6,5,0,0.598048210144043
9860,0,8,0,0.49264901876449585
9861,6,6,1,0.9579586982727051
9862,3,1,0,0.6363341212272644
9863,6,2,0,0.6856400370597839
9864,8,3,0,0.587498664855957
9865,1,3,0,0.44258052110671997
9866,1,3,0,0.5065959095954895
9867,8,3,0,0.6228523850440979
9868,9,1,0,0.7374398708343506
9869,7,6,0,0.5802090167999268
9870,2,3,0,0.7216170430183411
9871,9,1,0,0.5732013583183289
9872,0,3,0,0.48985007405281067
9873,2,9,0,0.6142321228981018
9874,2,9,0,0.6268190741539001
9875,9,9,1,0.6316574811935425
9876,0,0,1,0.5939177870750427
9877,6,9,0,0.5351046323776245
9878,5,6,0,0.6577085852622986
9879,7,6,0,0.4405697286128998
9880,7,8,0,0.49662524461746216
9881,9,1,0,0.6735496520996094
9882,1,0,0,0.39468908309936523
9883,7,3,0,0.7684325575828552
9884,9,1,0,0.7897431254386902
9885,8,5,0,0.6171421408653259
9886,4,6,0,0.5578585267066956
9887,5,1,0,0.5416083335876465
9888,0,1,0,0.9308655858039856
9889,8,5,0,0.7845447659492493
9890,0,1,0,0.6014572381973267
9891,2,7,0,0.3830592930316925
9892,5,9,0,0.9038264751434326
9893,2,6,0,0.5547522306442261
9894,1,9,0,0.4397270083427429
9895,4,3,0,0.6084833145141602
9896,4,3,0,0.5773568749427795
9897,8,3,0,0.6312434673309326
9898,9,5,0,0.5855830907821655
9899,7,7,1,0.5604907274246216
9900,8,6,0,0.4987770617008209
9901,3,6,0,0.386932373046875
9902,6,1,0,0.6567149758338928
9903,6,3,0,0.6061796545982361
9904,0,9,0,0.3451661169528961
9905,1,1,1,0.8279943466186523
9906,1,1,1,0.7548512816429138
9907,1,3,0,0.5271523594856262
9908,8,3,0,0.5683366060256958
9909,1,6,0,0.7743192315101624
9910,4,6,0,0.7322246432304382
9911,4,1,0,0.46955975890159607
9912,0,9,0,0.45366472005844116
9913,7,2,0,0.3712974786758423
9914,8,3,0,0.5485050082206726
9915,2,2,1,0.8171963095664978
9916,1,1,1,0.6196564435958862
9917,2,3,0,0.6299248337745667
9918,5,5,1,0.912838876247406
9919,4,2,0,0.5227725505828857
9920,6,6,1,0.8648228049278259
9921,0,5,0,0.5328639149665833
9922,5,3,0,0.6630461812019348
9923,7,3,0,0.5974103212356567
9924,4,6,0,0.6377856731414795
9925,4,9,0,0.48008212447166443
9926,3,6,0,0.6675196886062622
9927,9,1,0,0.7490726709365845
9928,5,4,0,0.4841887950897217
9929,8,5,0,0.7541100978851318
9930,8,2,0,0.5989973545074463
9931,0,0,1,0.46172985434532166
9932,8,2,0,0.6539750695228577
9933,7,2,0,0.6383963227272034
9934,4,3,0,0.4746587872505188
9935,1,3,0,0.6031689047813416
9936,8,3,0,0.7645800113677979
9937,4,5,0,0.7334462404251099
9938,9,1,0,0.431681364774704
9939,5,3,0,0.5887818932533264
9940,4,2,0,0.5801529288291931
9941,1,1,1,0.731964111328125
9942,7,9,0,0.6875420212745667
9943,7,3,0,0.5385981202125549
9944,7,1,0,0.599864661693573
9945,7,1,0,0.59589022397995
9946,0,3,0,0.5962069034576416
9947,3,3,1,0.587249755859375
9948,8,5,0,0.6876993179321289
9949,3,3,1,0.6694905757904053
9950,3,5,0,0.6104186773300171
9951,0,3,0,0.6633041501045227
9952,5,3,0,0.5001376867294312
9953,7,6,0,0.5735904574394226
9954,0,5,0,0.5010898113250732
9955,8,6,0,0.7125834822654724
9956,0,2,0,0.5791239142417908
9957,0,1,0,0.3349030017852783
9958,9,9,1,0.8209714293479919
9959,2,1,0,0.3873980641365051
9960,2,1,0,0.7051123380661011
9961,3,3,1,0.42239752411842346
9962,4,4,1,0.6588987112045288
9963,8,1,0,0.7429717183113098
9964,2,3,0,0.5057979822158813
9965,2,3,0,0.8175371885299683
9966,6,1,0,0.3785184323787689
9967,3,2,0,0.49935880303382874
9968,3,3,1,0.6181833148002625
9969,6,3,0,0.545158863067627
9970,2,2,1,0.6196852922439575
9971,9,1,0,0.9601211547851562
9972,4,9,0,0.5297768712043762
9973,0,2,0,0.5730272531509399
9974,1,3,0,0.8413538932800293
9975,7,3,0,0.5296190977096558
9976,5,9,0,0.4876982569694519
9977,5,5,1,0.3978138267993927
9978,7,3,0,0.6998499631881714
9979,3,6,0,0.8085111379623413
9980,0,0,1,0.6700679659843445
9981,4,7,0,0.6908289790153503
9982,2,6,0,0.5055117607116699
9983,0,2,0,0.822130560874939
9984,7,3,0,0.36648446321487427
9985,5,3,0,0.6307587027549744
9986,8,9,0,0.5179292559623718
9987,0,2,0,0.603077232837677
9988,8,6,0,0.7668736577033997
9989,2,2,1,0.7141253352165222
9990,7,5,0,0.3705063760280609
9991,0,1,0,0.4668751657009125
9992,3,3,1,0.791529655456543
9993,5,1,0,0.7486349940299988
9994,3,6,0,0.9321554899215698
9995,8,3,0,0.46272867918014526
9996,3,3,1,0.8481037616729736
9997,5,3,0,0.5892027616500854
9998,1,1,1,0.6028717160224915
9999,7,6,0,0.8529672622680664
