sample_idx,true_label,pred_label,correct,confidence
0,3,3,1,0.7490481734275818
1,8,8,1,0.6642873883247375
2,8,8,1,0.935085117816925
3,0,0,1,0.8222902417182922
4,6,6,1,0.9304823875427246
5,6,6,1,0.951904833316803
6,1,1,1,0.9101577401161194
7,6,6,1,0.7326487898826599
8,3,3,1,0.8198962807655334
9,1,1,1,0.6836866736412048
10,0,3,0,0.3514094054698944
11,9,2,0,0.3572814166545868
12,5,5,1,0.6981435418128967
13,7,7,1,0.8429082036018372
14,9,9,1,0.9453954696655273
15,8,6,0,0.5806728601455688
16,5,5,1,0.9093039035797119
17,7,7,1,0.37370622158050537
18,8,8,1,0.7858938574790955
19,6,6,1,0.9864535331726074
20,7,9,0,0.5351192951202393
21,0,0,1,0.9791248440742493
22,4,4,1,0.7791897058486938
23,9,9,1,0.8921347856521606
24,5,4,0,0.8561687469482422
25,2,2,1,0.5681315660476685
26,4,4,1,0.6552363038063049
27,0,2,0,0.7576615214347839
28,9,9,1,0.643964409828186
29,6,6,1,0.6588209271430969
30,6,6,1,0.9358794093132019
31,5,4,0,0.5624685287475586
32,4,4,1,0.8611131310462952
33,5,2,0,0.6600067615509033
34,9,9,1,0.9440467953681946
35,2,3,0,0.4682339131832123
36,4,4,1,0.6935710310935974
37,1,1,1,0.9073576331138611
38,9,9,1,0.9403424859046936
39,5,3,0,0.4953661561012268
40,4,8,0,0.7694992423057556
41,6,6,1,0.9349783658981323
42,5,3,0,0.5294125080108643
43,6,6,1,0.8283924460411072
44,0,0,1,0.5158244371414185
45,9,9,1,0.9141984581947327
46,3,3,1,0.46292293071746826
47,9,9,1,0.44394639134407043
48,7,4,0,0.802034318447113
49,6,2,0,0.6799697279930115
50,9,9,1,0.8750523328781128
51,8,4,0,0.4769139289855957
52,0,2,0,0.6132500767707825
53,3,6,0,0.6327395439147949
54,8,8,1,0.9610445499420166
55,8,8,1,0.9697813987731934
56,7,5,0,0.46716365218162537
57,7,5,0,0.553540050983429
58,4,5,0,0.43327176570892334
59,6,3,0,0.4757496416568756
60,7,7,1,0.9634762406349182
61,3,5,0,0.7229568958282471
62,6,6,1,0.6792750954627991
63,3,0,0,0.5294587016105652
64,6,6,1,0.40462490916252136
65,2,2,1,0.6526970267295837
66,1,8,0,0.5254433155059814
67,2,2,1,0.6826618909835815
68,3,3,1,0.6058467030525208
69,7,7,1,0.7308632731437683
70,2,0,0,0.781975507736206
71,6,3,0,0.5925291776657104
72,8,8,1,0.9511743783950806
73,8,8,1,0.9531227350234985
74,0,0,1,0.669265866279602
75,2,2,1,0.9226476550102234
76,9,0,0,0.5503200888633728
77,3,3,1,0.7897102236747742
78,3,5,0,0.5733320713043213
79,8,0,0,0.6043418049812317
80,8,8,1,0.8283734321594238
81,1,5,0,0.5473095178604126
82,1,1,1,0.900093138217926
83,7,2,0,0.3731021583080292
84,2,5,0,0.5600029230117798
85,5,3,0,0.43972450494766235
86,2,2,1,0.6143015027046204
87,7,0,0,0.39148494601249695
88,8,8,1,0.7186190485954285
89,9,9,1,0.9246413707733154
90,0,0,1,0.8672552108764648
91,3,2,0,0.5399354696273804
92,8,8,1,0.9580987691879272
93,6,6,1,0.9479370713233948
94,4,4,1,0.741031289100647
95,6,6,1,0.7140076756477356
96,6,6,1,0.890347957611084
97,0,0,1,0.45473456382751465
98,0,0,1,0.5413594841957092
99,7,7,1,0.9423898458480835
100,4,5,0,0.6141976714134216
101,5,7,0,0.46979543566703796
102,6,6,1,0.6366217136383057
103,3,3,1,0.7964156270027161
104,1,1,1,0.8625290989875793
105,1,1,1,0.891571044921875
106,3,3,1,0.5576520562171936
107,6,6,1,0.8861485719680786
108,8,8,1,0.8209413290023804
109,7,7,1,0.6410455703735352
110,4,4,1,0.5153294801712036
111,0,1,0,0.5452650785446167
112,6,2,0,0.3262059986591339
113,2,2,1,0.8100621104240417
114,1,1,1,0.8039887547492981
115,3,3,1,0.7401447296142578
116,0,4,0,0.47368958592414856
117,4,4,1,0.7151602506637573
118,2,6,0,0.5449745655059814
119,7,6,0,0.4876147210597992
120,8,8,1,0.8240606784820557
121,3,7,0,0.5253967642784119
122,1,1,1,0.7363767623901367
123,2,2,1,0.7430188059806824
124,8,8,1,0.9520856738090515
125,0,2,0,0.8309916853904724
126,8,8,1,0.7559850811958313
127,3,3,1,0.7466323971748352
128,5,6,0,0.40681129693984985
129,2,0,0,0.6242326498031616
130,4,4,1,0.9697392582893372
131,1,1,1,0.9744771718978882
132,8,8,1,0.9394961595535278
133,9,9,1,0.8620664477348328
134,1,1,1,0.6745012402534485
135,2,2,1,0.6033658385276794
136,9,9,1,0.9361028075218201
137,7,7,1,0.777741014957428
138,2,3,0,0.41437068581581116
139,9,0,0,0.5657451152801514
140,6,4,0,0.6089567542076111
141,5,5,1,0.6849468350410461
142,6,6,1,0.853742778301239
143,3,5,0,0.7511709332466125
144,8,8,1,0.5160749554634094
145,7,9,0,0.7375982999801636
146,6,6,1,0.6801623702049255
147,2,9,0,0.5553784370422363
148,5,5,1,0.5132956504821777
149,2,2,1,0.7426410913467407
150,8,8,1,0.5984882116317749
151,9,1,0,0.6090796589851379
152,6,1,0,0.46536189317703247
153,0,1,0,0.5473547577857971
154,0,0,1,0.5202177166938782
155,5,5,1,0.682192862033844
156,2,3,0,0.46703672409057617
157,9,1,0,0.7491119503974915
158,5,2,0,0.4205101728439331
159,4,4,1,0.8843809962272644
160,2,2,1,0.9083632230758667
161,1,1,1,0.8515142798423767
162,6,4,0,0.6237505674362183
163,6,6,1,0.6316567063331604
164,8,2,0,0.6478158831596375
165,4,0,0,0.596217691898346
166,8,8,1,0.5711492896080017
167,4,4,1,0.6475551128387451
168,5,2,0,0.46177488565444946
169,0,0,1,0.6387442350387573
170,9,9,1,0.8979438543319702
171,9,3,0,0.3419215977191925
172,9,9,1,0.6690078973770142
173,8,8,1,0.8909817337989807
174,9,9,1,0.7753181457519531
175,9,9,1,0.9172974228858948
176,3,3,1,0.746240496635437
177,7,7,1,0.9573900699615479
178,5,3,0,0.628094494342804
179,0,0,1,0.7746556401252747
180,0,0,1,0.5335343480110168
181,5,5,1,0.7887865304946899
182,2,6,0,0.8709296584129333
183,2,4,0,0.7641518712043762
184,3,0,0,0.47940391302108765
185,8,8,1,0.7777734994888306
186,6,6,1,0.7504987120628357
187,3,3,1,0.7850773930549622
188,4,3,0,0.6618326306343079
189,0,8,0,0.6550979018211365
190,5,4,0,0.7592002749443054
191,8,8,1,0.8632695078849792
192,0,0,1,0.8655889630317688
193,1,1,1,0.9153405427932739
194,7,7,1,0.6253109574317932
195,2,2,1,0.4325983226299286
196,8,8,1,0.519970715045929
197,8,8,1,0.9166840314865112
198,7,2,0,0.608944296836853
199,8,3,0,0.42173364758491516
200,5,4,0,0.3878563940525055
201,1,0,0,0.8957706093788147
202,8,8,1,0.9032216668128967
203,7,7,1,0.7957859635353088
204,1,1,1,0.9432289600372314
205,3,3,1,0.7258331775665283
206,0,0,1,0.9368555545806885
207,5,5,1,0.8982699513435364
208,7,4,0,0.41764870285987854
209,9,9,1,0.7326756715774536
210,7,3,0,0.5580357909202576
211,4,4,1,0.6621888279914856
212,5,3,0,0.5330672860145569
213,9,9,1,0.8442242741584778
214,8,8,1,0.5774487257003784
215,0,0,1,0.5550997853279114
216,7,7,1,0.8433921337127686
217,9,0,0,0.5855106711387634
218,8,3,0,0.3164554834365845
219,2,2,1,0.8545955419540405
220,7,7,1,0.5970569252967834
221,6,3,0,0.7476657629013062
222,9,9,1,0.8708159923553467
223,4,2,0,0.47107812762260437
224,3,3,1,0.6046842932701111
225,9,0,0,0.6754739284515381
226,6,0,0,0.40271759033203125
227,4,4,1,0.6037856340408325
228,7,3,0,0.4938777685165405
229,6,6,1,0.5784611701965332
230,5,5,1,0.8830118179321289
231,1,1,1,0.7021905183792114
232,5,3,0,0.7177305221557617
233,8,1,0,0.7926313281059265
234,8,8,1,0.97686767578125
235,0,0,1,0.9790446162223816
236,4,4,1,0.8465130925178528
237,0,2,0,0.5774452686309814
238,5,5,1,0.8450067043304443
239,5,3,0,0.6028212308883667
240,1,1,1,0.7520961165428162
241,1,1,1,0.6147292256355286
242,8,8,1,0.5905455946922302
243,9,9,1,0.890410304069519
244,0,0,1,0.7096484899520874
245,3,6,0,0.7909641265869141
246,1,1,1,0.9667274951934814
247,9,8,0,0.8952056169509888
248,2,2,1,0.946833074092865
249,2,2,1,0.537081241607666
250,5,5,1,0.944892942905426
251,3,3,1,0.5490446090698242
252,9,7,0,0.49827462434768677
253,9,1,0,0.731910765171051
254,4,2,0,0.47757720947265625
255,0,8,0,0.6551201343536377
256,3,6,0,0.5689897537231445
257,0,2,0,0.4223782420158386
258,0,8,0,0.6340934634208679
259,9,9,1,0.446714848279953
260,8,8,1,0.8836979269981384
261,1,1,1,0.8335691094398499
262,5,3,0,0.588570237159729
263,7,3,0,0.688075065612793
264,0,8,0,0.8412925004959106
265,8,8,1,0.9588292241096497
266,2,2,1,0.5757229924201965
267,4,4,1,0.5328376293182373
268,7,7,1,0.6198104619979858
269,0,0,1,0.7779897451400757
270,2,4,0,0.6403250694274902
271,3,3,1,0.5209534168243408
272,6,6,1,0.859735906124115
273,3,3,1,0.5822890400886536
274,8,8,1,0.9362878799438477
275,5,5,1,0.5778469443321228
276,0,0,1,0.8482384085655212
277,3,3,1,0.6076908707618713
278,4,4,1,0.6774147152900696
279,3,3,1,0.5304799675941467
280,9,9,1,0.8159862756729126
281,0,1,0,0.578919529914856
282,6,6,1,0.890561580657959
283,1,1,1,0.8421711325645447
284,0,8,0,0.5052501559257507
285,9,9,1,0.9081724882125854
286,1,6,0,0.43498677015304565
287,0,8,0,0.8589290976524353
288,7,7,1,0.7085529565811157
289,9,9,1,0.8038629293441772
290,1,1,1,0.9498846530914307
291,2,2,1,0.790065586566925
292,6,6,1,0.967654287815094
293,9,1,0,0.7543609142303467
294,3,3,1,0.8844292759895325
295,4,2,0,0.7801665663719177
296,6,6,1,0.9383389949798584
297,0,0,1,0.8288946151733398
298,0,0,1,0.7497853636741638
299,6,6,1,0.8344992399215698
300,6,6,1,0.9751278758049011
301,6,6,1,0.9534359574317932
302,3,3,1,0.7705758213996887
303,2,9,0,0.3896999657154083
304,6,6,1,0.9077182412147522
305,1,0,0,0.5023374557495117
306,8,9,0,0.6820564270019531
307,2,2,1,0.45219507813453674
308,1,1,1,0.746275782585144
309,6,2,0,0.617418110370636
310,8,8,1,0.8231108784675598
311,6,6,1,0.9291985630989075
312,8,8,1,0.7481594085693359
313,0,0,1,0.560529887676239
314,4,4,1,0.6932990550994873
315,0,3,0,0.6371851563453674
316,7,7,1,0.6772310733795166
317,7,4,0,0.5379506945610046
318,5,5,1,0.6783561110496521
319,5,5,1,0.8111013770103455
320,3,5,0,0.6342824101448059
321,5,5,1,0.8490426540374756
322,2,3,0,0.6116387248039246
323,3,2,0,0.48855480551719666
324,4,7,0,0.8910785913467407
325,1,2,0,0.4089796245098114
326,7,7,1,0.8869590163230896
327,5,5,1,0.8555461764335632
328,4,4,1,0.8928810954093933
329,6,6,1,0.9107103943824768
330,1,8,0,0.463188499212265
331,9,0,0,0.5243168473243713
332,3,6,0,0.6749162673950195
333,6,6,1,0.93272465467453
334,6,6,1,0.5369452238082886
335,9,4,0,0.6535559296607971
336,3,6,0,0.6031901836395264
337,8,8,1,0.8553946018218994
338,0,0,1,0.5992675423622131
339,7,4,0,0.5519761443138123
340,2,2,1,0.460864782333374
341,6,6,1,0.564462423324585
342,2,2,1,0.7379671931266785
343,5,3,0,0.34307998418807983
344,8,8,1,0.7856883406639099
345,5,5,1,0.4485050141811371
346,4,4,1,0.9001497030258179
347,6,6,1,0.9058690667152405
348,8,8,1,0.5423210263252258
349,9,9,1,0.7260779738426208
350,9,9,1,0.8349903225898743
351,1,1,1,0.9567566514015198
352,0,8,0,0.8943775296211243
353,2,2,1,0.500531017780304
354,2,3,0,0.5705075860023499
355,7,4,0,0.5657423138618469
356,3,5,0,0.5988984704017639
357,2,2,1,0.7707228064537048
358,8,8,1,0.8665035963058472
359,0,0,1,0.9180349707603455
360,9,9,1,0.9200036525726318
361,5,5,1,0.8859285712242126
362,8,8,1,0.7991797924041748
363,1,0,0,0.5034622550010681
364,9,9,1,0.8960441946983337
365,4,4,1,0.5668696165084839
366,1,1,1,0.4600004255771637
367,3,3,1,0.500616192817688
368,8,8,1,0.45586076378822327
369,1,1,1,0.955047607421875
370,4,4,1,0.7345398664474487
371,7,7,1,0.7617373466491699
372,9,9,1,0.8709750175476074
373,4,4,1,0.630980908870697
374,2,2,1,0.90792316198349
375,7,7,1,0.7776602506637573
376,0,9,0,0.717252254486084
377,7,4,0,0.649774968624115
378,0,8,0,0.7113379836082458
379,6,6,1,0.8521820902824402
380,6,6,1,0.7342923283576965
381,9,9,1,0.9193893074989319
382,0,0,1,0.6340574622154236
383,9,0,0,0.5567122101783752
384,2,2,1,0.7094142436981201
385,8,0,0,0.6068816781044006
386,7,7,1,0.9134002923965454
387,2,2,1,0.2928081154823303
388,2,2,1,0.5344982147216797
389,5,5,1,0.935010552406311
390,1,1,1,0.891870379447937
391,2,2,1,0.9090694189071655
392,6,2,0,0.4529794454574585
393,2,2,1,0.5976071953773499
394,9,9,1,0.5935537219047546
395,6,6,1,0.8954355716705322
396,2,3,0,0.5491477251052856
397,3,3,1,0.6774497628211975
398,0,8,0,0.5389230251312256
399,3,8,0,0.6200254559516907
400,9,9,1,0.7778308987617493
401,8,8,1,0.9000726342201233
402,7,7,1,0.6887040734291077
403,8,8,1,0.7289750576019287
404,8,8,1,0.9738976955413818
405,4,6,0,0.3953210711479187
406,0,0,1,0.9662630558013916
407,1,9,0,0.4425002932548523
408,8,8,1,0.6957688927650452
409,2,0,0,0.39408519864082336
410,7,5,0,0.5542193055152893
411,9,8,0,0.8321869969367981
412,3,5,0,0.678623378276825
413,6,6,1,0.3304279148578644
414,1,1,1,0.9151821732521057
415,9,9,1,0.9460333585739136
416,0,3,0,0.4655446410179138
417,7,7,1,0.5139042139053345
418,3,2,0,0.4517468512058258
419,7,7,1,0.698722779750824
420,4,4,1,0.8708961009979248
421,5,3,0,0.6471192240715027
422,0,8,0,0.8651455640792847
423,0,0,1,0.684978723526001
424,2,2,1,0.8810147643089294
425,9,2,0,0.3972158432006836
426,3,3,1,0.6484652757644653
427,4,5,0,0.5390905141830444
428,0,6,0,0.649656355381012
429,6,3,0,0.8749688267707825
430,2,3,0,0.4846934974193573
431,5,8,0,0.5963906049728394
432,3,3,1,0.7250182628631592
433,7,7,1,0.49661657214164734
434,3,7,0,0.5278472304344177
435,7,7,1,0.9582273960113525
436,2,2,1,0.5605952739715576
437,5,2,0,0.4438604414463043
438,3,3,1,0.6972275972366333
439,1,9,0,0.6914759278297424
440,1,1,1,0.9129080176353455
441,4,4,1,0.7341644167900085
442,9,9,1,0.8204784989356995
443,9,9,1,0.908909261226654
444,5,5,1,0.6242083311080933
445,7,4,0,0.5542428493499756
446,5,3,0,0.48672303557395935
447,0,0,1,0.9633025527000427
448,2,2,1,0.6251435279846191
449,2,8,0,0.36680158972740173
450,2,6,0,0.38248777389526367
451,9,0,0,0.5416945219039917
452,7,7,1,0.8591036200523376
453,3,3,1,0.6540831327438354
454,9,8,0,0.5373606085777283
455,4,2,0,0.5208629369735718
456,3,4,0,0.5062679648399353
457,5,5,1,0.591894805431366
458,4,3,0,0.5663943290710449
459,6,8,0,0.6050228476524353
460,5,2,0,0.2835089862346649
461,6,6,1,0.6968998908996582
462,1,8,0,0.5046620965003967
463,4,4,1,0.575059711933136
464,3,3,1,0.6228986978530884
465,4,4,1,0.9475385546684265
466,4,7,0,0.5298842191696167
467,3,3,1,0.6836395859718323
468,7,7,1,0.4200710356235504
469,8,8,1,0.9465514421463013
470,3,5,0,0.7642504572868347
471,7,2,0,0.5242614150047302
472,8,8,1,0.9532558917999268
473,0,8,0,0.541573166847229
474,5,5,1,0.5534338355064392
475,7,7,1,0.5848397016525269
476,6,6,1,0.6356316804885864
477,0,0,1,0.5550037026405334
478,5,5,1,0.7851234674453735
479,4,9,0,0.49364230036735535
480,8,1,0,0.47448965907096863
481,6,6,1,0.952457070350647
482,8,8,1,0.8432232737541199
483,5,5,1,0.6551904678344727
484,5,5,1,0.6369853019714355
485,9,8,0,0.6614421010017395
486,9,9,1,0.8675203919410706
487,9,9,1,0.9587201476097107
488,5,4,0,0.643535315990448
489,0,2,0,0.5930466055870056
490,1,1,1,0.9765692949295044
491,0,0,1,0.8374954462051392
492,8,8,1,0.4064086675643921
493,1,1,1,0.9030197858810425
494,1,0,0,0.6089845299720764
495,8,8,1,0.4947773218154907
496,0,0,1,0.6534745693206787
497,2,2,1,0.5937737822532654
498,2,2,1,0.7146745324134827
499,0,0,1,0.9582863450050354
500,4,1,0,0.5928156971931458
501,6,6,1,0.8036043047904968
502,5,5,1,0.8242061138153076
503,4,4,1,0.63698410987854
504,9,1,0,0.36431437730789185
505,4,4,1,0.6128972172737122
506,7,7,1,0.41253843903541565
507,9,9,1,0.7691150307655334
508,9,1,0,0.7649701237678528
509,4,4,1,0.7244923710823059
510,5,5,1,0.9734746813774109
511,6,6,1,0.5788496732711792
512,6,6,1,0.8496063351631165
513,1,1,1,0.9281270503997803
514,5,5,1,0.9017340540885925
515,3,3,1,0.5049831867218018
516,8,8,1,0.9871430397033691
517,9,9,1,0.7904163002967834
518,5,5,1,0.6497563123703003
519,8,8,1,0.7052568197250366
520,5,3,0,0.4818005859851837
521,7,7,1,0.5565575957298279
522,0,0,1,0.5938897132873535
523,7,4,0,0.560695469379425
524,0,0,1,0.5342820286750793
525,5,6,0,0.6251504421234131
526,0,9,0,0.6681784391403198
527,0,0,1,0.7237890958786011
528,4,4,1,0.8012358546257019
529,6,4,0,0.4720466732978821
530,9,9,1,0.9466268420219421
531,0,8,0,0.46811193227767944
532,9,9,1,0.792452871799469
533,5,5,1,0.7578752636909485
534,6,6,1,0.6168648600578308
535,6,6,1,0.8316537141799927
536,6,6,1,0.963578999042511
537,2,3,0,0.38513490557670593
538,9,9,1,0.383208692073822
539,0,0,1,0.5668444633483887
540,1,1,1,0.9254233241081238
541,7,7,1,0.7282015085220337
542,6,6,1,0.864920973777771
543,7,7,1,0.7173068523406982
544,5,5,1,0.9700143337249756
545,9,9,1,0.7237642407417297
546,1,0,0,0.629978597164154
547,6,6,1,0.9652670621871948
548,2,6,0,0.7434180974960327
549,5,5,1,0.6634741425514221
550,5,2,0,0.5258862972259521
551,5,2,0,0.8603936433792114
552,8,8,1,0.9751214981079102
553,5,3,0,0.7130224108695984
554,9,9,1,0.9392476081848145
555,4,2,0,0.35544249415397644
556,6,6,1,0.8744807243347168
557,4,4,1,0.8693543672561646
558,3,8,0,0.7671036124229431
559,2,2,1,0.9933282732963562
560,0,0,1,0.9604203104972839
561,7,7,1,0.871071457862854
562,6,3,0,0.5881783962249756
563,2,2,1,0.44506898522377014
564,2,2,1,0.6211249828338623
565,3,3,1,0.70452481508255
566,9,9,1,0.823079526424408
567,7,3,0,0.6742931008338928
568,9,9,1,0.8977537155151367
569,2,6,0,0.7177212238311768
570,6,6,1,0.917319118976593
571,7,2,0,0.6191036105155945
572,1,1,1,0.7176225781440735
573,3,3,1,0.3748929798603058
574,6,6,1,0.8201282620429993
575,6,6,1,0.9696071743965149
576,8,8,1,0.9567933082580566
577,9,8,0,0.8512945175170898
578,7,7,1,0.7851051688194275
579,5,3,0,0.5720200538635254
580,4,4,1,0.7993597388267517
581,0,0,1,0.6493260860443115
582,8,8,1,0.9594136476516724
583,4,4,1,0.5043662190437317
584,0,0,1,0.6276987791061401
585,9,1,0,0.7660261988639832
586,3,0,0,0.32649409770965576
587,4,4,1,0.9290895462036133
588,8,8,1,0.9774413108825684
589,9,9,1,0.8432984352111816
590,6,6,1,0.7307108044624329
591,9,9,1,0.9272308349609375
592,2,2,1,0.9862311482429504
593,6,6,1,0.7208006381988525
594,1,1,1,0.7996411919593811
595,4,4,1,0.75072181224823
596,7,7,1,0.971394956111908
597,3,3,1,0.5469574332237244
598,5,3,0,0.39138948917388916
599,3,3,1,0.5454593896865845
600,8,8,1,0.7954989671707153
601,5,5,1,0.9334187507629395
602,0,9,0,0.47841876745224
603,2,2,1,0.9656023383140564
604,1,1,1,0.9821789860725403
605,6,6,1,0.992884635925293
606,4,9,0,0.4686428904533386
607,3,5,0,0.4625610113143921
608,3,3,1,0.7699294090270996
609,9,9,1,0.9120912551879883
610,6,6,1,0.8705060482025146
611,9,9,1,0.7990775108337402
612,8,8,1,0.6187319159507751
613,8,8,1,0.9678931832313538
614,5,5,1,0.8663948178291321
615,8,9,0,0.8398685455322266
616,6,6,1,0.9518013596534729
617,6,6,1,0.8268410563468933
618,2,6,0,0.5569590926170349
619,1,1,1,0.9555918574333191
620,7,2,0,0.657884418964386
621,7,1,0,0.6160542964935303
622,1,1,1,0.9487464427947998
623,2,2,1,0.586269199848175
624,7,7,1,0.9355757236480713
625,9,1,0,0.9008417725563049
626,9,1,0,0.7119696736335754
627,4,4,1,0.7942212224006653
628,4,7,0,0.7960936427116394
629,1,1,1,0.6064554452896118
630,2,6,0,0.49561670422554016
631,5,2,0,0.6980118155479431
632,6,3,0,0.7192239165306091
633,8,8,1,0.4628449082374573
634,7,7,1,0.8770475387573242
635,6,6,1,0.7079716324806213
636,8,8,1,0.8194883465766907
637,3,2,0,0.4605741500854492
638,0,0,1,0.7889665961265564
639,5,5,1,0.7546563744544983
640,5,5,1,0.5948795080184937
641,3,6,0,0.8331702947616577
642,0,0,1,0.6161622405052185
643,7,7,1,0.8885765075683594
644,9,8,0,0.619699239730835
645,1,9,0,0.6904794573783875
646,3,2,0,0.6476667523384094
647,4,7,0,0.697267472743988
648,4,4,1,0.8669626712799072
649,5,7,0,0.5142915844917297
650,3,3,1,0.6750223636627197
651,9,4,0,0.5609941482543945
652,5,3,0,0.7870838642120361
653,6,1,0,0.5390396118164062
654,9,3,0,0.6577050089836121
655,2,4,0,0.9216230511665344
656,1,1,1,0.9674727320671082
657,1,1,1,0.8382496237754822
658,4,4,1,0.5802977681159973
659,1,8,0,0.4114401340484619
660,9,2,0,0.575210690498352
661,4,7,0,0.6302904486656189
662,7,7,1,0.9413236379623413
663,6,6,1,0.6334987282752991
664,3,3,1,0.6735613346099854
665,8,8,1,0.6456486582756042
666,9,9,1,0.894302487373352
667,0,8,0,0.7028329968452454
668,1,9,0,0.5015665292739868
669,3,2,0,0.6683295965194702
670,6,6,1,0.9834405183792114
671,3,3,1,0.48977747559547424
672,6,4,0,0.6921616792678833
673,3,3,1,0.9219469428062439
674,2,8,0,0.3308943212032318
675,0,1,0,0.5800262093544006
676,3,6,0,0.49075159430503845
677,1,1,1,0.5164434313774109
678,0,0,1,0.500158429145813
679,5,5,1,0.7311021685600281
680,9,1,0,0.6770924925804138
681,6,6,1,0.9443898797035217
682,4,4,1,0.562312126159668
683,8,0,0,0.8705740571022034
684,9,9,1,0.8097951412200928
685,6,2,0,0.552115261554718
686,9,9,1,0.34995606541633606
687,6,9,0,0.3603523373603821
688,3,3,1,0.681814432144165
689,0,6,0,0.564992368221283
690,3,4,0,0.7594633102416992
691,2,2,1,0.653842568397522
692,2,2,1,0.6405724883079529
693,7,7,1,0.9133216738700867
694,8,8,1,0.7767341732978821
695,3,3,1,0.7566940784454346
696,8,8,1,0.5192646980285645
697,2,2,1,0.6675828099250793
698,7,7,1,0.8941658139228821
699,5,2,0,0.46834585070610046
700,7,0,0,0.4476872682571411
701,2,2,1,0.6407874822616577
702,4,4,1,0.5858239531517029
703,8,9,0,0.5867865085601807
704,7,7,1,0.5854191780090332
705,4,4,1,0.6579544544219971
706,2,2,1,0.6691272258758545
707,9,1,0,0.34646114706993103
708,8,8,1,0.7224090695381165
709,8,8,1,0.9619486331939697
710,6,6,1,0.4093932509422302
711,8,8,1,0.5857447385787964
712,8,8,1,0.9284698963165283
713,7,7,1,0.6005468964576721
714,4,4,1,0.8965718150138855
715,3,2,0,0.44355082511901855
716,3,3,1,0.8215512037277222
717,8,8,1,0.5357643365859985
718,4,4,1,0.6219267249107361
719,9,9,1,0.8079813122749329
720,4,4,1,0.44265007972717285
721,8,8,1,0.9704431891441345
722,8,8,1,0.9266323447227478
723,1,1,1,0.9458181262016296
724,8,8,1,0.8753702640533447
725,2,0,0,0.5198800563812256
726,1,1,1,0.682616114616394
727,3,3,1,0.5762942433357239
728,6,6,1,0.8921822905540466
729,5,5,1,0.9054617285728455
730,4,1,0,0.3679170608520508
731,2,0,0,0.5387862324714661
732,7,7,1,0.9280446767807007
733,9,9,1,0.7735334634780884
734,9,1,0,0.6923745274543762
735,4,6,0,0.41705548763275146
736,1,1,1,0.7641377449035645
737,4,0,0,0.396731972694397
738,1,1,1,0.889375627040863
739,3,7,0,0.392630010843277
740,2,2,1,0.6398919224739075
741,7,7,1,0.6443665623664856
742,0,0,1,0.7826083898544312
743,7,7,1,0.6632153391838074
744,9,3,0,0.5128706693649292
745,7,7,1,0.789620578289032
746,6,6,1,0.6548964381217957
747,6,6,1,0.9482985734939575
748,2,2,1,0.9076985120773315
749,5,3,0,0.7535840272903442
750,9,8,0,0.4562845528125763
751,2,0,0,0.9363620281219482
752,9,9,1,0.7975448966026306
753,1,1,1,0.817119836807251
754,2,2,1,0.9415515065193176
755,2,4,0,0.6021003723144531
756,6,6,1,0.7633437514305115
757,8,8,1,0.8903775215148926
758,2,2,1,0.8247074484825134
759,1,1,1,0.8949851393699646
760,3,7,0,0.7144961357116699
761,6,3,0,0.7193095088005066
762,6,6,1,0.9670815467834473
763,0,0,1,0.8788748979568481
764,1,1,1,0.9285531640052795
765,2,2,1,0.9778293371200562
766,7,2,0,0.40887919068336487
767,0,9,0,0.43710407614707947
768,5,3,0,0.7355394959449768
769,4,4,1,0.8949191570281982
770,6,6,1,0.49678680300712585
771,1,8,0,0.511550784111023
772,6,6,1,0.942011296749115
773,4,4,1,0.682001531124115
774,0,0,1,0.8417239785194397
775,2,6,0,0.5184492468833923
776,2,7,0,0.6243182420730591
777,6,6,1,0.9601239562034607
778,0,0,1,0.6270412802696228
779,5,6,0,0.8329322934150696
780,9,9,1,0.9292792081832886
781,1,1,1,0.9204728603363037
782,7,7,1,0.6902475357055664
783,6,6,1,0.9015872478485107
784,7,7,1,0.626304566860199
785,0,0,1,0.7343983054161072
786,3,3,1,0.6811612844467163
787,9,1,0,0.5358825922012329
788,6,2,0,0.4924337565898895
789,8,8,1,0.9713758826255798
790,3,0,0,0.6191121339797974
791,0,0,1,0.8830073475837708
792,3,7,0,0.5806686282157898
793,4,4,1,0.6890590786933899
794,7,4,0,0.6649442315101624
795,7,3,0,0.459818035364151
796,1,2,0,0.4054276943206787
797,4,4,1,0.7693937420845032
798,7,4,0,0.43171682953834534
799,2,4,0,0.6646118760108948
800,7,7,1,0.832263708114624
801,1,1,1,0.5369486808776855
802,4,2,0,0.5807276964187622
803,7,7,1,0.9385220408439636
804,4,4,1,0.7014711499214172
805,4,4,1,0.5145826935768127
806,8,0,0,0.7938964366912842
807,4,4,1,0.9068427085876465
808,7,7,1,0.6941388249397278
809,7,3,0,0.6536409854888916
810,5,3,0,0.7951023578643799
811,3,3,1,0.7434799075126648
812,7,7,1,0.823915421962738
813,2,2,1,0.8253093361854553
814,0,9,0,0.7639618515968323
815,8,8,1,0.9461048245429993
816,9,9,1,0.8961778283119202
817,5,5,1,0.7917473912239075
818,8,9,0,0.42807435989379883
819,3,2,0,0.46093517541885376
820,6,6,1,0.6761255860328674
821,2,3,0,0.4265243411064148
822,0,8,0,0.8492461442947388
823,8,8,1,0.971280038356781
824,7,7,1,0.9448044300079346
825,3,6,0,0.5908604264259338
826,7,2,0,0.4177887439727783
827,6,6,1,0.8401477932929993
828,5,3,0,0.4549553692340851
829,3,0,0,0.5256403684616089
830,1,0,0,0.7267541885375977
831,3,6,0,0.803465723991394
832,2,2,1,0.9504372477531433
833,2,3,0,0.6274219751358032
834,5,6,0,0.3490605652332306
835,4,3,0,0.4953870177268982
836,1,1,1,0.8883447647094727
837,2,2,1,0.6511269807815552
838,9,9,1,0.5132375359535217
839,2,2,1,0.9814613461494446
840,7,7,1,0.6890709400177002
841,0,0,1,0.7347951531410217
842,7,7,1,0.9818116426467896
843,2,2,1,0.8867454528808594
844,1,1,1,0.960155189037323
845,3,0,0,0.544390082359314
846,2,2,1,0.47953134775161743
847,0,0,1,0.41831573843955994
848,2,2,1,0.5616703033447266
849,4,4,1,0.48118487000465393
850,7,2,0,0.46665212512016296
851,9,9,1,0.6782445907592773
852,8,8,1,0.8871943950653076
853,9,1,0,0.837654709815979
854,0,8,0,0.6962255835533142
855,7,3,0,0.38516339659690857
856,7,7,1,0.5842289328575134
857,0,0,1,0.8221390247344971
858,7,7,1,0.9493697881698608
859,8,8,1,0.9312683343887329
860,4,4,1,0.9074770212173462
861,6,6,1,0.9545692205429077
862,3,3,1,0.48607346415519714
863,3,3,1,0.7428819537162781
864,0,0,1,0.9593690037727356
865,1,1,1,0.8470713496208191
866,3,9,0,0.5676780343055725
867,7,7,1,0.5130372643470764
868,0,0,1,0.888342559337616
869,1,1,1,0.6207438111305237
870,3,3,1,0.6770707368850708
871,1,1,1,0.969514012336731
872,4,0,0,0.4012405276298523
873,2,2,1,0.9425711035728455
874,3,3,1,0.592320442199707
875,8,8,1,0.9558492302894592
876,4,4,1,0.9911792874336243
877,2,3,0,0.7919651865959167
878,3,3,1,0.44498178362846375
879,7,7,1,0.8560276627540588
880,8,8,1,0.8887234926223755
881,4,2,0,0.5131767988204956
882,3,0,0,0.6298409700393677
883,0,0,1,0.7351130843162537
884,9,9,1,0.3943736255168915
885,0,8,0,0.4827883243560791
886,0,0,1,0.47014686465263367
887,1,1,1,0.69626784324646
888,0,8,0,0.8828982710838318
889,4,6,0,0.8541253209114075
890,4,4,1,0.49464836716651917
891,6,6,1,0.959143340587616
892,7,5,0,0.4934502840042114
893,6,3,0,0.6786136627197266
894,1,1,1,0.9359462857246399
895,1,1,1,0.6693094372749329
896,3,3,1,0.693024754524231
897,7,7,1,0.9521803855895996
898,3,6,0,0.3532017767429352
899,5,5,1,0.8874925374984741
900,2,3,0,0.43721139430999756
901,6,3,0,0.5756523013114929
902,6,6,1,0.8651154041290283
903,5,5,1,0.816551923751831
904,8,2,0,0.47760000824928284
905,7,3,0,0.5113406777381897
906,1,8,0,0.3835706412792206
907,6,6,1,0.9633258581161499
908,8,8,1,0.802986204624176
909,8,8,1,0.4971259534358978
910,5,5,1,0.5384287238121033
911,3,6,0,0.612190306186676
912,0,3,0,0.5533542037010193
913,4,4,1,0.6236690282821655
914,0,0,1,0.6435999274253845
915,1,1,1,0.9797852635383606
916,3,4,0,0.7451807856559753
917,8,8,1,0.9081435203552246
918,8,8,1,0.8863931894302368
919,0,2,0,0.8276480436325073
920,6,6,1,0.7558363676071167
921,9,9,1,0.7019848227500916
922,9,9,1,0.3488154709339142
923,9,5,0,0.476576030254364
924,5,1,0,0.609417200088501
925,5,3,0,0.6067437529563904
926,8,8,1,0.636580228805542
927,6,6,1,0.693141758441925
928,0,0,1,0.8953153491020203
929,0,8,0,0.7903357148170471
930,4,4,1,0.8659852743148804
931,2,2,1,0.8316582441329956
932,3,3,1,0.5431079864501953
933,2,5,0,0.6075263619422913
934,7,7,1,0.9734442234039307
935,2,2,1,0.9348916411399841
936,2,2,1,0.8481968641281128
937,5,2,0,0.39187952876091003
938,9,9,1,0.6842001676559448
939,8,8,1,0.9013792872428894
940,9,9,1,0.9098267555236816
941,1,9,0,0.6919211149215698
942,7,7,1,0.6314417719841003
943,4,4,1,0.5390087366104126
944,0,0,1,0.7767318487167358
945,3,3,1,0.7503918409347534
946,0,0,1,0.7580215930938721
947,1,1,1,0.4229937195777893
948,3,4,0,0.5584682822227478
949,8,1,0,0.5712836980819702
950,3,3,1,0.7496607899665833
951,9,9,1,0.9019708037376404
952,6,6,1,0.9326868653297424
953,1,2,0,0.5891721248626709
954,4,4,1,0.8499866724014282
955,7,7,1,0.9601321220397949
956,0,0,1,0.5935796499252319
957,3,3,1,0.7310734391212463
958,7,7,1,0.8842226266860962
959,8,8,1,0.7001410722732544
960,9,9,1,0.8310545682907104
961,1,1,1,0.7058047652244568
962,1,1,1,0.6556105017662048
963,6,6,1,0.7494296431541443
964,6,5,0,0.6113980412483215
965,6,6,1,0.5147458910942078
966,6,6,1,0.7345847487449646
967,9,8,0,0.5680465698242188
968,1,1,1,0.8859267830848694
969,9,9,1,0.9202314615249634
970,9,9,1,0.8083815574645996
971,4,4,1,0.9737616181373596
972,2,3,0,0.55108243227005
973,1,1,1,0.8992835879325867
974,7,2,0,0.5684413313865662
975,0,0,1,0.9823448657989502
976,6,6,1,0.6417121887207031
977,8,8,1,0.588601291179657
978,1,1,1,0.878838300704956
979,9,1,0,0.7782014608383179
980,2,2,1,0.6191576719284058
981,9,1,0,0.4596000611782074
982,0,5,0,0.6558024883270264
983,4,4,1,0.8325404524803162
984,7,7,1,0.957118809223175
985,8,8,1,0.9699129462242126
986,3,5,0,0.620922327041626
987,1,1,1,0.9559388160705566
988,2,2,1,0.5712029337882996
989,0,0,1,0.7563294172286987
990,1,1,1,0.9379228949546814
991,5,7,0,0.5052849650382996
992,8,8,1,0.8755045533180237
993,4,7,0,0.5478008985519409
994,6,2,0,0.4500635862350464
995,3,2,0,0.5496551394462585
996,8,8,1,0.8602150678634644
997,1,1,1,0.8599438667297363
998,3,3,1,0.7778682112693787
999,8,8,1,0.9409212470054626
1000,5,3,0,0.47340989112854004
1001,0,0,1,0.7056349515914917
1002,8,9,0,0.3666895627975464
1003,4,4,1,0.8155685067176819
1004,8,8,1,0.8888958692550659
1005,1,1,1,0.9544857740402222
1006,1,1,1,0.9368783235549927
1007,8,8,1,0.723171591758728
1008,9,9,1,0.7105430960655212
1009,6,6,1,0.7114720344543457
1010,0,0,1,0.9720113277435303
1011,8,8,1,0.5938662886619568
1012,6,4,0,0.4216301739215851
1013,1,1,1,0.9775872826576233
1014,3,3,1,0.7638477683067322
1015,4,4,1,0.9812275171279907
1016,1,1,1,0.8471992611885071
1017,6,6,1,0.9678643345832825
1018,0,0,1,0.9275310039520264
1019,5,3,0,0.6297947764396667
1020,1,0,0,0.4390004277229309
1021,1,1,1,0.5659798979759216
1022,0,0,1,0.8401435613632202
1023,0,0,1,0.7691978812217712
1024,3,3,1,0.7109546065330505
1025,5,5,1,0.6789934635162354
1026,0,2,0,0.45996803045272827
1027,0,0,1,0.8575899600982666
1028,6,8,0,0.641636848449707
1029,6,6,1,0.9609153270721436
1030,3,3,1,0.6879693865776062
1031,3,3,1,0.8175836801528931
1032,6,6,1,0.6966572999954224
1033,3,3,1,0.8749527931213379
1034,6,6,1,0.5827559232711792
1035,6,4,0,0.5036565661430359
1036,0,2,0,0.6168504357337952
1037,7,7,1,0.5505944490432739
1038,2,2,1,0.889340877532959
1039,2,2,1,0.6760258078575134
1040,7,5,0,0.5613425374031067
1041,5,5,1,0.7560272216796875
1042,5,2,0,0.674214243888855
1043,2,4,0,0.5119246244430542
1044,8,8,1,0.8059322834014893
1045,5,5,1,0.7531983852386475
1046,2,2,1,0.8459761738777161
1047,1,8,0,0.7785895466804504
1048,1,1,1,0.6636321544647217
1049,4,1,0,0.5524871349334717
1050,3,0,0,0.6024234294891357
1051,2,2,1,0.48152387142181396
1052,0,0,1,0.612225353717804
1053,3,3,1,0.6067139506340027
1054,1,1,1,0.9336787462234497
1055,5,2,0,0.8433116674423218
1056,3,5,0,0.6759185194969177
1057,7,7,1,0.7307474613189697
1058,6,3,0,0.5919399857521057
1059,8,8,1,0.8603447675704956
1060,9,9,1,0.907507598400116
1061,1,0,0,0.3925876319408417
1062,6,4,0,0.4819420278072357
1063,4,4,1,0.7914353609085083
1064,9,3,0,0.7530800700187683
1065,3,9,0,0.6724386215209961
1066,9,9,1,0.729024350643158
1067,0,0,1,0.5906357765197754
1068,9,9,1,0.8959176540374756
1069,6,6,1,0.9326996207237244
1070,3,3,1,0.6900222301483154
1071,6,6,1,0.9932153224945068
1072,0,1,0,0.6103839874267578
1073,7,7,1,0.8393893241882324
1074,3,3,1,0.7335196733474731
1075,8,8,1,0.8460598587989807
1076,0,0,1,0.44409120082855225
1077,0,0,1,0.9539287090301514
1078,0,0,1,0.594484806060791
1079,6,6,1,0.984164834022522
1080,6,6,1,0.951678991317749
1081,6,6,1,0.8967701196670532
1082,9,9,1,0.8335212469100952
1083,2,2,1,0.5817362070083618
1084,5,5,1,0.9010171294212341
1085,4,6,0,0.6652782559394836
1086,4,4,1,0.340551495552063
1087,6,6,1,0.5799038410186768
1088,3,5,0,0.5484994053840637
1089,6,6,1,0.9348087310791016
1090,0,0,1,0.5111057758331299
1091,8,8,1,0.9206581711769104
1092,6,3,0,0.3373356759548187
1093,0,0,1,0.48170948028564453
1094,6,6,1,0.3796766400337219
1095,2,2,1,0.6037440896034241
1096,7,7,1,0.8625718951225281
1097,5,5,1,0.6779312491416931
1098,1,1,1,0.9216113686561584
1099,2,2,1,0.8946558833122253
1100,7,8,0,0.6457504630088806
1101,8,8,1,0.8972263932228088
1102,8,8,1,0.7339525818824768
1103,0,8,0,0.33331620693206787
1104,9,9,1,0.6312206983566284
1105,4,3,0,0.8150736093521118
1106,9,9,1,0.6715066432952881
1107,7,7,1,0.3713359832763672
1108,2,2,1,0.8845741748809814
1109,0,0,1,0.7693930268287659
1110,2,0,0,0.6799652576446533
1111,8,8,1,0.9205152988433838
1112,3,2,0,0.41574975848197937
1113,8,8,1,0.9427945613861084
1114,9,9,1,0.8229614496231079
1115,1,1,1,0.8694438338279724
1116,5,5,1,0.7962953448295593
1117,5,5,1,0.5182215571403503
1118,4,7,0,0.5770788192749023
1119,7,7,1,0.8353754878044128
1120,5,5,1,0.6846491694450378
1121,3,3,1,0.4169712960720062
1122,8,8,1,0.9842942357063293
1123,3,3,1,0.6138249039649963
1124,3,3,1,0.4517308473587036
1125,6,6,1,0.5267577767372131
1126,2,0,0,0.4477439820766449
1127,8,9,0,0.6323225498199463
1128,4,5,0,0.5172902941703796
1129,3,2,0,0.5738190412521362
1130,7,0,0,0.6761183738708496
1131,1,9,0,0.8630883097648621
1132,2,2,1,0.42266845703125
1133,4,4,1,0.9218329191207886
1134,1,0,0,0.50455641746521
1135,6,3,0,0.5235397219657898
1136,9,9,1,0.737234890460968
1137,0,1,0,0.3579624593257904
1138,5,6,0,0.42182910442352295
1139,8,3,0,0.46571698784828186
1140,6,6,1,0.9608200192451477
1141,1,1,1,0.8207157254219055
1142,8,8,1,0.929083526134491
1143,6,6,1,0.815925657749176
1144,1,1,1,0.8649196624755859
1145,4,4,1,0.8183360695838928
1146,2,4,0,0.7424376010894775
1147,6,9,0,0.8276693820953369
1148,2,2,1,0.8268753290176392
1149,7,7,1,0.5687776803970337
1150,2,9,0,0.4464586675167084
1151,2,2,1,0.8736051917076111
1152,0,0,1,0.8749359846115112
1153,8,8,1,0.7409328818321228
1154,6,4,0,0.38871049880981445
1155,9,9,1,0.7570779919624329
1156,1,8,0,0.673281729221344
1157,7,1,0,0.38549885153770447
1158,1,1,1,0.3749562203884125
1159,8,8,1,0.8565627336502075
1160,8,0,0,0.5608171820640564
1161,0,0,1,0.8232810497283936
1162,7,7,1,0.5515940189361572
1163,3,2,0,0.6327893733978271
1164,8,8,1,0.7460974454879761
1165,0,4,0,0.5421262383460999
1166,3,1,0,0.6747775077819824
1167,4,9,0,0.42419978976249695
1168,3,3,1,0.7093814015388489
1169,7,4,0,0.45290690660476685
1170,7,7,1,0.8222574591636658
1171,9,9,1,0.6865767240524292
1172,2,2,1,0.9772337079048157
1173,3,3,1,0.5255331993103027
1174,1,1,1,0.7755667567253113
1175,9,9,1,0.9533090591430664
1176,1,1,1,0.8994873762130737
1177,9,1,0,0.9223166704177856
1178,6,2,0,0.8174012899398804
1179,3,3,1,0.730080783367157
1180,3,5,0,0.6777653694152832
1181,3,3,1,0.7987078428268433
1182,1,1,1,0.6765128970146179
1183,0,0,1,0.5058878064155579
1184,6,6,1,0.6852988004684448
1185,1,1,1,0.7989659905433655
1186,4,4,1,0.8068580627441406
1187,1,1,1,0.9589505791664124
1188,0,0,1,0.9555613994598389
1189,0,0,1,0.6379539370536804
1190,1,1,1,0.6125688552856445
1191,1,1,1,0.538890540599823
1192,6,3,0,0.4861273467540741
1193,5,3,0,0.5624657869338989
1194,4,0,0,0.5948307514190674
1195,6,6,1,0.9338886737823486
1196,2,2,1,0.9085100889205933
1197,0,0,1,0.7713178396224976
1198,7,7,1,0.9039840698242188
1199,9,9,1,0.7700310945510864
1200,8,8,1,0.7201818227767944
1201,7,7,1,0.6189257502555847
1202,2,2,1,0.9487197995185852
1203,0,0,1,0.6896260380744934
1204,6,6,1,0.8205646276473999
1205,8,0,0,0.7951953411102295
1206,1,1,1,0.7750164270401001
1207,4,0,0,0.48448213934898376
1208,3,3,1,0.5359817147254944
1209,7,7,1,0.7954888939857483
1210,0,0,1,0.7138956785202026
1211,6,6,1,0.8735623359680176
1212,1,2,0,0.672336757183075
1213,8,8,1,0.8106421232223511
1214,5,5,1,0.6532700061798096
1215,7,4,0,0.6499024629592896
1216,8,8,1,0.9246020913124084
1217,4,4,1,0.8157899975776672
1218,8,8,1,0.9568541049957275
1219,3,3,1,0.8493334054946899
1220,9,9,1,0.8702324628829956
1221,9,9,1,0.8673788905143738
1222,9,0,0,0.4114522933959961
1223,8,8,1,0.6452963352203369
1224,7,4,0,0.8078272938728333
1225,6,6,1,0.5788806676864624
1226,6,6,1,0.4399087131023407
1227,3,5,0,0.6133309006690979
1228,5,8,0,0.4404316246509552
1229,1,1,1,0.9330021739006042
1230,5,3,0,0.762055516242981
1231,9,9,1,0.8950429558753967
1232,1,1,1,0.9212995171546936
1233,4,8,0,0.7689240574836731
1234,1,1,1,0.8532825708389282
1235,5,2,0,0.36628881096839905
1236,7,1,0,0.456665575504303
1237,0,2,0,0.608376681804657
1238,1,1,1,0.8572667241096497
1239,5,5,1,0.6296391487121582
1240,2,5,0,0.40824756026268005
1241,0,8,0,0.5470504760742188
1242,8,3,0,0.530066192150116
1243,8,8,1,0.8149572014808655
1244,5,5,1,0.5187702775001526
1245,6,2,0,0.6104782223701477
1246,7,3,0,0.46306759119033813
1247,3,3,1,0.43902862071990967
1248,2,1,0,0.39636731147766113
1249,4,4,1,0.4235280752182007
1250,7,7,1,0.9168179631233215
1251,2,2,1,0.5492731928825378
1252,5,5,1,0.9236809015274048
1253,8,8,1,0.4460121691226959
1254,2,0,0,0.7604698538780212
1255,4,4,1,0.9610744118690491
1256,9,0,0,0.4596388041973114
1257,2,2,1,0.8779045939445496
1258,1,1,1,0.8903746604919434
1259,8,8,1,0.8243170976638794
1260,1,1,1,0.7129614949226379
1261,9,1,0,0.5859827399253845
1262,8,0,0,0.9076821208000183
1263,8,8,1,0.8653878569602966
1264,8,8,1,0.8919804096221924
1265,9,1,0,0.8923429846763611
1266,0,8,0,0.7032464146614075
1267,4,4,1,0.888491153717041
1268,3,3,1,0.43651440739631653
1269,3,3,1,0.8007152080535889
1270,1,1,1,0.8663343191146851
1271,8,8,1,0.7904785871505737
1272,4,4,1,0.608997642993927
1273,6,4,0,0.7336322069168091
1274,3,3,1,0.5932624340057373
1275,3,3,1,0.6548612117767334
1276,5,9,0,0.5950097441673279
1277,2,2,1,0.6815900206565857
1278,2,2,1,0.8163541555404663
1279,8,9,0,0.6374249458312988
1280,3,3,1,0.7887725234031677
1281,8,8,1,0.8861908316612244
1282,9,2,0,0.4429788887500763
1283,5,5,1,0.8285757899284363
1284,8,3,0,0.4320729970932007
1285,9,1,0,0.5859581232070923
1286,8,8,1,0.7286381125450134
1287,9,9,1,0.8612371683120728
1288,1,1,1,0.6021527647972107
1289,6,6,1,0.5833780169487
1290,5,8,0,0.41027817130088806
1291,9,8,0,0.6477146148681641
1292,4,4,1,0.8209805488586426
1293,4,4,1,0.817011296749115
1294,8,0,0,0.7050546407699585
1295,0,0,1,0.8306771516799927
1296,7,4,0,0.6128385066986084
1297,2,0,0,0.8007502555847168
1298,9,9,1,0.7218611836433411
1299,7,0,0,0.6122128963470459
1300,4,0,0,0.24920859932899475
1301,1,1,1,0.9883298277854919
1302,6,6,1,0.5283795595169067
1303,4,4,1,0.8355355262756348
1304,4,4,1,0.6049463748931885
1305,9,1,0,0.7429124116897583
1306,1,1,1,0.7342429161071777
1307,2,2,1,0.7645390033721924
1308,5,4,0,0.5584914088249207
1309,6,6,1,0.8854143023490906
1310,0,0,1,0.7338159084320068
1311,8,8,1,0.9823725819587708
1312,6,6,1,0.6781363487243652
1313,1,1,1,0.965091347694397
1314,9,9,1,0.8876066207885742
1315,4,4,1,0.6411592364311218
1316,5,5,1,0.6227036714553833
1317,9,9,1,0.9522044062614441
1318,5,3,0,0.6823311448097229
1319,0,0,1,0.802557647228241
1320,7,9,0,0.5335988998413086
1321,2,8,0,0.3950652778148651
1322,0,8,0,0.5615372061729431
1323,0,9,0,0.8794342875480652
1324,4,4,1,0.7891783118247986
1325,2,4,0,0.8769581317901611
1326,6,6,1,0.7871994972229004
1327,6,6,1,0.5866820812225342
1328,5,3,0,0.6602429747581482
1329,5,5,1,0.8476751446723938
1330,2,6,0,0.6817149519920349
1331,8,8,1,0.6578238606452942
1332,1,8,0,0.7104434967041016
1333,7,1,0,0.46342283487319946
1334,3,0,0,0.4043765962123871
1335,1,1,1,0.8636499643325806
1336,4,4,1,0.8108783960342407
1337,5,5,1,0.8678913116455078
1338,6,6,1,0.9800063371658325
1339,5,5,1,0.5780022144317627
1340,1,9,0,0.6188296675682068
1341,4,4,1,0.9075648188591003
1342,7,3,0,0.5101494193077087
1343,0,8,0,0.8398761749267578
1344,9,9,1,0.8869788646697998
1345,4,4,1,0.9559289813041687
1346,3,9,0,0.5597445964813232
1347,8,8,1,0.9010556936264038
1348,2,2,1,0.7111984491348267
1349,8,8,1,0.6907268166542053
1350,4,4,1,0.790677547454834
1351,7,7,1,0.9280081987380981
1352,2,2,1,0.8418140411376953
1353,3,4,0,0.7497320771217346
1354,1,4,0,0.5265558362007141
1355,5,2,0,0.44091853499412537
1356,2,6,0,0.5389784574508667
1357,9,9,1,0.8566803336143494
1358,8,8,1,0.6516634225845337
1359,9,9,1,0.9391547441482544
1360,7,7,1,0.6098254323005676
1361,9,9,1,0.8414459228515625
1362,5,5,1,0.9753144383430481
1363,1,1,1,0.9527329802513123
1364,4,4,1,0.9637607932090759
1365,0,0,1,0.9182628393173218
1366,8,8,1,0.9429433941841125
1367,2,2,1,0.9116331934928894
1368,3,8,0,0.6766929030418396
1369,8,8,1,0.9669933319091797
1370,9,0,0,0.5964955687522888
1371,1,1,1,0.48993852734565735
1372,1,1,1,0.46341297030448914
1373,3,3,1,0.5655630826950073
1374,2,2,1,0.9900726079940796
1375,4,4,1,0.631141722202301
1376,9,1,0,0.6997613310813904
1377,3,3,1,0.5953789353370667
1378,1,1,1,0.5639945864677429
1379,7,7,1,0.8253884315490723
1380,4,4,1,0.7477957010269165
1381,6,6,1,0.7538889646530151
1382,2,0,0,0.6846579313278198
1383,8,8,1,0.7545226812362671
1384,9,9,1,0.8177055716514587
1385,5,5,1,0.7322273254394531
1386,3,3,1,0.7388548851013184
1387,9,9,1,0.905376136302948
1388,5,5,1,0.7790260910987854
1389,5,4,0,0.3903476595878601
1390,6,6,1,0.9351574778556824
1391,7,2,0,0.6865654587745667
1392,2,2,1,0.9225268363952637
1393,4,3,0,0.42269861698150635
1394,6,6,1,0.7969507575035095
1395,3,6,0,0.681160569190979
1396,1,9,0,0.7700552940368652
1397,0,0,1,0.8527628779411316
1398,7,8,0,0.529333233833313
1399,2,0,0,0.3446381986141205
1400,5,5,1,0.7932612299919128
1401,4,4,1,0.8535115122795105
1402,7,7,1,0.468628853559494
1403,6,4,0,0.7433422803878784
1404,1,1,1,0.6812636256217957
1405,1,1,1,0.3472307622432709
1406,9,9,1,0.925473690032959
1407,8,8,1,0.9110943078994751
1408,1,1,1,0.9297447800636292
1409,0,4,0,0.5902211666107178
1410,1,1,1,0.9292529821395874
1411,3,4,0,0.5377383828163147
1412,1,1,1,0.9487341642379761
1413,1,1,1,0.8516374230384827
1414,1,1,1,0.9433590769767761
1415,7,7,1,0.7572216391563416
1416,3,3,1,0.6201302409172058
1417,9,9,1,0.5873643755912781
1418,6,6,1,0.6009864807128906
1419,8,8,1,0.8771144151687622
1420,4,5,0,0.45823580026626587
1421,6,6,1,0.6777691841125488
1422,8,0,0,0.8045132160186768
1423,4,4,1,0.8970462679862976
1424,9,9,1,0.5623624324798584
1425,4,4,1,0.8517519235610962
1426,7,7,1,0.5595016479492188
1427,9,6,0,0.5744426250457764
1428,7,7,1,0.908395528793335
1429,6,3,0,0.3933631479740143
1430,8,8,1,0.8939126133918762
1431,4,4,1,0.3912659287452698
1432,9,9,1,0.9439186453819275
1433,7,7,1,0.9284764528274536
1434,0,2,0,0.4755822420120239
1435,1,2,0,0.5613633990287781
1436,6,6,1,0.9683961868286133
1437,1,1,1,0.5274199843406677
1438,5,3,0,0.488985151052475
1439,9,2,0,0.5054960250854492
1440,0,8,0,0.8265659213066101
1441,4,4,1,0.8361333608627319
1442,3,3,1,0.5600991249084473
1443,4,2,0,0.5382130146026611
1444,1,1,1,0.8410508036613464
1445,3,3,1,0.40674927830696106
1446,0,0,1,0.838462233543396
1447,8,8,1,0.8678203821182251
1448,4,3,0,0.4519069492816925
1449,6,6,1,0.9789353609085083
1450,2,2,1,0.5720459222793579
1451,2,2,1,0.5766085982322693
1452,6,6,1,0.6664487719535828
1453,5,6,0,0.5318614840507507
1454,3,2,0,0.7196539044380188
1455,6,6,1,0.5139959454536438
1456,2,9,0,0.4962504506111145
1457,1,1,1,0.9677857160568237
1458,1,1,1,0.9578933119773865
1459,8,8,1,0.8351274132728577
1460,6,6,1,0.9553719162940979
1461,0,0,1,0.7354495525360107
1462,4,4,1,0.8795247673988342
1463,0,8,0,0.4971979856491089
1464,1,0,0,0.6467993855476379
1465,9,9,1,0.7509762644767761
1466,7,7,1,0.9039028882980347
1467,1,1,1,0.9244183897972107
1468,3,3,1,0.6081333756446838
1469,7,7,1,0.5558839440345764
1470,7,3,0,0.5016526579856873
1471,8,8,1,0.7954891920089722
1472,7,4,0,0.6106736063957214
1473,7,7,1,0.9298960566520691
1474,3,7,0,0.768846869468689
1475,9,9,1,0.7244654297828674
1476,7,7,1,0.8613250255584717
1477,7,7,1,0.3587108254432678
1478,7,7,1,0.5996189713478088
1479,2,9,0,0.3102033734321594
1480,1,8,0,0.43235254287719727
1481,2,2,1,0.48840978741645813
1482,8,8,1,0.9595629572868347
1483,6,6,1,0.9742590188980103
1484,4,4,1,0.5063733458518982
1485,0,2,0,0.8474926352500916
1486,7,7,1,0.9184456467628479
1487,9,9,1,0.8480426669120789
1488,8,8,1,0.941466748714447
1489,6,2,0,0.6161078214645386
1490,8,2,0,0.6533547043800354
1491,4,3,0,0.7156299948692322
1492,9,8,0,0.7898010611534119
1493,1,1,1,0.7076724171638489
1494,7,2,0,0.4078879952430725
1495,2,0,0,0.7438419461250305
1496,2,2,1,0.3750782608985901
1497,8,8,1,0.7336395382881165
1498,5,3,0,0.5113669037818909
1499,8,8,1,0.8805693984031677
1500,1,9,0,0.5963678359985352
1501,2,3,0,0.49163705110549927
1502,2,2,1,0.8051604628562927
1503,4,5,0,0.5284565687179565
1504,1,1,1,0.648133397102356
1505,2,2,1,0.9019367098808289
1506,5,4,0,0.9613365530967712
1507,2,9,0,0.5315077304840088
1508,8,8,1,0.9214271306991577
1509,1,0,0,0.6099875569343567
1510,8,8,1,0.8828493356704712
1511,1,1,1,0.9231582283973694
1512,8,8,1,0.7852276563644409
1513,6,6,1,0.5860771536827087
1514,0,0,1,0.8457803130149841
1515,2,2,1,0.8132583498954773
1516,4,3,0,0.37450918555259705
1517,1,1,1,0.95906001329422
1518,3,3,1,0.5328214168548584
1519,6,6,1,0.9626371264457703
1520,7,7,1,0.6531599760055542
1521,7,7,1,0.6991887092590332
1522,4,4,1,0.9254780411720276
1523,4,4,1,0.7783506512641907
1524,3,4,0,0.4535580277442932
1525,3,3,1,0.5139080286026001
1526,4,4,1,0.6763918399810791
1527,5,3,0,0.3113320767879486
1528,2,2,1,0.965907096862793
1529,4,4,1,0.8114826083183289
1530,3,9,0,0.5405727624893188
1531,7,4,0,0.5731101036071777
1532,8,0,0,0.6303786039352417
1533,4,4,1,0.8666528463363647
1534,4,4,1,0.8652637004852295
1535,4,4,1,0.7476068139076233
1536,5,3,0,0.4983498752117157
1537,4,4,1,0.6868487000465393
1538,3,2,0,0.5150899291038513
1539,2,2,1,0.9726967215538025
1540,8,8,1,0.9822099208831787
1541,4,4,1,0.8318269848823547
1542,5,3,0,0.45365414023399353
1543,5,5,1,0.8044809699058533
1544,4,2,0,0.590129554271698
1545,1,1,1,0.6248420476913452
1546,4,6,0,0.5486896634101868
1547,2,0,0,0.7415831685066223
1548,5,4,0,0.5944402813911438
1549,1,1,1,0.7376742362976074
1550,6,6,1,0.5703763365745544
1551,4,6,0,0.8171358704566956
1552,3,5,0,0.5176966786384583
1553,4,4,1,0.799841046333313
1554,4,4,1,0.7873157262802124
1555,0,2,0,0.7344675064086914
1556,8,8,1,0.5633635520935059
1557,8,8,1,0.9862872958183289
1558,4,4,1,0.9371534585952759
1559,5,4,0,0.43559736013412476
1560,7,3,0,0.5524775385856628
1561,5,3,0,0.6719926595687866
1562,6,6,1,0.9907172918319702
1563,9,9,1,0.903462290763855
1564,1,1,1,0.9462446570396423
1565,6,6,1,0.6065784096717834
1566,7,2,0,0.570669949054718
1567,2,3,0,0.40727612376213074
1568,0,9,0,0.7852718830108643
1569,1,1,1,0.7734952569007874
1570,4,4,1,0.5996304154396057
1571,5,5,1,0.5701308846473694
1572,6,1,0,0.5414931178092957
1573,0,0,1,0.8112623691558838
1574,0,0,1,0.6049728989601135
1575,2,2,1,0.7624942660331726
1576,7,4,0,0.7753917574882507
1577,5,6,0,0.4683346152305603
1578,6,6,1,0.9575586318969727
1579,0,0,1,0.6991408467292786
1580,6,7,0,0.4638976752758026
1581,2,2,1,0.39565297961235046
1582,9,9,1,0.9404779076576233
1583,1,9,0,0.5636693835258484
1584,7,7,1,0.90311199426651
1585,7,7,1,0.541506826877594
1586,5,5,1,0.9803786873817444
1587,2,2,1,0.8194464445114136
1588,5,5,1,0.7116712927818298
1589,6,6,1,0.9263542294502258
1590,4,7,0,0.6047489643096924
1591,1,1,1,0.737555742263794
1592,4,3,0,0.6193460822105408
1593,3,4,0,0.5324099063873291
1594,3,3,1,0.7421274781227112
1595,3,6,0,0.9303159117698669
1596,0,3,0,0.6553285717964172
1597,3,3,1,0.7505565285682678
1598,5,5,1,0.969399094581604
1599,5,8,0,0.41895851492881775
1600,8,0,0,0.5187336802482605
1601,9,8,0,0.36933645606040955
1602,7,2,0,0.46416211128234863
1603,3,3,1,0.5697628855705261
1604,1,1,1,0.5441319346427917
1605,3,3,1,0.6061475276947021
1606,3,4,0,0.387942373752594
1607,3,9,0,0.6313878893852234
1608,4,5,0,0.593312680721283
1609,4,3,0,0.6365560293197632
1610,2,6,0,0.4221745729446411
1611,3,3,1,0.8699489831924438
1612,3,3,1,0.441752552986145
1613,8,8,1,0.6999078989028931
1614,1,1,1,0.9730750918388367
1615,7,2,0,0.6265751719474792
1616,7,7,1,0.9669711589813232
1617,0,0,1,0.8752433657646179
1618,7,3,0,0.40420296788215637
1619,4,4,1,0.9037508368492126
1620,5,1,0,0.48368680477142334
1621,1,0,0,0.8015921711921692
1622,4,2,0,0.5827549695968628
1623,2,4,0,0.5295454263687134
1624,4,4,1,0.8378272652626038
1625,3,3,1,0.8821938633918762
1626,9,0,0,0.7646892070770264
1627,9,9,1,0.9179848432540894
1628,4,2,0,0.666914701461792
1629,9,9,1,0.9008060693740845
1630,9,9,1,0.6885700821876526
1631,1,1,1,0.9219784140586853
1632,8,8,1,0.6346116662025452
1633,1,1,1,0.6817582845687866
1634,6,6,1,0.5823372006416321
1635,7,7,1,0.9568952918052673
1636,5,3,0,0.606359601020813
1637,5,6,0,0.5410544872283936
1638,4,2,0,0.6476719379425049
1639,9,0,0,0.5612377524375916
1640,7,7,1,0.9035133719444275
1641,6,2,0,0.3809288442134857
1642,5,4,0,0.8353434801101685
1643,9,9,1,0.9415777325630188
1644,2,2,1,0.48214322328567505
1645,4,4,1,0.9025142192840576
1646,0,0,1,0.744633138179779
1647,7,7,1,0.8963503241539001
1648,8,3,0,0.3338529169559479
1649,5,2,0,0.4229826331138611
1650,5,5,1,0.9280099272727966
1651,0,2,0,0.6298091411590576
1652,0,0,1,0.73276686668396
1653,9,9,1,0.6389092803001404
1654,9,9,1,0.8365786075592041
1655,8,8,1,0.8454990386962891
1656,2,0,0,0.6009047627449036
1657,5,5,1,0.6917681694030762
1658,4,4,1,0.7216554880142212
1659,8,8,1,0.9810102581977844
1660,3,3,1,0.38459253311157227
1661,6,6,1,0.9092054963111877
1662,3,5,0,0.6075071692466736
1663,6,6,1,0.9096519351005554
1664,0,2,0,0.9439519643783569
1665,6,6,1,0.9893454313278198
1666,6,2,0,0.5490807890892029
1667,6,6,1,0.8456549048423767
1668,9,9,1,0.5761973857879639
1669,6,6,1,0.9450517892837524
1670,6,6,1,0.4959215819835663
1671,8,8,1,0.9283568859100342
1672,6,6,1,0.9339793920516968
1673,2,2,1,0.5639576315879822
1674,4,4,1,0.8366082906723022
1675,5,7,0,0.6651714444160461
1676,8,8,1,0.9340012669563293
1677,1,1,1,0.9847087860107422
1678,2,2,1,0.8862093687057495
1679,7,7,1,0.8287737369537354
1680,6,6,1,0.9052396416664124
1681,5,5,1,0.4928414821624756
1682,7,7,1,0.9264045357704163
1683,8,8,1,0.921237587928772
1684,1,8,0,0.9342486262321472
1685,8,9,0,0.49368816614151
1686,0,0,1,0.7937396764755249
1687,8,8,1,0.5741170644760132
1688,6,4,0,0.3982846736907959
1689,9,9,1,0.4597335159778595
1690,2,2,1,0.6129361987113953
1691,8,8,1,0.9671070575714111
1692,9,9,1,0.8615635633468628
1693,4,3,0,0.5391234755516052
1694,0,2,0,0.43304404616355896
1695,9,9,1,0.9418836236000061
1696,4,4,1,0.6480642557144165
1697,9,9,1,0.9070848822593689
1698,5,5,1,0.8704099655151367
1699,7,7,1,0.5549206733703613
1700,5,5,1,0.774931788444519
1701,5,5,1,0.9095926284790039
1702,9,9,1,0.8743902444839478
1703,5,5,1,0.8336052298545837
1704,3,9,0,0.6204412579536438
1705,0,0,1,0.8404947519302368
1706,1,1,1,0.8976633548736572
1707,9,9,1,0.9449618458747864
1708,7,2,0,0.6658627390861511
1709,2,2,1,0.6872150301933289
1710,4,4,1,0.8268076777458191
1711,1,1,1,0.7535147070884705
1712,0,0,1,0.9819533228874207
1713,8,8,1,0.8071044683456421
1714,0,0,1,0.6828059554100037
1715,3,3,1,0.5794044733047485
1716,1,1,1,0.9488572478294373
1717,7,7,1,0.4414658546447754
1718,0,8,0,0.7180407643318176
1719,0,0,1,0.8682559132575989
1720,4,4,1,0.9126442074775696
1721,8,8,1,0.8024521470069885
1722,6,6,1,0.7495362758636475
1723,2,3,0,0.4496140480041504
1724,4,4,1,0.6686611771583557
1725,0,0,1,0.7330420017242432
1726,0,0,1,0.7874645590782166
1727,9,1,0,0.6680136322975159
1728,0,0,1,0.5806084275245667
1729,8,0,0,0.49791771173477173
1730,4,3,0,0.4492727816104889
1731,5,3,0,0.8265907168388367
1732,9,1,0,0.7945147156715393
1733,3,3,1,0.8628013134002686
1734,9,9,1,0.5219481587409973
1735,0,2,0,0.6937140226364136
1736,5,3,0,0.39309170842170715
1737,6,6,1,0.5396460294723511
1738,5,5,1,0.7491250038146973
1739,0,2,0,0.44140034914016724
1740,1,1,1,0.9238117933273315
1741,4,5,0,0.6688587069511414
1742,8,8,1,0.9612607359886169
1743,1,1,1,0.9093140363693237
1744,0,0,1,0.847632884979248
1745,5,5,1,0.8336001634597778
1746,2,4,0,0.5947971343994141
1747,1,1,1,0.7429073452949524
1748,0,0,1,0.6639123558998108
1749,2,2,1,0.6826698184013367
1750,8,8,1,0.9697380065917969
1751,1,9,0,0.5862140655517578
1752,5,5,1,0.9236213564872742
1753,6,6,1,0.7063996195793152
1754,7,7,1,0.6838447451591492
1755,7,2,0,0.756316065788269
1756,2,2,1,0.6810956597328186
1757,6,2,0,0.4302738308906555
1758,2,2,1,0.43519696593284607
1759,5,3,0,0.6360268592834473
1760,0,0,1,0.8668673038482666
1761,1,1,1,0.9309498071670532
1762,4,4,1,0.9451725482940674
1763,2,3,0,0.7199386954307556
1764,5,4,0,0.6563041806221008
1765,4,4,1,0.628726601600647
1766,6,6,1,0.8111850619316101
1767,2,3,0,0.3817921578884125
1768,2,2,1,0.8152757883071899
1769,1,1,1,0.8065528869628906
1770,7,7,1,0.5775877833366394
1771,2,6,0,0.619951069355011
1772,8,0,0,0.5200412273406982
1773,5,3,0,0.4663238227367401
1774,5,5,1,0.9425576329231262
1775,3,3,1,0.8034213781356812
1776,0,0,1,0.9702898859977722
1777,4,2,0,0.6184288859367371
1778,8,8,1,0.9758656024932861
1779,3,4,0,0.6291379332542419
1780,7,0,0,0.38763606548309326
1781,6,6,1,0.9378957748413086
1782,3,3,1,0.6215388774871826
1783,8,8,1,0.5981468558311462
1784,1,9,0,0.42475610971450806
1785,0,2,0,0.8483818769454956
1786,1,1,1,0.9317393898963928
1787,3,0,0,0.4147777855396271
1788,3,6,0,0.6357774138450623
1789,0,3,0,0.553211510181427
1790,7,7,1,0.5721467733383179
1791,4,6,0,0.8381930589675903
1792,9,9,1,0.8279770612716675
1793,5,5,1,0.5092371702194214
1794,3,5,0,0.7414897680282593
1795,6,6,1,0.7687389850616455
1796,0,6,0,0.46486714482307434
1797,1,1,1,0.8899406790733337
1798,4,4,1,0.7851771116256714
1799,4,4,1,0.7017210721969604
1800,4,4,1,0.7127358913421631
1801,4,4,1,0.9824565052986145
1802,2,0,0,0.5889586806297302
1803,2,3,0,0.7275014519691467
1804,5,4,0,0.5394157767295837
1805,8,8,1,0.6908773183822632
1806,1,1,1,0.9730931520462036
1807,5,3,0,0.5502135753631592
1808,9,9,1,0.8195199966430664
1809,8,8,1,0.9624025225639343
1810,1,1,1,0.7563470005989075
1811,1,1,1,0.7010270953178406
1812,5,2,0,0.4876227080821991
1813,3,2,0,0.7210801243782043
1814,9,9,1,0.8325602412223816
1815,9,9,1,0.8249050378799438
1816,7,3,0,0.4432885944843292
1817,6,6,1,0.9003299474716187
1818,5,3,0,0.678066611289978
1819,0,0,1,0.9079234004020691
1820,8,8,1,0.9567517042160034
1821,4,9,0,0.38077038526535034
1822,7,0,0,0.43524256348609924
1823,0,7,0,0.43720296025276184
1824,9,9,1,0.8787727952003479
1825,2,3,0,0.6010615825653076
1826,8,8,1,0.9519230723381042
1827,4,4,1,0.4244508445262909
1828,7,7,1,0.7703991532325745
1829,1,1,1,0.7528759241104126
1830,3,3,1,0.6322910785675049
1831,9,9,1,0.9022228717803955
1832,6,6,1,0.9169980883598328
1833,8,8,1,0.9722172617912292
1834,9,1,0,0.5671661496162415
1835,0,0,1,0.7792026996612549
1836,4,4,1,0.6769877672195435
1837,9,6,0,0.6828242540359497
1838,6,0,0,0.37976399064064026
1839,7,7,1,0.9840121269226074
1840,8,8,1,0.5664781332015991
1841,9,1,0,0.7545124292373657
1842,4,7,0,0.7147846221923828
1843,8,8,1,0.6680839657783508
1844,9,9,1,0.9347550868988037
1845,7,7,1,0.8673728704452515
1846,2,2,1,0.9759470224380493
1847,5,5,1,0.5901575684547424
1848,3,3,1,0.7917264103889465
1849,7,7,1,0.8058398365974426
1850,1,1,1,0.830734133720398
1851,0,2,0,0.7304373979568481
1852,2,6,0,0.5537430047988892
1853,9,9,1,0.9448482394218445
1854,5,5,1,0.9048212766647339
1855,5,3,0,0.46895208954811096
1856,8,8,1,0.8834302425384521
1857,5,5,1,0.9763393402099609
1858,4,2,0,0.5355971455574036
1859,2,2,1,0.7406896352767944
1860,8,8,1,0.4455757737159729
1861,3,3,1,0.5731515884399414
1862,5,3,0,0.5894851088523865
1863,5,9,0,0.7323130369186401
1864,7,7,1,0.841503381729126
1865,7,7,1,0.6381795406341553
1866,8,8,1,0.9678645133972168
1867,6,3,0,0.38570448756217957
1868,2,2,1,0.43151113390922546
1869,8,8,1,0.8957445025444031
1870,2,2,1,0.7978997826576233
1871,3,2,0,0.4793751835823059
1872,5,5,1,0.8084231615066528
1873,6,2,0,0.6361672878265381
1874,8,1,0,0.6948663592338562
1875,0,0,1,0.9794256091117859
1876,2,2,1,0.5427120923995972
1877,3,3,1,0.6433719396591187
1878,7,7,1,0.7163451910018921
1879,0,0,1,0.853365957736969
1880,1,4,0,0.5367746353149414
1881,9,9,1,0.9370289444923401
1882,1,1,1,0.9516583681106567
1883,3,4,0,0.8049431443214417
1884,7,3,0,0.3752082586288452
1885,5,5,1,0.45078790187835693
1886,8,3,0,0.40787604451179504
1887,3,3,1,0.6030629277229309
1888,2,2,1,0.7098622918128967
1889,9,9,1,0.917266845703125
1890,6,6,1,0.8025364875793457
1891,8,8,1,0.9230800867080688
1892,6,6,1,0.6861979961395264
1893,9,9,1,0.8690747022628784
1894,3,3,1,0.8504475951194763
1895,8,0,0,0.4419603645801544
1896,9,9,1,0.6050504446029663
1897,8,8,1,0.5329288244247437
1898,0,0,1,0.7394855618476868
1899,7,7,1,0.7686585783958435
1900,8,8,1,0.9280270338058472
1901,5,3,0,0.4871551990509033
1902,0,2,0,0.733066737651825
1903,0,0,1,0.9325390458106995
1904,1,1,1,0.961260199546814
1905,3,0,0,0.4851703643798828
1906,9,3,0,0.6606953144073486
1907,1,1,1,0.9356670379638672
1908,5,3,0,0.6119348406791687
1909,3,6,0,0.6134270429611206
1910,4,4,1,0.7983345985412598
1911,4,6,0,0.7430232763290405
1912,0,0,1,0.947991669178009
1913,9,0,0,0.5292209982872009
1914,9,9,1,0.9332473278045654
1915,9,9,1,0.7042385339736938
1916,9,9,1,0.7710724472999573
1917,8,8,1,0.6395478248596191
1918,2,6,0,0.7479206323623657
1919,4,4,1,0.6724783778190613
1920,2,2,1,0.7848703265190125
1921,2,3,0,0.5170970559120178
1922,5,5,1,0.9778993129730225
1923,1,1,1,0.9360770583152771
1924,9,9,1,0.5948599576950073
1925,1,3,0,0.6638084053993225
1926,0,1,0,0.5728687644004822
1927,9,9,1,0.681574821472168
1928,4,4,1,0.5206847190856934
1929,2,2,1,0.7202029228210449
1930,1,1,1,0.959357500076294
1931,6,6,1,0.9314559698104858
1932,0,8,0,0.3136778175830841
1933,3,5,0,0.7322003841400146
1934,7,7,1,0.6330487132072449
1935,6,4,0,0.5543569326400757
1936,3,5,0,0.5716108679771423
1937,1,9,0,0.7194108963012695
1938,8,8,1,0.7927300333976746
1939,6,2,0,0.3566112220287323
1940,5,3,0,0.6617617011070251
1941,7,2,0,0.6473475098609924
1942,2,2,1,0.9095416069030762
1943,8,1,0,0.4504346251487732
1944,4,2,0,0.39286959171295166
1945,4,4,1,0.5908786654472351
1946,8,8,1,0.8598923087120056
1947,3,9,0,0.4655815064907074
1948,5,5,1,0.9155254364013672
1949,0,2,0,0.6009490489959717
1950,5,3,0,0.602223813533783
1951,7,7,1,0.8174121379852295
1952,4,4,1,0.8954917192459106
1953,4,2,0,0.5212892889976501
1954,2,4,0,0.49153897166252136
1955,2,7,0,0.6703703999519348
1956,7,3,0,0.40235447883605957
1957,3,1,0,0.559624195098877
1958,6,6,1,0.8100160360336304
1959,0,0,1,0.9394865036010742
1960,2,2,1,0.6808634400367737
1961,7,7,1,0.9206842184066772
1962,6,6,1,0.8647122383117676
1963,2,0,0,0.6395163536071777
1964,3,3,1,0.7498972415924072
1965,0,0,1,0.560901939868927
1966,7,7,1,0.7913016676902771
1967,7,7,1,0.9507980346679688
1968,8,8,1,0.9493503570556641
1969,1,9,0,0.6511716246604919
1970,1,2,0,0.5632433295249939
1971,4,4,1,0.6975759863853455
1972,6,2,0,0.5174123048782349
1973,0,2,0,0.6437023878097534
1974,6,6,1,0.596218466758728
1975,6,8,0,0.5140205025672913
1976,5,5,1,0.6450819373130798
1977,5,5,1,0.6397793889045715
1978,6,6,1,0.9623256921768188
1979,3,3,1,0.6195825338363647
1980,9,9,1,0.8772063255310059
1981,3,3,1,0.6967400908470154
1982,6,6,1,0.9746308922767639
1983,8,2,0,0.6284142136573792
1984,7,4,0,0.45379912853240967
1985,6,2,0,0.6105843186378479
1986,4,4,1,0.3584972023963928
1987,9,0,0,0.9342484474182129
1988,5,5,1,0.7174047827720642
1989,6,5,0,0.47475090622901917
1990,4,5,0,0.5814893841743469
1991,1,1,1,0.9758530259132385
1992,6,6,1,0.8792983293533325
1993,3,3,1,0.6671755909919739
1994,8,8,1,0.6809841394424438
1995,2,2,1,0.895070493221283
1996,3,5,0,0.48178955912590027
1997,9,9,1,0.7177749872207642
1998,8,8,1,0.6719277501106262
1999,5,5,1,0.8195135593414307
2000,1,1,1,0.9231559634208679
2001,5,5,1,0.5395155549049377
2002,4,3,0,0.48438718914985657
2003,5,3,0,0.5021743774414062
2004,7,7,1,0.9424290060997009
2005,5,5,1,0.5649006366729736
2006,7,7,1,0.9618575572967529
2007,8,0,0,0.5932014584541321
2008,9,9,1,0.5830190777778625
2009,1,8,0,0.2975572645664215
2010,7,3,0,0.5108345746994019
2011,2,2,1,0.5132160782814026
2012,5,5,1,0.961307942867279
2013,6,4,0,0.7090716361999512
2014,8,8,1,0.8778823018074036
2015,4,4,1,0.8466337323188782
2016,6,6,1,0.8141981959342957
2017,5,4,0,0.4028925597667694
2018,3,6,0,0.6995741724967957
2019,9,9,1,0.707147479057312
2020,9,9,1,0.8915413022041321
2021,8,8,1,0.8817086815834045
2022,5,5,1,0.5227980613708496
2023,5,3,0,0.5180497169494629
2024,6,6,1,0.9411473870277405
2025,4,4,1,0.9208918213844299
2026,5,3,0,0.5408937931060791
2027,9,1,0,0.6606336832046509
2028,7,7,1,0.6120222210884094
2029,3,3,1,0.6386579275131226
2030,4,4,1,0.6277235746383667
2031,1,1,1,0.890218198299408
2032,4,4,1,0.4869407117366791
2033,2,4,0,0.6315475106239319
2034,3,4,0,0.6431519389152527
2035,6,3,0,0.5377157926559448
2036,5,5,1,0.46728673577308655
2037,5,5,1,0.5316709280014038
2038,2,3,0,0.34981825947761536
2039,8,2,0,0.6590244174003601
2040,0,0,1,0.8673789501190186
2041,0,8,0,0.4519370496273041
2042,1,1,1,0.9493260979652405
2043,8,8,1,0.6488412022590637
2044,3,5,0,0.7873209118843079
2045,1,1,1,0.9413872361183167
2046,3,3,1,0.6496198177337646
2047,5,5,1,0.6198688745498657
2048,8,8,1,0.9732840657234192
2049,3,3,1,0.5393440127372742
2050,8,8,1,0.6702045798301697
2051,5,5,1,0.8505640625953674
2052,8,8,1,0.9499759674072266
2053,6,6,1,0.9063697457313538
2054,3,3,1,0.7985120415687561
2055,5,5,1,0.900853157043457
2056,5,5,1,0.644426703453064
2057,5,5,1,0.8724291324615479
2058,0,8,0,0.6284091472625732
2059,9,8,0,0.5679978728294373
2060,5,5,1,0.5855065584182739
2061,5,3,0,0.4905839264392853
2062,7,4,0,0.7203729748725891
2063,1,1,1,0.9578999876976013
2064,8,8,1,0.9510571956634521
2065,2,6,0,0.4844379723072052
2066,2,7,0,0.7925218939781189
2067,7,4,0,0.8575875163078308
2068,3,3,1,0.7483701109886169
2069,4,4,1,0.8924890756607056
2070,2,2,1,0.9606153964996338
2071,9,9,1,0.9070560336112976
2072,6,8,0,0.4719778299331665
2073,2,2,1,0.8038361668586731
2074,2,2,1,0.9972473978996277
2075,4,7,0,0.4694666862487793
2076,3,3,1,0.7684242129325867
2077,0,0,1,0.9198195934295654
2078,2,6,0,0.5569882988929749
2079,0,2,0,0.5874417424201965
2080,1,1,1,0.6464803814888
2081,3,6,0,0.46599704027175903
2082,2,2,1,0.9073056578636169
2083,2,5,0,0.42277640104293823
2084,7,4,0,0.530129611492157
2085,0,0,1,0.5643064975738525
2086,1,8,0,0.552729606628418
2087,0,4,0,0.6621052622795105
2088,7,4,0,0.5689276456832886
2089,7,7,1,0.9258441925048828
2090,2,2,1,0.8014650940895081
2091,0,9,0,0.3850655257701874
2092,1,1,1,0.7969265580177307
2093,6,6,1,0.8439909815788269
2094,5,5,1,0.6439170241355896
2095,0,4,0,0.8746504187583923
2096,2,6,0,0.571469247341156
2097,2,2,1,0.6850524544715881
2098,0,8,0,0.6956361532211304
2099,1,1,1,0.8801183700561523
2100,2,2,1,0.5714364647865295
2101,6,6,1,0.7509743571281433
2102,0,0,1,0.9059666395187378
2103,1,1,1,0.8964664936065674
2104,6,6,1,0.9571546912193298
2105,6,3,0,0.474286824464798
2106,5,5,1,0.6153008341789246
2107,3,3,1,0.8321604132652283
2108,4,3,0,0.48964211344718933
2109,0,0,1,0.9754323363304138
2110,0,2,0,0.871627151966095
2111,9,1,0,0.7323254942893982
2112,1,1,1,0.8784610629081726
2113,0,0,1,0.9700701236724854
2114,2,3,0,0.4528394341468811
2115,5,3,0,0.6575732231140137
2116,9,9,1,0.9340175986289978
2117,7,7,1,0.9396926164627075
2118,8,8,1,0.9691424369812012
2119,6,6,1,0.9363818764686584
2120,4,4,1,0.883063793182373
2121,6,8,0,0.45026078820228577
2122,0,0,1,0.8347876667976379
2123,2,6,0,0.7625436782836914
2124,0,0,1,0.7659153342247009
2125,1,1,1,0.650464653968811
2126,9,9,1,0.8186872601509094
2127,2,4,0,0.7109311819076538
2128,4,6,0,0.7807251214981079
2129,9,0,0,0.5570028424263
2130,0,0,1,0.4990294277667999
2131,7,9,0,0.8294771313667297
2132,2,2,1,0.9789838790893555
2133,3,3,1,0.8268040418624878
2134,4,4,1,0.9461269974708557
2135,8,8,1,0.9668090343475342
2136,0,8,0,0.27637970447540283
2137,2,3,0,0.31252720952033997
2138,6,6,1,0.48672664165496826
2139,8,8,1,0.9420519471168518
2140,9,9,1,0.7851166129112244
2141,7,7,1,0.7227232456207275
2142,1,1,1,0.9267042279243469
2143,9,9,1,0.8905889987945557
2144,3,5,0,0.6367639303207397
2145,7,4,0,0.8732735514640808
2146,2,2,1,0.9931668639183044
2147,7,3,0,0.3860706388950348
2148,9,9,1,0.7321478128433228
2149,6,6,1,0.9831445813179016
2150,9,9,1,0.8606097102165222
2151,5,3,0,0.5616946816444397
2152,7,7,1,0.5417708158493042
2153,8,8,1,0.9435478448867798
2154,5,3,0,0.5068631172180176
2155,9,8,0,0.8380553722381592
2156,8,8,1,0.9770360589027405
2157,3,3,1,0.7304547429084778
2158,9,4,0,0.45085495710372925
2159,8,5,0,0.4464257061481476
2160,0,0,1,0.8779187798500061
2161,5,3,0,0.6150373816490173
2162,5,5,1,0.6199608445167542
2163,7,9,0,0.632313072681427
2164,1,1,1,0.96006840467453
2165,2,0,0,0.6549287438392639
2166,0,2,0,0.8377640247344971
2167,7,7,1,0.6875160932540894
2168,5,2,0,0.5195395350456238
2169,8,8,1,0.6713359951972961
2170,2,2,1,0.9566559195518494
2171,2,3,0,0.5332260727882385
2172,5,7,0,0.3965645432472229
2173,3,0,0,0.6479691863059998
2174,9,9,1,0.7216114401817322
2175,3,4,0,0.3789406716823578
2176,1,1,1,0.6729750633239746
2177,9,9,1,0.9165293574333191
2178,3,3,1,0.6916609406471252
2179,1,1,1,0.9334898591041565
2180,4,4,1,0.9255333542823792
2181,3,8,0,0.3169795870780945
2182,4,4,1,0.9392488598823547
2183,4,4,1,0.8470219969749451
2184,9,9,1,0.9570584893226624
2185,0,0,1,0.9089593887329102
2186,9,1,0,0.5975548624992371
2187,5,3,0,0.5717014074325562
2188,9,9,1,0.9638801217079163
2189,2,2,1,0.5342520475387573
2190,9,1,0,0.7952356934547424
2191,4,3,0,0.3991663455963135
2192,0,2,0,0.46989452838897705
2193,2,0,0,0.6669731140136719
2194,8,8,1,0.9862675070762634
2195,4,5,0,0.49722543358802795
2196,8,8,1,0.8545172810554504
2197,6,6,1,0.8656999468803406
2198,8,0,0,0.5977800488471985
2199,2,2,1,0.5332485437393188
2200,0,2,0,0.750508189201355
2201,5,8,0,0.8274748921394348
2202,9,9,1,0.8221184611320496
2203,6,3,0,0.7272704839706421
2204,9,9,1,0.5383147597312927
2205,5,5,1,0.4888589084148407
2206,1,1,1,0.917012631893158
2207,3,3,1,0.5910236835479736
2208,4,4,1,0.989378809928894
2209,4,5,0,0.5229509472846985
2210,2,2,1,0.9282004237174988
2211,7,7,1,0.8470614552497864
2212,2,3,0,0.6437628269195557
2213,4,4,1,0.4736614525318146
2214,4,2,0,0.7695010900497437
2215,0,9,0,0.40009135007858276
2216,2,7,0,0.6549012660980225
2217,8,8,1,0.9715247750282288
2218,4,4,1,0.9885632395744324
2219,5,6,0,0.43858835101127625
2220,1,1,1,0.9443247318267822
2221,2,2,1,0.6889387965202332
2222,6,6,1,0.676906943321228
2223,8,8,1,0.9548941850662231
2224,1,1,1,0.7784414291381836
2225,7,8,0,0.5997679829597473
2226,2,6,0,0.9715224504470825
2227,8,2,0,0.518758237361908
2228,7,7,1,0.9345400333404541
2229,4,4,1,0.8782196640968323
2230,3,3,1,0.9034237861633301
2231,3,3,1,0.7114096879959106
2232,0,2,0,0.4876570999622345
2233,3,4,0,0.5616957545280457
2234,7,7,1,0.7149389386177063
2235,2,2,1,0.7606621384620667
2236,5,3,0,0.5742102861404419
2237,6,6,1,0.9046391844749451
2238,1,1,1,0.8821000456809998
2239,7,7,1,0.5188712477684021
2240,9,8,0,0.598717987537384
2241,0,0,1,0.8620408177375793
2242,2,6,0,0.4235374629497528
2243,3,2,0,0.5825709700584412
2244,9,9,1,0.7961059212684631
2245,8,8,1,0.7705070972442627
2246,9,8,0,0.6229468584060669
2247,5,5,1,0.9302626252174377
2248,0,0,1,0.5319034457206726
2249,0,0,1,0.93398118019104
2250,7,3,0,0.5797110795974731
2251,6,0,0,0.4657711088657379
2252,3,6,0,0.5254341959953308
2253,3,5,0,0.3809743821620941
2254,8,8,1,0.664091944694519
2255,1,1,1,0.6886723637580872
2256,4,2,0,0.45074814558029175
2257,0,6,0,0.5907018184661865
2258,1,1,1,0.7893786430358887
2259,5,5,1,0.48679086565971375
2260,4,4,1,0.8293901681900024
2261,3,3,1,0.7494896650314331
2262,2,2,1,0.41694486141204834
2263,6,6,1,0.5201942920684814
2264,0,1,0,0.7235393524169922
2265,8,8,1,0.969825804233551
2266,8,8,1,0.9505113959312439
2267,6,6,1,0.8246257305145264
2268,3,3,1,0.851697564125061
2269,3,3,1,0.7253220081329346
2270,2,4,0,0.6623666882514954
2271,9,8,0,0.5771753787994385
2272,7,7,1,0.9116438031196594
2273,5,3,0,0.563258171081543
2274,1,1,1,0.6997628808021545
2275,6,6,1,0.6582448482513428
2276,0,0,1,0.7234998345375061
2277,5,5,1,0.8307678699493408
2278,9,9,1,0.8929129242897034
2279,9,9,1,0.8715570569038391
2280,4,4,1,0.6270412802696228
2281,5,5,1,0.5313267707824707
2282,9,9,1,0.7122790813446045
2283,4,4,1,0.8536310791969299
2284,8,0,0,0.5324186682701111
2285,3,3,1,0.6995994448661804
2286,3,6,0,0.6125166416168213
2287,2,2,1,0.7382809519767761
2288,5,6,0,0.6261405944824219
2289,1,1,1,0.8671069145202637
2290,9,9,1,0.927914559841156
2291,5,5,1,0.841208279132843
2292,5,5,1,0.6874471306800842
2293,8,2,0,0.48326975107192993
2294,1,9,0,0.7568231821060181
2295,8,8,1,0.986065149307251
2296,9,9,1,0.7222041487693787
2297,7,7,1,0.9370464086532593
2298,0,2,0,0.6450210213661194
2299,6,3,0,0.8422664999961853
2300,3,3,1,0.3971891403198242
2301,2,2,1,0.8087357878684998
2302,0,0,1,0.8254395127296448
2303,2,2,1,0.8603373765945435
2304,6,6,1,0.9403677582740784
2305,9,2,0,0.5049489140510559
2306,3,5,0,0.7095687389373779
2307,9,9,1,0.8242305517196655
2308,1,1,1,0.9677407741546631
2309,6,6,1,0.6231290698051453
2310,6,2,0,0.5613059997558594
2311,7,4,0,0.721161425113678
2312,2,2,1,0.5488495826721191
2313,6,6,1,0.8847432732582092
2314,3,3,1,0.6610937118530273
2315,2,2,1,0.5466357469558716
2316,5,1,0,0.6514370441436768
2317,5,5,1,0.888090193271637
2318,2,2,1,0.90589439868927
2319,7,0,0,0.35289058089256287
2320,5,5,1,0.5970938801765442
2321,2,3,0,0.5454758405685425
2322,0,0,1,0.8552257418632507
2323,8,8,1,0.8816514611244202
2324,0,0,1,0.7343860268592834
2325,7,2,0,0.5259183049201965
2326,7,7,1,0.9584631323814392
2327,1,1,1,0.36072635650634766
2328,7,4,0,0.8116630911827087
2329,4,4,1,0.8935131430625916
2330,0,8,0,0.7308930158615112
2331,2,4,0,0.5243305563926697
2332,2,2,1,0.9392947554588318
2333,6,2,0,0.5984017848968506
2334,1,1,1,0.8324208855628967
2335,5,5,1,0.7704840302467346
2336,9,9,1,0.9211337566375732
2337,7,7,1,0.9238435626029968
2338,6,3,0,0.5783008933067322
2339,2,4,0,0.5225701928138733
2340,7,1,0,0.5626167058944702
2341,0,2,0,0.3737693130970001
2342,5,5,1,0.779392421245575
2343,6,2,0,0.38489264249801636
2344,0,0,1,0.7110685706138611
2345,1,1,1,0.7702113389968872
2346,1,1,1,0.9479572176933289
2347,8,8,1,0.9548918008804321
2348,4,4,1,0.6398220658302307
2349,5,2,0,0.7584352493286133
2350,3,5,0,0.9436434507369995
2351,1,1,1,0.6595144867897034
2352,2,2,1,0.6277746558189392
2353,4,4,1,0.8105849027633667
2354,8,8,1,0.8991104364395142
2355,9,8,0,0.6512138843536377
2356,8,6,0,0.8838972449302673
2357,1,1,1,0.849757730960846
2358,7,3,0,0.48493027687072754
2359,2,6,0,0.31871548295021057
2360,7,7,1,0.5148617625236511
2361,2,2,1,0.6441269516944885
2362,3,6,0,0.5970221161842346
2363,2,2,1,0.40056487917900085
2364,6,6,1,0.8788380026817322
2365,7,3,0,0.3841593563556671
2366,9,9,1,0.8868291974067688
2367,4,4,1,0.5262469053268433
2368,0,0,1,0.9494245052337646
2369,1,1,1,0.9393323659896851
2370,0,0,1,0.9498692154884338
2371,4,4,1,0.9436968564987183
2372,5,5,1,0.573175311088562
2373,0,0,1,0.9323127269744873
2374,8,8,1,0.9275497794151306
2375,0,0,1,0.7333402633666992
2376,7,7,1,0.7790151834487915
2377,6,4,0,0.792066216468811
2378,1,8,0,0.7935226559638977
2379,0,0,1,0.7632755041122437
2380,8,8,1,0.9877088069915771
2381,5,5,1,0.8266165852546692
2382,9,1,0,0.8491849303245544
2383,2,5,0,0.3360966145992279
2384,5,5,1,0.4207460284233093
2385,4,4,1,0.6805073022842407
2386,4,7,0,0.5353907942771912
2387,9,9,1,0.7218641042709351
2388,0,0,1,0.8315578699111938
2389,6,6,1,0.7050622701644897
2390,1,1,1,0.6067737936973572
2391,2,2,1,0.9231851696968079
2392,5,5,1,0.7296780347824097
2393,1,9,0,0.3509044349193573
2394,6,6,1,0.7120353579521179
2395,7,7,1,0.7370529174804688
2396,1,1,1,0.5920642018318176
2397,5,3,0,0.5732952952384949
2398,8,8,1,0.7173402905464172
2399,8,8,1,0.9169568419456482
2400,0,0,1,0.8972088694572449
2401,3,3,1,0.5471463203430176
2402,9,9,1,0.7504937052726746
2403,4,4,1,0.45141273736953735
2404,0,2,0,0.6111084222793579
2405,3,6,0,0.9687933921813965
2406,4,4,1,0.9805921316146851
2407,9,9,1,0.9438776969909668
2408,2,2,1,0.8659945130348206
2409,4,4,1,0.7838740944862366
2410,3,3,1,0.541732132434845
2411,0,0,1,0.3940299153327942
2412,6,6,1,0.6885526180267334
2413,4,4,1,0.4969843029975891
2414,5,5,1,0.6153736710548401
2415,6,6,1,0.5142537951469421
2416,6,4,0,0.507074236869812
2417,7,7,1,0.8975719213485718
2418,8,8,1,0.9700956344604492
2419,4,4,1,0.7079968452453613
2420,8,3,0,0.5794661641120911
2421,8,0,0,0.5821959972381592
2422,3,4,0,0.8361782431602478
2423,2,2,1,0.5897764563560486
2424,8,0,0,0.48169153928756714
2425,0,0,1,0.6156688928604126
2426,2,0,0,0.7695579528808594
2427,5,3,0,0.6797505021095276
2428,6,6,1,0.7474377751350403
2429,8,0,0,0.6762215495109558
2430,7,7,1,0.6811898350715637
2431,8,8,1,0.916119396686554
2432,9,9,1,0.8612099885940552
2433,9,9,1,0.7311671376228333
2434,0,0,1,0.684769332408905
2435,6,4,0,0.5715814828872681
2436,6,6,1,0.9060679078102112
2437,8,8,1,0.909035325050354
2438,1,0,0,0.5943396091461182
2439,1,1,1,0.9660235047340393
2440,7,5,0,0.6010187864303589
2441,4,6,0,0.6352280974388123
2442,4,3,0,0.448170006275177
2443,2,0,0,0.6011000871658325
2444,3,3,1,0.7304354310035706
2445,6,6,1,0.9566313028335571
2446,9,9,1,0.822567343711853
2447,6,2,0,0.5166273713111877
2448,2,2,1,0.9440717101097107
2449,4,4,1,0.7064864635467529
2450,1,1,1,0.961621105670929
2451,8,8,1,0.7246301174163818
2452,2,5,0,0.4747852385044098
2453,3,4,0,0.394295871257782
2454,1,1,1,0.7155592441558838
2455,6,6,1,0.5593684911727905
2456,8,0,0,0.7743897438049316
2457,6,6,1,0.9959730505943298
2458,8,8,1,0.960349440574646
2459,5,5,1,0.7610529661178589
2460,9,9,1,0.8991092443466187
2461,0,0,1,0.7549059391021729
2462,1,1,1,0.9057296514511108
2463,0,0,1,0.6422418355941772
2464,2,2,1,0.6934348940849304
2465,9,9,1,0.877068281173706
2466,2,0,0,0.6527101993560791
2467,9,9,1,0.9446157217025757
2468,0,4,0,0.7216901779174805
2469,9,9,1,0.9468846917152405
2470,7,0,0,0.5762574672698975
2471,8,8,1,0.9719561338424683
2472,5,3,0,0.5293653011322021
2473,0,0,1,0.874369740486145
2474,6,2,0,0.6621331572532654
2475,6,6,1,0.8719800114631653
2476,8,8,1,0.9605675935745239
2477,1,1,1,0.7586427330970764
2478,6,6,1,0.953555703163147
2479,5,5,1,0.5232343077659607
2480,8,8,1,0.6694154739379883
2481,7,2,0,0.45355382561683655
2482,9,1,0,0.696857213973999
2483,2,2,1,0.6320405602455139
2484,1,1,1,0.8636513948440552
2485,6,6,1,0.5061392188072205
2486,7,2,0,0.7171180844306946
2487,5,5,1,0.46387943625450134
2488,6,6,1,0.863065779209137
2489,3,2,0,0.6947562098503113
2490,0,1,0,0.6374971270561218
2491,9,0,0,0.8977454304695129
2492,8,8,1,0.7254563570022583
2493,9,9,1,0.8632338643074036
2494,5,5,1,0.4075257182121277
2495,9,8,0,0.8096646070480347
2496,9,9,1,0.6695725321769714
2497,9,0,0,0.40461045503616333
2498,3,6,0,0.4895959198474884
2499,6,2,0,0.6295045018196106
2500,4,4,1,0.7248438000679016
2501,4,4,1,0.6658695936203003
2502,8,8,1,0.7491366267204285
2503,8,8,1,0.5721661448478699
2504,1,1,1,0.6583494544029236
2505,7,4,0,0.5672874450683594
2506,3,2,0,0.4600566029548645
2507,0,2,0,0.6383562684059143
2508,6,6,1,0.9116969108581543
2509,2,0,0,0.5216501355171204
2510,4,5,0,0.49805399775505066
2511,8,1,0,0.8325333595275879
2512,2,2,1,0.8452309370040894
2513,2,2,1,0.5044461488723755
2514,9,9,1,0.7956273555755615
2515,2,2,1,0.6208318471908569
2516,2,2,1,0.8612257242202759
2517,9,9,1,0.786026656627655
2518,7,7,1,0.854561984539032
2519,4,4,1,0.748670756816864
2520,1,4,0,0.44271600246429443
2521,9,9,1,0.6739575862884521
2522,1,1,1,0.9609434008598328
2523,4,2,0,0.49399301409721375
2524,3,3,1,0.482964426279068
2525,5,3,0,0.6128689050674438
2526,3,2,0,0.4982902705669403
2527,8,8,1,0.5414860844612122
2528,9,8,0,0.4312209188938141
2529,3,3,1,0.8224744200706482
2530,6,2,0,0.7256290912628174
2531,2,2,1,0.9038259983062744
2532,0,1,0,0.6715826392173767
2533,8,5,0,0.6807016730308533
2534,9,9,1,0.9586140513420105
2535,0,2,0,0.43945980072021484
2536,5,5,1,0.5253582000732422
2537,1,1,1,0.6968107223510742
2538,5,2,0,0.5691978931427002
2539,8,8,1,0.750761866569519
2540,2,2,1,0.6682427525520325
2541,1,1,1,0.9636474251747131
2542,2,0,0,0.4072606563568115
2543,3,3,1,0.8205535411834717
2544,2,2,1,0.8696914315223694
2545,4,4,1,0.6724840998649597
2546,8,8,1,0.9826762676239014
2547,4,6,0,0.6173654198646545
2548,0,4,0,0.2808067798614502
2549,6,4,0,0.8156788945198059
2550,4,4,1,0.6989332437515259
2551,2,2,1,0.6592634916305542
2552,9,9,1,0.7943463921546936
2553,8,8,1,0.728574275970459
2554,4,4,1,0.39685824513435364
2555,7,7,1,0.8574764728546143
2556,6,6,1,0.8522637486457825
2557,2,2,1,0.6442185044288635
2558,4,4,1,0.7550721168518066
2559,7,7,1,0.8458793759346008
2560,7,9,0,0.42307862639427185
2561,6,6,1,0.9913457632064819
2562,4,4,1,0.5346189141273499
2563,2,2,1,0.5299203991889954
2564,2,2,1,0.8840092420578003
2565,3,3,1,0.9428261518478394
2566,2,3,0,0.6851643323898315
2567,4,4,1,0.8797248005867004
2568,9,1,0,0.6318112015724182
2569,0,0,1,0.883942186832428
2570,0,3,0,0.4523334205150604
2571,9,9,1,0.7599306702613831
2572,6,6,1,0.8341018557548523
2573,5,7,0,0.6762278079986572
2574,8,8,1,0.8906218409538269
2575,5,4,0,0.9382731318473816
2576,2,6,0,0.5956341624259949
2577,4,4,1,0.9745081067085266
2578,8,8,1,0.7938097715377808
2579,8,8,1,0.5054706931114197
2580,6,3,0,0.45756563544273376
2581,4,6,0,0.44122612476348877
2582,5,5,1,0.9190817475318909
2583,7,7,1,0.9646879434585571
2584,6,6,1,0.9466267824172974
2585,3,2,0,0.6473891735076904
2586,7,5,0,0.6481575965881348
2587,0,0,1,0.6804702281951904
2588,4,4,1,0.7079851627349854
2589,0,0,1,0.879569947719574
2590,5,3,0,0.48791229724884033
2591,8,8,1,0.29793021082878113
2592,2,4,0,0.5087411403656006
2593,8,8,1,0.9368211627006531
2594,0,0,1,0.8687273859977722
2595,4,2,0,0.528440535068512
2596,9,9,1,0.7489404082298279
2597,2,2,1,0.44532567262649536
2598,3,6,0,0.6492460370063782
2599,6,6,1,0.8369743227958679
2600,8,8,1,0.9224033951759338
2601,1,1,1,0.952858030796051
2602,6,2,0,0.3805527985095978
2603,0,0,1,0.7581268548965454
2604,8,8,1,0.9129042625427246
2605,4,4,1,0.870058536529541
2606,3,5,0,0.7825607657432556
2607,1,1,1,0.9616033434867859
2608,4,4,1,0.7625644207000732
2609,5,3,0,0.8451140522956848
2610,2,2,1,0.9923511743545532
2611,4,4,1,0.7317942380905151
2612,3,5,0,0.5754572153091431
2613,6,6,1,0.6807810068130493
2614,0,0,1,0.43784937262535095
2615,7,7,1,0.9703531265258789
2616,1,8,0,0.5136078596115112
2617,3,3,1,0.7137412428855896
2618,5,5,1,0.751945972442627
2619,7,3,0,0.6603137850761414
2620,1,1,1,0.7381564378738403
2621,8,8,1,0.9905322790145874
2622,0,0,1,0.7735784649848938
2623,4,4,1,0.5240734219551086
2624,8,1,0,0.832314670085907
2625,2,2,1,0.7604262828826904
2626,7,4,0,0.46491605043411255
2627,7,7,1,0.7056331634521484
2628,0,0,1,0.5695343613624573
2629,2,6,0,0.8077631592750549
2630,2,6,0,0.4241735637187958
2631,4,3,0,0.7773964405059814
2632,3,5,0,0.5678709149360657
2633,3,6,0,0.5913527011871338
2634,1,1,1,0.8988248109817505
2635,6,6,1,0.8007723093032837
2636,1,1,1,0.6044772267341614
2637,6,6,1,0.9567420482635498
2638,4,2,0,0.5412078499794006
2639,6,6,1,0.9758091568946838
2640,7,7,1,0.8768147230148315
2641,4,4,1,0.7072610855102539
2642,7,2,0,0.573249101638794
2643,3,3,1,0.5764367580413818
2644,8,8,1,0.9421985745429993
2645,1,1,1,0.9678362607955933
2646,3,5,0,0.5542069673538208
2647,1,1,1,0.8794490098953247
2648,4,4,1,0.5899425745010376
2649,6,6,1,0.9225500822067261
2650,5,3,0,0.47754913568496704
2651,5,5,1,0.7353354096412659
2652,7,7,1,0.9617401957511902
2653,4,8,0,0.4548490345478058
2654,5,5,1,0.5978846549987793
2655,4,4,1,0.8843149542808533
2656,9,2,0,0.2985821068286896
2657,7,2,0,0.42154550552368164
2658,7,4,0,0.7417925596237183
2659,2,3,0,0.6674895286560059
2660,3,6,0,0.47677722573280334
2661,3,3,1,0.7954606413841248
2662,6,6,1,0.8441756963729858
2663,7,7,1,0.9216686487197876
2664,4,4,1,0.5028231739997864
2665,1,1,1,0.859106183052063
2666,6,6,1,0.6751358509063721
2667,1,1,1,0.6440234184265137
2668,0,2,0,0.6769719123840332
2669,6,4,0,0.7836177945137024
2670,9,9,1,0.8638080954551697
2671,6,6,1,0.5682519674301147
2672,0,8,0,0.4650394916534424
2673,2,4,0,0.5307027101516724
2674,0,0,1,0.7412495017051697
2675,2,3,0,0.7656350135803223
2676,4,4,1,0.5509329438209534
2677,7,7,1,0.6551756262779236
2678,0,0,1,0.4243515729904175
2679,0,0,1,0.6116513013839722
2680,0,0,1,0.42047351598739624
2681,0,2,0,0.6845742464065552
2682,7,7,1,0.9375866651535034
2683,5,5,1,0.8086356520652771
2684,3,0,0,0.7424778938293457
2685,2,2,1,0.46160221099853516
2686,7,7,1,0.8948613405227661
2687,8,8,1,0.9595573544502258
2688,5,5,1,0.8679743409156799
2689,5,3,0,0.723052978515625
2690,2,2,1,0.6944302320480347
2691,2,2,1,0.6554296016693115
2692,8,8,1,0.840286374092102
2693,9,9,1,0.9281253814697266
2694,1,1,1,0.9477537870407104
2695,2,4,0,0.5935673713684082
2696,2,2,1,0.47809460759162903
2697,0,0,1,0.6807060241699219
2698,3,3,1,0.8837000727653503
2699,4,4,1,0.4999670386314392
2700,9,9,1,0.6311108469963074
2701,1,8,0,0.6023108959197998
2702,6,6,1,0.96990966796875
2703,9,0,0,0.846805214881897
2704,0,8,0,0.4783698320388794
2705,8,0,0,0.7157577872276306
2706,3,3,1,0.7511925101280212
2707,6,6,1,0.9657084345817566
2708,4,3,0,0.5550202131271362
2709,6,0,0,0.3963777422904968
2710,7,7,1,0.7992278337478638
2711,5,5,1,0.9511857032775879
2712,1,1,1,0.8598418235778809
2713,8,8,1,0.9772729873657227
2714,9,9,1,0.7428357005119324
2715,0,0,1,0.9510015845298767
2716,5,6,0,0.5442449450492859
2717,0,6,0,0.5539279580116272
2718,5,5,1,0.8922142386436462
2719,4,3,0,0.7285552620887756
2720,3,3,1,0.8312578797340393
2721,8,8,1,0.8184998035430908
2722,5,5,1,0.6058368682861328
2723,2,2,1,0.944336473941803
2724,0,0,1,0.9352683424949646
2725,8,8,1,0.8047988414764404
2726,5,3,0,0.6045406460762024
2727,9,9,1,0.9074174165725708
2728,2,2,1,0.6285873055458069
2729,5,3,0,0.6052931547164917
2730,6,6,1,0.8537189364433289
2731,5,5,1,0.8525657653808594
2732,7,7,1,0.8490755558013916
2733,3,2,0,0.5696488618850708
2734,7,7,1,0.9052578210830688
2735,2,2,1,0.9472864270210266
2736,8,1,0,0.4004361629486084
2737,8,8,1,0.828419029712677
2738,4,4,1,0.7040237784385681
2739,2,2,1,0.9831238389015198
2740,1,1,1,0.9034792184829712
2741,6,6,1,0.8544228076934814
2742,2,5,0,0.40926769375801086
2743,9,7,0,0.44945579767227173
2744,9,9,1,0.5895838141441345
2745,8,8,1,0.583172082901001
2746,2,2,1,0.6060997247695923
2747,3,2,0,0.532833993434906
2748,1,1,1,0.65984708070755
2749,0,0,1,0.9584711790084839
2750,5,5,1,0.4200538694858551
2751,2,2,1,0.3562999963760376
2752,3,3,1,0.685800313949585
2753,7,7,1,0.5601279735565186
2754,9,0,0,0.45704177021980286
2755,5,3,0,0.5209406018257141
2756,9,4,0,0.5186988115310669
2757,1,1,1,0.898411750793457
2758,1,9,0,0.7550530433654785
2759,3,3,1,0.4717158377170563
2760,2,5,0,0.7250958681106567
2761,7,1,0,0.4847814440727234
2762,4,2,0,0.581506609916687
2763,4,6,0,0.5640134811401367
2764,1,1,1,0.9424648880958557
2765,9,9,1,0.8330960273742676
2766,4,4,1,0.9005067944526672
2767,5,4,0,0.5175741910934448
2768,5,2,0,0.6340833306312561
2769,2,2,1,0.9142923355102539
2770,7,2,0,0.597585916519165
2771,7,7,1,0.7923346161842346
2772,6,6,1,0.7588374614715576
2773,1,1,1,0.5454223155975342
2774,2,2,1,0.5979108810424805
2775,3,3,1,0.5673590302467346
2776,7,4,0,0.6312181353569031
2777,5,3,0,0.6320295929908752
2778,4,4,1,0.9378410577774048
2779,3,2,0,0.7639615535736084
2780,7,7,1,0.8423985242843628
2781,7,2,0,0.3591085970401764
2782,0,0,1,0.4819090962409973
2783,0,4,0,0.6022006273269653
2784,1,1,1,0.9687777757644653
2785,4,4,1,0.7232344746589661
2786,4,4,1,0.66389000415802
2787,3,3,1,0.8595370650291443
2788,7,7,1,0.5149497985839844
2789,9,9,1,0.8148245811462402
2790,8,8,1,0.5068103671073914
2791,7,7,1,0.9107981324195862
2792,0,0,1,0.9371069073677063
2793,9,9,1,0.6869990229606628
2794,0,0,1,0.4035808742046356
2795,3,3,1,0.8183945417404175
2796,7,7,1,0.9395890235900879
2797,6,6,1,0.7310536503791809
2798,3,5,0,0.5599462985992432
2799,8,8,1,0.8507630228996277
2800,4,4,1,0.950292706489563
2801,5,6,0,0.5807039141654968
2802,6,6,1,0.9918445348739624
2803,5,5,1,0.9843211770057678
2804,3,3,1,0.6765561699867249
2805,4,4,1,0.8809995055198669
2806,2,2,1,0.8412661552429199
2807,9,0,0,0.7498865723609924
2808,2,3,0,0.4238029420375824
2809,4,4,1,0.6518285870552063
2810,9,9,1,0.6819019913673401
2811,2,2,1,0.6548013687133789
2812,0,0,1,0.37088486552238464
2813,1,0,0,0.37322860956192017
2814,1,9,0,0.6736443638801575
2815,3,4,0,0.3963501751422882
2816,7,7,1,0.9168761968612671
2817,9,9,1,0.8657562732696533
2818,5,5,1,0.5667914152145386
2819,1,1,1,0.9692786931991577
2820,6,6,1,0.8337978720664978
2821,0,0,1,0.4439472556114197
2822,3,5,0,0.7851332426071167
2823,3,3,1,0.6062317490577698
2824,7,7,1,0.9358744621276855
2825,2,2,1,0.7105381488800049
2826,4,4,1,0.928510844707489
2827,5,5,1,0.9368836879730225
2828,2,2,1,0.8673973083496094
2829,3,2,0,0.3329770863056183
2830,6,6,1,0.9853516221046448
2831,3,1,0,0.6354964971542358
2832,3,3,1,0.6797454357147217
2833,0,0,1,0.9691868424415588
2834,4,3,0,0.5794792771339417
2835,4,8,0,0.5097400546073914
2836,3,8,0,0.556174099445343
2837,8,8,1,0.662953794002533
2838,1,1,1,0.9168610572814941
2839,2,2,1,0.7775568962097168
2840,3,3,1,0.5960680842399597
2841,2,2,1,0.842394232749939
2842,7,4,0,0.5088988542556763
2843,1,0,0,0.7012400031089783
2844,4,2,0,0.6148752570152283
2845,5,2,0,0.5628460049629211
2846,6,6,1,0.986663281917572
2847,8,8,1,0.5761638879776001
2848,6,6,1,0.8881567120552063
2849,6,3,0,0.6345015168190002
2850,5,5,1,0.8733718395233154
2851,4,4,1,0.7283968329429626
2852,2,2,1,0.64307701587677
2853,9,9,1,0.7562278509140015
2854,9,7,0,0.8459433317184448
2855,3,2,0,0.6426332592964172
2856,2,2,1,0.8555645942687988
2857,0,0,1,0.9440851211547852
2858,4,4,1,0.8045610189437866
2859,1,1,1,0.5948113203048706
2860,5,5,1,0.7718391418457031
2861,5,5,1,0.739935040473938
2862,6,6,1,0.8862054944038391
2863,6,6,1,0.6620538830757141
2864,5,5,1,0.8911348581314087
2865,6,6,1,0.8012056350708008
2866,9,9,1,0.8691204190254211
2867,7,7,1,0.7994149327278137
2868,9,4,0,0.5193583369255066
2869,4,4,1,0.7057458162307739
2870,8,8,1,0.9539838433265686
2871,3,6,0,0.4366814196109772
2872,1,1,1,0.7600644826889038
2873,9,1,0,0.6578577160835266
2874,8,8,1,0.5893767476081848
2875,1,1,1,0.7401756048202515
2876,9,0,0,0.4520564675331116
2877,0,0,1,0.9112421274185181
2878,3,3,1,0.7691575288772583
2879,0,9,0,0.4400765895843506
2880,4,4,1,0.9540184736251831
2881,7,2,0,0.40538373589515686
2882,7,7,1,0.9627993106842041
2883,2,2,1,0.9259498715400696
2884,6,6,1,0.9230489730834961
2885,5,5,1,0.9522067308425903
2886,6,6,1,0.8671171069145203
2887,9,1,0,0.6287187933921814
2888,7,7,1,0.5101838111877441
2889,7,3,0,0.7238919138908386
2890,5,7,0,0.5771632790565491
2891,7,7,1,0.3900352716445923
2892,0,0,1,0.8868988156318665
2893,8,8,1,0.7954772114753723
2894,6,6,1,0.8038855195045471
2895,7,5,0,0.573821485042572
2896,8,8,1,0.868284285068512
2897,3,3,1,0.7920643091201782
2898,8,8,1,0.4415721893310547
2899,9,9,1,0.780706524848938
2900,3,2,0,0.7865902185440063
2901,2,2,1,0.9750497937202454
2902,9,9,1,0.8139814734458923
2903,2,2,1,0.49478498101234436
2904,7,0,0,0.49754106998443604
2905,4,3,0,0.47915205359458923
2906,1,1,1,0.4513469338417053
2907,9,9,1,0.6684613227844238
2908,7,7,1,0.7429822683334351
2909,0,0,1,0.8311971426010132
2910,8,0,0,0.4775363504886627
2911,1,1,1,0.6928974390029907
2912,2,6,0,0.6075279712677002
2913,0,0,1,0.8840336203575134
2914,6,6,1,0.7352158427238464
2915,5,5,1,0.5046128630638123
2916,1,3,0,0.48111918568611145
2917,4,4,1,0.8817172646522522
2918,2,2,1,0.7911467552185059
2919,8,8,1,0.948538064956665
2920,2,4,0,0.4207591116428375
2921,8,8,1,0.9877898693084717
2922,3,3,1,0.7337079644203186
2923,3,3,1,0.5843022465705872
2924,1,1,1,0.9464282393455505
2925,4,3,0,0.5996923446655273
2926,9,9,1,0.9396263360977173
2927,8,0,0,0.42562657594680786
2928,1,1,1,0.7757706642150879
2929,1,1,1,0.9083539247512817
2930,7,2,0,0.3864624500274658
2931,9,9,1,0.9354539513587952
2932,9,9,1,0.9112386107444763
2933,4,4,1,0.9528323411941528
2934,6,6,1,0.9772331714630127
2935,8,8,1,0.9199773669242859
2936,5,4,0,0.45703232288360596
2937,3,3,1,0.8458173274993896
2938,2,0,0,0.2776557505130768
2939,2,2,1,0.9351364970207214
2940,3,1,0,0.43432626128196716
2941,8,8,1,0.6774134039878845
2942,5,5,1,0.6099351048469543
2943,1,1,1,0.5932337641716003
2944,9,9,1,0.7169030904769897
2945,7,7,1,0.535323977470398
2946,9,9,1,0.8462271094322205
2947,1,1,1,0.9579043388366699
2948,5,3,0,0.39254334568977356
2949,3,3,1,0.7244593501091003
2950,1,1,1,0.8585353493690491
2951,0,0,1,0.6958686709403992
2952,3,3,1,0.6616173982620239
2953,8,8,1,0.9079077243804932
2954,9,9,1,0.7529926896095276
2955,2,2,1,0.4745291769504547
2956,0,0,1,0.7078949213027954
2957,8,2,0,0.48634809255599976
2958,0,8,0,0.6601476073265076
2959,7,0,0,0.7713316679000854
2960,9,9,1,0.5633405447006226
2961,4,4,1,0.7365168333053589
2962,8,8,1,0.8966137170791626
2963,3,3,1,0.6758135557174683
2964,0,0,1,0.8979654312133789
2965,7,7,1,0.6566899418830872
2966,0,8,0,0.434624582529068
2967,7,7,1,0.7114461660385132
2968,0,0,1,0.5983037352561951
2969,5,5,1,0.654777467250824
2970,5,5,1,0.6824998259544373
2971,4,4,1,0.9557464718818665
2972,3,3,1,0.8563352227210999
2973,0,0,1,0.6085448861122131
2974,9,9,1,0.39350077509880066
2975,9,1,0,0.5165640711784363
2976,0,9,0,0.5778507590293884
2977,2,6,0,0.873660147190094
2978,2,2,1,0.42913562059402466
2979,0,0,1,0.8976106643676758
2980,8,8,1,0.9675933122634888
2981,4,2,0,0.3641010820865631
2982,4,4,1,0.8478733897209167
2983,5,5,1,0.8546118140220642
2984,2,2,1,0.9335073232650757
2985,2,9,0,0.4969669282436371
2986,1,8,0,0.89132159948349
2987,1,2,0,0.5937153697013855
2988,5,3,0,0.4945243000984192
2989,5,5,1,0.46509459614753723
2990,4,4,1,0.7483652234077454
2991,3,3,1,0.8259108066558838
2992,4,4,1,0.9075829982757568
2993,0,0,1,0.9660097360610962
2994,8,8,1,0.7474655508995056
2995,4,7,0,0.5543739795684814
2996,8,8,1,0.8701580762863159
2997,2,5,0,0.5559257864952087
2998,5,5,1,0.7077604532241821
2999,6,6,1,0.7089052796363831
3000,5,5,1,0.7835291028022766
3001,1,1,1,0.961892306804657
3002,7,7,1,0.7231920957565308
3003,2,2,1,0.9153701066970825
3004,4,3,0,0.5203342437744141
3005,0,0,1,0.8972927331924438
3006,5,5,1,0.7624810934066772
3007,6,6,1,0.8949875235557556
3008,8,9,0,0.6539176106452942
3009,7,2,0,0.5673962831497192
3010,6,6,1,0.8129146099090576
3011,3,3,1,0.6387410759925842
3012,1,1,1,0.8111196756362915
3013,3,5,0,0.5437184572219849
3014,6,3,0,0.6942015886306763
3015,6,6,1,0.8242080807685852
3016,4,4,1,0.35917067527770996
3017,5,9,0,0.41121771931648254
3018,5,3,0,0.5614087581634521
3019,5,3,0,0.6070724129676819
3020,1,1,1,0.6901333332061768
3021,8,8,1,0.8025752305984497
3022,7,7,1,0.857418954372406
3023,3,3,1,0.7483400702476501
3024,0,0,1,0.8654319643974304
3025,2,6,0,0.6621101498603821
3026,5,4,0,0.6235472559928894
3027,1,1,1,0.9703863859176636
3028,1,2,0,0.6770561337471008
3029,1,1,1,0.9404141306877136
3030,6,6,1,0.938660740852356
3031,7,8,0,0.4283675253391266
3032,2,6,0,0.5309649705886841
3033,1,3,0,0.4526739716529846
3034,2,2,1,0.9472001791000366
3035,3,3,1,0.6575563549995422
3036,9,8,0,0.6379793882369995
3037,8,8,1,0.895801305770874
3038,3,4,0,0.5088525414466858
3039,1,1,1,0.9614934921264648
3040,7,7,1,0.93463134765625
3041,4,4,1,0.5507113933563232
3042,8,3,0,0.5517565608024597
3043,4,4,1,0.6294814348220825
3044,7,7,1,0.662477970123291
3045,5,5,1,0.8237608671188354
3046,8,8,1,0.9665815830230713
3047,6,3,0,0.40020713210105896
3048,0,3,0,0.40457162261009216
3049,3,3,1,0.4618641436100006
3050,0,0,1,0.7191718220710754
3051,8,2,0,0.8327419757843018
3052,3,2,0,0.6309818625450134
3053,4,3,0,0.6409592628479004
3054,4,8,0,0.8499794602394104
3055,9,1,0,0.7652455568313599
3056,4,4,1,0.6195178031921387
3057,6,6,1,0.9739335775375366
3058,1,1,1,0.6720150709152222
3059,5,3,0,0.4274008572101593
3060,7,7,1,0.7751172780990601
3061,7,4,0,0.4441961348056793
3062,9,9,1,0.9117457270622253
3063,0,2,0,0.7951520085334778
3064,1,1,1,0.9241936206817627
3065,3,3,1,0.6950441002845764
3066,1,1,1,0.9650567770004272
3067,3,3,1,0.4495942294597626
3068,2,0,0,0.6796063780784607
3069,4,4,1,0.7316780090332031
3070,0,0,1,0.7204281091690063
3071,7,2,0,0.5777115225791931
3072,8,1,0,0.7251229882240295
3073,3,3,1,0.6672313213348389
3074,1,1,1,0.9581186175346375
3075,6,6,1,0.6083133220672607
3076,2,2,1,0.8492199182510376
3077,1,1,1,0.9456721544265747
3078,8,8,1,0.9591985940933228
3079,8,1,0,0.6470246315002441
3080,1,1,1,0.8998720049858093
3081,9,9,1,0.9499790072441101
3082,7,7,1,0.6215240955352783
3083,5,3,0,0.4552499055862427
3084,3,3,1,0.47897428274154663
3085,2,2,1,0.7397997379302979
3086,9,9,1,0.8839981555938721
3087,0,0,1,0.7451977133750916
3088,6,6,1,0.9618317484855652
3089,8,8,1,0.9689617156982422
3090,4,4,1,0.9537383913993835
3091,1,0,0,0.5945563316345215
3092,5,7,0,0.5249758362770081
3093,7,7,1,0.9668301939964294
3094,2,0,0,0.8746796250343323
3095,4,6,0,0.5074994564056396
3096,7,7,1,0.8321337103843689
3097,0,7,0,0.8598471283912659
3098,4,4,1,0.8258903622627258
3099,9,9,1,0.8475207686424255
3100,0,0,1,0.46735918521881104
3101,7,7,1,0.8608505129814148
3102,0,8,0,0.6947250366210938
3103,6,6,1,0.7005155086517334
3104,7,7,1,0.5011197328567505
3105,1,1,1,0.7828947901725769
3106,8,8,1,0.8152033686637878
3107,5,3,0,0.7738727331161499
3108,8,8,1,0.5455801486968994
3109,8,8,1,0.6472781300544739
3110,7,7,1,0.5605140924453735
3111,0,0,1,0.855964720249176
3112,0,9,0,0.5311340093612671
3113,3,3,1,0.469618022441864
3114,2,8,0,0.6173621416091919
3115,5,3,0,0.4584276080131531
3116,7,7,1,0.639077365398407
3117,0,0,1,0.5235919952392578
3118,6,6,1,0.8569932579994202
3119,4,6,0,0.8484659194946289
3120,4,3,0,0.5209583640098572
3121,9,9,1,0.9474369287490845
3122,1,1,1,0.8563520908355713
3123,8,8,1,0.9359363317489624
3124,6,2,0,0.5465961694717407
3125,3,6,0,0.5870177149772644
3126,9,9,1,0.8144493103027344
3127,4,6,0,0.8134658932685852
3128,9,9,1,0.6058738827705383
3129,3,3,1,0.7682648301124573
3130,3,3,1,0.6801636815071106
3131,7,7,1,0.6290670037269592
3132,5,5,1,0.873663067817688
3133,9,9,1,0.9026979804039001
3134,7,7,1,0.6949309706687927
3135,7,7,1,0.6515920162200928
3136,4,7,0,0.6570009589195251
3137,5,5,1,0.9149812459945679
3138,8,8,1,0.8117074966430664
3139,2,9,0,0.7404382228851318
3140,8,0,0,0.6619223952293396
3141,9,9,1,0.8005175590515137
3142,5,5,1,0.910374641418457
3143,3,3,1,0.8626805543899536
3144,1,1,1,0.9406710863113403
3145,9,9,1,0.4181387424468994
3146,2,2,1,0.6044913530349731
3147,2,2,1,0.58302241563797
3148,0,0,1,0.8957411646842957
3149,1,1,1,0.8074942827224731
3150,1,1,1,0.7922611236572266
3151,8,8,1,0.9298141002655029
3152,1,1,1,0.9378493428230286
3153,1,1,1,0.9036846160888672
3154,9,9,1,0.6627106666564941
3155,8,8,1,0.9191141128540039
3156,9,9,1,0.8904185891151428
3157,9,9,1,0.5881005525588989
3158,0,8,0,0.7842389941215515
3159,2,0,0,0.4312134385108948
3160,6,6,1,0.9349563717842102
3161,9,9,1,0.902108907699585
3162,1,1,1,0.9628329277038574
3163,9,5,0,0.8050090670585632
3164,0,2,0,0.5780619382858276
3165,1,1,1,0.9380071759223938
3166,9,9,1,0.6481301784515381
3167,2,3,0,0.692227303981781
3168,9,4,0,0.6635143756866455
3169,9,9,1,0.8468040227890015
3170,9,9,1,0.7294724583625793
3171,0,1,0,0.6547080874443054
3172,9,1,0,0.4790642559528351
3173,9,9,1,0.925838053226471
3174,2,3,0,0.4546366333961487
3175,1,1,1,0.7243032455444336
3176,7,7,1,0.8506200909614563
3177,0,0,1,0.9351786971092224
3178,5,7,0,0.6146024465560913
3179,6,6,1,0.6001128554344177
3180,3,6,0,0.40197721123695374
3181,9,9,1,0.7233608365058899
3182,8,8,1,0.8242719769477844
3183,3,5,0,0.6719279289245605
3184,0,3,0,0.5263806581497192
3185,2,2,1,0.4544632136821747
3186,7,2,0,0.38609325885772705
3187,7,7,1,0.8448106646537781
3188,4,3,0,0.4852750897407532
3189,8,1,0,0.5553776025772095
3190,3,3,1,0.6515759229660034
3191,0,4,0,0.4103742241859436
3192,5,4,0,0.6133109927177429
3193,2,4,0,0.6950411200523376
3194,3,3,1,0.8043942451477051
3195,5,3,0,0.516546905040741
3196,7,3,0,0.49666571617126465
3197,6,6,1,0.9102684855461121
3198,6,6,1,0.47232913970947266
3199,6,6,1,0.9428926706314087
3200,5,7,0,0.8621073365211487
3201,6,6,1,0.8149144649505615
3202,5,3,0,0.6779646277427673
3203,4,4,1,0.6803519129753113
3204,5,3,0,0.6490328907966614
3205,8,8,1,0.9270778298377991
3206,8,8,1,0.6933490037918091
3207,0,2,0,0.4151945114135742
3208,9,9,1,0.5948988199234009
3209,7,3,0,0.41295501589775085
3210,9,9,1,0.7098362445831299
3211,0,0,1,0.5803176760673523
3212,6,6,1,0.617824375629425
3213,9,9,1,0.8849179148674011
3214,6,2,0,0.6410775780677795
3215,1,1,1,0.9125905632972717
3216,4,3,0,0.4415392577648163
3217,7,7,1,0.9512814879417419
3218,9,7,0,0.4660783112049103
3219,0,0,1,0.629162073135376
3220,3,9,0,0.6617487072944641
3221,5,5,1,0.9372761845588684
3222,4,4,1,0.8691077828407288
3223,7,7,1,0.8681687116622925
3224,6,6,1,0.9379233717918396
3225,9,9,1,0.9083262085914612
3226,8,0,0,0.46043357253074646
3227,2,6,0,0.7184597849845886
3228,3,5,0,0.6342905759811401
3229,9,1,0,0.4531612694263458
3230,3,5,0,0.7314942479133606
3231,3,3,1,0.5947086215019226
3232,7,2,0,0.7032966017723083
3233,8,8,1,0.9780972003936768
3234,3,3,1,0.7569738030433655
3235,5,5,1,0.44311651587486267
3236,5,2,0,0.7184138894081116
3237,9,3,0,0.37122222781181335
3238,6,6,1,0.8282061815261841
3239,1,1,1,0.8846758604049683
3240,4,3,0,0.37610897421836853
3241,7,7,1,0.714895486831665
3242,4,4,1,0.7880258560180664
3243,8,8,1,0.981035590171814
3244,7,7,1,0.8985071182250977
3245,7,7,1,0.6551280617713928
3246,1,9,0,0.5201054215431213
3247,3,3,1,0.6851283311843872
3248,0,0,1,0.6018892526626587
3249,3,3,1,0.8134036064147949
3250,2,2,1,0.49932000041007996
3251,5,5,1,0.8376433849334717
3252,4,4,1,0.9606167674064636
3253,9,8,0,0.5465864539146423
3254,3,1,0,0.36235737800598145
3255,5,5,1,0.37841856479644775
3256,4,4,1,0.8943760991096497
3257,7,7,1,0.6881465911865234
3258,0,7,0,0.3239142596721649
3259,3,3,1,0.8101708292961121
3260,7,7,1,0.8331220746040344
3261,0,0,1,0.9167271256446838
3262,2,2,1,0.7268064618110657
3263,1,1,1,0.8626174926757812
3264,5,2,0,0.656556248664856
3265,8,8,1,0.9127582311630249
3266,7,7,1,0.9053689241409302
3267,3,3,1,0.629118025302887
3268,5,5,1,0.5979481339454651
3269,7,7,1,0.6779621243476868
3270,8,8,1,0.9805053472518921
3271,5,5,1,0.8839200139045715
3272,7,7,1,0.8603759407997131
3273,8,8,1,0.9608919620513916
3274,1,9,0,0.5178144574165344
3275,5,9,0,0.43230628967285156
3276,4,4,1,0.8972685933113098
3277,7,7,1,0.7727954983711243
3278,0,0,1,0.8402588367462158
3279,8,8,1,0.8435112833976746
3280,3,5,0,0.5608237981796265
3281,2,2,1,0.831688404083252
3282,9,9,1,0.8333055377006531
3283,7,3,0,0.46747469902038574
3284,4,4,1,0.6183785200119019
3285,1,1,1,0.7813943028450012
3286,6,6,1,0.9856501817703247
3287,5,2,0,0.5831170082092285
3288,9,8,0,0.8158546090126038
3289,8,8,1,0.963426411151886
3290,5,5,1,0.7988354563713074
3291,5,3,0,0.6384947299957275
3292,4,4,1,0.8388897776603699
3293,1,1,1,0.9438033699989319
3294,0,0,1,0.9788594245910645
3295,9,9,1,0.8468217253684998
3296,4,4,1,0.9265109300613403
3297,4,5,0,0.5603139400482178
3298,3,3,1,0.7791832089424133
3299,0,8,0,0.4166366457939148
3300,4,3,0,0.48511388897895813
3301,8,0,0,0.8595160841941833
3302,0,1,0,0.3188643753528595
3303,8,8,1,0.6884748339653015
3304,2,2,1,0.8953697085380554
3305,9,9,1,0.9351823925971985
3306,5,4,0,0.345584511756897
3307,9,9,1,0.8414829969406128
3308,7,7,1,0.5372334718704224
3309,4,4,1,0.6988147497177124
3310,6,6,1,0.7816087007522583
3311,7,7,1,0.4131262004375458
3312,9,5,0,0.4894578456878662
3313,2,2,1,0.9382156133651733
3314,9,9,1,0.8293461203575134
3315,3,3,1,0.7553985714912415
3316,7,0,0,0.45165887475013733
3317,7,7,1,0.7165290117263794
3318,8,8,1,0.7867160439491272
3319,2,2,1,0.6138973832130432
3320,2,6,0,0.49240168929100037
3321,0,8,0,0.33977368474006653
3322,2,2,1,0.6853665709495544
3323,5,5,1,0.5131067037582397
3324,3,3,1,0.6648247838020325
3325,6,3,0,0.500209629535675
3326,4,4,1,0.7844074368476868
3327,7,3,0,0.36621490120887756
3328,2,2,1,0.7656475305557251
3329,3,5,0,0.5860375165939331
3330,7,5,0,0.692685604095459
3331,8,8,1,0.873245120048523
3332,7,4,0,0.6799124479293823
3333,2,2,1,0.781272828578949
3334,5,5,1,0.7760610580444336
3335,0,0,1,0.3996674716472626
3336,0,9,0,0.7158201336860657
3337,7,0,0,0.5239552855491638
3338,0,2,0,0.45621389150619507
3339,9,9,1,0.6591975092887878
3340,6,6,1,0.8394747376441956
3341,1,1,1,0.5757638216018677
3342,0,6,0,0.42538419365882874
3343,3,0,0,0.46514472365379333
3344,9,9,1,0.7584465742111206
3345,7,7,1,0.9860638976097107
3346,4,2,0,0.709006667137146
3347,9,7,0,0.49069005250930786
3348,1,1,1,0.9752928614616394
3349,6,2,0,0.7517157793045044
3350,8,8,1,0.9699220657348633
3351,1,1,1,0.9490106105804443
3352,2,1,0,0.594577431678772
3353,3,3,1,0.8197647929191589
3354,3,8,0,0.5784029364585876
3355,5,9,0,0.5103277564048767
3356,4,4,1,0.8444420695304871
3357,8,6,0,0.39692816138267517
3358,9,9,1,0.8060711026191711
3359,7,6,0,0.484052449464798
3360,4,2,0,0.5378234386444092
3361,4,4,1,0.5822553038597107
3362,1,1,1,0.9357123970985413
3363,2,4,0,0.6007399559020996
3364,4,6,0,0.7046629190444946
3365,9,9,1,0.8821991086006165
3366,8,8,1,0.5567880272865295
3367,7,7,1,0.8651031851768494
3368,9,9,1,0.7746604681015015
3369,5,5,1,0.6483979821205139
3370,1,1,1,0.9674979448318481
3371,2,2,1,0.6662387251853943
3372,1,1,1,0.9853748679161072
3373,6,2,0,0.5926212668418884
3374,6,6,1,0.9707556366920471
3375,4,6,0,0.5820199847221375
3376,5,5,1,0.9243497848510742
3377,7,3,0,0.33181068301200867
3378,4,4,1,0.7832048535346985
3379,5,4,0,0.5513306856155396
3380,8,8,1,0.9698355197906494
3381,5,3,0,0.5425308346748352
3382,2,4,0,0.7195855379104614
3383,8,8,1,0.9810335040092468
3384,7,7,1,0.6286148428916931
3385,8,8,1,0.854906439781189
3386,2,2,1,0.7869901061058044
3387,3,3,1,0.5202867984771729
3388,6,6,1,0.5083456635475159
3389,1,1,1,0.9540302157402039
3390,3,3,1,0.6277635097503662
3391,3,7,0,0.45643213391304016
3392,1,0,0,0.6294566988945007
3393,5,5,1,0.570962131023407
3394,1,1,1,0.9722294807434082
3395,9,9,1,0.9510111808776855
3396,0,2,0,0.8701682686805725
3397,9,9,1,0.8622702956199646
3398,2,2,1,0.6636455059051514
3399,0,0,1,0.5649712085723877
3400,6,7,0,0.34244945645332336
3401,2,7,0,0.37136173248291016
3402,4,4,1,0.6885786056518555
3403,8,8,1,0.9026375412940979
3404,5,5,1,0.7273518443107605
3405,7,7,1,0.9051526784896851
3406,6,6,1,0.9704832434654236
3407,1,1,1,0.968024492263794
3408,2,2,1,0.8081759810447693
3409,9,9,1,0.883332371711731
3410,4,4,1,0.8435892462730408
3411,5,3,0,0.47182759642601013
3412,0,2,0,0.42614495754241943
3413,3,3,1,0.7271984219551086
3414,3,7,0,0.369778573513031
3415,7,3,0,0.47064408659935
3416,7,2,0,0.33033642172813416
3417,7,5,0,0.347087562084198
3418,1,1,1,0.9337194561958313
3419,4,4,1,0.5984788537025452
3420,5,3,0,0.7581706047058105
3421,0,4,0,0.47096139192581177
3422,2,2,1,0.46967166662216187
3423,8,8,1,0.9911328554153442
3424,5,5,1,0.7589603066444397
3425,0,0,1,0.8114997148513794
3426,0,2,0,0.7039221525192261
3427,6,6,1,0.7364579439163208
3428,2,2,1,0.7369561791419983
3429,0,0,1,0.4849212169647217
3430,8,1,0,0.5833829045295715
3431,4,4,1,0.9527652859687805
3432,5,3,0,0.36885491013526917
3433,4,3,0,0.5426796674728394
3434,5,5,1,0.6692929863929749
3435,6,6,1,0.9795486927032471
3436,4,4,1,0.6078875064849854
3437,7,7,1,0.8979411721229553
3438,9,9,1,0.7740400433540344
3439,4,7,0,0.4186965823173523
3440,2,2,1,0.6313936114311218
3441,0,8,0,0.6343687772750854
3442,6,6,1,0.47552284598350525
3443,4,2,0,0.7598726153373718
3444,0,0,1,0.6883244514465332
3445,0,0,1,0.6504842042922974
3446,6,3,0,0.6707333922386169
3447,4,3,0,0.3080494701862335
3448,6,6,1,0.5731516480445862
3449,1,1,1,0.95622718334198
3450,9,1,0,0.7674822807312012
3451,5,5,1,0.9272894859313965
3452,5,5,1,0.7322251796722412
3453,2,2,1,0.9675056338310242
3454,2,2,1,0.9754664301872253
3455,6,3,0,0.745112419128418
3456,3,3,1,0.6087693572044373
3457,4,8,0,0.5156624913215637
3458,5,5,1,0.8102803826332092
3459,9,2,0,0.5567113161087036
3460,1,1,1,0.9529764652252197
3461,7,5,0,0.4429980516433716
3462,2,2,1,0.8265420198440552
3463,3,3,1,0.49444150924682617
3464,9,9,1,0.7093182802200317
3465,6,6,1,0.7797086834907532
3466,5,3,0,0.45632606744766235
3467,0,0,1,0.5237932205200195
3468,2,2,1,0.8370344042778015
3469,9,9,1,0.8059916496276855
3470,7,7,1,0.4953553080558777
3471,1,1,1,0.7976430058479309
3472,7,7,1,0.4618057906627655
3473,2,2,1,0.8135920166969299
3474,2,2,1,0.5442854166030884
3475,0,0,1,0.7244836091995239
3476,8,6,0,0.6434320211410522
3477,6,6,1,0.5460167527198792
3478,4,4,1,0.8752816319465637
3479,3,3,1,0.6198797225952148
3480,2,2,1,0.9696811437606812
3481,7,7,1,0.9084399342536926
3482,7,4,0,0.4198843836784363
3483,0,0,1,0.9253389239311218
3484,4,4,1,0.9502778649330139
3485,1,0,0,0.7346237897872925
3486,6,6,1,0.9334768652915955
3487,5,5,1,0.6072254776954651
3488,1,1,1,0.9392111301422119
3489,3,9,0,0.3958028256893158
3490,0,0,1,0.5269296765327454
3491,3,5,0,0.7883417010307312
3492,9,9,1,0.9284833073616028
3493,0,0,1,0.6898193359375
3494,0,3,0,0.7360052466392517
3495,2,2,1,0.7773292660713196
3496,5,0,0,0.6234654784202576
3497,0,0,1,0.47666800022125244
3498,4,4,1,0.5500538349151611
3499,0,0,1,0.8807589411735535
3500,1,1,1,0.8450539708137512
3501,9,0,0,0.5316188931465149
3502,8,7,0,0.32950395345687866
3503,4,4,1,0.7398446202278137
3504,9,9,1,0.9299051761627197
3505,4,4,1,0.6023635268211365
3506,2,3,0,0.7200894951820374
3507,4,4,1,0.7673549652099609
3508,3,3,1,0.8728145956993103
3509,3,3,1,0.6300158500671387
3510,4,4,1,0.46910399198532104
3511,0,8,0,0.7581980228424072
3512,4,4,1,0.7266427874565125
3513,3,3,1,0.49556636810302734
3514,2,5,0,0.4152982831001282
3515,8,8,1,0.448628306388855
3516,9,9,1,0.8523005247116089
3517,1,8,0,0.5987665057182312
3518,5,5,1,0.7610025405883789
3519,8,8,1,0.9284160733222961
3520,1,1,1,0.9623432755470276
3521,8,8,1,0.9094386100769043
3522,2,2,1,0.9689268469810486
3523,4,4,1,0.55869460105896
3524,5,4,0,0.7512953877449036
3525,2,2,1,0.39867374300956726
3526,4,4,1,0.9352269768714905
3527,1,1,1,0.9178931713104248
3528,1,1,1,0.9195252060890198
3529,6,6,1,0.9246740341186523
3530,6,6,1,0.8772038817405701
3531,8,9,0,0.6263951063156128
3532,5,5,1,0.6653522253036499
3533,2,2,1,0.9722773432731628
3534,2,5,0,0.2929244041442871
3535,5,5,1,0.9261795878410339
3536,0,0,1,0.7194936275482178
3537,8,8,1,0.9324858784675598
3538,2,4,0,0.7734009623527527
3539,3,6,0,0.6777867674827576
3540,6,6,1,0.8213833570480347
3541,2,2,1,0.7091897130012512
3542,9,9,1,0.8482357859611511
3543,6,4,0,0.42247459292411804
3544,1,1,1,0.5813342928886414
3545,4,4,1,0.9540968537330627
3546,5,5,1,0.6352387070655823
3547,9,9,1,0.8804025053977966
3548,0,0,1,0.7717254757881165
3549,1,1,1,0.9256138205528259
3550,0,4,0,0.8616305589675903
3551,0,0,1,0.7651903033256531
3552,8,3,0,0.3911433219909668
3553,1,1,1,0.7625738978385925
3554,1,1,1,0.9361160397529602
3555,6,0,0,0.4044259190559387
3556,6,6,1,0.8814477920532227
3557,9,6,0,0.604503870010376
3558,5,5,1,0.9738588929176331
3559,4,4,1,0.8519589304924011
3560,1,1,1,0.5962778329849243
3561,7,2,0,0.6568017601966858
3562,8,8,1,0.5849425196647644
3563,6,6,1,0.987154483795166
3564,9,9,1,0.7573519349098206
3565,1,1,1,0.6973944902420044
3566,7,7,1,0.8278087377548218
3567,6,6,1,0.9835615158081055
3568,0,0,1,0.5288551449775696
3569,9,6,0,0.6936178207397461
3570,3,3,1,0.5857006311416626
3571,5,6,0,0.6767817735671997
3572,3,3,1,0.35487279295921326
3573,2,1,0,0.44185176491737366
3574,5,4,0,0.647549569606781
3575,3,3,1,0.6384704113006592
3576,4,4,1,0.9392284154891968
3577,9,8,0,0.8151944875717163
3578,7,7,1,0.8986877202987671
3579,1,1,1,0.9516392350196838
3580,4,4,1,0.4833691716194153
3581,4,4,1,0.736890435218811
3582,6,6,1,0.7805300354957581
3583,1,8,0,0.7762771844863892
3584,3,3,1,0.8780924677848816
3585,8,8,1,0.9551473259925842
3586,8,8,1,0.9895104765892029
3587,0,3,0,0.5467805862426758
3588,6,6,1,0.4706588685512543
3589,7,7,1,0.7632239460945129
3590,7,7,1,0.7875058054924011
3591,6,6,1,0.9397367835044861
3592,7,7,1,0.7840901613235474
3593,2,3,0,0.5120909214019775
3594,3,3,1,0.4947001039981842
3595,2,2,1,0.7812083959579468
3596,2,4,0,0.7832518219947815
3597,6,6,1,0.9917441010475159
3598,2,2,1,0.8715128302574158
3599,7,7,1,0.96608966588974
3600,4,2,0,0.5627247095108032
3601,0,3,0,0.5728414058685303
3602,3,3,1,0.6767473816871643
3603,6,6,1,0.8558480739593506
3604,2,2,1,0.7970641255378723
3605,6,4,0,0.8757542371749878
3606,3,3,1,0.8858363628387451
3607,3,2,0,0.8785360455513
3608,0,0,1,0.848506510257721
3609,9,9,1,0.835258424282074
3610,5,5,1,0.6679010391235352
3611,1,1,1,0.8475655913352966
3612,1,1,1,0.6550213098526001
3613,5,5,1,0.7478369474411011
3614,3,7,0,0.5665959119796753
3615,6,2,0,0.7939057350158691
3616,4,4,1,0.7724345326423645
3617,3,2,0,0.39683425426483154
3618,4,2,0,0.8026788234710693
3619,1,1,1,0.8411699533462524
3620,0,0,1,0.6640027165412903
3621,4,3,0,0.37831246852874756
3622,5,3,0,0.5957056283950806
3623,5,5,1,0.6769442558288574
3624,2,4,0,0.8345291018486023
3625,8,0,0,0.7531778216362
3626,9,9,1,0.8676301836967468
3627,4,0,0,0.5369457006454468
3628,3,3,1,0.7315093874931335
3629,1,1,1,0.9430480003356934
3630,8,8,1,0.9847657084465027
3631,0,9,0,0.45130637288093567
3632,1,1,1,0.8975384831428528
3633,3,3,1,0.5739181041717529
3634,3,2,0,0.6135676503181458
3635,4,4,1,0.750309944152832
3636,4,3,0,0.29202961921691895
3637,2,2,1,0.6411907076835632
3638,9,9,1,0.8086536526679993
3639,7,7,1,0.7395683526992798
3640,6,2,0,0.7276401519775391
3641,8,0,0,0.5457056164741516
3642,1,1,1,0.9611560106277466
3643,8,8,1,0.8656098246574402
3644,9,9,1,0.7735030651092529
3645,1,9,0,0.6983604431152344
3646,3,3,1,0.7111455798149109
3647,1,1,1,0.8336437940597534
3648,7,7,1,0.9663113951683044
3649,3,3,1,0.6242745518684387
3650,0,0,1,0.7706243991851807
3651,0,0,1,0.785158097743988
3652,2,2,1,0.8467255234718323
3653,8,8,1,0.776052713394165
3654,3,5,0,0.9343001842498779
3655,9,9,1,0.7357916831970215
3656,2,3,0,0.4968380331993103
3657,7,7,1,0.7478447556495667
3658,2,8,0,0.5690783858299255
3659,6,6,1,0.8426432013511658
3660,0,0,1,0.9312072396278381
3661,1,1,1,0.9574434161186218
3662,6,2,0,0.7994884252548218
3663,1,1,1,0.9448106288909912
3664,6,6,1,0.9577673077583313
3665,7,5,0,0.39817672967910767
3666,5,2,0,0.5851645469665527
3667,5,2,0,0.630567729473114
3668,2,2,1,0.582370936870575
3669,5,3,0,0.6868234276771545
3670,9,1,0,0.8283758759498596
3671,4,4,1,0.8316695094108582
3672,0,0,1,0.7618235349655151
3673,2,6,0,0.397261381149292
3674,3,3,1,0.7159828543663025
3675,4,1,0,0.5966174006462097
3676,9,0,0,0.4600037932395935
3677,4,9,0,0.44953975081443787
3678,1,1,1,0.634393572807312
3679,0,0,1,0.8387097120285034
3680,0,8,0,0.6410494446754456
3681,2,4,0,0.8195565342903137
3682,3,2,0,0.5776507258415222
3683,8,8,1,0.8043141961097717
3684,9,9,1,0.9410996437072754
3685,2,2,1,0.9421452283859253
3686,8,8,1,0.8694334626197815
3687,9,2,0,0.4060661792755127
3688,5,5,1,0.6306799650192261
3689,7,7,1,0.7908096313476562
3690,9,8,0,0.6949556469917297
3691,1,1,1,0.9813999533653259
3692,4,6,0,0.4616273045539856
3693,6,6,1,0.7137572765350342
3694,2,5,0,0.654898464679718
3695,8,8,1,0.4815109968185425
3696,4,2,0,0.5527392029762268
3697,4,2,0,0.5130766034126282
3698,8,8,1,0.9598484039306641
3699,9,9,1,0.9270716309547424
3700,3,3,1,0.7713992595672607
3701,1,1,1,0.9381164908409119
3702,1,8,0,0.6621738076210022
3703,6,3,0,0.48459121584892273
3704,5,7,0,0.46135592460632324
3705,8,8,1,0.8496857285499573
3706,4,4,1,0.7653940320014954
3707,6,6,1,0.8395158648490906
3708,4,2,0,0.4111955761909485
3709,5,5,1,0.897000253200531
3710,2,4,0,0.5432736277580261
3711,6,2,0,0.41972121596336365
3712,4,4,1,0.7894653081893921
3713,2,2,1,0.6948726177215576
3714,3,5,0,0.7461023926734924
3715,1,1,1,0.8115869760513306
3716,3,6,0,0.5668247938156128
3717,6,6,1,0.8800783157348633
3718,8,8,1,0.9767159819602966
3719,5,5,1,0.8410943746566772
3720,2,3,0,0.6237092018127441
3721,2,2,1,0.45440593361854553
3722,7,7,1,0.8938745260238647
3723,1,1,1,0.8562564253807068
3724,6,6,1,0.7025073766708374
3725,2,2,1,0.5625120401382446
3726,5,3,0,0.5319951772689819
3727,9,9,1,0.9419540166854858
3728,2,2,1,0.6665627956390381
3729,8,8,1,0.9306425452232361
3730,1,1,1,0.9397438764572144
3731,6,9,0,0.7991199493408203
3732,9,9,1,0.7464208006858826
3733,2,2,1,0.723185122013092
3734,7,5,0,0.5507031679153442
3735,5,2,0,0.5464857816696167
3736,3,3,1,0.7010373473167419
3737,2,2,1,0.7053507566452026
3738,9,9,1,0.5202056765556335
3739,7,7,1,0.9648387432098389
3740,0,0,1,0.5659945607185364
3741,2,2,1,0.6633513569831848
3742,9,9,1,0.8176359534263611
3743,3,3,1,0.46301597356796265
3744,4,4,1,0.8922474980354309
3745,1,1,1,0.6091908812522888
3746,7,5,0,0.4586142599582672
3747,9,9,1,0.9247298240661621
3748,5,5,1,0.9114657044410706
3749,8,8,1,0.6519747376441956
3750,9,9,1,0.8547719120979309
3751,7,7,1,0.9656574726104736
3752,3,6,0,0.42456015944480896
3753,4,3,0,0.5378584265708923
3754,0,0,1,0.3739442527294159
3755,9,0,0,0.8003266453742981
3756,7,9,0,0.8534748554229736
3757,4,8,0,0.3054581582546234
3758,2,0,0,0.34813109040260315
3759,4,4,1,0.7451066374778748
3760,7,7,1,0.5996617674827576
3761,0,0,1,0.7340804934501648
3762,1,1,1,0.7167631983757019
3763,8,8,1,0.8515229821205139
3764,1,1,1,0.95613032579422
3765,0,0,1,0.8781965374946594
3766,4,4,1,0.8458804488182068
3767,6,6,1,0.6720749139785767
3768,1,1,1,0.7618764042854309
3769,9,9,1,0.6006665825843811
3770,9,1,0,0.5430910587310791
3771,2,0,0,0.762084424495697
3772,1,1,1,0.8219849467277527
3773,2,3,0,0.6668254733085632
3774,5,2,0,0.6242159008979797
3775,6,6,1,0.634085476398468
3776,9,9,1,0.7873789668083191
3777,7,7,1,0.9089181423187256
3778,7,4,0,0.8956546187400818
3779,3,3,1,0.6068212389945984
3780,4,4,1,0.862865149974823
3781,2,5,0,0.7742778062820435
3782,0,0,1,0.9432149529457092
3783,2,2,1,0.8273234963417053
3784,5,5,1,0.9489431381225586
3785,6,4,0,0.7013882398605347
3786,7,2,0,0.33645620942115784
3787,3,4,0,0.6803551316261292
3788,7,7,1,0.6817766427993774
3789,9,5,0,0.5523414015769958
3790,4,4,1,0.8248878717422485
3791,2,6,0,0.6559732556343079
3792,0,9,0,0.8226678371429443
3793,6,3,0,0.5098556280136108
3794,1,1,1,0.8827877044677734
3795,7,7,1,0.7558082938194275
3796,5,3,0,0.677046537399292
3797,6,0,0,0.5488095283508301
3798,5,5,1,0.929185152053833
3799,3,7,0,0.5673889517784119
3800,9,2,0,0.4217473566532135
3801,2,2,1,0.6773468852043152
3802,7,9,0,0.5480347275733948
3803,8,8,1,0.9760499596595764
3804,5,2,0,0.5813080668449402
3805,9,9,1,0.9183617830276489
3806,5,0,0,0.3504442870616913
3807,8,8,1,0.7124039530754089
3808,5,2,0,0.38931336998939514
3809,4,4,1,0.817558228969574
3810,3,3,1,0.6362818479537964
3811,7,7,1,0.7955652475357056
3812,9,9,1,0.9071202874183655
3813,8,8,1,0.9071828126907349
3814,1,1,1,0.9561899900436401
3815,2,8,0,0.42395955324172974
3816,2,2,1,0.4660901725292206
3817,8,8,1,0.8246424198150635
3818,9,9,1,0.811730146408081
3819,3,3,1,0.6144258975982666
3820,0,0,1,0.6170682907104492
3821,8,6,0,0.5972556471824646
3822,4,4,1,0.4548112750053406
3823,0,0,1,0.8648072481155396
3824,2,2,1,0.846619188785553
3825,0,4,0,0.4273780584335327
3826,1,1,1,0.6108830571174622
3827,4,4,1,0.6799534559249878
3828,1,2,0,0.4643455445766449
3829,8,0,0,0.7142632007598877
3830,5,5,1,0.9239208102226257
3831,5,3,0,0.4623907506465912
3832,7,7,1,0.8187108635902405
3833,9,9,1,0.7736860513687134
3834,8,8,1,0.7735063433647156
3835,3,5,0,0.7636560797691345
3836,7,0,0,0.42043405771255493
3837,9,9,1,0.9135550260543823
3838,1,1,1,0.9804459810256958
3839,5,5,1,0.7625588774681091
3840,6,3,0,0.5856251120567322
3841,9,1,0,0.31630778312683105
3842,8,8,1,0.8306606411933899
3843,7,3,0,0.5469762086868286
3844,2,3,0,0.5238364338874817
3845,0,0,1,0.7701247930526733
3846,9,1,0,0.7917561531066895
3847,0,0,1,0.8230904936790466
3848,8,8,1,0.8327081799507141
3849,5,6,0,0.7621476054191589
3850,9,9,1,0.7582283020019531
3851,4,2,0,0.6202942132949829
3852,2,2,1,0.9515077471733093
3853,9,1,0,0.7081335186958313
3854,8,6,0,0.5697777271270752
3855,1,1,1,0.9594516754150391
3856,9,9,1,0.7860537767410278
3857,1,1,1,0.9059963822364807
3858,8,8,1,0.6975483298301697
3859,3,3,1,0.7313553690910339
3860,7,7,1,0.9416139125823975
3861,6,6,1,0.8354103565216064
3862,4,4,1,0.9389964938163757
3863,2,2,1,0.8708609342575073
3864,3,3,1,0.772398054599762
3865,7,7,1,0.6925996541976929
3866,0,6,0,0.3511565625667572
3867,3,3,1,0.6016091704368591
3868,5,3,0,0.45246997475624084
3869,8,8,1,0.9387317895889282
3870,8,8,1,0.8197441697120667
3871,8,0,0,0.5641261339187622
3872,7,5,0,0.6748737096786499
3873,9,9,1,0.7889509797096252
3874,6,6,1,0.5330726504325867
3875,2,0,0,0.3794621527194977
3876,7,7,1,0.9358919858932495
3877,4,7,0,0.6834402680397034
3878,5,5,1,0.7756767868995667
3879,7,0,0,0.5666679739952087
3880,6,6,1,0.9396653175354004
3881,7,7,1,0.8091436624526978
3882,1,1,1,0.7883228063583374
3883,7,7,1,0.6015951633453369
3884,3,3,1,0.7172465324401855
3885,6,6,1,0.8209553956985474
3886,8,8,1,0.6816209554672241
3887,2,2,1,0.6990240216255188
3888,6,6,1,0.9621778130531311
3889,6,6,1,0.9756712913513184
3890,7,5,0,0.3991265892982483
3891,1,1,1,0.722169041633606
3892,5,6,0,0.7365713119506836
3893,9,9,1,0.6014624238014221
3894,7,2,0,0.4662751257419586
3895,1,8,0,0.6983435750007629
3896,7,7,1,0.6510366201400757
3897,0,0,1,0.4756230413913727
3898,1,1,1,0.8415319919586182
3899,6,2,0,0.5681394338607788
3900,3,3,1,0.6354212760925293
3901,3,8,0,0.5633153319358826
3902,9,4,0,0.391561895608902
3903,0,8,0,0.8549511432647705
3904,1,1,1,0.9462860226631165
3905,2,2,1,0.4560771584510803
3906,3,3,1,0.5310553908348083
3907,2,2,1,0.5576230883598328
3908,2,2,1,0.916287362575531
3909,5,5,1,0.7055251598358154
3910,4,2,0,0.5955199003219604
3911,9,9,1,0.9255445003509521
3912,8,8,1,0.7262869477272034
3913,7,7,1,0.666242241859436
3914,4,4,1,0.6468290090560913
3915,4,2,0,0.4658190608024597
3916,9,9,1,0.8896213173866272
3917,7,2,0,0.692011833190918
3918,6,6,1,0.8567575812339783
3919,7,3,0,0.5081992745399475
3920,7,5,0,0.6122249364852905
3921,1,8,0,0.6449431777000427
3922,2,2,1,0.4118936061859131
3923,3,5,0,0.5368137955665588
3924,5,5,1,0.6186544895172119
3925,1,1,1,0.8357400298118591
3926,9,9,1,0.949413001537323
3927,0,2,0,0.5722044706344604
3928,3,2,0,0.6258834600448608
3929,3,3,1,0.7776781916618347
3930,1,1,1,0.947912335395813
3931,5,5,1,0.8955467939376831
3932,6,6,1,0.7858866453170776
3933,6,6,1,0.6751828789710999
3934,2,2,1,0.49342477321624756
3935,4,4,1,0.7636840343475342
3936,6,3,0,0.3983834683895111
3937,8,8,1,0.9281970858573914
3938,8,8,1,0.9481045007705688
3939,9,0,0,0.5267715454101562
3940,6,6,1,0.723453938961029
3941,6,6,1,0.8516440987586975
3942,1,1,1,0.8695001602172852
3943,0,4,0,0.7312266230583191
3944,7,7,1,0.6481917500495911
3945,5,5,1,0.8330891728401184
3946,8,8,1,0.9692597985267639
3947,2,2,1,0.6494401097297668
3948,1,8,0,0.681326687335968
3949,5,3,0,0.5038293600082397
3950,8,8,1,0.4348927140235901
3951,1,1,1,0.8680356740951538
3952,4,4,1,0.9411972165107727
3953,7,3,0,0.4747436046600342
3954,5,5,1,0.8991402387619019
3955,0,0,1,0.8877617120742798
3956,3,3,1,0.6433292627334595
3957,9,0,0,0.9095373153686523
3958,9,0,0,0.6515801548957825
3959,5,5,1,0.7247117161750793
3960,2,2,1,0.820932924747467
3961,8,8,1,0.9015400409698486
3962,4,7,0,0.6682586073875427
3963,1,1,1,0.41222885251045227
3964,9,1,0,0.7586584091186523
3965,0,8,0,0.7944362759590149
3966,4,4,1,0.6216087937355042
3967,4,6,0,0.5766741037368774
3968,8,8,1,0.824969470500946
3969,2,2,1,0.8692775964736938
3970,9,3,0,0.35489383339881897
3971,0,8,0,0.4311988055706024
3972,7,7,1,0.9118133187294006
3973,9,9,1,0.8806644678115845
3974,8,8,1,0.9759154319763184
3975,7,4,0,0.685940682888031
3976,1,0,0,0.9489482641220093
3977,3,6,0,0.6232998371124268
3978,2,2,1,0.7478073239326477
3979,9,9,1,0.8999335169792175
3980,9,0,0,0.7422549724578857
3981,5,3,0,0.48556825518608093
3982,9,9,1,0.9509096145629883
3983,7,0,0,0.7736378312110901
3984,6,6,1,0.9664183259010315
3985,7,7,1,0.9778672456741333
3986,7,7,1,0.8364394903182983
3987,1,1,1,0.8925632834434509
3988,1,1,1,0.8738979697227478
3989,2,2,1,0.958810567855835
3990,4,4,1,0.8175336122512817
3991,2,2,1,0.9270619750022888
3992,0,0,1,0.7603714466094971
3993,6,3,0,0.5557847023010254
3994,8,8,1,0.9763970375061035
3995,7,3,0,0.43883123993873596
3996,6,6,1,0.64911949634552
3997,2,2,1,0.7430599331855774
3998,2,2,1,0.468405157327652
3999,9,9,1,0.8391717672348022
4000,8,0,0,0.6039133071899414
4001,2,2,1,0.657688558101654
4002,4,4,1,0.7307757139205933
4003,2,0,0,0.7358548045158386
4004,0,3,0,0.35331159830093384
4005,5,3,0,0.43418893218040466
4006,8,8,1,0.9015976786613464
4007,6,6,1,0.974719762802124
4008,8,8,1,0.9453497529029846
4009,2,2,1,0.6960504055023193
4010,7,7,1,0.6569652557373047
4011,7,7,1,0.7156277894973755
4012,3,5,0,0.46509289741516113
4013,1,3,0,0.5868050456047058
4014,8,8,1,0.9821232557296753
4015,1,1,1,0.9473758339881897
4016,6,6,1,0.5004379153251648
4017,5,5,1,0.6295279264450073
4018,9,1,0,0.7085274457931519
4019,7,7,1,0.6781488060951233
4020,8,8,1,0.9229114651679993
4021,9,9,1,0.8796893954277039
4022,6,2,0,0.5822611451148987
4023,4,3,0,0.36139774322509766
4024,8,8,1,0.9435083866119385
4025,1,5,0,0.4157288670539856
4026,9,9,1,0.765178918838501
4027,4,2,0,0.5206524729728699
4028,0,2,0,0.6410563588142395
4029,4,2,0,0.505706787109375
4030,1,1,1,0.8933326601982117
4031,4,4,1,0.745046854019165
4032,3,5,0,0.5447309613227844
4033,6,6,1,0.7546756267547607
4034,2,2,1,0.7212719917297363
4035,2,2,1,0.9109547138214111
4036,7,8,0,0.3833879828453064
4037,0,0,1,0.8363460302352905
4038,0,1,0,0.7405521869659424
4039,7,7,1,0.7566128969192505
4040,0,0,1,0.8761830925941467
4041,7,4,0,0.462287038564682
4042,4,4,1,0.6495679616928101
4043,3,3,1,0.7070003151893616
4044,6,4,0,0.704330563545227
4045,7,7,1,0.7394301891326904
4046,7,7,1,0.5900182127952576
4047,4,4,1,0.4724600613117218
4048,5,5,1,0.5995532274246216
4049,4,8,0,0.7423496246337891
4050,3,2,0,0.5641759634017944
4051,5,0,0,0.4570915102958679
4052,5,4,0,0.7337510585784912
4053,4,4,1,0.7446473240852356
4054,7,9,0,0.5712841749191284
4055,1,0,0,0.7470486760139465
4056,0,0,1,0.8595166802406311
4057,7,7,1,0.879266083240509
4058,7,1,0,0.4195006787776947
4059,1,0,0,0.7899280190467834
4060,6,6,1,0.6862231492996216
4061,5,5,1,0.9110051989555359
4062,0,8,0,0.9114826321601868
4063,7,3,0,0.36673036217689514
4064,7,7,1,0.9758163094520569
4065,4,4,1,0.7673138380050659
4066,6,6,1,0.7074645161628723
4067,1,1,1,0.855890154838562
4068,8,8,1,0.8995619416236877
4069,5,5,1,0.8490448594093323
4070,9,9,1,0.8619502186775208
4071,3,3,1,0.5664153695106506
4072,5,5,1,0.8935787081718445
4073,6,6,1,0.8127588629722595
4074,2,2,1,0.6330162882804871
4075,2,2,1,0.8290342688560486
4076,7,2,0,0.43347540497779846
4077,3,3,1,0.5961374640464783
4078,5,5,1,0.8800560235977173
4079,8,8,1,0.9826359152793884
4080,1,1,1,0.7453241348266602
4081,0,0,1,0.7343357801437378
4082,6,6,1,0.8873211741447449
4083,8,8,1,0.5451346635818481
4084,7,7,1,0.9377790093421936
4085,8,9,0,0.48991477489471436
4086,8,8,1,0.9543501734733582
4087,5,3,0,0.5434048771858215
4088,7,3,0,0.48277318477630615
4089,5,5,1,0.4592285454273224
4090,4,2,0,0.4921344816684723
4091,9,9,1,0.8817117810249329
4092,7,7,1,0.942243218421936
4093,3,3,1,0.5578338503837585
4094,3,5,0,0.5990063548088074
4095,8,8,1,0.8980640172958374
4096,8,8,1,0.8295689225196838
4097,3,4,0,0.5526785850524902
4098,9,8,0,0.6331323385238647
4099,4,4,1,0.8526591658592224
4100,7,7,1,0.47360509634017944
4101,2,1,0,0.4707382321357727
4102,0,2,0,0.4145723581314087
4103,8,8,1,0.5417510271072388
4104,0,0,1,0.666857898235321
4105,7,7,1,0.7618502974510193
4106,3,8,0,0.9015188217163086
4107,3,2,0,0.6158735752105713
4108,2,2,1,0.6534161567687988
4109,5,3,0,0.39298173785209656
4110,2,2,1,0.6641489267349243
4111,4,0,0,0.45976996421813965
4112,4,6,0,0.658906877040863
4113,0,0,1,0.811417281627655
4114,4,3,0,0.4931751787662506
4115,8,0,0,0.3931068778038025
4116,2,2,1,0.8269860744476318
4117,4,4,1,0.8385261297225952
4118,0,2,0,0.5358008742332458
4119,6,6,1,0.8929539322853088
4120,4,4,1,0.8553897142410278
4121,5,5,1,0.5579079985618591
4122,6,6,1,0.9221004247665405
4123,0,0,1,0.6653950810432434
4124,8,1,0,0.6539316773414612
4125,8,8,1,0.7101109623908997
4126,0,0,1,0.9222812652587891
4127,6,6,1,0.845522940158844
4128,1,1,1,0.9132922887802124
4129,1,9,0,0.7908101081848145
4130,6,6,1,0.5682481527328491
4131,1,1,1,0.9605956077575684
4132,4,4,1,0.7209627628326416
4133,2,1,0,0.48796942830085754
4134,1,1,1,0.6435897946357727
4135,1,1,1,0.5402012467384338
4136,2,3,0,0.40131181478500366
4137,4,3,0,0.7213163375854492
4138,4,4,1,0.75892174243927
4139,5,0,0,0.5705207586288452
4140,5,5,1,0.5445746779441833
4141,8,8,1,0.9833875298500061
4142,8,8,1,0.914517879486084
4143,5,5,1,0.9175639748573303
4144,1,1,1,0.951232373714447
4145,8,8,1,0.9483637809753418
4146,2,2,1,0.7895453572273254
4147,3,2,0,0.5735102295875549
4148,3,8,0,0.4585237503051758
4149,9,9,1,0.5822018384933472
4150,6,3,0,0.5442330241203308
4151,6,4,0,0.515781044960022
4152,5,9,0,0.4498390257358551
4153,0,0,1,0.8116682171821594
4154,7,7,1,0.8771634697914124
4155,3,6,0,0.5552654266357422
4156,3,3,1,0.5772778987884521
4157,2,2,1,0.43999171257019043
4158,7,4,0,0.4749470353126526
4159,4,4,1,0.9829440116882324
4160,5,5,1,0.7783588171005249
4161,6,2,0,0.5815299153327942
4162,0,0,1,0.7955844402313232
4163,2,2,1,0.6836011409759521
4164,1,1,1,0.6839967370033264
4165,8,8,1,0.6837359666824341
4166,1,0,0,0.38535210490226746
4167,0,0,1,0.8014765977859497
4168,9,9,1,0.5566123127937317
4169,3,3,1,0.5166991353034973
4170,1,9,0,0.5977502465248108
4171,0,8,0,0.6667539477348328
4172,5,3,0,0.7464693784713745
4173,4,3,0,0.6375412940979004
4174,2,2,1,0.5229723453521729
4175,3,8,0,0.41132038831710815
4176,3,3,1,0.6538743376731873
4177,6,6,1,0.9332661628723145
4178,7,7,1,0.9400473833084106
4179,6,6,1,0.7823253870010376
4180,0,4,0,0.7141636610031128
4181,0,0,1,0.7984008193016052
4182,5,5,1,0.8035961389541626
4183,7,7,1,0.9577584862709045
4184,4,4,1,0.9381826519966125
4185,7,7,1,0.9601795077323914
4186,7,7,1,0.8761751651763916
4187,0,0,1,0.7877694964408875
4188,6,6,1,0.9045231342315674
4189,1,1,1,0.9510127305984497
4190,3,7,0,0.792935311794281
4191,9,9,1,0.7711949944496155
4192,0,0,1,0.5843552947044373
4193,9,9,1,0.718356728553772
4194,0,0,1,0.7738187909126282
4195,3,3,1,0.7040970325469971
4196,8,8,1,0.9557431936264038
4197,4,4,1,0.7578578591346741
4198,8,2,0,0.5527380704879761
4199,8,8,1,0.9713724851608276
4200,4,2,0,0.6322334408760071
4201,1,1,1,0.9205625653266907
4202,0,0,1,0.5199475884437561
4203,2,6,0,0.5894143581390381
4204,2,2,1,0.7078066468238831
4205,4,4,1,0.9779600501060486
4206,1,9,0,0.5953578948974609
4207,1,1,1,0.903558611869812
4208,2,7,0,0.36452171206474304
4209,4,4,1,0.5752517580986023
4210,3,9,0,0.5405963063240051
4211,4,4,1,0.8541843295097351
4212,1,1,1,0.8997198939323425
4213,4,4,1,0.9873509407043457
4214,7,7,1,0.7419175505638123
4215,1,1,1,0.9097205996513367
4216,0,0,1,0.8782744407653809
4217,0,8,0,0.48490452766418457
4218,9,9,1,0.880192756652832
4219,0,0,1,0.4418838620185852
4220,4,0,0,0.488757848739624
4221,2,2,1,0.7395492196083069
4222,8,8,1,0.9495851397514343
4223,8,0,0,0.41540586948394775
4224,5,3,0,0.4373556673526764
4225,5,2,0,0.6162142753601074
4226,0,0,1,0.6285478472709656
4227,4,4,1,0.6150972247123718
4228,0,8,0,0.8871468305587769
4229,8,8,1,0.9372140169143677
4230,6,2,0,0.5905253887176514
4231,2,2,1,0.7900990843772888
4232,5,3,0,0.72777259349823
4233,9,9,1,0.930973470211029
4234,2,2,1,0.9811456203460693
4235,9,9,1,0.9282484650611877
4236,1,1,1,0.9676415324211121
4237,1,1,1,0.9521065950393677
4238,5,3,0,0.6307103633880615
4239,4,4,1,0.7531143426895142
4240,7,7,1,0.9076523184776306
4241,5,5,1,0.7920142412185669
4242,8,8,1,0.7027742266654968
4243,6,6,1,0.8674659132957458
4244,2,4,0,0.4267691969871521
4245,1,1,1,0.930873453617096
4246,5,5,1,0.6474983096122742
4247,5,5,1,0.600589394569397
4248,3,3,1,0.784740149974823
4249,4,4,1,0.8299534320831299
4250,1,1,1,0.3291662037372589
4251,8,0,0,0.4307000935077667
4252,9,9,1,0.814634382724762
4253,9,9,1,0.6478737592697144
4254,8,8,1,0.8816801905632019
4255,9,6,0,0.420213520526886
4256,8,8,1,0.9850499629974365
4257,6,6,1,0.943221926689148
4258,8,6,0,0.5634056925773621
4259,5,2,0,0.46017590165138245
4260,8,8,1,0.9790935516357422
4261,9,9,1,0.7170684337615967
4262,4,4,1,0.6219052672386169
4263,6,6,1,0.6735451221466064
4264,2,2,1,0.3217889070510864
4265,6,6,1,0.886365532875061
4266,3,3,1,0.5937855839729309
4267,7,9,0,0.37349748611450195
4268,4,4,1,0.7903442978858948
4269,0,0,1,0.8374428153038025
4270,0,3,0,0.5678144693374634
4271,1,1,1,0.8858121037483215
4272,7,7,1,0.9355616569519043
4273,5,5,1,0.8313847184181213
4274,1,1,1,0.6747140884399414
4275,5,4,0,0.7066196203231812
4276,9,9,1,0.6218366622924805
4277,3,3,1,0.6842872500419617
4278,1,1,1,0.9736555218696594
4279,6,6,1,0.911083996295929
4280,8,0,0,0.5857478380203247
4281,7,0,0,0.5883293747901917
4282,3,2,0,0.5957700610160828
4283,6,6,1,0.9388601779937744
4284,9,9,1,0.9066025018692017
4285,1,3,0,0.5172397494316101
4286,2,0,0,0.6749681234359741
4287,0,2,0,0.48670729994773865
4288,1,1,1,0.8851798176765442
4289,7,7,1,0.5926553010940552
4290,2,2,1,0.6502341628074646
4291,6,3,0,0.4897601306438446
4292,1,1,1,0.6739635467529297
4293,9,9,1,0.8846932053565979
4294,0,3,0,0.3701273500919342
4295,0,0,1,0.6492971181869507
4296,8,8,1,0.8214396238327026
4297,9,9,1,0.9342845678329468
4298,9,9,1,0.8487952947616577
4299,2,4,0,0.3454965054988861
4300,8,8,1,0.7823435068130493
4301,6,6,1,0.5813501477241516
4302,2,5,0,0.7935184240341187
4303,5,5,1,0.5256872773170471
4304,6,6,1,0.6681045293807983
4305,0,0,1,0.5607454180717468
4306,3,3,1,0.3711971640586853
4307,3,2,0,0.6139487028121948
4308,0,0,1,0.8333035707473755
4309,7,5,0,0.7004435062408447
4310,4,2,0,0.5926985144615173
4311,7,7,1,0.8269486427307129
4312,5,2,0,0.6639871001243591
4313,0,4,0,0.5273562073707581
4314,1,1,1,0.9379785656929016
4315,6,2,0,0.3656172454357147
4316,8,8,1,0.8331363201141357
4317,8,8,1,0.7687709927558899
4318,1,1,1,0.9519280195236206
4319,2,2,1,0.544779360294342
4320,1,0,0,0.5579066276550293
4321,5,5,1,0.7587872743606567
4322,4,4,1,0.8979449272155762
4323,5,5,1,0.9578829407691956
4324,9,9,1,0.8976305723190308
4325,6,6,1,0.9066395163536072
4326,7,7,1,0.7630722522735596
4327,1,1,1,0.7462830543518066
4328,0,0,1,0.9846295714378357
4329,6,6,1,0.7949514985084534
4330,9,9,1,0.8508137464523315
4331,2,6,0,0.5955286622047424
4332,7,4,0,0.4566163122653961
4333,7,3,0,0.5219439268112183
4334,3,0,0,0.49737268686294556
4335,9,0,0,0.48717039823532104
4336,9,9,1,0.9523336291313171
4337,1,2,0,0.5420872569084167
4338,9,1,0,0.6832598447799683
4339,7,2,0,0.6231826543807983
4340,0,0,1,0.8801067471504211
4341,1,1,1,0.9264277815818787
4342,3,3,1,0.8401318192481995
4343,5,5,1,0.6718276143074036
4344,4,4,1,0.9284406304359436
4345,6,6,1,0.8453665375709534
4346,3,3,1,0.5257518291473389
4347,8,8,1,0.8455300331115723
4348,8,8,1,0.9055895209312439
4349,0,0,1,0.6139909029006958
4350,4,4,1,0.8809898495674133
4351,8,8,1,0.8949342966079712
4352,3,3,1,0.3416929244995117
4353,6,2,0,0.4200722575187683
4354,7,7,1,0.6986672878265381
4355,0,3,0,0.625508725643158
4356,0,0,1,0.8232738375663757
4357,4,3,0,0.6638901233673096
4358,5,3,0,0.4856153130531311
4359,2,2,1,0.8271042108535767
4360,6,9,0,0.6997330188751221
4361,8,8,1,0.7646483778953552
4362,4,4,1,0.9884565472602844
4363,9,9,1,0.909709095954895
4364,9,9,1,0.744604229927063
4365,9,9,1,0.5304885506629944
4366,2,6,0,0.7095803618431091
4367,0,0,1,0.6850271224975586
4368,4,2,0,0.5282524228096008
4369,2,2,1,0.8693004846572876
4370,8,8,1,0.9463881850242615
4371,1,1,1,0.9454343318939209
4372,1,1,1,0.9676904082298279
4373,0,0,1,0.9459192156791687
4374,0,0,1,0.9874210953712463
4375,3,3,1,0.5697327852249146
4376,7,2,0,0.5306963920593262
4377,4,4,1,0.9098789095878601
4378,1,1,1,0.7942600846290588
4379,1,1,1,0.9138306975364685
4380,9,1,0,0.6169151663780212
4381,7,4,0,0.5733230113983154
4382,7,7,1,0.9779662489891052
4383,4,6,0,0.5315873026847839
4384,6,2,0,0.6524468660354614
4385,8,8,1,0.7234418392181396
4386,6,7,0,0.4836837947368622
4387,0,2,0,0.8636673092842102
4388,2,3,0,0.48397505283355713
4389,8,8,1,0.9545273780822754
4390,5,5,1,0.9862076640129089
4391,3,0,0,0.43688955903053284
4392,5,2,0,0.4274190664291382
4393,3,3,1,0.46341007947921753
4394,5,5,1,0.9730767011642456
4395,7,7,1,0.9079411625862122
4396,9,9,1,0.909360945224762
4397,8,8,1,0.8178348541259766
4398,4,7,0,0.749358594417572
4399,4,3,0,0.6208255290985107
4400,3,3,1,0.5531207323074341
4401,1,1,1,0.7678729891777039
4402,4,4,1,0.5745747089385986
4403,8,8,1,0.6934483051300049
4404,3,4,0,0.8308020234107971
4405,6,6,1,0.6095418930053711
4406,5,5,1,0.7070462703704834
4407,3,3,1,0.8928465247154236
4408,0,0,1,0.8158302903175354
4409,8,8,1,0.5721585154533386
4410,9,6,0,0.5554819107055664
4411,5,4,0,0.4454757571220398
4412,7,7,1,0.8490080237388611
4413,6,6,1,0.6319282650947571
4414,2,3,0,0.7503674030303955
4415,0,0,1,0.9318881034851074
4416,4,2,0,0.7796447277069092
4417,9,9,1,0.7203683257102966
4418,9,9,1,0.8904013633728027
4419,0,0,1,0.9058510065078735
4420,5,5,1,0.8757034540176392
4421,2,2,1,0.6269261837005615
4422,3,3,1,0.5581039786338806
4423,6,5,0,0.4868309497833252
4424,1,1,1,0.7119844555854797
4425,1,1,1,0.9679446220397949
4426,0,0,1,0.9202328324317932
4427,2,6,0,0.7387998700141907
4428,8,8,1,0.6828058362007141
4429,2,2,1,0.6755579710006714
4430,1,0,0,0.6455889940261841
4431,1,8,0,0.845622718334198
4432,7,7,1,0.3815050721168518
4433,5,5,1,0.8231773972511292
4434,2,2,1,0.5420843362808228
4435,3,5,0,0.6871320009231567
4436,4,4,1,0.7584064602851868
4437,1,1,1,0.9279835820198059
4438,2,2,1,0.5492424964904785
4439,9,9,1,0.5824874043464661
4440,2,2,1,0.8883638978004456
4441,1,1,1,0.8619615435600281
4442,3,2,0,0.693469762802124
4443,4,4,1,0.8530648946762085
4444,8,4,0,0.43672043085098267
4445,9,9,1,0.8686380982398987
4446,0,1,0,0.72709059715271
4447,0,8,0,0.7202246189117432
4448,4,6,0,0.7906092405319214
4449,9,9,1,0.595039427280426
4450,0,0,1,0.6386277675628662
4451,2,2,1,0.6470041871070862
4452,2,2,1,0.9456835389137268
4453,0,3,0,0.6303799748420715
4454,6,6,1,0.6855178475379944
4455,8,8,1,0.7098261117935181
4456,7,7,1,0.8959461450576782
4457,3,3,1,0.7184852361679077
4458,3,3,1,0.6865710616111755
4459,8,8,1,0.7969803214073181
4460,9,9,1,0.4130904972553253
4461,0,0,1,0.9581812024116516
4462,2,2,1,0.7974228858947754
4463,5,0,0,0.42054668068885803
4464,3,6,0,0.8673052787780762
4465,6,2,0,0.4301161766052246
4466,1,1,1,0.9570866823196411
4467,3,3,1,0.5892452001571655
4468,9,9,1,0.7002039551734924
4469,5,5,1,0.6317886710166931
4470,0,0,1,0.6640185713768005
4471,5,3,0,0.7306654453277588
4472,4,4,1,0.625737726688385
4473,4,4,1,0.8394758701324463
4474,0,0,1,0.6719337105751038
4475,1,0,0,0.6036005616188049
4476,1,5,0,0.361630380153656
4477,6,7,0,0.48260465264320374
4478,1,0,0,0.4867364466190338
4479,7,7,1,0.7173302173614502
4480,9,9,1,0.8993154168128967
4481,9,9,1,0.7320016026496887
4482,6,6,1,0.7904860377311707
4483,2,6,0,0.7270375490188599
4484,4,4,1,0.9242969155311584
4485,3,3,1,0.5314510464668274
4486,8,1,0,0.5897928476333618
4487,3,3,1,0.6220901012420654
4488,4,4,1,0.6770201921463013
4489,7,7,1,0.9702402949333191
4490,0,0,1,0.5687175989151001
4491,2,2,1,0.7921401858329773
4492,8,8,1,0.9355332851409912
4493,4,6,0,0.6085401177406311
4494,8,8,1,0.5912153720855713
4495,3,4,0,0.7636776566505432
4496,8,8,1,0.843296468257904
4497,8,8,1,0.9770978689193726
4498,8,8,1,0.7892074584960938
4499,3,3,1,0.6057589650154114
4500,3,3,1,0.5083894729614258
4501,5,5,1,0.5880832076072693
4502,7,3,0,0.7126893401145935
4503,7,4,0,0.6188942193984985
4504,0,3,0,0.30837076902389526
4505,4,4,1,0.9623908400535583
4506,1,1,1,0.8193451762199402
4507,5,5,1,0.6204769015312195
4508,9,9,1,0.6498938202857971
4509,7,7,1,0.8332108855247498
4510,0,0,1,0.6375921368598938
4511,6,6,1,0.657528281211853
4512,8,0,0,0.8683163523674011
4513,4,3,0,0.7751266360282898
4514,9,9,1,0.49066805839538574
4515,0,0,1,0.895734429359436
4516,1,9,0,0.5363425612449646
4517,8,8,1,0.6495172381401062
4518,9,9,1,0.9106913208961487
4519,6,3,0,0.5678883790969849
4520,3,3,1,0.5339982509613037
4521,9,9,1,0.7441052198410034
4522,2,2,1,0.7560571432113647
4523,4,4,1,0.47167059779167175
4524,4,4,1,0.718043863773346
4525,0,3,0,0.3428265154361725
4526,3,5,0,0.6652100086212158
4527,3,5,0,0.8484455943107605
4528,5,4,0,0.6947951912879944
4529,4,4,1,0.8307065963745117
4530,5,3,0,0.6287926435470581
4531,1,1,1,0.9361375570297241
4532,1,1,1,0.8426346778869629
4533,8,8,1,0.5605879426002502
4534,2,2,1,0.6602659225463867
4535,2,6,0,0.655815839767456
4536,9,0,0,0.5289438962936401
4537,3,3,1,0.6985400915145874
4538,7,7,1,0.4090501368045807
4539,8,8,1,0.7004387974739075
4540,9,9,1,0.6645645499229431
4541,2,6,0,0.6946104168891907
4542,3,4,0,0.7361205220222473
4543,1,8,0,0.4869612157344818
4544,7,7,1,0.9679650068283081
4545,3,6,0,0.8277992606163025
4546,2,2,1,0.6296997666358948
4547,3,2,0,0.4988102614879608
4548,0,3,0,0.5208060145378113
4549,1,1,1,0.7289190292358398
4550,9,6,0,0.4824739098548889
4551,5,4,0,0.49031761288642883
4552,5,3,0,0.7042167782783508
4553,3,3,1,0.6441243886947632
4554,4,4,1,0.7061132788658142
4555,5,9,0,0.891793966293335
4556,2,0,0,0.5194814801216125
4557,0,0,1,0.8193066120147705
4558,0,0,1,0.8915615677833557
4559,3,3,1,0.5298513174057007
4560,1,1,1,0.9012235999107361
4561,3,3,1,0.8038718104362488
4562,4,2,0,0.7679460048675537
4563,7,5,0,0.43774184584617615
4564,4,9,0,0.3187626302242279
4565,2,4,0,0.5919433832168579
4566,8,0,0,0.5206217765808105
4567,4,4,1,0.5470095872879028
4568,8,8,1,0.6642355918884277
4569,9,0,0,0.5390434861183167
4570,9,9,1,0.9305146932601929
4571,4,4,1,0.6421886086463928
4572,2,2,1,0.6677941679954529
4573,4,2,0,0.6122658252716064
4574,3,2,0,0.657477855682373
4575,6,6,1,0.9640602469444275
4576,4,4,1,0.7792895436286926
4577,6,2,0,0.589891791343689
4578,4,4,1,0.7653341889381409
4579,6,6,1,0.4468671679496765
4580,6,6,1,0.768822193145752
4581,3,2,0,0.9310051202774048
4582,8,1,0,0.6161022782325745
4583,7,4,0,0.7128384709358215
4584,4,0,0,0.5833529829978943
4585,8,8,1,0.6279628872871399
4586,0,2,0,0.6493150591850281
4587,5,5,1,0.9244356155395508
4588,9,9,1,0.5606996417045593
4589,3,5,0,0.7850939631462097
4590,9,2,0,0.7131974101066589
4591,0,0,1,0.9351203441619873
4592,7,7,1,0.9709166884422302
4593,5,5,1,0.5667520761489868
4594,1,1,1,0.9538756608963013
4595,9,9,1,0.6164021492004395
4596,7,4,0,0.627600908279419
4597,9,9,1,0.8807380795478821
4598,1,1,1,0.7816300988197327
4599,8,0,0,0.748838484287262
4600,4,4,1,0.8208498358726501
4601,2,2,1,0.8708181977272034
4602,1,1,1,0.966703474521637
4603,6,6,1,0.9624082446098328
4604,4,4,1,0.8944929242134094
4605,3,6,0,0.6687926650047302
4606,0,0,1,0.5968474745750427
4607,1,1,1,0.9454463720321655
4608,4,4,1,0.5309205055236816
4609,8,8,1,0.8271026015281677
4610,6,6,1,0.5200098156929016
4611,1,1,1,0.9418742656707764
4612,7,7,1,0.7389466166496277
4613,1,9,0,0.580948531627655
4614,3,4,0,0.46359357237815857
4615,5,6,0,0.5880748629570007
4616,4,7,0,0.6151430606842041
4617,3,5,0,0.7316182255744934
4618,3,3,1,0.5939292907714844
4619,9,9,1,0.6191882491111755
4620,7,3,0,0.5255148410797119
4621,8,8,1,0.6619666814804077
4622,2,2,1,0.8281418681144714
4623,5,3,0,0.5591314435005188
4624,5,3,0,0.5562285780906677
4625,4,2,0,0.4503127932548523
4626,5,2,0,0.7697216868400574
4627,4,2,0,0.5792014598846436
4628,5,5,1,0.703839123249054
4629,7,7,1,0.5461809635162354
4630,2,2,1,0.4871154725551605
4631,5,5,1,0.7082395553588867
4632,5,4,0,0.4938158392906189
4633,1,1,1,0.9649348258972168
4634,7,5,0,0.7663605213165283
4635,7,4,0,0.26485568284988403
4636,8,8,1,0.6847537755966187
4637,3,6,0,0.720395028591156
4638,6,6,1,0.8662239909172058
4639,0,2,0,0.5419841408729553
4640,2,2,1,0.9458760619163513
4641,5,5,1,0.584834098815918
4642,2,4,0,0.7557488679885864
4643,3,2,0,0.4346933364868164
4644,7,7,1,0.7073556780815125
4645,4,9,0,0.3540795147418976
4646,2,7,0,0.5537479519844055
4647,1,1,1,0.711207926273346
4648,6,6,1,0.9528743028640747
4649,8,8,1,0.9149555563926697
4650,6,6,1,0.4768652021884918
4651,8,8,1,0.7433952689170837
4652,3,1,0,0.4576030373573303
4653,2,2,1,0.9380109310150146
4654,7,2,0,0.5053665637969971
4655,7,5,0,0.4574064612388611
4656,9,0,0,0.6169257760047913
4657,7,7,1,0.8724694848060608
4658,1,9,0,0.79425448179245
4659,4,4,1,0.6742591261863708
4660,7,7,1,0.47158342599868774
4661,4,3,0,0.49717360734939575
4662,6,6,1,0.7274036407470703
4663,1,1,1,0.9767636060714722
4664,7,3,0,0.4983438551425934
4665,3,3,1,0.6211425065994263
4666,0,8,0,0.6972525715827942
4667,0,8,0,0.7326419949531555
4668,6,1,0,0.5249923467636108
4669,6,6,1,0.8226889371871948
4670,8,8,1,0.916070282459259
4671,6,6,1,0.8763236403465271
4672,6,6,1,0.8348396420478821
4673,0,0,1,0.9121685028076172
4674,3,3,1,0.49407631158828735
4675,4,4,1,0.33435410261154175
4676,7,7,1,0.5962240099906921
4677,4,4,1,0.8825728297233582
4678,9,8,0,0.7739739418029785
4679,4,4,1,0.8433935046195984
4680,9,9,1,0.9325907826423645
4681,9,1,0,0.8349021673202515
4682,3,3,1,0.7756437063217163
4683,4,4,1,0.9434223771095276
4684,1,2,0,0.6097500920295715
4685,4,4,1,0.8069918751716614
4686,0,8,0,0.9331943392753601
4687,3,4,0,0.4006500840187073
4688,7,7,1,0.7642820477485657
4689,1,1,1,0.5926423668861389
4690,2,2,1,0.7838735580444336
4691,2,2,1,0.6388638615608215
4692,8,2,0,0.6523692011833191
4693,4,4,1,0.8766241073608398
4694,7,7,1,0.6505247354507446
4695,8,8,1,0.7417417168617249
4696,5,3,0,0.5976074934005737
4697,5,3,0,0.49371302127838135
4698,6,6,1,0.7783947587013245
4699,5,2,0,0.5766028761863708
4700,6,6,1,0.8474011421203613
4701,0,0,1,0.8766030073165894
4702,6,6,1,0.5842321515083313
4703,4,2,0,0.5204224586486816
4704,9,9,1,0.773343563079834
4705,3,4,0,0.4461921453475952
4706,2,8,0,0.3847079277038574
4707,7,7,1,0.8983753323554993
4708,3,3,1,0.754545271396637
4709,8,8,1,0.5347314476966858
4710,3,3,1,0.6740051507949829
4711,9,9,1,0.9037842750549316
4712,4,6,0,0.5974188446998596
4713,1,1,1,0.9792630076408386
4714,6,6,1,0.9447949528694153
4715,9,9,1,0.9155897498130798
4716,9,9,1,0.9089425206184387
4717,4,3,0,0.6254806518554688
4718,3,3,1,0.6906477212905884
4719,9,9,1,0.7970457673072815
4720,8,8,1,0.9708560109138489
4721,1,1,1,0.525108814239502
4722,6,6,1,0.7365787625312805
4723,9,9,1,0.8703771829605103
4724,5,3,0,0.35374483466148376
4725,9,1,0,0.7512306571006775
4726,0,0,1,0.45091113448143005
4727,9,9,1,0.9614208936691284
4728,7,7,1,0.9837198257446289
4729,2,5,0,0.5631821751594543
4730,2,4,0,0.599712610244751
4731,4,3,0,0.28111532330513
4732,2,4,0,0.5377968549728394
4733,6,6,1,0.6948100924491882
4734,4,6,0,0.5224171876907349
4735,8,8,1,0.8715518712997437
4736,1,1,1,0.9388121962547302
4737,9,9,1,0.8581280708312988
4738,5,5,1,0.4263513386249542
4739,6,6,1,0.8251081705093384
4740,5,3,0,0.7750133872032166
4741,1,1,1,0.5132648944854736
4742,8,8,1,0.6074655652046204
4743,6,2,0,0.6637612581253052
4744,6,0,0,0.5741481184959412
4745,7,7,1,0.37893030047416687
4746,6,2,0,0.5521336197853088
4747,5,5,1,0.8344545960426331
4748,0,1,0,0.724098801612854
4749,2,3,0,0.7063493132591248
4750,7,3,0,0.3009602129459381
4751,6,6,1,0.8574811220169067
4752,1,1,1,0.6590390205383301
4753,2,2,1,0.6032455563545227
4754,3,8,0,0.5438582301139832
4755,1,1,1,0.9414790272712708
4756,6,6,1,0.9737457036972046
4757,4,4,1,0.7402176856994629
4758,9,3,0,0.5951074361801147
4759,0,0,1,0.9459731578826904
4760,3,1,0,0.6259140968322754
4761,9,9,1,0.7906449437141418
4762,1,1,1,0.8975467681884766
4763,0,0,1,0.842297375202179
4764,5,3,0,0.5846951007843018
4765,3,1,0,0.47241219878196716
4766,1,1,1,0.935110330581665
4767,6,6,1,0.8229080438613892
4768,9,9,1,0.8819949626922607
4769,8,8,1,0.9169086813926697
4770,9,9,1,0.8856679797172546
4771,0,0,1,0.8951202630996704
4772,6,6,1,0.9600934386253357
4773,1,1,1,0.9712111949920654
4774,6,6,1,0.9453587532043457
4775,2,3,0,0.5107764601707458
4776,3,0,0,0.7876238226890564
4777,5,5,1,0.7882285118103027
4778,6,6,1,0.6503521203994751
4779,9,8,0,0.6762350797653198
4780,0,0,1,0.6241549849510193
4781,7,7,1,0.6237708926200867
4782,2,6,0,0.5807663202285767
4783,4,4,1,0.5539578199386597
4784,0,8,0,0.7422952651977539
4785,3,3,1,0.7480890154838562
4786,6,6,1,0.47489240765571594
4787,8,8,1,0.9684693217277527
4788,6,6,1,0.7021957635879517
4789,9,9,1,0.7246344685554504
4790,1,1,1,0.9409309029579163
4791,9,9,1,0.663147509098053
4792,0,0,1,0.8591406941413879
4793,6,6,1,0.5004051923751831
4794,4,2,0,0.8053755164146423
4795,5,3,0,0.7627697587013245
4796,9,9,1,0.9185466766357422
4797,5,5,1,0.9388986825942993
4798,4,4,1,0.4894544184207916
4799,1,1,1,0.8991339206695557
4800,9,9,1,0.6333648562431335
4801,2,7,0,0.6501555442810059
4802,0,0,1,0.9059198498725891
4803,7,2,0,0.7033236622810364
4804,3,3,1,0.6869743466377258
4805,5,4,0,0.5457459688186646
4806,1,1,1,0.8183324933052063
4807,8,0,0,0.5569206476211548
4808,3,3,1,0.8032085299491882
4809,0,0,1,0.9378126263618469
4810,5,5,1,0.9346973896026611
4811,2,8,0,0.6069619655609131
4812,8,8,1,0.8566790819168091
4813,8,8,1,0.9661946296691895
4814,3,0,0,0.4572393596172333
4815,9,9,1,0.594869077205658
4816,6,4,0,0.613799512386322
4817,0,0,1,0.7873744964599609
4818,3,9,0,0.71773362159729
4819,5,5,1,0.8907488584518433
4820,3,5,0,0.4485846161842346
4821,4,4,1,0.6883655190467834
4822,1,1,1,0.873673141002655
4823,5,3,0,0.4720820486545563
4824,0,8,0,0.6311619877815247
4825,7,3,0,0.4280155897140503
4826,3,0,0,0.40944555401802063
4827,9,9,1,0.9400516152381897
4828,4,2,0,0.45791053771972656
4829,5,3,0,0.48462700843811035
4830,3,5,0,0.7511768937110901
4831,1,1,1,0.9335533380508423
4832,4,4,1,0.5042036175727844
4833,2,5,0,0.5288649797439575
4834,4,0,0,0.4997817277908325
4835,9,1,0,0.8296399116516113
4836,9,9,1,0.7580212354660034
4837,7,7,1,0.8100911974906921
4838,1,9,0,0.6186375617980957
4839,7,7,1,0.7197917103767395
4840,0,0,1,0.8287479877471924
4841,1,1,1,0.8785213232040405
4842,2,2,1,0.6226212978363037
4843,1,8,0,0.4122132658958435
4844,5,5,1,0.7488488554954529
4845,3,3,1,0.8519609570503235
4846,8,8,1,0.7172529101371765
4847,4,3,0,0.5709853172302246
4848,1,1,1,0.963570237159729
4849,5,3,0,0.4471787214279175
4850,1,1,1,0.7347780466079712
4851,9,0,0,0.5890930891036987
4852,9,8,0,0.5213950872421265
4853,7,7,1,0.9524067640304565
4854,0,0,1,0.8826809525489807
4855,1,1,1,0.9203313589096069
4856,7,7,1,0.890874445438385
4857,6,6,1,0.8820205926895142
4858,2,2,1,0.5554657578468323
4859,6,6,1,0.915834903717041
4860,5,5,1,0.9418818950653076
4861,0,0,1,0.7770175933837891
4862,3,2,0,0.6777379512786865
4863,1,1,1,0.9110915064811707
4864,3,3,1,0.591733992099762
4865,8,9,0,0.8033108115196228
4866,9,9,1,0.9304854273796082
4867,9,9,1,0.4572867155075073
4868,0,8,0,0.6652979850769043
4869,8,8,1,0.5351901650428772
4870,8,8,1,0.6537775993347168
4871,7,7,1,0.8298971056938171
4872,9,9,1,0.9215632677078247
4873,2,2,1,0.6280751824378967
4874,9,9,1,0.9314528107643127
4875,1,0,0,0.4435707926750183
4876,3,2,0,0.6053370237350464
4877,6,6,1,0.8790227770805359
4878,7,4,0,0.47632819414138794
4879,6,6,1,0.9365451335906982
4880,0,8,0,0.4784461557865143
4881,8,8,1,0.9535750150680542
4882,6,6,1,0.9849373698234558
4883,2,5,0,0.7044744491577148
4884,4,6,0,0.650073230266571
4885,2,3,0,0.4350845515727997
4886,3,3,1,0.933336615562439
4887,5,5,1,0.7869836688041687
4888,5,5,1,0.6132922172546387
4889,4,4,1,0.7902936339378357
4890,1,9,0,0.4950217604637146
4891,6,6,1,0.8356814384460449
4892,7,4,0,0.6184549331665039
4893,1,1,1,0.9021359086036682
4894,6,6,1,0.5117275714874268
4895,1,1,1,0.910387396812439
4896,7,4,0,0.7380794882774353
4897,1,1,1,0.6492105722427368
4898,6,6,1,0.901975154876709
4899,2,0,0,0.7294731140136719
4900,3,3,1,0.7396185994148254
4901,0,8,0,0.715232789516449
4902,4,4,1,0.5162240266799927
4903,2,6,0,0.6288545727729797
4904,9,9,1,0.5765857696533203
4905,7,7,1,0.6851181983947754
4906,5,3,0,0.6424810886383057
4907,5,5,1,0.5423186421394348
4908,6,0,0,0.42782047390937805
4909,0,0,1,0.7446075677871704
4910,8,9,0,0.6855510473251343
4911,8,8,1,0.7299936413764954
4912,1,1,1,0.9759231805801392
4913,1,1,1,0.9694846272468567
4914,3,3,1,0.5529850721359253
4915,5,5,1,0.585161030292511
4916,6,6,1,0.4664042294025421
4917,5,7,0,0.49364757537841797
4918,3,3,1,0.8417969346046448
4919,8,8,1,0.8634682297706604
4920,7,7,1,0.7689987421035767
4921,5,6,0,0.49933329224586487
4922,0,0,1,0.6335082650184631
4923,7,7,1,0.9573303461074829
4924,7,6,0,0.538840651512146
4925,5,9,0,0.36507648229599
4926,7,1,0,0.8537088632583618
4927,1,4,0,0.6015793085098267
4928,9,9,1,0.9187896251678467
4929,9,1,0,0.734876275062561
4930,1,1,1,0.6868718266487122
4931,9,8,0,0.5321305990219116
4932,9,9,1,0.3555026054382324
4933,3,3,1,0.5951831340789795
4934,5,5,1,0.848552405834198
4935,5,2,0,0.4335876405239105
4936,3,3,1,0.678796648979187
4937,0,0,1,0.8749295473098755
4938,3,2,0,0.4375080168247223
4939,0,0,1,0.8302667140960693
4940,6,6,1,0.9870660305023193
4941,6,6,1,0.9248712658882141
4942,5,2,0,0.7875755429267883
4943,6,6,1,0.7755295038223267
4944,8,8,1,0.9068933129310608
4945,9,9,1,0.8357198238372803
4946,4,6,0,0.45112890005111694
4947,5,3,0,0.7375776767730713
4948,1,1,1,0.9603936076164246
4949,1,1,1,0.9483062028884888
4950,2,2,1,0.9246945977210999
4951,7,2,0,0.6900485754013062
4952,9,9,1,0.8450456261634827
4953,0,0,1,0.9851941466331482
4954,1,1,1,0.4399471879005432
4955,2,8,0,0.5784654021263123
4956,5,0,0,0.45181071758270264
4957,4,2,0,0.5392037034034729
4958,4,4,1,0.869456946849823
4959,7,7,1,0.7708829641342163
4960,4,4,1,0.578029453754425
4961,8,8,1,0.9636387825012207
4962,3,8,0,0.5769062638282776
4963,3,3,1,0.6349020004272461
4964,5,4,0,0.8319782614707947
4965,3,4,0,0.6804390549659729
4966,5,5,1,0.6854116916656494
4967,7,9,0,0.48206016421318054
4968,0,0,1,0.9472532868385315
4969,1,1,1,0.6980029344558716
4970,2,2,1,0.6326119303703308
4971,9,9,1,0.9324147701263428
4972,8,8,1,0.5233566164970398
4973,1,1,1,0.8721518516540527
4974,7,5,0,0.6223780512809753
4975,3,3,1,0.8599851727485657
4976,5,3,0,0.36632823944091797
4977,9,9,1,0.9055342674255371
4978,1,1,1,0.6908116340637207
4979,9,9,1,0.6133648753166199
4980,1,1,1,0.8949780464172363
4981,1,1,1,0.862063467502594
4982,3,5,0,0.47231894731521606
4983,6,6,1,0.686967670917511
4984,7,7,1,0.4387567341327667
4985,4,2,0,0.3953903913497925
4986,8,8,1,0.7385391592979431
4987,3,6,0,0.7881515622138977
4988,5,5,1,0.8023338317871094
4989,6,6,1,0.9836606383323669
4990,7,5,0,0.7640215158462524
4991,0,0,1,0.7903910279273987
4992,1,1,1,0.8499748706817627
4993,7,7,1,0.4902949333190918
4994,7,7,1,0.9798964262008667
4995,2,3,0,0.5596461892127991
4996,3,5,0,0.5454432368278503
4997,3,3,1,0.6495224833488464
4998,5,6,0,0.5855380892753601
4999,1,1,1,0.8785475492477417
5000,7,7,1,0.9641226530075073
5001,6,6,1,0.9942177534103394
5002,8,8,1,0.9074768424034119
5003,4,4,1,0.671536386013031
5004,4,4,1,0.5841591358184814
5005,5,5,1,0.8727784752845764
5006,7,8,0,0.5121978521347046
5007,3,3,1,0.7395245432853699
5008,4,4,1,0.9415212273597717
5009,7,2,0,0.512538492679596
5010,7,7,1,0.7607772946357727
5011,3,5,0,0.5328215956687927
5012,6,6,1,0.9434026479721069
5013,0,4,0,0.45975300669670105
5014,7,4,0,0.44105055928230286
5015,2,2,1,0.969508171081543
5016,6,8,0,0.6451287269592285
5017,7,3,0,0.6886024475097656
5018,4,7,0,0.5471735596656799
5019,1,1,1,0.9412829279899597
5020,8,8,1,0.8370658159255981
5021,0,0,1,0.9454107284545898
5022,2,2,1,0.6155779957771301
5023,2,2,1,0.4689624309539795
5024,1,3,0,0.38423195481300354
5025,5,5,1,0.960010290145874
5026,4,4,1,0.8312219381332397
5027,0,0,1,0.8305171132087708
5028,9,1,0,0.6932428479194641
5029,3,3,1,0.7274535894393921
5030,4,0,0,0.3795754611492157
5031,4,0,0,0.8619697093963623
5032,2,2,1,0.6866840720176697
5033,3,3,1,0.5033387541770935
5034,8,0,0,0.5089810490608215
5035,5,5,1,0.8758681416511536
5036,0,8,0,0.587968647480011
5037,0,0,1,0.6404287219047546
5038,4,4,1,0.7747510075569153
5039,6,6,1,0.8387334942817688
5040,3,2,0,0.2694768011569977
5041,9,9,1,0.9312413930892944
5042,2,2,1,0.9014802575111389
5043,0,7,0,0.4463483989238739
5044,5,2,0,0.3854537904262543
5045,7,7,1,0.8576202988624573
5046,5,3,0,0.3820526897907257
5047,5,2,0,0.5959615111351013
5048,1,8,0,0.6757642030715942
5049,7,7,1,0.644645631313324
5050,3,3,1,0.47300654649734497
5051,1,1,1,0.7947197556495667
5052,6,6,1,0.4924280047416687
5053,7,5,0,0.5522029399871826
5054,9,9,1,0.9292304515838623
5055,0,0,1,0.9609499573707581
5056,1,1,1,0.41980159282684326
5057,2,4,0,0.3860885202884674
5058,1,1,1,0.8865368366241455
5059,4,4,1,0.8660163283348083
5060,6,6,1,0.5474169254302979
5061,1,1,1,0.9495083093643188
5062,5,5,1,0.8959168195724487
5063,9,9,1,0.4370654821395874
5064,5,3,0,0.6949177384376526
5065,0,8,0,0.7399316430091858
5066,4,2,0,0.6805010437965393
5067,9,9,1,0.5537581443786621
5068,4,3,0,0.6328445672988892
5069,9,9,1,0.6626784205436707
5070,7,5,0,0.6406538486480713
5071,1,1,1,0.8205490112304688
5072,6,2,0,0.6148913502693176
5073,8,8,1,0.8670732378959656
5074,0,8,0,0.601917028427124
5075,6,6,1,0.8207699656486511
5076,5,5,1,0.9117835760116577
5077,0,2,0,0.5398325324058533
5078,8,8,1,0.9015523791313171
5079,1,1,1,0.9303042888641357
5080,7,7,1,0.8785151839256287
5081,5,5,1,0.8685263395309448
5082,6,6,1,0.6952678561210632
5083,9,9,1,0.8180802464485168
5084,3,0,0,0.3307666480541229
5085,2,6,0,0.6762621998786926
5086,3,3,1,0.4932616949081421
5087,9,9,1,0.8898780941963196
5088,8,2,0,0.5042874813079834
5089,6,6,1,0.7746182084083557
5090,1,1,1,0.6546386480331421
5091,0,0,1,0.8651132583618164
5092,9,1,0,0.5861518383026123
5093,0,0,1,0.43873924016952515
5094,9,9,1,0.9548157453536987
5095,8,8,1,0.9385684728622437
5096,7,4,0,0.5245429873466492
5097,7,7,1,0.49523937702178955
5098,5,9,0,0.5567224025726318
5099,2,0,0,0.4925333559513092
5100,3,3,1,0.8936319351196289
5101,5,5,1,0.7548062801361084
5102,5,6,0,0.5487499237060547
5103,7,7,1,0.7821906805038452
5104,8,8,1,0.8997507691383362
5105,7,7,1,0.6088160872459412
5106,6,3,0,0.4844900369644165
5107,9,2,0,0.35324862599372864
5108,1,2,0,0.4396222233772278
5109,9,9,1,0.7125410437583923
5110,8,8,1,0.9545460343360901
5111,6,6,1,0.8843956589698792
5112,5,2,0,0.4193721115589142
5113,6,4,0,0.5644768476486206
5114,7,0,0,0.5958953499794006
5115,5,3,0,0.5149214863777161
5116,6,6,1,0.6057430505752563
5117,7,7,1,0.4454686939716339
5118,2,2,1,0.796853244304657
5119,5,7,0,0.578715980052948
5120,9,9,1,0.8016802072525024
5121,6,6,1,0.9934220910072327
5122,6,6,1,0.5341734290122986
5123,7,2,0,0.8213539123535156
5124,0,0,1,0.8564005494117737
5125,1,1,1,0.9631500244140625
5126,0,0,1,0.7117012739181519
5127,1,1,1,0.9494912624359131
5128,3,4,0,0.5991179347038269
5129,2,2,1,0.7402502298355103
5130,5,0,0,0.42977219820022583
5131,6,6,1,0.9821464419364929
5132,1,1,1,0.4635066092014313
5133,2,2,1,0.7695105671882629
5134,5,6,0,0.5802116394042969
5135,1,1,1,0.9798235297203064
5136,9,9,1,0.7524052858352661
5137,9,8,0,0.49310657382011414
5138,8,8,1,0.8706850409507751
5139,6,6,1,0.8230997323989868
5140,8,8,1,0.9064673185348511
5141,6,8,0,0.37727612257003784
5142,8,0,0,0.6002019643783569
5143,9,9,1,0.9426431655883789
5144,0,2,0,0.7390502691268921
5145,4,4,1,0.9131479263305664
5146,0,2,0,0.5022982358932495
5147,3,3,1,0.4300771951675415
5148,3,3,1,0.5864561796188354
5149,6,6,1,0.9927942752838135
5150,4,4,1,0.8453027606010437
5151,9,3,0,0.6437633633613586
5152,9,4,0,0.7646224498748779
5153,7,9,0,0.6400884389877319
5154,2,3,0,0.4281768202781677
5155,3,5,0,0.6827529668807983
5156,5,5,1,0.8875889778137207
5157,6,6,1,0.7160934209823608
5158,4,4,1,0.6270325183868408
5159,6,2,0,0.6119391322135925
5160,0,0,1,0.8259680271148682
5161,3,3,1,0.8624320030212402
5162,7,5,0,0.4229815602302551
5163,5,4,0,0.6972894668579102
5164,0,0,1,0.9564064741134644
5165,2,3,0,0.38572853803634644
5166,9,7,0,0.5787350535392761
5167,2,2,1,0.9236658811569214
5168,7,4,0,0.7233251929283142
5169,2,3,0,0.40217703580856323
5170,9,9,1,0.7338717579841614
5171,2,2,1,0.8690393567085266
5172,4,6,0,0.7939485907554626
5173,0,0,1,0.9414792656898499
5174,6,2,0,0.69427090883255
5175,6,6,1,0.9584856629371643
5176,3,3,1,0.6318203210830688
5177,4,3,0,0.5768257975578308
5178,5,3,0,0.5253175497055054
5179,5,3,0,0.6560896635055542
5180,9,1,0,0.4857390820980072
5181,1,1,1,0.9408512115478516
5182,1,1,1,0.4377589225769043
5183,4,3,0,0.4933916926383972
5184,4,3,0,0.570134162902832
5185,3,3,1,0.538564920425415
5186,5,5,1,0.6565247774124146
5187,4,4,1,0.6362359523773193
5188,8,8,1,0.7972001433372498
5189,0,0,1,0.8626203536987305
5190,0,0,1,0.8811720013618469
5191,3,3,1,0.4022318124771118
5192,9,1,0,0.46823349595069885
5193,4,2,0,0.7994444966316223
5194,7,7,1,0.5854490399360657
5195,4,4,1,0.782141387462616
5196,2,2,1,0.9830746650695801
5197,8,8,1,0.9024580717086792
5198,3,9,0,0.4533294439315796
5199,6,6,1,0.7644185423851013
5200,3,3,1,0.5024431347846985
5201,1,1,1,0.858119010925293
5202,9,9,1,0.9130914211273193
5203,6,5,0,0.5042720437049866
5204,3,3,1,0.5392981171607971
5205,8,8,1,0.7088142037391663
5206,3,0,0,0.5932378172874451
5207,8,8,1,0.8789891004562378
5208,4,4,1,0.9062371253967285
5209,7,3,0,0.5302625894546509
5210,5,5,1,0.668708086013794
5211,7,5,0,0.5589549541473389
5212,5,2,0,0.6509442925453186
5213,3,7,0,0.4073156714439392
5214,1,1,1,0.9243995547294617
5215,2,2,1,0.6043604016304016
5216,6,6,1,0.977275550365448
5217,1,1,1,0.8582265377044678
5218,3,5,0,0.5676164627075195
5219,2,0,0,0.40819576382637024
5220,0,0,1,0.5571409463882446
5221,7,7,1,0.6480686068534851
5222,5,5,1,0.8686404824256897
5223,0,0,1,0.8940065503120422
5224,0,0,1,0.8620995879173279
5225,0,0,1,0.7862870693206787
5226,1,1,1,0.8801124691963196
5227,4,6,0,0.42722970247268677
5228,3,3,1,0.7262670993804932
5229,5,3,0,0.7035094499588013
5230,8,1,0,0.7362860441207886
5231,4,4,1,0.9372560977935791
5232,3,5,0,0.524661123752594
5233,1,1,1,0.8887190818786621
5234,7,4,0,0.5133182406425476
5235,1,4,0,0.45130038261413574
5236,0,8,0,0.64492267370224
5237,4,4,1,0.5736795663833618
5238,2,2,1,0.7209198474884033
5239,4,4,1,0.6685766577720642
5240,1,1,1,0.8144270181655884
5241,4,6,0,0.8739617466926575
5242,0,0,1,0.8889527320861816
5243,1,1,1,0.9678764939308167
5244,2,4,0,0.41874733567237854
5245,1,1,1,0.7157205939292908
5246,7,7,1,0.5561192631721497
5247,7,4,0,0.8558353781700134
5248,9,9,1,0.598034679889679
5249,8,8,1,0.7255186438560486
5250,7,7,1,0.7512032985687256
5251,5,5,1,0.9229259490966797
5252,4,4,1,0.9491479396820068
5253,0,4,0,0.6016794443130493
5254,9,9,1,0.7033759355545044
5255,0,0,1,0.8023335337638855
5256,0,0,1,0.77609783411026
5257,8,8,1,0.9545063376426697
5258,2,2,1,0.3668101727962494
5259,0,0,1,0.6877047419548035
5260,0,0,1,0.9614889621734619
5261,2,0,0,0.45891281962394714
5262,4,4,1,0.8990257382392883
5263,8,8,1,0.9612278342247009
5264,6,6,1,0.9693406224250793
5265,2,2,1,0.7720658183097839
5266,4,4,1,0.7824687361717224
5267,6,2,0,0.7125173807144165
5268,3,2,0,0.5803304314613342
5269,5,6,0,0.505763590335846
5270,1,1,1,0.9185370802879333
5271,5,3,0,0.5641347765922546
5272,3,3,1,0.5844820737838745
5273,7,3,0,0.4573206305503845
5274,2,2,1,0.5584349632263184
5275,2,2,1,0.6847175359725952
5276,9,0,0,0.3495125472545624
5277,8,0,0,0.8602287769317627
5278,0,2,0,0.6503561735153198
5279,0,0,1,0.7619962096214294
5280,0,0,1,0.7881621718406677
5281,3,6,0,0.6990346908569336
5282,4,3,0,0.4182402789592743
5283,4,4,1,0.4324420392513275
5284,6,6,1,0.9813115000724792
5285,1,1,1,0.9738826155662537
5286,6,6,1,0.9686945676803589
5287,7,5,0,0.7123057842254639
5288,4,4,1,0.8366694450378418
5289,4,2,0,0.5339283347129822
5290,3,5,0,0.5791795253753662
5291,9,9,1,0.8816502690315247
5292,4,2,0,0.37418919801712036
5293,0,0,1,0.37273022532463074
5294,8,8,1,0.9321603178977966
5295,0,0,1,0.8953039646148682
5296,4,2,0,0.5551254749298096
5297,6,6,1,0.6681455969810486
5298,5,3,0,0.6296377778053284
5299,7,7,1,0.8482454419136047
5300,9,9,1,0.88286292552948
5301,7,7,1,0.7305212020874023
5302,0,2,0,0.3827642500400543
5303,5,5,1,0.8424931168556213
5304,7,7,1,0.8587028980255127
5305,7,7,1,0.6942577362060547
5306,3,3,1,0.6595016717910767
5307,1,1,1,0.920350968837738
5308,9,9,1,0.894494354724884
5309,3,3,1,0.9157114028930664
5310,0,2,0,0.6796504855155945
5311,9,1,0,0.40588387846946716
5312,5,5,1,0.987794816493988
5313,3,2,0,0.4204130172729492
5314,7,7,1,0.511319100856781
5315,9,9,1,0.8241585493087769
5316,4,4,1,0.8179405927658081
5317,4,4,1,0.6666463017463684
5318,1,0,0,0.3523770272731781
5319,7,7,1,0.6393577456474304
5320,7,2,0,0.8697633743286133
5321,1,1,1,0.9025673866271973
5322,4,4,1,0.527567982673645
5323,1,1,1,0.9541135430335999
5324,2,4,0,0.4405454397201538
5325,8,8,1,0.696660578250885
5326,7,7,1,0.39003998041152954
5327,0,4,0,0.7416266202926636
5328,0,8,0,0.7130750417709351
5329,4,4,1,0.9466860890388489
5330,7,3,0,0.541007399559021
5331,2,2,1,0.8975967764854431
5332,9,9,1,0.9005864858627319
5333,7,7,1,0.7777829766273499
5334,6,4,0,0.7099095582962036
5335,9,1,0,0.5095779299736023
5336,3,3,1,0.674066960811615
5337,5,3,0,0.5219905376434326
5338,8,1,0,0.6350176930427551
5339,0,0,1,0.9475401043891907
5340,3,2,0,0.6850408315658569
5341,6,6,1,0.5956000089645386
5342,8,3,0,0.7472262978553772
5343,3,3,1,0.6431114673614502
5344,2,6,0,0.5136566162109375
5345,4,4,1,0.3262011408805847
5346,7,7,1,0.8173826932907104
5347,1,1,1,0.8303044438362122
5348,1,3,0,0.5818124413490295
5349,3,3,1,0.5958027839660645
5350,9,9,1,0.8591740727424622
5351,7,3,0,0.5170899033546448
5352,5,3,0,0.6525214314460754
5353,1,1,1,0.59868985414505
5354,0,8,0,0.6129017472267151
5355,8,0,0,0.6899204254150391
5356,7,7,1,0.9739212393760681
5357,0,0,1,0.6670304536819458
5358,1,1,1,0.9083073139190674
5359,6,6,1,0.9572741389274597
5360,9,9,1,0.8635378479957581
5361,3,1,0,0.42369407415390015
5362,2,2,1,0.9259214401245117
5363,7,7,1,0.8468390107154846
5364,7,4,0,0.6835992932319641
5365,8,8,1,0.9533860087394714
5366,1,8,0,0.7901532053947449
5367,0,4,0,0.3893963098526001
5368,3,3,1,0.9003153443336487
5369,4,4,1,0.6124134659767151
5370,6,3,0,0.5170940160751343
5371,7,7,1,0.866839587688446
5372,5,8,0,0.6237127184867859
5373,2,2,1,0.6674863696098328
5374,0,0,1,0.6189048290252686
5375,1,1,1,0.9445076584815979
5376,5,3,0,0.6578834056854248
5377,5,3,0,0.552591860294342
5378,1,1,1,0.5758117437362671
5379,4,4,1,0.6211344599723816
5380,1,1,1,0.9345201253890991
5381,3,3,1,0.700904905796051
5382,0,4,0,0.3659701645374298
5383,8,8,1,0.4353969395160675
5384,6,6,1,0.7908336520195007
5385,2,2,1,0.3756711781024933
5386,1,1,1,0.8089203238487244
5387,3,4,0,0.9021449089050293
5388,6,3,0,0.465524286031723
5389,4,4,1,0.9156996607780457
5390,1,1,1,0.9306880235671997
5391,9,9,1,0.9129973649978638
5392,0,0,1,0.9216006994247437
5393,4,4,1,0.749146044254303
5394,1,1,1,0.6654387712478638
5395,0,0,1,0.9262086749076843
5396,1,9,0,0.6619537472724915
5397,9,9,1,0.4789224863052368
5398,8,6,0,0.6605353355407715
5399,6,6,1,0.603173017501831
5400,9,9,1,0.9299707412719727
5401,2,0,0,0.899959146976471
5402,4,4,1,0.8026996850967407
5403,7,7,1,0.925284743309021
5404,2,4,0,0.9366434812545776
5405,2,0,0,0.7352828979492188
5406,7,7,1,0.8877003192901611
5407,4,7,0,0.7788770794868469
5408,9,0,0,0.45855456590652466
5409,1,1,1,0.9414807558059692
5410,3,3,1,0.421105295419693
5411,2,6,0,0.44570139050483704
5412,6,6,1,0.9026358723640442
5413,3,3,1,0.5899994373321533
5414,4,6,0,0.6814360022544861
5415,4,4,1,0.7694747447967529
5416,9,1,0,0.8576860427856445
5417,4,0,0,0.3353370130062103
5418,8,8,1,0.825319230556488
5419,2,6,0,0.7551114559173584
5420,6,6,1,0.9934095144271851
5421,6,6,1,0.8142855763435364
5422,1,1,1,0.9410091638565063
5423,6,6,1,0.9864377975463867
5424,3,3,1,0.6119245886802673
5425,6,6,1,0.9705181121826172
5426,5,5,1,0.5261833667755127
5427,8,8,1,0.9203475117683411
5428,4,3,0,0.360006719827652
5429,6,6,1,0.9924125075340271
5430,7,7,1,0.9465093612670898
5431,1,1,1,0.9471964836120605
5432,9,9,1,0.7687210440635681
5433,3,3,1,0.3995124101638794
5434,6,6,1,0.8915038704872131
5435,7,4,0,0.6073083877563477
5436,6,6,1,0.9297709465026855
5437,0,9,0,0.7801154255867004
5438,7,4,0,0.7362759709358215
5439,1,1,1,0.9491409659385681
5440,9,9,1,0.508056640625
5441,5,3,0,0.7042229771614075
5442,2,2,1,0.871727705001831
5443,6,6,1,0.4129684567451477
5444,7,7,1,0.6323593854904175
5445,7,4,0,0.8092924952507019
5446,6,3,0,0.6576561331748962
5447,5,5,1,0.7499831318855286
5448,9,9,1,0.9144699573516846
5449,1,1,1,0.8509144186973572
5450,5,3,0,0.5726705193519592
5451,6,6,1,0.9218389987945557
5452,0,0,1,0.7985161542892456
5453,2,2,1,0.9036883115768433
5454,0,0,1,0.548741340637207
5455,9,9,1,0.6984457969665527
5456,1,1,1,0.9226340055465698
5457,8,8,1,0.9753704071044922
5458,3,6,0,0.6231476068496704
5459,5,5,1,0.733279287815094
5460,0,3,0,0.7467510104179382
5461,0,2,0,0.44380947947502136
5462,0,2,0,0.5974706411361694
5463,5,5,1,0.8823175430297852
5464,7,4,0,0.4150652289390564
5465,7,7,1,0.8750511407852173
5466,8,8,1,0.4429960548877716
5467,5,5,1,0.5079776644706726
5468,5,1,0,0.5738270282745361
5469,5,3,0,0.8165255188941956
5470,1,1,1,0.9685269594192505
5471,6,6,1,0.6587761044502258
5472,1,0,0,0.3986930549144745
5473,5,5,1,0.9841596484184265
5474,1,3,0,0.37292492389678955
5475,0,0,1,0.8712053298950195
5476,6,6,1,0.8501170873641968
5477,2,0,0,0.5768540501594543
5478,3,3,1,0.8269982933998108
5479,2,2,1,0.7464105486869812
5480,1,1,1,0.9302127957344055
5481,7,2,0,0.7122657299041748
5482,5,2,0,0.8569021821022034
5483,1,9,0,0.8663558959960938
5484,9,0,0,0.5341745615005493
5485,8,8,1,0.9490494728088379
5486,3,3,1,0.6580462455749512
5487,6,7,0,0.40349429845809937
5488,9,9,1,0.8808755874633789
5489,7,7,1,0.801895260810852
5490,3,3,1,0.6284897327423096
5491,0,0,1,0.6361050605773926
5492,2,2,1,0.5779010653495789
5493,3,2,0,0.42780056595802307
5494,9,1,0,0.6143882870674133
5495,4,4,1,0.7385823726654053
5496,4,4,1,0.6335658431053162
5497,3,3,1,0.5359871983528137
5498,9,9,1,0.8161950707435608
5499,6,6,1,0.894745409488678
5500,8,2,0,0.3711325526237488
5501,6,6,1,0.6385236382484436
5502,6,6,1,0.9313157796859741
5503,8,8,1,0.9419516921043396
5504,5,2,0,0.42316508293151855
5505,4,4,1,0.6770918965339661
5506,3,4,0,0.6745957136154175
5507,6,6,1,0.9044172763824463
5508,7,7,1,0.8067017793655396
5509,7,7,1,0.8052902817726135
5510,4,4,1,0.7562569379806519
5511,3,6,0,0.5657255053520203
5512,9,0,0,0.40834537148475647
5513,6,6,1,0.8468741774559021
5514,2,2,1,0.8128832578659058
5515,4,2,0,0.3934495747089386
5516,0,8,0,0.6928291916847229
5517,1,9,0,0.4745471179485321
5518,3,3,1,0.5850750803947449
5519,6,8,0,0.45667514204978943
5520,4,4,1,0.877317488193512
5521,9,1,0,0.7074170708656311
5522,2,2,1,0.8484742641448975
5523,6,6,1,0.7979209423065186
5524,0,8,0,0.7474710941314697
5525,3,4,0,0.6936110854148865
5526,8,8,1,0.9461355805397034
5527,7,7,1,0.8975751399993896
5528,5,5,1,0.8675271272659302
5529,3,9,0,0.6120991110801697
5530,3,2,0,0.6296382546424866
5531,8,8,1,0.7290226817131042
5532,3,3,1,0.6126207113265991
5533,2,7,0,0.5210013389587402
5534,6,6,1,0.6814190149307251
5535,3,4,0,0.4075753092765808
5536,6,6,1,0.8869768381118774
5537,2,5,0,0.5743729472160339
5538,7,9,0,0.34481194615364075
5539,4,4,1,0.6509630680084229
5540,5,3,0,0.6070536971092224
5541,7,7,1,0.9342935681343079
5542,9,9,1,0.9327146410942078
5543,0,0,1,0.6177163124084473
5544,0,0,1,0.48421579599380493
5545,6,6,1,0.8874187469482422
5546,7,7,1,0.8957967162132263
5547,2,9,0,0.30530694127082825
5548,8,0,0,0.850387692451477
5549,5,2,0,0.5531319379806519
5550,5,3,0,0.4026353061199188
5551,7,5,0,0.6497571468353271
5552,5,5,1,0.7997279167175293
5553,5,5,1,0.9115071296691895
5554,9,8,0,0.7546911835670471
5555,4,4,1,0.6064531803131104
5556,6,8,0,0.4231415390968323
5557,4,3,0,0.6085245609283447
5558,7,7,1,0.5944837331771851
5559,3,2,0,0.7758495807647705
5560,3,3,1,0.6074924468994141
5561,6,6,1,0.9551199078559875
5562,4,7,0,0.5395010113716125
5563,1,3,0,0.3499351143836975
5564,6,8,0,0.7854954600334167
5565,3,3,1,0.5482351183891296
5566,1,1,1,0.9377213716506958
5567,6,6,1,0.934501051902771
5568,7,7,1,0.7460045218467712
5569,0,2,0,0.5651537775993347
5570,5,5,1,0.9780629277229309
5571,0,7,0,0.6443904042243958
5572,1,1,1,0.6595817804336548
5573,9,9,1,0.5924878120422363
5574,7,9,0,0.4842962324619293
5575,3,3,1,0.7614765167236328
5576,5,5,1,0.7530775666236877
5577,2,2,1,0.4568968117237091
5578,3,9,0,0.6314660310745239
5579,9,1,0,0.39678314328193665
5580,5,3,0,0.7291702032089233
5581,6,3,0,0.5762733221054077
5582,4,2,0,0.6609382629394531
5583,0,0,1,0.8508228659629822
5584,0,0,1,0.8073968291282654
5585,0,2,0,0.8728829622268677
5586,8,8,1,0.7930401563644409
5587,0,0,1,0.7735970616340637
5588,3,3,1,0.6350375413894653
5589,2,2,1,0.8813873529434204
5590,4,4,1,0.5323572754859924
5591,5,5,1,0.5523930191993713
5592,3,2,0,0.5522273778915405
5593,7,0,0,0.5651631355285645
5594,9,9,1,0.7688233852386475
5595,6,6,1,0.7034326791763306
5596,9,9,1,0.9550944566726685
5597,3,0,0,0.5649471879005432
5598,1,8,0,0.6907133460044861
5599,2,2,1,0.9323394298553467
5600,6,4,0,0.6192151308059692
5601,7,7,1,0.7707465887069702
5602,4,4,1,0.509739875793457
5603,5,7,0,0.6061369180679321
5604,1,1,1,0.9719610810279846
5605,3,3,1,0.6480138897895813
5606,7,7,1,0.8514326214790344
5607,6,0,0,0.654963493347168
5608,9,9,1,0.8985798358917236
5609,5,3,0,0.4668240547180176
5610,8,0,0,0.364933043718338
5611,5,2,0,0.7969682812690735
5612,8,8,1,0.6749731302261353
5613,5,3,0,0.45668548345565796
5614,8,8,1,0.9482695460319519
5615,5,5,1,0.7436853051185608
5616,6,6,1,0.4771592915058136
5617,5,5,1,0.9166521430015564
5618,0,0,1,0.8845635652542114
5619,8,8,1,0.9570969939231873
5620,3,2,0,0.43776845932006836
5621,8,8,1,0.6189743876457214
5622,1,1,1,0.8336489796638489
5623,8,8,1,0.9438871145248413
5624,1,1,1,0.9350228905677795
5625,5,5,1,0.7287027835845947
5626,0,0,1,0.8382462859153748
5627,9,9,1,0.8911417722702026
5628,8,1,0,0.4242413640022278
5629,6,2,0,0.4888410270214081
5630,3,6,0,0.6841758489608765
5631,6,3,0,0.5461931228637695
5632,3,9,0,0.5423322916030884
5633,4,4,1,0.5811880230903625
5634,4,2,0,0.86919105052948
5635,7,7,1,0.8569474220275879
5636,4,4,1,0.8573800921440125
5637,7,7,1,0.761029839515686
5638,4,4,1,0.5324642062187195
5639,3,3,1,0.6334845423698425
5640,2,5,0,0.6115478277206421
5641,4,4,1,0.517670214176178
5642,5,4,0,0.9213904738426208
5643,5,3,0,0.5657820105552673
5644,7,7,1,0.6548269391059875
5645,5,3,0,0.4576968550682068
5646,4,4,1,0.8353563547134399
5647,5,3,0,0.47811630368232727
5648,8,8,1,0.6214282512664795
5649,0,3,0,0.5323036313056946
5650,5,3,0,0.5259649157524109
5651,4,2,0,0.31736308336257935
5652,0,0,1,0.6644824147224426
5653,5,5,1,0.8311103582382202
5654,4,4,1,0.7951596975326538
5655,3,3,1,0.5935152173042297
5656,3,3,1,0.5400521159172058
5657,2,2,1,0.8053503036499023
5658,4,4,1,0.3688729405403137
5659,2,2,1,0.7399887442588806
5660,9,9,1,0.8347606658935547
5661,4,4,1,0.7619274258613586
5662,8,8,1,0.9015399813652039
5663,8,8,1,0.9593608975410461
5664,6,6,1,0.608083963394165
5665,2,0,0,0.9087768793106079
5666,6,6,1,0.8434962630271912
5667,1,1,1,0.7959499359130859
5668,7,7,1,0.9759271740913391
5669,0,8,0,0.6541674733161926
5670,4,4,1,0.3908998966217041
5671,3,0,0,0.4896565079689026
5672,8,0,0,0.7017782330513
5673,5,5,1,0.7516688704490662
5674,9,4,0,0.48803815245628357
5675,7,0,0,0.49054768681526184
5676,6,6,1,0.9813144207000732
5677,7,5,0,0.4702908396720886
5678,1,1,1,0.8865079283714294
5679,0,0,1,0.736906111240387
5680,2,2,1,0.8000853657722473
5681,3,9,0,0.5003990530967712
5682,5,2,0,0.5556380748748779
5683,6,6,1,0.90400630235672
5684,7,7,1,0.8898079991340637
5685,1,1,1,0.8818353414535522
5686,6,6,1,0.5845292210578918
5687,2,2,1,0.8058961033821106
5688,8,8,1,0.8812363147735596
5689,3,3,1,0.7762416005134583
5690,7,7,1,0.6551909446716309
5691,2,2,1,0.47423604130744934
5692,5,5,1,0.9173874258995056
5693,7,7,1,0.9262362718582153
5694,5,5,1,0.8783286809921265
5695,7,7,1,0.9170053601264954
5696,7,7,1,0.8910577893257141
5697,1,1,1,0.9829570651054382
5698,7,7,1,0.5759455561637878
5699,4,4,1,0.9272593259811401
5700,3,3,1,0.805261492729187
5701,3,3,1,0.7308070659637451
5702,4,4,1,0.8857216835021973
5703,0,3,0,0.49796345829963684
5704,4,4,1,0.8570342063903809
5705,2,2,1,0.6327188611030579
5706,7,7,1,0.9664268493652344
5707,0,0,1,0.706615149974823
5708,2,5,0,0.8555881381034851
5709,2,3,0,0.5187410116195679
5710,6,6,1,0.8779901266098022
5711,6,6,1,0.7873146533966064
5712,2,4,0,0.7735211849212646
5713,5,3,0,0.5893893837928772
5714,2,6,0,0.7177827954292297
5715,6,0,0,0.27426961064338684
5716,0,0,1,0.5934553742408752
5717,6,6,1,0.7079789638519287
5718,1,1,1,0.5445324778556824
5719,2,3,0,0.47319844365119934
5720,9,9,1,0.9322780966758728
5721,0,0,1,0.4956790506839752
5722,0,8,0,0.5803524851799011
5723,1,1,1,0.8604258894920349
5724,5,5,1,0.7348470687866211
5725,5,5,1,0.7009311318397522
5726,1,1,1,0.8813657164573669
5727,6,6,1,0.8590502738952637
5728,7,7,1,0.9576440453529358
5729,8,8,1,0.701285183429718
5730,5,1,0,0.5040690898895264
5731,6,3,0,0.41902926564216614
5732,3,3,1,0.41502654552459717
5733,3,3,1,0.7695033550262451
5734,6,6,1,0.8472926616668701
5735,0,0,1,0.7601608633995056
5736,9,2,0,0.5963783264160156
5737,9,9,1,0.6740362048149109
5738,2,2,1,0.6572331190109253
5739,2,2,1,0.7324680089950562
5740,6,6,1,0.8229681849479675
5741,1,1,1,0.9151580929756165
5742,4,4,1,0.5967400074005127
5743,6,6,1,0.8780035376548767
5744,2,0,0,0.7735358476638794
5745,5,3,0,0.43957948684692383
5746,7,7,1,0.9381285905838013
5747,8,8,1,0.7205508351325989
5748,8,8,1,0.7879716753959656
5749,5,3,0,0.7257922887802124
5750,6,5,0,0.3641473948955536
5751,4,4,1,0.4221552610397339
5752,3,6,0,0.5241349339485168
5753,2,2,1,0.9083344340324402
5754,3,3,1,0.7185697555541992
5755,4,3,0,0.5044965744018555
5756,4,4,1,0.84393709897995
5757,4,4,1,0.8646609783172607
5758,8,8,1,0.9333866238594055
5759,9,1,0,0.9045788049697876
5760,2,2,1,0.7214511036872864
5761,6,6,1,0.8900545239448547
5762,0,0,1,0.6868798732757568
5763,9,8,0,0.5423155426979065
5764,7,7,1,0.9213941097259521
5765,9,9,1,0.5113032460212708
5766,8,0,0,0.8214766383171082
5767,7,7,1,0.7412647604942322
5768,7,7,1,0.6406152248382568
5769,3,6,0,0.48029521107673645
5770,8,8,1,0.7455543279647827
5771,2,4,0,0.5230416059494019
5772,9,9,1,0.9650526642799377
5773,3,4,0,0.5146751403808594
5774,5,3,0,0.646000325679779
5775,7,7,1,0.5152612328529358
5776,5,3,0,0.5853145122528076
5777,8,8,1,0.9466813802719116
5778,7,7,1,0.9765989184379578
5779,3,3,1,0.5231119990348816
5780,7,4,0,0.7357215881347656
5781,0,0,1,0.714911699295044
5782,7,7,1,0.8569039702415466
5783,1,9,0,0.7173224091529846
5784,6,6,1,0.9924928545951843
5785,2,2,1,0.4910150170326233
5786,4,4,1,0.5736584663391113
5787,0,1,0,0.8155500292778015
5788,0,0,1,0.7051711678504944
5789,2,2,1,0.7951219081878662
5790,9,9,1,0.6527413725852966
5791,8,8,1,0.6497509479522705
5792,2,2,1,0.6716763377189636
5793,8,8,1,0.7836016416549683
5794,7,0,0,0.5846807360649109
5795,7,4,0,0.6237896680831909
5796,5,5,1,0.5092896223068237
5797,5,2,0,0.7862077951431274
5798,0,0,1,0.8511649966239929
5799,1,9,0,0.6307661533355713
5800,2,4,0,0.6452443599700928
5801,9,9,1,0.8947430849075317
5802,6,6,1,0.7379280924797058
5803,1,9,0,0.518214225769043
5804,0,9,0,0.47950300574302673
5805,1,1,1,0.7689208388328552
5806,0,8,0,0.7479520440101624
5807,6,6,1,0.9252825975418091
5808,5,3,0,0.377297043800354
5809,0,3,0,0.5348905324935913
5810,5,5,1,0.8652053475379944
5811,7,9,0,0.3983728885650635
5812,4,3,0,0.7174568176269531
5813,4,4,1,0.8985206484794617
5814,8,8,1,0.8286024928092957
5815,3,3,1,0.8011534214019775
5816,5,3,0,0.5495160222053528
5817,3,4,0,0.7169771790504456
5818,7,7,1,0.9826526045799255
5819,2,2,1,0.8126626014709473
5820,5,5,1,0.7845693826675415
5821,8,0,0,0.3618263006210327
5822,3,3,1,0.9137904644012451
5823,5,5,1,0.583720862865448
5824,7,7,1,0.7027834057807922
5825,3,6,0,0.7029778957366943
5826,7,4,0,0.7729537487030029
5827,0,0,1,0.8240404725074768
5828,5,5,1,0.813688337802887
5829,4,4,1,0.7575961947441101
5830,5,3,0,0.7484932541847229
5831,6,3,0,0.4799209535121918
5832,9,0,0,0.549378514289856
5833,3,2,0,0.45618584752082825
5834,5,2,0,0.7086517810821533
5835,3,5,0,0.7948317527770996
5836,8,8,1,0.9502049088478088
5837,2,2,1,0.36386916041374207
5838,4,2,0,0.5428339838981628
5839,2,2,1,0.718431830406189
5840,2,2,1,0.6780205965042114
5841,6,6,1,0.8750700354576111
5842,7,3,0,0.4913804531097412
5843,6,6,1,0.952301025390625
5844,0,8,0,0.8252992033958435
5845,5,2,0,0.6688921451568604
5846,5,5,1,0.9719873666763306
5847,8,8,1,0.86543208360672
5848,4,4,1,0.5362074375152588
5849,5,2,0,0.44476163387298584
5850,6,2,0,0.6990065574645996
5851,1,1,1,0.9485680460929871
5852,3,6,0,0.46854156255722046
5853,5,5,1,0.6522269248962402
5854,4,4,1,0.5220673680305481
5855,7,2,0,0.620287299156189
5856,3,5,0,0.8825210332870483
5857,0,0,1,0.6119272708892822
5858,7,2,0,0.3961397707462311
5859,2,2,1,0.915125846862793
5860,0,8,0,0.5262948870658875
5861,1,1,1,0.6035024523735046
5862,2,3,0,0.6306657791137695
5863,4,4,1,0.8564103245735168
5864,9,8,0,0.43870508670806885
5865,6,6,1,0.9335392713546753
5866,4,4,1,0.916814923286438
5867,5,5,1,0.7911056876182556
5868,9,9,1,0.7861402630805969
5869,7,7,1,0.6620185375213623
5870,7,7,1,0.568060040473938
5871,6,2,0,0.8365208506584167
5872,7,2,0,0.5629237294197083
5873,4,4,1,0.6444579362869263
5874,3,5,0,0.3871746361255646
5875,1,1,1,0.8898404836654663
5876,6,6,1,0.9478145241737366
5877,9,9,1,0.9282756447792053
5878,4,4,1,0.5064003467559814
5879,8,0,0,0.3617000877857208
5880,0,8,0,0.49374157190322876
5881,3,5,0,0.5624250769615173
5882,1,9,0,0.4025660455226898
5883,6,6,1,0.5910937786102295
5884,4,4,1,0.7727969288825989
5885,4,4,1,0.9244959950447083
5886,2,2,1,0.6377943754196167
5887,1,1,1,0.9300439357757568
5888,4,2,0,0.6913472414016724
5889,6,4,0,0.6209090948104858
5890,3,5,0,0.6667197942733765
5891,0,0,1,0.9213603734970093
5892,8,8,1,0.9500008821487427
5893,9,0,0,0.7478711009025574
5894,7,7,1,0.49777546525001526
5895,6,6,1,0.6940582990646362
5896,8,9,0,0.880785346031189
5897,4,4,1,0.8935781717300415
5898,8,8,1,0.9271931648254395
5899,1,0,0,0.4024290144443512
5900,4,3,0,0.40326735377311707
5901,5,5,1,0.8049687147140503
5902,9,9,1,0.5163660049438477
5903,4,0,0,0.661121129989624
5904,7,7,1,0.5866984128952026
5905,1,9,0,0.7600829601287842
5906,4,4,1,0.9589546918869019
5907,5,3,0,0.7126542329788208
5908,3,4,0,0.7026849985122681
5909,1,2,0,0.7159539461135864
5910,2,3,0,0.5319572687149048
5911,6,6,1,0.8051161766052246
5912,4,4,1,0.6933141946792603
5913,7,2,0,0.39409583806991577
5914,1,8,0,0.64644855260849
5915,5,6,0,0.6313918828964233
5916,9,9,1,0.9236869215965271
5917,3,2,0,0.5945291519165039
5918,1,1,1,0.948705792427063
5919,4,4,1,0.47973722219467163
5920,8,8,1,0.5388485193252563
5921,7,7,1,0.6878379583358765
5922,7,7,1,0.7098864912986755
5923,0,0,1,0.6801222562789917
5924,4,4,1,0.6579449772834778
5925,3,2,0,0.5944860577583313
5926,4,0,0,0.4782447814941406
5927,6,6,1,0.732273280620575
5928,7,7,1,0.4458235204219818
5929,7,7,1,0.8974770307540894
5930,5,2,0,0.7577997446060181
5931,4,2,0,0.5645507574081421
5932,4,5,0,0.5024295449256897
5933,4,4,1,0.43035197257995605
5934,3,9,0,0.5071471929550171
5935,6,6,1,0.6034250855445862
5936,6,6,1,0.5503259897232056
5937,1,1,1,0.5339690446853638
5938,9,0,0,0.5009106397628784
5939,9,9,1,0.6575884819030762
5940,7,6,0,0.6102533340454102
5941,9,9,1,0.8103070259094238
5942,4,4,1,0.9369904398918152
5943,3,3,1,0.706037700176239
5944,2,3,0,0.6165420413017273
5945,9,0,0,0.9284489750862122
5946,8,8,1,0.8893983960151672
5947,5,5,1,0.9773418307304382
5948,0,0,1,0.5155124068260193
5949,6,6,1,0.9831987023353577
5950,9,9,1,0.8936102986335754
5951,0,0,1,0.9797788262367249
5952,9,9,1,0.7871957421302795
5953,7,1,0,0.5461841225624084
5954,8,8,1,0.9175788164138794
5955,5,6,0,0.3845677077770233
5956,4,4,1,0.44483888149261475
5957,4,3,0,0.4951147437095642
5958,9,9,1,0.9084669351577759
5959,4,8,0,0.5058043599128723
5960,2,6,0,0.5850400328636169
5961,6,4,0,0.38334667682647705
5962,6,6,1,0.7943623661994934
5963,9,9,1,0.8673191666603088
5964,9,9,1,0.9536083340644836
5965,7,2,0,0.4934774935245514
5966,9,9,1,0.8422650098800659
5967,9,9,1,0.9169963598251343
5968,0,0,1,0.7354081273078918
5969,5,3,0,0.41939547657966614
5970,1,1,1,0.9430772066116333
5971,1,1,1,0.9043282866477966
5972,8,8,1,0.8626315593719482
5973,6,6,1,0.7747533917427063
5974,9,9,1,0.8540182709693909
5975,9,9,1,0.8859298825263977
5976,5,5,1,0.7602065801620483
5977,6,3,0,0.48517197370529175
5978,5,9,0,0.4438105821609497
5979,5,9,0,0.6843128800392151
5980,9,9,1,0.9485000967979431
5981,7,7,1,0.8223639130592346
5982,9,9,1,0.8311731815338135
5983,4,4,1,0.8261573314666748
5984,5,5,1,0.7208700776100159
5985,4,4,1,0.9515445828437805
5986,3,4,0,0.4976241886615753
5987,3,2,0,0.6646687388420105
5988,9,9,1,0.6982191205024719
5989,8,8,1,0.580385684967041
5990,8,8,1,0.7788701057434082
5991,3,3,1,0.5631358623504639
5992,4,4,1,0.6792888641357422
5993,8,8,1,0.9637733697891235
5994,4,4,1,0.5054423809051514
5995,0,0,1,0.9112549424171448
5996,4,4,1,0.5519443154335022
5997,0,4,0,0.558449387550354
5998,7,7,1,0.6775181889533997
5999,2,2,1,0.41137760877609253
6000,8,8,1,0.5629180073738098
6001,0,0,1,0.7375832200050354
6002,2,2,1,0.971775233745575
6003,0,0,1,0.9778217077255249
6004,7,0,0,0.703903079032898
6005,4,4,1,0.7101327180862427
6006,0,2,0,0.4141901135444641
6007,6,6,1,0.6239945888519287
6008,3,2,0,0.4845810532569885
6009,3,6,0,0.5019708871841431
6010,1,6,0,0.686884880065918
6011,7,5,0,0.5773724913597107
6012,4,7,0,0.5997442603111267
6013,6,6,1,0.9192668199539185
6014,5,6,0,0.5158296823501587
6015,0,0,1,0.8448735475540161
6016,4,2,0,0.4610653221607208
6017,9,9,1,0.5731073021888733
6018,5,5,1,0.723859965801239
6019,6,6,1,0.7420569658279419
6020,6,6,1,0.9687936902046204
6021,3,5,0,0.570716381072998
6022,0,3,0,0.46672117710113525
6023,5,3,0,0.638140857219696
6024,2,3,0,0.5320873856544495
6025,6,6,1,0.4684240221977234
6026,3,9,0,0.4302711486816406
6027,3,3,1,0.6748475432395935
6028,8,0,0,0.48825186491012573
6029,0,0,1,0.8189820647239685
6030,8,8,1,0.9330639839172363
6031,5,5,1,0.48971566557884216
6032,4,4,1,0.796221911907196
6033,2,2,1,0.9649155139923096
6034,9,9,1,0.7742447853088379
6035,5,5,1,0.696435809135437
6036,0,0,1,0.7597545981407166
6037,5,3,0,0.6165341734886169
6038,4,4,1,0.6477034687995911
6039,8,8,1,0.48398467898368835
6040,2,2,1,0.5308113098144531
6041,7,4,0,0.27030080556869507
6042,6,6,1,0.8063517212867737
6043,5,7,0,0.6043567657470703
6044,7,7,1,0.7015800476074219
6045,8,8,1,0.8991082310676575
6046,2,2,1,0.7088850140571594
6047,0,0,1,0.9537603259086609
6048,1,1,1,0.9710658192634583
6049,8,8,1,0.9854178428649902
6050,2,4,0,0.46627575159072876
6051,4,7,0,0.7841548919677734
6052,8,8,1,0.9849234819412231
6053,4,4,1,0.8783913254737854
6054,3,3,1,0.743613064289093
6055,0,0,1,0.8329995274543762
6056,4,6,0,0.5973795652389526
6057,0,0,1,0.7804220914840698
6058,1,1,1,0.9571030735969543
6059,9,9,1,0.8857975602149963
6060,3,0,0,0.7393342852592468
6061,0,0,1,0.7726893424987793
6062,3,3,1,0.6358122229576111
6063,6,4,0,0.9128308892250061
6064,5,5,1,0.8455765247344971
6065,5,2,0,0.5749449133872986
6066,2,2,1,0.48627859354019165
6067,8,8,1,0.7490822672843933
6068,5,0,0,0.5009875893592834
6069,0,0,1,0.8562071323394775
6070,8,8,1,0.6959282755851746
6071,7,7,1,0.7518677711486816
6072,5,5,1,0.7454319000244141
6073,2,2,1,0.4568924903869629
6074,4,4,1,0.8422614336013794
6075,3,3,1,0.8561996221542358
6076,7,4,0,0.5853314399719238
6077,0,3,0,0.5357353091239929
6078,2,1,0,0.6823146343231201
6079,3,3,1,0.4698278605937958
6080,1,1,1,0.9155834913253784
6081,0,2,0,0.8323106169700623
6082,0,8,0,0.5805454850196838
6083,2,2,1,0.45366284251213074
6084,1,1,1,0.9456226825714111
6085,2,3,0,0.5193392038345337
6086,1,1,1,0.9571588039398193
6087,4,4,1,0.612480640411377
6088,6,6,1,0.9647549390792847
6089,7,7,1,0.685364305973053
6090,1,1,1,0.8741980195045471
6091,0,0,1,0.6878979206085205
6092,5,3,0,0.41821783781051636
6093,2,6,0,0.8622332811355591
6094,5,5,1,0.6297925114631653
6095,9,9,1,0.9491485357284546
6096,2,2,1,0.7966812252998352
6097,5,2,0,0.4340669512748718
6098,6,6,1,0.5668289065361023
6099,7,7,1,0.42568570375442505
6100,1,8,0,0.7574667930603027
6101,9,9,1,0.8376693725585938
6102,3,9,0,0.44805487990379333
6103,6,6,1,0.7251195907592773
6104,1,1,1,0.981785237789154
6105,0,0,1,0.9655297994613647
6106,2,2,1,0.8692333102226257
6107,9,9,1,0.9188380241394043
6108,4,4,1,0.7489656805992126
6109,2,2,1,0.7228284478187561
6110,9,9,1,0.8659048080444336
6111,3,2,0,0.6332989931106567
6112,8,0,0,0.5947352051734924
6113,2,2,1,0.7754360437393188
6114,9,0,0,0.518889307975769
6115,8,8,1,0.8844886422157288
6116,5,5,1,0.7020299434661865
6117,1,1,1,0.8915099501609802
6118,0,0,1,0.9097483158111572
6119,1,1,1,0.9344351291656494
6120,5,3,0,0.5406821966171265
6121,2,2,1,0.5873536467552185
6122,5,3,0,0.513599693775177
6123,6,6,1,0.871603786945343
6124,8,3,0,0.5940418839454651
6125,8,8,1,0.7680940628051758
6126,3,3,1,0.7488009929656982
6127,5,2,0,0.6423707008361816
6128,0,2,0,0.549659252166748
6129,4,6,0,0.48464179039001465
6130,1,1,1,0.6751670837402344
6131,3,6,0,0.7931686043739319
6132,7,7,1,0.8972657322883606
6133,0,0,1,0.5777021646499634
6134,3,8,0,0.35462287068367004
6135,3,3,1,0.6707096695899963
6136,9,0,0,0.5217617154121399
6137,2,2,1,0.9059763550758362
6138,3,3,1,0.5632188320159912
6139,9,9,1,0.853958249092102
6140,9,9,1,0.8600409030914307
6141,8,8,1,0.9193899631500244
6142,5,3,0,0.48427554965019226
6143,9,9,1,0.7791887521743774
6144,7,5,0,0.5137727856636047
6145,2,3,0,0.6836434602737427
6146,0,9,0,0.6421393752098083
6147,9,9,1,0.9150784015655518
6148,4,4,1,0.8716925382614136
6149,7,7,1,0.8221859335899353
6150,1,1,1,0.8352870941162109
6151,7,3,0,0.7212217450141907
6152,6,6,1,0.9715247750282288
6153,4,7,0,0.513031005859375
6154,4,5,0,0.4996185898780823
6155,8,8,1,0.9207130074501038
6156,9,9,1,0.9489600658416748
6157,0,1,0,0.29724159836769104
6158,7,0,0,0.3394060432910919
6159,1,1,1,0.9363610744476318
6160,2,2,1,0.6675185561180115
6161,4,4,1,0.8437119126319885
6162,0,9,0,0.5727500915527344
6163,3,3,1,0.6128806471824646
6164,7,5,0,0.43780750036239624
6165,5,5,1,0.6754938364028931
6166,1,1,1,0.5898740887641907
6167,9,9,1,0.45251572132110596
6168,3,3,1,0.4169441759586334
6169,5,3,0,0.5437840819358826
6170,2,2,1,0.865086019039154
6171,4,4,1,0.863686740398407
6172,1,1,1,0.9484139084815979
6173,1,1,1,0.5601205825805664
6174,3,3,1,0.5511687397956848
6175,3,6,0,0.5255870819091797
6176,9,7,0,0.46359556913375854
6177,2,2,1,0.7604919075965881
6178,5,7,0,0.4296189248561859
6179,8,8,1,0.798255443572998
6180,0,0,1,0.7016357183456421
6181,8,8,1,0.6545595526695251
6182,1,1,1,0.951271653175354
6183,5,3,0,0.4229167103767395
6184,1,1,1,0.8854648470878601
6185,5,2,0,0.5979317426681519
6186,9,9,1,0.8915761709213257
6187,0,0,1,0.8173751831054688
6188,9,9,1,0.79519122838974
6189,2,0,0,0.47662270069122314
6190,4,4,1,0.7129355072975159
6191,0,2,0,0.632122814655304
6192,6,6,1,0.8705272674560547
6193,9,9,1,0.7340125441551208
6194,1,0,0,0.7901748418807983
6195,1,3,0,0.4479464590549469
6196,3,3,1,0.7726930975914001
6197,4,4,1,0.539692223072052
6198,9,9,1,0.8567033410072327
6199,5,5,1,0.7967246174812317
6200,3,2,0,0.7916457653045654
6201,3,3,1,0.7394386529922485
6202,3,0,0,0.5461297035217285
6203,3,3,1,0.8171314001083374
6204,4,4,1,0.6248852610588074
6205,1,1,1,0.9623531103134155
6206,5,2,0,0.6051283478736877
6207,9,3,0,0.3227934241294861
6208,8,8,1,0.9699045419692993
6209,7,4,0,0.6199880242347717
6210,4,3,0,0.4847453832626343
6211,8,0,0,0.4037702977657318
6212,7,7,1,0.716128945350647
6213,3,4,0,0.5687667727470398
6214,5,6,0,0.5048012733459473
6215,2,8,0,0.5386125445365906
6216,5,3,0,0.4997284710407257
6217,8,8,1,0.982326865196228
6218,9,6,0,0.886124849319458
6219,7,7,1,0.4756419360637665
6220,2,5,0,0.47039684653282166
6221,0,8,0,0.8675966262817383
6222,0,0,1,0.34587180614471436
6223,7,7,1,0.8861426115036011
6224,5,5,1,0.7672637701034546
6225,3,3,1,0.7175978422164917
6226,5,3,0,0.4353289008140564
6227,7,3,0,0.5015499591827393
6228,4,4,1,0.5437362790107727
6229,6,6,1,0.4841335117816925
6230,2,2,1,0.8418461084365845
6231,8,8,1,0.8010748624801636
6232,2,8,0,0.7306156754493713
6233,7,7,1,0.9482780694961548
6234,7,3,0,0.38733410835266113
6235,6,2,0,0.5479115843772888
6236,1,1,1,0.9439417123794556
6237,3,2,0,0.48696479201316833
6238,8,8,1,0.5345162153244019
6239,6,1,0,0.6780246496200562
6240,2,2,1,0.7581610083580017
6241,0,0,1,0.6870470643043518
6242,4,0,0,0.7160425782203674
6243,4,4,1,0.5255741477012634
6244,8,8,1,0.8839801549911499
6245,6,3,0,0.7539218068122864
6246,4,4,1,0.853927493095398
6247,0,0,1,0.920744001865387
6248,2,2,1,0.8793691396713257
6249,5,3,0,0.5282739996910095
6250,4,4,1,0.6032785177230835
6251,1,8,0,0.34991228580474854
6252,2,2,1,0.849476158618927
6253,5,3,0,0.7607091069221497
6254,4,4,1,0.8729170560836792
6255,6,6,1,0.8416222333908081
6256,9,9,1,0.8972256779670715
6257,5,2,0,0.6524209976196289
6258,0,0,1,0.8703819513320923
6259,5,5,1,0.98463374376297
6260,2,2,1,0.6433907747268677
6261,0,2,0,0.6377062797546387
6262,8,0,0,0.7339889407157898
6263,2,2,1,0.6933209896087646
6264,6,6,1,0.6296517848968506
6265,4,4,1,0.8323755860328674
6266,7,7,1,0.9537605047225952
6267,9,4,0,0.5656572580337524
6268,5,5,1,0.9504693150520325
6269,7,7,1,0.9239461421966553
6270,2,6,0,0.6917600631713867
6271,6,6,1,0.8380603194236755
6272,2,3,0,0.5803027749061584
6273,1,1,1,0.6155235767364502
6274,9,9,1,0.8396946787834167
6275,9,9,1,0.9248540997505188
6276,7,7,1,0.9417323470115662
6277,2,2,1,0.448149174451828
6278,5,4,0,0.6787885427474976
6279,1,1,1,0.8725175261497498
6280,8,8,1,0.4071061611175537
6281,1,9,0,0.7858902812004089
6282,6,6,1,0.7216870188713074
6283,3,3,1,0.8193045258522034
6284,0,0,1,0.8594592213630676
6285,8,4,0,0.5322778224945068
6286,8,9,0,0.6496114730834961
6287,5,5,1,0.4606439769268036
6288,6,6,1,0.8974053263664246
6289,9,8,0,0.5404918789863586
6290,9,9,1,0.7835932374000549
6291,9,9,1,0.5048288106918335
6292,6,6,1,0.4593160152435303
6293,3,5,0,0.6276028752326965
6294,0,8,0,0.7234100699424744
6295,8,8,1,0.913350522518158
6296,8,8,1,0.9592079520225525
6297,5,5,1,0.852552056312561
6298,3,3,1,0.4038352072238922
6299,3,4,0,0.6913116574287415
6300,1,1,1,0.8336604237556458
6301,1,1,1,0.7054533362388611
6302,0,0,1,0.7725938558578491
6303,7,7,1,0.4650426208972931
6304,0,0,1,0.9477752447128296
6305,6,6,1,0.6689668297767639
6306,0,0,1,0.8362177610397339
6307,4,5,0,0.5578254461288452
6308,4,3,0,0.38719114661216736
6309,6,6,1,0.987175703048706
6310,5,5,1,0.9905775189399719
6311,3,3,1,0.7941676378250122
6312,2,2,1,0.4119230806827545
6313,9,9,1,0.9049097299575806
6314,6,6,1,0.7804659008979797
6315,6,6,1,0.7751094698905945
6316,7,7,1,0.7421358823776245
6317,9,9,1,0.7734611630439758
6318,7,7,1,0.8766037225723267
6319,7,7,1,0.87528395652771
6320,0,0,1,0.6724452376365662
6321,8,8,1,0.9446473717689514
6322,4,4,1,0.8772539496421814
6323,2,2,1,0.9644367098808289
6324,7,7,1,0.9742977023124695
6325,7,7,1,0.9883258938789368
6326,7,4,0,0.54121333360672
6327,4,4,1,0.8251489996910095
6328,0,8,0,0.470286101102829
6329,1,1,1,0.7860463261604309
6330,6,6,1,0.5409868955612183
6331,0,0,1,0.462419718503952
6332,5,9,0,0.4232479929924011
6333,3,2,0,0.631538450717926
6334,0,0,1,0.6922407150268555
6335,2,2,1,0.6008629202842712
6336,4,4,1,0.8582859039306641
6337,9,9,1,0.9456486701965332
6338,7,7,1,0.48798832297325134
6339,3,3,1,0.5266866683959961
6340,3,3,1,0.8213228583335876
6341,2,2,1,0.4431261718273163
6342,8,8,1,0.7303485870361328
6343,8,8,1,0.9712411761283875
6344,5,5,1,0.5048953294754028
6345,3,6,0,0.4902292788028717
6346,8,8,1,0.9756149053573608
6347,0,0,1,0.8142886757850647
6348,8,8,1,0.960260272026062
6349,0,0,1,0.4166576862335205
6350,0,0,1,0.7704564929008484
6351,0,0,1,0.9346361756324768
6352,2,3,0,0.48467084765434265
6353,2,8,0,0.49124273657798767
6354,7,7,1,0.8652017712593079
6355,0,0,1,0.8032946586608887
6356,7,9,0,0.4794883131980896
6357,7,7,1,0.9277599453926086
6358,7,7,1,0.7161857485771179
6359,2,3,0,0.6760738492012024
6360,2,2,1,0.6677867770195007
6361,0,8,0,0.7428059577941895
6362,4,4,1,0.7405083775520325
6363,0,0,1,0.9260708093643188
6364,3,5,0,0.6407660245895386
6365,7,7,1,0.7228760123252869
6366,8,8,1,0.515670657157898
6367,4,4,1,0.4540628492832184
6368,7,7,1,0.6070334911346436
6369,9,2,0,0.4662492871284485
6370,6,3,0,0.5643917918205261
6371,1,1,1,0.8338497281074524
6372,1,1,1,0.9140838980674744
6373,6,6,1,0.607334315776825
6374,9,1,0,0.657923698425293
6375,3,3,1,0.5158795118331909
6376,8,8,1,0.790399432182312
6377,9,9,1,0.49859994649887085
6378,5,7,0,0.4439723491668701
6379,8,8,1,0.9447057247161865
6380,3,6,0,0.6668384671211243
6381,9,1,0,0.685405433177948
6382,4,3,0,0.5367914438247681
6383,3,2,0,0.5687544941902161
6384,7,7,1,0.5591326951980591
6385,5,5,1,0.7805243730545044
6386,5,2,0,0.5427053570747375
6387,2,2,1,0.49252867698669434
6388,7,3,0,0.5837318301200867
6389,5,5,1,0.7351497411727905
6390,7,7,1,0.7425787448883057
6391,9,4,0,0.45616939663887024
6392,6,6,1,0.6039634346961975
6393,3,2,0,0.6227303147315979
6394,0,8,0,0.6845414042472839
6395,8,8,1,0.9453191161155701
6396,4,6,0,0.581465482711792
6397,5,5,1,0.8055808544158936
6398,6,6,1,0.8456150889396667
6399,1,1,1,0.9547735452651978
6400,0,8,0,0.51312655210495
6401,4,4,1,0.6176931262016296
6402,8,8,1,0.8424928188323975
6403,4,4,1,0.9337564706802368
6404,7,9,0,0.4991481304168701
6405,1,9,0,0.591393768787384
6406,3,3,1,0.5047630071640015
6407,2,2,1,0.6224994659423828
6408,0,0,1,0.9253512024879456
6409,9,9,1,0.8142494559288025
6410,1,1,1,0.9495832920074463
6411,8,8,1,0.7973856925964355
6412,8,9,0,0.8287646770477295
6413,6,6,1,0.8875320553779602
6414,8,8,1,0.8949509263038635
6415,1,1,1,0.6670653223991394
6416,7,7,1,0.9376447796821594
6417,1,1,1,0.8972221612930298
6418,0,3,0,0.43010684847831726
6419,9,8,0,0.5883097648620605
6420,7,5,0,0.5388674736022949
6421,6,4,0,0.42400339245796204
6422,4,4,1,0.4777365028858185
6423,5,4,0,0.823567807674408
6424,8,0,0,0.6727620959281921
6425,2,0,0,0.524336576461792
6426,1,1,1,0.9152984023094177
6427,2,3,0,0.38679009675979614
6428,5,3,0,0.5087293982505798
6429,8,8,1,0.9460428357124329
6430,1,1,1,0.9022597670555115
6431,1,1,1,0.9519670605659485
6432,8,2,0,0.6168522834777832
6433,8,6,0,0.564302921295166
6434,0,8,0,0.8449022173881531
6435,9,9,1,0.8504161834716797
6436,0,0,1,0.5987281203269958
6437,0,0,1,0.8586686253547668
6438,4,4,1,0.8820635676383972
6439,3,4,0,0.6375120282173157
6440,3,0,0,0.5939766764640808
6441,5,5,1,0.6587332487106323
6442,6,6,1,0.8904913663864136
6443,6,6,1,0.7531288266181946
6444,3,3,1,0.6214823126792908
6445,1,1,1,0.8641735315322876
6446,4,2,0,0.6793692708015442
6447,4,4,1,0.5175462961196899
6448,7,7,1,0.9387763142585754
6449,8,9,0,0.6855093240737915
6450,0,0,1,0.8538856506347656
6451,1,1,1,0.8977258801460266
6452,4,4,1,0.7935750484466553
6453,8,8,1,0.765036404132843
6454,4,2,0,0.6706942915916443
6455,6,6,1,0.9458281993865967
6456,2,2,1,0.6813941597938538
6457,2,8,0,0.5152875185012817
6458,2,4,0,0.6898006796836853
6459,6,6,1,0.9397673606872559
6460,3,3,1,0.5734946131706238
6461,4,4,1,0.7644369006156921
6462,0,0,1,0.792908251285553
6463,8,8,1,0.9373230338096619
6464,1,8,0,0.577608585357666
6465,3,3,1,0.6526051163673401
6466,8,3,0,0.38542553782463074
6467,3,3,1,0.7733432650566101
6468,8,8,1,0.7105685472488403
6469,9,1,0,0.5300778746604919
6470,1,8,0,0.6152783632278442
6471,6,6,1,0.7250113487243652
6472,1,1,1,0.96315997838974
6473,9,9,1,0.5153992772102356
6474,8,3,0,0.3379957377910614
6475,2,3,0,0.5338953137397766
6476,0,0,1,0.8695456981658936
6477,4,4,1,0.6368010640144348
6478,7,9,0,0.7337561249732971
6479,4,4,1,0.7164338827133179
6480,0,3,0,0.45018598437309265
6481,0,0,1,0.4891168773174286
6482,7,7,1,0.9311937093734741
6483,6,6,1,0.9813832640647888
6484,8,8,1,0.5277817845344543
6485,9,9,1,0.7739689350128174
6486,8,6,0,0.4867081940174103
6487,6,3,0,0.3658299148082733
6488,2,2,1,0.6698669791221619
6489,8,8,1,0.9259270429611206
6490,8,1,0,0.8318483233451843
6491,0,3,0,0.3639509975910187
6492,1,1,1,0.9563890099525452
6493,1,0,0,0.58004230260849
6494,0,2,0,0.6947540044784546
6495,7,7,1,0.9372901916503906
6496,7,2,0,0.7122184634208679
6497,4,4,1,0.5734924077987671
6498,4,6,0,0.8001595139503479
6499,7,3,0,0.6111117601394653
6500,7,4,0,0.5632860660552979
6501,2,5,0,0.7692491412162781
6502,6,6,1,0.644301176071167
6503,6,6,1,0.762846827507019
6504,7,7,1,0.7859733700752258
6505,4,2,0,0.7259708642959595
6506,5,5,1,0.8422989249229431
6507,4,8,0,0.4576573371887207
6508,0,0,1,0.968075692653656
6509,9,9,1,0.9286445379257202
6510,4,4,1,0.551333487033844
6511,7,7,1,0.9203484654426575
6512,2,2,1,0.8230802416801453
6513,5,3,0,0.4293171763420105
6514,3,3,1,0.5763633251190186
6515,2,2,1,0.9503389000892639
6516,2,2,1,0.8718512058258057
6517,7,7,1,0.42404699325561523
6518,6,6,1,0.8958760499954224
6519,2,2,1,0.9067196846008301
6520,6,2,0,0.5362774133682251
6521,4,4,1,0.9239487648010254
6522,9,1,0,0.9350641369819641
6523,6,3,0,0.4055813252925873
6524,8,8,1,0.9109939336776733
6525,3,3,1,0.44771745800971985
6526,8,8,1,0.742094874382019
6527,5,5,1,0.6976889967918396
6528,5,7,0,0.812043309211731
6529,2,2,1,0.9189079999923706
6530,3,3,1,0.6596576571464539
6531,4,4,1,0.6528663635253906
6532,5,5,1,0.6237094402313232
6533,2,9,0,0.632516622543335
6534,7,7,1,0.9832097291946411
6535,5,5,1,0.7680711150169373
6536,1,1,1,0.8225351572036743
6537,5,5,1,0.8590613007545471
6538,3,2,0,0.46949437260627747
6539,7,4,0,0.8527888059616089
6540,8,8,1,0.905628502368927
6541,8,8,1,0.7231965065002441
6542,9,0,0,0.6604294776916504
6543,6,5,0,0.6453898549079895
6544,0,8,0,0.839486300945282
6545,9,0,0,0.6708226203918457
6546,2,2,1,0.9680734872817993
6547,6,6,1,0.9163126945495605
6548,0,8,0,0.6941313743591309
6549,0,0,1,0.6933080554008484
6550,1,1,1,0.9402185678482056
6551,4,4,1,0.794655978679657
6552,1,1,1,0.886749804019928
6553,3,3,1,0.6694480180740356
6554,5,4,0,0.6048085689544678
6555,1,1,1,0.9788639545440674
6556,8,8,1,0.941467821598053
6557,9,9,1,0.7404745817184448
6558,6,3,0,0.5382592678070068
6559,2,4,0,0.898296058177948
6560,6,6,1,0.6993818879127502
6561,9,3,0,0.4652467668056488
6562,5,5,1,0.7132785320281982
6563,6,6,1,0.9401917457580566
6564,5,5,1,0.5174060463905334
6565,9,9,1,0.8309443593025208
6566,1,0,0,0.5250040292739868
6567,4,4,1,0.5552371144294739
6568,2,3,0,0.42607372999191284
6569,8,8,1,0.7531942129135132
6570,9,9,1,0.4607265889644623
6571,5,7,0,0.7646507620811462
6572,4,4,1,0.6657717227935791
6573,7,5,0,0.5805814266204834
6574,0,0,1,0.4797481298446655
6575,3,3,1,0.8934552669525146
6576,7,3,0,0.5118334889411926
6577,1,1,1,0.7243564128875732
6578,6,4,0,0.5727141499519348
6579,9,9,1,0.7894428968429565
6580,1,3,0,0.3944927453994751
6581,1,1,1,0.7737647294998169
6582,4,4,1,0.6214962005615234
6583,0,0,1,0.6131452322006226
6584,5,5,1,0.48454058170318604
6585,1,1,1,0.9795457124710083
6586,6,6,1,0.6278799772262573
6587,3,0,0,0.5534281134605408
6588,0,8,0,0.6316497325897217
6589,2,3,0,0.46110105514526367
6590,5,5,1,0.5790367126464844
6591,5,5,1,0.5970847606658936
6592,5,3,0,0.6242818236351013
6593,2,2,1,0.7171197533607483
6594,8,8,1,0.39087605476379395
6595,2,2,1,0.6816168427467346
6596,3,3,1,0.6120212078094482
6597,1,1,1,0.9347347021102905
6598,6,4,0,0.6030102968215942
6599,2,4,0,0.7931544184684753
6600,7,7,1,0.8761086463928223
6601,0,2,0,0.6718800663948059
6602,8,8,1,0.7529772520065308
6603,9,1,0,0.5270370841026306
6604,2,2,1,0.9480894804000854
6605,6,6,1,0.7893229722976685
6606,4,2,0,0.5508089661598206
6607,7,7,1,0.9443591833114624
6608,5,2,0,0.4150490164756775
6609,5,5,1,0.6610538363456726
6610,8,8,1,0.7461535334587097
6611,8,8,1,0.9187989830970764
6612,7,3,0,0.38399380445480347
6613,8,8,1,0.742981493473053
6614,5,2,0,0.6107642650604248
6615,7,2,0,0.5462194085121155
6616,4,3,0,0.3974626064300537
6617,4,4,1,0.873887836933136
6618,0,0,1,0.696584165096283
6619,0,0,1,0.9196078777313232
6620,7,7,1,0.6339326500892639
6621,0,1,0,0.38616660237312317
6622,4,4,1,0.7840944528579712
6623,0,0,1,0.9110473990440369
6624,4,4,1,0.6975536942481995
6625,4,2,0,0.541681706905365
6626,2,2,1,0.6884405612945557
6627,5,6,0,0.6243536472320557
6628,4,4,1,0.9147653579711914
6629,0,8,0,0.8132408261299133
6630,7,7,1,0.8315063118934631
6631,7,0,0,0.4294179677963257
6632,7,7,1,0.8713167905807495
6633,0,0,1,0.8289871215820312
6634,4,4,1,0.5629900693893433
6635,6,3,0,0.5583062767982483
6636,2,2,1,0.603752613067627
6637,9,9,1,0.8446503281593323
6638,1,1,1,0.7333125472068787
6639,1,1,1,0.9612947106361389
6640,5,3,0,0.4035620391368866
6641,0,8,0,0.8425300121307373
6642,9,9,1,0.7014353275299072
6643,1,1,1,0.9029360413551331
6644,0,0,1,0.6950929760932922
6645,6,6,1,0.5920994281768799
6646,5,5,1,0.8478690981864929
6647,3,3,1,0.6802305579185486
6648,0,0,1,0.8151565790176392
6649,9,9,1,0.7388724088668823
6650,0,0,1,0.8873170614242554
6651,6,6,1,0.9845849275588989
6652,2,2,1,0.8555983901023865
6653,0,2,0,0.6445801258087158
6654,4,6,0,0.5372865796089172
6655,1,1,1,0.9115195274353027
6656,6,2,0,0.6637887358665466
6657,7,7,1,0.6767542958259583
6658,6,6,1,0.9235769510269165
6659,1,1,1,0.7918282747268677
6660,0,0,1,0.5319693088531494
6661,4,4,1,0.959332287311554
6662,6,6,1,0.5433617234230042
6663,0,0,1,0.5826858878135681
6664,4,4,1,0.8761008977890015
6665,4,4,1,0.6261841058731079
6666,2,4,0,0.8564212918281555
6667,7,7,1,0.5776535272598267
6668,6,6,1,0.9437652826309204
6669,5,2,0,0.45778459310531616
6670,3,3,1,0.6180753707885742
6671,5,5,1,0.6588401198387146
6672,9,1,0,0.8561156392097473
6673,4,6,0,0.5764606595039368
6674,5,5,1,0.8795462250709534
6675,2,2,1,0.597517728805542
6676,0,2,0,0.3767683804035187
6677,5,6,0,0.6402689814567566
6678,7,7,1,0.9139898419380188
6679,2,4,0,0.853773295879364
6680,3,3,1,0.5330758690834045
6681,9,2,0,0.7451650500297546
6682,4,3,0,0.5037736892700195
6683,5,5,1,0.7863996624946594
6684,8,8,1,0.6864643096923828
6685,1,2,0,0.4765503406524658
6686,9,9,1,0.8592895865440369
6687,3,3,1,0.5091317892074585
6688,1,2,0,0.6537193655967712
6689,8,8,1,0.7929282188415527
6690,5,3,0,0.595504105091095
6691,8,8,1,0.9177781939506531
6692,6,6,1,0.9776021242141724
6693,6,6,1,0.5169035196304321
6694,3,1,0,0.5815988183021545
6695,4,4,1,0.8696436285972595
6696,0,0,1,0.6309928297996521
6697,2,2,1,0.8173556327819824
6698,3,3,1,0.575562596321106
6699,2,2,1,0.8163248896598816
6700,6,6,1,0.6415303349494934
6701,1,1,1,0.9436789155006409
6702,8,8,1,0.5678151249885559
6703,2,6,0,0.682239294052124
6704,1,3,0,0.6355157494544983
6705,3,4,0,0.8737934231758118
6706,6,3,0,0.5364867448806763
6707,2,2,1,0.9112235903739929
6708,2,2,1,0.5838012099266052
6709,3,3,1,0.6678097248077393
6710,3,3,1,0.6904653310775757
6711,5,5,1,0.8895964026451111
6712,0,3,0,0.5252281427383423
6713,2,2,1,0.40918293595314026
6714,1,9,0,0.6725348830223083
6715,2,2,1,0.7568133473396301
6716,8,8,1,0.9425316452980042
6717,0,1,0,0.7038013935089111
6718,8,8,1,0.9572197794914246
6719,2,2,1,0.5878736972808838
6720,2,2,1,0.909131646156311
6721,7,2,0,0.7981368899345398
6722,3,3,1,0.8075717687606812
6723,5,7,0,0.7718793749809265
6724,9,9,1,0.8757965564727783
6725,8,8,1,0.6191753149032593
6726,3,2,0,0.5078938007354736
6727,6,6,1,0.5468904376029968
6728,1,0,0,0.5243886113166809
6729,0,1,0,0.83157879114151
6730,8,2,0,0.6456921100616455
6731,6,6,1,0.9649542570114136
6732,3,4,0,0.8637893795967102
6733,5,5,1,0.978507399559021
6734,8,8,1,0.9561459422111511
6735,9,9,1,0.8777315020561218
6736,4,4,1,0.7879981994628906
6737,8,0,0,0.31082451343536377
6738,0,0,1,0.6497283577919006
6739,0,0,1,0.48849502205848694
6740,2,4,0,0.25977200269699097
6741,9,0,0,0.6526559591293335
6742,1,1,1,0.9691691398620605
6743,8,8,1,0.7922040820121765
6744,3,3,1,0.6740627288818359
6745,7,7,1,0.7192637920379639
6746,2,5,0,0.5341631174087524
6747,8,8,1,0.9216815829277039
6748,0,2,0,0.6250054836273193
6749,9,9,1,0.8367864489555359
6750,4,4,1,0.6515401005744934
6751,8,8,1,0.9041152596473694
6752,9,9,1,0.8464662432670593
6753,4,8,0,0.5877131819725037
6754,8,8,1,0.7704865336418152
6755,9,9,1,0.6481185555458069
6756,5,5,1,0.9356533885002136
6757,4,4,1,0.6862622499465942
6758,8,8,1,0.9461001753807068
6759,1,9,0,0.8349953889846802
6760,5,5,1,0.9678826332092285
6761,5,7,0,0.81497722864151
6762,7,2,0,0.572382390499115
6763,2,3,0,0.5913873910903931
6764,5,5,1,0.49527332186698914
6765,8,8,1,0.5520644187927246
6766,8,8,1,0.9122268557548523
6767,1,1,1,0.893572986125946
6768,2,6,0,0.5286774635314941
6769,3,3,1,0.878452479839325
6770,1,4,0,0.6510881185531616
6771,5,3,0,0.5908921360969543
6772,0,0,1,0.5043796896934509
6773,2,2,1,0.7398855090141296
6774,3,2,0,0.5700523853302002
6775,0,0,1,0.911599338054657
6776,8,8,1,0.940856397151947
6777,2,2,1,0.6891653537750244
6778,2,4,0,0.492865651845932
6779,8,1,0,0.7838818430900574
6780,7,7,1,0.9164682030677795
6781,3,6,0,0.5749309659004211
6782,5,5,1,0.5313078165054321
6783,3,6,0,0.8791666030883789
6784,9,9,1,0.7083137631416321
6785,6,6,1,0.9062869548797607
6786,3,7,0,0.4597715139389038
6787,5,5,1,0.5734819769859314
6788,1,1,1,0.980195939540863
6789,1,1,1,0.9534482359886169
6790,7,4,0,0.5125966668128967
6791,7,7,1,0.8693820834159851
6792,3,2,0,0.4041590988636017
6793,3,5,0,0.6292873620986938
6794,8,8,1,0.9465022087097168
6795,9,1,0,0.5819313526153564
6796,6,6,1,0.45191165804862976
6797,0,0,1,0.8793418407440186
6798,8,8,1,0.8911376595497131
6799,0,0,1,0.6568759679794312
6800,6,2,0,0.4977106750011444
6801,6,6,1,0.7369850277900696
6802,4,4,1,0.9182618856430054
6803,6,6,1,0.985910177230835
6804,9,9,1,0.9304503798484802
6805,1,1,1,0.9707576036453247
6806,1,1,1,0.7158982157707214
6807,7,4,0,0.5804566740989685
6808,0,0,1,0.7388203740119934
6809,6,6,1,0.8468878865242004
6810,8,8,1,0.9805262088775635
6811,9,9,1,0.5047550797462463
6812,0,0,1,0.7884114384651184
6813,6,6,1,0.5885085463523865
6814,9,1,0,0.9299200177192688
6815,0,0,1,0.8702630400657654
6816,1,1,1,0.9250966310501099
6817,1,1,1,0.9583988785743713
6818,7,7,1,0.929405927658081
6819,2,3,0,0.5320517420768738
6820,1,1,1,0.5221778750419617
6821,0,3,0,0.5388821363449097
6822,4,4,1,0.722750186920166
6823,5,5,1,0.8227437138557434
6824,0,0,1,0.7476049661636353
6825,3,3,1,0.5576554536819458
6826,6,6,1,0.8360509872436523
6827,3,0,0,0.8334643244743347
6828,3,3,1,0.7714792490005493
6829,8,8,1,0.9593742489814758
6830,1,1,1,0.9369578957557678
6831,8,8,1,0.9712836742401123
6832,1,1,1,0.8674329519271851
6833,3,2,0,0.4708977937698364
6834,1,1,1,0.9120385050773621
6835,5,5,1,0.5139614939689636
6836,4,7,0,0.5553908348083496
6837,5,5,1,0.8592038154602051
6838,1,0,0,0.4582085907459259
6839,8,4,0,0.5696256756782532
6840,9,9,1,0.8653740286827087
6841,1,1,1,0.8328434824943542
6842,3,2,0,0.5254793167114258
6843,1,1,1,0.8974852561950684
6844,7,7,1,0.9308531880378723
6845,2,0,0,0.4916148781776428
6846,9,9,1,0.9448277950286865
6847,8,8,1,0.9430440664291382
6848,9,9,1,0.7871360778808594
6849,4,4,1,0.854762077331543
6850,6,6,1,0.8277534246444702
6851,0,0,1,0.8529250025749207
6852,9,8,0,0.6266303658485413
6853,4,5,0,0.6466404795646667
6854,0,8,0,0.6745923161506653
6855,4,4,1,0.5704742074012756
6856,6,3,0,0.5680305361747742
6857,2,2,1,0.6619558930397034
6858,1,1,1,0.960185170173645
6859,3,2,0,0.6030816435813904
6860,0,0,1,0.6945086121559143
6861,8,0,0,0.5103540420532227
6862,5,3,0,0.5224841237068176
6863,6,6,1,0.9132436513900757
6864,0,0,1,0.8105872869491577
6865,3,4,0,0.4771196246147156
6866,4,6,0,0.6569609642028809
6867,6,6,1,0.829258382320404
6868,9,1,0,0.5019888877868652
6869,5,3,0,0.5324013233184814
6870,7,7,1,0.8617323040962219
6871,9,9,1,0.788789689540863
6872,0,0,1,0.41686496138572693
6873,3,4,0,0.3970314562320709
6874,6,6,1,0.6342455744743347
6875,5,2,0,0.5682393908500671
6876,7,2,0,0.5484392046928406
6877,0,8,0,0.7997739315032959
6878,5,3,0,0.532158374786377
6879,1,0,0,0.721657395362854
6880,2,4,0,0.6709570288658142
6881,2,6,0,0.7671833634376526
6882,9,9,1,0.9478603601455688
6883,7,4,0,0.48233291506767273
6884,0,0,1,0.7557511925697327
6885,0,0,1,0.5470646023750305
6886,1,1,1,0.9431076645851135
6887,4,6,0,0.7053078413009644
6888,4,4,1,0.8574654459953308
6889,5,5,1,0.44621580839157104
6890,5,5,1,0.6356947422027588
6891,9,9,1,0.9083622097969055
6892,6,6,1,0.8098191022872925
6893,3,6,0,0.8262144923210144
6894,6,6,1,0.6465182304382324
6895,2,0,0,0.7123010158538818
6896,6,6,1,0.36642131209373474
6897,9,9,1,0.5924608707427979
6898,3,8,0,0.6013442277908325
6899,2,9,0,0.47723522782325745
6900,3,3,1,0.6120184063911438
6901,2,3,0,0.38053572177886963
6902,4,4,1,0.7723023295402527
6903,9,3,0,0.4761817753314972
6904,5,0,0,0.5423406958580017
6905,2,2,1,0.8377192616462708
6906,1,1,1,0.9141452312469482
6907,6,6,1,0.9614889621734619
6908,6,2,0,0.4954795241355896
6909,4,2,0,0.8113163113594055
6910,7,7,1,0.8281357288360596
6911,6,6,1,0.8969824910163879
6912,3,5,0,0.7193728685379028
6913,3,6,0,0.7834605574607849
6914,8,0,0,0.5380651950836182
6915,1,1,1,0.8390928506851196
6916,4,4,1,0.3907031714916229
6917,6,6,1,0.6826222538948059
6918,4,4,1,0.6843268871307373
6919,4,4,1,0.5911244750022888
6920,5,2,0,0.5703251957893372
6921,6,9,0,0.6086372137069702
6922,2,6,0,0.7503151297569275
6923,0,0,1,0.9523547291755676
6924,5,5,1,0.42243245244026184
6925,2,6,0,0.7404022216796875
6926,7,7,1,0.5956135392189026
6927,5,3,0,0.46750298142433167
6928,2,2,1,0.6481397747993469
6929,5,5,1,0.9472898244857788
6930,2,0,0,0.8401652574539185
6931,5,5,1,0.7254363894462585
6932,9,1,0,0.6895248889923096
6933,0,4,0,0.3119853436946869
6934,6,6,1,0.6839135885238647
6935,7,2,0,0.44597128033638
6936,9,3,0,0.5344669222831726
6937,8,8,1,0.980642557144165
6938,3,6,0,0.44439855217933655
6939,2,2,1,0.8968807458877563
6940,1,1,1,0.9473707675933838
6941,4,4,1,0.38454365730285645
6942,3,2,0,0.7644301652908325
6943,4,4,1,0.8959111571311951
6944,5,5,1,0.7886723875999451
6945,5,3,0,0.6210336685180664
6946,6,6,1,0.5002579689025879
6947,8,8,1,0.8250232338905334
6948,6,6,1,0.6880673766136169
6949,0,0,1,0.7673948407173157
6950,8,0,0,0.6424712538719177
6951,9,9,1,0.7595565915107727
6952,8,8,1,0.5914807319641113
6953,0,0,1,0.7866225838661194
6954,7,2,0,0.5267205238342285
6955,7,7,1,0.5449334979057312
6956,6,6,1,0.9893667697906494
6957,6,2,0,0.42420482635498047
6958,7,0,0,0.4766595959663391
6959,5,4,0,0.5816689729690552
6960,9,8,0,0.3178388178348541
6961,8,8,1,0.5612487196922302
6962,7,7,1,0.7087536454200745
6963,9,9,1,0.6430346965789795
6964,5,5,1,0.8306543231010437
6965,6,3,0,0.6775103211402893
6966,0,2,0,0.4566625952720642
6967,4,4,1,0.6529694199562073
6968,8,9,0,0.5377625226974487
6969,2,8,0,0.3536364734172821
6970,0,0,1,0.7338434457778931
6971,9,9,1,0.9635907411575317
6972,1,1,1,0.8711986541748047
6973,3,2,0,0.5045449137687683
6974,9,9,1,0.901211142539978
6975,8,8,1,0.9254744648933411
6976,3,3,1,0.7223184108734131
6977,7,4,0,0.41088584065437317
6978,4,4,1,0.80074143409729
6979,5,6,0,0.6309638619422913
6980,0,0,1,0.6958225965499878
6981,2,2,1,0.7129197120666504
6982,1,1,1,0.8878597617149353
6983,9,9,1,0.7426815032958984
6984,1,1,1,0.9655426144599915
6985,0,8,0,0.556564211845398
6986,5,3,0,0.6977009177207947
6987,8,8,1,0.8474947810173035
6988,4,2,0,0.7322060465812683
6989,7,7,1,0.7600060701370239
6990,3,3,1,0.8626322746276855
6991,1,1,1,0.8951980471611023
6992,4,3,0,0.6299044489860535
6993,5,2,0,0.4063156843185425
6994,3,4,0,0.5438434481620789
6995,1,1,1,0.8594529032707214
6996,0,0,1,0.8862960934638977
6997,8,7,0,0.4520318806171417
6998,8,8,1,0.9751073718070984
6999,8,8,1,0.9037577509880066
7000,2,8,0,0.5740826725959778
7001,1,1,1,0.8952202796936035
7002,3,6,0,0.8548333644866943
7003,7,3,0,0.5672581791877747
7004,3,0,0,0.8348299860954285
7005,1,9,0,0.678227424621582
7006,6,6,1,0.9136315584182739
7007,9,9,1,0.8570570349693298
7008,1,1,1,0.9111989736557007
7009,6,2,0,0.6616724133491516
7010,0,0,1,0.7185313105583191
7011,7,7,1,0.7989724278450012
7012,7,7,1,0.9420949220657349
7013,1,1,1,0.8426053524017334
7014,3,2,0,0.5098658800125122
7015,3,3,1,0.6726407408714294
7016,3,3,1,0.6638591289520264
7017,1,9,0,0.4599427580833435
7018,0,0,1,0.686976432800293
7019,2,3,0,0.36494335532188416
7020,7,9,0,0.4486287236213684
7021,1,2,0,0.5965867042541504
7022,2,2,1,0.35773175954818726
7023,2,3,0,0.3941737413406372
7024,9,9,1,0.7320969700813293
7025,6,6,1,0.6700878739356995
7026,3,5,0,0.45978838205337524
7027,5,8,0,0.6335018277168274
7028,9,9,1,0.8743162751197815
7029,4,4,1,0.6670493483543396
7030,8,8,1,0.7151873707771301
7031,0,0,1,0.7848106026649475
7032,4,4,1,0.8168790936470032
7033,8,8,1,0.8745861649513245
7034,0,0,1,0.8796653747558594
7035,1,9,0,0.8687596321105957
7036,3,2,0,0.42647042870521545
7037,7,2,0,0.42762288451194763
7038,0,0,1,0.7581055164337158
7039,4,7,0,0.48698702454566956
7040,7,0,0,0.5936228036880493
7041,4,0,0,0.81925368309021
7042,8,8,1,0.6699227690696716
7043,6,6,1,0.6481785774230957
7044,4,4,1,0.8376818299293518
7045,3,3,1,0.5842325091362
7046,9,9,1,0.6508338451385498
7047,8,8,1,0.9724605083465576
7048,2,2,1,0.4765781760215759
7049,2,2,1,0.928907573223114
7050,8,8,1,0.9492151737213135
7051,3,3,1,0.6970140933990479
7052,1,1,1,0.959019660949707
7053,1,1,1,0.8717172741889954
7054,2,2,1,0.6260178089141846
7055,8,8,1,0.7644927501678467
7056,2,5,0,0.4363296926021576
7057,6,6,1,0.7290615439414978
7058,9,9,1,0.8505080342292786
7059,4,4,1,0.520858108997345
7060,8,8,1,0.6745285391807556
7061,4,3,0,0.5493972301483154
7062,4,4,1,0.5037540793418884
7063,1,6,0,0.7690363526344299
7064,5,5,1,0.9331133365631104
7065,2,2,1,0.8317009210586548
7066,6,3,0,0.47312140464782715
7067,9,9,1,0.932572603225708
7068,2,0,0,0.6463444232940674
7069,0,0,1,0.8216633796691895
7070,7,4,0,0.7479516267776489
7071,1,1,1,0.8969374895095825
7072,8,8,1,0.9412899613380432
7073,9,9,1,0.8949737548828125
7074,3,5,0,0.6283565759658813
7075,9,9,1,0.8574900031089783
7076,9,9,1,0.509661078453064
7077,0,0,1,0.810796320438385
7078,7,7,1,0.7139787077903748
7079,7,7,1,0.8644013404846191
7080,5,0,0,0.5373585224151611
7081,4,3,0,0.5158063173294067
7082,2,8,0,0.8137972950935364
7083,6,6,1,0.7235804796218872
7084,4,4,1,0.9567317962646484
7085,5,3,0,0.7308175563812256
7086,7,4,0,0.38177335262298584
7087,7,5,0,0.6076314449310303
7088,8,8,1,0.7943845391273499
7089,7,9,0,0.5136185884475708
7090,2,2,1,0.7129064202308655
7091,6,3,0,0.7226381301879883
7092,2,6,0,0.7019309997558594
7093,2,2,1,0.7399685382843018
7094,4,4,1,0.4895986318588257
7095,4,4,1,0.7838008999824524
7096,0,0,1,0.919795036315918
7097,7,7,1,0.548930823802948
7098,1,1,1,0.9356788396835327
7099,3,5,0,0.6372580528259277
7100,9,3,0,0.4771887958049774
7101,6,6,1,0.9945707321166992
7102,0,2,0,0.7600479125976562
7103,0,0,1,0.6351436972618103
7104,2,2,1,0.7627894282341003
7105,3,0,0,0.6646894812583923
7106,8,8,1,0.5602169036865234
7107,2,2,1,0.6986570954322815
7108,2,2,1,0.7218728065490723
7109,4,4,1,0.9633373618125916
7110,3,3,1,0.5834060907363892
7111,5,5,1,0.8836368918418884
7112,2,0,0,0.7943247556686401
7113,9,9,1,0.6512019038200378
7114,1,1,1,0.8358409404754639
7115,0,0,1,0.8534243106842041
7116,0,0,1,0.7474164366722107
7117,6,2,0,0.3221002221107483
7118,5,5,1,0.9863274693489075
7119,5,1,0,0.6411134004592896
7120,7,3,0,0.6610239744186401
7121,9,9,1,0.9380728602409363
7122,9,9,1,0.9457707405090332
7123,6,3,0,0.5957919359207153
7124,5,3,0,0.4988924562931061
7125,5,5,1,0.7083358764648438
7126,0,8,0,0.7637553811073303
7127,5,5,1,0.5678689479827881
7128,7,2,0,0.4064794182777405
7129,1,1,1,0.5254759788513184
7130,6,6,1,0.7089142799377441
7131,6,6,1,0.7713531255722046
7132,4,6,0,0.4359481632709503
7133,1,9,0,0.4385627210140228
7134,4,4,1,0.7260361313819885
7135,4,4,1,0.7963211536407471
7136,1,8,0,0.5434076189994812
7137,5,5,1,0.8550885319709778
7138,0,0,1,0.7256357073783875
7139,0,0,1,0.8866591453552246
7140,4,4,1,0.862005889415741
7141,5,3,0,0.75106281042099
7142,8,8,1,0.9477558135986328
7143,4,2,0,0.7169873714447021
7144,8,8,1,0.8792477250099182
7145,3,3,1,0.6797248721122742
7146,0,8,0,0.4351390600204468
7147,5,5,1,0.4631936550140381
7148,0,0,1,0.5157195925712585
7149,5,6,0,0.7150857448577881
7150,3,6,0,0.6610861420631409
7151,1,8,0,0.43958571553230286
7152,6,6,1,0.5975721478462219
7153,7,4,0,0.4860740005970001
7154,0,8,0,0.7029685378074646
7155,9,5,0,0.4585533142089844
7156,1,1,1,0.9620913863182068
7157,5,3,0,0.5602976083755493
7158,7,7,1,0.9555802941322327
7159,6,2,0,0.5442201495170593
7160,5,4,0,0.506417989730835
7161,5,5,1,0.8403196334838867
7162,5,5,1,0.6291221976280212
7163,6,6,1,0.9359852075576782
7164,0,8,0,0.40117424726486206
7165,0,3,0,0.42847758531570435
7166,1,1,1,0.9667025208473206
7167,7,7,1,0.9641367197036743
7168,5,3,0,0.9068206548690796
7169,1,1,1,0.8867857456207275
7170,9,1,0,0.7140455842018127
7171,2,2,1,0.8265637755393982
7172,4,6,0,0.525600254535675
7173,1,6,0,0.6660704016685486
7174,3,3,1,0.6723002195358276
7175,7,7,1,0.9403913021087646
7176,8,3,0,0.42042309045791626
7177,2,1,0,0.5861330628395081
7178,0,8,0,0.6844043135643005
7179,9,9,1,0.7806851863861084
7180,6,6,1,0.9931507110595703
7181,6,4,0,0.6486325263977051
7182,0,8,0,0.7170140147209167
7183,6,4,0,0.4582603871822357
7184,5,5,1,0.8860631585121155
7185,8,8,1,0.8912403583526611
7186,2,5,0,0.3987957835197449
7187,7,7,1,0.956215500831604
7188,4,2,0,0.6377654075622559
7189,0,0,1,0.7767753601074219
7190,2,2,1,0.922782838344574
7191,7,7,1,0.7963361740112305
7192,7,2,0,0.5679313540458679
7193,8,8,1,0.9131743311882019
7194,8,8,1,0.8504053950309753
7195,7,7,1,0.7465450763702393
7196,0,0,1,0.5233374238014221
7197,4,4,1,0.5221946239471436
7198,9,8,0,0.7972694039344788
7199,1,1,1,0.9387138485908508
7200,4,3,0,0.5405276417732239
7201,4,4,1,0.6307284832000732
7202,3,3,1,0.6874063611030579
7203,5,5,1,0.5002754330635071
7204,4,4,1,0.913958728313446
7205,6,6,1,0.6990991234779358
7206,2,3,0,0.514922022819519
7207,3,0,0,0.7023996710777283
7208,1,1,1,0.7855657935142517
7209,0,0,1,0.6389642953872681
7210,3,2,0,0.5473549365997314
7211,3,3,1,0.852301299571991
7212,3,2,0,0.5772336721420288
7213,6,9,0,0.3707142472267151
7214,3,5,0,0.5363982319831848
7215,1,1,1,0.9656456112861633
7216,2,2,1,0.5722041130065918
7217,8,8,1,0.5598475933074951
7218,9,9,1,0.6482523083686829
7219,7,7,1,0.46644070744514465
7220,9,0,0,0.5372331738471985
7221,3,3,1,0.9188832640647888
7222,8,8,1,0.9683897495269775
7223,7,7,1,0.8821223378181458
7224,3,2,0,0.4761297404766083
7225,1,8,0,0.6870521306991577
7226,7,9,0,0.7015191316604614
7227,7,4,0,0.6417338848114014
7228,3,3,1,0.6094563603401184
7229,2,2,1,0.6094027757644653
7230,2,3,0,0.3077654242515564
7231,8,8,1,0.8843751549720764
7232,9,1,0,0.6604463458061218
7233,5,5,1,0.4292423725128174
7234,9,9,1,0.8988462090492249
7235,2,2,1,0.8010629415512085
7236,1,1,1,0.54814612865448
7237,7,7,1,0.9212342500686646
7238,4,4,1,0.8478096127510071
7239,4,4,1,0.9188608527183533
7240,0,0,1,0.7098821401596069
7241,5,3,0,0.5339935421943665
7242,7,6,0,0.5658127665519714
7243,1,0,0,0.54256272315979
7244,5,5,1,0.9472318887710571
7245,4,4,1,0.924648106098175
7246,0,2,0,0.6377604603767395
7247,8,8,1,0.841830313205719
7248,4,4,1,0.8982991576194763
7249,9,9,1,0.8024755120277405
7250,8,8,1,0.7319476008415222
7251,7,7,1,0.5437538027763367
7252,8,8,1,0.8623217344284058
7253,4,4,1,0.8402410745620728
7254,2,2,1,0.9571545720100403
7255,3,5,0,0.49132266640663147
7256,4,4,1,0.7771952748298645
7257,0,8,0,0.8036531805992126
7258,5,5,1,0.906347393989563
7259,4,4,1,0.6381612420082092
7260,1,0,0,0.5151753425598145
7261,8,8,1,0.7823649048805237
7262,2,2,1,0.9231917262077332
7263,5,5,1,0.4785580337047577
7264,4,4,1,0.8548441529273987
7265,5,5,1,0.5915611982345581
7266,2,2,1,0.5301725268363953
7267,5,5,1,0.6860413551330566
7268,3,3,1,0.8415403962135315
7269,7,7,1,0.9688260555267334
7270,9,9,1,0.824590265750885
7271,7,5,0,0.6087579131126404
7272,1,1,1,0.9465726017951965
7273,4,4,1,0.9343785047531128
7274,1,9,0,0.6815972328186035
7275,3,4,0,0.5240176916122437
7276,1,1,1,0.9482710957527161
7277,4,4,1,0.7445670962333679
7278,5,5,1,0.7376270294189453
7279,5,3,0,0.5472716093063354
7280,1,8,0,0.40729281306266785
7281,7,5,0,0.5406795144081116
7282,1,1,1,0.7539594769477844
7283,3,5,0,0.5151633620262146
7284,0,0,1,0.7843838334083557
7285,1,9,0,0.701859712600708
7286,2,0,0,0.5709744691848755
7287,5,2,0,0.538153886795044
7288,7,7,1,0.6660038828849792
7289,0,0,1,0.6064425706863403
7290,6,6,1,0.7524988651275635
7291,3,3,1,0.6151441931724548
7292,5,5,1,0.5631367564201355
7293,7,7,1,0.9090820550918579
7294,5,2,0,0.5527066588401794
7295,5,5,1,0.9387842416763306
7296,8,8,1,0.9876310229301453
7297,9,9,1,0.8891169428825378
7298,4,2,0,0.6653782725334167
7299,6,6,1,0.9669941067695618
7300,3,3,1,0.45982563495635986
7301,6,4,0,0.6868230104446411
7302,6,9,0,0.42333880066871643
7303,8,8,1,0.9717962741851807
7304,2,2,1,0.6805679798126221
7305,6,6,1,0.7676782011985779
7306,4,4,1,0.9648627638816833
7307,8,0,0,0.5404644012451172
7308,4,4,1,0.921201765537262
7309,1,0,0,0.6199899315834045
7310,3,6,0,0.5162354707717896
7311,1,0,0,0.6869378685951233
7312,2,2,1,0.693949282169342
7313,3,2,0,0.6201549172401428
7314,3,3,1,0.5266059041023254
7315,0,0,1,0.7841911315917969
7316,1,1,1,0.5905967354774475
7317,6,6,1,0.9006848931312561
7318,4,2,0,0.5969148874282837
7319,2,2,1,0.8850464224815369
7320,8,8,1,0.8447715640068054
7321,2,2,1,0.8570080399513245
7322,4,4,1,0.787577211856842
7323,3,3,1,0.4850294888019562
7324,1,9,0,0.6762341856956482
7325,4,4,1,0.9754528999328613
7326,4,4,1,0.6625930070877075
7327,4,4,1,0.9771016836166382
7328,4,0,0,0.5764331221580505
7329,1,1,1,0.9122800827026367
7330,5,5,1,0.4342537820339203
7331,5,5,1,0.6948649287223816
7332,7,7,1,0.8696522116661072
7333,6,6,1,0.9025641083717346
7334,5,5,1,0.9488843679428101
7335,4,4,1,0.8905929327011108
7336,5,2,0,0.39492926001548767
7337,6,6,1,0.9691487550735474
7338,5,2,0,0.393349289894104
7339,6,6,1,0.9902097582817078
7340,2,6,0,0.4144911766052246
7341,4,4,1,0.9432308673858643
7342,7,0,0,0.4839452803134918
7343,7,5,0,0.4398343861103058
7344,4,6,0,0.7303186655044556
7345,6,6,1,0.8895587921142578
7346,5,2,0,0.6570912003517151
7347,0,0,1,0.9053021669387817
7348,2,3,0,0.5519945621490479
7349,3,3,1,0.798675000667572
7350,9,9,1,0.9302707314491272
7351,2,1,0,0.6403658390045166
7352,3,3,1,0.9360321760177612
7353,8,8,1,0.9554851651191711
7354,0,0,1,0.954369068145752
7355,7,7,1,0.9697808623313904
7356,0,0,1,0.7617117166519165
7357,6,8,0,0.5448705554008484
7358,8,0,0,0.5462003350257874
7359,1,1,1,0.9774961471557617
7360,2,6,0,0.5237879157066345
7361,8,8,1,0.9247971177101135
7362,9,9,1,0.4740455150604248
7363,1,1,1,0.9111034274101257
7364,5,3,0,0.451138973236084
7365,4,4,1,0.8042280077934265
7366,2,2,1,0.9190545082092285
7367,3,5,0,0.5907411575317383
7368,5,5,1,0.7558487057685852
7369,5,5,1,0.8070958852767944
7370,3,5,0,0.5591405034065247
7371,6,6,1,0.8256121277809143
7372,5,5,1,0.8922895789146423
7373,0,0,1,0.8769961595535278
7374,3,3,1,0.6046391129493713
7375,2,4,0,0.37911051511764526
7376,1,1,1,0.9012698531150818
7377,3,2,0,0.6786856651306152
7378,3,3,1,0.5300077199935913
7379,7,4,0,0.809105396270752
7380,7,7,1,0.6607456207275391
7381,4,4,1,0.9668834209442139
7382,9,8,0,0.4738341271877289
7383,4,4,1,0.8415653109550476
7384,3,3,1,0.7374869585037231
7385,9,9,1,0.8971781134605408
7386,5,5,1,0.6647772789001465
7387,1,1,1,0.9309050440788269
7388,7,2,0,0.7338146567344666
7389,6,6,1,0.5127809643745422
7390,6,6,1,0.9751092195510864
7391,4,4,1,0.7279243469238281
7392,8,8,1,0.6064638495445251
7393,5,5,1,0.5474774241447449
7394,1,1,1,0.9396570324897766
7395,2,3,0,0.5033316016197205
7396,8,8,1,0.9164182543754578
7397,4,4,1,0.7667316198348999
7398,5,3,0,0.8222764730453491
7399,3,5,0,0.5509472489356995
7400,3,7,0,0.7130626440048218
7401,3,3,1,0.7533167600631714
7402,0,9,0,0.5904865264892578
7403,4,4,1,0.6067052483558655
7404,8,8,1,0.5089520215988159
7405,7,7,1,0.9591613411903381
7406,7,6,0,0.7216812372207642
7407,9,9,1,0.7959536910057068
7408,4,2,0,0.4676859974861145
7409,8,8,1,0.9659954309463501
7410,4,9,0,0.43613189458847046
7411,5,5,1,0.5458499789237976
7412,9,9,1,0.7044839859008789
7413,1,8,0,0.4904271364212036
7414,8,0,0,0.5738406181335449
7415,3,3,1,0.4977605938911438
7416,1,8,0,0.7192603349685669
7417,3,3,1,0.9067282676696777
7418,8,8,1,0.8123708367347717
7419,0,0,1,0.4349755048751831
7420,3,4,0,0.8350450396537781
7421,5,5,1,0.8755089640617371
7422,4,4,1,0.7963992953300476
7423,6,6,1,0.611353874206543
7424,9,9,1,0.9590486288070679
7425,2,2,1,0.9502942562103271
7426,7,7,1,0.944025456905365
7427,2,4,0,0.6601267457008362
7428,0,0,1,0.9591792225837708
7429,5,3,0,0.48128587007522583
7430,2,2,1,0.529529333114624
7431,9,8,0,0.452274888753891
7432,7,7,1,0.9614970088005066
7433,5,5,1,0.862179160118103
7434,0,0,1,0.9425137042999268
7435,7,3,0,0.7331045866012573
7436,0,8,0,0.49082839488983154
7437,3,3,1,0.548915684223175
7438,5,3,0,0.5060596466064453
7439,5,3,0,0.6238827109336853
7440,3,3,1,0.7563011050224304
7441,8,8,1,0.7109490633010864
7442,7,7,1,0.8208501935005188
7443,7,3,0,0.6072985529899597
7444,9,1,0,0.9004327654838562
7445,6,6,1,0.584109365940094
7446,5,6,0,0.44056180119514465
7447,8,0,0,0.5383883714675903
7448,9,9,1,0.6922590732574463
7449,0,6,0,0.553821861743927
7450,1,1,1,0.9293591976165771
7451,9,9,1,0.9263061285018921
7452,4,4,1,0.7390699982643127
7453,0,1,0,0.6957926154136658
7454,0,0,1,0.6582871675491333
7455,1,9,0,0.7237086892127991
7456,7,7,1,0.6437035799026489
7457,2,4,0,0.40959540009498596
7458,2,0,0,0.5502141118049622
7459,8,1,0,0.646719217300415
7460,5,5,1,0.9038712382316589
7461,9,9,1,0.7222767472267151
7462,8,8,1,0.7236513495445251
7463,2,2,1,0.8717326521873474
7464,8,8,1,0.9564713835716248
7465,0,0,1,0.6770998239517212
7466,6,6,1,0.9339789748191833
7467,6,6,1,0.9538675546646118
7468,8,8,1,0.8749693632125854
7469,6,6,1,0.9112045764923096
7470,9,9,1,0.9206980466842651
7471,6,3,0,0.5720566511154175
7472,1,1,1,0.5012738108634949
7473,1,1,1,0.965700089931488
7474,5,5,1,0.7642130255699158
7475,3,3,1,0.7946723699569702
7476,5,5,1,0.7686601877212524
7477,0,0,1,0.8689335584640503
7478,7,3,0,0.41929081082344055
7479,6,6,1,0.968992292881012
7480,1,1,1,0.8471329212188721
7481,4,4,1,0.8405863642692566
7482,4,4,1,0.7552067637443542
7483,1,1,1,0.7195026874542236
7484,1,1,1,0.9117256999015808
7485,8,8,1,0.6010462045669556
7486,1,1,1,0.9361090660095215
7487,1,1,1,0.9213718771934509
7488,2,2,1,0.7914432883262634
7489,3,3,1,0.5567688345909119
7490,4,4,1,0.7610167860984802
7491,9,5,0,0.4156617224216461
7492,9,9,1,0.8738892078399658
7493,5,5,1,0.714592456817627
7494,2,2,1,0.8752409815788269
7495,7,7,1,0.9365563988685608
7496,3,6,0,0.45185115933418274
7497,3,5,0,0.739708423614502
7498,6,6,1,0.7265430688858032
7499,9,1,0,0.47148531675338745
7500,6,0,0,0.4405815005302429
7501,9,9,1,0.8843227028846741
7502,8,8,1,0.7052497267723083
7503,8,8,1,0.508216142654419
7504,6,4,0,0.5396670699119568
7505,7,7,1,0.8847050070762634
7506,4,4,1,0.9748368859291077
7507,7,7,1,0.529522716999054
7508,2,4,0,0.8389143943786621
7509,3,5,0,0.4456365406513214
7510,8,3,0,0.39901652932167053
7511,0,0,1,0.6922525763511658
7512,9,9,1,0.906356930732727
7513,0,9,0,0.7468418478965759
7514,7,7,1,0.8159711956977844
7515,8,8,1,0.8776348829269409
7516,1,9,0,0.7072020769119263
7517,2,2,1,0.5151497721672058
7518,3,2,0,0.47480493783950806
7519,2,8,0,0.6382617354393005
7520,4,3,0,0.4444821774959564
7521,2,2,1,0.9408683180809021
7522,9,9,1,0.6297115683555603
7523,0,0,1,0.6037425398826599
7524,3,9,0,0.35744377970695496
7525,8,8,1,0.9565305709838867
7526,9,0,0,0.6687011122703552
7527,6,4,0,0.620023250579834
7528,5,5,1,0.9701657295227051
7529,5,5,1,0.8105255365371704
7530,2,0,0,0.5974327921867371
7531,4,4,1,0.6809279918670654
7532,1,1,1,0.931308388710022
7533,0,0,1,0.7251138687133789
7534,6,6,1,0.9323343634605408
7535,1,1,1,0.9468379020690918
7536,8,8,1,0.7507574558258057
7537,4,4,1,0.6294206380844116
7538,5,5,1,0.9267555475234985
7539,5,5,1,0.7040227055549622
7540,5,5,1,0.9224210977554321
7541,0,0,1,0.690912127494812
7542,8,0,0,0.5311439633369446
7543,9,9,1,0.9336265921592712
7544,0,0,1,0.9312254786491394
7545,5,2,0,0.7004674077033997
7546,7,0,0,0.5179752707481384
7547,9,9,1,0.7891386151313782
7548,6,0,0,0.5685550570487976
7549,3,5,0,0.6440438032150269
7550,4,4,1,0.8322881460189819
7551,6,5,0,0.4434202313423157
7552,4,4,1,0.8001309633255005
7553,9,1,0,0.39361289143562317
7554,7,4,0,0.5934755206108093
7555,1,1,1,0.9562646150588989
7556,2,2,1,0.688574492931366
7557,5,7,0,0.47283458709716797
7558,2,2,1,0.7609905004501343
7559,8,8,1,0.6365195512771606
7560,0,0,1,0.7564576268196106
7561,2,3,0,0.4742954671382904
7562,2,6,0,0.47528907656669617
7563,9,9,1,0.9641464948654175
7564,8,8,1,0.7982060313224792
7565,1,1,1,0.948036789894104
7566,9,9,1,0.7530987858772278
7567,7,7,1,0.926185131072998
7568,7,3,0,0.5826289057731628
7569,3,3,1,0.5255292654037476
7570,1,1,1,0.9812858700752258
7571,4,6,0,0.443080872297287
7572,1,1,1,0.9072697162628174
7573,1,1,1,0.7369090914726257
7574,3,2,0,0.6111069917678833
7575,8,8,1,0.9214010834693909
7576,8,8,1,0.9474655985832214
7577,1,8,0,0.8130742907524109
7578,9,1,0,0.6043511629104614
7579,3,3,1,0.8627877235412598
7580,8,8,1,0.827278196811676
7581,9,9,1,0.8466957807540894
7582,5,3,0,0.5529734492301941
7583,1,1,1,0.925537645816803
7584,1,1,1,0.9398662447929382
7585,6,6,1,0.977423906326294
7586,2,2,1,0.9192698001861572
7587,7,7,1,0.7683172225952148
7588,2,5,0,0.5743180513381958
7589,6,6,1,0.8362948298454285
7590,2,4,0,0.5942678451538086
7591,6,6,1,0.8365228772163391
7592,9,9,1,0.7820509076118469
7593,6,6,1,0.9535971879959106
7594,0,0,1,0.8964088559150696
7595,1,1,1,0.8384470343589783
7596,3,5,0,0.49524542689323425
7597,9,9,1,0.6537618041038513
7598,3,5,0,0.5428895354270935
7599,8,8,1,0.8381268978118896
7600,8,1,0,0.6554871797561646
7601,8,8,1,0.9342376589775085
7602,2,6,0,0.7551623582839966
7603,9,9,1,0.8963302969932556
7604,1,1,1,0.8520459532737732
7605,2,4,0,0.6746374368667603
7606,6,6,1,0.8140938878059387
7607,0,0,1,0.9350459575653076
7608,5,5,1,0.9175450205802917
7609,0,7,0,0.44577181339263916
7610,7,7,1,0.7105804681777954
7611,7,2,0,0.49502870440483093
7612,7,7,1,0.8901827335357666
7613,9,9,1,0.3991395831108093
7614,4,4,1,0.9634392857551575
7615,5,5,1,0.9015329480171204
7616,0,0,1,0.7043026685714722
7617,2,2,1,0.5696190595626831
7618,3,3,1,0.7114897966384888
7619,5,8,0,0.36477038264274597
7620,5,9,0,0.5023702383041382
7621,8,8,1,0.8891214728355408
7622,9,0,0,0.40005001425743103
7623,1,1,1,0.8316686153411865
7624,2,2,1,0.5455856323242188
7625,7,7,1,0.738477349281311
7626,1,1,1,0.8694250583648682
7627,3,3,1,0.6171737313270569
7628,4,4,1,0.5873476266860962
7629,6,6,1,0.7635246515274048
7630,9,9,1,0.9054285287857056
7631,1,1,1,0.9683391451835632
7632,0,1,0,0.6585240364074707
7633,7,7,1,0.5198943614959717
7634,1,1,1,0.8995019197463989
7635,9,0,0,0.3749607503414154
7636,5,3,0,0.6779414415359497
7637,8,8,1,0.9623953104019165
7638,1,1,1,0.404296338558197
7639,9,9,1,0.8551609516143799
7640,9,8,0,0.5210153460502625
7641,7,5,0,0.5137425065040588
7642,9,9,1,0.9066206812858582
7643,8,8,1,0.9042076468467712
7644,3,3,1,0.5793197751045227
7645,0,0,1,0.91436767578125
7646,2,2,1,0.5549206733703613
7647,6,6,1,0.9568246603012085
7648,0,0,1,0.6600400805473328
7649,2,2,1,0.5898627042770386
7650,2,2,1,0.8279426693916321
7651,4,4,1,0.9416595697402954
7652,0,0,1,0.840294599533081
7653,8,2,0,0.637067973613739
7654,4,4,1,0.8504683375358582
7655,8,8,1,0.6802182197570801
7656,1,1,1,0.9271271228790283
7657,2,7,0,0.5162968635559082
7658,7,4,0,0.4475249946117401
7659,2,2,1,0.8314095735549927
7660,7,9,0,0.5236678123474121
7661,9,9,1,0.6333531141281128
7662,5,5,1,0.8595069050788879
7663,2,2,1,0.8996446132659912
7664,2,2,1,0.8908525705337524
7665,9,9,1,0.9025546908378601
7666,2,7,0,0.8928198218345642
7667,6,6,1,0.6892379522323608
7668,5,5,1,0.7593147158622742
7669,7,4,0,0.7746552228927612
7670,2,6,0,0.7592500448226929
7671,5,5,1,0.7223024368286133
7672,6,3,0,0.37687233090400696
7673,5,2,0,0.4622739851474762
7674,1,0,0,0.5154582858085632
7675,8,8,1,0.6965477466583252
7676,2,6,0,0.42599251866340637
7677,6,1,0,0.6246872544288635
7678,8,8,1,0.972658097743988
7679,6,2,0,0.7810664176940918
7680,3,5,0,0.6611548662185669
7681,0,0,1,0.9236265420913696
7682,8,8,1,0.8322335481643677
7683,0,0,1,0.7572624683380127
7684,0,0,1,0.8629403114318848
7685,9,0,0,0.7558456659317017
7686,9,2,0,0.63242506980896
7687,6,4,0,0.5050343871116638
7688,8,8,1,0.6215003132820129
7689,0,0,1,0.7593234777450562
7690,6,6,1,0.8753219246864319
7691,6,6,1,0.9649247527122498
7692,0,0,1,0.8636489510536194
7693,7,7,1,0.9098795056343079
7694,9,9,1,0.916684091091156
7695,8,8,1,0.7071648836135864
7696,0,1,0,0.8661896586418152
7697,5,2,0,0.44471287727355957
7698,0,0,1,0.9251297116279602
7699,9,9,1,0.8613227009773254
7700,6,6,1,0.870492160320282
7701,0,0,1,0.48060014843940735
7702,4,4,1,0.6553705334663391
7703,7,7,1,0.9495428800582886
7704,1,1,1,0.9381445646286011
7705,7,2,0,0.7509505152702332
7706,8,8,1,0.723329484462738
7707,8,8,1,0.9333168268203735
7708,2,2,1,0.59768146276474
7709,3,4,0,0.3987129032611847
7710,9,9,1,0.8994051218032837
7711,6,4,0,0.6854276657104492
7712,5,5,1,0.4041796326637268
7713,5,3,0,0.34467002749443054
7714,3,3,1,0.7376251816749573
7715,1,1,1,0.5184696912765503
7716,5,5,1,0.7599480152130127
7717,3,3,1,0.5610556602478027
7718,0,0,1,0.9057518243789673
7719,2,3,0,0.5105895400047302
7720,5,5,1,0.883995532989502
7721,2,2,1,0.6509647965431213
7722,7,2,0,0.5726386308670044
7723,3,3,1,0.5877751111984253
7724,8,8,1,0.9833324551582336
7725,4,4,1,0.9403194785118103
7726,4,4,1,0.8478133082389832
7727,6,6,1,0.9359124302864075
7728,1,1,1,0.9254036545753479
7729,9,1,0,0.7081661224365234
7730,4,4,1,0.8049942255020142
7731,1,1,1,0.9634748697280884
7732,7,1,0,0.47751009464263916
7733,0,0,1,0.8512978553771973
7734,1,0,0,0.4347831904888153
7735,4,0,0,0.5986912250518799
7736,3,5,0,0.7587020397186279
7737,0,0,1,0.7216475009918213
7738,2,2,1,0.6884681582450867
7739,9,9,1,0.9011419415473938
7740,4,4,1,0.631133496761322
7741,5,3,0,0.7443054914474487
7742,0,0,1,0.917146623134613
7743,3,3,1,0.5931329727172852
7744,4,6,0,0.6250619292259216
7745,7,7,1,0.573311984539032
7746,2,2,1,0.3831194341182709
7747,3,2,0,0.3679819405078888
7748,0,0,1,0.9597408175468445
7749,1,1,1,0.9024003148078918
7750,3,2,0,0.4450336992740631
7751,7,7,1,0.6401817798614502
7752,9,9,1,0.8165228366851807
7753,9,9,1,0.7714265584945679
7754,0,0,1,0.5334663391113281
7755,7,7,1,0.8384395241737366
7756,5,4,0,0.405341237783432
7757,6,6,1,0.7426602244377136
7758,7,7,1,0.9653209447860718
7759,1,1,1,0.9576140642166138
7760,2,2,1,0.616310179233551
7761,2,3,0,0.79430091381073
7762,7,7,1,0.9544973969459534
7763,4,3,0,0.5117976069450378
7764,6,6,1,0.9509999752044678
7765,8,8,1,0.9142725467681885
7766,4,4,1,0.5657371878623962
7767,9,9,1,0.8185535073280334
7768,8,8,1,0.5290258526802063
7769,4,4,1,0.5315791964530945
7770,9,9,1,0.6367442607879639
7771,2,2,1,0.8873827457427979
7772,3,3,1,0.8039425611495972
7773,4,6,0,0.5146328806877136
7774,0,0,1,0.965923547744751
7775,2,2,1,0.7777135968208313
7776,5,5,1,0.8834801316261292
7777,6,6,1,0.8444255590438843
7778,0,6,0,0.44309166073799133
7779,5,3,0,0.6616068482398987
7780,3,3,1,0.5158992409706116
7781,5,1,0,0.7059040069580078
7782,8,8,1,0.9603116512298584
7783,3,5,0,0.9040257930755615
7784,7,3,0,0.38077017664909363
7785,4,2,0,0.7548960447311401
7786,9,4,0,0.3766355514526367
7787,5,5,1,0.5607640147209167
7788,6,6,1,0.8276770710945129
7789,3,4,0,0.37891319394111633
7790,8,8,1,0.9562516808509827
7791,6,6,1,0.7949122190475464
7792,9,1,0,0.8697707653045654
7793,8,8,1,0.9454799294471741
7794,5,4,0,0.45260411500930786
7795,5,5,1,0.7252901792526245
7796,8,8,1,0.979475200176239
7797,3,6,0,0.7244147658348083
7798,5,5,1,0.5544313192367554
7799,9,9,1,0.7844449281692505
7800,0,0,1,0.8037963509559631
7801,4,2,0,0.6718801856040955
7802,2,2,1,0.6031861305236816
7803,0,0,1,0.8411588668823242
7804,5,5,1,0.9015295505523682
7805,9,4,0,0.6254087686538696
7806,9,1,0,0.7069939374923706
7807,3,3,1,0.6553860902786255
7808,8,8,1,0.854914665222168
7809,0,4,0,0.5616291761398315
7810,6,6,1,0.9264894723892212
7811,0,0,1,0.818123459815979
7812,2,4,0,0.4469754099845886
7813,3,0,0,0.5275878310203552
7814,7,7,1,0.9533066153526306
7815,0,0,1,0.434591680765152
7816,0,4,0,0.6085184216499329
7817,6,6,1,0.9759941697120667
7818,9,9,1,0.9467945694923401
7819,1,1,1,0.907364547252655
7820,5,5,1,0.7476963400840759
7821,2,2,1,0.6458272337913513
7822,2,6,0,0.8686844706535339
7823,7,7,1,0.5243364572525024
7824,9,9,1,0.6273720860481262
7825,3,8,0,0.7146841287612915
7826,9,1,0,0.8882158994674683
7827,3,7,0,0.5533080697059631
7828,5,0,0,0.4131421744823456
7829,2,6,0,0.607129693031311
7830,2,9,0,0.43813958764076233
7831,2,4,0,0.8607704043388367
7832,8,8,1,0.7850436568260193
7833,8,8,1,0.6800490021705627
7834,5,0,0,0.3231751024723053
7835,0,0,1,0.840473473072052
7836,0,0,1,0.7234606146812439
7837,7,7,1,0.9693183898925781
7838,0,0,1,0.9046546816825867
7839,3,3,1,0.5430442690849304
7840,1,1,1,0.943610429763794
7841,6,2,0,0.6771315336227417
7842,5,5,1,0.8102454543113708
7843,0,3,0,0.5022145509719849
7844,9,9,1,0.5732834935188293
7845,2,2,1,0.7754230499267578
7846,6,6,1,0.9256511926651001
7847,7,3,0,0.4558839201927185
7848,4,2,0,0.592709481716156
7849,2,0,0,0.8740530610084534
7850,0,0,1,0.8248547911643982
7851,0,0,1,0.6535692811012268
7852,5,7,0,0.7677618861198425
7853,3,3,1,0.41504737734794617
7854,3,3,1,0.8594020009040833
7855,2,2,1,0.5842674970626831
7856,6,6,1,0.501218855381012
7857,4,6,0,0.8689104914665222
7858,2,5,0,0.7093393802642822
7859,7,3,0,0.5477172136306763
7860,8,8,1,0.9173556566238403
7861,0,9,0,0.543476939201355
7862,1,1,1,0.8227646350860596
7863,0,0,1,0.8809458017349243
7864,1,1,1,0.8027797937393188
7865,3,3,1,0.6849324703216553
7866,6,6,1,0.8269041776657104
7867,4,0,0,0.5850555300712585
7868,8,8,1,0.5658915638923645
7869,0,0,1,0.6953471302986145
7870,6,6,1,0.9354093074798584
7871,0,2,0,0.6505811810493469
7872,9,1,0,0.6083596348762512
7873,1,1,1,0.8399845361709595
7874,6,6,1,0.7857774496078491
7875,2,6,0,0.702534019947052
7876,1,1,1,0.6623979210853577
7877,0,1,0,0.7962421178817749
7878,1,1,1,0.5360770225524902
7879,3,6,0,0.6551492810249329
7880,0,0,1,0.8804320096969604
7881,3,3,1,0.34610050916671753
7882,7,7,1,0.7910902500152588
7883,9,9,1,0.8099902272224426
7884,9,1,0,0.6915796399116516
7885,3,3,1,0.48957061767578125
7886,7,7,1,0.9886146187782288
7887,5,3,0,0.43112266063690186
7888,7,7,1,0.9728902578353882
7889,1,1,1,0.8451735973358154
7890,6,6,1,0.9500882625579834
7891,6,6,1,0.997878909111023
7892,1,9,0,0.7920443415641785
7893,1,8,0,0.40102478861808777
7894,1,1,1,0.9340050220489502
7895,4,4,1,0.7563843727111816
7896,4,4,1,0.4617803990840912
7897,2,7,0,0.34316956996917725
7898,1,9,0,0.5563250780105591
7899,7,7,1,0.4147622883319855
7900,0,0,1,0.867280125617981
7901,1,1,1,0.9726461172103882
7902,2,2,1,0.9017719626426697
7903,1,1,1,0.6390935182571411
7904,1,1,1,0.8613429069519043
7905,3,3,1,0.8235448002815247
7906,2,4,0,0.7445118427276611
7907,6,6,1,0.43047019839286804
7908,9,9,1,0.5032340884208679
7909,1,1,1,0.5134473443031311
7910,3,3,1,0.7910634279251099
7911,2,2,1,0.4536301791667938
7912,0,2,0,0.5039399266242981
7913,8,0,0,0.6287745833396912
7914,7,7,1,0.6727921962738037
7915,3,3,1,0.839336633682251
7916,4,4,1,0.5033308863639832
7917,6,6,1,0.7297756671905518
7918,4,4,1,0.6115779876708984
7919,6,6,1,0.6900849938392639
7920,9,2,0,0.7613164186477661
7921,4,4,1,0.8162801861763
7922,8,2,0,0.5674848556518555
7923,9,6,0,0.7573873996734619
7924,3,5,0,0.7574817538261414
7925,0,0,1,0.8774021863937378
7926,5,5,1,0.5297537446022034
7927,7,4,0,0.4986964762210846
7928,2,2,1,0.8684983253479004
7929,0,0,1,0.7896639704704285
7930,2,8,0,0.4594176113605499
7931,9,6,0,0.5380880832672119
7932,9,9,1,0.7836253643035889
7933,3,5,0,0.5972808003425598
7934,8,8,1,0.9725725054740906
7935,7,5,0,0.3267993628978729
7936,1,1,1,0.9626904129981995
7937,1,0,0,0.3802200257778168
7938,2,2,1,0.4170272648334503
7939,2,2,1,0.8192831873893738
7940,2,2,1,0.6863576769828796
7941,5,5,1,0.7111526727676392
7942,9,9,1,0.531478226184845
7943,1,1,1,0.7607417702674866
7944,2,2,1,0.8566281199455261
7945,6,4,0,0.6174380779266357
7946,1,1,1,0.9198543429374695
7947,2,6,0,0.7515482306480408
7948,1,1,1,0.9674544334411621
7949,8,8,1,0.8433490991592407
7950,9,0,0,0.43818819522857666
7951,2,2,1,0.9760100245475769
7952,3,2,0,0.5448448061943054
7953,1,1,1,0.6789449453353882
7954,9,9,1,0.64505535364151
7955,9,9,1,0.534145176410675
7956,4,3,0,0.5781340003013611
7957,4,4,1,0.6266883611679077
7958,5,4,0,0.5389748215675354
7959,5,8,0,0.5461986660957336
7960,0,0,1,0.6852192282676697
7961,3,6,0,0.47905001044273376
7962,3,5,0,0.5727022886276245
7963,7,4,0,0.4770164489746094
7964,1,0,0,0.697242259979248
7965,7,7,1,0.9485931992530823
7966,7,2,0,0.6877758502960205
7967,9,1,0,0.4484005570411682
7968,8,8,1,0.9337892532348633
7969,6,3,0,0.4440814256668091
7970,3,9,0,0.5589224100112915
7971,5,5,1,0.9161170125007629
7972,5,5,1,0.5393460392951965
7973,1,1,1,0.5222724080085754
7974,6,6,1,0.5548922419548035
7975,2,2,1,0.5029152631759644
7976,7,4,0,0.6617828011512756
7977,8,8,1,0.8568341135978699
7978,4,4,1,0.492848664522171
7979,3,5,0,0.6031897068023682
7980,3,3,1,0.519609808921814
7981,5,5,1,0.8250916004180908
7982,9,9,1,0.8392660021781921
7983,6,8,0,0.8377482891082764
7984,8,8,1,0.9461156129837036
7985,5,5,1,0.7011368870735168
7986,1,1,1,0.9356842041015625
7987,0,0,1,0.9358252286911011
7988,6,3,0,0.6962889432907104
7989,7,6,0,0.56144779920578
7990,0,2,0,0.4925261437892914
7991,9,9,1,0.9179602861404419
7992,6,6,1,0.9897750020027161
7993,2,2,1,0.544367253780365
7994,0,0,1,0.7292401194572449
7995,8,8,1,0.9777798056602478
7996,7,7,1,0.8099690675735474
7997,1,1,1,0.8662578463554382
7998,2,1,0,0.4018974304199219
7999,6,6,1,0.7866573333740234
8000,9,9,1,0.9268047213554382
8001,1,1,1,0.7212360501289368
8002,6,4,0,0.6672552227973938
8003,4,4,1,0.5339627861976624
8004,7,7,1,0.56123948097229
8005,1,1,1,0.9344057440757751
8006,9,4,0,0.3183680474758148
8007,0,0,1,0.46418172121047974
8008,0,0,1,0.950386643409729
8009,5,1,0,0.7113749384880066
8010,2,0,0,0.3496341109275818
8011,8,8,1,0.9414241313934326
8012,3,3,1,0.8066121935844421
8013,8,8,1,0.9716835618019104
8014,2,2,1,0.7454558610916138
8015,8,8,1,0.9333273768424988
8016,4,4,1,0.8988784551620483
8017,0,0,1,0.766321063041687
8018,8,6,0,0.4110792577266693
8019,3,3,1,0.6864373087882996
8020,6,3,0,0.684808611869812
8021,1,1,1,0.990519106388092
8022,2,2,1,0.5400048494338989
8023,3,5,0,0.6779412627220154
8024,0,0,1,0.5856100916862488
8025,5,5,1,0.8095600008964539
8026,0,1,0,0.5729315280914307
8027,4,7,0,0.7981281280517578
8028,1,9,0,0.6073259711265564
8029,7,7,1,0.788068413734436
8030,2,3,0,0.45048055052757263
8031,0,8,0,0.9324300289154053
8032,1,1,1,0.8961015343666077
8033,3,3,1,0.6147697567939758
8034,9,9,1,0.7130165100097656
8035,1,1,1,0.9429513216018677
8036,6,3,0,0.5781320333480835
8037,1,1,1,0.5735166668891907
8038,6,6,1,0.8574143052101135
8039,1,1,1,0.957053542137146
8040,2,2,1,0.981760561466217
8041,8,3,0,0.4067133963108063
8042,7,3,0,0.5514103770256042
8043,0,0,1,0.7243038415908813
8044,9,9,1,0.8518025875091553
8045,5,5,1,0.8584259152412415
8046,8,3,0,0.4305057227611542
8047,0,8,0,0.6051039099693298
8048,0,5,0,0.4500657021999359
8049,1,1,1,0.6048513650894165
8050,7,2,0,0.6837850213050842
8051,9,9,1,0.8431785106658936
8052,7,4,0,0.6411685347557068
8053,1,1,1,0.6572613716125488
8054,9,9,1,0.849716067314148
8055,2,2,1,0.8696509003639221
8056,1,4,0,0.4233216643333435
8057,9,9,1,0.7858847975730896
8058,4,7,0,0.6848352551460266
8059,3,3,1,0.60875004529953
8060,6,6,1,0.9917483925819397
8061,0,0,1,0.8824608325958252
8062,2,2,1,0.4147528111934662
8063,0,0,1,0.8812739849090576
8064,0,0,1,0.5831775069236755
8065,9,9,1,0.9361248016357422
8066,9,9,1,0.68259596824646
8067,8,8,1,0.9670787453651428
8068,9,9,1,0.3789747357368469
8069,4,2,0,0.851701021194458
8070,5,2,0,0.5110448598861694
8071,4,4,1,0.3804309368133545
8072,3,3,1,0.6547083854675293
8073,0,8,0,0.5845463871955872
8074,7,7,1,0.8405313491821289
8075,8,8,1,0.4388112723827362
8076,7,7,1,0.9715257287025452
8077,3,1,0,0.6371387243270874
8078,7,3,0,0.5905911326408386
8079,5,5,1,0.4718687832355499
8080,4,6,0,0.5654613375663757
8081,6,6,1,0.9761117696762085
8082,5,5,1,0.687157392501831
8083,9,9,1,0.8477851152420044
8084,5,3,0,0.7649096250534058
8085,2,3,0,0.6174348592758179
8086,4,3,0,0.558758556842804
8087,2,2,1,0.6171457767486572
8088,7,7,1,0.9637811183929443
8089,9,9,1,0.9224836826324463
8090,6,6,1,0.6565113663673401
8091,7,8,0,0.6185897588729858
8092,4,3,0,0.423760324716568
8093,7,2,0,0.6248698234558105
8094,1,1,1,0.9304395318031311
8095,2,2,1,0.953050971031189
8096,3,3,1,0.8897437453269958
8097,1,1,1,0.892315685749054
8098,1,1,1,0.7877431511878967
8099,3,3,1,0.5334757566452026
8100,6,6,1,0.6610137820243835
8101,8,8,1,0.5607885122299194
8102,3,1,0,0.45551538467407227
8103,7,7,1,0.8038293123245239
8104,7,7,1,0.6321712136268616
8105,0,0,1,0.6688461899757385
8106,8,8,1,0.9776461720466614
8107,1,1,1,0.8768013119697571
8108,5,5,1,0.8267114162445068
8109,2,6,0,0.8312556147575378
8110,5,6,0,0.7144936919212341
8111,5,5,1,0.5184475779533386
8112,3,6,0,0.7578081488609314
8113,6,6,1,0.9142636656761169
8114,3,3,1,0.8830626010894775
8115,5,2,0,0.8015853762626648
8116,9,9,1,0.7108527421951294
8117,8,8,1,0.9359928965568542
8118,4,5,0,0.49687737226486206
8119,6,3,0,0.6419710516929626
8120,8,0,0,0.6579861640930176
8121,0,0,1,0.9369028210639954
8122,4,6,0,0.6657259464263916
8123,1,1,1,0.6198481321334839
8124,7,4,0,0.6958441734313965
8125,8,1,0,0.631453275680542
8126,4,3,0,0.5175163745880127
8127,9,8,0,0.6708967089653015
8128,7,3,0,0.5785597562789917
8129,2,2,1,0.5545620918273926
8130,6,6,1,0.8197258710861206
8131,3,6,0,0.5806466937065125
8132,8,8,1,0.8146905899047852
8133,8,8,1,0.9152978658676147
8134,6,6,1,0.6058953404426575
8135,7,2,0,0.4653661847114563
8136,3,8,0,0.58863365650177
8137,8,8,1,0.7591606974601746
8138,1,1,1,0.843544602394104
8139,1,1,1,0.9058290123939514
8140,5,2,0,0.6650170087814331
8141,3,6,0,0.8597859144210815
8142,7,4,0,0.8593074679374695
8143,9,6,0,0.5691299438476562
8144,9,9,1,0.8504956960678101
8145,9,0,0,0.4027458429336548
8146,8,8,1,0.8890230655670166
8147,5,3,0,0.48800647258758545
8148,9,3,0,0.5048671364784241
8149,9,9,1,0.8943985104560852
8150,6,6,1,0.8870224952697754
8151,8,8,1,0.9512970447540283
8152,8,8,1,0.9541549682617188
8153,4,8,0,0.5656512975692749
8154,8,8,1,0.6469299793243408
8155,1,1,1,0.8191347122192383
8156,0,1,0,0.461158812046051
8157,1,1,1,0.7718653082847595
8158,8,8,1,0.6327598094940186
8159,8,8,1,0.6816627979278564
8160,6,6,1,0.7186886072158813
8161,5,3,0,0.8159587979316711
8162,9,1,0,0.7466139793395996
8163,0,0,1,0.5531554818153381
8164,6,2,0,0.6655857563018799
8165,1,1,1,0.6134119033813477
8166,2,6,0,0.46550214290618896
8167,6,6,1,0.9412763118743896
8168,6,6,1,0.7988263368606567
8169,3,3,1,0.6154937744140625
8170,5,5,1,0.8161149621009827
8171,6,3,0,0.5916180610656738
8172,5,2,0,0.6667701005935669
8173,5,3,0,0.6163405179977417
8174,3,3,1,0.4318426847457886
8175,3,5,0,0.36222049593925476
8176,6,6,1,0.5798946022987366
8177,8,8,1,0.7020615935325623
8178,9,1,0,0.7801251411437988
8179,4,4,1,0.8951079249382019
8180,4,2,0,0.5563740134239197
8181,3,4,0,0.6225883960723877
8182,8,8,1,0.8909263610839844
8183,3,5,0,0.6099689602851868
8184,6,6,1,0.5066677927970886
8185,0,0,1,0.9453029632568359
8186,8,8,1,0.9842411279678345
8187,5,5,1,0.9232456684112549
8188,7,7,1,0.9000133872032166
8189,8,8,1,0.8360316753387451
8190,4,4,1,0.6853852272033691
8191,6,2,0,0.602169930934906
8192,5,5,1,0.5856226086616516
8193,3,3,1,0.7639487981796265
8194,1,1,1,0.572935938835144
8195,8,8,1,0.9781181216239929
8196,3,9,0,0.6244375109672546
8197,0,0,1,0.7030102610588074
8198,4,2,0,0.7546740770339966
8199,4,4,1,0.7239236235618591
8200,3,3,1,0.5147135853767395
8201,3,3,1,0.5702369213104248
8202,5,5,1,0.777014434337616
8203,3,3,1,0.5898228287696838
8204,3,3,1,0.93302983045578
8205,2,4,0,0.6388276219367981
8206,7,7,1,0.8615327477455139
8207,7,7,1,0.9788554310798645
8208,8,8,1,0.8468246459960938
8209,2,3,0,0.3881397843360901
8210,0,0,1,0.9018062353134155
8211,5,5,1,0.9700461626052856
8212,5,6,0,0.5048919320106506
8213,6,4,0,0.5683424472808838
8214,1,1,1,0.9503692984580994
8215,1,1,1,0.827809751033783
8216,3,3,1,0.7686344981193542
8217,9,8,0,0.5769299864768982
8218,9,9,1,0.46277353167533875
8219,3,9,0,0.5089486837387085
8220,6,6,1,0.6563972234725952
8221,7,7,1,0.9342769980430603
8222,1,8,0,0.5981583595275879
8223,8,8,1,0.8629746437072754
8224,3,3,1,0.7921785712242126
8225,9,9,1,0.7793887853622437
8226,8,8,1,0.8322813510894775
8227,7,7,1,0.6277632117271423
8228,8,8,1,0.9316736459732056
8229,8,6,0,0.40396401286125183
8230,0,0,1,0.6428974270820618
8231,3,7,0,0.34856322407722473
8232,2,5,0,0.43838274478912354
8233,4,3,0,0.5391779541969299
8234,8,0,0,0.8012529611587524
8235,7,7,1,0.6344406008720398
8236,5,2,0,0.476785808801651
8237,7,4,0,0.659763514995575
8238,1,1,1,0.958213746547699
8239,8,8,1,0.9706066846847534
8240,7,7,1,0.9528045654296875
8241,3,3,1,0.6520602107048035
8242,5,5,1,0.6622121334075928
8243,4,4,1,0.9733890295028687
8244,4,0,0,0.5464126467704773
8245,3,3,1,0.8217202425003052
8246,8,8,1,0.912006139755249
8247,6,6,1,0.980728030204773
8248,1,1,1,0.934032142162323
8249,1,9,0,0.6393886208534241
8250,6,6,1,0.7026752233505249
8251,3,3,1,0.7024272084236145
8252,2,6,0,0.7595030069351196
8253,2,2,1,0.7501084804534912
8254,8,0,0,0.3819335997104645
8255,9,9,1,0.7176467180252075
8256,8,8,1,0.9876004457473755
8257,3,3,1,0.7431868314743042
8258,3,3,1,0.5446486473083496
8259,8,8,1,0.7532798051834106
8260,1,1,1,0.4583275020122528
8261,1,1,1,0.44833919405937195
8262,0,3,0,0.38130173087120056
8263,5,5,1,0.8940930366516113
8264,2,2,1,0.5460771918296814
8265,0,0,1,0.9426652193069458
8266,5,3,0,0.6182625889778137
8267,0,0,1,0.7139585018157959
8268,5,6,0,0.5256071090698242
8269,8,4,0,0.7336404919624329
8270,6,6,1,0.9381024837493896
8271,3,3,1,0.8358718156814575
8272,9,9,1,0.7284355163574219
8273,6,6,1,0.9744735360145569
8274,6,6,1,0.6802732944488525
8275,3,5,0,0.5022426843643188
8276,9,0,0,0.9220505356788635
8277,4,4,1,0.6055755019187927
8278,8,8,1,0.3995220959186554
8279,3,2,0,0.4924358129501343
8280,4,3,0,0.45878782868385315
8281,3,7,0,0.4582434594631195
8282,1,8,0,0.763651430606842
8283,1,0,0,0.8918408751487732
8284,2,2,1,0.8613425493240356
8285,9,9,1,0.9354836940765381
8286,7,5,0,0.5786822438240051
8287,8,8,1,0.9690122604370117
8288,5,5,1,0.9477468729019165
8289,5,5,1,0.5486335158348083
8290,8,8,1,0.5601503252983093
8291,6,6,1,0.6996325254440308
8292,9,6,0,0.5231204628944397
8293,0,0,1,0.48366162180900574
8294,8,8,1,0.9777669310569763
8295,3,0,0,0.8690005540847778
8296,5,3,0,0.6660962700843811
8297,1,1,1,0.9003180265426636
8298,3,2,0,0.6797211766242981
8299,3,6,0,0.34076133370399475
8300,5,3,0,0.9122824668884277
8301,5,4,0,0.5598822236061096
8302,3,3,1,0.8085784316062927
8303,8,8,1,0.9293627738952637
8304,1,9,0,0.6917669773101807
8305,4,2,0,0.5874060988426208
8306,6,6,1,0.5186328291893005
8307,4,4,1,0.7939607501029968
8308,2,2,1,0.657936692237854
8309,4,4,1,0.4070326089859009
8310,3,3,1,0.9084252715110779
8311,8,9,0,0.6137096881866455
8312,9,1,0,0.6183581352233887
8313,6,3,0,0.4609062671661377
8314,6,6,1,0.4125078320503235
8315,6,6,1,0.8225848078727722
8316,5,4,0,0.6154183745384216
8317,5,3,0,0.4797307848930359
8318,2,0,0,0.3100554943084717
8319,7,5,0,0.5877116918563843
8320,7,9,0,0.7511889934539795
8321,4,4,1,0.715804934501648
8322,4,6,0,0.5759214162826538
8323,9,0,0,0.5550898313522339
8324,3,3,1,0.367660790681839
8325,8,4,0,0.6897998452186584
8326,3,5,0,0.6564438343048096
8327,7,7,1,0.8597070574760437
8328,7,7,1,0.5604429841041565
8329,8,8,1,0.757544219493866
8330,5,5,1,0.847143828868866
8331,3,2,0,0.8172656893730164
8332,9,9,1,0.8608924150466919
8333,1,1,1,0.9000680446624756
8334,6,6,1,0.9373905658721924
8335,7,5,0,0.4976980686187744
8336,3,3,1,0.6724512577056885
8337,3,3,1,0.6548454761505127
8338,3,2,0,0.41928067803382874
8339,8,8,1,0.9081029891967773
8340,5,3,0,0.5184434652328491
8341,6,6,1,0.8644402027130127
8342,1,0,0,0.7737022042274475
8343,3,3,1,0.7930700182914734
8344,7,7,1,0.5999578237533569
8345,9,9,1,0.6672240495681763
8346,6,3,0,0.5068861842155457
8347,1,1,1,0.4153449237346649
8348,6,6,1,0.7224149703979492
8349,4,4,1,0.8829625844955444
8350,9,9,1,0.7134747505187988
8351,0,2,0,0.7277436852455139
8352,5,5,1,0.911583423614502
8353,7,8,0,0.439231276512146
8354,4,4,1,0.9330040216445923
8355,9,9,1,0.8217435479164124
8356,1,1,1,0.9740821719169617
8357,0,6,0,0.5448811054229736
8358,0,0,1,0.9516242146492004
8359,2,2,1,0.8428065180778503
8360,7,7,1,0.863960862159729
8361,8,1,0,0.5821278095245361
8362,3,2,0,0.4514927864074707
8363,2,2,1,0.5579726099967957
8364,7,9,0,0.7185738682746887
8365,6,6,1,0.9313490390777588
8366,1,9,0,0.6296606063842773
8367,6,6,1,0.8789026737213135
8368,6,6,1,0.9304267168045044
8369,4,6,0,0.5483759045600891
8370,4,4,1,0.8871687054634094
8371,2,0,0,0.5812477469444275
8372,1,1,1,0.8110519051551819
8373,8,8,1,0.8851108551025391
8374,4,4,1,0.9068538546562195
8375,4,6,0,0.5352056622505188
8376,7,3,0,0.5665615797042847
8377,8,8,1,0.9728602170944214
8378,5,5,1,0.816440224647522
8379,8,0,0,0.4168822467327118
8380,9,9,1,0.8146887421607971
8381,4,6,0,0.4671436846256256
8382,3,3,1,0.8399590253829956
8383,2,2,1,0.542979896068573
8384,2,2,1,0.6210808157920837
8385,9,1,0,0.7480881214141846
8386,3,2,0,0.3283810317516327
8387,0,8,0,0.7022619843482971
8388,1,1,1,0.8363871574401855
8389,1,3,0,0.631267249584198
8390,1,1,1,0.9102442860603333
8391,1,1,1,0.7742661833763123
8392,6,6,1,0.975909411907196
8393,8,8,1,0.8864313364028931
8394,7,7,1,0.49565303325653076
8395,1,8,0,0.6183141469955444
8396,3,2,0,0.6508321762084961
8397,0,0,1,0.780490517616272
8398,4,6,0,0.41951626539230347
8399,5,5,1,0.6318123936653137
8400,0,0,1,0.9728670120239258
8401,3,3,1,0.6015467643737793
8402,0,6,0,0.41355010867118835
8403,6,6,1,0.8667842149734497
8404,2,4,0,0.7217546701431274
8405,0,2,0,0.4940512180328369
8406,9,9,1,0.9445008635520935
8407,8,8,1,0.9624537825584412
8408,6,2,0,0.5586201548576355
8409,8,8,1,0.8793479204177856
8410,5,6,0,0.4940336048603058
8411,8,8,1,0.8772077560424805
8412,2,2,1,0.6269614696502686
8413,9,1,0,0.5599051117897034
8414,6,6,1,0.5819492936134338
8415,0,0,1,0.9105800986289978
8416,6,6,1,0.6655300259590149
8417,1,1,1,0.9296056032180786
8418,8,3,0,0.5254453420639038
8419,7,3,0,0.4554347097873688
8420,3,6,0,0.3311202824115753
8421,2,2,1,0.5056806206703186
8422,2,2,1,0.46027323603630066
8423,6,6,1,0.936405599117279
8424,5,3,0,0.7331544756889343
8425,6,2,0,0.6611905097961426
8426,9,8,0,0.45571741461753845
8427,2,4,0,0.7113924026489258
8428,5,3,0,0.6160475015640259
8429,4,4,1,0.824067234992981
8430,9,9,1,0.902409017086029
8431,8,8,1,0.9507830739021301
8432,5,5,1,0.5900101661682129
8433,3,3,1,0.4430842697620392
8434,9,9,1,0.901772141456604
8435,3,0,0,0.6042572259902954
8436,5,3,0,0.5711345672607422
8437,7,7,1,0.8647637963294983
8438,1,1,1,0.9501727223396301
8439,8,8,1,0.9428167939186096
8440,5,3,0,0.6004418134689331
8441,8,0,0,0.45654869079589844
8442,6,6,1,0.9115106463432312
8443,2,7,0,0.6773863434791565
8444,5,5,1,0.5330902934074402
8445,1,1,1,0.7641304135322571
8446,3,3,1,0.7707264423370361
8447,0,0,1,0.5388920903205872
8448,4,4,1,0.6172029376029968
8449,1,9,0,0.46792975068092346
8450,9,6,0,0.5090579390525818
8451,5,7,0,0.5782532691955566
8452,4,4,1,0.8962194919586182
8453,9,9,1,0.6454729437828064
8454,2,3,0,0.5228009223937988
8455,1,1,1,0.9641053080558777
8456,4,8,0,0.7642239332199097
8457,2,4,0,0.6350646018981934
8458,5,3,0,0.6227431893348694
8459,9,1,0,0.7570785284042358
8460,8,8,1,0.9720796346664429
8461,7,7,1,0.5308354496955872
8462,2,4,0,0.5189085602760315
8463,1,1,1,0.7204817533493042
8464,6,6,1,0.7676112055778503
8465,9,1,0,0.8181405067443848
8466,7,7,1,0.6531578302383423
8467,3,3,1,0.7530184388160706
8468,6,6,1,0.9577085971832275
8469,5,5,1,0.7266793847084045
8470,8,8,1,0.7165350317955017
8471,0,8,0,0.6014003157615662
8472,2,2,1,0.9651138782501221
8473,2,7,0,0.3822578489780426
8474,4,4,1,0.7497334480285645
8475,9,9,1,0.8891702890396118
8476,0,6,0,0.5557349324226379
8477,5,5,1,0.668691873550415
8478,5,3,0,0.4823141396045685
8479,4,4,1,0.5209958553314209
8480,2,2,1,0.8219845294952393
8481,3,2,0,0.8801285028457642
8482,1,1,1,0.9513863325119019
8483,0,0,1,0.9454533457756042
8484,3,6,0,0.4904446303844452
8485,0,0,1,0.9439749121665955
8486,4,4,1,0.8443988561630249
8487,4,3,0,0.4727461040019989
8488,9,0,0,0.38158005475997925
8489,1,1,1,0.7892612814903259
8490,3,6,0,0.6066191792488098
8491,3,8,0,0.42965248227119446
8492,0,9,0,0.5100842118263245
8493,2,3,0,0.7020740509033203
8494,1,1,1,0.5933617949485779
8495,1,1,1,0.9199571013450623
8496,0,0,1,0.8984867334365845
8497,4,4,1,0.7357274889945984
8498,1,1,1,0.9748848080635071
8499,9,9,1,0.5117918848991394
8500,4,4,1,0.9734414219856262
8501,8,8,1,0.8608402609825134
8502,1,8,0,0.3742208778858185
8503,1,0,0,0.4984942674636841
8504,1,1,1,0.8270609974861145
8505,5,5,1,0.5807828903198242
8506,9,9,1,0.897781252861023
8507,8,8,1,0.7180939316749573
8508,1,1,1,0.914607048034668
8509,6,6,1,0.685559093952179
8510,7,7,1,0.5593407154083252
8511,2,2,1,0.6995325088500977
8512,9,1,0,0.7255485653877258
8513,9,9,1,0.8092629909515381
8514,7,2,0,0.642822802066803
8515,8,8,1,0.4901880919933319
8516,8,8,1,0.8658949136734009
8517,1,1,1,0.7047439217567444
8518,9,9,1,0.7099432945251465
8519,7,7,1,0.8817923665046692
8520,8,8,1,0.904751181602478
8521,9,0,0,0.5198380351066589
8522,1,1,1,0.8831477761268616
8523,6,6,1,0.955492377281189
8524,6,6,1,0.8231889009475708
8525,3,3,1,0.5025187730789185
8526,3,3,1,0.5643132925033569
8527,1,4,0,0.5842170119285583
8528,3,3,1,0.6319990754127502
8529,0,8,0,0.7358461618423462
8530,8,8,1,0.9658626317977905
8531,8,8,1,0.5388830900192261
8532,3,2,0,0.7931163907051086
8533,6,6,1,0.9250069856643677
8534,6,6,1,0.7549744248390198
8535,7,7,1,0.5949324369430542
8536,1,0,0,0.7281959056854248
8537,0,0,1,0.8852227330207825
8538,7,6,0,0.6320210099220276
8539,6,3,0,0.5108134150505066
8540,4,4,1,0.6267611384391785
8541,8,1,0,0.9030054211616516
8542,2,6,0,0.5602973103523254
8543,0,0,1,0.5729623436927795
8544,6,6,1,0.8625750541687012
8545,6,3,0,0.8246725797653198
8546,8,0,0,0.5987070798873901
8547,6,6,1,0.8923420906066895
8548,3,6,0,0.3563927710056305
8549,1,1,1,0.8237508535385132
8550,1,1,1,0.7956147193908691
8551,8,8,1,0.47527065873146057
8552,6,6,1,0.6868642568588257
8553,7,5,0,0.5554215312004089
8554,0,0,1,0.7229143381118774
8555,5,5,1,0.7368220090866089
8556,4,4,1,0.5738624930381775
8557,3,6,0,0.5424195528030396
8558,2,6,0,0.6974226832389832
8559,1,1,1,0.4885904788970947
8560,7,4,0,0.4759363532066345
8561,8,8,1,0.9745295643806458
8562,2,6,0,0.8696998357772827
8563,0,2,0,0.5666609406471252
8564,1,1,1,0.8901599049568176
8565,7,7,1,0.7085542678833008
8566,4,4,1,0.7596288919448853
8567,8,8,1,0.979888916015625
8568,7,7,1,0.6099948883056641
8569,6,6,1,0.8674547076225281
8570,6,6,1,0.9119110703468323
8571,7,9,0,0.39607322216033936
8572,0,0,1,0.6886451244354248
8573,6,2,0,0.479391485452652
8574,4,4,1,0.7969815731048584
8575,9,9,1,0.8016185164451599
8576,2,0,0,0.6228855848312378
8577,3,3,1,0.5750477313995361
8578,2,5,0,0.7862685322761536
8579,1,1,1,0.30114611983299255
8580,3,2,0,0.6120510101318359
8581,8,8,1,0.943591833114624
8582,6,3,0,0.5225105881690979
8583,8,9,0,0.6631187796592712
8584,1,1,1,0.8211019039154053
8585,9,9,1,0.8074984550476074
8586,6,2,0,0.459736168384552
8587,7,7,1,0.8775396347045898
8588,6,6,1,0.8758965134620667
8589,5,3,0,0.4762149155139923
8590,0,4,0,0.34624359011650085
8591,6,4,0,0.3882720172405243
8592,0,0,1,0.7619020938873291
8593,1,1,1,0.9805644154548645
8594,3,3,1,0.8263949751853943
8595,1,0,0,0.47221577167510986
8596,1,1,1,0.79537433385849
8597,5,5,1,0.6559935212135315
8598,3,6,0,0.9381380081176758
8599,4,4,1,0.7826247811317444
8600,3,3,1,0.4523618817329407
8601,3,3,1,0.8163506984710693
8602,8,0,0,0.7662289142608643
8603,1,1,1,0.9293785691261292
8604,6,5,0,0.4720289409160614
8605,6,6,1,0.8876981735229492
8606,1,1,1,0.8151251077651978
8607,8,8,1,0.749656617641449
8608,8,8,1,0.8328390717506409
8609,6,1,0,0.3641222417354584
8610,2,2,1,0.8485073447227478
8611,7,4,0,0.467265784740448
8612,4,4,1,0.8470101356506348
8613,6,2,0,0.4626868665218353
8614,8,8,1,0.8954795598983765
8615,9,9,1,0.9213089942932129
8616,3,3,1,0.4704437255859375
8617,3,4,0,0.4466390311717987
8618,5,3,0,0.5770562291145325
8619,5,5,1,0.5255090594291687
8620,3,2,0,0.37961816787719727
8621,1,1,1,0.9265892505645752
8622,4,4,1,0.8892166018486023
8623,1,1,1,0.9660753011703491
8624,9,9,1,0.5128096342086792
8625,5,5,1,0.7469257712364197
8626,1,1,1,0.6101107597351074
8627,7,7,1,0.9080476760864258
8628,7,7,1,0.5224472880363464
8629,7,5,0,0.521206259727478
8630,5,6,0,0.46976569294929504
8631,2,3,0,0.4056142270565033
8632,3,3,1,0.5589922666549683
8633,3,3,1,0.46657028794288635
8634,6,2,0,0.7998138666152954
8635,6,6,1,0.7367051839828491
8636,6,5,0,0.4401586949825287
8637,4,2,0,0.7398679256439209
8638,0,0,1,0.6493980884552002
8639,7,7,1,0.9330389499664307
8640,1,1,1,0.6119136214256287
8641,7,7,1,0.588458240032196
8642,3,2,0,0.5587847828865051
8643,0,0,1,0.8992215394973755
8644,8,8,1,0.8668362498283386
8645,1,1,1,0.8899230360984802
8646,2,2,1,0.5579444169998169
8647,4,4,1,0.8642863035202026
8648,1,1,1,0.983252227306366
8649,2,2,1,0.43126076459884644
8650,2,3,0,0.4548359811306
8651,4,4,1,0.6501132249832153
8652,9,1,0,0.5200564861297607
8653,8,8,1,0.9449761509895325
8654,2,3,0,0.6181356906890869
8655,8,8,1,0.710477352142334
8656,7,2,0,0.5532873272895813
8657,6,2,0,0.5422066450119019
8658,3,3,1,0.5273752212524414
8659,4,4,1,0.7903603911399841
8660,7,7,1,0.5292890071868896
8661,2,3,0,0.5872600078582764
8662,3,3,1,0.8090087175369263
8663,1,1,1,0.8999046683311462
8664,5,5,1,0.8408809304237366
8665,3,3,1,0.6111783981323242
8666,0,0,1,0.7103617191314697
8667,4,4,1,0.9051796793937683
8668,3,6,0,0.5026509165763855
8669,4,5,0,0.5467857122421265
8670,9,1,0,0.6419273018836975
8671,4,4,1,0.6861702799797058
8672,7,4,0,0.6137266755104065
8673,9,9,1,0.691745400428772
8674,1,8,0,0.5018138885498047
8675,7,7,1,0.8989453315734863
8676,8,8,1,0.4823053181171417
8677,3,5,0,0.6434227824211121
8678,1,1,1,0.927454948425293
8679,8,8,1,0.9690530300140381
8680,3,3,1,0.7706327438354492
8681,2,2,1,0.6186463832855225
8682,5,5,1,0.5750582814216614
8683,7,7,1,0.9663761854171753
8684,2,3,0,0.5035426020622253
8685,7,7,1,0.8422024250030518
8686,9,1,0,0.6011118292808533
8687,6,6,1,0.8675572872161865
8688,8,8,1,0.8926364183425903
8689,6,6,1,0.9724892973899841
8690,8,8,1,0.9394903779029846
8691,6,6,1,0.6877942681312561
8692,5,5,1,0.701045036315918
8693,9,9,1,0.866941511631012
8694,0,0,1,0.8411701917648315
8695,4,4,1,0.740887463092804
8696,8,8,1,0.8013430833816528
8697,5,3,0,0.7261690497398376
8698,6,4,0,0.5407623052597046
8699,4,5,0,0.3994660973548889
8700,3,3,1,0.6019001007080078
8701,8,8,1,0.8398858308792114
8702,0,8,0,0.6659002304077148
8703,4,4,1,0.8191418051719666
8704,8,8,1,0.7983664274215698
8705,6,6,1,0.8251278400421143
8706,7,4,0,0.5647484660148621
8707,2,2,1,0.7967764735221863
8708,7,2,0,0.5626605153083801
8709,1,1,1,0.5446155667304993
8710,7,7,1,0.8427342176437378
8711,4,4,1,0.811686635017395
8712,1,1,1,0.8093228936195374
8713,2,6,0,0.4293469190597534
8714,4,4,1,0.7852149605751038
8715,2,2,1,0.6747186779975891
8716,2,2,1,0.5588757991790771
8717,8,8,1,0.9477559924125671
8718,7,7,1,0.9356729984283447
8719,2,2,1,0.7158801555633545
8720,2,0,0,0.7263441681861877
8721,6,6,1,0.45329704880714417
8722,7,3,0,0.39734992384910583
8723,5,7,0,0.7185885310173035
8724,6,2,0,0.5648849606513977
8725,8,8,1,0.9787335991859436
8726,9,9,1,0.8546685576438904
8727,9,8,0,0.5254053473472595
8728,6,2,0,0.5095374584197998
8729,5,5,1,0.7015396356582642
8730,2,2,1,0.4609643220901489
8731,9,9,1,0.7023041248321533
8732,8,1,0,0.6937173008918762
8733,7,7,1,0.7577276825904846
8734,2,2,1,0.963283360004425
8735,3,3,1,0.8876681327819824
8736,3,3,1,0.6929413676261902
8737,7,7,1,0.6588502526283264
8738,4,3,0,0.6367594599723816
8739,3,8,0,0.5545622110366821
8740,2,5,0,0.5379559993743896
8741,1,0,0,0.4178635776042938
8742,9,9,1,0.5955213308334351
8743,0,0,1,0.4313277006149292
8744,1,1,1,0.7288429737091064
8745,5,5,1,0.743620753288269
8746,3,3,1,0.6493585109710693
8747,2,2,1,0.6899157762527466
8748,6,6,1,0.8243730664253235
8749,5,9,0,0.6773471236228943
8750,9,9,1,0.926595151424408
8751,1,0,0,0.4924701154232025
8752,5,3,0,0.6095950603485107
8753,4,7,0,0.9099123477935791
8754,3,3,1,0.8494073152542114
8755,6,6,1,0.6394374370574951
8756,2,2,1,0.8930116295814514
8757,8,0,0,0.6922351121902466
8758,9,2,0,0.3639271557331085
8759,7,7,1,0.8080880641937256
8760,8,8,1,0.8998776078224182
8761,0,8,0,0.7939881682395935
8762,8,8,1,0.9511936902999878
8763,9,9,1,0.8641262650489807
8764,1,1,1,0.7010779976844788
8765,2,2,1,0.8340527415275574
8766,5,5,1,0.9031307101249695
8767,7,3,0,0.6635798811912537
8768,2,2,1,0.6604857444763184
8769,0,0,1,0.9531805515289307
8770,6,3,0,0.7359700202941895
8771,6,9,0,0.5222556591033936
8772,1,1,1,0.9733019471168518
8773,6,2,0,0.9001767039299011
8774,3,3,1,0.41601383686065674
8775,1,0,0,0.3474041521549225
8776,5,3,0,0.6462939381599426
8777,0,0,1,0.671850860118866
8778,3,3,1,0.5533531904220581
8779,7,7,1,0.855440616607666
8780,4,4,1,0.6385517120361328
8781,6,1,0,0.4812159538269043
8782,5,5,1,0.8644339442253113
8783,6,6,1,0.4686722457408905
8784,4,4,1,0.9007647633552551
8785,8,8,1,0.6021528840065002
8786,3,3,1,0.5954843163490295
8787,4,4,1,0.5199151039123535
8788,5,3,0,0.7256496548652649
8789,5,5,1,0.8700634241104126
8790,0,2,0,0.40664947032928467
8791,6,6,1,0.8923132419586182
8792,6,6,1,0.9096648693084717
8793,7,3,0,0.4046349823474884
8794,5,3,0,0.5990773439407349
8795,0,0,1,0.9159504175186157
8796,9,9,1,0.7459240555763245
8797,9,9,1,0.8632078766822815
8798,6,6,1,0.9006463885307312
8799,1,1,1,0.7830604314804077
8800,0,0,1,0.752799928188324
8801,4,4,1,0.44517719745635986
8802,6,6,1,0.9368459582328796
8803,3,5,0,0.49442094564437866
8804,6,2,0,0.7731555104255676
8805,9,9,1,0.3814566731452942
8806,3,3,1,0.47868964076042175
8807,6,6,1,0.845298171043396
8808,6,6,1,0.6989284157752991
8809,8,2,0,0.5537079572677612
8810,2,2,1,0.5829450488090515
8811,1,5,0,0.294645756483078
8812,0,4,0,0.5751693248748779
8813,1,1,1,0.797514796257019
8814,9,9,1,0.5366591215133667
8815,3,2,0,0.7315812110900879
8816,7,7,1,0.7158370614051819
8817,4,4,1,0.3368346095085144
8818,3,3,1,0.8309551477432251
8819,0,0,1,0.7574191093444824
8820,2,2,1,0.7844434976577759
8821,7,7,1,0.8384482860565186
8822,6,6,1,0.8634790182113647
8823,4,4,1,0.731796383857727
8824,3,3,1,0.6548526287078857
8825,0,2,0,0.4828214645385742
8826,8,8,1,0.9699460864067078
8827,2,2,1,0.9427786469459534
8828,0,0,1,0.49333757162094116
8829,0,0,1,0.9026688933372498
8830,9,9,1,0.8998487591743469
8831,6,4,0,0.6064677238464355
8832,6,6,1,0.8160532712936401
8833,6,3,0,0.5845131278038025
8834,8,8,1,0.9399821162223816
8835,7,4,0,0.4978722929954529
8836,4,2,0,0.5526584386825562
8837,1,1,1,0.9195629358291626
8838,8,8,1,0.6998623013496399
8839,1,1,1,0.8245546817779541
8840,2,2,1,0.49392685294151306
8841,2,2,1,0.6682765483856201
8842,4,4,1,0.7760453820228577
8843,8,8,1,0.8608964085578918
8844,5,5,1,0.5483358502388
8845,2,2,1,0.7510554790496826
8846,6,6,1,0.9978572726249695
8847,5,4,0,0.7778594493865967
8848,3,9,0,0.5702182650566101
8849,9,9,1,0.8336495161056519
8850,1,9,0,0.7970038056373596
8851,0,0,1,0.7634192705154419
8852,7,7,1,0.9441262483596802
8853,2,2,1,0.8351715207099915
8854,4,2,0,0.5338869094848633
8855,4,2,0,0.5026805400848389
8856,0,4,0,0.4904439151287079
8857,0,0,1,0.6638359427452087
8858,6,6,1,0.5445196628570557
8859,2,2,1,0.8457721471786499
8860,2,0,0,0.8208116888999939
8861,4,2,0,0.46593689918518066
8862,0,3,0,0.3215912878513336
8863,5,4,0,0.5926976203918457
8864,9,9,1,0.75546795129776
8865,7,7,1,0.9178134799003601
8866,1,1,1,0.8548219203948975
8867,8,8,1,0.9685920476913452
8868,4,4,1,0.43257540464401245
8869,5,7,0,0.4714776873588562
8870,5,5,1,0.7503457069396973
8871,9,9,1,0.8549564480781555
8872,8,0,0,0.7528799176216125
8873,5,5,1,0.3851620852947235
8874,7,7,1,0.49826779961586
8875,8,8,1,0.7760007381439209
8876,0,0,1,0.7707232236862183
8877,9,1,0,0.8856469392776489
8878,8,8,1,0.8643316626548767
8879,9,0,0,0.36248818039894104
8880,1,1,1,0.9962766766548157
8881,6,6,1,0.8264734148979187
8882,3,6,0,0.4876818060874939
8883,8,1,0,0.7588341236114502
8884,0,0,1,0.8684611320495605
8885,3,3,1,0.5822402238845825
8886,4,7,0,0.5091310739517212
8887,4,4,1,0.6049530506134033
8888,8,8,1,0.9312369227409363
8889,4,4,1,0.8984185457229614
8890,8,8,1,0.6624319553375244
8891,9,9,1,0.7252894639968872
8892,8,8,1,0.9549968838691711
8893,6,6,1,0.8937061429023743
8894,0,0,1,0.9383126497268677
8895,0,9,0,0.6311874985694885
8896,8,8,1,0.7378418445587158
8897,2,2,1,0.5777778029441833
8898,7,0,0,0.45052266120910645
8899,4,4,1,0.9380054473876953
8900,2,2,1,0.6524243354797363
8901,5,7,0,0.8054954409599304
8902,6,6,1,0.7526996731758118
8903,0,0,1,0.7429770827293396
8904,5,5,1,0.5144537091255188
8905,8,8,1,0.5799128413200378
8906,4,2,0,0.4670684337615967
8907,1,1,1,0.7349205017089844
8908,9,8,0,0.5570362210273743
8909,0,0,1,0.8060852885246277
8910,1,1,1,0.835503876209259
8911,4,4,1,0.8883109092712402
8912,4,5,0,0.43138599395751953
8913,8,8,1,0.7970360517501831
8914,4,4,1,0.8589605093002319
8915,9,9,1,0.8925740122795105
8916,6,6,1,0.6683966517448425
8917,0,0,1,0.9141137599945068
8918,7,0,0,0.8151683807373047
8919,7,4,0,0.6189509034156799
8920,6,3,0,0.5587945580482483
8921,8,8,1,0.7200790047645569
8922,9,9,1,0.8360584378242493
8923,6,2,0,0.7415464520454407
8924,2,2,1,0.923761785030365
8925,0,2,0,0.6115870475769043
8926,4,4,1,0.9777693152427673
8927,9,9,1,0.46776363253593445
8928,4,2,0,0.5474384427070618
8929,9,9,1,0.9012569785118103
8930,3,6,0,0.32658496499061584
8931,9,9,1,0.9196780920028687
8932,6,3,0,0.5309695601463318
8933,6,6,1,0.6885191798210144
8934,7,5,0,0.5273722410202026
8935,0,0,1,0.7435741424560547
8936,9,9,1,0.8730580806732178
8937,7,0,0,0.5127272009849548
8938,1,1,1,0.8888220191001892
8939,8,8,1,0.5715505480766296
8940,6,6,1,0.721612274646759
8941,0,8,0,0.5771368741989136
8942,6,3,0,0.6246407628059387
8943,7,4,0,0.47226789593696594
8944,4,7,0,0.46053552627563477
8945,1,1,1,0.9568033814430237
8946,9,9,1,0.9015640616416931
8947,4,4,1,0.9025148153305054
8948,6,6,1,0.7686179876327515
8949,7,4,0,0.5095629692077637
8950,9,9,1,0.6643080711364746
8951,8,9,0,0.5070356726646423
8952,3,2,0,0.6184795498847961
8953,9,9,1,0.8815848231315613
8954,2,3,0,0.49267929792404175
8955,1,1,1,0.8693775534629822
8956,2,7,0,0.529059648513794
8957,7,0,0,0.18431229889392853
8958,6,6,1,0.6216145753860474
8959,1,8,0,0.6466928720474243
8960,0,0,1,0.7460581064224243
8961,0,0,1,0.7753372192382812
8962,5,9,0,0.6602029204368591
8963,6,6,1,0.6504092216491699
8964,0,0,1,0.41959241032600403
8965,4,4,1,0.5491039752960205
8966,3,3,1,0.5837897062301636
8967,2,2,1,0.7071667313575745
8968,8,8,1,0.9291894435882568
8969,8,1,0,0.6309049725532532
8970,0,0,1,0.7941114902496338
8971,6,6,1,0.9680252075195312
8972,9,2,0,0.4785686731338501
8973,5,5,1,0.8428639769554138
8974,2,2,1,0.8328461647033691
8975,8,8,1,0.9632304310798645
8976,7,9,0,0.5807062983512878
8977,0,3,0,0.5940899848937988
8978,6,6,1,0.9009096622467041
8979,5,5,1,0.807360827922821
8980,9,9,1,0.7488297820091248
8981,7,2,0,0.4990805387496948
8982,2,2,1,0.3768899440765381
8983,3,2,0,0.6251376271247864
8984,6,6,1,0.8003124594688416
8985,9,0,0,0.8044217824935913
8986,6,6,1,0.9568516612052917
8987,2,2,1,0.9450093507766724
8988,2,2,1,0.7589012384414673
8989,4,3,0,0.6212537884712219
8990,1,1,1,0.9594717025756836
8991,0,0,1,0.7959460020065308
8992,5,5,1,0.919146716594696
8993,0,9,0,0.8802387118339539
8994,8,8,1,0.9719350934028625
8995,9,9,1,0.6042714715003967
8996,3,7,0,0.6257128119468689
8997,5,5,1,0.7487381100654602
8998,9,9,1,0.9220020174980164
8999,3,3,1,0.8117346167564392
9000,8,8,1,0.862362802028656
9001,1,1,1,0.771935760974884
9002,6,6,1,0.5135989189147949
9003,3,2,0,0.6722007989883423
9004,7,7,1,0.9776008129119873
9005,5,3,0,0.6086702346801758
9006,6,6,1,0.9418098330497742
9007,2,5,0,0.4631591737270355
9008,0,0,1,0.9076618552207947
9009,2,2,1,0.6466851234436035
9010,8,8,1,0.5282533168792725
9011,2,6,0,0.772497296333313
9012,8,1,0,0.492075651884079
9013,7,7,1,0.5887309312820435
9014,7,3,0,0.5255568623542786
9015,8,8,1,0.9443516731262207
9016,1,1,1,0.9756628274917603
9017,0,0,1,0.9004440903663635
9018,8,2,0,0.41951242089271545
9019,9,9,1,0.9303749799728394
9020,7,9,0,0.4860303997993469
9021,0,9,0,0.4255153238773346
9022,3,3,1,0.8562403321266174
9023,8,8,1,0.9563025236129761
9024,0,0,1,0.853507399559021
9025,5,3,0,0.43284615874290466
9026,9,0,0,0.7155333757400513
9027,5,5,1,0.6300907731056213
9028,8,8,1,0.8260548114776611
9029,4,4,1,0.5700832605361938
9030,2,2,1,0.4812607765197754
9031,0,0,1,0.9533551931381226
9032,9,9,1,0.918728232383728
9033,2,2,1,0.6511030197143555
9034,2,2,1,0.6448590755462646
9035,4,1,0,0.4994034469127655
9036,4,7,0,0.7058626413345337
9037,9,1,0,0.6643256545066833
9038,2,2,1,0.6323809623718262
9039,2,6,0,0.5490150451660156
9040,2,5,0,0.4246349036693573
9041,5,4,0,0.4773200452327728
9042,1,1,1,0.8691554665565491
9043,3,8,0,0.5055353045463562
9044,2,2,1,0.8449740409851074
9045,0,0,1,0.5654503703117371
9046,0,0,1,0.6521556973457336
9047,4,4,1,0.8496079444885254
9048,0,9,0,0.7711835503578186
9049,6,6,1,0.8040811419487
9050,5,5,1,0.7307685017585754
9051,8,8,1,0.9681089520454407
9052,0,0,1,0.5959539413452148
9053,5,3,0,0.4113003611564636
9054,8,8,1,0.952703058719635
9055,6,6,1,0.8697885870933533
9056,4,4,1,0.7343336939811707
9057,8,2,0,0.6215608716011047
9058,5,3,0,0.5265210270881653
9059,2,3,0,0.7134828567504883
9060,9,3,0,0.5374235510826111
9061,7,4,0,0.810002863407135
9062,9,9,1,0.5277945399284363
9063,7,7,1,0.9844281673431396
9064,1,1,1,0.877463698387146
9065,0,2,0,0.3466387093067169
9066,1,8,0,0.5603370666503906
9067,9,1,0,0.6908334493637085
9068,6,6,1,0.9405006170272827
9069,9,9,1,0.874610424041748
9070,2,2,1,0.8552079200744629
9071,7,0,0,0.46921154856681824
9072,9,9,1,0.9571657180786133
9073,4,4,1,0.65577632188797
9074,4,4,1,0.3964438736438751
9075,0,0,1,0.918667197227478
9076,6,6,1,0.6290316581726074
9077,2,3,0,0.45938608050346375
9078,4,4,1,0.8737556338310242
9079,1,8,0,0.5817199945449829
9080,3,5,0,0.7617579698562622
9081,7,7,1,0.8857269883155823
9082,2,3,0,0.49826258420944214
9083,8,8,1,0.7952123880386353
9084,5,3,0,0.6232549548149109
9085,9,9,1,0.8679371476173401
9086,0,0,1,0.8988886475563049
9087,3,2,0,0.6156919002532959
9088,2,3,0,0.33703377842903137
9089,3,3,1,0.5811142325401306
9090,2,2,1,0.4039039611816406
9091,7,7,1,0.9867384433746338
9092,6,6,1,0.8058146834373474
9093,3,3,1,0.46820834279060364
9094,2,2,1,0.7567989826202393
9095,5,3,0,0.45100507140159607
9096,9,7,0,0.352460652589798
9097,0,0,1,0.6176216006278992
9098,5,5,1,0.8303999304771423
9099,9,9,1,0.7636647820472717
9100,9,9,1,0.8336521983146667
9101,8,8,1,0.9958091378211975
9102,7,4,0,0.7942496538162231
9103,7,8,0,0.5310688614845276
9104,4,4,1,0.9222137928009033
9105,8,8,1,0.5813351273536682
9106,6,6,1,0.8773139119148254
9107,5,4,0,0.488518625497818
9108,2,2,1,0.9307004809379578
9109,3,3,1,0.8116345405578613
9110,1,1,1,0.8157215118408203
9111,0,0,1,0.9832762479782104
9112,4,4,1,0.9012885093688965
9113,1,0,0,0.32443171739578247
9114,8,8,1,0.912325382232666
9115,8,8,1,0.9371721744537354
9116,4,2,0,0.6466900706291199
9117,9,9,1,0.8756433725357056
9118,4,4,1,0.8652021288871765
9119,4,4,1,0.8930134177207947
9120,3,3,1,0.7987385392189026
9121,3,3,1,0.922318696975708
9122,9,8,0,0.39491263031959534
9123,2,2,1,0.9238764047622681
9124,0,0,1,0.6938666105270386
9125,1,1,1,0.5735728144645691
9126,1,1,1,0.7866764664649963
9127,8,8,1,0.6080297231674194
9128,4,3,0,0.5007998943328857
9129,4,4,1,0.6344323754310608
9130,8,8,1,0.8064212203025818
9131,3,3,1,0.6516977548599243
9132,2,3,0,0.4992174208164215
9133,9,8,0,0.4267931282520294
9134,5,5,1,0.6455440521240234
9135,7,7,1,0.782035231590271
9136,6,2,0,0.5217925906181335
9137,2,2,1,0.6629288792610168
9138,5,5,1,0.6947189569473267
9139,4,4,1,0.9546977877616882
9140,7,9,0,0.4463876783847809
9141,3,3,1,0.9010164737701416
9142,3,9,0,0.7073816061019897
9143,9,0,0,0.7775905132293701
9144,0,0,1,0.6743965148925781
9145,1,1,1,0.9285160899162292
9146,5,5,1,0.9824851751327515
9147,9,9,1,0.48383578658103943
9148,3,5,0,0.8481279611587524
9149,7,0,0,0.45229026675224304
9150,6,6,1,0.9012126922607422
9151,0,0,1,0.9066218733787537
9152,4,4,1,0.9839015603065491
9153,2,0,0,0.41214418411254883
9154,2,0,0,0.4678032100200653
9155,5,5,1,0.9273706078529358
9156,6,6,1,0.9667688012123108
9157,3,3,1,0.6162634491920471
9158,8,8,1,0.48087915778160095
9159,9,3,0,0.5195243954658508
9160,5,3,0,0.6643465161323547
9161,6,6,1,0.7909981608390808
9162,1,1,1,0.4147343039512634
9163,4,4,1,0.639691948890686
9164,5,3,0,0.58167564868927
9165,4,2,0,0.6744746565818787
9166,6,6,1,0.7236660718917847
9167,7,7,1,0.9280312061309814
9168,2,2,1,0.787752091884613
9169,1,0,0,0.6935473084449768
9170,0,9,0,0.7771996855735779
9171,2,2,1,0.725483238697052
9172,0,0,1,0.7645666003227234
9173,4,4,1,0.9684464335441589
9174,9,9,1,0.8943473100662231
9175,8,2,0,0.6764370203018188
9176,8,8,1,0.5329000949859619
9177,9,9,1,0.7201705574989319
9178,1,9,0,0.7405495643615723
9179,1,3,0,0.3939875066280365
9180,5,3,0,0.6070444583892822
9181,0,0,1,0.8299912214279175
9182,0,0,1,0.5120794773101807
9183,8,8,1,0.987525224685669
9184,7,2,0,0.5734241604804993
9185,1,1,1,0.8515790700912476
9186,7,7,1,0.7154581546783447
9187,4,4,1,0.9176058173179626
9188,5,7,0,0.4760049283504486
9189,4,5,0,0.45671406388282776
9190,3,3,1,0.5013670325279236
9191,3,3,1,0.7609339952468872
9192,2,6,0,0.5562623143196106
9193,0,2,0,0.39455369114875793
9194,6,6,1,0.986512303352356
9195,6,6,1,0.8281838893890381
9196,0,0,1,0.8070430755615234
9197,1,1,1,0.9618929028511047
9198,3,3,1,0.6406500339508057
9199,9,9,1,0.937863826751709
9200,8,8,1,0.9481143951416016
9201,3,3,1,0.8436396718025208
9202,7,7,1,0.9340758323669434
9203,8,4,0,0.5143080353736877
9204,9,9,1,0.8286551237106323
9205,4,4,1,0.9203224182128906
9206,8,8,1,0.9441628456115723
9207,9,1,0,0.7488956451416016
9208,0,0,1,0.6435156464576721
9209,9,1,0,0.9175159335136414
9210,7,7,1,0.783879280090332
9211,1,1,1,0.7955999970436096
9212,6,6,1,0.6140027642250061
9213,2,2,1,0.9484338760375977
9214,9,9,1,0.9614146947860718
9215,5,5,1,0.8651535511016846
9216,6,6,1,0.781478762626648
9217,9,0,0,0.6295329332351685
9218,3,4,0,0.5495890378952026
9219,9,9,1,0.7545267939567566
9220,8,0,0,0.5776309967041016
9221,7,2,0,0.704978346824646
9222,7,4,0,0.530560314655304
9223,1,1,1,0.7051935791969299
9224,6,6,1,0.7941262722015381
9225,5,2,0,0.3807210922241211
9226,3,9,0,0.7436425685882568
9227,1,0,0,0.3625362813472748
9228,3,3,1,0.610331118106842
9229,1,1,1,0.9010492563247681
9230,2,8,0,0.37609022855758667
9231,7,3,0,0.2451946884393692
9232,1,0,0,0.732835590839386
9233,8,8,1,0.9013133645057678
9234,2,6,0,0.8762984275817871
9235,0,0,1,0.9118258357048035
9236,9,9,1,0.893665611743927
9237,7,6,0,0.8604623079299927
9238,9,9,1,0.7765029072761536
9239,8,8,1,0.9613053798675537
9240,8,8,1,0.9082533121109009
9241,6,6,1,0.8714488744735718
9242,7,7,1,0.9054960608482361
9243,3,2,0,0.5995339155197144
9244,7,7,1,0.9831168055534363
9245,1,1,1,0.5631042718887329
9246,3,3,1,0.45279061794281006
9247,9,9,1,0.879197895526886
9248,0,0,1,0.849301278591156
9249,9,8,0,0.7639214992523193
9250,3,2,0,0.50091153383255
9251,6,3,0,0.7750940918922424
9252,7,7,1,0.5009753704071045
9253,2,9,0,0.43089964985847473
9254,7,3,0,0.4797312021255493
9255,3,8,0,0.9583631753921509
9256,0,0,1,0.8339477181434631
9257,5,5,1,0.926413357257843
9258,9,0,0,0.6019299626350403
9259,7,7,1,0.9850817918777466
9260,5,3,0,0.5860862731933594
9261,5,5,1,0.8316872715950012
9262,0,3,0,0.456524133682251
9263,6,6,1,0.9714269042015076
9264,5,3,0,0.5709723234176636
9265,1,1,1,0.9634332656860352
9266,8,8,1,0.8658248782157898
9267,2,4,0,0.4912877678871155
9268,7,2,0,0.5989256501197815
9269,5,2,0,0.42422065138816833
9270,9,9,1,0.9316248893737793
9271,0,0,1,0.7689611315727234
9272,0,0,1,0.9195227026939392
9273,0,2,0,0.5175988674163818
9274,8,8,1,0.9262349009513855
9275,8,8,1,0.9214340448379517
9276,7,4,0,0.8851879239082336
9277,3,3,1,0.6042658686637878
9278,7,7,1,0.8296754956245422
9279,8,8,1,0.9144968390464783
9280,9,8,0,0.4010343551635742
9281,3,2,0,0.6405962109565735
9282,7,3,0,0.48421987891197205
9283,9,9,1,0.9243594408035278
9284,7,7,1,0.9737040400505066
9285,8,8,1,0.7072147727012634
9286,7,5,0,0.6832961440086365
9287,9,0,0,0.5839328169822693
9288,8,8,1,0.6856504082679749
9289,5,1,0,0.5202092528343201
9290,4,4,1,0.8901811838150024
9291,8,0,0,0.6979753971099854
9292,3,7,0,0.7188527584075928
9293,7,9,0,0.6903969645500183
9294,6,6,1,0.5434978008270264
9295,3,3,1,0.6071134209632874
9296,8,8,1,0.8846099376678467
9297,2,2,1,0.6488625407218933
9298,1,9,0,0.8402009010314941
9299,9,9,1,0.936718761920929
9300,5,5,1,0.5174919962882996
9301,7,3,0,0.44439494609832764
9302,3,4,0,0.5169588327407837
9303,9,1,0,0.8783355355262756
9304,5,5,1,0.827737033367157
9305,5,7,0,0.47828423976898193
9306,8,8,1,0.9262188673019409
9307,7,7,1,0.7471251487731934
9308,3,3,1,0.42368316650390625
9309,5,5,1,0.7073089480400085
9310,3,3,1,0.8275085687637329
9311,5,5,1,0.6626647114753723
9312,9,9,1,0.42545464634895325
9313,7,4,0,0.48522236943244934
9314,6,6,1,0.9383772611618042
9315,7,2,0,0.5279973745346069
9316,3,6,0,0.5074881911277771
9317,6,9,0,0.3520644009113312
9318,4,4,1,0.9204672574996948
9319,3,5,0,0.6884344220161438
9320,9,9,1,0.9404175281524658
9321,4,4,1,0.9449455738067627
9322,2,2,1,0.915071427822113
9323,1,1,1,0.9423965215682983
9324,9,9,1,0.9094123244285583
9325,6,6,1,0.5488914251327515
9326,0,0,1,0.9576147198677063
9327,2,3,0,0.5766038298606873
9328,6,6,1,0.974571704864502
9329,7,7,1,0.6642373204231262
9330,4,4,1,0.9299275875091553
9331,7,7,1,0.9014294147491455
9332,9,9,1,0.9463285207748413
9333,0,8,0,0.720365047454834
9334,7,7,1,0.8886756300926208
9335,4,7,0,0.7483869791030884
9336,3,3,1,0.4004225432872772
9337,5,5,1,0.6920873522758484
9338,3,6,0,0.7166454195976257
9339,1,1,1,0.8008103370666504
9340,1,1,1,0.8731924891471863
9341,2,3,0,0.6486718058586121
9342,6,6,1,0.8176592588424683
9343,8,8,1,0.920968234539032
9344,2,2,1,0.6487734913825989
9345,1,9,0,0.42322415113449097
9346,7,3,0,0.4152587354183197
9347,8,8,1,0.9706884622573853
9348,5,2,0,0.5013452768325806
9349,9,0,0,0.5875648856163025
9350,6,6,1,0.7068538665771484
9351,1,1,1,0.7767974734306335
9352,1,1,1,0.7529554963111877
9353,5,3,0,0.5189975500106812
9354,0,0,1,0.7869479656219482
9355,6,6,1,0.943817675113678
9356,0,0,1,0.6916987895965576
9357,9,1,0,0.661858856678009
9358,2,2,1,0.7317188382148743
9359,6,6,1,0.4256620705127716
9360,5,5,1,0.48098185658454895
9361,8,8,1,0.6033616662025452
9362,9,3,0,0.41018426418304443
9363,5,3,0,0.6592260003089905
9364,5,5,1,0.6693588495254517
9365,6,9,0,0.6217268705368042
9366,2,2,1,0.7807658314704895
9367,9,9,1,0.9107241630554199
9368,1,1,1,0.9373177886009216
9369,5,4,0,0.7763699293136597
9370,8,7,0,0.5536496043205261
9371,8,0,0,0.8016896843910217
9372,7,7,1,0.6810194849967957
9373,1,1,1,0.7596111297607422
9374,7,7,1,0.9282684922218323
9375,3,5,0,0.5331210494041443
9376,5,3,0,0.6826823949813843
9377,4,4,1,0.7629334926605225
9378,9,9,1,0.8195295929908752
9379,7,7,1,0.9645342826843262
9380,5,3,0,0.4707050323486328
9381,2,2,1,0.6336267590522766
9382,9,2,0,0.47958678007125854
9383,9,9,1,0.760278582572937
9384,4,8,0,0.41840025782585144
9385,7,3,0,0.6170074939727783
9386,4,6,0,0.622749388217926
9387,1,1,1,0.9270705580711365
9388,3,3,1,0.9155710935592651
9389,8,8,1,0.9621499180793762
9390,7,7,1,0.8857747316360474
9391,9,9,1,0.8676897287368774
9392,0,2,0,0.5204723477363586
9393,4,4,1,0.529463529586792
9394,5,5,1,0.9046339392662048
9395,7,7,1,0.7123414874076843
9396,5,1,0,0.5644205212593079
9397,2,2,1,0.6297780871391296
9398,8,1,0,0.8796518445014954
9399,7,7,1,0.756931483745575
9400,6,6,1,0.8846288919448853
9401,9,1,0,0.6730597019195557
9402,6,6,1,0.6560757756233215
9403,9,7,0,0.39880508184432983
9404,3,8,0,0.39902693033218384
9405,8,8,1,0.8067141175270081
9406,5,5,1,0.9366458654403687
9407,6,6,1,0.9298169016838074
9408,6,6,1,0.9897375702857971
9409,9,9,1,0.8684452772140503
9410,5,5,1,0.9786587953567505
9411,7,7,1,0.6854975819587708
9412,8,8,1,0.969257116317749
9413,0,0,1,0.8962233066558838
9414,5,3,0,0.47502556443214417
9415,0,0,1,0.7212303876876831
9416,7,7,1,0.7905768752098083
9417,4,3,0,0.7519006729125977
9418,8,3,0,0.4702163636684418
9419,2,2,1,0.9365683794021606
9420,5,5,1,0.9002044200897217
9421,1,1,1,0.576016902923584
9422,3,3,1,0.614211916923523
9423,2,4,0,0.6693419814109802
9424,2,2,1,0.5164686441421509
9425,6,6,1,0.48382872343063354
9426,2,6,0,0.5461061000823975
9427,1,1,1,0.742051899433136
9428,7,2,0,0.4904255270957947
9429,4,2,0,0.5878539085388184
9430,6,6,1,0.4576060473918915
9431,3,3,1,0.5724553465843201
9432,1,1,1,0.9296520352363586
9433,3,3,1,0.4476233124732971
9434,7,5,0,0.4443301558494568
9435,2,5,0,0.32343754172325134
9436,1,6,0,0.6640573740005493
9437,3,2,0,0.8078315854072571
9438,7,3,0,0.4344308376312256
9439,0,4,0,0.4719848036766052
9440,8,8,1,0.5739355683326721
9441,4,4,1,0.8889279961585999
9442,4,4,1,0.5751410722732544
9443,5,2,0,0.7981422543525696
9444,7,7,1,0.5449627041816711
9445,9,6,0,0.523571789264679
9446,5,3,0,0.6366133093833923
9447,4,4,1,0.8921725749969482
9448,3,3,1,0.5105538368225098
9449,9,0,0,0.6273903846740723
9450,6,3,0,0.5109297037124634
9451,8,8,1,0.934673547744751
9452,2,4,0,0.5837455987930298
9453,3,3,1,0.5807784795761108
9454,3,6,0,0.7341479659080505
9455,1,1,1,0.8876436948776245
9456,6,6,1,0.5741519927978516
9457,1,9,0,0.619628369808197
9458,7,7,1,0.9198724627494812
9459,0,2,0,0.5215242505073547
9460,3,3,1,0.8807641863822937
9461,4,6,0,0.768592894077301
9462,2,8,0,0.6723922491073608
9463,9,8,0,0.6357573866844177
9464,4,4,1,0.8605350852012634
9465,5,4,0,0.8466742038726807
9466,8,8,1,0.7990722060203552
9467,2,7,0,0.3890504240989685
9468,7,7,1,0.6143467426300049
9469,0,0,1,0.8985926508903503
9470,9,9,1,0.9009796380996704
9471,6,7,0,0.6830635666847229
9472,8,8,1,0.8530347943305969
9473,0,0,1,0.85926353931427
9474,8,8,1,0.921568751335144
9475,2,2,1,0.6196390986442566
9476,8,8,1,0.9206292629241943
9477,5,5,1,0.9209916591644287
9478,7,3,0,0.3065933287143707
9479,7,2,0,0.4445699155330658
9480,2,2,1,0.8977153301239014
9481,2,2,1,0.7194642424583435
9482,0,0,1,0.671450674533844
9483,0,8,0,0.8880484700202942
9484,0,7,0,0.7242382168769836
9485,7,7,1,0.6938877701759338
9486,4,4,1,0.5649368166923523
9487,1,1,1,0.9451626539230347
9488,6,2,0,0.3795580267906189
9489,6,6,1,0.9754860401153564
9490,8,8,1,0.5484290719032288
9491,8,8,1,0.9574031829833984
9492,9,9,1,0.8584483861923218
9493,0,0,1,0.8947538137435913
9494,9,9,1,0.5227334499359131
9495,0,0,1,0.8995551466941833
9496,1,1,1,0.9619531631469727
9497,3,6,0,0.7128477096557617
9498,3,6,0,0.7261701226234436
9499,0,0,1,0.9014208912849426
9500,9,9,1,0.7802019119262695
9501,6,6,1,0.5394046902656555
9502,6,6,1,0.8869472146034241
9503,2,6,0,0.7168265581130981
9504,6,6,1,0.980588972568512
9505,3,3,1,0.6395694613456726
9506,4,7,0,0.6235498189926147
9507,0,0,1,0.7497917413711548
9508,8,8,1,0.9601893424987793
9509,4,5,0,0.41406193375587463
9510,1,1,1,0.8249909281730652
9511,4,4,1,0.8468683958053589
9512,0,0,1,0.7648909091949463
9513,6,6,1,0.7219429612159729
9514,5,1,0,0.3749489188194275
9515,0,8,0,0.41043344140052795
9516,9,9,1,0.9765559434890747
9517,9,9,1,0.9364529252052307
9518,9,9,1,0.6751578450202942
9519,9,9,1,0.9272580146789551
9520,1,1,1,0.7904964089393616
9521,2,2,1,0.5745989084243774
9522,3,7,0,0.38928717374801636
9523,5,5,1,0.8649129271507263
9524,4,4,1,0.9288855791091919
9525,2,4,0,0.6631031036376953
9526,9,9,1,0.5986661314964294
9527,6,3,0,0.5026607513427734
9528,0,8,0,0.7461285591125488
9529,9,9,1,0.5434723496437073
9530,6,6,1,0.9822289943695068
9531,6,6,1,0.6995320320129395
9532,8,8,1,0.61861652135849
9533,0,0,1,0.7479817867279053
9534,6,6,1,0.9528201818466187
9535,1,2,0,0.4518115222454071
9536,4,6,0,0.32215529680252075
9537,6,6,1,0.964968740940094
9538,8,9,0,0.8181793689727783
9539,0,0,1,0.8044171929359436
9540,5,5,1,0.7039421200752258
9541,4,4,1,0.8612317442893982
9542,1,0,0,0.6153201460838318
9543,2,2,1,0.862782895565033
9544,0,2,0,0.5696970224380493
9545,9,9,1,0.6572328209877014
9546,6,6,1,0.9332044720649719
9547,4,4,1,0.9757012128829956
9548,2,3,0,0.5867769122123718
9549,4,4,1,0.6989517211914062
9550,6,6,1,0.9420624375343323
9551,5,3,0,0.6577934622764587
9552,9,9,1,0.8972085118293762
9553,7,7,1,0.5483748912811279
9554,7,7,1,0.5983942747116089
9555,4,6,0,0.6284855008125305
9556,6,6,1,0.6783298254013062
9557,5,5,1,0.36427879333496094
9558,0,0,1,0.7596793174743652
9559,1,1,1,0.9437121748924255
9560,9,9,1,0.6374742984771729
9561,0,0,1,0.6417816281318665
9562,3,3,1,0.5000163316726685
9563,1,7,0,0.4048178493976593
9564,9,9,1,0.8621700406074524
9565,0,0,1,0.9353581070899963
9566,9,9,1,0.9620503187179565
9567,7,7,1,0.7432141304016113
9568,8,8,1,0.9561818838119507
9569,6,6,1,0.746129035949707
9570,7,7,1,0.9585294723510742
9571,6,6,1,0.9155238270759583
9572,8,8,1,0.9520683884620667
9573,2,4,0,0.6823182702064514
9574,4,4,1,0.8824335932731628
9575,5,5,1,0.9245667457580566
9576,3,5,0,0.5464553833007812
9577,0,0,1,0.6964362859725952
9578,3,3,1,0.6621690392494202
9579,2,2,1,0.8514488935470581
9580,1,1,1,0.7332456707954407
9581,7,7,1,0.972131073474884
9582,5,5,1,0.8456377983093262
9583,9,9,1,0.8744691610336304
9584,3,6,0,0.7780820727348328
9585,4,4,1,0.8842288851737976
9586,5,5,1,0.840849757194519
9587,7,9,0,0.5179834365844727
9588,1,1,1,0.934445321559906
9589,5,2,0,0.507152795791626
9590,0,0,1,0.7748174071311951
9591,1,1,1,0.9601848721504211
9592,1,1,1,0.9500615000724792
9593,1,9,0,0.9051550030708313
9594,9,9,1,0.7843294739723206
9595,7,7,1,0.9153867363929749
9596,5,3,0,0.7078590989112854
9597,4,8,0,0.35946041345596313
9598,9,9,1,0.859367847442627
9599,7,7,1,0.6159523725509644
9600,8,8,1,0.8031524419784546
9601,1,3,0,0.688827633857727
9602,0,0,1,0.8594646453857422
9603,2,7,0,0.5919195413589478
9604,8,4,0,0.3727894127368927
9605,5,5,1,0.6752848029136658
9606,6,6,1,0.6538059115409851
9607,7,4,0,0.6817315816879272
9608,0,0,1,0.48900890350341797
9609,1,4,0,0.493162602186203
9610,4,4,1,0.9675731658935547
9611,8,8,1,0.9528185725212097
9612,4,4,1,0.6487355828285217
9613,4,4,1,0.8190335631370544
9614,6,6,1,0.9988243579864502
9615,6,6,1,0.9934215545654297
9616,5,6,0,0.6368852853775024
9617,8,1,0,0.6999109387397766
9618,1,0,0,0.39705076813697815
9619,8,8,1,0.9500585794448853
9620,4,7,0,0.6065555810928345
9621,6,6,1,0.6226723194122314
9622,5,2,0,0.5871656537055969
9623,9,9,1,0.8841568231582642
9624,2,2,1,0.6713541150093079
9625,2,4,0,0.6566462516784668
9626,1,1,1,0.8080496191978455
9627,4,2,0,0.7182986736297607
9628,9,9,1,0.9086762070655823
9629,1,1,1,0.8216394782066345
9630,6,5,0,0.3323267996311188
9631,7,5,0,0.5054890513420105
9632,2,2,1,0.8732255101203918
9633,0,0,1,0.5528388619422913
9634,1,1,1,0.6618791222572327
9635,7,7,1,0.5874587893486023
9636,6,3,0,0.4344409108161926
9637,5,5,1,0.6978482604026794
9638,2,2,1,0.5866394639015198
9639,2,2,1,0.9379733800888062
9640,5,7,0,0.4378247857093811
9641,6,3,0,0.8161278367042542
9642,0,0,1,0.9523496031761169
9643,9,0,0,0.6474959254264832
9644,0,9,0,0.6290069222450256
9645,1,1,1,0.9320182204246521
9646,5,3,0,0.5499680638313293
9647,3,2,0,0.3844267427921295
9648,3,8,0,0.48407837748527527
9649,5,5,1,0.9645884037017822
9650,8,8,1,0.40277400612831116
9651,7,7,1,0.961635172367096
9652,5,5,1,0.7302042841911316
9653,6,6,1,0.9478325843811035
9654,5,7,0,0.4601239860057831
9655,8,8,1,0.7157102227210999
9656,0,0,1,0.8878757953643799
9657,5,5,1,0.4849335253238678
9658,9,9,1,0.3664794862270355
9659,4,4,1,0.7309615015983582
9660,6,6,1,0.5805060863494873
9661,5,5,1,0.47849929332733154
9662,1,1,1,0.8698202967643738
9663,1,1,1,0.9512897729873657
9664,0,8,0,0.40854373574256897
9665,3,4,0,0.44041135907173157
9666,3,3,1,0.5107340812683105
9667,9,9,1,0.8057554364204407
9668,4,7,0,0.7483250498771667
9669,8,8,1,0.9254393577575684
9670,1,9,0,0.7856613993644714
9671,7,7,1,0.9679902195930481
9672,7,7,1,0.7963646650314331
9673,9,9,1,0.6529640555381775
9674,9,9,1,0.9046863317489624
9675,4,4,1,0.81522536277771
9676,3,2,0,0.697403609752655
9677,6,6,1,0.8478578925132751
9678,3,2,0,0.7205325961112976
9679,2,2,1,0.675535261631012
9680,8,0,0,0.6664738059043884
9681,2,2,1,0.4844731092453003
9682,7,0,0,0.5735887289047241
9683,6,3,0,0.4933268129825592
9684,7,7,1,0.6097344756126404
9685,0,0,1,0.9369274973869324
9686,2,2,1,0.9279342889785767
9687,1,1,1,0.9275895953178406
9688,2,2,1,0.40179428458213806
9689,9,5,0,0.4220429062843323
9690,4,4,1,0.8462221622467041
9691,6,6,1,0.6031562685966492
9692,9,9,1,0.6648262739181519
9693,6,6,1,0.655661404132843
9694,1,9,0,0.5700536370277405
9695,0,0,1,0.9541202783584595
9696,1,1,1,0.8414655923843384
9697,8,8,1,0.7140257358551025
9698,7,7,1,0.9406901597976685
9699,0,8,0,0.5624457597732544
9700,0,0,1,0.9533571600914001
9701,4,4,1,0.8528603315353394
9702,7,7,1,0.9714101552963257
9703,4,4,1,0.9771331548690796
9704,2,0,0,0.4751431941986084
9705,6,6,1,0.5310051441192627
9706,9,9,1,0.5175032019615173
9707,5,3,0,0.512931227684021
9708,9,1,0,0.9119737148284912
9709,0,4,0,0.3960963189601898
9710,7,3,0,0.5530760884284973
9711,4,4,1,0.6382907629013062
9712,5,5,1,0.8202254772186279
9713,8,8,1,0.9246975779533386
9714,1,1,1,0.9460390210151672
9715,4,4,1,0.6651391983032227
9716,7,7,1,0.4507564306259155
9717,9,9,1,0.5828285217285156
9718,9,9,1,0.7263597846031189
9719,8,8,1,0.9661853909492493
9720,8,8,1,0.8572579026222229
9721,6,6,1,0.8366556167602539
9722,3,3,1,0.7143744826316833
9723,7,7,1,0.8631212115287781
9724,0,0,1,0.8801160454750061
9725,8,8,1,0.513249397277832
9726,9,1,0,0.6637824177742004
9727,6,2,0,0.46066004037857056
9728,2,2,1,0.9294590353965759
9729,4,4,1,0.5361154675483704
9730,6,3,0,0.5766119360923767
9731,2,2,1,0.7025107741355896
9732,9,9,1,0.8695114850997925
9733,7,4,0,0.4259892702102661
9734,4,6,0,0.46203845739364624
9735,6,6,1,0.8483651280403137
9736,8,8,1,0.46560922265052795
9737,5,5,1,0.5621770024299622
9738,6,2,0,0.4777820110321045
9739,1,1,1,0.43929484486579895
9740,3,2,0,0.5654253363609314
9741,5,5,1,0.565610408782959
9742,9,9,1,0.8265546560287476
9743,9,1,0,0.5072583556175232
9744,1,9,0,0.7253628969192505
9745,3,3,1,0.5564267635345459
9746,2,0,0,0.49247288703918457
9747,0,0,1,0.7129195928573608
9748,3,3,1,0.500239908695221
9749,0,0,1,0.7612141966819763
9750,2,6,0,0.7994774580001831
9751,0,0,1,0.6005903482437134
9752,7,9,0,0.679908037185669
9753,3,5,0,0.6771870851516724
9754,9,9,1,0.8585209846496582
9755,3,3,1,0.5063946843147278
9756,5,6,0,0.6010222434997559
9757,7,7,1,0.4767901301383972
9758,6,6,1,0.5799922347068787
9759,5,5,1,0.711298942565918
9760,9,1,0,0.577265739440918
9761,5,5,1,0.8947299122810364
9762,6,6,1,0.8469026684761047
9763,1,9,0,0.7388347387313843
9764,2,2,1,0.5600661635398865
9765,4,0,0,0.3174692690372467
9766,0,0,1,0.47442156076431274
9767,2,4,0,0.7314066886901855
9768,7,7,1,0.9298950433731079
9769,8,8,1,0.9772475361824036
9770,4,4,1,0.5243250727653503
9771,4,4,1,0.7684921622276306
9772,0,0,1,0.8184595108032227
9773,9,1,0,0.6445952653884888
9774,5,3,0,0.5419842004776001
9775,9,9,1,0.9169818758964539
9776,2,6,0,0.7223604917526245
9777,9,9,1,0.6680765748023987
9778,3,3,1,0.4701980948448181
9779,2,2,1,0.6799720525741577
9780,4,4,1,0.4975757896900177
9781,3,3,1,0.7179427146911621
9782,2,2,1,0.5900909900665283
9783,2,2,1,0.6842742562294006
9784,8,8,1,0.8038046956062317
9785,8,8,1,0.6206787824630737
9786,6,8,0,0.38742250204086304
9787,8,8,1,0.5085434913635254
9788,1,1,1,0.5087274312973022
9789,6,4,0,0.5000307559967041
9790,8,0,0,0.5196628570556641
9791,9,6,0,0.6875636577606201
9792,8,8,1,0.4033028483390808
9793,2,5,0,0.7070973515510559
9794,1,0,0,0.6982178688049316
9795,4,4,1,0.5909547209739685
9796,9,9,1,0.8566756844520569
9797,1,0,0,0.5141624212265015
9798,5,5,1,0.8522488474845886
9799,7,7,1,0.9427639245986938
9800,1,1,1,0.9304254651069641
9801,6,2,0,0.6543447971343994
9802,0,0,1,0.9490849375724792
9803,1,1,1,0.9541889429092407
9804,5,2,0,0.716257631778717
9805,2,0,0,0.8316157460212708
9806,8,8,1,0.7795307040214539
9807,1,1,1,0.7270717620849609
9808,1,8,0,0.6670164465904236
9809,3,3,1,0.681418776512146
9810,8,8,1,0.7683194875717163
9811,1,1,1,0.5655320882797241
9812,3,8,0,0.7186889052391052
9813,1,1,1,0.9512081742286682
9814,8,8,1,0.9795045256614685
9815,5,2,0,0.7991922497749329
9816,1,0,0,0.5191785097122192
9817,9,1,0,0.8471662998199463
9818,0,0,1,0.6531838178634644
9819,3,5,0,0.8712301254272461
9820,0,4,0,0.6722703576087952
9821,4,4,1,0.6088970899581909
9822,0,4,0,0.5011005401611328
9823,5,2,0,0.6811442375183105
9824,1,8,0,0.5001145005226135
9825,2,2,1,0.8620719313621521
9826,0,0,1,0.9409603476524353
9827,4,4,1,0.7122410535812378
9828,9,8,0,0.7831035852432251
9829,5,5,1,0.44972747564315796
9830,1,1,1,0.8363602161407471
9831,2,2,1,0.49431923031806946
9832,2,4,0,0.7995097041130066
9833,7,7,1,0.9209001064300537
9834,8,8,1,0.7322019338607788
9835,7,4,0,0.7353179454803467
9836,2,2,1,0.5966426730155945
9837,4,4,1,0.8099181056022644
9838,5,5,1,0.4532935917377472
9839,3,2,0,0.46672213077545166
9840,4,3,0,0.478771448135376
9841,0,0,1,0.8826578259468079
9842,6,4,0,0.6225928664207458
9843,1,1,1,0.9049553275108337
9844,5,2,0,0.7338119149208069
9845,9,9,1,0.9415339827537537
9846,8,8,1,0.6568607091903687
9847,0,0,1,0.7549515962600708
9848,2,2,1,0.8909724950790405
9849,0,2,0,0.5193775296211243
9850,7,7,1,0.8245619535446167
9851,6,6,1,0.631722092628479
9852,0,0,1,0.7309533357620239
9853,5,6,0,0.42457908391952515
9854,9,9,1,0.41982710361480713
9855,7,7,1,0.900838315486908
9856,5,5,1,0.7945247292518616
9857,0,0,1,0.5949695706367493
9858,4,4,1,0.4771391749382019
9859,6,6,1,0.469163179397583
9860,0,2,0,0.7220150828361511
9861,6,6,1,0.8213703632354736
9862,3,3,1,0.65998375415802
9863,6,6,1,0.8738393783569336
9864,8,8,1,0.7002120614051819
9865,1,1,1,0.930245578289032
9866,1,1,1,0.6217848062515259
9867,8,0,0,0.5119447112083435
9868,9,1,0,0.594020426273346
9869,7,7,1,0.9397963285446167
9870,2,5,0,0.543611466884613
9871,9,9,1,0.8223455548286438
9872,0,0,1,0.84874427318573
9873,2,0,0,0.5322024822235107
9874,2,1,0,0.6051630973815918
9875,9,9,1,0.7617199420928955
9876,0,0,1,0.9555715322494507
9877,6,6,1,0.876067578792572
9878,5,2,0,0.45516258478164673
9879,7,7,1,0.5683125257492065
9880,7,5,0,0.4475432336330414
9881,9,9,1,0.7126309275627136
9882,1,1,1,0.9742656350135803
9883,7,1,0,0.8723559379577637
9884,9,9,1,0.7857523560523987
9885,8,8,1,0.9019647836685181
9886,4,5,0,0.4992576539516449
9887,5,1,0,0.3932689130306244
9888,0,0,1,0.8311082720756531
9889,8,8,1,0.9405605792999268
9890,0,0,1,0.9332687854766846
9891,2,2,1,0.3763302266597748
9892,5,3,0,0.4357132613658905
9893,2,2,1,0.7635241746902466
9894,1,1,1,0.6069037914276123
9895,4,0,0,0.7771705389022827
9896,4,2,0,0.5680679082870483
9897,8,8,1,0.9762524962425232
9898,9,8,0,0.5636532306671143
9899,7,7,1,0.6972944140434265
9900,8,8,1,0.5980152487754822
9901,3,1,0,0.6906195878982544
9902,6,0,0,0.6911446452140808
9903,6,6,1,0.7689439058303833
9904,0,0,1,0.9698870778083801
9905,1,9,0,0.8982672691345215
9906,1,1,1,0.9531680941581726
9907,1,1,1,0.9118918180465698
9908,8,8,1,0.9651720523834229
9909,1,1,1,0.9117932915687561
9910,4,7,0,0.659078061580658
9911,4,4,1,0.4563404619693756
9912,0,0,1,0.8585337400436401
9913,7,7,1,0.7403817176818848
9914,8,8,1,0.738166093826294
9915,2,2,1,0.5361025333404541
9916,1,1,1,0.9822902679443359
9917,2,3,0,0.7074035406112671
9918,5,3,0,0.456748366355896
9919,4,4,1,0.8089823722839355
9920,6,6,1,0.49998939037323
9921,0,0,1,0.8686460256576538
9922,5,5,1,0.6385194659233093
9923,7,0,0,0.54425448179245
9924,4,5,0,0.46058785915374756
9925,4,4,1,0.6072718501091003
9926,3,2,0,0.6599346399307251
9927,9,9,1,0.8813297152519226
9928,5,3,0,0.5806378722190857
9929,8,8,1,0.9151344895362854
9930,8,5,0,0.4390619993209839
9931,0,0,1,0.8618157505989075
9932,8,8,1,0.6744604706764221
9933,7,3,0,0.5672345757484436
9934,4,4,1,0.9059666395187378
9935,1,1,1,0.9708181023597717
9936,8,0,0,0.6114237904548645
9937,4,4,1,0.6369648575782776
9938,9,9,1,0.7954612970352173
9939,5,5,1,0.9554171562194824
9940,4,3,0,0.5011451840400696
9941,1,1,1,0.9147471785545349
9942,7,7,1,0.7461527585983276
9943,7,2,0,0.29407837986946106
9944,7,7,1,0.6910209655761719
9945,7,7,1,0.9656327962875366
9946,0,8,0,0.6682950854301453
9947,3,6,0,0.7261314988136292
9948,8,8,1,0.7183322310447693
9949,3,3,1,0.48314541578292847
9950,3,4,0,0.5119469165802002
9951,0,0,1,0.9467350244522095
9952,5,5,1,0.565188467502594
9953,7,4,0,0.49646690487861633
9954,0,0,1,0.9591437578201294
9955,8,8,1,0.9781862497329712
9956,0,0,1,0.40575218200683594
9957,0,0,1,0.6816858649253845
9958,9,9,1,0.9442662596702576
9959,2,3,0,0.68808913230896
9960,2,0,0,0.7030900120735168
9961,3,3,1,0.7428414821624756
9962,4,4,1,0.690189778804779
9963,8,8,1,0.8617026805877686
9964,2,3,0,0.5956708788871765
9965,2,2,1,0.8616325855255127
9966,6,6,1,0.7312219142913818
9967,3,4,0,0.39233145117759705
9968,3,3,1,0.483480304479599
9969,6,1,0,0.5487037897109985
9970,2,2,1,0.5040388107299805
9971,9,9,1,0.8202072978019714
9972,4,4,1,0.3829914629459381
9973,0,0,1,0.645557165145874
9974,1,1,1,0.9415369033813477
9975,7,7,1,0.9779011607170105
9976,5,3,0,0.438889741897583
9977,5,4,0,0.4539436995983124
9978,7,7,1,0.8186416029930115
9979,3,3,1,0.7167304158210754
9980,0,0,1,0.9223365783691406
9981,4,4,1,0.8861730098724365
9982,2,5,0,0.5589200258255005
9983,0,0,1,0.75322026014328
9984,7,5,0,0.5225743055343628
9985,5,3,0,0.5247218608856201
9986,8,8,1,0.7065768241882324
9987,0,8,0,0.654274582862854
9988,8,8,1,0.7519760131835938
9989,2,4,0,0.6696295142173767
9990,7,7,1,0.561072051525116
9991,0,0,1,0.7212479710578918
9992,3,3,1,0.9382779002189636
9993,5,5,1,0.5917697548866272
9994,3,3,1,0.9069247245788574
9995,8,0,0,0.40424060821533203
9996,3,3,1,0.5552921891212463
9997,5,5,1,0.4676898717880249
9998,1,0,0,0.4683511555194855
9999,7,7,1,0.9530788660049438
