sample_idx,true_label,pred_label,correct,confidence
0,3,3,1,0.7454923987388611
1,8,1,0,0.9446139931678772
2,8,1,0,0.7358971238136292
3,0,9,0,0.5716663599014282
4,6,6,1,0.668900191783905
5,6,1,0,0.39713993668556213
6,1,3,0,0.8550178408622742
7,6,6,1,0.8873030543327332
8,3,3,1,0.804830014705658
9,1,1,1,0.6937375664710999
10,0,3,0,0.28044018149375916
11,9,9,1,0.3910553455352783
12,5,5,1,0.5912526249885559
13,7,7,1,0.6778528094291687
14,9,9,1,0.8763525485992432
15,8,3,0,0.7061129808425903
16,5,3,0,0.6672592163085938
17,7,5,0,0.5931625366210938
18,8,5,0,0.5370137691497803
19,6,6,1,0.8424149751663208
20,7,4,0,0.6540879011154175
21,0,6,0,0.7189226746559143
22,4,3,0,0.43007728457450867
23,9,9,1,0.5042344331741333
24,5,1,0,0.4932263493537903
25,2,6,0,0.4659086763858795
26,4,4,1,0.38508811593055725
27,0,2,0,0.3959084749221802
28,9,1,0,0.7177231907844543
29,6,1,0,0.4315943419933319
30,6,0,0,0.45781564712524414
31,5,5,1,0.8637624979019165
32,4,6,0,0.7785086631774902
33,5,3,0,0.5926509499549866
34,9,2,0,0.4595937430858612
35,2,1,0,0.6473671793937683
36,4,7,0,0.4903809726238251
37,1,3,0,0.6047402024269104
38,9,9,1,0.6836628317832947
39,5,5,1,0.5474050641059875
40,4,5,0,0.44171154499053955
41,6,6,1,0.9757043123245239
42,5,3,0,0.8112428188323975
43,6,6,1,0.5512112379074097
44,0,9,0,0.5527260899543762
45,9,3,0,0.627469003200531
46,3,6,0,0.5246919393539429
47,9,9,1,0.6566541194915771
48,7,6,0,0.7757982015609741
49,6,6,1,0.733089804649353
50,9,1,0,0.9729607701301575
51,8,6,0,0.5651179552078247
52,0,6,0,0.8368040919303894
53,3,6,0,0.873710572719574
54,8,9,0,0.642551839351654
55,8,3,0,0.6096884608268738
56,7,5,0,0.5542553067207336
57,7,3,0,0.800858736038208
58,4,3,0,0.47899261116981506
59,6,3,0,0.700497567653656
60,7,4,0,0.5096639394760132
61,3,3,1,0.59263676404953
62,6,6,1,0.7962401509284973
63,3,6,0,0.8290894627571106
64,6,6,1,0.4426710903644562
65,2,6,0,0.667198121547699
66,1,3,0,0.5782572627067566
67,2,5,0,0.5505553483963013
68,3,5,0,0.593696653842926
69,7,6,0,0.4368197023868561
70,2,5,0,0.27402833104133606
71,6,3,0,0.8308904767036438
72,8,8,1,0.3548353612422943
73,8,0,0,0.6711557507514954
74,0,9,0,0.4748283624649048
75,2,9,0,0.35606059432029724
76,9,7,0,0.43969374895095825
77,3,9,0,0.5284836888313293
78,3,3,1,0.48414215445518494
79,8,9,0,0.47539228200912476
80,8,3,0,0.4314455986022949
81,1,1,1,0.5276353359222412
82,1,1,1,0.8946012258529663
83,7,3,0,0.4725167751312256
84,2,3,0,0.5808987021446228
85,5,3,0,0.7063571214675903
86,2,7,0,0.35889649391174316
87,7,9,0,0.41846829652786255
88,8,9,0,0.7901517152786255
89,9,1,0,0.5624293684959412
90,0,8,0,0.34284329414367676
91,3,6,0,0.7214955687522888
92,8,2,0,0.39743611216545105
93,6,6,1,0.9574575424194336
94,4,3,0,0.4412516951560974
95,6,9,0,0.5237890481948853
96,6,6,1,0.835684061050415
97,0,8,0,0.5686132311820984
98,0,8,0,0.3827155828475952
99,7,9,0,0.7691488265991211
100,4,5,0,0.45470863580703735
101,5,1,0,0.6787049174308777
102,6,6,1,0.3684020936489105
103,3,6,0,0.9081506133079529
104,1,9,0,0.533781111240387
105,1,1,1,0.4310165345668793
106,3,6,0,0.5853198170661926
107,6,6,1,0.5670738816261292
108,8,9,0,0.7653632760047913
109,7,1,0,0.6218939423561096
110,4,9,0,0.4373149871826172
111,0,3,0,0.44607025384902954
112,6,6,1,0.3864583969116211
113,2,7,0,0.42542287707328796
114,1,9,0,0.8687505722045898
115,3,3,1,0.55446857213974
116,0,3,0,0.6959080696105957
117,4,7,0,0.640575110912323
118,2,9,0,0.6949700117111206
119,7,5,0,0.6123755574226379
120,8,5,0,0.3159444034099579
121,3,3,1,0.4560219347476959
122,1,4,0,0.5127387642860413
123,2,3,0,0.5369937419891357
124,8,9,0,0.5801073908805847
125,0,2,0,0.5647181868553162
126,8,3,0,0.5284976363182068
127,3,3,1,0.45603036880493164
128,5,1,0,0.8647772073745728
129,2,1,0,0.8156759738922119
130,4,4,1,0.7430202960968018
131,1,8,0,0.250665545463562
132,8,3,0,0.5648121237754822
133,9,9,1,0.6751883625984192
134,1,9,0,0.3843666613101959
135,2,2,1,0.509484589099884
136,9,5,0,0.6719322204589844
137,7,7,1,0.4531114399433136
138,2,2,1,0.8052632808685303
139,9,1,0,0.7775303721427917
140,6,3,0,0.4809708595275879
141,5,1,0,0.8677862882614136
142,6,9,0,0.607119619846344
143,3,7,0,0.6301733255386353
144,8,1,0,0.7796754837036133
145,7,9,0,0.5497114062309265
146,6,6,1,0.831726610660553
147,2,7,0,0.45099592208862305
148,5,3,0,0.741371750831604
149,2,1,0,0.8835518956184387
150,8,6,0,0.6197176575660706
151,9,9,1,0.8725478649139404
152,6,6,1,0.8266052603721619
153,0,3,0,0.7452911734580994
154,0,2,0,0.48125219345092773
155,5,5,1,0.5059956908226013
156,2,3,0,0.45299088954925537
157,9,3,0,0.44549107551574707
158,5,9,0,0.40555375814437866
159,4,4,1,0.5265781283378601
160,2,2,1,0.4811975359916687
161,1,1,1,0.8473026752471924
162,6,1,0,0.9035426378250122
163,6,3,0,0.6321797966957092
164,8,8,1,0.577151894569397
165,4,9,0,0.4655815064907074
166,8,1,0,0.420407772064209
167,4,5,0,0.502675473690033
168,5,9,0,0.3362102806568146
169,0,7,0,0.421599805355072
170,9,9,1,0.5659767389297485
171,9,6,0,0.7338616847991943
172,9,8,0,0.4079557955265045
173,8,3,0,0.4088945686817169
174,9,6,0,0.41234448552131653
175,9,5,0,0.6367644667625427
176,3,3,1,0.2940202057361603
177,7,3,0,0.5812276005744934
178,5,3,0,0.6036164164543152
179,0,1,0,0.4087086021900177
180,0,1,0,0.6723966598510742
181,5,1,0,0.3928351104259491
182,2,2,1,0.47869157791137695
183,2,6,0,0.45455628633499146
184,3,5,0,0.44507819414138794
185,8,3,0,0.5683597326278687
186,6,6,1,0.9908666014671326
187,3,6,0,0.5189688205718994
188,4,2,0,0.4863683581352234
189,0,1,0,0.804594099521637
190,5,7,0,0.7139525413513184
191,8,8,1,0.3048727810382843
192,0,2,0,0.3924217224121094
193,1,6,0,0.7916252017021179
194,7,9,0,0.534317672252655
195,2,1,0,0.5886712074279785
196,8,4,0,0.4204219877719879
197,8,8,1,0.3946835696697235
198,7,6,0,0.2777094841003418
199,8,6,0,0.6671876907348633
200,5,3,0,0.4647268056869507
201,1,1,1,0.43602848052978516
202,8,9,0,0.5790758728981018
203,7,1,0,0.661994457244873
204,1,9,0,0.40724948048591614
205,3,3,1,0.8283551931381226
206,0,8,0,0.6287132501602173
207,5,1,0,0.5369287729263306
208,7,7,1,0.5542239546775818
209,9,3,0,0.4882068634033203
210,7,3,0,0.7468376755714417
211,4,3,0,0.823910117149353
212,5,5,1,0.4834979474544525
213,9,6,0,0.4322083294391632
214,8,7,0,0.4791699945926666
215,0,3,0,0.3726443648338318
216,7,2,0,0.3693769872188568
217,9,9,1,0.48216331005096436
218,8,5,0,0.7806732058525085
219,2,3,0,0.7409064173698425
220,7,3,0,0.46357274055480957
221,6,3,0,0.4335674047470093
222,9,8,0,0.6017366647720337
223,4,3,0,0.4607841372489929
224,3,6,0,0.5925232768058777
225,9,9,1,0.82331383228302
226,6,3,0,0.6841865181922913
227,4,3,0,0.5100338459014893
228,7,6,0,0.6059560775756836
229,6,6,1,0.6211531162261963
230,5,6,0,0.5884761810302734
231,1,1,1,0.7233240008354187
232,5,1,0,0.7167244553565979
233,8,1,0,0.5414801836013794
234,8,3,0,0.8768411874771118
235,0,3,0,0.6005392670631409
236,4,6,0,0.8813649415969849
237,0,6,0,0.584642231464386
238,5,1,0,0.8872182369232178
239,5,3,0,0.5696765780448914
240,1,9,0,0.4552231729030609
241,1,1,1,0.4262178838253021
242,8,0,0,0.34013521671295166
243,9,9,1,0.612226128578186
244,0,0,1,0.579443097114563
245,3,6,0,0.48730456829071045
246,1,2,0,0.37811392545700073
247,9,2,0,0.384928435087204
248,2,9,0,0.3952111601829529
249,2,4,0,0.6848492622375488
250,5,5,1,0.8096042275428772
251,3,3,1,0.7153850793838501
252,9,6,0,0.7733088731765747
253,9,5,0,0.5758936405181885
254,4,2,0,0.5686176419258118
255,0,9,0,0.5996909141540527
256,3,6,0,0.762752890586853
257,0,3,0,0.45873478055000305
258,0,7,0,0.39076003432273865
259,9,1,0,0.5068874359130859
260,8,6,0,0.6388665437698364
261,1,1,1,0.6477769017219543
262,5,3,0,0.847172737121582
263,7,7,1,0.4752599000930786
264,0,3,0,0.4106510877609253
265,8,3,0,0.32489892840385437
266,2,7,0,0.41727662086486816
267,4,4,1,0.9390333294868469
268,7,5,0,0.6257373690605164
269,0,1,0,0.5214312076568604
270,2,4,0,0.3376232087612152
271,3,2,0,0.5545040369033813
272,6,6,1,0.9967491030693054
273,3,3,1,0.5361868143081665
274,8,9,0,0.5508854985237122
275,5,1,0,0.36844402551651
276,0,2,0,0.3635943830013275
277,3,0,0,0.2778843343257904
278,4,3,0,0.37375110387802124
279,3,4,0,0.48919761180877686
280,9,8,0,0.40839293599128723
281,0,8,0,0.5594473481178284
282,6,3,0,0.7796460390090942
283,1,1,1,0.7703938484191895
284,0,9,0,0.6026721596717834
285,9,6,0,0.4681442975997925
286,1,1,1,0.5158751010894775
287,0,5,0,0.6543322205543518
288,7,7,1,0.47643256187438965
289,9,5,0,0.45849740505218506
290,1,8,0,0.3997059166431427
291,2,2,1,0.8105137348175049
292,6,9,0,0.5277320146560669
293,9,3,0,0.48293203115463257
294,3,6,0,0.4847477078437805
295,4,2,0,0.556756854057312
296,6,6,1,0.7844415307044983
297,0,3,0,0.6902085542678833
298,0,0,1,0.5733186602592468
299,6,6,1,0.9924789071083069
300,6,6,1,0.7931343913078308
301,6,6,1,0.8187695741653442
302,3,3,1,0.4936087727546692
303,2,1,0,0.5683470964431763
304,6,9,0,0.5935421586036682
305,1,3,0,0.45160242915153503
306,8,7,0,0.35901394486427307
307,2,7,0,0.4242367744445801
308,1,7,0,0.5771535634994507
309,6,2,0,0.8276961445808411
310,8,1,0,0.5005114078521729
311,6,1,0,0.6481582522392273
312,8,2,0,0.5093249082565308
313,0,4,0,0.5359574556350708
314,4,3,0,0.45725008845329285
315,0,5,0,0.6489773988723755
316,7,3,0,0.6659876108169556
317,7,2,0,0.6682393550872803
318,5,5,1,0.6833480000495911
319,5,3,0,0.5385921001434326
320,3,5,0,0.686517596244812
321,5,3,0,0.6092858910560608
322,2,3,0,0.5258675217628479
323,3,5,0,0.5209241509437561
324,4,3,0,0.4913427531719208
325,1,9,0,0.7230362296104431
326,7,2,0,0.5560723543167114
327,5,5,1,0.5332042574882507
328,4,3,0,0.5058276057243347
329,6,9,0,0.5287500619888306
330,1,6,0,0.9290894865989685
331,9,9,1,0.5192488431930542
332,3,2,0,0.685422420501709
333,6,4,0,0.5912237167358398
334,6,4,0,0.4668281674385071
335,9,6,0,0.3546307682991028
336,3,6,0,0.9292318820953369
337,8,9,0,0.4781176745891571
338,0,8,0,0.6242542862892151
339,7,5,0,0.2847142815589905
340,2,6,0,0.7456220984458923
341,6,5,0,0.5332406759262085
342,2,8,0,0.8664284944534302
343,5,8,0,0.609216570854187
344,8,4,0,0.7428449392318726
345,5,3,0,0.34220924973487854
346,4,3,0,0.6941708326339722
347,6,3,0,0.6677278876304626
348,8,8,1,0.4934530556201935
349,9,9,1,0.7251794338226318
350,9,9,1,0.4676553010940552
351,1,9,0,0.5080628991127014
352,0,1,0,0.5328512191772461
353,2,5,0,0.887055516242981
354,2,3,0,0.6175335049629211
355,7,2,0,0.4022970199584961
356,3,5,0,0.5547583699226379
357,2,3,0,0.49057742953300476
358,8,3,0,0.47651004791259766
359,0,1,0,0.3210631310939789
360,9,5,0,0.3534937798976898
361,5,6,0,0.5338743329048157
362,8,1,0,0.5070900321006775
363,1,4,0,0.38880738615989685
364,9,6,0,0.697632372379303
365,4,4,1,0.7055877447128296
366,1,6,0,0.3879779577255249
367,3,5,0,0.7769677042961121
368,8,4,0,0.40190955996513367
369,1,1,1,0.7626941204071045
370,4,3,0,0.3610748052597046
371,7,3,0,0.5151918530464172
372,9,4,0,0.48203927278518677
373,4,3,0,0.45104849338531494
374,2,2,1,0.7317472100257874
375,7,5,0,0.5850762724876404
376,0,8,0,0.598977267742157
377,7,7,1,0.5323977470397949
378,0,6,0,0.5352739095687866
379,6,9,0,0.4486667215824127
380,6,9,0,0.4367940425872803
381,9,9,1,0.46667057275772095
382,0,3,0,0.6173139810562134
383,9,1,0,0.3856245279312134
384,2,5,0,0.49223649501800537
385,8,3,0,0.5887477397918701
386,7,1,0,0.7148448824882507
387,2,4,0,0.5933555960655212
388,2,0,0,0.29403775930404663
389,5,3,0,0.7170141339302063
390,1,9,0,0.6686448454856873
391,2,9,0,0.676223874092102
392,6,6,1,0.49250316619873047
393,2,3,0,0.5893308520317078
394,9,6,0,0.8307146430015564
395,6,6,1,0.5848646759986877
396,2,6,0,0.5892152786254883
397,3,3,1,0.661736249923706
398,0,3,0,0.6262702345848083
399,3,3,1,0.663959264755249
400,9,9,1,0.8852067589759827
401,8,5,0,0.4183025062084198
402,7,7,1,0.45414450764656067
403,8,9,0,0.8686571717262268
404,8,2,0,0.5325289368629456
405,4,6,0,0.9211220145225525
406,0,9,0,0.5837785005569458
407,1,9,0,0.5818755030632019
408,8,5,0,0.6828320622444153
409,2,6,0,0.5719293355941772
410,7,9,0,0.7689675688743591
411,9,9,1,0.6805069446563721
412,3,2,0,0.30806636810302734
413,6,8,0,0.3727046847343445
414,1,9,0,0.6555649638175964
415,9,6,0,0.5085569024085999
416,0,2,0,0.5529019832611084
417,7,5,0,0.9349707365036011
418,3,2,0,0.4052605926990509
419,7,1,0,0.6968002319335938
420,4,6,0,0.8877378106117249
421,5,5,1,0.8637002110481262
422,0,8,0,0.38476523756980896
423,0,3,0,0.6132781505584717
424,2,2,1,0.5536625385284424
425,9,3,0,0.6843952536582947
426,3,7,0,0.4249996244907379
427,4,7,0,0.48681220412254333
428,0,6,0,0.8963204026222229
429,6,6,1,0.8712571263313293
430,2,3,0,0.561259388923645
431,5,1,0,0.6668177247047424
432,3,5,0,0.6868677735328674
433,7,4,0,0.5495091080665588
434,3,9,0,0.5606335997581482
435,7,7,1,0.4634932577610016
436,2,9,0,0.4082340896129608
437,5,4,0,0.35826781392097473
438,3,5,0,0.6591429710388184
439,1,4,0,0.48220834136009216
440,1,6,0,0.6989552974700928
441,4,2,0,0.48563680052757263
442,9,2,0,0.508306622505188
443,9,9,1,0.7105199694633484
444,5,5,1,0.5973622798919678
445,7,6,0,0.46012070775032043
446,5,9,0,0.45747366547584534
447,0,5,0,0.7283386588096619
448,2,1,0,0.7883903980255127
449,2,3,0,0.6589158773422241
450,2,6,0,0.43206787109375
451,9,1,0,0.6535831093788147
452,7,3,0,0.5371049642562866
453,3,2,0,0.46083030104637146
454,9,9,1,0.8687950968742371
455,4,1,0,0.28429344296455383
456,3,4,0,0.5205695629119873
457,5,6,0,0.8950546383857727
458,4,6,0,0.8053954839706421
459,6,9,0,0.37677696347236633
460,5,6,0,0.6429239511489868
461,6,4,0,0.7318663001060486
462,1,9,0,0.46792271733283997
463,4,3,0,0.42975902557373047
464,3,5,0,0.5188512206077576
465,4,6,0,0.7548165917396545
466,4,2,0,0.42295727133750916
467,3,3,1,0.5525235533714294
468,7,6,0,0.39159321784973145
469,8,8,1,0.7711637616157532
470,3,2,0,0.255725622177124
471,7,3,0,0.5389180183410645
472,8,6,0,0.4047674238681793
473,0,2,0,0.7858940958976746
474,5,6,0,0.692567765712738
475,7,7,1,0.6821172833442688
476,6,5,0,0.5744143128395081
477,0,9,0,0.49716734886169434
478,5,3,0,0.5786415338516235
479,4,5,0,0.5277700424194336
480,8,3,0,0.5226592421531677
481,6,6,1,0.8675842881202698
482,8,8,1,0.5633543133735657
483,5,3,0,0.30480942130088806
484,5,7,0,0.7758514285087585
485,9,9,1,0.5162411332130432
486,9,6,0,0.5481134057044983
487,9,9,1,0.5831878185272217
488,5,5,1,0.2569180130958557
489,0,3,0,0.5364965796470642
490,1,1,1,0.7677230834960938
491,0,6,0,0.5185406804084778
492,8,3,0,0.5860639810562134
493,1,9,0,0.6173341274261475
494,1,9,0,0.9506389498710632
495,8,2,0,0.5331417322158813
496,0,1,0,0.4362657964229584
497,2,3,0,0.689479410648346
498,2,5,0,0.74088454246521
499,0,8,0,0.3557019531726837
500,4,6,0,0.8964207172393799
501,6,6,1,0.4788762032985687
502,5,3,0,0.5581798553466797
503,4,3,0,0.4399361312389374
504,9,9,1,0.5716964602470398
505,4,0,0,0.46834596991539
506,7,5,0,0.47693294286727905
507,9,3,0,0.36249205470085144
508,9,4,0,0.521581768989563
509,4,6,0,0.34742432832717896
510,5,1,0,0.3472757935523987
511,6,6,1,0.931959867477417
512,6,6,1,0.5861196517944336
513,1,9,0,0.5115407705307007
514,5,5,1,0.7137930989265442
515,3,6,0,0.7819523811340332
516,8,6,0,0.7511377334594727
517,9,6,0,0.740327000617981
518,5,6,0,0.3667462468147278
519,8,1,0,0.38514602184295654
520,5,3,0,0.49285078048706055
521,7,9,0,0.38178345561027527
522,0,3,0,0.6650373935699463
523,7,7,1,0.5500069856643677
524,0,1,0,0.7739522457122803
525,5,5,1,0.6694321036338806
526,0,9,0,0.5229154825210571
527,0,9,0,0.548710286617279
528,4,4,1,0.38251781463623047
529,6,4,0,0.42927485704421997
530,9,3,0,0.5315853357315063
531,0,5,0,0.652654230594635
532,9,6,0,0.8006857633590698
533,5,5,1,0.9530338048934937
534,6,8,0,0.29979318380355835
535,6,6,1,0.9795171618461609
536,6,3,0,0.3453983664512634
537,2,2,1,0.4943915605545044
538,9,3,0,0.44034436345100403
539,0,3,0,0.5125300288200378
540,1,1,1,0.8254275918006897
541,7,6,0,0.4976873993873596
542,6,6,1,0.5587984919548035
543,7,5,0,0.4445265531539917
544,5,5,1,0.6905596256256104
545,9,3,0,0.6388062834739685
546,1,1,1,0.7345426082611084
547,6,6,1,0.7892515659332275
548,2,1,0,0.7828797698020935
549,5,3,0,0.6672387719154358
550,5,3,0,0.41933000087738037
551,5,7,0,0.5506506562232971
552,8,4,0,0.4757464826107025
553,5,3,0,0.5486471652984619
554,9,3,0,0.408651739358902
555,4,3,0,0.6461852788925171
556,6,3,0,0.6816129088401794
557,4,4,1,0.3831481635570526
558,3,9,0,0.44171205163002014
559,2,5,0,0.4770957827568054
560,0,5,0,0.5511593222618103
561,7,1,0,0.3947421610355377
562,6,6,1,0.47383612394332886
563,2,3,0,0.40020647644996643
564,2,6,0,0.9427192807197571
565,3,3,1,0.5397404432296753
566,9,9,1,0.8852521777153015
567,7,5,0,0.7046944499015808
568,9,6,0,0.9397213459014893
569,2,6,0,0.5433555841445923
570,6,3,0,0.7461973428726196
571,7,3,0,0.6785342693328857
572,1,1,1,0.8365626335144043
573,3,5,0,0.6145537495613098
574,6,3,0,0.3964654207229614
575,6,6,1,0.9456344842910767
576,8,5,0,0.5052121877670288
577,9,3,0,0.667277455329895
578,7,5,0,0.5096309185028076
579,5,3,0,0.3181881606578827
580,4,6,0,0.896495521068573
581,0,3,0,0.34317633509635925
582,8,5,0,0.4283411502838135
583,4,5,0,0.4980442523956299
584,0,3,0,0.5874530673027039
585,9,3,0,0.49115461111068726
586,3,3,1,0.7714515328407288
587,4,7,0,0.5105468034744263
588,8,4,0,0.6808335185050964
589,9,5,0,0.3303578794002533
590,6,3,0,0.7267290353775024
591,9,3,0,0.7674654722213745
592,2,4,0,0.780579149723053
593,6,6,1,0.7512363195419312
594,1,6,0,0.6870521903038025
595,4,2,0,0.7253352403640747
596,7,7,1,0.76955646276474
597,3,6,0,0.950114905834198
598,5,6,0,0.8744029998779297
599,3,6,0,0.4262440502643585
600,8,3,0,0.4555582106113434
601,5,7,0,0.6244634985923767
602,0,0,1,0.33640143275260925
603,2,5,0,0.6013512015342712
604,1,8,0,0.4379972517490387
605,6,3,0,0.6891878247261047
606,4,3,0,0.3987850248813629
607,3,3,1,0.44326329231262207
608,3,3,1,0.5016889572143555
609,9,9,1,0.558793306350708
610,6,6,1,0.7773004770278931
611,9,6,0,0.9147982597351074
612,8,5,0,0.29892122745513916
613,8,5,0,0.9325410723686218
614,5,5,1,0.4296639561653137
615,8,9,0,0.5893968939781189
616,6,3,0,0.5469900965690613
617,6,3,0,0.45768851041793823
618,2,2,1,0.4935475289821625
619,1,9,0,0.44757360219955444
620,7,4,0,0.6389850974082947
621,7,3,0,0.38120323419570923
622,1,1,1,0.49183395504951477
623,2,9,0,0.5013799667358398
624,7,2,0,0.6217844486236572
625,9,3,0,0.4001796245574951
626,9,7,0,0.5097715854644775
627,4,4,1,0.559753954410553
628,4,5,0,0.3515532910823822
629,1,2,0,0.46456849575042725
630,2,4,0,0.386284738779068
631,5,3,0,0.6452823877334595
632,6,6,1,0.6681610941886902
633,8,6,0,0.7489814758300781
634,7,6,0,0.6016839146614075
635,6,6,1,0.8566473722457886
636,8,1,0,0.48760396242141724
637,3,3,1,0.8700610995292664
638,0,1,0,0.47969695925712585
639,5,3,0,0.4439525008201599
640,5,3,0,0.645415723323822
641,3,3,1,0.3827812075614929
642,0,5,0,0.44541019201278687
643,7,3,0,0.38237547874450684
644,9,8,0,0.4833890497684479
645,1,9,0,0.5514448285102844
646,3,4,0,0.6133934259414673
647,4,5,0,0.4780535101890564
648,4,4,1,0.6377576589584351
649,5,2,0,0.8247525095939636
650,3,4,0,0.5605677962303162
651,9,6,0,0.9475151896476746
652,5,5,1,0.6628801822662354
653,6,2,0,0.6121937036514282
654,9,6,0,0.6795501112937927
655,2,3,0,0.4194035232067108
656,1,3,0,0.5069047808647156
657,1,3,0,0.5988631844520569
658,4,6,0,0.7942404747009277
659,1,6,0,0.4632149338722229
660,9,9,1,0.42785948514938354
661,4,4,1,0.4024043381214142
662,7,6,0,0.47707799077033997
663,6,6,1,0.9776505827903748
664,3,3,1,0.5719639658927917
665,8,3,0,0.705342710018158
666,9,3,0,0.5240179896354675
667,0,8,0,0.6013517379760742
668,1,1,1,0.5226709246635437
669,3,3,1,0.6571406126022339
670,6,6,1,0.37310341000556946
671,3,1,0,0.6196351051330566
672,6,7,0,0.5905213356018066
673,3,8,0,0.5834670066833496
674,2,6,0,0.6341019868850708
675,0,1,0,0.9024295806884766
676,3,6,0,0.5866702795028687
677,1,9,0,0.40099596977233887
678,0,1,0,0.5147824287414551
679,5,5,1,0.6482162475585938
680,9,1,0,0.36984917521476746
681,6,6,1,0.9778317213058472
682,4,3,0,0.6342477202415466
683,8,6,0,0.3157293498516083
684,9,1,0,0.3400176465511322
685,6,3,0,0.6538174152374268
686,9,1,0,0.7085280418395996
687,6,6,1,0.4759688675403595
688,3,6,0,0.6786007285118103
689,0,7,0,0.7116906642913818
690,3,7,0,0.7740395069122314
691,2,8,0,0.3888758420944214
692,2,0,0,0.7212430834770203
693,7,6,0,0.7781749367713928
694,8,4,0,0.47391656041145325
695,3,3,1,0.7533255815505981
696,8,3,0,0.5609155297279358
697,2,6,0,0.595660924911499
698,7,3,0,0.5744315981864929
699,5,5,1,0.6749849915504456
700,7,7,1,0.7674581408500671
701,2,5,0,0.7746046185493469
702,4,7,0,0.7157930135726929
703,8,3,0,0.6067602038383484
704,7,9,0,0.6541911363601685
705,4,8,0,0.6644277572631836
706,2,2,1,0.7168413400650024
707,9,3,0,0.5096757411956787
708,8,3,0,0.44016706943511963
709,8,5,0,0.7263009548187256
710,6,3,0,0.6420260071754456
711,8,3,0,0.6155579686164856
712,8,9,0,0.35397109389305115
713,7,4,0,0.5821572542190552
714,4,5,0,0.6147618889808655
715,3,3,1,0.717972993850708
716,3,5,0,0.528145968914032
717,8,9,0,0.612236738204956
718,4,6,0,0.8335683345794678
719,9,9,1,0.8210546970367432
720,4,6,0,0.5593902468681335
721,8,3,0,0.4875337481498718
722,8,8,1,0.5883020758628845
723,1,2,0,0.6004273891448975
724,8,2,0,0.7960746884346008
725,2,9,0,0.5385457873344421
726,1,5,0,0.33871597051620483
727,3,5,0,0.5626649856567383
728,6,3,0,0.505754292011261
729,5,5,1,0.684041440486908
730,4,5,0,0.8268185257911682
731,2,5,0,0.3982046842575073
732,7,5,0,0.5199747085571289
733,9,6,0,0.7353189587593079
734,9,3,0,0.34889134764671326
735,4,3,0,0.7132415771484375
736,1,9,0,0.3033558428287506
737,4,5,0,0.5221487283706665
738,1,9,0,0.5739184021949768
739,3,0,0,0.9363200068473816
740,2,5,0,0.7955424189567566
741,7,8,0,0.38262978196144104
742,0,3,0,0.4168030023574829
743,7,7,1,0.4288673996925354
744,9,3,0,0.6832602024078369
745,7,5,0,0.6743348240852356
746,6,6,1,0.9778361916542053
747,6,3,0,0.6591580510139465
748,2,3,0,0.6613510251045227
749,5,5,1,0.7045771479606628
750,9,9,1,0.5526608824729919
751,2,8,0,0.8082661032676697
752,9,9,1,0.8184904456138611
753,1,1,1,0.6212553977966309
754,2,8,0,0.3886564373970032
755,2,9,0,0.4374050498008728
756,6,6,1,0.8373696804046631
757,8,8,1,0.35843345522880554
758,2,2,1,0.429255872964859
759,1,6,0,0.5863850712776184
760,3,2,0,0.5562012195587158
761,6,5,0,0.6416254639625549
762,6,3,0,0.35517391562461853
763,0,5,0,0.5536601543426514
764,1,9,0,0.6366897821426392
765,2,2,1,0.5708314776420593
766,7,6,0,0.519390344619751
767,0,6,0,0.32623040676116943
768,5,9,0,0.5285433530807495
769,4,9,0,0.3464762568473816
770,6,6,1,0.762634813785553
771,1,9,0,0.43433597683906555
772,6,6,1,0.9251663684844971
773,4,5,0,0.5502496957778931
774,0,1,0,0.30911895632743835
775,2,6,0,0.3632897138595581
776,2,7,0,0.5473089814186096
777,6,3,0,0.550509512424469
778,0,3,0,0.5504288673400879
779,5,6,0,0.9058161973953247
780,9,5,0,0.5412686467170715
781,1,9,0,0.3477001190185547
782,7,6,0,0.3427477478981018
783,6,5,0,0.6292458176612854
784,7,7,1,0.5025500655174255
785,0,9,0,0.7471343874931335
786,3,7,0,0.5513255000114441
787,9,9,1,0.7753744721412659
788,6,9,0,0.7565575838088989
789,8,0,0,0.37547528743743896
790,3,3,1,0.5470049977302551
791,0,6,0,0.44638022780418396
792,3,5,0,0.682622492313385
793,4,3,0,0.424163818359375
794,7,6,0,0.38204506039619446
795,7,3,0,0.7024585008621216
796,1,9,0,0.42256560921669006
797,4,3,0,0.43669986724853516
798,7,2,0,0.7165198922157288
799,2,1,0,0.31807416677474976
800,7,3,0,0.4064505696296692
801,1,1,1,0.5721165537834167
802,4,0,0,0.41474050283432007
803,7,5,0,0.7293905019760132
804,4,6,0,0.6440960168838501
805,4,2,0,0.6678259968757629
806,8,6,0,0.4137097895145416
807,4,6,0,0.9444091320037842
808,7,2,0,0.521996259689331
809,7,9,0,0.44824835658073425
810,5,2,0,0.5666640996932983
811,3,7,0,0.5033193230628967
812,7,6,0,0.6878226399421692
813,2,2,1,0.43898117542266846
814,0,1,0,0.5096992254257202
815,8,0,0,0.4455174505710602
816,9,7,0,0.3398820459842682
817,5,1,0,0.8252884149551392
818,8,6,0,0.9522290825843811
819,3,6,0,0.8504215478897095
820,6,2,0,0.46370652318000793
821,2,5,0,0.78098464012146
822,0,6,0,0.7225550413131714
823,8,8,1,0.5473780035972595
824,7,7,1,0.5549201965332031
825,3,1,0,0.5446538925170898
826,7,9,0,0.5045309662818909
827,6,6,1,0.8439072370529175
828,5,5,1,0.5928282141685486
829,3,3,1,0.3692581057548523
830,1,3,0,0.6836040019989014
831,3,3,1,0.6554925441741943
832,2,3,0,0.5016145706176758
833,2,3,0,0.6495762467384338
834,5,2,0,0.615884006023407
835,4,1,0,0.45446696877479553
836,1,6,0,0.5181314945220947
837,2,3,0,0.46771740913391113
838,9,4,0,0.5536360740661621
839,2,3,0,0.5899590253829956
840,7,5,0,0.5061540603637695
841,0,4,0,0.43105626106262207
842,7,5,0,0.39433208107948303
843,2,2,1,0.4659377634525299
844,1,1,1,0.7637791037559509
845,3,3,1,0.3105548918247223
846,2,4,0,0.351428359746933
847,0,5,0,0.4181785583496094
848,2,6,0,0.8606542348861694
849,4,4,1,0.6125816702842712
850,7,1,0,0.7818592190742493
851,9,5,0,0.7161388397216797
852,8,6,0,0.36116644740104675
853,9,2,0,0.4727184772491455
854,0,9,0,0.7554245591163635
855,7,2,0,0.5387029647827148
856,7,3,0,0.6172307729721069
857,0,5,0,0.6500198841094971
858,7,3,0,0.619817316532135
859,8,3,0,0.5901117324829102
860,4,3,0,0.3844003975391388
861,6,6,1,0.7725614905357361
862,3,3,1,0.3210469186306
863,3,6,0,0.5106003284454346
864,0,3,0,0.7691113948822021
865,1,5,0,0.4282694458961487
866,3,3,1,0.509693443775177
867,7,7,1,0.8989056348800659
868,0,4,0,0.5019638538360596
869,1,8,0,0.41908377408981323
870,3,7,0,0.35797733068466187
871,1,7,0,0.6755497455596924
872,4,3,0,0.46976253390312195
873,2,5,0,0.5202917456626892
874,3,3,1,0.3682493567466736
875,8,3,0,0.5556221008300781
876,4,2,0,0.5360628962516785
877,2,3,0,0.5089083313941956
878,3,9,0,0.7681443691253662
879,7,6,0,0.5112574100494385
880,8,2,0,0.3482038676738739
881,4,6,0,0.6514512300491333
882,3,1,0,0.6168459057807922
883,0,1,0,0.47256365418434143
884,9,9,1,0.7051354050636292
885,0,1,0,0.5195861458778381
886,0,5,0,0.7487137913703918
887,1,6,0,0.4815720319747925
888,0,1,0,0.31015971302986145
889,4,9,0,0.42914995551109314
890,4,3,0,0.5034056901931763
891,6,6,1,0.9507192969322205
892,7,5,0,0.6714721918106079
893,6,5,0,0.720123291015625
894,1,5,0,0.6824836730957031
895,1,9,0,0.3929387629032135
896,3,1,0,0.46741563081741333
897,7,4,0,0.26889172196388245
898,3,6,0,0.7754659652709961
899,5,5,1,0.94370436668396
900,2,6,0,0.5474151372909546
901,6,3,0,0.6460751891136169
902,6,4,0,0.666498601436615
903,5,3,0,0.7770090699195862
904,8,8,1,0.3762499988079071
905,7,3,0,0.40307796001434326
906,1,3,0,0.7883399724960327
907,6,9,0,0.8279878497123718
908,8,3,0,0.6019852757453918
909,8,3,0,0.5777137875556946
910,5,3,0,0.6693122982978821
911,3,3,1,0.89508056640625
912,0,3,0,0.44576969742774963
913,4,7,0,0.5260581374168396
914,0,3,0,0.5840927958488464
915,1,5,0,0.732509195804596
916,3,3,1,0.6382501125335693
917,8,8,1,0.5146180987358093
918,8,9,0,0.5480051636695862
919,0,9,0,0.3718075454235077
920,6,1,0,0.4787372946739197
921,9,2,0,0.36600935459136963
922,9,9,1,0.5911189913749695
923,9,7,0,0.7892571091651917
924,5,1,0,0.6361412405967712
925,5,4,0,0.5062761902809143
926,8,1,0,0.6125590205192566
927,6,6,1,0.586073637008667
928,0,2,0,0.4781324565410614
929,0,1,0,0.43051284551620483
930,4,5,0,0.5966127514839172
931,2,3,0,0.48942598700523376
932,3,3,1,0.728070080280304
933,2,4,0,0.47155851125717163
934,7,7,1,0.5667660236358643
935,2,3,0,0.617672860622406
936,2,7,0,0.4881213307380676
937,5,5,1,0.28009310364723206
938,9,1,0,0.956997811794281
939,8,3,0,0.5352495908737183
940,9,4,0,0.5223762392997742
941,1,3,0,0.6136223077774048
942,7,6,0,0.810988187789917
943,4,6,0,0.7572920918464661
944,0,6,0,0.5429526567459106
945,3,1,0,0.7776469588279724
946,0,1,0,0.5607898235321045
947,1,1,1,0.5623722672462463
948,3,6,0,0.5912348031997681
949,8,1,0,0.9646402597427368
950,3,3,1,0.6292418241500854
951,9,5,0,0.5070899724960327
952,6,6,1,0.46325889229774475
953,1,3,0,0.4412314295768738
954,4,6,0,0.34861627221107483
955,7,3,0,0.46184366941452026
956,0,9,0,0.4372170865535736
957,3,6,0,0.8508796691894531
958,7,4,0,0.5713869333267212
959,8,8,1,0.9286804795265198
960,9,9,1,0.6007567644119263
961,1,9,0,0.5117177367210388
962,1,2,0,0.5360124707221985
963,6,6,1,0.962225079536438
964,6,3,0,0.4413837194442749
965,6,3,0,0.538191020488739
966,6,5,0,0.7059248685836792
967,9,9,1,0.8301204442977905
968,1,2,0,0.5595927834510803
969,9,3,0,0.5568936467170715
970,9,9,1,0.48135069012641907
971,4,4,1,0.9131269454956055
972,2,6,0,0.7433743476867676
973,1,2,0,0.33919256925582886
974,7,5,0,0.5083345174789429
975,0,2,0,0.3132716417312622
976,6,6,1,0.5708217620849609
977,8,3,0,0.50774747133255
978,1,5,0,0.6523491144180298
979,9,9,1,0.7270649671554565
980,2,3,0,0.6836846470832825
981,9,1,0,0.8930848836898804
982,0,6,0,0.7586508989334106
983,4,5,0,0.5595064759254456
984,7,7,1,0.6985529661178589
985,8,0,0,0.6665088534355164
986,3,3,1,0.6363028883934021
987,1,9,0,0.41610586643218994
988,2,9,0,0.3493326008319855
989,0,3,0,0.5695069432258606
990,1,3,0,0.6323175430297852
991,5,5,1,0.4929817020893097
992,8,5,0,0.4561489224433899
993,4,4,1,0.5441792011260986
994,6,3,0,0.6102148294448853
995,3,2,0,0.6739108562469482
996,8,4,0,0.6138641238212585
997,1,2,0,0.5138529539108276
998,3,3,1,0.6940016746520996
999,8,3,0,0.4996737241744995
1000,5,2,0,0.5083204507827759
1001,0,5,0,0.47518062591552734
1002,8,1,0,0.47813624143600464
1003,4,5,0,0.6805668473243713
1004,8,8,1,0.7303557395935059
1005,1,1,1,0.5293627381324768
1006,1,6,0,0.7164872884750366
1007,8,0,0,0.4566323161125183
1008,9,6,0,0.7974947094917297
1009,6,7,0,0.53260737657547
1010,0,8,0,0.6584163904190063
1011,8,8,1,0.421088844537735
1012,6,2,0,0.5972993969917297
1013,1,1,1,0.827657163143158
1014,3,4,0,0.3834587335586548
1015,4,6,0,0.7338399887084961
1016,1,9,0,0.7067088484764099
1017,6,6,1,0.909135639667511
1018,0,8,0,0.9299338459968567
1019,5,3,0,0.44379836320877075
1020,1,9,0,0.46406790614128113
1021,1,1,1,0.5735101699829102
1022,0,1,0,0.6516746282577515
1023,0,5,0,0.35394540429115295
1024,3,3,1,0.8069734573364258
1025,5,5,1,0.6358163356781006
1026,0,5,0,0.5642022490501404
1027,0,8,0,0.5234503746032715
1028,6,3,0,0.5696434378623962
1029,6,6,1,0.9918235540390015
1030,3,3,1,0.5944764018058777
1031,3,3,1,0.7290924191474915
1032,6,6,1,0.5932698845863342
1033,3,9,0,0.6133425235748291
1034,6,4,0,0.33642035722732544
1035,6,2,0,0.44856175780296326
1036,0,7,0,0.5514005422592163
1037,7,7,1,0.516023576259613
1038,2,9,0,0.3704768717288971
1039,2,6,0,0.9537907242774963
1040,7,6,0,0.40079131722450256
1041,5,4,0,0.5291708111763
1042,5,3,0,0.5797265768051147
1043,2,4,0,0.5300050973892212
1044,8,5,0,0.7051227688789368
1045,5,3,0,0.6515429615974426
1046,2,7,0,0.8380985856056213
1047,1,9,0,0.5100605487823486
1048,1,0,0,0.6733719706535339
1049,4,5,0,0.59971022605896
1050,3,1,0,0.66339510679245
1051,2,3,0,0.317736953496933
1052,0,0,1,0.5268970727920532
1053,3,5,0,0.7513684034347534
1054,1,2,0,0.47283899784088135
1055,5,6,0,0.767565906047821
1056,3,6,0,0.5805090069770813
1057,7,2,0,0.6841064095497131
1058,6,5,0,0.5803410410881042
1059,8,5,0,0.535415530204773
1060,9,9,1,0.8634119033813477
1061,1,1,1,0.7326078414916992
1062,6,6,1,0.7030075192451477
1063,4,4,1,0.44023606181144714
1064,9,6,0,0.8227357864379883
1065,3,3,1,0.6412755250930786
1066,9,6,0,0.5627624988555908
1067,0,2,0,0.6297740936279297
1068,9,3,0,0.5597968697547913
1069,6,6,1,0.9657593965530396
1070,3,5,0,0.915299654006958
1071,6,6,1,0.9122616648674011
1072,0,9,0,0.6567502617835999
1073,7,1,0,0.7319408655166626
1074,3,9,0,0.6626216769218445
1075,8,3,0,0.7726101875305176
1076,0,6,0,0.8989855051040649
1077,0,6,0,0.38097479939460754
1078,0,1,0,0.753801167011261
1079,6,1,0,0.6328129172325134
1080,6,1,0,0.807573139667511
1081,6,7,0,0.4586414396762848
1082,9,1,0,0.6363666653633118
1083,2,5,0,0.49405550956726074
1084,5,3,0,0.8638182878494263
1085,4,6,0,0.5722290277481079
1086,4,1,0,0.6961344480514526
1087,6,3,0,0.586190938949585
1088,3,3,1,0.6029834151268005
1089,6,6,1,0.9992074370384216
1090,0,3,0,0.5759019255638123
1091,8,0,0,0.4625477194786072
1092,6,1,0,0.44367915391921997
1093,0,1,0,0.6268553733825684
1094,6,7,0,0.6351161599159241
1095,2,4,0,0.4143811762332916
1096,7,7,1,0.4674665927886963
1097,5,6,0,0.7856094837188721
1098,1,8,0,0.36716413497924805
1099,2,3,0,0.5756856203079224
1100,7,8,0,0.46422281861305237
1101,8,9,0,0.7901944518089294
1102,8,1,0,0.32971811294555664
1103,0,3,0,0.5716502070426941
1104,9,5,0,0.8096604347229004
1105,4,3,0,0.4478427767753601
1106,9,6,0,0.538114607334137
1107,7,0,0,0.394397497177124
1108,2,2,1,0.5857976675033569
1109,0,6,0,0.36477163434028625
1110,2,7,0,0.8239172697067261
1111,8,3,0,0.5278514623641968
1112,3,6,0,0.8411908149719238
1113,8,3,0,0.3837914764881134
1114,9,3,0,0.7114596962928772
1115,1,6,0,0.941861093044281
1116,5,2,0,0.2975604832172394
1117,5,5,1,0.6489076614379883
1118,4,3,0,0.4882189631462097
1119,7,7,1,0.46211308240890503
1120,5,9,0,0.3184340000152588
1121,3,3,1,0.6866183876991272
1122,8,2,0,0.30046531558036804
1123,3,7,0,0.6911336183547974
1124,3,2,0,0.7955806255340576
1125,6,6,1,0.5939696431159973
1126,2,2,1,0.5242260694503784
1127,8,2,0,0.49737632274627686
1128,4,3,0,0.4027315378189087
1129,3,5,0,0.7669258713722229
1130,7,4,0,0.4926358759403229
1131,1,6,0,0.6510546207427979
1132,2,2,1,0.5021805167198181
1133,4,5,0,0.4191999137401581
1134,1,9,0,0.602578341960907
1135,6,7,0,0.4248875081539154
1136,9,6,0,0.45081907510757446
1137,0,5,0,0.6961789727210999
1138,5,6,0,0.8346795439720154
1139,8,5,0,0.5955866575241089
1140,6,5,0,0.5715803503990173
1141,1,5,0,0.4238026440143585
1142,8,9,0,0.4481600522994995
1143,6,3,0,0.5411880016326904
1144,1,1,1,0.8194915056228638
1145,4,9,0,0.54228675365448
1146,2,3,0,0.4094192385673523
1147,6,9,0,0.32886338233947754
1148,2,2,1,0.7214162349700928
1149,7,6,0,0.4684732258319855
1150,2,1,0,0.8193771243095398
1151,2,6,0,0.9085304141044617
1152,0,9,0,0.5587132573127747
1153,8,1,0,0.6900394558906555
1154,6,1,0,0.901945173740387
1155,9,5,0,0.5176647305488586
1156,1,6,0,0.6906265020370483
1157,7,5,0,0.47104501724243164
1158,1,6,0,0.5421105623245239
1159,8,9,0,0.43253692984580994
1160,8,7,0,0.3004905581474304
1161,0,1,0,0.4578898549079895
1162,7,6,0,0.8061528205871582
1163,3,3,1,0.6469264030456543
1164,8,8,1,0.8665204644203186
1165,0,4,0,0.2931530177593231
1166,3,1,0,0.5886415839195251
1167,4,6,0,0.2988598644733429
1168,3,3,1,0.5498422980308533
1169,7,5,0,0.752338707447052
1170,7,0,0,0.48096588253974915
1171,9,9,1,0.3217792809009552
1172,2,1,0,0.6663235425949097
1173,3,5,0,0.7409631609916687
1174,1,9,0,0.8869861364364624
1175,9,9,1,0.6835848093032837
1176,1,9,0,0.7667373418807983
1177,9,9,1,0.8790863752365112
1178,6,6,1,0.612575352191925
1179,3,5,0,0.6154909133911133
1180,3,5,0,0.7296299338340759
1181,3,1,0,0.7883182168006897
1182,1,9,0,0.6395013332366943
1183,0,1,0,0.5230101943016052
1184,6,3,0,0.4721372425556183
1185,1,6,0,0.6205973625183105
1186,4,5,0,0.3223216235637665
1187,1,6,0,0.5438811779022217
1188,0,9,0,0.34919705986976624
1189,0,2,0,0.6842581629753113
1190,1,9,0,0.38086044788360596
1191,1,3,0,0.3877851963043213
1192,6,3,0,0.46833980083465576
1193,5,3,0,0.6422255039215088
1194,4,9,0,0.501086413860321
1195,6,3,0,0.5546472072601318
1196,2,6,0,0.4296155571937561
1197,0,7,0,0.6987161636352539
1198,7,7,1,0.9319627285003662
1199,9,6,0,0.5180182456970215
1200,8,8,1,0.37464556097984314
1201,7,3,0,0.4706742763519287
1202,2,1,0,0.42921218276023865
1203,0,8,0,0.8415529727935791
1204,6,6,1,0.9895462393760681
1205,8,1,0,0.7139172554016113
1206,1,1,1,0.9461979269981384
1207,4,1,0,0.47295889258384705
1208,3,7,0,0.5370215177536011
1209,7,6,0,0.5285605192184448
1210,0,6,0,0.5575147271156311
1211,6,0,0,0.37093785405158997
1212,1,1,1,0.7550099492073059
1213,8,6,0,0.6289306282997131
1214,5,1,0,0.38891535997390747
1215,7,1,0,0.4471760392189026
1216,8,3,0,0.41129541397094727
1217,4,9,0,0.7613014578819275
1218,8,3,0,0.5164878964424133
1219,3,3,1,0.6784344911575317
1220,9,3,0,0.5054481625556946
1221,9,9,1,0.5577927827835083
1222,9,1,0,0.8871293663978577
1223,8,3,0,0.6161404848098755
1224,7,6,0,0.7278446555137634
1225,6,6,1,0.9743888974189758
1226,6,3,0,0.5920497179031372
1227,3,3,1,0.8218410611152649
1228,5,3,0,0.5107353329658508
1229,1,1,1,0.9806748032569885
1230,5,3,0,0.5093690752983093
1231,9,9,1,0.6646461486816406
1232,1,3,0,0.6294999718666077
1233,4,3,0,0.4570056200027466
1234,1,9,0,0.4916563630104065
1235,5,5,1,0.5842745304107666
1236,7,5,0,0.6050072312355042
1237,0,8,0,0.5614693760871887
1238,1,1,1,0.6189323663711548
1239,5,3,0,0.5355509519577026
1240,2,6,0,0.7945067286491394
1241,0,4,0,0.5479188561439514
1242,8,9,0,0.8713952898979187
1243,8,3,0,0.6466487050056458
1244,5,4,0,0.5459022521972656
1245,6,5,0,0.39572033286094666
1246,7,7,1,0.45793142914772034
1247,3,3,1,0.4627240002155304
1248,2,1,0,0.5419178605079651
1249,4,4,1,0.49408191442489624
1250,7,6,0,0.7704091668128967
1251,2,8,0,0.4558594226837158
1252,5,5,1,0.8966870903968811
1253,8,7,0,0.6755369305610657
1254,2,1,0,0.867692768573761
1255,4,9,0,0.8322819471359253
1256,9,6,0,0.8315188884735107
1257,2,1,0,0.7367976903915405
1258,1,6,0,0.828102707862854
1259,8,3,0,0.3259771764278412
1260,1,6,0,0.3644659221172333
1261,9,4,0,0.3693838119506836
1262,8,2,0,0.5196968913078308
1263,8,3,0,0.32064276933670044
1264,8,1,0,0.5003075003623962
1265,9,5,0,0.4272492527961731
1266,0,0,1,0.47523033618927
1267,4,3,0,0.4333901107311249
1268,3,3,1,0.731575071811676
1269,3,3,1,0.5550538301467896
1270,1,9,0,0.5632238984107971
1271,8,3,0,0.34692618250846863
1272,4,9,0,0.39442700147628784
1273,6,6,1,0.807181179523468
1274,3,6,0,0.39514610171318054
1275,3,2,0,0.37527403235435486
1276,5,6,0,0.4920443892478943
1277,2,3,0,0.47409799695014954
1278,2,2,1,0.6920986771583557
1279,8,6,0,0.35426250100135803
1280,3,2,0,0.532489001750946
1281,8,5,0,0.3418252766132355
1282,9,9,1,0.6562036275863647
1283,5,5,1,0.6793155074119568
1284,8,8,1,0.7271711826324463
1285,9,2,0,0.4597432315349579
1286,8,9,0,0.6508099436759949
1287,9,9,1,0.6371089816093445
1288,1,7,0,0.35543736815452576
1289,6,6,1,0.8826757073402405
1290,5,6,0,0.6023482084274292
1291,9,9,1,0.41053634881973267
1292,4,6,0,0.755416989326477
1293,4,3,0,0.7428948283195496
1294,8,5,0,0.7193760871887207
1295,0,3,0,0.6946817636489868
1296,7,7,1,0.5856105089187622
1297,2,0,0,0.6923125386238098
1298,9,9,1,0.9312446713447571
1299,7,5,0,0.49416908621788025
1300,4,5,0,0.5684142708778381
1301,1,1,1,0.599747359752655
1302,6,6,1,0.9381607174873352
1303,4,9,0,0.47575685381889343
1304,4,2,0,0.6573683619499207
1305,9,9,1,0.5026886463165283
1306,1,6,0,0.7189785838127136
1307,2,0,0,0.688226044178009
1308,5,5,1,0.7662442326545715
1309,6,6,1,0.4156818389892578
1310,0,0,1,0.6203984022140503
1311,8,9,0,0.5851280689239502
1312,6,1,0,0.29888278245925903
1313,1,5,0,0.6192024350166321
1314,9,9,1,0.4038662314414978
1315,4,6,0,0.5848103761672974
1316,5,5,1,0.8597846031188965
1317,9,5,0,0.4321794807910919
1318,5,5,1,0.44739505648612976
1319,0,0,1,0.6344735026359558
1320,7,2,0,0.7360740303993225
1321,2,5,0,0.3475332260131836
1322,0,0,1,0.46162816882133484
1323,0,9,0,0.6572862267494202
1324,4,7,0,0.5738546252250671
1325,2,0,0,0.39853084087371826
1326,6,2,0,0.5900599360466003
1327,6,3,0,0.3620147705078125
1328,5,2,0,0.48517197370529175
1329,5,3,0,0.5667707920074463
1330,2,3,0,0.5819210410118103
1331,8,1,0,0.46591463685035706
1332,1,1,1,0.3785768747329712
1333,7,6,0,0.3611598014831543
1334,3,3,1,0.5939428210258484
1335,1,5,0,0.5232695937156677
1336,4,5,0,0.389264315366745
1337,5,3,0,0.4471683204174042
1338,6,5,0,0.3682965636253357
1339,5,3,0,0.4845584034919739
1340,1,1,1,0.7084782719612122
1341,4,4,1,0.6384816765785217
1342,7,6,0,0.46855828166007996
1343,0,7,0,0.44620510935783386
1344,9,6,0,0.8594623804092407
1345,4,3,0,0.5559161305427551
1346,3,6,0,0.705173909664154
1347,8,0,0,0.5624242424964905
1348,2,3,0,0.5907024145126343
1349,8,3,0,0.39358583092689514
1350,4,6,0,0.7343787550926208
1351,7,7,1,0.3262902796268463
1352,2,3,0,0.6081300973892212
1353,3,1,0,0.49268195033073425
1354,1,2,0,0.4629685580730438
1355,5,6,0,0.6209944486618042
1356,2,6,0,0.7278035283088684
1357,9,4,0,0.40889155864715576
1358,8,5,0,0.7184470295906067
1359,9,9,1,0.709185004234314
1360,7,9,0,0.48996150493621826
1361,9,3,0,0.6666077375411987
1362,5,1,0,0.29830116033554077
1363,1,1,1,0.5210004448890686
1364,4,6,0,0.5375500917434692
1365,0,6,0,0.6583879590034485
1366,8,0,0,0.23726685345172882
1367,2,2,1,0.6113622188568115
1368,3,3,1,0.6677262187004089
1369,8,3,0,0.42198964953422546
1370,9,1,0,0.5772023797035217
1371,1,1,1,0.4687017500400543
1372,1,1,1,0.6304691433906555
1373,3,9,0,0.4852772057056427
1374,2,9,0,0.7232431173324585
1375,4,1,0,0.46734318137168884
1376,9,9,1,0.7213093638420105
1377,3,3,1,0.48933663964271545
1378,1,9,0,0.6329184770584106
1379,7,1,0,0.7660809755325317
1380,4,5,0,0.8954333662986755
1381,6,6,1,0.5977138876914978
1382,2,3,0,0.5810304880142212
1383,8,7,0,0.5346143245697021
1384,9,9,1,0.7344040274620056
1385,5,5,1,0.5876327157020569
1386,3,3,1,0.45364099740982056
1387,9,9,1,0.3564527630805969
1388,5,3,0,0.6495615839958191
1389,5,6,0,0.5248855352401733
1390,6,9,0,0.672723650932312
1391,7,7,1,0.7198852896690369
1392,2,3,0,0.46171826124191284
1393,4,3,0,0.5641257166862488
1394,6,2,0,0.4100409150123596
1395,3,4,0,0.44299080967903137
1396,1,7,0,0.6229085326194763
1397,0,0,1,0.506084144115448
1398,7,3,0,0.6606000661849976
1399,2,8,0,0.6782174706459045
1400,5,5,1,0.49021390080451965
1401,4,1,0,0.6870264410972595
1402,7,7,1,0.7952085733413696
1403,6,6,1,0.5552508234977722
1404,1,3,0,0.628232479095459
1405,1,7,0,0.495700478553772
1406,9,5,0,0.35035550594329834
1407,8,3,0,0.5501865148544312
1408,1,7,0,0.43005314469337463
1409,0,3,0,0.49288123846054077
1410,1,7,0,0.5423862338066101
1411,3,6,0,0.9224308729171753
1412,1,1,1,0.8749678730964661
1413,1,9,0,0.5161766409873962
1414,1,9,0,0.40677106380462646
1415,7,2,0,0.7855827212333679
1416,3,3,1,0.8123975396156311
1417,9,5,0,0.6246200203895569
1418,6,6,1,0.5120453834533691
1419,8,3,0,0.41619670391082764
1420,4,6,0,0.5141841173171997
1421,6,6,1,0.7704154253005981
1422,8,6,0,0.6444156765937805
1423,4,7,0,0.5610381364822388
1424,9,9,1,0.7128811478614807
1425,4,6,0,0.8386937379837036
1426,7,3,0,0.4831889271736145
1427,9,3,0,0.3411044180393219
1428,7,7,1,0.47999584674835205
1429,6,3,0,0.5928115248680115
1430,8,8,1,0.42228811979293823
1431,4,6,0,0.7564660310745239
1432,9,2,0,0.5742347836494446
1433,7,7,1,0.5754662752151489
1434,0,9,0,0.8051671385765076
1435,1,7,0,0.6829132437705994
1436,6,6,1,0.5444716215133667
1437,1,1,1,0.7757528424263
1438,5,7,0,0.3411983847618103
1439,9,3,0,0.6592488884925842
1440,0,3,0,0.5065559148788452
1441,4,3,0,0.403321772813797
1442,3,6,0,0.6724380254745483
1443,4,3,0,0.3538658320903778
1444,1,5,0,0.6101535558700562
1445,3,3,1,0.6202065944671631
1446,0,9,0,0.3497168719768524
1447,8,6,0,0.40746453404426575
1448,4,3,0,0.8253341913223267
1449,6,6,1,0.46486639976501465
1450,2,9,0,0.30753445625305176
1451,2,7,0,0.40870532393455505
1452,6,1,0,0.9406049847602844
1453,5,5,1,0.470856636762619
1454,3,1,0,0.29456111788749695
1455,6,9,0,0.5897377133369446
1456,2,6,0,0.6614720821380615
1457,1,3,0,0.7031007409095764
1458,1,1,1,0.4909698963165283
1459,8,5,0,0.6493943929672241
1460,6,6,1,0.9519555568695068
1461,0,5,0,0.6637576222419739
1462,4,8,0,0.4901539087295532
1463,0,1,0,0.4254895746707916
1464,1,3,0,0.32423752546310425
1465,9,7,0,0.5029549598693848
1466,7,3,0,0.6240119934082031
1467,1,9,0,0.6327547430992126
1468,3,6,0,0.9504122138023376
1469,7,3,0,0.5674174427986145
1470,7,1,0,0.67323237657547
1471,8,5,0,0.7229204773902893
1472,7,1,0,0.5572481751441956
1473,7,2,0,0.37827953696250916
1474,3,9,0,0.5710156559944153
1475,9,9,1,0.7383429408073425
1476,7,9,0,0.44685009121894836
1477,7,6,0,0.5652991533279419
1478,7,5,0,0.520317554473877
1479,2,6,0,0.7287359833717346
1480,1,9,0,0.593806266784668
1481,2,1,0,0.37394341826438904
1482,8,3,0,0.5455414056777954
1483,6,6,1,0.6755781769752502
1484,4,3,0,0.5466126203536987
1485,0,1,0,0.7903144359588623
1486,7,3,0,0.5603790283203125
1487,9,9,1,0.7319641709327698
1488,8,6,0,0.5231816172599792
1489,6,6,1,0.9038991928100586
1490,8,5,0,0.4814242422580719
1491,4,6,0,0.42388346791267395
1492,9,3,0,0.29544875025749207
1493,1,9,0,0.6059709787368774
1494,7,5,0,0.8524932265281677
1495,2,0,0,0.2896605134010315
1496,2,0,0,0.2666480243206024
1497,8,8,1,0.6668811440467834
1498,5,5,1,0.44619879126548767
1499,8,6,0,0.9836843609809875
1500,1,9,0,0.6556601524353027
1501,2,5,0,0.3174329400062561
1502,2,5,0,0.3512662947177887
1503,4,3,0,0.5134683847427368
1504,1,2,0,0.427243173122406
1505,2,0,0,0.48077908158302307
1506,5,3,0,0.611706018447876
1507,2,3,0,0.7669156789779663
1508,8,5,0,0.6485673785209656
1509,1,6,0,0.747227132320404
1510,8,3,0,0.4594527781009674
1511,1,2,0,0.7084850072860718
1512,8,3,0,0.7524893283843994
1513,6,6,1,0.7539111971855164
1514,0,6,0,0.6062094569206238
1515,2,2,1,0.5721453428268433
1516,4,5,0,0.659764289855957
1517,1,5,0,0.592595636844635
1518,3,5,0,0.7143625020980835
1519,6,6,1,0.7300607562065125
1520,7,5,0,0.389911413192749
1521,7,2,0,0.4672800898551941
1522,4,4,1,0.4716412425041199
1523,4,6,0,0.5674096345901489
1524,3,9,0,0.5074637532234192
1525,3,5,0,0.6550318002700806
1526,4,5,0,0.6408968567848206
1527,5,3,0,0.3742488920688629
1528,2,1,0,0.3494831919670105
1529,4,3,0,0.41053861379623413
1530,3,9,0,0.7839398384094238
1531,7,3,0,0.7644160389900208
1532,8,2,0,0.4785709083080292
1533,4,7,0,0.3798069953918457
1534,4,6,0,0.6824021935462952
1535,4,2,0,0.4253203570842743
1536,5,0,0,0.5897819995880127
1537,4,3,0,0.4222658574581146
1538,3,3,1,0.5602478384971619
1539,2,2,1,0.5501046180725098
1540,8,3,0,0.5885920524597168
1541,4,6,0,0.6188185214996338
1542,5,3,0,0.6220871806144714
1543,5,3,0,0.7080603241920471
1544,4,7,0,0.6275980472564697
1545,1,1,1,0.4490319490432739
1546,4,4,1,0.4973556101322174
1547,2,2,1,0.6950192451477051
1548,5,8,0,0.37598925828933716
1549,1,3,0,0.5263935327529907
1550,6,6,1,0.9197737574577332
1551,4,4,1,0.6019204258918762
1552,3,5,0,0.7039602398872375
1553,4,8,0,0.43101561069488525
1554,4,6,0,0.4489649534225464
1555,0,3,0,0.5714304447174072
1556,8,3,0,0.5948163270950317
1557,8,6,0,0.6417946815490723
1558,4,6,0,0.9232701063156128
1559,5,6,0,0.6067343950271606
1560,7,1,0,0.6412129998207092
1561,5,5,1,0.6713646054267883
1562,6,6,1,0.8312785029411316
1563,9,1,0,0.616577684879303
1564,1,9,0,0.6380971670150757
1565,6,6,1,0.7133920788764954
1566,7,6,0,0.5185545086860657
1567,2,5,0,0.5791898369789124
1568,0,3,0,0.5352520942687988
1569,1,6,0,0.35558825731277466
1570,4,3,0,0.5759531259536743
1571,5,3,0,0.4676135778427124
1572,6,3,0,0.7405995726585388
1573,0,0,1,0.5923991203308105
1574,0,3,0,0.5675943493843079
1575,2,9,0,0.7299785017967224
1576,7,6,0,0.8319737315177917
1577,5,3,0,0.5273850560188293
1578,6,7,0,0.5700641870498657
1579,0,2,0,0.4971664845943451
1580,6,6,1,0.5181969404220581
1581,2,1,0,0.3365669250488281
1582,9,9,1,0.7501769065856934
1583,1,6,0,0.9084468483924866
1584,7,6,0,0.48174750804901123
1585,7,5,0,0.8054982423782349
1586,5,5,1,0.7960296273231506
1587,2,9,0,0.48429474234580994
1588,5,2,0,0.5456356406211853
1589,6,4,0,0.46416905522346497
1590,4,1,0,0.4874339997768402
1591,1,1,1,0.862338125705719
1592,4,5,0,0.6805785298347473
1593,3,9,0,0.7506486773490906
1594,3,3,1,0.5934934616088867
1595,3,9,0,0.5998068451881409
1596,0,7,0,0.688859760761261
1597,3,3,1,0.7001775503158569
1598,5,2,0,0.31137973070144653
1599,5,9,0,0.43636125326156616
1600,8,2,0,0.655029296875
1601,9,3,0,0.5633082985877991
1602,7,5,0,0.803067684173584
1603,3,9,0,0.6596063375473022
1604,1,9,0,0.7228666543960571
1605,3,9,0,0.49961918592453003
1606,3,4,0,0.6607259511947632
1607,3,7,0,0.7379637956619263
1608,4,3,0,0.6537664532661438
1609,4,9,0,0.8597965836524963
1610,2,3,0,0.5986636281013489
1611,3,3,1,0.6087772250175476
1612,3,1,0,0.7210356593132019
1613,8,5,0,0.4230291247367859
1614,1,6,0,0.6390537619590759
1615,7,3,0,0.5851677656173706
1616,7,1,0,0.6649923920631409
1617,0,6,0,0.7541583180427551
1618,7,5,0,0.5077365040779114
1619,4,4,1,0.7779353260993958
1620,5,5,1,0.2843538820743561
1621,1,8,0,0.28856560587882996
1622,4,1,0,0.5272316932678223
1623,2,6,0,0.909678041934967
1624,4,6,0,0.4899325668811798
1625,3,2,0,0.5925145149230957
1626,9,3,0,0.49745774269104004
1627,9,3,0,0.44740962982177734
1628,4,7,0,0.7858183979988098
1629,9,1,0,0.39761435985565186
1630,9,1,0,0.3582853376865387
1631,1,9,0,0.6738317012786865
1632,8,5,0,0.47432810068130493
1633,1,6,0,0.872147262096405
1634,6,3,0,0.627416729927063
1635,7,5,0,0.9514709711074829
1636,5,2,0,0.5709553956985474
1637,5,3,0,0.3212359547615051
1638,4,9,0,0.5788613557815552
1639,9,1,0,0.4688219130039215
1640,7,3,0,0.5059792995452881
1641,6,6,1,0.8065547347068787
1642,5,2,0,0.6645856499671936
1643,9,5,0,0.7269182801246643
1644,2,3,0,0.490312397480011
1645,4,4,1,0.6429252028465271
1646,0,5,0,0.7113748788833618
1647,7,7,1,0.5569233894348145
1648,8,7,0,0.5361728668212891
1649,5,6,0,0.48598724603652954
1650,5,7,0,0.4251432716846466
1651,0,0,1,0.8145103454589844
1652,0,3,0,0.6089167594909668
1653,9,7,0,0.43291619420051575
1654,9,9,1,0.4231664836406708
1655,8,6,0,0.9527989625930786
1656,2,5,0,0.3637322187423706
1657,5,3,0,0.3833284378051758
1658,4,2,0,0.7680472135543823
1659,8,9,0,0.5352474451065063
1660,3,1,0,0.6156067848205566
1661,6,5,0,0.4672837555408478
1662,3,1,0,0.6286328434944153
1663,6,4,0,0.5248132944107056
1664,0,9,0,0.5519764423370361
1665,6,6,1,0.9822244644165039
1666,6,6,1,0.7777265906333923
1667,6,6,1,0.9385819435119629
1668,9,3,0,0.37033772468566895
1669,6,4,0,0.7085299491882324
1670,6,8,0,0.5163633227348328
1671,8,1,0,0.789308488368988
1672,6,9,0,0.49431708455085754
1673,2,6,0,0.47762492299079895
1674,4,4,1,0.6082879304885864
1675,5,7,0,0.42621976137161255
1676,8,0,0,0.4995299279689789
1677,1,9,0,0.8590931296348572
1678,2,2,1,0.7828710079193115
1679,7,1,0,0.772678792476654
1680,6,6,1,0.9701763987541199
1681,5,6,0,0.37322619557380676
1682,7,3,0,0.45028814673423767
1683,8,0,0,0.5597887635231018
1684,1,1,1,0.3512481451034546
1685,8,4,0,0.3003343939781189
1686,0,3,0,0.5677823424339294
1687,8,0,0,0.5562002062797546
1688,6,9,0,0.36737391352653503
1689,9,7,0,0.5444356799125671
1690,2,5,0,0.5724050402641296
1691,8,1,0,0.7826274037361145
1692,9,6,0,0.8720213174819946
1693,4,9,0,0.41327807307243347
1694,0,1,0,0.7075525522232056
1695,9,3,0,0.7552588582038879
1696,4,3,0,0.601500391960144
1697,9,9,1,0.5006845593452454
1698,5,3,0,0.4720378816127777
1699,7,5,0,0.5827428698539734
1700,5,5,1,0.4115631878376007
1701,5,3,0,0.42576467990875244
1702,9,3,0,0.7281461954116821
1703,5,5,1,0.7777831554412842
1704,3,3,1,0.7241973280906677
1705,0,2,0,0.6717574596405029
1706,1,3,0,0.6840646862983704
1707,9,9,1,0.5858322381973267
1708,7,1,0,0.4813605844974518
1709,2,6,0,0.7891941666603088
1710,4,2,0,0.6367114186286926
1711,1,5,0,0.48202306032180786
1712,0,8,0,0.8904070854187012
1713,8,9,0,0.7468066811561584
1714,0,9,0,0.35131049156188965
1715,3,5,0,0.45627686381340027
1716,1,9,0,0.7569417953491211
1717,7,3,0,0.4648418128490448
1718,0,6,0,0.6943973302841187
1719,0,9,0,0.6359781622886658
1720,4,0,0,0.4740722179412842
1721,8,2,0,0.37176021933555603
1722,6,3,0,0.41838356852531433
1723,2,1,0,0.4738699197769165
1724,4,5,0,0.26418906450271606
1725,0,5,0,0.7286679744720459
1726,0,0,1,0.5282167792320251
1727,9,8,0,0.4367245137691498
1728,0,1,0,0.5131600499153137
1729,8,9,0,0.795593798160553
1730,4,2,0,0.4829948842525482
1731,5,9,0,0.8408427238464355
1732,9,9,1,0.3462616205215454
1733,3,5,0,0.3774484694004059
1734,9,7,0,0.7474007606506348
1735,0,8,0,0.6404310464859009
1736,5,5,1,0.7633062601089478
1737,6,5,0,0.5308605432510376
1738,5,8,0,0.45129767060279846
1739,0,1,0,0.6285211443901062
1740,1,1,1,0.45027533173561096
1741,4,2,0,0.32284772396087646
1742,8,3,0,0.4670789837837219
1743,1,1,1,0.7913004755973816
1744,0,1,0,0.2625201642513275
1745,5,5,1,0.6286312341690063
1746,2,2,1,0.46807482838630676
1747,1,1,1,0.5650795698165894
1748,0,6,0,0.9603697657585144
1749,2,6,0,0.6445343494415283
1750,8,3,0,0.8664828538894653
1751,1,3,0,0.5711210370063782
1752,5,3,0,0.9658492207527161
1753,6,4,0,0.7082632780075073
1754,7,1,0,0.46171751618385315
1755,7,2,0,0.3456437885761261
1756,2,1,0,0.7194602489471436
1757,6,2,0,0.314340204000473
1758,2,2,1,0.39332735538482666
1759,5,5,1,0.7218345403671265
1760,0,0,1,0.4580845832824707
1761,1,6,0,0.4484349489212036
1762,4,2,0,0.4191020131111145
1763,2,1,0,0.6932594180107117
1764,5,3,0,0.40132027864456177
1765,4,4,1,0.37475910782814026
1766,6,6,1,0.9785418510437012
1767,2,3,0,0.5377347469329834
1768,2,3,0,0.4462948739528656
1769,1,1,1,0.6385156512260437
1770,7,3,0,0.4213466942310333
1771,2,6,0,0.6108860373497009
1772,8,1,0,0.7798858880996704
1773,5,3,0,0.6638686060905457
1774,5,5,1,0.5144050121307373
1775,3,5,0,0.6437462568283081
1776,0,8,0,0.47385960817337036
1777,4,7,0,0.42941340804100037
1778,8,5,0,0.3227860629558563
1779,3,4,0,0.4810907542705536
1780,7,9,0,0.5433096885681152
1781,6,8,0,0.5829768776893616
1782,3,9,0,0.7733849287033081
1783,8,2,0,0.686709463596344
1784,1,2,0,0.6659346222877502
1785,0,2,0,0.36163145303726196
1786,1,9,0,0.7836291193962097
1787,3,5,0,0.5038705468177795
1788,3,5,0,0.46515777707099915
1789,0,3,0,0.38090914487838745
1790,7,5,0,0.7296128273010254
1791,4,3,0,0.3222320079803467
1792,9,9,1,0.8768276572227478
1793,5,6,0,0.5923362970352173
1794,3,3,1,0.4629259407520294
1795,6,6,1,0.9334934949874878
1796,0,4,0,0.3664695620536804
1797,1,5,0,0.4107440114021301
1798,4,3,0,0.6406781673431396
1799,4,6,0,0.5624012351036072
1800,4,2,0,0.5611029863357544
1801,4,3,0,0.6273354291915894
1802,2,2,1,0.4414101541042328
1803,2,7,0,0.7030150890350342
1804,5,9,0,0.7985464930534363
1805,8,9,0,0.554302990436554
1806,1,9,0,0.36899322271347046
1807,5,2,0,0.3412565290927887
1808,9,6,0,0.6245467066764832
1809,8,3,0,0.3356393575668335
1810,1,9,0,0.397937148809433
1811,1,7,0,0.5579063296318054
1812,5,5,1,0.43997547030448914
1813,3,5,0,0.5778530240058899
1814,9,9,1,0.7494170665740967
1815,9,3,0,0.689710259437561
1816,7,5,0,0.4173336327075958
1817,6,2,0,0.5115349888801575
1818,5,5,1,0.6049107909202576
1819,0,8,0,0.8199950456619263
1820,8,9,0,0.445975124835968
1821,4,2,0,0.38647353649139404
1822,7,7,1,0.6807517409324646
1823,0,5,0,0.35837316513061523
1824,9,5,0,0.8561716675758362
1825,2,9,0,0.35147953033447266
1826,8,9,0,0.6466225385665894
1827,4,4,1,0.5623916387557983
1828,7,3,0,0.5278910398483276
1829,1,0,0,0.4167556166648865
1830,3,6,0,0.6164386868476868
1831,9,9,1,0.9331274628639221
1832,6,1,0,0.305633008480072
1833,8,3,0,0.500642716884613
1834,9,1,0,0.8296566009521484
1835,0,9,0,0.673058271408081
1836,4,4,1,0.6411089301109314
1837,9,6,0,0.5755602121353149
1838,6,3,0,0.5829597115516663
1839,7,7,1,0.49438735842704773
1840,8,8,1,0.49884316325187683
1841,9,6,0,0.5053927898406982
1842,4,3,0,0.40700647234916687
1843,8,3,0,0.39964962005615234
1844,9,2,0,0.4323883354663849
1845,7,4,0,0.666598916053772
1846,2,4,0,0.5994018912315369
1847,5,8,0,0.4306529462337494
1848,3,7,0,0.3706684410572052
1849,7,7,1,0.6956154704093933
1850,1,3,0,0.34330180287361145
1851,0,1,0,0.46158069372177124
1852,2,0,0,0.30220845341682434
1853,9,9,1,0.7292355298995972
1854,5,5,1,0.5802314877510071
1855,5,5,1,0.7775983214378357
1856,8,2,0,0.5043655633926392
1857,5,5,1,0.5841984152793884
1858,4,9,0,0.5045621991157532
1859,2,3,0,0.6698440909385681
1860,8,5,0,0.6438427567481995
1861,3,6,0,0.696674644947052
1862,5,6,0,0.5807704329490662
1863,5,6,0,0.8099579811096191
1864,7,2,0,0.28702789545059204
1865,7,7,1,0.5756734609603882
1866,8,7,0,0.5967209339141846
1867,6,6,1,0.46651190519332886
1868,2,5,0,0.466541051864624
1869,8,0,0,0.6862611174583435
1870,2,3,0,0.6063066124916077
1871,3,5,0,0.6080771684646606
1872,5,3,0,0.5071442127227783
1873,6,3,0,0.4870426654815674
1874,8,3,0,0.40818166732788086
1875,0,3,0,0.7397953271865845
1876,2,5,0,0.3243108093738556
1877,3,4,0,0.3795821964740753
1878,7,6,0,0.7563742399215698
1879,0,1,0,0.5223848223686218
1880,1,1,1,0.7221559882164001
1881,9,9,1,0.7839956283569336
1882,1,1,1,0.8997138142585754
1883,3,7,0,0.40322890877723694
1884,7,5,0,0.5975505113601685
1885,5,1,0,0.48302385210990906
1886,8,6,0,0.7213372588157654
1887,3,2,0,0.6598250269889832
1888,2,9,0,0.6079936623573303
1889,9,6,0,0.35793307423591614
1890,6,6,1,0.4257563054561615
1891,8,6,0,0.6268860697746277
1892,6,1,0,0.7996209859848022
1893,9,1,0,0.4644104540348053
1894,3,1,0,0.4900957942008972
1895,8,5,0,0.4371197819709778
1896,9,9,1,0.676609218120575
1897,8,6,0,0.34186145663261414
1898,0,0,1,0.7765073776245117
1899,7,6,0,0.39624178409576416
1900,8,3,0,0.4270772337913513
1901,5,5,1,0.6908405423164368
1902,0,0,1,0.6195994019508362
1903,0,0,1,0.5789839625358582
1904,1,9,0,0.660335898399353
1905,3,7,0,0.7643280625343323
1906,9,3,0,0.6125413775444031
1907,1,3,0,0.7888479232788086
1908,5,4,0,0.4281061887741089
1909,3,3,1,0.6692398190498352
1910,4,6,0,0.5709449648857117
1911,4,4,1,0.5734126567840576
1912,0,0,1,0.5043789744377136
1913,9,6,0,0.4877163767814636
1914,9,9,1,0.5727878212928772
1915,9,9,1,0.5707102417945862
1916,9,1,0,0.5019665956497192
1917,8,3,0,0.704846203327179
1918,2,7,0,0.5968414545059204
1919,4,7,0,0.44070929288864136
1920,2,2,1,0.5232225656509399
1921,2,3,0,0.6599346399307251
1922,5,1,0,0.38808247447013855
1923,1,6,0,0.3740512430667877
1924,9,6,0,0.364982932806015
1925,1,1,1,0.4761502742767334
1926,0,3,0,0.5893605947494507
1927,9,2,0,0.8265402317047119
1928,4,2,0,0.6132161021232605
1929,2,3,0,0.4160708487033844
1930,1,9,0,0.5443620681762695
1931,6,6,1,0.3628038465976715
1932,0,1,0,0.7708256244659424
1933,3,4,0,0.24692346155643463
1934,7,6,0,0.6316843628883362
1935,6,2,0,0.7735517621040344
1936,3,6,0,0.5969915986061096
1937,1,5,0,0.5913718938827515
1938,8,9,0,0.6029325127601624
1939,6,2,0,0.3365464508533478
1940,5,3,0,0.8626441359519958
1941,7,1,0,0.6100640296936035
1942,2,2,1,0.6878436207771301
1943,8,5,0,0.3773585855960846
1944,4,5,0,0.585911214351654
1945,4,3,0,0.31874188780784607
1946,8,2,0,0.641719400882721
1947,3,7,0,0.3518920838832855
1948,5,5,1,0.8069782853126526
1949,0,0,1,0.48893043398857117
1950,5,5,1,0.7245686054229736
1951,7,5,0,0.5939019918441772
1952,4,3,0,0.6326892375946045
1953,4,4,1,0.5091686844825745
1954,2,2,1,0.6569154262542725
1955,2,5,0,0.5346775054931641
1956,7,3,0,0.5915176868438721
1957,3,7,0,0.4486027956008911
1958,6,6,1,0.9201478362083435
1959,0,2,0,0.5764803886413574
1960,2,3,0,0.6665258407592773
1961,7,1,0,0.37697914242744446
1962,6,6,1,0.44549691677093506
1963,2,3,0,0.637345552444458
1964,3,3,1,0.6188719272613525
1965,0,2,0,0.522601842880249
1966,7,7,1,0.9358289241790771
1967,7,1,0,0.5351041555404663
1968,8,8,1,0.4605441093444824
1969,1,7,0,0.5548278093338013
1970,1,9,0,0.667620062828064
1971,4,6,0,0.5705086588859558
1972,6,3,0,0.47780412435531616
1973,0,2,0,0.6448205709457397
1974,6,7,0,0.6154171824455261
1975,6,6,1,0.9799233078956604
1976,5,9,0,0.5625762939453125
1977,5,6,0,0.7993836402893066
1978,6,3,0,0.5212022066116333
1979,3,3,1,0.6655543446540833
1980,9,6,0,0.4722338318824768
1981,3,5,0,0.42273464798927307
1982,6,2,0,0.6289662718772888
1983,8,9,0,0.5429624915122986
1984,7,6,0,0.7716113328933716
1985,6,1,0,0.3444148004055023
1986,4,2,0,0.7203893065452576
1987,9,9,1,0.6836184859275818
1988,5,5,1,0.49268200993537903
1989,6,6,1,0.8722898960113525
1990,4,7,0,0.512748658657074
1991,1,1,1,0.3991541266441345
1992,6,8,0,0.5333005785942078
1993,3,3,1,0.48031315207481384
1994,8,3,0,0.4937470257282257
1995,2,6,0,0.4292958676815033
1996,3,3,1,0.503618061542511
1997,9,5,0,0.5712538957595825
1998,8,2,0,0.3623683750629425
1999,5,9,0,0.7221984267234802
2000,1,3,0,0.6246418952941895
2001,5,3,0,0.7051981091499329
2002,4,5,0,0.2961399257183075
2003,5,6,0,0.9887951612472534
2004,7,1,0,0.3927052319049835
2005,5,2,0,0.47900474071502686
2006,7,3,0,0.4620577096939087
2007,8,0,0,0.4947609305381775
2008,9,9,1,0.5540168881416321
2009,1,7,0,0.3907599151134491
2010,7,9,0,0.5325189232826233
2011,2,3,0,0.5424934029579163
2012,5,5,1,0.6212655305862427
2013,6,6,1,0.7602043747901917
2014,8,9,0,0.522762656211853
2015,4,6,0,0.7887244820594788
2016,6,6,1,0.7826088070869446
2017,5,9,0,0.6115554571151733
2018,3,6,0,0.5433105826377869
2019,9,6,0,0.7325529456138611
2020,9,1,0,0.8734766840934753
2021,8,1,0,0.6638144850730896
2022,5,3,0,0.5416352152824402
2023,5,3,0,0.6122351288795471
2024,6,2,0,0.6249675750732422
2025,4,4,1,0.4021892547607422
2026,5,6,0,0.28745466470718384
2027,9,3,0,0.6524696946144104
2028,7,3,0,0.5657711625099182
2029,3,3,1,0.45293617248535156
2030,4,2,0,0.5446857213973999
2031,1,7,0,0.4603872001171112
2032,4,3,0,0.7202439904212952
2033,2,3,0,0.5822523236274719
2034,3,4,0,0.481405109167099
2035,6,6,1,0.515963077545166
2036,5,6,0,0.467316210269928
2037,5,8,0,0.5121738910675049
2038,2,3,0,0.6760073304176331
2039,8,3,0,0.3144357204437256
2040,0,2,0,0.5369330644607544
2041,0,5,0,0.4899304211139679
2042,1,1,1,0.8171098232269287
2043,8,1,0,0.4356103241443634
2044,3,6,0,0.6043304204940796
2045,1,3,0,0.3783816695213318
2046,3,3,1,0.8190741539001465
2047,5,5,1,0.4517255127429962
2048,8,9,0,0.7309736013412476
2049,3,6,0,0.8359665274620056
2050,8,1,0,0.5942208766937256
2051,5,5,1,0.8078216910362244
2052,8,5,0,0.8358626961708069
2053,6,6,1,0.7502331733703613
2054,3,3,1,0.6047924757003784
2055,5,3,0,0.6607815623283386
2056,5,9,0,0.45946577191352844
2057,5,3,0,0.6602070331573486
2058,0,2,0,0.6533381938934326
2059,9,3,0,0.522713303565979
2060,5,8,0,0.5326110124588013
2061,5,9,0,0.7516747117042542
2062,7,2,0,0.6051181554794312
2063,1,6,0,0.5619755983352661
2064,8,8,1,0.39972174167633057
2065,2,3,0,0.6140335202217102
2066,2,6,0,0.6693923473358154
2067,7,6,0,0.521788477897644
2068,3,5,0,0.5200489163398743
2069,4,1,0,0.5381885766983032
2070,2,3,0,0.5794968008995056
2071,9,1,0,0.46387848258018494
2072,6,1,0,0.46660128235816956
2073,2,3,0,0.27839216589927673
2074,2,2,1,0.704197883605957
2075,4,7,0,0.8311881422996521
2076,3,9,0,0.6102633476257324
2077,0,3,0,0.5540754795074463
2078,2,3,0,0.6881488561630249
2079,0,1,0,0.8065946102142334
2080,1,2,0,0.39572519063949585
2081,3,6,0,0.810360312461853
2082,2,8,0,0.34682387113571167
2083,2,5,0,0.4431006610393524
2084,7,3,0,0.549333930015564
2085,0,8,0,0.3629225194454193
2086,1,1,1,0.4936092793941498
2087,0,0,1,0.7534917593002319
2088,7,1,0,0.5296845436096191
2089,7,5,0,0.5854190587997437
2090,2,8,0,0.4892486333847046
2091,0,1,0,0.5540756583213806
2092,1,6,0,0.6050617098808289
2093,6,6,1,0.6601744890213013
2094,5,6,0,0.6806961297988892
2095,0,0,1,0.48647138476371765
2096,2,4,0,0.5119355916976929
2097,2,3,0,0.4985945522785187
2098,0,3,0,0.33583807945251465
2099,1,7,0,0.39453044533729553
2100,2,2,1,0.43714380264282227
2101,6,9,0,0.5305779576301575
2102,0,1,0,0.7869350910186768
2103,1,9,0,0.3652598559856415
2104,6,6,1,0.9131948947906494
2105,6,6,1,0.7645651698112488
2106,5,7,0,0.3724912106990814
2107,3,1,0,0.5446020364761353
2108,4,7,0,0.39786797761917114
2109,0,2,0,0.5066166520118713
2110,0,7,0,0.8037409782409668
2111,9,2,0,0.4018435776233673
2112,1,5,0,0.5696612000465393
2113,0,2,0,0.6601192355155945
2114,2,3,0,0.5016300678253174
2115,5,5,1,0.3971424698829651
2116,9,3,0,0.4592209756374359
2117,7,1,0,0.5871797800064087
2118,8,6,0,0.5937185883522034
2119,6,2,0,0.756348192691803
2120,4,9,0,0.5498026609420776
2121,6,5,0,0.71462482213974
2122,0,0,1,0.8077104687690735
2123,2,2,1,0.45839646458625793
2124,0,8,0,0.41862961649894714
2125,1,3,0,0.4991009831428528
2126,9,6,0,0.37303751707077026
2127,2,3,0,0.3579943776130676
2128,4,4,1,0.5404235124588013
2129,9,9,1,0.5372983813285828
2130,0,3,0,0.6827097535133362
2131,7,5,0,0.5592988133430481
2132,2,7,0,0.36911213397979736
2133,3,3,1,0.45192378759384155
2134,4,3,0,0.4285041093826294
2135,8,5,0,0.5456920862197876
2136,0,2,0,0.4369949400424957
2137,2,2,1,0.6761224269866943
2138,6,4,0,0.4191463589668274
2139,8,1,0,0.3852033317089081
2140,9,5,0,0.7849516868591309
2141,7,1,0,0.4896717965602875
2142,1,3,0,0.48281753063201904
2143,9,3,0,0.8371739983558655
2144,3,1,0,0.7363641262054443
2145,7,1,0,0.6827735304832458
2146,2,2,1,0.5071300864219666
2147,7,2,0,0.3453250229358673
2148,9,2,0,0.471084862947464
2149,6,6,1,0.6912854909896851
2150,9,3,0,0.47962018847465515
2151,5,1,0,0.41127464175224304
2152,7,5,0,0.9125790596008301
2153,8,9,0,0.5838350057601929
2154,5,3,0,0.5963195562362671
2155,9,9,1,0.514792263507843
2156,8,8,1,0.4581698179244995
2157,3,6,0,0.6478977799415588
2158,9,5,0,0.47121119499206543
2159,8,1,0,0.9559229016304016
2160,0,1,0,0.6071696877479553
2161,5,5,1,0.6869848370552063
2162,5,3,0,0.39062395691871643
2163,7,6,0,0.47668027877807617
2164,1,0,0,0.7816182374954224
2165,2,2,1,0.379425585269928
2166,0,8,0,0.48392942547798157
2167,7,1,0,0.32706841826438904
2168,5,3,0,0.33207428455352783
2169,8,2,0,0.5385183095932007
2170,2,3,0,0.62288498878479
2171,2,0,0,0.4062823951244354
2172,5,4,0,0.27063316106796265
2173,3,6,0,0.4308159351348877
2174,9,5,0,0.6043105721473694
2175,3,9,0,0.530369222164154
2176,1,6,0,0.6305795311927795
2177,9,9,1,0.538947582244873
2178,3,6,0,0.498473197221756
2179,1,1,1,0.3088025450706482
2180,4,6,0,0.735505998134613
2181,3,3,1,0.7195079326629639
2182,4,2,0,0.34977811574935913
2183,4,3,0,0.6134865283966064
2184,9,3,0,0.5396620631217957
2185,0,0,1,0.38092750310897827
2186,9,3,0,0.4756621718406677
2187,5,6,0,0.719115138053894
2188,9,9,1,0.6374239921569824
2189,2,2,1,0.43666574358940125
2190,9,9,1,0.6680805087089539
2191,4,1,0,0.5260236859321594
2192,0,1,0,0.6079881191253662
2193,2,9,0,0.6738967299461365
2194,8,9,0,0.6071231365203857
2195,4,2,0,0.36538147926330566
2196,8,3,0,0.4972204566001892
2197,6,2,0,0.4310407340526581
2198,8,2,0,0.5656105875968933
2199,2,2,1,0.6620753407478333
2200,0,2,0,0.5826081037521362
2201,5,3,0,0.5137255787849426
2202,9,9,1,0.5362054705619812
2203,6,3,0,0.6329180598258972
2204,9,7,0,0.6423451900482178
2205,5,1,0,0.7826847434043884
2206,1,7,0,0.565612256526947
2207,3,3,1,0.683314323425293
2208,4,5,0,0.5368053317070007
2209,4,7,0,0.4970802962779999
2210,2,3,0,0.5691604614257812
2211,7,5,0,0.64174884557724
2212,2,5,0,0.6441988945007324
2213,4,5,0,0.6114967465400696
2214,4,5,0,0.5368881821632385
2215,0,6,0,0.4386768937110901
2216,2,1,0,0.5931198000907898
2217,8,9,0,0.4281449019908905
2218,4,4,1,0.6072751879692078
2219,5,3,0,0.5284173488616943
2220,1,7,0,0.34785547852516174
2221,2,7,0,0.5375717282295227
2222,6,6,1,0.396517276763916
2223,8,8,1,0.686390221118927
2224,1,6,0,0.8626254200935364
2225,7,3,0,0.7842092514038086
2226,2,6,0,0.7381730675697327
2227,8,9,0,0.5177589654922485
2228,7,3,0,0.40370506048202515
2229,4,3,0,0.4351113438606262
2230,3,8,0,0.5501461029052734
2231,3,3,1,0.7348052859306335
2232,0,5,0,0.33436983823776245
2233,3,6,0,0.5493689775466919
2234,7,3,0,0.47038570046424866
2235,2,3,0,0.6741799712181091
2236,5,1,0,0.5847938060760498
2237,6,9,0,0.6195364594459534
2238,1,9,0,0.44823214411735535
2239,7,6,0,0.7088125944137573
2240,9,7,0,0.672149121761322
2241,0,5,0,0.7164537906646729
2242,2,6,0,0.5785442590713501
2243,3,4,0,0.40131500363349915
2244,9,9,1,0.8569625020027161
2245,8,8,1,0.5428097248077393
2246,9,3,0,0.49923545122146606
2247,5,8,0,0.4886668920516968
2248,0,6,0,0.35880669951438904
2249,0,1,0,0.3209565579891205
2250,7,3,0,0.6034452319145203
2251,6,3,0,0.7686934471130371
2252,3,3,1,0.6757300496101379
2253,3,2,0,0.4198146164417267
2254,8,2,0,0.7473946213722229
2255,1,8,0,0.5610079169273376
2256,4,3,0,0.6433008313179016
2257,0,3,0,0.5951603651046753
2258,1,4,0,0.46918588876724243
2259,5,5,1,0.6024243831634521
2260,4,6,0,0.9163133502006531
2261,3,6,0,0.815638542175293
2262,2,6,0,0.9659035205841064
2263,6,3,0,0.5210068821907043
2264,0,1,0,0.8566621541976929
2265,8,1,0,0.5280400514602661
2266,8,8,1,0.5474945306777954
2267,6,3,0,0.5362452268600464
2268,3,3,1,0.6610170006752014
2269,3,3,1,0.753600001335144
2270,2,3,0,0.5451224446296692
2271,9,0,0,0.49935540556907654
2272,7,1,0,0.3962719142436981
2273,5,5,1,0.6262157559394836
2274,1,9,0,0.4508236348628998
2275,6,6,1,0.7991624474525452
2276,0,6,0,0.4191100001335144
2277,5,9,0,0.5899229645729065
2278,9,3,0,0.4684954285621643
2279,9,9,1,0.4218360483646393
2280,4,4,1,0.48962563276290894
2281,5,5,1,0.6677442193031311
2282,9,6,0,0.6382190585136414
2283,4,7,0,0.4409269392490387
2284,8,5,0,0.7518085837364197
2285,3,5,0,0.8744934797286987
2286,3,5,0,0.5287596583366394
2287,2,5,0,0.7011435031890869
2288,5,6,0,0.27296262979507446
2289,1,4,0,0.43202078342437744
2290,9,9,1,0.6105566024780273
2291,5,5,1,0.3856317102909088
2292,5,5,1,0.9147436618804932
2293,8,1,0,0.390622079372406
2294,1,6,0,0.5581952929496765
2295,8,5,0,0.7090855240821838
2296,9,1,0,0.5672076344490051
2297,7,7,1,0.516413688659668
2298,0,5,0,0.7885728478431702
2299,6,3,0,0.5439592599868774
2300,3,6,0,0.4246886968612671
2301,2,2,1,0.7255480289459229
2302,0,6,0,0.6002388000488281
2303,2,2,1,0.4800771474838257
2304,6,6,1,0.9558854103088379
2305,9,3,0,0.806469202041626
2306,3,3,1,0.650052547454834
2307,9,9,1,0.8743990659713745
2308,1,5,0,0.3968389332294464
2309,6,6,1,0.6567803025245667
2310,6,3,0,0.49516236782073975
2311,7,6,0,0.5075498819351196
2312,2,3,0,0.5671517848968506
2313,6,2,0,0.8947948813438416
2314,3,1,0,0.4712129235267639
2315,2,2,1,0.7244787812232971
2316,5,6,0,0.6609508991241455
2317,5,9,0,0.6612585186958313
2318,2,2,1,0.5838419795036316
2319,7,6,0,0.39320725202560425
2320,5,9,0,0.6370860934257507
2321,2,7,0,0.6343145370483398
2322,0,2,0,0.39393889904022217
2323,8,8,1,0.5347139239311218
2324,0,3,0,0.5242578983306885
2325,7,0,0,0.5257472395896912
2326,7,1,0,0.47008001804351807
2327,1,6,0,0.8259880542755127
2328,7,3,0,0.5141024589538574
2329,4,2,0,0.3938438892364502
2330,0,0,1,0.7337767481803894
2331,2,2,1,0.5366037487983704
2332,2,2,1,0.6945818066596985
2333,6,6,1,0.5904048681259155
2334,1,4,0,0.3197944462299347
2335,5,4,0,0.3584658205509186
2336,9,9,1,0.6254174709320068
2337,7,1,0,0.7860383987426758
2338,6,3,0,0.49434635043144226
2339,2,6,0,0.9354697465896606
2340,7,6,0,0.7671976685523987
2341,0,0,1,0.4460616111755371
2342,5,3,0,0.6699665188789368
2343,6,3,0,0.5347505807876587
2344,0,4,0,0.4348357617855072
2345,1,1,1,0.699607789516449
2346,1,1,1,0.35817474126815796
2347,8,5,0,0.4858333170413971
2348,4,8,0,0.48447057604789734
2349,5,6,0,0.624607264995575
2350,3,4,0,0.3494766652584076
2351,1,9,0,0.8120086193084717
2352,2,3,0,0.5491527318954468
2353,4,6,0,0.4946298599243164
2354,8,3,0,0.49665525555610657
2355,9,3,0,0.5983326435089111
2356,8,9,0,0.6027367115020752
2357,1,3,0,0.754126787185669
2358,7,1,0,0.6097956895828247
2359,2,5,0,0.4703628122806549
2360,7,7,1,0.6187571287155151
2361,2,0,0,0.4102538824081421
2362,3,9,0,0.4309500753879547
2363,2,6,0,0.7064478397369385
2364,6,6,1,0.5378331542015076
2365,7,7,1,0.51913982629776
2366,9,8,0,0.4290086328983307
2367,4,3,0,0.6628557443618774
2368,0,3,0,0.5317643880844116
2369,1,3,0,0.5281307697296143
2370,0,1,0,0.9283201694488525
2371,4,0,0,0.34666767716407776
2372,5,7,0,0.6453365683555603
2373,0,3,0,0.5367951989173889
2374,8,9,0,0.6625478863716125
2375,0,8,0,0.6306145191192627
2376,7,9,0,0.49882379174232483
2377,6,4,0,0.590682327747345
2378,1,3,0,0.5937074422836304
2379,0,1,0,0.6871997714042664
2380,8,5,0,0.5014216303825378
2381,5,2,0,0.7749319076538086
2382,9,9,1,0.7423068284988403
2383,2,3,0,0.43060725927352905
2384,5,4,0,0.4363340735435486
2385,4,7,0,0.639345109462738
2386,4,3,0,0.6775577068328857
2387,9,6,0,0.42964065074920654
2388,0,9,0,0.34943321347236633
2389,6,7,0,0.3110571801662445
2390,1,3,0,0.39294421672821045
2391,2,6,0,0.38003993034362793
2392,5,8,0,0.4520191252231598
2393,1,9,0,0.6421370506286621
2394,6,6,1,0.8966318368911743
2395,7,5,0,0.43423205614089966
2396,1,7,0,0.5885216593742371
2397,5,6,0,0.3862150013446808
2398,8,3,0,0.48898518085479736
2399,8,8,1,0.6666892170906067
2400,0,0,1,0.4877192974090576
2401,3,5,0,0.7863703966140747
2402,9,7,0,0.4194614291191101
2403,4,3,0,0.47466909885406494
2404,0,5,0,0.29103657603263855
2405,3,6,0,0.9499382376670837
2406,4,4,1,0.7547768354415894
2407,9,3,0,0.5160294771194458
2408,2,2,1,0.5725743770599365
2409,4,3,0,0.367240846157074
2410,3,8,0,0.4183448553085327
2411,0,3,0,0.4063965380191803
2412,6,5,0,0.7619526982307434
2413,4,1,0,0.3324083387851715
2414,5,3,0,0.6118441224098206
2415,6,1,0,0.6726313829421997
2416,6,6,1,0.5159152746200562
2417,7,4,0,0.5885242223739624
2418,8,2,0,0.4113921523094177
2419,4,6,0,0.5424368977546692
2420,8,3,0,0.582845151424408
2421,8,6,0,0.3807448148727417
2422,3,7,0,0.49257323145866394
2423,2,3,0,0.46691930294036865
2424,8,8,1,0.5534878969192505
2425,0,9,0,0.5999678373336792
2426,2,4,0,0.6314207911491394
2427,5,6,0,0.6937490701675415
2428,6,6,1,0.6034539341926575
2429,8,3,0,0.4171706736087799
2430,7,5,0,0.6283018589019775
2431,8,8,1,0.3232622742652893
2432,9,5,0,0.4048919379711151
2433,9,3,0,0.5647832155227661
2434,0,0,1,0.5575972199440002
2435,6,2,0,0.37334492802619934
2436,6,6,1,0.4253207743167877
2437,8,6,0,0.4757116734981537
2438,1,5,0,0.5848026275634766
2439,1,9,0,0.8044518232345581
2440,7,1,0,0.8531962633132935
2441,4,3,0,0.7024849653244019
2442,4,3,0,0.5448632836341858
2443,2,6,0,0.7091425657272339
2444,3,1,0,0.33429500460624695
2445,6,6,1,0.9273536801338196
2446,9,3,0,0.4125806987285614
2447,6,2,0,0.6013001203536987
2448,2,6,0,0.8617104291915894
2449,4,4,1,0.3307255208492279
2450,1,1,1,0.3820440471172333
2451,8,9,0,0.4836769998073578
2452,2,3,0,0.43000903725624084
2453,3,6,0,0.6511250138282776
2454,1,3,0,0.618841826915741
2455,6,3,0,0.69258052110672
2456,8,6,0,0.3975166380405426
2457,6,6,1,0.97493976354599
2458,8,8,1,0.7276368141174316
2459,5,5,1,0.4380452334880829
2460,9,3,0,0.5472890734672546
2461,0,8,0,0.552621066570282
2462,1,7,0,0.520061731338501
2463,0,1,0,0.23616205155849457
2464,2,3,0,0.6269857883453369
2465,9,6,0,0.8150424957275391
2466,2,2,1,0.5722392201423645
2467,9,9,1,0.7455516457557678
2468,0,0,1,0.6191575527191162
2469,9,6,0,0.4307308793067932
2470,7,3,0,0.5422648787498474
2471,8,3,0,0.5892536044120789
2472,5,6,0,0.5201874375343323
2473,0,5,0,0.3322966396808624
2474,6,6,1,0.4987768530845642
2475,6,6,1,0.9772398471832275
2476,8,4,0,0.40821242332458496
2477,1,9,0,0.48713576793670654
2478,6,1,0,0.40677890181541443
2479,5,3,0,0.5866273045539856
2480,8,8,1,0.8695659041404724
2481,7,5,0,0.6832453608512878
2482,9,6,0,0.9770433902740479
2483,2,3,0,0.36478284001350403
2484,1,3,0,0.3816632628440857
2485,6,9,0,0.722771942615509
2486,7,9,0,0.37331604957580566
2487,5,9,0,0.44883278012275696
2488,6,9,0,0.526374876499176
2489,3,3,1,0.5221882462501526
2490,0,3,0,0.5747557282447815
2491,9,6,0,0.37209996581077576
2492,8,3,0,0.2931506633758545
2493,9,5,0,0.5729033946990967
2494,5,5,1,0.6946977972984314
2495,9,7,0,0.5781902074813843
2496,9,9,1,0.4001617431640625
2497,9,1,0,0.5677151083946228
2498,3,3,1,0.3589104413986206
2499,6,7,0,0.6089113354682922
2500,4,4,1,0.3796304166316986
2501,4,4,1,0.8144316673278809
2502,8,4,0,0.5122160911560059
2503,8,5,0,0.38939735293388367
2504,1,9,0,0.5456904768943787
2505,7,3,0,0.6626808643341064
2506,3,6,0,0.3828829824924469
2507,0,3,0,0.5821420550346375
2508,6,6,1,0.9312673807144165
2509,2,6,0,0.6655912399291992
2510,4,5,0,0.7723647952079773
2511,8,9,0,0.31469082832336426
2512,2,3,0,0.6364778876304626
2513,2,2,1,0.6713814735412598
2514,9,9,1,0.509150505065918
2515,2,6,0,0.8396792411804199
2516,2,3,0,0.8760330080986023
2517,9,6,0,0.8948448896408081
2518,7,4,0,0.45640379190444946
2519,4,6,0,0.4576411545276642
2520,1,9,0,0.6134684085845947
2521,9,1,0,0.9182150363922119
2522,1,9,0,0.3668114244937897
2523,4,3,0,0.5201281309127808
2524,3,5,0,0.5947032570838928
2525,5,3,0,0.8896413445472717
2526,3,2,0,0.8441255688667297
2527,8,9,0,0.5441002249717712
2528,9,4,0,0.5467860698699951
2529,3,9,0,0.45761793851852417
2530,6,9,0,0.6192033290863037
2531,2,5,0,0.3505096137523651
2532,0,3,0,0.5125561952590942
2533,8,3,0,0.704066812992096
2534,9,6,0,0.41395989060401917
2535,0,0,1,0.40412527322769165
2536,5,5,1,0.6866590976715088
2537,1,1,1,0.4443807005882263
2538,5,3,0,0.3923237919807434
2539,8,3,0,0.7318288683891296
2540,2,3,0,0.5205740332603455
2541,1,8,0,0.6565951704978943
2542,2,3,0,0.7994270324707031
2543,3,4,0,0.7861390709877014
2544,2,0,0,0.7169119715690613
2545,4,0,0,0.43784743547439575
2546,8,2,0,0.5528739094734192
2547,4,4,1,0.6324065327644348
2548,0,6,0,0.6799668073654175
2549,6,6,1,0.4722955524921417
2550,4,4,1,0.6574556231498718
2551,2,6,0,0.7341776490211487
2552,9,9,1,0.7216975092887878
2553,8,3,0,0.7937194108963013
2554,4,3,0,0.6584376692771912
2555,7,3,0,0.6958160996437073
2556,6,9,0,0.44214341044425964
2557,2,3,0,0.6317668557167053
2558,4,4,1,0.6671361327171326
2559,7,2,0,0.3437427580356598
2560,7,3,0,0.651222825050354
2561,6,6,1,0.9986208081245422
2562,4,1,0,0.7519336342811584
2563,2,2,1,0.3201241195201874
2564,2,6,0,0.8541541695594788
2565,3,3,1,0.4682939946651459
2566,2,6,0,0.5660001039505005
2567,4,3,0,0.7556955814361572
2568,9,1,0,0.6855623126029968
2569,0,6,0,0.8315657377243042
2570,0,8,0,0.5459381937980652
2571,9,3,0,0.5666989088058472
2572,6,4,0,0.3943285048007965
2573,5,5,1,0.4771887958049774
2574,8,6,0,0.46559086441993713
2575,5,5,1,0.7499851584434509
2576,2,5,0,0.6554869413375854
2577,4,5,0,0.587394654750824
2578,8,5,0,0.43143388628959656
2579,8,3,0,0.48377782106399536
2580,6,6,1,0.6889435648918152
2581,4,6,0,0.5627977848052979
2582,5,2,0,0.6064168214797974
2583,7,5,0,0.3870101273059845
2584,6,6,1,0.7791016697883606
2585,3,5,0,0.7406189441680908
2586,7,2,0,0.5129083395004272
2587,0,9,0,0.43683958053588867
2588,4,5,0,0.5689040422439575
2589,0,3,0,0.3563820421695709
2590,5,6,0,0.5063132047653198
2591,8,8,1,0.7712301015853882
2592,2,5,0,0.5583967566490173
2593,8,3,0,0.5177168250083923
2594,0,2,0,0.40294039249420166
2595,4,6,0,0.754853367805481
2596,9,9,1,0.4356206953525543
2597,2,3,0,0.3663879334926605
2598,3,6,0,0.8525347113609314
2599,6,3,0,0.6075538396835327
2600,8,9,0,0.32322654128074646
2601,1,5,0,0.7733337879180908
2602,6,6,1,0.4602053761482239
2603,0,2,0,0.5706921219825745
2604,8,6,0,0.5014835596084595
2605,4,9,0,0.6032794117927551
2606,3,6,0,0.5860913991928101
2607,1,9,0,0.37259265780448914
2608,4,1,0,0.5507034063339233
2609,5,5,1,0.5730535387992859
2610,2,1,0,0.513102114200592
2611,4,6,0,0.5061970353126526
2612,3,5,0,0.811846137046814
2613,6,3,0,0.5276204347610474
2614,0,3,0,0.538061261177063
2615,7,4,0,0.6128107905387878
2616,1,0,0,0.3512627184391022
2617,3,3,1,0.7363893985748291
2618,5,6,0,0.6473731994628906
2619,7,5,0,0.5799770951271057
2620,1,3,0,0.47329121828079224
2621,8,3,0,0.4629065692424774
2622,0,1,0,0.36169448494911194
2623,4,4,1,0.8815664649009705
2624,8,6,0,0.5580750107765198
2625,2,2,1,0.4703957140445709
2626,7,5,0,0.48996683955192566
2627,7,3,0,0.6424996256828308
2628,0,9,0,0.5961710810661316
2629,2,4,0,0.5648272633552551
2630,2,6,0,0.9128037095069885
2631,4,6,0,0.44229528307914734
2632,3,5,0,0.4190097153186798
2633,3,3,1,0.6114476919174194
2634,1,3,0,0.47767990827560425
2635,6,3,0,0.5825123190879822
2636,1,2,0,0.4323696494102478
2637,6,5,0,0.5397171378135681
2638,4,9,0,0.3987470865249634
2639,6,3,0,0.382966548204422
2640,7,3,0,0.8726930022239685
2641,4,7,0,0.8817487359046936
2642,7,2,0,0.5119089484214783
2643,3,6,0,0.6384443044662476
2644,8,3,0,0.5077540874481201
2645,1,1,1,0.6752921938896179
2646,3,6,0,0.5575998425483704
2647,1,9,0,0.3081567585468292
2648,4,5,0,0.5769422650337219
2649,6,6,1,0.7533867955207825
2650,5,9,0,0.5799916982650757
2651,5,5,1,0.6517685055732727
2652,7,7,1,0.865234911441803
2653,4,9,0,0.704086184501648
2654,5,5,1,0.8087413311004639
2655,4,8,0,0.7668857574462891
2656,9,7,0,0.39812761545181274
2657,7,3,0,0.4883324205875397
2658,7,1,0,0.42881715297698975
2659,2,3,0,0.4932786524295807
2660,3,3,1,0.5408809781074524
2661,3,3,1,0.8398587107658386
2662,6,0,0,0.48577138781547546
2663,7,3,0,0.8258594274520874
2664,4,9,0,0.5260059237480164
2665,1,0,0,0.7083430290222168
2666,6,6,1,0.4857107400894165
2667,1,1,1,0.6474599838256836
2668,0,1,0,0.699429988861084
2669,6,1,0,0.4602387249469757
2670,9,7,0,0.6566370129585266
2671,6,9,0,0.8158972859382629
2672,0,3,0,0.5691395401954651
2673,2,3,0,0.6908380389213562
2674,0,2,0,0.3548773229122162
2675,2,1,0,0.6511852145195007
2676,4,8,0,0.4538516700267792
2677,7,5,0,0.5429852604866028
2678,0,0,1,0.7744078636169434
2679,0,3,0,0.8211719989776611
2680,0,1,0,0.3667014241218567
2681,0,5,0,0.6001139879226685
2682,7,2,0,0.41636884212493896
2683,5,5,1,0.8259271383285522
2684,3,3,1,0.5732971429824829
2685,2,2,1,0.8401060700416565
2686,7,7,1,0.784304678440094
2687,8,9,0,0.5760424733161926
2688,5,2,0,0.5616586804389954
2689,5,5,1,0.7149738669395447
2690,2,3,0,0.7433062791824341
2691,2,2,1,0.8587961792945862
2692,8,9,0,0.6290549635887146
2693,9,6,0,0.5910943746566772
2694,1,1,1,0.3908819556236267
2695,2,4,0,0.6285948753356934
2696,2,6,0,0.9322757720947266
2697,0,5,0,0.6498160362243652
2698,3,3,1,0.3427833616733551
2699,4,2,0,0.803378701210022
2700,9,1,0,0.6300835013389587
2701,1,3,0,0.423037588596344
2702,6,6,1,0.3380638062953949
2703,9,9,1,0.7030431628227234
2704,0,1,0,0.45239028334617615
2705,8,3,0,0.7771665453910828
2706,3,8,0,0.40890318155288696
2707,6,6,1,0.4298553764820099
2708,4,5,0,0.29550278186798096
2709,6,3,0,0.5792335271835327
2710,7,6,0,0.57715904712677
2711,5,5,1,0.9814639091491699
2712,1,1,1,0.7679248452186584
2713,8,3,0,0.5387386083602905
2714,9,2,0,0.4937865436077118
2715,0,2,0,0.3128657639026642
2716,5,3,0,0.44263750314712524
2717,0,3,0,0.4526796042919159
2718,5,3,0,0.5109803676605225
2719,4,9,0,0.6864586472511292
2720,3,9,0,0.542050302028656
2721,8,3,0,0.39566928148269653
2722,5,1,0,0.3017032742500305
2723,2,9,0,0.4601670503616333
2724,0,5,0,0.6639034748077393
2725,8,9,0,0.5207719206809998
2726,5,5,1,0.8920369744300842
2727,9,3,0,0.5957079529762268
2728,2,1,0,0.5524160861968994
2729,5,3,0,0.6488991975784302
2730,6,3,0,0.48318198323249817
2731,5,9,0,0.48875394463539124
2732,7,1,0,0.5150094032287598
2733,3,3,1,0.6260532140731812
2734,7,2,0,0.5299914479255676
2735,2,2,1,0.7598499655723572
2736,8,5,0,0.5945240259170532
2737,8,3,0,0.4649257957935333
2738,4,5,0,0.5442361831665039
2739,2,2,1,0.7641811370849609
2740,1,9,0,0.4299194812774658
2741,6,6,1,0.5856114625930786
2742,2,5,0,0.6749641299247742
2743,9,7,0,0.5539844036102295
2744,9,1,0,0.26036226749420166
2745,8,9,0,0.5450241565704346
2746,2,8,0,0.5110472440719604
2747,3,1,0,0.5886070728302002
2748,1,1,1,0.7884927988052368
2749,0,7,0,0.6585560441017151
2750,5,5,1,0.8131663799285889
2751,2,1,0,0.537692129611969
2752,3,7,0,0.40216490626335144
2753,7,6,0,0.4508470892906189
2754,9,1,0,0.669994056224823
2755,5,5,1,0.7770565152168274
2756,9,1,0,0.5712410807609558
2757,1,3,0,0.4231373369693756
2758,1,7,0,0.40728291869163513
2759,3,3,1,0.4498763978481293
2760,2,6,0,0.6547406315803528
2761,7,7,1,0.5251848697662354
2762,4,9,0,0.3284895718097687
2763,4,6,0,0.5766444802284241
2764,1,5,0,0.6499778628349304
2765,9,9,1,0.42680835723876953
2766,4,2,0,0.6375108957290649
2767,5,4,0,0.6624351739883423
2768,5,2,0,0.4118223190307617
2769,2,9,0,0.5006147623062134
2770,7,5,0,0.3597126305103302
2771,7,6,0,0.7329067587852478
2772,6,6,1,0.7983985543251038
2773,1,9,0,0.56710284948349
2774,2,0,0,0.4873005747795105
2775,3,6,0,0.7143633365631104
2776,7,3,0,0.4386571943759918
2777,5,3,0,0.4895586669445038
2778,4,6,0,0.477171927690506
2779,3,5,0,0.8043889999389648
2780,7,3,0,0.4972427785396576
2781,7,2,0,0.24553757905960083
2782,0,1,0,0.6426665782928467
2783,0,9,0,0.5462316870689392
2784,1,0,0,0.7080903649330139
2785,4,2,0,0.6745902895927429
2786,4,6,0,0.516077995300293
2787,3,2,0,0.5910762548446655
2788,7,3,0,0.6133062243461609
2789,9,1,0,0.8144662380218506
2790,8,8,1,0.6494314074516296
2791,7,6,0,0.47904497385025024
2792,0,9,0,0.5405368804931641
2793,9,1,0,0.39629149436950684
2794,0,9,0,0.5877895951271057
2795,3,6,0,0.4913610816001892
2796,7,3,0,0.3556678295135498
2797,6,6,1,0.6958805322647095
2798,3,6,0,0.3414163291454315
2799,8,9,0,0.4209316372871399
2800,4,4,1,0.5783277153968811
2801,5,2,0,0.4569408595561981
2802,6,5,0,0.3842763304710388
2803,5,3,0,0.7306910753250122
2804,3,3,1,0.5153030753135681
2805,4,4,1,0.5071825385093689
2806,2,7,0,0.6428719162940979
2807,9,6,0,0.423282653093338
2808,2,5,0,0.4481833577156067
2809,4,5,0,0.5647922158241272
2810,9,1,0,0.5621434450149536
2811,2,7,0,0.8097260594367981
2812,0,2,0,0.43316614627838135
2813,1,7,0,0.47336533665657043
2814,1,6,0,0.5549681782722473
2815,3,1,0,0.6389297246932983
2816,7,6,0,0.6490850448608398
2817,9,6,0,0.7422179579734802
2818,5,4,0,0.601474404335022
2819,1,1,1,0.9194958209991455
2820,6,6,1,0.8551642894744873
2821,0,1,0,0.7243037223815918
2822,3,7,0,0.7379642128944397
2823,3,1,0,0.8704320788383484
2824,7,1,0,0.48235830664634705
2825,2,2,1,0.6693671941757202
2826,4,4,1,0.7673214077949524
2827,5,5,1,0.909528374671936
2828,2,5,0,0.4727173447608948
2829,3,6,0,0.5521711111068726
2830,6,6,1,0.9218490719795227
2831,3,3,1,0.5893176198005676
2832,3,6,0,0.4796113073825836
2833,0,1,0,0.7145398259162903
2834,4,1,0,0.489176869392395
2835,4,5,0,0.619317352771759
2836,3,6,0,0.6694753170013428
2837,8,5,0,0.4487195312976837
2838,1,1,1,0.8032922148704529
2839,2,2,1,0.7217397093772888
2840,3,3,1,0.6346418261528015
2841,2,2,1,0.76520836353302
2842,7,3,0,0.5004062652587891
2843,1,6,0,0.601645827293396
2844,4,7,0,0.7040630578994751
2845,5,5,1,0.71678626537323
2846,6,9,0,0.4341810345649719
2847,8,2,0,0.5084160566329956
2848,6,3,0,0.47800248861312866
2849,6,9,0,0.47480180859565735
2850,5,2,0,0.3568817675113678
2851,4,4,1,0.3700845241546631
2852,2,6,0,0.6967777013778687
2853,9,7,0,0.45820164680480957
2854,9,5,0,0.42979738116264343
2855,3,5,0,0.3645986318588257
2856,2,3,0,0.3576185405254364
2857,0,3,0,0.581279993057251
2858,4,6,0,0.8165107369422913
2859,1,5,0,0.40190210938453674
2860,5,5,1,0.6424655914306641
2861,5,7,0,0.6337358355522156
2862,6,9,0,0.4037274718284607
2863,6,3,0,0.48614609241485596
2864,5,3,0,0.6794012188911438
2865,6,6,1,0.6810482144355774
2866,9,6,0,0.6750316023826599
2867,7,8,0,0.4192585051059723
2868,9,3,0,0.48019319772720337
2869,4,5,0,0.29351985454559326
2870,8,1,0,0.7936059236526489
2871,3,3,1,0.4780290424823761
2872,1,2,0,0.45326200127601624
2873,9,5,0,0.45468831062316895
2874,8,6,0,0.7049959897994995
2875,1,3,0,0.5322654247283936
2876,9,1,0,0.6978181004524231
2877,0,3,0,0.8622258305549622
2878,3,5,0,0.774636447429657
2879,0,0,1,0.5053141713142395
2880,4,6,0,0.8636382222175598
2881,7,8,0,0.5476950407028198
2882,7,3,0,0.48569098114967346
2883,2,4,0,0.5861982107162476
2884,6,6,1,0.9140774607658386
2885,5,3,0,0.7068599462509155
2886,6,3,0,0.6216536164283752
2887,9,3,0,0.4631655514240265
2888,7,6,0,0.5764168500900269
2889,7,2,0,0.4161990284919739
2890,5,6,0,0.7475188374519348
2891,7,4,0,0.6236662268638611
2892,0,0,1,0.6136029362678528
2893,8,3,0,0.6061432957649231
2894,6,1,0,0.4940001964569092
2895,7,5,0,0.6300479173660278
2896,8,1,0,0.5526277422904968
2897,3,1,0,0.6373780965805054
2898,8,6,0,0.39164164662361145
2899,9,1,0,0.43275201320648193
2900,3,2,0,0.46586617827415466
2901,2,3,0,0.593274712562561
2902,9,3,0,0.5712072849273682
2903,2,9,0,0.8737633228302002
2904,7,5,0,0.4717141389846802
2905,4,9,0,0.5796900391578674
2906,1,2,0,0.7601065635681152
2907,9,5,0,0.4646753668785095
2908,7,6,0,0.9847298264503479
2909,0,0,1,0.46639084815979004
2910,8,6,0,0.9529678821563721
2911,1,5,0,0.6129276156425476
2912,2,2,1,0.4188666045665741
2913,0,0,1,0.7482327222824097
2914,6,6,1,0.9968782663345337
2915,5,9,0,0.47376570105552673
2916,1,1,1,0.7004398703575134
2917,4,6,0,0.7996653914451599
2918,2,8,0,0.4628922939300537
2919,8,3,0,0.5687406063079834
2920,2,2,1,0.4069630205631256
2921,8,5,0,0.4202726185321808
2922,3,3,1,0.4112548232078552
2923,3,9,0,0.5698218941688538
2924,1,1,1,0.958505392074585
2925,4,5,0,0.4186088740825653
2926,9,9,1,0.9313755631446838
2927,8,1,0,0.3467099964618683
2928,1,3,0,0.6925582885742188
2929,1,9,0,0.5467560887336731
2930,7,8,0,0.41815057396888733
2931,9,1,0,0.8112331032752991
2932,9,6,0,0.9790759682655334
2933,4,4,1,0.6532692313194275
2934,6,9,0,0.4521068334579468
2935,8,1,0,0.48205941915512085
2936,5,0,0,0.6149446964263916
2937,3,3,1,0.6779603958129883
2938,2,4,0,0.4042905569076538
2939,2,2,1,0.6789513826370239
2940,3,7,0,0.814589262008667
2941,8,9,0,0.4447982907295227
2942,5,5,1,0.6266880631446838
2943,1,1,1,0.7504990100860596
2944,9,2,0,0.5069321393966675
2945,7,8,0,0.6132226586341858
2946,9,2,0,0.39081239700317383
2947,1,3,0,0.3912629783153534
2948,5,9,0,0.6270152926445007
2949,3,9,0,0.5132892727851868
2950,1,1,1,0.6386148929595947
2951,0,0,1,0.5303256511688232
2952,3,2,0,0.4465804696083069
2953,8,1,0,0.6711218953132629
2954,9,7,0,0.43403545022010803
2955,2,3,0,0.7037911415100098
2956,0,3,0,0.4930994212627411
2957,8,5,0,0.7809074521064758
2958,0,9,0,0.28839048743247986
2959,7,1,0,0.6027722954750061
2960,9,3,0,0.4426952004432678
2961,4,3,0,0.5581628084182739
2962,8,5,0,0.6746322512626648
2963,3,5,0,0.4127039909362793
2964,0,3,0,0.3801247477531433
2965,7,6,0,0.6376340389251709
2966,0,3,0,0.748198926448822
2967,7,2,0,0.6547682285308838
2968,0,0,1,0.5353976488113403
2969,5,5,1,0.8324589133262634
2970,5,3,0,0.5956616401672363
2971,4,3,0,0.3844265043735504
2972,3,6,0,0.5947376489639282
2973,0,1,0,0.6094315052032471
2974,9,6,0,0.4290267527103424
2975,9,6,0,0.7706152200698853
2976,0,9,0,0.4828823506832123
2977,2,3,0,0.8144487142562866
2978,2,1,0,0.5224173665046692
2979,0,8,0,0.788994312286377
2980,8,1,0,0.42152470350265503
2981,4,2,0,0.4669838845729828
2982,4,4,1,0.8403087854385376
2983,5,5,1,0.7618749737739563
2984,2,9,0,0.28529417514801025
2985,2,9,0,0.40934330224990845
2986,1,6,0,0.45351487398147583
2987,1,6,0,0.7610903978347778
2988,5,3,0,0.635163426399231
2989,5,6,0,0.7688680291175842
2990,4,3,0,0.7022133469581604
2991,3,3,1,0.5491047501564026
2992,4,3,0,0.358748197555542
2993,0,0,1,0.4749508500099182
2994,8,6,0,0.8621667623519897
2995,4,4,1,0.9488002061843872
2996,8,2,0,0.7004984617233276
2997,2,9,0,0.4350438714027405
2998,5,5,1,0.9236547350883484
2999,6,6,1,0.8830132484436035
3000,5,9,0,0.5284624695777893
3001,1,1,1,0.948598325252533
3002,7,3,0,0.5742311477661133
3003,2,8,0,0.3625193238258362
3004,4,3,0,0.562281608581543
3005,0,2,0,0.5034181475639343
3006,5,7,0,0.388893723487854
3007,6,9,0,0.3290417194366455
3008,8,9,0,0.40141037106513977
3009,7,2,0,0.4629526436328888
3010,6,6,1,0.6928622126579285
3011,3,3,1,0.7304937243461609
3012,1,6,0,0.6086950302124023
3013,3,7,0,0.7405602335929871
3014,6,5,0,0.5900485515594482
3015,6,6,1,0.7114994525909424
3016,4,2,0,0.3957667350769043
3017,5,5,1,0.4517708718776703
3018,5,5,1,0.6805753111839294
3019,5,3,0,0.6050080060958862
3020,1,1,1,0.8108801245689392
3021,8,5,0,0.3742830455303192
3022,7,7,1,0.6990322470664978
3023,3,5,0,0.7775844931602478
3024,0,0,1,0.7488462924957275
3025,2,3,0,0.5837081074714661
3026,5,5,1,0.3154200613498688
3027,1,1,1,0.7899686098098755
3028,1,2,0,0.53366619348526
3029,1,6,0,0.708426296710968
3030,6,2,0,0.40366503596305847
3031,7,5,0,0.4474186897277832
3032,2,6,0,0.6596052050590515
3033,1,6,0,0.6279689073562622
3034,2,6,0,0.5611922740936279
3035,3,5,0,0.4937085509300232
3036,9,9,1,0.7600604891777039
3037,8,8,1,0.36172473430633545
3038,3,9,0,0.5305190682411194
3039,1,9,0,0.5592010021209717
3040,7,3,0,0.6008824110031128
3041,4,2,0,0.3686342239379883
3042,8,8,1,0.7602242827415466
3043,4,4,1,0.47627705335617065
3044,7,0,0,0.4513426721096039
3045,5,5,1,0.7194409370422363
3046,8,3,0,0.3553268313407898
3047,6,7,0,0.3429940640926361
3048,0,1,0,0.7210188508033752
3049,3,6,0,0.4473266005516052
3050,0,3,0,0.6998265981674194
3051,8,3,0,0.6552855372428894
3052,3,5,0,0.6276636719703674
3053,4,4,1,0.6215618848800659
3054,4,9,0,0.4906842112541199
3055,9,0,0,0.3431893587112427
3056,4,6,0,0.9086790680885315
3057,6,8,0,0.4530830383300781
3058,1,1,1,0.9144288897514343
3059,5,3,0,0.7808815240859985
3060,7,3,0,0.433979332447052
3061,7,3,0,0.5756962299346924
3062,9,9,1,0.4453796446323395
3063,0,4,0,0.332038551568985
3064,1,9,0,0.5108703374862671
3065,3,8,0,0.648539125919342
3066,1,9,0,0.4165780544281006
3067,3,4,0,0.42570674419403076
3068,2,0,0,0.8008745312690735
3069,4,3,0,0.4834250807762146
3070,0,6,0,0.7343559861183167
3071,7,1,0,0.4401572346687317
3072,8,3,0,0.6264268755912781
3073,3,9,0,0.533656656742096
3074,1,9,0,0.6783265471458435
3075,6,3,0,0.5581411123275757
3076,2,2,1,0.4578322172164917
3077,1,9,0,0.8222333788871765
3078,8,9,0,0.7239777445793152
3079,8,8,1,0.7185540199279785
3080,1,6,0,0.720668613910675
3081,9,1,0,0.48412320017814636
3082,7,4,0,0.4785192906856537
3083,5,4,0,0.3071534037590027
3084,3,3,1,0.6551103591918945
3085,2,5,0,0.6549809575080872
3086,9,9,1,0.5810126066207886
3087,0,5,0,0.6101358532905579
3088,6,4,0,0.712861180305481
3089,8,0,0,0.5181705951690674
3090,4,3,0,0.4077039361000061
3091,1,8,0,0.49787503480911255
3092,5,5,1,0.7034393548965454
3093,7,1,0,0.7805317044258118
3094,2,3,0,0.49462270736694336
3095,4,1,0,0.7701869010925293
3096,7,3,0,0.35551777482032776
3097,0,3,0,0.5037244558334351
3098,4,2,0,0.4783979058265686
3099,9,9,1,0.627476155757904
3100,0,8,0,0.4746309816837311
3101,7,7,1,0.6759015321731567
3102,0,7,0,0.39534199237823486
3103,6,6,1,0.9237203598022461
3104,7,7,1,0.3087482154369354
3105,1,7,0,0.9038486480712891
3106,8,2,0,0.5292645692825317
3107,5,5,1,0.6106688380241394
3108,8,3,0,0.5597792863845825
3109,8,3,0,0.8952587246894836
3110,7,1,0,0.6784343719482422
3111,0,9,0,0.6013301014900208
3112,0,8,0,0.39480841159820557
3113,3,6,0,0.655780017375946
3114,2,3,0,0.5193655490875244
3115,5,3,0,0.5800905823707581
3116,7,5,0,0.815662682056427
3117,0,5,0,0.4950938820838928
3118,6,3,0,0.4341461658477783
3119,4,6,0,0.9329677224159241
3120,4,4,1,0.4226369857788086
3121,9,6,0,0.3437366187572479
3122,1,3,0,0.5323530435562134
3123,8,3,0,0.7829739451408386
3124,6,9,0,0.6566025018692017
3125,3,3,1,0.6677321791648865
3126,9,2,0,0.4573356509208679
3127,4,4,1,0.5542828440666199
3128,9,1,0,0.9831706285476685
3129,3,5,0,0.7632107734680176
3130,3,6,0,0.8200809359550476
3131,7,3,0,0.4246203601360321
3132,5,5,1,0.8355109095573425
3133,9,4,0,0.47043880820274353
3134,7,7,1,0.43259942531585693
3135,7,6,0,0.8441230654716492
3136,4,4,1,0.8110459446907043
3137,5,4,0,0.3678223192691803
3138,8,3,0,0.47110819816589355
3139,2,3,0,0.7372391223907471
3140,8,5,0,0.6852595210075378
3141,9,6,0,0.324148029088974
3142,5,7,0,0.29252517223358154
3143,3,3,1,0.6303663849830627
3144,1,1,1,0.7479164004325867
3145,9,9,1,0.4025208055973053
3146,2,3,0,0.6002253293991089
3147,2,5,0,0.4649915099143982
3148,0,2,0,0.5482133030891418
3149,1,5,0,0.5365815162658691
3150,1,7,0,0.5377734899520874
3151,8,3,0,0.45343920588493347
3152,1,9,0,0.7866679430007935
3153,1,1,1,0.8208746910095215
3154,9,1,0,0.5075885057449341
3155,8,5,0,0.857513427734375
3156,9,6,0,0.4876854121685028
3157,9,9,1,0.9409242868423462
3158,0,5,0,0.31301018595695496
3159,2,7,0,0.41873884201049805
3160,6,4,0,0.6383469700813293
3161,9,4,0,0.32826730608940125
3162,1,6,0,0.5854863524436951
3163,9,0,0,0.5035361051559448
3164,0,5,0,0.6195017099380493
3165,1,9,0,0.6389750242233276
3166,9,5,0,0.43539056181907654
3167,2,6,0,0.6248805522918701
3168,9,9,1,0.5419383645057678
3169,9,9,1,0.7222201228141785
3170,9,1,0,0.5484955906867981
3171,0,6,0,0.5774394869804382
3172,9,3,0,0.7414272427558899
3173,9,5,0,0.46678799390792847
3174,2,3,0,0.4856152832508087
3175,1,9,0,0.443958580493927
3176,7,5,0,0.5536003112792969
3177,0,3,0,0.5014119744300842
3178,5,1,0,0.6558102369308472
3179,6,3,0,0.41346636414527893
3180,3,6,0,0.6889369487762451
3181,9,6,0,0.6702437996864319
3182,8,5,0,0.6674013137817383
3183,3,7,0,0.4487174451351166
3184,0,1,0,0.8117738366127014
3185,2,6,0,0.9283491969108582
3186,7,3,0,0.5404813289642334
3187,7,5,0,0.6295992732048035
3188,4,6,0,0.7118535041809082
3189,8,1,0,0.523669421672821
3190,3,3,1,0.7930966019630432
3191,0,6,0,0.8745728135108948
3192,5,3,0,0.45446068048477173
3193,2,1,0,0.8660491704940796
3194,3,1,0,0.5670855641365051
3195,5,4,0,0.7490827441215515
3196,7,1,0,0.46499574184417725
3197,6,6,1,0.9876290559768677
3198,6,0,0,0.3738296926021576
3199,6,6,1,0.700893759727478
3200,5,3,0,0.33529213070869446
3201,6,2,0,0.4969809949398041
3202,5,5,1,0.5601845979690552
3203,4,7,0,0.45256295800209045
3204,5,6,0,0.6205565929412842
3205,8,3,0,0.4177721440792084
3206,8,1,0,0.39960336685180664
3207,0,7,0,0.5997475981712341
3208,9,3,0,0.6555290222167969
3209,7,2,0,0.4900476336479187
3210,9,3,0,0.530467689037323
3211,0,2,0,0.5202072858810425
3212,6,2,0,0.35100430250167847
3213,9,9,1,0.5916711688041687
3214,6,6,1,0.47475674748420715
3215,1,9,0,0.8175995945930481
3216,4,2,0,0.49000081419944763
3217,7,3,0,0.4161483347415924
3218,9,7,0,0.7719470858573914
3219,0,9,0,0.8396650552749634
3220,3,5,0,0.5546972751617432
3221,5,5,1,0.8896775841712952
3222,4,5,0,0.754136860370636
3223,7,7,1,0.9494186639785767
3224,6,6,1,0.674016535282135
3225,9,9,1,0.6212342977523804
3226,8,5,0,0.5503393411636353
3227,2,6,0,0.5025054216384888
3228,3,3,1,0.8357473611831665
3229,9,4,0,0.5871513485908508
3230,3,3,1,0.556560218334198
3231,3,9,0,0.7093276977539062
3232,7,3,0,0.4799481928348541
3233,8,5,0,0.5230119228363037
3234,3,3,1,0.6860441565513611
3235,5,7,0,0.7785312533378601
3236,5,6,0,0.627162516117096
3237,9,6,0,0.555496335029602
3238,6,6,1,0.48956215381622314
3239,1,1,1,0.63134765625
3240,4,1,0,0.46707701683044434
3241,7,2,0,0.4208455979824066
3242,4,6,0,0.6710085868835449
3243,8,3,0,0.5614779591560364
3244,7,6,0,0.3416609764099121
3245,7,7,1,0.5720272064208984
3246,1,5,0,0.32306692004203796
3247,3,5,0,0.2997224032878876
3248,0,2,0,0.6615915894508362
3249,3,7,0,0.7276160717010498
3250,2,6,0,0.6814656257629395
3251,5,5,1,0.5409199595451355
3252,4,4,1,0.8347041010856628
3253,9,3,0,0.6271548271179199
3254,3,3,1,0.8286686539649963
3255,5,7,0,0.6408334970474243
3256,4,2,0,0.33928272128105164
3257,7,5,0,0.487955242395401
3258,0,1,0,0.40153974294662476
3259,3,3,1,0.7348639369010925
3260,7,5,0,0.3959086835384369
3261,0,1,0,0.435970276594162
3262,2,3,0,0.7018035054206848
3263,1,4,0,0.5679600238800049
3264,5,6,0,0.8523140549659729
3265,8,2,0,0.6847243905067444
3266,7,2,0,0.29336655139923096
3267,3,1,0,0.3681813180446625
3268,5,5,1,0.845273494720459
3269,7,5,0,0.695527195930481
3270,8,7,0,0.6296483278274536
3271,5,3,0,0.5299879908561707
3272,7,3,0,0.37316712737083435
3273,8,1,0,0.7372804284095764
3274,1,9,0,0.6680817008018494
3275,5,2,0,0.37555378675460815
3276,4,3,0,0.32546180486679077
3277,7,7,1,0.5151880383491516
3278,0,2,0,0.4114214777946472
3279,8,9,0,0.32193276286125183
3280,3,5,0,0.8847222328186035
3281,2,3,0,0.4716566801071167
3282,9,9,1,0.4780021905899048
3283,7,6,0,0.516962468624115
3284,4,6,0,0.8979752063751221
3285,1,3,0,0.5668642520904541
3286,6,9,0,0.4922690987586975
3287,5,6,0,0.8822121620178223
3288,9,3,0,0.7860110402107239
3289,8,5,0,0.8525388836860657
3290,5,7,0,0.40064698457717896
3291,5,3,0,0.7395604252815247
3292,4,2,0,0.533404529094696
3293,1,6,0,0.4868707060813904
3294,0,3,0,0.31063833832740784
3295,9,3,0,0.5067785978317261
3296,4,4,1,0.4091508984565735
3297,4,3,0,0.5823338627815247
3298,3,6,0,0.6741725206375122
3299,0,8,0,0.35367271304130554
3300,4,3,0,0.6379522085189819
3301,8,5,0,0.6382965445518494
3302,0,6,0,0.8651577234268188
3303,8,5,0,0.5022363066673279
3304,2,6,0,0.49809029698371887
3305,9,0,0,0.43426355719566345
3306,5,2,0,0.3559210002422333
3307,9,9,1,0.4800099730491638
3308,7,6,0,0.8828155994415283
3309,4,4,1,0.30884167551994324
3310,6,6,1,0.9672275185585022
3311,7,6,0,0.6105715036392212
3312,9,4,0,0.32375091314315796
3313,2,2,1,0.678307056427002
3314,9,1,0,0.7270220518112183
3315,3,6,0,0.9569216370582581
3316,7,4,0,0.6109258532524109
3317,7,7,1,0.6544644236564636
3318,8,5,0,0.5636977553367615
3319,2,6,0,0.5346994996070862
3320,2,1,0,0.4615243375301361
3321,0,9,0,0.6384221315383911
3322,2,6,0,0.5863290429115295
3323,5,8,0,0.5832480192184448
3324,3,9,0,0.7015625834465027
3325,6,3,0,0.42939069867134094
3326,4,2,0,0.6161453723907471
3327,7,3,0,0.8162707090377808
3328,2,2,1,0.8365667462348938
3329,3,5,0,0.7539093494415283
3330,7,7,1,0.4000268280506134
3331,8,6,0,0.9369715452194214
3332,7,7,1,0.7626907229423523
3333,2,2,1,0.8198438286781311
3334,5,5,1,0.598953127861023
3335,0,7,0,0.584273636341095
3336,0,5,0,0.7560300230979919
3337,7,7,1,0.6280121207237244
3338,0,5,0,0.6590839624404907
3339,9,2,0,0.3185219466686249
3340,6,3,0,0.6575260162353516
3341,1,8,0,0.49245861172676086
3342,0,0,1,0.7595697045326233
3343,3,5,0,0.8495796918869019
3344,9,9,1,0.721610963344574
3345,7,2,0,0.6017326712608337
3346,4,3,0,0.3759521543979645
3347,9,9,1,0.5653155446052551
3348,1,3,0,0.48088717460632324
3349,6,2,0,0.4694962203502655
3350,8,9,0,0.49414658546447754
3351,1,5,0,0.6835424900054932
3352,2,3,0,0.5079955458641052
3353,3,3,1,0.4956059455871582
3354,3,3,1,0.6056230664253235
3355,5,3,0,0.7301552891731262
3356,4,6,0,0.6674400568008423
3357,8,3,0,0.44806548953056335
3358,9,6,0,0.8321124911308289
3359,7,5,0,0.48327890038490295
3360,4,6,0,0.7184434533119202
3361,4,7,0,0.361040860414505
3362,1,6,0,0.6415287256240845
3363,2,6,0,0.5494925379753113
3364,4,3,0,0.6773386597633362
3365,9,7,0,0.5790136456489563
3366,8,9,0,0.3686872124671936
3367,7,7,1,0.5918934345245361
3368,9,9,1,0.5196316838264465
3369,5,3,0,0.6514319777488708
3370,1,1,1,0.5684754848480225
3371,2,1,0,0.5490955114364624
3372,1,7,0,0.6184785962104797
3373,6,6,1,0.5000504851341248
3374,6,3,0,0.380135715007782
3375,4,6,0,0.5691292881965637
3376,5,4,0,0.6672595739364624
3377,7,4,0,0.38833439350128174
3378,4,6,0,0.5781297087669373
3379,5,2,0,0.3260653614997864
3380,8,5,0,0.4190768897533417
3381,5,3,0,0.88148432970047
3382,2,4,0,0.5389675498008728
3383,8,0,0,0.38282620906829834
3384,7,1,0,0.7330731153488159
3385,8,3,0,0.5250990390777588
3386,2,0,0,0.6929892301559448
3387,3,6,0,0.8860057592391968
3388,6,6,1,0.9397971630096436
3389,1,6,0,0.8541826605796814
3390,3,5,0,0.7850180864334106
3391,3,6,0,0.8222442269325256
3392,1,9,0,0.6976667642593384
3393,5,3,0,0.5639450550079346
3394,1,1,1,0.8597962260246277
3395,9,6,0,0.35824280977249146
3396,0,3,0,0.6599878072738647
3397,9,6,0,0.9283729195594788
3398,2,4,0,0.6062048077583313
3399,0,3,0,0.6085384488105774
3400,6,7,0,0.5309328436851501
3401,2,2,1,0.5026921033859253
3402,4,6,0,0.8076823353767395
3403,8,3,0,0.6456029415130615
3404,5,9,0,0.4545365273952484
3405,7,2,0,0.46878597140312195
3406,6,5,0,0.6945130228996277
3407,1,3,0,0.4839055836200714
3408,2,9,0,0.529969334602356
3409,9,9,1,0.8793200254440308
3410,4,4,1,0.4458085298538208
3411,5,5,1,0.6251912117004395
3412,0,6,0,0.5966448187828064
3413,3,7,0,0.6292527914047241
3414,3,5,0,0.5492974519729614
3415,7,9,0,0.33091503381729126
3416,7,3,0,0.3254193067550659
3417,7,9,0,0.4991547763347626
3418,1,3,0,0.4368405044078827
3419,4,6,0,0.9527095556259155
3420,5,3,0,0.5651379823684692
3421,0,4,0,0.24103517830371857
3422,2,9,0,0.307271808385849
3423,8,8,1,0.6771087646484375
3424,5,7,0,0.31325724720954895
3425,0,7,0,0.38500750064849854
3426,0,6,0,0.9238902926445007
3427,6,3,0,0.6078590750694275
3428,2,3,0,0.2749933898448944
3429,0,2,0,0.4151729941368103
3430,8,2,0,0.6487140655517578
3431,4,4,1,0.9138213396072388
3432,5,9,0,0.6881502270698547
3433,4,3,0,0.40596967935562134
3434,5,7,0,0.8135894536972046
3435,6,6,1,0.9059199094772339
3436,4,4,1,0.6378311514854431
3437,7,6,0,0.6317126750946045
3438,9,6,0,0.48158544301986694
3439,4,3,0,0.6483488082885742
3440,2,4,0,0.46992015838623047
3441,0,9,0,0.6095631122589111
3442,6,3,0,0.4422451853752136
3443,4,4,1,0.7255920767784119
3444,0,3,0,0.6002011299133301
3445,0,9,0,0.5607110261917114
3446,6,1,0,0.4037229120731354
3447,4,4,1,0.4676491618156433
3448,6,5,0,0.4193807542324066
3449,1,3,0,0.3203682005405426
3450,9,9,1,0.7189440131187439
3451,5,3,0,0.40898439288139343
3452,5,3,0,0.46236714720726013
3453,2,4,0,0.5504004955291748
3454,2,2,1,0.3947688639163971
3455,6,3,0,0.6959092617034912
3456,3,6,0,0.539332926273346
3457,4,3,0,0.3988073170185089
3458,5,3,0,0.4347401261329651
3459,9,0,0,0.8225843906402588
3460,1,3,0,0.5283200740814209
3461,7,2,0,0.39807263016700745
3462,2,2,1,0.49516990780830383
3463,3,6,0,0.7170557975769043
3464,9,9,1,0.6235882639884949
3465,6,2,0,0.2811127007007599
3466,5,5,1,0.8637604713439941
3467,0,0,1,0.3349907398223877
3468,2,2,1,0.4141331613063812
3469,9,6,0,0.8464098572731018
3470,7,0,0,0.47718366980552673
3471,1,3,0,0.7679458856582642
3472,7,5,0,0.3213532865047455
3473,2,6,0,0.6931149363517761
3474,2,2,1,0.4806203544139862
3475,0,5,0,0.5735827684402466
3476,8,3,0,0.44974222779273987
3477,6,3,0,0.5174759030342102
3478,4,1,0,0.3200953006744385
3479,3,4,0,0.7426586747169495
3480,2,1,0,0.5641343593597412
3481,7,5,0,0.5745221376419067
3482,7,5,0,0.6417132616043091
3483,0,9,0,0.34526327252388
3484,4,6,0,0.9262703061103821
3485,1,1,1,0.4638829827308655
3486,6,6,1,0.9965649843215942
3487,5,5,1,0.8665896654129028
3488,1,5,0,0.5947186946868896
3489,3,2,0,0.3206436336040497
3490,0,5,0,0.5523424744606018
3491,3,9,0,0.6361311078071594
3492,9,5,0,0.5499008297920227
3493,0,9,0,0.5526553988456726
3494,0,3,0,0.4110438823699951
3495,2,6,0,0.3710343837738037
3496,5,3,0,0.6007770895957947
3497,0,9,0,0.6756899952888489
3498,4,3,0,0.4248533546924591
3499,0,3,0,0.6911789774894714
3500,1,6,0,0.6536813974380493
3501,9,9,1,0.6157176494598389
3502,8,9,0,0.46791109442710876
3503,4,7,0,0.6050428748130798
3504,9,9,1,0.335019052028656
3505,4,6,0,0.384475976228714
3506,2,4,0,0.34339582920074463
3507,4,3,0,0.6616528034210205
3508,3,3,1,0.5141699910163879
3509,3,8,0,0.6177610754966736
3510,4,5,0,0.477193683385849
3511,0,5,0,0.5366392731666565
3512,4,4,1,0.49637991189956665
3513,3,6,0,0.8415479063987732
3514,2,6,0,0.8186729550361633
3515,8,9,0,0.36590394377708435
3516,9,2,0,0.37548473477363586
3517,1,0,0,0.3311476409435272
3518,5,5,1,0.92265385389328
3519,8,5,0,0.6355087161064148
3520,1,8,0,0.5603180527687073
3521,8,1,0,0.4269181191921234
3522,2,6,0,0.4592511057853699
3523,4,1,0,0.3320455253124237
3524,5,9,0,0.5932118892669678
3525,2,3,0,0.40602391958236694
3526,4,5,0,0.5725334286689758
3527,1,4,0,0.49532854557037354
3528,1,3,0,0.7010523676872253
3529,6,1,0,0.41455963253974915
3530,6,9,0,0.42882412672042847
3531,8,5,0,0.5838966369628906
3532,5,5,1,0.6584171056747437
3533,2,6,0,0.8858931660652161
3534,2,7,0,0.4547729194164276
3535,5,5,1,0.7904325723648071
3536,0,5,0,0.7914409637451172
3537,8,0,0,0.5448073744773865
3538,2,7,0,0.637961745262146
3539,3,9,0,0.48814234137535095
3540,6,3,0,0.5683274269104004
3541,2,3,0,0.48322975635528564
3542,9,9,1,0.7878270745277405
3543,6,7,0,0.3859976828098297
3544,1,5,0,0.6337243318557739
3545,4,6,0,0.39142540097236633
3546,5,5,1,0.9006796479225159
3547,9,9,1,0.41715526580810547
3548,0,3,0,0.5229566693305969
3549,1,9,0,0.4295103847980499
3550,0,5,0,0.788005530834198
3551,0,7,0,0.4348134696483612
3552,8,9,0,0.6188493371009827
3553,1,5,0,0.5566854476928711
3554,1,7,0,0.4510057270526886
3555,6,5,0,0.6687976717948914
3556,6,6,1,0.898957371711731
3557,9,1,0,0.46812885999679565
3558,5,7,0,0.542941689491272
3559,4,6,0,0.6909095048904419
3560,1,1,1,0.48654213547706604
3561,7,3,0,0.41023698449134827
3562,8,0,0,0.5473116636276245
3563,6,6,1,0.3875345289707184
3564,9,3,0,0.4487442076206207
3565,1,9,0,0.5560203194618225
3566,7,1,0,0.8089569211006165
3567,6,9,0,0.3644837439060211
3568,0,1,0,0.690779447555542
3569,9,6,0,0.7809045910835266
3570,3,4,0,0.54344242811203
3571,5,6,0,0.7544983625411987
3572,3,3,1,0.6976222395896912
3573,2,6,0,0.8271430730819702
3574,5,3,0,0.4882635176181793
3575,3,0,0,0.4571787714958191
3576,4,4,1,0.6280642151832581
3577,9,2,0,0.42938143014907837
3578,7,0,0,0.31000593304634094
3579,1,1,1,0.33951452374458313
3580,4,6,0,0.8570302724838257
3581,4,3,0,0.5615388751029968
3582,6,2,0,0.6831579208374023
3583,1,6,0,0.9610016942024231
3584,3,1,0,0.3365555703639984
3585,8,4,0,0.442339688539505
3586,8,0,0,0.4883105158805847
3587,0,9,0,0.6768810153007507
3588,6,6,1,0.48456811904907227
3589,7,4,0,0.6611642241477966
3590,7,3,0,0.8057003021240234
3591,6,6,1,0.5139445662498474
3592,7,7,1,0.5962688326835632
3593,2,3,0,0.8372944593429565
3594,3,6,0,0.6433391571044922
3595,2,2,1,0.6824836730957031
3596,2,6,0,0.9907277822494507
3597,6,6,1,0.6263675689697266
3598,2,2,1,0.4559575021266937
3599,7,5,0,0.5987074375152588
3600,4,2,0,0.6787234544754028
3601,0,9,0,0.40839481353759766
3602,3,3,1,0.6980187296867371
3603,6,9,0,0.6761212944984436
3604,2,9,0,0.6655653119087219
3605,6,2,0,0.8438069224357605
3606,3,9,0,0.49807658791542053
3607,3,3,1,0.4220287501811981
3608,0,2,0,0.6030599474906921
3609,9,5,0,0.5435385704040527
3610,5,5,1,0.7527874708175659
3611,1,9,0,0.6748436093330383
3612,1,9,0,0.580494225025177
3613,5,1,0,0.8605365753173828
3614,3,6,0,0.5795688033103943
3615,6,2,0,0.29172852635383606
3616,4,8,0,0.5078350305557251
3617,3,3,1,0.651141881942749
3618,4,2,0,0.6423388719558716
3619,1,6,0,0.7438704967498779
3620,0,9,0,0.3694898188114166
3621,4,7,0,0.47440898418426514
3622,5,3,0,0.628355860710144
3623,5,6,0,0.7598481774330139
3624,2,6,0,0.4555824100971222
3625,8,2,0,0.5664576292037964
3626,9,7,0,0.2976084351539612
3627,4,3,0,0.6150994300842285
3628,3,6,0,0.5784706473350525
3629,1,3,0,0.5745460987091064
3630,8,9,0,0.4207817018032074
3631,0,1,0,0.9120777249336243
3632,1,1,1,0.8726086616516113
3633,3,4,0,0.3785686492919922
3634,3,1,0,0.5348019003868103
3635,4,6,0,0.5263655185699463
3636,4,6,0,0.5345121622085571
3637,2,5,0,0.6368271708488464
3638,9,3,0,0.4726429283618927
3639,7,4,0,0.5068038105964661
3640,6,6,1,0.6224929094314575
3641,8,9,0,0.5356207489967346
3642,1,1,1,0.5107192397117615
3643,8,8,1,0.7064979672431946
3644,9,1,0,0.7037973403930664
3645,1,1,1,0.37982305884361267
3646,3,5,0,0.6542322039604187
3647,1,3,0,0.5064026713371277
3648,7,6,0,0.4606870412826538
3649,3,3,1,0.5101501941680908
3650,0,1,0,0.41333314776420593
3651,0,9,0,0.6266260147094727
3652,2,0,0,0.610458493232727
3653,8,6,0,0.6247329115867615
3654,3,6,0,0.7634826302528381
3655,9,3,0,0.6596750617027283
3656,2,9,0,0.44351422786712646
3657,7,6,0,0.4752538800239563
3658,2,5,0,0.5517877340316772
3659,6,6,1,0.49933844804763794
3660,0,1,0,0.4666687846183777
3661,1,9,0,0.7195560932159424
3662,6,3,0,0.7222423553466797
3663,1,3,0,0.6372877955436707
3664,6,6,1,0.9903615117073059
3665,7,3,0,0.5441834330558777
3666,5,5,1,0.575920045375824
3667,5,5,1,0.59854656457901
3668,2,4,0,0.4400475323200226
3669,5,1,0,0.7452482581138611
3670,9,4,0,0.37377089262008667
3671,4,4,1,0.6895287036895752
3672,0,0,1,0.4087478816509247
3673,2,7,0,0.410281777381897
3674,3,3,1,0.7477686405181885
3675,4,3,0,0.42191654443740845
3676,9,2,0,0.5111489295959473
3677,4,3,0,0.4567722678184509
3678,1,6,0,0.4876498579978943
3679,0,9,0,0.6207133531570435
3680,0,8,0,0.40270310640335083
3681,2,4,0,0.37587085366249084
3682,3,3,1,0.44597506523132324
3683,8,1,0,0.8204005360603333
3684,9,6,0,0.4851798713207245
3685,2,8,0,0.5260353684425354
3686,8,9,0,0.9896501302719116
3687,9,9,1,0.6456643342971802
3688,5,3,0,0.7372690439224243
3689,7,3,0,0.567536473274231
3690,9,9,1,0.7002008557319641
3691,1,1,1,0.8862966299057007
3692,4,3,0,0.7033901810646057
3693,6,8,0,0.6086308360099792
3694,2,3,0,0.6329780220985413
3695,8,3,0,0.39088064432144165
3696,4,5,0,0.39425128698349
3697,4,5,0,0.4486510157585144
3698,8,3,0,0.7802622318267822
3699,9,9,1,0.7444765567779541
3700,3,1,0,0.4525497257709503
3701,1,1,1,0.918246865272522
3702,1,7,0,0.699759840965271
3703,6,3,0,0.7242565155029297
3704,5,3,0,0.34657022356987
3705,8,5,0,0.6819612979888916
3706,4,5,0,0.4711180031299591
3707,6,6,1,0.7460245490074158
3708,4,3,0,0.5349826812744141
3709,5,3,0,0.4382017254829407
3710,2,2,1,0.5698020458221436
3711,6,2,0,0.6146983504295349
3712,4,5,0,0.41230908036231995
3713,2,1,0,0.37801530957221985
3714,3,3,1,0.6131837964057922
3715,1,1,1,0.8505603671073914
3716,3,6,0,0.5442167520523071
3717,6,6,1,0.6116009950637817
3718,8,8,1,0.8169164657592773
3719,5,3,0,0.5077452063560486
3720,2,4,0,0.37657466530799866
3721,2,2,1,0.41077524423599243
3722,7,9,0,0.6636216640472412
3723,1,2,0,0.4499192237854004
3724,6,4,0,0.49016574025154114
3725,2,1,0,0.4851442277431488
3726,5,3,0,0.5698329210281372
3727,9,9,1,0.7422119379043579
3728,2,1,0,0.8406802415847778
3729,8,3,0,0.4306609332561493
3730,1,9,0,0.44342002272605896
3731,6,6,1,0.44323039054870605
3732,9,5,0,0.4665808379650116
3733,2,3,0,0.7187605500221252
3734,7,7,1,0.762816846370697
3735,5,5,1,0.4698120355606079
3736,3,5,0,0.6284752488136292
3737,2,2,1,0.45376697182655334
3738,9,9,1,0.8127478957176208
3739,7,2,0,0.42766624689102173
3740,0,8,0,0.476821631193161
3741,2,3,0,0.5462740063667297
3742,9,9,1,0.422575443983078
3743,3,5,0,0.7109834551811218
3744,4,6,0,0.45523348450660706
3745,1,9,0,0.899682343006134
3746,7,2,0,0.29983049631118774
3747,9,9,1,0.7680699229240417
3748,5,9,0,0.49432530999183655
3749,8,5,0,0.5119490027427673
3750,9,6,0,0.2962409555912018
3751,7,7,1,0.3962925672531128
3752,3,7,0,0.5507583618164062
3753,4,7,0,0.5851017832756042
3754,0,1,0,0.6551054120063782
3755,9,2,0,0.4778691828250885
3756,7,0,0,0.42625829577445984
3757,4,3,0,0.28047454357147217
3758,2,2,1,0.36855512857437134
3759,4,4,1,0.5301560163497925
3760,7,4,0,0.5583709478378296
3761,0,5,0,0.7448012232780457
3762,1,0,0,0.4619308114051819
3763,8,2,0,0.38175439834594727
3764,1,9,0,0.5374981164932251
3765,0,7,0,0.4334784746170044
3766,4,3,0,0.5276760458946228
3767,6,6,1,0.9582018256187439
3768,1,3,0,0.4119977056980133
3769,9,9,1,0.7240549325942993
3770,9,6,0,0.8686884045600891
3771,2,1,0,0.4308980107307434
3772,1,4,0,0.3748878240585327
3773,2,5,0,0.6692619323730469
3774,5,1,0,0.2233639508485794
3775,6,8,0,0.6580373644828796
3776,9,5,0,0.686631441116333
3777,7,6,0,0.903713583946228
3778,7,4,0,0.6723719835281372
3779,3,2,0,0.5679536461830139
3780,4,7,0,0.481323778629303
3781,2,4,0,0.5164147615432739
3782,0,0,1,0.5321831703186035
3783,2,3,0,0.7192004323005676
3784,5,5,1,0.8668460845947266
3785,6,6,1,0.8835446238517761
3786,7,3,0,0.6042260527610779
3787,3,3,1,0.4768352210521698
3788,7,1,0,0.6848210096359253
3789,9,3,0,0.3109791576862335
3790,4,4,1,0.7653399109840393
3791,2,6,0,0.753703773021698
3792,0,5,0,0.5134714245796204
3793,6,5,0,0.5049328804016113
3794,1,1,1,0.8193110227584839
3795,7,3,0,0.5324931144714355
3796,5,2,0,0.6044855117797852
3797,6,5,0,0.6391373872756958
3798,5,5,1,0.935284435749054
3799,3,7,0,0.7519088387489319
3800,9,9,1,0.2696305513381958
3801,2,3,0,0.5487189292907715
3802,7,7,1,0.7369986176490784
3803,8,9,0,0.4623086154460907
3804,5,3,0,0.6386949419975281
3805,9,6,0,0.48973315954208374
3806,5,2,0,0.5947687029838562
3807,8,7,0,0.5790573358535767
3808,5,9,0,0.6180344820022583
3809,4,6,0,0.6992844939231873
3810,3,3,1,0.5463423132896423
3811,7,1,0,0.7580214738845825
3812,9,9,1,0.6604095697402954
3813,8,5,0,0.8914260268211365
3814,1,1,1,0.9309775233268738
3815,2,1,0,0.4614461064338684
3816,2,2,1,0.825184166431427
3817,8,8,1,0.7992331981658936
3818,9,9,1,0.4014188349246979
3819,3,3,1,0.7724223732948303
3820,0,8,0,0.7136096358299255
3821,8,9,0,0.768720805644989
3822,4,6,0,0.83043372631073
3823,0,3,0,0.628623902797699
3824,2,3,0,0.354937881231308
3825,0,2,0,0.6781557202339172
3826,1,4,0,0.3262413442134857
3827,4,6,0,0.7522099018096924
3828,1,9,0,0.6936753392219543
3829,8,8,1,0.5019010901451111
3830,5,5,1,0.852167010307312
3831,5,5,1,0.573805034160614
3832,7,3,0,0.37202897667884827
3833,9,6,0,0.9056971669197083
3834,8,3,0,0.5809281468391418
3835,3,7,0,0.5664936900138855
3836,7,2,0,0.6596465110778809
3837,9,1,0,0.572372555732727
3838,1,3,0,0.7013867497444153
3839,5,3,0,0.4715488851070404
3840,6,1,0,0.5660310983657837
3841,9,9,1,0.3726094365119934
3842,8,9,0,0.7462518215179443
3843,7,6,0,0.8004994988441467
3844,2,3,0,0.6639496684074402
3845,0,0,1,0.2610034644603729
3846,9,9,1,0.6069933176040649
3847,0,3,0,0.539129376411438
3848,8,3,0,0.6838743090629578
3849,5,6,0,0.5895217061042786
3850,9,6,0,0.9199015498161316
3851,4,6,0,0.9217561483383179
3852,2,5,0,0.4164010286331177
3853,9,5,0,0.49329498410224915
3854,8,3,0,0.5270339846611023
3855,1,3,0,0.38520076870918274
3856,9,5,0,0.445455938577652
3857,1,7,0,0.4250829517841339
3858,8,3,0,0.6581695675849915
3859,3,8,0,0.41907110810279846
3860,7,2,0,0.6051836013793945
3861,6,6,1,0.775865375995636
3862,4,9,0,0.7110685110092163
3863,2,1,0,0.9571977257728577
3864,3,9,0,0.6746787428855896
3865,7,5,0,0.42240604758262634
3866,0,9,0,0.34768345952033997
3867,3,1,0,0.5103795528411865
3868,5,6,0,0.6482317447662354
3869,8,2,0,0.6401607394218445
3870,8,3,0,0.5476385951042175
3871,8,5,0,0.5775490403175354
3872,7,6,0,0.5798534750938416
3873,9,9,1,0.448594868183136
3874,6,2,0,0.47916677594184875
3875,2,3,0,0.4384802579879761
3876,7,1,0,0.779448390007019
3877,4,5,0,0.8098728656768799
3878,5,7,0,0.606767475605011
3879,7,0,0,0.5817664265632629
3880,6,3,0,0.5750030279159546
3881,7,9,0,0.4649251103401184
3882,1,9,0,0.5543550252914429
3883,7,1,0,0.4860973358154297
3884,3,3,1,0.7632222771644592
3885,6,9,0,0.8969708681106567
3886,8,5,0,0.6625025272369385
3887,2,3,0,0.6747711300849915
3888,6,9,0,0.6422112584114075
3889,6,6,1,0.9525075554847717
3890,7,5,0,0.7077367901802063
3891,1,7,0,0.46909746527671814
3892,5,6,0,0.6974714994430542
3893,9,3,0,0.7433611154556274
3894,7,5,0,0.36640000343322754
3895,1,2,0,0.3875482976436615
3896,7,5,0,0.40669363737106323
3897,0,1,0,0.6275719404220581
3898,1,1,1,0.5121270418167114
3899,6,4,0,0.6197288632392883
3900,3,2,0,0.358763724565506
3901,3,3,1,0.4851437509059906
3902,9,8,0,0.3369514048099518
3903,0,1,0,0.4610099494457245
3904,1,7,0,0.5769442319869995
3905,2,3,0,0.5489696264266968
3906,3,5,0,0.8183360695838928
3907,2,2,1,0.46105730533599854
3908,2,5,0,0.6244713068008423
3909,5,9,0,0.529692530632019
3910,4,2,0,0.4355219006538391
3911,9,9,1,0.8445842862129211
3912,8,6,0,0.5628027319908142
3913,7,9,0,0.6737851500511169
3914,4,6,0,0.5306525230407715
3915,4,3,0,0.47093844413757324
3916,9,3,0,0.7862282395362854
3917,7,5,0,0.6152463555335999
3918,6,9,0,0.39052635431289673
3919,7,3,0,0.5438420176506042
3920,7,3,0,0.4617745280265808
3921,1,2,0,0.33862534165382385
3922,2,9,0,0.800277829170227
3923,3,5,0,0.4767153263092041
3924,5,6,0,0.728972315788269
3925,1,3,0,0.791589617729187
3926,9,0,0,0.32535603642463684
3927,0,6,0,0.4783287048339844
3928,3,6,0,0.8030480742454529
3929,3,5,0,0.7727264165878296
3930,1,1,1,0.6102166771888733
3931,5,9,0,0.3732664883136749
3932,6,2,0,0.44061511754989624
3933,6,6,1,0.8561016321182251
3934,2,6,0,0.6076509356498718
3935,4,3,0,0.4003884494304657
3936,6,3,0,0.5994802117347717
3937,8,5,0,0.5829196572303772
3938,8,8,1,0.6282927393913269
3939,9,5,0,0.6197956800460815
3940,6,6,1,0.7849006056785583
3941,6,6,1,0.9897947907447815
3942,1,9,0,0.3608761727809906
3943,0,4,0,0.49811747670173645
3944,7,9,0,0.7321243286132812
3945,5,5,1,0.45226237177848816
3946,8,9,0,0.7640302181243896
3947,2,5,0,0.5407795310020447
3948,1,3,0,0.7577952742576599
3949,5,9,0,0.7010101079940796
3950,8,2,0,0.5353497862815857
3951,1,9,0,0.6740580201148987
3952,4,6,0,0.4283584952354431
3953,7,6,0,0.7111794352531433
3954,5,3,0,0.42614278197288513
3955,0,8,0,0.692381739616394
3956,3,4,0,0.5991858839988708
3957,9,1,0,0.960383951663971
3958,9,3,0,0.7023940086364746
3959,5,2,0,0.5537628531455994
3960,2,5,0,0.5151360630989075
3961,8,3,0,0.38638368248939514
3962,4,4,1,0.583105206489563
3963,1,5,0,0.5609551072120667
3964,9,6,0,0.5796027183532715
3965,0,3,0,0.7187880277633667
3966,4,6,0,0.42879360914230347
3967,4,4,1,0.4103977680206299
3968,8,3,0,0.5983397364616394
3969,2,1,0,0.3975902199745178
3970,9,2,0,0.4713013470172882
3971,0,3,0,0.3843930661678314
3972,7,7,1,0.3489406108856201
3973,9,6,0,0.6559417247772217
3974,8,3,0,0.6822211742401123
3975,7,7,1,0.580268919467926
3976,1,6,0,0.48723694682121277
3977,3,6,0,0.6065609455108643
3978,2,6,0,0.6048593521118164
3979,9,9,1,0.4214116036891937
3980,9,3,0,0.5503087639808655
3981,5,3,0,0.7492241263389587
3982,9,9,1,0.624975860118866
3983,7,3,0,0.5548295974731445
3984,6,7,0,0.4604577422142029
3985,7,6,0,0.8222737312316895
3986,7,4,0,0.26037517189979553
3987,1,1,1,0.5090099573135376
3988,1,5,0,0.5457882881164551
3989,2,6,0,0.8618757724761963
3990,4,6,0,0.7728647589683533
3991,2,6,0,0.8200612664222717
3992,0,5,0,0.5106871724128723
3993,6,3,0,0.5831747055053711
3994,8,9,0,0.5652531385421753
3995,7,5,0,0.8412185907363892
3996,6,1,0,0.68138587474823
3997,2,3,0,0.5668694972991943
3998,2,5,0,0.7268195748329163
3999,9,3,0,0.4036998748779297
4000,8,3,0,0.4597177505493164
4001,2,6,0,0.6080536842346191
4002,4,2,0,0.6774181127548218
4003,2,5,0,0.5168476104736328
4004,0,3,0,0.5330795049667358
4005,5,3,0,0.533179521560669
4006,8,5,0,0.6444259881973267
4007,6,6,1,0.4929252862930298
4008,8,4,0,0.40641486644744873
4009,2,5,0,0.7222820520401001
4010,7,5,0,0.5227307081222534
4011,7,3,0,0.5246894955635071
4012,3,3,1,0.5469548106193542
4013,1,6,0,0.6131842732429504
4014,8,8,1,0.4895527958869934
4015,1,3,0,0.6531278491020203
4016,6,6,1,0.6025012731552124
4017,5,7,0,0.7993411421775818
4018,9,9,1,0.7844112515449524
4019,7,4,0,0.4202917516231537
4020,8,5,0,0.6157008409500122
4021,9,6,0,0.6718952059745789
4022,6,3,0,0.6642633676528931
4023,4,7,0,0.7249724268913269
4024,8,3,0,0.4516758322715759
4025,1,2,0,0.6653373837471008
4026,9,1,0,0.389664888381958
4027,4,0,0,0.360797643661499
4028,0,0,1,0.5234516859054565
4029,4,6,0,0.6121693253517151
4030,1,2,0,0.5079518556594849
4031,4,3,0,0.4708126187324524
4032,3,3,1,0.5795405507087708
4033,6,9,0,0.5740418434143066
4034,2,2,1,0.5819962620735168
4035,2,5,0,0.8133848309516907
4036,7,2,0,0.7457178831100464
4037,0,6,0,0.7621450424194336
4038,0,9,0,0.7976418137550354
4039,7,5,0,0.5181417465209961
4040,0,6,0,0.6383089423179626
4041,7,6,0,0.6145884990692139
4042,4,5,0,0.3842731714248657
4043,3,6,0,0.8611864447593689
4044,6,3,0,0.47818613052368164
4045,7,3,0,0.4942268431186676
4046,7,3,0,0.5394769310951233
4047,4,6,0,0.8061028718948364
4048,5,6,0,0.572015106678009
4049,4,9,0,0.7773942947387695
4050,3,3,1,0.5029354691505432
4051,5,5,1,0.6024441719055176
4052,5,3,0,0.7027667760848999
4053,4,4,1,0.5162739157676697
4054,7,9,0,0.4729076623916626
4055,1,1,1,0.6700401306152344
4056,0,4,0,0.8646547794342041
4057,7,3,0,0.32718849182128906
4058,7,3,0,0.746566116809845
4059,1,7,0,0.5491108298301697
4060,6,3,0,0.804963231086731
4061,5,3,0,0.4867464601993561
4062,0,3,0,0.6323233246803284
4063,7,3,0,0.550835907459259
4064,7,6,0,0.800627589225769
4065,4,6,0,0.9149609208106995
4066,6,4,0,0.4585649073123932
4067,1,5,0,0.7665181159973145
4068,8,7,0,0.4173634350299835
4069,5,6,0,0.6117433309555054
4070,9,9,1,0.547131359577179
4071,3,7,0,0.4441777765750885
4072,5,8,0,0.5205893516540527
4073,6,6,1,0.5341024398803711
4074,2,9,0,0.4853140115737915
4075,2,3,0,0.5448181629180908
4076,7,3,0,0.43855711817741394
4077,3,5,0,0.607384443283081
4078,5,1,0,0.7672334313392639
4079,8,2,0,0.5448468923568726
4080,1,7,0,0.4608331322669983
4081,0,1,0,0.435105562210083
4082,6,3,0,0.6022811532020569
4083,8,6,0,0.8224158883094788
4084,7,5,0,0.4712107479572296
4085,8,6,0,0.7201802134513855
4086,8,0,0,0.5193283557891846
4087,5,3,0,0.7054384350776672
4088,7,6,0,0.7676777243614197
4089,5,5,1,0.30030325055122375
4090,4,4,1,0.5017831921577454
4091,9,5,0,0.697255551815033
4092,7,4,0,0.5947940349578857
4093,3,5,0,0.39875900745391846
4094,3,3,1,0.5235306620597839
4095,8,6,0,0.6949445009231567
4096,8,8,1,0.6402311325073242
4097,3,6,0,0.9741299748420715
4098,9,9,1,0.679114818572998
4099,4,6,0,0.820002555847168
4100,7,2,0,0.6678751111030579
4101,2,2,1,0.48201364278793335
4102,0,9,0,0.7948489785194397
4103,8,7,0,0.5787228941917419
4104,0,3,0,0.7515730857849121
4105,7,7,1,0.7121334671974182
4106,3,5,0,0.6346851587295532
4107,3,3,1,0.6878716945648193
4108,2,3,0,0.49003106355667114
4109,5,1,0,0.5536961555480957
4110,2,4,0,0.42249050736427307
4111,4,9,0,0.303774893283844
4112,4,5,0,0.5150359869003296
4113,0,9,0,0.4514680504798889
4114,4,6,0,0.8330268263816833
4115,8,1,0,0.6085313558578491
4116,2,2,1,0.3592454195022583
4117,4,0,0,0.43255186080932617
4118,0,2,0,0.3871995508670807
4119,6,3,0,0.6010940074920654
4120,4,1,0,0.553943932056427
4121,5,9,0,0.40396183729171753
4122,6,2,0,0.4632912278175354
4123,0,7,0,0.5561949610710144
4124,8,9,0,0.5523375272750854
4125,8,3,0,0.5489633679389954
4126,0,9,0,0.41129860281944275
4127,6,6,1,0.42761513590812683
4128,1,1,1,0.48984822630882263
4129,1,7,0,0.47662052512168884
4130,6,6,1,0.734151303768158
4131,1,2,0,0.403984934091568
4132,4,1,0,0.6329939961433411
4133,2,1,0,0.31642454862594604
4134,1,1,1,0.88669353723526
4135,1,1,1,0.5378934741020203
4136,2,1,0,0.8960325717926025
4137,4,5,0,0.3379553258419037
4138,4,9,0,0.8382139205932617
4139,5,3,0,0.35558027029037476
4140,5,6,0,0.45323583483695984
4141,8,9,0,0.8485978245735168
4142,8,3,0,0.39993050694465637
4143,5,3,0,0.6335143446922302
4144,1,6,0,0.6288720369338989
4145,8,8,1,0.29246726632118225
4146,2,4,0,0.41017648577690125
4147,3,7,0,0.5020365715026855
4148,3,7,0,0.6827326416969299
4149,9,6,0,0.511608362197876
4150,6,6,1,0.8812423348426819
4151,6,6,1,0.6387568712234497
4152,5,6,0,0.7388821244239807
4153,0,9,0,0.5054264664649963
4154,7,2,0,0.5997401475906372
4155,3,3,1,0.6046109795570374
4156,3,1,0,0.6359766721725464
4157,2,8,0,0.45741474628448486
4158,7,3,0,0.5577117800712585
4159,4,4,1,0.6885409355163574
4160,5,4,0,0.6294597387313843
4161,6,6,1,0.8651293516159058
4162,0,8,0,0.6718741655349731
4163,2,6,0,0.8350486755371094
4164,1,1,1,0.5236486196517944
4165,8,3,0,0.4587954580783844
4166,1,5,0,0.5231002569198608
4167,0,3,0,0.39189621806144714
4168,9,1,0,0.6319974064826965
4169,3,6,0,0.9206874370574951
4170,1,5,0,0.5976620316505432
4171,0,3,0,0.4619908332824707
4172,5,6,0,0.5899034142494202
4173,4,8,0,0.5803981423377991
4174,2,0,0,0.38539764285087585
4175,3,6,0,0.65674889087677
4176,3,3,1,0.4503357410430908
4177,6,6,1,0.9440665245056152
4178,7,9,0,0.46364349126815796
4179,6,6,1,0.7601599097251892
4180,0,2,0,0.7478262186050415
4181,0,3,0,0.5526279211044312
4182,5,5,1,0.56180340051651
4183,7,2,0,0.6903407573699951
4184,4,6,0,0.5615501999855042
4185,7,7,1,0.458024263381958
4186,7,7,1,0.7095704674720764
4187,0,1,0,0.35793840885162354
4188,6,7,0,0.34865447878837585
4189,1,1,1,0.7714951038360596
4190,3,2,0,0.46659862995147705
4191,9,6,0,0.5349316596984863
4192,0,3,0,0.640096127986908
4193,9,9,1,0.7800593376159668
4194,0,0,1,0.4813373386859894
4195,3,9,0,0.5602747797966003
4196,8,3,0,0.44397005438804626
4197,4,3,0,0.49315735697746277
4198,8,3,0,0.514985203742981
4199,8,9,0,0.6281771063804626
4200,4,5,0,0.7046746611595154
4201,1,3,0,0.5515729784965515
4202,0,3,0,0.5838016271591187
4203,2,6,0,0.7690351605415344
4204,2,6,0,0.426561564207077
4205,4,7,0,0.6816428303718567
4206,1,2,0,0.479371041059494
4207,1,1,1,0.9896056056022644
4208,2,5,0,0.5041657090187073
4209,4,6,0,0.9268295764923096
4210,3,5,0,0.7584734559059143
4211,4,9,0,0.6928337216377258
4212,1,3,0,0.5985097289085388
4213,4,4,1,0.4407142996788025
4214,7,3,0,0.372885137796402
4215,1,5,0,0.7461166977882385
4216,0,8,0,0.5753639340400696
4217,0,1,0,0.565974235534668
4218,9,9,1,0.6486105918884277
4219,0,3,0,0.6903591752052307
4220,4,9,0,0.5703267455101013
4221,2,3,0,0.7542434930801392
4222,8,8,1,0.5077237486839294
4223,8,3,0,0.580133855342865
4224,5,3,0,0.3733024001121521
4225,5,1,0,0.6664990782737732
4226,0,1,0,0.6558276414871216
4227,4,1,0,0.7056697607040405
4228,0,6,0,0.6627211570739746
4229,8,2,0,0.4338473081588745
4230,6,5,0,0.41076570749282837
4231,2,2,1,0.5309573411941528
4232,5,9,0,0.44753122329711914
4233,9,9,1,0.6477164030075073
4234,2,2,1,0.5872809290885925
4235,9,9,1,0.6137098073959351
4236,1,7,0,0.36365535855293274
4237,1,1,1,0.6460485458374023
4238,5,6,0,0.7616525888442993
4239,4,3,0,0.4220079183578491
4240,7,5,0,0.5023560523986816
4241,5,5,1,0.808208167552948
4242,8,5,0,0.7371503114700317
4243,6,3,0,0.76606285572052
4244,2,7,0,0.4971385598182678
4245,1,3,0,0.6176079511642456
4246,5,5,1,0.6416776180267334
4247,5,1,0,0.737991452217102
4248,3,3,1,0.5178658962249756
4249,4,1,0,0.42783868312835693
4250,1,9,0,0.546000063419342
4251,8,3,0,0.43814733624458313
4252,9,5,0,0.44588783383369446
4253,9,2,0,0.5075765252113342
4254,8,1,0,0.3361213207244873
4255,9,6,0,0.411533385515213
4256,8,3,0,0.35651224851608276
4257,6,6,1,0.9402661323547363
4258,8,2,0,0.7545897364616394
4259,5,8,0,0.40541690587997437
4260,8,8,1,0.5387703776359558
4261,9,4,0,0.3391727805137634
4262,4,4,1,0.6598024964332581
4263,6,6,1,0.7800012230873108
4264,2,5,0,0.7768450975418091
4265,6,6,1,0.4212966859340668
4266,3,3,1,0.6053813099861145
4267,7,6,0,0.4423930048942566
4268,4,5,0,0.34629878401756287
4269,0,4,0,0.4959450662136078
4270,0,5,0,0.6921882033348083
4271,1,8,0,0.6740090847015381
4272,7,6,0,0.9643591046333313
4273,5,1,0,0.5549431443214417
4274,1,1,1,0.8671786785125732
4275,5,7,0,0.6623165607452393
4276,9,5,0,0.42460036277770996
4277,3,9,0,0.451752245426178
4278,1,9,0,0.48435258865356445
4279,6,6,1,0.8913062810897827
4280,8,2,0,0.49952468276023865
4281,7,3,0,0.5632660984992981
4282,3,6,0,0.8818930387496948
4283,6,9,0,0.377067506313324
4284,9,6,0,0.7306667566299438
4285,1,6,0,0.6577690839767456
4286,2,8,0,0.6052833199501038
4287,0,6,0,0.41516125202178955
4288,1,1,1,0.726250946521759
4289,7,4,0,0.6126397252082825
4290,2,1,0,0.43330955505371094
4291,6,6,1,0.7692989110946655
4292,1,2,0,0.5186356902122498
4293,9,6,0,0.5997986793518066
4294,0,3,0,0.5958414077758789
4295,0,8,0,0.6711847186088562
4296,8,7,0,0.654697060585022
4297,9,2,0,0.4777306914329529
4298,9,6,0,0.48863887786865234
4299,2,9,0,0.4460529685020447
4300,8,9,0,0.7008591294288635
4301,6,6,1,0.5135202407836914
4302,2,3,0,0.6758886575698853
4303,5,9,0,0.4335518777370453
4304,6,6,1,0.7132768630981445
4305,0,7,0,0.7002608180046082
4306,3,5,0,0.7958796620368958
4307,3,2,0,0.605047881603241
4308,0,3,0,0.402787446975708
4309,7,1,0,0.4615415036678314
4310,4,1,0,0.532072901725769
4311,7,6,0,0.4645082354545593
4312,5,5,1,0.6880354881286621
4313,0,3,0,0.7545709609985352
4314,1,3,0,0.6202670335769653
4315,6,2,0,0.3503555357456207
4316,8,2,0,0.40612146258354187
4317,8,5,0,0.40698397159576416
4318,1,4,0,0.5608120560646057
4319,2,5,0,0.6540994644165039
4320,1,6,0,0.44708749651908875
4321,5,3,0,0.7148643732070923
4322,4,4,1,0.45595476031303406
4323,5,6,0,0.8097109794616699
4324,9,7,0,0.6476849317550659
4325,6,3,0,0.3892388343811035
4326,7,3,0,0.731074869632721
4327,1,0,0,0.44361069798469543
4328,0,2,0,0.6498693227767944
4329,6,5,0,0.6582223176956177
4330,9,8,0,0.42333492636680603
4331,2,3,0,0.6327893733978271
4332,7,3,0,0.7804312705993652
4333,7,3,0,0.5604122877120972
4334,3,6,0,0.5291135311126709
4335,9,9,1,0.4423486590385437
4336,9,6,0,0.6744703650474548
4337,1,9,0,0.7728156447410583
4338,9,9,1,0.7050710320472717
4339,7,3,0,0.5415274500846863
4340,0,2,0,0.4924429655075073
4341,1,1,1,0.9948956370353699
4342,3,6,0,0.37117335200309753
4343,5,3,0,0.5684864521026611
4344,4,6,0,0.5669731497764587
4345,6,7,0,0.739144504070282
4346,3,5,0,0.5123276114463806
4347,8,9,0,0.8489940762519836
4348,8,3,0,0.5065063238143921
4349,0,9,0,0.3588074743747711
4350,4,2,0,0.47774049639701843
4351,8,3,0,0.7826802730560303
4352,3,3,1,0.4153730273246765
4353,6,6,1,0.7141252756118774
4354,7,1,0,0.7539269924163818
4355,0,6,0,0.7147578001022339
4356,0,0,1,0.9613223671913147
4357,4,6,0,0.8870647549629211
4358,5,3,0,0.5163031816482544
4359,2,5,0,0.46324610710144043
4360,6,6,1,0.9595533013343811
4361,8,9,0,0.574646532535553
4362,4,1,0,0.5711610913276672
4363,9,0,0,0.5396901965141296
4364,9,6,0,0.9610489010810852
4365,9,9,1,0.8941172957420349
4366,2,6,0,0.5873030424118042
4367,0,1,0,0.5755530595779419
4368,4,3,0,0.4713882803916931
4369,2,3,0,0.5054807662963867
4370,8,3,0,0.5637092590332031
4371,1,3,0,0.581396758556366
4372,1,9,0,0.6135724782943726
4373,0,2,0,0.7245244979858398
4374,0,3,0,0.4400237500667572
4375,3,3,1,0.8880077004432678
4376,7,7,1,0.6137065887451172
4377,4,2,0,0.520184338092804
4378,1,6,0,0.6991947889328003
4379,1,9,0,0.445170134305954
4380,9,6,0,0.6113328337669373
4381,7,3,0,0.7781251072883606
4382,7,1,0,0.4553501307964325
4383,4,3,0,0.5050961971282959
4384,6,2,0,0.3650147616863251
4385,8,7,0,0.3243512809276581
4386,6,5,0,0.6952388882637024
4387,0,1,0,0.3485313951969147
4388,2,3,0,0.5333730578422546
4389,8,0,0,0.48811525106430054
4390,5,5,1,0.8216058015823364
4391,3,4,0,0.39875897765159607
4392,5,2,0,0.4401211440563202
4393,3,3,1,0.6818641424179077
4394,5,3,0,0.4934765100479126
4395,7,1,0,0.745098888874054
4396,9,9,1,0.27207744121551514
4397,8,3,0,0.5900557041168213
4398,4,6,0,0.6077284216880798
4399,4,1,0,0.7394112944602966
4400,3,2,0,0.6092811226844788
4401,1,5,0,0.4240371882915497
4402,4,3,0,0.4659089148044586
4403,8,8,1,0.3311023414134979
4404,3,4,0,0.5434673428535461
4405,6,6,1,0.9349603652954102
4406,5,5,1,0.4073166251182556
4407,3,5,0,0.5911716222763062
4408,0,6,0,0.650797426700592
4409,8,5,0,0.9481583833694458
4410,9,4,0,0.32039156556129456
4411,5,6,0,0.6933292150497437
4412,7,3,0,0.45059338212013245
4413,6,3,0,0.5867075324058533
4414,2,2,1,0.2868439257144928
4415,0,2,0,0.40392816066741943
4416,4,6,0,0.796491801738739
4417,9,9,1,0.8841099143028259
4418,9,6,0,0.4934738576412201
4419,0,5,0,0.6884103417396545
4420,5,1,0,0.48562073707580566
4421,2,5,0,0.4078409969806671
4422,3,3,1,0.7093244791030884
4423,6,4,0,0.765941858291626
4424,1,0,0,0.6705939769744873
4425,1,3,0,0.5233601927757263
4426,0,0,1,0.7451878786087036
4427,2,4,0,0.8926609754562378
4428,8,1,0,0.8115282654762268
4429,2,6,0,0.8156949877738953
4430,1,1,1,0.3361380696296692
4431,1,5,0,0.4832594096660614
4432,7,3,0,0.39342182874679565
4433,5,5,1,0.7889927625656128
4434,2,5,0,0.8042100667953491
4435,3,2,0,0.39545607566833496
4436,4,6,0,0.8539170026779175
4437,1,8,0,0.31725117564201355
4438,2,6,0,0.5423319935798645
4439,9,9,1,0.5831600427627563
4440,2,2,1,0.4676588177680969
4441,1,6,0,0.7007213234901428
4442,3,1,0,0.4372667372226715
4443,4,5,0,0.43254876136779785
4444,8,6,0,0.5332751274108887
4445,9,3,0,0.6398589015007019
4446,0,7,0,0.4391644299030304
4447,0,9,0,0.48499441146850586
4448,4,6,0,0.9082423448562622
4449,9,5,0,0.44065555930137634
4450,0,5,0,0.740105390548706
4451,2,7,0,0.7789145112037659
4452,2,2,1,0.3823721408843994
4453,0,1,0,0.5133248567581177
4454,6,6,1,0.8241065144538879
4455,8,9,0,0.5025854706764221
4456,7,1,0,0.5025643706321716
4457,3,6,0,0.6509657502174377
4458,3,3,1,0.8346176147460938
4459,8,6,0,0.35176709294319153
4460,9,9,1,0.9539899826049805
4461,0,2,0,0.8298248052597046
4462,2,5,0,0.44983601570129395
4463,5,1,0,0.5017899870872498
4464,3,5,0,0.42103734612464905
4465,6,6,1,0.37000662088394165
4466,1,2,0,0.4411546587944031
4467,3,4,0,0.451018750667572
4468,9,9,1,0.7119210958480835
4469,5,7,0,0.5631403923034668
4470,0,1,0,0.568160355091095
4471,5,5,1,0.48377278447151184
4472,4,4,1,0.815446138381958
4473,4,5,0,0.2904573380947113
4474,0,1,0,0.8037409782409668
4475,1,1,1,0.4623660445213318
4476,1,0,0,0.738455593585968
4477,6,3,0,0.7628829479217529
4478,1,7,0,0.5380984544754028
4479,7,4,0,0.6900528073310852
4480,9,5,0,0.5334882140159607
4481,9,1,0,0.5307657718658447
4482,6,6,1,0.4858858287334442
4483,2,3,0,0.37828853726387024
4484,4,5,0,0.5048115849494934
4485,3,3,1,0.6604572534561157
4486,8,6,0,0.5601192116737366
4487,3,3,1,0.6979768872261047
4488,4,4,1,0.5133786201477051
4489,7,3,0,0.5106885433197021
4490,0,1,0,0.8555749654769897
4491,2,3,0,0.602097749710083
4492,8,8,1,0.529983639717102
4493,4,6,0,0.4413937032222748
4494,8,5,0,0.5799412131309509
4495,3,6,0,0.5931190252304077
4496,8,7,0,0.7204709649085999
4497,8,2,0,0.5063160061836243
4498,8,9,0,0.4374045431613922
4499,3,7,0,0.4467531740665436
4500,3,6,0,0.8773607015609741
4501,5,1,0,0.3831731081008911
4502,7,9,0,0.4424540102481842
4503,7,2,0,0.3259267807006836
4504,0,7,0,0.9654678106307983
4505,4,4,1,0.5627275705337524
4506,1,6,0,0.6356371641159058
4507,5,4,0,0.3397076427936554
4508,9,9,1,0.3549291789531708
4509,7,7,1,0.5714115500450134
4510,0,5,0,0.5244777202606201
4511,6,6,1,0.6238130927085876
4512,8,0,0,0.4726868271827698
4513,4,6,0,0.6530649662017822
4514,9,5,0,0.5217111110687256
4515,0,9,0,0.615714430809021
4516,1,1,1,0.7375470995903015
4517,8,3,0,0.8250998258590698
4518,9,9,1,0.9575302004814148
4519,6,3,0,0.45745423436164856
4520,3,6,0,0.7021556496620178
4521,9,5,0,0.74681156873703
4522,2,1,0,0.6126126050949097
4523,4,3,0,0.7619119882583618
4524,4,4,1,0.9118410348892212
4525,0,3,0,0.487566202878952
4526,3,5,0,0.6150206327438354
4527,3,5,0,0.6041742563247681
4528,5,2,0,0.5178166031837463
4529,4,4,1,0.5554561614990234
4530,5,9,0,0.6101687550544739
4531,1,6,0,0.4734773337841034
4532,1,1,1,0.43893101811408997
4533,8,0,0,0.6101013422012329
4534,2,2,1,0.5348090529441833
4535,2,3,0,0.6306647062301636
4536,9,1,0,0.7454153299331665
4537,3,6,0,0.6906091570854187
4538,7,5,0,0.5894870758056641
4539,8,9,0,0.5812146067619324
4540,9,6,0,0.605783998966217
4541,2,6,0,0.9312562346458435
4542,3,6,0,0.4534704089164734
4543,1,0,0,0.4497518241405487
4544,7,5,0,0.5596530437469482
4545,3,6,0,0.4144473671913147
4546,2,3,0,0.524538516998291
4547,3,3,1,0.5403903126716614
4548,0,3,0,0.6678425669670105
4549,1,9,0,0.606483519077301
4550,9,6,0,0.5289998650550842
4551,5,2,0,0.5281237959861755
4552,5,7,0,0.6226531267166138
4553,3,3,1,0.6787643432617188
4554,4,2,0,0.45143765211105347
4555,5,7,0,0.5343572497367859
4556,2,3,0,0.3612469434738159
4557,0,9,0,0.8820542693138123
4558,0,5,0,0.5848129391670227
4559,3,7,0,0.42694616317749023
4560,1,6,0,0.4124782085418701
4561,3,3,1,0.6534433960914612
4562,4,6,0,0.8108355402946472
4563,7,2,0,0.4605008065700531
4564,4,4,1,0.45796212553977966
4565,2,1,0,0.47379687428474426
4566,8,3,0,0.5017973184585571
4567,4,6,0,0.5872867703437805
4568,8,9,0,0.39487820863723755
4569,9,2,0,0.7600135803222656
4570,9,4,0,0.5009276866912842
4571,4,4,1,0.5420606136322021
4572,2,9,0,0.3882651627063751
4573,4,8,0,0.45002827048301697
4574,3,3,1,0.5483869910240173
4575,6,6,1,0.8610550761222839
4576,4,4,1,0.7459245324134827
4577,6,3,0,0.7581779956817627
4578,4,5,0,0.6647598147392273
4579,6,6,1,0.955675482749939
4580,6,2,0,0.5519722104072571
4581,3,2,0,0.4966048002243042
4582,8,1,0,0.8712794184684753
4583,7,6,0,0.451919287443161
4584,4,1,0,0.9072709083557129
4585,8,1,0,0.45754942297935486
4586,0,6,0,0.4511365294456482
4587,5,5,1,0.8300563097000122
4588,9,1,0,0.4553764760494232
4589,3,4,0,0.788078248500824
4590,9,2,0,0.6345277428627014
4591,0,9,0,0.8975409269332886
4592,7,3,0,0.475959837436676
4593,5,6,0,0.6807501316070557
4594,1,3,0,0.62734055519104
4595,9,3,0,0.5202668309211731
4596,7,3,0,0.3659544289112091
4597,9,1,0,0.8199558854103088
4598,1,2,0,0.523469090461731
4599,8,6,0,0.5812528729438782
4600,4,9,0,0.30067846179008484
4601,2,1,0,0.7120999097824097
4602,1,1,1,0.824613630771637
4603,6,6,1,0.7458978295326233
4604,4,4,1,0.788133442401886
4605,3,9,0,0.7701939940452576
4606,0,5,0,0.6460986137390137
4607,1,6,0,0.6376475691795349
4608,4,6,0,0.7917025089263916
4609,8,9,0,0.6636864542961121
4610,6,9,0,0.3740934133529663
4611,1,6,0,0.773937463760376
4612,7,6,0,0.6727754473686218
4613,1,1,1,0.4701972007751465
4614,3,5,0,0.36226803064346313
4615,5,7,0,0.5498514771461487
4616,4,3,0,0.48089486360549927
4617,3,3,1,0.59698486328125
4618,3,3,1,0.8339230418205261
4619,9,9,1,0.5362584590911865
4620,7,3,0,0.6621185541152954
4621,8,8,1,0.4283464550971985
4622,2,8,0,0.4444432854652405
4623,5,5,1,0.6090384125709534
4624,5,3,0,0.4937840402126312
4625,4,2,0,0.4487256705760956
4626,5,3,0,0.452968955039978
4627,4,4,1,0.34144067764282227
4628,5,5,1,0.5850905179977417
4629,7,3,0,0.5903295874595642
4630,2,5,0,0.5833982229232788
4631,5,5,1,0.9183581471443176
4632,5,7,0,0.7268113493919373
4633,1,1,1,0.3946377635002136
4634,7,9,0,0.2679157257080078
4635,7,9,0,0.3894757628440857
4636,8,8,1,0.4745214581489563
4637,3,3,1,0.6439853310585022
4638,6,6,1,0.5839428305625916
4639,0,1,0,0.7305023074150085
4640,2,2,1,0.6708511710166931
4641,5,6,0,0.9701669216156006
4642,2,1,0,0.850649893283844
4643,3,4,0,0.42095884680747986
4644,7,5,0,0.343234658241272
4645,4,6,0,0.9736130833625793
4646,2,5,0,0.6796078681945801
4647,1,5,0,0.6889209747314453
4648,6,6,1,0.9442969560623169
4649,8,9,0,0.5078718662261963
4650,6,6,1,0.45344915986061096
4651,8,9,0,0.7286315560340881
4652,3,6,0,0.3941585421562195
4653,2,3,0,0.4903521239757538
4654,7,5,0,0.3163355886936188
4655,7,5,0,0.549448549747467
4656,9,6,0,0.7146003842353821
4657,7,9,0,0.4223267734050751
4658,1,9,0,0.5162732601165771
4659,4,3,0,0.5689244270324707
4660,7,5,0,0.5634253025054932
4661,4,6,0,0.5782039165496826
4662,6,6,1,0.9145652055740356
4663,1,1,1,0.7679413557052612
4664,7,9,0,0.8123612403869629
4665,3,3,1,0.6709538102149963
4666,0,7,0,0.31482821702957153
4667,0,9,0,0.34714019298553467
4668,6,3,0,0.3122279644012451
4669,6,7,0,0.39801955223083496
4670,8,9,0,0.6510751247406006
4671,6,3,0,0.5439608693122864
4672,6,6,1,0.9477033615112305
4673,0,5,0,0.49379420280456543
4674,3,6,0,0.4995693862438202
4675,4,7,0,0.745768666267395
4676,7,3,0,0.6779988408088684
4677,4,3,0,0.7669408917427063
4678,9,9,1,0.27891337871551514
4679,4,4,1,0.38355883955955505
4680,9,1,0,0.8045526146888733
4681,9,6,0,0.6257105469703674
4682,3,8,0,0.674599289894104
4683,4,6,0,0.4843762218952179
4684,1,1,1,0.6898347735404968
4685,4,9,0,0.7683635950088501
4686,0,3,0,0.5768857002258301
4687,3,2,0,0.4119458496570587
4688,7,4,0,0.33670803904533386
4689,1,1,1,0.7839743494987488
4690,2,6,0,0.665470540523529
4691,2,3,0,0.49137505888938904
4692,8,5,0,0.8411332368850708
4693,4,6,0,0.6030349731445312
4694,7,7,1,0.5638666749000549
4695,8,9,0,0.4053221046924591
4696,5,3,0,0.4300656020641327
4697,5,5,1,0.8899446129798889
4698,6,3,0,0.43884795904159546
4699,5,3,0,0.7601140141487122
4700,6,9,0,0.621976912021637
4701,0,3,0,0.38206472992897034
4702,6,6,1,0.8583875894546509
4703,4,6,0,0.43341758847236633
4704,9,6,0,0.7121559977531433
4705,3,8,0,0.7169574499130249
4706,2,9,0,0.3904300332069397
4707,7,5,0,0.5567460656166077
4708,3,6,0,0.5570099353790283
4709,8,5,0,0.23893918097019196
4710,3,6,0,0.7155163884162903
4711,9,1,0,0.39610594511032104
4712,4,3,0,0.7608467936515808
4713,1,1,1,0.6115233302116394
4714,6,6,1,0.3124401271343231
4715,9,1,0,0.7466858625411987
4716,9,6,0,0.4518965780735016
4717,4,3,0,0.5519678592681885
4718,3,9,0,0.415166974067688
4719,9,2,0,0.4215787947177887
4720,8,3,0,0.5880975127220154
4721,1,1,1,0.5184952616691589
4722,6,3,0,0.39631858468055725
4723,9,9,1,0.724456787109375
4724,5,0,0,0.34905582666397095
4725,9,3,0,0.7120890021324158
4726,0,2,0,0.5366751551628113
4727,9,7,0,0.3759015202522278
4728,7,3,0,0.6108222603797913
4729,2,3,0,0.4610271751880646
4730,2,6,0,0.9014678001403809
4731,4,3,0,0.37112560868263245
4732,2,3,0,0.5341471433639526
4733,6,3,0,0.48334750533103943
4734,4,6,0,0.42052900791168213
4735,8,3,0,0.36379021406173706
4736,1,5,0,0.7014217376708984
4737,9,0,0,0.5923216342926025
4738,5,6,0,0.5984293818473816
4739,6,3,0,0.48468196392059326
4740,5,3,0,0.5722784399986267
4741,1,1,1,0.5728853940963745
4742,8,8,1,0.5219001173973083
4743,6,4,0,0.3883362412452698
4744,6,5,0,0.3937995135784149
4745,7,1,0,0.6090396046638489
4746,6,6,1,0.7119795083999634
4747,5,7,0,0.5968030691146851
4748,0,5,0,0.6275935173034668
4749,2,3,0,0.6190369725227356
4750,7,5,0,0.5140178203582764
4751,6,3,0,0.6554872989654541
4752,1,5,0,0.5415018200874329
4753,2,3,0,0.4912080466747284
4754,3,3,1,0.5049391388893127
4755,1,1,1,0.4828225374221802
4756,6,6,1,0.5340948700904846
4757,4,1,0,0.48206058144569397
4758,9,4,0,0.47665470838546753
4759,0,9,0,0.37635162472724915
4760,3,6,0,0.6073294281959534
4761,9,9,1,0.7542994618415833
4762,1,5,0,0.44763413071632385
4763,0,1,0,0.5255106687545776
4764,5,4,0,0.40422323346138
4765,3,5,0,0.41636595129966736
4766,1,5,0,0.5395916700363159
4767,6,5,0,0.44536063075065613
4768,9,9,1,0.8540940880775452
4769,8,8,1,0.6864801049232483
4770,9,8,0,0.3216812312602997
4771,0,2,0,0.4822063446044922
4772,6,9,0,0.3903556168079376
4773,1,5,0,0.591708242893219
4774,6,9,0,0.5762432217597961
4775,2,4,0,0.7295692563056946
4776,3,9,0,0.6512082815170288
4777,5,1,0,0.5405802726745605
4778,6,4,0,0.5153322815895081
4779,9,9,1,0.591335117816925
4780,0,8,0,0.8829355835914612
4781,7,7,1,0.941618800163269
4782,2,1,0,0.33506181836128235
4783,4,5,0,0.7037919163703918
4784,0,3,0,0.6522615551948547
4785,3,5,0,0.6717883944511414
4786,6,3,0,0.4336210787296295
4787,8,3,0,0.40830665826797485
4788,6,5,0,0.6855304837226868
4789,9,2,0,0.3542025089263916
4790,1,9,0,0.7238406538963318
4791,9,4,0,0.7208428978919983
4792,0,3,0,0.5766738057136536
4793,6,1,0,0.4722983241081238
4794,4,4,1,0.40822628140449524
4795,5,5,1,0.37708860635757446
4796,9,3,0,0.501020610332489
4797,5,5,1,0.745907723903656
4798,4,3,0,0.7818549871444702
4799,1,1,1,0.6409583687782288
4800,9,1,0,0.4359078109264374
4801,2,3,0,0.44875672459602356
4802,0,9,0,0.7526766657829285
4803,7,6,0,0.7200345993041992
4804,3,3,1,0.6030731797218323
4805,5,5,1,0.49146324396133423
4806,1,2,0,0.429855078458786
4807,8,0,0,0.7460237741470337
4808,3,5,0,0.7186456322669983
4809,0,9,0,0.5391120314598083
4810,5,9,0,0.6571577191352844
4811,2,8,0,0.4822416603565216
4812,8,5,0,0.6356499195098877
4813,8,5,0,0.37571728229522705
4814,3,3,1,0.5913438200950623
4815,9,6,0,0.9631696939468384
4816,6,4,0,0.39794430136680603
4817,0,0,1,0.6308764815330505
4818,3,4,0,0.4033937454223633
4819,5,5,1,0.9466016292572021
4820,3,5,0,0.5031431913375854
4821,4,2,0,0.45767587423324585
4822,1,3,0,0.6225408911705017
4823,5,1,0,0.3643021285533905
4824,0,5,0,0.530863344669342
4825,7,3,0,0.2925037741661072
4826,3,3,1,0.5985864996910095
4827,9,7,0,0.4724268913269043
4828,4,2,0,0.5081485509872437
4829,5,6,0,0.8438569903373718
4830,3,5,0,0.7130848169326782
4831,1,9,0,0.7311315536499023
4832,4,5,0,0.33274808526039124
4833,2,3,0,0.7497687935829163
4834,4,5,0,0.8477455973625183
4835,9,6,0,0.9451239109039307
4836,9,2,0,0.41922298073768616
4837,7,1,0,0.6206799745559692
4838,1,1,1,0.7997102737426758
4839,7,7,1,0.8432857990264893
4840,0,3,0,0.6308433413505554
4841,1,1,1,0.7246756553649902
4842,2,3,0,0.5938710570335388
4843,1,5,0,0.4551883935928345
4844,5,3,0,0.6310928463935852
4845,3,7,0,0.4493667781352997
4846,8,9,0,0.3601060211658478
4847,4,5,0,0.49770164489746094
4848,1,1,1,0.5457847118377686
4849,5,3,0,0.7177732586860657
4850,1,1,1,0.6124023199081421
4851,9,9,1,0.756037712097168
4852,9,2,0,0.9393849968910217
4853,7,2,0,0.5956973433494568
4854,0,9,0,0.4046936631202698
4855,1,3,0,0.5074871778488159
4856,7,7,1,0.5298285484313965
4857,6,1,0,0.6738805770874023
4858,2,2,1,0.7007370591163635
4859,6,6,1,0.4038083553314209
4860,5,7,0,0.8286381363868713
4861,0,6,0,0.3596755862236023
4862,3,6,0,0.4881913661956787
4863,1,1,1,0.547618567943573
4864,3,3,1,0.6862978935241699
4865,8,6,0,0.8218106627464294
4866,9,5,0,0.562890887260437
4867,9,6,0,0.4800853431224823
4868,0,5,0,0.6782922148704529
4869,8,3,0,0.4472910463809967
4870,8,6,0,0.5661526322364807
4871,7,2,0,0.5453701615333557
4872,9,5,0,0.6578473448753357
4873,2,3,0,0.6626363396644592
4874,9,5,0,0.5346734523773193
4875,1,9,0,0.7152031064033508
4876,3,5,0,0.8532074093818665
4877,6,1,0,0.7382194399833679
4878,7,6,0,0.8294468522071838
4879,6,3,0,0.49534136056900024
4880,0,6,0,0.6350113153457642
4881,8,9,0,0.954765796661377
4882,6,3,0,0.3805471956729889
4883,2,2,1,0.5038158893585205
4884,4,3,0,0.6109424233436584
4885,2,9,0,0.513462483882904
4886,3,3,1,0.3761446177959442
4887,5,6,0,0.45155009627342224
4888,5,3,0,0.706451416015625
4889,4,5,0,0.5830779671669006
4890,1,1,1,0.7421940565109253
4891,6,6,1,0.6260208487510681
4892,7,4,0,0.36260876059532166
4893,1,0,0,0.32309040427207947
4894,6,9,0,0.5179924964904785
4895,1,5,0,0.46717700362205505
4896,7,0,0,0.5611657500267029
4897,1,0,0,0.38860660791397095
4898,6,6,1,0.6284042596817017
4899,2,5,0,0.46918532252311707
4900,3,3,1,0.6246404051780701
4901,0,0,1,0.4148944020271301
4902,4,6,0,0.4361600875854492
4903,2,6,0,0.64628666639328
4904,9,6,0,0.6516002416610718
4905,7,6,0,0.5751213431358337
4906,5,3,0,0.7016395926475525
4907,5,5,1,0.6317685842514038
4908,6,5,0,0.3832077085971832
4909,0,3,0,0.4573468565940857
4910,8,5,0,0.5337705016136169
4911,8,2,0,0.4700991213321686
4912,1,5,0,0.6200149655342102
4913,1,9,0,0.7023770809173584
4914,3,9,0,0.42529135942459106
4915,5,1,0,0.44646918773651123
4916,6,6,1,0.9749289751052856
4917,5,9,0,0.33992844820022583
4918,3,5,0,0.4129168391227722
4919,8,5,0,0.5718651413917542
4920,7,7,1,0.679527223110199
4921,5,1,0,0.3423527777194977
4922,0,3,0,0.6871142983436584
4923,7,7,1,0.86313796043396
4924,7,9,0,0.4812043309211731
4925,5,5,1,0.9742067456245422
4926,7,2,0,0.371392160654068
4927,1,1,1,0.881213903427124
4928,9,1,0,0.4122715890407562
4929,9,1,0,0.4236207902431488
4930,1,1,1,0.748033344745636
4931,9,9,1,0.5696545839309692
4932,9,9,1,0.44618186354637146
4933,3,3,1,0.4240371286869049
4934,5,5,1,0.8575275540351868
4935,5,5,1,0.9278521537780762
4936,3,1,0,0.47859764099121094
4937,0,0,1,0.5421895384788513
4938,3,5,0,0.4659545421600342
4939,0,0,1,0.4050869643688202
4940,6,6,1,0.9849972128868103
4941,6,6,1,0.973800539970398
4942,5,4,0,0.29654619097709656
4943,6,3,0,0.6193342208862305
4944,8,8,1,0.4149961769580841
4945,9,3,0,0.5237245559692383
4946,4,6,0,0.8706385493278503
4947,5,5,1,0.6917071342468262
4948,1,1,1,0.8902313113212585
4949,1,1,1,0.7113903760910034
4950,2,1,0,0.6591084003448486
4951,7,9,0,0.5034494996070862
4952,9,9,1,0.7488240003585815
4953,0,3,0,0.544244647026062
4954,1,9,0,0.45463380217552185
4955,2,9,0,0.700121283531189
4956,5,5,1,0.806157648563385
4957,4,4,1,0.6082721948623657
4958,4,4,1,0.9546607136726379
4959,7,3,0,0.465558797121048
4960,4,4,1,0.6281329989433289
4961,8,8,1,0.2023298740386963
4962,3,9,0,0.7783226370811462
4963,3,3,1,0.6305055618286133
4964,5,3,0,0.5218162536621094
4965,3,6,0,0.8790236115455627
4966,5,7,0,0.9193463921546936
4967,7,4,0,0.6269665956497192
4968,0,1,0,0.8182756900787354
4969,1,3,0,0.4982702136039734
4970,2,3,0,0.5081897974014282
4971,9,9,1,0.7455107569694519
4972,8,6,0,0.5263116955757141
4973,1,6,0,0.6232811808586121
4974,7,6,0,0.5542492270469666
4975,3,3,1,0.461221307516098
4976,5,2,0,0.592421293258667
4977,9,3,0,0.4403303563594818
4978,1,2,0,0.48906540870666504
4979,9,9,1,0.7861155867576599
4980,1,1,1,0.5600415468215942
4981,1,1,1,0.6762020587921143
4982,3,6,0,0.3735550045967102
4983,6,3,0,0.6292998194694519
4984,7,5,0,0.3995615243911743
4985,4,2,0,0.36668214201927185
4986,8,4,0,0.5804599523544312
4987,3,6,0,0.5570412278175354
4988,5,3,0,0.5492653250694275
4989,6,2,0,0.5083885788917542
4990,7,2,0,0.7945656180381775
4991,0,1,0,0.3638305962085724
4992,1,1,1,0.6600956916809082
4993,7,9,0,0.5112585425376892
4994,7,1,0,0.41902124881744385
4995,2,6,0,0.7346813082695007
4996,3,5,0,0.46595773100852966
4997,3,3,1,0.5209614038467407
4998,5,7,0,0.6823821067810059
4999,1,3,0,0.6589561104774475
5000,7,1,0,0.4848021864891052
5001,6,6,1,0.9541527628898621
5002,8,3,0,0.4374141991138458
5003,4,9,0,0.5157007575035095
5004,4,9,0,0.7563265562057495
5005,5,5,1,0.6063235402107239
5006,7,3,0,0.8233404159545898
5007,3,9,0,0.650275468826294
5008,4,1,0,0.4313516318798065
5009,7,6,0,0.4966186583042145
5010,7,7,1,0.4852604269981384
5011,3,3,1,0.5226836800575256
5012,6,6,1,0.8632373809814453
5013,0,2,0,0.5183032751083374
5014,7,9,0,0.5112940669059753
5015,2,5,0,0.584057092666626
5016,6,2,0,0.2912495732307434
5017,7,3,0,0.29526013135910034
5018,4,6,0,0.7922595143318176
5019,1,6,0,0.7256532907485962
5020,8,6,0,0.6006330847740173
5021,0,9,0,0.5518560409545898
5022,2,0,0,0.5946940779685974
5023,2,9,0,0.5058755874633789
5024,1,3,0,0.6310949325561523
5025,5,3,0,0.6790310144424438
5026,4,4,1,0.47564688324928284
5027,0,3,0,0.5806244015693665
5028,9,3,0,0.6984575986862183
5029,3,6,0,0.35884925723075867
5030,4,0,0,0.4574781358242035
5031,4,3,0,0.5122613906860352
5032,2,1,0,0.4922206401824951
5033,3,4,0,0.3639606833457947
5034,8,2,0,0.5499378442764282
5035,5,7,0,0.5956489443778992
5036,0,1,0,0.6765814423561096
5037,0,9,0,0.4062475562095642
5038,4,1,0,0.6525314450263977
5039,6,6,1,0.5631803870201111
5040,3,4,0,0.39635804295539856
5041,9,3,0,0.5505824685096741
5042,2,5,0,0.5858390927314758
5043,0,9,0,0.5089877247810364
5044,5,5,1,0.7851277589797974
5045,7,6,0,0.45403963327407837
5046,5,3,0,0.7909922003746033
5047,5,8,0,0.5367744565010071
5048,1,3,0,0.658900797367096
5049,7,2,0,0.516834020614624
5050,3,3,1,0.4266816973686218
5051,1,1,1,0.882983922958374
5052,6,3,0,0.4097804129123688
5053,7,9,0,0.3636491298675537
5054,9,9,1,0.7625254988670349
5055,0,6,0,0.6629809737205505
5056,1,1,1,0.7123814821243286
5057,2,3,0,0.3638831377029419
5058,1,6,0,0.5607578754425049
5059,4,1,0,0.5853613615036011
5060,6,6,1,0.5068584084510803
5061,1,3,0,0.6317777037620544
5062,5,2,0,0.35126158595085144
5063,9,9,1,0.7178434133529663
5064,5,5,1,0.6706016659736633
5065,0,8,0,0.7814074754714966
5066,4,3,0,0.5204724073410034
5067,9,1,0,0.34999167919158936
5068,4,7,0,0.7604484558105469
5069,9,3,0,0.4924747049808502
5070,7,5,0,0.588093638420105
5071,1,5,0,0.5033352971076965
5072,6,5,0,0.6294872760772705
5073,8,4,0,0.5285893678665161
5074,0,2,0,0.4469602406024933
5075,6,1,0,0.3901165723800659
5076,5,5,1,0.7937444448471069
5077,0,8,0,0.488132506608963
5078,8,9,0,0.5737101435661316
5079,1,6,0,0.4899922013282776
5080,7,7,1,0.4521820545196533
5081,5,6,0,0.8889121413230896
5082,6,3,0,0.5681656002998352
5083,9,9,1,0.9065483808517456
5084,3,4,0,0.631888210773468
5085,2,5,0,0.5026845932006836
5086,3,2,0,0.7690367102622986
5087,9,9,1,0.5858491063117981
5088,8,3,0,0.43768203258514404
5089,6,6,1,0.8802565932273865
5090,1,1,1,0.6489351391792297
5091,0,0,1,0.5892865657806396
5092,9,3,0,0.8143227100372314
5093,0,0,1,0.4936225116252899
5094,9,1,0,0.6593586802482605
5095,8,3,0,0.5548643469810486
5096,7,7,1,0.6396844983100891
5097,7,5,0,0.5896124243736267
5098,5,8,0,0.43687596917152405
5099,2,6,0,0.4908497631549835
5100,3,6,0,0.48924171924591064
5101,5,6,0,0.6732707023620605
5102,5,4,0,0.4257466495037079
5103,7,7,1,0.6194173693656921
5104,8,9,0,0.530149519443512
5105,7,9,0,0.4709339141845703
5106,6,4,0,0.3195830285549164
5107,9,4,0,0.3451192378997803
5108,1,1,1,0.9724162817001343
5109,9,8,0,0.7664530277252197
5110,8,2,0,0.5470713376998901
5111,6,6,1,0.3725576102733612
5112,5,9,0,0.5365771651268005
5113,6,2,0,0.34450286626815796
5114,7,1,0,0.548535168170929
5115,5,9,0,0.5670124888420105
5116,6,6,1,0.6389105916023254
5117,7,3,0,0.46359387040138245
5118,2,2,1,0.47838324308395386
5119,5,5,1,0.628879964351654
5120,9,9,1,0.5764508247375488
5121,6,6,1,0.671720564365387
5122,6,6,1,0.713071346282959
5123,7,3,0,0.40186676383018494
5124,0,2,0,0.7092207670211792
5125,1,6,0,0.7097987532615662
5126,0,4,0,0.6400347352027893
5127,1,1,1,0.7000822424888611
5128,3,4,0,0.44803452491760254
5129,2,7,0,0.4355142414569855
5130,5,5,1,0.47157755494117737
5131,6,6,1,0.4121016263961792
5132,1,0,0,0.40264323353767395
5133,2,6,0,0.5788187384605408
5134,5,1,0,0.6896193027496338
5135,1,1,1,0.5820827484130859
5136,9,3,0,0.6518380641937256
5137,9,3,0,0.47012659907341003
5138,8,1,0,0.6478434801101685
5139,6,6,1,0.8359059691429138
5140,8,3,0,0.6202696561813354
5141,6,6,1,0.6153796911239624
5142,8,6,0,0.8137447834014893
5143,9,6,0,0.7133182287216187
5144,0,3,0,0.7093003392219543
5145,4,2,0,0.5133516192436218
5146,0,6,0,0.5258235931396484
5147,3,9,0,0.5683619976043701
5148,3,3,1,0.47588738799095154
5149,6,6,1,0.9720726609230042
5150,4,3,0,0.5457317233085632
5151,9,6,0,0.7198103666305542
5152,9,9,1,0.6717494130134583
5153,7,6,0,0.7932305335998535
5154,2,5,0,0.8105304837226868
5155,3,5,0,0.8218564987182617
5156,5,8,0,0.4563203752040863
5157,6,6,1,0.9320420026779175
5158,4,6,0,0.8099083304405212
5159,6,6,1,0.5781589150428772
5160,0,5,0,0.3817557096481323
5161,3,3,1,0.5776726603507996
5162,7,3,0,0.5906834006309509
5163,5,7,0,0.263670951128006
5164,0,8,0,0.4766294062137604
5165,2,9,0,0.5738994479179382
5166,9,9,1,0.8956153392791748
5167,2,5,0,0.4687843918800354
5168,7,7,1,0.52781081199646
5169,2,9,0,0.7764694690704346
5170,9,5,0,0.5797858834266663
5171,2,6,0,0.40442028641700745
5172,4,6,0,0.42882826924324036
5173,0,1,0,0.5475890040397644
5174,6,6,1,0.8539789319038391
5175,6,6,1,0.9505872130393982
5176,3,6,0,0.4081268310546875
5177,4,6,0,0.5267075896263123
5178,5,3,0,0.4857789874076843
5179,5,1,0,0.5336294174194336
5180,9,2,0,0.30567246675491333
5181,1,9,0,0.6337773203849792
5182,1,9,0,0.6614617109298706
5183,4,0,0,0.3793365955352783
5184,4,9,0,0.47589242458343506
5185,3,3,1,0.2961949408054352
5186,5,3,0,0.5615556836128235
5187,4,6,0,0.6717872023582458
5188,8,6,0,0.5065168738365173
5189,0,1,0,0.6885676383972168
5190,0,5,0,0.7950267195701599
5191,3,0,0,0.3116523325443268
5192,9,3,0,0.38605278730392456
5193,4,6,0,0.6212489604949951
5194,7,3,0,0.558750331401825
5195,4,1,0,0.45296868681907654
5196,2,2,1,0.3745625913143158
5197,8,5,0,0.41019612550735474
5198,3,9,0,0.7710857391357422
5199,6,3,0,0.6939693093299866
5200,3,3,1,0.7233273386955261
5201,1,1,1,0.8978191614151001
5202,9,6,0,0.46269524097442627
5203,6,7,0,0.41587546467781067
5204,3,9,0,0.438211053609848
5205,8,2,0,0.4006294906139374
5206,3,6,0,0.3747737407684326
5207,8,2,0,0.5800942182540894
5208,4,6,0,0.5072764158248901
5209,7,2,0,0.45356443524360657
5210,5,2,0,0.43174242973327637
5211,7,5,0,0.7807047963142395
5212,5,2,0,0.676296055316925
5213,3,6,0,0.547297477722168
5214,1,9,0,0.37294554710388184
5215,2,1,0,0.40071311593055725
5216,6,6,1,0.9357624053955078
5217,1,5,0,0.45913970470428467
5218,3,3,1,0.8633107542991638
5219,2,2,1,0.7167702913284302
5220,0,9,0,0.6220627427101135
5221,7,6,0,0.5363918542861938
5222,5,3,0,0.786482572555542
5223,0,8,0,0.3238205909729004
5224,0,0,1,0.4289860725402832
5225,0,0,1,0.43061259388923645
5226,1,1,1,0.5646250247955322
5227,4,3,0,0.4849340319633484
5228,3,2,0,0.469747394323349
5229,5,6,0,0.8527967929840088
5230,8,1,0,0.5949921011924744
5231,4,1,0,0.7256836295127869
5232,3,3,1,0.38210615515708923
5233,1,9,0,0.6691295504570007
5234,7,0,0,0.507127583026886
5235,1,6,0,0.9258429408073425
5236,0,4,0,0.4944339394569397
5237,4,6,0,0.94035804271698
5238,2,4,0,0.49530714750289917
5239,4,4,1,0.7595769762992859
5240,1,0,0,0.42642858624458313
5241,4,6,0,0.9544588327407837
5242,0,9,0,0.5223835110664368
5243,1,9,0,0.7061328291893005
5244,2,2,1,0.44903117418289185
5245,1,1,1,0.8367471694946289
5246,7,7,1,0.7768058180809021
5247,7,3,0,0.4092542231082916
5248,9,9,1,0.5626339912414551
5249,8,1,0,0.4574117660522461
5250,7,7,1,0.5526654124259949
5251,5,3,0,0.5606200098991394
5252,4,3,0,0.40320080518722534
5253,0,3,0,0.5335989594459534
5254,9,9,1,0.4628484845161438
5255,0,1,0,0.5643172860145569
5256,0,2,0,0.3787999451160431
5257,8,3,0,0.42619797587394714
5258,2,6,0,0.4462459087371826
5259,0,1,0,0.4003289043903351
5260,0,1,0,0.4430043697357178
5261,2,9,0,0.3837568163871765
5262,4,5,0,0.6093215942382812
5263,8,1,0,0.3513350784778595
5264,6,0,0,0.4151751697063446
5265,2,8,0,0.5708974003791809
5266,4,3,0,0.5121980905532837
5267,6,2,0,0.43069377541542053
5268,3,3,1,0.4197140634059906
5269,5,6,0,0.6623839735984802
5270,1,0,0,0.3513239622116089
5271,5,3,0,0.5625720620155334
5272,3,8,0,0.5646549463272095
5273,7,7,1,0.7130733728408813
5274,2,3,0,0.5571527481079102
5275,2,3,0,0.3895089328289032
5276,9,9,1,0.6583665013313293
5277,8,9,0,0.7452512979507446
5278,0,2,0,0.437991738319397
5279,0,1,0,0.40558528900146484
5280,0,3,0,0.7040762901306152
5281,3,6,0,0.7592068314552307
5282,4,2,0,0.461254745721817
5283,4,3,0,0.37281402945518494
5284,6,2,0,0.40202200412750244
5285,1,5,0,0.41069644689559937
5286,6,9,0,0.7905163168907166
5287,7,3,0,0.45075953006744385
5288,4,6,0,0.5500397682189941
5289,4,1,0,0.7040834426879883
5290,3,2,0,0.35520532727241516
5291,9,9,1,0.6394095420837402
5292,4,1,0,0.40599527955055237
5293,0,5,0,0.8119087815284729
5294,8,8,1,0.6840949058532715
5295,0,5,0,0.4754232168197632
5296,4,6,0,0.8265246152877808
5297,6,3,0,0.7493426203727722
5298,5,5,1,0.6087719798088074
5299,7,5,0,0.6334195733070374
5300,9,9,1,0.44568851590156555
5301,7,5,0,0.4404910206794739
5302,0,5,0,0.6876124739646912
5303,5,3,0,0.6727337837219238
5304,7,4,0,0.6934716105461121
5305,7,7,1,0.48353341221809387
5306,3,5,0,0.7539957165718079
5307,1,9,0,0.4810151755809784
5308,9,2,0,0.6344600915908813
5309,3,3,1,0.304794579744339
5310,0,7,0,0.38231518864631653
5311,9,3,0,0.47431305050849915
5312,5,8,0,0.6004766821861267
5313,3,1,0,0.5433714985847473
5314,7,4,0,0.5121878385543823
5315,9,1,0,0.38683974742889404
5316,4,3,0,0.7898260354995728
5317,4,4,1,0.8874390721321106
5318,1,4,0,0.4919452965259552
5319,7,3,0,0.6899134516716003
5320,7,3,0,0.6497750282287598
5321,1,1,1,0.541368842124939
5322,4,1,0,0.7400782108306885
5323,1,1,1,0.9371981024742126
5324,2,0,0,0.34749695658683777
5325,8,6,0,0.7116970419883728
5326,7,5,0,0.6139035820960999
5327,0,3,0,0.6579189896583557
5328,0,3,0,0.5848695039749146
5329,4,8,0,0.4339335858821869
5330,7,6,0,0.6486635208129883
5331,2,4,0,0.5838419795036316
5332,9,5,0,0.5928268432617188
5333,7,1,0,0.6159607172012329
5334,6,1,0,0.6692542433738708
5335,9,9,1,0.6551570892333984
5336,3,3,1,0.6033068895339966
5337,5,3,0,0.8242253661155701
5338,8,5,0,0.5762320160865784
5339,0,5,0,0.5384088754653931
5340,3,5,0,0.819245457649231
5341,6,6,1,0.9647595882415771
5342,8,3,0,0.42859965562820435
5343,3,3,1,0.5584322810173035
5344,2,6,0,0.6619074940681458
5345,4,4,1,0.8872429132461548
5346,7,3,0,0.6472653746604919
5347,1,1,1,0.3888874650001526
5348,1,4,0,0.37802940607070923
5349,3,6,0,0.6471550464630127
5350,9,9,1,0.4466104805469513
5351,7,9,0,0.6826047301292419
5352,5,7,0,0.46246960759162903
5353,1,9,0,0.39476755261421204
5354,0,3,0,0.34644144773483276
5355,8,5,0,0.41534423828125
5356,7,2,0,0.4016554057598114
5357,0,2,0,0.5413463115692139
5358,1,9,0,0.7627651691436768
5359,6,6,1,0.5036051869392395
5360,9,1,0,0.7312743067741394
5361,3,3,1,0.6796059012413025
5362,2,2,1,0.8451342582702637
5363,7,4,0,0.5207167863845825
5364,7,6,0,0.5400352478027344
5365,8,1,0,0.4892244338989258
5366,1,1,1,0.6804253458976746
5367,0,3,0,0.7848584055900574
5368,3,3,1,0.5631280541419983
5369,4,4,1,0.6307870745658875
5370,6,6,1,0.4953644573688507
5371,7,5,0,0.5156567692756653
5372,5,8,0,0.4159848093986511
5373,2,3,0,0.47903305292129517
5374,0,4,0,0.6043667197227478
5375,1,1,1,0.7957372665405273
5376,5,5,1,0.2680591940879822
5377,5,5,1,0.3981151878833771
5378,1,6,0,0.5109772086143494
5379,4,3,0,0.34779074788093567
5380,1,9,0,0.5953509211540222
5381,3,3,1,0.7879459857940674
5382,0,9,0,0.6518995761871338
5383,8,5,0,0.7486886382102966
5384,6,9,0,0.5639833211898804
5385,2,9,0,0.4209671914577484
5386,1,9,0,0.6714462637901306
5387,3,2,0,0.3960939049720764
5388,6,9,0,0.6974049806594849
5389,4,4,1,0.7691384553909302
5390,1,6,0,0.6308367252349854
5391,9,9,1,0.6807133555412292
5392,0,9,0,0.6710160970687866
5393,4,6,0,0.43856102228164673
5394,1,6,0,0.9319734573364258
5395,0,4,0,0.30956628918647766
5396,1,1,1,0.4124070405960083
5397,9,5,0,0.6436856985092163
5398,8,3,0,0.39381563663482666
5399,6,5,0,0.480057954788208
5400,9,5,0,0.5443997383117676
5401,2,0,0,0.6965776085853577
5402,4,6,0,0.5648695826530457
5403,7,3,0,0.3334602415561676
5404,2,9,0,0.440289705991745
5405,2,0,0,0.3796538710594177
5406,7,3,0,0.3741772472858429
5407,4,6,0,0.8228572607040405
5408,9,5,0,0.758698582649231
5409,1,9,0,0.9640552997589111
5410,3,3,1,0.5975964665412903
5411,2,9,0,0.669726550579071
5412,6,3,0,0.35249578952789307
5413,3,6,0,0.43513575196266174
5414,4,6,0,0.5826734900474548
5415,4,7,0,0.5628905892372131
5416,9,3,0,0.7590686082839966
5417,4,9,0,0.8335160613059998
5418,8,1,0,0.5507168769836426
5419,2,9,0,0.4707997441291809
5420,6,6,1,0.7677200436592102
5421,6,6,1,0.634429395198822
5422,1,9,0,0.751505434513092
5423,6,6,1,0.7732532024383545
5424,3,3,1,0.5360376834869385
5425,6,5,0,0.49674543738365173
5426,5,2,0,0.7038590312004089
5427,8,2,0,0.4899490773677826
5428,4,5,0,0.5679711699485779
5429,6,6,1,0.5966551303863525
5430,7,9,0,0.8095023036003113
5431,1,1,1,0.7118037939071655
5432,9,9,1,0.5076581239700317
5433,3,5,0,0.6227103471755981
5434,6,3,0,0.6058979034423828
5435,7,9,0,0.5450159311294556
5436,6,6,1,0.9601781964302063
5437,0,6,0,0.43839067220687866
5438,7,6,0,0.8627795577049255
5439,1,1,1,0.7944991588592529
5440,9,7,0,0.5810105204582214
5441,5,3,0,0.7225193977355957
5442,2,1,0,0.4818916618824005
5443,6,6,1,0.7648591995239258
5444,7,7,1,0.715594470500946
5445,7,3,0,0.5663014650344849
5446,6,7,0,0.6365821957588196
5447,5,1,0,0.6637147665023804
5448,9,9,1,0.7815317511558533
5449,1,1,1,0.24377933144569397
5450,5,3,0,0.7421541810035706
5451,6,6,1,0.4185863733291626
5452,0,0,1,0.5962038636207581
5453,2,5,0,0.3052334785461426
5454,0,8,0,0.4311905801296234
5455,9,3,0,0.5749176740646362
5456,1,9,0,0.6532665491104126
5457,8,9,0,0.3945816457271576
5458,3,4,0,0.4472501873970032
5459,5,5,1,0.5255590677261353
5460,0,3,0,0.3344324231147766
5461,0,5,0,0.6729771494865417
5462,0,0,1,0.44170260429382324
5463,5,3,0,0.45128723978996277
5464,7,6,0,0.4853595495223999
5465,7,3,0,0.5477235317230225
5466,8,3,0,0.4879610538482666
5467,5,9,0,0.5238885283470154
5468,5,5,1,0.5902616381645203
5469,5,6,0,0.984667956829071
5470,1,1,1,0.8136658072471619
5471,6,6,1,0.9460524916648865
5472,1,9,0,0.49517306685447693
5473,5,5,1,0.7898582220077515
5474,1,0,0,0.6335057020187378
5475,0,0,1,0.43341943621635437
5476,6,6,1,0.6721828579902649
5477,2,3,0,0.41839030385017395
5478,3,6,0,0.44035056233406067
5479,2,7,0,0.3745173513889313
5480,1,9,0,0.5124835968017578
5481,7,3,0,0.5267186164855957
5482,5,9,0,0.5083728432655334
5483,1,5,0,0.6671963334083557
5484,9,2,0,0.5846871733665466
5485,8,9,0,0.8842000961303711
5486,3,3,1,0.7215237617492676
5487,6,3,0,0.5113804340362549
5488,9,4,0,0.45078134536743164
5489,7,3,0,0.46832403540611267
5490,3,5,0,0.45395544171333313
5491,0,5,0,0.6588090062141418
5492,2,3,0,0.5929079055786133
5493,3,5,0,0.3965071737766266
5494,9,5,0,0.6399734020233154
5495,4,4,1,0.5838381052017212
5496,4,9,0,0.49408215284347534
5497,3,3,1,0.32594650983810425
5498,9,3,0,0.5804538726806641
5499,6,6,1,0.7076265811920166
5500,8,9,0,0.7034175992012024
5501,6,6,1,0.9408156275749207
5502,6,6,1,0.6344815492630005
5503,8,9,0,0.5885919332504272
5504,5,5,1,0.6962981820106506
5505,4,3,0,0.38876551389694214
5506,3,6,0,0.7016330361366272
5507,6,6,1,0.5696014761924744
5508,7,2,0,0.3951897621154785
5509,7,5,0,0.5064998269081116
5510,4,3,0,0.6085720658302307
5511,3,6,0,0.5070533752441406
5512,9,2,0,0.7323245406150818
5513,6,9,0,0.6306325793266296
5514,2,3,0,0.41737639904022217
5515,4,6,0,0.5564500689506531
5516,0,2,0,0.6737322211265564
5517,1,1,1,0.5838449597358704
5518,3,3,1,0.564562201499939
5519,6,5,0,0.5047926902770996
5520,4,2,0,0.5693160891532898
5521,9,7,0,0.5928308963775635
5522,2,3,0,0.41761794686317444
5523,6,6,1,0.6347581744194031
5524,0,8,0,0.5986831784248352
5525,3,3,1,0.7337198257446289
5526,8,3,0,0.6632567644119263
5527,7,7,1,0.7570436000823975
5528,5,6,0,0.6411410570144653
5529,3,3,1,0.6352357864379883
5530,3,2,0,0.5212836861610413
5531,8,3,0,0.8196600079536438
5532,3,2,0,0.32625100016593933
5533,2,2,1,0.5388181805610657
5534,6,4,0,0.7192796468734741
5535,3,3,1,0.7828482389450073
5536,6,6,1,0.5697178840637207
5537,2,9,0,0.5606550574302673
5538,7,2,0,0.7312465310096741
5539,4,3,0,0.5727832913398743
5540,5,2,0,0.45572641491889954
5541,7,2,0,0.5070767402648926
5542,9,9,1,0.9086781144142151
5543,0,2,0,0.6006792187690735
5544,0,3,0,0.5737781524658203
5545,6,1,0,0.5709028840065002
5546,7,6,0,0.8182896971702576
5547,2,9,0,0.7824185490608215
5548,8,5,0,0.4058836102485657
5549,5,9,0,0.5482075810432434
5550,5,6,0,0.8712454438209534
5551,7,2,0,0.35719892382621765
5552,5,9,0,0.5002416372299194
5553,5,3,0,0.5777625441551208
5554,9,7,0,0.6528699994087219
5555,4,1,0,0.7697124481201172
5556,6,6,1,0.3622562885284424
5557,4,2,0,0.36297014355659485
5558,7,6,0,0.6128058433532715
5559,3,3,1,0.5382511019706726
5560,3,6,0,0.8639665246009827
5561,6,2,0,0.20875875651836395
5562,4,3,0,0.6064682602882385
5563,1,6,0,0.8537818789482117
5564,6,3,0,0.6983748078346252
5565,3,6,0,0.9018709063529968
5566,1,1,1,0.5519318580627441
5567,6,6,1,0.6161670088768005
5568,7,6,0,0.8988514542579651
5569,0,5,0,0.34142640233039856
5570,5,7,0,0.5919177532196045
5571,0,2,0,0.32164010405540466
5572,1,1,1,0.5976951122283936
5573,9,3,0,0.6435370445251465
5574,7,6,0,0.8219504952430725
5575,3,3,1,0.7241670489311218
5576,5,3,0,0.6154094934463501
5577,2,6,0,0.7815176844596863
5578,3,3,1,0.7897664904594421
5579,9,9,1,0.6858125925064087
5580,5,1,0,0.5251436233520508
5581,6,3,0,0.6206299066543579
5582,4,9,0,0.42574092745780945
5583,0,1,0,0.6057945489883423
5584,0,3,0,0.4936566948890686
5585,0,0,1,0.5996567010879517
5586,8,9,0,0.45729339122772217
5587,0,3,0,0.3840017020702362
5588,3,3,1,0.6336727142333984
5589,2,3,0,0.38980087637901306
5590,4,6,0,0.5489221811294556
5591,5,4,0,0.4409026801586151
5592,3,3,1,0.6025635004043579
5593,7,6,0,0.7235138416290283
5594,9,0,0,0.41637733578681946
5595,6,6,1,0.6622850298881531
5596,9,9,1,0.7372251152992249
5597,3,3,1,0.3858705759048462
5598,1,6,0,0.6319735050201416
5599,2,8,0,0.45387205481529236
5600,6,6,1,0.6741924285888672
5601,7,7,1,0.5293614864349365
5602,4,3,0,0.49891534447669983
5603,5,7,0,0.3558283746242523
5604,1,1,1,0.8597683906555176
5605,3,5,0,0.7883349657058716
5606,7,6,0,0.46973034739494324
5607,6,7,0,0.3736668825149536
5608,9,9,1,0.7117379903793335
5609,5,9,0,0.6576001048088074
5610,8,5,0,0.3762040138244629
5611,5,5,1,0.5007834434509277
5612,8,3,0,0.3254346549510956
5613,5,9,0,0.590336799621582
5614,8,9,0,0.757966935634613
5615,5,9,0,0.4858872592449188
5616,6,6,1,0.6483801007270813
5617,5,7,0,0.6009348630905151
5618,0,3,0,0.5648431181907654
5619,8,8,1,0.436991423368454
5620,3,2,0,0.7727848887443542
5621,8,6,0,0.5210921168327332
5622,1,9,0,0.5338361859321594
5623,8,8,1,0.5556673407554626
5624,1,7,0,0.4333726763725281
5625,5,8,0,0.4581623375415802
5626,0,3,0,0.5896727442741394
5627,9,1,0,0.7101067304611206
5628,8,5,0,0.587891161441803
5629,6,4,0,0.574237585067749
5630,3,6,0,0.8858127593994141
5631,6,8,0,0.6236563920974731
5632,3,3,1,0.8077935576438904
5633,4,3,0,0.6288086771965027
5634,4,4,1,0.32142922282218933
5635,7,7,1,0.7355749011039734
5636,4,4,1,0.40902552008628845
5637,7,3,0,0.38792115449905396
5638,4,6,0,0.6453781127929688
5639,3,3,1,0.6223660707473755
5640,2,8,0,0.7572785019874573
5641,4,2,0,0.5368683338165283
5642,5,7,0,0.4190506339073181
5643,5,5,1,0.773291826248169
5644,7,3,0,0.5793447494506836
5645,5,3,0,0.5529565215110779
5646,4,9,0,0.47726091742515564
5647,5,1,0,0.811124861240387
5648,8,6,0,0.40108439326286316
5649,0,3,0,0.46005967259407043
5650,5,6,0,0.7303263545036316
5651,4,2,0,0.7071580290794373
5652,0,5,0,0.7172680497169495
5653,5,5,1,0.5101009011268616
5654,4,6,0,0.6997904777526855
5655,3,2,0,0.5794768333435059
5656,3,6,0,0.8358169794082642
5657,2,6,0,0.5423070192337036
5658,4,5,0,0.3205839693546295
5659,2,9,0,0.2717709541320801
5660,9,1,0,0.6041306257247925
5661,4,5,0,0.7892138361930847
5662,8,3,0,0.6080679893493652
5663,8,8,1,0.4051821231842041
5664,6,9,0,0.4103170335292816
5665,2,8,0,0.7631068825721741
5666,6,4,0,0.6851122975349426
5667,1,9,0,0.9538138508796692
5668,7,6,0,0.883721649646759
5669,0,1,0,0.7827644348144531
5670,4,2,0,0.3940781056880951
5671,3,6,0,0.6689173579216003
5672,8,3,0,0.40330415964126587
5673,5,5,1,0.7625842690467834
5674,9,9,1,0.7883767485618591
5675,7,7,1,0.3933787941932678
5676,6,6,1,0.8676426410675049
5677,7,6,0,0.7074064016342163
5678,1,4,0,0.499795138835907
5679,0,7,0,0.4984338879585266
5680,2,5,0,0.5797697305679321
5681,3,6,0,0.6714395880699158
5682,5,1,0,0.5196947455406189
5683,6,3,0,0.4968857169151306
5684,7,6,0,0.4580130875110626
5685,1,5,0,0.7950498461723328
5686,6,2,0,0.48425328731536865
5687,2,3,0,0.6289818286895752
5688,8,8,1,0.6636825203895569
5689,3,6,0,0.8407757878303528
5690,7,4,0,0.5087742209434509
5691,2,3,0,0.4586821496486664
5692,5,5,1,0.592619001865387
5693,7,2,0,0.45949995517730713
5694,5,8,0,0.5514153242111206
5695,7,6,0,0.9178451895713806
5696,7,5,0,0.5303694009780884
5697,1,1,1,0.6416019797325134
5698,7,9,0,0.599321722984314
5699,4,6,0,0.5436848998069763
5700,3,3,1,0.5052324533462524
5701,3,3,1,0.6459621787071228
5702,4,3,0,0.5298652052879333
5703,0,0,1,0.6677922010421753
5704,4,6,0,0.6400309801101685
5705,2,8,0,0.3611805737018585
5706,7,6,0,0.6551201939582825
5707,0,8,0,0.3676811158657074
5708,2,6,0,0.7242823839187622
5709,2,0,0,0.5070033073425293
5710,6,2,0,0.6089407801628113
5711,6,9,0,0.5434316396713257
5712,2,9,0,0.5423004031181335
5713,5,2,0,0.39241549372673035
5714,2,3,0,0.6156635880470276
5715,6,6,1,0.820882260799408
5716,0,0,1,0.723525881767273
5717,6,8,0,0.5651654005050659
5718,1,1,1,0.6939080357551575
5719,2,5,0,0.7021616697311401
5720,9,5,0,0.4211496412754059
5721,0,3,0,0.23465225100517273
5722,0,6,0,0.8008735775947571
5723,1,9,0,0.6334712505340576
5724,5,5,1,0.7211979627609253
5725,5,5,1,0.4667316675186157
5726,1,5,0,0.47855088114738464
5727,6,6,1,0.49115267395973206
5728,7,3,0,0.5345453023910522
5729,8,0,0,0.33157068490982056
5730,5,6,0,0.7389078736305237
5731,6,7,0,0.6150534749031067
5732,3,1,0,0.6474677920341492
5733,3,3,1,0.4590579867362976
5734,6,6,1,0.7653735876083374
5735,0,0,1,0.5723470449447632
5736,9,6,0,0.7530831098556519
5737,9,7,0,0.4354739487171173
5738,2,2,1,0.605694591999054
5739,2,6,0,0.5954263210296631
5740,6,2,0,0.47248464822769165
5741,1,5,0,0.3811522424221039
5742,4,3,0,0.4152527153491974
5743,6,6,1,0.9016091823577881
5744,2,2,1,0.3833962380886078
5745,5,1,0,0.45997047424316406
5746,7,2,0,0.803138256072998
5747,8,3,0,0.5988687872886658
5748,8,9,0,0.736208975315094
5749,5,3,0,0.5374032855033875
5750,6,6,1,0.4102795720100403
5751,4,3,0,0.47324681282043457
5752,3,3,1,0.5618988871574402
5753,2,3,0,0.5465913414955139
5754,3,1,0,0.7115824222564697
5755,4,4,1,0.6924681663513184
5756,4,2,0,0.3547368347644806
5757,4,4,1,0.7402443885803223
5758,8,6,0,0.39317381381988525
5759,9,1,0,0.5373574495315552
5760,2,8,0,0.5184255242347717
5761,6,6,1,0.8989028930664062
5762,0,2,0,0.6664510369300842
5763,9,9,1,0.39616459608078003
5764,7,6,0,0.4162241518497467
5765,9,9,1,0.7554354071617126
5766,8,0,0,0.6033470034599304
5767,7,3,0,0.612002432346344
5768,7,1,0,0.5349761247634888
5769,3,3,1,0.4599406123161316
5770,8,6,0,0.5053680539131165
5771,2,6,0,0.6105816960334778
5772,9,0,0,0.3844948709011078
5773,3,3,1,0.373150497674942
5774,5,9,0,0.6312530636787415
5775,7,4,0,0.583981454372406
5776,5,5,1,0.6819417476654053
5777,8,2,0,0.7552794218063354
5778,7,2,0,0.5027213096618652
5779,3,6,0,0.490784615278244
5780,7,6,0,0.6358159780502319
5781,0,2,0,0.3787015378475189
5782,7,3,0,0.6228740811347961
5783,1,5,0,0.6433208584785461
5784,6,1,0,0.32617050409317017
5785,2,3,0,0.534778356552124
5786,4,4,1,0.4360412657260895
5787,0,9,0,0.49911820888519287
5788,0,9,0,0.31054913997650146
5789,2,7,0,0.5308949947357178
5790,9,6,0,0.3553771674633026
5791,8,9,0,0.7543309926986694
5792,2,4,0,0.6558277606964111
5793,8,1,0,0.7135520577430725
5794,7,1,0,0.43550488352775574
5795,7,8,0,0.4711233377456665
5796,5,7,0,0.40530750155448914
5797,5,3,0,0.4988327920436859
5798,0,1,0,0.3602847754955292
5799,1,8,0,0.6640274524688721
5800,2,4,0,0.763950765132904
5801,9,9,1,0.8510569334030151
5802,6,6,1,0.5087483525276184
5803,1,9,0,0.33030229806900024
5804,0,1,0,0.4475533366203308
5805,1,2,0,0.5812568068504333
5806,0,0,1,0.7744383215904236
5807,6,6,1,0.7543873190879822
5808,5,3,0,0.7070430517196655
5809,0,0,1,0.466104120016098
5810,5,5,1,0.4638565182685852
5811,7,5,0,0.7537176012992859
5812,4,3,0,0.3919087052345276
5813,4,1,0,0.7769247889518738
5814,8,9,0,0.39088526368141174
5815,3,5,0,0.6198135018348694
5816,5,5,1,0.48022183775901794
5817,3,6,0,0.3747328221797943
5818,7,7,1,0.6570250391960144
5819,2,8,0,0.6131085753440857
5820,5,6,0,0.8547481894493103
5821,8,0,0,0.516355574131012
5822,3,9,0,0.31944355368614197
5823,5,1,0,0.41718652844429016
5824,7,5,0,0.73943030834198
5825,3,5,0,0.5588510632514954
5826,7,1,0,0.7306174635887146
5827,0,6,0,0.4072033762931824
5828,5,0,0,0.4899549186229706
5829,4,7,0,0.5410005450248718
5830,5,6,0,0.8407865762710571
5831,6,1,0,0.4031817317008972
5832,9,2,0,0.37785208225250244
5833,3,3,1,0.5986426472663879
5834,5,6,0,0.485207200050354
5835,3,9,0,0.39675891399383545
5836,8,5,0,0.502642035484314
5837,2,2,1,0.4926665723323822
5838,4,3,0,0.47953492403030396
5839,2,3,0,0.7565762996673584
5840,2,3,0,0.4439181685447693
5841,6,9,0,0.5065186619758606
5842,7,6,0,0.6975194215774536
5843,6,9,0,0.7681480646133423
5844,0,7,0,0.7803683280944824
5845,5,6,0,0.7409600615501404
5846,5,3,0,0.5539694428443909
5847,8,0,0,0.9563736915588379
5848,4,1,0,0.8884281516075134
5849,5,5,1,0.533348023891449
5850,6,9,0,0.7545612454414368
5851,1,2,0,0.6072371006011963
5852,3,3,1,0.660836398601532
5853,5,6,0,0.5425772666931152
5854,4,3,0,0.41385331749916077
5855,7,3,0,0.45520877838134766
5856,3,6,0,0.38930946588516235
5857,0,1,0,0.8579058051109314
5858,7,7,1,0.8732854723930359
5859,2,1,0,0.4137103259563446
5860,0,5,0,0.5963406562805176
5861,1,9,0,0.5063418745994568
5862,2,3,0,0.7307007908821106
5863,4,8,0,0.3086259067058563
5864,9,4,0,0.46294069290161133
5865,6,1,0,0.8416696786880493
5866,4,9,0,0.4286390542984009
5867,5,3,0,0.5752711892127991
5868,9,3,0,0.4319682717323303
5869,7,5,0,0.4881439208984375
5870,7,6,0,0.7542687654495239
5871,6,2,0,0.8096451759338379
5872,7,1,0,0.37014591693878174
5873,4,3,0,0.5101214051246643
5874,3,5,0,0.5103994607925415
5875,1,3,0,0.5158389806747437
5876,6,6,1,0.7658819556236267
5877,9,9,1,0.7843658924102783
5878,4,1,0,0.3072304427623749
5879,8,8,1,0.5695090889930725
5880,0,3,0,0.4702986478805542
5881,3,3,1,0.43521997332572937
5882,1,1,1,0.6586071848869324
5883,6,4,0,0.4068547487258911
5884,4,9,0,0.6751540899276733
5885,4,4,1,0.7918040752410889
5886,2,5,0,0.40773656964302063
5887,1,2,0,0.73825603723526
5888,4,3,0,0.4408041536808014
5889,6,1,0,0.6136090159416199
5890,3,2,0,0.4920024573802948
5891,0,2,0,0.7313035130500793
5892,8,8,1,0.6283316016197205
5893,9,9,1,0.5647884011268616
5894,7,0,0,0.5242298245429993
5895,6,6,1,0.6732912659645081
5896,8,5,0,0.3988956809043884
5897,4,2,0,0.8955567479133606
5898,8,3,0,0.5781648755073547
5899,1,7,0,0.45260462164878845
5900,4,1,0,0.38716405630111694
5901,5,4,0,0.2949654161930084
5902,9,2,0,0.3151029944419861
5903,4,9,0,0.4733085036277771
5904,7,1,0,0.7646244168281555
5905,1,5,0,0.4002085328102112
5906,4,2,0,0.5756057500839233
5907,5,1,0,0.7838525176048279
5908,3,5,0,0.6185389161109924
5909,1,1,1,0.6499858498573303
5910,2,5,0,0.7066425085067749
5911,6,9,0,0.46503758430480957
5912,4,6,0,0.8301520943641663
5913,7,3,0,0.5110387802124023
5914,1,5,0,0.6277850866317749
5915,5,1,0,0.4353400766849518
5916,9,9,1,0.4545633792877197
5917,3,3,1,0.4479518234729767
5918,1,9,0,0.9732688069343567
5919,4,9,0,0.5928178429603577
5920,8,7,0,0.47047489881515503
5921,7,3,0,0.47892874479293823
5922,7,6,0,0.4117393493652344
5923,0,3,0,0.4184022545814514
5924,4,4,1,0.5030548572540283
5925,3,5,0,0.5610927939414978
5926,4,9,0,0.5425736904144287
5927,6,6,1,0.885204553604126
5928,7,3,0,0.5665770769119263
5929,7,1,0,0.3361893594264984
5930,5,9,0,0.4490124583244324
5931,4,9,0,0.6651049852371216
5932,4,6,0,0.5541819930076599
5933,4,1,0,0.9130789637565613
5934,3,0,0,0.6632751226425171
5935,6,6,1,0.9882379770278931
5936,6,8,0,0.25558340549468994
5937,1,1,1,0.6986884474754333
5938,9,9,1,0.8425959944725037
5939,9,1,0,0.5854800343513489
5940,7,6,0,0.4105967581272125
5941,9,9,1,0.7373346090316772
5942,4,2,0,0.41591235995292664
5943,3,5,0,0.524293839931488
5944,2,3,0,0.48215505480766296
5945,9,3,0,0.7554924488067627
5946,8,9,0,0.48453569412231445
5947,5,5,1,0.8923755884170532
5948,0,1,0,0.8445216417312622
5949,6,6,1,0.9898478984832764
5950,9,9,1,0.3795510530471802
5951,0,9,0,0.3760281503200531
5952,9,7,0,0.5073428153991699
5953,7,9,0,0.5314164161682129
5954,8,9,0,0.7366572618484497
5955,5,9,0,0.28965523838996887
5956,4,5,0,0.35580867528915405
5957,4,7,0,0.8141525983810425
5958,9,1,0,0.4914889633655548
5959,4,1,0,0.6007360816001892
5960,2,3,0,0.6153139472007751
5961,6,6,1,0.9649835228919983
5962,6,9,0,0.7295620441436768
5963,9,1,0,0.7326144576072693
5964,9,9,1,0.48027002811431885
5965,7,7,1,0.7434275150299072
5966,9,6,0,0.48861292004585266
5967,9,1,0,0.4486457407474518
5968,0,8,0,0.4595181941986084
5969,5,5,1,0.3480468690395355
5970,1,9,0,0.6481372714042664
5971,1,5,0,0.550769031047821
5972,8,5,0,0.5724300146102905
5973,6,6,1,0.7537561655044556
5974,9,9,1,0.8713189363479614
5975,9,6,0,0.791602373123169
5976,5,1,0,0.34003397822380066
5977,6,6,1,0.8397306203842163
5978,5,6,0,0.5379644632339478
5979,5,9,0,0.3538948595523834
5980,9,9,1,0.5551508665084839
5981,7,6,0,0.5762289762496948
5982,9,9,1,0.7553619146347046
5983,4,3,0,0.528045117855072
5984,5,8,0,0.71961510181427
5985,4,4,1,0.4008517265319824
5986,3,3,1,0.7773769497871399
5987,3,9,0,0.4730350971221924
5988,9,3,0,0.3871445059776306
5989,8,6,0,0.4580909311771393
5990,8,7,0,0.4562351703643799
5991,3,3,1,0.8340361714363098
5992,4,4,1,0.6302736401557922
5993,8,8,1,0.901536762714386
5994,4,6,0,0.450909286737442
5995,0,3,0,0.23394471406936646
5996,4,7,0,0.7224979400634766
5997,0,1,0,0.6290929913520813
5998,7,3,0,0.7007896900177002
5999,2,4,0,0.6845545172691345
6000,8,6,0,0.5786277055740356
6001,0,3,0,0.3529714345932007
6002,2,3,0,0.5255298018455505
6003,0,3,0,0.5542481541633606
6004,7,4,0,0.30757346749305725
6005,4,4,1,0.652012825012207
6006,0,2,0,0.4803442358970642
6007,6,3,0,0.3146558403968811
6008,3,3,1,0.6911584138870239
6009,3,3,1,0.4524833559989929
6010,1,2,0,0.35250237584114075
6011,7,5,0,0.4035038650035858
6012,4,4,1,0.45368847250938416
6013,6,7,0,0.4209190905094147
6014,5,5,1,0.5607282519340515
6015,0,9,0,0.4108140468597412
6016,4,6,0,0.9208526611328125
6017,9,6,0,0.5026477575302124
6018,5,5,1,0.7771543860435486
6019,6,3,0,0.8572321534156799
6020,6,0,0,0.2816060781478882
6021,3,1,0,0.6216627955436707
6022,0,1,0,0.42563900351524353
6023,5,3,0,0.4697738289833069
6024,2,6,0,0.3928382396697998
6025,6,6,1,0.6828003525733948
6026,3,5,0,0.48763665556907654
6027,3,3,1,0.4723380506038666
6028,8,9,0,0.45779910683631897
6029,0,8,0,0.8787214756011963
6030,8,1,0,0.6003836989402771
6031,5,7,0,0.38211145997047424
6032,4,6,0,0.6066576838493347
6033,2,1,0,0.6251512765884399
6034,9,6,0,0.5628744959831238
6035,5,4,0,0.5690624713897705
6036,0,3,0,0.6415627598762512
6037,5,1,0,0.5992946624755859
6038,4,4,1,0.5870932340621948
6039,8,2,0,0.54161137342453
6040,2,1,0,0.5157569050788879
6041,7,1,0,0.7548723220825195
6042,6,9,0,0.6223901510238647
6043,5,3,0,0.3398797810077667
6044,7,2,0,0.49635156989097595
6045,8,6,0,0.4937482178211212
6046,2,6,0,0.5038553476333618
6047,0,9,0,0.4115500748157501
6048,1,5,0,0.4182603359222412
6049,8,9,0,0.5541926026344299
6050,2,4,0,0.43793538212776184
6051,4,6,0,0.4952547252178192
6052,8,5,0,0.6955379247665405
6053,4,6,0,0.7151362895965576
6054,3,3,1,0.4995433986186981
6055,0,1,0,0.7193496823310852
6056,4,3,0,0.4111466407775879
6057,0,0,1,0.6867309808731079
6058,1,5,0,0.4702055752277374
6059,9,5,0,0.469046950340271
6060,3,3,1,0.6877079606056213
6061,0,5,0,0.6649733185768127
6062,3,6,0,0.7062353491783142
6063,6,2,0,0.621288537979126
6064,5,5,1,0.8207187056541443
6065,5,2,0,0.6172369122505188
6066,2,6,0,0.8059810996055603
6067,8,1,0,0.5132972598075867
6068,5,3,0,0.7815365791320801
6069,0,3,0,0.3704206347465515
6070,8,6,0,0.5051131248474121
6071,7,4,0,0.5076171159744263
6072,5,6,0,0.44120049476623535
6073,2,5,0,0.5871261954307556
6074,4,3,0,0.6311160326004028
6075,3,6,0,0.7564513087272644
6076,7,3,0,0.3820600211620331
6077,0,8,0,0.5327673554420471
6078,2,8,0,0.4370235204696655
6079,3,7,0,0.3446720838546753
6080,1,9,0,0.765036404132843
6081,0,6,0,0.6157656908035278
6082,0,3,0,0.39978209137916565
6083,2,2,1,0.5649341344833374
6084,1,1,1,0.5722221732139587
6085,2,3,0,0.6727592349052429
6086,1,9,0,0.33361127972602844
6087,4,7,0,0.596293032169342
6088,6,6,1,0.9253919124603271
6089,7,8,0,0.4993034601211548
6090,1,6,0,0.7620458006858826
6091,0,8,0,0.42663607001304626
6092,5,9,0,0.6701759099960327
6093,2,6,0,0.7369237542152405
6094,5,5,1,0.4464188516139984
6095,9,6,0,0.5500470995903015
6096,2,5,0,0.7328051328659058
6097,5,5,1,0.7110034227371216
6098,6,6,1,0.8035009503364563
6099,7,4,0,0.7712246775627136
6100,1,1,1,0.7929461598396301
6101,9,6,0,0.9171123504638672
6102,3,3,1,0.5959330201148987
6103,6,1,0,0.3524671792984009
6104,1,2,0,0.4246273636817932
6105,0,0,1,0.653418779373169
6106,2,6,0,0.7225016951560974
6107,9,1,0,0.6774260997772217
6108,4,5,0,0.6642718315124512
6109,2,2,1,0.5350202322006226
6110,9,9,1,0.6497214436531067
6111,3,3,1,0.568945586681366
6112,8,1,0,0.4301660358905792
6113,2,7,0,0.7495794892311096
6114,9,3,0,0.4675385355949402
6115,8,5,0,0.5283408164978027
6116,5,3,0,0.42829248309135437
6117,1,1,1,0.39091140031814575
6118,0,0,1,0.5690894722938538
6119,1,5,0,0.6658418774604797
6120,5,5,1,0.8857756853103638
6121,2,3,0,0.41673070192337036
6122,5,3,0,0.5047442317008972
6123,6,3,0,0.5163241624832153
6124,8,5,0,0.5773686766624451
6125,8,9,0,0.4582943618297577
6126,3,0,0,0.3986949324607849
6127,5,9,0,0.7467395663261414
6128,0,3,0,0.8250972032546997
6129,4,3,0,0.5660732984542847
6130,1,9,0,0.8527066111564636
6131,3,2,0,0.4093129336833954
6132,7,5,0,0.5613006949424744
6133,0,3,0,0.7781925797462463
6134,3,3,1,0.4437030553817749
6135,3,7,0,0.7949168086051941
6136,9,5,0,0.5386229753494263
6137,2,3,0,0.623359739780426
6138,3,6,0,0.8915014266967773
6139,9,9,1,0.872863233089447
6140,9,9,1,0.7159420847892761
6141,8,1,0,0.44111546874046326
6142,5,3,0,0.4983310401439667
6143,9,6,0,0.47566139698028564
6144,7,7,1,0.5006299614906311
6145,2,6,0,0.5404635071754456
6146,0,4,0,0.5445170402526855
6147,9,9,1,0.4943728446960449
6148,4,6,0,0.8623627424240112
6149,7,3,0,0.6199619174003601
6150,1,3,0,0.5279085040092468
6151,7,6,0,0.6441644430160522
6152,6,9,0,0.38266491889953613
6153,4,6,0,0.8334951996803284
6154,4,5,0,0.5047715306282043
6155,8,2,0,0.6077913641929626
6156,9,6,0,0.4048829972743988
6157,0,3,0,0.5979014039039612
6158,7,3,0,0.4549083411693573
6159,1,1,1,0.3356698155403137
6160,2,6,0,0.5369065999984741
6161,4,1,0,0.3476197421550751
6162,0,9,0,0.8464691638946533
6163,3,6,0,0.6739960312843323
6164,7,3,0,0.44093164801597595
6165,5,8,0,0.694710373878479
6166,1,9,0,0.5313035249710083
6167,9,3,0,0.5214120149612427
6168,3,7,0,0.510113537311554
6169,5,5,1,0.9161826968193054
6170,2,4,0,0.6116399765014648
6171,4,3,0,0.5681100487709045
6172,1,5,0,0.8400581479072571
6173,1,9,0,0.4327728748321533
6174,3,5,0,0.6151241660118103
6175,3,6,0,0.6052998304367065
6176,9,3,0,0.634801983833313
6177,2,2,1,0.4837419390678406
6178,5,5,1,0.4015476703643799
6179,8,3,0,0.4411908984184265
6180,0,3,0,0.5978478789329529
6181,8,6,0,0.6147805452346802
6182,1,7,0,0.6630833745002747
6183,5,1,0,0.5635504722595215
6184,1,8,0,0.6705709099769592
6185,5,2,0,0.48807668685913086
6186,9,6,0,0.6625589728355408
6187,0,9,0,0.3578672707080841
6188,9,9,1,0.41317710280418396
6189,2,0,0,0.6586281657218933
6190,4,5,0,0.5406858921051025
6191,0,9,0,0.7295787334442139
6192,6,6,1,0.5631539225578308
6193,9,6,0,0.5907265543937683
6194,1,6,0,0.7683536410331726
6195,1,9,0,0.5130959153175354
6196,3,1,0,0.4223112165927887
6197,4,2,0,0.5119233131408691
6198,9,3,0,0.5112016201019287
6199,5,2,0,0.4791729152202606
6200,3,6,0,0.4088241159915924
6201,3,3,1,0.7271528244018555
6202,3,3,1,0.45429229736328125
6203,3,6,0,0.7813667058944702
6204,4,9,0,0.45016276836395264
6205,1,3,0,0.6426692008972168
6206,5,3,0,0.4167967736721039
6207,9,9,1,0.6733642220497131
6208,8,1,0,0.5964255928993225
6209,7,3,0,0.42231428623199463
6210,4,1,0,0.4168280363082886
6211,8,1,0,0.5059769749641418
6212,7,6,0,0.6388453245162964
6213,3,3,1,0.4896581768989563
6214,5,5,1,0.4886475205421448
6215,2,8,0,0.6811514496803284
6216,5,1,0,0.8551837205886841
6217,8,7,0,0.5286100506782532
6218,9,6,0,0.6448031663894653
6219,7,2,0,0.5120622515678406
6220,2,4,0,0.4157053828239441
6221,0,9,0,0.40704450011253357
6222,0,0,1,0.4727676212787628
6223,7,3,0,0.5242046117782593
6224,5,5,1,0.8228552341461182
6225,3,3,1,0.4903629422187805
6226,5,1,0,0.8581618070602417
6227,7,1,0,0.8507252931594849
6228,4,3,0,0.6249704957008362
6229,6,3,0,0.39549359679222107
6230,2,3,0,0.5678337812423706
6231,8,9,0,0.8745429515838623
6232,2,0,0,0.24141284823417664
6233,7,7,1,0.9722737669944763
6234,7,2,0,0.4127329885959625
6235,6,3,0,0.48341721296310425
6236,1,7,0,0.5125570893287659
6237,3,6,0,0.5517939329147339
6238,8,8,1,0.5969847440719604
6239,6,9,0,0.4848823845386505
6240,2,5,0,0.47240906953811646
6241,0,1,0,0.5119147300720215
6242,4,9,0,0.5979685187339783
6243,4,8,0,0.632430374622345
6244,8,5,0,0.6098892092704773
6245,6,5,0,0.661100447177887
6246,4,4,1,0.650647759437561
6247,0,3,0,0.5461810827255249
6248,2,9,0,0.7107870578765869
6249,5,3,0,0.7178762555122375
6250,4,6,0,0.9780929684638977
6251,1,0,0,0.6216229200363159
6252,2,9,0,0.7912335991859436
6253,5,3,0,0.467204749584198
6254,4,6,0,0.7988255620002747
6255,6,7,0,0.5318193435668945
6256,9,6,0,0.45230191946029663
6257,5,5,1,0.5357019305229187
6258,0,2,0,0.4080131947994232
6259,5,5,1,0.38207343220710754
6260,2,2,1,0.6705683469772339
6261,0,0,1,0.5424513220787048
6262,8,7,0,0.4194014370441437
6263,2,1,0,0.3708938658237457
6264,6,6,1,0.9558131098747253
6265,4,3,0,0.47636744379997253
6266,7,5,0,0.4345347583293915
6267,9,9,1,0.6907949447631836
6268,5,3,0,0.6907218098640442
6269,7,9,0,0.6174097061157227
6270,2,5,0,0.6415945887565613
6271,6,9,0,0.8643476366996765
6272,2,1,0,0.8663570880889893
6273,1,7,0,0.5310959815979004
6274,9,9,1,0.4982123076915741
6275,9,9,1,0.5540482997894287
6276,7,1,0,0.4563036859035492
6277,2,2,1,0.5408678650856018
6278,5,3,0,0.6219680905342102
6279,1,9,0,0.4395001232624054
6280,8,5,0,0.6290001273155212
6281,1,9,0,0.6368606090545654
6282,6,4,0,0.5118565559387207
6283,3,8,0,0.5412685871124268
6284,0,2,0,0.566715657711029
6285,8,2,0,0.3810250163078308
6286,8,7,0,0.3348625898361206
6287,5,1,0,0.4691340923309326
6288,6,6,1,0.5054841041564941
6289,9,1,0,0.6058648228645325
6290,9,6,0,0.8820732831954956
6291,9,5,0,0.6084676384925842
6292,6,1,0,0.6315746903419495
6293,3,3,1,0.7462512850761414
6294,0,9,0,0.3930836319923401
6295,8,8,1,0.5376526117324829
6296,8,2,0,0.5958779454231262
6297,5,6,0,0.772037148475647
6298,3,9,0,0.7100163102149963
6299,3,1,0,0.41210681200027466
6300,1,6,0,0.5829756855964661
6301,1,7,0,0.3619571328163147
6302,0,9,0,0.42218878865242004
6303,7,9,0,0.6759907007217407
6304,0,4,0,0.37734225392341614
6305,6,6,1,0.5058751106262207
6306,0,3,0,0.5975632071495056
6307,4,1,0,0.5080572366714478
6308,4,6,0,0.7187864184379578
6309,6,6,1,0.9093590974807739
6310,5,5,1,0.9719748497009277
6311,3,1,0,0.48080745339393616
6312,2,6,0,0.5549181699752808
6313,9,3,0,0.5605788230895996
6314,6,9,0,0.42110541462898254
6315,6,2,0,0.46885043382644653
6316,7,9,0,0.5350362062454224
6317,9,7,0,0.561960756778717
6318,7,9,0,0.5840451717376709
6319,7,7,1,0.945236086845398
6320,0,6,0,0.42038384079933167
6321,8,2,0,0.3438565135002136
6322,4,4,1,0.327840656042099
6323,2,9,0,0.48420026898384094
6324,7,2,0,0.6798768639564514
6325,7,5,0,0.626438558101654
6326,7,6,0,0.8656383156776428
6327,4,4,1,0.5453954935073853
6328,0,6,0,0.5508897304534912
6329,1,3,0,0.7675027847290039
6330,6,6,1,0.5526955127716064
6331,0,0,1,0.6878459453582764
6332,5,5,1,0.5658705830574036
6333,3,8,0,0.37657836079597473
6334,0,3,0,0.3865625262260437
6335,2,7,0,0.4245922863483429
6336,4,9,0,0.4300869405269623
6337,9,9,1,0.8105011582374573
6338,7,1,0,0.8290844559669495
6339,3,3,1,0.7677291035652161
6340,3,5,0,0.5145163536071777
6341,2,1,0,0.5569806098937988
6342,8,1,0,0.5360497236251831
6343,8,8,1,0.8368138074874878
6344,5,6,0,0.5607922077178955
6345,3,6,0,0.6744040250778198
6346,8,8,1,0.822055459022522
6347,0,3,0,0.5118012428283691
6348,8,3,0,0.6210821270942688
6349,0,5,0,0.46572554111480713
6350,0,0,1,0.5164501667022705
6351,0,3,0,0.5750177502632141
6352,2,8,0,0.596581220626831
6353,2,4,0,0.5350759625434875
6354,7,3,0,0.32383042573928833
6355,0,3,0,0.7649040222167969
6356,7,1,0,0.33536866307258606
6357,7,6,0,0.598267138004303
6358,7,5,0,0.6311507821083069
6359,2,1,0,0.8859622478485107
6360,2,7,0,0.5636062622070312
6361,0,5,0,0.5180145502090454
6362,4,6,0,0.4999256432056427
6363,0,9,0,0.6573368906974792
6364,3,5,0,0.6008800268173218
6365,7,3,0,0.708293080329895
6366,8,3,0,0.5413647294044495
6367,4,3,0,0.600460410118103
6368,7,1,0,0.7419254779815674
6369,9,6,0,0.6877248287200928
6370,6,5,0,0.8824406862258911
6371,1,9,0,0.6615243554115295
6372,1,1,1,0.6567052006721497
6373,6,3,0,0.7577775716781616
6374,9,1,0,0.48001277446746826
6375,3,3,1,0.5607925653457642
6376,8,8,1,0.7306780815124512
6377,9,9,1,0.6517495512962341
6378,5,5,1,0.8429147601127625
6379,8,1,0,0.5270683765411377
6380,3,3,1,0.4184955954551697
6381,9,6,0,0.7157861590385437
6382,4,4,1,0.6675774455070496
6383,3,6,0,0.7264543175697327
6384,7,6,0,0.6944171190261841
6385,5,5,1,0.7659283876419067
6386,5,3,0,0.471438467502594
6387,2,6,0,0.32389721274375916
6388,7,1,0,0.6350467801094055
6389,5,2,0,0.5617320537567139
6390,7,3,0,0.45526596903800964
6391,9,5,0,0.5544758439064026
6392,6,3,0,0.47899582982063293
6393,3,3,1,0.3282490670681
6394,0,0,1,0.3794010281562805
6395,8,9,0,0.802156388759613
6396,4,3,0,0.601161539554596
6397,5,6,0,0.851265013217926
6398,6,6,1,0.8664854168891907
6399,1,9,0,0.9084369540214539
6400,0,4,0,0.46042943000793457
6401,4,6,0,0.5137093663215637
6402,8,9,0,0.44217926263809204
6403,4,4,1,0.7622737884521484
6404,7,3,0,0.4572925269603729
6405,1,2,0,0.474784791469574
6406,3,3,1,0.4984140992164612
6407,2,2,1,0.730151355266571
6408,0,8,0,0.3266253173351288
6409,9,3,0,0.3327745199203491
6410,1,1,1,0.622306764125824
6411,8,5,0,0.5211558938026428
6412,8,6,0,0.8258121013641357
6413,6,6,1,0.648760974407196
6414,8,4,0,0.4986947178840637
6415,1,1,1,0.6243575215339661
6416,7,2,0,0.6021210551261902
6417,1,1,1,0.52503502368927
6418,0,8,0,0.7219757437705994
6419,9,1,0,0.5684452056884766
6420,7,5,0,0.5674229264259338
6421,6,6,1,0.8760288953781128
6422,4,6,0,0.45491939783096313
6423,5,9,0,0.4083721339702606
6424,8,3,0,0.49105167388916016
6425,2,2,1,0.36560559272766113
6426,1,6,0,0.44105032086372375
6427,2,3,0,0.4906657934188843
6428,5,6,0,0.4800570011138916
6429,8,3,0,0.5024328231811523
6430,1,2,0,0.4120715260505676
6431,1,9,0,0.40266355872154236
6432,8,8,1,0.6154426336288452
6433,8,6,0,0.8370580077171326
6434,0,3,0,0.40980884432792664
6435,9,5,0,0.6332994103431702
6436,0,7,0,0.44198930263519287
6437,0,9,0,0.5193549394607544
6438,4,2,0,0.47490692138671875
6439,3,6,0,0.40993499755859375
6440,3,2,0,0.5964013934135437
6441,5,3,0,0.5396240949630737
6442,6,3,0,0.7398993968963623
6443,6,4,0,0.5418230891227722
6444,3,3,1,0.4975928068161011
6445,1,9,0,0.5189766883850098
6446,4,2,0,0.5996452569961548
6447,4,3,0,0.526763916015625
6448,7,7,1,0.4456140995025635
6449,8,9,0,0.6356246471405029
6450,0,3,0,0.5615097880363464
6451,1,1,1,0.6433141231536865
6452,4,1,0,0.39597591757774353
6453,8,3,0,0.6643419861793518
6454,4,6,0,0.7240962982177734
6455,6,6,1,0.9524447321891785
6456,2,8,0,0.5290015935897827
6457,2,1,0,0.40217846632003784
6458,2,6,0,0.9592692255973816
6459,6,6,1,0.9634160399436951
6460,3,3,1,0.4479317367076874
6461,4,9,0,0.5729435682296753
6462,0,3,0,0.5026412606239319
6463,8,8,1,0.5866861939430237
6464,1,5,0,0.5032404661178589
6465,3,5,0,0.5400964021682739
6466,8,5,0,0.5430879592895508
6467,3,4,0,0.6249786019325256
6468,8,3,0,0.55563884973526
6469,9,3,0,0.6722345948219299
6470,1,9,0,0.41114434599876404
6471,6,6,1,0.5523026585578918
6472,1,1,1,0.5963220596313477
6473,9,6,0,0.45913490653038025
6474,8,5,0,0.9134332537651062
6475,2,1,0,0.7916637063026428
6476,0,2,0,0.4746314287185669
6477,4,6,0,0.8363288640975952
6478,7,9,0,0.8794720768928528
6479,4,5,0,0.5398624539375305
6480,0,3,0,0.5202639102935791
6481,0,1,0,0.5167844295501709
6482,7,7,1,0.6022703051567078
6483,6,6,1,0.905116617679596
6484,8,3,0,0.44079720973968506
6485,9,7,0,0.3328916132450104
6486,8,3,0,0.4821135997772217
6487,6,3,0,0.38852211833000183
6488,2,7,0,0.5704718828201294
6489,8,8,1,0.5616974830627441
6490,8,9,0,0.5975484848022461
6491,0,2,0,0.5706110000610352
6492,1,9,0,0.4423370361328125
6493,1,1,1,0.6570883393287659
6494,0,2,0,0.9810878038406372
6495,7,6,0,0.7555574774742126
6496,7,3,0,0.7566932439804077
6497,4,2,0,0.5940729379653931
6498,4,6,0,0.8686959147453308
6499,7,9,0,0.5758508443832397
6500,7,3,0,0.5916858911514282
6501,2,7,0,0.6946468949317932
6502,6,6,1,0.7243474721908569
6503,6,7,0,0.5769631862640381
6504,7,3,0,0.5617552399635315
6505,4,1,0,0.3580767810344696
6506,5,3,0,0.3754832148551941
6507,4,3,0,0.4218035340309143
6508,0,3,0,0.4414942264556885
6509,9,1,0,0.6126030683517456
6510,4,6,0,0.5895339250564575
6511,7,7,1,0.310915470123291
6512,2,3,0,0.7365654110908508
6513,5,5,1,0.7813858389854431
6514,3,7,0,0.7375860810279846
6515,2,1,0,0.8559609055519104
6516,2,5,0,0.7261859178543091
6517,7,7,1,0.9519977569580078
6518,6,6,1,0.6777470111846924
6519,2,4,0,0.569501519203186
6520,6,3,0,0.5181423425674438
6521,4,6,0,0.6112571358680725
6522,9,1,0,0.9183104038238525
6523,6,6,1,0.6454840898513794
6524,8,2,0,0.522149920463562
6525,3,3,1,0.44687461853027344
6526,8,6,0,0.7781177163124084
6527,5,5,1,0.5533549189567566
6528,5,5,1,0.3628404140472412
6529,2,3,0,0.5547686815261841
6530,3,6,0,0.45616745948791504
6531,4,5,0,0.4267158806324005
6532,5,3,0,0.4592514634132385
6533,2,5,0,0.6966431736946106
6534,7,9,0,0.3696923851966858
6535,5,5,1,0.4183988869190216
6536,1,5,0,0.6435250043869019
6537,5,8,0,0.43657582998275757
6538,3,3,1,0.6008742451667786
6539,7,5,0,0.41585659980773926
6540,8,1,0,0.5526949763298035
6541,8,5,0,0.45790010690689087
6542,9,1,0,0.35664957761764526
6543,6,3,0,0.40830299258232117
6544,0,2,0,0.454051673412323
6545,9,1,0,0.7755990624427795
6546,2,2,1,0.44566401839256287
6547,6,6,1,0.8780915141105652
6548,0,8,0,0.701912522315979
6549,0,3,0,0.3634428083896637
6550,1,3,0,0.451759934425354
6551,4,8,0,0.4375864863395691
6552,1,2,0,0.5879487991333008
6553,3,7,0,0.7875654101371765
6554,5,1,0,0.5190075039863586
6555,1,1,1,0.8493489027023315
6556,8,6,0,0.8156053423881531
6557,9,3,0,0.7634878158569336
6558,6,3,0,0.5234854221343994
6559,2,4,0,0.5345204472541809
6560,6,7,0,0.5346841216087341
6561,9,6,0,0.5111218690872192
6562,5,5,1,0.8118500709533691
6563,6,6,1,0.6566175222396851
6564,5,2,0,0.6346121430397034
6565,9,6,0,0.7031828761100769
6566,1,9,0,0.5976834297180176
6567,4,6,0,0.6161356568336487
6568,2,0,0,0.2732383906841278
6569,8,2,0,0.4057971239089966
6570,9,9,1,0.9676932096481323
6571,5,3,0,0.6219748258590698
6572,4,5,0,0.4799649119377136
6573,7,3,0,0.5625157356262207
6574,0,3,0,0.5680416226387024
6575,3,3,1,0.660544216632843
6576,7,1,0,0.5347428917884827
6577,1,3,0,0.4763849377632141
6578,6,6,1,0.6363473534584045
6579,9,6,0,0.4941452741622925
6580,1,9,0,0.7457115650177002
6581,1,6,0,0.8382272720336914
6582,4,2,0,0.46501031517982483
6583,0,6,0,0.5734961628913879
6584,5,3,0,0.6035576462745667
6585,1,9,0,0.5612069368362427
6586,6,4,0,0.6198446154594421
6587,3,3,1,0.6028517484664917
6588,0,5,0,0.47409433126449585
6589,2,2,1,0.4388817250728607
6590,5,9,0,0.6800417304039001
6591,5,3,0,0.6009761691093445
6592,5,5,1,0.4254670739173889
6593,2,5,0,0.46781468391418457
6594,8,5,0,0.4704445004463196
6595,2,0,0,0.38600075244903564
6596,3,5,0,0.618851363658905
6597,1,5,0,0.5402427315711975
6598,6,6,1,0.7741740345954895
6599,2,4,0,0.5534331202507019
6600,7,7,1,0.8786985874176025
6601,0,9,0,0.37359723448753357
6602,8,7,0,0.7012075781822205
6603,9,6,0,0.7473447918891907
6604,2,5,0,0.8698268532752991
6605,6,5,0,0.8689844608306885
6606,4,3,0,0.8127998113632202
6607,7,9,0,0.6952176690101624
6608,5,2,0,0.6345010995864868
6609,5,4,0,0.5007410049438477
6610,8,6,0,0.4492489993572235
6611,8,3,0,0.46904313564300537
6612,7,3,0,0.6521506309509277
6613,8,5,0,0.4466603696346283
6614,5,5,1,0.381542831659317
6615,7,7,1,0.5339416861534119
6616,4,7,0,0.4369344413280487
6617,4,5,0,0.826124906539917
6618,0,8,0,0.40582194924354553
6619,0,9,0,0.826191246509552
6620,7,3,0,0.5484323501586914
6621,0,1,0,0.6818056702613831
6622,4,4,1,0.8328798413276672
6623,0,1,0,0.426931232213974
6624,4,6,0,0.7610331773757935
6625,4,3,0,0.3400650918483734
6626,2,3,0,0.6024073362350464
6627,5,3,0,0.6132967472076416
6628,4,3,0,0.380683958530426
6629,0,3,0,0.8019111752510071
6630,7,6,0,0.6535623073577881
6631,7,3,0,0.6587159037590027
6632,7,1,0,0.48271095752716064
6633,0,1,0,0.6127245426177979
6634,4,2,0,0.3396960496902466
6635,6,8,0,0.7773228287696838
6636,2,4,0,0.41710221767425537
6637,9,9,1,0.7525748014450073
6638,1,9,0,0.37028592824935913
6639,1,9,0,0.5961759686470032
6640,5,5,1,0.9709160923957825
6641,0,9,0,0.5884308218955994
6642,9,9,1,0.5996946096420288
6643,1,0,0,0.554823637008667
6644,0,3,0,0.6177899837493896
6645,6,6,1,0.9211294054985046
6646,5,9,0,0.5986281037330627
6647,3,5,0,0.738028883934021
6648,0,1,0,0.3323729932308197
6649,9,1,0,0.4981536269187927
6650,0,2,0,0.3496134579181671
6651,6,9,0,0.4098558723926544
6652,2,3,0,0.7236751914024353
6653,0,0,1,0.6458283066749573
6654,4,6,0,0.790389895439148
6655,1,1,1,0.5263453722000122
6656,6,6,1,0.31532102823257446
6657,7,3,0,0.4247850477695465
6658,6,3,0,0.7860883474349976
6659,1,5,0,0.8703057765960693
6660,0,9,0,0.4029251039028168
6661,4,6,0,0.6243062615394592
6662,6,6,1,0.5667634606361389
6663,0,1,0,0.41318026185035706
6664,4,6,0,0.698616623878479
6665,4,7,0,0.7932455539703369
6666,2,2,1,0.624920666217804
6667,7,3,0,0.4147229790687561
6668,6,6,1,0.8014116883277893
6669,5,4,0,0.5668062567710876
6670,3,4,0,0.3425598442554474
6671,5,3,0,0.505872905254364
6672,9,9,1,0.692391574382782
6673,4,4,1,0.652233362197876
6674,5,9,0,0.46547025442123413
6675,2,2,1,0.5814282894134521
6676,0,0,1,0.7827699780464172
6677,5,3,0,0.6530423760414124
6678,7,3,0,0.5310200452804565
6679,2,3,0,0.5566135048866272
6680,3,5,0,0.48705002665519714
6681,9,5,0,0.6138868927955627
6682,4,5,0,0.6351845264434814
6683,5,7,0,0.4473651945590973
6684,8,9,0,0.7686774730682373
6685,1,9,0,0.6094987988471985
6686,9,9,1,0.5510522723197937
6687,3,1,0,0.6329460740089417
6688,1,7,0,0.3056717813014984
6689,8,3,0,0.6532460451126099
6690,5,1,0,0.4576053023338318
6691,8,5,0,0.6747531890869141
6692,6,6,1,0.7812671065330505
6693,6,3,0,0.4563467800617218
6694,3,5,0,0.39278939366340637
6695,4,3,0,0.6370694637298584
6696,0,3,0,0.3338037431240082
6697,2,3,0,0.6257629990577698
6698,3,3,1,0.49086254835128784
6699,2,2,1,0.47624242305755615
6700,6,6,1,0.8403863906860352
6701,1,9,0,0.759190022945404
6702,8,8,1,0.4007551670074463
6703,2,3,0,0.5811652541160583
6704,1,3,0,0.7133524417877197
6705,3,6,0,0.5532078146934509
6706,6,6,1,0.7424212694168091
6707,2,1,0,0.6681216955184937
6708,2,2,1,0.9104136228561401
6709,3,3,1,0.7324898838996887
6710,3,3,1,0.5493935346603394
6711,5,5,1,0.8370194435119629
6712,0,0,1,0.32340168952941895
6713,2,5,0,0.7482028603553772
6714,1,1,1,0.5964593887329102
6715,2,6,0,0.8170695304870605
6716,8,1,0,0.5160703659057617
6717,0,6,0,0.8118070363998413
6718,8,3,0,0.4958221912384033
6719,2,9,0,0.8143289685249329
6720,2,1,0,0.56355220079422
6721,7,6,0,0.3990544378757477
6722,3,7,0,0.3195470869541168
6723,5,4,0,0.4654371738433838
6724,9,9,1,0.7728148102760315
6725,8,9,0,0.5304127931594849
6726,3,6,0,0.5203999876976013
6727,6,6,1,0.767803966999054
6728,1,3,0,0.602803111076355
6729,0,3,0,0.7762182950973511
6730,8,3,0,0.6587681174278259
6731,6,1,0,0.31099313497543335
6732,3,3,1,0.6524351239204407
6733,5,5,1,0.5016428828239441
6734,8,7,0,0.43305954337120056
6735,9,9,1,0.9571123719215393
6736,4,3,0,0.42651328444480896
6737,8,9,0,0.31428831815719604
6738,0,8,0,0.68662029504776
6739,0,6,0,0.49891698360443115
6740,2,4,0,0.5644014477729797
6741,9,7,0,0.5958975553512573
6742,1,2,0,0.5504520535469055
6743,8,0,0,0.37175410985946655
6744,3,5,0,0.4995874762535095
6745,7,7,1,0.5616133809089661
6746,2,6,0,0.8122949600219727
6747,8,9,0,0.7144251465797424
6748,0,2,0,0.522405207157135
6749,9,5,0,0.6238698959350586
6750,4,3,0,0.515005350112915
6751,8,8,1,0.789219856262207
6752,9,9,1,0.7522180080413818
6753,4,6,0,0.5863515734672546
6754,8,3,0,0.6583347320556641
6755,9,4,0,0.30847257375717163
6756,5,5,1,0.3882058262825012
6757,4,6,0,0.9480187296867371
6758,8,9,0,0.5065128207206726
6759,1,1,1,0.6349901556968689
6760,5,1,0,0.3670732080936432
6761,5,2,0,0.41407454013824463
6762,7,2,0,0.46677663922309875
6763,2,1,0,0.4139329493045807
6764,5,5,1,0.7000078558921814
6765,8,1,0,0.5736370086669922
6766,8,2,0,0.3184003531932831
6767,1,9,0,0.6098436117172241
6768,2,2,1,0.49027466773986816
6769,3,3,1,0.4901435971260071
6770,1,1,1,0.9000324010848999
6771,5,3,0,0.7006409764289856
6772,0,3,0,0.463634192943573
6773,2,3,0,0.4950789511203766
6774,3,5,0,0.47425514459609985
6775,0,0,1,0.5411124229431152
6776,8,3,0,0.764765739440918
6777,2,6,0,0.8544312715530396
6778,2,3,0,0.33202314376831055
6779,8,1,0,0.6332957148551941
6780,7,7,1,0.5841284990310669
6781,3,6,0,0.9032688140869141
6782,5,2,0,0.39732107520103455
6783,3,9,0,0.5853427648544312
6784,9,5,0,0.6144672632217407
6785,6,3,0,0.5488352179527283
6786,3,6,0,0.8835586309432983
6787,5,3,0,0.35710760951042175
6788,1,1,1,0.8435564637184143
6789,1,8,0,0.805489718914032
6790,7,3,0,0.7074265480041504
6791,7,5,0,0.492980420589447
6792,3,6,0,0.3409830927848816
6793,3,5,0,0.48225730657577515
6794,8,1,0,0.5375204682350159
6795,9,6,0,0.6255234479904175
6796,6,6,1,0.5986288785934448
6797,0,0,1,0.4046536684036255
6798,8,9,0,0.4531428813934326
6799,0,9,0,0.5873585343360901
6800,6,9,0,0.3666323125362396
6801,6,5,0,0.5951569676399231
6802,4,4,1,0.41277849674224854
6803,6,6,1,0.9649630188941956
6804,9,4,0,0.6195107102394104
6805,1,6,0,0.48444345593452454
6806,1,5,0,0.5550448894500732
6807,7,4,0,0.5306105613708496
6808,0,3,0,0.47151070833206177
6809,6,6,1,0.9174588322639465
6810,8,9,0,0.5402365922927856
6811,9,9,1,0.5114654302597046
6812,0,3,0,0.6700584292411804
6813,6,3,0,0.6227965950965881
6814,9,7,0,0.5510149002075195
6815,0,9,0,0.7007145285606384
6816,1,3,0,0.4453355371952057
6817,1,6,0,0.33240920305252075
6818,7,6,0,0.7311139106750488
6819,2,3,0,0.4828771650791168
6820,1,1,1,0.619555652141571
6821,0,2,0,0.4644664227962494
6822,4,3,0,0.5515161752700806
6823,5,5,1,0.4763915240764618
6824,0,3,0,0.5616792440414429
6825,3,3,1,0.39962247014045715
6826,6,6,1,0.9146859645843506
6827,3,3,1,0.868815541267395
6828,3,6,0,0.9720646142959595
6829,8,3,0,0.3812435269355774
6830,1,2,0,0.3136996626853943
6831,8,5,0,0.6315447092056274
6832,1,6,0,0.5827633738517761
6833,3,4,0,0.7584555149078369
6834,1,9,0,0.7112424373626709
6835,5,1,0,0.42750945687294006
6836,4,6,0,0.7729526162147522
6837,5,5,1,0.3839960992336273
6838,1,1,1,0.6229733824729919
6839,8,6,0,0.584500253200531
6840,9,1,0,0.626183032989502
6841,1,2,0,0.4348340630531311
6842,3,5,0,0.5635260939598083
6843,1,3,0,0.5873503088951111
6844,7,3,0,0.41546767950057983
6845,2,6,0,0.6340962648391724
6846,9,1,0,0.5306251645088196
6847,8,9,0,0.5088276267051697
6848,9,8,0,0.893113911151886
6849,4,5,0,0.4880516529083252
6850,6,8,0,0.25090545415878296
6851,0,8,0,0.7557134628295898
6852,9,4,0,0.36351290345191956
6853,4,5,0,0.5729785561561584
6854,0,8,0,0.5594785809516907
6855,4,4,1,0.6944282650947571
6856,6,3,0,0.6142189502716064
6857,2,4,0,0.38482117652893066
6858,1,1,1,0.654667854309082
6859,3,3,1,0.49981802701950073
6860,0,3,0,0.5936552882194519
6861,8,5,0,0.6728567481040955
6862,5,5,1,0.6822285056114197
6863,6,9,0,0.45211413502693176
6864,0,1,0,0.7737890481948853
6865,3,3,1,0.3499211072921753
6866,4,6,0,0.9875852465629578
6867,6,3,0,0.6860972046852112
6868,9,0,0,0.5982531905174255
6869,5,7,0,0.4110443592071533
6870,7,7,1,0.6126980781555176
6871,9,7,0,0.7451694011688232
6872,0,7,0,0.4352858364582062
6873,3,8,0,0.4658607542514801
6874,6,6,1,0.4823734760284424
6875,5,1,0,0.44859302043914795
6876,7,1,0,0.6295661330223083
6877,0,7,0,0.7511019706726074
6878,5,3,0,0.6427156329154968
6879,1,1,1,0.591642439365387
6880,2,3,0,0.6138964295387268
6881,2,3,0,0.5583978891372681
6882,9,6,0,0.6076292395591736
6883,7,6,0,0.7471924424171448
6884,0,9,0,0.36249828338623047
6885,0,6,0,0.571772575378418
6886,1,6,0,0.4054397642612457
6887,4,1,0,0.618927538394928
6888,4,6,0,0.9043238162994385
6889,5,3,0,0.5513954758644104
6890,5,1,0,0.5618696212768555
6891,9,2,0,0.476535439491272
6892,6,4,0,0.40909385681152344
6893,3,4,0,0.30464208126068115
6894,6,9,0,0.6289864778518677
6895,2,6,0,0.34044894576072693
6896,6,3,0,0.5328229069709778
6897,9,6,0,0.534935474395752
6898,3,5,0,0.6627524495124817
6899,2,2,1,0.7680364847183228
6900,3,5,0,0.7648757100105286
6901,2,3,0,0.584179699420929
6902,4,4,1,0.5751423239707947
6903,9,4,0,0.44400474429130554
6904,5,6,0,0.8055003881454468
6905,2,2,1,0.5150167942047119
6906,1,3,0,0.891505777835846
6907,6,6,1,0.3708168566226959
6908,6,6,1,0.7300168871879578
6909,4,2,0,0.44890260696411133
6910,7,3,0,0.434670627117157
6911,6,7,0,0.5213891267776489
6912,3,6,0,0.45159703493118286
6913,3,2,0,0.42546358704566956
6914,8,1,0,0.7887641191482544
6915,1,9,0,0.9439955949783325
6916,4,6,0,0.3722803592681885
6917,6,5,0,0.6910572052001953
6918,4,2,0,0.769782304763794
6919,4,3,0,0.4864053428173065
6920,5,2,0,0.5358636975288391
6921,6,6,1,0.9272221326828003
6922,2,7,0,0.45360028743743896
6923,0,5,0,0.5522599220275879
6924,5,3,0,0.765801727771759
6925,2,7,0,0.8128859400749207
6926,7,3,0,0.4793277382850647
6927,5,5,1,0.4373549222946167
6928,2,9,0,0.32195326685905457
6929,5,5,1,0.8330782055854797
6930,2,5,0,0.4881089925765991
6931,5,3,0,0.5026455521583557
6932,9,9,1,0.5588981509208679
6933,0,7,0,0.4067102372646332
6934,6,3,0,0.3373701870441437
6935,7,6,0,0.9946615099906921
6936,9,9,1,0.3476479947566986
6937,8,3,0,0.6118950247764587
6938,3,3,1,0.5800427198410034
6939,2,3,0,0.6825585961341858
6940,1,2,0,0.5217534899711609
6941,4,3,0,0.6716759204864502
6942,3,2,0,0.6676514744758606
6943,4,2,0,0.4513927102088928
6944,5,5,1,0.4993104040622711
6945,5,1,0,0.8274514079093933
6946,6,5,0,0.6147801280021667
6947,8,2,0,0.3511698842048645
6948,6,6,1,0.4854578971862793
6949,0,3,0,0.6478284001350403
6950,8,1,0,0.47914284467697144
6951,9,3,0,0.5516332387924194
6952,8,9,0,0.490939736366272
6953,0,9,0,0.5716906785964966
6954,7,4,0,0.49169492721557617
6955,7,9,0,0.5907394289970398
6956,6,6,1,0.9010668992996216
6957,6,6,1,0.4856497049331665
6958,7,9,0,0.27721884846687317
6959,5,6,0,0.5319229364395142
6960,9,5,0,0.6530914902687073
6961,8,8,1,0.3777022659778595
6962,7,6,0,0.685005247592926
6963,9,3,0,0.7250834107398987
6964,5,3,0,0.4561835825443268
6965,6,7,0,0.44370919466018677
6966,0,5,0,0.3229987323284149
6967,4,9,0,0.5039662718772888
6968,8,9,0,0.6470974683761597
6969,2,3,0,0.5360073447227478
6970,0,3,0,0.5448217988014221
6971,9,6,0,0.8404887914657593
6972,1,9,0,0.7842260003089905
6973,3,5,0,0.5806260704994202
6974,9,9,1,0.3799149692058563
6975,8,9,0,0.45567506551742554
6976,3,8,0,0.428550124168396
6977,7,6,0,0.5049012899398804
6978,4,3,0,0.6036661267280579
6979,5,6,0,0.5783013701438904
6980,0,3,0,0.6357775926589966
6981,2,3,0,0.42673027515411377
6982,1,1,1,0.785957932472229
6983,9,1,0,0.5108638405799866
6984,1,1,1,0.8936567306518555
6985,0,0,1,0.48428770899772644
6986,5,5,1,0.5845558643341064
6987,8,5,0,0.40734219551086426
6988,4,5,0,0.7008363008499146
6989,7,3,0,0.4966890513896942
6990,3,5,0,0.6873046159744263
6991,1,3,0,0.4335711598396301
6992,4,3,0,0.611516535282135
6993,5,5,1,0.4379996657371521
6994,3,5,0,0.6258854269981384
6995,1,1,1,0.5192177295684814
6996,0,1,0,0.6805739402770996
6997,8,9,0,0.5097820162773132
6998,8,3,0,0.6294222474098206
6999,8,2,0,0.7554341554641724
7000,2,1,0,0.9135406613349915
7001,1,1,1,0.67608642578125
7002,3,5,0,0.43912217020988464
7003,7,6,0,0.6126232147216797
7004,3,2,0,0.4142780303955078
7005,1,1,1,0.570236325263977
7006,6,6,1,0.7056436538696289
7007,9,1,0,0.5657939910888672
7008,1,0,0,0.5071314573287964
7009,6,6,1,0.6115822196006775
7010,0,8,0,0.690028727054596
7011,7,6,0,0.567426323890686
7012,7,6,0,0.8406798243522644
7013,1,1,1,0.4814123511314392
7014,3,3,1,0.5766752362251282
7015,3,9,0,0.5050532221794128
7016,3,2,0,0.4191378653049469
7017,1,6,0,0.6222101449966431
7018,0,9,0,0.271420419216156
7019,2,6,0,0.6831101179122925
7020,7,2,0,0.3679770529270172
7021,1,7,0,0.467232346534729
7022,2,9,0,0.6488707661628723
7023,2,2,1,0.708342969417572
7024,9,7,0,0.6844162344932556
7025,6,5,0,0.5520732402801514
7026,3,3,1,0.43062204122543335
7027,5,5,1,0.7585735321044922
7028,9,1,0,0.5491943359375
7029,4,7,0,0.8055260181427002
7030,8,6,0,0.49767640233039856
7031,0,6,0,0.7495483756065369
7032,4,2,0,0.4625077247619629
7033,8,1,0,0.5390534400939941
7034,0,6,0,0.7554050087928772
7035,1,9,0,0.5376246571540833
7036,3,3,1,0.6159007549285889
7037,7,2,0,0.3063354194164276
7038,0,3,0,0.3666643798351288
7039,4,9,0,0.7558327317237854
7040,7,9,0,0.5783511400222778
7041,4,7,0,0.4860484004020691
7042,8,9,0,0.6484535932540894
7043,6,6,1,0.7477290034294128
7044,4,2,0,0.5494287014007568
7045,3,6,0,0.2586749196052551
7046,9,1,0,0.6518603563308716
7047,8,9,0,0.6304988265037537
7048,2,2,1,0.5764688849449158
7049,2,5,0,0.4181605577468872
7050,8,6,0,0.594258189201355
7051,3,9,0,0.6228737235069275
7052,1,9,0,0.4712764024734497
7053,1,3,0,0.4608363211154938
7054,2,1,0,0.42873460054397583
7055,8,0,0,0.46261340379714966
7056,2,5,0,0.4116939306259155
7057,6,4,0,0.6307968497276306
7058,9,9,1,0.6617768406867981
7059,4,4,1,0.6767370700836182
7060,8,1,0,0.43073004484176636
7061,4,3,0,0.6132737994194031
7062,4,6,0,0.567192554473877
7063,1,1,1,0.4974927604198456
7064,5,5,1,0.6975418925285339
7065,2,2,1,0.5760476589202881
7066,6,6,1,0.9129804968833923
7067,9,9,1,0.5539166927337646
7068,2,4,0,0.6086962223052979
7069,0,9,0,0.46417659521102905
7070,7,7,1,0.515168309211731
7071,1,2,0,0.4568631649017334
7072,8,1,0,0.7833171486854553
7073,9,6,0,0.7438417077064514
7074,3,3,1,0.6093045473098755
7075,9,9,1,0.4354862570762634
7076,9,9,1,0.5543752908706665
7077,0,2,0,0.39992639422416687
7078,7,2,0,0.4047966003417969
7079,7,6,0,0.42984452843666077
7080,5,3,0,0.6645038723945618
7081,4,3,0,0.7983949184417725
7082,2,6,0,0.6454833745956421
7083,6,6,1,0.7052710056304932
7084,4,3,0,0.4990159273147583
7085,5,3,0,0.6783109903335571
7086,7,2,0,0.6889932155609131
7087,7,3,0,0.32784825563430786
7088,8,8,1,0.8876485824584961
7089,7,4,0,0.3701740801334381
7090,2,4,0,0.5347659587860107
7091,6,3,0,0.6341584324836731
7092,2,9,0,0.39584866166114807
7093,2,6,0,0.6752685904502869
7094,4,4,1,0.36652421951293945
7095,4,1,0,0.6328898072242737
7096,0,3,0,0.6134238839149475
7097,7,5,0,0.5418169498443604
7098,1,9,0,0.5366983413696289
7099,3,3,1,0.5170356035232544
7100,9,5,0,0.4043610692024231
7101,6,3,0,0.4243318438529968
7102,0,9,0,0.5490911602973938
7103,0,8,0,0.38379570841789246
7104,2,0,0,0.5018185377120972
7105,3,3,1,0.6365068554878235
7106,8,3,0,0.46797099709510803
7107,2,8,0,0.49350640177726746
7108,2,5,0,0.8206785321235657
7109,4,4,1,0.9171408414840698
7110,3,2,0,0.37391379475593567
7111,5,5,1,0.6126623153686523
7112,2,4,0,0.6622546315193176
7113,9,9,1,0.5861349105834961
7114,1,6,0,0.5041460990905762
7115,0,0,1,0.6666625142097473
7116,0,3,0,0.6900866627693176
7117,6,1,0,0.5203935503959656
7118,5,3,0,0.5642350316047668
7119,5,7,0,0.5068106055259705
7120,7,3,0,0.5006783604621887
7121,9,3,0,0.4590109884738922
7122,9,3,0,0.518708348274231
7123,6,5,0,0.3957270383834839
7124,5,6,0,0.5397964119911194
7125,5,6,0,0.3703978359699249
7126,0,4,0,0.47770237922668457
7127,5,3,0,0.4251730740070343
7128,7,9,0,0.2869608998298645
7129,1,5,0,0.5692028403282166
7130,6,6,1,0.9252781271934509
7131,6,6,1,0.721916913986206
7132,4,9,0,0.5223739743232727
7133,1,3,0,0.4458948075771332
7134,4,1,0,0.8035944104194641
7135,4,1,0,0.424400269985199
7136,1,9,0,0.5760441422462463
7137,5,5,1,0.6647987961769104
7138,0,3,0,0.6791473031044006
7139,0,9,0,0.6624821424484253
7140,4,3,0,0.5343484878540039
7141,5,3,0,0.6007792353630066
7142,8,9,0,0.3365664780139923
7143,4,4,1,0.6230244040489197
7144,8,3,0,0.4121740162372589
7145,3,3,1,0.36695829033851624
7146,0,1,0,0.6174798607826233
7147,5,4,0,0.6216856837272644
7148,0,2,0,0.37385979294776917
7149,5,1,0,0.5254878401756287
7150,3,3,1,0.5928759574890137
7151,1,5,0,0.7893783450126648
7152,6,3,0,0.6291438937187195
7153,7,0,0,0.3278486132621765
7154,0,1,0,0.5481246709823608
7155,9,5,0,0.6202694177627563
7156,1,3,0,0.45263633131980896
7157,5,4,0,0.4527834951877594
7158,7,5,0,0.5488477349281311
7159,6,6,1,0.9137460589408875
7160,5,3,0,0.8982263207435608
7161,5,6,0,0.8136049509048462
7162,5,5,1,0.5148798227310181
7163,6,6,1,0.9477674961090088
7164,0,3,0,0.5258204340934753
7165,0,6,0,0.8222296833992004
7166,1,9,0,0.5198483467102051
7167,7,7,1,0.7761529088020325
7168,5,6,0,0.5124691128730774
7169,1,9,0,0.7791176438331604
7170,9,7,0,0.6093482971191406
7171,2,2,1,0.3768681585788727
7172,4,4,1,0.9595773816108704
7173,1,6,0,0.4960416555404663
7174,3,3,1,0.4415762722492218
7175,7,3,0,0.4733729064464569
7176,8,1,0,0.6340315341949463
7177,2,5,0,0.361480176448822
7178,0,2,0,0.3952145576477051
7179,9,6,0,0.9362220764160156
7180,6,3,0,0.5383886694908142
7181,6,9,0,0.5842412710189819
7182,0,8,0,0.5728312730789185
7183,6,6,1,0.6587870717048645
7184,5,6,0,0.401554673910141
7185,8,9,0,0.7044137716293335
7186,2,9,0,0.4790058135986328
7187,7,7,1,0.3755236268043518
7188,4,3,0,0.437816321849823
7189,0,2,0,0.31507861614227295
7190,2,2,1,0.4477328360080719
7191,7,5,0,0.6916196942329407
7192,7,7,1,0.4916938543319702
7193,8,3,0,0.5181911587715149
7194,8,5,0,0.5348630547523499
7195,7,7,1,0.4948895573616028
7196,0,7,0,0.4181857705116272
7197,4,4,1,0.5247771143913269
7198,9,0,0,0.5668953061103821
7199,1,1,1,0.7851800322532654
7200,4,0,0,0.4799877405166626
7201,4,2,0,0.4497935473918915
7202,3,5,0,0.5743186473846436
7203,5,9,0,0.5250650644302368
7204,4,6,0,0.557046115398407
7205,6,6,1,0.8861452341079712
7206,2,2,1,0.692617654800415
7207,3,3,1,0.4871141016483307
7208,1,1,1,0.6859220266342163
7209,0,0,1,0.5564302802085876
7210,3,2,0,0.3295784294605255
7211,3,6,0,0.7671897411346436
7212,3,3,1,0.669273316860199
7213,6,4,0,0.5486099720001221
7214,3,5,0,0.5923315286636353
7215,1,9,0,0.6418824791908264
7216,2,3,0,0.4351971447467804
7217,8,0,0,0.5256924033164978
7218,9,9,1,0.3231351971626282
7219,7,9,0,0.7147478461265564
7220,9,3,0,0.5698679685592651
7221,3,3,1,0.534883975982666
7222,8,3,0,0.5869256258010864
7223,7,2,0,0.44046497344970703
7224,3,1,0,0.46326348185539246
7225,1,1,1,0.6440675854682922
7226,7,6,0,0.7081887722015381
7227,7,4,0,0.6069912910461426
7228,3,3,1,0.5991883277893066
7229,2,5,0,0.7018033266067505
7230,2,2,1,0.6356292963027954
7231,8,2,0,0.6437647342681885
7232,9,9,1,0.5554401874542236
7233,5,7,0,0.6445621252059937
7234,9,9,1,0.6050193905830383
7235,2,6,0,0.8168253898620605
7236,1,9,0,0.5182861089706421
7237,7,4,0,0.41413941979408264
7238,4,3,0,0.6398425698280334
7239,4,9,0,0.29691028594970703
7240,0,0,1,0.6066780090332031
7241,5,6,0,0.5411832928657532
7242,7,4,0,0.6289442181587219
7243,1,8,0,0.5504693388938904
7244,5,5,1,0.8567832112312317
7245,4,4,1,0.6483625769615173
7246,0,4,0,0.35713183879852295
7247,8,3,0,0.6908167004585266
7248,4,3,0,0.70783531665802
7249,9,9,1,0.3642309010028839
7250,8,7,0,0.31120359897613525
7251,7,2,0,0.6886609196662903
7252,8,5,0,0.8896196484565735
7253,4,5,0,0.5562530159950256
7254,2,3,0,0.5707467198371887
7255,3,3,1,0.37203267216682434
7256,4,4,1,0.8728728294372559
7257,0,9,0,0.6256574988365173
7258,5,4,0,0.406917929649353
7259,4,9,0,0.5515362024307251
7260,1,9,0,0.5050855875015259
7261,8,9,0,0.3121654987335205
7262,2,5,0,0.7035473585128784
7263,5,1,0,0.5519864559173584
7264,4,1,0,0.7395794987678528
7265,5,4,0,0.6685182452201843
7266,2,5,0,0.8575983047485352
7267,5,4,0,0.32461586594581604
7268,3,6,0,0.7756679058074951
7269,7,9,0,0.45357146859169006
7270,9,1,0,0.6009409427642822
7271,7,3,0,0.4757708013057709
7272,1,2,0,0.48486873507499695
7273,4,5,0,0.4054949879646301
7274,1,7,0,0.4927012622356415
7275,3,5,0,0.3560618460178375
7276,1,6,0,0.9276003837585449
7277,4,3,0,0.5553614497184753
7278,5,6,0,0.5498502254486084
7279,5,5,1,0.49681568145751953
7280,1,3,0,0.6360766291618347
7281,7,1,0,0.5679720044136047
7282,1,1,1,0.9663131237030029
7283,3,5,0,0.5825101733207703
7284,0,1,0,0.7901119589805603
7285,1,3,0,0.5943742394447327
7286,2,1,0,0.4520236849784851
7287,5,1,0,0.553693950176239
7288,7,5,0,0.484854519367218
7289,0,8,0,0.5308701395988464
7290,6,5,0,0.8668156862258911
7291,3,8,0,0.6187422871589661
7292,5,3,0,0.6102753281593323
7293,7,7,1,0.8354658484458923
7294,5,4,0,0.3173258900642395
7295,5,9,0,0.4498289227485657
7296,8,5,0,0.7345684170722961
7297,9,6,0,0.49498826265335083
7298,4,6,0,0.9508064985275269
7299,6,1,0,0.8308920860290527
7300,3,9,0,0.5443012714385986
7301,6,6,1,0.9356067180633545
7302,6,6,1,0.6113132834434509
7303,8,9,0,0.5241785049438477
7304,2,2,1,0.6208422780036926
7305,6,3,0,0.7995779514312744
7306,4,4,1,0.5896417498588562
7307,8,5,0,0.5255229473114014
7308,4,3,0,0.4916074872016907
7309,1,9,0,0.398174524307251
7310,3,3,1,0.37674570083618164
7311,1,9,0,0.7229382991790771
7312,2,9,0,0.7187498211860657
7313,3,4,0,0.5282270312309265
7314,3,3,1,0.4686815142631531
7315,0,1,0,0.5074872970581055
7316,1,3,0,0.39340734481811523
7317,6,6,1,0.8224803805351257
7318,4,6,0,0.7082402110099792
7319,2,5,0,0.46135586500167847
7320,8,3,0,0.5189185738563538
7321,2,6,0,0.9682127833366394
7322,4,6,0,0.737724244594574
7323,3,4,0,0.6224812865257263
7324,1,9,0,0.28501805663108826
7325,4,1,0,0.8237300515174866
7326,4,8,0,0.35498228669166565
7327,4,4,1,0.4558161795139313
7328,4,2,0,0.6552911996841431
7329,1,6,0,0.9113704562187195
7330,5,9,0,0.3633979558944702
7331,5,7,0,0.6019306182861328
7332,7,7,1,0.3270913362503052
7333,6,6,1,0.9518948197364807
7334,5,1,0,0.5270355343818665
7335,4,5,0,0.5924782156944275
7336,5,3,0,0.5119125843048096
7337,6,6,1,0.7353531122207642
7338,5,7,0,0.5664015412330627
7339,6,2,0,0.6835041046142578
7340,2,4,0,0.7424755692481995
7341,4,3,0,0.7392993569374084
7342,7,7,1,0.3189876675605774
7343,7,3,0,0.6000693440437317
7344,4,6,0,0.5041854381561279
7345,6,1,0,0.75167316198349
7346,5,5,1,0.5283684730529785
7347,0,3,0,0.4609183371067047
7348,2,2,1,0.49568861722946167
7349,3,6,0,0.6122923493385315
7350,9,9,1,0.785468578338623
7351,2,5,0,0.4251265525817871
7352,3,3,1,0.6596271395683289
7353,8,3,0,0.552803099155426
7354,0,4,0,0.5089019536972046
7355,7,6,0,0.9657634496688843
7356,0,3,0,0.5041785836219788
7357,6,6,1,0.8519834280014038
7358,8,6,0,0.6257339715957642
7359,1,9,0,0.9488945007324219
7360,2,5,0,0.8023896813392639
7361,8,9,0,0.5766838192939758
7362,9,1,0,0.42306527495384216
7363,1,9,0,0.49306249618530273
7364,5,3,0,0.5198072195053101
7365,4,3,0,0.7049168944358826
7366,2,5,0,0.37392958998680115
7367,3,5,0,0.9264056086540222
7368,5,5,1,0.6116854548454285
7369,5,5,1,0.790560245513916
7370,3,3,1,0.3691454827785492
7371,6,6,1,0.40945902466773987
7372,5,5,1,0.8626806139945984
7373,0,5,0,0.8151153326034546
7374,3,5,0,0.38483208417892456
7375,2,2,1,0.6451499462127686
7376,1,1,1,0.4976952373981476
7377,3,3,1,0.8897811770439148
7378,3,1,0,0.8234477043151855
7379,7,3,0,0.45684608817100525
7380,7,5,0,0.6242145895957947
7381,4,1,0,0.5715327262878418
7382,9,9,1,0.9860944747924805
7383,4,3,0,0.6363877058029175
7384,3,5,0,0.7240735292434692
7385,9,9,1,0.4013161361217499
7386,5,5,1,0.7198173403739929
7387,1,3,0,0.424955815076828
7388,7,7,1,0.34561529755592346
7389,6,9,0,0.38987061381340027
7390,6,6,1,0.659604549407959
7391,4,4,1,0.6446594595909119
7392,8,3,0,0.6585174202919006
7393,5,3,0,0.5978442430496216
7394,1,9,0,0.8860620856285095
7395,2,1,0,0.36685362458229065
7396,8,0,0,0.24297122657299042
7397,4,6,0,0.68683260679245
7398,5,3,0,0.8862770795822144
7399,3,1,0,0.38548538088798523
7400,3,6,0,0.8507205843925476
7401,3,7,0,0.505142331123352
7402,0,9,0,0.38789328932762146
7403,4,1,0,0.35318446159362793
7404,8,6,0,0.43026748299598694
7405,7,6,0,0.4883958697319031
7406,7,9,0,0.7610920071601868
7407,9,3,0,0.7466168403625488
7408,4,2,0,0.43302857875823975
7409,8,4,0,0.5882260799407959
7410,4,4,1,0.46872133016586304
7411,5,6,0,0.7250852584838867
7412,9,5,0,0.539309561252594
7413,1,3,0,0.7158579230308533
7414,8,1,0,0.44101014733314514
7415,3,3,1,0.5290976166725159
7416,1,9,0,0.6082119941711426
7417,3,4,0,0.4279076159000397
7418,8,3,0,0.47017717361450195
7419,0,0,1,0.6031535863876343
7420,3,3,1,0.6072165966033936
7421,5,9,0,0.7972897887229919
7422,4,3,0,0.5930469632148743
7423,6,3,0,0.4553840756416321
7424,9,9,1,0.5891366600990295
7425,2,2,1,0.604280948638916
7426,7,6,0,0.5748710036277771
7427,2,4,0,0.3591192364692688
7428,0,3,0,0.32567083835601807
7429,5,9,0,0.3476528823375702
7430,2,7,0,0.4292203485965729
7431,9,9,1,0.4215070903301239
7432,7,3,0,0.5221863985061646
7433,5,3,0,0.6489379405975342
7434,0,0,1,0.8440681099891663
7435,7,9,0,0.7429733276367188
7436,0,7,0,0.38335397839546204
7437,3,3,1,0.5592777132987976
7438,5,7,0,0.6280574798583984
7439,5,5,1,0.4197649657726288
7440,3,6,0,0.4114702641963959
7441,8,4,0,0.5211952328681946
7442,7,3,0,0.36080142855644226
7443,7,3,0,0.47731882333755493
7444,9,9,1,0.6461426615715027
7445,6,3,0,0.6886500716209412
7446,5,3,0,0.543668806552887
7447,8,1,0,0.4208834767341614
7448,9,9,1,0.5859187841415405
7449,0,3,0,0.47253209352493286
7450,1,1,1,0.9293427467346191
7451,9,6,0,0.38695594668388367
7452,4,6,0,0.6364669799804688
7453,0,7,0,0.5404467582702637
7454,0,9,0,0.6648475527763367
7455,1,1,1,0.5082376599311829
7456,7,2,0,0.4765993356704712
7457,2,5,0,0.5394509434700012
7458,2,8,0,0.46046414971351624
7459,8,3,0,0.6639528274536133
7460,5,5,1,0.8992016315460205
7461,9,9,1,0.6855233311653137
7462,8,7,0,0.39301231503486633
7463,2,5,0,0.4867985248565674
7464,8,3,0,0.4353521168231964
7465,0,0,1,0.5196108222007751
7466,6,6,1,0.9540751576423645
7467,6,4,0,0.5727189779281616
7468,8,3,0,0.46460583806037903
7469,6,6,1,0.7626857757568359
7470,9,9,1,0.3651021718978882
7471,6,3,0,0.7051208019256592
7472,1,9,0,0.5727881789207458
7473,1,5,0,0.2877487242221832
7474,5,1,0,0.5291414856910706
7475,3,5,0,0.5956235527992249
7476,5,3,0,0.4881531298160553
7477,0,3,0,0.2859572470188141
7478,7,2,0,0.487088143825531
7479,6,6,1,0.9378367066383362
7480,1,1,1,0.5928229093551636
7481,4,4,1,0.8253133893013
7482,4,3,0,0.5161386728286743
7483,1,1,1,0.6408321857452393
7484,1,6,0,0.33900463581085205
7485,8,9,0,0.45295417308807373
7486,1,2,0,0.5632392168045044
7487,1,9,0,0.3952760398387909
7488,2,2,1,0.4511358439922333
7489,3,5,0,0.5798103213310242
7490,4,6,0,0.9787687063217163
7491,9,5,0,0.48715582489967346
7492,9,9,1,0.44384971261024475
7493,5,1,0,0.8147299885749817
7494,2,3,0,0.615943431854248
7495,7,4,0,0.6860649585723877
7496,3,5,0,0.6214603781700134
7497,3,5,0,0.8052139282226562
7498,6,3,0,0.48614633083343506
7499,9,1,0,0.5771401524543762
7500,6,3,0,0.7308871746063232
7501,9,9,1,0.7358871698379517
7502,8,3,0,0.668840229511261
7503,8,3,0,0.5290935039520264
7504,6,8,0,0.5874918103218079
7505,7,7,1,0.463828980922699
7506,4,9,0,0.35293421149253845
7507,7,3,0,0.7351807951927185
7508,2,6,0,0.3493650555610657
7509,3,7,0,0.49483752250671387
7510,8,3,0,0.5407949090003967
7511,0,0,1,0.6265595555305481
7512,9,1,0,0.7828199863433838
7513,0,3,0,0.48398545384407043
7514,7,0,0,0.3404283821582794
7515,8,1,0,0.6524167656898499
7516,1,9,0,0.8173741102218628
7517,2,6,0,0.8295289278030396
7518,3,4,0,0.713123083114624
7519,2,9,0,0.8859268426895142
7520,4,4,1,0.7310590744018555
7521,2,5,0,0.7129515409469604
7522,9,7,0,0.7508259415626526
7523,0,3,0,0.36912301182746887
7524,3,4,0,0.6634481549263
7525,8,3,0,0.3187327980995178
7526,9,1,0,0.556032657623291
7527,6,6,1,0.7212165594100952
7528,5,5,1,0.7734491229057312
7529,5,3,0,0.8318385481834412
7530,2,8,0,0.6706659197807312
7531,4,4,1,0.5261399149894714
7532,1,9,0,0.8431301116943359
7533,0,1,0,0.4520582854747772
7534,6,5,0,0.6302352547645569
7535,1,3,0,0.9141137599945068
7536,8,7,0,0.5243500471115112
7537,4,6,0,0.4131048917770386
7538,5,5,1,0.7174233198165894
7539,5,5,1,0.40107959508895874
7540,5,5,1,0.7141387462615967
7541,0,0,1,0.67180335521698
7542,8,6,0,0.5155444741249084
7543,9,9,1,0.47490257024765015
7544,0,3,0,0.4628421664237976
7545,5,2,0,0.5659236311912537
7546,7,2,0,0.43608587980270386
7547,9,9,1,0.4323463439941406
7548,6,6,1,0.7061517834663391
7549,3,6,0,0.8714272379875183
7550,4,6,0,0.7617833614349365
7551,6,3,0,0.49672046303749084
7552,4,9,0,0.48831021785736084
7553,9,1,0,0.7098928689956665
7554,7,5,0,0.5521954894065857
7555,1,1,1,0.47278842329978943
7556,2,7,0,0.603034257888794
7557,5,1,0,0.7066909074783325
7558,2,5,0,0.5720199942588806
7559,8,0,0,0.32682210206985474
7560,0,6,0,0.48441627621650696
7561,2,9,0,0.3147013485431671
7562,2,5,0,0.4245530962944031
7563,9,9,1,0.7715851664543152
7564,8,8,1,0.43887490034103394
7565,1,9,0,0.331144779920578
7566,9,3,0,0.5084803104400635
7567,7,3,0,0.4062906801700592
7568,7,5,0,0.4333013892173767
7569,3,3,1,0.6943748593330383
7570,1,1,1,0.9695910215377808
7571,4,6,0,0.4374501407146454
7572,1,6,0,0.5374644994735718
7573,1,3,0,0.8476386070251465
7574,3,6,0,0.9173877835273743
7575,8,9,0,0.6296496987342834
7576,8,6,0,0.5999282598495483
7577,1,9,0,0.6488691568374634
7578,9,0,0,0.3433869183063507
7579,3,3,1,0.4385903775691986
7580,8,3,0,0.6461061239242554
7581,9,9,1,0.5017337203025818
7582,5,5,1,0.5703811049461365
7583,1,9,0,0.5451395511627197
7584,1,8,0,0.3336552083492279
7585,6,6,1,0.49895310401916504
7586,2,3,0,0.5444885492324829
7587,7,6,0,0.39381054043769836
7588,2,6,0,0.36293619871139526
7589,6,6,1,0.8407002091407776
7590,2,4,0,0.6183854341506958
7591,6,6,1,0.5592362284660339
7592,9,3,0,0.4655793607234955
7593,6,3,0,0.389158695936203
7594,0,2,0,0.4508606195449829
7595,1,1,1,0.37835896015167236
7596,3,5,0,0.4143388867378235
7597,9,5,0,0.517159640789032
7598,3,4,0,0.5038473606109619
7599,8,3,0,0.5186721086502075
7600,8,2,0,0.6547234058380127
7601,8,9,0,0.8837181329727173
7602,2,6,0,0.670526921749115
7603,9,3,0,0.4759492576122284
7604,1,6,0,0.585822343826294
7605,2,5,0,0.47524064779281616
7606,6,6,1,0.587620735168457
7607,0,9,0,0.5197799801826477
7608,5,4,0,0.6876161098480225
7609,0,5,0,0.5770726799964905
7610,7,3,0,0.6777970790863037
7611,7,9,0,0.38067811727523804
7612,7,5,0,0.5518445372581482
7613,9,6,0,0.7052274346351624
7614,4,4,1,0.45142725110054016
7615,5,5,1,0.6495347023010254
7616,0,6,0,0.9124227166175842
7617,2,8,0,0.7215502262115479
7618,3,3,1,0.4360380470752716
7619,5,3,0,0.6479781270027161
7620,5,3,0,0.33826780319213867
7621,8,3,0,0.6324943900108337
7622,9,6,0,0.7083459496498108
7623,1,2,0,0.7402309775352478
7624,2,2,1,0.4268401563167572
7625,7,6,0,0.5969149470329285
7626,1,3,0,0.5187801122665405
7627,3,6,0,0.6808894276618958
7628,4,6,0,0.7964551448822021
7629,6,6,1,0.5029971599578857
7630,9,2,0,0.5856344699859619
7631,1,5,0,0.8402521014213562
7632,0,5,0,0.4171018898487091
7633,7,3,0,0.6091858744621277
7634,1,5,0,0.4010888338088989
7635,9,1,0,0.6405641436576843
7636,5,3,0,0.6168829798698425
7637,8,3,0,0.6016625165939331
7638,1,7,0,0.6283374428749084
7639,9,6,0,0.8890562057495117
7640,9,7,0,0.5447754859924316
7641,7,7,1,0.525551438331604
7642,9,0,0,0.4591059386730194
7643,8,9,0,0.5488877296447754
7644,3,3,1,0.616324782371521
7645,0,9,0,0.4331098794937134
7646,2,2,1,0.8908573389053345
7647,6,1,0,0.6040339469909668
7648,0,9,0,0.4765712022781372
7649,2,9,0,0.42666369676589966
7650,2,4,0,0.6745250821113586
7651,4,2,0,0.42459508776664734
7652,0,9,0,0.3824548125267029
7653,8,9,0,0.70845627784729
7654,4,3,0,0.4518558979034424
7655,8,8,1,0.44470638036727905
7656,1,1,1,0.6431311964988708
7657,2,7,0,0.49502700567245483
7658,7,7,1,0.521717369556427
7659,2,7,0,0.8486989140510559
7660,7,9,0,0.5511068105697632
7661,9,6,0,0.7646169662475586
7662,5,3,0,0.6680890321731567
7663,2,6,0,0.4810357391834259
7664,2,1,0,0.9561566114425659
7665,9,2,0,0.40540310740470886
7666,2,7,0,0.6395677328109741
7667,6,6,1,0.5164806842803955
7668,5,1,0,0.4006710946559906
7669,7,4,0,0.8690613508224487
7670,2,6,0,0.43748679757118225
7671,5,5,1,0.8258062601089478
7672,6,6,1,0.7292280793190002
7673,5,6,0,0.6671843528747559
7674,1,9,0,0.472140371799469
7675,8,3,0,0.5721582174301147
7676,2,6,0,0.5152424573898315
7677,6,2,0,0.3847970962524414
7678,8,9,0,0.591744065284729
7679,6,1,0,0.6460026502609253
7680,3,9,0,0.5882381796836853
7681,0,3,0,0.7124691009521484
7682,8,8,1,0.4669487178325653
7683,0,8,0,0.8896616101264954
7684,0,3,0,0.8188036680221558
7685,9,9,1,0.7049848437309265
7686,9,3,0,0.3574432134628296
7687,6,9,0,0.6471242904663086
7688,8,2,0,0.77055424451828
7689,0,3,0,0.30582961440086365
7690,6,6,1,0.7907863259315491
7691,6,3,0,0.6614871025085449
7692,0,9,0,0.6427244544029236
7693,7,1,0,0.6851357817649841
7694,9,6,0,0.4078851640224457
7695,8,2,0,0.412446528673172
7696,0,9,0,0.5043321847915649
7697,5,8,0,0.6345000863075256
7698,0,0,1,0.5492058396339417
7699,9,3,0,0.6184783577919006
7700,6,6,1,0.8862510919570923
7701,0,2,0,0.3420369625091553
7702,4,3,0,0.5157387852668762
7703,7,7,1,0.8547344207763672
7704,1,5,0,0.4611055850982666
7705,7,3,0,0.5245361924171448
7706,8,1,0,0.6751078367233276
7707,8,1,0,0.8103230595588684
7708,2,6,0,0.4214428663253784
7709,3,8,0,0.3436172902584076
7710,9,9,1,0.5963060855865479
7711,6,9,0,0.6022128462791443
7712,5,5,1,0.816170334815979
7713,5,1,0,0.43839216232299805
7714,3,3,1,0.9111233949661255
7715,1,9,0,0.36070936918258667
7716,5,9,0,0.5656211376190186
7717,3,3,1,0.8454779982566833
7718,0,2,0,0.6421731114387512
7719,2,9,0,0.4091079533100128
7720,5,2,0,0.397449791431427
7721,2,1,0,0.4500297009944916
7722,7,8,0,0.4150204062461853
7723,3,9,0,0.3814842700958252
7724,8,8,1,0.689524233341217
7725,4,5,0,0.4558548033237457
7726,4,7,0,0.3754011392593384
7727,6,2,0,0.43744245171546936
7728,1,0,0,0.5074665546417236
7729,9,9,1,0.8991966843605042
7730,4,6,0,0.6340218186378479
7731,1,3,0,0.7382641434669495
7732,7,7,1,0.4068030118942261
7733,0,9,0,0.6348851323127747
7734,1,7,0,0.5165740847587585
7735,4,6,0,0.648796021938324
7736,3,3,1,0.7448518872261047
7737,0,1,0,0.7788428664207458
7738,2,1,0,0.7696589827537537
7739,9,5,0,0.35198014974594116
7740,4,9,0,0.42538559436798096
7741,5,3,0,0.7026703953742981
7742,0,6,0,0.48139646649360657
7743,3,7,0,0.4311511516571045
7744,4,1,0,0.5209939479827881
7745,7,3,0,0.3158177137374878
7746,2,3,0,0.659821629524231
7747,3,6,0,0.9574087262153625
7748,0,0,1,0.32167118787765503
7749,1,3,0,0.650941014289856
7750,3,3,1,0.7191670536994934
7751,7,2,0,0.6528275609016418
7752,9,3,0,0.5580728650093079
7753,9,9,1,0.5419570207595825
7754,0,5,0,0.5377877354621887
7755,7,4,0,0.6665835380554199
7756,5,6,0,0.6099319458007812
7757,6,6,1,0.7175251245498657
7758,7,3,0,0.35919108986854553
7759,1,1,1,0.6482043862342834
7760,2,2,1,0.43684956431388855
7761,2,4,0,0.3515082597732544
7762,7,2,0,0.6254016757011414
7763,4,3,0,0.6000095009803772
7764,6,6,1,0.7129392623901367
7765,8,2,0,0.5145870447158813
7766,4,1,0,0.41671085357666016
7767,9,6,0,0.5617113709449768
7768,8,9,0,0.40113964676856995
7769,4,5,0,0.70352703332901
7770,9,3,0,0.4849763810634613
7771,2,3,0,0.6139196157455444
7772,3,6,0,0.7466006278991699
7773,4,7,0,0.3248491585254669
7774,0,8,0,0.4779013693332672
7775,2,2,1,0.6440571546554565
7776,5,8,0,0.6403054594993591
7777,6,9,0,0.4064616858959198
7778,0,2,0,0.35200101137161255
7779,5,2,0,0.6078197956085205
7780,3,3,1,0.5448318123817444
7781,5,2,0,0.43464088439941406
7782,8,6,0,0.5126200914382935
7783,3,3,1,0.6141670942306519
7784,7,6,0,0.6792557239532471
7785,4,2,0,0.8502970933914185
7786,9,9,1,0.5779591202735901
7787,5,1,0,0.8064202666282654
7788,6,7,0,0.5127158761024475
7789,3,3,1,0.34173673391342163
7790,8,5,0,0.44299399852752686
7791,6,3,0,0.8007258772850037
7792,9,9,1,0.7806748151779175
7793,8,1,0,0.2582378089427948
7794,5,3,0,0.5012490749359131
7795,5,7,0,0.28487464785575867
7796,8,5,0,0.5189287662506104
7797,3,6,0,0.7945327162742615
7798,5,3,0,0.6688258647918701
7799,9,9,1,0.5175739526748657
7800,0,8,0,0.6228883862495422
7801,4,2,0,0.4982195198535919
7802,2,2,1,0.3800467550754547
7803,0,8,0,0.5122534036636353
7804,5,5,1,0.531694233417511
7805,9,6,0,0.9284953474998474
7806,9,9,1,0.6106308102607727
7807,3,7,0,0.6904156804084778
7808,8,6,0,0.704932689666748
7809,0,4,0,0.5176683068275452
7810,6,6,1,0.43095311522483826
7811,0,8,0,0.7233173847198486
7812,2,9,0,0.38194140791893005
7813,3,1,0,0.5527200102806091
7814,7,5,0,0.6261478662490845
7815,0,6,0,0.5497155785560608
7816,0,3,0,0.6911916136741638
7817,6,1,0,0.4109131991863251
7818,9,3,0,0.49475541710853577
7819,1,3,0,0.3855670094490051
7820,5,5,1,0.8453928828239441
7821,2,5,0,0.4810473620891571
7822,2,6,0,0.4374733865261078
7823,7,3,0,0.390595406293869
7824,9,8,0,0.5210145115852356
7825,3,6,0,0.9192759990692139
7826,9,5,0,0.5399779081344604
7827,3,6,0,0.8276728987693787
7828,5,5,1,0.9236680865287781
7829,2,1,0,0.3309401571750641
7830,2,6,0,0.6853223443031311
7831,2,4,0,0.7483217120170593
7832,8,9,0,0.6875598430633545
7833,8,2,0,0.5361883640289307
7834,5,6,0,0.5941108465194702
7835,0,3,0,0.48178914189338684
7836,0,0,1,0.5557081699371338
7837,7,3,0,0.4521246552467346
7838,0,1,0,0.8270082473754883
7839,3,5,0,0.7587141394615173
7840,1,5,0,0.3614565134048462
7841,6,2,0,0.5275447964668274
7842,5,3,0,0.5914092063903809
7843,0,5,0,0.4797947406768799
7844,9,9,1,0.36099034547805786
7845,2,9,0,0.6324737668037415
7846,6,3,0,0.5540434718132019
7847,7,3,0,0.5226335525512695
7848,4,0,0,0.3718334138393402
7849,2,3,0,0.44978103041648865
7850,0,3,0,0.5932261347770691
7851,0,3,0,0.4254833161830902
7852,5,7,0,0.5607650876045227
7853,3,4,0,0.7718474268913269
7854,3,5,0,0.8456875085830688
7855,2,2,1,0.6517740488052368
7856,6,2,0,0.3110333979129791
7857,4,6,0,0.8696212768554688
7858,2,3,0,0.665698766708374
7859,7,3,0,0.7291930913925171
7860,8,6,0,0.4635140299797058
7861,0,9,0,0.47493284940719604
7862,1,6,0,0.8730906248092651
7863,0,8,0,0.5054598450660706
7864,1,1,1,0.8739718198776245
7865,3,3,1,0.7417771816253662
7866,6,4,0,0.4145515561103821
7867,4,3,0,0.7348388433456421
7868,8,1,0,0.4394844174385071
7869,0,8,0,0.5988749861717224
7870,6,6,1,0.9882525205612183
7871,0,7,0,0.4328732490539551
7872,9,3,0,0.5755288600921631
7873,1,6,0,0.44123828411102295
7874,6,7,0,0.6172001361846924
7875,2,3,0,0.46483114361763
7876,1,3,0,0.4447348713874817
7877,0,1,0,0.2920720875263214
7878,1,9,0,0.5356901288032532
7879,3,6,0,0.6055698990821838
7880,0,9,0,0.6358218789100647
7881,3,9,0,0.5780565738677979
7882,7,5,0,0.6743746995925903
7883,9,9,1,0.4883219003677368
7884,9,5,0,0.38510680198669434
7885,3,3,1,0.7095009088516235
7886,7,9,0,0.40496543049812317
7887,5,6,0,0.6670591831207275
7888,7,7,1,0.9007303714752197
7889,1,7,0,0.5291439294815063
7890,6,6,1,0.7567744851112366
7891,6,2,0,0.5909194350242615
7892,1,2,0,0.4371817409992218
7893,1,9,0,0.4556471109390259
7894,1,7,0,0.5260946154594421
7895,4,9,0,0.6367958188056946
7896,4,4,1,0.36598631739616394
7897,2,3,0,0.7411252856254578
7898,1,1,1,0.85606449842453
7899,7,3,0,0.5715010762214661
7900,0,9,0,0.4707243740558624
7901,1,1,1,0.4491558372974396
7902,2,9,0,0.28302162885665894
7903,1,3,0,0.6323226094245911
7904,1,5,0,0.8315594792366028
7905,3,6,0,0.8254145979881287
7906,2,3,0,0.42950373888015747
7907,6,3,0,0.5078306794166565
7908,9,6,0,0.6357409954071045
7909,1,9,0,0.4422549903392792
7910,3,5,0,0.6227754950523376
7911,2,2,1,0.6618361473083496
7912,0,2,0,0.6397163271903992
7913,8,7,0,0.5269407033920288
7914,7,4,0,0.5737834572792053
7915,3,3,1,0.7342681884765625
7916,4,2,0,0.831657886505127
7917,6,6,1,0.7615955471992493
7918,4,6,0,0.6792976260185242
7919,6,3,0,0.6917165517807007
7920,9,6,0,0.8983752727508545
7921,4,4,1,0.3178689777851105
7922,8,8,1,0.3584763705730438
7923,9,6,0,0.646441638469696
7924,3,6,0,0.6215241551399231
7925,0,0,1,0.27840855717658997
7926,5,5,1,0.6257864236831665
7927,7,1,0,0.40954357385635376
7928,2,3,0,0.4527007043361664
7929,0,0,1,0.7391061186790466
7930,2,0,0,0.5091403722763062
7931,9,6,0,0.4790791869163513
7932,9,7,0,0.2849279046058655
7933,3,4,0,0.5421068668365479
7934,8,9,0,0.5467838048934937
7935,7,3,0,0.5007839798927307
7936,1,3,0,0.47805196046829224
7937,1,9,0,0.8751218318939209
7938,2,1,0,0.8651979565620422
7939,2,3,0,0.4932247996330261
7940,2,3,0,0.6010350584983826
7941,5,4,0,0.5799099802970886
7942,9,3,0,0.49085888266563416
7943,1,1,1,0.5333876013755798
7944,2,2,1,0.6777843236923218
7945,6,6,1,0.4357111155986786
7946,1,1,1,0.8325071334838867
7947,2,3,0,0.645499587059021
7948,1,9,0,0.5895511507987976
7949,8,0,0,0.36322879791259766
7950,9,6,0,0.5499411225318909
7951,2,2,1,0.7561001181602478
7952,3,1,0,0.7409906983375549
7953,1,9,0,0.3891896903514862
7954,9,9,1,0.7070686221122742
7955,9,5,0,0.5821601152420044
7956,4,6,0,0.5785309672355652
7957,4,1,0,0.535007655620575
7958,5,2,0,0.44311532378196716
7959,5,8,0,0.6497379541397095
7960,0,3,0,0.6176458597183228
7961,3,6,0,0.5243780612945557
7962,3,5,0,0.7261759042739868
7963,7,3,0,0.5157766342163086
7964,1,9,0,0.8896849751472473
7965,7,7,1,0.8423278331756592
7966,7,7,1,0.5206973552703857
7967,9,6,0,0.419036865234375
7968,8,6,0,0.52568119764328
7969,6,6,1,0.9122983813285828
7970,3,9,0,0.26613888144493103
7971,5,5,1,0.8702667355537415
7972,5,5,1,0.601984977722168
7973,1,1,1,0.46135807037353516
7974,6,7,0,0.5925136208534241
7975,2,1,0,0.6917248368263245
7976,7,6,0,0.9465264678001404
7977,8,2,0,0.7864794731140137
7978,4,8,0,0.5185868144035339
7979,3,6,0,0.35167932510375977
7980,3,3,1,0.5274599194526672
7981,5,6,0,0.8017499446868896
7982,9,9,1,0.778005063533783
7983,6,9,0,0.6327452063560486
7984,8,9,0,0.6273164749145508
7985,5,6,0,0.38531187176704407
7986,1,6,0,0.5976903438568115
7987,0,2,0,0.7851772308349609
7988,6,1,0,0.3864351212978363
7989,7,3,0,0.5018986463546753
7990,0,3,0,0.5117042660713196
7991,9,9,1,0.895487904548645
7992,6,1,0,0.26673954725265503
7993,2,4,0,0.25890791416168213
7994,0,5,0,0.7759646773338318
7995,8,2,0,0.6500132083892822
7996,7,3,0,0.605244517326355
7997,1,5,0,0.2861877977848053
7998,2,7,0,0.851303219795227
7999,6,0,0,0.3989349901676178
8000,9,2,0,0.51807701587677
8001,1,6,0,0.4934776723384857
8002,6,3,0,0.664435088634491
8003,4,6,0,0.7957783937454224
8004,7,9,0,0.4264616370201111
8005,1,3,0,0.49360138177871704
8006,9,6,0,0.670701265335083
8007,0,6,0,0.40412604808807373
8008,0,3,0,0.7396366000175476
8009,5,2,0,0.395915687084198
8010,2,2,1,0.311895489692688
8011,8,3,0,0.38375070691108704
8012,3,1,0,0.6108729243278503
8013,8,2,0,0.5625693202018738
8014,2,3,0,0.5511223673820496
8015,8,0,0,0.8298446536064148
8016,4,2,0,0.5428026914596558
8017,0,0,1,0.6808144450187683
8018,8,9,0,0.541908323764801
8019,3,5,0,0.4980655312538147
8020,6,5,0,0.6130974292755127
8021,1,9,0,0.7079491019248962
8022,2,3,0,0.5611269474029541
8023,3,5,0,0.7398266792297363
8024,0,9,0,0.4818154573440552
8025,5,5,1,0.6895852088928223
8026,0,9,0,0.4078359007835388
8027,4,1,0,0.43679380416870117
8028,1,3,0,0.5675041675567627
8029,7,1,0,0.6734069585800171
8030,2,1,0,0.6930733919143677
8031,0,1,0,0.3710126578807831
8032,1,7,0,0.6681267023086548
8033,3,5,0,0.6861487627029419
8034,9,9,1,0.8105971217155457
8035,1,9,0,0.7063361406326294
8036,6,3,0,0.7296865582466125
8037,1,1,1,0.906812846660614
8038,6,1,0,0.3412512242794037
8039,1,5,0,0.41549643874168396
8040,2,2,1,0.8475450277328491
8041,8,6,0,0.6698035001754761
8042,7,2,0,0.4577672779560089
8043,0,1,0,0.7088705897331238
8044,9,9,1,0.9310171604156494
8045,5,1,0,0.8427407741546631
8046,8,0,0,0.5407953262329102
8047,0,1,0,0.6879808306694031
8048,0,3,0,0.6159780025482178
8049,1,9,0,0.6355365514755249
8050,7,7,1,0.8495342135429382
8051,9,6,0,0.9311332702636719
8052,7,1,0,0.6485227942466736
8053,1,3,0,0.4867591857910156
8054,9,9,1,0.40987130999565125
8055,2,9,0,0.47413370013237
8056,1,6,0,0.8144325613975525
8057,9,3,0,0.6515715718269348
8058,4,7,0,0.745629608631134
8059,3,7,0,0.4443650245666504
8060,6,4,0,0.39153870940208435
8061,0,3,0,0.5609137415885925
8062,2,6,0,0.4715365767478943
8063,0,9,0,0.37375733256340027
8064,0,3,0,0.5312988758087158
8065,9,3,0,0.6454139351844788
8066,9,3,0,0.4373261332511902
8067,8,8,1,0.5357625484466553
8068,9,9,1,0.5570676922798157
8069,4,2,0,0.44070619344711304
8070,5,3,0,0.7521461844444275
8071,4,3,0,0.47865691781044006
8072,3,6,0,0.5546847581863403
8073,0,3,0,0.5277299880981445
8074,7,3,0,0.486467182636261
8075,8,5,0,0.5178734660148621
8076,7,3,0,0.6627748608589172
8077,3,7,0,0.5212087035179138
8078,7,9,0,0.32196375727653503
8079,5,3,0,0.3469125032424927
8080,4,6,0,0.36097463965415955
8081,6,6,1,0.9818545579910278
8082,5,1,0,0.6564354300498962
8083,9,3,0,0.6411725282669067
8084,5,3,0,0.6329479813575745
8085,2,5,0,0.7028738856315613
8086,4,3,0,0.4725761413574219
8087,2,1,0,0.6674097180366516
8088,7,3,0,0.8185590505599976
8089,9,9,1,0.7782803177833557
8090,6,6,1,0.6158552765846252
8091,7,6,0,0.6023756861686707
8092,4,2,0,0.6370043754577637
8093,7,3,0,0.4398893713951111
8094,1,3,0,0.5119734406471252
8095,2,2,1,0.3544619381427765
8096,3,6,0,0.7029187679290771
8097,1,2,0,0.5416483879089355
8098,1,0,0,0.4156511723995209
8099,3,6,0,0.775800883769989
8100,6,2,0,0.565987229347229
8101,8,3,0,0.37344637513160706
8102,3,6,0,0.5185771584510803
8103,7,5,0,0.7713567018508911
8104,7,9,0,0.4238784611225128
8105,0,9,0,0.7634589076042175
8106,8,6,0,0.5032851696014404
8107,1,9,0,0.5141522288322449
8108,5,6,0,0.425550252199173
8109,2,6,0,0.7229801416397095
8110,5,6,0,0.8189866542816162
8111,5,5,1,0.5224656462669373
8112,3,6,0,0.36979052424430847
8113,6,6,1,0.3466199040412903
8114,3,6,0,0.7154293656349182
8115,5,9,0,0.6798152923583984
8116,9,9,1,0.7372357845306396
8117,8,8,1,0.5295384526252747
8118,4,4,1,0.3395310640335083
8119,6,9,0,0.7719776630401611
8120,8,9,0,0.4659311771392822
8121,0,1,0,0.5285276770591736
8122,4,3,0,0.36520013213157654
8123,1,1,1,0.8253394961357117
8124,7,6,0,0.6904727220535278
8125,8,1,0,0.7040408849716187
8126,4,3,0,0.6847521662712097
8127,9,3,0,0.6390897631645203
8128,7,3,0,0.5464001893997192
8129,2,2,1,0.6356232166290283
8130,6,4,0,0.676049530506134
8131,3,5,0,0.8151458501815796
8132,8,3,0,0.388118177652359
8133,8,3,0,0.3221507966518402
8134,6,6,1,0.6073311567306519
8135,7,2,0,0.46719038486480713
8136,3,9,0,0.40100598335266113
8137,8,2,0,0.5298407673835754
8138,1,9,0,0.6272581815719604
8139,1,2,0,0.33495715260505676
8140,5,6,0,0.6720302104949951
8141,3,6,0,0.902079164981842
8142,7,6,0,0.7146648168563843
8143,9,6,0,0.8108901977539062
8144,9,5,0,0.4669841229915619
8145,9,5,0,0.6786383390426636
8146,8,9,0,0.8890396356582642
8147,5,1,0,0.40727657079696655
8148,9,9,1,0.696350634098053
8149,9,6,0,0.9501964449882507
8150,6,6,1,0.7548607587814331
8151,8,0,0,0.4237844944000244
8152,8,7,0,0.8696955442428589
8153,4,9,0,0.7078853845596313
8154,8,8,1,0.7702500820159912
8155,1,1,1,0.9112661480903625
8156,0,5,0,0.6416319608688354
8157,1,1,1,0.6872982382774353
8158,8,6,0,0.48097074031829834
8159,8,3,0,0.5884634852409363
8160,6,9,0,0.5164157748222351
8161,5,5,1,0.49314084649086
8162,9,9,1,0.538220226764679
8163,0,4,0,0.34795141220092773
8164,6,6,1,0.6878746151924133
8165,1,5,0,0.528875470161438
8166,2,5,0,0.4855077266693115
8167,6,3,0,0.5869349837303162
8168,6,9,0,0.5037941336631775
8169,3,1,0,0.45726296305656433
8170,5,3,0,0.7314652800559998
8171,6,6,1,0.6149150729179382
8172,5,5,1,0.6419621109962463
8173,5,5,1,0.5400974154472351
8174,3,0,0,0.5021270513534546
8175,3,1,0,0.5081719756126404
8176,6,3,0,0.5475106239318848
8177,8,5,0,0.48480224609375
8178,9,6,0,0.6978497505187988
8179,4,2,0,0.4336577355861664
8180,4,4,1,0.6117357611656189
8181,3,2,0,0.3950464427471161
8182,8,3,0,0.5059179663658142
8183,3,3,1,0.5738822221755981
8184,6,3,0,0.3913683295249939
8185,0,2,0,0.42332711815834045
8186,8,2,0,0.4989820718765259
8187,5,4,0,0.4205325245857239
8188,7,6,0,0.287992924451828
8189,8,6,0,0.5959662795066833
8190,4,4,1,0.7437163591384888
8191,6,5,0,0.46978363394737244
8192,5,3,0,0.6006180644035339
8193,3,1,0,0.3602401316165924
8194,1,9,0,0.6808918714523315
8195,8,9,0,0.7559509873390198
8196,3,9,0,0.40339580178260803
8197,0,2,0,0.43280938267707825
8198,4,1,0,0.509032666683197
8199,4,3,0,0.4807524085044861
8200,3,3,1,0.5239573121070862
8201,3,7,0,0.5620964765548706
8202,5,3,0,0.4183061718940735
8203,3,6,0,0.34688371419906616
8204,3,5,0,0.39562398195266724
8205,2,3,0,0.5700324773788452
8206,7,3,0,0.5557416677474976
8207,7,7,1,0.7392535209655762
8208,8,3,0,0.8243274092674255
8209,2,3,0,0.690650999546051
8210,0,9,0,0.3365553021430969
8211,5,9,0,0.5072316527366638
8212,5,3,0,0.7461106777191162
8213,6,6,1,0.6871111989021301
8214,1,6,0,0.5251515507698059
8215,1,5,0,0.48507484793663025
8216,3,3,1,0.7580367922782898
8217,9,9,1,0.8111597895622253
8218,9,6,0,0.9598339796066284
8219,3,6,0,0.5974618196487427
8220,6,5,0,0.4712786078453064
8221,7,4,0,0.9091303944587708
8222,1,9,0,0.772824764251709
8223,8,3,0,0.4075251817703247
8224,3,6,0,0.6069056987762451
8225,9,9,1,0.9069982767105103
8226,8,3,0,0.5510799884796143
8227,7,0,0,0.3944035768508911
8228,8,1,0,0.3760893642902374
8229,8,2,0,0.37642502784729004
8230,0,3,0,0.8380441665649414
8231,3,3,1,0.46254169940948486
8232,2,5,0,0.6711686849594116
8233,4,5,0,0.4808393716812134
8234,8,3,0,0.4326684772968292
8235,7,5,0,0.5500902533531189
8236,5,5,1,0.8387410640716553
8237,7,3,0,0.5412437915802002
8238,1,1,1,0.6238968372344971
8239,8,9,0,0.6148122549057007
8240,7,8,0,0.4901958703994751
8241,3,5,0,0.8294224739074707
8242,5,1,0,0.6787903308868408
8243,4,6,0,0.9044440984725952
8244,4,6,0,0.4871152341365814
8245,3,5,0,0.6483107805252075
8246,8,8,1,0.36877676844596863
8247,6,9,0,0.41199952363967896
8248,1,5,0,0.6442358493804932
8249,1,9,0,0.613576352596283
8250,6,6,1,0.9340829849243164
8251,3,6,0,0.812531590461731
8252,2,5,0,0.6044141054153442
8253,2,3,0,0.5595918297767639
8254,8,2,0,0.4508277177810669
8255,9,7,0,0.7256619930267334
8256,8,9,0,0.7882065773010254
8257,3,1,0,0.4533323645591736
8258,3,3,1,0.35548916459083557
8259,8,5,0,0.742983341217041
8260,1,3,0,0.37985798716545105
8261,1,9,0,0.6336060762405396
8262,0,5,0,0.6049211621284485
8263,5,3,0,0.6023394465446472
8264,2,2,1,0.4226537048816681
8265,0,0,1,0.8542959690093994
8266,5,5,1,0.35851815342903137
8267,0,9,0,0.6323716044425964
8268,5,6,0,0.56880122423172
8269,8,1,0,0.6370195746421814
8270,6,6,1,0.6044819951057434
8271,3,3,1,0.602152943611145
8272,9,1,0,0.7154040336608887
8273,6,3,0,0.4364164471626282
8274,6,3,0,0.8106005787849426
8275,3,7,0,0.453693151473999
8276,9,0,0,0.9280349612236023
8277,4,7,0,0.6472168564796448
8278,8,7,0,0.4673180878162384
8279,3,5,0,0.6111607551574707
8280,4,8,0,0.6379906535148621
8281,3,3,1,0.8189088702201843
8282,1,3,0,0.7311148047447205
8283,1,9,0,0.7129037380218506
8284,2,2,1,0.7015030980110168
8285,9,3,0,0.5644043684005737
8286,7,5,0,0.7584275603294373
8287,8,8,1,0.6428583264350891
8288,5,5,1,0.4569379687309265
8289,5,6,0,0.4125734865665436
8290,8,3,0,0.5291462540626526
8291,6,3,0,0.46483495831489563
8292,9,3,0,0.548664391040802
8293,0,5,0,0.37240463495254517
8294,8,8,1,0.898028552532196
8295,3,3,1,0.5762726664543152
8296,5,3,0,0.47420912981033325
8297,1,9,0,0.9138675928115845
8298,3,3,1,0.456167608499527
8299,3,3,1,0.7040301561355591
8300,5,3,0,0.5319319367408752
8301,5,1,0,0.718627393245697
8302,3,3,1,0.550887942314148
8303,8,9,0,0.282123327255249
8304,1,9,0,0.35287100076675415
8305,4,3,0,0.6919206976890564
8306,6,6,1,0.5149428248405457
8307,4,3,0,0.3486880660057068
8308,2,5,0,0.6696847081184387
8309,4,6,0,0.9836168885231018
8310,3,2,0,0.40988248586654663
8311,8,1,0,0.5534425973892212
8312,9,9,1,0.8454935550689697
8313,6,6,1,0.9404027462005615
8314,6,6,1,0.5598354339599609
8315,6,4,0,0.3936016857624054
8316,5,6,0,0.6112847328186035
8317,5,3,0,0.7183244228363037
8318,2,3,0,0.583065390586853
8319,7,6,0,0.6138506531715393
8320,7,3,0,0.7843316197395325
8321,4,4,1,0.3851555287837982
8322,4,6,0,0.8678155541419983
8323,9,9,1,0.8034863471984863
8324,3,3,1,0.48551613092422485
8325,8,9,0,0.6301713585853577
8326,3,6,0,0.5172346234321594
8327,7,3,0,0.682039201259613
8328,7,7,1,0.3130350112915039
8329,8,9,0,0.5332505702972412
8330,5,5,1,0.8036510944366455
8331,3,4,0,0.838848352432251
8332,9,9,1,0.36878281831741333
8333,1,3,0,0.5893605351448059
8334,6,4,0,0.7750911712646484
8335,7,6,0,0.4022449851036072
8336,3,3,1,0.5764273405075073
8337,3,6,0,0.9669506549835205
8338,3,2,0,0.5561255812644958
8339,8,2,0,0.4034859538078308
8340,5,3,0,0.4160934388637543
8341,6,6,1,0.37713342905044556
8342,1,2,0,0.41881200671195984
8343,3,3,1,0.6718364357948303
8344,7,4,0,0.660632848739624
8345,9,3,0,0.4304276406764984
8346,6,1,0,0.46158653497695923
8347,1,1,1,0.7944377064704895
8348,6,6,1,0.7400029897689819
8349,4,7,0,0.5038661360740662
8350,9,9,1,0.7552343606948853
8351,0,7,0,0.26705628633499146
8352,5,3,0,0.9072396159172058
8353,7,5,0,0.8364965915679932
8354,4,4,1,0.48863551020622253
8355,9,3,0,0.3898434340953827
8356,1,3,0,0.35929128527641296
8357,0,4,0,0.49887821078300476
8358,0,0,1,0.9627463817596436
8359,2,2,1,0.6466327905654907
8360,7,6,0,0.4425361752510071
8361,8,3,0,0.5213637948036194
8362,3,3,1,0.5379621386528015
8363,2,1,0,0.9294417500495911
8364,7,3,0,0.5179834961891174
8365,6,7,0,0.4391756057739258
8366,1,6,0,0.4061634838581085
8367,6,3,0,0.4871961772441864
8368,6,6,1,0.6201184391975403
8369,4,3,0,0.4240930378437042
8370,4,6,0,0.5156038999557495
8371,2,2,1,0.4531921446323395
8372,1,1,1,0.48112478852272034
8373,8,3,0,0.6236457228660583
8374,4,2,0,0.5498701333999634
8375,4,6,0,0.5532183647155762
8376,7,6,0,0.8112651705741882
8377,8,4,0,0.46856826543807983
8378,5,5,1,0.4366000294685364
8379,8,1,0,0.4201970100402832
8380,9,2,0,0.604645311832428
8381,4,6,0,0.4066753089427948
8382,3,3,1,0.7014094591140747
8383,2,2,1,0.533750593662262
8384,2,6,0,0.6605829000473022
8385,9,6,0,0.7547041177749634
8386,3,3,1,0.3764186203479767
8387,0,9,0,0.14787521958351135
8388,1,4,0,0.5253057479858398
8389,1,2,0,0.5205308794975281
8390,1,2,0,0.5349778532981873
8391,1,9,0,0.45216819643974304
8392,6,6,1,0.8446391224861145
8393,8,2,0,0.45437708497047424
8394,7,5,0,0.49875861406326294
8395,1,3,0,0.5979298949241638
8396,3,0,0,0.5619534254074097
8397,0,5,0,0.5930323004722595
8398,4,1,0,0.5883259773254395
8399,5,5,1,0.728090226650238
8400,0,1,0,0.6620422601699829
8401,3,7,0,0.646169900894165
8402,0,1,0,0.7188622355461121
8403,6,6,1,0.9398108720779419
8404,2,6,0,0.4726477563381195
8405,0,2,0,0.5786344408988953
8406,9,9,1,0.3744869828224182
8407,8,7,0,0.6783491969108582
8408,6,6,1,0.8510982990264893
8409,8,3,0,0.5575091242790222
8410,5,6,0,0.6032472848892212
8411,8,2,0,0.3946619927883148
8412,2,7,0,0.4780465066432953
8413,9,0,0,0.7219426035881042
8414,6,6,1,0.6382083892822266
8415,0,3,0,0.31752118468284607
8416,6,6,1,0.7711941599845886
8417,1,9,0,0.827485978603363
8418,8,8,1,0.848076343536377
8419,7,5,0,0.37862473726272583
8420,3,3,1,0.5442763566970825
8421,2,3,0,0.5124588012695312
8422,2,6,0,0.4498705267906189
8423,6,6,1,0.8045255541801453
8424,5,3,0,0.6101038455963135
8425,6,2,0,0.5758623480796814
8426,9,0,0,0.6074464917182922
8427,2,2,1,0.6613024473190308
8428,5,1,0,0.3674415349960327
8429,4,7,0,0.41265568137168884
8430,9,3,0,0.3139059841632843
8431,8,2,0,0.7214930653572083
8432,5,5,1,0.7254253029823303
8433,3,5,0,0.7577512860298157
8434,9,5,0,0.6654424071311951
8435,3,6,0,0.6981583833694458
8436,5,5,1,0.43337282538414
8437,7,7,1,0.4107659161090851
8438,1,6,0,0.7468235492706299
8439,8,5,0,0.5388249158859253
8440,5,3,0,0.7986312508583069
8441,8,9,0,0.4925641119480133
8442,6,6,1,0.9967584609985352
8443,2,3,0,0.7133942246437073
8444,5,3,0,0.463410347700119
8445,1,1,1,0.45298880338668823
8446,3,3,1,0.6307793259620667
8447,0,9,0,0.41369032859802246
8448,4,6,0,0.8650656938552856
8449,1,1,1,0.41024845838546753
8450,9,3,0,0.5202323198318481
8451,5,6,0,0.4401496350765228
8452,4,4,1,0.7510351538658142
8453,9,5,0,0.5168211460113525
8454,2,5,0,0.4335532784461975
8455,1,9,0,0.5234774947166443
8456,4,2,0,0.30987682938575745
8457,2,3,0,0.5346176624298096
8458,5,5,1,0.6070645451545715
8459,9,9,1,0.9909898638725281
8460,8,1,0,0.4478023052215576
8461,7,5,0,0.5804625153541565
8462,2,6,0,0.9006733894348145
8463,1,6,0,0.6020635962486267
8464,6,6,1,0.8841243982315063
8465,9,2,0,0.38918057084083557
8466,7,5,0,0.6003210544586182
8467,3,9,0,0.46049800515174866
8468,6,6,1,0.8695458173751831
8469,5,1,0,0.40629881620407104
8470,8,5,0,0.5599058270454407
8471,0,1,0,0.685142457485199
8472,2,4,0,0.7793161273002625
8473,2,4,0,0.736667811870575
8474,4,6,0,0.6774033308029175
8475,9,5,0,0.602620005607605
8476,0,4,0,0.6637604832649231
8477,5,5,1,0.84018474817276
8478,5,3,0,0.4892977476119995
8479,4,6,0,0.5497052669525146
8480,2,2,1,0.48748698830604553
8481,3,8,0,0.5948466062545776
8482,1,5,0,0.5897464752197266
8483,0,5,0,0.7237860560417175
8484,3,0,0,0.41065117716789246
8485,0,9,0,0.6087849140167236
8486,4,6,0,0.673845112323761
8487,4,6,0,0.8605452179908752
8488,9,1,0,0.4573676586151123
8489,1,3,0,0.5853078365325928
8490,3,3,1,0.41888052225112915
8491,3,9,0,0.5851926803588867
8492,0,2,0,0.7944440841674805
8493,2,9,0,0.5969964861869812
8494,1,9,0,0.5775191783905029
8495,1,9,0,0.7105075716972351
8496,0,3,0,0.6289007067680359
8497,4,6,0,0.7329468727111816
8498,1,5,0,0.2745698094367981
8499,9,3,0,0.4715384244918823
8500,4,2,0,0.4078069031238556
8501,8,0,0,0.4524909555912018
8502,1,9,0,0.5712692141532898
8503,1,9,0,0.7993396520614624
8504,1,9,0,0.530629575252533
8505,5,5,1,0.9413403272628784
8506,9,6,0,0.7597783803939819
8507,8,2,0,0.7581444382667542
8508,1,7,0,0.6724714040756226
8509,6,7,0,0.6196825504302979
8510,7,1,0,0.43952476978302
8511,2,2,1,0.5844237804412842
8512,9,9,1,0.42534998059272766
8513,9,2,0,0.44598329067230225
8514,7,5,0,0.6165786981582642
8515,8,0,0,0.6588355898857117
8516,8,1,0,0.6573296785354614
8517,1,9,0,0.726046085357666
8518,9,6,0,0.38159188628196716
8519,7,7,1,0.5466835498809814
8520,8,2,0,0.43037596344947815
8521,9,1,0,0.3476448953151703
8522,1,1,1,0.8529416918754578
8523,6,3,0,0.5044727325439453
8524,6,3,0,0.6580792665481567
8525,3,6,0,0.3995217978954315
8526,3,4,0,0.6821931600570679
8527,1,1,1,0.8490581512451172
8528,3,7,0,0.6913074254989624
8529,0,5,0,0.5558735728263855
8530,8,8,1,0.45341330766677856
8531,8,9,0,0.46091124415397644
8532,3,1,0,0.8338495492935181
8533,6,5,0,0.6766974329948425
8534,6,6,1,0.5445697903633118
8535,7,3,0,0.7280280590057373
8536,1,5,0,0.569594144821167
8537,0,2,0,0.4387938678264618
8538,7,5,0,0.38415634632110596
8539,6,5,0,0.8085718750953674
8540,4,3,0,0.3946463465690613
8541,8,1,0,0.44542407989501953
8542,2,6,0,0.6791157722473145
8543,0,4,0,0.403883695602417
8544,6,6,1,0.48571380972862244
8545,6,3,0,0.5722259879112244
8546,8,8,1,0.45123884081840515
8547,6,6,1,0.80349200963974
8548,3,1,0,0.41905879974365234
8549,1,1,1,0.8947837948799133
8550,1,3,0,0.34186652302742004
8551,8,6,0,0.3406056761741638
8552,6,3,0,0.49976152181625366
8553,7,5,0,0.5412112474441528
8554,0,1,0,0.6765810251235962
8555,5,5,1,0.33312180638313293
8556,4,3,0,0.4719063639640808
8557,3,6,0,0.7994676232337952
8558,2,5,0,0.35586145520210266
8559,1,9,0,0.6188546419143677
8560,7,1,0,0.5401652455329895
8561,8,9,0,0.6625239253044128
8562,2,1,0,0.6153250932693481
8563,0,3,0,0.4569098949432373
8564,1,6,0,0.7044609189033508
8565,7,6,0,0.5635532736778259
8566,4,2,0,0.3838512599468231
8567,8,8,1,0.607170045375824
8568,7,6,0,0.5332882404327393
8569,6,6,1,0.7625849843025208
8570,6,6,1,0.8508810997009277
8571,7,3,0,0.4904637634754181
8572,0,3,0,0.38824042677879333
8573,6,3,0,0.7226768136024475
8574,4,4,1,0.5164814591407776
8575,9,5,0,0.46030160784721375
8576,2,3,0,0.5358371734619141
8577,3,7,0,0.35422632098197937
8578,2,2,1,0.33746692538261414
8579,1,1,1,0.7099512815475464
8580,3,6,0,0.6862638592720032
8581,8,3,0,0.5134713053703308
8582,6,3,0,0.3881423771381378
8583,8,6,0,0.6966989040374756
8584,1,9,0,0.4901534914970398
8585,9,9,1,0.6782426238059998
8586,6,5,0,0.3715957701206207
8587,7,6,0,0.5097323060035706
8588,6,1,0,0.795192539691925
8589,5,3,0,0.6002873182296753
8590,0,4,0,0.4506057798862457
8591,6,9,0,0.6812402606010437
8592,0,5,0,0.5425463318824768
8593,1,9,0,0.9740450382232666
8594,3,3,1,0.7986443042755127
8595,1,3,0,0.6083768010139465
8596,1,6,0,0.5554026961326599
8597,5,7,0,0.743110716342926
8598,3,6,0,0.7366714477539062
8599,4,6,0,0.6898940205574036
8600,3,6,0,0.5981879234313965
8601,3,4,0,0.45750436186790466
8602,8,9,0,0.512310802936554
8603,1,2,0,0.571755051612854
8604,6,2,0,0.4274683892726898
8605,6,6,1,0.395341694355011
8606,1,7,0,0.46607595682144165
8607,8,8,1,0.45267871022224426
8608,8,9,0,0.40686526894569397
8609,6,6,1,0.6531556248664856
8610,2,2,1,0.7858197689056396
8611,7,7,1,0.8102680444717407
8612,4,2,0,0.7534826993942261
8613,6,3,0,0.6434930562973022
8614,8,9,0,0.875809907913208
8615,9,6,0,0.6230818629264832
8616,3,6,0,0.6021091938018799
8617,3,2,0,0.4818344712257385
8618,5,6,0,0.5699489712715149
8619,5,3,0,0.7469518780708313
8620,3,3,1,0.41202670335769653
8621,1,7,0,0.4329456388950348
8622,4,4,1,0.345451295375824
8623,1,1,1,0.5481653809547424
8624,9,3,0,0.3172134459018707
8625,5,6,0,0.5928670763969421
8626,1,7,0,0.34137627482414246
8627,7,3,0,0.525975227355957
8628,7,2,0,0.5617077350616455
8629,7,5,0,0.5878596901893616
8630,5,6,0,0.47533586621284485
8631,2,4,0,0.5572786927223206
8632,3,2,0,0.6862110495567322
8633,3,3,1,0.8799931406974792
8634,6,3,0,0.38106751441955566
8635,6,3,0,0.46768662333488464
8636,6,6,1,0.7842424511909485
8637,4,4,1,0.524232804775238
8638,0,0,1,0.562670886516571
8639,7,9,0,0.3872254490852356
8640,1,1,1,0.8403856754302979
8641,7,9,0,0.5772188901901245
8642,3,6,0,0.6517642736434937
8643,0,9,0,0.3789637088775635
8644,8,3,0,0.6040266156196594
8645,1,7,0,0.2909186780452728
8646,2,3,0,0.2745503783226013
8647,4,6,0,0.6715731620788574
8648,1,1,1,0.554596483707428
8649,2,5,0,0.806296169757843
8650,2,3,0,0.4421164393424988
8651,4,2,0,0.507082462310791
8652,9,9,1,0.5017133355140686
8653,8,8,1,0.4840061366558075
8654,2,2,1,0.5772136449813843
8655,8,2,0,0.6000319123268127
8656,7,6,0,0.5947365164756775
8657,6,3,0,0.6339746713638306
8658,3,6,0,0.8331209421157837
8659,4,2,0,0.6335414052009583
8660,7,5,0,0.4151911437511444
8661,2,5,0,0.5681142210960388
8662,3,6,0,0.6907303333282471
8663,1,6,0,0.5547873973846436
8664,5,3,0,0.8810914158821106
8665,3,6,0,0.6258147954940796
8666,0,3,0,0.43524229526519775
8667,4,7,0,0.6160736680030823
8668,3,3,1,0.4922788441181183
8669,4,6,0,0.5571985244750977
8670,9,6,0,0.6883570551872253
8671,4,4,1,0.6759136319160461
8672,7,6,0,0.6074478030204773
8673,9,1,0,0.8160836100578308
8674,1,2,0,0.4455113708972931
8675,7,9,0,0.37304744124412537
8676,8,3,0,0.356480211019516
8677,3,5,0,0.6892642974853516
8678,1,3,0,0.7901067733764648
8679,8,1,0,0.736531138420105
8680,3,1,0,0.32647645473480225
8681,2,3,0,0.44581207633018494
8682,5,6,0,0.5637680888175964
8683,7,2,0,0.3356267511844635
8684,2,4,0,0.7405733466148376
8685,7,5,0,0.8041362166404724
8686,9,6,0,0.906609833240509
8687,6,1,0,0.7432087659835815
8688,8,3,0,0.8186523914337158
8689,6,9,0,0.5133053064346313
8690,8,3,0,0.6861723065376282
8691,6,5,0,0.4972781538963318
8692,5,4,0,0.883762538433075
8693,9,6,0,0.6305074691772461
8694,0,3,0,0.7475698590278625
8695,4,6,0,0.5313426852226257
8696,8,1,0,0.47743621468544006
8697,5,3,0,0.4759945273399353
8698,6,6,1,0.5852737426757812
8699,4,3,0,0.7410071492195129
8700,3,5,0,0.5339483022689819
8701,8,1,0,0.5158495306968689
8702,0,5,0,0.5652006268501282
8703,4,6,0,0.6483244895935059
8704,8,3,0,0.5257031321525574
8705,6,6,1,0.9412463903427124
8706,7,5,0,0.5730189085006714
8707,2,9,0,0.34736305475234985
8708,7,6,0,0.9056379795074463
8709,1,9,0,0.5962855219841003
8710,7,4,0,0.45671546459198
8711,4,9,0,0.4076228737831116
8712,1,3,0,0.5636446475982666
8713,2,9,0,0.587410032749176
8714,4,6,0,0.29028603434562683
8715,2,5,0,0.6539192199707031
8716,2,1,0,0.4696170389652252
8717,8,9,0,0.5472685098648071
8718,7,3,0,0.5695080757141113
8719,2,6,0,0.4561777412891388
8720,2,3,0,0.41797327995300293
8721,6,6,1,0.7537568211555481
8722,7,6,0,0.3661375343799591
8723,5,4,0,0.6187171339988708
8724,6,6,1,0.42971327900886536
8725,8,3,0,0.6718183755874634
8726,9,6,0,0.630211353302002
8727,9,0,0,0.4999404847621918
8728,6,6,1,0.7258737087249756
8729,5,5,1,0.5841642618179321
8730,2,3,0,0.6826753616333008
8731,9,9,1,0.9636552333831787
8732,8,6,0,0.598829984664917
8733,7,1,0,0.5458639860153198
8734,2,4,0,0.40392646193504333
8735,3,8,0,0.2978512644767761
8736,3,3,1,0.7404230237007141
8737,7,3,0,0.4698801636695862
8738,4,6,0,0.931551992893219
8739,3,5,0,0.3182334005832672
8740,2,5,0,0.7116478681564331
8741,1,0,0,0.49478358030319214
8742,9,0,0,0.4661005735397339
8743,0,6,0,0.780366837978363
8744,1,6,0,0.841537594795227
8745,5,3,0,0.6079824566841125
8746,3,6,0,0.7635900974273682
8747,2,9,0,0.5082451105117798
8748,6,2,0,0.35721033811569214
8749,5,1,0,0.6978068947792053
8750,9,5,0,0.45624035596847534
8751,1,9,0,0.44686803221702576
8752,5,1,0,0.556904673576355
8753,4,2,0,0.5788655281066895
8754,3,2,0,0.31992360949516296
8755,6,6,1,0.5249808430671692
8756,2,2,1,0.7610105872154236
8757,8,7,0,0.4921797513961792
8758,9,3,0,0.6788480877876282
8759,7,9,0,0.6114761829376221
8760,8,5,0,0.4988943040370941
8761,0,2,0,0.5639163851737976
8762,8,3,0,0.4446900486946106
8763,9,1,0,0.543657124042511
8764,1,7,0,0.4617638885974884
8765,2,6,0,0.5696509480476379
8766,5,9,0,0.6438965201377869
8767,7,1,0,0.48317885398864746
8768,2,3,0,0.4233964681625366
8769,0,3,0,0.6582232713699341
8770,6,6,1,0.723966658115387
8771,6,1,0,0.890168309211731
8772,1,9,0,0.588891327381134
8773,6,6,1,0.7379928827285767
8774,3,7,0,0.7049793601036072
8775,1,2,0,0.40017086267471313
8776,5,9,0,0.5036725997924805
8777,0,2,0,0.3216796815395355
8778,3,0,0,0.4171822965145111
8779,7,5,0,0.5197339653968811
8780,4,5,0,0.4353824257850647
8781,6,6,1,0.720071017742157
8782,5,9,0,0.5342244505882263
8783,6,9,0,0.719284176826477
8784,4,6,0,0.5736880302429199
8785,8,9,0,0.6950151324272156
8786,3,6,0,0.4889982044696808
8787,4,9,0,0.5001044273376465
8788,5,5,1,0.6067955493927002
8789,5,5,1,0.6087445020675659
8790,0,1,0,0.528670072555542
8791,6,6,1,0.40988418459892273
8792,6,5,0,0.7271621823310852
8793,7,7,1,0.7481842041015625
8794,5,5,1,0.3600572943687439
8795,0,3,0,0.5364665985107422
8796,9,2,0,0.531087338924408
8797,9,9,1,0.6895743608474731
8798,6,6,1,0.9953463673591614
8799,1,1,1,0.7801817655563354
8800,0,5,0,0.4862455129623413
8801,4,3,0,0.6562403440475464
8802,6,9,0,0.6695355772972107
8803,3,2,0,0.4653295874595642
8804,6,9,0,0.6483425498008728
8805,9,9,1,0.6326889991760254
8806,3,3,1,0.8688705563545227
8807,6,6,1,0.5222762823104858
8808,6,3,0,0.49854376912117004
8809,8,9,0,0.4628249406814575
8810,2,6,0,0.5201395750045776
8811,1,9,0,0.8737275004386902
8812,0,7,0,0.48260611295700073
8813,1,9,0,0.7721192836761475
8814,9,1,0,0.7070430517196655
8815,3,5,0,0.6195088028907776
8816,7,6,0,0.7015155553817749
8817,4,6,0,0.8005619645118713
8818,3,4,0,0.4843914806842804
8819,0,9,0,0.6234351396560669
8820,2,5,0,0.6122874617576599
8821,7,6,0,0.5915747880935669
8822,6,1,0,0.785398542881012
8823,4,7,0,0.5433129668235779
8824,3,3,1,0.558472752571106
8825,0,6,0,0.8524256348609924
8826,8,9,0,0.46454107761383057
8827,2,5,0,0.6219244599342346
8828,0,3,0,0.6551974415779114
8829,0,9,0,0.5156528949737549
8830,9,9,1,0.8203548789024353
8831,6,5,0,0.6677197217941284
8832,6,3,0,0.40095338225364685
8833,6,5,0,0.428093820810318
8834,8,3,0,0.6289825439453125
8835,7,8,0,0.28155678510665894
8836,4,4,1,0.7890568971633911
8837,1,0,0,0.4355385899543762
8838,8,5,0,0.7195916175842285
8839,1,1,1,0.9170952439308167
8840,2,6,0,0.587585985660553
8841,2,1,0,0.8888580203056335
8842,4,3,0,0.43081134557724
8843,8,8,1,0.5508404970169067
8844,5,3,0,0.37033337354660034
8845,2,4,0,0.5568442344665527
8846,6,6,1,0.9545570611953735
8847,5,5,1,0.29956966638565063
8848,3,9,0,0.4174225628376007
8849,9,1,0,0.24358738958835602
8850,1,6,0,0.853492796421051
8851,0,9,0,0.6743179559707642
8852,7,7,1,0.8652125597000122
8853,2,1,0,0.6421681642532349
8854,4,1,0,0.5001926422119141
8855,4,3,0,0.49350816011428833
8856,0,7,0,0.6355918645858765
8857,0,5,0,0.5647017359733582
8858,6,6,1,0.9138966202735901
8859,2,0,0,0.6878648400306702
8860,2,6,0,0.5436725616455078
8861,4,3,0,0.4660259783267975
8862,0,9,0,0.4120958745479584
8863,5,8,0,0.32258379459381104
8864,9,9,1,0.6127528548240662
8865,7,7,1,0.9481301307678223
8866,1,5,0,0.6323104500770569
8867,8,3,0,0.4856524169445038
8868,4,6,0,0.7695471048355103
8869,5,3,0,0.4975164234638214
8870,5,3,0,0.5136111974716187
8871,9,6,0,0.4283762574195862
8872,8,5,0,0.5610296726226807
8873,5,7,0,0.6621695160865784
8874,7,2,0,0.519558846950531
8875,8,3,0,0.4024942219257355
8876,0,3,0,0.6438094973564148
8877,9,1,0,0.6108948588371277
8878,8,3,0,0.7468555569648743
8879,9,9,1,0.8836531639099121
8880,1,5,0,0.5554003715515137
8881,6,4,0,0.6099106073379517
8882,3,6,0,0.7958958745002747
8883,8,6,0,0.7473611235618591
8884,0,3,0,0.4966399669647217
8885,3,2,0,0.5242699980735779
8886,4,3,0,0.6944422721862793
8887,4,7,0,0.7496304512023926
8888,8,1,0,0.6218557357788086
8889,4,4,1,0.4178939163684845
8890,8,2,0,0.5669487118721008
8891,9,9,1,0.8104234933853149
8892,8,9,0,0.5347864627838135
8893,6,6,1,0.6724405884742737
8894,0,9,0,0.6711388826370239
8895,0,0,1,0.7194698452949524
8896,8,5,0,0.6068774461746216
8897,2,5,0,0.5771209001541138
8898,7,6,0,0.5497148633003235
8899,4,1,0,0.3836403787136078
8900,2,6,0,0.49149084091186523
8901,5,3,0,0.7281532287597656
8902,6,6,1,0.8933302164077759
8903,0,9,0,0.6318725943565369
8904,5,9,0,0.47522446513175964
8905,8,9,0,0.8521320223808289
8906,4,1,0,0.42131760716438293
8907,1,3,0,0.5901105999946594
8908,9,5,0,0.4081144332885742
8909,0,6,0,0.6624995470046997
8910,1,9,0,0.5394983887672424
8911,4,6,0,0.542756974697113
8912,4,3,0,0.5273613333702087
8913,8,9,0,0.5491201281547546
8914,4,8,0,0.4211254119873047
8915,9,1,0,0.38137632608413696
8916,6,3,0,0.7224642634391785
8917,0,8,0,0.4412326514720917
8918,7,9,0,0.513666570186615
8919,7,2,0,0.40797027945518494
8920,6,7,0,0.40667054057121277
8921,8,5,0,0.6318066716194153
8922,9,9,1,0.8722143173217773
8923,6,4,0,0.6665723323822021
8924,2,2,1,0.7681384086608887
8925,0,0,1,0.49671292304992676
8926,4,4,1,0.7346207499504089
8927,9,9,1,0.5267456769943237
8928,4,3,0,0.5606178641319275
8929,9,9,1,0.9527856707572937
8930,3,3,1,0.38244929909706116
8931,9,1,0,0.38339436054229736
8932,6,0,0,0.3468514382839203
8933,6,7,0,0.5239267945289612
8934,7,9,0,0.7573632001876831
8935,0,8,0,0.5334309935569763
8936,9,3,0,0.29529064893722534
8937,7,0,0,0.8358277678489685
8938,1,9,0,0.4760788679122925
8939,8,3,0,0.4261724054813385
8940,6,3,0,0.524018406867981
8941,0,3,0,0.4384627342224121
8942,6,6,1,0.5074201226234436
8943,7,3,0,0.6462463736534119
8944,4,7,0,0.600719690322876
8945,1,2,0,0.35814419388771057
8946,9,9,1,0.6728501915931702
8947,4,3,0,0.5308952927589417
8948,6,6,1,0.4571116268634796
8949,7,6,0,0.5514076352119446
8950,9,3,0,0.43961188197135925
8951,8,9,0,0.8547536134719849
8952,3,9,0,0.4274303913116455
8953,9,4,0,0.37128946185112
8954,2,6,0,0.7691951990127563
8955,1,3,0,0.8119670748710632
8956,2,2,1,0.442444771528244
8957,7,6,0,0.6498459577560425
8958,6,1,0,0.6614030599594116
8959,1,1,1,0.8410912156105042
8960,0,5,0,0.6840649247169495
8961,0,6,0,0.6297972202301025
8962,5,3,0,0.6176503300666809
8963,6,6,1,0.9852867722511292
8964,0,8,0,0.5613715648651123
8965,4,7,0,0.42135897278785706
8966,3,3,1,0.8501535654067993
8967,2,7,0,0.7527332901954651
8968,8,3,0,0.5120312571525574
8969,8,4,0,0.3994842767715454
8970,0,1,0,0.5954959988594055
8971,6,6,1,0.6463632583618164
8972,9,7,0,0.6489543318748474
8973,5,3,0,0.6200054883956909
8974,2,2,1,0.748803973197937
8975,8,2,0,0.7288111448287964
8976,7,5,0,0.4903917610645294
8977,0,6,0,0.5727289915084839
8978,6,7,0,0.5414641499519348
8979,5,2,0,0.5872557759284973
8980,9,9,1,0.4674716293811798
8981,7,1,0,0.480853408575058
8982,2,4,0,0.780148446559906
8983,3,5,0,0.3957046568393707
8984,6,6,1,0.9914603233337402
8985,9,0,0,0.46420514583587646
8986,6,2,0,0.44154369831085205
8987,2,3,0,0.6675358414649963
8988,2,5,0,0.6721451282501221
8989,4,5,0,0.5496209263801575
8990,1,9,0,0.7717792391777039
8991,0,5,0,0.6450033783912659
8992,5,3,0,0.49938347935676575
8993,0,1,0,0.663115382194519
8994,8,9,0,0.6606102585792542
8995,9,6,0,0.7623857259750366
8996,3,1,0,0.8067944049835205
8997,5,5,1,0.7138140201568604
8998,9,3,0,0.6444498300552368
8999,3,5,0,0.8137266039848328
9000,8,8,1,0.6276540756225586
9001,1,3,0,0.5176854729652405
9002,6,6,1,0.5427887439727783
9003,3,3,1,0.405897855758667
9004,7,6,0,0.6754359006881714
9005,5,3,0,0.4679912030696869
9006,6,3,0,0.3113262355327606
9007,2,3,0,0.5671554207801819
9008,0,5,0,0.5979087352752686
9009,2,6,0,0.5340495705604553
9010,8,5,0,0.493308424949646
9011,2,6,0,0.5576479434967041
9012,8,1,0,0.641091525554657
9013,7,2,0,0.5483788251876831
9014,7,3,0,0.41905492544174194
9015,8,3,0,0.4308956563472748
9016,1,8,0,0.46957579255104065
9017,0,5,0,0.48779019713401794
9018,8,5,0,0.7146962881088257
9019,9,3,0,0.476540207862854
9020,7,7,1,0.4812871813774109
9021,0,7,0,0.5370166301727295
9022,3,3,1,0.4719112813472748
9023,8,6,0,0.8614338040351868
9024,0,2,0,0.816222608089447
9025,5,7,0,0.5729296207427979
9026,9,2,0,0.33325624465942383
9027,5,6,0,0.6994221210479736
9028,8,1,0,0.47071588039398193
9029,4,9,0,0.5466617941856384
9030,2,6,0,0.49856942892074585
9031,0,3,0,0.5570913553237915
9032,9,1,0,0.46242061257362366
9033,2,6,0,0.8457229137420654
9034,2,2,1,0.6243503093719482
9035,4,6,0,0.3076249361038208
9036,4,9,0,0.5798636674880981
9037,9,1,0,0.8045938611030579
9038,2,2,1,0.44227078557014465
9039,2,6,0,0.8843398690223694
9040,2,5,0,0.9137626886367798
9041,5,3,0,0.611956775188446
9042,1,1,1,0.8603499531745911
9043,3,5,0,0.47643283009529114
9044,2,6,0,0.6085999011993408
9045,0,3,0,0.6050426363945007
9046,0,0,1,0.5936216711997986
9047,4,2,0,0.5463823676109314
9048,0,9,0,0.37713107466697693
9049,6,2,0,0.4017106294631958
9050,5,3,0,0.5769968628883362
9051,8,2,0,0.4656504988670349
9052,0,0,1,0.37722259759902954
9053,5,5,1,0.6941520571708679
9054,8,8,1,0.450479120016098
9055,6,6,1,0.40317296981811523
9056,4,2,0,0.5774978995323181
9057,8,3,0,0.3479323387145996
9058,5,3,0,0.5733557939529419
9059,2,5,0,0.48087555170059204
9060,9,1,0,0.5987582206726074
9061,7,6,0,0.6994605660438538
9062,9,6,0,0.4744243919849396
9063,7,5,0,0.7772342562675476
9064,1,6,0,0.8241938352584839
9065,0,9,0,0.5612303614616394
9066,1,9,0,0.7138807773590088
9067,9,1,0,0.4223955273628235
9068,6,9,0,0.8238206505775452
9069,9,1,0,0.9704728722572327
9070,2,4,0,0.4882345497608185
9071,7,3,0,0.4344310462474823
9072,9,6,0,0.6966423392295837
9073,4,6,0,0.90036541223526
9074,4,5,0,0.6776242852210999
9075,0,0,1,0.5797346234321594
9076,6,3,0,0.680565357208252
9077,2,4,0,0.5248202681541443
9078,4,3,0,0.46548494696617126
9079,1,3,0,0.5609421133995056
9080,3,3,1,0.4689232110977173
9081,7,4,0,0.650718092918396
9082,2,8,0,0.7485756874084473
9083,8,3,0,0.47971174120903015
9084,5,3,0,0.8851972222328186
9085,9,9,1,0.9451478719711304
9086,0,1,0,0.6804227232933044
9087,3,3,1,0.4378166198730469
9088,2,9,0,0.7706241011619568
9089,3,5,0,0.7614201903343201
9090,2,4,0,0.619796872138977
9091,7,3,0,0.4275389015674591
9092,6,1,0,0.8119598627090454
9093,3,6,0,0.4772804379463196
9094,2,6,0,0.4463502764701843
9095,5,1,0,0.4680563807487488
9096,9,5,0,0.7850050926208496
9097,0,5,0,0.5535597205162048
9098,5,3,0,0.4090742766857147
9099,9,1,0,0.7869037985801697
9100,9,9,1,0.6230559945106506
9101,8,1,0,0.5581965446472168
9102,7,7,1,0.32482630014419556
9103,7,3,0,0.6702137589454651
9104,4,4,1,0.4822547733783722
9105,8,9,0,0.5540525317192078
9106,6,6,1,0.3623577952384949
9107,5,3,0,0.5972080230712891
9108,2,6,0,0.7580888271331787
9109,3,1,0,0.5380434989929199
9110,1,1,1,0.47509536147117615
9111,0,3,0,0.7096645832061768
9112,4,6,0,0.4040970504283905
9113,1,9,0,0.5637184381484985
9114,8,3,0,0.5361196398735046
9115,8,3,0,0.7673987150192261
9116,4,3,0,0.7777599692344666
9117,9,9,1,0.4876279830932617
9118,4,6,0,0.7739125490188599
9119,4,2,0,0.4907560646533966
9120,3,9,0,0.5293819308280945
9121,3,3,1,0.5609413981437683
9122,9,6,0,0.3956068456172943
9123,2,6,0,0.6602268815040588
9124,0,0,1,0.8346182703971863
9125,1,1,1,0.7479148507118225
9126,1,3,0,0.5710310935974121
9127,8,1,0,0.8151713013648987
9128,4,3,0,0.49925658106803894
9129,4,2,0,0.6469874978065491
9130,8,5,0,0.6503119468688965
9131,3,3,1,0.69317626953125
9132,2,9,0,0.4864634871482849
9133,9,1,0,0.8890105485916138
9134,5,3,0,0.7734912037849426
9135,7,5,0,0.5551466941833496
9136,6,2,0,0.4464026689529419
9137,2,6,0,0.5068804025650024
9138,5,9,0,0.43104469776153564
9139,4,4,1,0.6522163152694702
9140,7,3,0,0.490783154964447
9141,3,3,1,0.6314409971237183
9142,3,3,1,0.520251452922821
9143,9,3,0,0.7315734624862671
9144,0,9,0,0.540054440498352
9145,1,1,1,0.6189295649528503
9146,5,8,0,0.6791532635688782
9147,9,6,0,0.8536046147346497
9148,3,5,0,0.7974794507026672
9149,7,0,0,0.4213368594646454
9150,6,6,1,0.9254467487335205
9151,0,0,1,0.6693421006202698
9152,4,9,0,0.5533627271652222
9153,2,5,0,0.6161791086196899
9154,2,4,0,0.6022395491600037
9155,5,3,0,0.5736194849014282
9156,6,6,1,0.7233836650848389
9157,3,3,1,0.524269700050354
9158,8,1,0,0.3738170564174652
9159,9,9,1,0.7889240980148315
9160,5,5,1,0.5282914638519287
9161,6,6,1,0.9640834331512451
9162,1,1,1,0.6769323348999023
9163,4,3,0,0.34271565079689026
9164,5,3,0,0.4261857569217682
9165,4,3,0,0.761934757232666
9166,6,6,1,0.8542312383651733
9167,7,3,0,0.7165027856826782
9168,2,3,0,0.7936787009239197
9169,1,9,0,0.37533679604530334
9170,0,3,0,0.5901768803596497
9171,2,5,0,0.6120427846908569
9172,0,7,0,0.4115622341632843
9173,4,7,0,0.47370123863220215
9174,9,2,0,0.39605453610420227
9175,8,3,0,0.34725627303123474
9176,8,9,0,0.4591538608074188
9177,9,2,0,0.5842528343200684
9178,1,9,0,0.5485665202140808
9179,1,1,1,0.5453509092330933
9180,5,6,0,0.4702572524547577
9181,0,2,0,0.8686370253562927
9182,0,3,0,0.5010480284690857
9183,8,9,0,0.5264225006103516
9184,7,6,0,0.5404898524284363
9185,1,9,0,0.7215823531150818
9186,7,3,0,0.4523773789405823
9187,4,3,0,0.6649900078773499
9188,5,2,0,0.7046889662742615
9189,4,4,1,0.674826443195343
9190,3,5,0,0.4914051592350006
9191,3,6,0,0.5947757959365845
9192,2,3,0,0.6223803162574768
9193,0,3,0,0.4513835906982422
9194,6,3,0,0.5164137482643127
9195,6,6,1,0.5581080317497253
9196,0,3,0,0.7461500763893127
9197,1,9,0,0.6476635336875916
9198,3,5,0,0.39901888370513916
9199,9,3,0,0.6420992612838745
9200,8,8,1,0.6413856148719788
9201,3,7,0,0.38257861137390137
9202,7,7,1,0.49058592319488525
9203,8,6,0,0.5656414031982422
9204,9,9,1,0.8742352724075317
9205,4,2,0,0.4368302822113037
9206,8,8,1,0.48265719413757324
9207,9,3,0,0.6458539962768555
9208,0,3,0,0.558112621307373
9209,9,9,1,0.6396827101707458
9210,7,3,0,0.7800412178039551
9211,1,3,0,0.7009254693984985
9212,6,6,1,0.5736270546913147
9213,2,2,1,0.5247774124145508
9214,9,6,0,0.7290745377540588
9215,5,7,0,0.3337070643901825
9216,6,6,1,0.4910701811313629
9217,9,6,0,0.4030362665653229
9218,3,3,1,0.7222486138343811
9219,9,3,0,0.49483078718185425
9220,8,3,0,0.6243367791175842
9221,7,7,1,0.42157816886901855
9222,7,6,0,0.30805954337120056
9223,1,7,0,0.43033555150032043
9224,6,6,1,0.48738107085227966
9225,5,3,0,0.734028160572052
9226,3,3,1,0.5329421758651733
9227,1,1,1,0.7709930539131165
9228,3,3,1,0.3745867609977722
9229,1,2,0,0.41193923354148865
9230,2,6,0,0.7716955542564392
9231,7,7,1,0.5710060000419617
9232,1,1,1,0.344825804233551
9233,8,7,0,0.34083864092826843
9234,2,3,0,0.48089540004730225
9235,0,3,0,0.6689985394477844
9236,9,9,1,0.8490107655525208
9237,7,2,0,0.527643084526062
9238,9,6,0,0.5613154172897339
9239,8,8,1,0.4596308469772339
9240,8,9,0,0.8201086521148682
9241,6,3,0,0.49533963203430176
9242,7,3,0,0.2578549385070801
9243,3,8,0,0.513270914554596
9244,7,6,0,0.3431740999221802
9245,1,6,0,0.6068505644798279
9246,3,3,1,0.6476754546165466
9247,9,9,1,0.6565304398536682
9248,0,0,1,0.6827881932258606
9249,9,9,1,0.5093681812286377
9250,3,1,0,0.5883315205574036
9251,6,3,0,0.596919596195221
9252,7,9,0,0.6009179353713989
9253,2,6,0,0.49607065320014954
9254,7,1,0,0.72605961561203
9255,3,6,0,0.3730122148990631
9256,0,0,1,0.42201846837997437
9257,5,6,0,0.8412594199180603
9258,9,9,1,0.7215976715087891
9259,7,7,1,0.4293126165866852
9260,5,3,0,0.39725926518440247
9261,5,5,1,0.3508850634098053
9262,0,5,0,0.44230467081069946
9263,6,4,0,0.6269707679748535
9264,5,4,0,0.4325868487358093
9265,1,3,0,0.8395436406135559
9266,8,5,0,0.5829077363014221
9267,2,6,0,0.9759159684181213
9268,7,9,0,0.46890169382095337
9269,5,6,0,0.7415586709976196
9270,9,3,0,0.7263990044593811
9271,0,5,0,0.5330296754837036
9272,0,0,1,0.6970226764678955
9273,0,6,0,0.8056130409240723
9274,8,0,0,0.5099947452545166
9275,8,6,0,0.8263167142868042
9276,7,4,0,0.6331266164779663
9277,3,5,0,0.5720099210739136
9278,7,9,0,0.6344420909881592
9279,8,9,0,0.641653299331665
9280,9,9,1,0.6480085253715515
9281,3,3,1,0.5453916788101196
9282,7,2,0,0.7294310927391052
9283,9,9,1,0.6168121695518494
9284,7,7,1,0.8419831395149231
9285,8,9,0,0.52666175365448
9286,7,5,0,0.542485237121582
9287,9,7,0,0.4439919590950012
9288,8,3,0,0.6246463656425476
9289,5,5,1,0.6988917589187622
9290,4,3,0,0.32243385910987854
9291,8,1,0,0.5536233186721802
9292,3,3,1,0.45125868916511536
9293,7,6,0,0.39832115173339844
9294,6,0,0,0.4699920117855072
9295,3,5,0,0.6347649693489075
9296,8,4,0,0.5232754349708557
9297,2,2,1,0.7150321006774902
9298,1,6,0,0.9147244691848755
9299,9,5,0,0.4829897880554199
9300,5,3,0,0.36369213461875916
9301,7,6,0,0.48837223649024963
9302,3,3,1,0.7677789330482483
9303,9,9,1,0.6460000872612
9304,5,6,0,0.6420503854751587
9305,5,4,0,0.5966333746910095
9306,8,9,0,0.5128812789916992
9307,7,6,0,0.5165007710456848
9308,3,3,1,0.4880448877811432
9309,5,3,0,0.8049858212471008
9310,3,6,0,0.4286635220050812
9311,5,3,0,0.6691080331802368
9312,9,9,1,0.6623042225837708
9313,7,3,0,0.40748292207717896
9314,6,1,0,0.5890550017356873
9315,7,6,0,0.5490443706512451
9316,3,6,0,0.6417630910873413
9317,6,5,0,0.5058242678642273
9318,4,4,1,0.7281012535095215
9319,3,9,0,0.5306544303894043
9320,9,6,0,0.6306219696998596
9321,4,6,0,0.4532793164253235
9322,2,3,0,0.7745924592018127
9323,1,9,0,0.784252941608429
9324,9,5,0,0.4883343279361725
9325,6,6,1,0.5988364219665527
9326,0,3,0,0.5403357148170471
9327,2,3,0,0.6959004402160645
9328,6,6,1,0.47601068019866943
9329,7,6,0,0.36514824628829956
9330,4,1,0,0.42930150032043457
9331,7,4,0,0.37350907921791077
9332,9,6,0,0.595074474811554
9333,0,0,1,0.6134499311447144
9334,7,6,0,0.6544573903083801
9335,4,7,0,0.3753776550292969
9336,3,5,0,0.8785439133644104
9337,5,3,0,0.5625078678131104
9338,3,5,0,0.7328376770019531
9339,1,6,0,0.7882328033447266
9340,1,1,1,0.5721136927604675
9341,2,6,0,0.602958083152771
9342,6,9,0,0.5953948497772217
9343,8,9,0,0.6054315567016602
9344,2,9,0,0.5430212020874023
9345,1,9,0,0.4674326777458191
9346,7,3,0,0.4022563397884369
9347,8,9,0,0.6157735586166382
9348,5,7,0,0.7779942154884338
9349,9,9,1,0.34984877705574036
9350,6,3,0,0.4522283971309662
9351,1,3,0,0.6312910318374634
9352,1,2,0,0.6593215465545654
9353,5,3,0,0.6811044812202454
9354,0,5,0,0.7406166195869446
9355,6,6,1,0.5069038271903992
9356,0,9,0,0.4578458070755005
9357,9,7,0,0.5168028473854065
9358,2,2,1,0.4694596529006958
9359,6,3,0,0.532612681388855
9360,5,1,0,0.8941494822502136
9361,8,6,0,0.5351114869117737
9362,9,7,0,0.5824864506721497
9363,5,3,0,0.5502417683601379
9364,5,5,1,0.9195295572280884
9365,6,9,0,0.3788449168205261
9366,2,9,0,0.5384474992752075
9367,9,9,1,0.6258132457733154
9368,1,7,0,0.6717444658279419
9369,5,6,0,0.9126683473587036
9370,8,6,0,0.8279112577438354
9371,8,0,0,0.4864279329776764
9372,7,5,0,0.2761709690093994
9373,1,7,0,0.7704567313194275
9374,7,9,0,0.5895462036132812
9375,3,3,1,0.5849206447601318
9376,5,6,0,0.8150500059127808
9377,4,6,0,0.7083147168159485
9378,9,3,0,0.47726762294769287
9379,7,7,1,0.8175397515296936
9380,5,3,0,0.8538751006126404
9381,2,3,0,0.6388087272644043
9382,9,3,0,0.4727342426776886
9383,9,7,0,0.8222187757492065
9384,4,1,0,0.3342694938182831
9385,7,2,0,0.35161927342414856
9386,4,2,0,0.40555399656295776
9387,1,9,0,0.44669055938720703
9388,3,3,1,0.579454779624939
9389,8,9,0,0.5740305781364441
9390,7,1,0,0.48012855648994446
9391,9,9,1,0.5155192017555237
9392,0,3,0,0.5037292838096619
9393,4,3,0,0.6084592938423157
9394,5,3,0,0.6872914433479309
9395,7,5,0,0.5678325891494751
9396,5,3,0,0.35537615418434143
9397,2,3,0,0.6379280686378479
9398,8,4,0,0.36714187264442444
9399,7,1,0,0.7726187705993652
9400,6,6,1,0.7584770321846008
9401,9,1,0,0.5049641132354736
9402,6,6,1,0.7738465070724487
9403,9,6,0,0.7558895349502563
9404,3,1,0,0.9225627183914185
9405,8,1,0,0.4923548996448517
9406,5,3,0,0.3774546980857849
9407,6,6,1,0.6663587689399719
9408,6,4,0,0.3668309152126312
9409,9,3,0,0.34192436933517456
9410,5,5,1,0.6749258637428284
9411,7,5,0,0.3802158832550049
9412,8,3,0,0.45515644550323486
9413,0,3,0,0.5702568888664246
9414,5,7,0,0.3973192572593689
9415,0,6,0,0.623397946357727
9416,7,4,0,0.6041601300239563
9417,4,3,0,0.5495663285255432
9418,8,1,0,0.4834353029727936
9419,2,3,0,0.6613367795944214
9420,5,2,0,0.436775803565979
9421,1,6,0,0.513515055179596
9422,3,3,1,0.3997831344604492
9423,2,9,0,0.5600579380989075
9424,2,0,0,0.7670865654945374
9425,6,6,1,0.8987307548522949
9426,2,6,0,0.6157200932502747
9427,1,5,0,0.37244370579719543
9428,7,1,0,0.6275933384895325
9429,4,6,0,0.8295556902885437
9430,6,3,0,0.6116173267364502
9431,3,6,0,0.7543162107467651
9432,1,2,0,0.3072875440120697
9433,3,5,0,0.3354448676109314
9434,7,9,0,0.546789824962616
9435,2,9,0,0.5732644200325012
9436,1,9,0,0.43374353647232056
9437,3,9,0,0.7382339835166931
9438,7,7,1,0.7735453248023987
9439,0,4,0,0.8199379444122314
9440,8,8,1,0.8062065839767456
9441,4,5,0,0.5205817818641663
9442,4,6,0,0.7328405976295471
9443,5,1,0,0.719808042049408
9444,7,7,1,0.5434246063232422
9445,9,3,0,0.6887683868408203
9446,5,3,0,0.530283510684967
9447,4,4,1,0.4302542507648468
9448,3,3,1,0.5174846649169922
9449,9,6,0,0.9352239966392517
9450,6,7,0,0.4942414164543152
9451,8,5,0,0.6207895278930664
9452,2,4,0,0.4502703547477722
9453,3,3,1,0.5718957185745239
9454,3,5,0,0.8000123500823975
9455,1,8,0,0.4621027410030365
9456,6,9,0,0.4587284028530121
9457,1,9,0,0.5006022453308105
9458,7,7,1,0.6900317668914795
9459,0,3,0,0.5686945915222168
9460,3,3,1,0.46286603808403015
9461,4,4,1,0.5938432216644287
9462,2,3,0,0.34827151894569397
9463,9,9,1,0.4499247074127197
9464,4,6,0,0.5610537528991699
9465,5,3,0,0.3017520606517792
9466,8,4,0,0.3957327902317047
9467,2,6,0,0.7093149423599243
9468,7,1,0,0.6858572363853455
9469,0,9,0,0.7808917760848999
9470,9,9,1,0.7968195676803589
9471,6,6,1,0.5669878125190735
9472,8,3,0,0.8115914463996887
9473,0,1,0,0.4755537211894989
9474,8,1,0,0.5619024038314819
9475,2,4,0,0.7728301286697388
9476,8,5,0,0.7603138089179993
9477,5,4,0,0.43933212757110596
9478,7,2,0,0.37977898120880127
9479,7,9,0,0.6785048842430115
9480,2,6,0,0.4933840334415436
9481,2,3,0,0.6546126008033752
9482,0,9,0,0.4188685715198517
9483,0,9,0,0.5467349290847778
9484,0,9,0,0.4325495660305023
9485,7,3,0,0.8428410887718201
9486,4,3,0,0.8213582634925842
9487,1,9,0,0.7022904753684998
9488,6,3,0,0.7666153907775879
9489,6,7,0,0.5446493029594421
9490,8,2,0,0.40995749831199646
9491,8,3,0,0.6821478009223938
9492,9,3,0,0.437377005815506
9493,0,3,0,0.521009087562561
9494,9,1,0,0.9469200372695923
9495,0,0,1,0.6434226632118225
9496,1,9,0,0.5064733624458313
9497,3,9,0,0.6423298120498657
9498,3,3,1,0.5433892607688904
9499,0,2,0,0.40788549184799194
9500,9,5,0,0.35217803716659546
9501,6,6,1,0.4666491746902466
9502,6,6,1,0.9916622042655945
9503,2,3,0,0.5086856484413147
9504,6,6,1,0.9784608483314514
9505,3,2,0,0.44783487915992737
9506,4,2,0,0.6989439129829407
9507,0,5,0,0.44451266527175903
9508,8,0,0,0.3336179554462433
9509,4,9,0,0.7543527483940125
9510,1,1,1,0.6504865884780884
9511,4,6,0,0.9177069067955017
9512,0,3,0,0.5440894365310669
9513,6,3,0,0.5281752943992615
9514,5,1,0,0.511614203453064
9515,0,0,1,0.39583608508110046
9516,9,6,0,0.9240678548812866
9517,9,3,0,0.6054418087005615
9518,9,5,0,0.45916035771369934
9519,9,6,0,0.5363936424255371
9520,1,1,1,0.3705891966819763
9521,2,3,0,0.3920636475086212
9522,3,4,0,0.3905138075351715
9523,5,5,1,0.6059106588363647
9524,4,5,0,0.4749605059623718
9525,2,3,0,0.5474116206169128
9526,9,9,1,0.7382491230964661
9527,6,3,0,0.5601531267166138
9528,0,3,0,0.38899245858192444
9529,9,5,0,0.5977749228477478
9530,6,7,0,0.3969261348247528
9531,6,9,0,0.41855454444885254
9532,8,6,0,0.7265084385871887
9533,0,8,0,0.5595545768737793
9534,6,2,0,0.6675159335136414
9535,1,6,0,0.3990733325481415
9536,4,3,0,0.5388965606689453
9537,6,9,0,0.7471369504928589
9538,8,1,0,0.5047463774681091
9539,0,5,0,0.40507352352142334
9540,5,3,0,0.6496901512145996
9541,4,3,0,0.6832584142684937
9542,1,1,1,0.9121964573860168
9543,2,5,0,0.5869649052619934
9544,0,2,0,0.3837450444698334
9545,9,4,0,0.6843245029449463
9546,6,9,0,0.5857669115066528
9547,4,2,0,0.39699360728263855
9548,2,8,0,0.5003911256790161
9549,4,3,0,0.45489540696144104
9550,6,6,1,0.6536044478416443
9551,5,5,1,0.8805652260780334
9552,9,1,0,0.8542975783348083
9553,7,3,0,0.8151524066925049
9554,7,6,0,0.6544384956359863
9555,4,4,1,0.4491039216518402
9556,6,5,0,0.6037557125091553
9557,5,3,0,0.4841568171977997
9558,0,3,0,0.4681025445461273
9559,1,6,0,0.6421091556549072
9560,9,3,0,0.5460436344146729
9561,0,7,0,0.7302668690681458
9562,3,3,1,0.7863152027130127
9563,1,1,1,0.7885851263999939
9564,9,9,1,0.5803385376930237
9565,0,8,0,0.5696088075637817
9566,9,9,1,0.5922067165374756
9567,7,9,0,0.652392566204071
9568,8,3,0,0.43836113810539246
9569,6,6,1,0.7249259352684021
9570,7,2,0,0.526142418384552
9571,6,4,0,0.7534375190734863
9572,8,9,0,0.4196493327617645
9573,2,6,0,0.5979315042495728
9574,4,8,0,0.33886057138442993
9575,5,5,1,0.772360622882843
9576,3,1,0,0.745465099811554
9577,0,9,0,0.8451892733573914
9578,3,6,0,0.6563121676445007
9579,2,5,0,0.29995957016944885
9580,1,3,0,0.7204083800315857
9581,7,6,0,0.5848290920257568
9582,5,3,0,0.3618052005767822
9583,9,3,0,0.5646714568138123
9584,3,6,0,0.9579044580459595
9585,4,5,0,0.790193498134613
9586,5,4,0,0.53773432970047
9587,7,7,1,0.4002382159233093
9588,1,1,1,0.9535833597183228
9589,5,6,0,0.49679920077323914
9590,0,2,0,0.41039401292800903
9591,1,7,0,0.4582180380821228
9592,1,1,1,0.7706067562103271
9593,1,7,0,0.5781355500221252
9594,9,6,0,0.49340197443962097
9595,7,1,0,0.28142249584198
9596,5,5,1,0.385059654712677
9597,4,5,0,0.7429981827735901
9598,9,6,0,0.8555763959884644
9599,7,6,0,0.5794646143913269
9600,8,3,0,0.730705201625824
9601,1,9,0,0.5129494667053223
9602,0,7,0,0.45354709029197693
9603,2,3,0,0.4024716913700104
9604,8,5,0,0.6144424676895142
9605,5,7,0,0.6204254627227783
9606,6,3,0,0.4184218943119049
9607,7,7,1,0.9163026809692383
9608,0,0,1,0.4744431674480438
9609,1,6,0,0.8034313321113586
9610,4,3,0,0.461685448884964
9611,8,8,1,0.739353597164154
9612,4,5,0,0.6914101839065552
9613,4,2,0,0.46513041853904724
9614,6,6,1,0.5952439308166504
9615,6,6,1,0.9025560021400452
9616,5,6,0,0.908367931842804
9617,8,5,0,0.4738606810569763
9618,1,3,0,0.3765801191329956
9619,8,3,0,0.7283667922019958
9620,4,8,0,0.3100222945213318
9621,6,6,1,0.8535760045051575
9622,5,4,0,0.6619633436203003
9623,9,5,0,0.603951632976532
9624,2,3,0,0.7411689162254333
9625,2,2,1,0.7288106083869934
9626,1,1,1,0.6399534344673157
9627,4,2,0,0.7676762938499451
9628,9,6,0,0.7907805442810059
9629,1,7,0,0.6727267503738403
9630,6,3,0,0.6570720672607422
9631,7,5,0,0.736914336681366
9632,2,5,0,0.3789014220237732
9633,0,1,0,0.39299070835113525
9634,1,9,0,0.8098331093788147
9635,7,6,0,0.9024599194526672
9636,6,9,0,0.43503624200820923
9637,5,6,0,0.5383630394935608
9638,2,6,0,0.4037489593029022
9639,2,2,1,0.715955913066864
9640,5,7,0,0.5924133062362671
9641,6,6,1,0.5724963545799255
9642,0,3,0,0.6472814679145813
9643,9,6,0,0.36013510823249817
9644,0,6,0,0.9071547389030457
9645,1,5,0,0.6714151501655579
9646,5,6,0,0.46031469106674194
9647,3,2,0,0.3556857705116272
9648,3,3,1,0.6707473993301392
9649,5,5,1,0.803286075592041
9650,8,1,0,0.6567971706390381
9651,7,1,0,0.4198603928089142
9652,5,0,0,0.3595011830329895
9653,6,1,0,0.537776529788971
9654,5,7,0,0.37530237436294556
9655,8,9,0,0.5962660312652588
9656,0,6,0,0.4246126115322113
9657,5,9,0,0.48815369606018066
9658,9,9,1,0.5100368857383728
9659,4,5,0,0.5785659551620483
9660,6,7,0,0.7347238659858704
9661,5,3,0,0.5733863711357117
9662,1,9,0,0.7152912020683289
9663,1,2,0,0.46172407269477844
9664,0,7,0,0.5932525992393494
9665,3,9,0,0.6138166785240173
9666,3,5,0,0.8364497423171997
9667,9,1,0,0.5504621267318726
9668,4,6,0,0.6792353987693787
9669,8,7,0,0.5416795015335083
9670,1,9,0,0.8028815984725952
9671,7,7,1,0.5541126728057861
9672,7,6,0,0.44025397300720215
9673,9,6,0,0.5893806219100952
9674,9,6,0,0.5800879597663879
9675,4,6,0,0.7579481601715088
9676,3,2,0,0.24686428904533386
9677,6,6,1,0.6698942184448242
9678,3,3,1,0.3887880742549896
9679,2,5,0,0.49395325779914856
9680,8,1,0,0.48511621356010437
9681,2,8,0,0.43411821126937866
9682,7,1,0,0.4567919373512268
9683,6,7,0,0.3901304304599762
9684,7,4,0,0.49933162331581116
9685,0,8,0,0.612608790397644
9686,2,1,0,0.9396047592163086
9687,1,9,0,0.46956488490104675
9688,2,3,0,0.5312958359718323
9689,9,6,0,0.673686683177948
9690,4,3,0,0.40869882702827454
9691,6,4,0,0.6609134674072266
9692,9,1,0,0.6991724967956543
9693,6,6,1,0.9726757407188416
9694,1,3,0,0.710547685623169
9695,0,9,0,0.6362296938896179
9696,1,3,0,0.5399088263511658
9697,8,3,0,0.6865411400794983
9698,7,3,0,0.4791838824748993
9699,0,5,0,0.8554549813270569
9700,0,1,0,0.5593527555465698
9701,4,2,0,0.6338578462600708
9702,7,2,0,0.5222013592720032
9703,4,8,0,0.3862133324146271
9704,2,6,0,0.5061238408088684
9705,6,1,0,0.41605544090270996
9706,9,6,0,0.4843980669975281
9707,5,8,0,0.41484859585762024
9708,9,6,0,0.43739306926727295
9709,0,3,0,0.3561024069786072
9710,7,9,0,0.3649870455265045
9711,4,4,1,0.3842907249927521
9712,5,2,0,0.38078954815864563
9713,8,0,0,0.6796148419380188
9714,1,9,0,0.38578447699546814
9715,4,3,0,0.6578777432441711
9716,7,3,0,0.4076439142227173
9717,9,6,0,0.8973295092582703
9718,9,2,0,0.39359942078590393
9719,8,8,1,0.32393524050712585
9720,8,6,0,0.7049546837806702
9721,6,4,0,0.7843874096870422
9722,3,5,0,0.6629037857055664
9723,7,9,0,0.7680270671844482
9724,0,3,0,0.48849815130233765
9725,8,3,0,0.38746377825737
9726,9,9,1,0.6547799706459045
9727,6,5,0,0.7534497380256653
9728,2,2,1,0.5452943444252014
9729,4,1,0,0.6240870952606201
9730,6,3,0,0.716655969619751
9731,2,9,0,0.46937280893325806
9732,9,5,0,0.3686550557613373
9733,7,5,0,0.5056157112121582
9734,4,3,0,0.6461127996444702
9735,6,1,0,0.33125612139701843
9736,8,9,0,0.5824041962623596
9737,5,5,1,0.5043072700500488
9738,6,3,0,0.39285537600517273
9739,1,9,0,0.6235523819923401
9740,3,6,0,0.6379166841506958
9741,5,9,0,0.3777106702327728
9742,9,3,0,0.6855072379112244
9743,9,1,0,0.3983694016933441
9744,1,6,0,0.5785607695579529
9745,3,3,1,0.7039546966552734
9746,2,9,0,0.5787346959114075
9747,0,7,0,0.7139896154403687
9748,3,6,0,0.6722838282585144
9749,0,8,0,0.5243107080459595
9750,2,4,0,0.7513165473937988
9751,0,6,0,0.6756812334060669
9752,7,2,0,0.44529950618743896
9753,3,9,0,0.3989066779613495
9754,9,3,0,0.535497784614563
9755,3,4,0,0.4376526176929474
9756,5,7,0,0.6047632098197937
9757,7,9,0,0.5489914417266846
9758,6,3,0,0.43981385231018066
9759,5,5,1,0.6651163697242737
9760,9,3,0,0.5920097827911377
9761,5,3,0,0.7393065690994263
9762,6,1,0,0.7743123173713684
9763,1,4,0,0.33214104175567627
9764,2,6,0,0.49270859360694885
9765,4,3,0,0.4791314899921417
9766,0,0,1,0.7064157128334045
9767,2,7,0,0.44272226095199585
9768,7,6,0,0.39094340801239014
9769,8,8,1,0.9105625748634338
9770,4,4,1,0.7479193210601807
9771,4,2,0,0.5367781519889832
9772,0,6,0,0.6495122313499451
9773,9,9,1,0.9546669721603394
9774,5,3,0,0.678584098815918
9775,9,9,1,0.45799580216407776
9776,2,6,0,0.7142887115478516
9777,9,2,0,0.46712055802345276
9778,3,3,1,0.5381326675415039
9779,2,4,0,0.7850080728530884
9780,4,6,0,0.6329461932182312
9781,3,5,0,0.7146143913269043
9782,2,6,0,0.964805006980896
9783,2,6,0,0.6331643462181091
9784,8,4,0,0.6309594511985779
9785,8,3,0,0.7930924296379089
9786,6,1,0,0.4764500558376312
9787,8,2,0,0.39577585458755493
9788,1,9,0,0.8415777087211609
9789,6,3,0,0.7221091389656067
9790,8,8,1,0.4477408230304718
9791,9,1,0,0.49187949299812317
9792,8,6,0,0.369101881980896
9793,2,5,0,0.8659724593162537
9794,1,9,0,0.5938334465026855
9795,4,3,0,0.4361048638820648
9796,9,9,1,0.8473652005195618
9797,1,2,0,0.478964626789093
9798,5,3,0,0.5685495138168335
9799,7,9,0,0.8649790287017822
9800,1,1,1,0.8578231930732727
9801,6,4,0,0.4099682569503784
9802,0,6,0,0.8942063450813293
9803,1,9,0,0.8154187798500061
9804,5,6,0,0.45943665504455566
9805,2,0,0,0.4602152705192566
9806,8,8,1,0.580877423286438
9807,1,3,0,0.46577128767967224
9808,1,3,0,0.43515631556510925
9809,3,6,0,0.5514610409736633
9810,8,2,0,0.9050920009613037
9811,1,6,0,0.41170379519462585
9812,3,5,0,0.36153146624565125
9813,1,9,0,0.829273521900177
9814,8,8,1,0.4772394597530365
9815,5,5,1,0.6031574606895447
9816,1,8,0,0.39613035321235657
9817,9,6,0,0.6528693437576294
9818,0,9,0,0.4087923765182495
9819,3,3,1,0.39898794889450073
9820,0,5,0,0.5552820563316345
9821,4,7,0,0.5179187655448914
9822,0,0,1,0.54485023021698
9823,5,9,0,0.438224196434021
9824,1,6,0,0.7921177744865417
9825,2,2,1,0.6378138065338135
9826,0,3,0,0.5213632583618164
9827,4,4,1,0.44193118810653687
9828,9,3,0,0.3587547838687897
9829,5,5,1,0.520145833492279
9830,1,1,1,0.6509788632392883
9831,2,3,0,0.4972134232521057
9832,2,6,0,0.9094446301460266
9833,7,5,0,0.560278058052063
9834,8,5,0,0.34743157029151917
9835,7,5,0,0.7460750341415405
9836,2,6,0,0.37596333026885986
9837,4,2,0,0.48611894249916077
9838,5,5,1,0.3774566650390625
9839,3,3,1,0.5621499419212341
9840,4,3,0,0.4475497603416443
9841,0,1,0,0.37367773056030273
9842,6,6,1,0.8726235032081604
9843,1,3,0,0.6096208691596985
9844,5,3,0,0.40216976404190063
9845,9,9,1,0.46341899037361145
9846,8,8,1,0.6392548680305481
9847,0,8,0,0.9083020687103271
9848,2,5,0,0.7514193058013916
9849,0,4,0,0.7226566672325134
9850,7,7,1,0.5803301930427551
9851,6,4,0,0.29243016242980957
9852,0,3,0,0.6982959508895874
9853,5,4,0,0.7135207056999207
9854,9,1,0,0.6011996269226074
9855,7,3,0,0.6558718681335449
9856,5,5,1,0.9026278853416443
9857,0,3,0,0.6729761958122253
9858,4,3,0,0.5355658531188965
9859,6,5,0,0.4654744267463684
9860,0,3,0,0.6210216879844666
9861,6,6,1,0.7261680364608765
9862,3,6,0,0.5524915456771851
9863,6,6,1,0.8078317642211914
9864,8,9,0,0.8020753264427185
9865,1,0,0,0.5030496120452881
9866,1,2,0,0.362681120634079
9867,8,3,0,0.6846414804458618
9868,9,1,0,0.6199579238891602
9869,7,3,0,0.5766160488128662
9870,2,2,1,0.43140020966529846
9871,9,3,0,0.46166518330574036
9872,0,9,0,0.5716866254806519
9873,2,6,0,0.6636666059494019
9874,2,5,0,0.619171679019928
9875,9,9,1,0.4248462915420532
9876,0,6,0,0.7312737107276917
9877,6,2,0,0.3693333566188812
9878,5,5,1,0.3741058111190796
9879,7,2,0,0.4819409251213074
9880,7,1,0,0.6139909029006958
9881,9,6,0,0.420960009098053
9882,1,9,0,0.7011993527412415
9883,7,5,0,0.7837035655975342
9884,9,9,1,0.4478505849838257
9885,8,8,1,0.5630992650985718
9886,4,9,0,0.7569884061813354
9887,5,0,0,0.4153447151184082
9888,0,6,0,0.8820090293884277
9889,8,3,0,0.5086946487426758
9890,0,4,0,0.5051481127738953
9891,2,9,0,0.42441001534461975
9892,5,3,0,0.5047611594200134
9893,2,2,1,0.3896825313568115
9894,1,1,1,0.3011610507965088
9895,4,1,0,0.4135599434375763
9896,4,2,0,0.7290660738945007
9897,8,8,1,0.9016231894493103
9898,9,2,0,0.5787292122840881
9899,7,6,0,0.8428870439529419
9900,8,1,0,0.3050506114959717
9901,3,8,0,0.7077987194061279
9902,6,4,0,0.6681644320487976
9903,6,2,0,0.5983380675315857
9904,0,5,0,0.5941224694252014
9905,1,0,0,0.4047641158103943
9906,1,2,0,0.2598060071468353
9907,1,9,0,0.4351613223552704
9908,8,3,0,0.3814109265804291
9909,1,3,0,0.6961836218833923
9910,4,2,0,0.4608761668205261
9911,4,3,0,0.5103475451469421
9912,0,3,0,0.33708325028419495
9913,7,4,0,0.5386980175971985
9914,8,1,0,0.4864564836025238
9915,2,2,1,0.554419219493866
9916,1,1,1,0.5277113318443298
9917,2,3,0,0.6540582776069641
9918,5,7,0,0.3946395814418793
9919,4,3,0,0.4965068995952606
9920,6,6,1,0.7828460335731506
9921,0,3,0,0.5968834757804871
9922,5,6,0,0.6934649348258972
9923,7,3,0,0.5784067511558533
9924,4,5,0,0.698336124420166
9925,4,3,0,0.5723068714141846
9926,3,4,0,0.5362120866775513
9927,9,1,0,0.5798860788345337
9928,5,2,0,0.47872745990753174
9929,8,5,0,0.6023713946342468
9930,8,9,0,0.6771700382232666
9931,0,1,0,0.5243951678276062
9932,8,8,1,0.6383646130561829
9933,7,5,0,0.7901474237442017
9934,4,7,0,0.5940985679626465
9935,1,5,0,0.7100471258163452
9936,8,4,0,0.8997631669044495
9937,4,2,0,0.5701441764831543
9938,9,3,0,0.6172913908958435
9939,5,3,0,0.37186041474342346
9940,4,3,0,0.5491783618927002
9941,1,1,1,0.7086324691772461
9942,7,6,0,0.9303020238876343
9943,7,6,0,0.7189299464225769
9944,7,3,0,0.3809267282485962
9945,7,3,0,0.4878544807434082
9946,0,9,0,0.5459058284759521
9947,3,4,0,0.6369311809539795
9948,8,1,0,0.6035587191581726
9949,3,5,0,0.3766978979110718
9950,3,3,1,0.7612607479095459
9951,0,5,0,0.7017006874084473
9952,5,5,1,0.7376883625984192
9953,7,9,0,0.48457416892051697
9954,0,2,0,0.40360066294670105
9955,8,9,0,0.8972729444503784
9956,0,2,0,0.4404323101043701
9957,0,6,0,0.5820250511169434
9958,9,9,1,0.8963042497634888
9959,2,3,0,0.5976057648658752
9960,2,1,0,0.4829617738723755
9961,3,7,0,0.5761500597000122
9962,4,6,0,0.7274659276008606
9963,8,4,0,0.4499485194683075
9964,2,3,0,0.5223466157913208
9965,2,5,0,0.39312946796417236
9966,6,3,0,0.4929463267326355
9967,3,3,1,0.46250391006469727
9968,3,5,0,0.5481254458427429
9969,6,9,0,0.9017594456672668
9970,2,6,0,0.6026322841644287
9971,9,7,0,0.565464437007904
9972,4,3,0,0.7003799676895142
9973,0,9,0,0.5549281239509583
9974,1,1,1,0.8841673135757446
9975,7,1,0,0.4679841697216034
9976,5,9,0,0.4194105863571167
9977,5,7,0,0.5946511626243591
9978,7,1,0,0.6108702421188354
9979,3,3,1,0.6288257241249084
9980,0,3,0,0.7024974226951599
9981,4,2,0,0.5218499898910522
9982,2,6,0,0.9095937013626099
9983,0,1,0,0.6663765907287598
9984,7,9,0,0.5071156620979309
9985,5,2,0,0.4105454981327057
9986,8,9,0,0.7225234508514404
9987,0,8,0,0.4481986463069916
9988,8,1,0,0.6574264168739319
9989,2,6,0,0.4528401494026184
9990,7,0,0,0.6570255756378174
9991,0,1,0,0.5463993549346924
9992,3,3,1,0.7381754517555237
9993,5,5,1,0.48934561014175415
9994,3,3,1,0.4850603938102722
9995,8,3,0,0.6642152667045593
9996,3,8,0,0.7456507682800293
9997,5,2,0,0.47340306639671326
9998,1,0,0,0.6150546669960022
9999,7,2,0,0.48355087637901306
