sample_idx,true_label,pred_label,correct,confidence
0,3,3,1,0.6188941597938538
1,8,2,0,0.5355695486068726
2,8,2,0,0.5289658308029175
3,0,2,0,0.6219938397407532
4,6,2,0,0.7392409443855286
5,6,2,0,0.8452757000923157
6,1,3,0,0.456834614276886
7,6,2,0,0.6136726140975952
8,3,2,0,0.5292280316352844
9,1,2,0,0.497769296169281
10,0,0,1,0.3906511962413788
11,9,2,0,0.8740499019622803
12,5,3,0,0.5653533935546875
13,7,3,0,0.7906450629234314
14,9,2,0,0.39910274744033813
15,8,3,0,0.7530604600906372
16,5,2,0,0.4603506624698639
17,7,2,0,0.7340551018714905
18,8,3,0,0.688064455986023
19,6,2,0,0.5846133232116699
20,7,0,0,0.5764421224594116
21,0,3,0,0.5611194372177124
22,4,2,0,0.5884316563606262
23,9,3,0,0.5300203561782837
24,5,0,0,0.6360399723052979
25,2,3,0,0.5118680000305176
26,4,3,0,0.5067092776298523
27,0,2,0,0.6180412173271179
28,9,2,0,0.6376461386680603
29,6,2,0,0.7513070702552795
30,6,2,0,0.8681334257125854
31,5,3,0,0.7557764053344727
32,4,0,0,0.6722713708877563
33,5,3,0,0.8344918489456177
34,9,5,0,0.4540369212627411
35,2,3,0,0.7893041968345642
36,4,1,0,0.33848297595977783
37,1,8,0,0.6086925268173218
38,9,3,0,0.712834358215332
39,5,2,0,0.660848081111908
40,4,0,0,0.32091212272644043
41,6,2,0,0.7213766574859619
42,5,3,0,0.8315865993499756
43,6,2,0,0.5462241172790527
44,0,2,0,0.5671362280845642
45,9,2,0,0.46869537234306335
46,3,3,1,0.5334285497665405
47,9,8,0,0.591511070728302
48,7,2,0,0.4020748436450958
49,6,2,0,0.7496961355209351
50,9,3,0,0.8976865410804749
51,8,3,0,0.45438167452812195
52,0,3,0,0.5174999237060547
53,3,0,0,0.40814417600631714
54,8,6,0,0.5555029511451721
55,8,0,0,0.6413629651069641
56,7,2,0,0.7848272323608398
57,7,3,0,0.897811770439148
58,4,0,0,0.47953468561172485
59,6,5,0,0.49173304438591003
60,7,3,0,0.5118072032928467
61,3,2,0,0.7527220249176025
62,6,3,0,0.6507437825202942
63,3,2,0,0.5675249099731445
64,6,2,0,0.3909943699836731
65,2,3,0,0.560387909412384
66,1,3,0,0.7938072681427002
67,2,0,0,0.43588945269584656
68,3,3,1,0.8999400734901428
69,7,0,0,0.4750387370586395
70,2,0,0,0.41157636046409607
71,6,2,0,0.5597140192985535
72,8,3,0,0.4509408175945282
73,8,2,0,0.5566428899765015
74,0,2,0,0.640828013420105
75,2,0,0,0.6387457251548767
76,9,2,0,0.6872531771659851
77,3,3,1,0.491446316242218
78,3,3,1,0.6298409700393677
79,8,2,0,0.7689459919929504
80,8,0,0,0.4775218367576599
81,1,1,1,0.6891967058181763
82,1,0,0,0.461437463760376
83,7,0,0,0.6277483701705933
84,2,2,1,0.5763391256332397
85,5,2,0,0.8268185257911682
86,2,3,0,0.6040164232254028
87,7,0,0,0.4656451344490051
88,8,2,0,0.928092896938324
89,9,2,0,0.5750111937522888
90,0,3,0,0.6156010627746582
91,3,3,1,0.8320110440254211
92,8,0,0,0.5648747086524963
93,6,3,0,0.42781689763069153
94,4,3,0,0.6832086443901062
95,6,5,0,0.5092629790306091
96,6,3,0,0.5523963570594788
97,0,0,1,0.6842929720878601
98,0,3,0,0.5318363904953003
99,7,3,0,0.789007306098938
100,4,3,0,0.7998493909835815
101,5,2,0,0.6300568580627441
102,6,2,0,0.6449986100196838
103,3,2,0,0.5573327541351318
104,1,0,0,0.5789548754692078
105,1,0,0,0.3439386487007141
106,3,3,1,0.7773271203041077
107,6,2,0,0.7625744938850403
108,8,3,0,0.6195468902587891
109,7,2,0,0.5419460535049438
110,4,3,0,0.608708918094635
111,0,5,0,0.6923639178276062
112,6,2,0,0.7574532628059387
113,2,2,1,0.7129557728767395
114,1,2,0,0.8386493921279907
115,3,3,1,0.625158965587616
116,0,2,0,0.3821805417537689
117,4,3,0,0.7978227138519287
118,2,2,1,0.6535190939903259
119,7,3,0,0.5874741673469543
120,8,2,0,0.6172176599502563
121,3,3,1,0.7057158946990967
122,1,2,0,0.71687251329422
123,2,2,1,0.6632254719734192
124,8,3,0,0.48145177960395813
125,0,2,0,0.6545610427856445
126,8,2,0,0.7738766670227051
127,3,3,1,0.6577363610267639
128,5,3,0,0.7181912064552307
129,2,2,1,0.45259714126586914
130,4,2,0,0.5946670770645142
131,1,2,0,0.5616758465766907
132,8,0,0,0.6488658785820007
133,9,2,0,0.5287528038024902
134,1,3,0,0.4864012897014618
135,2,3,0,0.5162075757980347
136,9,0,0,0.7160888910293579
137,7,2,0,0.7665301561355591
138,2,2,1,0.7862891554832458
139,9,2,0,0.7072034478187561
140,6,3,0,0.5956858396530151
141,5,2,0,0.7599294781684875
142,6,1,0,0.6351990103721619
143,3,3,1,0.6118924617767334
144,8,3,0,0.7718694806098938
145,7,3,0,0.59231036901474
146,6,3,0,0.7674381732940674
147,2,3,0,0.49017471075057983
148,5,3,0,0.7415525317192078
149,2,3,0,0.6930246949195862
150,8,5,0,0.44366422295570374
151,9,2,0,0.5057850480079651
152,6,2,0,0.5613480806350708
153,0,8,0,0.45064210891723633
154,0,2,0,0.6720112562179565
155,5,3,0,0.599985659122467
156,2,2,1,0.7177090644836426
157,9,0,0,0.7159305214881897
158,5,3,0,0.43344929814338684
159,4,2,0,0.7466028928756714
160,2,3,0,0.5995538234710693
161,1,2,0,0.45409828424453735
162,6,3,0,0.5071119070053101
163,6,5,0,0.49084725975990295
164,8,2,0,0.4234485626220703
165,4,2,0,0.6444330811500549
166,8,0,0,0.8466023206710815
167,4,2,0,0.786558985710144
168,5,3,0,0.44177570939064026
169,0,3,0,0.47491559386253357
170,9,2,0,0.720050036907196
171,9,3,0,0.3763091564178467
172,9,2,0,0.8661847114562988
173,8,0,0,0.5372344851493835
174,9,2,0,0.7073550820350647
175,9,3,0,0.6567097306251526
176,3,0,0,0.570911169052124
177,7,8,0,0.4090791940689087
178,5,2,0,0.6109985113143921
179,0,0,1,0.6408279538154602
180,0,9,0,0.6141447424888611
181,5,3,0,0.5161313414573669
182,2,2,1,0.5078722834587097
183,2,0,0,0.43585413694381714
184,3,0,0,0.6270819902420044
185,8,3,0,0.5860459208488464
186,6,2,0,0.8613877892494202
187,3,3,1,0.6078226566314697
188,4,0,0,0.33539462089538574
189,0,8,0,0.448113352060318
190,5,3,0,0.5066170692443848
191,8,3,0,0.5808942317962646
192,0,3,0,0.44694986939430237
193,1,2,0,0.39581021666526794
194,7,3,0,0.6293060183525085
195,2,3,0,0.6199710965156555
196,8,2,0,0.3339709937572479
197,8,0,0,0.679033637046814
198,7,3,0,0.8696612119674683
199,8,6,0,0.4048627018928528
200,5,8,0,0.39396989345550537
201,1,0,0,0.5933740139007568
202,8,2,0,0.7829557657241821
203,7,3,0,0.6557000875473022
204,1,3,0,0.7432315349578857
205,3,3,1,0.46085187792778015
206,0,0,1,0.7587137222290039
207,5,2,0,0.5728408098220825
208,7,2,0,0.6222535371780396
209,9,2,0,0.4345911741256714
210,7,2,0,0.6263353824615479
211,4,3,0,0.6006647348403931
212,5,2,0,0.4550341069698334
213,9,2,0,0.5339310765266418
214,8,3,0,0.4766019284725189
215,0,0,1,0.6554121375083923
216,7,2,0,0.5032667517662048
217,9,2,0,0.7864156365394592
218,8,0,0,0.5086681842803955
219,2,2,1,0.6727901697158813
220,7,2,0,0.37563249468803406
221,6,2,0,0.6733978986740112
222,9,5,0,0.49153169989585876
223,4,0,0,0.46183493733406067
224,3,2,0,0.726200520992279
225,9,2,0,0.57095867395401
226,6,2,0,0.7133278846740723
227,4,2,0,0.7665678262710571
228,7,3,0,0.6675745844841003
229,6,3,0,0.7959354519844055
230,5,2,0,0.9046538472175598
231,1,2,0,0.5493864417076111
232,5,3,0,0.6343433260917664
233,8,3,0,0.6553909778594971
234,8,3,0,0.7014724016189575
235,0,2,0,0.5167664885520935
236,4,3,0,0.42615461349487305
237,0,3,0,0.5532524585723877
238,5,0,0,0.6048852801322937
239,5,2,0,0.6974050998687744
240,1,3,0,0.5243369936943054
241,1,3,0,0.48210409283638
242,8,0,0,0.7994813919067383
243,9,2,0,0.5245099663734436
244,0,2,0,0.6152961850166321
245,3,2,0,0.7296836376190186
246,1,8,0,0.5301491022109985
247,9,3,0,0.75009685754776
248,2,2,1,0.5381855964660645
249,2,3,0,0.7271684408187866
250,5,3,0,0.5373429656028748
251,3,3,1,0.6964455842971802
252,9,3,0,0.928118109703064
253,9,3,0,0.46996009349823
254,4,3,0,0.6106488108634949
255,0,3,0,0.5806524753570557
256,3,0,0,0.3833544850349426
257,0,0,1,0.6677389144897461
258,0,2,0,0.39598092436790466
259,9,3,0,0.8102651238441467
260,8,1,0,0.4089900255203247
261,1,3,0,0.5917178392410278
262,5,3,0,0.7348958849906921
263,7,2,0,0.792892336845398
264,0,3,0,0.7032229900360107
265,8,2,0,0.6490014791488647
266,2,3,0,0.6076588034629822
267,4,2,0,0.6231589913368225
268,7,0,0,0.3304925560951233
269,0,3,0,0.6161459684371948
270,2,0,0,0.4684939682483673
271,3,3,1,0.5710747838020325
272,6,2,0,0.46533361077308655
273,3,2,0,0.7841518521308899
274,8,3,0,0.37321439385414124
275,5,3,0,0.49503660202026367
276,0,2,0,0.914413571357727
277,3,3,1,0.48891696333885193
278,4,3,0,0.7045804858207703
279,3,3,1,0.8853884339332581
280,9,2,0,0.7817152738571167
281,0,2,0,0.4400574564933777
282,6,5,0,0.45411285758018494
283,1,3,0,0.8221230506896973
284,0,2,0,0.7243348956108093
285,9,2,0,0.6374143958091736
286,1,2,0,0.7157884836196899
287,0,2,0,0.39890754222869873
288,7,2,0,0.4527806341648102
289,9,8,0,0.5038045048713684
290,1,0,0,0.40248221158981323
291,2,3,0,0.7012518644332886
292,6,3,0,0.7213236689567566
293,9,3,0,0.5097371935844421
294,3,2,0,0.6315651535987854
295,4,8,0,0.8412646651268005
296,6,3,0,0.6955166459083557
297,0,2,0,0.7287312746047974
298,0,0,1,0.8284148573875427
299,6,3,0,0.5532905459403992
300,6,3,0,0.5281878113746643
301,6,2,0,0.7259528636932373
302,3,3,1,0.7214906215667725
303,2,0,0,0.6705306768417358
304,6,3,0,0.6370663046836853
305,1,0,0,0.5002068281173706
306,8,2,0,0.34686699509620667
307,2,2,1,0.7412722706794739
308,1,2,0,0.5108853578567505
309,6,3,0,0.7449999451637268
310,8,3,0,0.7282785773277283
311,6,2,0,0.695661187171936
312,8,2,0,0.5617871880531311
313,0,3,0,0.395573228597641
314,4,2,0,0.5070571899414062
315,0,3,0,0.7616490721702576
316,7,2,0,0.5833789110183716
317,7,2,0,0.5859847664833069
318,5,2,0,0.5569599270820618
319,5,2,0,0.8485561013221741
320,3,6,0,0.3685207664966583
321,5,2,0,0.5392377376556396
322,2,2,1,0.7799126505851746
323,3,2,0,0.5466057062149048
324,4,3,0,0.5982990264892578
325,1,3,0,0.588371992111206
326,7,2,0,0.4410124719142914
327,5,2,0,0.5181203484535217
328,4,3,0,0.6057947278022766
329,6,0,0,0.5309532284736633
330,1,2,0,0.4019533097743988
331,9,2,0,0.5136755704879761
332,3,8,0,0.455334335565567
333,6,2,0,0.6922537684440613
334,6,2,0,0.4237711727619171
335,9,3,0,0.6974246501922607
336,3,2,0,0.746042013168335
337,8,3,0,0.6908903121948242
338,0,2,0,0.7215288281440735
339,7,3,0,0.5434190630912781
340,2,3,0,0.7378904819488525
341,6,3,0,0.5641231536865234
342,2,2,1,0.5378226041793823
343,5,0,0,0.6250784397125244
344,8,0,0,0.7446010708808899
345,5,2,0,0.6729342341423035
346,4,3,0,0.7542821168899536
347,6,3,0,0.5447280406951904
348,8,3,0,0.7197878360748291
349,9,2,0,0.6470308303833008
350,9,2,0,0.5671080350875854
351,1,3,0,0.6463682651519775
352,0,2,0,0.5206894874572754
353,2,3,0,0.4479990303516388
354,2,2,1,0.5758877992630005
355,7,1,0,0.5612881779670715
356,3,2,0,0.7230387926101685
357,2,5,0,0.4914678931236267
358,8,3,0,0.41208934783935547
359,0,3,0,0.6863009929656982
360,9,2,0,0.463786244392395
361,5,2,0,0.7195461392402649
362,8,0,0,0.46899303793907166
363,1,2,0,0.5169304013252258
364,9,2,0,0.6044560670852661
365,4,6,0,0.6215223670005798
366,1,3,0,0.606978178024292
367,3,2,0,0.3903462290763855
368,8,2,0,0.5039883852005005
369,1,5,0,0.7938307523727417
370,4,0,0,0.4908800423145294
371,7,3,0,0.656487762928009
372,9,3,0,0.6343740820884705
373,4,8,0,0.45770344138145447
374,2,2,1,0.59076327085495
375,7,2,0,0.4254907965660095
376,0,3,0,0.5152920484542847
377,7,3,0,0.5133017301559448
378,0,2,0,0.7499934434890747
379,6,3,0,0.5735472440719604
380,6,2,0,0.9322030544281006
381,9,0,0,0.5424743294715881
382,0,2,0,0.5758978724479675
383,9,5,0,0.6296052932739258
384,2,4,0,0.5045626163482666
385,8,2,0,0.49047422409057617
386,7,3,0,0.5060473680496216
387,2,2,1,0.6882485747337341
388,2,2,1,0.5174022912979126
389,5,3,0,0.7109043598175049
390,1,3,0,0.5581088662147522
391,2,2,1,0.6435601115226746
392,6,2,0,0.5412040948867798
393,2,3,0,0.5727978348731995
394,9,3,0,0.791042149066925
395,6,3,0,0.5068566799163818
396,2,2,1,0.7532235383987427
397,3,2,0,0.679777979850769
398,0,0,1,0.5369659066200256
399,3,1,0,0.3999698758125305
400,9,3,0,0.663638174533844
401,8,3,0,0.6089174151420593
402,7,0,0,0.4918842613697052
403,8,0,0,0.4559212028980255
404,8,0,0,0.6325302124023438
405,4,3,0,0.7013336420059204
406,0,8,0,0.3983743190765381
407,1,2,0,0.5471444725990295
408,8,2,0,0.5960195660591125
409,2,3,0,0.5019959211349487
410,7,2,0,0.3351338803768158
411,9,2,0,0.7359978556632996
412,3,2,0,0.5633875727653503
413,6,3,0,0.6478857398033142
414,1,2,0,0.8574954867362976
415,9,0,0,0.38018086552619934
416,0,3,0,0.47189444303512573
417,7,2,0,0.614899218082428
418,3,3,1,0.7682411670684814
419,7,3,0,0.6447285413742065
420,4,3,0,0.8561098575592041
421,5,5,1,0.5404924154281616
422,0,3,0,0.5187289714813232
423,0,2,0,0.6592453122138977
424,2,3,0,0.5806776285171509
425,9,3,0,0.6657359600067139
426,3,3,1,0.5167348384857178
427,4,2,0,0.45226678252220154
428,0,3,0,0.6097147464752197
429,6,3,0,0.6215040683746338
430,2,2,1,0.7402781844139099
431,5,3,0,0.4931103587150574
432,3,2,0,0.942756175994873
433,7,3,0,0.43943703174591064
434,3,2,0,0.49466007947921753
435,7,3,0,0.5158942341804504
436,2,0,0,0.45914942026138306
437,5,2,0,0.43084314465522766
438,3,5,0,0.660550057888031
439,1,3,0,0.7359329462051392
440,1,8,0,0.39994263648986816
441,4,2,0,0.4064854383468628
442,9,0,0,0.3327561914920807
443,9,3,0,0.7055045962333679
444,5,3,0,0.7675207853317261
445,7,3,0,0.6395145058631897
446,5,6,0,0.5031986832618713
447,0,8,0,0.5574141144752502
448,2,1,0,0.3332727253437042
449,2,2,1,0.696428656578064
450,2,2,1,0.7988175749778748
451,9,8,0,0.5200397968292236
452,7,5,0,0.5572305917739868
453,3,3,1,0.5556424260139465
454,9,2,0,0.6098127961158752
455,4,3,0,0.47514036297798157
456,3,3,1,0.6896159052848816
457,5,5,1,0.5759172439575195
458,4,3,0,0.6238707304000854
459,6,2,0,0.5413391590118408
460,5,2,0,0.3408697247505188
461,6,2,0,0.6880754232406616
462,1,2,0,0.8354656100273132
463,4,3,0,0.4564935863018036
464,3,0,0,0.5066016316413879
465,4,2,0,0.8199507594108582
466,4,2,0,0.5828120708465576
467,3,0,0,0.48162081837654114
468,7,3,0,0.6899227499961853
469,8,2,0,0.5932246446609497
470,3,2,0,0.6877467036247253
471,7,3,0,0.5125616788864136
472,8,3,0,0.6224559545516968
473,0,2,0,0.3995234966278076
474,5,2,0,0.8525995016098022
475,7,2,0,0.6762152910232544
476,6,2,0,0.7916938662528992
477,0,2,0,0.6807391047477722
478,5,3,0,0.700537383556366
479,4,2,0,0.5165131092071533
480,8,2,0,0.7190682291984558
481,6,4,0,0.42661598324775696
482,8,3,0,0.6902527809143066
483,5,2,0,0.6733088493347168
484,5,5,1,0.4963407814502716
485,9,5,0,0.5035514831542969
486,9,3,0,0.5764550566673279
487,9,2,0,0.4750138223171234
488,5,3,0,0.5737197399139404
489,0,0,1,0.6332339644432068
490,1,0,0,0.48238155245780945
491,0,3,0,0.6320071816444397
492,8,3,0,0.6531580090522766
493,1,3,0,0.7537018656730652
494,1,8,0,0.2908443808555603
495,8,3,0,0.4021918773651123
496,0,3,0,0.6230146288871765
497,2,2,1,0.47667360305786133
498,2,2,1,0.5697351694107056
499,0,0,1,0.7288326621055603
500,4,8,0,0.359971284866333
501,6,0,0,0.5143330097198486
502,5,3,0,0.6143184900283813
503,4,0,0,0.6536957621574402
504,9,8,0,0.471375972032547
505,4,2,0,0.684852123260498
506,7,3,0,0.7349844574928284
507,9,2,0,0.7264502048492432
508,9,3,0,0.5154839158058167
509,4,2,0,0.7011510729789734
510,5,3,0,0.5555819869041443
511,6,3,0,0.6567951440811157
512,6,3,0,0.9024579524993896
513,1,3,0,0.6611166000366211
514,5,3,0,0.6936434507369995
515,3,2,0,0.7216492295265198
516,8,2,0,0.5191113948822021
517,9,2,0,0.7153108716011047
518,5,0,0,0.5254799723625183
519,8,0,0,0.5493501424789429
520,5,0,0,0.7105361819267273
521,7,0,0,0.49338629841804504
522,0,2,0,0.4925313889980316
523,7,3,0,0.5968201756477356
524,0,3,0,0.542030394077301
525,5,3,0,0.5895226001739502
526,0,3,0,0.42248889803886414
527,0,2,0,0.8488112092018127
528,4,0,0,0.5001828670501709
529,6,2,0,0.5076631307601929
530,9,0,0,0.4395812153816223
531,0,2,0,0.4402126371860504
532,9,5,0,0.7202486991882324
533,5,3,0,0.7219199538230896
534,6,2,0,0.808077871799469
535,6,2,0,0.8056768774986267
536,6,3,0,0.5370217561721802
537,2,2,1,0.39303407073020935
538,9,8,0,0.4422052800655365
539,0,3,0,0.661816418170929
540,1,2,0,0.6525325179100037
541,7,9,0,0.40533143281936646
542,6,3,0,0.6980926394462585
543,7,3,0,0.2948451340198517
544,5,2,0,0.5331206917762756
545,9,8,0,0.6894698739051819
546,1,1,1,0.566632091999054
547,6,3,0,0.5765072107315063
548,2,2,1,0.6122443079948425
549,5,2,0,0.7128247618675232
550,5,2,0,0.7247540950775146
551,5,3,0,0.6918148398399353
552,8,2,0,0.6503584980964661
553,5,2,0,0.6308127641677856
554,9,4,0,0.6197010278701782
555,4,2,0,0.6315956711769104
556,6,8,0,0.3794943690299988
557,4,3,0,0.8484665751457214
558,3,3,1,0.7871390581130981
559,2,2,1,0.5770053863525391
560,0,8,0,0.35829851031303406
561,7,3,0,0.6626084446907043
562,6,3,0,0.7322142720222473
563,2,2,1,0.5777553915977478
564,2,2,1,0.7760754823684692
565,3,2,0,0.7302382588386536
566,9,3,0,0.7443760633468628
567,7,3,0,0.5720475316047668
568,9,3,0,0.6512656807899475
569,2,3,0,0.7218272686004639
570,6,0,0,0.46869319677352905
571,7,0,0,0.44965657591819763
572,1,3,0,0.4357474446296692
573,3,3,1,0.7590200304985046
574,6,2,0,0.6465620398521423
575,6,0,0,0.6236610412597656
576,8,2,0,0.6731358170509338
577,9,2,0,0.6433218717575073
578,7,2,0,0.6151555776596069
579,5,3,0,0.6878150701522827
580,4,3,0,0.7129790782928467
581,0,2,0,0.49814096093177795
582,8,3,0,0.5699675679206848
583,4,2,0,0.675823450088501
584,0,3,0,0.6921079754829407
585,9,3,0,0.45104849338531494
586,3,3,1,0.7963983416557312
587,4,2,0,0.4887970983982086
588,8,3,0,0.4602726101875305
589,9,2,0,0.5271469950675964
590,6,6,1,0.6092903017997742
591,9,2,0,0.7182433009147644
592,2,0,0,0.8022880554199219
593,6,3,0,0.7816749811172485
594,1,2,0,0.6216883659362793
595,4,2,0,0.7115378379821777
596,7,3,0,0.7878624796867371
597,3,2,0,0.6194887161254883
598,5,2,0,0.6098963618278503
599,3,2,0,0.9322535395622253
600,8,0,0,0.4405885338783264
601,5,0,0,0.5971975922584534
602,0,8,0,0.7427061796188354
603,2,3,0,0.595805823802948
604,1,2,0,0.5034271478652954
605,6,2,0,0.8294399976730347
606,4,2,0,0.8567911982536316
607,3,2,0,0.5035371780395508
608,3,3,1,0.7386445999145508
609,9,5,0,0.5541905164718628
610,6,2,0,0.4261625111103058
611,9,3,0,0.6509409546852112
612,8,2,0,0.384682297706604
613,8,2,0,0.6855635643005371
614,5,3,0,0.5588838458061218
615,8,3,0,0.6296590566635132
616,6,3,0,0.6986504793167114
617,6,3,0,0.6776453256607056
618,2,2,1,0.6322325468063354
619,1,2,0,0.5125119686126709
620,7,3,0,0.7365943193435669
621,7,3,0,0.8191903829574585
622,1,5,0,0.45218342542648315
623,2,3,0,0.7658763527870178
624,7,2,0,0.5170302987098694
625,9,2,0,0.5584446787834167
626,9,3,0,0.6509674191474915
627,4,2,0,0.560523271560669
628,4,3,0,0.6323980093002319
629,1,2,0,0.6187841892242432
630,2,3,0,0.6863120198249817
631,5,2,0,0.6742666363716125
632,6,2,0,0.7751803994178772
633,8,2,0,0.4840596914291382
634,7,2,0,0.7947258949279785
635,6,2,0,0.6788349747657776
636,8,3,0,0.65473872423172
637,3,3,1,0.4925842583179474
638,0,5,0,0.3968268632888794
639,5,0,0,0.5116738677024841
640,5,3,0,0.7929583787918091
641,3,2,0,0.6390758156776428
642,0,1,0,0.3596678376197815
643,7,3,0,0.6698768138885498
644,9,0,0,0.5895113348960876
645,1,2,0,0.4670991599559784
646,3,3,1,0.5676355361938477
647,4,2,0,0.6610797047615051
648,4,2,0,0.7780258059501648
649,5,3,0,0.609726071357727
650,3,3,1,0.8711156249046326
651,9,2,0,0.7547236680984497
652,5,2,0,0.6666707992553711
653,6,3,0,0.41607028245925903
654,9,3,0,0.662667989730835
655,2,0,0,0.510458767414093
656,1,2,0,0.6548104882240295
657,1,3,0,0.8105006814002991
658,4,2,0,0.7337077856063843
659,1,3,0,0.603512167930603
660,9,2,0,0.6497435569763184
661,4,3,0,0.5341988801956177
662,7,3,0,0.7186450362205505
663,6,3,0,0.6178803443908691
664,3,3,1,0.9093844890594482
665,8,3,0,0.6328657865524292
666,9,3,0,0.5354950428009033
667,0,2,0,0.7631621956825256
668,1,3,0,0.6746463775634766
669,3,2,0,0.5708712339401245
670,6,3,0,0.5813371539115906
671,3,2,0,0.6866435408592224
672,6,2,0,0.9010424613952637
673,3,2,0,0.5741291642189026
674,2,2,1,0.6620574593544006
675,0,0,1,0.4361903667449951
676,3,2,0,0.7206323146820068
677,1,3,0,0.5364856123924255
678,0,3,0,0.4466734528541565
679,5,3,0,0.7971869707107544
680,9,2,0,0.8117998242378235
681,6,2,0,0.4972732961177826
682,4,3,0,0.7829229235649109
683,8,5,0,0.4038025736808777
684,9,3,0,0.3337947428226471
685,6,0,0,0.3687650263309479
686,9,2,0,0.862423300743103
687,6,2,0,0.6662423610687256
688,3,3,1,0.6537298560142517
689,0,2,0,0.3858742117881775
690,3,2,0,0.86221843957901
691,2,2,1,0.8207201957702637
692,2,2,1,0.42793476581573486
693,7,2,0,0.5146954655647278
694,8,2,0,0.7133321762084961
695,3,2,0,0.6460602879524231
696,8,2,0,0.599221408367157
697,2,3,0,0.5632174611091614
698,7,2,0,0.618580162525177
699,5,2,0,0.6513186097145081
700,7,2,0,0.7512677311897278
701,2,8,0,0.49232402443885803
702,4,2,0,0.6685502529144287
703,8,0,0,0.648605227470398
704,7,3,0,0.5122294425964355
705,4,3,0,0.7132171988487244
706,2,3,0,0.48619189858436584
707,9,3,0,0.6295585036277771
708,8,3,0,0.6417410373687744
709,8,3,0,0.681610107421875
710,6,5,0,0.6668590307235718
711,8,3,0,0.4824431240558624
712,8,3,0,0.5880727171897888
713,7,2,0,0.3497864902019501
714,4,3,0,0.5101295113563538
715,3,3,1,0.4818810224533081
716,3,3,1,0.6498785018920898
717,8,2,0,0.48353835940361023
718,4,3,0,0.7962777614593506
719,9,3,0,0.44393935799598694
720,4,2,0,0.5389225482940674
721,8,0,0,0.6907792091369629
722,8,3,0,0.634621798992157
723,1,3,0,0.7145134210586548
724,8,3,0,0.7135792374610901
725,2,2,1,0.6668793559074402
726,1,3,0,0.7319717407226562
727,3,3,1,0.38209274411201477
728,6,3,0,0.6858472228050232
729,5,3,0,0.6858991980552673
730,4,2,0,0.6664390563964844
731,2,3,0,0.4055028259754181
732,7,5,0,0.5479303002357483
733,9,2,0,0.7177318930625916
734,9,3,0,0.7190923094749451
735,4,8,0,0.5649037957191467
736,1,2,0,0.856060266494751
737,4,6,0,0.4439631402492523
738,1,3,0,0.8339163064956665
739,3,2,0,0.43486523628234863
740,2,3,0,0.6755534410476685
741,7,3,0,0.7035137414932251
742,0,3,0,0.6331981420516968
743,7,3,0,0.6205633282661438
744,9,0,0,0.6751493215560913
745,7,2,0,0.5910111665725708
746,6,2,0,0.7420614957809448
747,6,3,0,0.5251649022102356
748,2,3,0,0.5635179877281189
749,5,3,0,0.6282511949539185
750,9,2,0,0.5308065414428711
751,2,0,0,0.4154253602027893
752,9,2,0,0.7270108461380005
753,1,2,0,0.5135691165924072
754,2,3,0,0.6062882542610168
755,2,3,0,0.7729243040084839
756,6,2,0,0.7507020235061646
757,8,0,0,0.7008844017982483
758,2,2,1,0.48760902881622314
759,1,8,0,0.4213877320289612
760,3,2,0,0.7127431035041809
761,6,3,0,0.615564227104187
762,6,2,0,0.7278789281845093
763,0,0,1,0.5922344326972961
764,1,2,0,0.6003462672233582
765,2,2,1,0.6596422791481018
766,7,3,0,0.5796230435371399
767,0,2,0,0.6125401854515076
768,5,2,0,0.6893050670623779
769,4,3,0,0.679824948310852
770,6,2,0,0.4888443648815155
771,1,3,0,0.8674713969230652
772,6,2,0,0.7069785594940186
773,4,2,0,0.785417377948761
774,0,0,1,0.4144657850265503
775,2,3,0,0.6161482930183411
776,2,2,1,0.7434786558151245
777,6,2,0,0.6822041869163513
778,0,2,0,0.5986461043357849
779,5,3,0,0.7210652232170105
780,9,0,0,0.3890547752380371
781,1,2,0,0.4958385229110718
782,7,6,0,0.634878933429718
783,6,3,0,0.6051110625267029
784,7,2,0,0.6975681185722351
785,0,2,0,0.6378812193870544
786,3,2,0,0.6342089176177979
787,9,3,0,0.7000324130058289
788,6,3,0,0.5299986600875854
789,8,2,0,0.5813189744949341
790,3,6,0,0.48464199900627136
791,0,3,0,0.44778120517730713
792,3,3,1,0.6445382833480835
793,4,3,0,0.45514774322509766
794,7,2,0,0.6970595121383667
795,7,3,0,0.597586989402771
796,1,3,0,0.6274047493934631
797,4,9,0,0.4688636064529419
798,7,3,0,0.7952381372451782
799,2,2,1,0.6796663403511047
800,7,3,0,0.4289209842681885
801,1,3,0,0.633273720741272
802,4,2,0,0.8335661292076111
803,7,2,0,0.7954680919647217
804,4,3,0,0.5975892543792725
805,4,2,0,0.7298702001571655
806,8,0,0,0.5103002786636353
807,4,3,0,0.5434027910232544
808,7,3,0,0.8838248252868652
809,7,3,0,0.5983975529670715
810,5,2,0,0.46491873264312744
811,3,3,1,0.8472428917884827
812,7,2,0,0.8076513409614563
813,2,6,0,0.5448867678642273
814,0,8,0,0.4813371002674103
815,8,3,0,0.6080771088600159
816,9,2,0,0.5964513421058655
817,5,2,0,0.782757043838501
818,8,2,0,0.8966266512870789
819,3,3,1,0.5943018198013306
820,6,2,0,0.47381189465522766
821,2,8,0,0.41701173782348633
822,0,2,0,0.7298698425292969
823,8,2,0,0.600193202495575
824,7,2,0,0.6860976815223694
825,3,2,0,0.48557615280151367
826,7,3,0,0.657909095287323
827,6,0,0,0.6180523037910461
828,5,3,0,0.7288297414779663
829,3,5,0,0.49566546082496643
830,1,0,0,0.6403300762176514
831,3,0,0,0.4481285512447357
832,2,3,0,0.7494744062423706
833,2,2,1,0.4921343922615051
834,5,2,0,0.6922026872634888
835,4,2,0,0.7101675271987915
836,1,3,0,0.6607111096382141
837,2,3,0,0.5811867117881775
838,9,2,0,0.4331710636615753
839,2,2,1,0.4146404266357422
840,7,3,0,0.7091594934463501
841,0,3,0,0.798114538192749
842,7,3,0,0.5925201773643494
843,2,3,0,0.5214982628822327
844,1,2,0,0.6205917000770569
845,3,2,0,0.5796012282371521
846,2,2,1,0.7389376163482666
847,0,2,0,0.8263248205184937
848,2,3,0,0.589465856552124
849,4,2,0,0.5400332808494568
850,7,3,0,0.502871036529541
851,9,2,0,0.41861164569854736
852,8,3,0,0.45573297142982483
853,9,2,0,0.7009931802749634
854,0,0,1,0.45445477962493896
855,7,0,0,0.5276719927787781
856,7,3,0,0.7107353210449219
857,0,2,0,0.6729148626327515
858,7,3,0,0.5261874794960022
859,8,3,0,0.5834606885910034
860,4,2,0,0.52065110206604
861,6,2,0,0.5296088457107544
862,3,2,0,0.5060995817184448
863,3,2,0,0.8243142366409302
864,0,3,0,0.48040133714675903
865,1,3,0,0.6167716383934021
866,3,2,0,0.4652411937713623
867,7,3,0,0.5535200238227844
868,0,0,1,0.6821752786636353
869,1,3,0,0.5584207773208618
870,3,0,0,0.5440746545791626
871,1,2,0,0.6699228882789612
872,4,3,0,0.7342401146888733
873,2,8,0,0.5618085861206055
874,3,3,1,0.4433802366256714
875,8,0,0,0.5692418813705444
876,4,2,0,0.7542880177497864
877,2,2,1,0.7161826491355896
878,3,0,0,0.7099640965461731
879,7,0,0,0.4540628492832184
880,8,3,0,0.46930456161499023
881,4,3,0,0.7558064460754395
882,3,2,0,0.5821939706802368
883,0,3,0,0.7250658273696899
884,9,0,0,0.44051551818847656
885,0,3,0,0.5101872086524963
886,0,5,0,0.5223396420478821
887,1,2,0,0.7644299268722534
888,0,2,0,0.6585766077041626
889,4,2,0,0.4873036742210388
890,4,2,0,0.5555573105812073
891,6,2,0,0.5523956418037415
892,7,0,0,0.7264826893806458
893,6,2,0,0.4844628572463989
894,1,5,0,0.5404505729675293
895,1,3,0,0.5930145978927612
896,3,2,0,0.529945969581604
897,7,3,0,0.6725108027458191
898,3,3,1,0.6321429014205933
899,5,2,0,0.442982941865921
900,2,2,1,0.6083570718765259
901,6,3,0,0.5085079669952393
902,6,3,0,0.6923913359642029
903,5,3,0,0.8132961392402649
904,8,0,0,0.5033987164497375
905,7,2,0,0.4113527238368988
906,1,2,0,0.9273958206176758
907,6,2,0,0.7194063067436218
908,8,5,0,0.4528215825557709
909,8,2,0,0.6413024067878723
910,5,3,0,0.4581042230129242
911,3,2,0,0.6789196133613586
912,0,2,0,0.8045321106910706
913,4,5,0,0.45229461789131165
914,0,2,0,0.7024028301239014
915,1,0,0,0.5211750268936157
916,3,0,0,0.8277713656425476
917,8,2,0,0.771519660949707
918,8,2,0,0.3745960295200348
919,0,2,0,0.45266416668891907
920,6,6,1,0.4934355318546295
921,9,0,0,0.653445303440094
922,9,0,0,0.7092532515525818
923,9,3,0,0.5132318139076233
924,5,3,0,0.8310566544532776
925,5,3,0,0.8021336197853088
926,8,3,0,0.6696720719337463
927,6,8,0,0.5233562588691711
928,0,3,0,0.8318937420845032
929,0,0,1,0.5251549482345581
930,4,3,0,0.647062361240387
931,2,2,1,0.8313905596733093
932,3,3,1,0.5741836428642273
933,2,2,1,0.5208489298820496
934,7,3,0,0.4771662950515747
935,2,3,0,0.6884227991104126
936,2,2,1,0.6053487658500671
937,5,3,0,0.7163259983062744
938,9,3,0,0.7641679644584656
939,8,2,0,0.7586709856987
940,9,2,0,0.42204180359840393
941,1,0,0,0.5264039635658264
942,7,3,0,0.5740672945976257
943,4,2,0,0.47836941480636597
944,0,2,0,0.5746152400970459
945,3,3,1,0.5689445734024048
946,0,2,0,0.7488686442375183
947,1,3,0,0.6772021055221558
948,3,8,0,0.6082980632781982
949,8,3,0,0.7300403714179993
950,3,3,1,0.6576111912727356
951,9,2,0,0.6927767395973206
952,6,3,0,0.30587926506996155
953,1,3,0,0.5699997544288635
954,4,2,0,0.6664557456970215
955,7,3,0,0.6278817057609558
956,0,3,0,0.5172836184501648
957,3,8,0,0.4722069501876831
958,7,2,0,0.719439685344696
959,8,3,0,0.5346664786338806
960,9,2,0,0.577191174030304
961,1,2,0,0.8241041302680969
962,1,2,0,0.6376021504402161
963,6,3,0,0.4647446572780609
964,6,3,0,0.48998862504959106
965,6,3,0,0.7659874558448792
966,6,3,0,0.5336599946022034
967,9,3,0,0.6565585136413574
968,1,3,0,0.6510326266288757
969,9,0,0,0.6263778805732727
970,9,2,0,0.4122043251991272
971,4,3,0,0.5198132991790771
972,2,3,0,0.7352296710014343
973,1,3,0,0.7648791670799255
974,7,2,0,0.6857406497001648
975,0,0,1,0.6441509127616882
976,6,3,0,0.5163984894752502
977,8,3,0,0.5722647905349731
978,1,3,0,0.5603184103965759
979,9,2,0,0.3889733552932739
980,2,3,0,0.8559414744377136
981,9,2,0,0.48040807247161865
982,0,3,0,0.6304293870925903
983,4,3,0,0.5822851657867432
984,7,2,0,0.6697556972503662
985,8,2,0,0.6328908801078796
986,3,2,0,0.7626452445983887
987,1,2,0,0.7575684785842896
988,2,1,0,0.3904944062232971
989,0,8,0,0.6055448651313782
990,1,3,0,0.5643424987792969
991,5,3,0,0.7254223227500916
992,8,2,0,0.6835075616836548
993,4,3,0,0.8119048476219177
994,6,3,0,0.6559391617774963
995,3,3,1,0.8120093941688538
996,8,2,0,0.6772744655609131
997,1,3,0,0.59450364112854
998,3,3,1,0.8593683242797852
999,8,0,0,0.398531973361969
1000,5,2,0,0.7125601768493652
1001,0,3,0,0.6465817093849182
1002,8,3,0,0.6528961658477783
1003,4,0,0,0.38863644003868103
1004,8,2,0,0.5237092971801758
1005,1,6,0,0.3693183958530426
1006,1,2,0,0.5284173488616943
1007,8,2,0,0.5862800478935242
1008,9,0,0,0.38194528222084045
1009,6,3,0,0.5171878933906555
1010,0,0,1,0.43145042657852173
1011,8,2,0,0.7828052043914795
1012,6,3,0,0.8525745272636414
1013,1,3,0,0.4100184738636017
1014,3,3,1,0.592378556728363
1015,4,3,0,0.5496320724487305
1016,1,3,0,0.8534061908721924
1017,6,3,0,0.8069199919700623
1018,0,8,0,0.527507483959198
1019,5,2,0,0.6106836199760437
1020,1,0,0,0.43112945556640625
1021,1,2,0,0.5971387624740601
1022,0,2,0,0.5494753122329712
1023,0,2,0,0.5403105020523071
1024,3,3,1,0.6263653635978699
1025,5,0,0,0.5250162482261658
1026,0,2,0,0.7309127449989319
1027,0,2,0,0.6652254462242126
1028,6,2,0,0.4139469265937805
1029,6,2,0,0.8808205127716064
1030,3,2,0,0.8021789193153381
1031,3,2,0,0.3875488042831421
1032,6,2,0,0.8101912140846252
1033,3,3,1,0.7092966437339783
1034,6,2,0,0.47671693563461304
1035,6,2,0,0.8428900241851807
1036,0,2,0,0.7113779187202454
1037,7,2,0,0.6160777807235718
1038,2,0,0,0.6747866272926331
1039,2,3,0,0.47474491596221924
1040,7,3,0,0.47191908955574036
1041,5,2,0,0.4768250584602356
1042,5,3,0,0.913438081741333
1043,2,3,0,0.6481465697288513
1044,8,3,0,0.408252090215683
1045,5,3,0,0.8630229830741882
1046,2,2,1,0.7837328314781189
1047,1,3,0,0.4551239609718323
1048,1,2,0,0.5243460536003113
1049,4,3,0,0.6733013391494751
1050,3,3,1,0.5968612432479858
1051,2,3,0,0.5037917494773865
1052,0,2,0,0.6709346175193787
1053,3,3,1,0.5588299036026001
1054,1,3,0,0.4850298762321472
1055,5,2,0,0.5443135499954224
1056,3,2,0,0.3355025351047516
1057,7,2,0,0.6418477892875671
1058,6,3,0,0.6191924214363098
1059,8,2,0,0.45186954736709595
1060,9,2,0,0.6945263743400574
1061,1,2,0,0.6259093880653381
1062,6,3,0,0.861047089099884
1063,4,3,0,0.6174755692481995
1064,9,3,0,0.7890912890434265
1065,3,2,0,0.6855356693267822
1066,9,3,0,0.5252627730369568
1067,0,2,0,0.37467944622039795
1068,9,8,0,0.6925049424171448
1069,6,3,0,0.4817642569541931
1070,3,0,0,0.6684444546699524
1071,6,3,0,0.38743874430656433
1072,0,3,0,0.6929412484169006
1073,7,2,0,0.8734543919563293
1074,3,0,0,0.6671892404556274
1075,8,0,0,0.6720495223999023
1076,0,2,0,0.42798247933387756
1077,0,0,1,0.5690070390701294
1078,0,2,0,0.6422045826911926
1079,6,2,0,0.40079060196876526
1080,6,3,0,0.6783891916275024
1081,6,0,0,0.4873223602771759
1082,9,2,0,0.6136602163314819
1083,2,3,0,0.5557246804237366
1084,5,0,0,0.47286301851272583
1085,4,3,0,0.6198608875274658
1086,4,2,0,0.5253111720085144
1087,6,3,0,0.6658644676208496
1088,3,2,0,0.6811332702636719
1089,6,3,0,0.6293590664863586
1090,0,2,0,0.46735870838165283
1091,8,2,0,0.6815974712371826
1092,6,3,0,0.5822669267654419
1093,0,0,1,0.6717731952667236
1094,6,2,0,0.8152394890785217
1095,2,3,0,0.821149468421936
1096,7,2,0,0.7132962942123413
1097,5,2,0,0.5900784134864807
1098,1,2,0,0.7203784584999084
1099,2,3,0,0.38791385293006897
1100,7,2,0,0.4394984841346741
1101,8,2,0,0.8086718320846558
1102,8,0,0,0.6828088164329529
1103,0,1,0,0.6387453079223633
1104,9,2,0,0.549376368522644
1105,4,2,0,0.40490397810935974
1106,9,3,0,0.8386054039001465
1107,7,2,0,0.7995531558990479
1108,2,3,0,0.6459945440292358
1109,0,2,0,0.5409070253372192
1110,2,8,0,0.5502775311470032
1111,8,0,0,0.7139908671379089
1112,3,2,0,0.6677477955818176
1113,8,0,0,0.6686433553695679
1114,9,6,0,0.692977786064148
1115,1,2,0,0.6300092339515686
1116,5,0,0,0.519561767578125
1117,5,3,0,0.3605809211730957
1118,4,0,0,0.738118052482605
1119,7,2,0,0.6790077090263367
1120,5,2,0,0.43549150228500366
1121,3,3,1,0.6349465250968933
1122,8,0,0,0.5959746241569519
1123,3,3,1,0.6649942994117737
1124,3,0,0,0.415393590927124
1125,6,2,0,0.5583149194717407
1126,2,2,1,0.5134375095367432
1127,8,0,0,0.45663726329803467
1128,4,2,0,0.37690839171409607
1129,3,3,1,0.729386031627655
1130,7,3,0,0.34282931685447693
1131,1,2,0,0.5755614042282104
1132,2,3,0,0.6925169229507446
1133,4,2,0,0.7539004683494568
1134,1,0,0,0.5307860374450684
1135,6,3,0,0.7890370488166809
1136,9,3,0,0.8175928592681885
1137,0,0,1,0.594631552696228
1138,5,2,0,0.7898209691047668
1139,8,3,0,0.5450718998908997
1140,6,3,0,0.6654639840126038
1141,1,2,0,0.6552989482879639
1142,8,2,0,0.6533393859863281
1143,6,3,0,0.7335318922996521
1144,1,3,0,0.6065382361412048
1145,4,3,0,0.4403270184993744
1146,2,2,1,0.5066601037979126
1147,6,6,1,0.4980623126029968
1148,2,2,1,0.697228729724884
1149,7,3,0,0.5619496703147888
1150,2,2,1,0.7070279121398926
1151,2,3,0,0.6324741840362549
1152,0,2,0,0.47127994894981384
1153,8,3,0,0.584435224533081
1154,6,3,0,0.4911753535270691
1155,9,2,0,0.6792593002319336
1156,1,3,0,0.8092295527458191
1157,7,2,0,0.5954337120056152
1158,1,3,0,0.5626928210258484
1159,8,1,0,0.3739158809185028
1160,8,0,0,0.5456452369689941
1161,0,0,1,0.8253790736198425
1162,7,0,0,0.5486207604408264
1163,3,3,1,0.5007528066635132
1164,8,3,0,0.4345920979976654
1165,0,0,1,0.47436976432800293
1166,3,3,1,0.5476246476173401
1167,4,3,0,0.8044443726539612
1168,3,5,0,0.5079213976860046
1169,7,2,0,0.8538985252380371
1170,7,3,0,0.5913151502609253
1171,9,6,0,0.27033060789108276
1172,2,2,1,0.5805893540382385
1173,3,2,0,0.7022237777709961
1174,1,3,0,0.5848904252052307
1175,9,5,0,0.5296152830123901
1176,1,2,0,0.5184037685394287
1177,9,2,0,0.6515030860900879
1178,6,0,0,0.6051632761955261
1179,3,3,1,0.7459923028945923
1180,3,3,1,0.6629825234413147
1181,3,2,0,0.6946747899055481
1182,1,0,0,0.8790839910507202
1183,0,2,0,0.8746269941329956
1184,6,2,0,0.8696602582931519
1185,1,2,0,0.8503051996231079
1186,4,2,0,0.8378076553344727
1187,1,3,0,0.714860737323761
1188,0,3,0,0.6886812448501587
1189,0,3,0,0.3028547167778015
1190,1,3,0,0.6109219193458557
1191,1,2,0,0.6343503594398499
1192,6,3,0,0.7026540637016296
1193,5,2,0,0.51760333776474
1194,4,3,0,0.5308790802955627
1195,6,2,0,0.7203739881515503
1196,2,3,0,0.6215462684631348
1197,0,3,0,0.4506109356880188
1198,7,2,0,0.6556575894355774
1199,9,2,0,0.9479881525039673
1200,8,0,0,0.49421626329421997
1201,7,3,0,0.531470775604248
1202,2,2,1,0.5576714277267456
1203,0,0,1,0.6327990293502808
1204,6,2,0,0.7312487363815308
1205,8,3,0,0.5039580464363098
1206,1,8,0,0.4174308180809021
1207,4,3,0,0.6229483485221863
1208,3,8,0,0.3276100754737854
1209,7,0,0,0.8596648573875427
1210,0,6,0,0.5730147957801819
1211,6,0,0,0.43810853362083435
1212,1,2,0,0.49051326513290405
1213,8,2,0,0.5588833093643188
1214,5,1,0,0.3870410621166229
1215,7,2,0,0.49167731404304504
1216,8,2,0,0.498151034116745
1217,4,0,0,0.6028226613998413
1218,8,0,0,0.5648635029792786
1219,3,2,0,0.5109596848487854
1220,9,2,0,0.6094408631324768
1221,9,3,0,0.7044497132301331
1222,9,3,0,0.8442391753196716
1223,8,0,0,0.4477316439151764
1224,7,2,0,0.5519933700561523
1225,6,2,0,0.47556740045547485
1226,6,3,0,0.749345600605011
1227,3,3,1,0.4303979277610779
1228,5,2,0,0.4291691780090332
1229,1,8,0,0.4309154152870178
1230,5,2,0,0.44874536991119385
1231,9,2,0,0.6629250645637512
1232,1,2,0,0.6633526682853699
1233,4,3,0,0.5925923585891724
1234,1,2,0,0.5258345603942871
1235,5,2,0,0.3234916925430298
1236,7,3,0,0.6798836588859558
1237,0,2,0,0.44474560022354126
1238,1,3,0,0.6084747910499573
1239,5,3,0,0.635819673538208
1240,2,2,1,0.8285046815872192
1241,0,2,0,0.4707837700843811
1242,8,3,0,0.5592219233512878
1243,8,3,0,0.44185513257980347
1244,5,3,0,0.7347429394721985
1245,6,0,0,0.667596697807312
1246,7,2,0,0.7242636680603027
1247,3,3,1,0.5286152362823486
1248,2,0,0,0.4110536277294159
1249,4,2,0,0.5427204966545105
1250,7,3,0,0.6755363345146179
1251,2,2,1,0.44263845682144165
1252,5,2,0,0.8196634650230408
1253,8,2,0,0.45122963190078735
1254,2,3,0,0.5604939460754395
1255,4,0,0,0.6124924421310425
1256,9,3,0,0.6476601958274841
1257,2,3,0,0.6826598644256592
1258,1,2,0,0.5474222302436829
1259,8,2,0,0.7330685257911682
1260,1,3,0,0.5959880352020264
1261,9,2,0,0.465912789106369
1262,8,2,0,0.5947415232658386
1263,8,0,0,0.5614676475524902
1264,8,2,0,0.7016915678977966
1265,9,3,0,0.5657231211662292
1266,0,0,1,0.5633853077888489
1267,4,3,0,0.523863673210144
1268,3,3,1,0.7760207653045654
1269,3,0,0,0.5513725876808167
1270,1,2,0,0.6729835867881775
1271,8,2,0,0.5408930778503418
1272,4,2,0,0.6895833015441895
1273,6,8,0,0.5848644375801086
1274,3,0,0,0.805310070514679
1275,3,5,0,0.39739736914634705
1276,5,0,0,0.8719623684883118
1277,2,0,0,0.5599520206451416
1278,2,2,1,0.44568008184432983
1279,8,0,0,0.7338411808013916
1280,3,2,0,0.4375671446323395
1281,8,2,0,0.752716064453125
1282,9,2,0,0.8433127403259277
1283,5,3,0,0.697434663772583
1284,8,3,0,0.7250252962112427
1285,9,2,0,0.6630745530128479
1286,8,2,0,0.6166710257530212
1287,9,3,0,0.39938226342201233
1288,1,0,0,0.5751441717147827
1289,6,6,1,0.46436890959739685
1290,5,2,0,0.6687952280044556
1291,9,2,0,0.5914742350578308
1292,4,3,0,0.7106016278266907
1293,4,2,0,0.4846462905406952
1294,8,3,0,0.4951649606227875
1295,0,6,0,0.4266541600227356
1296,7,3,0,0.4928169846534729
1297,2,0,0,0.7761375308036804
1298,9,0,0,0.5708240270614624
1299,7,2,0,0.7272515296936035
1300,4,3,0,0.825614333152771
1301,1,6,0,0.5451342463493347
1302,6,2,0,0.5840597152709961
1303,4,3,0,0.5697843432426453
1304,4,2,0,0.8420073390007019
1305,9,3,0,0.47470349073410034
1306,1,2,0,0.5263279676437378
1307,2,3,0,0.5725721120834351
1308,5,0,0,0.8053921461105347
1309,6,3,0,0.7496530413627625
1310,0,3,0,0.8128501176834106
1311,8,2,0,0.492274671792984
1312,6,2,0,0.6856542229652405
1313,1,2,0,0.6254419684410095
1314,9,2,0,0.6980257034301758
1315,4,2,0,0.5107225179672241
1316,5,5,1,0.6506074666976929
1317,9,3,0,0.4941549301147461
1318,5,0,0,0.32313066720962524
1319,0,2,0,0.2687898576259613
1320,7,2,0,0.7838460206985474
1321,2,3,0,0.8028470873832703
1322,0,2,0,0.7040262818336487
1323,0,2,0,0.6186180710792542
1324,4,1,0,0.507362961769104
1325,2,2,1,0.7084800004959106
1326,6,2,0,0.7279697060585022
1327,6,0,0,0.43675026297569275
1328,5,8,0,0.6019284129142761
1329,5,3,0,0.39984577894210815
1330,2,2,1,0.4664490222930908
1331,8,2,0,0.5807687044143677
1332,1,3,0,0.6873586177825928
1333,7,3,0,0.5189736485481262
1334,3,2,0,0.6268572807312012
1335,1,2,0,0.6482899188995361
1336,4,0,0,0.5352492332458496
1337,5,3,0,0.652899444103241
1338,6,2,0,0.7004789710044861
1339,5,2,0,0.3372712731361389
1340,1,0,0,0.6909377574920654
1341,4,2,0,0.7300413250923157
1342,7,2,0,0.6512685418128967
1343,0,2,0,0.5300370454788208
1344,9,2,0,0.5458084940910339
1345,4,2,0,0.6187034249305725
1346,3,2,0,0.5894823670387268
1347,8,2,0,0.4615611433982849
1348,2,3,0,0.747326672077179
1349,8,1,0,0.5293346047401428
1350,4,0,0,0.6680637001991272
1351,7,2,0,0.6267065405845642
1352,2,2,1,0.6359266638755798
1353,3,3,1,0.5630177855491638
1354,1,3,0,0.6368106007575989
1355,5,3,0,0.7665737271308899
1356,2,2,1,0.3860321342945099
1357,9,2,0,0.587287425994873
1358,8,9,0,0.4876355230808258
1359,9,2,0,0.7762349247932434
1360,7,2,0,0.7916439771652222
1361,9,2,0,0.7408618330955505
1362,5,0,0,0.612230122089386
1363,1,2,0,0.41820698976516724
1364,4,3,0,0.4816749095916748
1365,0,2,0,0.5573026537895203
1366,8,3,0,0.5184453129768372
1367,2,2,1,0.7400516271591187
1368,3,3,1,0.690768301486969
1369,8,3,0,0.6135844588279724
1370,9,3,0,0.7758476138114929
1371,1,2,0,0.5268057584762573
1372,1,2,0,0.6779748201370239
1373,3,0,0,0.5382404923439026
1374,2,2,1,0.6525500416755676
1375,4,3,0,0.4321160912513733
1376,9,2,0,0.41995179653167725
1377,3,8,0,0.4819757342338562
1378,1,3,0,0.5025243759155273
1379,7,3,0,0.6776279211044312
1380,4,5,0,0.5212116837501526
1381,6,2,0,0.5774498581886292
1382,2,3,0,0.6448612809181213
1383,8,8,1,0.4394570291042328
1384,9,3,0,0.6128838658332825
1385,5,3,0,0.6385319828987122
1386,3,3,1,0.7583401799201965
1387,9,2,0,0.5932153463363647
1388,5,2,0,0.47266003489494324
1389,5,2,0,0.5254499316215515
1390,6,2,0,0.5367940068244934
1391,7,0,0,0.4432204067707062
1392,2,3,0,0.4828794002532959
1393,4,2,0,0.6651585698127747
1394,6,2,0,0.4177692234516144
1395,3,3,1,0.5144325494766235
1396,1,2,0,0.5879066586494446
1397,0,0,1,0.5519706606864929
1398,7,0,0,0.9268807768821716
1399,2,0,0,0.5920314192771912
1400,5,3,0,0.7750934362411499
1401,4,0,0,0.5092799067497253
1402,7,2,0,0.557230532169342
1403,6,3,0,0.5286536812782288
1404,1,5,0,0.5743702054023743
1405,1,2,0,0.6433463096618652
1406,9,3,0,0.5744396448135376
1407,8,3,0,0.504208505153656
1408,1,2,0,0.40817567706108093
1409,0,0,1,0.37693512439727783
1410,1,3,0,0.7567728757858276
1411,3,2,0,0.6158886551856995
1412,1,2,0,0.5159227252006531
1413,1,3,0,0.5415264964103699
1414,1,3,0,0.6032083630561829
1415,7,3,0,0.46069207787513733
1416,3,9,0,0.6678314805030823
1417,9,0,0,0.6611089706420898
1418,6,2,0,0.8323525786399841
1419,8,0,0,0.7651925086975098
1420,4,6,0,0.7030093669891357
1421,6,2,0,0.6321439743041992
1422,8,2,0,0.746967077255249
1423,4,2,0,0.6893107295036316
1424,9,3,0,0.5445814728736877
1425,4,2,0,0.5386708974838257
1426,7,3,0,0.5247768759727478
1427,9,3,0,0.5808265805244446
1428,7,3,0,0.33440572023391724
1429,6,3,0,0.8266679644584656
1430,8,2,0,0.5622566938400269
1431,4,0,0,0.5976628661155701
1432,9,2,0,0.35684847831726074
1433,7,2,0,0.567000687122345
1434,0,3,0,0.5935245156288147
1435,1,2,0,0.8585901856422424
1436,6,3,0,0.5647387504577637
1437,1,2,0,0.6009855270385742
1438,5,2,0,0.5974531173706055
1439,9,3,0,0.8264768719673157
1440,0,2,0,0.8360238075256348
1441,4,8,0,0.38018038868904114
1442,3,3,1,0.6437344551086426
1443,4,3,0,0.562434196472168
1444,1,2,0,0.5444831848144531
1445,3,3,1,0.6634605526924133
1446,0,3,0,0.5457271337509155
1447,8,8,1,0.5639873743057251
1448,4,2,0,0.6742890477180481
1449,6,2,0,0.6025680899620056
1450,2,2,1,0.7085535526275635
1451,2,3,0,0.4227907061576843
1452,6,2,0,0.5874918699264526
1453,5,2,0,0.5283915400505066
1454,3,2,0,0.6112962365150452
1455,6,3,0,0.6887657642364502
1456,2,2,1,0.5780653953552246
1457,1,2,0,0.8291048407554626
1458,1,3,0,0.685738205909729
1459,8,2,0,0.5812811851501465
1460,6,0,0,0.7968202233314514
1461,0,2,0,0.48842135071754456
1462,4,2,0,0.4499991536140442
1463,0,8,0,0.5022833347320557
1464,1,2,0,0.5153025388717651
1465,9,3,0,0.38754722476005554
1466,7,3,0,0.6495505571365356
1467,1,8,0,0.3509269952774048
1468,3,2,0,0.6703139543533325
1469,7,3,0,0.4861074984073639
1470,7,2,0,0.5601531863212585
1471,8,2,0,0.559661328792572
1472,7,8,0,0.5433861613273621
1473,7,3,0,0.7050736546516418
1474,3,0,0,0.557716965675354
1475,9,2,0,0.3959263265132904
1476,7,2,0,0.7430574893951416
1477,7,2,0,0.6090940237045288
1478,7,2,0,0.7476605772972107
1479,2,3,0,0.6515257954597473
1480,1,3,0,0.8346394300460815
1481,2,3,0,0.732292652130127
1482,8,3,0,0.6654767990112305
1483,6,0,0,0.548755943775177
1484,4,2,0,0.7012553811073303
1485,0,2,0,0.48547348380088806
1486,7,8,0,0.3754080832004547
1487,9,2,0,0.6340866684913635
1488,8,0,0,0.4923131465911865
1489,6,2,0,0.4423302114009857
1490,8,3,0,0.6075527667999268
1491,4,3,0,0.7810184955596924
1492,9,3,0,0.45484989881515503
1493,1,2,0,0.4766123294830322
1494,7,2,0,0.43885910511016846
1495,2,2,1,0.7075363993644714
1496,2,2,1,0.7031675577163696
1497,8,3,0,0.7337069511413574
1498,5,3,0,0.6058874726295471
1499,8,0,0,0.3660191297531128
1500,1,2,0,0.7639790177345276
1501,2,3,0,0.40103623270988464
1502,2,3,0,0.5363477468490601
1503,4,0,0,0.5684694051742554
1504,1,2,0,0.673539936542511
1505,2,3,0,0.8672650456428528
1506,5,3,0,0.4693273603916168
1507,2,2,1,0.7676147818565369
1508,8,2,0,0.9233989119529724
1509,1,2,0,0.5726852416992188
1510,8,3,0,0.501528799533844
1511,1,8,0,0.6566045880317688
1512,8,2,0,0.6438522934913635
1513,6,2,0,0.6366147398948669
1514,0,2,0,0.6295402646064758
1515,2,2,1,0.6579235792160034
1516,4,3,0,0.5698174834251404
1517,1,2,0,0.5945368409156799
1518,3,3,1,0.6314597129821777
1519,6,2,0,0.6075594425201416
1520,7,3,0,0.6682665348052979
1521,7,3,0,0.5654337406158447
1522,4,2,0,0.7690671682357788
1523,4,2,0,0.6260576248168945
1524,3,5,0,0.7142657041549683
1525,3,2,0,0.4385753273963928
1526,4,3,0,0.862089216709137
1527,5,2,0,0.6263511180877686
1528,2,2,1,0.5926566123962402
1529,4,2,0,0.7393451929092407
1530,3,3,1,0.7623056173324585
1531,7,2,0,0.7325442433357239
1532,8,3,0,0.6868088841438293
1533,4,3,0,0.6829327344894409
1534,4,5,0,0.5903536677360535
1535,4,3,0,0.6034547686576843
1536,5,3,0,0.6272212862968445
1537,4,2,0,0.8369032740592957
1538,3,3,1,0.596934974193573
1539,2,2,1,0.34473997354507446
1540,8,3,0,0.6735215783119202
1541,4,2,0,0.7229697704315186
1542,5,3,0,0.48633870482444763
1543,5,3,0,0.6475411653518677
1544,4,2,0,0.4752148687839508
1545,1,2,0,0.48936721682548523
1546,4,2,0,0.8348594307899475
1547,2,3,0,0.7323833107948303
1548,5,3,0,0.7924334406852722
1549,1,2,0,0.6644328832626343
1550,6,3,0,0.5334526300430298
1551,4,2,0,0.5764946341514587
1552,3,2,0,0.7016931176185608
1553,4,3,0,0.4993981420993805
1554,4,3,0,0.6708154082298279
1555,0,3,0,0.3813781440258026
1556,8,3,0,0.6484978199005127
1557,8,3,0,0.5490045547485352
1558,4,2,0,0.6606963276863098
1559,5,3,0,0.8401060700416565
1560,7,2,0,0.5287700891494751
1561,5,2,0,0.38385212421417236
1562,6,3,0,0.6187939643859863
1563,9,0,0,0.4889250695705414
1564,1,3,0,0.663011908531189
1565,6,2,0,0.4605202376842499
1566,7,2,0,0.9346188902854919
1567,2,2,1,0.7501696348190308
1568,0,0,1,0.6068995594978333
1569,1,3,0,0.8328646421432495
1570,4,2,0,0.6008336544036865
1571,5,5,1,0.585748553276062
1572,6,3,0,0.6886391639709473
1573,0,2,0,0.6223580837249756
1574,0,2,0,0.7802296280860901
1575,2,3,0,0.5672436952590942
1576,7,3,0,0.48173120617866516
1577,5,2,0,0.773056149482727
1578,6,5,0,0.5129504799842834
1579,0,0,1,0.5833049416542053
1580,6,2,0,0.4332849979400635
1581,2,3,0,0.3227179944515228
1582,9,2,0,0.8931244611740112
1583,1,3,0,0.6239407062530518
1584,7,3,0,0.768580973148346
1585,7,2,0,0.5798242092132568
1586,5,2,0,0.764394223690033
1587,2,2,1,0.6809823513031006
1588,5,3,0,0.6918628215789795
1589,6,8,0,0.49814414978027344
1590,4,3,0,0.7726528644561768
1591,1,1,1,0.36978983879089355
1592,4,3,0,0.4496440887451172
1593,3,2,0,0.53802090883255
1594,3,1,0,0.5075064897537231
1595,3,2,0,0.504780113697052
1596,0,3,0,0.74723219871521
1597,3,3,1,0.8973230719566345
1598,5,3,0,0.41232502460479736
1599,5,3,0,0.8278042078018188
1600,8,2,0,0.8006762862205505
1601,9,3,0,0.531348466873169
1602,7,2,0,0.6135322451591492
1603,3,3,1,0.62611323595047
1604,1,0,0,0.47463294863700867
1605,3,6,0,0.6008812785148621
1606,3,3,1,0.5977675914764404
1607,3,2,0,0.7840328812599182
1608,4,3,0,0.526652455329895
1609,4,2,0,0.4721646010875702
1610,2,2,1,0.6196592450141907
1611,3,3,1,0.8351318836212158
1612,3,8,0,0.5259047746658325
1613,8,3,0,0.4019578993320465
1614,1,0,0,0.5099927186965942
1615,7,2,0,0.7152549028396606
1616,7,2,0,0.7081154584884644
1617,0,5,0,0.45410364866256714
1618,7,2,0,0.30795708298683167
1619,4,2,0,0.8718745112419128
1620,5,3,0,0.5696761012077332
1621,1,3,0,0.6702889800071716
1622,4,2,0,0.6817402839660645
1623,2,0,0,0.5970333218574524
1624,4,3,0,0.6452893018722534
1625,3,3,1,0.49631088972091675
1626,9,3,0,0.500002384185791
1627,9,2,0,0.7637381553649902
1628,4,3,0,0.5136004686355591
1629,9,1,0,0.4774785041809082
1630,9,5,0,0.6368582248687744
1631,1,2,0,0.5973659157752991
1632,8,8,1,0.5003896951675415
1633,1,2,0,0.5538274645805359
1634,6,0,0,0.7394754886627197
1635,7,3,0,0.7800680994987488
1636,5,3,0,0.9058241844177246
1637,5,3,0,0.5677048563957214
1638,4,0,0,0.4472478926181793
1639,9,3,0,0.5853662490844727
1640,7,3,0,0.5214862823486328
1641,6,2,0,0.23394912481307983
1642,5,2,0,0.5805821418762207
1643,9,2,0,0.4912099242210388
1644,2,3,0,0.6972702145576477
1645,4,3,0,0.867062509059906
1646,0,3,0,0.4587212800979614
1647,7,2,0,0.5834066271781921
1648,8,3,0,0.5438184142112732
1649,5,2,0,0.930797815322876
1650,5,8,0,0.5845838785171509
1651,0,0,1,0.5328898429870605
1652,0,3,0,0.4051245450973511
1653,9,0,0,0.4548802375793457
1654,9,3,0,0.5513036251068115
1655,8,3,0,0.513885498046875
1656,2,2,1,0.7515060305595398
1657,5,3,0,0.35695356130599976
1658,4,2,0,0.5233481526374817
1659,8,2,0,0.4112859070301056
1660,3,2,0,0.8215019702911377
1661,6,3,0,0.5015548467636108
1662,3,3,1,0.46503162384033203
1663,6,3,0,0.5428343415260315
1664,0,8,0,0.5337563753128052
1665,6,2,0,0.5889095067977905
1666,6,2,0,0.5280776619911194
1667,6,3,0,0.5292971134185791
1668,9,3,0,0.5864231586456299
1669,6,2,0,0.7518312931060791
1670,6,2,0,0.5690550804138184
1671,8,0,0,0.7135568261146545
1672,6,9,0,0.4691276252269745
1673,2,3,0,0.6186611652374268
1674,4,2,0,0.5435260534286499
1675,5,2,0,0.7035033702850342
1676,8,2,0,0.5967166423797607
1677,1,3,0,0.6897615194320679
1678,2,2,1,0.5494018197059631
1679,7,2,0,0.4854435324668884
1680,6,2,0,0.7806311845779419
1681,5,0,0,0.5058860182762146
1682,7,5,0,0.6340165138244629
1683,8,3,0,0.6648399233818054
1684,1,3,0,0.490889310836792
1685,8,8,1,0.742220401763916
1686,0,3,0,0.5934003591537476
1687,8,1,0,0.37713971734046936
1688,6,2,0,0.825181782245636
1689,9,3,0,0.48849940299987793
1690,2,3,0,0.6665735840797424
1691,8,8,1,0.7255460023880005
1692,9,3,0,0.6473934650421143
1693,4,3,0,0.6545621752738953
1694,0,3,0,0.7495077848434448
1695,9,2,0,0.5319005846977234
1696,4,2,0,0.38146308064460754
1697,9,2,0,0.7152453660964966
1698,5,2,0,0.5424031019210815
1699,7,2,0,0.5640467405319214
1700,5,0,0,0.5234310626983643
1701,5,2,0,0.8487057089805603
1702,9,2,0,0.9366544485092163
1703,5,3,0,0.6213870644569397
1704,3,2,0,0.8320505023002625
1705,0,3,0,0.6816295385360718
1706,1,3,0,0.8055636882781982
1707,9,3,0,0.4981655776500702
1708,7,3,0,0.5232173204421997
1709,2,2,1,0.620162308216095
1710,4,2,0,0.6489604711532593
1711,1,3,0,0.42740169167518616
1712,0,2,0,0.5575187802314758
1713,8,2,0,0.5677391886711121
1714,0,0,1,0.7849392294883728
1715,3,2,0,0.5568069815635681
1716,1,3,0,0.5780830383300781
1717,7,3,0,0.4516508877277374
1718,0,3,0,0.7272640466690063
1719,0,2,0,0.43204736709594727
1720,4,2,0,0.5636042952537537
1721,8,2,0,0.8389044404029846
1722,6,3,0,0.5214570760726929
1723,2,3,0,0.4963703155517578
1724,4,6,0,0.6237809658050537
1725,0,3,0,0.41784438490867615
1726,0,2,0,0.8727943897247314
1727,9,2,0,0.6079882383346558
1728,0,3,0,0.5983219742774963
1729,8,2,0,0.5380851030349731
1730,4,3,0,0.5116177201271057
1731,5,8,0,0.4203663170337677
1732,9,2,0,0.832554817199707
1733,3,2,0,0.7813466787338257
1734,9,3,0,0.8085648417472839
1735,0,3,0,0.5587853193283081
1736,5,3,0,0.6326761245727539
1737,6,3,0,0.6678051352500916
1738,5,2,0,0.7406615614891052
1739,0,0,1,0.6855168342590332
1740,1,2,0,0.7249752283096313
1741,4,0,0,0.5616431832313538
1742,8,3,0,0.4576076865196228
1743,1,2,0,0.41374415159225464
1744,0,2,0,0.9128801226615906
1745,5,2,0,0.7887666821479797
1746,2,2,1,0.8936951756477356
1747,1,8,0,0.3772008717060089
1748,0,2,0,0.8150529265403748
1749,2,3,0,0.45564305782318115
1750,8,2,0,0.6102978587150574
1751,1,2,0,0.6031391620635986
1752,5,2,0,0.6224404573440552
1753,6,3,0,0.5129604339599609
1754,7,2,0,0.601040244102478
1755,7,3,0,0.7918338775634766
1756,2,2,1,0.5643076300621033
1757,6,2,0,0.5415253043174744
1758,2,0,0,0.6199925541877747
1759,5,9,0,0.4464864432811737
1760,0,0,1,0.45929181575775146
1761,1,3,0,0.6394215226173401
1762,4,2,0,0.7161977291107178
1763,2,3,0,0.4324675500392914
1764,5,2,0,0.7389692664146423
1765,4,3,0,0.5780270099639893
1766,6,2,0,0.6400407552719116
1767,2,2,1,0.5687848329544067
1768,2,0,0,0.6710971593856812
1769,1,3,0,0.7005446553230286
1770,7,3,0,0.7581720352172852
1771,2,3,0,0.8449340462684631
1772,8,3,0,0.8458564877510071
1773,5,3,0,0.5965468883514404
1774,5,3,0,0.8221030831336975
1775,3,3,1,0.6443930268287659
1776,0,2,0,0.7361453175544739
1777,4,3,0,0.5572099685668945
1778,8,2,0,0.4358769953250885
1779,3,3,1,0.7833471894264221
1780,7,2,0,0.6948321461677551
1781,6,3,0,0.7212527990341187
1782,3,0,0,0.28154921531677246
1783,8,2,0,0.302409827709198
1784,1,2,0,0.49067753553390503
1785,0,2,0,0.6601310968399048
1786,1,3,0,0.638080894947052
1787,3,2,0,0.49044153094291687
1788,3,2,0,0.6222996115684509
1789,0,3,0,0.4475744664669037
1790,7,1,0,0.7005706429481506
1791,4,2,0,0.5719949007034302
1792,9,3,0,0.41213294863700867
1793,5,6,0,0.7184875011444092
1794,3,2,0,0.4294789135456085
1795,6,2,0,0.6229002475738525
1796,0,8,0,0.6483962535858154
1797,1,3,0,0.5312566161155701
1798,4,2,0,0.6171775460243225
1799,4,3,0,0.7648121118545532
1800,4,2,0,0.7464179992675781
1801,4,2,0,0.5123546719551086
1802,2,2,1,0.610378086566925
1803,2,0,0,0.49912261962890625
1804,5,2,0,0.4445699453353882
1805,8,3,0,0.4503251016139984
1806,1,3,0,0.6991908550262451
1807,5,3,0,0.5252906680107117
1808,9,3,0,0.4784047305583954
1809,8,0,0,0.49539268016815186
1810,1,2,0,0.744702935218811
1811,1,2,0,0.7566297054290771
1812,5,3,0,0.38530048727989197
1813,3,2,0,0.6966429948806763
1814,9,3,0,0.6218640208244324
1815,9,2,0,0.5821782946586609
1816,7,2,0,0.5693368315696716
1817,6,2,0,0.5094809532165527
1818,5,3,0,0.6378967761993408
1819,0,3,0,0.507707953453064
1820,8,3,0,0.55091792345047
1821,4,2,0,0.660616397857666
1822,7,2,0,0.6020140647888184
1823,0,3,0,0.6819742918014526
1824,9,7,0,0.396517813205719
1825,2,3,0,0.579805314540863
1826,8,2,0,0.5783620476722717
1827,4,2,0,0.4020173251628876
1828,7,3,0,0.6291651725769043
1829,1,8,0,0.5575074553489685
1830,3,2,0,0.5808348655700684
1831,9,2,0,0.7518365979194641
1832,6,2,0,0.7645233273506165
1833,8,2,0,0.5727982521057129
1834,9,3,0,0.626848042011261
1835,0,2,0,0.8231953978538513
1836,4,0,0,0.5491017699241638
1837,9,2,0,0.687583327293396
1838,6,2,0,0.9384188055992126
1839,7,3,0,0.5704188346862793
1840,8,3,0,0.7286465764045715
1841,9,3,0,0.7142768502235413
1842,4,3,0,0.6664121747016907
1843,8,0,0,0.4818538725376129
1844,9,3,0,0.7408056259155273
1845,7,2,0,0.7509329915046692
1846,2,2,1,0.8405600190162659
1847,5,3,0,0.501175582408905
1848,3,9,0,0.49405714869499207
1849,7,2,0,0.7434636950492859
1850,1,3,0,0.44327017664909363
1851,0,2,0,0.6348024606704712
1852,2,2,1,0.7497220635414124
1853,9,3,0,0.6658438444137573
1854,5,3,0,0.6668899059295654
1855,5,3,0,0.5829036831855774
1856,8,2,0,0.5880687832832336
1857,5,2,0,0.6373468637466431
1858,4,0,0,0.7900123596191406
1859,2,3,0,0.6256807446479797
1860,8,2,0,0.4715609550476074
1861,3,3,1,0.9109793901443481
1862,5,3,0,0.5577077865600586
1863,5,6,0,0.5682154893875122
1864,7,3,0,0.9101101160049438
1865,7,2,0,0.4304259419441223
1866,8,3,0,0.5238356590270996
1867,6,3,0,0.5245323777198792
1868,2,3,0,0.796937108039856
1869,8,8,1,0.4917943775653839
1870,2,3,0,0.5697431564331055
1871,3,3,1,0.4319666028022766
1872,5,0,0,0.6007260680198669
1873,6,3,0,0.6975889801979065
1874,8,0,0,0.45484447479248047
1875,0,2,0,0.8101986050605774
1876,2,3,0,0.6730137467384338
1877,3,3,1,0.8149998188018799
1878,7,3,0,0.671157956123352
1879,0,2,0,0.8080542683601379
1880,1,2,0,0.610894501209259
1881,9,2,0,0.5879452228546143
1882,1,3,0,0.7083218693733215
1883,3,3,1,0.7395137548446655
1884,7,3,0,0.7326778769493103
1885,5,0,0,0.6983923316001892
1886,8,3,0,0.5574817061424255
1887,3,2,0,0.5861563086509705
1888,2,3,0,0.41738975048065186
1889,9,3,0,0.4886927902698517
1890,6,3,0,0.48312661051750183
1891,8,2,0,0.7474027276039124
1892,6,3,0,0.8013635277748108
1893,9,2,0,0.5434914827346802
1894,3,2,0,0.7099224925041199
1895,8,3,0,0.4657805562019348
1896,9,2,0,0.5553457140922546
1897,8,3,0,0.6121904850006104
1898,0,2,0,0.4749937057495117
1899,7,2,0,0.5176677107810974
1900,8,3,0,0.7383529543876648
1901,5,2,0,0.3398320972919464
1902,0,3,0,0.6752319931983948
1903,0,2,0,0.8101640939712524
1904,1,3,0,0.6244552731513977
1905,3,2,0,0.8154538869857788
1906,9,3,0,0.530227541923523
1907,1,3,0,0.6097902059555054
1908,5,2,0,0.8304335474967957
1909,3,3,1,0.49183371663093567
1910,4,2,0,0.4449087083339691
1911,4,2,0,0.8542742729187012
1912,0,2,0,0.9140679836273193
1913,9,3,0,0.5377577543258667
1914,9,3,0,0.4360935688018799
1915,9,2,0,0.41167089343070984
1916,9,3,0,0.7102754712104797
1917,8,3,0,0.5652792453765869
1918,2,2,1,0.6426080465316772
1919,4,3,0,0.5092006921768188
1920,2,0,0,0.5581580996513367
1921,2,2,1,0.6175746917724609
1922,5,0,0,0.6034956574440002
1923,1,0,0,0.6122716665267944
1924,9,3,0,0.6039623022079468
1925,1,2,0,0.6006786227226257
1926,0,3,0,0.602534294128418
1927,9,2,0,0.699966311454773
1928,4,3,0,0.8724641799926758
1929,2,3,0,0.6869360208511353
1930,1,2,0,0.4169856905937195
1931,6,3,0,0.5875870585441589
1932,0,3,0,0.6561817526817322
1933,3,2,0,0.839034914970398
1934,7,2,0,0.6220133900642395
1935,6,2,0,0.5226907134056091
1936,3,2,0,0.4971035420894623
1937,1,5,0,0.5528355836868286
1938,8,3,0,0.5236318111419678
1939,6,2,0,0.7297112345695496
1940,5,3,0,0.6456314921379089
1941,7,0,0,0.5673516392707825
1942,2,3,0,0.7222061157226562
1943,8,2,0,0.39835119247436523
1944,4,8,0,0.4698481857776642
1945,4,2,0,0.4591696858406067
1946,8,2,0,0.38820379972457886
1947,3,2,0,0.5675879716873169
1948,5,3,0,0.6268925070762634
1949,0,0,1,0.5658978819847107
1950,5,3,0,0.5977659225463867
1951,7,3,0,0.7102668881416321
1952,4,3,0,0.5345230102539062
1953,4,2,0,0.6515107154846191
1954,2,3,0,0.7619820237159729
1955,2,2,1,0.5102673768997192
1956,7,2,0,0.4850197434425354
1957,3,0,0,0.49005958437919617
1958,6,8,0,0.4074411690235138
1959,0,2,0,0.5864269733428955
1960,2,3,0,0.5304153561592102
1961,7,0,0,0.4761963486671448
1962,6,2,0,0.797187864780426
1963,2,0,0,0.43595048785209656
1964,3,2,0,0.5053116083145142
1965,0,8,0,0.4776484966278076
1966,7,2,0,0.5772641897201538
1967,7,2,0,0.40064021944999695
1968,8,2,0,0.5873042345046997
1969,1,2,0,0.31889355182647705
1970,1,3,0,0.5909761190414429
1971,4,3,0,0.8500171303749084
1972,6,2,0,0.6310151815414429
1973,0,2,0,0.4518797993659973
1974,6,3,0,0.7233579754829407
1975,6,2,0,0.5857330560684204
1976,5,3,0,0.6746645569801331
1977,5,3,0,0.6200652718544006
1978,6,3,0,0.5732350945472717
1979,3,3,1,0.5827354788780212
1980,9,2,0,0.42507097125053406
1981,3,0,0,0.5300451517105103
1982,6,6,1,0.6998324990272522
1983,8,3,0,0.514087975025177
1984,7,0,0,0.5163270235061646
1985,6,2,0,0.7657216191291809
1986,4,3,0,0.507021427154541
1987,9,2,0,0.7250295877456665
1988,5,3,0,0.6978930234909058
1989,6,3,0,0.6186587810516357
1990,4,3,0,0.6685891151428223
1991,1,2,0,0.741070568561554
1992,6,2,0,0.6994327306747437
1993,3,2,0,0.5372861623764038
1994,8,3,0,0.7438214421272278
1995,2,0,0,0.5888845920562744
1996,3,3,1,0.7666289806365967
1997,9,3,0,0.46656107902526855
1998,8,8,1,0.6987598538398743
1999,5,3,0,0.7255932688713074
2000,1,5,0,0.4967499077320099
2001,5,3,0,0.4845465421676636
2002,4,3,0,0.6513833999633789
2003,5,2,0,0.6160072684288025
2004,7,3,0,0.39922448992729187
2005,5,0,0,0.6601517200469971
2006,7,3,0,0.8037521839141846
2007,8,2,0,0.547465980052948
2008,9,3,0,0.6076754927635193
2009,1,1,1,0.47815006971359253
2010,7,3,0,0.6440244317054749
2011,2,3,0,0.5562914609909058
2012,5,3,0,0.40789589285850525
2013,6,3,0,0.7183579206466675
2014,8,0,0,0.6273494362831116
2015,4,3,0,0.5354021191596985
2016,6,3,0,0.5822017788887024
2017,5,3,0,0.6671943068504333
2018,3,0,0,0.46436330676078796
2019,9,6,0,0.4973365366458893
2020,9,8,0,0.3794248402118683
2021,8,0,0,0.5008041262626648
2022,5,2,0,0.5119248032569885
2023,5,2,0,0.6749814748764038
2024,6,3,0,0.759101927280426
2025,4,5,0,0.5404215455055237
2026,5,3,0,0.6712590456008911
2027,9,2,0,0.72504723072052
2028,7,3,0,0.6264551281929016
2029,3,0,0,0.6032518744468689
2030,4,2,0,0.6810511350631714
2031,1,2,0,0.7535132765769958
2032,4,2,0,0.5238863229751587
2033,2,2,1,0.8325445652008057
2034,3,3,1,0.6304210424423218
2035,6,3,0,0.49266716837882996
2036,5,3,0,0.8154832124710083
2037,5,3,0,0.491163045167923
2038,2,2,1,0.42376425862312317
2039,8,3,0,0.3874875009059906
2040,0,2,0,0.6168198585510254
2041,0,0,1,0.636359453201294
2042,1,3,0,0.5150279998779297
2043,8,2,0,0.6763835549354553
2044,3,2,0,0.6169915199279785
2045,1,2,0,0.42326486110687256
2046,3,2,0,0.860195517539978
2047,5,2,0,0.44039207696914673
2048,8,8,1,0.7659843564033508
2049,3,4,0,0.44957295060157776
2050,8,2,0,0.6410540342330933
2051,5,3,0,0.6505503058433533
2052,8,8,1,0.4387391209602356
2053,6,2,0,0.3162444829940796
2054,3,2,0,0.6136624813079834
2055,5,3,0,0.7882518768310547
2056,5,3,0,0.622227668762207
2057,5,3,0,0.613888680934906
2058,0,3,0,0.7745342254638672
2059,9,3,0,0.5219100117683411
2060,5,0,0,0.4832853078842163
2061,5,3,0,0.9473267793655396
2062,7,3,0,0.6346264481544495
2063,1,3,0,0.5551856756210327
2064,8,2,0,0.7974784970283508
2065,2,2,1,0.9103253483772278
2066,2,2,1,0.522653341293335
2067,7,0,0,0.536337673664093
2068,3,3,1,0.6321547627449036
2069,4,2,0,0.6190246343612671
2070,2,2,1,0.6643247008323669
2071,9,3,0,0.6728830337524414
2072,6,8,0,0.37877288460731506
2073,2,3,0,0.5633975267410278
2074,2,2,1,0.5605311989784241
2075,4,0,0,0.45698457956314087
2076,3,3,1,0.6126866936683655
2077,0,0,1,0.7258003354072571
2078,2,2,1,0.4812367856502533
2079,0,2,0,0.5598856210708618
2080,1,3,0,0.5796101689338684
2081,3,2,0,0.8885359764099121
2082,2,3,0,0.6039440631866455
2083,2,2,1,0.7776510119438171
2084,7,3,0,0.5820293426513672
2085,0,2,0,0.6182729601860046
2086,1,2,0,0.549968421459198
2087,0,2,0,0.6923431754112244
2088,7,2,0,0.5825945138931274
2089,7,3,0,0.7694866061210632
2090,2,0,0,0.5280471444129944
2091,0,2,0,0.8055368661880493
2092,1,3,0,0.8589973449707031
2093,6,3,0,0.3232644200325012
2094,5,2,0,0.6240838170051575
2095,0,0,1,0.43728122115135193
2096,2,2,1,0.607559323310852
2097,2,2,1,0.5707536935806274
2098,0,3,0,0.6455524563789368
2099,1,2,0,0.5050588846206665
2100,2,3,0,0.6619874238967896
2101,6,2,0,0.8169406056404114
2102,0,3,0,0.7680503129959106
2103,1,3,0,0.5360729098320007
2104,6,3,0,0.5963950753211975
2105,6,2,0,0.6083975434303284
2106,5,3,0,0.8277097344398499
2107,3,2,0,0.5249449610710144
2108,4,3,0,0.5647405385971069
2109,0,2,0,0.5334545969963074
2110,0,2,0,0.5958033204078674
2111,9,0,0,0.3950387239456177
2112,1,9,0,0.4688657820224762
2113,0,0,1,0.5566916465759277
2114,2,2,1,0.6315820217132568
2115,5,3,0,0.7035941481590271
2116,9,2,0,0.7425722479820251
2117,7,5,0,0.5949711799621582
2118,8,3,0,0.41962772607803345
2119,6,2,0,0.47198188304901123
2120,4,2,0,0.6651660799980164
2121,6,0,0,0.8060062527656555
2122,0,0,1,0.4718739092350006
2123,2,3,0,0.47152695059776306
2124,0,0,1,0.6254768967628479
2125,1,3,0,0.5055335760116577
2126,9,2,0,0.7997560501098633
2127,2,2,1,0.6919235587120056
2128,4,2,0,0.6334444880485535
2129,9,0,0,0.6052666902542114
2130,0,3,0,0.8050378561019897
2131,7,3,0,0.6456946134567261
2132,2,2,1,0.3939996361732483
2133,3,3,1,0.8240744471549988
2134,4,2,0,0.6135741472244263
2135,8,3,0,0.5360018610954285
2136,0,2,0,0.7232891917228699
2137,2,2,1,0.8156487345695496
2138,6,2,0,0.6518633961677551
2139,8,3,0,0.7557234168052673
2140,9,2,0,0.5458669662475586
2141,7,3,0,0.8142327070236206
2142,1,2,0,0.829928994178772
2143,9,3,0,0.7610790729522705
2144,3,3,1,0.6507729291915894
2145,7,0,0,0.7097037434577942
2146,2,0,0,0.5439848303794861
2147,7,3,0,0.9500993490219116
2148,9,2,0,0.8853079080581665
2149,6,2,0,0.7074128985404968
2150,9,3,0,0.5963138937950134
2151,5,3,0,0.4914943277835846
2152,7,0,0,0.4686700105667114
2153,8,3,0,0.5673927664756775
2154,5,3,0,0.4503788948059082
2155,9,0,0,0.4787042737007141
2156,8,9,0,0.44618356227874756
2157,3,2,0,0.6512882113456726
2158,9,3,0,0.7461860179901123
2159,8,3,0,0.5371995568275452
2160,0,0,1,0.42070844769477844
2161,5,0,0,0.6071895360946655
2162,5,2,0,0.4093337953090668
2163,7,3,0,0.6967970728874207
2164,1,3,0,0.6734910607337952
2165,2,3,0,0.6160767674446106
2166,0,8,0,0.42434245347976685
2167,7,3,0,0.6583995819091797
2168,5,5,1,0.3917180299758911
2169,8,3,0,0.6367799043655396
2170,2,2,1,0.4404897689819336
2171,2,3,0,0.5017257928848267
2172,5,3,0,0.6648159623146057
2173,3,3,1,0.7295409440994263
2174,9,0,0,0.5402873158454895
2175,3,2,0,0.5995650887489319
2176,1,0,0,0.5117966532707214
2177,9,3,0,0.6730184555053711
2178,3,3,1,0.5569421052932739
2179,1,2,0,0.4702640175819397
2180,4,2,0,0.8767125606536865
2181,3,2,0,0.4917859435081482
2182,4,2,0,0.48616155982017517
2183,4,0,0,0.4792954623699188
2184,9,0,0,0.5390596389770508
2185,0,2,0,0.5622320771217346
2186,9,3,0,0.43317729234695435
2187,5,3,0,0.7921337485313416
2188,9,5,0,0.4293453097343445
2189,2,1,0,0.7093863487243652
2190,9,3,0,0.7448720335960388
2191,4,3,0,0.586596667766571
2192,0,0,1,0.40650618076324463
2193,2,2,1,0.5553779006004333
2194,8,3,0,0.4390254020690918
2195,4,2,0,0.5363813042640686
2196,8,0,0,0.5569292902946472
2197,6,2,0,0.6947952508926392
2198,8,9,0,0.43593740463256836
2199,2,2,1,0.7894967794418335
2200,0,8,0,0.5326625108718872
2201,5,2,0,0.6436153054237366
2202,9,2,0,0.553358256816864
2203,6,2,0,0.6598293781280518
2204,9,3,0,0.5448735356330872
2205,5,3,0,0.605278491973877
2206,1,3,0,0.5902041792869568
2207,3,2,0,0.4830252528190613
2208,4,2,0,0.5217790603637695
2209,4,2,0,0.7505424618721008
2210,2,3,0,0.7300828695297241
2211,7,3,0,0.328923761844635
2212,2,2,1,0.6973192095756531
2213,4,3,0,0.7590499520301819
2214,4,3,0,0.6109215617179871
2215,0,2,0,0.43742242455482483
2216,2,2,1,0.7307561039924622
2217,8,8,1,0.5419684648513794
2218,4,2,0,0.6249312162399292
2219,5,3,0,0.4933852255344391
2220,1,3,0,0.6249617338180542
2221,2,2,1,0.8169071674346924
2222,6,2,0,0.756449282169342
2223,8,2,0,0.7878692746162415
2224,1,5,0,0.5165873765945435
2225,7,3,0,0.6925215721130371
2226,2,2,1,0.6760398745536804
2227,8,3,0,0.6393538117408752
2228,7,2,0,0.5354934930801392
2229,4,1,0,0.6013420820236206
2230,3,3,1,0.5558115839958191
2231,3,3,1,0.5642827153205872
2232,0,2,0,0.7887297868728638
2233,3,5,0,0.5432547330856323
2234,7,3,0,0.7045238614082336
2235,2,3,0,0.6263735294342041
2236,5,2,0,0.8574121594429016
2237,6,2,0,0.3654315173625946
2238,1,2,0,0.900464653968811
2239,7,2,0,0.6570975184440613
2240,9,8,0,0.6329563856124878
2241,0,2,0,0.9043136835098267
2242,2,3,0,0.3309139311313629
2243,3,2,0,0.6055263876914978
2244,9,0,0,0.4371420741081238
2245,8,3,0,0.42781275510787964
2246,9,8,0,0.41860514879226685
2247,5,3,0,0.814629852771759
2248,0,2,0,0.4949977993965149
2249,0,2,0,0.5745294690132141
2250,7,3,0,0.7087910175323486
2251,6,2,0,0.8115447163581848
2252,3,3,1,0.9262440204620361
2253,3,8,0,0.4819171726703644
2254,8,8,1,0.35341310501098633
2255,1,2,0,0.6105412244796753
2256,4,2,0,0.6438937187194824
2257,0,8,0,0.42121264338493347
2258,1,2,0,0.7046931982040405
2259,5,2,0,0.6694904565811157
2260,4,6,0,0.5364215970039368
2261,3,3,1,0.5337793231010437
2262,2,2,1,0.6541182398796082
2263,6,2,0,0.613150417804718
2264,0,3,0,0.7868233323097229
2265,8,3,0,0.4614371359348297
2266,8,3,0,0.6422445774078369
2267,6,2,0,0.6017122864723206
2268,3,3,1,0.6043932437896729
2269,3,2,0,0.5860713720321655
2270,2,2,1,0.5915358662605286
2271,9,0,0,0.5199480652809143
2272,7,3,0,0.6369085907936096
2273,5,4,0,0.40727144479751587
2274,1,3,0,0.5668815970420837
2275,6,3,0,0.3703361749649048
2276,0,3,0,0.5746443867683411
2277,5,2,0,0.7733925580978394
2278,9,3,0,0.7050909996032715
2279,9,2,0,0.631913423538208
2280,4,0,0,0.5510237216949463
2281,5,2,0,0.3763456344604492
2282,9,2,0,0.5001627206802368
2283,4,2,0,0.7296993732452393
2284,8,2,0,0.5126603245735168
2285,3,1,0,0.4792696535587311
2286,3,3,1,0.8055000305175781
2287,2,2,1,0.5519630312919617
2288,5,2,0,0.4793452024459839
2289,1,2,0,0.42730912566185
2290,9,2,0,0.7254867553710938
2291,5,3,0,0.6197147369384766
2292,5,3,0,0.8142426013946533
2293,8,2,0,0.7995759844779968
2294,1,3,0,0.35016119480133057
2295,8,2,0,0.4862295985221863
2296,9,3,0,0.5594849586486816
2297,7,5,0,0.3796324133872986
2298,0,3,0,0.5434615612030029
2299,6,3,0,0.8255671262741089
2300,3,2,0,0.6308132410049438
2301,2,2,1,0.5286386609077454
2302,0,2,0,0.4058596193790436
2303,2,2,1,0.6046354174613953
2304,6,5,0,0.4584914743900299
2305,9,3,0,0.5621364712715149
2306,3,3,1,0.6295508146286011
2307,9,2,0,0.8717661499977112
2308,1,2,0,0.5619099140167236
2309,6,3,0,0.4152953326702118
2310,6,3,0,0.8528384566307068
2311,7,3,0,0.6051187515258789
2312,2,2,1,0.7106637358665466
2313,6,2,0,0.8598605394363403
2314,3,2,0,0.4911416172981262
2315,2,8,0,0.635184645652771
2316,5,2,0,0.6665727496147156
2317,5,3,0,0.46529942750930786
2318,2,2,1,0.617556631565094
2319,7,2,0,0.7619141936302185
2320,5,3,0,0.7140236496925354
2321,2,2,1,0.6009542346000671
2322,0,8,0,0.36445602774620056
2323,8,3,0,0.8838186264038086
2324,0,3,0,0.4739537835121155
2325,7,8,0,0.4411003291606903
2326,7,2,0,0.4862530827522278
2327,1,3,0,0.4967266321182251
2328,7,2,0,0.8368580937385559
2329,4,3,0,0.6311585307121277
2330,0,2,0,0.4889616072177887
2331,2,2,1,0.5895842909812927
2332,2,0,0,0.4744708240032196
2333,6,4,0,0.4596591293811798
2334,1,2,0,0.6534875631332397
2335,5,3,0,0.5688951015472412
2336,9,3,0,0.5837588310241699
2337,7,3,0,0.6114605069160461
2338,6,3,0,0.30533185601234436
2339,2,3,0,0.6460959315299988
2340,7,7,1,0.3751809298992157
2341,0,2,0,0.5393306612968445
2342,5,3,0,0.5485557317733765
2343,6,2,0,0.7216914892196655
2344,0,2,0,0.7290003299713135
2345,1,1,1,0.3291979730129242
2346,1,3,0,0.6192229390144348
2347,8,8,1,0.4979962706565857
2348,4,3,0,0.43530169129371643
2349,5,2,0,0.5913816094398499
2350,3,2,0,0.5882816910743713
2351,1,3,0,0.6132874488830566
2352,2,2,1,0.3448602855205536
2353,4,2,0,0.6989941000938416
2354,8,0,0,0.6570025682449341
2355,9,2,0,0.40998613834381104
2356,8,3,0,0.6578536033630371
2357,1,2,0,0.6349954009056091
2358,7,3,0,0.3868468999862671
2359,2,2,1,0.6705420017242432
2360,7,9,0,0.6428543925285339
2361,2,8,0,0.4003114104270935
2362,3,3,1,0.5753245949745178
2363,2,0,0,0.30709108710289
2364,6,3,0,0.45292890071868896
2365,7,2,0,0.6857710480690002
2366,9,3,0,0.4921984374523163
2367,4,2,0,0.5915498733520508
2368,0,0,1,0.5871767401695251
2369,1,0,0,0.540506899356842
2370,0,8,0,0.4501388669013977
2371,4,2,0,0.6857019662857056
2372,5,3,0,0.6545466184616089
2373,0,2,0,0.7208495736122131
2374,8,3,0,0.5136035680770874
2375,0,2,0,0.5716848373413086
2376,7,3,0,0.7554298043251038
2377,6,8,0,0.47778069972991943
2378,1,3,0,0.5262735486030579
2379,0,2,0,0.7722764015197754
2380,8,3,0,0.5389631986618042
2381,5,3,0,0.6330830454826355
2382,9,2,0,0.8525910377502441
2383,2,3,0,0.5836292505264282
2384,5,3,0,0.5597547292709351
2385,4,2,0,0.5135701298713684
2386,4,2,0,0.40690186619758606
2387,9,3,0,0.7049106359481812
2388,0,3,0,0.7257163524627686
2389,6,3,0,0.5635240077972412
2390,1,2,0,0.5923252105712891
2391,2,2,1,0.7037648558616638
2392,5,2,0,0.5880415439605713
2393,1,8,0,0.3860558271408081
2394,6,3,0,0.5376881957054138
2395,7,0,0,0.5191934704780579
2396,1,2,0,0.6166852116584778
2397,5,3,0,0.6901554465293884
2398,8,6,0,0.5203055739402771
2399,8,2,0,0.48092421889305115
2400,0,2,0,0.49435192346572876
2401,3,2,0,0.7220037579536438
2402,9,2,0,0.5653756856918335
2403,4,2,0,0.5129384398460388
2404,0,2,0,0.43358978629112244
2405,3,3,1,0.5513940453529358
2406,4,2,0,0.4990634024143219
2407,9,5,0,0.4624263644218445
2408,2,3,0,0.5657383799552917
2409,4,3,0,0.5131154656410217
2410,3,3,1,0.5429068207740784
2411,0,3,0,0.597719132900238
2412,6,2,0,0.8800721168518066
2413,4,3,0,0.6183310747146606
2414,5,2,0,0.635633647441864
2415,6,0,0,0.6761663556098938
2416,6,2,0,0.720535159111023
2417,7,8,0,0.602348804473877
2418,8,2,0,0.5191878080368042
2419,4,8,0,0.660121500492096
2420,8,3,0,0.5908454060554504
2421,8,0,0,0.6499927043914795
2422,3,8,0,0.49427589774131775
2423,2,3,0,0.5974491238594055
2424,8,2,0,0.5342415571212769
2425,0,2,0,0.7882595658302307
2426,2,2,1,0.43016499280929565
2427,5,3,0,0.7334722280502319
2428,6,2,0,0.5790625214576721
2429,8,2,0,0.6649872064590454
2430,7,3,0,0.6662582755088806
2431,8,5,0,0.5040510892868042
2432,9,2,0,0.5162456035614014
2433,9,2,0,0.5121467709541321
2434,0,0,1,0.49884986877441406
2435,6,2,0,0.5637752413749695
2436,6,2,0,0.890575647354126
2437,8,2,0,0.4684402644634247
2438,1,3,0,0.4676101505756378
2439,1,2,0,0.5194787383079529
2440,7,3,0,0.541706919670105
2441,4,3,0,0.579953670501709
2442,4,2,0,0.5599749088287354
2443,2,2,1,0.42304250597953796
2444,3,3,1,0.8711115121841431
2445,6,2,0,0.37780240178108215
2446,9,3,0,0.49301576614379883
2447,6,2,0,0.7253409624099731
2448,2,0,0,0.688039243221283
2449,4,2,0,0.663749635219574
2450,1,3,0,0.6925925016403198
2451,8,1,0,0.5365133881568909
2452,2,2,1,0.5221059322357178
2453,3,2,0,0.5087826251983643
2454,1,2,0,0.7760173082351685
2455,6,3,0,0.8032498359680176
2456,8,0,0,0.4799790382385254
2457,6,3,0,0.4982171356678009
2458,8,2,0,0.6865043044090271
2459,5,2,0,0.613273024559021
2460,9,2,0,0.8242021203041077
2461,0,2,0,0.4836411476135254
2462,1,2,0,0.79339200258255
2463,0,3,0,0.48157382011413574
2464,2,3,0,0.3941463530063629
2465,9,6,0,0.4999277889728546
2466,2,3,0,0.5062233209609985
2467,9,2,0,0.7808868885040283
2468,0,3,0,0.5225423574447632
2469,9,0,0,0.4639940857887268
2470,7,5,0,0.6024877429008484
2471,8,3,0,0.5310109257698059
2472,5,2,0,0.6833637952804565
2473,0,2,0,0.7761496901512146
2474,6,3,0,0.5528049468994141
2475,6,3,0,0.8162211775779724
2476,8,2,0,0.7308473587036133
2477,1,0,0,0.726233184337616
2478,6,3,0,0.6885863542556763
2479,5,3,0,0.4786743223667145
2480,8,3,0,0.4952045679092407
2481,7,3,0,0.32154566049575806
2482,9,2,0,0.7832921147346497
2483,2,3,0,0.41634321212768555
2484,1,0,0,0.5644273161888123
2485,6,2,0,0.8093351125717163
2486,7,3,0,0.49595531821250916
2487,5,2,0,0.8739981651306152
2488,6,3,0,0.8548928499221802
2489,3,3,1,0.4233517050743103
2490,0,3,0,0.457782119512558
2491,9,2,0,0.6114830374717712
2492,8,2,0,0.5401120185852051
2493,9,0,0,0.6479611992835999
2494,5,0,0,0.5483720898628235
2495,9,3,0,0.5318640470504761
2496,9,3,0,0.4208166003227234
2497,9,0,0,0.7618981003761292
2498,3,3,1,0.6648560166358948
2499,6,3,0,0.6282933950424194
2500,4,3,0,0.447940856218338
2501,4,2,0,0.8676621913909912
2502,8,0,0,0.40086302161216736
2503,8,0,0,0.42096978425979614
2504,1,2,0,0.4986719489097595
2505,7,3,0,0.687536358833313
2506,3,8,0,0.35870569944381714
2507,0,2,0,0.7036155462265015
2508,6,2,0,0.6712623834609985
2509,2,3,0,0.6602877378463745
2510,4,2,0,0.5084434747695923
2511,8,2,0,0.6664914488792419
2512,2,4,0,0.6513254642486572
2513,2,3,0,0.6320823431015015
2514,9,2,0,0.7124670743942261
2515,2,3,0,0.766775369644165
2516,2,3,0,0.47106242179870605
2517,9,2,0,0.7418062686920166
2518,7,2,0,0.6854028701782227
2519,4,3,0,0.5371553897857666
2520,1,3,0,0.5908388495445251
2521,9,2,0,0.697847306728363
2522,1,3,0,0.702112078666687
2523,4,0,0,0.5983802080154419
2524,3,3,1,0.5465044975280762
2525,5,2,0,0.5687770843505859
2526,3,3,1,0.8785066604614258
2527,8,3,0,0.6218854784965515
2528,9,3,0,0.4723759591579437
2529,3,3,1,0.551016092300415
2530,6,0,0,0.44304242730140686
2531,2,2,1,0.6845601201057434
2532,0,8,0,0.6176825761795044
2533,8,0,0,0.6686441898345947
2534,9,2,0,0.5109467506408691
2535,0,2,0,0.6794676184654236
2536,5,3,0,0.29943305253982544
2537,1,2,0,0.5044202208518982
2538,5,2,0,0.595241129398346
2539,8,3,0,0.46643495559692383
2540,2,3,0,0.9102452397346497
2541,1,4,0,0.5871376395225525
2542,2,3,0,0.5591551065444946
2543,3,3,1,0.5067682266235352
2544,2,3,0,0.46946296095848083
2545,4,2,0,0.6105707883834839
2546,8,2,0,0.6338072419166565
2547,4,3,0,0.6618034243583679
2548,0,3,0,0.6261029243469238
2549,6,2,0,0.8013220429420471
2550,4,2,0,0.7510554790496826
2551,2,3,0,0.6888049840927124
2552,9,0,0,0.4116482734680176
2553,8,8,1,0.46889492869377136
2554,4,3,0,0.5694323182106018
2555,7,2,0,0.6882790923118591
2556,6,2,0,0.84316486120224
2557,2,3,0,0.6480439305305481
2558,4,3,0,0.4834652543067932
2559,7,2,0,0.918833315372467
2560,7,3,0,0.5226228833198547
2561,6,3,0,0.5825076699256897
2562,4,2,0,0.7409580945968628
2563,2,3,0,0.7277695536613464
2564,2,3,0,0.7216933369636536
2565,3,3,1,0.656757652759552
2566,2,0,0,0.6619643568992615
2567,4,3,0,0.7022386789321899
2568,9,3,0,0.6234602332115173
2569,0,2,0,0.6250063180923462
2570,0,3,0,0.8109720945358276
2571,9,2,0,0.8360503911972046
2572,6,2,0,0.7421549558639526
2573,5,3,0,0.6485401391983032
2574,8,2,0,0.535261332988739
2575,5,2,0,0.7571804523468018
2576,2,3,0,0.33796969056129456
2577,4,2,0,0.6043761372566223
2578,8,3,0,0.512698233127594
2579,8,3,0,0.5585406422615051
2580,6,2,0,0.8134557604789734
2581,4,3,0,0.7788455486297607
2582,5,0,0,0.4866703748703003
2583,7,3,0,0.273656964302063
2584,6,2,0,0.6355897188186646
2585,3,2,0,0.7715579271316528
2586,7,2,0,0.8204710483551025
2587,0,1,0,0.6731550097465515
2588,4,3,0,0.4880206882953644
2589,0,0,1,0.6678082346916199
2590,5,3,0,0.8152596354484558
2591,8,3,0,0.4069574773311615
2592,2,6,0,0.5782901048660278
2593,8,2,0,0.5380386710166931
2594,0,2,0,0.7574598789215088
2595,4,2,0,0.7132598161697388
2596,9,2,0,0.4403020441532135
2597,2,2,1,0.5926324725151062
2598,3,2,0,0.7854452133178711
2599,6,2,0,0.8167644143104553
2600,8,0,0,0.41774213314056396
2601,1,2,0,0.6748726963996887
2602,6,2,0,0.44516676664352417
2603,0,2,0,0.29163506627082825
2604,8,2,0,0.705511212348938
2605,4,2,0,0.6386836767196655
2606,3,2,0,0.6376183032989502
2607,1,3,0,0.4539618194103241
2608,4,2,0,0.8042429685592651
2609,5,3,0,0.6509997248649597
2610,2,3,0,0.5063135027885437
2611,4,3,0,0.5339751839637756
2612,3,3,1,0.7586406469345093
2613,6,2,0,0.6421683430671692
2614,0,6,0,0.4928141236305237
2615,7,3,0,0.7052595019340515
2616,1,3,0,0.5109310746192932
2617,3,0,0,0.4453693628311157
2618,5,2,0,0.8721118569374084
2619,7,3,0,0.4329354465007782
2620,1,0,0,0.487016886472702
2621,8,3,0,0.4657997786998749
2622,0,2,0,0.5757871270179749
2623,4,3,0,0.462770938873291
2624,8,8,1,0.34751081466674805
2625,2,3,0,0.5308059453964233
2626,7,2,0,0.7852734923362732
2627,7,3,0,0.4625519812107086
2628,0,2,0,0.6574041843414307
2629,2,1,0,0.591042697429657
2630,2,3,0,0.6718934774398804
2631,4,3,0,0.37201157212257385
2632,3,2,0,0.6009958386421204
2633,3,3,1,0.7023633122444153
2634,1,6,0,0.6889175176620483
2635,6,3,0,0.6237777471542358
2636,1,2,0,0.7248648405075073
2637,6,3,0,0.4888821840286255
2638,4,0,0,0.4506172835826874
2639,6,3,0,0.5758352875709534
2640,7,8,0,0.521693766117096
2641,4,1,0,0.6502792239189148
2642,7,3,0,0.7326681017875671
2643,3,3,1,0.7645663619041443
2644,8,3,0,0.6054999232292175
2645,1,3,0,0.6721855401992798
2646,3,2,0,0.47710296511650085
2647,1,3,0,0.5911553502082825
2648,4,2,0,0.7040842771530151
2649,6,3,0,0.8611214756965637
2650,5,2,0,0.7679117321968079
2651,5,8,0,0.3271564543247223
2652,7,2,0,0.6959925293922424
2653,4,3,0,0.5490562915802002
2654,5,2,0,0.34820225834846497
2655,4,3,0,0.6878752112388611
2656,9,2,0,0.5301323533058167
2657,7,2,0,0.7179458737373352
2658,7,3,0,0.5336759686470032
2659,2,0,0,0.4302266538143158
2660,3,2,0,0.6309685111045837
2661,3,2,0,0.49808889627456665
2662,6,3,0,0.604457676410675
2663,7,2,0,0.6655418872833252
2664,4,2,0,0.749075710773468
2665,1,3,0,0.7431979179382324
2666,6,3,0,0.5898171067237854
2667,1,3,0,0.6023129224777222
2668,0,3,0,0.3943592309951782
2669,6,2,0,0.8476686477661133
2670,9,3,0,0.6994129419326782
2671,6,2,0,0.5054439306259155
2672,0,2,0,0.6274173855781555
2673,2,8,0,0.4988594949245453
2674,0,3,0,0.7054747939109802
2675,2,1,0,0.30125927925109863
2676,4,2,0,0.7215303182601929
2677,7,2,0,0.6431493163108826
2678,0,2,0,0.6162506341934204
2679,0,0,1,0.3658865690231323
2680,0,0,1,0.7427140474319458
2681,0,0,1,0.6872507929801941
2682,7,3,0,0.6978759169578552
2683,5,2,0,0.6674767136573792
2684,3,2,0,0.6317927241325378
2685,2,1,0,0.3460811972618103
2686,7,2,0,0.7322274446487427
2687,8,3,0,0.789070725440979
2688,5,2,0,0.6391590237617493
2689,5,3,0,0.45450490713119507
2690,2,3,0,0.661638081073761
2691,2,2,1,0.5922458171844482
2692,8,2,0,0.4618569016456604
2693,9,3,0,0.6604116559028625
2694,1,3,0,0.7109302282333374
2695,2,2,1,0.5494162440299988
2696,2,2,1,0.8569364547729492
2697,0,3,0,0.5052685141563416
2698,3,3,1,0.7045532464981079
2699,4,2,0,0.8919591307640076
2700,9,2,0,0.49081385135650635
2701,1,2,0,0.7365471124649048
2702,6,3,0,0.4357699453830719
2703,9,3,0,0.5414809584617615
2704,0,2,0,0.8109089732170105
2705,8,2,0,0.5505380630493164
2706,3,0,0,0.5971745848655701
2707,6,2,0,0.7032252550125122
2708,4,2,0,0.5514525771141052
2709,6,6,1,0.6464399099349976
2710,7,3,0,0.5878166556358337
2711,5,0,0,0.5790604948997498
2712,1,2,0,0.6230683922767639
2713,8,3,0,0.6860899925231934
2714,9,8,0,0.45866379141807556
2715,0,3,0,0.5855528116226196
2716,5,6,0,0.7356102466583252
2717,0,0,1,0.6754404902458191
2718,5,3,0,0.6925325989723206
2719,4,3,0,0.413160502910614
2720,3,2,0,0.6181648969650269
2721,8,2,0,0.6794626116752625
2722,5,3,0,0.6681497097015381
2723,2,3,0,0.5737225413322449
2724,0,3,0,0.6816826462745667
2725,8,8,1,0.561856210231781
2726,5,2,0,0.4168436527252197
2727,9,3,0,0.5545095205307007
2728,2,3,0,0.5777289867401123
2729,5,3,0,0.49272704124450684
2730,6,3,0,0.3949998617172241
2731,5,2,0,0.8351894617080688
2732,7,2,0,0.7402220368385315
2733,3,2,0,0.6839016079902649
2734,7,3,0,0.8498116731643677
2735,2,0,0,0.6647514700889587
2736,8,3,0,0.520989716053009
2737,8,2,0,0.7017112970352173
2738,4,2,0,0.8065056204795837
2739,2,3,0,0.5536482334136963
2740,1,2,0,0.5176248550415039
2741,6,3,0,0.4774063229560852
2742,2,3,0,0.4392716884613037
2743,9,2,0,0.6253051161766052
2744,9,3,0,0.496611624956131
2745,8,2,0,0.6433185935020447
2746,2,3,0,0.5091685652732849
2747,3,3,1,0.5352720618247986
2748,1,2,0,0.6444082856178284
2749,0,3,0,0.5882976055145264
2750,5,2,0,0.5509217977523804
2751,2,2,1,0.6316949129104614
2752,3,3,1,0.5556789040565491
2753,7,2,0,0.7051697373390198
2754,9,2,0,0.7055377960205078
2755,5,3,0,0.513373851776123
2756,9,0,0,0.527269184589386
2757,1,2,0,0.5509642362594604
2758,1,2,0,0.46983349323272705
2759,3,2,0,0.7887368202209473
2760,2,2,1,0.5410728454589844
2761,7,8,0,0.6970182657241821
2762,4,0,0,0.5385951399803162
2763,4,3,0,0.6321861743927002
2764,1,2,0,0.7984498143196106
2765,9,2,0,0.6962106823921204
2766,4,2,0,0.7519453763961792
2767,5,2,0,0.5524998903274536
2768,5,5,1,0.46291202306747437
2769,2,3,0,0.6300227642059326
2770,7,2,0,0.7200890183448792
2771,7,3,0,0.907701849937439
2772,6,2,0,0.5726023316383362
2773,1,3,0,0.6036657691001892
2774,2,2,1,0.5909759998321533
2775,3,3,1,0.5611647963523865
2776,7,0,0,0.5476259589195251
2777,5,3,0,0.6520364284515381
2778,4,2,0,0.6678725481033325
2779,3,2,0,0.5101625919342041
2780,7,3,0,0.8007077574729919
2781,7,0,0,0.6168578863143921
2782,0,2,0,0.512799084186554
2783,0,4,0,0.3993484079837799
2784,1,2,0,0.5949327349662781
2785,4,2,0,0.3958553373813629
2786,4,2,0,0.5205238461494446
2787,3,1,0,0.4497603178024292
2788,7,2,0,0.7943512201309204
2789,9,0,0,0.5476670265197754
2790,8,2,0,0.9023991227149963
2791,7,3,0,0.5442581176757812
2792,0,2,0,0.5822896957397461
2793,9,3,0,0.7602981925010681
2794,0,1,0,0.354104608297348
2795,3,2,0,0.4516768157482147
2796,7,3,0,0.6250424981117249
2797,6,2,0,0.6258191466331482
2798,3,3,1,0.5752371549606323
2799,8,2,0,0.8597548604011536
2800,4,3,0,0.5321030616760254
2801,5,0,0,0.48927420377731323
2802,6,5,0,0.5850673913955688
2803,5,2,0,0.6551438570022583
2804,3,2,0,0.7176079750061035
2805,4,3,0,0.4680074155330658
2806,2,2,1,0.8459241986274719
2807,9,2,0,0.5790828466415405
2808,2,2,1,0.5528682470321655
2809,4,3,0,0.7093402147293091
2810,9,3,0,0.6751199960708618
2811,2,2,1,0.6613066792488098
2812,0,3,0,0.6251296997070312
2813,1,3,0,0.3616993725299835
2814,1,3,0,0.5507935881614685
2815,3,3,1,0.674781858921051
2816,7,3,0,0.48125091195106506
2817,9,2,0,0.557790219783783
2818,5,3,0,0.901006817817688
2819,1,2,0,0.5257429480552673
2820,6,2,0,0.7470294833183289
2821,0,3,0,0.45994073152542114
2822,3,3,1,0.6926437020301819
2823,3,0,0,0.7803688645362854
2824,7,2,0,0.7658810615539551
2825,2,2,1,0.7593451142311096
2826,4,2,0,0.7859364151954651
2827,5,2,0,0.4693925678730011
2828,2,2,1,0.5397742390632629
2829,3,3,1,0.5613011717796326
2830,6,3,0,0.6038969159126282
2831,3,2,0,0.6601425409317017
2832,3,6,0,0.5989222526550293
2833,0,0,1,0.6487035751342773
2834,4,2,0,0.473095566034317
2835,4,3,0,0.6340420842170715
2836,3,2,0,0.6084328889846802
2837,8,3,0,0.6498173475265503
2838,1,2,0,0.6873645782470703
2839,2,2,1,0.6728725433349609
2840,3,3,1,0.5836330056190491
2841,2,3,0,0.5506001114845276
2842,7,3,0,0.6022051572799683
2843,1,8,0,0.3611004650592804
2844,4,3,0,0.7618598341941833
2845,5,2,0,0.9115636348724365
2846,6,2,0,0.5864244103431702
2847,8,3,0,0.46969184279441833
2848,6,3,0,0.5454285144805908
2849,6,3,0,0.7822407484054565
2850,5,3,0,0.7877928614616394
2851,4,3,0,0.5136260390281677
2852,2,2,1,0.45757192373275757
2853,9,3,0,0.6655496954917908
2854,9,3,0,0.6323995590209961
2855,3,3,1,0.6100842356681824
2856,2,0,0,0.6642537117004395
2857,0,1,0,0.593097984790802
2858,4,3,0,0.5543765425682068
2859,1,3,0,0.4651526212692261
2860,5,2,0,0.7096426486968994
2861,5,5,1,0.5282055139541626
2862,6,0,0,0.5632984638214111
2863,6,3,0,0.46657633781433105
2864,5,3,0,0.712206244468689
2865,6,2,0,0.678998589515686
2866,9,0,0,0.6033576130867004
2867,7,2,0,0.8239651918411255
2868,9,1,0,0.43291035294532776
2869,4,2,0,0.5750731825828552
2870,8,3,0,0.7013517022132874
2871,3,2,0,0.589015543460846
2872,1,3,0,0.4484955370426178
2873,9,3,0,0.6391496658325195
2874,8,0,0,0.5807219743728638
2875,1,2,0,0.6291378736495972
2876,9,0,0,0.39176416397094727
2877,0,3,0,0.6727632284164429
2878,3,0,0,0.5059486031532288
2879,0,2,0,0.5007748007774353
2880,4,3,0,0.6998723745346069
2881,7,2,0,0.6533464789390564
2882,7,2,0,0.6250218749046326
2883,2,3,0,0.46276041865348816
2884,6,2,0,0.8036781549453735
2885,5,3,0,0.6351401805877686
2886,6,3,0,0.5678144097328186
2887,9,3,0,0.3718571960926056
2888,7,3,0,0.48976510763168335
2889,7,3,0,0.5277266502380371
2890,5,3,0,0.8317621946334839
2891,7,2,0,0.6725202202796936
2892,0,3,0,0.5188621282577515
2893,8,3,0,0.7960344552993774
2894,6,1,0,0.4520716965198517
2895,7,3,0,0.5113275647163391
2896,8,3,0,0.4618077576160431
2897,3,2,0,0.6881919503211975
2898,8,3,0,0.5292895436286926
2899,9,3,0,0.7966203689575195
2900,3,1,0,0.323928564786911
2901,2,3,0,0.7981806993484497
2902,9,8,0,0.5121679306030273
2903,2,2,1,0.7906072735786438
2904,7,3,0,0.5368361473083496
2905,4,2,0,0.6070739030838013
2906,1,3,0,0.4444120526313782
2907,9,3,0,0.662571907043457
2908,7,3,0,0.6724943518638611
2909,0,2,0,0.5547723770141602
2910,8,2,0,0.6289294362068176
2911,1,3,0,0.6200446486473083
2912,2,3,0,0.503524899482727
2913,0,2,0,0.7719119191169739
2914,6,3,0,0.7451386451721191
2915,5,3,0,0.867198646068573
2916,1,2,0,0.6506198644638062
2917,4,2,0,0.5389069318771362
2918,2,3,0,0.6798470616340637
2919,8,3,0,0.5496495962142944
2920,2,1,0,0.5703231692314148
2921,8,0,0,0.47797316312789917
2922,3,9,0,0.4742085933685303
2923,3,2,0,0.7471861243247986
2924,1,3,0,0.4685744643211365
2925,4,3,0,0.8736072778701782
2926,9,3,0,0.4118057191371918
2927,8,0,0,0.5390230417251587
2928,1,3,0,0.6492906808853149
2929,1,2,0,0.6274839043617249
2930,7,2,0,0.7910978198051453
2931,9,5,0,0.6052298545837402
2932,9,3,0,0.5487257242202759
2933,4,3,0,0.6748828291893005
2934,6,3,0,0.759489893913269
2935,8,3,0,0.6411864757537842
2936,5,8,0,0.5423927307128906
2937,3,3,1,0.6617470383644104
2938,2,8,0,0.47919946908950806
2939,2,2,1,0.49245378375053406
2940,3,3,1,0.7602023482322693
2941,8,2,0,0.614621102809906
2942,5,3,0,0.5338752269744873
2943,1,3,0,0.39779147505760193
2944,9,2,0,0.5505845546722412
2945,7,8,0,0.5685017704963684
2946,9,3,0,0.4519573450088501
2947,1,0,0,0.5334010124206543
2948,5,3,0,0.5217276811599731
2949,3,3,1,0.4560975432395935
2950,1,3,0,0.6309096813201904
2951,0,2,0,0.6188663840293884
2952,3,3,1,0.5977230072021484
2953,8,2,0,0.6569778323173523
2954,9,2,0,0.8521206378936768
2955,2,3,0,0.7004405856132507
2956,0,2,0,0.499266117811203
2957,8,2,0,0.7915012836456299
2958,0,0,1,0.6577116250991821
2959,7,3,0,0.3201494514942169
2960,9,8,0,0.8132039308547974
2961,4,3,0,0.6763153672218323
2962,8,3,0,0.5474044680595398
2963,3,2,0,0.5030856132507324
2964,0,2,0,0.6606353521347046
2965,7,3,0,0.5340269207954407
2966,0,8,0,0.6451860666275024
2967,7,2,0,0.6865819096565247
2968,0,2,0,0.6828669905662537
2969,5,2,0,0.828025758266449
2970,5,3,0,0.4836094081401825
2971,4,2,0,0.49280834197998047
2972,3,2,0,0.5713545083999634
2973,0,2,0,0.39806652069091797
2974,9,6,0,0.4531295597553253
2975,9,2,0,0.6098538041114807
2976,0,0,1,0.49347010254859924
2977,2,8,0,0.48369964957237244
2978,2,3,0,0.780551016330719
2979,0,0,1,0.5220130681991577
2980,8,3,0,0.7096042037010193
2981,4,3,0,0.565190851688385
2982,4,3,0,0.5958831906318665
2983,5,3,0,0.755974292755127
2984,2,2,1,0.6405704021453857
2985,2,2,1,0.5163524746894836
2986,1,2,0,0.6234738230705261
2987,1,3,0,0.5169201493263245
2988,5,2,0,0.5634546875953674
2989,5,5,1,0.42382192611694336
2990,4,3,0,0.3962230980396271
2991,3,3,1,0.6203013062477112
2992,4,2,0,0.7327979803085327
2993,0,2,0,0.814475953578949
2994,8,3,0,0.6358674764633179
2995,4,3,0,0.7574507594108582
2996,8,0,0,0.7149237394332886
2997,2,8,0,0.5480476021766663
2998,5,3,0,0.40598174929618835
2999,6,2,0,0.4761008322238922
3000,5,4,0,0.6549509763717651
3001,1,2,0,0.5349085330963135
3002,7,2,0,0.47793471813201904
3003,2,0,0,0.7178289294242859
3004,4,3,0,0.5745307803153992
3005,0,2,0,0.539271354675293
3006,5,0,0,0.833756148815155
3007,6,0,0,0.5334213972091675
3008,8,3,0,0.43163245916366577
3009,7,3,0,0.7870162129402161
3010,6,2,0,0.5433080196380615
3011,3,3,1,0.6943399310112
3012,1,5,0,0.45283037424087524
3013,3,3,1,0.6675386428833008
3014,6,2,0,0.6072292923927307
3015,6,2,0,0.6135306358337402
3016,4,3,0,0.562720000743866
3017,5,3,0,0.7616603374481201
3018,5,3,0,0.43562886118888855
3019,5,2,0,0.441423237323761
3020,1,3,0,0.6911020278930664
3021,8,2,0,0.6942741870880127
3022,7,2,0,0.6428608298301697
3023,3,3,1,0.4024817645549774
3024,0,3,0,0.6978889107704163
3025,2,3,0,0.6567770838737488
3026,5,2,0,0.6636099815368652
3027,1,2,0,0.5012707710266113
3028,1,5,0,0.4907897412776947
3029,1,2,0,0.49965718388557434
3030,6,2,0,0.8219363689422607
3031,7,0,0,0.7359567880630493
3032,2,2,1,0.5860281586647034
3033,1,2,0,0.35460686683654785
3034,2,2,1,0.3566755950450897
3035,3,2,0,0.8446547389030457
3036,9,2,0,0.38840922713279724
3037,8,2,0,0.5134135484695435
3038,3,3,1,0.6885099411010742
3039,1,2,0,0.3052704334259033
3040,7,3,0,0.6173384785652161
3041,4,2,0,0.7715920805931091
3042,8,3,0,0.5676586031913757
3043,4,2,0,0.2615339457988739
3044,7,2,0,0.7450405359268188
3045,5,3,0,0.3934060335159302
3046,8,0,0,0.6755526661872864
3047,6,3,0,0.7925464510917664
3048,0,0,1,0.5718365907669067
3049,3,5,0,0.6943457126617432
3050,0,1,0,0.45218971371650696
3051,8,3,0,0.46076929569244385
3052,3,3,1,0.6086180806159973
3053,4,3,0,0.6444689631462097
3054,4,2,0,0.4505123496055603
3055,9,3,0,0.7371276617050171
3056,4,5,0,0.5104266405105591
3057,6,3,0,0.5669894218444824
3058,1,2,0,0.8407472372055054
3059,5,3,0,0.6542090177536011
3060,7,2,0,0.6775020956993103
3061,7,0,0,0.5123674273490906
3062,9,2,0,0.5076523423194885
3063,0,2,0,0.8279126286506653
3064,1,3,0,0.5542258620262146
3065,3,3,1,0.49980300664901733
3066,1,2,0,0.5747835636138916
3067,3,3,1,0.7247742414474487
3068,2,8,0,0.47959819436073303
3069,4,0,0,0.6536063551902771
3070,0,2,0,0.4910665452480316
3071,7,8,0,0.6188322305679321
3072,8,3,0,0.7403971552848816
3073,3,2,0,0.8245760798454285
3074,1,0,0,0.573232889175415
3075,6,2,0,0.8261762857437134
3076,2,2,1,0.5373676419258118
3077,1,2,0,0.6814164519309998
3078,8,0,0,0.665139377117157
3079,8,2,0,0.6141876578330994
3080,1,2,0,0.5691340565681458
3081,9,2,0,0.5498737692832947
3082,7,3,0,0.4608430564403534
3083,5,2,0,0.6674697995185852
3084,3,3,1,0.404569536447525
3085,2,3,0,0.6739396452903748
3086,9,2,0,0.5233286023139954
3087,0,3,0,0.5536995530128479
3088,6,3,0,0.5571224689483643
3089,8,2,0,0.6052473783493042
3090,4,3,0,0.6253994107246399
3091,1,2,0,0.634475588798523
3092,5,3,0,0.5512478351593018
3093,7,2,0,0.5059480667114258
3094,2,2,1,0.8752481341362
3095,4,3,0,0.8137460947036743
3096,7,3,0,0.6350829601287842
3097,0,0,1,0.6913899779319763
3098,4,2,0,0.7480964064598083
3099,9,2,0,0.6154792308807373
3100,0,2,0,0.6374695897102356
3101,7,2,0,0.515049159526825
3102,0,2,0,0.905170738697052
3103,6,0,0,0.6608139872550964
3104,7,3,0,0.7346493601799011
3105,1,8,0,0.5217747092247009
3106,8,3,0,0.3509511649608612
3107,5,3,0,0.5484817028045654
3108,8,3,0,0.4788157045841217
3109,8,0,0,0.434406578540802
3110,7,3,0,0.43191078305244446
3111,0,3,0,0.6697526574134827
3112,0,3,0,0.508216142654419
3113,3,3,1,0.6257171630859375
3114,2,3,0,0.5622760653495789
3115,5,3,0,0.42640918493270874
3116,7,2,0,0.7673543095588684
3117,0,8,0,0.6472353339195251
3118,6,2,0,0.794459342956543
3119,4,2,0,0.5795685052871704
3120,4,6,0,0.7268577814102173
3121,9,3,0,0.7541874051094055
3122,1,2,0,0.7128746509552002
3123,8,3,0,0.47110715508461
3124,6,3,0,0.6125202775001526
3125,3,2,0,0.5370708107948303
3126,9,3,0,0.44918563961982727
3127,4,2,0,0.45757755637168884
3128,9,2,0,0.7232771515846252
3129,3,0,0,0.5338576436042786
3130,3,3,1,0.5342139601707458
3131,7,3,0,0.5245500802993774
3132,5,3,0,0.5719818472862244
3133,9,2,0,0.47543975710868835
3134,7,2,0,0.6355092525482178
3135,7,2,0,0.3880819082260132
3136,4,2,0,0.719758927822113
3137,5,3,0,0.6147189736366272
3138,8,2,0,0.4851144552230835
3139,2,0,0,0.4915318787097931
3140,8,2,0,0.5120519399642944
3141,9,0,0,0.8639861345291138
3142,5,3,0,0.6382815837860107
3143,3,0,0,0.7042654156684875
3144,1,3,0,0.5847176313400269
3145,9,2,0,0.6332017183303833
3146,2,3,0,0.5675930976867676
3147,2,2,1,0.5872490406036377
3148,0,2,0,0.5580199360847473
3149,1,3,0,0.5733068585395813
3150,1,3,0,0.5599176287651062
3151,8,2,0,0.43132123351097107
3152,1,2,0,0.5269411206245422
3153,1,3,0,0.5212875008583069
3154,9,0,0,0.4811091721057892
3155,8,0,0,0.48592609167099
3156,9,0,0,0.4711528718471527
3157,9,1,0,0.4982091784477234
3158,0,3,0,0.7005212306976318
3159,2,2,1,0.5701174139976501
3160,6,2,0,0.6374395489692688
3161,9,5,0,0.5271306037902832
3162,1,2,0,0.8751082420349121
3163,9,2,0,0.8203237652778625
3164,0,0,1,0.4810768961906433
3165,1,3,0,0.6513034701347351
3166,9,3,0,0.6756083369255066
3167,2,3,0,0.5698435306549072
3168,9,3,0,0.48534882068634033
3169,9,3,0,0.7444674968719482
3170,9,3,0,0.5131436586380005
3171,0,2,0,0.6383887529373169
3172,9,0,0,0.5297139286994934
3173,9,3,0,0.5624759793281555
3174,2,3,0,0.6527509689331055
3175,1,3,0,0.48936817049980164
3176,7,3,0,0.49670881032943726
3177,0,0,1,0.6241213083267212
3178,5,2,0,0.5955414175987244
3179,6,2,0,0.8249518871307373
3180,3,3,1,0.6196437478065491
3181,9,8,0,0.8199502825737
3182,8,3,0,0.573423445224762
3183,3,2,0,0.6963679790496826
3184,0,8,0,0.5070551037788391
3185,2,3,0,0.7109135985374451
3186,7,3,0,0.4718113839626312
3187,7,2,0,0.8462145924568176
3188,4,3,0,0.6619627475738525
3189,8,3,0,0.5491780638694763
3190,3,8,0,0.3997980058193207
3191,0,2,0,0.6284430027008057
3192,5,2,0,0.731102466583252
3193,2,0,0,0.6225084662437439
3194,3,3,1,0.5264875292778015
3195,5,2,0,0.682092010974884
3196,7,2,0,0.6632845997810364
3197,6,2,0,0.716099739074707
3198,6,2,0,0.5601441264152527
3199,6,8,0,0.4041001498699188
3200,5,2,0,0.543061375617981
3201,6,2,0,0.8247138857841492
3202,5,2,0,0.6486867666244507
3203,4,3,0,0.6550816893577576
3204,5,3,0,0.3969387710094452
3205,8,3,0,0.5893278121948242
3206,8,2,0,0.7532239556312561
3207,0,3,0,0.8504388332366943
3208,9,5,0,0.5517080426216125
3209,7,2,0,0.4576452672481537
3210,9,3,0,0.5456401109695435
3211,0,3,0,0.8482396602630615
3212,6,2,0,0.7673662304878235
3213,9,2,0,0.5302016735076904
3214,6,2,0,0.567219078540802
3215,1,2,0,0.640711784362793
3216,4,2,0,0.7207282781600952
3217,7,2,0,0.7901082038879395
3218,9,1,0,0.5052871704101562
3219,0,2,0,0.7533708810806274
3220,3,3,1,0.4099220037460327
3221,5,2,0,0.49757492542266846
3222,4,2,0,0.6787497401237488
3223,7,3,0,0.4801765978336334
3224,6,2,0,0.71043860912323
3225,9,3,0,0.49734312295913696
3226,8,8,1,0.3805136978626251
3227,2,3,0,0.5712799429893494
3228,3,3,1,0.7650671005249023
3229,9,2,0,0.6257548928260803
3230,3,5,0,0.5181910991668701
3231,3,2,0,0.695650041103363
3232,7,0,0,0.6284149885177612
3233,8,2,0,0.7590717673301697
3234,3,2,0,0.7402819991111755
3235,5,2,0,0.7346232533454895
3236,5,2,0,0.6483116745948792
3237,9,3,0,0.8952245712280273
3238,6,2,0,0.7151437997817993
3239,1,3,0,0.8419070839881897
3240,4,2,0,0.6029627919197083
3241,7,2,0,0.6097355484962463
3242,4,2,0,0.6538445949554443
3243,8,1,0,0.5745833516120911
3244,7,2,0,0.7026169896125793
3245,7,2,0,0.6782339811325073
3246,1,2,0,0.44458287954330444
3247,3,8,0,0.40072453022003174
3248,0,0,1,0.6814496517181396
3249,3,2,0,0.4357454478740692
3250,2,2,1,0.7598931193351746
3251,5,3,0,0.6926327347755432
3252,4,2,0,0.8241047859191895
3253,9,0,0,0.765003502368927
3254,3,0,0,0.6108200550079346
3255,5,3,0,0.5782971382141113
3256,4,3,0,0.7000722885131836
3257,7,9,0,0.4830603301525116
3258,0,3,0,0.798908531665802
3259,3,2,0,0.6648747324943542
3260,7,3,0,0.6168867945671082
3261,0,2,0,0.5847991704940796
3262,2,3,0,0.6776842474937439
3263,1,3,0,0.7651810646057129
3264,5,2,0,0.6053882241249084
3265,8,4,0,0.5104849338531494
3266,7,2,0,0.8062645196914673
3267,3,3,1,0.546028196811676
3268,5,8,0,0.6370850205421448
3269,7,3,0,0.4266722798347473
3270,8,0,0,0.5646005272865295
3271,5,2,0,0.3785824179649353
3272,7,3,0,0.6042410135269165
3273,8,3,0,0.4698074758052826
3274,1,2,0,0.555943489074707
3275,5,2,0,0.5382466316223145
3276,4,2,0,0.5562596321105957
3277,7,3,0,0.5857641100883484
3278,0,2,0,0.5176204442977905
3279,8,2,0,0.8254082202911377
3280,3,2,0,0.6665949821472168
3281,2,2,1,0.5124500393867493
3282,9,2,0,0.49364253878593445
3283,7,2,0,0.6621770858764648
3284,4,2,0,0.6386396288871765
3285,1,2,0,0.7166370153427124
3286,6,8,0,0.508026659488678
3287,5,2,0,0.6961641311645508
3288,9,2,0,0.6274576783180237
3289,8,2,0,0.4622158110141754
3290,5,2,0,0.6332761645317078
3291,5,2,0,0.7352722883224487
3292,4,2,0,0.6988118290901184
3293,1,3,0,0.38003304600715637
3294,0,2,0,0.6844069361686707
3295,9,3,0,0.835418701171875
3296,4,2,0,0.400022029876709
3297,4,2,0,0.7514534592628479
3298,3,2,0,0.7739959359169006
3299,0,2,0,0.6345594525337219
3300,4,2,0,0.7611746191978455
3301,8,2,0,0.8115611672401428
3302,0,2,0,0.6518649458885193
3303,8,0,0,0.6142345070838928
3304,2,2,1,0.5232656598091125
3305,9,0,0,0.6758300065994263
3306,5,2,0,0.4508204758167267
3307,9,6,0,0.4909665882587433
3308,7,3,0,0.46925580501556396
3309,4,2,0,0.45325952768325806
3310,6,2,0,0.4997924566268921
3311,7,3,0,0.6477234959602356
3312,9,8,0,0.34163516759872437
3313,2,2,1,0.734761118888855
3314,9,3,0,0.41833731532096863
3315,3,2,0,0.6431673169136047
3316,7,2,0,0.7057278156280518
3317,7,2,0,0.6287055611610413
3318,8,0,0,0.5210452079772949
3319,2,3,0,0.5755870342254639
3320,2,3,0,0.42712491750717163
3321,0,3,0,0.5531014204025269
3322,2,3,0,0.6420819759368896
3323,5,3,0,0.591941237449646
3324,3,3,1,0.3721023201942444
3325,6,8,0,0.6386550068855286
3326,4,3,0,0.5956748127937317
3327,7,3,0,0.6564810276031494
3328,2,2,1,0.6012755036354065
3329,3,1,0,0.43015989661216736
3330,7,3,0,0.33085304498672485
3331,8,0,0,0.7993001937866211
3332,7,2,0,0.7338440418243408
3333,2,3,0,0.5499734282493591
3334,5,2,0,0.8339337110519409
3335,0,2,0,0.7452622652053833
3336,0,3,0,0.646653950214386
3337,7,2,0,0.8600108623504639
3338,0,2,0,0.5344887375831604
3339,9,3,0,0.4768228232860565
3340,6,3,0,0.8190914988517761
3341,1,3,0,0.4609040319919586
3342,0,3,0,0.6983327865600586
3343,3,2,0,0.5223090648651123
3344,9,3,0,0.6252065300941467
3345,7,0,0,0.49964195489883423
3346,4,3,0,0.6876493692398071
3347,9,0,0,0.6135178208351135
3348,1,3,0,0.8645683526992798
3349,6,1,0,0.5788283944129944
3350,8,3,0,0.647006630897522
3351,1,3,0,0.6096574664115906
3352,2,3,0,0.6666533946990967
3353,3,2,0,0.6078410744667053
3354,3,2,0,0.47672557830810547
3355,5,3,0,0.6629664897918701
3356,4,2,0,0.6614348292350769
3357,8,3,0,0.5604418516159058
3358,9,3,0,0.7131649255752563
3359,7,3,0,0.546993613243103
3360,4,3,0,0.4914335608482361
3361,4,2,0,0.6858530640602112
3362,1,2,0,0.6323884129524231
3363,2,3,0,0.533367395401001
3364,4,8,0,0.4133082628250122
3365,9,2,0,0.4536028504371643
3366,8,2,0,0.7740426063537598
3367,7,3,0,0.4990483820438385
3368,9,3,0,0.6208182573318481
3369,5,2,0,0.4247279167175293
3370,1,2,0,0.5901355743408203
3371,2,2,1,0.6857443451881409
3372,1,3,0,0.7627644538879395
3373,6,0,0,0.37768691778182983
3374,6,3,0,0.4610036611557007
3375,4,3,0,0.751334011554718
3376,5,2,0,0.5905373096466064
3377,7,2,0,0.8294914960861206
3378,4,2,0,0.5352324843406677
3379,5,3,0,0.45704764127731323
3380,8,3,0,0.7080370783805847
3381,5,3,0,0.6326600313186646
3382,2,2,1,0.8906042575836182
3383,8,2,0,0.7244343161582947
3384,7,5,0,0.6305884122848511
3385,8,0,0,0.41990795731544495
3386,2,6,0,0.554408609867096
3387,3,2,0,0.42764344811439514
3388,6,3,0,0.5817251205444336
3389,1,3,0,0.7163383960723877
3390,3,2,0,0.6824101209640503
3391,3,3,1,0.6385177373886108
3392,1,2,0,0.7030996680259705
3393,5,0,0,0.7177959680557251
3394,1,2,0,0.5519070029258728
3395,9,3,0,0.5235785245895386
3396,0,3,0,0.5148751735687256
3397,9,0,0,0.33351394534111023
3398,2,2,1,0.8034608960151672
3399,0,3,0,0.5111262202262878
3400,6,2,0,0.8638826012611389
3401,2,2,1,0.6943225264549255
3402,4,2,0,0.7991711497306824
3403,8,3,0,0.6075658798217773
3404,5,3,0,0.5363014936447144
3405,7,2,0,0.5646471977233887
3406,6,3,0,0.5348801016807556
3407,1,3,0,0.5430083870887756
3408,2,2,1,0.900980532169342
3409,9,2,0,0.6173290610313416
3410,4,3,0,0.5449410080909729
3411,5,8,0,0.6024173498153687
3412,0,3,0,0.6708654761314392
3413,3,2,0,0.7980873584747314
3414,3,1,0,0.6192094087600708
3415,7,3,0,0.45756685733795166
3416,7,2,0,0.5757492184638977
3417,7,3,0,0.8409119248390198
3418,1,3,0,0.8182515501976013
3419,4,2,0,0.6330931782722473
3420,5,3,0,0.7811290621757507
3421,0,2,0,0.7164824604988098
3422,2,2,1,0.8337788581848145
3423,8,3,0,0.5574103593826294
3424,5,5,1,0.6439996957778931
3425,0,2,0,0.4433705508708954
3426,0,2,0,0.6090577244758606
3427,6,2,0,0.6409558057785034
3428,2,6,0,0.5398355722427368
3429,0,8,0,0.5595177412033081
3430,8,9,0,0.6053680777549744
3431,4,2,0,0.6247594356536865
3432,5,0,0,0.6208015084266663
3433,4,2,0,0.6833230257034302
3434,5,3,0,0.6934248805046082
3435,6,2,0,0.5784216523170471
3436,4,2,0,0.38931381702423096
3437,7,2,0,0.7325626611709595
3438,9,2,0,0.6391932964324951
3439,4,3,0,0.8112072348594666
3440,2,5,0,0.465047687292099
3441,0,0,1,0.43660488724708557
3442,6,2,0,0.5786899924278259
3443,4,3,0,0.6118487119674683
3444,0,2,0,0.8198562264442444
3445,0,2,0,0.5299116969108582
3446,6,2,0,0.5548588633537292
3447,4,2,0,0.6818364262580872
3448,6,4,0,0.5248691439628601
3449,1,3,0,0.6437763571739197
3450,9,0,0,0.4998959004878998
3451,5,0,0,0.8111753463745117
3452,5,0,0,0.738849937915802
3453,2,2,1,0.7353378534317017
3454,2,0,0,0.5771020650863647
3455,6,3,0,0.8328984975814819
3456,3,3,1,0.4196445941925049
3457,4,0,0,0.568816065788269
3458,5,2,0,0.4890754222869873
3459,9,2,0,0.38509607315063477
3460,1,2,0,0.6312936544418335
3461,7,3,0,0.746110737323761
3462,2,2,1,0.49118468165397644
3463,3,1,0,0.41643136739730835
3464,9,2,0,0.6993778347969055
3465,6,3,0,0.48186492919921875
3466,5,0,0,0.6103151440620422
3467,0,2,0,0.629970908164978
3468,2,3,0,0.7010407447814941
3469,9,3,0,0.6697467565536499
3470,7,0,0,0.7042735815048218
3471,1,3,0,0.7754431962966919
3472,7,5,0,0.41244423389434814
3473,2,3,0,0.6659097671508789
3474,2,3,0,0.4499218761920929
3475,0,2,0,0.7380640506744385
3476,8,0,0,0.47376421093940735
3477,6,3,0,0.835077702999115
3478,4,3,0,0.670170247554779
3479,3,3,1,0.3996809422969818
3480,2,3,0,0.6012768745422363
3481,7,3,0,0.8083037734031677
3482,7,3,0,0.4942641258239746
3483,0,2,0,0.4570524990558624
3484,4,2,0,0.4773100018501282
3485,1,0,0,0.5053926110267639
3486,6,3,0,0.7420915961265564
3487,5,2,0,0.8439896702766418
3488,1,3,0,0.6642141342163086
3489,3,2,0,0.755091667175293
3490,0,3,0,0.5687869191169739
3491,3,2,0,0.5068596005439758
3492,9,5,0,0.4552677869796753
3493,0,2,0,0.9496033787727356
3494,0,3,0,0.4307931661605835
3495,2,2,1,0.9335874319076538
3496,5,3,0,0.5688099265098572
3497,0,2,0,0.6372833847999573
3498,4,2,0,0.5947309732437134
3499,0,2,0,0.68817138671875
3500,1,3,0,0.8011045455932617
3501,9,3,0,0.5486482977867126
3502,8,3,0,0.5738131403923035
3503,4,2,0,0.7962170243263245
3504,9,3,0,0.681659996509552
3505,4,2,0,0.6494370698928833
3506,2,2,1,0.44612210988998413
3507,4,2,0,0.8078792095184326
3508,3,3,1,0.50157231092453
3509,3,2,0,0.5264085531234741
3510,4,3,0,0.4186147451400757
3511,0,3,0,0.6147098541259766
3512,4,3,0,0.7711125612258911
3513,3,2,0,0.7708391547203064
3514,2,3,0,0.6348519325256348
3515,8,3,0,0.8701563477516174
3516,9,2,0,0.6218688488006592
3517,1,2,0,0.627289354801178
3518,5,2,0,0.6773533225059509
3519,8,2,0,0.6616895198822021
3520,1,3,0,0.42147350311279297
3521,8,2,0,0.603895366191864
3522,2,2,1,0.8278516530990601
3523,4,2,0,0.7339109182357788
3524,5,3,0,0.5512293577194214
3525,2,9,0,0.5467364192008972
3526,4,6,0,0.487563818693161
3527,1,3,0,0.6346592307090759
3528,1,3,0,0.621589183807373
3529,6,1,0,0.5237042307853699
3530,6,2,0,0.5478149056434631
3531,8,3,0,0.6372849345207214
3532,5,3,0,0.43800070881843567
3533,2,8,0,0.3259924650192261
3534,2,0,0,0.6321877837181091
3535,5,3,0,0.8466761112213135
3536,0,3,0,0.39045268297195435
3537,8,3,0,0.4107094407081604
3538,2,3,0,0.4712076783180237
3539,3,2,0,0.7014865875244141
3540,6,2,0,0.7222998738288879
3541,2,2,1,0.4758639335632324
3542,9,2,0,0.6086925864219666
3543,6,3,0,0.76789790391922
3544,1,3,0,0.7595831155776978
3545,4,3,0,0.5775599479675293
3546,5,2,0,0.5006667375564575
3547,9,0,0,0.4514469802379608
3548,0,2,0,0.5101326704025269
3549,1,3,0,0.5122929215431213
3550,0,3,0,0.8378115296363831
3551,0,1,0,0.39935633540153503
3552,8,2,0,0.550930917263031
3553,1,3,0,0.6470199227333069
3554,1,2,0,0.5635863542556763
3555,6,3,0,0.571355938911438
3556,6,2,0,0.5071338415145874
3557,9,3,0,0.6011754870414734
3558,5,3,0,0.686153769493103
3559,4,2,0,0.6482894420623779
3560,1,3,0,0.6307514309883118
3561,7,2,0,0.7305046319961548
3562,8,2,0,0.7521951198577881
3563,6,0,0,0.5270681381225586
3564,9,2,0,0.4848775863647461
3565,1,2,0,0.7681367993354797
3566,7,2,0,0.5239551663398743
3567,6,5,0,0.5270184278488159
3568,0,3,0,0.6847899556159973
3569,9,3,0,0.5048883557319641
3570,3,6,0,0.755940854549408
3571,5,5,1,0.5294232368469238
3572,3,2,0,0.8041894435882568
3573,2,3,0,0.673136830329895
3574,5,0,0,0.6612629294395447
3575,3,2,0,0.7329074144363403
3576,4,3,0,0.5427929759025574
3577,9,0,0,0.7635278105735779
3578,7,0,0,0.41803303360939026
3579,1,2,0,0.5240626335144043
3580,4,2,0,0.5010496973991394
3581,4,2,0,0.5521854162216187
3582,6,2,0,0.6864604949951172
3583,1,3,0,0.7542341947555542
3584,3,2,0,0.5403701066970825
3585,8,0,0,0.5226530432701111
3586,8,3,0,0.36562472581863403
3587,0,2,0,0.5394576191902161
3588,6,8,0,0.43615269660949707
3589,7,9,0,0.5371414422988892
3590,7,3,0,0.6735838055610657
3591,6,3,0,0.5377270579338074
3592,7,2,0,0.7282545566558838
3593,2,2,1,0.47451281547546387
3594,3,3,1,0.6823840141296387
3595,2,0,0,0.6293290257453918
3596,2,2,1,0.803805410861969
3597,6,3,0,0.6850658059120178
3598,2,8,0,0.4638881981372833
3599,7,1,0,0.48367419838905334
3600,4,2,0,0.49294209480285645
3601,0,2,0,0.6104230284690857
3602,3,3,1,0.6319388151168823
3603,6,2,0,0.5146472454071045
3604,2,8,0,0.6583083868026733
3605,6,3,0,0.7526810765266418
3606,3,3,1,0.4534912705421448
3607,3,2,0,0.502667248249054
3608,0,3,0,0.7138555645942688
3609,9,0,0,0.5035116076469421
3610,5,3,0,0.7862200140953064
3611,1,0,0,0.7316517233848572
3612,1,1,1,0.503460705280304
3613,5,2,0,0.7989788055419922
3614,3,3,1,0.5814798474311829
3615,6,8,0,0.5852360129356384
3616,4,2,0,0.6861074566841125
3617,3,3,1,0.8026773929595947
3618,4,2,0,0.7148704528808594
3619,1,2,0,0.4336479604244232
3620,0,3,0,0.6154397130012512
3621,4,0,0,0.5970944166183472
3622,5,3,0,0.6417677998542786
3623,5,2,0,0.7729126811027527
3624,2,3,0,0.6219322681427002
3625,8,3,0,0.47687503695487976
3626,9,3,0,0.49066394567489624
3627,4,2,0,0.825857400894165
3628,3,3,1,0.8637582659721375
3629,1,9,0,0.5964425206184387
3630,8,3,0,0.49916818737983704
3631,0,3,0,0.7341687679290771
3632,1,3,0,0.6333081722259521
3633,3,3,1,0.5608277320861816
3634,3,9,0,0.522918164730072
3635,4,3,0,0.6654654145240784
3636,4,0,0,0.7048436403274536
3637,2,0,0,0.5749586820602417
3638,9,3,0,0.49480506777763367
3639,7,0,0,0.43806740641593933
3640,6,2,0,0.5785864591598511
3641,8,3,0,0.7315006852149963
3642,1,2,0,0.7944110035896301
3643,8,3,0,0.5938353538513184
3644,9,3,0,0.6374800801277161
3645,1,2,0,0.6659589409828186
3646,3,3,1,0.555880069732666
3647,1,8,0,0.5593328475952148
3648,7,3,0,0.6758791208267212
3649,3,2,0,0.6220360398292542
3650,0,2,0,0.775276780128479
3651,0,3,0,0.5521177053451538
3652,2,0,0,0.807059645652771
3653,8,2,0,0.47803255915641785
3654,3,2,0,0.8232038021087646
3655,9,2,0,0.6238145232200623
3656,2,2,1,0.5496734380722046
3657,7,6,0,0.5512206554412842
3658,2,2,1,0.45635151863098145
3659,6,0,0,0.5998069643974304
3660,0,2,0,0.658410370349884
3661,1,3,0,0.582256555557251
3662,6,2,0,0.6965616345405579
3663,1,3,0,0.6019668579101562
3664,6,2,0,0.5944953560829163
3665,7,3,0,0.4625924229621887
3666,5,3,0,0.7531552910804749
3667,5,2,0,0.7831838130950928
3668,2,3,0,0.5668817758560181
3669,5,3,0,0.5517113208770752
3670,9,6,0,0.2769109010696411
3671,4,3,0,0.551054060459137
3672,0,0,1,0.45400846004486084
3673,2,0,0,0.6389542818069458
3674,3,2,0,0.6410368084907532
3675,4,2,0,0.6214531660079956
3676,9,3,0,0.8645365238189697
3677,4,2,0,0.781138002872467
3678,1,3,0,0.6354962587356567
3679,0,3,0,0.7668560743331909
3680,0,0,1,0.40953850746154785
3681,2,3,0,0.5571224689483643
3682,3,2,0,0.5705558061599731
3683,8,2,0,0.5431163907051086
3684,9,3,0,0.5143887400627136
3685,2,2,1,0.6849170923233032
3686,8,2,0,0.4964912235736847
3687,9,2,0,0.6452853679656982
3688,5,2,0,0.5793960690498352
3689,7,2,0,0.7726678848266602
3690,9,3,0,0.5069742798805237
3691,1,3,0,0.7422352433204651
3692,4,3,0,0.8021472692489624
3693,6,0,0,0.8266173005104065
3694,2,2,1,0.7076523900032043
3695,8,0,0,0.414092481136322
3696,4,2,0,0.7930879592895508
3697,4,2,0,0.754587709903717
3698,8,2,0,0.3849804997444153
3699,9,3,0,0.6115996241569519
3700,3,0,0,0.8218980431556702
3701,1,3,0,0.6431480646133423
3702,1,2,0,0.38522934913635254
3703,6,2,0,0.4682175815105438
3704,5,2,0,0.5615822076797485
3705,8,3,0,0.8348499536514282
3706,4,2,0,0.6913700699806213
3707,6,2,0,0.702414870262146
3708,4,2,0,0.5813032388687134
3709,5,3,0,0.8872109651565552
3710,2,2,1,0.523526132106781
3711,6,3,0,0.5685833096504211
3712,4,2,0,0.5170902013778687
3713,2,2,1,0.4894710183143616
3714,3,3,1,0.8660696148872375
3715,1,6,0,0.3596349358558655
3716,3,3,1,0.3936525285243988
3717,6,3,0,0.6122400760650635
3718,8,3,0,0.6331073641777039
3719,5,2,0,0.6537752747535706
3720,2,6,0,0.49982309341430664
3721,2,3,0,0.513155460357666
3722,7,3,0,0.7262824773788452
3723,1,2,0,0.6934558153152466
3724,6,2,0,0.7512395977973938
3725,2,2,1,0.566364049911499
3726,5,2,0,0.736993134021759
3727,9,6,0,0.5525063276290894
3728,2,3,0,0.7938134670257568
3729,8,2,0,0.4417541027069092
3730,1,3,0,0.6375488042831421
3731,6,3,0,0.6524108648300171
3732,9,0,0,0.42126527428627014
3733,2,0,0,0.4666692912578583
3734,7,3,0,0.5936156511306763
3735,5,0,0,0.5385937690734863
3736,3,6,0,0.6361998915672302
3737,2,2,1,0.4430725574493408
3738,9,2,0,0.569475531578064
3739,7,2,0,0.47959867119789124
3740,0,2,0,0.9057185649871826
3741,2,8,0,0.726611316204071
3742,9,2,0,0.5345469117164612
3743,3,3,1,0.5255812406539917
3744,4,3,0,0.7788775563240051
3745,1,3,0,0.6231610178947449
3746,7,2,0,0.6306679248809814
3747,9,3,0,0.7623462080955505
3748,5,3,0,0.4899715185165405
3749,8,2,0,0.9156758189201355
3750,9,2,0,0.7661852240562439
3751,7,2,0,0.72177654504776
3752,3,3,1,0.7187628149986267
3753,4,0,0,0.6030799150466919
3754,0,2,0,0.7100337147712708
3755,9,3,0,0.6952245831489563
3756,7,0,0,0.42768019437789917
3757,4,3,0,0.6337082386016846
3758,2,3,0,0.5828624963760376
3759,4,2,0,0.5181512236595154
3760,7,2,0,0.7406493425369263
3761,0,2,0,0.5127794742584229
3762,1,3,0,0.6286903023719788
3763,8,0,0,0.42426061630249023
3764,1,2,0,0.5691239237785339
3765,0,3,0,0.5631892085075378
3766,4,3,0,0.6610783934593201
3767,6,2,0,0.8440324664115906
3768,1,3,0,0.4335079789161682
3769,9,2,0,0.7424893975257874
3770,9,8,0,0.44871407747268677
3771,2,2,1,0.6511963605880737
3772,1,3,0,0.653964638710022
3773,2,3,0,0.5383378863334656
3774,5,3,0,0.6843515634536743
3775,6,2,0,0.4926787316799164
3776,9,3,0,0.722869336605072
3777,7,3,0,0.3566511571407318
3778,7,2,0,0.673363447189331
3779,3,3,1,0.4898042380809784
3780,4,2,0,0.5780633091926575
3781,2,3,0,0.6436828374862671
3782,0,2,0,0.7879900932312012
3783,2,0,0,0.5181779861450195
3784,5,5,1,0.3819378912448883
3785,6,1,0,0.5796734094619751
3786,7,6,0,0.4962409436702728
3787,3,2,0,0.5956888794898987
3788,7,2,0,0.6980023980140686
3789,9,3,0,0.5955564975738525
3790,4,3,0,0.7232084274291992
3791,2,0,0,0.582958996295929
3792,0,8,0,0.6730552911758423
3793,6,0,0,0.34436461329460144
3794,1,2,0,0.838771402835846
3795,7,3,0,0.7681332230567932
3796,5,3,0,0.7185363173484802
3797,6,0,0,0.41768696904182434
3798,5,3,0,0.756870687007904
3799,3,3,1,0.5116780996322632
3800,9,3,0,0.5845859050750732
3801,2,0,0,0.7838403582572937
3802,7,2,0,0.7539303302764893
3803,8,2,0,0.7030447125434875
3804,5,3,0,0.6439256072044373
3805,9,2,0,0.47960364818573
3806,5,2,0,0.7851057052612305
3807,8,5,0,0.6069238185882568
3808,5,8,0,0.8277934789657593
3809,4,2,0,0.451312392950058
3810,3,2,0,0.8005707859992981
3811,7,2,0,0.5878304243087769
3812,9,5,0,0.4256533682346344
3813,8,2,0,0.6795474886894226
3814,1,3,0,0.7183306217193604
3815,2,2,1,0.8498448133468628
3816,2,0,0,0.4522242844104767
3817,8,2,0,0.5756638646125793
3818,9,3,0,0.5298058390617371
3819,3,3,1,0.6434135437011719
3820,0,0,1,0.5810675621032715
3821,8,3,0,0.47737476229667664
3822,4,8,0,0.4514329433441162
3823,0,7,0,0.49010321497917175
3824,2,3,0,0.6024354100227356
3825,0,3,0,0.6335634589195251
3826,1,3,0,0.4737238883972168
3827,4,2,0,0.2747313976287842
3828,1,3,0,0.4944699704647064
3829,8,2,0,0.6972270011901855
3830,5,3,0,0.8134961724281311
3831,5,2,0,0.6612519025802612
3832,7,2,0,0.7252508997917175
3833,9,2,0,0.6669824719429016
3834,8,2,0,0.5675418972969055
3835,3,2,0,0.7892380952835083
3836,7,4,0,0.47109657526016235
3837,9,2,0,0.8407531976699829
3838,1,3,0,0.6478403210639954
3839,5,8,0,0.417322039604187
3840,6,3,0,0.5855099558830261
3841,9,8,0,0.35040271282196045
3842,8,3,0,0.7734129428863525
3843,7,3,0,0.5239468216896057
3844,2,2,1,0.7988162040710449
3845,0,2,0,0.7061989307403564
3846,9,3,0,0.6425288915634155
3847,0,2,0,0.47928568720817566
3848,8,2,0,0.581062376499176
3849,5,2,0,0.6233766674995422
3850,9,8,0,0.35052549839019775
3851,4,2,0,0.5821571350097656
3852,2,3,0,0.603708028793335
3853,9,2,0,0.6529523134231567
3854,8,3,0,0.5656765103340149
3855,1,3,0,0.6078299880027771
3856,9,3,0,0.7303572297096252
3857,1,2,0,0.6214381456375122
3858,8,2,0,0.5115498900413513
3859,3,2,0,0.4834989309310913
3860,7,8,0,0.46936434507369995
3861,6,3,0,0.5538859963417053
3862,4,2,0,0.6931467056274414
3863,2,0,0,0.7378490567207336
3864,3,2,0,0.6327205300331116
3865,7,3,0,0.45975473523139954
3866,0,3,0,0.6505056619644165
3867,3,3,1,0.8538994193077087
3868,5,2,0,0.4509665369987488
3869,8,3,0,0.6422005295753479
3870,8,0,0,0.689618706703186
3871,8,3,0,0.512076735496521
3872,7,2,0,0.5578965544700623
3873,9,2,0,0.6890040636062622
3874,6,3,0,0.6914598941802979
3875,2,1,0,0.4422242045402527
3876,7,3,0,0.8136264085769653
3877,4,2,0,0.543349027633667
3878,5,3,0,0.7442430853843689
3879,7,2,0,0.6113693714141846
3880,6,2,0,0.7063551545143127
3881,7,3,0,0.39869409799575806
3882,1,2,0,0.5405728220939636
3883,7,2,0,0.5966897010803223
3884,3,3,1,0.619440495967865
3885,6,2,0,0.4032721519470215
3886,8,3,0,0.6697019338607788
3887,2,2,1,0.6186478734016418
3888,6,3,0,0.5715492367744446
3889,6,3,0,0.4663750231266022
3890,7,3,0,0.4453025460243225
3891,1,0,0,0.5607125759124756
3892,5,2,0,0.5218563079833984
3893,9,0,0,0.6191955208778381
3894,7,0,0,0.40455886721611023
3895,1,2,0,0.9059388637542725
3896,7,2,0,0.5640535950660706
3897,0,2,0,0.5126768350601196
3898,1,2,0,0.655367374420166
3899,6,6,1,0.606906533241272
3900,3,8,0,0.36091893911361694
3901,3,3,1,0.5059341788291931
3902,9,6,0,0.5803287029266357
3903,0,3,0,0.4773865342140198
3904,1,3,0,0.7701957821846008
3905,2,3,0,0.4267843961715698
3906,3,0,0,0.6566676497459412
3907,2,3,0,0.7389426827430725
3908,2,2,1,0.7377005219459534
3909,5,3,0,0.6467853784561157
3910,4,3,0,0.6710222363471985
3911,9,3,0,0.536593496799469
3912,8,2,0,0.46930673718452454
3913,7,3,0,0.33733031153678894
3914,4,3,0,0.48220348358154297
3915,4,2,0,0.8134544491767883
3916,9,2,0,0.4797384738922119
3917,7,3,0,0.44382327795028687
3918,6,2,0,0.6305152177810669
3919,7,8,0,0.45270535349845886
3920,7,2,0,0.8603377938270569
3921,1,2,0,0.5913382768630981
3922,2,6,0,0.6007774472236633
3923,3,0,0,0.5845518112182617
3924,5,2,0,0.7295867204666138
3925,1,2,0,0.8207138180732727
3926,9,3,0,0.5635576248168945
3927,0,0,1,0.7317572236061096
3928,3,3,1,0.8595947027206421
3929,3,3,1,0.5619189143180847
3930,1,3,0,0.7535106539726257
3931,5,2,0,0.7080647349357605
3932,6,3,0,0.7183125019073486
3933,6,2,0,0.412182480096817
3934,2,8,0,0.5719447135925293
3935,4,2,0,0.645082414150238
3936,6,2,0,0.6373875141143799
3937,8,5,0,0.4811278283596039
3938,8,2,0,0.526310384273529
3939,9,5,0,0.469986230134964
3940,6,3,0,0.7301506400108337
3941,6,2,0,0.7199738621711731
3942,1,2,0,0.5588839650154114
3943,0,8,0,0.4276618957519531
3944,7,3,0,0.7268181443214417
3945,5,3,0,0.6823713183403015
3946,8,0,0,0.5004474520683289
3947,2,3,0,0.5921095609664917
3948,1,2,0,0.5112566947937012
3949,5,3,0,0.5145630240440369
3950,8,3,0,0.7317609190940857
3951,1,8,0,0.6185917854309082
3952,4,0,0,0.5013163089752197
3953,7,2,0,0.840802013874054
3954,5,2,0,0.5847963690757751
3955,0,0,1,0.8500769138336182
3956,3,2,0,0.4000593423843384
3957,9,2,0,0.6123115420341492
3958,9,0,0,0.48573777079582214
3959,5,0,0,0.4739223122596741
3960,2,3,0,0.34225907921791077
3961,8,3,0,0.6058405041694641
3962,4,2,0,0.5654429793357849
3963,1,5,0,0.4442090690135956
3964,9,8,0,0.5164534449577332
3965,0,3,0,0.6956967115402222
3966,4,3,0,0.4164453446865082
3967,4,2,0,0.8596808314323425
3968,8,3,0,0.7075161337852478
3969,2,2,1,0.6075131297111511
3970,9,2,0,0.7277030348777771
3971,0,3,0,0.7443869709968567
3972,7,6,0,0.6266210079193115
3973,9,3,0,0.5321946740150452
3974,8,0,0,0.5129226446151733
3975,7,3,0,0.7417700290679932
3976,1,3,0,0.7574613690376282
3977,3,2,0,0.865935742855072
3978,2,3,0,0.5756146907806396
3979,9,3,0,0.6987773180007935
3980,9,2,0,0.7177321910858154
3981,5,2,0,0.610367476940155
3982,9,3,0,0.742817223072052
3983,7,2,0,0.4203643202781677
3984,6,3,0,0.5678838491439819
3985,7,0,0,0.548687219619751
3986,7,2,0,0.6558508276939392
3987,1,1,1,0.44682493805885315
3988,1,3,0,0.8028009533882141
3989,2,2,1,0.5188365578651428
3990,4,2,0,0.610216498374939
3991,2,2,1,0.5471288561820984
3992,0,2,0,0.7598746418952942
3993,6,2,0,0.6576073169708252
3994,8,2,0,0.41500747203826904
3995,7,0,0,0.3815475404262543
3996,6,0,0,0.44040608406066895
3997,2,2,1,0.48416849970817566
3998,2,2,1,0.7753018140792847
3999,9,2,0,0.8773517608642578
4000,8,1,0,0.6385627388954163
4001,2,3,0,0.6936485767364502
4002,4,3,0,0.7702631950378418
4003,2,2,1,0.5175225734710693
4004,0,3,0,0.6362287998199463
4005,5,3,0,0.4669796824455261
4006,8,2,0,0.6703230142593384
4007,6,3,0,0.6446707844734192
4008,8,2,0,0.6767489314079285
4009,2,3,0,0.5864986777305603
4010,7,2,0,0.729091227054596
4011,7,0,0,0.6362590193748474
4012,3,2,0,0.7004415988922119
4013,1,3,0,0.7829775810241699
4014,8,2,0,0.4870392084121704
4015,1,5,0,0.5554412603378296
4016,6,3,0,0.6315638422966003
4017,5,3,0,0.388259619474411
4018,9,2,0,0.585614025592804
4019,7,3,0,0.5058745741844177
4020,8,0,0,0.39480334520339966
4021,9,3,0,0.421949177980423
4022,6,3,0,0.6325942277908325
4023,4,3,0,0.8547406792640686
4024,8,0,0,0.4680714011192322
4025,1,3,0,0.6909991502761841
4026,9,2,0,0.603496789932251
4027,4,2,0,0.5320766568183899
4028,0,2,0,0.5490049719810486
4029,4,2,0,0.420401006937027
4030,1,2,0,0.4940424859523773
4031,4,0,0,0.4627992510795593
4032,3,3,1,0.9015803337097168
4033,6,2,0,0.7644113898277283
4034,2,3,0,0.586979329586029
4035,2,2,1,0.9018832445144653
4036,7,0,0,0.46797052025794983
4037,0,2,0,0.6235274076461792
4038,0,5,0,0.5172085762023926
4039,7,2,0,0.6523041725158691
4040,0,3,0,0.4796213209629059
4041,7,5,0,0.5846726298332214
4042,4,3,0,0.4837889075279236
4043,3,3,1,0.9044169783592224
4044,6,2,0,0.5245741605758667
4045,7,2,0,0.4476148188114166
4046,7,2,0,0.40557029843330383
4047,4,2,0,0.6809060573577881
4048,5,3,0,0.8034341931343079
4049,4,2,0,0.5304996967315674
4050,3,2,0,0.6712858080863953
4051,5,3,0,0.6706610321998596
4052,5,2,0,0.5998165011405945
4053,4,0,0,0.6002156138420105
4054,7,2,0,0.5996232628822327
4055,1,2,0,0.7404434084892273
4056,0,2,0,0.5379344820976257
4057,7,2,0,0.6560023427009583
4058,7,2,0,0.6690502166748047
4059,1,3,0,0.5162674188613892
4060,6,2,0,0.5838300585746765
4061,5,3,0,0.5239163041114807
4062,0,2,0,0.703022301197052
4063,7,0,0,0.6656986474990845
4064,7,1,0,0.45522937178611755
4065,4,3,0,0.6259728074073792
4066,6,3,0,0.5301032662391663
4067,1,1,1,0.43206626176834106
4068,8,2,0,0.8515112400054932
4069,5,2,0,0.5292484760284424
4070,9,5,0,0.5777553915977478
4071,3,6,0,0.6108859777450562
4072,5,3,0,0.6922662258148193
4073,6,3,0,0.5320621728897095
4074,2,3,0,0.6566373705863953
4075,2,2,1,0.5586684346199036
4076,7,0,0,0.7525948882102966
4077,3,6,0,0.631496787071228
4078,5,3,0,0.5698599815368652
4079,8,0,0,0.6478584408760071
4080,1,2,0,0.5977637767791748
4081,0,3,0,0.6566837430000305
4082,6,3,0,0.6729195713996887
4083,8,2,0,0.7709026336669922
4084,7,0,0,0.5550154447555542
4085,8,1,0,0.6747072339057922
4086,8,0,0,0.6720665693283081
4087,5,3,0,0.7902404069900513
4088,7,2,0,0.6676567792892456
4089,5,3,0,0.5911862254142761
4090,4,2,0,0.9078210592269897
4091,9,2,0,0.7203893065452576
4092,7,2,0,0.6360776424407959
4093,3,3,1,0.6311662793159485
4094,3,3,1,0.6492955088615417
4095,8,3,0,0.7618048191070557
4096,8,3,0,0.6095813512802124
4097,3,3,1,0.7647808790206909
4098,9,2,0,0.30365145206451416
4099,4,2,0,0.4548344910144806
4100,7,2,0,0.27856558561325073
4101,2,2,1,0.4777333438396454
4102,0,2,0,0.7873521447181702
4103,8,0,0,0.6530529260635376
4104,0,3,0,0.5188158750534058
4105,7,2,0,0.4028477072715759
4106,3,0,0,0.5236886739730835
4107,3,2,0,0.5457581281661987
4108,2,4,0,0.43183237314224243
4109,5,3,0,0.5766096115112305
4110,2,0,0,0.6848852038383484
4111,4,9,0,0.4888354241847992
4112,4,3,0,0.7555910348892212
4113,0,2,0,0.7474076747894287
4114,4,3,0,0.5813626646995544
4115,8,2,0,0.7280115485191345
4116,2,2,1,0.7299702763557434
4117,4,0,0,0.587273120880127
4118,0,3,0,0.5980203151702881
4119,6,3,0,0.9041091799736023
4120,4,8,0,0.3592109978199005
4121,5,3,0,0.34725421667099
4122,6,5,0,0.5430296659469604
4123,0,3,0,0.638905942440033
4124,8,3,0,0.482496440410614
4125,8,2,0,0.5328763723373413
4126,0,2,0,0.7447492480278015
4127,6,2,0,0.7145622968673706
4128,1,3,0,0.517026424407959
4129,1,2,0,0.5779221653938293
4130,6,2,0,0.7060693502426147
4131,1,2,0,0.5527523159980774
4132,4,2,0,0.7754537463188171
4133,2,3,0,0.7593647837638855
4134,1,3,0,0.5634562969207764
4135,1,2,0,0.4963430166244507
4136,2,2,1,0.7110024094581604
4137,4,2,0,0.6419754028320312
4138,4,2,0,0.6991119384765625
4139,5,3,0,0.7103893160820007
4140,5,2,0,0.6627222299575806
4141,8,3,0,0.6444129943847656
4142,8,3,0,0.6838766932487488
4143,5,3,0,0.8988668918609619
4144,1,0,0,0.5196284055709839
4145,8,0,0,0.47767749428749084
4146,2,3,0,0.7413704991340637
4147,3,2,0,0.7366771101951599
4148,3,2,0,0.8740944266319275
4149,9,3,0,0.7696688771247864
4150,6,2,0,0.751089870929718
4151,6,2,0,0.7649661898612976
4152,5,2,0,0.6238203048706055
4153,0,0,1,0.40703085064888
4154,7,0,0,0.7576014995574951
4155,3,0,0,0.6027703881263733
4156,3,3,1,0.7699979543685913
4157,2,2,1,0.6918115019798279
4158,7,2,0,0.6581354737281799
4159,4,2,0,0.6932129263877869
4160,5,2,0,0.5979286432266235
4161,6,5,0,0.45647019147872925
4162,0,2,0,0.7167449593544006
4163,2,8,0,0.4571024179458618
4164,1,2,0,0.7843390107154846
4165,8,0,0,0.643451988697052
4166,1,2,0,0.6429576277732849
4167,0,6,0,0.3318694829940796
4168,9,3,0,0.41899651288986206
4169,3,3,1,0.9394603371620178
4170,1,3,0,0.5676108002662659
4171,0,2,0,0.5790880918502808
4172,5,2,0,0.7098305225372314
4173,4,2,0,0.574877917766571
4174,2,3,0,0.7305134534835815
4175,3,6,0,0.5525246858596802
4176,3,3,1,0.753001868724823
4177,6,3,0,0.7614505290985107
4178,7,2,0,0.8255428671836853
4179,6,2,0,0.706034779548645
4180,0,3,0,0.5719932317733765
4181,0,2,0,0.6934416890144348
4182,5,3,0,0.3839012682437897
4183,7,3,0,0.5348948240280151
4184,4,2,0,0.6501296758651733
4185,7,3,0,0.43364253640174866
4186,7,2,0,0.7437151670455933
4187,0,2,0,0.5773789286613464
4188,6,3,0,0.564172089099884
4189,1,3,0,0.6854016184806824
4190,3,2,0,0.7074025273323059
4191,9,5,0,0.48005619645118713
4192,0,5,0,0.31391245126724243
4193,9,2,0,0.38935422897338867
4194,0,0,1,0.3723635673522949
4195,3,3,1,0.4743722975254059
4196,8,3,0,0.30929455161094666
4197,4,3,0,0.867631733417511
4198,8,2,0,0.731427788734436
4199,8,3,0,0.6501182913780212
4200,4,2,0,0.5613118410110474
4201,1,2,0,0.7521383762359619
4202,0,0,1,0.43890565633773804
4203,2,2,1,0.7333281636238098
4204,2,2,1,0.5325837731361389
4205,4,0,0,0.36787500977516174
4206,1,8,0,0.35884493589401245
4207,1,2,0,0.9034427404403687
4208,2,3,0,0.4629512429237366
4209,4,3,0,0.5145886540412903
4210,3,3,1,0.705643892288208
4211,4,3,0,0.508189857006073
4212,1,3,0,0.780378520488739
4213,4,3,0,0.4581507742404938
4214,7,2,0,0.5017298460006714
4215,1,2,0,0.7814725637435913
4216,0,3,0,0.5867621302604675
4217,0,2,0,0.5388312339782715
4218,9,2,0,0.3319755494594574
4219,0,0,1,0.40293702483177185
4220,4,0,0,0.5418840646743774
4221,2,0,0,0.42721882462501526
4222,8,0,0,0.6391103863716125
4223,8,8,1,0.6414198875427246
4224,5,3,0,0.4195130169391632
4225,5,2,0,0.8386878967285156
4226,0,0,1,0.7049447298049927
4227,4,3,0,0.759629487991333
4228,0,0,1,0.6571707725524902
4229,8,0,0,0.3766556680202484
4230,6,2,0,0.7807023525238037
4231,2,3,0,0.7315950989723206
4232,5,0,0,0.5563075542449951
4233,9,2,0,0.6735545992851257
4234,2,3,0,0.5120134949684143
4235,9,2,0,0.7003065347671509
4236,1,5,0,0.5510344505310059
4237,1,5,0,0.46409526467323303
4238,5,2,0,0.7777400612831116
4239,4,2,0,0.5528343319892883
4240,7,2,0,0.7800782918930054
4241,5,3,0,0.6359781622886658
4242,8,4,0,0.44283217191696167
4243,6,3,0,0.520182728767395
4244,2,1,0,0.4101008176803589
4245,1,2,0,0.42492401599884033
4246,5,2,0,0.5457867383956909
4247,5,3,0,0.7951465845108032
4248,3,3,1,0.515728235244751
4249,4,3,0,0.550976037979126
4250,1,2,0,0.7672879099845886
4251,8,3,0,0.6348357200622559
4252,9,2,0,0.47310638427734375
4253,9,3,0,0.483336478471756
4254,8,3,0,0.5989497900009155
4255,9,2,0,0.7940479516983032
4256,8,6,0,0.5985449552536011
4257,6,3,0,0.5523598194122314
4258,8,3,0,0.4819212555885315
4259,5,3,0,0.8318546414375305
4260,8,3,0,0.5614597797393799
4261,9,0,0,0.6420940160751343
4262,4,3,0,0.613410234451294
4263,6,2,0,0.6717365980148315
4264,2,2,1,0.6134705543518066
4265,6,2,0,0.5315338969230652
4266,3,3,1,0.5010544657707214
4267,7,3,0,0.48144960403442383
4268,4,3,0,0.43034878373146057
4269,0,2,0,0.8046703934669495
4270,0,0,1,0.4508633017539978
4271,1,2,0,0.6640337705612183
4272,7,2,0,0.7065795660018921
4273,5,3,0,0.47303450107574463
4274,1,2,0,0.6329033970832825
4275,5,2,0,0.8218345046043396
4276,9,3,0,0.6417080163955688
4277,3,2,0,0.5652015805244446
4278,1,3,0,0.7381774187088013
4279,6,3,0,0.58404940366745
4280,8,2,0,0.8270302414894104
4281,7,3,0,0.5276378989219666
4282,3,3,1,0.7710007429122925
4283,6,2,0,0.49573826789855957
4284,9,3,0,0.721525251865387
4285,1,2,0,0.7703124284744263
4286,2,0,0,0.545139491558075
4287,0,9,0,0.5118005871772766
4288,1,3,0,0.6418378949165344
4289,7,2,0,0.5013198852539062
4290,2,5,0,0.5923221111297607
4291,6,2,0,0.6743836402893066
4292,1,3,0,0.5823360085487366
4293,9,2,0,0.8077633380889893
4294,0,2,0,0.7703691720962524
4295,0,2,0,0.6055909395217896
4296,8,2,0,0.6013979315757751
4297,9,2,0,0.7448049783706665
4298,9,0,0,0.2191617637872696
4299,2,1,0,0.31561896204948425
4300,8,3,0,0.7009427547454834
4301,6,2,0,0.8499964475631714
4302,2,2,1,0.8396446704864502
4303,5,2,0,0.42711958289146423
4304,6,3,0,0.5111328363418579
4305,0,2,0,0.5173633694648743
4306,3,3,1,0.5137627720832825
4307,3,2,0,0.7098126411437988
4308,0,3,0,0.47845715284347534
4309,7,2,0,0.4060431122779846
4310,4,2,0,0.4725404977798462
4311,7,2,0,0.41670525074005127
4312,5,2,0,0.5521048903465271
4313,0,2,0,0.7333465218544006
4314,1,2,0,0.5347010493278503
4315,6,0,0,0.4608629643917084
4316,8,2,0,0.6823549270629883
4317,8,2,0,0.4922599196434021
4318,1,3,0,0.8037402033805847
4319,2,2,1,0.6285244226455688
4320,1,3,0,0.4386838972568512
4321,5,3,0,0.6873813271522522
4322,4,2,0,0.6053338646888733
4323,5,2,0,0.7439266443252563
4324,9,2,0,0.6333844065666199
4325,6,2,0,0.5544490814208984
4326,7,2,0,0.38411104679107666
4327,1,2,0,0.542284369468689
4328,0,0,1,0.7225404977798462
4329,6,3,0,0.6432197690010071
4330,9,3,0,0.8701623678207397
4331,2,4,0,0.3716416358947754
4332,7,2,0,0.8175075650215149
4333,7,1,0,0.4377448260784149
4334,3,0,0,0.47821447253227234
4335,9,3,0,0.49941539764404297
4336,9,3,0,0.5346342325210571
4337,1,8,0,0.3833117187023163
4338,9,2,0,0.6085509061813354
4339,7,2,0,0.6568055152893066
4340,0,0,1,0.4006299376487732
4341,1,2,0,0.6153311133384705
4342,3,6,0,0.6100754141807556
4343,5,3,0,0.6119293570518494
4344,4,3,0,0.6432049870491028
4345,6,2,0,0.3701205849647522
4346,3,2,0,0.8252946734428406
4347,8,2,0,0.8450973033905029
4348,8,2,0,0.5689941644668579
4349,0,2,0,0.6338208913803101
4350,4,6,0,0.5257509350776672
4351,8,3,0,0.29412126541137695
4352,3,2,0,0.5154767036437988
4353,6,2,0,0.8792182803153992
4354,7,3,0,0.6194835901260376
4355,0,3,0,0.6455631852149963
4356,0,0,1,0.7395285367965698
4357,4,3,0,0.7372334003448486
4358,5,3,0,0.7886447906494141
4359,2,1,0,0.6631382703781128
4360,6,3,0,0.649799108505249
4361,8,2,0,0.42608094215393066
4362,4,2,0,0.8657311201095581
4363,9,2,0,0.5498846769332886
4364,9,3,0,0.7528898119926453
4365,9,3,0,0.4976779520511627
4366,2,2,1,0.7209134697914124
4367,0,2,0,0.8527615666389465
4368,4,3,0,0.5621325969696045
4369,2,3,0,0.5534205436706543
4370,8,1,0,0.5224161744117737
4371,1,3,0,0.48078933358192444
4372,1,1,1,0.6462691426277161
4373,0,2,0,0.7938935160636902
4374,0,3,0,0.5180104374885559
4375,3,2,0,0.4565277695655823
4376,7,3,0,0.6701688170433044
4377,4,2,0,0.8192234039306641
4378,1,2,0,0.4888210892677307
4379,1,3,0,0.8395876884460449
4380,9,3,0,0.7422043085098267
4381,7,0,0,0.47045567631721497
4382,7,2,0,0.5283586978912354
4383,4,0,0,0.4652758836746216
4384,6,3,0,0.5576081871986389
4385,8,2,0,0.6219813823699951
4386,6,2,0,0.5341851115226746
4387,0,0,1,0.6989787817001343
4388,2,3,0,0.6682619452476501
4389,8,5,0,0.47145944833755493
4390,5,3,0,0.8255547881126404
4391,3,3,1,0.6425291895866394
4392,5,6,0,0.6304396986961365
4393,3,2,0,0.7685472965240479
4394,5,3,0,0.6571130752563477
4395,7,8,0,0.37135741114616394
4396,9,0,0,0.4315551519393921
4397,8,2,0,0.6452934145927429
4398,4,2,0,0.6737865209579468
4399,4,2,0,0.6859580278396606
4400,3,2,0,0.5677902102470398
4401,1,3,0,0.7184202671051025
4402,4,2,0,0.6593673825263977
4403,8,2,0,0.7570841908454895
4404,3,3,1,0.4857904314994812
4405,6,1,0,0.538824737071991
4406,5,2,0,0.517332136631012
4407,3,3,1,0.8069518208503723
4408,0,2,0,0.6189485192298889
4409,8,8,1,0.4815046191215515
4410,9,2,0,0.6533452272415161
4411,5,5,1,0.6268023252487183
4412,7,2,0,0.6341015696525574
4413,6,3,0,0.7151768803596497
4414,2,3,0,0.7784375548362732
4415,0,0,1,0.5528060793876648
4416,4,2,0,0.7459967732429504
4417,9,3,0,0.6342733502388
4418,9,3,0,0.7048609256744385
4419,0,8,0,0.37103986740112305
4420,5,1,0,0.4859667718410492
4421,2,3,0,0.6023719310760498
4422,3,2,0,0.7437964081764221
4423,6,3,0,0.5739562511444092
4424,1,3,0,0.6253582239151001
4425,1,3,0,0.7691536545753479
4426,0,2,0,0.5641340613365173
4427,2,2,1,0.597041666507721
4428,8,0,0,0.7065353393554688
4429,2,2,1,0.7795941233634949
4430,1,3,0,0.4717099666595459
4431,1,3,0,0.8595800399780273
4432,7,3,0,0.6386522650718689
4433,5,2,0,0.6196241974830627
4434,2,2,1,0.31168094277381897
4435,3,3,1,0.3553916811943054
4436,4,3,0,0.5903287529945374
4437,1,3,0,0.7262405753135681
4438,2,2,1,0.6438866853713989
4439,9,3,0,0.43690013885498047
4440,2,3,0,0.6284668445587158
4441,1,3,0,0.6305087208747864
4442,3,3,1,0.5330814719200134
4443,4,5,0,0.5528584122657776
4444,8,0,0,0.6126668453216553
4445,9,8,0,0.46089667081832886
4446,0,3,0,0.6305768489837646
4447,0,3,0,0.5736566781997681
4448,4,2,0,0.5079972743988037
4449,9,2,0,0.5104714632034302
4450,0,3,0,0.403984397649765
4451,2,2,1,0.808269202709198
4452,2,2,1,0.48823437094688416
4453,0,2,0,0.7445257306098938
4454,6,1,0,0.41139036417007446
4455,8,5,0,0.5763289928436279
4456,7,3,0,0.5685917735099792
4457,3,2,0,0.8319235444068909
4458,3,3,1,0.6634035110473633
4459,8,5,0,0.6032881736755371
4460,9,8,0,0.7201359868049622
4461,0,2,0,0.7778633832931519
4462,2,3,0,0.6253157258033752
4463,5,3,0,0.47852224111557007
4464,3,2,0,0.6501398682594299
4465,6,3,0,0.7237626314163208
4466,1,3,0,0.3634050488471985
4467,3,3,1,0.6686722636222839
4468,9,3,0,0.4507216215133667
4469,5,2,0,0.5958537459373474
4470,0,2,0,0.6799769401550293
4471,5,2,0,0.6011824011802673
4472,4,3,0,0.6764737367630005
4473,4,0,0,0.5525515079498291
4474,0,3,0,0.5779752731323242
4475,1,3,0,0.6128118634223938
4476,1,2,0,0.5216582417488098
4477,6,3,0,0.40477004647254944
4478,1,3,0,0.5496490597724915
4479,7,3,0,0.6479055285453796
4480,9,3,0,0.6658137440681458
4481,9,3,0,0.7451392412185669
4482,6,3,0,0.7411742806434631
4483,2,0,0,0.4166983366012573
4484,4,1,0,0.602321982383728
4485,3,3,1,0.5219241976737976
4486,8,5,0,0.6562461853027344
4487,3,3,1,0.6609671115875244
4488,4,3,0,0.7276275157928467
4489,7,2,0,0.5241321921348572
4490,0,2,0,0.5707799196243286
4491,2,2,1,0.589884340763092
4492,8,3,0,0.5572468042373657
4493,4,8,0,0.342483252286911
4494,8,0,0,0.7536552548408508
4495,3,2,0,0.6679571866989136
4496,8,3,0,0.6803382039070129
4497,8,2,0,0.48944124579429626
4498,8,8,1,0.43512970209121704
4499,3,2,0,0.8954043984413147
4500,3,2,0,0.42672890424728394
4501,5,3,0,0.6142092943191528
4502,7,3,0,0.6365990042686462
4503,7,3,0,0.6042901873588562
4504,0,3,0,0.5668209791183472
4505,4,3,0,0.7567808628082275
4506,1,2,0,0.8131844997406006
4507,5,2,0,0.40653103590011597
4508,9,3,0,0.7277672290802002
4509,7,0,0,0.546918511390686
4510,0,8,0,0.49503201246261597
4511,6,2,0,0.8413329720497131
4512,8,2,0,0.5436916351318359
4513,4,3,0,0.5233994126319885
4514,9,2,0,0.44345611333847046
4515,0,2,0,0.6872460842132568
4516,1,2,0,0.692022979259491
4517,8,0,0,0.7149559259414673
4518,9,3,0,0.5618827939033508
4519,6,2,0,0.811776340007782
4520,3,3,1,0.658623218536377
4521,9,2,0,0.6647297143936157
4522,2,0,0,0.8096038103103638
4523,4,3,0,0.5347911715507507
4524,4,3,0,0.6411126255989075
4525,0,8,0,0.4889727234840393
4526,3,3,1,0.5353426337242126
4527,3,2,0,0.657895028591156
4528,5,2,0,0.5845280289649963
4529,4,3,0,0.7740048170089722
4530,5,5,1,0.5178968906402588
4531,1,9,0,0.518105149269104
4532,1,1,1,0.6349947452545166
4533,8,3,0,0.7107448577880859
4534,2,8,0,0.47826528549194336
4535,2,2,1,0.5750726461410522
4536,9,3,0,0.45131808519363403
4537,3,3,1,0.7658509612083435
4538,7,3,0,0.7106541395187378
4539,8,3,0,0.6120385527610779
4540,9,2,0,0.5931310653686523
4541,2,2,1,0.6746398210525513
4542,3,1,0,0.4007209837436676
4543,1,2,0,0.6803951263427734
4544,7,3,0,0.5588143467903137
4545,3,2,0,0.5361984968185425
4546,2,0,0,0.751254677772522
4547,3,3,1,0.46226075291633606
4548,0,0,1,0.6998952031135559
4549,1,2,0,0.5972075462341309
4550,9,3,0,0.7367430925369263
4551,5,3,0,0.5837376117706299
4552,5,3,0,0.43820837140083313
4553,3,3,1,0.600668728351593
4554,4,3,0,0.417368084192276
4555,5,3,0,0.5674936771392822
4556,2,2,1,0.6428055763244629
4557,0,2,0,0.7698733806610107
4558,0,2,0,0.6042758822441101
4559,3,1,0,0.4241030216217041
4560,1,2,0,0.6806944012641907
4561,3,1,0,0.35074368119239807
4562,4,2,0,0.8841241598129272
4563,7,2,0,0.6112962961196899
4564,4,2,0,0.8302518129348755
4565,2,2,1,0.6489191055297852
4566,8,0,0,0.5153545141220093
4567,4,2,0,0.791124701499939
4568,8,0,0,0.5165785551071167
4569,9,3,0,0.41837674379348755
4570,9,2,0,0.7583078742027283
4571,4,0,0,0.37754276394844055
4572,2,2,1,0.6762927174568176
4573,4,2,0,0.8820616006851196
4574,3,3,1,0.3755350112915039
4575,6,2,0,0.8992190957069397
4576,4,3,0,0.7726432681083679
4577,6,2,0,0.7311819791793823
4578,4,2,0,0.4465036690235138
4579,6,3,0,0.6657917499542236
4580,6,2,0,0.5102137923240662
4581,3,0,0,0.5058243870735168
4582,8,3,0,0.7759701013565063
4583,7,2,0,0.5448060631752014
4584,4,2,0,0.5897283554077148
4585,8,2,0,0.6419232487678528
4586,0,0,1,0.5856098532676697
4587,5,2,0,0.7090018391609192
4588,9,3,0,0.4807089865207672
4589,3,2,0,0.811450183391571
4590,9,8,0,0.47876325249671936
4591,0,0,1,0.7194730043411255
4592,7,3,0,0.6610774993896484
4593,5,3,0,0.6932314038276672
4594,1,2,0,0.5400679707527161
4595,9,2,0,0.7989839911460876
4596,7,2,0,0.657407283782959
4597,9,5,0,0.5886921882629395
4598,1,2,0,0.6608359813690186
4599,8,2,0,0.35036587715148926
4600,4,2,0,0.8386396765708923
4601,2,2,1,0.7881266474723816
4602,1,3,0,0.592090904712677
4603,6,3,0,0.6617097854614258
4604,4,3,0,0.6355088353157043
4605,3,2,0,0.6529570817947388
4606,0,2,0,0.9114704728126526
4607,1,2,0,0.46344617009162903
4608,4,0,0,0.5727317929267883
4609,8,8,1,0.4154752790927887
4610,6,2,0,0.42855146527290344
4611,1,2,0,0.40102827548980713
4612,7,3,0,0.6152694225311279
4613,1,2,0,0.862673282623291
4614,3,2,0,0.628261148929596
4615,5,8,0,0.46490004658699036
4616,4,2,0,0.6278995871543884
4617,3,3,1,0.6941836476325989
4618,3,8,0,0.3814559876918793
4619,9,2,0,0.47759321331977844
4620,7,3,0,0.5571712255477905
4621,8,0,0,0.7711805105209351
4622,2,2,1,0.7582113146781921
4623,5,3,0,0.742824375629425
4624,5,5,1,0.602272629737854
4625,4,3,0,0.7136281132698059
4626,5,2,0,0.5170221924781799
4627,4,3,0,0.6376186609268188
4628,5,2,0,0.44583582878112793
4629,7,2,0,0.7552206516265869
4630,2,3,0,0.574894905090332
4631,5,3,0,0.7981427907943726
4632,5,2,0,0.7912702560424805
4633,1,3,0,0.6230373978614807
4634,7,3,0,0.696014404296875
4635,7,3,0,0.7103771567344666
4636,8,2,0,0.6878376007080078
4637,3,3,1,0.34602856636047363
4638,6,3,0,0.6636213064193726
4639,0,0,1,0.686879575252533
4640,2,2,1,0.4391108751296997
4641,5,3,0,0.721738874912262
4642,2,0,0,0.8122532963752747
4643,3,3,1,0.7450504302978516
4644,7,3,0,0.670359194278717
4645,4,0,0,0.7792152762413025
4646,2,2,1,0.652518093585968
4647,1,3,0,0.574780285358429
4648,6,3,0,0.7721599340438843
4649,8,2,0,0.5869661569595337
4650,6,1,0,0.4623304605484009
4651,8,2,0,0.3722536861896515
4652,3,3,1,0.5722241997718811
4653,2,2,1,0.613455057144165
4654,7,2,0,0.799713134765625
4655,7,3,0,0.7954527139663696
4656,9,2,0,0.733517050743103
4657,7,2,0,0.49025294184684753
4658,1,2,0,0.6453573107719421
4659,4,3,0,0.6534498333930969
4660,7,0,0,0.617302417755127
4661,4,2,0,0.633987307548523
4662,6,2,0,0.7712297439575195
4663,1,5,0,0.6183649897575378
4664,7,2,0,0.5419890284538269
4665,3,3,1,0.6649861335754395
4666,0,6,0,0.4456200897693634
4667,0,2,0,0.3145352303981781
4668,6,0,0,0.6027687191963196
4669,6,2,0,0.7328611612319946
4670,8,3,0,0.8077606558799744
4671,6,0,0,0.6001483798027039
4672,6,2,0,0.3132060170173645
4673,0,3,0,0.7083131074905396
4674,3,3,1,0.509327232837677
4675,4,3,0,0.6634423136711121
4676,7,2,0,0.6090108752250671
4677,4,3,0,0.7016133666038513
4678,9,0,0,0.6023662686347961
4679,4,0,0,0.6622021794319153
4680,9,0,0,0.6583154201507568
4681,9,2,0,0.6862576603889465
4682,3,0,0,0.5821947455406189
4683,4,3,0,0.5283737182617188
4684,1,3,0,0.5230836868286133
4685,4,2,0,0.618704617023468
4686,0,3,0,0.5189470052719116
4687,3,3,1,0.5319586396217346
4688,7,3,0,0.7132196426391602
4689,1,3,0,0.7339005470275879
4690,2,2,1,0.6577214002609253
4691,2,0,0,0.6578564643859863
4692,8,2,0,0.6523268818855286
4693,4,2,0,0.6773079037666321
4694,7,1,0,0.41848763823509216
4695,8,3,0,0.7897641062736511
4696,5,3,0,0.5766716003417969
4697,5,3,0,0.5667428970336914
4698,6,2,0,0.6263104677200317
4699,5,2,0,0.9104397296905518
4700,6,3,0,0.7806563377380371
4701,0,2,0,0.45080628991127014
4702,6,2,0,0.7991188764572144
4703,4,3,0,0.6347902417182922
4704,9,2,0,0.5853433609008789
4705,3,0,0,0.5641570091247559
4706,2,2,1,0.39521509408950806
4707,7,3,0,0.6495150923728943
4708,3,5,0,0.5995870232582092
4709,8,0,0,0.7226717472076416
4710,3,2,0,0.7856045365333557
4711,9,3,0,0.5254989862442017
4712,4,2,0,0.4588247537612915
4713,1,3,0,0.6223593354225159
4714,6,3,0,0.7748537063598633
4715,9,2,0,0.8302838802337646
4716,9,3,0,0.551177978515625
4717,4,8,0,0.3644089102745056
4718,3,4,0,0.6405919194221497
4719,9,3,0,0.5126734972000122
4720,8,2,0,0.6729069948196411
4721,1,3,0,0.6838904619216919
4722,6,2,0,0.5254359245300293
4723,9,3,0,0.6212971210479736
4724,5,0,0,0.4128435552120209
4725,9,2,0,0.5695890188217163
4726,0,2,0,0.8558268547058105
4727,9,2,0,0.6291053891181946
4728,7,2,0,0.3979637324810028
4729,2,3,0,0.46902626752853394
4730,2,3,0,0.649482011795044
4731,4,2,0,0.6541233062744141
4732,2,0,0,0.6754087805747986
4733,6,3,0,0.7905853390693665
4734,4,3,0,0.6848137378692627
4735,8,3,0,0.7491728663444519
4736,1,3,0,0.6186959743499756
4737,9,2,0,0.672817051410675
4738,5,1,0,0.3788365423679352
4739,6,3,0,0.6789312362670898
4740,5,2,0,0.6876060366630554
4741,1,2,0,0.8536708950996399
4742,8,2,0,0.5162093043327332
4743,6,3,0,0.8495191335678101
4744,6,3,0,0.7495805025100708
4745,7,2,0,0.7267416715621948
4746,6,3,0,0.5599706172943115
4747,5,2,0,0.9028809666633606
4748,0,2,0,0.621939480304718
4749,2,3,0,0.48656654357910156
4750,7,2,0,0.5803685784339905
4751,6,3,0,0.6165205836296082
4752,1,0,0,0.5109967589378357
4753,2,2,1,0.4370010793209076
4754,3,3,1,0.7153812050819397
4755,1,5,0,0.6784254312515259
4756,6,2,0,0.6731950640678406
4757,4,3,0,0.7298042178153992
4758,9,2,0,0.5739910006523132
4759,0,2,0,0.8293228149414062
4760,3,3,1,0.7396858930587769
4761,9,5,0,0.5026793479919434
4762,1,2,0,0.6981058120727539
4763,0,3,0,0.5770598649978638
4764,5,2,0,0.9149646759033203
4765,3,2,0,0.5812891125679016
4766,1,3,0,0.4709378182888031
4767,6,6,1,0.6459692716598511
4768,9,5,0,0.589421808719635
4769,8,3,0,0.4389808773994446
4770,9,2,0,0.32579898834228516
4771,0,0,1,0.44905519485473633
4772,6,0,0,0.4404691159725189
4773,1,3,0,0.46171513199806213
4774,6,6,1,0.39230412244796753
4775,2,2,1,0.466433584690094
4776,3,3,1,0.5906247496604919
4777,5,2,0,0.5999172329902649
4778,6,5,0,0.620712161064148
4779,9,3,0,0.5307637453079224
4780,0,3,0,0.5493203997612
4781,7,2,0,0.7440669536590576
4782,2,2,1,0.7458242177963257
4783,4,3,0,0.6100746393203735
4784,0,3,0,0.5835935473442078
4785,3,3,1,0.8024247288703918
4786,6,3,0,0.5146865248680115
4787,8,2,0,0.5781185030937195
4788,6,3,0,0.45644494891166687
4789,9,9,1,0.42097216844558716
4790,1,3,0,0.5914741158485413
4791,9,3,0,0.6999554634094238
4792,0,3,0,0.5610369443893433
4793,6,3,0,0.536127507686615
4794,4,2,0,0.7343409657478333
4795,5,2,0,0.6097269654273987
4796,9,3,0,0.7419655919075012
4797,5,2,0,0.6214015483856201
4798,4,3,0,0.5496442317962646
4799,1,3,0,0.6306310296058655
4800,9,1,0,0.5501354932785034
4801,2,2,1,0.5747319459915161
4802,0,2,0,0.6005690097808838
4803,7,1,0,0.4201042950153351
4804,3,2,0,0.5874114036560059
4805,5,5,1,0.4787696301937103
4806,1,2,0,0.5492568016052246
4807,8,3,0,0.6024635434150696
4808,3,2,0,0.6660694479942322
4809,0,5,0,0.5688589215278625
4810,5,3,0,0.7757680416107178
4811,2,8,0,0.31827688217163086
4812,8,3,0,0.5185970067977905
4813,8,0,0,0.6018941402435303
4814,3,2,0,0.6183575391769409
4815,9,0,0,0.39814651012420654
4816,6,3,0,0.6149886250495911
4817,0,2,0,0.6441981196403503
4818,3,2,0,0.5952251553535461
4819,5,3,0,0.59398353099823
4820,3,3,1,0.6870697140693665
4821,4,3,0,0.5186719298362732
4822,1,2,0,0.8208063840866089
4823,5,2,0,0.5229570865631104
4824,0,2,0,0.6495765447616577
4825,7,2,0,0.3926251530647278
4826,3,2,0,0.6344845294952393
4827,9,0,0,0.4713461697101593
4828,4,3,0,0.3649853467941284
4829,5,3,0,0.6867796182632446
4830,3,3,1,0.8743865489959717
4831,1,1,1,0.43500959873199463
4832,4,2,0,0.6301742196083069
4833,2,2,1,0.732560932636261
4834,4,0,0,0.6011961102485657
4835,9,3,0,0.6146675944328308
4836,9,3,0,0.5559409856796265
4837,7,2,0,0.4981386065483093
4838,1,2,0,0.5680559277534485
4839,7,2,0,0.6477314829826355
4840,0,2,0,0.8182138204574585
4841,1,3,0,0.4846448004245758
4842,2,2,1,0.44445371627807617
4843,1,3,0,0.6186544299125671
4844,5,1,0,0.540198802947998
4845,3,3,1,0.5122465491294861
4846,8,5,0,0.41862696409225464
4847,4,2,0,0.6479851007461548
4848,1,2,0,0.7930346727371216
4849,5,3,0,0.773980975151062
4850,1,2,0,0.7197139859199524
4851,9,2,0,0.5939741730690002
4852,9,2,0,0.560934841632843
4853,7,0,0,0.5314647555351257
4854,0,2,0,0.7998577356338501
4855,1,2,0,0.9142996072769165
4856,7,9,0,0.6761923432350159
4857,6,3,0,0.48394834995269775
4858,2,0,0,0.620811939239502
4859,6,2,0,0.6262805461883545
4860,5,3,0,0.628291666507721
4861,0,3,0,0.48486894369125366
4862,3,2,0,0.5308130383491516
4863,1,0,0,0.7024374604225159
4864,3,2,0,0.8181249499320984
4865,8,2,0,0.5166735649108887
4866,9,3,0,0.5350102782249451
4867,9,2,0,0.655663013458252
4868,0,0,1,0.5959690809249878
4869,8,2,0,0.5808855891227722
4870,8,0,0,0.866035521030426
4871,7,3,0,0.6661472916603088
4872,9,3,0,0.4502965807914734
4873,2,2,1,0.6964636445045471
4874,9,2,0,0.812859833240509
4875,1,3,0,0.5792921781539917
4876,3,2,0,0.603965699672699
4877,6,2,0,0.707459568977356
4878,7,2,0,0.7411217093467712
4879,6,3,0,0.7387602925300598
4880,0,2,0,0.5627492070198059
4881,8,0,0,0.5523324608802795
4882,6,2,0,0.3669402599334717
4883,2,2,1,0.8597175478935242
4884,4,2,0,0.7958027124404907
4885,2,2,1,0.6869056224822998
4886,3,3,1,0.5779167413711548
4887,5,2,0,0.5657640695571899
4888,5,5,1,0.6107537746429443
4889,4,6,0,0.47142675518989563
4890,1,3,0,0.8527066111564636
4891,6,3,0,0.54541015625
4892,7,9,0,0.4450109004974365
4893,1,2,0,0.698918342590332
4894,6,2,0,0.5093698501586914
4895,1,2,0,0.7352514266967773
4896,7,2,0,0.5129399299621582
4897,1,3,0,0.5847031474113464
4898,6,0,0,0.8259968757629395
4899,2,3,0,0.6920238733291626
4900,3,2,0,0.6730315685272217
4901,0,2,0,0.8631038069725037
4902,4,2,0,0.6438130736351013
4903,2,2,1,0.6556827425956726
4904,9,3,0,0.5906966328620911
4905,7,2,0,0.6345746517181396
4906,5,8,0,0.5814294219017029
4907,5,3,0,0.5770033597946167
4908,6,2,0,0.877262532711029
4909,0,5,0,0.5080959796905518
4910,8,3,0,0.6790854930877686
4911,8,3,0,0.6612119674682617
4912,1,3,0,0.6461068987846375
4913,1,2,0,0.8174788355827332
4914,3,3,1,0.8305084705352783
4915,5,2,0,0.7100783586502075
4916,6,3,0,0.4949915111064911
4917,5,2,0,0.5893049836158752
4918,3,2,0,0.6143301725387573
4919,8,0,0,0.6924744844436646
4920,7,8,0,0.5508021116256714
4921,5,1,0,0.6154813766479492
4922,0,3,0,0.6377871036529541
4923,7,2,0,0.4766504764556885
4924,7,3,0,0.43239879608154297
4925,5,3,0,0.6613339185714722
4926,7,2,0,0.5719208717346191
4927,1,2,0,0.6082029342651367
4928,9,2,0,0.6871486902236938
4929,9,3,0,0.45984774827957153
4930,1,3,0,0.6041437983512878
4931,9,3,0,0.6668676733970642
4932,9,2,0,0.6082319617271423
4933,3,3,1,0.7105918526649475
4934,5,0,0,0.7008768916130066
4935,5,3,0,0.5795875787734985
4936,3,3,1,0.6312465071678162
4937,0,3,0,0.735587477684021
4938,3,3,1,0.6341200470924377
4939,0,3,0,0.6041799187660217
4940,6,0,0,0.38142579793930054
4941,6,2,0,0.7581585049629211
4942,5,3,0,0.6211759448051453
4943,6,2,0,0.8208194375038147
4944,8,0,0,0.634519100189209
4945,9,3,0,0.7017480134963989
4946,4,3,0,0.4713993966579437
4947,5,2,0,0.8585286140441895
4948,1,2,0,0.7053425312042236
4949,1,2,0,0.6259146332740784
4950,2,3,0,0.6960912346839905
4951,7,3,0,0.42658594250679016
4952,9,3,0,0.9183304905891418
4953,0,2,0,0.6737147569656372
4954,1,3,0,0.46965089440345764
4955,2,2,1,0.5267119407653809
4956,5,3,0,0.45598915219306946
4957,4,3,0,0.6256333589553833
4958,4,2,0,0.7604281902313232
4959,7,0,0,0.317454069852829
4960,4,2,0,0.45382723212242126
4961,8,2,0,0.6247246265411377
4962,3,1,0,0.5177627801895142
4963,3,2,0,0.6232068538665771
4964,5,3,0,0.6595337390899658
4965,3,0,0,0.5678680539131165
4966,5,2,0,0.5573659539222717
4967,7,3,0,0.6431311964988708
4968,0,3,0,0.5091632604598999
4969,1,2,0,0.6086762547492981
4970,2,3,0,0.7235832214355469
4971,9,3,0,0.4334235191345215
4972,8,2,0,0.673108696937561
4973,1,1,1,0.5931592583656311
4974,7,2,0,0.7024213671684265
4975,3,3,1,0.6671774983406067
4976,5,2,0,0.5018277168273926
4977,9,3,0,0.6678297519683838
4978,1,2,0,0.5655743479728699
4979,9,3,0,0.36029306054115295
4980,1,2,0,0.42778992652893066
4981,1,3,0,0.7860661149024963
4982,3,2,0,0.6155582070350647
4983,6,3,0,0.6132586598396301
4984,7,2,0,0.561854362487793
4985,4,2,0,0.7298738360404968
4986,8,2,0,0.610155463218689
4987,3,3,1,0.6013306975364685
4988,5,2,0,0.6036205887794495
4989,6,2,0,0.6500954031944275
4990,7,2,0,0.48823240399360657
4991,0,0,1,0.6675192713737488
4992,1,2,0,0.5404050350189209
4993,7,2,0,0.8893518447875977
4994,7,2,0,0.5244213342666626
4995,2,2,1,0.7289575338363647
4996,3,3,1,0.6213772892951965
4997,3,2,0,0.5707794427871704
4998,5,3,0,0.6797650456428528
4999,1,2,0,0.7755851745605469
5000,7,3,0,0.5682428479194641
5001,6,0,0,0.49032875895500183
5002,8,1,0,0.3659221827983856
5003,4,9,0,0.5045154094696045
5004,4,2,0,0.803475558757782
5005,5,2,0,0.5463792681694031
5006,7,8,0,0.5546002388000488
5007,3,1,0,0.7393792867660522
5008,4,2,0,0.8703312873840332
5009,7,2,0,0.5419549942016602
5010,7,2,0,0.6857189536094666
5011,3,3,1,0.606687068939209
5012,6,3,0,0.7364848852157593
5013,0,2,0,0.5834579467773438
5014,7,2,0,0.4727911949157715
5015,2,0,0,0.48929110169410706
5016,6,9,0,0.40613067150115967
5017,7,3,0,0.5370268821716309
5018,4,2,0,0.5784860253334045
5019,1,3,0,0.40646207332611084
5020,8,2,0,0.3379802107810974
5021,0,3,0,0.7475176453590393
5022,2,2,1,0.927746593952179
5023,2,3,0,0.5452582836151123
5024,1,2,0,0.49804171919822693
5025,5,2,0,0.8051734566688538
5026,4,6,0,0.531184196472168
5027,0,3,0,0.6655572652816772
5028,9,3,0,0.5588694214820862
5029,3,3,1,0.7382500171661377
5030,4,3,0,0.5700219869613647
5031,4,3,0,0.6873536109924316
5032,2,3,0,0.4964918792247772
5033,3,2,0,0.8430744409561157
5034,8,3,0,0.483877032995224
5035,5,3,0,0.814441978931427
5036,0,2,0,0.8155069351196289
5037,0,0,1,0.5351750254631042
5038,4,2,0,0.5098273158073425
5039,6,3,0,0.6649855971336365
5040,3,2,0,0.7800489068031311
5041,9,3,0,0.8826897740364075
5042,2,3,0,0.6305928826332092
5043,0,6,0,0.574993371963501
5044,5,2,0,0.7686302065849304
5045,7,3,0,0.6526550650596619
5046,5,5,1,0.5590094327926636
5047,5,3,0,0.8313930630683899
5048,1,4,0,0.6352816820144653
5049,7,0,0,0.8329082131385803
5050,3,8,0,0.376505047082901
5051,1,2,0,0.4054650366306305
5052,6,2,0,0.5740659236907959
5053,7,3,0,0.7353744506835938
5054,9,3,0,0.525073766708374
5055,0,2,0,0.8235300779342651
5056,1,2,0,0.7184916734695435
5057,2,2,1,0.6510975360870361
5058,1,3,0,0.7406831383705139
5059,4,3,0,0.5802664160728455
5060,6,3,0,0.4803556203842163
5061,1,0,0,0.4256924092769623
5062,5,3,0,0.3585861325263977
5063,9,2,0,0.5693164467811584
5064,5,3,0,0.7246232628822327
5065,0,2,0,0.5842177271842957
5066,4,3,0,0.5475186109542847
5067,9,2,0,0.5409538149833679
5068,4,0,0,0.6700524687767029
5069,9,3,0,0.7096192836761475
5070,7,3,0,0.5942273736000061
5071,1,3,0,0.5030123591423035
5072,6,2,0,0.47283247113227844
5073,8,0,0,0.6655070185661316
5074,0,0,1,0.35348212718963623
5075,6,3,0,0.7605885863304138
5076,5,3,0,0.5172081589698792
5077,0,0,1,0.8659842610359192
5078,8,5,0,0.47176235914230347
5079,1,2,0,0.3322916328907013
5080,7,2,0,0.6080895662307739
5081,5,3,0,0.49729418754577637
5082,6,8,0,0.4588634669780731
5083,9,2,0,0.3268764317035675
5084,3,3,1,0.7583197355270386
5085,2,2,1,0.6346282362937927
5086,3,2,0,0.7114084959030151
5087,9,8,0,0.4248127341270447
5088,8,2,0,0.6281437873840332
5089,6,3,0,0.7143000364303589
5090,1,3,0,0.7160606384277344
5091,0,1,0,0.4813026785850525
5092,9,3,0,0.7210677266120911
5093,0,2,0,0.6074733138084412
5094,9,3,0,0.5916103720664978
5095,8,2,0,0.6418038010597229
5096,7,2,0,0.4677305519580841
5097,7,2,0,0.7489807605743408
5098,5,3,0,0.4608025550842285
5099,2,0,0,0.6909788250923157
5100,3,3,1,0.8385941386222839
5101,5,3,0,0.5777530670166016
5102,5,2,0,0.534660279750824
5103,7,2,0,0.5588967204093933
5104,8,2,0,0.4840761125087738
5105,7,3,0,0.5628005266189575
5106,6,5,0,0.6184779405593872
5107,9,3,0,0.6303156614303589
5108,1,2,0,0.5835407376289368
5109,9,2,0,0.7527669668197632
5110,8,2,0,0.6728726029396057
5111,6,2,0,0.4949664771556854
5112,5,3,0,0.5585936903953552
5113,6,2,0,0.5666928887367249
5114,7,2,0,0.5218718647956848
5115,5,3,0,0.6804120540618896
5116,6,3,0,0.6863787174224854
5117,7,2,0,0.6060225367546082
5118,2,6,0,0.484109491109848
5119,5,8,0,0.6953557729721069
5120,9,8,0,0.4008244574069977
5121,6,8,0,0.4484535753726959
5122,6,3,0,0.9084787368774414
5123,7,2,0,0.7954206466674805
5124,0,0,1,0.7139599323272705
5125,1,3,0,0.9001981019973755
5126,0,2,0,0.6196131110191345
5127,1,2,0,0.8718065023422241
5128,3,3,1,0.7686672210693359
5129,2,2,1,0.8380029797554016
5130,5,0,0,0.4146054983139038
5131,6,0,0,0.5643535256385803
5132,1,3,0,0.5993268489837646
5133,2,3,0,0.6583159565925598
5134,5,2,0,0.7730241417884827
5135,1,3,0,0.5204593539237976
5136,9,3,0,0.5516824126243591
5137,9,8,0,0.6549598574638367
5138,8,2,0,0.35869619250297546
5139,6,2,0,0.37233248353004456
5140,8,2,0,0.6162416338920593
5141,6,2,0,0.6412146687507629
5142,8,2,0,0.675337016582489
5143,9,2,0,0.6733166575431824
5144,0,0,1,0.4627443552017212
5145,4,2,0,0.6496021747589111
5146,0,0,1,0.6258547902107239
5147,3,3,1,0.839260995388031
5148,3,2,0,0.609355628490448
5149,6,3,0,0.6568569540977478
5150,4,2,0,0.6121471524238586
5151,9,3,0,0.5459507703781128
5152,9,3,0,0.8701563477516174
5153,7,5,0,0.5562238097190857
5154,2,2,1,0.6201738119125366
5155,3,3,1,0.6166524887084961
5156,5,3,0,0.544539749622345
5157,6,2,0,0.6216887831687927
5158,4,1,0,0.7262143492698669
5159,6,2,0,0.5027883648872375
5160,0,3,0,0.6139721870422363
5161,3,3,1,0.65034019947052
5162,7,2,0,0.5032405257225037
5163,5,2,0,0.6129615306854248
5164,0,3,0,0.605661153793335
5165,2,2,1,0.8298181295394897
5166,9,3,0,0.5369270443916321
5167,2,2,1,0.7218376398086548
5168,7,3,0,0.6701003909111023
5169,2,2,1,0.6329652070999146
5170,9,3,0,0.46190547943115234
5171,2,2,1,0.6919900178909302
5172,4,3,0,0.8514683842658997
5173,0,8,0,0.3052271902561188
5174,6,2,0,0.3955945372581482
5175,6,2,0,0.67473965883255
5176,3,3,1,0.661293089389801
5177,4,3,0,0.7589541077613831
5178,5,3,0,0.5374988317489624
5179,5,3,0,0.5634650588035583
5180,9,2,0,0.3377986252307892
5181,1,3,0,0.5280161499977112
5182,1,8,0,0.38407424092292786
5183,4,2,0,0.5995904207229614
5184,4,2,0,0.6351919174194336
5185,3,2,0,0.7076793909072876
5186,5,3,0,0.7574610710144043
5187,4,3,0,0.6619837880134583
5188,8,2,0,0.3964728116989136
5189,0,3,0,0.5536566972732544
5190,0,0,1,0.6714098453521729
5191,3,2,0,0.6298519372940063
5192,9,6,0,0.611617922782898
5193,4,3,0,0.7073749303817749
5194,7,3,0,0.8524695634841919
5195,4,2,0,0.5586883425712585
5196,2,2,1,0.6265486478805542
5197,8,2,0,0.5960049629211426
5198,3,3,1,0.6612624526023865
5199,6,2,0,0.34206467866897583
5200,3,3,1,0.5944305062294006
5201,1,0,0,0.8169882893562317
5202,9,2,0,0.4435919225215912
5203,6,2,0,0.8222033381462097
5204,3,1,0,0.39017200469970703
5205,8,2,0,0.5998004078865051
5206,3,3,1,0.6409823298454285
5207,8,5,0,0.598183274269104
5208,4,3,0,0.767622709274292
5209,7,0,0,0.6205300688743591
5210,5,2,0,0.77875155210495
5211,7,2,0,0.6058881878852844
5212,5,3,0,0.6374288201332092
5213,3,2,0,0.7345694303512573
5214,1,0,0,0.4177899658679962
5215,2,0,0,0.49026423692703247
5216,6,2,0,0.5590882301330566
5217,1,3,0,0.5220104455947876
5218,3,6,0,0.7208760380744934
5219,2,8,0,0.38091233372688293
5220,0,0,1,0.6281231045722961
5221,7,2,0,0.6532012820243835
5222,5,3,0,0.5742007493972778
5223,0,2,0,0.4852958917617798
5224,0,2,0,0.8420292139053345
5225,0,3,0,0.7954857349395752
5226,1,2,0,0.6175195574760437
5227,4,8,0,0.3662477135658264
5228,3,2,0,0.5603252053260803
5229,5,3,0,0.8641595840454102
5230,8,2,0,0.6346294283866882
5231,4,2,0,0.559658408164978
5232,3,3,1,0.5459650754928589
5233,1,0,0,0.5313408374786377
5234,7,2,0,0.7876005172729492
5235,1,3,0,0.7221472263336182
5236,0,2,0,0.5299383401870728
5237,4,2,0,0.6908653974533081
5238,2,8,0,0.37187299132347107
5239,4,2,0,0.4491735100746155
5240,1,2,0,0.3868207037448883
5241,4,2,0,0.6683301329612732
5242,0,2,0,0.5207584500312805
5243,1,2,0,0.5782924294471741
5244,2,2,1,0.7479751110076904
5245,1,2,0,0.8590288758277893
5246,7,2,0,0.6781428456306458
5247,7,9,0,0.5988179445266724
5248,9,2,0,0.45512163639068604
5249,8,0,0,0.5062814950942993
5250,7,2,0,0.7629730701446533
5251,5,2,0,0.4726501405239105
5252,4,3,0,0.6693210005760193
5253,0,3,0,0.5349587798118591
5254,9,3,0,0.4942651391029358
5255,0,2,0,0.5095285773277283
5256,0,9,0,0.49522665143013
5257,8,9,0,0.5148898363113403
5258,2,3,0,0.6143762469291687
5259,0,3,0,0.8802366852760315
5260,0,2,0,0.6095525026321411
5261,2,2,1,0.5451271533966064
5262,4,5,0,0.4559885859489441
5263,8,2,0,0.6964126825332642
5264,6,2,0,0.899429976940155
5265,2,3,0,0.49772506952285767
5266,4,3,0,0.6013301610946655
5267,6,2,0,0.7111002802848816
5268,3,2,0,0.6060174107551575
5269,5,3,0,0.6511805057525635
5270,1,3,0,0.8262630701065063
5271,5,3,0,0.6249507069587708
5272,3,5,0,0.5301592350006104
5273,7,2,0,0.5401806831359863
5274,2,3,0,0.4617839753627777
5275,2,3,0,0.5662899017333984
5276,9,0,0,0.6603087186813354
5277,8,3,0,0.6658408045768738
5278,0,2,0,0.8113347887992859
5279,0,0,1,0.7578732967376709
5280,0,3,0,0.7760812044143677
5281,3,3,1,0.7687597274780273
5282,4,3,0,0.7625558972358704
5283,4,2,0,0.5792181491851807
5284,6,3,0,0.4963358938694
5285,1,2,0,0.8373263478279114
5286,6,2,0,0.4228159189224243
5287,7,2,0,0.6222923994064331
5288,4,6,0,0.5129045844078064
5289,4,3,0,0.47719982266426086
5290,3,3,1,0.8121930956840515
5291,9,8,0,0.3691318929195404
5292,4,0,0,0.4972951114177704
5293,0,2,0,0.4984019994735718
5294,8,0,0,0.5145182013511658
5295,0,2,0,0.6039625406265259
5296,4,2,0,0.5652368664741516
5297,6,3,0,0.5497657060623169
5298,5,2,0,0.6417914628982544
5299,7,0,0,0.4036465287208557
5300,9,3,0,0.5414444804191589
5301,7,3,0,0.6894741058349609
5302,0,0,1,0.5589407086372375
5303,5,2,0,0.7158505320549011
5304,7,3,0,0.6096082329750061
5305,7,3,0,0.654782772064209
5306,3,2,0,0.5977070331573486
5307,1,0,0,0.4326721429824829
5308,9,3,0,0.45075803995132446
5309,3,2,0,0.6308043599128723
5310,0,2,0,0.8473567366600037
5311,9,2,0,0.5645848512649536
5312,5,3,0,0.7689849734306335
5313,3,3,1,0.526721715927124
5314,7,2,0,0.4466022253036499
5315,9,2,0,0.8229892253875732
5316,4,3,0,0.6634283661842346
5317,4,3,0,0.4278959035873413
5318,1,3,0,0.6185479760169983
5319,7,3,0,0.6609185934066772
5320,7,3,0,0.5563546419143677
5321,1,2,0,0.4472084641456604
5322,4,2,0,0.8740347027778625
5323,1,2,0,0.6156337857246399
5324,2,0,0,0.43020594120025635
5325,8,0,0,0.5783551335334778
5326,7,2,0,0.8297420144081116
5327,0,3,0,0.7074529528617859
5328,0,3,0,0.7051116824150085
5329,4,2,0,0.6060250401496887
5330,7,3,0,0.7060210108757019
5331,2,2,1,0.6999356746673584
5332,9,3,0,0.5542304515838623
5333,7,2,0,0.5616868734359741
5334,6,3,0,0.6025920510292053
5335,9,3,0,0.9115327000617981
5336,3,3,1,0.4691823720932007
5337,5,2,0,0.863982081413269
5338,8,3,0,0.35513490438461304
5339,0,2,0,0.7753779292106628
5340,3,2,0,0.8261048197746277
5341,6,2,0,0.6722014546394348
5342,8,0,0,0.5561032295227051
5343,3,2,0,0.49350258708000183
5344,2,2,1,0.7774052619934082
5345,4,2,0,0.6570209264755249
5346,7,2,0,0.6807119250297546
5347,1,3,0,0.6860089898109436
5348,1,3,0,0.548578679561615
5349,3,2,0,0.5229029655456543
5350,9,2,0,0.6348604559898376
5351,7,3,0,0.5594514012336731
5352,5,2,0,0.6298927068710327
5353,1,3,0,0.4968160390853882
5354,0,2,0,0.6216733455657959
5355,8,2,0,0.6868074536323547
5356,7,3,0,0.5359903573989868
5357,0,2,0,0.43942952156066895
5358,1,2,0,0.45640677213668823
5359,6,2,0,0.7729800343513489
5360,9,3,0,0.5777620077133179
5361,3,0,0,0.7109156847000122
5362,2,2,1,0.6321392059326172
5363,7,2,0,0.6509875059127808
5364,7,0,0,0.6324422359466553
5365,8,3,0,0.638516902923584
5366,1,2,0,0.4986141324043274
5367,0,3,0,0.5735881924629211
5368,3,2,0,0.3087107539176941
5369,4,2,0,0.5150165557861328
5370,6,2,0,0.7956764101982117
5371,7,0,0,0.40713703632354736
5372,5,2,0,0.7595090270042419
5373,2,3,0,0.5156224966049194
5374,0,5,0,0.4509860873222351
5375,1,3,0,0.8249050378799438
5376,5,2,0,0.6170568466186523
5377,5,8,0,0.6105199456214905
5378,1,2,0,0.4839480519294739
5379,4,3,0,0.6619873046875
5380,1,3,0,0.8711093068122864
5381,3,2,0,0.5738975405693054
5382,0,2,0,0.5235009789466858
5383,8,2,0,0.8117539286613464
5384,6,2,0,0.578390896320343
5385,2,2,1,0.5535866618156433
5386,1,3,0,0.501409113407135
5387,3,3,1,0.5906682014465332
5388,6,2,0,0.9287566542625427
5389,4,3,0,0.7368796467781067
5390,1,3,0,0.6994608640670776
5391,9,3,0,0.6536471247673035
5392,0,0,1,0.5068051218986511
5393,4,2,0,0.5307257175445557
5394,1,8,0,0.5219531059265137
5395,0,8,0,0.6239103674888611
5396,1,3,0,0.7807934880256653
5397,9,2,0,0.8876966834068298
5398,8,2,0,0.5864213705062866
5399,6,2,0,0.5232344269752502
5400,9,2,0,0.8849745988845825
5401,2,2,1,0.5040866136550903
5402,4,2,0,0.8229573965072632
5403,7,2,0,0.6206150054931641
5404,2,6,0,0.43272942304611206
5405,2,6,0,0.4500148892402649
5406,7,3,0,0.6675853729248047
5407,4,2,0,0.6019836068153381
5408,9,2,0,0.6529280543327332
5409,1,3,0,0.7479300498962402
5410,3,3,1,0.5143104195594788
5411,2,2,1,0.6116331815719604
5412,6,2,0,0.49034640192985535
5413,3,0,0,0.399361252784729
5414,4,2,0,0.8609473705291748
5415,4,3,0,0.6482748985290527
5416,9,5,0,0.5605514049530029
5417,4,6,0,0.5082582831382751
5418,8,2,0,0.55858314037323
5419,2,2,1,0.6752693057060242
5420,6,3,0,0.5336230993270874
5421,6,2,0,0.745597243309021
5422,1,3,0,0.5034837126731873
5423,6,2,0,0.39852726459503174
5424,3,3,1,0.6651431918144226
5425,6,3,0,0.5890347957611084
5426,5,2,0,0.634707510471344
5427,8,2,0,0.6784751415252686
5428,4,6,0,0.44710275530815125
5429,6,2,0,0.6110535264015198
5430,7,2,0,0.7565804123878479
5431,1,3,0,0.49996837973594666
5432,9,3,0,0.7109251022338867
5433,3,2,0,0.6177433133125305
5434,6,0,0,0.8413102030754089
5435,7,2,0,0.5087733864784241
5436,6,2,0,0.7552366852760315
5437,0,2,0,0.5251955389976501
5438,7,3,0,0.8702480792999268
5439,1,8,0,0.5632609724998474
5440,9,2,0,0.5672593712806702
5441,5,2,0,0.7940838932991028
5442,2,8,0,0.5686975121498108
5443,6,2,0,0.9383381605148315
5444,7,3,0,0.5327264070510864
5445,7,3,0,0.5702184438705444
5446,6,0,0,0.7348586320877075
5447,5,3,0,0.46524035930633545
5448,9,2,0,0.7215872406959534
5449,1,5,0,0.47219976782798767
5450,5,0,0,0.6290473937988281
5451,6,2,0,0.6137495636940002
5452,0,2,0,0.9678961634635925
5453,2,0,0,0.3450501263141632
5454,0,2,0,0.5325233936309814
5455,9,2,0,0.6731714606285095
5456,1,3,0,0.7712982892990112
5457,8,2,0,0.6403663158416748
5458,3,9,0,0.5779387354850769
5459,5,8,0,0.43245410919189453
5460,0,3,0,0.6720177531242371
5461,0,0,1,0.4642426669597626
5462,0,2,0,0.7986649870872498
5463,5,3,0,0.654017448425293
5464,7,2,0,0.5648295879364014
5465,7,2,0,0.5668654441833496
5466,8,3,0,0.5617102980613708
5467,5,2,0,0.7796049118041992
5468,5,3,0,0.5968506336212158
5469,5,3,0,0.799052894115448
5470,1,3,0,0.7752242088317871
5471,6,2,0,0.813508152961731
5472,1,2,0,0.6461806297302246
5473,5,2,0,0.8853746056556702
5474,1,3,0,0.6752030253410339
5475,0,3,0,0.6971662640571594
5476,6,2,0,0.49741509556770325
5477,2,3,0,0.5925614833831787
5478,3,2,0,0.6981701850891113
5479,2,2,1,0.47318437695503235
5480,1,2,0,0.6520484685897827
5481,7,3,0,0.8868639469146729
5482,5,2,0,0.6207968592643738
5483,1,3,0,0.4715864360332489
5484,9,0,0,0.4996366500854492
5485,8,5,0,0.5019563436508179
5486,3,3,1,0.8292185664176941
5487,6,2,0,0.5694213509559631
5488,9,3,0,0.5280687212944031
5489,7,2,0,0.7530304789543152
5490,3,2,0,0.5225123763084412
5491,0,3,0,0.5810349583625793
5492,2,2,1,0.6801084280014038
5493,3,2,0,0.7460436820983887
5494,9,0,0,0.46781256794929504
5495,4,2,0,0.5346254110336304
5496,4,3,0,0.5776821970939636
5497,3,2,0,0.5975539088249207
5498,9,3,0,0.5752162933349609
5499,6,2,0,0.7626243233680725
5500,8,3,0,0.6939917206764221
5501,6,3,0,0.7084031105041504
5502,6,3,0,0.7711997628211975
5503,8,2,0,0.6547061800956726
5504,5,6,0,0.6561347246170044
5505,4,8,0,0.35358139872550964
5506,3,3,1,0.56854248046875
5507,6,2,0,0.747929573059082
5508,7,3,0,0.6356350779533386
5509,7,3,0,0.7763200402259827
5510,4,3,0,0.7046712040901184
5511,3,2,0,0.7416948676109314
5512,9,8,0,0.4268849492073059
5513,6,0,0,0.7506430745124817
5514,2,2,1,0.8719563484191895
5515,4,0,0,0.41225892305374146
5516,0,0,1,0.5741799473762512
5517,1,5,0,0.44476571679115295
5518,3,3,1,0.5659883618354797
5519,6,2,0,0.6623566150665283
5520,4,2,0,0.8783611059188843
5521,9,2,0,0.8178628087043762
5522,2,3,0,0.5423108339309692
5523,6,2,0,0.6334660053253174
5524,0,3,0,0.7237699627876282
5525,3,2,0,0.6852003335952759
5526,8,3,0,0.5250282287597656
5527,7,2,0,0.7497555017471313
5528,5,3,0,0.6319906711578369
5529,3,2,0,0.34039250016212463
5530,3,3,1,0.6033922433853149
5531,8,3,0,0.9336035847663879
5532,3,3,1,0.6830239295959473
5533,2,2,1,0.6812488436698914
5534,6,2,0,0.6757076382637024
5535,3,3,1,0.8247826099395752
5536,6,5,0,0.640577495098114
5537,2,3,0,0.5370721220970154
5538,7,2,0,0.9400590062141418
5539,4,3,0,0.7975932359695435
5540,5,3,0,0.7256731986999512
5541,7,2,0,0.7955670356750488
5542,9,0,0,0.5878244638442993
5543,0,2,0,0.8849910497665405
5544,0,0,1,0.6148548126220703
5545,6,1,0,0.5658864378929138
5546,7,3,0,0.8664265275001526
5547,2,2,1,0.6261525750160217
5548,8,2,0,0.49513909220695496
5549,5,2,0,0.5526896715164185
5550,5,2,0,0.7456965446472168
5551,7,0,0,0.6872371435165405
5552,5,8,0,0.7675909996032715
5553,5,2,0,0.5692721009254456
5554,9,5,0,0.5988204479217529
5555,4,5,0,0.4645856022834778
5556,6,2,0,0.6225845813751221
5557,4,0,0,0.31104621291160583
5558,7,3,0,0.7297007441520691
5559,3,0,0,0.855979859828949
5560,3,2,0,0.8325717449188232
5561,6,2,0,0.7282209992408752
5562,4,2,0,0.7463051080703735
5563,1,2,0,0.8393442630767822
5564,6,2,0,0.4310460686683655
5565,3,3,1,0.594796895980835
5566,1,3,0,0.8227739930152893
5567,6,3,0,0.7684794664382935
5568,7,2,0,0.6135846972465515
5569,0,2,0,0.6985939145088196
5570,5,6,0,0.5540758371353149
5571,0,4,0,0.3509873151779175
5572,1,3,0,0.7377700805664062
5573,9,3,0,0.6880818605422974
5574,7,3,0,0.43421483039855957
5575,3,3,1,0.6219742298126221
5576,5,3,0,0.7323989868164062
5577,2,2,1,0.6740013360977173
5578,3,3,1,0.7985434532165527
5579,9,3,0,0.46584606170654297
5580,5,2,0,0.5825486183166504
5581,6,2,0,0.6764118075370789
5582,4,3,0,0.6513711810112
5583,0,0,1,0.592638373374939
5584,0,0,1,0.5597699880599976
5585,0,0,1,0.6333435773849487
5586,8,3,0,0.6232883930206299
5587,0,2,0,0.8101367354393005
5588,3,2,0,0.5099605321884155
5589,2,3,0,0.49534446001052856
5590,4,0,0,0.5202157497406006
5591,5,3,0,0.7724849581718445
5592,3,3,1,0.7691519856452942
5593,7,3,0,0.4335037171840668
5594,9,8,0,0.38890790939331055
5595,6,2,0,0.5128688216209412
5596,9,3,0,0.4216602146625519
5597,3,3,1,0.5333687663078308
5598,1,2,0,0.7150149941444397
5599,2,5,0,0.5932135581970215
5600,6,3,0,0.7661454677581787
5601,7,8,0,0.6066063046455383
5602,4,2,0,0.45891985297203064
5603,5,2,0,0.5655264258384705
5604,1,3,0,0.4799691438674927
5605,3,2,0,0.541283130645752
5606,7,2,0,0.5108022093772888
5607,6,2,0,0.7400831580162048
5608,9,2,0,0.5900765061378479
5609,5,2,0,0.8100880980491638
5610,8,2,0,0.6539871096611023
5611,5,9,0,0.5273963212966919
5612,8,0,0,0.5086842179298401
5613,5,3,0,0.480373740196228
5614,8,2,0,0.45884767174720764
5615,5,0,0,0.5581721663475037
5616,6,6,1,0.5894331932067871
5617,5,1,0,0.4280945956707001
5618,0,3,0,0.693739116191864
5619,8,2,0,0.37497732043266296
5620,3,2,0,0.7535985112190247
5621,8,2,0,0.8454365730285645
5622,1,2,0,0.5329591631889343
5623,8,3,0,0.5770392417907715
5624,1,2,0,0.6505373120307922
5625,5,0,0,0.727859377861023
5626,0,3,0,0.5548051595687866
5627,9,3,0,0.8536339402198792
5628,8,3,0,0.49731558561325073
5629,6,2,0,0.8480072617530823
5630,3,8,0,0.45045602321624756
5631,6,3,0,0.551978588104248
5632,3,3,1,0.7286840677261353
5633,4,2,0,0.6809113025665283
5634,4,2,0,0.8021550178527832
5635,7,2,0,0.6481915712356567
5636,4,3,0,0.5539247989654541
5637,7,2,0,0.486997127532959
5638,4,2,0,0.6732473969459534
5639,3,3,1,0.4718146026134491
5640,2,0,0,0.6883746385574341
5641,4,3,0,0.5629546642303467
5642,5,2,0,0.7342429757118225
5643,5,2,0,0.6814547777175903
5644,7,2,0,0.6485177874565125
5645,5,3,0,0.4973559081554413
5646,4,3,0,0.7652695775032043
5647,5,3,0,0.7360690832138062
5648,8,8,1,0.5179282426834106
5649,0,2,0,0.5636806488037109
5650,5,3,0,0.4839683473110199
5651,4,3,0,0.5844582915306091
5652,0,2,0,0.6019770503044128
5653,5,3,0,0.9233279824256897
5654,4,2,0,0.47840166091918945
5655,3,0,0,0.410584419965744
5656,3,5,0,0.5110580921173096
5657,2,2,1,0.6950165033340454
5658,4,2,0,0.8834270238876343
5659,2,2,1,0.7403932809829712
5660,9,3,0,0.5773752331733704
5661,4,2,0,0.7226635217666626
5662,8,2,0,0.4154606759548187
5663,8,2,0,0.4927683174610138
5664,6,3,0,0.6702491641044617
5665,2,2,1,0.7946387529373169
5666,6,3,0,0.7634170651435852
5667,1,0,0,0.6301118731498718
5668,7,5,0,0.5286639332771301
5669,0,3,0,0.762449324131012
5670,4,3,0,0.36743128299713135
5671,3,3,1,0.6874747276306152
5672,8,2,0,0.5184165835380554
5673,5,3,0,0.5178160071372986
5674,9,3,0,0.5401870012283325
5675,7,2,0,0.5545965433120728
5676,6,3,0,0.6949130892753601
5677,7,2,0,0.7964310050010681
5678,1,2,0,0.8160409331321716
5679,0,3,0,0.6193231344223022
5680,2,3,0,0.6562995910644531
5681,3,2,0,0.7126381397247314
5682,5,8,0,0.39036446809768677
5683,6,2,0,0.6548566818237305
5684,7,3,0,0.6134002208709717
5685,1,3,0,0.548554539680481
5686,6,3,0,0.8556398749351501
5687,2,0,0,0.5627819895744324
5688,8,2,0,0.5210582613945007
5689,3,3,1,0.46393823623657227
5690,7,3,0,0.513069748878479
5691,2,3,0,0.8107568025588989
5692,5,3,0,0.8624603152275085
5693,7,2,0,0.5217188000679016
5694,5,2,0,0.5519118905067444
5695,7,2,0,0.8383446931838989
5696,7,4,0,0.3657858967781067
5697,1,3,0,0.7782843112945557
5698,7,2,0,0.6576766967773438
5699,4,0,0,0.5784519910812378
5700,3,2,0,0.6888920664787292
5701,3,3,1,0.5949221253395081
5702,4,0,0,0.3433424234390259
5703,0,3,0,0.6038612127304077
5704,4,2,0,0.4080007076263428
5705,2,2,1,0.8191207051277161
5706,7,2,0,0.8417984843254089
5707,0,0,1,0.4258805215358734
5708,2,3,0,0.4482646882534027
5709,2,2,1,0.4458027482032776
5710,6,3,0,0.5718739032745361
5711,6,3,0,0.47938698530197144
5712,2,2,1,0.7394669055938721
5713,5,3,0,0.6766120791435242
5714,2,1,0,0.4541884660720825
5715,6,3,0,0.6639708876609802
5716,0,2,0,0.5912960171699524
5717,6,3,0,0.4991583824157715
5718,1,2,0,0.426567405462265
5719,2,3,0,0.6677591800689697
5720,9,2,0,0.4709216058254242
5721,0,0,1,0.7645938396453857
5722,0,3,0,0.7511818408966064
5723,1,3,0,0.8850522637367249
5724,5,3,0,0.711907684803009
5725,5,2,0,0.6332895755767822
5726,1,2,0,0.3667806088924408
5727,6,2,0,0.5948375463485718
5728,7,1,0,0.3615051805973053
5729,8,2,0,0.6430010795593262
5730,5,0,0,0.7132281064987183
5731,6,0,0,0.6173266768455505
5732,3,2,0,0.4349611699581146
5733,3,3,1,0.6235273480415344
5734,6,3,0,0.5641492605209351
5735,0,2,0,0.5777443051338196
5736,9,0,0,0.4479468762874603
5737,9,5,0,0.44485411047935486
5738,2,2,1,0.6177558302879333
5739,2,2,1,0.5125468373298645
5740,6,2,0,0.7008544206619263
5741,1,3,0,0.6328801512718201
5742,4,2,0,0.778529942035675
5743,6,3,0,0.7045193314552307
5744,2,2,1,0.5790682435035706
5745,5,3,0,0.6918001174926758
5746,7,2,0,0.6111025810241699
5747,8,3,0,0.43252456188201904
5748,8,2,0,0.5566089749336243
5749,5,2,0,0.5738860368728638
5750,6,3,0,0.5227823853492737
5751,4,3,0,0.4556356370449066
5752,3,3,1,0.46161478757858276
5753,2,2,1,0.7229163646697998
5754,3,2,0,0.8100894093513489
5755,4,2,0,0.4983804225921631
5756,4,3,0,0.4381789267063141
5757,4,3,0,0.6357259750366211
5758,8,2,0,0.8691427707672119
5759,9,2,0,0.5017890334129333
5760,2,3,0,0.5350053310394287
5761,6,0,0,0.5620465874671936
5762,0,2,0,0.5460323095321655
5763,9,8,0,0.4265929162502289
5764,7,2,0,0.8095927238464355
5765,9,2,0,0.3896927535533905
5766,8,2,0,0.44388431310653687
5767,7,2,0,0.6948614716529846
5768,7,3,0,0.6763638257980347
5769,3,0,0,0.6720859408378601
5770,8,0,0,0.6795799732208252
5771,2,2,1,0.5844787359237671
5772,9,3,0,0.4508146047592163
5773,3,3,1,0.8705538511276245
5774,5,3,0,0.6407668590545654
5775,7,0,0,0.3811153173446655
5776,5,3,0,0.6828843951225281
5777,8,3,0,0.6541963815689087
5778,7,2,0,0.6893325448036194
5779,3,3,1,0.7310733795166016
5780,7,2,0,0.4836096465587616
5781,0,2,0,0.6981605291366577
5782,7,0,0,0.5224540829658508
5783,1,3,0,0.5174452066421509
5784,6,3,0,0.7066739201545715
5785,2,2,1,0.8154268264770508
5786,4,2,0,0.41034629940986633
5787,0,3,0,0.5959264636039734
5788,0,3,0,0.47913265228271484
5789,2,2,1,0.8064150810241699
5790,9,2,0,0.7096062898635864
5791,8,2,0,0.7947205305099487
5792,2,2,1,0.569372296333313
5793,8,2,0,0.5890571475028992
5794,7,2,0,0.5566838383674622
5795,7,2,0,0.6051387786865234
5796,5,3,0,0.6720715165138245
5797,5,2,0,0.7157382369041443
5798,0,2,0,0.5519721508026123
5799,1,2,0,0.7855406403541565
5800,2,2,1,0.5436137914657593
5801,9,8,0,0.7535136938095093
5802,6,3,0,0.4769473075866699
5803,1,0,0,0.5102205872535706
5804,0,2,0,0.5746544003486633
5805,1,3,0,0.6237615346908569
5806,0,0,1,0.5703681111335754
5807,6,2,0,0.7843853235244751
5808,5,3,0,0.6889519095420837
5809,0,3,0,0.4230642318725586
5810,5,2,0,0.8463912010192871
5811,7,3,0,0.6652411818504333
5812,4,2,0,0.8391788601875305
5813,4,3,0,0.6223292350769043
5814,8,0,0,0.6224697828292847
5815,3,3,1,0.7506823539733887
5816,5,2,0,0.6948282122612
5817,3,2,0,0.6273871064186096
5818,7,2,0,0.8629966974258423
5819,2,3,0,0.5044231414794922
5820,5,2,0,0.5651944875717163
5821,8,3,0,0.40838614106178284
5822,3,2,0,0.6130538582801819
5823,5,2,0,0.686861515045166
5824,7,2,0,0.6498485803604126
5825,3,3,1,0.5784984827041626
5826,7,2,0,0.8697628974914551
5827,0,3,0,0.5270031094551086
5828,5,0,0,0.6790003776550293
5829,4,0,0,0.30258965492248535
5830,5,3,0,0.934542715549469
5831,6,2,0,0.5850974321365356
5832,9,2,0,0.5494082570075989
5833,3,0,0,0.5121403932571411
5834,5,3,0,0.43125292658805847
5835,3,3,1,0.5231143236160278
5836,8,2,0,0.3175344169139862
5837,2,3,0,0.6438156962394714
5838,4,2,0,0.7137225866317749
5839,2,2,1,0.6947721242904663
5840,2,3,0,0.7957620024681091
5841,6,3,0,0.6905621290206909
5842,7,2,0,0.708046555519104
5843,6,3,0,0.7222812175750732
5844,0,3,0,0.6833141446113586
5845,5,3,0,0.5563536882400513
5846,5,0,0,0.5666972994804382
5847,8,3,0,0.6318069100379944
5848,4,1,0,0.46844226121902466
5849,5,3,0,0.8521566390991211
5850,6,3,0,0.6916123032569885
5851,1,3,0,0.6198757886886597
5852,3,3,1,0.5661441683769226
5853,5,0,0,0.6844090223312378
5854,4,3,0,0.6984942555427551
5855,7,2,0,0.7531185746192932
5856,3,2,0,0.727091908454895
5857,0,2,0,0.7328110337257385
5858,7,2,0,0.5886678099632263
5859,2,3,0,0.6454964280128479
5860,0,2,0,0.8236746191978455
5861,1,3,0,0.7884566187858582
5862,2,1,0,0.46359920501708984
5863,4,8,0,0.5686798691749573
5864,9,3,0,0.7066959738731384
5865,6,2,0,0.6154808402061462
5866,4,8,0,0.4900647699832916
5867,5,0,0,0.6085130572319031
5868,9,2,0,0.8679578304290771
5869,7,3,0,0.7899724841117859
5870,7,3,0,0.6470547914505005
5871,6,3,0,0.37211915850639343
5872,7,8,0,0.4029664397239685
5873,4,2,0,0.5609183311462402
5874,3,3,1,0.6759878396987915
5875,1,8,0,0.33345741033554077
5876,6,3,0,0.7047415375709534
5877,9,2,0,0.6927873492240906
5878,4,2,0,0.6137173175811768
5879,8,6,0,0.533566415309906
5880,0,2,0,0.7221184372901917
5881,3,5,0,0.43978238105773926
5882,1,3,0,0.4357788860797882
5883,6,3,0,0.6018288731575012
5884,4,2,0,0.47213804721832275
5885,4,3,0,0.6097538471221924
5886,2,3,0,0.47345688939094543
5887,1,2,0,0.6560679078102112
5888,4,0,0,0.519398033618927
5889,6,3,0,0.5739113092422485
5890,3,2,0,0.6194174289703369
5891,0,0,1,0.6082046627998352
5892,8,2,0,0.6929627060890198
5893,9,2,0,0.49992144107818604
5894,7,8,0,0.6122475862503052
5895,6,3,0,0.679770290851593
5896,8,2,0,0.5269692540168762
5897,4,2,0,0.796192467212677
5898,8,0,0,0.42445698380470276
5899,1,2,0,0.650501549243927
5900,4,3,0,0.49945884943008423
5901,5,2,0,0.6680083274841309
5902,9,2,0,0.5631682872772217
5903,4,2,0,0.5157834887504578
5904,7,2,0,0.6286662817001343
5905,1,2,0,0.5813660621643066
5906,4,0,0,0.567138671875
5907,5,3,0,0.7184710502624512
5908,3,2,0,0.7445358633995056
5909,1,3,0,0.7939055562019348
5910,2,3,0,0.4883541464805603
5911,6,2,0,0.6570972204208374
5912,4,3,0,0.6944249868392944
5913,7,3,0,0.7477532625198364
5914,1,2,0,0.6365815997123718
5915,5,3,0,0.5229137539863586
5916,9,8,0,0.5948868989944458
5917,3,2,0,0.8360875844955444
5918,1,2,0,0.5885595679283142
5919,4,0,0,0.4841233193874359
5920,8,2,0,0.43320462107658386
5921,7,3,0,0.3877306580543518
5922,7,2,0,0.6515914797782898
5923,0,0,1,0.7886067032814026
5924,4,2,0,0.42860186100006104
5925,3,2,0,0.6334710121154785
5926,4,2,0,0.7700122594833374
5927,6,3,0,0.8286308646202087
5928,7,4,0,0.5208912491798401
5929,7,2,0,0.49877944588661194
5930,5,0,0,0.5814815163612366
5931,4,2,0,0.719289243221283
5932,4,2,0,0.6874664425849915
5933,4,2,0,0.7177974581718445
5934,3,2,0,0.7189531326293945
5935,6,2,0,0.39221715927124023
5936,6,3,0,0.7114171981811523
5937,1,3,0,0.4992228150367737
5938,9,2,0,0.8031437993049622
5939,9,2,0,0.6334134340286255
5940,7,3,0,0.6835752129554749
5941,9,3,0,0.4798724949359894
5942,4,0,0,0.684539794921875
5943,3,3,1,0.6696180105209351
5944,2,2,1,0.691291868686676
5945,9,3,0,0.5733921527862549
5946,8,3,0,0.5878373384475708
5947,5,3,0,0.3547562062740326
5948,0,0,1,0.6567615866661072
5949,6,2,0,0.3451288044452667
5950,9,3,0,0.653186559677124
5951,0,3,0,0.4924163520336151
5952,9,3,0,0.7775141596794128
5953,7,2,0,0.7821593284606934
5954,8,3,0,0.6936619281768799
5955,5,2,0,0.5201897621154785
5956,4,2,0,0.6046774387359619
5957,4,2,0,0.5812140703201294
5958,9,8,0,0.6008545756340027
5959,4,3,0,0.5315650701522827
5960,2,0,0,0.4595430791378021
5961,6,1,0,0.6077595353126526
5962,6,2,0,0.541463315486908
5963,9,2,0,0.33803585171699524
5964,9,3,0,0.4834790527820587
5965,7,3,0,0.8118857741355896
5966,9,2,0,0.3787398338317871
5967,9,3,0,0.6021142601966858
5968,0,0,1,0.4006378650665283
5969,5,6,0,0.5795183181762695
5970,1,3,0,0.6858696937561035
5971,1,1,1,0.6863977909088135
5972,8,0,0,0.617148220539093
5973,6,0,0,0.8573651313781738
5974,9,2,0,0.5679389834403992
5975,9,2,0,0.6693835854530334
5976,5,3,0,0.8875777125358582
5977,6,3,0,0.6824111938476562
5978,5,6,0,0.5552210807800293
5979,5,2,0,0.478951632976532
5980,9,3,0,0.5293160080909729
5981,7,2,0,0.6636140942573547
5982,9,3,0,0.5587700009346008
5983,4,2,0,0.6000115871429443
5984,5,0,0,0.35078930854797363
5985,4,0,0,0.6371168494224548
5986,3,8,0,0.41621822118759155
5987,3,2,0,0.6615715026855469
5988,9,0,0,0.4491574764251709
5989,8,0,0,0.5148202180862427
5990,8,2,0,0.5235499739646912
5991,3,2,0,0.4856105148792267
5992,4,3,0,0.4878132939338684
5993,8,2,0,0.7940177321434021
5994,4,3,0,0.4429161548614502
5995,0,3,0,0.5585021376609802
5996,4,2,0,0.8630881905555725
5997,0,6,0,0.47415629029273987
5998,7,3,0,0.5782442092895508
5999,2,2,1,0.7070823311805725
6000,8,3,0,0.5653969645500183
6001,0,2,0,0.6011303067207336
6002,2,2,1,0.6516320705413818
6003,0,1,0,0.5985292196273804
6004,7,3,0,0.46519723534584045
6005,4,0,0,0.7318221926689148
6006,0,2,0,0.5738931894302368
6007,6,2,0,0.7040703892707825
6008,3,2,0,0.8550816774368286
6009,3,3,1,0.666528046131134
6010,1,3,0,0.531299889087677
6011,7,2,0,0.5326842069625854
6012,4,2,0,0.8331559896469116
6013,6,2,0,0.503052294254303
6014,5,2,0,0.8754189610481262
6015,0,6,0,0.5042495727539062
6016,4,2,0,0.6250435709953308
6017,9,3,0,0.5433508157730103
6018,5,2,0,0.7954725623130798
6019,6,3,0,0.7619545459747314
6020,6,0,0,0.42277899384498596
6021,3,2,0,0.6463675498962402
6022,0,3,0,0.3331599533557892
6023,5,3,0,0.7213525772094727
6024,2,2,1,0.612930417060852
6025,6,3,0,0.7182592153549194
6026,3,2,0,0.7407740950584412
6027,3,3,1,0.764896810054779
6028,8,3,0,0.46943220496177673
6029,0,2,0,0.664222240447998
6030,8,2,0,0.5917014479637146
6031,5,2,0,0.6231858134269714
6032,4,3,0,0.6303848624229431
6033,2,3,0,0.3585507571697235
6034,9,3,0,0.7352919578552246
6035,5,3,0,0.6948915719985962
6036,0,0,1,0.3309273421764374
6037,5,3,0,0.6260825395584106
6038,4,2,0,0.6570558547973633
6039,8,3,0,0.4842400848865509
6040,2,3,0,0.8305625915527344
6041,7,2,0,0.5825121402740479
6042,6,5,0,0.5548821687698364
6043,5,2,0,0.7633446455001831
6044,7,2,0,0.7669875025749207
6045,8,2,0,0.6320778727531433
6046,2,2,1,0.8202745914459229
6047,0,2,0,0.7721385359764099
6048,1,3,0,0.6958332657814026
6049,8,0,0,0.6139258742332458
6050,2,3,0,0.47863027453422546
6051,4,2,0,0.5966160893440247
6052,8,2,0,0.6715937256813049
6053,4,2,0,0.7285932898521423
6054,3,2,0,0.5841593146324158
6055,0,9,0,0.546335756778717
6056,4,2,0,0.6766313910484314
6057,0,2,0,0.6943331956863403
6058,1,2,0,0.3207947909832001
6059,9,3,0,0.3440425395965576
6060,3,8,0,0.4261404573917389
6061,0,2,0,0.7909659743309021
6062,3,2,0,0.7173420786857605
6063,6,3,0,0.6569617390632629
6064,5,6,0,0.5045971870422363
6065,5,2,0,0.8275520205497742
6066,2,3,0,0.5451043844223022
6067,8,3,0,0.8378045558929443
6068,5,3,0,0.5962607860565186
6069,0,3,0,0.7555285096168518
6070,8,3,0,0.8178123235702515
6071,7,2,0,0.605726957321167
6072,5,3,0,0.6696328520774841
6073,2,5,0,0.6997861266136169
6074,4,3,0,0.34149447083473206
6075,3,2,0,0.44734445214271545
6076,7,2,0,0.6173385381698608
6077,0,2,0,0.757647693157196
6078,2,2,1,0.6968042850494385
6079,3,3,1,0.8934405446052551
6080,1,6,0,0.40967661142349243
6081,0,2,0,0.6156096458435059
6082,0,0,1,0.5439386963844299
6083,2,6,0,0.46770378947257996
6084,1,3,0,0.5973583459854126
6085,2,2,1,0.7978288531303406
6086,1,3,0,0.5050719976425171
6087,4,2,0,0.5858697295188904
6088,6,2,0,0.6918396353721619
6089,7,2,0,0.5795824527740479
6090,1,2,0,0.7105951905250549
6091,0,2,0,0.8282373547554016
6092,5,2,0,0.7324352264404297
6093,2,2,1,0.5615076422691345
6094,5,3,0,0.7517025470733643
6095,9,2,0,0.5083721876144409
6096,2,3,0,0.4628021717071533
6097,5,3,0,0.7990490198135376
6098,6,6,1,0.6405919790267944
6099,7,3,0,0.7837028503417969
6100,1,3,0,0.62172931432724
6101,9,8,0,0.2619420886039734
6102,3,0,0,0.6516125798225403
6103,6,3,0,0.556790828704834
6104,1,2,0,0.5392979979515076
6105,0,8,0,0.8816120624542236
6106,2,3,0,0.7638845443725586
6107,9,2,0,0.5255129337310791
6108,4,3,0,0.3613031804561615
6109,2,2,1,0.7029336094856262
6110,9,0,0,0.4528355598449707
6111,3,2,0,0.7475926280021667
6112,8,2,0,0.7440090775489807
6113,2,9,0,0.45178502798080444
6114,9,0,0,0.6489996910095215
6115,8,2,0,0.6653137803077698
6116,5,3,0,0.8704792261123657
6117,1,0,0,0.41675883531570435
6118,0,3,0,0.5769515633583069
6119,1,2,0,0.5764772295951843
6120,5,0,0,0.4487515091896057
6121,2,3,0,0.7268320322036743
6122,5,3,0,0.7371641397476196
6123,6,3,0,0.689963698387146
6124,8,2,0,0.8190233111381531
6125,8,2,0,0.7796832919120789
6126,3,3,1,0.6189860701560974
6127,5,2,0,0.6196752190589905
6128,0,2,0,0.8453418612480164
6129,4,3,0,0.3824237287044525
6130,1,2,0,0.6746128797531128
6131,3,3,1,0.44358617067337036
6132,7,2,0,0.511802613735199
6133,0,8,0,0.3969671130180359
6134,3,2,0,0.35001373291015625
6135,3,3,1,0.5010475516319275
6136,9,0,0,0.5722633600234985
6137,2,2,1,0.8670313358306885
6138,3,0,0,0.5471144318580627
6139,9,3,0,0.33862656354904175
6140,9,3,0,0.6741913557052612
6141,8,6,0,0.5623783469200134
6142,5,2,0,0.6797683238983154
6143,9,3,0,0.6208810210227966
6144,7,3,0,0.6772564649581909
6145,2,2,1,0.8859598636627197
6146,0,0,1,0.6495687365531921
6147,9,3,0,0.46912509202957153
6148,4,2,0,0.8111620545387268
6149,7,3,0,0.477677583694458
6150,1,2,0,0.6484887599945068
6151,7,3,0,0.682770848274231
6152,6,2,0,0.5358059406280518
6153,4,2,0,0.575454592704773
6154,4,3,0,0.6408699750900269
6155,8,3,0,0.48746204376220703
6156,9,2,0,0.7501990795135498
6157,0,3,0,0.49593284726142883
6158,7,2,0,0.8369817137718201
6159,1,2,0,0.5190500020980835
6160,2,0,0,0.7859029769897461
6161,4,2,0,0.47028541564941406
6162,0,2,0,0.5476799607276917
6163,3,3,1,0.733208954334259
6164,7,3,0,0.7155784368515015
6165,5,2,0,0.7234447002410889
6166,1,8,0,0.4485536515712738
6167,9,2,0,0.5161654353141785
6168,3,2,0,0.6146296262741089
6169,5,2,0,0.7139308452606201
6170,2,2,1,0.7874522805213928
6171,4,3,0,0.505763828754425
6172,1,3,0,0.8580058813095093
6173,1,2,0,0.8957443833351135
6174,3,2,0,0.5624605417251587
6175,3,2,0,0.6384959816932678
6176,9,3,0,0.7382082343101501
6177,2,3,0,0.7464755773544312
6178,5,3,0,0.5687230229377747
6179,8,2,0,0.597938597202301
6180,0,3,0,0.6008982062339783
6181,8,2,0,0.35155197978019714
6182,1,3,0,0.5345553755760193
6183,5,3,0,0.5382519364356995
6184,1,3,0,0.47615307569503784
6185,5,2,0,0.6341596245765686
6186,9,2,0,0.5264352560043335
6187,0,3,0,0.5396888852119446
6188,9,1,0,0.5066535472869873
6189,2,0,0,0.691163182258606
6190,4,2,0,0.4963153600692749
6191,0,2,0,0.8658816814422607
6192,6,2,0,0.8403868079185486
6193,9,3,0,0.7529048919677734
6194,1,2,0,0.6722375154495239
6195,1,5,0,0.6144522428512573
6196,3,2,0,0.5566030740737915
6197,4,3,0,0.5423932075500488
6198,9,3,0,0.7849053740501404
6199,5,2,0,0.9128633737564087
6200,3,2,0,0.6830140948295593
6201,3,3,1,0.8061886429786682
6202,3,8,0,0.4516618549823761
6203,3,2,0,0.6693437099456787
6204,4,3,0,0.5043232440948486
6205,1,3,0,0.6083753705024719
6206,5,0,0,0.49509719014167786
6207,9,2,0,0.6441656351089478
6208,8,0,0,0.6138617992401123
6209,7,2,0,0.6774328947067261
6210,4,3,0,0.6903330087661743
6211,8,3,0,0.3739062249660492
6212,7,8,0,0.46300479769706726
6213,3,8,0,0.38409215211868286
6214,5,0,0,0.637725293636322
6215,2,3,0,0.6124429106712341
6216,5,3,0,0.5130436420440674
6217,8,3,0,0.6915130615234375
6218,9,7,0,0.4591684937477112
6219,7,2,0,0.64058518409729
6220,2,3,0,0.7673994302749634
6221,0,5,0,0.5077730417251587
6222,0,8,0,0.66542649269104
6223,7,2,0,0.584649920463562
6224,5,5,1,0.7351836562156677
6225,3,2,0,0.58059161901474
6226,5,3,0,0.3712564706802368
6227,7,3,0,0.8282754421234131
6228,4,3,0,0.5898980498313904
6229,6,2,0,0.4091886579990387
6230,2,3,0,0.6505634188652039
6231,8,3,0,0.7471359968185425
6232,2,2,1,0.8471390008926392
6233,7,3,0,0.567220151424408
6234,7,3,0,0.6730282306671143
6235,6,3,0,0.6428210735321045
6236,1,2,0,0.5400128364562988
6237,3,2,0,0.5962868928909302
6238,8,3,0,0.8123957514762878
6239,6,2,0,0.46039366722106934
6240,2,2,1,0.5743963122367859
6241,0,0,1,0.35917970538139343
6242,4,0,0,0.5870121121406555
6243,4,3,0,0.5634664297103882
6244,8,3,0,0.5545095205307007
6245,6,3,0,0.48490414023399353
6246,4,0,0,0.5290455222129822
6247,0,0,1,0.6187055110931396
6248,2,2,1,0.7324956059455872
6249,5,2,0,0.46768543124198914
6250,4,3,0,0.9188414216041565
6251,1,2,0,0.4789353907108307
6252,2,0,0,0.7745978236198425
6253,5,6,0,0.7164235711097717
6254,4,2,0,0.49254167079925537
6255,6,2,0,0.5373430848121643
6256,9,2,0,0.480954110622406
6257,5,0,0,0.6066821813583374
6258,0,0,1,0.7205157279968262
6259,5,5,1,0.5414896011352539
6260,2,2,1,0.9265376925468445
6261,0,2,0,0.49234798550605774
6262,8,2,0,0.6644342541694641
6263,2,3,0,0.6715386509895325
6264,6,2,0,0.8140711784362793
6265,4,5,0,0.452155739068985
6266,7,2,0,0.36781248450279236
6267,9,5,0,0.5297004580497742
6268,5,2,0,0.6419236063957214
6269,7,2,0,0.6158145070075989
6270,2,2,1,0.4362351596355438
6271,6,2,0,0.8172347545623779
6272,2,2,1,0.6934964060783386
6273,1,2,0,0.6671896576881409
6274,9,3,0,0.6328669190406799
6275,9,3,0,0.6245834231376648
6276,7,3,0,0.5293853282928467
6277,2,2,1,0.7338094711303711
6278,5,2,0,0.7473158240318298
6279,1,1,1,0.45885512232780457
6280,8,2,0,0.4834030270576477
6281,1,6,0,0.6394820213317871
6282,6,3,0,0.6251732110977173
6283,3,3,1,0.7494162321090698
6284,0,6,0,0.6133785247802734
6285,8,0,0,0.7805430293083191
6286,8,2,0,0.6750248074531555
6287,5,2,0,0.599675178527832
6288,6,2,0,0.810043454170227
6289,9,2,0,0.6151612401008606
6290,9,8,0,0.43245404958724976
6291,9,2,0,0.8117355108261108
6292,6,3,0,0.715660035610199
6293,3,2,0,0.6621373295783997
6294,0,0,1,0.5575631260871887
6295,8,2,0,0.5855768322944641
6296,8,8,1,0.42487087845802307
6297,5,2,0,0.43935784697532654
6298,3,3,1,0.6755144000053406
6299,3,8,0,0.7076234221458435
6300,1,3,0,0.46215003728866577
6301,1,3,0,0.5720106363296509
6302,0,2,0,0.7175645232200623
6303,7,3,0,0.7125699520111084
6304,0,0,1,0.9057884812355042
6305,6,3,0,0.5012301802635193
6306,0,2,0,0.7756297588348389
6307,4,2,0,0.748563289642334
6308,4,2,0,0.7050918340682983
6309,6,3,0,0.5943019390106201
6310,5,2,0,0.7564268708229065
6311,3,3,1,0.7470357418060303
6312,2,2,1,0.693290114402771
6313,9,2,0,0.6144542694091797
6314,6,2,0,0.544429361820221
6315,6,1,0,0.43160146474838257
6316,7,3,0,0.5855090022087097
6317,9,3,0,0.5199447870254517
6318,7,0,0,0.5826869606971741
6319,7,3,0,0.6859294772148132
6320,0,0,1,0.5741185545921326
6321,8,2,0,0.47117337584495544
6322,4,2,0,0.6224666833877563
6323,2,2,1,0.6434580683708191
6324,7,3,0,0.6501256227493286
6325,7,3,0,0.535502552986145
6326,7,3,0,0.704875648021698
6327,4,3,0,0.6448612809181213
6328,0,0,1,0.3706316649913788
6329,1,6,0,0.4725823998451233
6330,6,2,0,0.6883189678192139
6331,0,0,1,0.5792393684387207
6332,5,3,0,0.6369948387145996
6333,3,3,1,0.7293046712875366
6334,0,3,0,0.7207614183425903
6335,2,8,0,0.5904254913330078
6336,4,2,0,0.395813912153244
6337,9,2,0,0.7691620588302612
6338,7,1,0,0.36413857340812683
6339,3,2,0,0.7887610197067261
6340,3,2,0,0.7642040848731995
6341,2,0,0,0.620693027973175
6342,8,2,0,0.4531945288181305
6343,8,2,0,0.8397782444953918
6344,5,2,0,0.4976426064968109
6345,3,2,0,0.6576816439628601
6346,8,3,0,0.7222020030021667
6347,0,2,0,0.7088602781295776
6348,8,3,0,0.7521873712539673
6349,0,0,1,0.6141077280044556
6350,0,3,0,0.44426441192626953
6351,0,0,1,0.5535796880722046
6352,2,0,0,0.7422752976417542
6353,2,2,1,0.5664238929748535
6354,7,2,0,0.5895952582359314
6355,0,3,0,0.7093518376350403
6356,7,3,0,0.6398116946220398
6357,7,3,0,0.4719926714897156
6358,7,6,0,0.6029098629951477
6359,2,2,1,0.5478901863098145
6360,2,3,0,0.6047471165657043
6361,0,2,0,0.7821493148803711
6362,4,2,0,0.6637264490127563
6363,0,0,1,0.5577009320259094
6364,3,3,1,0.5885762572288513
6365,7,5,0,0.5725572109222412
6366,8,2,0,0.7170413732528687
6367,4,2,0,0.6657073497772217
6368,7,3,0,0.6856026649475098
6369,9,8,0,0.3403245806694031
6370,6,3,0,0.6965349912643433
6371,1,2,0,0.4560755491256714
6372,1,3,0,0.6150248646736145
6373,6,3,0,0.7221158742904663
6374,9,3,0,0.5873644948005676
6375,3,1,0,0.3988383114337921
6376,8,1,0,0.47840943932533264
6377,9,2,0,0.6380453109741211
6378,5,3,0,0.3508407771587372
6379,8,0,0,0.8029703497886658
6380,3,2,0,0.8295036554336548
6381,9,8,0,0.4255910813808441
6382,4,1,0,0.2795616090297699
6383,3,3,1,0.7668938636779785
6384,7,2,0,0.9417312145233154
6385,5,3,0,0.6882455348968506
6386,5,2,0,0.6156167387962341
6387,2,0,0,0.4356735050678253
6388,7,2,0,0.6721212863922119
6389,5,2,0,0.637863039970398
6390,7,8,0,0.5833871364593506
6391,9,2,0,0.4248046278953552
6392,6,0,0,0.5615059733390808
6393,3,3,1,0.4759259521961212
6394,0,6,0,0.506359338760376
6395,8,0,0,0.530292272567749
6396,4,2,0,0.7199352979660034
6397,5,2,0,0.5499067902565002
6398,6,3,0,0.8720715641975403
6399,1,2,0,0.7964063286781311
6400,0,3,0,0.6727862358093262
6401,4,2,0,0.8766962289810181
6402,8,2,0,0.504741370677948
6403,4,5,0,0.5477497577667236
6404,7,8,0,0.47550520300865173
6405,1,2,0,0.650509238243103
6406,3,2,0,0.7575417757034302
6407,2,0,0,0.5830684900283813
6408,0,3,0,0.5514321327209473
6409,9,3,0,0.5554130673408508
6410,1,2,0,0.5647745728492737
6411,8,3,0,0.5248542428016663
6412,8,2,0,0.5703006386756897
6413,6,2,0,0.7662413120269775
6414,8,3,0,0.6791445016860962
6415,1,3,0,0.555529773235321
6416,7,3,0,0.6154860258102417
6417,1,3,0,0.756351113319397
6418,0,2,0,0.4884195923805237
6419,9,3,0,0.6909305453300476
6420,7,8,0,0.4502377212047577
6421,6,2,0,0.6392286419868469
6422,4,2,0,0.7257237434387207
6423,5,2,0,0.4713658392429352
6424,8,0,0,0.35739579796791077
6425,2,3,0,0.5855543613433838
6426,1,3,0,0.9036842584609985
6427,2,2,1,0.6422293782234192
6428,5,0,0,0.5747463703155518
6429,8,3,0,0.598468005657196
6430,1,2,0,0.5788230299949646
6431,1,2,0,0.7707385420799255
6432,8,0,0,0.4636784791946411
6433,8,6,0,0.6666700839996338
6434,0,2,0,0.6308625936508179
6435,9,3,0,0.5867120623588562
6436,0,0,1,0.5714958906173706
6437,0,0,1,0.8415067195892334
6438,4,2,0,0.6398971676826477
6439,3,3,1,0.6310694813728333
6440,3,3,1,0.5024635195732117
6441,5,3,0,0.6814348697662354
6442,6,6,1,0.5697206854820251
6443,6,2,0,0.6400989294052124
6444,3,2,0,0.6491191983222961
6445,1,3,0,0.6858716011047363
6446,4,3,0,0.6025996208190918
6447,4,3,0,0.5001325011253357
6448,7,1,0,0.28657665848731995
6449,8,3,0,0.6664847135543823
6450,0,2,0,0.544034481048584
6451,1,8,0,0.506639301776886
6452,4,3,0,0.7955157160758972
6453,8,3,0,0.498341828584671
6454,4,3,0,0.395018607378006
6455,6,2,0,0.8385579586029053
6456,2,2,1,0.6556318402290344
6457,2,3,0,0.507092297077179
6458,2,2,1,0.6360155344009399
6459,6,2,0,0.8825418949127197
6460,3,3,1,0.8314687609672546
6461,4,2,0,0.5540396571159363
6462,0,2,0,0.7095776796340942
6463,8,0,0,0.6721526384353638
6464,1,3,0,0.6381538510322571
6465,3,5,0,0.5013576745986938
6466,8,2,0,0.7559338212013245
6467,3,3,1,0.7462325692176819
6468,8,3,0,0.5881130695343018
6469,9,2,0,0.5596778988838196
6470,1,2,0,0.7375499606132507
6471,6,6,1,0.5662869811058044
6472,1,3,0,0.5794087052345276
6473,9,3,0,0.5927174687385559
6474,8,0,0,0.7085282802581787
6475,2,2,1,0.8274363279342651
6476,0,2,0,0.6517689824104309
6477,4,8,0,0.6359512209892273
6478,7,3,0,0.5381864905357361
6479,4,2,0,0.7596381306648254
6480,0,3,0,0.561130702495575
6481,0,2,0,0.43446436524391174
6482,7,3,0,0.6674329042434692
6483,6,3,0,0.496050626039505
6484,8,2,0,0.6151601076126099
6485,9,2,0,0.4375220537185669
6486,8,2,0,0.5784728527069092
6487,6,2,0,0.8677225708961487
6488,2,2,1,0.8600173592567444
6489,8,2,0,0.6980295181274414
6490,8,2,0,0.5010442137718201
6491,0,2,0,0.8301786780357361
6492,1,2,0,0.5886765122413635
6493,1,3,0,0.6477721929550171
6494,0,2,0,0.7026888728141785
6495,7,2,0,0.9000845551490784
6496,7,2,0,0.59476238489151
6497,4,2,0,0.8013277053833008
6498,4,3,0,0.49769121408462524
6499,7,2,0,0.545120120048523
6500,7,2,0,0.4115171432495117
6501,2,3,0,0.5670980215072632
6502,6,3,0,0.7000893950462341
6503,6,2,0,0.7009730339050293
6504,7,0,0,0.7267722487449646
6505,4,5,0,0.613135576248169
6506,5,2,0,0.5374430418014526
6507,4,3,0,0.8957378268241882
6508,0,2,0,0.8871289491653442
6509,9,2,0,0.6553840041160583
6510,4,2,0,0.7368487119674683
6511,7,2,0,0.601452112197876
6512,2,0,0,0.755192756652832
6513,5,3,0,0.6582982540130615
6514,3,2,0,0.8316636085510254
6515,2,3,0,0.4689827263355255
6516,2,3,0,0.4113476574420929
6517,7,2,0,0.6804918050765991
6518,6,6,1,0.5291874408721924
6519,2,0,0,0.6266246438026428
6520,6,2,0,0.6903367638587952
6521,4,2,0,0.4545137584209442
6522,9,3,0,0.5827344059944153
6523,6,2,0,0.6040678024291992
6524,8,2,0,0.5056601762771606
6525,3,2,0,0.6763866543769836
6526,8,2,0,0.5977261662483215
6527,5,2,0,0.514268159866333
6528,5,2,0,0.6912686824798584
6529,2,0,0,0.5687974095344543
6530,3,2,0,0.5599702596664429
6531,4,3,0,0.6423772573471069
6532,5,3,0,0.4908234179019928
6533,2,2,1,0.6682298183441162
6534,7,3,0,0.7116571664810181
6535,5,2,0,0.531592845916748
6536,1,2,0,0.7084057927131653
6537,5,0,0,0.4802941679954529
6538,3,3,1,0.6018462181091309
6539,7,2,0,0.3194119930267334
6540,8,0,0,0.5536455512046814
6541,8,3,0,0.4097110629081726
6542,9,2,0,0.6075911521911621
6543,6,2,0,0.6614972352981567
6544,0,3,0,0.5593304634094238
6545,9,2,0,0.5630555748939514
6546,2,2,1,0.6802343130111694
6547,6,3,0,0.5886514782905579
6548,0,3,0,0.5409438014030457
6549,0,2,0,0.6577547192573547
6550,1,1,1,0.5889416933059692
6551,4,2,0,0.6402335166931152
6552,1,3,0,0.47769954800605774
6553,3,3,1,0.8658966422080994
6554,5,3,0,0.5266149640083313
6555,1,3,0,0.7110028266906738
6556,8,3,0,0.527276337146759
6557,9,0,0,0.5796972513198853
6558,6,2,0,0.7534542083740234
6559,2,3,0,0.6933268308639526
6560,6,2,0,0.4119630753993988
6561,9,2,0,0.6013821959495544
6562,5,2,0,0.5254979133605957
6563,6,3,0,0.5057045221328735
6564,5,3,0,0.5572457313537598
6565,9,3,0,0.5606409311294556
6566,1,0,0,0.5146141648292542
6567,4,2,0,0.5860671997070312
6568,2,8,0,0.5239414572715759
6569,8,3,0,0.6860039234161377
6570,9,0,0,0.6047759652137756
6571,5,2,0,0.6067673563957214
6572,4,3,0,0.7776585817337036
6573,7,2,0,0.49421724677085876
6574,0,3,0,0.6280744075775146
6575,3,2,0,0.44737112522125244
6576,7,3,0,0.5235946178436279
6577,1,3,0,0.7243658304214478
6578,6,3,0,0.3364851176738739
6579,9,3,0,0.6360704898834229
6580,1,2,0,0.7576923370361328
6581,1,3,0,0.8110150098800659
6582,4,5,0,0.3795590102672577
6583,0,2,0,0.905465304851532
6584,5,5,1,0.5912352800369263
6585,1,3,0,0.5494778752326965
6586,6,2,0,0.6446928381919861
6587,3,3,1,0.671524167060852
6588,0,2,0,0.5574065446853638
6589,2,3,0,0.695313572883606
6590,5,3,0,0.6650983095169067
6591,5,3,0,0.7713834047317505
6592,5,2,0,0.5681744813919067
6593,2,2,1,0.7349904775619507
6594,8,5,0,0.6084218621253967
6595,2,0,0,0.3734809160232544
6596,3,3,1,0.5361379384994507
6597,1,0,0,0.6385030150413513
6598,6,2,0,0.9085761904716492
6599,2,3,0,0.5392281413078308
6600,7,2,0,0.7218004465103149
6601,0,8,0,0.7564243078231812
6602,8,2,0,0.5530362129211426
6603,9,2,0,0.6586814522743225
6604,2,2,1,0.35962584614753723
6605,6,1,0,0.5734393000602722
6606,4,3,0,0.6301710605621338
6607,7,0,0,0.6159605383872986
6608,5,0,0,0.862354040145874
6609,5,2,0,0.32307153940200806
6610,8,0,0,0.6151025891304016
6611,8,2,0,0.6262839436531067
6612,7,3,0,0.7057451009750366
6613,8,2,0,0.7907944321632385
6614,5,3,0,0.5850445628166199
6615,7,3,0,0.4246270954608917
6616,4,3,0,0.5814662575721741
6617,4,2,0,0.5665479302406311
6618,0,0,1,0.4423755705356598
6619,0,3,0,0.5457740426063538
6620,7,2,0,0.6808621287345886
6621,0,5,0,0.5415993928909302
6622,4,3,0,0.7327269315719604
6623,0,2,0,0.7030444741249084
6624,4,2,0,0.414584219455719
6625,4,3,0,0.5673447847366333
6626,2,2,1,0.8371960520744324
6627,5,3,0,0.45594334602355957
6628,4,0,0,0.8768177628517151
6629,0,8,0,0.7621506452560425
6630,7,2,0,0.573065996170044
6631,7,2,0,0.6341231465339661
6632,7,2,0,0.7240142226219177
6633,0,2,0,0.8579744696617126
6634,4,0,0,0.437022864818573
6635,6,2,0,0.6879539489746094
6636,2,2,1,0.6502388119697571
6637,9,3,0,0.5054481625556946
6638,1,2,0,0.7809392213821411
6639,1,2,0,0.47506996989250183
6640,5,0,0,0.9038873314857483
6641,0,2,0,0.8031039834022522
6642,9,3,0,0.5197734832763672
6643,1,2,0,0.6931338310241699
6644,0,2,0,0.6534624695777893
6645,6,3,0,0.6973677277565002
6646,5,2,0,0.4792638123035431
6647,3,2,0,0.6276424527168274
6648,0,0,1,0.6120180487632751
6649,9,3,0,0.4578298032283783
6650,0,2,0,0.9351352453231812
6651,6,3,0,0.5141586065292358
6652,2,2,1,0.8634026646614075
6653,0,3,0,0.4749715328216553
6654,4,3,0,0.4758644998073578
6655,1,3,0,0.5651634335517883
6656,6,2,0,0.7974368929862976
6657,7,2,0,0.5719895958900452
6658,6,3,0,0.4845578670501709
6659,1,0,0,0.7492942810058594
6660,0,2,0,0.7853976488113403
6661,4,2,0,0.7651410698890686
6662,6,2,0,0.6137645244598389
6663,0,2,0,0.5597577095031738
6664,4,2,0,0.8213529586791992
6665,4,3,0,0.8316332101821899
6666,2,2,1,0.7587378621101379
6667,7,3,0,0.708242654800415
6668,6,3,0,0.40935149788856506
6669,5,2,0,0.6679106950759888
6670,3,3,1,0.639012336730957
6671,5,3,0,0.6335099935531616
6672,9,3,0,0.6143473982810974
6673,4,3,0,0.6196804642677307
6674,5,2,0,0.5182548761367798
6675,2,2,1,0.5249955654144287
6676,0,2,0,0.6389380097389221
6677,5,3,0,0.6330228447914124
6678,7,2,0,0.8736081719398499
6679,2,0,0,0.43880796432495117
6680,3,3,1,0.7173135876655579
6681,9,2,0,0.6849184632301331
6682,4,3,0,0.7601310610771179
6683,5,2,0,0.6631657481193542
6684,8,2,0,0.8429301977157593
6685,1,5,0,0.5216267704963684
6686,9,2,0,0.8206674456596375
6687,3,8,0,0.3418787717819214
6688,1,3,0,0.7998389601707458
6689,8,3,0,0.6045228838920593
6690,5,3,0,0.5170398354530334
6691,8,2,0,0.544001579284668
6692,6,2,0,0.5262636542320251
6693,6,3,0,0.6156630516052246
6694,3,2,0,0.5503296852111816
6695,4,3,0,0.819786548614502
6696,0,3,0,0.570038378238678
6697,2,2,1,0.7599760293960571
6698,3,3,1,0.39347976446151733
6699,2,2,1,0.8648385405540466
6700,6,3,0,0.5448430776596069
6701,1,3,0,0.6360698938369751
6702,8,3,0,0.7213377952575684
6703,2,2,1,0.6928344964981079
6704,1,3,0,0.5737844109535217
6705,3,2,0,0.628859281539917
6706,6,3,0,0.6924189329147339
6707,2,2,1,0.39276453852653503
6708,2,3,0,0.490317702293396
6709,3,2,0,0.907081663608551
6710,3,2,0,0.567462146282196
6711,5,2,0,0.6071584224700928
6712,0,2,0,0.35986799001693726
6713,2,3,0,0.8553457856178284
6714,1,2,0,0.8062317371368408
6715,2,2,1,0.4551052749156952
6716,8,2,0,0.7363681793212891
6717,0,3,0,0.7837706208229065
6718,8,3,0,0.36505991220474243
6719,2,3,0,0.8550601601600647
6720,2,2,1,0.7221167087554932
6721,7,0,0,0.5556498169898987
6722,3,2,0,0.7895773649215698
6723,5,1,0,0.4277583658695221
6724,9,9,1,0.6507927179336548
6725,8,6,0,0.5056082606315613
6726,3,2,0,0.6253814697265625
6727,6,3,0,0.5464585423469543
6728,1,5,0,0.661145031452179
6729,0,2,0,0.7441045641899109
6730,8,2,0,0.7433091402053833
6731,6,3,0,0.7103396654129028
6732,3,3,1,0.37939387559890747
6733,5,2,0,0.851453423500061
6734,8,3,0,0.5330831408500671
6735,9,2,0,0.7729624509811401
6736,4,3,0,0.6668914556503296
6737,8,2,0,0.5880190134048462
6738,0,0,1,0.6263025999069214
6739,0,3,0,0.7993149757385254
6740,2,2,1,0.7241670489311218
6741,9,8,0,0.4761658012866974
6742,1,1,1,0.6553046107292175
6743,8,0,0,0.5318027138710022
6744,3,5,0,0.6686980724334717
6745,7,8,0,0.423155277967453
6746,2,3,0,0.7676641941070557
6747,8,3,0,0.4654950499534607
6748,0,3,0,0.7732937335968018
6749,9,3,0,0.6226821541786194
6750,4,3,0,0.5449128746986389
6751,8,0,0,0.4724752604961395
6752,9,0,0,0.5888628363609314
6753,4,2,0,0.8081310987472534
6754,8,3,0,0.5587767362594604
6755,9,5,0,0.4462133049964905
6756,5,3,0,0.6331875324249268
6757,4,6,0,0.5143581032752991
6758,8,2,0,0.7325393557548523
6759,1,3,0,0.7077232599258423
6760,5,2,0,0.5278812646865845
6761,5,3,0,0.6032277941703796
6762,7,2,0,0.5339688062667847
6763,2,2,1,0.7273118495941162
6764,5,3,0,0.5241144895553589
6765,8,3,0,0.5625438690185547
6766,8,0,0,0.8008285164833069
6767,1,2,0,0.4348635971546173
6768,2,3,0,0.6675966382026672
6769,3,3,1,0.60748291015625
6770,1,2,0,0.6190687417984009
6771,5,3,0,0.4688475430011749
6772,0,3,0,0.5844802856445312
6773,2,2,1,0.587959885597229
6774,3,2,0,0.47967591881752014
6775,0,3,0,0.43045178055763245
6776,8,3,0,0.6310663223266602
6777,2,3,0,0.5347640514373779
6778,2,1,0,0.459328830242157
6779,8,3,0,0.8041359782218933
6780,7,2,0,0.8874115347862244
6781,3,8,0,0.27818459272384644
6782,5,8,0,0.7365054488182068
6783,3,3,1,0.5701123476028442
6784,9,8,0,0.593559980392456
6785,6,3,0,0.5935683250427246
6786,3,0,0,0.6257746815681458
6787,5,6,0,0.5034397840499878
6788,1,3,0,0.7704935073852539
6789,1,2,0,0.6566900014877319
6790,7,8,0,0.5149775147438049
6791,7,2,0,0.6256164312362671
6792,3,0,0,0.5882841348648071
6793,3,2,0,0.7939534187316895
6794,8,0,0,0.4162060618400574
6795,9,2,0,0.5869894027709961
6796,6,2,0,0.6123890280723572
6797,0,2,0,0.6196468472480774
6798,8,2,0,0.7223678231239319
6799,0,2,0,0.6451770663261414
6800,6,2,0,0.6749917268753052
6801,6,3,0,0.5418691039085388
6802,4,2,0,0.6189056634902954
6803,6,0,0,0.7626548409461975
6804,9,2,0,0.4582175314426422
6805,1,2,0,0.7235245704650879
6806,1,2,0,0.42968088388442993
6807,7,8,0,0.32645735144615173
6808,0,2,0,0.5077544450759888
6809,6,3,0,0.370342880487442
6810,8,3,0,0.4920812249183655
6811,9,3,0,0.6895769238471985
6812,0,2,0,0.5661675930023193
6813,6,2,0,0.8960939645767212
6814,9,2,0,0.6991042494773865
6815,0,2,0,0.5641553401947021
6816,1,0,0,0.8644366264343262
6817,1,3,0,0.43525561690330505
6818,7,2,0,0.6603367924690247
6819,2,3,0,0.3945370614528656
6820,1,0,0,0.3076464831829071
6821,0,2,0,0.8793087005615234
6822,4,2,0,0.6176542043685913
6823,5,3,0,0.5879315137863159
6824,0,2,0,0.38678061962127686
6825,3,3,1,0.453966349363327
6826,6,2,0,0.8077402710914612
6827,3,8,0,0.3913137912750244
6828,3,3,1,0.7190895676612854
6829,8,2,0,0.9119517803192139
6830,1,3,0,0.5360239744186401
6831,8,2,0,0.37101027369499207
6832,1,3,0,0.7738936543464661
6833,3,2,0,0.5575323104858398
6834,1,8,0,0.5551019906997681
6835,5,3,0,0.6066610217094421
6836,4,2,0,0.6560643911361694
6837,5,3,0,0.7920934557914734
6838,1,3,0,0.5649544596672058
6839,8,3,0,0.6183492541313171
6840,9,2,0,0.7072705626487732
6841,1,3,0,0.7139778137207031
6842,3,3,1,0.35464411973953247
6843,1,2,0,0.7880061268806458
6844,7,2,0,0.4823931157588959
6845,2,3,0,0.5891157984733582
6846,9,1,0,0.42585766315460205
6847,8,2,0,0.5259843468666077
6848,9,2,0,0.4916323721408844
6849,4,3,0,0.4085250496864319
6850,6,1,0,0.4489252269268036
6851,0,0,1,0.6040209531784058
6852,9,3,0,0.3749290406703949
6853,4,3,0,0.6269866824150085
6854,0,2,0,0.47570326924324036
6855,4,3,0,0.7490471005439758
6856,6,3,0,0.6010803580284119
6857,2,2,1,0.7761049866676331
6858,1,3,0,0.4915761649608612
6859,3,2,0,0.5431094169616699
6860,0,3,0,0.5699050426483154
6861,8,3,0,0.6768682599067688
6862,5,2,0,0.6898137927055359
6863,6,0,0,0.6087332367897034
6864,0,3,0,0.5408408641815186
6865,3,3,1,0.6482604146003723
6866,4,2,0,0.4823450744152069
6867,6,2,0,0.5300596952438354
6868,9,2,0,0.3697337210178375
6869,5,2,0,0.6073282361030579
6870,7,2,0,0.6427116990089417
6871,9,2,0,0.43888533115386963
6872,0,5,0,0.5956994295120239
6873,3,3,1,0.6911396384239197
6874,6,2,0,0.4497063457965851
6875,5,2,0,0.6517665386199951
6876,7,3,0,0.5536657571792603
6877,0,2,0,0.8101641535758972
6878,5,0,0,0.6551509499549866
6879,1,0,0,0.7447072863578796
6880,2,3,0,0.787163257598877
6881,2,3,0,0.5952296257019043
6882,9,3,0,0.6173380613327026
6883,7,2,0,0.522452175617218
6884,0,2,0,0.7105838060379028
6885,0,3,0,0.8512552976608276
6886,1,3,0,0.5730053782463074
6887,4,3,0,0.7281266450881958
6888,4,2,0,0.366643488407135
6889,5,2,0,0.5870034098625183
6890,5,3,0,0.5396401286125183
6891,9,3,0,0.4050755500793457
6892,6,2,0,0.7129073739051819
6893,3,2,0,0.7095347046852112
6894,6,2,0,0.6595789790153503
6895,2,3,0,0.45187684893608093
6896,6,2,0,0.7069124579429626
6897,9,2,0,0.7034527659416199
6898,3,2,0,0.47543659806251526
6899,2,3,0,0.6299922466278076
6900,3,3,1,0.6957021951675415
6901,2,3,0,0.9027730822563171
6902,4,2,0,0.6448791027069092
6903,9,6,0,0.5285423994064331
6904,5,2,0,0.7218298316001892
6905,2,2,1,0.7388556003570557
6906,1,3,0,0.5443044304847717
6907,6,3,0,0.7538734078407288
6908,6,3,0,0.3812779188156128
6909,4,2,0,0.7338555455207825
6910,7,3,0,0.5585460662841797
6911,6,2,0,0.34122854471206665
6912,3,3,1,0.6654351353645325
6913,3,3,1,0.6132258772850037
6914,8,2,0,0.7881602644920349
6915,1,9,0,0.32850655913352966
6916,4,2,0,0.6407347321510315
6917,6,3,0,0.6088271141052246
6918,4,2,0,0.6648642420768738
6919,4,3,0,0.556677520275116
6920,5,5,1,0.5849589705467224
6921,6,3,0,0.5758529305458069
6922,2,2,1,0.7757642269134521
6923,0,2,0,0.7262355089187622
6924,5,2,0,0.5368964672088623
6925,2,3,0,0.6348903179168701
6926,7,3,0,0.46581754088401794
6927,5,3,0,0.5032800436019897
6928,2,3,0,0.3868155777454376
6929,5,2,0,0.5918403267860413
6930,2,0,0,0.5169708132743835
6931,5,2,0,0.5596277117729187
6932,9,3,0,0.604731559753418
6933,0,2,0,0.558380663394928
6934,6,3,0,0.7436665296554565
6935,7,2,0,0.71928870677948
6936,9,3,0,0.7603231072425842
6937,8,3,0,0.7826340198516846
6938,3,3,1,0.4886561930179596
6939,2,3,0,0.5513522624969482
6940,1,2,0,0.7300551533699036
6941,4,2,0,0.6258134841918945
6942,3,3,1,0.5960205793380737
6943,4,2,0,0.669151246547699
6944,5,3,0,0.8040528893470764
6945,5,0,0,0.4641265571117401
6946,6,0,0,0.6364404559135437
6947,8,3,0,0.6146955490112305
6948,6,2,0,0.72099369764328
6949,0,2,0,0.7969001531600952
6950,8,0,0,0.3374360203742981
6951,9,3,0,0.7527454495429993
6952,8,2,0,0.6849431991577148
6953,0,2,0,0.5737825036048889
6954,7,2,0,0.839744508266449
6955,7,3,0,0.5742474794387817
6956,6,2,0,0.679414689540863
6957,6,2,0,0.5697775483131409
6958,7,3,0,0.8158634901046753
6959,5,2,0,0.8533663153648376
6960,9,3,0,0.5036138296127319
6961,8,3,0,0.5349870324134827
6962,7,2,0,0.5763034224510193
6963,9,3,0,0.40287768840789795
6964,5,2,0,0.7609923481941223
6965,6,3,0,0.7908668518066406
6966,0,0,1,0.7541173696517944
6967,4,3,0,0.7071326375007629
6968,8,0,0,0.7017166614532471
6969,2,2,1,0.5318918824195862
6970,0,2,0,0.8543102741241455
6971,9,2,0,0.4855104684829712
6972,1,2,0,0.6827114224433899
6973,3,2,0,0.606611430644989
6974,9,2,0,0.5844338536262512
6975,8,3,0,0.68971848487854
6976,3,3,1,0.4445527493953705
6977,7,2,0,0.42428457736968994
6978,4,2,0,0.7611836194992065
6979,5,3,0,0.5997374057769775
6980,0,2,0,0.6372765898704529
6981,2,2,1,0.5646038055419922
6982,1,2,0,0.5553945302963257
6983,9,2,0,0.477088987827301
6984,1,2,0,0.5894907116889954
6985,0,8,0,0.5862401723861694
6986,5,3,0,0.5102348327636719
6987,8,0,0,0.6489660143852234
6988,4,3,0,0.5289193987846375
6989,7,2,0,0.5137349367141724
6990,3,2,0,0.8363032937049866
6991,1,3,0,0.5636249780654907
6992,4,2,0,0.7563064694404602
6993,5,2,0,0.549042284488678
6994,3,1,0,0.47965240478515625
6995,1,2,0,0.6124055981636047
6996,0,2,0,0.37320104241371155
6997,8,2,0,0.6459340453147888
6998,8,2,0,0.748219907283783
6999,8,0,0,0.463807612657547
7000,2,2,1,0.5676546692848206
7001,1,2,0,0.5772358179092407
7002,3,3,1,0.8172310590744019
7003,7,2,0,0.6007733345031738
7004,3,2,0,0.6724784970283508
7005,1,3,0,0.4201061725616455
7006,6,2,0,0.8018587231636047
7007,9,5,0,0.597794234752655
7008,1,0,0,0.5534065961837769
7009,6,2,0,0.7195132970809937
7010,0,3,0,0.6083840727806091
7011,7,3,0,0.6238794922828674
7012,7,3,0,0.612463653087616
7013,1,1,1,0.2932323217391968
7014,3,1,0,0.2555294930934906
7015,3,3,1,0.5734255313873291
7016,3,3,1,0.7086062431335449
7017,1,3,0,0.6384535431861877
7018,0,2,0,0.7768808007240295
7019,2,2,1,0.8500300645828247
7020,7,2,0,0.4518281817436218
7021,1,2,0,0.81648188829422
7022,2,3,0,0.42343273758888245
7023,2,1,0,0.49886783957481384
7024,9,3,0,0.6127729415893555
7025,6,2,0,0.5101976990699768
7026,3,3,1,0.7433966398239136
7027,5,4,0,0.36364224553108215
7028,9,2,0,0.6672635674476624
7029,4,2,0,0.869942307472229
7030,8,2,0,0.704148530960083
7031,0,0,1,0.3774225413799286
7032,4,3,0,0.643162727355957
7033,8,2,0,0.48481032252311707
7034,0,2,0,0.589645504951477
7035,1,2,0,0.508181095123291
7036,3,0,0,0.46525752544403076
7037,7,2,0,0.635404109954834
7038,0,0,1,0.7254077196121216
7039,4,3,0,0.6458228230476379
7040,7,3,0,0.6302947402000427
7041,4,2,0,0.42541801929473877
7042,8,2,0,0.5118521451950073
7043,6,0,0,0.4379914700984955
7044,4,2,0,0.5380353331565857
7045,3,2,0,0.5601933002471924
7046,9,2,0,0.6504231691360474
7047,8,2,0,0.49487999081611633
7048,2,0,0,0.4738820195198059
7049,2,3,0,0.5156886577606201
7050,8,3,0,0.6005255579948425
7051,3,3,1,0.5049954056739807
7052,1,2,0,0.7049092650413513
7053,1,3,0,0.4430103003978729
7054,2,3,0,0.6345341801643372
7055,8,3,0,0.7584885358810425
7056,2,3,0,0.5388221740722656
7057,6,3,0,0.5954180359840393
7058,9,8,0,0.5077500939369202
7059,4,2,0,0.6847265362739563
7060,8,2,0,0.6992543339729309
7061,4,6,0,0.6914954781532288
7062,4,2,0,0.7051973938941956
7063,1,3,0,0.8380662202835083
7064,5,3,0,0.5075348019599915
7065,2,2,1,0.5904535055160522
7066,6,2,0,0.4353119730949402
7067,9,0,0,0.432717502117157
7068,2,0,0,0.8156670928001404
7069,0,2,0,0.6677051186561584
7070,7,3,0,0.6014729738235474
7071,1,2,0,0.5141199231147766
7072,8,2,0,0.8430471420288086
7073,9,2,0,0.6158151626586914
7074,3,0,0,0.5553634166717529
7075,9,3,0,0.5494886040687561
7076,9,3,0,0.5011606216430664
7077,0,2,0,0.469861775636673
7078,7,2,0,0.7914116382598877
7079,7,2,0,0.6756712794303894
7080,5,2,0,0.7185782194137573
7081,4,2,0,0.8679553866386414
7082,2,2,1,0.5525259971618652
7083,6,2,0,0.46239709854125977
7084,4,2,0,0.7057092785835266
7085,5,2,0,0.5539689660072327
7086,7,3,0,0.6474970579147339
7087,7,0,0,0.41963469982147217
7088,8,2,0,0.33600345253944397
7089,7,2,0,0.6798999905586243
7090,2,2,1,0.7231174111366272
7091,6,0,0,0.5731803178787231
7092,2,3,0,0.44318461418151855
7093,2,6,0,0.47897055745124817
7094,4,2,0,0.36829814314842224
7095,4,3,0,0.6888645887374878
7096,0,3,0,0.4854545593261719
7097,7,8,0,0.37505200505256653
7098,1,3,0,0.35000041127204895
7099,3,3,1,0.6839152574539185
7100,9,3,0,0.6343661546707153
7101,6,3,0,0.5722106099128723
7102,0,2,0,0.7845421433448792
7103,0,2,0,0.5306427478790283
7104,2,0,0,0.5612362027168274
7105,3,3,1,0.7792771458625793
7106,8,2,0,0.6503959894180298
7107,2,2,1,0.6232424974441528
7108,2,3,0,0.5805647373199463
7109,4,2,0,0.8231422305107117
7110,3,2,0,0.7411438226699829
7111,5,2,0,0.5706762671470642
7112,2,0,0,0.5941916108131409
7113,9,2,0,0.6713905334472656
7114,1,3,0,0.4997393488883972
7115,0,0,1,0.7339876294136047
7116,0,3,0,0.4013453423976898
7117,6,9,0,0.5316788554191589
7118,5,1,0,0.5898714661598206
7119,5,3,0,0.47957172989845276
7120,7,0,0,0.9128528833389282
7121,9,2,0,0.48075446486473083
7122,9,5,0,0.6619858741760254
7123,6,0,0,0.5086567401885986
7124,5,3,0,0.5942763090133667
7125,5,3,0,0.6166389584541321
7126,0,2,0,0.5485479831695557
7127,5,0,0,0.4882136881351471
7128,7,2,0,0.6074334979057312
7129,1,3,0,0.6590254306793213
7130,6,2,0,0.5846369862556458
7131,6,2,0,0.5896635055541992
7132,4,2,0,0.6089223623275757
7133,1,2,0,0.7500703930854797
7134,4,2,0,0.6411163210868835
7135,4,3,0,0.6759786009788513
7136,1,3,0,0.863206684589386
7137,5,0,0,0.768994152545929
7138,0,2,0,0.8623385429382324
7139,0,8,0,0.6471886038780212
7140,4,3,0,0.6950318217277527
7141,5,3,0,0.566230297088623
7142,8,2,0,0.5103786587715149
7143,4,2,0,0.8489612936973572
7144,8,2,0,0.584140956401825
7145,3,3,1,0.6782781481742859
7146,0,2,0,0.6126747131347656
7147,5,8,0,0.5742674469947815
7148,0,0,1,0.6337167024612427
7149,5,2,0,0.8426481485366821
7150,3,2,0,0.667422354221344
7151,1,3,0,0.6553555727005005
7152,6,6,1,0.5089578032493591
7153,7,3,0,0.4415609836578369
7154,0,0,1,0.604943037033081
7155,9,1,0,0.41119521856307983
7156,1,3,0,0.7367088198661804
7157,5,2,0,0.5974603295326233
7158,7,3,0,0.5357984900474548
7159,6,2,0,0.5595734715461731
7160,5,3,0,0.5729304552078247
7161,5,3,0,0.620612382888794
7162,5,2,0,0.6928803324699402
7163,6,3,0,0.8736537098884583
7164,0,0,1,0.4421220123767853
7165,0,3,0,0.6594873666763306
7166,1,3,0,0.8580790162086487
7167,7,3,0,0.5691304802894592
7168,5,3,0,0.8523334264755249
7169,1,3,0,0.4377239942550659
7170,9,2,0,0.5771946310997009
7171,2,3,0,0.49582719802856445
7172,4,3,0,0.6705580353736877
7173,1,2,0,0.5843952894210815
7174,3,2,0,0.4576677680015564
7175,7,2,0,0.6225168704986572
7176,8,3,0,0.6367416381835938
7177,2,0,0,0.45263826847076416
7178,0,2,0,0.5002864003181458
7179,9,2,0,0.5654369592666626
7180,6,3,0,0.7494807839393616
7181,6,2,0,0.7512475252151489
7182,0,3,0,0.7817191481590271
7183,6,8,0,0.3103528916835785
7184,5,3,0,0.47699782252311707
7185,8,9,0,0.4446536898612976
7186,2,3,0,0.8215085864067078
7187,7,0,0,0.7392134666442871
7188,4,3,0,0.5808064937591553
7189,0,3,0,0.6024277210235596
7190,2,0,0,0.5017531514167786
7191,7,5,0,0.5366048216819763
7192,7,8,0,0.40152519941329956
7193,8,5,0,0.47478845715522766
7194,8,2,0,0.5179186463356018
7195,7,3,0,0.6632121205329895
7196,0,0,1,0.7944557666778564
7197,4,2,0,0.6432514190673828
7198,9,2,0,0.5841932892799377
7199,1,3,0,0.7980323433876038
7200,4,2,0,0.7337722778320312
7201,4,2,0,0.7777915000915527
7202,3,2,0,0.5733418464660645
7203,5,3,0,0.5172743201255798
7204,4,2,0,0.7216283082962036
7205,6,2,0,0.6420803666114807
7206,2,2,1,0.6227587461471558
7207,3,2,0,0.5729326605796814
7208,1,2,0,0.6515429019927979
7209,0,3,0,0.5823637247085571
7210,3,2,0,0.6876055002212524
7211,3,2,0,0.5590060353279114
7212,3,2,0,0.7348167896270752
7213,6,0,0,0.4747331142425537
7214,3,3,1,0.7608475089073181
7215,1,3,0,0.5881494283676147
7216,2,3,0,0.7123480439186096
7217,8,0,0,0.7824690937995911
7218,9,2,0,0.4629586935043335
7219,7,3,0,0.5441609621047974
7220,9,2,0,0.5489083528518677
7221,3,2,0,0.6371726989746094
7222,8,3,0,0.7471371293067932
7223,7,5,0,0.522540271282196
7224,3,3,1,0.48026204109191895
7225,1,0,0,0.666086733341217
7226,7,3,0,0.816053569316864
7227,7,3,0,0.7729847431182861
7228,3,3,1,0.5855048298835754
7229,2,2,1,0.721694827079773
7230,2,2,1,0.478214830160141
7231,8,3,0,0.5220935940742493
7232,9,3,0,0.4369185268878937
7233,5,0,0,0.6764464378356934
7234,9,3,0,0.6203731298446655
7235,2,3,0,0.7436786890029907
7236,1,2,0,0.762516975402832
7237,7,0,0,0.31212785840034485
7238,4,3,0,0.5753750205039978
7239,4,3,0,0.44240543246269226
7240,0,2,0,0.479722261428833
7241,5,2,0,0.40671002864837646
7242,7,3,0,0.4247387647628784
7243,1,2,0,0.6157991290092468
7244,5,0,0,0.3707095980644226
7245,4,2,0,0.5044249892234802
7246,0,2,0,0.3483152985572815
7247,8,8,1,0.6518658995628357
7248,4,2,0,0.4165303409099579
7249,9,3,0,0.5628951787948608
7250,8,2,0,0.6420191526412964
7251,7,3,0,0.5872743725776672
7252,8,0,0,0.7054752707481384
7253,4,2,0,0.4280429780483246
7254,2,3,0,0.5086126923561096
7255,3,2,0,0.7597640752792358
7256,4,2,0,0.4715329706668854
7257,0,8,0,0.7833260893821716
7258,5,3,0,0.7395933270454407
7259,4,2,0,0.7936007976531982
7260,1,3,0,0.760871946811676
7261,8,3,0,0.606925368309021
7262,2,3,0,0.59698086977005
7263,5,3,0,0.7437804937362671
7264,4,2,0,0.831254780292511
7265,5,6,0,0.3143613338470459
7266,2,0,0,0.6180000305175781
7267,5,3,0,0.6732659935951233
7268,3,2,0,0.4813784658908844
7269,7,0,0,0.5893625020980835
7270,9,2,0,0.8395510315895081
7271,7,2,0,0.7326477766036987
7272,1,0,0,0.6760104298591614
7273,4,0,0,0.6363185048103333
7274,1,0,0,0.7557836174964905
7275,3,5,0,0.5123311877250671
7276,1,2,0,0.6278455853462219
7277,4,8,0,0.5415165424346924
7278,5,3,0,0.7504434585571289
7279,5,3,0,0.7982026934623718
7280,1,3,0,0.8057392239570618
7281,7,3,0,0.5646706223487854
7282,1,2,0,0.7129863500595093
7283,3,3,1,0.7606607675552368
7284,0,2,0,0.803860604763031
7285,1,2,0,0.5870609283447266
7286,2,2,1,0.5468888282775879
7287,5,3,0,0.4929991364479065
7288,7,3,0,0.4269307255744934
7289,0,2,0,0.7678620219230652
7290,6,3,0,0.677819550037384
7291,3,3,1,0.756659209728241
7292,5,2,0,0.6948630809783936
7293,7,6,0,0.4636084735393524
7294,5,3,0,0.3972289562225342
7295,5,2,0,0.760566234588623
7296,8,2,0,0.3665422797203064
7297,9,5,0,0.7262316346168518
7298,4,2,0,0.6613593101501465
7299,6,2,0,0.5377532839775085
7300,3,2,0,0.528619110584259
7301,6,3,0,0.6640188694000244
7302,6,3,0,0.5264301896095276
7303,8,2,0,0.5408668518066406
7304,2,2,1,0.4861530661582947
7305,6,2,0,0.8973626494407654
7306,4,0,0,0.3648759722709656
7307,8,0,0,0.45221781730651855
7308,4,6,0,0.5345661044120789
7309,1,3,0,0.5172258019447327
7310,3,2,0,0.5139657855033875
7311,1,0,0,0.5705099701881409
7312,2,0,0,0.915867030620575
7313,3,3,1,0.6319225430488586
7314,3,3,1,0.9588968753814697
7315,0,3,0,0.43755480647087097
7316,1,2,0,0.6142098903656006
7317,6,2,0,0.43797677755355835
7318,4,4,1,0.5361542105674744
7319,2,8,0,0.6945215463638306
7320,8,2,0,0.5556704998016357
7321,2,2,1,0.822475254535675
7322,4,3,0,0.6911613941192627
7323,3,3,1,0.5021300315856934
7324,1,5,0,0.5934455990791321
7325,4,2,0,0.8046713471412659
7326,4,0,0,0.5936797261238098
7327,4,2,0,0.9136293530464172
7328,4,2,0,0.5848602652549744
7329,1,5,0,0.6288285851478577
7330,5,3,0,0.507244884967804
7331,5,2,0,0.6374157071113586
7332,7,3,0,0.6932591795921326
7333,6,0,0,0.474496990442276
7334,5,3,0,0.8610175848007202
7335,4,2,0,0.5477115511894226
7336,5,2,0,0.49498263001441956
7337,6,8,0,0.49761903285980225
7338,5,2,0,0.8644551634788513
7339,6,2,0,0.6972609162330627
7340,2,0,0,0.7260729074478149
7341,4,8,0,0.5178676843643188
7342,7,3,0,0.6403520703315735
7343,7,2,0,0.6679483652114868
7344,4,2,0,0.4321989119052887
7345,6,2,0,0.49989446997642517
7346,5,2,0,0.5949758887290955
7347,0,3,0,0.5323508977890015
7348,2,3,0,0.6305783987045288
7349,3,2,0,0.5669122934341431
7350,9,2,0,0.8988118767738342
7351,2,3,0,0.49544844031333923
7352,3,3,1,0.5554224252700806
7353,8,3,0,0.7707036733627319
7354,0,8,0,0.6424655318260193
7355,7,2,0,0.6546158194541931
7356,0,3,0,0.819210410118103
7357,6,2,0,0.4386189877986908
7358,8,6,0,0.5282413363456726
7359,1,3,0,0.7717376947402954
7360,2,2,1,0.4353432357311249
7361,8,2,0,0.5983511805534363
7362,9,0,0,0.625180721282959
7363,1,3,0,0.7049987316131592
7364,5,2,0,0.8867742419242859
7365,4,3,0,0.5035324692726135
7366,2,3,0,0.5773231983184814
7367,3,3,1,0.4746852517127991
7368,5,5,1,0.4306522607803345
7369,5,2,0,0.6997811794281006
7370,3,2,0,0.5433779358863831
7371,6,3,0,0.5249260663986206
7372,5,2,0,0.7410820722579956
7373,0,3,0,0.5881529450416565
7374,3,2,0,0.74946528673172
7375,2,3,0,0.6324523687362671
7376,1,2,0,0.6496344804763794
7377,3,0,0,0.7417452931404114
7378,3,3,1,0.5619167685508728
7379,7,3,0,0.6957739591598511
7380,7,2,0,0.898768424987793
7381,4,3,0,0.4909597933292389
7382,9,0,0,0.7732758522033691
7383,4,2,0,0.8476036787033081
7384,3,2,0,0.547522246837616
7385,9,0,0,0.4695894420146942
7386,5,2,0,0.6209341883659363
7387,1,3,0,0.7178812623023987
7388,7,2,0,0.6820079684257507
7389,6,3,0,0.48331770300865173
7390,6,2,0,0.6147243976593018
7391,4,3,0,0.6148955821990967
7392,8,2,0,0.37731605768203735
7393,5,2,0,0.8618020415306091
7394,1,3,0,0.6814365386962891
7395,2,3,0,0.5418925881385803
7396,8,2,0,0.8153628706932068
7397,4,2,0,0.6553590297698975
7398,5,3,0,0.8863041400909424
7399,3,3,1,0.902532160282135
7400,3,2,0,0.8723722696304321
7401,3,3,1,0.5434542298316956
7402,0,2,0,0.6695742011070251
7403,4,3,0,0.6583733558654785
7404,8,2,0,0.7016118764877319
7405,7,2,0,0.619560956954956
7406,7,3,0,0.6673362851142883
7407,9,5,0,0.5482568144798279
7408,4,2,0,0.687389075756073
7409,8,0,0,0.3044094145298004
7410,4,2,0,0.8400303721427917
7411,5,3,0,0.4941902756690979
7412,9,3,0,0.6861637234687805
7413,1,3,0,0.6750243902206421
7414,8,2,0,0.7611164450645447
7415,3,3,1,0.7697474360466003
7416,1,0,0,0.6676013469696045
7417,3,3,1,0.6209475994110107
7418,8,2,0,0.4980715215206146
7419,0,2,0,0.49038946628570557
7420,3,2,0,0.7289004325866699
7421,5,2,0,0.8619641065597534
7422,4,3,0,0.782002866268158
7423,6,3,0,0.842221736907959
7424,9,3,0,0.9046725034713745
7425,2,6,0,0.46460944414138794
7426,7,2,0,0.7895232439041138
7427,2,8,0,0.30287620425224304
7428,0,2,0,0.6348870992660522
7429,5,2,0,0.6339858174324036
7430,2,3,0,0.6384210586547852
7431,9,8,0,0.6470233798027039
7432,7,6,0,0.6580119729042053
7433,5,2,0,0.8354912400245667
7434,0,2,0,0.7945663928985596
7435,7,0,0,0.4995667636394501
7436,0,2,0,0.5938696265220642
7437,3,2,0,0.7926899194717407
7438,5,2,0,0.5973657369613647
7439,5,0,0,0.6686974763870239
7440,3,2,0,0.5499094128608704
7441,8,6,0,0.46537429094314575
7442,7,3,0,0.8121601343154907
7443,7,2,0,0.827757716178894
7444,9,2,0,0.6111348271369934
7445,6,3,0,0.6346973776817322
7446,5,5,1,0.6642059683799744
7447,8,2,0,0.4422159492969513
7448,9,3,0,0.47908154129981995
7449,0,2,0,0.4832991361618042
7450,1,2,0,0.5000417232513428
7451,9,3,0,0.5017622709274292
7452,4,2,0,0.47255367040634155
7453,0,2,0,0.725759744644165
7454,0,0,1,0.6583457589149475
7455,1,3,0,0.7723492383956909
7456,7,3,0,0.8040075302124023
7457,2,3,0,0.8106796145439148
7458,2,3,0,0.5148085951805115
7459,8,9,0,0.5705990791320801
7460,5,1,0,0.5645279884338379
7461,9,3,0,0.8623785972595215
7462,8,2,0,0.3589138984680176
7463,2,2,1,0.7904234528541565
7464,8,2,0,0.5271161794662476
7465,0,2,0,0.5135855674743652
7466,6,2,0,0.7202669382095337
7467,6,2,0,0.7681257128715515
7468,8,0,0,0.6972622275352478
7469,6,3,0,0.5470840930938721
7470,9,3,0,0.589397668838501
7471,6,3,0,0.6247807145118713
7472,1,0,0,0.4424215853214264
7473,1,2,0,0.6158271431922913
7474,5,2,0,0.6691288352012634
7475,3,3,1,0.6358006000518799
7476,5,2,0,0.8175446391105652
7477,0,2,0,0.8246728181838989
7478,7,3,0,0.9594283699989319
7479,6,2,0,0.9062150120735168
7480,1,3,0,0.689813494682312
7481,4,5,0,0.46214863657951355
7482,4,2,0,0.5643069744110107
7483,1,2,0,0.5694082379341125
7484,1,3,0,0.7177259922027588
7485,8,2,0,0.7520216703414917
7486,1,3,0,0.6755657196044922
7487,1,3,0,0.47574982047080994
7488,2,0,0,0.35754677653312683
7489,3,2,0,0.7177342176437378
7490,4,2,0,0.588785707950592
7491,9,2,0,0.9102590084075928
7492,9,3,0,0.4230465888977051
7493,5,2,0,0.621776819229126
7494,2,0,0,0.6511738896369934
7495,7,3,0,0.7773692011833191
7496,3,0,0,0.6841126084327698
7497,3,2,0,0.6412776112556458
7498,6,3,0,0.6720719337463379
7499,9,3,0,0.41656556725502014
7500,6,3,0,0.6130751967430115
7501,9,8,0,0.39199692010879517
7502,8,5,0,0.5828728079795837
7503,8,3,0,0.6668179035186768
7504,6,0,0,0.7986074686050415
7505,7,2,0,0.5084263682365417
7506,4,2,0,0.6774349212646484
7507,7,3,0,0.7795379161834717
7508,2,3,0,0.575042724609375
7509,3,5,0,0.3539370894432068
7510,8,3,0,0.8004056215286255
7511,0,8,0,0.40888699889183044
7512,9,2,0,0.6887468099594116
7513,0,3,0,0.639094889163971
7514,7,3,0,0.6049887537956238
7515,8,2,0,0.5780173540115356
7516,1,3,0,0.6187605857849121
7517,2,2,1,0.3534558117389679
7518,3,2,0,0.6894245743751526
7519,2,3,0,0.8020768761634827
7520,4,3,0,0.713493824005127
7521,2,8,0,0.45550286769866943
7522,9,2,0,0.7782023549079895
7523,0,3,0,0.7250794768333435
7524,3,6,0,0.7400739789009094
7525,8,3,0,0.742241621017456
7526,9,3,0,0.6775883436203003
7527,6,8,0,0.40264782309532166
7528,5,6,0,0.7290769815444946
7529,5,3,0,0.45865485072135925
7530,2,3,0,0.58859783411026
7531,4,3,0,0.6342578530311584
7532,1,3,0,0.7547033429145813
7533,0,2,0,0.5854335427284241
7534,6,2,0,0.5853427648544312
7535,1,3,0,0.5231924653053284
7536,8,2,0,0.8421055674552917
7537,4,0,0,0.5277348160743713
7538,5,3,0,0.3464781939983368
7539,5,2,0,0.8377556800842285
7540,5,2,0,0.7035818099975586
7541,0,2,0,0.6874166131019592
7542,8,3,0,0.5045416355133057
7543,9,2,0,0.5026589035987854
7544,0,0,1,0.7778556942939758
7545,5,2,0,0.5909153819084167
7546,7,3,0,0.6232143640518188
7547,9,0,0,0.5004450678825378
7548,6,2,0,0.624350905418396
7549,3,2,0,0.7366774678230286
7550,4,2,0,0.8047081828117371
7551,6,5,0,0.5185611248016357
7552,4,3,0,0.6208333969116211
7553,9,3,0,0.6407026648521423
7554,7,3,0,0.4464593827724457
7555,1,2,0,0.7450256943702698
7556,2,3,0,0.694314181804657
7557,5,2,0,0.6516315937042236
7558,2,2,1,0.5169883370399475
7559,8,8,1,0.5808573961257935
7560,0,8,0,0.522643506526947
7561,2,8,0,0.5073919296264648
7562,2,3,0,0.8375773429870605
7563,9,3,0,0.7263866066932678
7564,8,2,0,0.676450788974762
7565,1,2,0,0.7445725798606873
7566,9,0,0,0.751847505569458
7567,7,0,0,0.6627156734466553
7568,7,3,0,0.6919078826904297
7569,3,3,1,0.38133135437965393
7570,1,3,0,0.5582113265991211
7571,4,3,0,0.742142915725708
7572,1,5,0,0.5524851679801941
7573,1,2,0,0.5074094533920288
7574,3,2,0,0.4174169600009918
7575,8,5,0,0.541451096534729
7576,8,8,1,0.5196992754936218
7577,1,8,0,0.4588330090045929
7578,9,2,0,0.5874380469322205
7579,3,3,1,0.5786591172218323
7580,8,3,0,0.5484117865562439
7581,9,3,0,0.41476812958717346
7582,5,3,0,0.8348369002342224
7583,1,3,0,0.42615166306495667
7584,1,2,0,0.4940508008003235
7585,6,2,0,0.7690111398696899
7586,2,3,0,0.680942177772522
7587,7,3,0,0.5050370693206787
7588,2,2,1,0.6007943749427795
7589,6,2,0,0.5710645318031311
7590,2,3,0,0.40740764141082764
7591,6,0,0,0.4394995868206024
7592,9,2,0,0.6143314242362976
7593,6,3,0,0.5798100233078003
7594,0,6,0,0.5663812756538391
7595,1,2,0,0.44627049565315247
7596,3,3,1,0.6306530237197876
7597,9,0,0,0.5399824380874634
7598,3,3,1,0.5958619713783264
7599,8,3,0,0.7339001893997192
7600,8,2,0,0.48488590121269226
7601,8,0,0,0.41140738129615784
7602,2,2,1,0.8866996765136719
7603,9,2,0,0.5583925247192383
7604,1,2,0,0.42639055848121643
7605,2,8,0,0.3182462751865387
7606,6,3,0,0.7336960434913635
7607,0,2,0,0.7884348034858704
7608,5,8,0,0.3851475119590759
7609,0,3,0,0.5429942011833191
7610,7,3,0,0.5697957277297974
7611,7,2,0,0.5976407527923584
7612,7,2,0,0.5558767914772034
7613,9,2,0,0.6345945596694946
7614,4,3,0,0.4737914502620697
7615,5,2,0,0.42125266790390015
7616,0,2,0,0.594365119934082
7617,2,2,1,0.4575243294239044
7618,3,2,0,0.7659403085708618
7619,5,3,0,0.5116785764694214
7620,5,3,0,0.5602710843086243
7621,8,0,0,0.378265380859375
7622,9,6,0,0.5715669393539429
7623,1,2,0,0.9173073768615723
7624,2,2,1,0.5628477334976196
7625,7,0,0,0.6599876284599304
7626,1,2,0,0.5110637545585632
7627,3,3,1,0.4187239408493042
7628,4,8,0,0.6567447185516357
7629,6,3,0,0.36446234583854675
7630,9,2,0,0.5089974999427795
7631,1,3,0,0.7561838626861572
7632,0,3,0,0.589349627494812
7633,7,8,0,0.366534024477005
7634,1,3,0,0.816200315952301
7635,9,2,0,0.5846866965293884
7636,5,3,0,0.5426803231239319
7637,8,2,0,0.5892168283462524
7638,1,3,0,0.580836296081543
7639,9,2,0,0.7655193209648132
7640,9,3,0,0.6199308633804321
7641,7,3,0,0.7799698710441589
7642,9,3,0,0.8469253182411194
7643,8,0,0,0.7029741406440735
7644,3,2,0,0.6084348559379578
7645,0,2,0,0.4521186053752899
7646,2,2,1,0.6636326909065247
7647,6,9,0,0.5535590648651123
7648,0,2,0,0.6938745379447937
7649,2,8,0,0.3714486062526703
7650,2,2,1,0.8211389780044556
7651,4,2,0,0.8066109418869019
7652,0,2,0,0.540091872215271
7653,8,0,0,0.5551794767379761
7654,4,9,0,0.4096238315105438
7655,8,3,0,0.5478109121322632
7656,1,2,0,0.6994231343269348
7657,2,2,1,0.7681688070297241
7658,7,2,0,0.47829464077949524
7659,2,2,1,0.7800661325454712
7660,7,2,0,0.656423032283783
7661,9,2,0,0.6957451701164246
7662,5,2,0,0.7695866823196411
7663,2,2,1,0.8911511898040771
7664,2,3,0,0.4951556921005249
7665,9,5,0,0.531769335269928
7666,2,3,0,0.457878440618515
7667,6,5,0,0.4837786853313446
7668,5,3,0,0.612636387348175
7669,7,3,0,0.6772266626358032
7670,2,5,0,0.47563695907592773
7671,5,3,0,0.6735988259315491
7672,6,3,0,0.6254740953445435
7673,5,2,0,0.6855539679527283
7674,1,2,0,0.6720119118690491
7675,8,2,0,0.7023563981056213
7676,2,2,1,0.5889994502067566
7677,6,0,0,0.6652845144271851
7678,8,3,0,0.6691610217094421
7679,6,2,0,0.6846833825111389
7680,3,2,0,0.5890772342681885
7681,0,0,1,0.4719845652580261
7682,8,2,0,0.6898298859596252
7683,0,2,0,0.7798284292221069
7684,0,2,0,0.7704894542694092
7685,9,0,0,0.5652151107788086
7686,9,3,0,0.6067564487457275
7687,6,0,0,0.5509225130081177
7688,8,3,0,0.5404283404350281
7689,0,2,0,0.6234683394432068
7690,6,3,0,0.46057891845703125
7691,6,2,0,0.7272552847862244
7692,0,3,0,0.6701850295066833
7693,7,3,0,0.6635482907295227
7694,9,3,0,0.7077401280403137
7695,8,2,0,0.7571032047271729
7696,0,3,0,0.55698561668396
7697,5,2,0,0.6420884728431702
7698,0,3,0,0.5203737020492554
7699,9,2,0,0.7122043371200562
7700,6,2,0,0.6806222796440125
7701,0,2,0,0.7621737718582153
7702,4,2,0,0.6724768877029419
7703,7,2,0,0.6500649452209473
7704,1,3,0,0.5420153141021729
7705,7,0,0,0.4802313446998596
7706,8,3,0,0.5036351680755615
7707,8,3,0,0.7936460375785828
7708,2,3,0,0.5385814309120178
7709,3,2,0,0.6418731212615967
7710,9,3,0,0.5538545250892639
7711,6,3,0,0.5557352304458618
7712,5,2,0,0.6649214029312134
7713,5,2,0,0.4728523790836334
7714,3,0,0,0.5409194231033325
7715,1,2,0,0.4298354983329773
7716,5,3,0,0.7248159646987915
7717,3,2,0,0.8271754384040833
7718,0,0,1,0.5174280405044556
7719,2,0,0,0.4834466874599457
7720,5,3,0,0.6116569638252258
7721,2,3,0,0.7170024514198303
7722,7,3,0,0.8237131237983704
7723,3,2,0,0.7367794513702393
7724,8,3,0,0.6707090139389038
7725,4,2,0,0.7072776556015015
7726,4,2,0,0.7865097522735596
7727,6,2,0,0.4992034435272217
7728,1,2,0,0.38231971859931946
7729,9,0,0,0.4985431134700775
7730,4,3,0,0.558954656124115
7731,1,3,0,0.6431595683097839
7732,7,0,0,0.5136767625808716
7733,0,2,0,0.7011139392852783
7734,1,2,0,0.5070357918739319
7735,4,1,0,0.6231817603111267
7736,3,2,0,0.805260956287384
7737,0,2,0,0.6941747665405273
7738,2,2,1,0.7723864912986755
7739,9,2,0,0.49045929312705994
7740,4,2,0,0.9127371907234192
7741,5,0,0,0.6812388300895691
7742,0,3,0,0.8142456412315369
7743,3,2,0,0.7573300004005432
7744,4,3,0,0.6759130358695984
7745,7,3,0,0.4179460108280182
7746,2,1,0,0.4583604633808136
7747,3,3,1,0.633934497833252
7748,0,2,0,0.7042666077613831
7749,1,3,0,0.5678157210350037
7750,3,2,0,0.5305920243263245
7751,7,3,0,0.34177109599113464
7752,9,5,0,0.612529456615448
7753,9,2,0,0.6580591797828674
7754,0,0,1,0.5688540935516357
7755,7,2,0,0.8818181157112122
7756,5,2,0,0.7272894978523254
7757,6,2,0,0.6972935795783997
7758,7,3,0,0.5105695724487305
7759,1,3,0,0.6810192465782166
7760,2,2,1,0.6802113056182861
7761,2,5,0,0.4957863986492157
7762,7,2,0,0.773890495300293
7763,4,3,0,0.7486274838447571
7764,6,2,0,0.5396752953529358
7765,8,3,0,0.728376567363739
7766,4,2,0,0.5266538858413696
7767,9,2,0,0.5449203252792358
7768,8,3,0,0.2632278501987457
7769,4,5,0,0.471844345331192
7770,9,3,0,0.4694533050060272
7771,2,0,0,0.9112752079963684
7772,3,3,1,0.8617339134216309
7773,4,3,0,0.7962306141853333
7774,0,3,0,0.7038660645484924
7775,2,2,1,0.6409696936607361
7776,5,2,0,0.4157695174217224
7777,6,1,0,0.48866894841194153
7778,0,8,0,0.6684718132019043
7779,5,2,0,0.7006679177284241
7780,3,3,1,0.5298408269882202
7781,5,1,0,0.5000908970832825
7782,8,2,0,0.534193217754364
7783,3,3,1,0.7570754289627075
7784,7,2,0,0.5983425974845886
7785,4,2,0,0.5694566369056702
7786,9,0,0,0.5484334230422974
7787,5,3,0,0.519308865070343
7788,6,3,0,0.743177592754364
7789,3,3,1,0.7246183156967163
7790,8,2,0,0.5790154337882996
7791,6,3,0,0.6397352814674377
7792,9,3,0,0.742698073387146
7793,8,2,0,0.47472554445266724
7794,5,2,0,0.929092526435852
7795,5,3,0,0.6915928721427917
7796,8,0,0,0.4256308674812317
7797,3,3,1,0.5289589166641235
7798,5,0,0,0.5171089768409729
7799,9,5,0,0.5007822513580322
7800,0,6,0,0.4758891463279724
7801,4,8,0,0.47628462314605713
7802,2,2,1,0.46928831934928894
7803,0,4,0,0.33154359459877014
7804,5,3,0,0.8265502452850342
7805,9,2,0,0.7956846952438354
7806,9,2,0,0.51059490442276
7807,3,2,0,0.7591037750244141
7808,8,2,0,0.7585358619689941
7809,0,2,0,0.7343835234642029
7810,6,3,0,0.7685915231704712
7811,0,2,0,0.5637727379798889
7812,2,2,1,0.6717501282691956
7813,3,3,1,0.45242345333099365
7814,7,3,0,0.6746401786804199
7815,0,3,0,0.7687212824821472
7816,0,3,0,0.6888708472251892
7817,6,3,0,0.8727211356163025
7818,9,3,0,0.5905006527900696
7819,1,3,0,0.5915706157684326
7820,5,3,0,0.552162230014801
7821,2,2,1,0.48400187492370605
7822,2,2,1,0.8870022296905518
7823,7,3,0,0.5299006104469299
7824,9,2,0,0.6491018533706665
7825,3,8,0,0.4692353904247284
7826,9,0,0,0.4474725127220154
7827,3,2,0,0.5932526588439941
7828,5,3,0,0.49928581714630127
7829,2,3,0,0.513390302658081
7830,2,3,0,0.3443451523780823
7831,2,2,1,0.6426082253456116
7832,8,2,0,0.8563219904899597
7833,8,2,0,0.7627782821655273
7834,5,9,0,0.4977343678474426
7835,0,2,0,0.6423830986022949
7836,0,2,0,0.37127625942230225
7837,7,5,0,0.348678320646286
7838,0,2,0,0.8780599236488342
7839,3,2,0,0.6981461048126221
7840,1,3,0,0.6536750197410583
7841,6,3,0,0.5880598425865173
7842,5,2,0,0.6477344036102295
7843,0,2,0,0.4724953770637512
7844,9,2,0,0.41506698727607727
7845,2,3,0,0.7277648448944092
7846,6,2,0,0.6083636283874512
7847,7,2,0,0.47236475348472595
7848,4,2,0,0.5254698991775513
7849,2,2,1,0.8882864713668823
7850,0,0,1,0.5492692589759827
7851,0,3,0,0.5243998169898987
7852,5,3,0,0.6123947501182556
7853,3,2,0,0.8015930652618408
7854,3,0,0,0.655707061290741
7855,2,2,1,0.9075047373771667
7856,6,2,0,0.6419739127159119
7857,4,3,0,0.8663265109062195
7858,2,3,0,0.42154380679130554
7859,7,2,0,0.4424874484539032
7860,8,3,0,0.5477964282035828
7861,0,3,0,0.608397901058197
7862,1,3,0,0.5213297605514526
7863,0,2,0,0.7197765111923218
7864,1,3,0,0.6033846139907837
7865,3,0,0,0.4031601846218109
7866,6,3,0,0.6318148970603943
7867,4,3,0,0.5812209248542786
7868,8,0,0,0.4735811650753021
7869,0,3,0,0.5049911737442017
7870,6,2,0,0.6938064098358154
7871,0,3,0,0.6041458249092102
7872,9,3,0,0.5972588062286377
7873,1,1,1,0.3789372742176056
7874,6,2,0,0.5554196238517761
7875,2,2,1,0.8374577760696411
7876,1,3,0,0.6154748797416687
7877,0,2,0,0.6163063049316406
7878,1,2,0,0.5915547013282776
7879,3,3,1,0.6150785684585571
7880,0,2,0,0.5857188105583191
7881,3,4,0,0.7552600502967834
7882,7,3,0,0.46690577268600464
7883,9,3,0,0.5007950663566589
7884,9,3,0,0.3367321491241455
7885,3,5,0,0.5417062044143677
7886,7,2,0,0.46888747811317444
7887,5,2,0,0.5701437592506409
7888,7,2,0,0.5742207765579224
7889,1,3,0,0.7159137725830078
7890,6,8,0,0.5241109132766724
7891,6,2,0,0.8331239819526672
7892,1,6,0,0.639503002166748
7893,1,2,0,0.6338063478469849
7894,1,6,0,0.475685715675354
7895,4,2,0,0.7525982856750488
7896,4,2,0,0.5511078834533691
7897,2,0,0,0.6030897498130798
7898,1,3,0,0.5524839162826538
7899,7,2,0,0.7479074001312256
7900,0,0,1,0.42685845494270325
7901,1,2,0,0.812966525554657
7902,2,3,0,0.8001928925514221
7903,1,8,0,0.379879891872406
7904,1,2,0,0.4775483012199402
7905,3,3,1,0.7238521575927734
7906,2,2,1,0.6411810517311096
7907,6,2,0,0.7358821034431458
7908,9,2,0,0.6915816068649292
7909,1,3,0,0.6715419888496399
7910,3,3,1,0.6597983837127686
7911,2,3,0,0.6780950427055359
7912,0,2,0,0.6005357503890991
7913,8,2,0,0.6241351366043091
7914,7,3,0,0.8278330564498901
7915,3,2,0,0.6551957130432129
7916,4,2,0,0.8062294721603394
7917,6,2,0,0.8735442161560059
7918,4,3,0,0.6741018891334534
7919,6,3,0,0.5543636679649353
7920,9,3,0,0.7695904970169067
7921,4,2,0,0.7912315726280212
7922,8,2,0,0.7743086218833923
7923,9,3,0,0.7340466976165771
7924,3,3,1,0.5187615156173706
7925,0,3,0,0.5754793882369995
7926,5,8,0,0.4543969929218292
7927,7,5,0,0.4273575246334076
7928,2,3,0,0.3663786053657532
7929,0,3,0,0.6585350632667542
7930,2,0,0,0.8274601697921753
7931,9,2,0,0.8465823531150818
7932,9,3,0,0.6939652562141418
7933,3,2,0,0.7788194417953491
7934,8,2,0,0.8022374510765076
7935,7,3,0,0.5754154920578003
7936,1,2,0,0.7537571787834167
7937,1,3,0,0.46845051646232605
7938,2,0,0,0.7964379787445068
7939,2,2,1,0.6716775894165039
7940,2,3,0,0.394180566072464
7941,5,2,0,0.7912416458129883
7942,9,2,0,0.6130388975143433
7943,1,3,0,0.5706127882003784
7944,2,3,0,0.6249397993087769
7945,6,3,0,0.832659125328064
7946,1,1,1,0.41615810990333557
7947,2,3,0,0.6274236440658569
7948,1,2,0,0.6080909967422485
7949,8,2,0,0.45315295457839966
7950,9,3,0,0.6175165176391602
7951,2,2,1,0.5878371000289917
7952,3,2,0,0.9030779004096985
7953,1,2,0,0.6636729836463928
7954,9,2,0,0.45987647771835327
7955,9,3,0,0.6537244319915771
7956,4,0,0,0.8015768527984619
7957,4,0,0,0.6065496802330017
7958,5,2,0,0.7879999279975891
7959,5,3,0,0.6941213011741638
7960,0,0,1,0.6135873198509216
7961,3,3,1,0.5096657276153564
7962,3,3,1,0.7039077877998352
7963,7,3,0,0.7107605934143066
7964,1,8,0,0.4663074016571045
7965,7,3,0,0.44181957840919495
7966,7,0,0,0.7624691724777222
7967,9,2,0,0.6952413320541382
7968,8,3,0,0.5042294859886169
7969,6,2,0,0.6401596665382385
7970,3,2,0,0.5537002086639404
7971,5,3,0,0.5133311152458191
7972,5,2,0,0.8150652050971985
7973,1,2,0,0.8159795999526978
7974,6,2,0,0.6590630412101746
7975,2,0,0,0.652540922164917
7976,7,0,0,0.5687515139579773
7977,8,2,0,0.6527851223945618
7978,4,0,0,0.6345423460006714
7979,3,3,1,0.7137144207954407
7980,3,2,0,0.6193638443946838
7981,5,3,0,0.5617290139198303
7982,9,8,0,0.4697387218475342
7983,6,3,0,0.5782181024551392
7984,8,2,0,0.7132622599601746
7985,5,2,0,0.5655907988548279
7986,1,3,0,0.7995516657829285
7987,0,2,0,0.7752068638801575
7988,6,3,0,0.7185639142990112
7989,7,0,0,0.5228352546691895
7990,0,8,0,0.5744861364364624
7991,9,3,0,0.5355002880096436
7992,6,2,0,0.5391982793807983
7993,2,3,0,0.5069701075553894
7994,0,2,0,0.597926139831543
7995,8,0,0,0.6679283380508423
7996,7,3,0,0.9077598452568054
7997,1,3,0,0.4663091003894806
7998,2,2,1,0.7689456939697266
7999,6,0,0,0.5382623672485352
8000,9,2,0,0.669719934463501
8001,1,2,0,0.585013210773468
8002,6,2,0,0.7514120936393738
8003,4,3,0,0.6354196071624756
8004,7,3,0,0.5700290203094482
8005,1,2,0,0.5972015857696533
8006,9,2,0,0.6145641207695007
8007,0,6,0,0.5913541913032532
8008,0,1,0,0.6262784600257874
8009,5,2,0,0.7455433011054993
8010,2,3,0,0.6764401793479919
8011,8,2,0,0.5789843201637268
8012,3,0,0,0.44952014088630676
8013,8,5,0,0.4900828003883362
8014,2,2,1,0.8411111831665039
8015,8,3,0,0.48150333762168884
8016,4,2,0,0.6038375496864319
8017,0,2,0,0.6151062846183777
8018,8,2,0,0.800785481929779
8019,3,3,1,0.572089433670044
8020,6,2,0,0.6569975018501282
8021,1,2,0,0.8463076949119568
8022,2,3,0,0.5417486429214478
8023,3,3,1,0.584534764289856
8024,0,3,0,0.4798874258995056
8025,5,3,0,0.40133437514305115
8026,0,2,0,0.7662284970283508
8027,4,3,0,0.5713552236557007
8028,1,3,0,0.39492806792259216
8029,7,0,0,0.6220731735229492
8030,2,2,1,0.6335508227348328
8031,0,3,0,0.7664869427680969
8032,1,2,0,0.681610643863678
8033,3,5,0,0.5274524688720703
8034,9,2,0,0.5078493356704712
8035,1,3,0,0.6844856142997742
8036,6,3,0,0.6857510209083557
8037,1,0,0,0.47165098786354065
8038,6,3,0,0.5678691267967224
8039,1,2,0,0.45561376214027405
8040,2,2,1,0.5449149012565613
8041,8,2,0,0.6533359885215759
8042,7,2,0,0.6442623138427734
8043,0,2,0,0.7787743806838989
8044,9,2,0,0.7951453924179077
8045,5,2,0,0.7174239158630371
8046,8,2,0,0.8522173762321472
8047,0,9,0,0.3465026617050171
8048,0,6,0,0.6124066710472107
8049,1,3,0,0.6627436876296997
8050,7,2,0,0.5584744215011597
8051,9,2,0,0.7017287015914917
8052,7,3,0,0.711711585521698
8053,1,3,0,0.5863790512084961
8054,9,1,0,0.5053572654724121
8055,2,2,1,0.44163617491722107
8056,1,3,0,0.6735792756080627
8057,9,2,0,0.7698745131492615
8058,4,0,0,0.738956868648529
8059,3,3,1,0.8122866153717041
8060,6,3,0,0.7686858177185059
8061,0,3,0,0.47839027643203735
8062,2,3,0,0.649531900882721
8063,0,8,0,0.4221474528312683
8064,0,3,0,0.6071722507476807
8065,9,2,0,0.5150718092918396
8066,9,3,0,0.5635300278663635
8067,8,2,0,0.7438151836395264
8068,9,5,0,0.6541799902915955
8069,4,0,0,0.8068414330482483
8070,5,2,0,0.8279053568840027
8071,4,2,0,0.6424798369407654
8072,3,3,1,0.5809205770492554
8073,0,3,0,0.37803614139556885
8074,7,0,0,0.38751575350761414
8075,8,2,0,0.813472330570221
8076,7,2,0,0.9143771529197693
8077,3,3,1,0.6181704998016357
8078,7,2,0,0.5970966815948486
8079,5,3,0,0.6564912796020508
8080,4,2,0,0.6180771589279175
8081,6,2,0,0.7537667155265808
8082,5,2,0,0.6269038915634155
8083,9,3,0,0.6742908954620361
8084,5,0,0,0.5220031142234802
8085,2,3,0,0.607016921043396
8086,4,2,0,0.45586058497428894
8087,2,2,1,0.689685583114624
8088,7,3,0,0.7629653215408325
8089,9,2,0,0.4807479977607727
8090,6,2,0,0.6716778874397278
8091,7,3,0,0.5864472985267639
8092,4,3,0,0.6004902720451355
8093,7,3,0,0.5791994333267212
8094,1,2,0,0.685418963432312
8095,2,2,1,0.5592039823532104
8096,3,3,1,0.5765875577926636
8097,1,0,0,0.47188249230384827
8098,1,3,0,0.5095301866531372
8099,3,2,0,0.7727894186973572
8100,6,3,0,0.6999305486679077
8101,8,3,0,0.5567536354064941
8102,3,3,1,0.6141098141670227
8103,7,3,0,0.6104418635368347
8104,7,0,0,0.5752069354057312
8105,0,2,0,0.8476080894470215
8106,8,2,0,0.3818792402744293
8107,1,2,0,0.7502734661102295
8108,5,2,0,0.6541812419891357
8109,2,3,0,0.5826873183250427
8110,5,2,0,0.7321910858154297
8111,5,3,0,0.5391227602958679
8112,3,3,1,0.6978277564048767
8113,6,6,1,0.566916823387146
8114,3,2,0,0.48165273666381836
8115,5,2,0,0.4856354594230652
8116,9,1,0,0.4078189730644226
8117,8,3,0,0.5130785703659058
8118,4,3,0,0.6102554202079773
8119,6,2,0,0.6229884028434753
8120,8,0,0,0.7639926671981812
8121,0,2,0,0.7873392701148987
8122,4,3,0,0.717387855052948
8123,1,0,0,0.6121919751167297
8124,7,3,0,0.6432979702949524
8125,8,5,0,0.4974614977836609
8126,4,2,0,0.7372207641601562
8127,9,3,0,0.6530013680458069
8128,7,3,0,0.8730360865592957
8129,2,1,0,0.4191884696483612
8130,6,6,1,0.6131680607795715
8131,3,3,1,0.6536566615104675
8132,8,2,0,0.6650330424308777
8133,8,2,0,0.6282196044921875
8134,6,2,0,0.628047525882721
8135,7,2,0,0.6532337665557861
8136,3,2,0,0.6928092241287231
8137,8,3,0,0.5147353410720825
8138,1,3,0,0.44706404209136963
8139,1,2,0,0.5832083821296692
8140,5,3,0,0.5162410140037537
8141,3,3,1,0.37423989176750183
8142,7,2,0,0.581325113773346
8143,9,3,0,0.6197665929794312
8144,9,0,0,0.5273517370223999
8145,9,3,0,0.7344544529914856
8146,8,2,0,0.4985962212085724
8147,5,2,0,0.643058180809021
8148,9,2,0,0.6282207369804382
8149,9,6,0,0.5482926964759827
8150,6,3,0,0.5295636653900146
8151,8,3,0,0.48403942584991455
8152,8,3,0,0.4320303797721863
8153,4,2,0,0.7207235097885132
8154,8,2,0,0.48819631338119507
8155,1,2,0,0.756803572177887
8156,0,8,0,0.34801095724105835
8157,1,3,0,0.8421778678894043
8158,8,3,0,0.44212105870246887
8159,8,2,0,0.673829197883606
8160,6,3,0,0.740212082862854
8161,5,2,0,0.5098298788070679
8162,9,3,0,0.600324273109436
8163,0,0,1,0.5989083051681519
8164,6,2,0,0.6116966009140015
8165,1,2,0,0.5807176828384399
8166,2,2,1,0.744813859462738
8167,6,8,0,0.3654633164405823
8168,6,8,0,0.41200512647628784
8169,3,2,0,0.7342410087585449
8170,5,2,0,0.9409013390541077
8171,6,2,0,0.6236439347267151
8172,5,2,0,0.6079725623130798
8173,5,3,0,0.508411169052124
8174,3,2,0,0.7925741672515869
8175,3,3,1,0.627955973148346
8176,6,3,0,0.5744898915290833
8177,8,0,0,0.4955815076828003
8178,9,5,0,0.5692270994186401
8179,4,2,0,0.4861971139907837
8180,4,3,0,0.7205533981323242
8181,3,3,1,0.6984658241271973
8182,8,3,0,0.6651336550712585
8183,3,2,0,0.6779111623764038
8184,6,2,0,0.9030517339706421
8185,0,2,0,0.8636303544044495
8186,8,0,0,0.5440335273742676
8187,5,1,0,0.6459060907363892
8188,7,2,0,0.9356723427772522
8189,8,0,0,0.48314929008483887
8190,4,2,0,0.45851847529411316
8191,6,2,0,0.7985005974769592
8192,5,3,0,0.6099334359169006
8193,3,5,0,0.5632205605506897
8194,1,0,0,0.5030159950256348
8195,8,3,0,0.6155425310134888
8196,3,2,0,0.4798762798309326
8197,0,3,0,0.41611871123313904
8198,4,2,0,0.509463906288147
8199,4,3,0,0.5088460445404053
8200,3,3,1,0.6981859803199768
8201,3,0,0,0.4140757918357849
8202,5,1,0,0.48110073804855347
8203,3,3,1,0.7501826286315918
8204,3,3,1,0.5751470923423767
8205,2,3,0,0.6669908165931702
8206,7,3,0,0.6386545300483704
8207,7,2,0,0.5343744158744812
8208,8,3,0,0.4681384563446045
8209,2,3,0,0.7337306141853333
8210,0,0,1,0.6030300855636597
8211,5,2,0,0.8290145993232727
8212,5,3,0,0.7164137363433838
8213,6,2,0,0.6848273873329163
8214,1,2,0,0.5692546367645264
8215,1,2,0,0.7075542211532593
8216,3,3,1,0.8399044275283813
8217,9,3,0,0.49004220962524414
8218,9,3,0,0.6989130973815918
8219,3,3,1,0.6469885110855103
8220,6,2,0,0.601380467414856
8221,7,8,0,0.4606685936450958
8222,1,0,0,0.5743896961212158
8223,8,3,0,0.5322877168655396
8224,3,3,1,0.8135766983032227
8225,9,2,0,0.6437687873840332
8226,8,8,1,0.4678454101085663
8227,7,2,0,0.5355058312416077
8228,8,2,0,0.5114715099334717
8229,8,5,0,0.4899897873401642
8230,0,1,0,0.28692325949668884
8231,3,3,1,0.6353140473365784
8232,2,2,1,0.7382233738899231
8233,4,2,0,0.772014319896698
8234,8,2,0,0.7011466026306152
8235,7,3,0,0.6380105018615723
8236,5,3,0,0.8071516752243042
8237,7,2,0,0.5182964205741882
8238,1,3,0,0.546298623085022
8239,8,2,0,0.6154404878616333
8240,7,2,0,0.4614630937576294
8241,3,0,0,0.7582477927207947
8242,5,2,0,0.5790412425994873
8243,4,2,0,0.5023684501647949
8244,4,3,0,0.7730017900466919
8245,3,2,0,0.539941132068634
8246,8,5,0,0.4970778524875641
8247,6,0,0,0.660566508769989
8248,1,9,0,0.388691246509552
8249,1,3,0,0.5287936329841614
8250,6,3,0,0.5965558886528015
8251,3,2,0,0.3715246617794037
8252,2,3,0,0.5154586434364319
8253,2,2,1,0.6140738725662231
8254,8,2,0,0.5352587103843689
8255,9,3,0,0.595238447189331
8256,8,2,0,0.858528196811676
8257,3,3,1,0.7166901230812073
8258,3,0,0,0.4476180672645569
8259,8,3,0,0.6587992310523987
8260,1,2,0,0.7166343927383423
8261,1,2,0,0.6619029641151428
8262,0,2,0,0.8129316568374634
8263,5,2,0,0.6588352918624878
8264,2,3,0,0.46403637528419495
8265,0,3,0,0.5443781614303589
8266,5,8,0,0.3859963119029999
8267,0,2,0,0.7146790623664856
8268,5,2,0,0.5642428994178772
8269,8,0,0,0.8231960535049438
8270,6,3,0,0.5701096057891846
8271,3,0,0,0.5333143472671509
8272,9,3,0,0.7642076015472412
8273,6,2,0,0.8719254732131958
8274,6,2,0,0.5212088227272034
8275,3,2,0,0.8362680673599243
8276,9,3,0,0.6110674738883972
8277,4,2,0,0.7665877938270569
8278,8,3,0,0.4930885434150696
8279,3,3,1,0.5432090759277344
8280,4,2,0,0.5360089540481567
8281,3,3,1,0.5136222839355469
8282,1,2,0,0.5623064041137695
8283,1,8,0,0.4035475254058838
8284,2,2,1,0.6554206013679504
8285,9,2,0,0.6107627749443054
8286,7,5,0,0.46732693910598755
8287,8,2,0,0.5792017579078674
8288,5,2,0,0.8878082036972046
8289,5,3,0,0.7079092860221863
8290,8,3,0,0.6756938695907593
8291,6,3,0,0.6016747951507568
8292,9,3,0,0.5879364609718323
8293,0,3,0,0.6973953247070312
8294,8,3,0,0.48256728053092957
8295,3,2,0,0.6354982852935791
8296,5,2,0,0.7404828071594238
8297,1,3,0,0.5508926510810852
8298,3,2,0,0.7273597121238708
8299,3,3,1,0.7082761526107788
8300,5,2,0,0.8382269144058228
8301,5,3,0,0.5183475613594055
8302,3,4,0,0.4310946464538574
8303,8,0,0,0.6866365671157837
8304,1,2,0,0.6700069904327393
8305,4,3,0,0.7193058133125305
8306,6,0,0,0.6283017992973328
8307,4,2,0,0.7310571074485779
8308,2,1,0,0.49220314621925354
8309,4,3,0,0.5859905481338501
8310,3,0,0,0.531242311000824
8311,8,3,0,0.566400408744812
8312,9,3,0,0.5804272890090942
8313,6,2,0,0.6342951059341431
8314,6,2,0,0.45877522230148315
8315,6,2,0,0.8225907683372498
8316,5,2,0,0.6950600147247314
8317,5,0,0,0.5325765609741211
8318,2,2,1,0.6760227680206299
8319,7,3,0,0.5915140509605408
8320,7,2,0,0.6039924025535583
8321,4,2,0,0.5528197884559631
8322,4,2,0,0.6693721413612366
8323,9,3,0,0.5160143971443176
8324,3,3,1,0.8580976724624634
8325,8,3,0,0.557878315448761
8326,3,2,0,0.7021881937980652
8327,7,3,0,0.6812800765037537
8328,7,0,0,0.4126594364643097
8329,8,2,0,0.8085888028144836
8330,5,3,0,0.4858454167842865
8331,3,0,0,0.7346711754798889
8332,9,2,0,0.5595693588256836
8333,1,3,0,0.7223204970359802
8334,6,8,0,0.39439624547958374
8335,7,3,0,0.651723325252533
8336,3,3,1,0.6187770962715149
8337,3,3,1,0.48779699206352234
8338,3,2,0,0.4378613233566284
8339,8,3,0,0.5432618260383606
8340,5,8,0,0.39951851963996887
8341,6,2,0,0.7725838422775269
8342,1,3,0,0.43915602564811707
8343,3,3,1,0.4363943040370941
8344,7,2,0,0.8566418886184692
8345,9,2,0,0.5650076866149902
8346,6,2,0,0.6101632714271545
8347,1,5,0,0.6707438230514526
8348,6,3,0,0.7525334358215332
8349,4,3,0,0.5603269934654236
8350,9,8,0,0.4414072036743164
8351,0,3,0,0.5948160886764526
8352,5,3,0,0.49505552649497986
8353,7,2,0,0.8804957866668701
8354,4,2,0,0.5456634163856506
8355,9,3,0,0.7010164856910706
8356,1,5,0,0.4644603133201599
8357,0,2,0,0.5794098973274231
8358,0,0,1,0.7014352083206177
8359,2,3,0,0.5894366502761841
8360,7,3,0,0.7034757137298584
8361,8,3,0,0.6070794463157654
8362,3,2,0,0.7137513756752014
8363,2,2,1,0.6411932706832886
8364,7,0,0,0.5997515916824341
8365,6,3,0,0.4875181317329407
8366,1,2,0,0.5986077785491943
8367,6,0,0,0.6864123344421387
8368,6,0,0,0.8299330472946167
8369,4,2,0,0.596550703048706
8370,4,3,0,0.5856639742851257
8371,2,2,1,0.6703688502311707
8372,1,3,0,0.8018803000450134
8373,8,0,0,0.3949437439441681
8374,4,3,0,0.7722256183624268
8375,4,3,0,0.7700833678245544
8376,7,3,0,0.6843358874320984
8377,8,3,0,0.4690256416797638
8378,5,3,0,0.6168529987335205
8379,8,3,0,0.735683023929596
8380,9,2,0,0.7595903277397156
8381,4,2,0,0.6562661528587341
8382,3,2,0,0.5836929678916931
8383,2,2,1,0.49904030561447144
8384,2,5,0,0.5633294582366943
8385,9,2,0,0.6210368871688843
8386,3,2,0,0.4614771008491516
8387,0,2,0,0.3946553170681
8388,1,2,0,0.4260050654411316
8389,1,2,0,0.3820996880531311
8390,1,2,0,0.7741657495498657
8391,1,2,0,0.6767468452453613
8392,6,2,0,0.6574587225914001
8393,8,2,0,0.6643858551979065
8394,7,2,0,0.5943254232406616
8395,1,3,0,0.5132794976234436
8396,3,0,0,0.9197925925254822
8397,0,3,0,0.8304138779640198
8398,4,3,0,0.4424065947532654
8399,5,3,0,0.59571373462677
8400,0,2,0,0.7085859179496765
8401,3,0,0,0.5413708686828613
8402,0,3,0,0.5921810865402222
8403,6,2,0,0.7570284008979797
8404,2,2,1,0.4788040518760681
8405,0,2,0,0.6860231161117554
8406,9,3,0,0.49765774607658386
8407,8,3,0,0.5043581128120422
8408,6,2,0,0.7960950136184692
8409,8,0,0,0.4788425862789154
8410,5,3,0,0.5839737057685852
8411,8,2,0,0.7595377564430237
8412,2,2,1,0.6245900988578796
8413,9,2,0,0.7865285277366638
8414,6,2,0,0.6106632947921753
8415,0,2,0,0.6856440305709839
8416,6,3,0,0.5394883155822754
8417,1,3,0,0.5473560094833374
8418,8,0,0,0.7452611327171326
8419,7,3,0,0.394245982170105
8420,3,3,1,0.6268430352210999
8421,2,2,1,0.6372546553611755
8422,2,8,0,0.48523077368736267
8423,6,2,0,0.6486334800720215
8424,5,2,0,0.6615768074989319
8425,6,2,0,0.48960497975349426
8426,9,3,0,0.7361299991607666
8427,2,3,0,0.5720396637916565
8428,5,3,0,0.717525839805603
8429,4,2,0,0.8339890837669373
8430,9,3,0,0.5014805793762207
8431,8,3,0,0.6599879264831543
8432,5,3,0,0.776763916015625
8433,3,2,0,0.530407726764679
8434,9,2,0,0.6324788331985474
8435,3,3,1,0.6821120977401733
8436,5,3,0,0.5945151448249817
8437,7,2,0,0.6374260783195496
8438,1,3,0,0.5605155825614929
8439,8,1,0,0.36262503266334534
8440,5,3,0,0.4719466269016266
8441,8,2,0,0.5374889373779297
8442,6,0,0,0.6329521536827087
8443,2,2,1,0.6521287560462952
8444,5,3,0,0.6029866933822632
8445,1,2,0,0.7876904606819153
8446,3,3,1,0.8624542355537415
8447,0,8,0,0.6144854426383972
8448,4,2,0,0.7069310545921326
8449,1,2,0,0.6325008869171143
8450,9,2,0,0.8386369347572327
8451,5,2,0,0.7233726382255554
8452,4,1,0,0.7994063496589661
8453,9,3,0,0.4605642557144165
8454,2,1,0,0.4874188303947449
8455,1,0,0,0.6714251041412354
8456,4,3,0,0.7459595799446106
8457,2,3,0,0.49793586134910583
8458,5,3,0,0.5490671396255493
8459,9,2,0,0.5951362252235413
8460,8,0,0,0.4322744309902191
8461,7,8,0,0.29080474376678467
8462,2,2,1,0.5149258375167847
8463,1,3,0,0.7198092937469482
8464,6,2,0,0.4848519265651703
8465,9,3,0,0.6967542171478271
8466,7,2,0,0.6429260969161987
8467,3,9,0,0.5673337578773499
8468,6,3,0,0.7547054290771484
8469,5,3,0,0.7124923467636108
8470,8,2,0,0.7325046062469482
8471,0,0,1,0.6965945363044739
8472,2,3,0,0.6752108335494995
8473,2,2,1,0.7897343039512634
8474,4,2,0,0.472314715385437
8475,9,2,0,0.8084892630577087
8476,0,0,1,0.7317953705787659
8477,5,2,0,0.701256513595581
8478,5,8,0,0.3981785476207733
8479,4,3,0,0.6480368375778198
8480,2,2,1,0.5238696932792664
8481,3,2,0,0.573218584060669
8482,1,8,0,0.5131561160087585
8483,0,2,0,0.6800198554992676
8484,3,2,0,0.4670875370502472
8485,0,1,0,0.609234094619751
8486,4,3,0,0.3755429685115814
8487,4,3,0,0.4767513871192932
8488,9,3,0,0.3577350974082947
8489,1,2,0,0.4435916841030121
8490,3,3,1,0.8052805662155151
8491,3,2,0,0.5409311056137085
8492,0,2,0,0.766085684299469
8493,2,3,0,0.5163174271583557
8494,1,1,1,0.3699168264865875
8495,1,3,0,0.46175336837768555
8496,0,2,0,0.6104931831359863
8497,4,3,0,0.45903369784355164
8498,1,9,0,0.5338705778121948
8499,9,2,0,0.7670928239822388
8500,4,3,0,0.5126861333847046
8501,8,3,0,0.38076040148735046
8502,1,2,0,0.46798175573349
8503,1,2,0,0.7841246724128723
8504,1,3,0,0.5052176117897034
8505,5,2,0,0.7208598256111145
8506,9,0,0,0.539851725101471
8507,8,2,0,0.5162806510925293
8508,1,2,0,0.6022327542304993
8509,6,0,0,0.5748363733291626
8510,7,3,0,0.5800342559814453
8511,2,3,0,0.47259217500686646
8512,9,2,0,0.44947126507759094
8513,9,3,0,0.6986125707626343
8514,7,3,0,0.8138918280601501
8515,8,6,0,0.3308466374874115
8516,8,2,0,0.8286169767379761
8517,1,3,0,0.6221256852149963
8518,9,3,0,0.5975309610366821
8519,7,2,0,0.7263931035995483
8520,8,2,0,0.8697804808616638
8521,9,2,0,0.4533851742744446
8522,1,3,0,0.6569717526435852
8523,6,3,0,0.6031644940376282
8524,6,2,0,0.5773060917854309
8525,3,3,1,0.6117874383926392
8526,3,3,1,0.4778965413570404
8527,1,2,0,0.7285729646682739
8528,3,2,0,0.5245406031608582
8529,0,2,0,0.6180645227432251
8530,8,2,0,0.7115284204483032
8531,8,2,0,0.6944653391838074
8532,3,1,0,0.6625245809555054
8533,6,3,0,0.7420023083686829
8534,6,2,0,0.5134673714637756
8535,7,8,0,0.5828871726989746
8536,1,8,0,0.5526398420333862
8537,0,0,1,0.8352544903755188
8538,7,2,0,0.8634134531021118
8539,6,3,0,0.7747716307640076
8540,4,0,0,0.5104785561561584
8541,8,2,0,0.6817302107810974
8542,2,2,1,0.702082633972168
8543,0,0,1,0.8683340549468994
8544,6,3,0,0.6807917356491089
8545,6,3,0,0.6003901958465576
8546,8,3,0,0.730374813079834
8547,6,3,0,0.6642629504203796
8548,3,3,1,0.8294146060943604
8549,1,3,0,0.7704358100891113
8550,1,3,0,0.5747237801551819
8551,8,3,0,0.650147020816803
8552,6,2,0,0.8425201773643494
8553,7,2,0,0.840510904788971
8554,0,8,0,0.4846338629722595
8555,5,3,0,0.7804194092750549
8556,4,2,0,0.5862231254577637
8557,3,2,0,0.6731812357902527
8558,2,0,0,0.5815826654434204
8559,1,3,0,0.6506885290145874
8560,7,2,0,0.7973191738128662
8561,8,2,0,0.37972965836524963
8562,2,3,0,0.525960385799408
8563,0,3,0,0.768016517162323
8564,1,2,0,0.36609217524528503
8565,7,2,0,0.5762822031974792
8566,4,2,0,0.38495680689811707
8567,8,3,0,0.45510220527648926
8568,7,3,0,0.8184745907783508
8569,6,2,0,0.5831973552703857
8570,6,3,0,0.4193766713142395
8571,7,2,0,0.6749961972236633
8572,0,2,0,0.609585702419281
8573,6,2,0,0.7703568935394287
8574,4,2,0,0.7341729402542114
8575,9,2,0,0.6969113945960999
8576,2,0,0,0.48838645219802856
8577,3,2,0,0.9382151961326599
8578,2,2,1,0.8847683668136597
8579,1,2,0,0.6487376093864441
8580,3,3,1,0.7343431115150452
8581,8,0,0,0.5074721574783325
8582,6,2,0,0.9156327247619629
8583,8,3,0,0.6205491423606873
8584,1,2,0,0.6003004908561707
8585,9,9,1,0.43678513169288635
8586,6,3,0,0.6495192050933838
8587,7,3,0,0.5690034031867981
8588,6,6,1,0.7169647216796875
8589,5,0,0,0.33306461572647095
8590,0,3,0,0.6869528889656067
8591,6,3,0,0.5068618655204773
8592,0,6,0,0.40519100427627563
8593,1,2,0,0.8724123239517212
8594,3,0,0,0.8279792666435242
8595,1,2,0,0.8525264263153076
8596,1,3,0,0.7261072397232056
8597,5,2,0,0.4117526113986969
8598,3,2,0,0.582080602645874
8599,4,2,0,0.6417747735977173
8600,3,3,1,0.43006205558776855
8601,3,2,0,0.75447678565979
8602,8,3,0,0.5336986184120178
8603,1,5,0,0.35137784481048584
8604,6,3,0,0.5569745302200317
8605,6,3,0,0.8205756545066833
8606,1,3,0,0.8597508668899536
8607,8,2,0,0.6066759824752808
8608,8,2,0,0.5454034209251404
8609,6,3,0,0.5076259970664978
8610,2,3,0,0.5507230758666992
8611,7,2,0,0.6202617287635803
8612,4,3,0,0.6115618348121643
8613,6,5,0,0.5635419487953186
8614,8,3,0,0.7686570882797241
8615,9,1,0,0.4238126277923584
8616,3,3,1,0.6347543597221375
8617,3,2,0,0.7364040613174438
8618,5,2,0,0.6781541705131531
8619,5,8,0,0.5058732032775879
8620,3,3,1,0.6439448595046997
8621,1,2,0,0.759726345539093
8622,4,3,0,0.5734961628913879
8623,1,2,0,0.837396502494812
8624,9,0,0,0.48375457525253296
8625,5,3,0,0.6376599669456482
8626,1,2,0,0.70524001121521
8627,7,2,0,0.7490411996841431
8628,7,2,0,0.6010087132453918
8629,7,2,0,0.7572382688522339
8630,5,3,0,0.40182924270629883
8631,2,2,1,0.519379198551178
8632,3,2,0,0.6151756048202515
8633,3,2,0,0.7116654515266418
8634,6,3,0,0.6435373425483704
8635,6,2,0,0.7496822476387024
8636,6,5,0,0.5744478702545166
8637,4,3,0,0.6564269661903381
8638,0,3,0,0.5095827579498291
8639,7,3,0,0.37863051891326904
8640,1,1,1,0.476844847202301
8641,7,3,0,0.6176706552505493
8642,3,3,1,0.4947831332683563
8643,0,2,0,0.6401330828666687
8644,8,3,0,0.6057614088058472
8645,1,1,1,0.5015200972557068
8646,2,2,1,0.5797886848449707
8647,4,3,0,0.3277226984500885
8648,1,3,0,0.6197280287742615
8649,2,0,0,0.6078408360481262
8650,2,6,0,0.4486669600009918
8651,4,3,0,0.6382625102996826
8652,9,3,0,0.5575898289680481
8653,8,2,0,0.9166333675384521
8654,2,2,1,0.8578040599822998
8655,8,0,0,0.3869072496891022
8656,7,2,0,0.47335484623908997
8657,6,1,0,0.5183629393577576
8658,3,6,0,0.46087655425071716
8659,4,2,0,0.5365861654281616
8660,7,3,0,0.8026716709136963
8661,2,1,0,0.46527135372161865
8662,3,3,1,0.8143293857574463
8663,1,3,0,0.6473570466041565
8664,5,2,0,0.6838734745979309
8665,3,3,1,0.6893681883811951
8666,0,5,0,0.4739784300327301
8667,4,2,0,0.5302109718322754
8668,3,1,0,0.3677496910095215
8669,4,5,0,0.3766864538192749
8670,9,3,0,0.6729571223258972
8671,4,2,0,0.804767370223999
8672,7,3,0,0.5210727453231812
8673,9,3,0,0.5234787464141846
8674,1,3,0,0.42055973410606384
8675,7,3,0,0.6677221655845642
8676,8,3,0,0.3953665494918823
8677,3,3,1,0.5176656246185303
8678,1,2,0,0.7153570055961609
8679,8,2,0,0.5999942421913147
8680,3,1,0,0.44167017936706543
8681,2,3,0,0.745479941368103
8682,5,3,0,0.6112037301063538
8683,7,3,0,0.5996164679527283
8684,2,2,1,0.6743770837783813
8685,7,3,0,0.6574732065200806
8686,9,9,1,0.6190295219421387
8687,6,1,0,0.41355711221694946
8688,8,2,0,0.6471268534660339
8689,6,0,0,0.6218791007995605
8690,8,2,0,0.7993243336677551
8691,6,8,0,0.4151792526245117
8692,5,2,0,0.46090343594551086
8693,9,2,0,0.6835455298423767
8694,0,0,1,0.5957691073417664
8695,4,3,0,0.6607842445373535
8696,8,8,1,0.41368862986564636
8697,5,5,1,0.3655754029750824
8698,6,3,0,0.6614329218864441
8699,4,8,0,0.3828374445438385
8700,3,3,1,0.5882875323295593
8701,8,2,0,0.6189008355140686
8702,0,3,0,0.4185151159763336
8703,4,2,0,0.6368929743766785
8704,8,2,0,0.8136904835700989
8705,6,3,0,0.6343260407447815
8706,7,2,0,0.5963174104690552
8707,2,1,0,0.5822232365608215
8708,7,2,0,0.6999752521514893
8709,1,5,0,0.47466138005256653
8710,7,6,0,0.5343167781829834
8711,4,0,0,0.7901968955993652
8712,1,3,0,0.6324015259742737
8713,2,8,0,0.48660770058631897
8714,4,2,0,0.3136073052883148
8715,2,2,1,0.6270902752876282
8716,2,3,0,0.5318832397460938
8717,8,2,0,0.7877979874610901
8718,7,2,0,0.5309920907020569
8719,2,2,1,0.5787609815597534
8720,2,2,1,0.5975061655044556
8721,6,2,0,0.5084158182144165
8722,7,2,0,0.7737460732460022
8723,5,3,0,0.6928730607032776
8724,6,2,0,0.5728650689125061
8725,8,3,0,0.5282275676727295
8726,9,3,0,0.5934754014015198
8727,9,3,0,0.5048912167549133
8728,6,3,0,0.5361188054084778
8729,5,0,0,0.6105288863182068
8730,2,2,1,0.4603123962879181
8731,9,0,0,0.4848678410053253
8732,8,3,0,0.6523554921150208
8733,7,3,0,0.8520634770393372
8734,2,3,0,0.5811195969581604
8735,3,2,0,0.6204350590705872
8736,3,2,0,0.720904529094696
8737,7,3,0,0.5615295171737671
8738,4,5,0,0.6034257411956787
8739,3,3,1,0.506966233253479
8740,2,2,1,0.6108636856079102
8741,1,2,0,0.6859578490257263
8742,9,2,0,0.7075045108795166
8743,0,3,0,0.6808930039405823
8744,1,3,0,0.5843791961669922
8745,5,3,0,0.6228458881378174
8746,3,2,0,0.5992625951766968
8747,2,8,0,0.3327113091945648
8748,6,2,0,0.41431593894958496
8749,5,1,0,0.390752911567688
8750,9,2,0,0.5202034115791321
8751,1,3,0,0.6465297341346741
8752,5,0,0,0.5807227492332458
8753,4,2,0,0.5939571261405945
8754,3,2,0,0.7059829235076904
8755,6,3,0,0.6578770875930786
8756,2,2,1,0.4227276146411896
8757,8,0,0,0.5036883354187012
8758,9,0,0,0.7362496256828308
8759,7,3,0,0.7949625849723816
8760,8,0,0,0.6064463257789612
8761,0,2,0,0.5875579714775085
8762,8,0,0,0.6123037934303284
8763,9,3,0,0.7978577017784119
8764,1,3,0,0.8871321082115173
8765,2,2,1,0.8347977995872498
8766,5,3,0,0.8211037516593933
8767,7,2,0,0.8484985828399658
8768,2,3,0,0.7654876708984375
8769,0,0,1,0.35189956426620483
8770,6,3,0,0.6856024861335754
8771,6,3,0,0.5518090724945068
8772,1,2,0,0.5843981504440308
8773,6,2,0,0.8146901726722717
8774,3,3,1,0.8358908295631409
8775,1,3,0,0.7272048592567444
8776,5,3,0,0.8701575398445129
8777,0,3,0,0.6659131050109863
8778,3,0,0,0.584644615650177
8779,7,3,0,0.7294670343399048
8780,4,3,0,0.596389651298523
8781,6,3,0,0.5048352479934692
8782,5,2,0,0.4252397119998932
8783,6,2,0,0.9032807350158691
8784,4,2,0,0.6902136206626892
8785,8,3,0,0.5462839603424072
8786,3,0,0,0.6220435500144958
8787,4,3,0,0.7175426483154297
8788,5,2,0,0.5711698532104492
8789,5,5,1,0.6332455277442932
8790,0,2,0,0.39971399307250977
8791,6,3,0,0.5641757845878601
8792,6,3,0,0.7543966770172119
8793,7,2,0,0.8111820816993713
8794,5,3,0,0.8416525721549988
8795,0,2,0,0.6515419483184814
8796,9,2,0,0.6635683178901672
8797,9,2,0,0.8125483393669128
8798,6,3,0,0.7285228967666626
8799,1,3,0,0.6626297831535339
8800,0,2,0,0.8423543572425842
8801,4,2,0,0.712203860282898
8802,6,2,0,0.66176837682724
8803,3,3,1,0.6060312390327454
8804,6,3,0,0.672676146030426
8805,9,3,0,0.5930459499359131
8806,3,2,0,0.8100194931030273
8807,6,2,0,0.6263933181762695
8808,6,0,0,0.6011191606521606
8809,8,2,0,0.7372128367424011
8810,2,3,0,0.8000121712684631
8811,1,6,0,0.5174859166145325
8812,0,0,1,0.807847797870636
8813,1,2,0,0.46146222949028015
8814,9,5,0,0.45618492364883423
8815,3,3,1,0.8564186096191406
8816,7,3,0,0.6994960308074951
8817,4,3,0,0.6940198540687561
8818,3,3,1,0.740506112575531
8819,0,3,0,0.5923709273338318
8820,2,3,0,0.6371700763702393
8821,7,2,0,0.7808965444564819
8822,6,2,0,0.5158751010894775
8823,4,2,0,0.61034095287323
8824,3,3,1,0.743550717830658
8825,0,2,0,0.47686463594436646
8826,8,0,0,0.49348214268684387
8827,2,1,0,0.5140163898468018
8828,0,3,0,0.7273033261299133
8829,0,0,1,0.5261009335517883
8830,9,0,0,0.5337494611740112
8831,6,3,0,0.5855326056480408
8832,6,3,0,0.7890845537185669
8833,6,2,0,0.6088253855705261
8834,8,2,0,0.4840158522129059
8835,7,3,0,0.7456114888191223
8836,4,3,0,0.6761031150817871
8837,1,0,0,0.6174684166908264
8838,8,3,0,0.62511146068573
8839,1,2,0,0.7439102530479431
8840,2,3,0,0.6649577021598816
8841,2,0,0,0.4872897267341614
8842,4,2,0,0.4123563766479492
8843,8,3,0,0.6901419758796692
8844,5,2,0,0.5255025029182434
8845,2,3,0,0.4780437648296356
8846,6,3,0,0.7831388711929321
8847,5,8,0,0.4828796982765198
8848,3,3,1,0.5177358984947205
8849,9,5,0,0.6124250888824463
8850,1,3,0,0.8794594407081604
8851,0,2,0,0.712733268737793
8852,7,1,0,0.5226593613624573
8853,2,0,0,0.5762719511985779
8854,4,3,0,0.6260576248168945
8855,4,3,0,0.7595121264457703
8856,0,6,0,0.412190318107605
8857,0,2,0,0.5203456282615662
8858,6,3,0,0.4991976022720337
8859,2,2,1,0.5442059636116028
8860,2,2,1,0.4964655637741089
8861,4,2,0,0.6694931983947754
8862,0,2,0,0.699782133102417
8863,5,9,0,0.5799362063407898
8864,9,2,0,0.4736941158771515
8865,7,8,0,0.3382161557674408
8866,1,8,0,0.6924764513969421
8867,8,2,0,0.5395622253417969
8868,4,2,0,0.4658457636833191
8869,5,0,0,0.4990609586238861
8870,5,2,0,0.6108943819999695
8871,9,0,0,0.4712551534175873
8872,8,3,0,0.2841496467590332
8873,5,2,0,0.6641218662261963
8874,7,0,0,0.3650270998477936
8875,8,0,0,0.5178865194320679
8876,0,3,0,0.5337398648262024
8877,9,2,0,0.6991446018218994
8878,8,2,0,0.3980588912963867
8879,9,3,0,0.4273979365825653
8880,1,3,0,0.8237840533256531
8881,6,3,0,0.6788052916526794
8882,3,3,1,0.48870015144348145
8883,8,2,0,0.6046267747879028
8884,0,3,0,0.4928267300128937
8885,3,2,0,0.3988345265388489
8886,4,2,0,0.7556709051132202
8887,4,3,0,0.42451608180999756
8888,8,3,0,0.6427955627441406
8889,4,2,0,0.5267387628555298
8890,8,2,0,0.7206394076347351
8891,9,6,0,0.6811123490333557
8892,8,3,0,0.5797902941703796
8893,6,2,0,0.6167225241661072
8894,0,3,0,0.7129196524620056
8895,0,2,0,0.4067325294017792
8896,8,8,1,0.4671398401260376
8897,2,2,1,0.4846659302711487
8898,7,3,0,0.5574301481246948
8899,4,3,0,0.7307174801826477
8900,2,2,1,0.5755672454833984
8901,5,0,0,0.5072815418243408
8902,6,2,0,0.6646548509597778
8903,0,3,0,0.39627301692962646
8904,5,3,0,0.5277106165885925
8905,8,3,0,0.8980809450149536
8906,4,0,0,0.5346001982688904
8907,1,2,0,0.6171589493751526
8908,9,2,0,0.5062887668609619
8909,0,1,0,0.6412584185600281
8910,1,2,0,0.6845920085906982
8911,4,0,0,0.5680626034736633
8912,4,2,0,0.6458004117012024
8913,8,8,1,0.6173120141029358
8914,4,3,0,0.5767144560813904
8915,9,3,0,0.4634864032268524
8916,6,2,0,0.6232030391693115
8917,0,5,0,0.5286325812339783
8918,7,2,0,0.8577285408973694
8919,7,2,0,0.686212420463562
8920,6,3,0,0.842391848564148
8921,8,2,0,0.6146821975708008
8922,9,2,0,0.8029311299324036
8923,6,0,0,0.24977310001850128
8924,2,2,1,0.5697862505912781
8925,0,8,0,0.44203680753707886
8926,4,2,0,0.6100548505783081
8927,9,3,0,0.7384099364280701
8928,4,2,0,0.437368780374527
8929,9,5,0,0.5303397178649902
8930,3,2,0,0.7034890055656433
8931,9,5,0,0.5562019944190979
8932,6,8,0,0.5369486212730408
8933,6,2,0,0.5947026014328003
8934,7,2,0,0.7859401106834412
8935,0,0,1,0.6771100759506226
8936,9,2,0,0.6601302623748779
8937,7,1,0,0.43046748638153076
8938,1,2,0,0.5193773508071899
8939,8,2,0,0.6829681992530823
8940,6,3,0,0.8159416913986206
8941,0,1,0,0.42327213287353516
8942,6,2,0,0.5871981978416443
8943,7,8,0,0.6115338206291199
8944,4,3,0,0.4921588897705078
8945,1,3,0,0.5652467608451843
8946,9,2,0,0.5570743680000305
8947,4,3,0,0.44809868931770325
8948,6,3,0,0.6039074659347534
8949,7,2,0,0.5803647637367249
8950,9,2,0,0.6244891285896301
8951,8,2,0,0.7497186660766602
8952,3,2,0,0.6845448017120361
8953,9,0,0,0.40884801745414734
8954,2,2,1,0.7094708681106567
8955,1,3,0,0.5220929384231567
8956,2,3,0,0.7485947012901306
8957,7,2,0,0.6059007048606873
8958,6,2,0,0.6906800866127014
8959,1,2,0,0.7896333932876587
8960,0,0,1,0.6307888031005859
8961,0,3,0,0.6027823090553284
8962,5,2,0,0.7269186973571777
8963,6,3,0,0.5454710721969604
8964,0,3,0,0.6146076321601868
8965,4,2,0,0.6395541429519653
8966,3,5,0,0.5341903567314148
8967,2,3,0,0.5517250299453735
8968,8,3,0,0.7181538939476013
8969,8,2,0,0.46710070967674255
8970,0,2,0,0.8466167449951172
8971,6,2,0,0.6517204642295837
8972,9,0,0,0.45870524644851685
8973,5,3,0,0.524421751499176
8974,2,3,0,0.6957059502601624
8975,8,3,0,0.5421199798583984
8976,7,0,0,0.5661641955375671
8977,0,2,0,0.5881624817848206
8978,6,3,0,0.5898019671440125
8979,5,0,0,0.7816999554634094
8980,9,2,0,0.5045506954193115
8981,7,9,0,0.37544727325439453
8982,2,2,1,0.7727183699607849
8983,3,3,1,0.5161772966384888
8984,6,3,0,0.5668342113494873
8985,9,0,0,0.6727378964424133
8986,6,3,0,0.7061428427696228
8987,2,3,0,0.683580756187439
8988,2,2,1,0.42669838666915894
8989,4,2,0,0.3393433094024658
8990,1,2,0,0.6396657228469849
8991,0,8,0,0.428817480802536
8992,5,3,0,0.5885370373725891
8993,0,3,0,0.7767071723937988
8994,8,2,0,0.717459499835968
8995,9,2,0,0.8745522499084473
8996,3,2,0,0.5183826088905334
8997,5,2,0,0.6271136403083801
8998,9,2,0,0.657545804977417
8999,3,0,0,0.6728159785270691
9000,8,0,0,0.44342079758644104
9001,1,3,0,0.8488841652870178
9002,6,0,0,0.5464965105056763
9003,3,3,1,0.7574173212051392
9004,7,2,0,0.8150573372840881
9005,5,3,0,0.6949564814567566
9006,6,0,0,0.4918428361415863
9007,2,3,0,0.6482879519462585
9008,0,0,1,0.44845202565193176
9009,2,3,0,0.5233051180839539
9010,8,2,0,0.4151816666126251
9011,2,2,1,0.4762076437473297
9012,8,3,0,0.47751694917678833
9013,7,2,0,0.6492635607719421
9014,7,3,0,0.397045761346817
9015,8,0,0,0.6686046719551086
9016,1,2,0,0.6083064079284668
9017,0,2,0,0.7752693295478821
9018,8,3,0,0.49066072702407837
9019,9,6,0,0.6769424080848694
9020,7,3,0,0.6879486441612244
9021,0,2,0,0.7067774534225464
9022,3,3,1,0.5835279822349548
9023,8,3,0,0.5895413756370544
9024,0,0,1,0.6157638430595398
9025,5,2,0,0.9109962582588196
9026,9,3,0,0.6354349851608276
9027,5,0,0,0.5256356596946716
9028,8,3,0,0.5645920634269714
9029,4,2,0,0.5596418380737305
9030,2,3,0,0.48513105511665344
9031,0,0,1,0.7887090444564819
9032,9,2,0,0.7637335658073425
9033,2,2,1,0.4140869677066803
9034,2,2,1,0.6692956686019897
9035,4,2,0,0.6332942843437195
9036,4,3,0,0.6359501481056213
9037,9,3,0,0.566302478313446
9038,2,2,1,0.6577614545822144
9039,2,3,0,0.6499459147453308
9040,2,3,0,0.35205045342445374
9041,5,0,0,0.6806868314743042
9042,1,0,0,0.5923891663551331
9043,3,2,0,0.6290847063064575
9044,2,2,1,0.6746595501899719
9045,0,2,0,0.681219756603241
9046,0,3,0,0.5591206550598145
9047,4,3,0,0.6420482397079468
9048,0,2,0,0.6067093014717102
9049,6,2,0,0.5124709010124207
9050,5,0,0,0.6551660299301147
9051,8,0,0,0.6220414638519287
9052,0,3,0,0.4078502953052521
9053,5,2,0,0.6859239339828491
9054,8,2,0,0.4272103011608124
9055,6,2,0,0.74326092004776
9056,4,2,0,0.893343985080719
9057,8,3,0,0.41024166345596313
9058,5,3,0,0.3981653153896332
9059,2,3,0,0.39869287610054016
9060,9,3,0,0.5389925241470337
9061,7,3,0,0.4857810139656067
9062,9,0,0,0.34814387559890747
9063,7,3,0,0.4983874559402466
9064,1,8,0,0.3234958350658417
9065,0,0,1,0.39648374915122986
9066,1,5,0,0.4036473035812378
9067,9,0,0,0.6882083415985107
9068,6,3,0,0.7451996207237244
9069,9,3,0,0.6817742586135864
9070,2,2,1,0.3704131543636322
9071,7,2,0,0.48144620656967163
9072,9,3,0,0.6200845241546631
9073,4,2,0,0.6760411262512207
9074,4,8,0,0.5089461803436279
9075,0,3,0,0.5337801575660706
9076,6,3,0,0.434467613697052
9077,2,2,1,0.547673225402832
9078,4,3,0,0.6962948441505432
9079,1,2,0,0.7474586963653564
9080,3,2,0,0.8831882476806641
9081,7,2,0,0.6029784679412842
9082,2,3,0,0.6421067714691162
9083,8,2,0,0.8501855731010437
9084,5,3,0,0.7634493112564087
9085,9,2,0,0.554074227809906
9086,0,3,0,0.6771494746208191
9087,3,2,0,0.6980517506599426
9088,2,2,1,0.5256990790367126
9089,3,2,0,0.3925454318523407
9090,2,3,0,0.653487503528595
9091,7,3,0,0.45629534125328064
9092,6,2,0,0.7110234498977661
9093,3,3,1,0.7941159605979919
9094,2,3,0,0.4023245573043823
9095,5,3,0,0.668104887008667
9096,9,3,0,0.5960450768470764
9097,0,1,0,0.7063133120536804
9098,5,3,0,0.5677027106285095
9099,9,2,0,0.5294435620307922
9100,9,3,0,0.5993185639381409
9101,8,8,1,0.7153298854827881
9102,7,2,0,0.738378643989563
9103,7,2,0,0.5689164400100708
9104,4,0,0,0.5636945962905884
9105,8,8,1,0.5041385293006897
9106,6,2,0,0.6490970849990845
9107,5,0,0,0.8062846660614014
9108,2,0,0,0.7522202730178833
9109,3,3,1,0.4601426422595978
9110,1,3,0,0.6780261993408203
9111,0,8,0,0.32745641469955444
9112,4,3,0,0.7268285751342773
9113,1,3,0,0.3912490904331207
9114,8,2,0,0.5840554237365723
9115,8,2,0,0.4124627709388733
9116,4,0,0,0.49119457602500916
9117,9,3,0,0.626156210899353
9118,4,2,0,0.6363625526428223
9119,4,2,0,0.9336297512054443
9120,3,2,0,0.5115386247634888
9121,3,2,0,0.46519210934638977
9122,9,3,0,0.5179538726806641
9123,2,3,0,0.6747922897338867
9124,0,2,0,0.5167019367218018
9125,1,2,0,0.4272930920124054
9126,1,3,0,0.7333619594573975
9127,8,0,0,0.723812460899353
9128,4,3,0,0.6084072589874268
9129,4,2,0,0.3586554527282715
9130,8,3,0,0.5292965769767761
9131,3,3,1,0.7189180850982666
9132,2,3,0,0.38790079951286316
9133,9,2,0,0.5401396155357361
9134,5,2,0,0.4419306218624115
9135,7,3,0,0.5274826288223267
9136,6,2,0,0.6418269276618958
9137,2,3,0,0.4124045968055725
9138,5,3,0,0.7996110320091248
9139,4,2,0,0.6812531352043152
9140,7,1,0,0.6620393395423889
9141,3,2,0,0.7931602001190186
9142,3,6,0,0.4478909969329834
9143,9,0,0,0.8329092264175415
9144,0,2,0,0.6601104140281677
9145,1,6,0,0.6572892665863037
9146,5,2,0,0.8265594840049744
9147,9,3,0,0.7258327603340149
9148,3,5,0,0.5025978684425354
9149,7,3,0,0.725862979888916
9150,6,3,0,0.39480990171432495
9151,0,2,0,0.8054525852203369
9152,4,3,0,0.48018479347229004
9153,2,3,0,0.5117146968841553
9154,2,2,1,0.3238345682621002
9155,5,3,0,0.6634758114814758
9156,6,3,0,0.72913658618927
9157,3,2,0,0.7026228308677673
9158,8,3,0,0.6352376341819763
9159,9,2,0,0.4161752164363861
9160,5,3,0,0.6086083054542542
9161,6,2,0,0.7390486001968384
9162,1,3,0,0.5005723834037781
9163,4,2,0,0.6625655889511108
9164,5,2,0,0.7372421622276306
9165,4,2,0,0.5089511275291443
9166,6,3,0,0.8298103213310242
9167,7,0,0,0.6072773337364197
9168,2,0,0,0.3929237127304077
9169,1,0,0,0.5194194316864014
9170,0,6,0,0.41752177476882935
9171,2,2,1,0.7435356974601746
9172,0,0,1,0.8741075992584229
9173,4,2,0,0.6502545475959778
9174,9,2,0,0.6100131869316101
9175,8,3,0,0.4519907534122467
9176,8,2,0,0.7150503396987915
9177,9,3,0,0.4979309141635895
9178,1,3,0,0.5967522859573364
9179,1,3,0,0.5219265222549438
9180,5,2,0,0.7787178754806519
9181,0,2,0,0.5831510424613953
9182,0,0,1,0.7907142639160156
9183,8,2,0,0.47214826941490173
9184,7,2,0,0.5201700925827026
9185,1,3,0,0.8078765869140625
9186,7,2,0,0.5913434624671936
9187,4,2,0,0.6182302236557007
9188,5,3,0,0.8407338261604309
9189,4,3,0,0.5555569529533386
9190,3,3,1,0.7373678088188171
9191,3,2,0,0.8927059769630432
9192,2,8,0,0.42109787464141846
9193,0,3,0,0.7593273520469666
9194,6,2,0,0.663347065448761
9195,6,0,0,0.558180570602417
9196,0,0,1,0.7158396244049072
9197,1,3,0,0.4459674656391144
9198,3,3,1,0.5282338857650757
9199,9,3,0,0.7026041150093079
9200,8,2,0,0.6840009093284607
9201,3,3,1,0.7262529730796814
9202,7,2,0,0.3762153089046478
9203,8,0,0,0.5764397978782654
9204,9,2,0,0.5402180552482605
9205,4,2,0,0.5904075503349304
9206,8,0,0,0.5824162364006042
9207,9,1,0,0.3675355017185211
9208,0,0,1,0.5591034293174744
9209,9,3,0,0.45680397748947144
9210,7,3,0,0.7023432850837708
9211,1,2,0,0.6247566342353821
9212,6,3,0,0.46645548939704895
9213,2,3,0,0.7272690534591675
9214,9,5,0,0.6542536020278931
9215,5,2,0,0.6104604005813599
9216,6,3,0,0.8305045962333679
9217,9,3,0,0.5814437866210938
9218,3,3,1,0.7591604590415955
9219,9,3,0,0.665095865726471
9220,8,8,1,0.4144945442676544
9221,7,2,0,0.7311273813247681
9222,7,2,0,0.5608308911323547
9223,1,0,0,0.4714202284812927
9224,6,2,0,0.6497294306755066
9225,5,2,0,0.5618504881858826
9226,3,2,0,0.651016891002655
9227,1,3,0,0.6576709747314453
9228,3,3,1,0.6172049045562744
9229,1,0,0,0.4574032127857208
9230,2,2,1,0.519220769405365
9231,7,3,0,0.6518757343292236
9232,1,3,0,0.511320948600769
9233,8,5,0,0.579906165599823
9234,2,2,1,0.6453525424003601
9235,0,8,0,0.27910417318344116
9236,9,1,0,0.4834793508052826
9237,7,3,0,0.5712122321128845
9238,9,1,0,0.5977997779846191
9239,8,2,0,0.7115968465805054
9240,8,3,0,0.7511820793151855
9241,6,2,0,0.6851151585578918
9242,7,3,0,0.5371350049972534
9243,3,3,1,0.8347110748291016
9244,7,3,0,0.8034900426864624
9245,1,2,0,0.7863330841064453
9246,3,3,1,0.8159228563308716
9247,9,2,0,0.704098105430603
9248,0,2,0,0.6508341431617737
9249,9,3,0,0.7010471224784851
9250,3,3,1,0.7936378717422485
9251,6,3,0,0.5474126935005188
9252,7,3,0,0.5779269337654114
9253,2,2,1,0.6872292160987854
9254,7,6,0,0.5368234515190125
9255,3,2,0,0.3807777464389801
9256,0,2,0,0.4725843071937561
9257,5,2,0,0.7201204299926758
9258,9,2,0,0.8778698444366455
9259,7,2,0,0.5443169474601746
9260,5,3,0,0.698664665222168
9261,5,3,0,0.6885131597518921
9262,0,2,0,0.6649566888809204
9263,6,2,0,0.44965872168540955
9264,5,2,0,0.7658610343933105
9265,1,2,0,0.5001444220542908
9266,8,2,0,0.708465039730072
9267,2,3,0,0.5997517108917236
9268,7,3,0,0.8294837474822998
9269,5,3,0,0.6412011384963989
9270,9,2,0,0.7710494995117188
9271,0,0,1,0.7448126077651978
9272,0,3,0,0.5992139577865601
9273,0,2,0,0.6285513043403625
9274,8,3,0,0.5528260469436646
9275,8,2,0,0.658796489238739
9276,7,3,0,0.865155041217804
9277,3,3,1,0.7575132250785828
9278,7,3,0,0.6338056325912476
9279,8,3,0,0.4801235795021057
9280,9,8,0,0.4458884596824646
9281,3,3,1,0.537985622882843
9282,7,2,0,0.7197412848472595
9283,9,3,0,0.5669349431991577
9284,7,3,0,0.6501842737197876
9285,8,8,1,0.6635960340499878
9286,7,2,0,0.6564655900001526
9287,9,0,0,0.6581045985221863
9288,8,3,0,0.654948353767395
9289,5,0,0,0.7618911266326904
9290,4,3,0,0.5132843852043152
9291,8,2,0,0.5698778033256531
9292,3,2,0,0.7017444968223572
9293,7,2,0,0.47340136766433716
9294,6,3,0,0.6443343162536621
9295,3,0,0,0.3012648820877075
9296,8,2,0,0.5340245366096497
9297,2,2,1,0.6181227564811707
9298,1,2,0,0.48766958713531494
9299,9,3,0,0.8195767998695374
9300,5,9,0,0.6222648024559021
9301,7,2,0,0.661389172077179
9302,3,2,0,0.8683222532272339
9303,9,3,0,0.5427842736244202
9304,5,2,0,0.5676290392875671
9305,5,2,0,0.5638556480407715
9306,8,0,0,0.4130071699619293
9307,7,2,0,0.8495117425918579
9308,3,2,0,0.7902896404266357
9309,5,8,0,0.5974998474121094
9310,3,3,1,0.6552703380584717
9311,5,3,0,0.671766996383667
9312,9,3,0,0.6647900342941284
9313,7,2,0,0.8585634827613831
9314,6,3,0,0.6421377062797546
9315,7,3,0,0.5290073752403259
9316,3,2,0,0.6459977030754089
9317,6,2,0,0.6554753184318542
9318,4,2,0,0.6720005869865417
9319,3,3,1,0.6120277643203735
9320,9,0,0,0.3195793926715851
9321,4,2,0,0.8399041891098022
9322,2,1,0,0.6140850186347961
9323,1,2,0,0.5571461915969849
9324,9,3,0,0.6431786417961121
9325,6,3,0,0.6033136248588562
9326,0,2,0,0.543039858341217
9327,2,8,0,0.4618900716304779
9328,6,3,0,0.7411187887191772
9329,7,2,0,0.40164533257484436
9330,4,3,0,0.643744170665741
9331,7,3,0,0.36073482036590576
9332,9,3,0,0.6367939114570618
9333,0,3,0,0.4076358377933502
9334,7,8,0,0.33706438541412354
9335,4,2,0,0.7777556777000427
9336,3,2,0,0.8104434013366699
9337,5,2,0,0.5440106987953186
9338,3,3,1,0.7199763059616089
9339,1,3,0,0.5833725333213806
9340,1,3,0,0.5500134229660034
9341,2,3,0,0.6788140535354614
9342,6,3,0,0.5233936905860901
9343,8,3,0,0.5980389714241028
9344,2,2,1,0.6854193210601807
9345,1,2,0,0.5700313448905945
9346,7,3,0,0.5452441573143005
9347,8,2,0,0.6119852066040039
9348,5,2,0,0.49496203660964966
9349,9,0,0,0.42484137415885925
9350,6,3,0,0.6646263003349304
9351,1,2,0,0.7465547919273376
9352,1,3,0,0.6104702353477478
9353,5,2,0,0.6535093188285828
9354,0,0,1,0.69465571641922
9355,6,3,0,0.6590480804443359
9356,0,3,0,0.7740046977996826
9357,9,2,0,0.4247804582118988
9358,2,0,0,0.46893998980522156
9359,6,3,0,0.8788788318634033
9360,5,2,0,0.5963310599327087
9361,8,2,0,0.30334657430648804
9362,9,3,0,0.6864479184150696
9363,5,2,0,0.6195439696311951
9364,5,3,0,0.6561705470085144
9365,6,3,0,0.7697976231575012
9366,2,2,1,0.6215780973434448
9367,9,3,0,0.7149397730827332
9368,1,3,0,0.8114176988601685
9369,5,0,0,0.8245434165000916
9370,8,2,0,0.478530615568161
9371,8,0,0,0.5667598843574524
9372,7,2,0,0.8035516738891602
9373,1,8,0,0.4874008297920227
9374,7,2,0,0.6536825299263
9375,3,3,1,0.5775799751281738
9376,5,3,0,0.7419257760047913
9377,4,0,0,0.5574646592140198
9378,9,2,0,0.9558682441711426
9379,7,3,0,0.5765678882598877
9380,5,2,0,0.5688357949256897
9381,2,3,0,0.4365999102592468
9382,9,3,0,0.7300199270248413
9383,9,2,0,0.5621312856674194
9384,4,1,0,0.4323384761810303
9385,7,3,0,0.6904652714729309
9386,4,2,0,0.8055927753448486
9387,1,2,0,0.5050711035728455
9388,3,3,1,0.8405686020851135
9389,8,3,0,0.701652467250824
9390,7,0,0,0.41066864132881165
9391,9,8,0,0.39864981174468994
9392,0,3,0,0.8347815871238708
9393,4,3,0,0.7907735109329224
9394,5,2,0,0.8004578351974487
9395,7,2,0,0.6072335839271545
9396,5,2,0,0.7060831189155579
9397,2,2,1,0.617500364780426
9398,8,3,0,0.7983635067939758
9399,7,3,0,0.6045374274253845
9400,6,1,0,0.3859921097755432
9401,9,3,0,0.6121374368667603
9402,6,3,0,0.7439048290252686
9403,9,2,0,0.689141571521759
9404,3,2,0,0.6047466993331909
9405,8,3,0,0.5872201919555664
9406,5,0,0,0.6029552817344666
9407,6,3,0,0.6255579590797424
9408,6,5,0,0.47962409257888794
9409,9,3,0,0.734348475933075
9410,5,2,0,0.7372531294822693
9411,7,6,0,0.44381362199783325
9412,8,2,0,0.5691008567810059
9413,0,3,0,0.7111095786094666
9414,5,3,0,0.662604033946991
9415,0,0,1,0.48035964369773865
9416,7,3,0,0.6215258836746216
9417,4,3,0,0.5292989015579224
9418,8,2,0,0.7280842661857605
9419,2,2,1,0.42800506949424744
9420,5,3,0,0.6587780714035034
9421,1,3,0,0.6557067036628723
9422,3,2,0,0.672579288482666
9423,2,2,1,0.4962349236011505
9424,2,2,1,0.5654024481773376
9425,6,2,0,0.48529747128486633
9426,2,2,1,0.4793424904346466
9427,1,2,0,0.6754973530769348
9428,7,3,0,0.8687762022018433
9429,4,3,0,0.5633710026741028
9430,6,3,0,0.756952166557312
9431,3,3,1,0.7569283246994019
9432,1,3,0,0.6148586273193359
9433,3,2,0,0.7038537859916687
9434,7,0,0,0.5047597289085388
9435,2,5,0,0.46438756585121155
9436,1,3,0,0.7650850415229797
9437,3,3,1,0.6030382513999939
9438,7,2,0,0.7383164763450623
9439,0,2,0,0.6083791851997375
9440,8,5,0,0.641709566116333
9441,4,6,0,0.5478187203407288
9442,4,0,0,0.49741560220718384
9443,5,2,0,0.6440898776054382
9444,7,3,0,0.37217748165130615
9445,9,2,0,0.6328709125518799
9446,5,3,0,0.6453283429145813
9447,4,2,0,0.6238564848899841
9448,3,2,0,0.5641674399375916
9449,9,2,0,0.5975947380065918
9450,6,3,0,0.5625630021095276
9451,8,8,1,0.3835087716579437
9452,2,3,0,0.6102792620658875
9453,3,3,1,0.908079981803894
9454,3,3,1,0.8410211801528931
9455,1,3,0,0.7120885252952576
9456,6,2,0,0.6469234824180603
9457,1,0,0,0.6307936310768127
9458,7,2,0,0.38271158933639526
9459,0,3,0,0.3393149971961975
9460,3,2,0,0.6683593392372131
9461,4,3,0,0.42684298753738403
9462,2,2,1,0.8320550322532654
9463,9,8,0,0.4523361027240753
9464,4,3,0,0.5903535485267639
9465,5,2,0,0.792876124382019
9466,8,0,0,0.45578017830848694
9467,2,3,0,0.7701324820518494
9468,7,3,0,0.6743937134742737
9469,0,2,0,0.7194682359695435
9470,9,2,0,0.6541890501976013
9471,6,3,0,0.35749170184135437
9472,8,2,0,0.6985275149345398
9473,0,0,1,0.7325010299682617
9474,8,3,0,0.4794171154499054
9475,2,2,1,0.7153957486152649
9476,8,2,0,0.3875444829463959
9477,5,3,0,0.8780918121337891
9478,7,2,0,0.732639491558075
9479,7,2,0,0.7717670798301697
9480,2,2,1,0.5307930707931519
9481,2,2,1,0.564755916595459
9482,0,1,0,0.31760263442993164
9483,0,0,1,0.5010002255439758
9484,0,3,0,0.656158983707428
9485,7,0,0,0.5936407446861267
9486,4,0,0,0.8679429888725281
9487,1,2,0,0.672065019607544
9488,6,5,0,0.6403303742408752
9489,6,3,0,0.442539781332016
9490,8,5,0,0.5763832330703735
9491,8,2,0,0.42103391885757446
9492,9,2,0,0.7129344344139099
9493,0,0,1,0.6696557998657227
9494,9,2,0,0.6501161456108093
9495,0,2,0,0.6123486161231995
9496,1,8,0,0.3731723129749298
9497,3,2,0,0.7395590543746948
9498,3,2,0,0.9021362066268921
9499,0,2,0,0.3413960337638855
9500,9,2,0,0.8262444734573364
9501,6,2,0,0.6888458132743835
9502,6,2,0,0.6988103985786438
9503,2,2,1,0.5947784781455994
9504,6,2,0,0.43836551904678345
9505,3,2,0,0.6604310274124146
9506,4,3,0,0.6111219525337219
9507,0,2,0,0.8557146787643433
9508,8,3,0,0.32646140456199646
9509,4,3,0,0.7493475079536438
9510,1,3,0,0.8628553748130798
9511,4,3,0,0.44596314430236816
9512,0,3,0,0.5349358320236206
9513,6,3,0,0.6231751441955566
9514,5,3,0,0.6172242164611816
9515,0,2,0,0.8139773011207581
9516,9,2,0,0.6418086290359497
9517,9,2,0,0.5235518217086792
9518,9,2,0,0.7189475893974304
9519,9,2,0,0.791166365146637
9520,1,0,0,0.6169813871383667
9521,2,2,1,0.5320971012115479
9522,3,2,0,0.374998539686203
9523,5,3,0,0.522291362285614
9524,4,3,0,0.7818267941474915
9525,2,3,0,0.7276062369346619
9526,9,0,0,0.7271127700805664
9527,6,2,0,0.557231068611145
9528,0,2,0,0.5765352249145508
9529,9,3,0,0.5887667536735535
9530,6,2,0,0.5305336117744446
9531,6,2,0,0.6346986889839172
9532,8,0,0,0.5033794045448303
9533,0,3,0,0.5551583170890808
9534,6,3,0,0.37895673513412476
9535,1,2,0,0.4881080687046051
9536,4,3,0,0.7696143984794617
9537,6,2,0,0.6320893168449402
9538,8,8,1,0.38352862000465393
9539,0,0,1,0.5348168611526489
9540,5,3,0,0.4069139361381531
9541,4,3,0,0.4620460271835327
9542,1,2,0,0.8936243653297424
9543,2,2,1,0.5362362265586853
9544,0,8,0,0.48750975728034973
9545,9,3,0,0.5621923208236694
9546,6,2,0,0.6893599629402161
9547,4,2,0,0.7974183559417725
9548,2,3,0,0.780555248260498
9549,4,3,0,0.6486607193946838
9550,6,2,0,0.47451052069664
9551,5,1,0,0.6398429870605469
9552,9,2,0,0.6916521787643433
9553,7,2,0,0.5539423823356628
9554,7,3,0,0.5316346883773804
9555,4,8,0,0.4072591960430145
9556,6,0,0,0.4470374882221222
9557,5,2,0,0.7595210671424866
9558,0,2,0,0.8737607002258301
9559,1,3,0,0.3457230031490326
9560,9,3,0,0.6256848573684692
9561,0,0,1,0.3794047236442566
9562,3,3,1,0.7348875999450684
9563,1,3,0,0.4218047857284546
9564,9,3,0,0.5816935896873474
9565,0,2,0,0.4069124162197113
9566,9,3,0,0.6272069811820984
9567,7,6,0,0.45398905873298645
9568,8,0,0,0.467441588640213
9569,6,2,0,0.7393490076065063
9570,7,2,0,0.7251942157745361
9571,6,2,0,0.35409727692604065
9572,8,2,0,0.6099644303321838
9573,2,2,1,0.6837616562843323
9574,4,2,0,0.6579158306121826
9575,5,2,0,0.6739861369132996
9576,3,3,1,0.5140631198883057
9577,0,2,0,0.6526724100112915
9578,3,2,0,0.5307103991508484
9579,2,2,1,0.5613561272621155
9580,1,3,0,0.6148163676261902
9581,7,3,0,0.7484932541847229
9582,5,3,0,0.6941869854927063
9583,9,2,0,0.7387077808380127
9584,3,3,1,0.936180591583252
9585,4,2,0,0.6140544414520264
9586,5,2,0,0.6861943006515503
9587,7,2,0,0.43864819407463074
9588,1,0,0,0.819057285785675
9589,5,3,0,0.5196710824966431
9590,0,2,0,0.6620107293128967
9591,1,2,0,0.3893147110939026
9592,1,0,0,0.4912313222885132
9593,1,3,0,0.7053938508033752
9594,9,2,0,0.7163399457931519
9595,7,2,0,0.8273370265960693
9596,5,8,0,0.36297106742858887
9597,4,2,0,0.6967869400978088
9598,9,3,0,0.6513396501541138
9599,7,3,0,0.7210559248924255
9600,8,1,0,0.5290418267250061
9601,1,3,0,0.6645345091819763
9602,0,2,0,0.5615147352218628
9603,2,2,1,0.5531741976737976
9604,8,3,0,0.6623862981796265
9605,5,0,0,0.7592070698738098
9606,6,3,0,0.6616798043251038
9607,7,2,0,0.6204919219017029
9608,0,0,1,0.39446407556533813
9609,1,2,0,0.8033887147903442
9610,4,8,0,0.3039894104003906
9611,8,2,0,0.6747235059738159
9612,4,3,0,0.69536292552948
9613,4,2,0,0.7209663987159729
9614,6,5,0,0.777076780796051
9615,6,2,0,0.7138752937316895
9616,5,3,0,0.5576536655426025
9617,8,8,1,0.38598087430000305
9618,1,2,0,0.6383573412895203
9619,8,0,0,0.6769183278083801
9620,4,6,0,0.5664383172988892
9621,6,1,0,0.6250181794166565
9622,5,2,0,0.5419371128082275
9623,9,3,0,0.48458459973335266
9624,2,1,0,0.5802240967750549
9625,2,2,1,0.883965015411377
9626,1,2,0,0.7243747711181641
9627,4,0,0,0.36489781737327576
9628,9,2,0,0.6255130767822266
9629,1,3,0,0.38785144686698914
9630,6,3,0,0.9048523902893066
9631,7,3,0,0.674872100353241
9632,2,2,1,0.6427975296974182
9633,0,2,0,0.5585866570472717
9634,1,2,0,0.8067381978034973
9635,7,3,0,0.6655100584030151
9636,6,2,0,0.5891489386558533
9637,5,3,0,0.6210744380950928
9638,2,0,0,0.599084734916687
9639,2,3,0,0.7141861915588379
9640,5,2,0,0.770851731300354
9641,6,3,0,0.5816180109977722
9642,0,3,0,0.4497160315513611
9643,9,2,0,0.3822384178638458
9644,0,2,0,0.5918958187103271
9645,1,2,0,0.5302896499633789
9646,5,3,0,0.6338530778884888
9647,3,3,1,0.8567754626274109
9648,3,2,0,0.5648894906044006
9649,5,2,0,0.6164360046386719
9650,8,3,0,0.6300766468048096
9651,7,2,0,0.4540235102176666
9652,5,5,1,0.40350818634033203
9653,6,6,1,0.6990165114402771
9654,5,2,0,0.8372029662132263
9655,8,2,0,0.7080004215240479
9656,0,3,0,0.8070024847984314
9657,5,2,0,0.707004964351654
9658,9,3,0,0.6153537034988403
9659,4,2,0,0.584805428981781
9660,6,3,0,0.6707955002784729
9661,5,5,1,0.38814839720726013
9662,1,2,0,0.4902487099170685
9663,1,3,0,0.41086769104003906
9664,0,8,0,0.27095332741737366
9665,3,0,0,0.6874865889549255
9666,3,3,1,0.6410502195358276
9667,9,2,0,0.6286773681640625
9668,4,5,0,0.5284193158149719
9669,8,2,0,0.5576478242874146
9670,1,2,0,0.6359462141990662
9671,7,2,0,0.6627366542816162
9672,7,3,0,0.6393110156059265
9673,9,0,0,0.38838645815849304
9674,9,3,0,0.665899395942688
9675,4,2,0,0.5723253488540649
9676,3,0,0,0.5964136123657227
9677,6,3,0,0.8592624664306641
9678,3,2,0,0.5437119603157043
9679,2,3,0,0.731329083442688
9680,8,3,0,0.4598310589790344
9681,2,3,0,0.7683297991752625
9682,7,2,0,0.7691867351531982
9683,6,0,0,0.3855310380458832
9684,7,2,0,0.495821088552475
9685,0,3,0,0.4703022241592407
9686,2,2,1,0.6093414425849915
9687,1,2,0,0.8881757259368896
9688,2,3,0,0.6784851551055908
9689,9,2,0,0.5362715721130371
9690,4,2,0,0.8249465823173523
9691,6,2,0,0.6698850393295288
9692,9,2,0,0.47266092896461487
9693,6,2,0,0.7273035645484924
9694,1,5,0,0.8049636483192444
9695,0,0,1,0.6654495000839233
9696,1,3,0,0.5362508893013
9697,8,0,0,0.4928969740867615
9698,7,3,0,0.4864971339702606
9699,0,3,0,0.7395541667938232
9700,0,3,0,0.5104250311851501
9701,4,0,0,0.6422512531280518
9702,7,3,0,0.4395407736301422
9703,4,2,0,0.3691674768924713
9704,2,3,0,0.6905157566070557
9705,6,2,0,0.6681838035583496
9706,9,3,0,0.5425883531570435
9707,5,3,0,0.7344856262207031
9708,9,3,0,0.613573431968689
9709,0,2,0,0.6842459440231323
9710,7,1,0,0.5827928781509399
9711,4,2,0,0.42994794249534607
9712,5,3,0,0.5762033462524414
9713,8,2,0,0.49941590428352356
9714,1,2,0,0.684954047203064
9715,4,3,0,0.6541739702224731
9716,7,8,0,0.26938048005104065
9717,9,2,0,0.4963730275630951
9718,9,3,0,0.5965331792831421
9719,8,2,0,0.7371382117271423
9720,8,3,0,0.5355207920074463
9721,6,3,0,0.7485807538032532
9722,3,3,1,0.6246839165687561
9723,7,7,1,0.38087666034698486
9724,0,2,0,0.6773926615715027
9725,8,3,0,0.4474342167377472
9726,9,2,0,0.7971402406692505
9727,6,2,0,0.7230919599533081
9728,2,2,1,0.7438603639602661
9729,4,0,0,0.6425541639328003
9730,6,2,0,0.7209181189537048
9731,2,2,1,0.86053866147995
9732,9,2,0,0.5263901352882385
9733,7,2,0,0.4551757276058197
9734,4,2,0,0.4910048544406891
9735,6,3,0,0.48322048783302307
9736,8,2,0,0.7388922572135925
9737,5,5,1,0.6110295057296753
9738,6,2,0,0.6855732202529907
9739,1,2,0,0.5786134004592896
9740,3,2,0,0.5761943459510803
9741,5,3,0,0.6305813193321228
9742,9,3,0,0.5830187201499939
9743,9,2,0,0.7300901412963867
9744,1,3,0,0.7292183637619019
9745,3,3,1,0.671653687953949
9746,2,2,1,0.8334832191467285
9747,0,3,0,0.6871141791343689
9748,3,3,1,0.6516773700714111
9749,0,2,0,0.5760719180107117
9750,2,2,1,0.5129271149635315
9751,0,6,0,0.6500098705291748
9752,7,0,0,0.43285590410232544
9753,3,2,0,0.4876308739185333
9754,9,3,0,0.7444977164268494
9755,3,6,0,0.6842427849769592
9756,5,2,0,0.6059954166412354
9757,7,3,0,0.5902199745178223
9758,6,5,0,0.5972245335578918
9759,5,2,0,0.8120502829551697
9760,9,2,0,0.7047500610351562
9761,5,2,0,0.5777751803398132
9762,6,2,0,0.7892302870750427
9763,1,3,0,0.7501440048217773
9764,2,0,0,0.8332089781761169
9765,4,2,0,0.8657467365264893
9766,0,2,0,0.6940832138061523
9767,2,3,0,0.6015381813049316
9768,7,8,0,0.4574127793312073
9769,8,8,1,0.35740551352500916
9770,4,8,0,0.6176324486732483
9771,4,2,0,0.7461742758750916
9772,0,3,0,0.42328405380249023
9773,9,2,0,0.6029164791107178
9774,5,0,0,0.456351101398468
9775,9,5,0,0.4306156635284424
9776,2,3,0,0.5713520050048828
9777,9,3,0,0.6925645470619202
9778,3,3,1,0.8163666725158691
9779,2,2,1,0.6641718149185181
9780,4,2,0,0.5823505520820618
9781,3,3,1,0.4405725598335266
9782,2,2,1,0.5135889053344727
9783,2,6,0,0.4377257227897644
9784,8,2,0,0.6362269520759583
9785,8,3,0,0.6897602677345276
9786,6,2,0,0.7313572764396667
9787,8,3,0,0.7194385528564453
9788,1,8,0,0.32262927293777466
9789,6,8,0,0.2678726017475128
9790,8,2,0,0.6233869791030884
9791,9,3,0,0.6163068413734436
9792,8,3,0,0.482345312833786
9793,2,0,0,0.4331265985965729
9794,1,2,0,0.5667949318885803
9795,4,0,0,0.47722572088241577
9796,9,3,0,0.4106929302215576
9797,1,2,0,0.4681228995323181
9798,5,3,0,0.7596753835678101
9799,7,8,0,0.39587244391441345
9800,1,3,0,0.38915151357650757
9801,6,2,0,0.5974788069725037
9802,0,3,0,0.5009346604347229
9803,1,3,0,0.5910645127296448
9804,5,2,0,0.6115418076515198
9805,2,0,0,0.6485720872879028
9806,8,2,0,0.52937251329422
9807,1,3,0,0.7114098072052002
9808,1,2,0,0.8489087820053101
9809,3,8,0,0.36532482504844666
9810,8,1,0,0.6359468698501587
9811,1,3,0,0.7680462002754211
9812,3,3,1,0.5014351606369019
9813,1,3,0,0.4895331859588623
9814,8,2,0,0.639838457107544
9815,5,3,0,0.5787337422370911
9816,1,2,0,0.8287561535835266
9817,9,2,0,0.6693304777145386
9818,0,0,1,0.6020115613937378
9819,3,3,1,0.6887237429618835
9820,0,3,0,0.9113539457321167
9821,4,2,0,0.616109311580658
9822,0,2,0,0.668165385723114
9823,5,0,0,0.5005927085876465
9824,1,3,0,0.7764314413070679
9825,2,3,0,0.4381314516067505
9826,0,2,0,0.5573754906654358
9827,4,2,0,0.8023251891136169
9828,9,0,0,0.7815324068069458
9829,5,3,0,0.8003121614456177
9830,1,3,0,0.5164183378219604
9831,2,3,0,0.5256965160369873
9832,2,3,0,0.4489412307739258
9833,7,3,0,0.45954418182373047
9834,8,2,0,0.6952388882637024
9835,7,1,0,0.3366169035434723
9836,2,2,1,0.5955042243003845
9837,4,2,0,0.45741164684295654
9838,5,2,0,0.6108747720718384
9839,3,2,0,0.5170655250549316
9840,4,2,0,0.5994663834571838
9841,0,3,0,0.5320858955383301
9842,6,5,0,0.6215827465057373
9843,1,2,0,0.6720858216285706
9844,5,2,0,0.7731412053108215
9845,9,2,0,0.6530150175094604
9846,8,8,1,0.465698778629303
9847,0,0,1,0.7421905398368835
9848,2,3,0,0.5575342774391174
9849,0,3,0,0.6473664045333862
9850,7,3,0,0.7251182198524475
9851,6,2,0,0.5569881796836853
9852,0,2,0,0.684823215007782
9853,5,3,0,0.6205106377601624
9854,9,2,0,0.9041653275489807
9855,7,3,0,0.6619994044303894
9856,5,3,0,0.4150514006614685
9857,0,2,0,0.8998746275901794
9858,4,2,0,0.5230209231376648
9859,6,3,0,0.676790177822113
9860,0,3,0,0.8076627254486084
9861,6,6,1,0.6211364269256592
9862,3,2,0,0.625806987285614
9863,6,2,0,0.41513028740882874
9864,8,2,0,0.6860533356666565
9865,1,3,0,0.7355585694313049
9866,1,2,0,0.8264068961143494
9867,8,2,0,0.5616394281387329
9868,9,3,0,0.686598002910614
9869,7,3,0,0.6524606347084045
9870,2,3,0,0.6494845151901245
9871,9,8,0,0.3521462380886078
9872,0,0,1,0.7540155053138733
9873,2,2,1,0.7025460004806519
9874,2,3,0,0.788969099521637
9875,9,1,0,0.556281328201294
9876,0,2,0,0.49465906620025635
9877,6,3,0,0.6756079792976379
9878,5,2,0,0.7424741387367249
9879,7,2,0,0.3913023769855499
9880,7,2,0,0.811715304851532
9881,9,2,0,0.761108934879303
9882,1,8,0,0.5026659965515137
9883,7,2,0,0.4710274040699005
9884,9,0,0,0.7680190801620483
9885,8,2,0,0.5551141500473022
9886,4,2,0,0.5303238034248352
9887,5,2,0,0.5749269127845764
9888,0,3,0,0.5006750822067261
9889,8,0,0,0.3449137806892395
9890,0,0,1,0.4150564670562744
9891,2,8,0,0.646156370639801
9892,5,2,0,0.7565872669219971
9893,2,0,0,0.37973856925964355
9894,1,3,0,0.4464069902896881
9895,4,0,0,0.40127018094062805
9896,4,2,0,0.5760175585746765
9897,8,0,0,0.7921618223190308
9898,9,2,0,0.7706084251403809
9899,7,2,0,0.8146185278892517
9900,8,8,1,0.5729942917823792
9901,3,3,1,0.6156806945800781
9902,6,3,0,0.5997552275657654
9903,6,3,0,0.48513442277908325
9904,0,1,0,0.6406789422035217
9905,1,3,0,0.5742064118385315
9906,1,3,0,0.4750973880290985
9907,1,2,0,0.8660753965377808
9908,8,2,0,0.7906454205513
9909,1,3,0,0.7131882309913635
9910,4,2,0,0.7053872346878052
9911,4,3,0,0.5741474628448486
9912,0,3,0,0.640551745891571
9913,7,2,0,0.669128954410553
9914,8,0,0,0.7823852896690369
9915,2,2,1,0.6564619541168213
9916,1,5,0,0.6448163390159607
9917,2,3,0,0.677498996257782
9918,5,3,0,0.44135725498199463
9919,4,2,0,0.7461037635803223
9920,6,2,0,0.7368419170379639
9921,0,0,1,0.8828603625297546
9922,5,3,0,0.5665018558502197
9923,7,3,0,0.5500431060791016
9924,4,3,0,0.5177803635597229
9925,4,2,0,0.5324885249137878
9926,3,3,1,0.640674889087677
9927,9,3,0,0.5125977993011475
9928,5,2,0,0.8474950194358826
9929,8,2,0,0.6740648746490479
9930,8,3,0,0.7127215266227722
9931,0,0,1,0.32762858271598816
9932,8,0,0,0.6364404559135437
9933,7,2,0,0.7758435010910034
9934,4,3,0,0.6867210865020752
9935,1,3,0,0.5957918167114258
9936,8,3,0,0.8327707648277283
9937,4,0,0,0.5104285478591919
9938,9,3,0,0.6565510630607605
9939,5,3,0,0.5567939281463623
9940,4,2,0,0.7248696088790894
9941,1,3,0,0.5747333765029907
9942,7,2,0,0.6096196174621582
9943,7,2,0,0.6970050930976868
9944,7,3,0,0.5135583877563477
9945,7,3,0,0.7561028599739075
9946,0,3,0,0.49738264083862305
9947,3,2,0,0.7903493046760559
9948,8,3,0,0.5446228384971619
9949,3,0,0,0.5096219778060913
9950,3,3,1,0.767432451248169
9951,0,2,0,0.7043255567550659
9952,5,2,0,0.5752913355827332
9953,7,0,0,0.4772787392139435
9954,0,6,0,0.6393723487854004
9955,8,2,0,0.7504583597183228
9956,0,2,0,0.6337130665779114
9957,0,5,0,0.5976908206939697
9958,9,8,0,0.3778139650821686
9959,2,0,0,0.6144378781318665
9960,2,3,0,0.562268078327179
9961,3,3,1,0.5426842570304871
9962,4,2,0,0.6921905875205994
9963,8,1,0,0.3911438584327698
9964,2,2,1,0.7214239239692688
9965,2,2,1,0.3675057888031006
9966,6,2,0,0.7064806222915649
9967,3,2,0,0.5179660320281982
9968,3,2,0,0.72349613904953
9969,6,2,0,0.371635377407074
9970,2,0,0,0.34937581419944763
9971,9,8,0,0.6513330340385437
9972,4,2,0,0.48545214533805847
9973,0,2,0,0.7175388932228088
9974,1,3,0,0.8562183380126953
9975,7,3,0,0.4929133355617523
9976,5,2,0,0.5850813984870911
9977,5,2,0,0.7781457304954529
9978,7,2,0,0.6391414403915405
9979,3,0,0,0.36265793442726135
9980,0,8,0,0.4957319498062134
9981,4,2,0,0.6222473978996277
9982,2,3,0,0.6467036604881287
9983,0,2,0,0.9405335783958435
9984,7,3,0,0.5226948261260986
9985,5,2,0,0.414008229970932
9986,8,2,0,0.7495381832122803
9987,0,3,0,0.6893189549446106
9988,8,3,0,0.42755836248397827
9989,2,2,1,0.7091584801673889
9990,7,2,0,0.47946563363075256
9991,0,0,1,0.772257924079895
9992,3,3,1,0.7746601700782776
9993,5,3,0,0.7427804470062256
9994,3,3,1,0.39990556240081787
9995,8,8,1,0.39875125885009766
9996,3,3,1,0.695745050907135
9997,5,3,0,0.6578730344772339
9998,1,2,0,0.7235615849494934
9999,7,3,0,0.5706466436386108
