sample_idx,true_label,pred_label,correct,confidence
0,1,1,1,0.8170779943466187
1,1,0,0,0.7341580390930176
2,1,0,0,0.7556331753730774
3,1,1,1,0.9291065335273743
4,1,1,1,0.7789803743362427
5,1,1,1,0.7990564703941345
6,1,0,0,0.8673191666603088
7,1,1,1,0.8261035680770874
8,1,1,1,0.9187140464782715
9,1,1,1,0.7353855967521667
10,1,1,1,0.9053679704666138
11,1,1,1,0.8888512849807739
12,1,1,1,0.8672937154769897
13,1,1,1,0.8799368739128113
14,1,1,1,0.8909056782722473
15,1,1,1,0.8597772121429443
16,1,1,1,0.9036904573440552
17,1,1,1,0.8861899971961975
18,1,1,1,0.8138247728347778
19,1,1,1,0.8498014807701111
20,1,1,1,0.8487554788589478
21,1,1,1,0.8660047054290771
22,1,1,1,0.8792394995689392
23,1,1,1,0.8774373531341553
24,1,1,1,0.8951895236968994
25,1,1,1,0.8969907164573669
26,1,1,1,0.852142333984375
27,1,1,1,0.9016850590705872
28,1,1,1,0.905325174331665
29,1,1,1,0.9014995694160461
30,1,1,1,0.9210619330406189
31,1,1,1,0.9119025468826294
32,1,1,1,0.9204050302505493
33,1,1,1,0.9026168584823608
34,1,1,1,0.9081541895866394
35,1,1,1,0.9069341421127319
36,1,1,1,0.8969108462333679
37,1,1,1,0.9023579359054565
38,1,1,1,0.9394001364707947
39,1,1,1,0.9173215627670288
40,1,1,1,0.9123932719230652
41,1,1,1,0.8096473813056946
42,1,1,1,0.9182881116867065
43,1,1,1,0.932270348072052
44,1,1,1,0.9331746697425842
45,1,1,1,0.9201101064682007
46,1,1,1,0.9414294958114624
47,1,1,1,0.8903785943984985
48,1,1,1,0.8813329935073853
49,1,1,1,0.9073350429534912
50,1,1,1,0.7923092842102051
51,1,1,1,0.9110668301582336
52,1,1,1,0.9214800000190735
53,1,1,1,0.9122778177261353
54,1,1,1,0.8978166580200195
55,1,1,1,0.8999260067939758
56,1,1,1,0.8987762928009033
57,1,1,1,0.8906753659248352
58,1,1,1,0.915448784828186
59,1,1,1,0.7638742923736572
60,1,1,1,0.8852512836456299
61,1,1,1,0.8134208917617798
62,1,1,1,0.8961856365203857
63,1,1,1,0.8969833254814148
64,1,1,1,0.8870346546173096
65,1,1,1,0.8915833234786987
66,1,1,1,0.917500376701355
67,1,1,1,0.895470380783081
68,1,1,1,0.9252334833145142
69,1,1,1,0.9054580330848694
70,1,1,1,0.904164731502533
71,1,1,1,0.894788920879364
72,1,1,1,0.8917666673660278
73,1,0,0,0.8843154907226562
74,1,1,1,0.9111735224723816
75,1,1,1,0.9068465828895569
76,1,1,1,0.9097902774810791
77,1,1,1,0.9102053046226501
78,1,1,1,0.9230402112007141
79,1,1,1,0.8149948120117188
80,1,0,0,0.8873310685157776
81,1,1,1,0.8880069851875305
82,1,1,1,0.900669515132904
83,1,1,1,0.8313000798225403
84,1,1,1,0.879684329032898
85,1,1,1,0.8583428263664246
86,1,1,1,0.902138888835907
87,1,1,1,0.8852380514144897
88,1,1,1,0.9190673232078552
89,1,1,1,0.9025999903678894
90,1,0,0,0.7874256372451782
91,1,1,1,0.7938842177391052
92,1,1,1,0.8111146688461304
93,1,1,1,0.826475203037262
94,1,1,1,0.9250441193580627
95,1,1,1,0.9250897765159607
96,1,1,1,0.9318588972091675
97,1,1,1,0.9262620806694031
98,1,1,1,0.9204744100570679
99,1,1,1,0.9305784702301025
100,1,1,1,0.9256430268287659
101,1,1,1,0.9401313066482544
102,1,1,1,0.9333409667015076
103,1,1,1,0.9308963418006897
104,1,1,1,0.9328523874282837
105,1,1,1,0.940250039100647
106,1,1,1,0.9344632029533386
107,1,1,1,0.8854231238365173
108,1,1,1,0.8948066234588623
109,1,1,1,0.9354303479194641
110,1,1,1,0.9266436100006104
111,1,1,1,0.9514904618263245
112,1,0,0,0.8274604678153992
113,1,1,1,0.917157769203186
114,1,1,1,0.9277750849723816
115,1,1,1,0.9307765960693359
116,1,1,1,0.9367736577987671
117,1,1,1,0.8978049755096436
118,1,1,1,0.9123024940490723
119,1,1,1,0.9327057003974915
120,1,1,1,0.9387422800064087
121,1,1,1,0.9342581629753113
122,1,1,1,0.9390180706977844
123,1,1,1,0.9263036847114563
124,1,1,1,0.8899841904640198
125,1,1,1,0.9048338532447815
126,1,1,1,0.9284138083457947
127,1,1,1,0.9293789267539978
128,1,1,1,0.9399705529212952
129,1,1,1,0.9272316694259644
130,1,1,1,0.926218569278717
131,1,1,1,0.8506724834442139
132,1,1,1,0.922721803188324
133,1,1,1,0.910599410533905
134,1,1,1,0.9456599950790405
135,1,1,1,0.9155823588371277
136,1,1,1,0.9356482625007629
137,1,1,1,0.9359602332115173
138,1,1,1,0.939579963684082
139,1,1,1,0.9142768979072571
140,1,1,1,0.9156245589256287
141,1,1,1,0.924127459526062
142,1,1,1,0.8674376010894775
143,1,1,1,0.8436155319213867
144,1,1,1,0.8838786482810974
145,1,1,1,0.9199578762054443
146,1,1,1,0.9248664975166321
147,1,1,1,0.9236904382705688
148,1,1,1,0.9260223507881165
149,1,1,1,0.9219526648521423
150,1,1,1,0.9158827662467957
151,1,1,1,0.9256097078323364
152,1,1,1,0.885947585105896
153,1,1,1,0.9274946451187134
154,1,1,1,0.9317094087600708
155,1,1,1,0.916265606880188
156,1,1,1,0.922439455986023
157,1,1,1,0.9336693286895752
158,1,1,1,0.9244230389595032
159,1,1,1,0.9242980480194092
160,1,1,1,0.918502926826477
161,1,1,1,0.9024963974952698
162,1,1,1,0.861919641494751
163,1,1,1,0.8582886457443237
164,1,1,1,0.9432737827301025
165,1,1,1,0.9425008296966553
166,1,1,1,0.8987004160881042
167,1,1,1,0.9297962784767151
168,1,1,1,0.9181681275367737
169,1,1,1,0.9156007170677185
170,1,1,1,0.9310274720191956
171,1,1,1,0.9233006834983826
172,1,1,1,0.920285701751709
173,1,1,1,0.9151978492736816
174,1,1,1,0.9113368988037109
175,1,1,1,0.9222637414932251
176,1,1,1,0.914162278175354
177,1,1,1,0.9058969020843506
178,1,1,1,0.8710243105888367
179,1,1,1,0.8930071592330933
180,1,1,1,0.9248037338256836
181,1,1,1,0.9026660919189453
182,1,1,1,0.9183375239372253
183,1,1,1,0.9036075472831726
184,1,1,1,0.9148978590965271
185,1,1,1,0.8986583352088928
186,1,1,1,0.9065542817115784
187,1,1,1,0.9270627498626709
188,1,1,1,0.9024608135223389
189,1,1,1,0.9206392168998718
190,1,1,1,0.9229910969734192
191,1,1,1,0.9154446125030518
192,1,1,1,0.8347035050392151
193,1,1,1,0.921660304069519
194,1,1,1,0.9044691324234009
195,1,1,1,0.9066943526268005
196,1,1,1,0.9023799300193787
197,1,1,1,0.9289936423301697
198,1,1,1,0.9061357975006104
199,1,1,1,0.9171071648597717
200,1,1,1,0.9139247536659241
201,1,1,1,0.9017812013626099
202,1,1,1,0.9230520129203796
203,1,1,1,0.819750189781189
204,1,1,1,0.8951293230056763
205,1,1,1,0.9258086085319519
206,1,1,1,0.8438321352005005
207,1,1,1,0.8435255289077759
208,1,1,1,0.8097453713417053
209,1,1,1,0.9066032767295837
210,1,1,1,0.903579592704773
211,1,1,1,0.9143847823143005
212,1,1,1,0.8966844081878662
213,1,1,1,0.9260961413383484
214,1,1,1,0.9185639023780823
215,1,1,1,0.9287564158439636
216,1,1,1,0.9314847588539124
217,1,1,1,0.9035626649856567
218,1,1,1,0.827204167842865
219,1,1,1,0.8976330757141113
220,1,1,1,0.9345535635948181
221,1,1,1,0.913804829120636
222,1,1,1,0.8970708250999451
223,1,1,1,0.8980740904808044
224,1,1,1,0.8922946453094482
225,1,1,1,0.8991513848304749
226,1,1,1,0.8917036652565002
227,1,1,1,0.8909298181533813
228,1,1,1,0.9064618349075317
229,1,1,1,0.8634481430053711
230,1,1,1,0.9080706238746643
231,1,1,1,0.910982608795166
232,1,1,1,0.8972993493080139
233,1,1,1,0.903581440448761
234,1,1,1,0.8836430907249451
235,1,1,1,0.9161655306816101
236,1,1,1,0.9130990505218506
237,1,1,1,0.90357506275177
238,1,1,1,0.8437613844871521
239,1,1,1,0.8917935490608215
240,1,1,1,0.8899463415145874
241,1,1,1,0.8808790445327759
242,1,1,1,0.9069905877113342
243,1,1,1,0.7979288101196289
244,1,1,1,0.8144657015800476
245,1,1,1,0.8898026347160339
246,1,1,1,0.9004225134849548
247,1,1,1,0.8879761695861816
248,1,0,0,0.7285453081130981
249,1,1,1,0.889987587928772
250,1,1,1,0.8874998688697815
251,1,1,1,0.9198428988456726
252,1,1,1,0.9037827253341675
253,1,1,1,0.9070896506309509
254,1,1,1,0.8851374983787537
255,0,0,1,0.9211809635162354
256,1,1,1,0.8897991180419922
257,1,1,1,0.8912234902381897
258,1,1,1,0.8745297193527222
259,1,1,1,0.8616912961006165
260,1,1,1,0.7965765595436096
261,1,1,1,0.9001813530921936
262,1,1,1,0.9062272906303406
263,1,1,1,0.8404552340507507
264,1,1,1,0.8485921025276184
265,1,1,1,0.9318522810935974
266,1,1,1,0.9321547150611877
267,1,1,1,0.8988932967185974
268,1,1,1,0.8814600706100464
269,1,1,1,0.8804259300231934
270,1,1,1,0.9285305738449097
271,1,1,1,0.7722075581550598
272,1,1,1,0.8387824296951294
273,1,1,1,0.8312291502952576
274,1,1,1,0.8429976105690002
275,1,1,1,0.8825767040252686
276,1,1,1,0.8834781050682068
277,1,1,1,0.8590853810310364
278,1,1,1,0.8571494817733765
279,1,1,1,0.8672399520874023
280,1,1,1,0.8862306475639343
281,1,1,1,0.8745816349983215
282,1,1,1,0.9181064963340759
283,1,1,1,0.9174554944038391
284,1,1,1,0.9346252679824829
285,1,1,1,0.9052398204803467
286,1,1,1,0.9300615787506104
287,1,1,1,0.8833315372467041
288,1,1,1,0.8979036211967468
289,1,1,1,0.9350314736366272
290,1,1,1,0.9331417083740234
291,1,1,1,0.9328723549842834
292,1,1,1,0.871708869934082
293,1,1,1,0.8906144499778748
294,1,1,1,0.9069910049438477
295,1,1,1,0.9135702252388
296,1,1,1,0.9097604751586914
297,1,1,1,0.9159765243530273
298,1,1,1,0.9140458703041077
299,1,1,1,0.8236143589019775
300,1,1,1,0.7795938849449158
301,1,1,1,0.7868263721466064
302,1,1,1,0.8191507458686829
303,1,1,1,0.8552259802818298
304,1,0,0,0.6828886270523071
305,1,1,1,0.916530191898346
306,1,1,1,0.9148285388946533
307,1,1,1,0.9205101132392883
308,1,1,1,0.7901318669319153
309,1,1,1,0.8706647157669067
310,1,1,1,0.9105907082557678
311,1,1,1,0.8942610025405884
312,1,1,1,0.9055026769638062
313,1,1,1,0.847145140171051
314,1,1,1,0.8653473854064941
315,1,1,1,0.9389529228210449
316,1,1,1,0.9406169056892395
317,1,1,1,0.8414093255996704
318,1,1,1,0.8713895678520203
319,1,1,1,0.8974496722221375
320,1,1,1,0.848528265953064
321,1,1,1,0.8230124115943909
322,1,1,1,0.8509358763694763
323,1,1,1,0.8818195462226868
324,1,1,1,0.8931227922439575
325,1,1,1,0.9163254499435425
326,1,1,1,0.9219503402709961
327,1,1,1,0.9121690392494202
328,1,1,1,0.8177912831306458
329,1,1,1,0.8943924307823181
330,1,1,1,0.9012115597724915
331,1,1,1,0.8051019906997681
332,1,1,1,0.9070934057235718
333,1,1,1,0.9152533411979675
334,1,1,1,0.8202645182609558
335,1,1,1,0.9146201610565186
336,1,1,1,0.9026217460632324
337,1,1,1,0.8665623664855957
338,1,0,0,0.7813366651535034
339,1,1,1,0.8674020171165466
340,1,1,1,0.9165952205657959
341,1,1,1,0.8735941648483276
342,1,1,1,0.8514092564582825
343,1,1,1,0.894710898399353
344,1,1,1,0.8488773107528687
345,1,1,1,0.8480781316757202
346,1,1,1,0.8668758273124695
347,1,1,1,0.7836772799491882
348,1,1,1,0.7608475089073181
349,1,1,1,0.8216239809989929
350,1,1,1,0.8461379408836365
351,1,1,1,0.852206289768219
352,1,0,0,0.6531410813331604
353,1,1,1,0.8504341244697571
354,1,1,1,0.8714765906333923
355,1,1,1,0.9038695693016052
356,1,1,1,0.8901544809341431
357,1,1,1,0.8747263550758362
358,1,1,1,0.9533849954605103
359,1,1,1,0.946721613407135
360,1,1,1,0.9163821935653687
361,1,1,1,0.9283953905105591
362,1,1,1,0.9187086224555969
363,1,1,1,0.9356546401977539
364,1,1,1,0.879148006439209
365,1,1,1,0.9470966458320618
366,1,1,1,0.9431717395782471
367,1,1,1,0.9384898543357849
368,1,1,1,0.9214911460876465
369,1,1,1,0.9405440092086792
370,1,1,1,0.9455116987228394
371,1,1,1,0.7556685209274292
372,1,1,1,0.9411724209785461
373,1,1,1,0.9312598705291748
374,1,1,1,0.9357615113258362
375,1,1,1,0.9437360167503357
376,1,1,1,0.9457933902740479
377,1,1,1,0.9450192451477051
378,1,1,1,0.9285206198692322
379,1,1,1,0.9276208877563477
380,1,1,1,0.8996813297271729
381,1,1,1,0.9096094369888306
382,1,1,1,0.8891094326972961
383,1,1,1,0.9064584970474243
384,1,1,1,0.9367991089820862
385,1,1,1,0.8847047686576843
386,1,1,1,0.9475753903388977
387,1,1,1,0.9234450459480286
388,1,1,1,0.9466806054115295
389,1,1,1,0.9257781505584717
390,1,1,1,0.9085909724235535
391,1,1,1,0.9218055009841919
392,1,1,1,0.9352930784225464
393,1,1,1,0.9448800086975098
394,1,1,1,0.9306593537330627
395,1,1,1,0.9398729801177979
396,1,1,1,0.9082003831863403
397,1,1,1,0.9352248311042786
398,1,1,1,0.9336860179901123
399,1,1,1,0.9125705361366272
400,1,1,1,0.899253249168396
401,1,1,1,0.9355449676513672
402,1,1,1,0.9313411712646484
403,1,1,1,0.9320055246353149
404,1,1,1,0.9355379343032837
405,1,1,1,0.9421260356903076
406,1,1,1,0.8845255374908447
407,1,1,1,0.9140738844871521
408,1,1,1,0.8592885136604309
409,1,1,1,0.9468948841094971
410,1,1,1,0.9377291798591614
411,1,1,1,0.9338042140007019
412,1,1,1,0.7991700768470764
413,1,1,1,0.8062135577201843
414,1,1,1,0.8496235013008118
415,1,1,1,0.8454611897468567
416,1,1,1,0.8686745762825012
417,1,1,1,0.8838614821434021
418,1,1,1,0.8645527958869934
419,1,1,1,0.8812453150749207
420,1,1,1,0.8784913420677185
421,1,1,1,0.8728864789009094
422,1,1,1,0.8746774792671204
423,1,1,1,0.8565701842308044
424,1,1,1,0.9233213663101196
425,1,1,1,0.8871450424194336
426,1,1,1,0.8783653974533081
427,1,1,1,0.8653262257575989
428,1,1,1,0.8649885654449463
429,1,1,1,0.8573258519172668
430,1,1,1,0.881732702255249
431,1,1,1,0.8831600546836853
432,1,1,1,0.8819704651832581
433,1,1,1,0.882988691329956
434,1,1,1,0.9029155373573303
435,1,1,1,0.8993159532546997
436,1,1,1,0.8886595368385315
437,1,1,1,0.8966323137283325
438,1,1,1,0.877704381942749
439,1,1,1,0.8976295590400696
440,1,1,1,0.8698211312294006
441,1,1,1,0.8875345587730408
442,1,1,1,0.8880472779273987
443,1,1,1,0.8778358697891235
444,1,1,1,0.8574901819229126
445,1,1,1,0.8845818042755127
446,1,1,1,0.8801606893539429
447,1,1,1,0.8761805295944214
448,1,1,1,0.8814679384231567
449,1,1,1,0.8755058646202087
450,1,1,1,0.8771451711654663
451,1,1,1,0.8792070746421814
452,1,1,1,0.8778036832809448
453,1,1,1,0.9075561761856079
454,1,1,1,0.8938814401626587
455,1,1,1,0.8487538695335388
456,1,1,1,0.8542287945747375
457,1,1,1,0.879732072353363
458,1,1,1,0.9119884967803955
459,1,1,1,0.8983865976333618
460,1,1,1,0.8834244608879089
461,1,1,1,0.888695240020752
462,1,1,1,0.872101366519928
463,1,1,1,0.9002549648284912
464,1,1,1,0.9397778511047363
465,1,1,1,0.8836290836334229
466,1,1,1,0.9518115520477295
467,1,1,1,0.9550384879112244
468,1,1,1,0.8989390134811401
469,1,1,1,0.9250239133834839
470,1,1,1,0.9285964369773865
471,1,1,1,0.9391365051269531
472,1,1,1,0.8977969288825989
473,1,1,1,0.9448000192642212
474,1,1,1,0.9237750172615051
475,1,1,1,0.9155000448226929
476,1,1,1,0.9319666028022766
477,1,1,1,0.9316778779029846
478,1,1,1,0.9380230903625488
479,1,1,1,0.9463728666305542
480,1,1,1,0.9444429278373718
481,1,1,1,0.9265143275260925
482,1,1,1,0.9342650175094604
483,1,1,1,0.9334286451339722
484,1,1,1,0.9200994372367859
485,1,1,1,0.9271178245544434
486,1,1,1,0.9282955527305603
487,1,1,1,0.9324966669082642
488,1,1,1,0.9271672368049622
489,1,1,1,0.9427649974822998
490,1,1,1,0.9358328580856323
491,1,1,1,0.928490161895752
492,1,1,1,0.9382509589195251
493,1,1,1,0.9339094161987305
494,1,1,1,0.9382367134094238
495,1,1,1,0.9419170618057251
496,1,1,1,0.9380516409873962
497,1,1,1,0.9414325952529907
498,1,1,1,0.9395795464515686
499,1,1,1,0.9416052103042603
500,1,1,1,0.9353253841400146
501,1,1,1,0.9561212062835693
502,1,1,1,0.9349285960197449
503,1,1,1,0.934702455997467
504,1,1,1,0.9421074390411377
505,1,1,1,0.9423857927322388
506,1,1,1,0.9378807544708252
507,1,1,1,0.9364455342292786
508,1,1,1,0.941775918006897
509,1,1,1,0.9426561594009399
510,1,1,1,0.9278841614723206
511,1,1,1,0.9395566582679749
512,1,1,1,0.9391566514968872
513,1,1,1,0.9475597143173218
514,1,1,1,0.9482477307319641
515,1,1,1,0.9457380175590515
516,1,1,1,0.9334118962287903
517,1,1,1,0.9407485127449036
518,1,1,1,0.9392639994621277
519,1,1,1,0.9205020666122437
520,1,1,1,0.9228320121765137
521,1,1,1,0.9289076328277588
522,1,1,1,0.9223687052726746
523,1,1,1,0.9429206252098083
524,1,1,1,0.9412094354629517
525,1,1,1,0.9221724271774292
526,1,1,1,0.9282490611076355
527,1,1,1,0.9328778386116028
528,1,1,1,0.9389595985412598
529,1,1,1,0.8785580992698669
530,1,1,1,0.8303855657577515
531,1,1,1,0.8041837215423584
532,1,1,1,0.9180468320846558
533,1,1,1,0.8629506826400757
534,1,1,1,0.864270806312561
535,1,1,1,0.8682349920272827
536,1,1,1,0.9124008417129517
537,1,1,1,0.9288507103919983
538,1,1,1,0.9232391119003296
539,1,1,1,0.9220783114433289
540,1,1,1,0.9263556003570557
541,1,1,1,0.9198269248008728
542,1,1,1,0.9217967391014099
543,1,1,1,0.9252901077270508
544,1,1,1,0.9310880303382874
545,1,1,1,0.9132253527641296
546,1,1,1,0.9130163192749023
547,1,1,1,0.9231501221656799
548,1,1,1,0.9222326278686523
549,1,1,1,0.8482193946838379
550,1,1,1,0.9244601726531982
551,1,1,1,0.9335983991622925
552,1,1,1,0.9319421648979187
553,1,1,1,0.9273020029067993
554,1,1,1,0.9261795282363892
555,1,1,1,0.9281134009361267
556,1,1,1,0.9286796450614929
557,1,1,1,0.9150938987731934
558,1,1,1,0.9131717681884766
559,1,1,1,0.9239012598991394
560,1,1,1,0.9090776443481445
561,1,1,1,0.9093352556228638
562,1,1,1,0.9310117363929749
563,1,1,1,0.8979339599609375
564,1,1,1,0.7036418914794922
565,1,1,1,0.7058336138725281
566,1,1,1,0.9097653031349182
567,1,1,1,0.9203720688819885
568,1,1,1,0.9343087077140808
569,1,1,1,0.9131042957305908
570,1,1,1,0.907986044883728
571,1,1,1,0.9380164742469788
572,1,0,0,0.8112078309059143
573,1,1,1,0.9040434956550598
574,1,1,1,0.9106349945068359
575,1,1,1,0.9105503559112549
576,1,1,1,0.9165173172950745
577,1,1,1,0.9169824719429016
578,1,1,1,0.9365344047546387
579,1,1,1,0.9367418885231018
580,1,1,1,0.9362620115280151
581,1,1,1,0.9173482656478882
582,1,1,1,0.9280392527580261
583,1,1,1,0.916226327419281
584,1,1,1,0.9267906546592712
585,1,1,1,0.9231665134429932
586,1,1,1,0.921252965927124
587,1,1,1,0.9149183034896851
588,1,1,1,0.9357733130455017
589,1,1,1,0.9174482822418213
590,1,1,1,0.9070581197738647
591,1,1,1,0.870883047580719
592,1,1,1,0.9299225807189941
593,1,1,1,0.938806414604187
594,1,1,1,0.9371005296707153
595,1,1,1,0.9143671989440918
596,1,1,1,0.9079763889312744
597,1,1,1,0.9003702998161316
598,1,1,1,0.9283398985862732
599,1,1,1,0.9229695200920105
600,1,1,1,0.9130375981330872
601,1,1,1,0.9166794419288635
602,1,1,1,0.9411655068397522
603,1,1,1,0.9325273633003235
604,1,1,1,0.9315622448921204
605,1,1,1,0.8938416242599487
606,1,1,1,0.8952456116676331
607,1,1,1,0.8747748136520386
608,1,1,1,0.911458432674408
609,1,1,1,0.9336985945701599
610,1,1,1,0.9232490062713623
611,1,1,1,0.9249099493026733
612,1,1,1,0.9232258200645447
613,1,1,1,0.9242419004440308
614,1,1,1,0.9108166694641113
615,1,1,1,0.9026913046836853
616,1,1,1,0.9055330753326416
617,1,1,1,0.8992559909820557
618,1,1,1,0.9210793375968933
619,1,1,1,0.9305459856987
620,1,1,1,0.9302675127983093
621,1,1,1,0.9032671451568604
622,1,1,1,0.9182841777801514
623,1,1,1,0.9173777103424072
624,1,1,1,0.9142469763755798
625,1,1,1,0.9181914329528809
626,1,1,1,0.9159433841705322
627,1,1,1,0.8891963362693787
628,1,1,1,0.9167377352714539
629,1,1,1,0.8891459703445435
630,1,1,1,0.9021012783050537
631,1,1,1,0.9059112668037415
632,1,1,1,0.8734102249145508
633,1,1,1,0.9132645726203918
634,1,1,1,0.8850840926170349
635,1,1,1,0.9061873555183411
636,1,1,1,0.9008004069328308
637,1,1,1,0.9071021676063538
638,1,1,1,0.9124408960342407
639,1,1,1,0.9093457460403442
640,1,1,1,0.9024282097816467
641,1,1,1,0.9136883020401001
642,1,1,1,0.9068825840950012
643,1,1,1,0.9115055799484253
644,1,1,1,0.9254566431045532
645,1,1,1,0.9218596816062927
646,1,1,1,0.9157621264457703
647,1,1,1,0.9208745956420898
648,1,1,1,0.91352379322052
649,1,1,1,0.9123502373695374
650,1,1,1,0.9002745151519775
651,1,1,1,0.9002254009246826
652,1,1,1,0.898585319519043
653,1,1,1,0.8900574445724487
654,1,1,1,0.8875596523284912
655,1,1,1,0.8947044014930725
656,1,1,1,0.8988492488861084
657,1,1,1,0.9029770493507385
658,1,1,1,0.8710428476333618
659,1,1,1,0.876549243927002
660,1,1,1,0.9009579420089722
661,1,1,1,0.9080637693405151
662,1,1,1,0.9118534922599792
663,1,1,1,0.9117668271064758
664,1,1,1,0.9239786267280579
665,1,1,1,0.9157477021217346
666,1,1,1,0.9061903953552246
667,1,1,1,0.9261642694473267
668,1,1,1,0.9421009421348572
669,1,1,1,0.9303660988807678
670,1,1,1,0.9299276471138
671,1,1,1,0.9336731433868408
672,1,1,1,0.9256274700164795
673,1,1,1,0.9316771030426025
674,1,1,1,0.8963832855224609
675,1,1,1,0.913885235786438
676,1,1,1,0.9171894192695618
677,1,1,1,0.9162813425064087
678,1,1,1,0.9179567098617554
679,1,1,1,0.9167757630348206
680,1,1,1,0.9115805625915527
681,1,1,1,0.9121016263961792
682,1,1,1,0.9274018406867981
683,1,1,1,0.9369644522666931
684,1,1,1,0.9316666126251221
685,1,1,1,0.9320650100708008
686,1,1,1,0.9182594418525696
687,1,1,1,0.9356523156166077
688,1,1,1,0.9239868521690369
689,1,1,1,0.9310038685798645
690,1,1,1,0.9253333210945129
691,1,1,1,0.9293105006217957
692,1,1,1,0.939296305179596
693,1,1,1,0.9339179396629333
694,1,1,1,0.9154453277587891
695,1,1,1,0.9048356413841248
696,1,1,1,0.9125076532363892
697,1,1,1,0.9115298986434937
698,1,1,1,0.9381529688835144
699,1,1,1,0.906688392162323
700,1,1,1,0.9103843569755554
701,1,1,1,0.9094148278236389
702,1,1,1,0.9167353510856628
703,1,1,1,0.91415935754776
704,1,1,1,0.9151402711868286
705,1,1,1,0.9121640920639038
706,1,1,1,0.9146769046783447
707,1,1,1,0.9109918475151062
708,1,1,1,0.7318891286849976
709,1,1,1,0.7409656047821045
710,1,1,1,0.9315170049667358
711,1,1,1,0.9264773726463318
712,1,1,1,0.9078493118286133
713,1,1,1,0.8595067262649536
714,1,1,1,0.874883234500885
715,1,1,1,0.7555797696113586
716,1,1,1,0.7687711715698242
717,1,1,1,0.7477734684944153
718,1,1,1,0.7496883869171143
719,1,1,1,0.8745837807655334
720,1,1,1,0.8773328065872192
721,1,1,1,0.8734033703804016
722,1,1,1,0.8551152944564819
723,1,1,1,0.8835045099258423
724,1,1,1,0.9379135966300964
725,1,1,1,0.9392459392547607
726,1,1,1,0.944442629814148
727,1,1,1,0.9411336183547974
728,1,1,1,0.9377971291542053
729,1,1,1,0.9325845241546631
730,1,1,1,0.9228727221488953
731,1,1,1,0.9192933440208435
732,1,1,1,0.9105057716369629
733,1,1,1,0.9202165007591248
734,1,1,1,0.9167520999908447
735,1,1,1,0.9187620282173157
736,1,1,1,0.9283813834190369
737,1,1,1,0.915435254573822
738,1,1,1,0.90732741355896
739,1,1,1,0.8882676959037781
740,1,1,1,0.8749868273735046
741,1,1,1,0.9234150052070618
742,1,1,1,0.9022292494773865
743,1,1,1,0.9170550107955933
744,1,1,1,0.8861966729164124
745,1,1,1,0.8952455520629883
746,1,1,1,0.901616632938385
747,1,1,1,0.9040459990501404
748,1,1,1,0.9124515652656555
749,1,1,1,0.9090943336486816
750,1,1,1,0.9274588227272034
751,1,1,1,0.9271132349967957
752,1,1,1,0.9307894110679626
753,1,1,1,0.9287400245666504
754,1,1,1,0.9076727628707886
755,1,1,1,0.8652896285057068
756,1,1,1,0.8984699249267578
757,1,1,1,0.9024994373321533
758,1,1,1,0.9114484190940857
759,1,1,1,0.9156497716903687
760,1,1,1,0.9071168899536133
761,1,1,1,0.9116553068161011
762,1,1,1,0.8855186104774475
763,1,1,1,0.8926273584365845
764,1,1,1,0.9017935395240784
765,1,1,1,0.9277138710021973
766,1,1,1,0.8646253347396851
767,1,1,1,0.907330334186554
768,1,1,1,0.9073184132575989
769,1,1,1,0.9221523404121399
770,1,1,1,0.9231076240539551
771,1,1,1,0.9085775017738342
772,1,1,1,0.9052396416664124
773,1,1,1,0.9106431007385254
774,1,1,1,0.8536966443061829
775,1,1,1,0.8942394852638245
776,1,1,1,0.9365320205688477
777,1,1,1,0.9083583354949951
778,1,1,1,0.9285867810249329
779,1,1,1,0.9147619009017944
780,1,1,1,0.90388423204422
781,1,1,1,0.9035862684249878
782,1,1,1,0.8732361197471619
783,1,1,1,0.927263617515564
784,1,1,1,0.907507061958313
785,1,1,1,0.9101528525352478
786,1,1,1,0.915224552154541
787,1,1,1,0.9085738062858582
788,1,1,1,0.9235786199569702
789,1,1,1,0.9400809407234192
790,1,1,1,0.9148387312889099
791,1,1,1,0.9198118448257446
792,1,1,1,0.930169939994812
793,1,1,1,0.8861798048019409
794,1,1,1,0.9237134456634521
795,1,1,1,0.8722818493843079
796,1,1,1,0.9387326836585999
797,1,1,1,0.9178494215011597
798,1,1,1,0.8820597529411316
799,1,1,1,0.9411194324493408
800,1,1,1,0.9152777791023254
801,1,1,1,0.9240986108779907
802,1,1,1,0.9574307799339294
803,1,1,1,0.9530178904533386
804,1,1,1,0.8862593770027161
805,1,1,1,0.8931474089622498
806,1,1,1,0.887852668762207
807,1,1,1,0.9262028336524963
808,1,1,1,0.9296835660934448
809,1,1,1,0.9255664348602295
810,1,1,1,0.9290869235992432
811,1,1,1,0.9292485117912292
812,1,1,1,0.9301889538764954
813,1,1,1,0.9251419901847839
814,1,1,1,0.9315413236618042
815,1,1,1,0.9276365041732788
816,1,1,1,0.9262585639953613
817,1,1,1,0.9268258810043335
818,1,1,1,0.9355884790420532
819,1,1,1,0.9164645075798035
820,1,1,1,0.9139548540115356
821,1,1,1,0.8737729787826538
822,1,1,1,0.9186273813247681
823,1,1,1,0.9197739362716675
824,1,1,1,0.9118874073028564
825,1,1,1,0.8557633757591248
826,1,1,1,0.8880369663238525
827,1,1,1,0.8085986971855164
828,1,1,1,0.8285766243934631
829,1,1,1,0.8035686016082764
830,1,1,1,0.8879273533821106
831,1,1,1,0.8861660957336426
832,1,1,1,0.9273205399513245
833,1,1,1,0.8395937085151672
834,1,1,1,0.9014384150505066
835,1,1,1,0.8966546654701233
836,1,1,1,0.7937493324279785
837,1,1,1,0.7940329313278198
838,1,1,1,0.8793662786483765
839,1,1,1,0.9072767496109009
840,1,1,1,0.9089651107788086
841,1,1,1,0.8607211709022522
842,1,1,1,0.8864271640777588
843,1,1,1,0.8863396048545837
844,1,1,1,0.8971881866455078
845,1,1,1,0.8911136984825134
846,1,1,1,0.8844107985496521
847,1,1,1,0.9125543236732483
848,1,1,1,0.9196215271949768
849,1,1,1,0.9302387833595276
850,1,1,1,0.903383195400238
851,1,1,1,0.8961400985717773
852,1,1,1,0.9165298342704773
853,1,1,1,0.8976715207099915
854,1,1,1,0.8319566249847412
855,1,1,1,0.8213298916816711
856,1,1,1,0.8415865302085876
857,1,1,1,0.8944791555404663
858,1,1,1,0.892865777015686
859,1,1,1,0.8902767300605774
860,1,1,1,0.9129674434661865
861,1,1,1,0.9105579257011414
862,1,1,1,0.8780186176300049
863,1,1,1,0.8859952688217163
864,1,1,1,0.908927321434021
865,1,1,1,0.8968132138252258
866,1,1,1,0.8954711556434631
867,1,1,1,0.9151769876480103
868,1,1,1,0.9006277918815613
869,1,1,1,0.8991186618804932
870,1,1,1,0.8837440013885498
871,1,1,1,0.908000648021698
872,1,1,1,0.9119949340820312
873,1,1,1,0.911022961139679
874,1,1,1,0.9039610028266907
875,1,1,1,0.9171556830406189
876,1,1,1,0.9069230556488037
877,1,1,1,0.8964544534683228
878,1,1,1,0.9130333662033081
879,1,1,1,0.9072478413581848
880,1,1,1,0.8964349031448364
881,1,1,1,0.9150977730751038
882,1,1,1,0.9309430122375488
883,1,1,1,0.9353182911872864
884,1,1,1,0.9375506043434143
885,1,1,1,0.9369111657142639
886,1,0,0,0.7800901532173157
887,1,1,1,0.8914636373519897
888,1,1,1,0.864586591720581
889,1,1,1,0.8293416500091553
890,1,1,1,0.9091587066650391
891,1,1,1,0.8845740556716919
892,1,1,1,0.8900911808013916
893,1,1,1,0.8602866530418396
894,1,1,1,0.7341434955596924
895,0,0,1,0.9006969332695007
896,1,1,1,0.8964067101478577
897,1,1,1,0.8356364369392395
898,1,1,1,0.8404132127761841
899,1,1,1,0.8518368601799011
900,1,1,1,0.8406305313110352
901,1,0,0,0.8065372705459595
902,1,0,0,0.7655677199363708
903,1,0,0,0.8885784149169922
904,1,1,1,0.8941046595573425
905,1,1,1,0.8970378637313843
906,1,1,1,0.8985861539840698
907,1,1,1,0.8998193740844727
908,1,1,1,0.8440138697624207
909,1,1,1,0.8371188640594482
910,1,1,1,0.84944748878479
911,1,1,1,0.9392808675765991
912,1,1,1,0.7924528121948242
913,1,1,1,0.8944689631462097
914,1,1,1,0.880119264125824
915,1,1,1,0.8910951018333435
916,1,1,1,0.8718676567077637
917,1,1,1,0.8984121084213257
918,1,1,1,0.8605742454528809
919,1,1,1,0.8554266095161438
920,1,1,1,0.8409258723258972
921,1,1,1,0.8709192276000977
922,1,1,1,0.8826771974563599
923,1,1,1,0.9080590605735779
924,1,1,1,0.9051748514175415
925,1,1,1,0.8769564032554626
926,1,1,1,0.896574079990387
927,1,1,1,0.85260409116745
928,1,1,1,0.894068717956543
929,1,1,1,0.930613100528717
930,1,1,1,0.9331690669059753
931,1,1,1,0.9298713803291321
932,1,1,1,0.9195988774299622
933,1,1,1,0.9235560297966003
934,1,1,1,0.9123587608337402
935,1,1,1,0.8445413112640381
936,1,1,1,0.9010725021362305
937,1,1,1,0.8678084015846252
938,1,1,1,0.7766818404197693
939,1,1,1,0.7993409633636475
940,1,1,1,0.8808900713920593
941,1,1,1,0.8842514157295227
942,1,1,1,0.8660277724266052
943,1,1,1,0.8830028176307678
944,1,1,1,0.855431079864502
945,1,1,1,0.7849500179290771
946,1,1,1,0.7785829305648804
947,1,1,1,0.850110650062561
948,1,0,0,0.7997170686721802
949,1,1,1,0.8222061991691589
950,0,0,1,0.8050187826156616
951,1,1,1,0.8833600878715515
952,1,1,1,0.697760820388794
953,1,1,1,0.8672720789909363
954,1,1,1,0.8840152621269226
955,1,1,1,0.9231415390968323
956,1,1,1,0.926456868648529
957,1,1,1,0.9304618239402771
958,1,1,1,0.9272351264953613
959,1,0,0,0.6151213049888611
960,1,0,0,0.6513192057609558
961,1,1,1,0.8821595311164856
962,1,1,1,0.9064830541610718
963,1,1,1,0.8807481527328491
964,1,1,1,0.8472239971160889
965,1,1,1,0.8858762383460999
966,1,1,1,0.8817722201347351
967,1,1,1,0.8790591359138489
968,1,0,0,0.7791445851325989
969,1,1,1,0.7828101515769958
970,1,1,1,0.8770754933357239
971,1,1,1,0.9132118225097656
972,1,1,1,0.8107509613037109
973,1,1,1,0.8985908031463623
974,1,1,1,0.8950778245925903
975,1,0,0,0.6700658798217773
976,1,0,0,0.690092921257019
977,1,1,1,0.8410581946372986
978,1,1,1,0.7919979095458984
979,1,1,1,0.841528058052063
980,1,0,0,0.8201579451560974
981,1,0,0,0.8194799423217773
982,1,1,1,0.9006310701370239
983,1,1,1,0.8978716731071472
984,1,1,1,0.8323053121566772
985,1,1,1,0.8426713943481445
986,1,1,1,0.9012271761894226
987,1,1,1,0.8711785674095154
988,1,1,1,0.8986503481864929
989,1,1,1,0.8221431970596313
990,1,0,0,0.7907965183258057
991,1,1,1,0.8761441707611084
992,1,1,1,0.8885179758071899
993,1,1,1,0.6676651835441589
994,1,1,1,0.8132904767990112
995,0,0,1,0.9589515328407288
996,0,0,1,0.949760913848877
997,0,0,1,0.8810407519340515
998,0,0,1,0.9045972228050232
999,0,0,1,0.9033210873603821
1000,0,0,1,0.9104563593864441
1001,0,0,1,0.9206388592720032
1002,0,0,1,0.9341366291046143
1003,0,0,1,0.8959988355636597
1004,0,0,1,0.9355993866920471
1005,0,0,1,0.9378944039344788
1006,0,0,1,0.8880342841148376
1007,0,0,1,0.8660674691200256
1008,0,0,1,0.9020729064941406
1009,0,0,1,0.9253973364830017
1010,0,0,1,0.9415274858474731
1011,0,0,1,0.8472180366516113
1012,0,0,1,0.8579087257385254
1013,0,0,1,0.9006456732749939
1014,0,0,1,0.9555787444114685
1015,0,0,1,0.893869936466217
1016,0,0,1,0.9207735657691956
1017,0,0,1,0.913539469242096
1018,0,0,1,0.9420298337936401
1019,0,0,1,0.9384281635284424
1020,0,0,1,0.9289938807487488
1021,0,0,1,0.9333658218383789
1022,0,0,1,0.8869611620903015
1023,0,0,1,0.9285590648651123
1024,0,0,1,0.9395787119865417
1025,0,0,1,0.9318913221359253
1026,0,0,1,0.9382418990135193
1027,0,0,1,0.9352295398712158
1028,0,0,1,0.9331645965576172
1029,0,0,1,0.9282456040382385
1030,0,0,1,0.9321423768997192
1031,0,0,1,0.9351286888122559
1032,0,0,1,0.9167253971099854
1033,0,0,1,0.9148980975151062
1034,0,0,1,0.9355330467224121
1035,0,0,1,0.9235169887542725
1036,0,0,1,0.9254245758056641
1037,0,0,1,0.9152289032936096
1038,0,0,1,0.9222250580787659
1039,0,0,1,0.9417256116867065
1040,0,0,1,0.9470003247261047
1041,0,0,1,0.9382202625274658
1042,0,0,1,0.9255273938179016
1043,0,0,1,0.9309767484664917
1044,0,0,1,0.950242280960083
1045,0,0,1,0.9347134828567505
1046,0,0,1,0.9449284672737122
1047,0,0,1,0.9378564953804016
1048,0,0,1,0.94355309009552
1049,0,0,1,0.9413847923278809
1050,0,0,1,0.9394343495368958
1051,0,0,1,0.9562921524047852
1052,0,0,1,0.9391859173774719
1053,0,0,1,0.8557688593864441
1054,0,0,1,0.9290313720703125
1055,0,0,1,0.8973174095153809
1056,0,0,1,0.9378141760826111
1057,0,0,1,0.9253937005996704
1058,0,0,1,0.9324773550033569
1059,0,0,1,0.9223554730415344
1060,0,0,1,0.9205061197280884
1061,0,0,1,0.92621910572052
1062,0,0,1,0.9346826672554016
1063,0,0,1,0.944666862487793
1064,0,0,1,0.933334231376648
1065,0,0,1,0.9039689898490906
1066,0,0,1,0.9379664063453674
1067,0,0,1,0.9224229454994202
1068,0,0,1,0.9080871939659119
1069,0,0,1,0.9260508418083191
1070,0,0,1,0.912772536277771
1071,0,0,1,0.9059687256813049
1072,0,0,1,0.9059908390045166
1073,0,0,1,0.9018231630325317
1074,0,0,1,0.9114801287651062
1075,0,0,1,0.8886886835098267
1076,0,0,1,0.9209007620811462
1077,0,0,1,0.9288172721862793
1078,0,0,1,0.9249189496040344
1079,0,0,1,0.9326387047767639
1080,0,0,1,0.9306578636169434
1081,0,0,1,0.9203615784645081
1082,0,0,1,0.9270009398460388
1083,0,0,1,0.907333493232727
1084,0,0,1,0.893095850944519
1085,0,0,1,0.8868120908737183
1086,0,0,1,0.9036374688148499
1087,0,0,1,0.9086887836456299
1088,0,0,1,0.9286831617355347
1089,0,0,1,0.9145618677139282
1090,0,0,1,0.9112893342971802
1091,0,0,1,0.940090537071228
1092,0,0,1,0.9113969206809998
1093,0,0,1,0.9228171110153198
1094,0,0,1,0.9128207564353943
1095,0,0,1,0.9106272459030151
1096,0,0,1,0.8963783383369446
1097,0,0,1,0.9148642420768738
1098,0,0,1,0.8964678049087524
1099,0,0,1,0.8940664529800415
1100,0,0,1,0.9028888940811157
1101,0,0,1,0.8940225839614868
1102,0,0,1,0.9119918346405029
1103,0,0,1,0.8960806131362915
1104,0,0,1,0.8978420495986938
1105,0,0,1,0.880923867225647
1106,0,0,1,0.836450457572937
1107,0,0,1,0.7907252907752991
1108,0,0,1,0.9071578979492188
1109,0,0,1,0.9555482864379883
1110,0,0,1,0.9268458485603333
1111,0,0,1,0.7848569750785828
1112,0,0,1,0.9175477623939514
1113,0,0,1,0.9007149338722229
1114,0,0,1,0.9352273344993591
1115,0,0,1,0.9160162210464478
1116,0,0,1,0.9444948434829712
1117,0,0,1,0.6924055814743042
1118,0,0,1,0.9522500038146973
1119,0,0,1,0.9251335263252258
1120,0,1,0,0.7481125593185425
1121,0,0,1,0.7935513257980347
1122,0,0,1,0.6871926188468933
1123,0,0,1,0.7286838889122009
1124,0,0,1,0.914605438709259
1125,0,0,1,0.9118967652320862
1126,0,0,1,0.9233195781707764
1127,0,0,1,0.9002175331115723
1128,0,0,1,0.8308367729187012
1129,0,0,1,0.8726211786270142
1130,0,0,1,0.921160101890564
1131,0,0,1,0.6715883016586304
1132,0,0,1,0.8781737089157104
1133,0,0,1,0.8755516409873962
1134,0,0,1,0.9044783115386963
1135,0,0,1,0.93962562084198
1136,0,0,1,0.8201646208763123
1137,0,0,1,0.8783249258995056
1138,0,0,1,0.9127267003059387
1139,0,0,1,0.9026905298233032
1140,0,0,1,0.8634846210479736
1141,0,0,1,0.8509743213653564
1142,0,0,1,0.627652645111084
1143,0,1,0,0.6471748948097229
1144,0,0,1,0.7513161301612854
1145,0,1,0,0.6761672496795654
1146,0,0,1,0.6553758382797241
1147,0,1,0,0.698486864566803
1148,0,1,0,0.7029448747634888
1149,0,1,0,0.7763234376907349
1150,0,1,0,0.67640221118927
1151,0,1,0,0.6892710328102112
1152,0,0,1,0.678141713142395
1153,0,0,1,0.8529585003852844
1154,0,0,1,0.8626341223716736
1155,0,0,1,0.8952487111091614
1156,0,0,1,0.8903157114982605
1157,0,0,1,0.894866943359375
1158,0,0,1,0.895110547542572
1159,0,0,1,0.9156559109687805
1160,0,0,1,0.9015015959739685
1161,0,0,1,0.9047279953956604
1162,0,0,1,0.8934394717216492
1163,0,0,1,0.8862866163253784
1164,0,0,1,0.8852358460426331
1165,0,0,1,0.9120987057685852
1166,0,0,1,0.8929319977760315
1167,0,0,1,0.9051938652992249
1168,0,0,1,0.9141727089881897
1169,0,0,1,0.9012317061424255
1170,0,0,1,0.901138186454773
1171,0,0,1,0.8825758695602417
1172,0,0,1,0.8778022527694702
1173,0,0,1,0.9089779853820801
1174,0,0,1,0.9170066118240356
1175,0,0,1,0.8932667970657349
1176,0,0,1,0.9003630876541138
1177,0,0,1,0.8812670111656189
1178,0,0,1,0.9135557413101196
1179,0,0,1,0.8904780149459839
1180,0,0,1,0.9036665558815002
1181,0,0,1,0.9115312695503235
1182,0,0,1,0.8970743417739868
1183,0,0,1,0.9015060067176819
1184,0,0,1,0.9106601476669312
1185,0,0,1,0.8970082402229309
1186,0,0,1,0.8956456184387207
1187,0,0,1,0.8891915082931519
1188,0,0,1,0.8926119208335876
1189,0,0,1,0.915762722492218
1190,0,0,1,0.9076862335205078
1191,0,0,1,0.9104167222976685
1192,0,0,1,0.9101015329360962
1193,0,0,1,0.9140413403511047
1194,0,0,1,0.8682529926300049
1195,0,0,1,0.9049641489982605
1196,0,0,1,0.899677574634552
1197,0,0,1,0.9219381213188171
1198,0,0,1,0.9257078766822815
1199,0,0,1,0.9316607117652893
1200,0,0,1,0.9408325552940369
1201,0,0,1,0.9279336333274841
1202,0,0,1,0.9167055487632751
1203,0,0,1,0.9311989545822144
1204,0,0,1,0.945483922958374
1205,0,0,1,0.9431819319725037
1206,0,0,1,0.9413076639175415
1207,0,0,1,0.9433773756027222
1208,0,0,1,0.9198194742202759
1209,0,0,1,0.920307457447052
1210,0,0,1,0.9114860892295837
1211,0,0,1,0.9129819869995117
1212,0,0,1,0.9294776320457458
1213,0,0,1,0.9208758473396301
1214,0,0,1,0.9002203941345215
1215,0,0,1,0.9222933650016785
1216,0,0,1,0.9291775226593018
1217,0,0,1,0.9343268871307373
1218,0,0,1,0.8963356018066406
1219,0,0,1,0.9320328831672668
1220,0,0,1,0.9180524349212646
1221,0,0,1,0.9296750426292419
1222,0,0,1,0.9274425506591797
1223,0,0,1,0.9242228865623474
1224,0,0,1,0.946050763130188
1225,0,0,1,0.894685685634613
1226,0,0,1,0.9207619428634644
1227,0,0,1,0.9302569627761841
1228,0,0,1,0.9358497858047485
1229,0,0,1,0.931820809841156
1230,0,0,1,0.9254221320152283
1231,0,0,1,0.9251309633255005
1232,0,0,1,0.9403393268585205
1233,0,0,1,0.918705403804779
1234,0,0,1,0.9276247024536133
1235,0,0,1,0.915159285068512
1236,0,0,1,0.9312095642089844
1237,0,0,1,0.9336082339286804
1238,0,0,1,0.9049303531646729
1239,0,0,1,0.9116994738578796
1240,0,0,1,0.9093217253684998
1241,0,0,1,0.9221531748771667
1242,0,0,1,0.9228912591934204
1243,0,0,1,0.8847131729125977
1244,0,0,1,0.7535107135772705
1245,0,0,1,0.6979876756668091
1246,0,0,1,0.776560366153717
1247,0,0,1,0.8578542470932007
1248,0,0,1,0.8949862122535706
1249,0,0,1,0.748469889163971
1250,0,1,0,0.7047110199928284
1251,0,0,1,0.847391664981842
1252,0,0,1,0.8011313676834106
1253,0,0,1,0.6209993362426758
1254,0,0,1,0.8551406860351562
1255,0,0,1,0.564871609210968
1256,0,0,1,0.6819700598716736
1257,0,0,1,0.9169599413871765
1258,0,0,1,0.8694542646408081
1259,0,0,1,0.7858874201774597
1260,0,0,1,0.7756133079528809
1261,0,0,1,0.6994844079017639
1262,0,0,1,0.7715368866920471
1263,0,0,1,0.9363372921943665
1264,0,0,1,0.9334834218025208
1265,0,0,1,0.9344245791435242
1266,0,0,1,0.9349982142448425
1267,0,0,1,0.9062914252281189
1268,0,0,1,0.9044853448867798
1269,0,0,1,0.8871414661407471
1270,0,0,1,0.8551349639892578
1271,0,0,1,0.9402890205383301
1272,0,0,1,0.8884097933769226
1273,0,0,1,0.9016152024269104
1274,0,0,1,0.8928378224372864
1275,0,1,0,0.8758783936500549
1276,0,0,1,0.8984224200248718
1277,0,0,1,0.8969936370849609
1278,0,0,1,0.8795960545539856
1279,0,1,0,0.8914797902107239
1280,0,1,0,0.9160408973693848
1281,0,1,0,0.9302391409873962
1282,0,0,1,0.8269221186637878
1283,0,1,0,0.9104608297348022
1284,0,1,0,0.8981278538703918
1285,0,1,0,0.9155495166778564
1286,0,1,0,0.9166826605796814
1287,0,1,0,0.9066199660301208
1288,0,0,1,0.8965856432914734
1289,0,0,1,0.9363130331039429
1290,0,0,1,0.9151239395141602
1291,0,0,1,0.7347680330276489
1292,0,0,1,0.9276588559150696
1293,0,0,1,0.932807981967926
1294,0,0,1,0.9190161824226379
1295,0,0,1,0.6872900128364563
1296,0,0,1,0.9207439422607422
1297,0,0,1,0.9204145669937134
1298,0,0,1,0.9341574311256409
1299,0,0,1,0.9247176647186279
1300,0,0,1,0.90868079662323
1301,0,0,1,0.8571152687072754
1302,0,0,1,0.921795129776001
1303,0,0,1,0.9303387403488159
1304,0,0,1,0.7211596369743347
1305,0,0,1,0.7212522029876709
1306,0,0,1,0.9206342697143555
1307,0,0,1,0.9150663614273071
1308,0,0,1,0.9257252812385559
1309,0,0,1,0.9395196437835693
1310,0,0,1,0.8753994107246399
1311,0,0,1,0.9389690160751343
1312,0,0,1,0.8901628255844116
1313,0,0,1,0.9073962569236755
1314,0,0,1,0.9275079369544983
1315,0,0,1,0.9056026339530945
1316,0,0,1,0.9028178453445435
1317,0,0,1,0.8907018899917603
1318,0,0,1,0.9105573892593384
1319,0,0,1,0.9070475697517395
1320,0,0,1,0.8947410583496094
1321,0,0,1,0.8650417327880859
1322,0,0,1,0.9115288853645325
1323,0,0,1,0.8891761898994446
1324,0,0,1,0.890612781047821
1325,0,0,1,0.8818279504776001
1326,0,0,1,0.906189501285553
1327,0,0,1,0.9162380695343018
1328,0,0,1,0.9105158448219299
1329,0,0,1,0.9360569715499878
1330,0,0,1,0.8834596276283264
1331,0,0,1,0.9224112629890442
1332,0,0,1,0.9128054976463318
1333,0,0,1,0.9096658229827881
1334,0,0,1,0.8468488454818726
1335,0,0,1,0.8552704453468323
1336,0,0,1,0.9056119918823242
1337,0,0,1,0.9330893158912659
1338,0,0,1,0.9125840663909912
1339,0,0,1,0.8886908292770386
1340,0,0,1,0.9368066787719727
1341,0,0,1,0.8716046214103699
1342,0,0,1,0.9303562641143799
1343,0,0,1,0.9301089644432068
1344,0,0,1,0.9041330814361572
1345,0,0,1,0.844124436378479
1346,0,0,1,0.8772521615028381
1347,0,0,1,0.7833946347236633
1348,0,1,0,0.8827950358390808
1349,0,1,0,0.9010173678398132
1350,0,1,0,0.9290658235549927
1351,0,0,1,0.9136189818382263
1352,0,0,1,0.8963191509246826
1353,0,0,1,0.9324235320091248
1354,0,0,1,0.8981481790542603
1355,0,0,1,0.8970937728881836
1356,0,0,1,0.9118807911872864
1357,0,0,1,0.8969988822937012
1358,0,0,1,0.9233078360557556
1359,0,0,1,0.9015190601348877
1360,0,0,1,0.9016155004501343
1361,0,0,1,0.9220455288887024
1362,0,0,1,0.9100780487060547
1363,0,0,1,0.8652280569076538
1364,0,0,1,0.9283247590065002
1365,0,0,1,0.9285655617713928
1366,0,0,1,0.8888874053955078
1367,0,0,1,0.893299400806427
1368,0,0,1,0.9145378470420837
1369,0,0,1,0.9233375191688538
1370,0,0,1,0.9158552885055542
1371,0,0,1,0.9031222462654114
1372,0,0,1,0.8866243362426758
1373,0,0,1,0.9090379476547241
1374,0,0,1,0.9053449630737305
1375,0,0,1,0.8928342461585999
1376,0,0,1,0.9117246866226196
1377,0,0,1,0.8989067673683167
1378,0,0,1,0.9170252084732056
1379,0,0,1,0.9317272901535034
1380,0,0,1,0.8954375386238098
1381,0,0,1,0.8201761841773987
1382,0,0,1,0.8700307607650757
1383,0,0,1,0.8734837770462036
1384,0,0,1,0.8959720730781555
1385,0,0,1,0.9095754027366638
1386,0,0,1,0.8946176767349243
1387,0,0,1,0.9024774432182312
1388,0,0,1,0.9159166812896729
1389,0,0,1,0.9253515601158142
1390,0,0,1,0.8608121275901794
1391,0,0,1,0.9330951571464539
1392,0,0,1,0.8905829191207886
1393,0,0,1,0.9004798531532288
1394,0,1,0,0.9586036801338196
1395,0,0,1,0.9306177496910095
1396,0,1,0,0.9427329301834106
1397,0,0,1,0.9108574390411377
1398,0,0,1,0.9261749982833862
1399,0,0,1,0.894781768321991
1400,0,0,1,0.8931143283843994
1401,0,0,1,0.9051948189735413
1402,0,0,1,0.9223507046699524
1403,0,0,1,0.9324235320091248
1404,0,0,1,0.8218637108802795
1405,0,0,1,0.7334339618682861
1406,0,0,1,0.9320678114891052
1407,0,0,1,0.9218406677246094
1408,0,0,1,0.7652135491371155
1409,0,0,1,0.8063393831253052
1410,0,0,1,0.803650975227356
1411,0,0,1,0.9183746576309204
1412,0,0,1,0.9305593371391296
1413,0,0,1,0.9377037286758423
1414,0,0,1,0.909161388874054
1415,0,0,1,0.9097477197647095
1416,0,0,1,0.9298652410507202
1417,0,0,1,0.9267776608467102
1418,0,0,1,0.942305862903595
1419,0,0,1,0.9316909909248352
1420,0,0,1,0.8984876275062561
1421,0,0,1,0.8792604804039001
1422,0,0,1,0.8041970133781433
1423,0,0,1,0.8290926218032837
1424,0,0,1,0.770693838596344
1425,0,0,1,0.8139346837997437
1426,0,0,1,0.8579149842262268
1427,0,0,1,0.8435233235359192
1428,0,0,1,0.8668186068534851
1429,0,0,1,0.8747190237045288
1430,0,0,1,0.8528343439102173
1431,0,0,1,0.8693612217903137
1432,0,0,1,0.8663622140884399
1433,0,0,1,0.8649124503135681
1434,0,0,1,0.8430479168891907
1435,0,1,0,0.8242692351341248
1436,0,1,0,0.8292288184165955
1437,0,0,1,0.914010226726532
1438,0,0,1,0.9240793585777283
1439,0,0,1,0.9159377217292786
1440,0,0,1,0.8726268410682678
1441,0,0,1,0.899293839931488
1442,0,0,1,0.9025326371192932
1443,0,0,1,0.9091543555259705
1444,0,0,1,0.9225892424583435
1445,0,0,1,0.9130439162254333
1446,0,0,1,0.9131669402122498
1447,0,0,1,0.9173107147216797
1448,0,0,1,0.8278751373291016
1449,0,0,1,0.900747537612915
1450,0,0,1,0.9165877103805542
1451,0,0,1,0.903945803642273
1452,0,0,1,0.8864062428474426
1453,0,0,1,0.8419034481048584
1454,0,0,1,0.8504038453102112
1455,0,0,1,0.8468314409255981
1456,0,0,1,0.8279641270637512
1457,0,0,1,0.8683512806892395
1458,0,0,1,0.8763181567192078
1459,0,0,1,0.8626744747161865
1460,0,0,1,0.9081814289093018
1461,0,0,1,0.9092106819152832
1462,0,0,1,0.8849620223045349
1463,0,0,1,0.8771030902862549
1464,0,0,1,0.8729219436645508
1465,0,0,1,0.8570605516433716
1466,0,0,1,0.8777469992637634
1467,0,0,1,0.8854318261146545
1468,0,0,1,0.9010439515113831
1469,0,0,1,0.8802022337913513
1470,0,0,1,0.8666611313819885
1471,0,0,1,0.8940100073814392
1472,0,0,1,0.87981778383255
1473,0,0,1,0.8674440979957581
1474,0,0,1,0.9289764165878296
1475,0,0,1,0.9221078753471375
1476,0,0,1,0.9022659063339233
1477,0,0,1,0.9021637439727783
1478,0,0,1,0.9237958192825317
1479,0,0,1,0.9234471321105957
1480,0,0,1,0.9139359593391418
1481,0,0,1,0.8863927721977234
1482,0,0,1,0.8762903809547424
1483,0,0,1,0.7143114805221558
1484,0,0,1,0.9177061319351196
1485,0,1,0,0.638210654258728
1486,0,1,0,0.6603800058364868
1487,0,1,0,0.6859116554260254
1488,0,0,1,0.8119831681251526
1489,0,0,1,0.7491047978401184
1490,0,0,1,0.7705851197242737
1491,0,0,1,0.8524966239929199
1492,0,0,1,0.8747311234474182
1493,0,0,1,0.8459382653236389
1494,0,0,1,0.9117948412895203
1495,0,1,0,0.802161455154419
1496,0,1,0,0.7872809767723083
1497,0,0,1,0.8731034398078918
1498,0,0,1,0.9031602740287781
1499,0,0,1,0.9032886028289795
1500,0,0,1,0.9111169576644897
1501,0,0,1,0.9078508615493774
1502,0,0,1,0.8199083805084229
1503,0,0,1,0.9099037647247314
1504,0,0,1,0.9164705872535706
1505,0,0,1,0.9167504906654358
1506,0,0,1,0.9186893105506897
1507,0,1,0,0.9196737408638
1508,0,0,1,0.8828048706054688
1509,0,0,1,0.6427769660949707
1510,0,0,1,0.7479779720306396
1511,0,0,1,0.694851815700531
1512,0,0,1,0.8375837206840515
1513,0,0,1,0.8325804471969604
1514,0,0,1,0.8465117812156677
1515,0,0,1,0.8715226650238037
1516,0,0,1,0.8750432729721069
1517,0,0,1,0.8711943626403809
1518,0,0,1,0.8979028463363647
1519,0,0,1,0.9026229977607727
1520,0,0,1,0.9150476455688477
1521,0,1,0,0.8506223559379578
1522,0,0,1,0.8046802878379822
1523,0,0,1,0.8460148572921753
1524,0,0,1,0.801683783531189
1525,0,0,1,0.8055615425109863
1526,0,0,1,0.9225441217422485
1527,0,0,1,0.8164671063423157
1528,0,0,1,0.790890097618103
1529,0,0,1,0.8510891199111938
1530,0,1,0,0.8401519656181335
1531,0,0,1,0.901446521282196
1532,0,0,1,0.9200116395950317
1533,0,0,1,0.8520680069923401
1534,0,0,1,0.8541649580001831
1535,0,0,1,0.8671559691429138
1536,0,0,1,0.9032524228096008
1537,0,0,1,0.888673722743988
1538,0,0,1,0.9002377986907959
1539,0,0,1,0.8514540791511536
1540,0,0,1,0.8270910978317261
1541,0,0,1,0.8589785099029541
1542,0,0,1,0.8555859923362732
1543,0,0,1,0.8667852878570557
1544,0,0,1,0.8096092343330383
1545,0,0,1,0.826910138130188
1546,0,0,1,0.907802939414978
1547,1,0,0,0.6674381494522095
1548,0,0,1,0.8648831844329834
1549,0,0,1,0.8143661022186279
1550,1,0,0,0.9209558963775635
1551,0,0,1,0.9052119851112366
1552,0,0,1,0.843982994556427
1553,0,0,1,0.8299189805984497
1554,0,0,1,0.9136230945587158
1555,0,0,1,0.8685851693153381
1556,0,0,1,0.8593535423278809
1557,0,0,1,0.9017336964607239
1558,0,0,1,0.8991118669509888
1559,0,0,1,0.9106870293617249
1560,0,0,1,0.8348075747489929
1561,0,0,1,0.9089060425758362
1562,0,0,1,0.9022489190101624
1563,0,0,1,0.892717719078064
1564,0,0,1,0.8954634666442871
1565,0,0,1,0.8839796781539917
1566,0,0,1,0.8408374190330505
1567,0,0,1,0.834995448589325
1568,0,0,1,0.9098556637763977
1569,0,0,1,0.9343928694725037
1570,0,0,1,0.9326682090759277
1571,0,0,1,0.9061462879180908
1572,0,0,1,0.7624087929725647
1573,0,0,1,0.7586954832077026
1574,0,0,1,0.9081646203994751
1575,0,0,1,0.8977037668228149
1576,0,0,1,0.9347556233406067
1577,0,0,1,0.9275801777839661
1578,0,0,1,0.8963192105293274
1579,0,0,1,0.8299516439437866
1580,0,0,1,0.9047835469245911
1581,0,0,1,0.8950772881507874
1582,0,0,1,0.9024330377578735
1583,0,0,1,0.9058670401573181
1584,0,0,1,0.8756222724914551
1585,0,0,1,0.9371376037597656
1586,0,0,1,0.9348993301391602
1587,0,0,1,0.680827796459198
1588,0,0,1,0.8937578201293945
1589,0,0,1,0.6917040348052979
1590,0,0,1,0.7173088192939758
1591,0,0,1,0.9074099659919739
1592,0,0,1,0.9121519327163696
1593,0,0,1,0.8988874554634094
1594,0,0,1,0.9057179689407349
1595,0,0,1,0.936957836151123
1596,0,0,1,0.9185091853141785
1597,0,0,1,0.9193550944328308
1598,0,0,1,0.6945438385009766
1599,0,0,1,0.7702996134757996
1600,0,1,0,0.7309461236000061
1601,0,1,0,0.7204487919807434
1602,0,0,1,0.8159467577934265
1603,0,1,0,0.8519969582557678
1604,0,1,0,0.8408914804458618
1605,0,0,1,0.8592678904533386
1606,0,0,1,0.8554333448410034
1607,0,0,1,0.7710779309272766
1608,0,0,1,0.889540433883667
1609,0,1,0,0.6851974129676819
1610,0,0,1,0.8727025985717773
1611,0,1,0,0.8220430016517639
1612,0,0,1,0.8545883297920227
1613,0,0,1,0.7962828278541565
1614,0,0,1,0.8814412951469421
1615,0,1,0,0.7711479663848877
1616,0,1,0,0.7563177347183228
1617,0,0,1,0.9320515394210815
1618,0,0,1,0.8418897390365601
1619,0,0,1,0.9293960332870483
1620,0,0,1,0.9352629780769348
1621,0,0,1,0.9315149784088135
1622,0,0,1,0.9020191431045532
1623,0,0,1,0.8913350105285645
1624,0,0,1,0.8908891081809998
1625,0,0,1,0.8955659866333008
1626,0,0,1,0.9108655452728271
1627,0,0,1,0.9335267543792725
1628,1,0,0,0.9008976221084595
1629,0,0,1,0.8631133437156677
1630,0,0,1,0.83726567029953
1631,0,0,1,0.9130129218101501
1632,0,0,1,0.8858302235603333
1633,0,0,1,0.8853704333305359
1634,0,0,1,0.8483743071556091
1635,0,0,1,0.9127082824707031
1636,0,0,1,0.9255750775337219
1637,0,0,1,0.8866338729858398
1638,0,0,1,0.9157804846763611
1639,0,0,1,0.8979811668395996
1640,0,0,1,0.8738908767700195
1641,0,0,1,0.8908663392066956
1642,0,0,1,0.8908402323722839
1643,0,0,1,0.8884835839271545
1644,0,0,1,0.9174254536628723
1645,0,0,1,0.9065485000610352
1646,0,0,1,0.8989976048469543
1647,0,0,1,0.9300735592842102
1648,0,0,1,0.8649715185165405
1649,0,0,1,0.9151382446289062
1650,0,0,1,0.8699679970741272
1651,0,0,1,0.9041623473167419
1652,0,0,1,0.8877325057983398
1653,0,0,1,0.846238374710083
1654,0,0,1,0.9095887541770935
1655,0,0,1,0.8951722383499146
1656,0,0,1,0.894483745098114
1657,0,0,1,0.9084054231643677
1658,0,0,1,0.8512344360351562
1659,0,0,1,0.9034579992294312
1660,0,0,1,0.8834227919578552
1661,0,0,1,0.9289258718490601
1662,0,0,1,0.7866289615631104
1663,0,0,1,0.6833098530769348
1664,0,0,1,0.6573753356933594
1665,0,0,1,0.8756201863288879
1666,0,0,1,0.9443899989128113
1667,0,0,1,0.9492025971412659
1668,0,0,1,0.9356299638748169
1669,0,0,1,0.9550365805625916
1670,0,0,1,0.9493989944458008
1671,0,0,1,0.9331487417221069
1672,0,0,1,0.9559890627861023
1673,0,0,1,0.9543969631195068
1674,0,0,1,0.9421887993812561
1675,0,0,1,0.9420726299285889
1676,0,0,1,0.879207193851471
1677,0,0,1,0.9009970426559448
1678,0,0,1,0.8283646702766418
1679,0,0,1,0.7782636284828186
1680,0,0,1,0.8056725263595581
1681,0,0,1,0.9096443057060242
1682,0,0,1,0.8133934736251831
1683,0,0,1,0.8743252754211426
1684,0,0,1,0.8650596737861633
1685,0,0,1,0.9537078142166138
1686,0,0,1,0.9398099780082703
1687,0,0,1,0.9508557319641113
1688,0,0,1,0.9503858089447021
1689,0,0,1,0.9498674869537354
1690,0,0,1,0.9156770706176758
1691,0,0,1,0.8801468014717102
1692,0,0,1,0.9124757647514343
1693,0,0,1,0.9492595195770264
1694,0,0,1,0.9541099667549133
1695,0,0,1,0.9392581582069397
1696,0,0,1,0.9310877323150635
1697,0,0,1,0.927278995513916
1698,0,0,1,0.915300726890564
1699,0,0,1,0.8850646018981934
1700,0,0,1,0.7477641701698303
1701,0,0,1,0.7270105481147766
1702,0,0,1,0.9558486342430115
1703,0,0,1,0.9538468718528748
1704,0,0,1,0.7977626323699951
1705,0,0,1,0.9390632510185242
1706,0,0,1,0.8367166519165039
1707,0,0,1,0.9432203769683838
1708,0,0,1,0.9451168775558472
1709,0,0,1,0.9541129469871521
1710,0,0,1,0.9599600434303284
1711,0,0,1,0.9485449194908142
1712,0,0,1,0.946412980556488
1713,0,0,1,0.937758207321167
1714,0,0,1,0.9517695307731628
1715,0,0,1,0.9358792304992676
1716,0,0,1,0.8951351642608643
1717,0,0,1,0.9292886257171631
1718,0,0,1,0.9234691262245178
1719,0,0,1,0.9276351928710938
1720,0,0,1,0.9301687479019165
1721,0,0,1,0.8847958445549011
1722,0,0,1,0.6984477639198303
1723,0,0,1,0.7569581270217896
1724,0,0,1,0.8152749538421631
1725,0,0,1,0.9168123602867126
1726,0,0,1,0.9343240857124329
1727,0,0,1,0.9322600364685059
1728,0,0,1,0.7524979114532471
1729,0,0,1,0.6756344437599182
1730,0,1,0,0.6680547595024109
1731,0,0,1,0.6850731372833252
1732,0,0,1,0.8610614538192749
1733,0,0,1,0.8820251822471619
1734,0,0,1,0.8238468766212463
1735,0,0,1,0.8752879500389099
1736,0,0,1,0.8693128824234009
1737,0,0,1,0.835688054561615
1738,0,0,1,0.8610861897468567
1739,0,0,1,0.9067457914352417
1740,0,0,1,0.8825154304504395
1741,0,0,1,0.9233103394508362
1742,0,0,1,0.8900765180587769
1743,0,0,1,0.8032533526420593
1744,0,0,1,0.9141191244125366
1745,0,0,1,0.7925456166267395
1746,0,0,1,0.9452015161514282
1747,0,0,1,0.8907830119132996
1748,0,0,1,0.8679935932159424
1749,0,0,1,0.8374927639961243
1750,0,0,1,0.8314680457115173
1751,0,0,1,0.715369701385498
1752,0,0,1,0.8737355470657349
1753,0,0,1,0.7837945222854614
1754,0,0,1,0.8508114218711853
1755,0,0,1,0.9130589962005615
1756,0,0,1,0.8734505772590637
1757,0,0,1,0.9165915846824646
1758,0,0,1,0.9334062337875366
1759,0,0,1,0.9327138662338257
1760,0,0,1,0.8971190452575684
1761,0,0,1,0.887813925743103
1762,0,0,1,0.9065214991569519
1763,0,0,1,0.9387853741645813
1764,0,0,1,0.666724443435669
1765,0,0,1,0.8871119618415833
1766,0,0,1,0.8743336796760559
1767,0,0,1,0.8917554616928101
1768,0,0,1,0.7756528258323669
1769,0,0,1,0.895343542098999
1770,0,0,1,0.8484604954719543
1771,0,1,0,0.8987176418304443
1772,0,1,0,0.911906898021698
1773,0,1,0,0.8186351656913757
1774,0,0,1,0.6031179428100586
1775,0,1,0,0.7600783109664917
1776,0,0,1,0.9549257159233093
1777,0,0,1,0.959077775478363
1778,0,0,1,0.9327038526535034
1779,0,0,1,0.9725283980369568
1780,0,0,1,0.954800009727478
1781,0,0,1,0.9493787884712219
1782,0,0,1,0.9633162021636963
1783,0,0,1,0.9648048281669617
1784,0,0,1,0.9313397407531738
1785,0,0,1,0.9701640605926514
1786,0,0,1,0.9186901450157166
1787,0,0,1,0.9633205533027649
1788,0,0,1,0.7960538864135742
1789,0,0,1,0.6741461157798767
1790,0,0,1,0.9027937650680542
1791,0,0,1,0.9217173457145691
1792,0,0,1,0.7333229184150696
1793,0,0,1,0.6924381256103516
1794,0,0,1,0.7436400651931763
1795,0,0,1,0.7659494280815125
1796,0,0,1,0.9288309812545776
1797,0,0,1,0.9065242409706116
1798,0,0,1,0.8904120922088623
1799,0,0,1,0.6859571933746338
1800,0,0,1,0.9169779419898987
1801,0,0,1,0.9130198955535889
1802,0,0,1,0.7777692675590515
1803,0,0,1,0.8547800779342651
1804,0,0,1,0.7381259202957153
1805,0,0,1,0.899484395980835
1806,0,0,1,0.8488930463790894
1807,0,0,1,0.7264208197593689
1808,0,0,1,0.8970295786857605
1809,0,0,1,0.8482364416122437
1810,0,0,1,0.7855893969535828
1811,0,1,0,0.7164027094841003
1812,0,0,1,0.8963297605514526
1813,0,0,1,0.9382394552230835
1814,0,0,1,0.9423367381095886
1815,0,0,1,0.9095385074615479
1816,0,0,1,0.8486660122871399
1817,0,0,1,0.9067283272743225
1818,0,0,1,0.7731577157974243
1819,0,0,1,0.9208914041519165
1820,0,0,1,0.8475728034973145
1821,0,0,1,0.8653737902641296
1822,0,0,1,0.9004311561584473
1823,0,0,1,0.8492815494537354
1824,0,0,1,0.784637987613678
1825,0,0,1,0.8700407147407532
1826,0,0,1,0.7840365171432495
1827,0,0,1,0.6748878955841064
1828,0,0,1,0.8407528400421143
1829,0,0,1,0.8501194715499878
1830,0,0,1,0.8459175229072571
1831,0,0,1,0.7617718577384949
1832,0,0,1,0.9205140471458435
1833,0,0,1,0.8304021954536438
1834,0,1,0,0.7640573978424072
1835,0,1,0,0.6362908482551575
1836,0,0,1,0.650180995464325
1837,0,0,1,0.6819039583206177
1838,0,1,0,0.6538801193237305
1839,0,0,1,0.8639025092124939
1840,0,0,1,0.8956969976425171
1841,0,0,1,0.9264100193977356
1842,0,0,1,0.8939944505691528
1843,0,0,1,0.8928834199905396
1844,0,0,1,0.8957184553146362
1845,0,0,1,0.8649939894676208
1846,0,0,1,0.8818356394767761
1847,0,0,1,0.9253889918327332
1848,0,0,1,0.9068782925605774
1849,0,0,1,0.886415958404541
1850,0,0,1,0.89738529920578
1851,0,0,1,0.9288560152053833
1852,0,0,1,0.9277572631835938
1853,0,0,1,0.9242036938667297
1854,0,0,1,0.9321090579032898
1855,0,0,1,0.9327960014343262
1856,0,0,1,0.9321260452270508
1857,0,0,1,0.9194408059120178
1858,0,0,1,0.9200621843338013
1859,0,0,1,0.931836724281311
1860,0,0,1,0.8924816846847534
1861,0,0,1,0.9097369313240051
1862,0,0,1,0.8059378266334534
1863,0,0,1,0.7246993780136108
1864,0,0,1,0.8161594271659851
1865,0,0,1,0.7814318537712097
1866,0,0,1,0.9303424954414368
1867,0,0,1,0.9377941489219666
1868,0,0,1,0.932529628276825
1869,0,0,1,0.9333373308181763
1870,0,0,1,0.9365894794464111
1871,0,0,1,0.939940333366394
1872,0,0,1,0.9209998846054077
1873,0,0,1,0.9332662224769592
1874,0,0,1,0.9379229545593262
1875,0,0,1,0.9167509078979492
1876,0,0,1,0.9166406393051147
1877,0,0,1,0.916111409664154
1878,0,0,1,0.9231237173080444
1879,0,0,1,0.914521336555481
1880,0,0,1,0.8847426772117615
1881,0,1,0,0.583097517490387
1882,0,0,1,0.8731705546379089
1883,0,0,1,0.7361838817596436
1884,0,0,1,0.6678476333618164
1885,0,1,0,0.778727650642395
1886,0,0,1,0.8691635131835938
1887,0,1,0,0.6331260800361633
1888,0,1,0,0.6594589948654175
1889,0,1,0,0.6269757151603699
1890,0,0,1,0.7908536195755005
1891,0,1,0,0.7595070004463196
1892,1,1,1,0.7306122779846191
1893,1,0,0,0.9785600304603577
1894,1,0,0,0.870701014995575
1895,1,0,0,0.8593270778656006
1896,1,0,0,0.709924578666687
1897,1,1,1,0.7603924870491028
1898,1,1,1,0.6733992099761963
1899,1,0,0,0.7903982996940613
1900,1,0,0,0.8041085004806519
1901,1,0,0,0.9022621512413025
1902,1,1,1,0.7734814882278442
1903,1,0,0,0.7753312587738037
1904,1,1,1,0.6790234446525574
1905,1,1,1,0.8453508019447327
1906,1,0,0,0.8825077414512634
1907,1,0,0,0.8324979543685913
1908,1,1,1,0.9010606408119202
1909,1,0,0,0.752704381942749
1910,1,1,1,0.7826471328735352
1911,1,0,0,0.9373065233230591
1912,1,1,1,0.8831903338432312
1913,1,1,1,0.7116333842277527
1914,1,0,0,0.7276224493980408
1915,1,0,0,0.7177287936210632
1916,1,0,0,0.7466120719909668
1917,1,1,1,0.7757993936538696
1918,1,1,1,0.7796915769577026
1919,1,1,1,0.7098867297172546
1920,1,1,1,0.8197965025901794
1921,1,0,0,0.6839811205863953
1922,1,0,0,0.7913058996200562
1923,0,0,1,0.9338095784187317
1924,0,0,1,0.9205799102783203
1925,0,0,1,0.9240434169769287
1926,0,0,1,0.8131270408630371
1927,0,0,1,0.7710482478141785
1928,0,0,1,0.8639180064201355
1929,0,0,1,0.8409801721572876
1930,0,0,1,0.8662527799606323
1931,0,0,1,0.8911837339401245
1932,0,0,1,0.6994575262069702
1933,0,0,1,0.8756341934204102
1934,0,0,1,0.9361303448677063
1935,0,0,1,0.8825596570968628
1936,0,0,1,0.9138262867927551
1937,0,0,1,0.920964241027832
1938,0,0,1,0.9246932864189148
1939,0,0,1,0.9407885074615479
1940,0,0,1,0.9264612793922424
1941,0,0,1,0.9128003716468811
1942,1,1,1,0.8600453734397888
1943,1,1,1,0.8308594226837158
1944,1,1,1,0.8891456127166748
1945,1,0,0,0.6689475774765015
1946,1,0,0,0.8838241696357727
1947,1,1,1,0.6576508283615112
1948,1,1,1,0.8475726246833801
1949,1,0,0,0.7472689747810364
1950,1,1,1,0.7212442755699158
1951,1,0,0,0.798261284828186
1952,1,0,0,0.8080270886421204
1953,1,0,0,0.6587610840797424
1954,1,1,1,0.67182856798172
1955,1,1,1,0.8478809595108032
1956,1,1,1,0.7800532579421997
1957,1,1,1,0.8385818600654602
1958,1,1,1,0.8981940150260925
1959,1,1,1,0.8724237680435181
1960,1,1,1,0.9007318615913391
1961,1,1,1,0.8798523545265198
1962,1,1,1,0.857965886592865
1963,1,1,1,0.8623532652854919
1964,1,1,1,0.8687489628791809
1965,1,1,1,0.8101503252983093
1966,1,1,1,0.871099591255188
1967,1,1,1,0.8887304067611694
1968,1,1,1,0.8630130290985107
1969,1,1,1,0.818131685256958
1970,1,1,1,0.8301370143890381
1971,1,1,1,0.8874519467353821
1972,1,1,1,0.8902348279953003
1973,1,1,1,0.8929911851882935
1974,1,1,1,0.8487882018089294
1975,1,1,1,0.8112393617630005
1976,1,1,1,0.7531934380531311
1977,1,1,1,0.6030555963516235
1978,1,0,0,0.8945555686950684
1979,1,1,1,0.7330105900764465
1980,1,1,1,0.8111360669136047
1981,1,0,0,0.7475507855415344
1982,1,1,1,0.8948104381561279
1983,1,1,1,0.6465336680412292
1984,1,0,0,0.6845494508743286
1985,1,0,0,0.7967768311500549
1986,1,0,0,0.684242308139801
1987,1,0,0,0.8358426094055176
1988,1,0,0,0.6493370532989502
1989,1,1,1,0.8613356351852417
1990,1,1,1,0.8825228810310364
1991,1,1,1,0.7392845749855042
1992,1,0,0,0.716400146484375
1993,1,0,0,0.7387317419052124
1994,1,1,1,0.7641738653182983
1995,1,0,0,0.8271337151527405
1996,1,1,1,0.7970843315124512
1997,1,1,1,0.7324854731559753
1998,1,1,1,0.8059075474739075
1999,1,1,1,0.8422034382820129
2000,1,1,1,0.9120001196861267
2001,1,1,1,0.8927807807922363
2002,1,1,1,0.8969569802284241
2003,1,1,1,0.8292406797409058
2004,1,1,1,0.9152971506118774
2005,1,1,1,0.7184415459632874
2006,1,1,1,0.7387508749961853
2007,1,1,1,0.7817951440811157
2008,1,1,1,0.8995695114135742
2009,1,1,1,0.8848744630813599
2010,1,1,1,0.8064982891082764
2011,1,1,1,0.8425639271736145
2012,1,1,1,0.9239975810050964
2013,1,1,1,0.9089066386222839
2014,1,1,1,0.8921012878417969
2015,1,1,1,0.8986538052558899
2016,1,1,1,0.9119393229484558
2017,1,1,1,0.8757666349411011
2018,1,1,1,0.8943589329719543
2019,1,1,1,0.9034833312034607
2020,1,1,1,0.8438830375671387
2021,1,1,1,0.9195073843002319
2022,1,1,1,0.9290129542350769
2023,1,1,1,0.9225783944129944
2024,1,1,1,0.9131247997283936
2025,1,1,1,0.914660632610321
2026,1,1,1,0.9158375859260559
2027,1,1,1,0.8963808417320251
2028,1,1,1,0.8646823763847351
2029,1,1,1,0.8326165080070496
2030,1,1,1,0.8581063151359558
2031,1,1,1,0.843106210231781
2032,1,1,1,0.8982840776443481
2033,1,1,1,0.8575801253318787
2034,1,1,1,0.8617264032363892
2035,1,1,1,0.9062091112136841
2036,1,1,1,0.8788659572601318
2037,1,1,1,0.8273235559463501
2038,1,1,1,0.8689398169517517
2039,1,1,1,0.8704902529716492
2040,1,1,1,0.894086480140686
2041,1,1,1,0.87065190076828
2042,1,1,1,0.8570184707641602
2043,1,0,0,0.7824327945709229
2044,1,1,1,0.8927936553955078
2045,1,1,1,0.8219484090805054
2046,1,1,1,0.837611198425293
2047,1,1,1,0.8845648169517517
2048,1,1,1,0.918092668056488
2049,1,1,1,0.8859396576881409
2050,1,1,1,0.9210416078567505
2051,1,1,1,0.9157713651657104
2052,1,0,0,0.6947926878929138
2053,1,1,1,0.912437915802002
2054,1,1,1,0.8973703384399414
2055,1,1,1,0.8775757551193237
2056,1,1,1,0.9184091091156006
2057,1,1,1,0.9066671133041382
2058,1,1,1,0.854202151298523
2059,1,1,1,0.8853352069854736
2060,1,1,1,0.7195302844047546
2061,1,1,1,0.8620722889900208
2062,1,1,1,0.8680214285850525
2063,1,1,1,0.9040570259094238
2064,1,1,1,0.8950308561325073
2065,1,1,1,0.8950446844100952
2066,1,1,1,0.7616531252861023
2067,1,1,1,0.7876685857772827
2068,1,1,1,0.7983440160751343
2069,1,1,1,0.9104228615760803
2070,1,1,1,0.8961473703384399
2071,1,1,1,0.896966814994812
2072,1,1,1,0.9013996124267578
2073,1,1,1,0.9115707874298096
2074,1,1,1,0.8090769648551941
2075,1,1,1,0.8955776691436768
2076,1,1,1,0.8644624352455139
2077,1,1,1,0.6678010821342468
2078,1,1,1,0.6900386214256287
2079,1,1,1,0.6827065944671631
2080,1,0,0,0.694781482219696
2081,1,1,1,0.7706468105316162
2082,1,1,1,0.8474295735359192
2083,1,1,1,0.9042319655418396
2084,1,1,1,0.858877420425415
2085,1,1,1,0.8198283314704895
2086,1,1,1,0.9089840650558472
2087,1,1,1,0.9144650101661682
2088,1,0,0,0.823068380355835
2089,1,1,1,0.8637197613716125
2090,1,1,1,0.7859595417976379
2091,1,0,0,0.6331466436386108
2092,1,1,1,0.8224684596061707
2093,1,1,1,0.8004687428474426
2094,1,1,1,0.6408682465553284
2095,1,0,0,0.8642110824584961
2096,1,1,1,0.7373496890068054
2097,1,1,1,0.7778301239013672
2098,1,0,0,0.7527996301651001
2099,1,1,1,0.7461899518966675
2100,1,1,1,0.8581514954566956
2101,1,1,1,0.7351630926132202
2102,1,1,1,0.7049685120582581
2103,1,0,0,0.7643178105354309
2104,1,0,0,0.6362835168838501
2105,1,0,0,0.8038864731788635
2106,1,1,1,0.692899227142334
2107,1,1,1,0.8805550932884216
2108,1,0,0,0.7901710271835327
2109,1,1,1,0.8077077269554138
2110,1,1,1,0.7998607754707336
2111,1,1,1,0.8886795043945312
2112,1,1,1,0.8804921507835388
2113,1,1,1,0.9045257568359375
2114,1,1,1,0.7838920950889587
2115,1,0,0,0.7232422828674316
2116,1,1,1,0.880459189414978
2117,1,0,0,0.638410747051239
2118,1,1,1,0.8571676015853882
2119,1,1,1,0.8931301236152649
2120,1,1,1,0.9108491539955139
2121,1,1,1,0.8625189661979675
2122,1,1,1,0.8624085187911987
2123,1,1,1,0.7930140495300293
2124,1,1,1,0.7649349570274353
2125,1,1,1,0.8591341972351074
2126,1,1,1,0.8570433259010315
2127,1,1,1,0.7460120916366577
2128,1,1,1,0.8311605453491211
2129,1,1,1,0.7618681788444519
2130,1,1,1,0.7616682052612305
2131,1,1,1,0.673572301864624
2132,1,0,0,0.9022461175918579
2133,1,0,0,0.8539636135101318
2134,1,1,1,0.6740755438804626
2135,1,1,1,0.6983268857002258
2136,1,0,0,0.751934826374054
2137,1,0,0,0.606980562210083
2138,1,1,1,0.8406333327293396
2139,1,1,1,0.7906362414360046
2140,1,1,1,0.812243640422821
2141,1,1,1,0.594542920589447
2142,1,1,1,0.7872045040130615
2143,1,1,1,0.9019591808319092
2144,1,1,1,0.9194520711898804
2145,1,1,1,0.5943922400474548
2146,1,1,1,0.8812139630317688
2147,1,1,1,0.6903339624404907
2148,1,1,1,0.782709538936615
2149,1,1,1,0.817903995513916
2150,1,1,1,0.8421054482460022
2151,1,0,0,0.6355761289596558
2152,1,1,1,0.8643893003463745
2153,1,1,1,0.8697784543037415
2154,1,1,1,0.7762497067451477
2155,1,1,1,0.7919358015060425
2156,1,1,1,0.8015278577804565
2157,1,1,1,0.8212843537330627
2158,1,1,1,0.8110062479972839
2159,1,1,1,0.6824833750724792
2160,1,1,1,0.8156048059463501
2161,1,1,1,0.874087393283844
2162,1,1,1,0.8639328479766846
2163,1,1,1,0.8394188284873962
2164,1,0,0,0.7086299061775208
2165,1,1,1,0.8633753657341003
2166,1,1,1,0.8380906581878662
2167,1,1,1,0.7782928347587585
2168,1,1,1,0.7727168202400208
2169,1,1,1,0.7211146950721741
2170,1,1,1,0.804120659828186
2171,1,1,1,0.8591815233230591
2172,1,1,1,0.8464962840080261
2173,1,1,1,0.8196388483047485
2174,1,1,1,0.838481068611145
2175,1,1,1,0.8727420568466187
2176,1,1,1,0.708367645740509
2177,1,1,1,0.8607082962989807
2178,1,1,1,0.7468088865280151
2179,1,1,1,0.6326184868812561
2180,1,1,1,0.8709937334060669
2181,1,1,1,0.7321566343307495
2182,1,1,1,0.8029435873031616
2183,1,0,0,0.7428550124168396
2184,1,1,1,0.6739563345909119
2185,1,1,1,0.6814620494842529
2186,1,0,0,0.6856327056884766
2187,1,1,1,0.784098207950592
2188,1,1,1,0.7569665908813477
2189,1,0,0,0.6872172951698303
2190,1,1,1,0.8902445435523987
2191,1,1,1,0.6483345627784729
2192,1,0,0,0.6790949702262878
2193,1,1,1,0.8119308948516846
2194,1,1,1,0.9030255675315857
2195,1,1,1,0.8065354824066162
2196,1,1,1,0.7932860851287842
2197,1,1,1,0.7009620070457458
2198,1,1,1,0.9116270542144775
2199,1,1,1,0.7542170286178589
2200,1,1,1,0.904365062713623
2201,1,1,1,0.7862622737884521
2202,1,1,1,0.8938182592391968
2203,1,1,1,0.8641467094421387
2204,1,1,1,0.9094290137290955
2205,1,1,1,0.8821211457252502
2206,1,1,1,0.7344397902488708
2207,1,0,0,0.7450273633003235
2208,1,0,0,0.8044351935386658
2209,1,1,1,0.8316128253936768
2210,1,0,0,0.795518159866333
2211,1,1,1,0.7531048655509949
2212,1,1,1,0.6801270842552185
2213,1,1,1,0.8915801644325256
2214,1,1,1,0.8704280853271484
2215,1,0,0,0.7482379078865051
2216,1,0,0,0.7187198400497437
2217,1,0,0,0.6244440674781799
2218,1,1,1,0.6948931217193604
2219,1,1,1,0.7103155255317688
2220,1,1,1,0.7240293025970459
2221,1,1,1,0.8561157584190369
2222,1,0,0,0.7077193856239319
2223,1,0,0,0.6268060803413391
2224,1,1,1,0.7543023824691772
2225,1,0,0,0.6547306776046753
2226,1,1,1,0.8594947457313538
2227,1,1,1,0.6728575825691223
2228,1,0,0,0.6597044467926025
2229,1,1,1,0.9169729948043823
2230,1,1,1,0.8712506890296936
2231,1,1,1,0.7539761662483215
2232,1,1,1,0.7694170475006104
2233,1,1,1,0.7403393387794495
2234,1,1,1,0.7747642397880554
2235,1,1,1,0.8645589351654053
2236,1,1,1,0.8514121174812317
2237,1,1,1,0.8183695673942566
2238,1,1,1,0.8027685880661011
2239,1,1,1,0.8415337800979614
2240,1,0,0,0.81405109167099
2241,1,0,0,0.6533661484718323
2242,1,1,1,0.9018182158470154
2243,1,1,1,0.9203583598136902
2244,1,1,1,0.9094272255897522
2245,1,1,1,0.7858452200889587
2246,1,0,0,0.699618935585022
2247,1,1,1,0.7411653995513916
2248,1,1,1,0.9012606739997864
2249,1,1,1,0.9197275042533875
2250,1,1,1,0.9275587201118469
2251,1,1,1,0.9051393866539001
2252,1,1,1,0.912594199180603
2253,1,1,1,0.8831838369369507
2254,1,1,1,0.8810270428657532
2255,1,1,1,0.8578936457633972
2256,1,1,1,0.8486929535865784
2257,1,1,1,0.718898594379425
2258,1,1,1,0.7562854886054993
2259,1,1,1,0.6218951940536499
2260,1,1,1,0.8870468735694885
2261,1,1,1,0.9162623882293701
2262,1,1,1,0.9072831869125366
2263,1,1,1,0.9204851388931274
2264,1,1,1,0.9096227288246155
2265,1,1,1,0.9218913316726685
2266,1,1,1,0.8935730457305908
2267,1,1,1,0.953158438205719
2268,1,1,1,0.9486061930656433
2269,1,1,1,0.9543207883834839
2270,1,1,1,0.8996517062187195
2271,1,0,0,0.7018415331840515
2272,1,0,0,0.7697399854660034
2273,1,0,0,0.8917773365974426
2274,1,0,0,0.7131865620613098
2275,1,0,0,0.6581659913063049
2276,1,0,0,0.847053050994873
2277,1,0,0,0.8879913091659546
2278,1,0,0,0.681010901927948
2279,1,0,0,0.7800664305686951
2280,1,0,0,0.6126701831817627
2281,1,1,1,0.691131055355072
2282,1,0,0,0.8233973383903503
2283,1,1,1,0.7043944001197815
2284,1,1,1,0.6974925398826599
2285,1,1,1,0.6207742094993591
2286,1,1,1,0.7471083402633667
2287,1,1,1,0.8073475360870361
2288,1,1,1,0.831103503704071
2289,1,1,1,0.7021097540855408
2290,1,1,1,0.8220986127853394
2291,1,1,1,0.8900044560432434
2292,1,1,1,0.9121166467666626
2293,1,1,1,0.8749030828475952
2294,1,1,1,0.8882803320884705
2295,1,1,1,0.7890546321868896
2296,1,0,0,0.7195021510124207
2297,1,1,1,0.6329631805419922
2298,1,0,0,0.7728545665740967
2299,1,1,1,0.6579053997993469
2300,1,1,1,0.7639697790145874
2301,1,1,1,0.8382642865180969
2302,1,1,1,0.8911340832710266
2303,1,1,1,0.9427565336227417
2304,1,1,1,0.8263663053512573
2305,1,1,1,0.8469465374946594
2306,1,1,1,0.7749448418617249
2307,1,1,1,0.9080154299736023
2308,1,1,1,0.9054566025733948
2309,1,1,1,0.9035188555717468
2310,1,1,1,0.9123891592025757
2311,1,1,1,0.9061673879623413
2312,1,1,1,0.9061742424964905
2313,1,1,1,0.9056157469749451
2314,1,1,1,0.93196040391922
2315,1,1,1,0.9163674116134644
2316,1,1,1,0.9064939618110657
2317,1,1,1,0.9012503623962402
2318,1,1,1,0.9086052179336548
2319,1,1,1,0.9087849259376526
2320,1,1,1,0.8629881143569946
2321,1,1,1,0.7276291847229004
2322,1,1,1,0.612747073173523
2323,1,1,1,0.7208324670791626
2324,1,1,1,0.8251184821128845
2325,1,1,1,0.878157913684845
2326,1,1,1,0.8689739108085632
2327,1,1,1,0.9062040448188782
2328,1,1,1,0.9013768434524536
2329,1,1,1,0.9103900194168091
2330,1,1,1,0.9046210050582886
2331,1,1,1,0.8882585763931274
2332,1,1,1,0.88310307264328
2333,1,1,1,0.8930571675300598
2334,1,1,1,0.8420698642730713
2335,1,1,1,0.8551729321479797
2336,1,1,1,0.867783784866333
2337,1,1,1,0.8970646858215332
2338,1,1,1,0.9324948787689209
2339,1,1,1,0.6574164628982544
2340,1,0,0,0.6877528429031372
2341,1,0,0,0.6966456770896912
2342,1,0,0,0.8301764130592346
2343,1,0,0,0.6871404051780701
2344,1,0,0,0.9178427457809448
2345,1,0,0,0.7408509254455566
2346,1,0,0,0.9139316082000732
2347,1,1,1,0.8573188185691833
2348,1,1,1,0.8930227756500244
2349,1,1,1,0.9206324815750122
2350,1,1,1,0.9259546399116516
2351,1,1,1,0.9108392596244812
2352,1,1,1,0.8650906085968018
2353,1,1,1,0.9086003303527832
2354,1,1,1,0.8964340686798096
2355,1,1,1,0.8565968871116638
2356,1,1,1,0.8171796798706055
2357,1,1,1,0.841101348400116
2358,1,1,1,0.8523464202880859
2359,1,1,1,0.8303134441375732
2360,1,1,1,0.8764767646789551
2361,1,1,1,0.9233039021492004
2362,1,1,1,0.7283782362937927
2363,1,1,1,0.8710678815841675
2364,1,1,1,0.9285241961479187
2365,1,1,1,0.88165682554245
2366,1,1,1,0.869408369064331
2367,1,1,1,0.92041015625
2368,1,1,1,0.9277856349945068
2369,1,1,1,0.9273989796638489
2370,1,1,1,0.9247945547103882
2371,1,1,1,0.9300129413604736
2372,1,1,1,0.9162340760231018
2373,1,1,1,0.9359695315361023
2374,1,1,1,0.8147948384284973
2375,1,1,1,0.9017359018325806
2376,1,1,1,0.8854368925094604
2377,1,1,1,0.9030061364173889
2378,1,1,1,0.9139320254325867
2379,1,0,0,0.6965878009796143
2380,1,0,0,0.7767624855041504
2381,1,0,0,0.7458956241607666
2382,1,1,1,0.9128987193107605
2383,1,1,1,0.9006388783454895
2384,1,1,1,0.9101589322090149
2385,1,1,1,0.9232510328292847
2386,1,1,1,0.9208113551139832
2387,1,1,1,0.9199891686439514
2388,1,1,1,0.9197410345077515
2389,1,1,1,0.9229138493537903
2390,1,1,1,0.9240179657936096
2391,1,1,1,0.9214928150177002
2392,1,1,1,0.9190492033958435
2393,1,1,1,0.9276122450828552
2394,1,1,1,0.9341273307800293
2395,1,1,1,0.9350364804267883
2396,1,1,1,0.9305641651153564
2397,1,1,1,0.9320659637451172
2398,1,1,1,0.9249588251113892
2399,1,1,1,0.9353288412094116
2400,1,1,1,0.9063840508460999
2401,1,1,1,0.9132198095321655
2402,1,1,1,0.9091171622276306
2403,1,1,1,0.9087486267089844
2404,1,1,1,0.9015524983406067
2405,1,1,1,0.8841541409492493
2406,1,1,1,0.9024478197097778
2407,1,1,1,0.9012085199356079
2408,1,1,1,0.9362302422523499
2409,1,1,1,0.938886284828186
2410,1,1,1,0.950475811958313
2411,1,1,1,0.9442480206489563
2412,1,1,1,0.9162501096725464
2413,1,1,1,0.8840135931968689
2414,1,1,1,0.9012751579284668
2415,1,1,1,0.9136800765991211
2416,1,1,1,0.948024332523346
2417,1,1,1,0.9092046022415161
2418,1,1,1,0.8544374108314514
2419,1,1,1,0.7841989398002625
2420,1,1,1,0.8515653610229492
2421,1,1,1,0.823702335357666
2422,1,1,1,0.7205281853675842
2423,1,0,0,0.6159943342208862
2424,1,1,1,0.7218250632286072
2425,1,1,1,0.8066752552986145
2426,1,1,1,0.7941358089447021
2427,1,1,1,0.8272577524185181
2428,1,0,0,0.7334842681884766
2429,1,0,0,0.6227989196777344
2430,1,1,1,0.6211076974868774
2431,1,1,1,0.7057603001594543
2432,1,1,1,0.7090550065040588
2433,1,1,1,0.6971287131309509
2434,1,1,1,0.9005929231643677
2435,1,1,1,0.6538869142532349
2436,1,1,1,0.6530391573905945
2437,1,0,0,0.7594649195671082
2438,1,1,1,0.8707793951034546
2439,1,1,1,0.803880512714386
2440,1,1,1,0.78133225440979
2441,1,1,1,0.7616955041885376
2442,1,0,0,0.7608190178871155
2443,1,1,1,0.749046266078949
2444,1,1,1,0.8352741003036499
2445,1,1,1,0.9292558431625366
2446,1,1,1,0.8983939290046692
2447,1,1,1,0.8785803914070129
2448,1,1,1,0.8661559820175171
2449,1,1,1,0.8273215889930725
2450,1,1,1,0.9175426363945007
2451,1,1,1,0.7378066778182983
2452,1,1,1,0.7714006304740906
2453,1,1,1,0.7791575193405151
2454,1,1,1,0.779125988483429
2455,1,1,1,0.6727966070175171
2456,1,1,1,0.7832518219947815
2457,1,1,1,0.8030493855476379
2458,1,1,1,0.8433127999305725
2459,1,1,1,0.8137727975845337
2460,1,1,1,0.7362922430038452
2461,1,1,1,0.8003304600715637
2462,1,1,1,0.7026640772819519
2463,1,1,1,0.6668975949287415
2464,1,1,1,0.8956170082092285
2465,1,1,1,0.8157839179039001
2466,1,1,1,0.8042580485343933
2467,1,1,1,0.900990903377533
2468,1,1,1,0.9051666259765625
2469,1,1,1,0.9472202062606812
2470,0,1,0,0.6921754479408264
2471,1,0,0,0.899189829826355
2472,1,0,0,0.8737791180610657
2473,1,0,0,0.8188290596008301
2474,1,1,1,0.8875589966773987
2475,1,0,0,0.7436455488204956
2476,1,1,1,0.825830340385437
2477,1,0,0,0.8793516159057617
2478,1,0,0,0.9073779582977295
2479,1,0,0,0.7175626754760742
2480,1,1,1,0.9142119288444519
2481,1,1,1,0.8493741154670715
2482,1,1,1,0.9186141490936279
2483,1,1,1,0.8903406858444214
2484,1,1,1,0.7941263914108276
2485,1,1,1,0.7528990507125854
2486,1,1,1,0.8326712846755981
2487,1,1,1,0.8751253485679626
2488,1,1,1,0.8559795022010803
2489,1,1,1,0.9288036823272705
2490,1,1,1,0.7693304419517517
2491,1,0,0,0.7921825051307678
2492,1,1,1,0.9169422388076782
2493,1,1,1,0.8667756915092468
2494,1,1,1,0.8791540265083313
2495,1,1,1,0.8083582520484924
2496,1,1,1,0.7982433438301086
2497,1,1,1,0.6610948443412781
2498,1,1,1,0.8261319398880005
2499,1,0,0,0.6723445057868958
2500,1,1,1,0.9262690544128418
2501,1,1,1,0.9130388498306274
2502,1,1,1,0.9009475111961365
2503,1,1,1,0.907712996006012
2504,1,1,1,0.8702921867370605
2505,1,1,1,0.8755725026130676
2506,1,1,1,0.9110579490661621
2507,1,1,1,0.8884758949279785
2508,1,1,1,0.8495199084281921
2509,1,1,1,0.8564589619636536
2510,1,1,1,0.881088376045227
2511,1,1,1,0.8639132380485535
2512,1,1,1,0.9074805974960327
2513,1,1,1,0.8852018713951111
2514,1,1,1,0.8883048295974731
2515,1,1,1,0.8372774720191956
2516,1,1,1,0.7647244930267334
2517,1,1,1,0.7954495549201965
2518,1,1,1,0.82883220911026
2519,1,1,1,0.8319910764694214
2520,1,1,1,0.8287699818611145
2521,1,1,1,0.8347082138061523
2522,1,1,1,0.8398904204368591
2523,1,1,1,0.8104712963104248
2524,1,1,1,0.8794317841529846
2525,1,1,1,0.8308587074279785
2526,1,1,1,0.8563574552536011
2527,1,1,1,0.8733445405960083
2528,1,1,1,0.8883987069129944
2529,0,1,0,0.8548186421394348
2530,1,1,1,0.8743492960929871
2531,0,1,0,0.898240327835083
2532,1,1,1,0.893640398979187
2533,1,0,0,0.7696000337600708
2534,1,0,0,0.7706543207168579
2535,1,1,1,0.8374127149581909
2536,1,1,1,0.7628158926963806
2537,0,1,0,0.686849057674408
2538,0,0,1,0.8101980090141296
2539,0,0,1,0.8094140887260437
2540,0,0,1,0.7191627621650696
2541,1,1,1,0.7013036608695984
2542,1,0,0,0.7811662554740906
2543,1,1,1,0.7983629107475281
2544,1,0,0,0.8080686926841736
2545,1,0,0,0.7514660954475403
2546,1,1,1,0.8976505398750305
2547,1,0,0,0.7464646100997925
2548,1,1,1,0.8039136528968811
2549,1,0,0,0.7516903877258301
2550,1,0,0,0.6538722515106201
2551,1,0,0,0.6657305955886841
2552,1,0,0,0.8728429079055786
2553,1,0,0,0.6788867712020874
2554,1,1,1,0.6912344694137573
2555,1,1,1,0.6611920595169067
2556,1,0,0,0.8220152854919434
2557,1,1,1,0.8521484136581421
2558,1,0,0,0.6998773813247681
2559,1,1,1,0.704862654209137
2560,1,0,0,0.6618096828460693
2561,1,0,0,0.8774306774139404
2562,1,1,1,0.7593802809715271
2563,1,0,0,0.7627958655357361
2564,1,1,1,0.6589970588684082
2565,1,0,0,0.7145127654075623
2566,1,1,1,0.7252290844917297
2567,1,0,0,0.7716967463493347
2568,1,0,0,0.645163357257843
2569,1,1,1,0.7191426157951355
2570,1,0,0,0.7692567706108093
2571,1,0,0,0.8180931210517883
2572,1,0,0,0.7799723148345947
2573,1,0,0,0.8797324895858765
2574,1,0,0,0.8640685677528381
2575,1,0,0,0.8805222511291504
2576,1,1,1,0.8901793956756592
2577,1,0,0,0.7320309281349182
2578,1,0,0,0.8496415615081787
2579,1,0,0,0.9112580418586731
2580,1,1,1,0.8831070065498352
2581,1,1,1,0.6593531966209412
2582,1,0,0,0.8941133618354797
2583,1,0,0,0.7889761328697205
2584,1,0,0,0.8373690247535706
2585,1,1,1,0.5854325294494629
2586,1,0,0,0.718083381652832
2587,1,0,0,0.8872933983802795
2588,1,0,0,0.8403314352035522
2589,1,0,0,0.8572309017181396
2590,1,1,1,0.6801532506942749
2591,1,1,1,0.7702397704124451
2592,1,1,1,0.7371510863304138
2593,1,0,0,0.8030462265014648
2594,1,1,1,0.8495044708251953
2595,1,1,1,0.7568509578704834
2596,1,1,1,0.671393096446991
2597,1,0,0,0.7538583874702454
2598,1,0,0,0.8990508317947388
2599,1,0,0,0.8415514230728149
2600,1,1,1,0.7994151711463928
2601,1,1,1,0.8075714111328125
2602,1,0,0,0.7969968914985657
2603,1,1,1,0.7115000486373901
2604,1,1,1,0.6138511300086975
2605,1,0,0,0.7172655463218689
2606,1,0,0,0.7192985415458679
2607,1,1,1,0.6599457859992981
2608,1,0,0,0.8904023766517639
2609,1,0,0,0.7779621481895447
2610,1,0,0,0.7618726491928101
2611,1,0,0,0.6919979453086853
2612,1,1,1,0.7493221163749695
2613,1,1,1,0.709057629108429
2614,1,0,0,0.8221690058708191
2615,1,0,0,0.7136145234107971
2616,1,0,0,0.9000824689865112
2617,1,0,0,0.8346032500267029
2618,1,0,0,0.6563640832901001
2619,1,1,1,0.6952307820320129
2620,1,1,1,0.8478070497512817
2621,1,0,0,0.7335101366043091
2622,1,1,1,0.8588439226150513
2623,1,1,1,0.8252102136611938
2624,1,0,0,0.7740421891212463
2625,1,1,1,0.6884035468101501
2626,1,1,1,0.7380005121231079
2627,1,0,0,0.7742210030555725
2628,1,0,0,0.6777083277702332
2629,1,1,1,0.8771648406982422
2630,1,1,1,0.7076624631881714
2631,1,0,0,0.7451097369194031
2632,1,0,0,0.8288741707801819
2633,1,1,1,0.6457374095916748
2634,1,0,0,0.7702072858810425
2635,1,0,0,0.780970573425293
2636,1,1,1,0.7474873661994934
2637,1,1,1,0.6676181554794312
2638,1,1,1,0.9278907179832458
2639,1,1,1,0.6778022050857544
2640,1,0,0,0.955032467842102
2641,1,0,0,0.7243044376373291
2642,1,0,0,0.8632499575614929
2643,1,1,1,0.7261126637458801
2644,1,0,0,0.8571621775627136
2645,1,0,0,0.6491762399673462
2646,1,0,0,0.7115184664726257
2647,1,0,0,0.7273905277252197
2648,1,0,0,0.9500950574874878
2649,1,1,1,0.8897623419761658
2650,1,1,1,0.701973021030426
2651,1,1,1,0.6730608940124512
2652,1,0,0,0.6740652918815613
2653,1,0,0,0.5561479926109314
2654,1,0,0,0.83827805519104
2655,1,1,1,0.8644331097602844
2656,1,0,0,0.7398157119750977
2657,1,0,0,0.6724523305892944
2658,1,1,1,0.8914387822151184
2659,1,0,0,0.6834033131599426
2660,1,1,1,0.7332866191864014
2661,1,0,0,0.8846678137779236
2662,1,0,0,0.7185897827148438
2663,1,0,0,0.7121134400367737
2664,1,0,0,0.869364321231842
2665,1,0,0,0.8196473717689514
2666,1,0,0,0.8888159394264221
2667,1,0,0,0.6583848595619202
2668,1,1,1,0.7118530869483948
2669,1,1,1,0.7209669947624207
2670,1,1,1,0.706927478313446
2671,1,0,0,0.7936417460441589
2672,1,0,0,0.706622838973999
2673,1,1,1,0.8612136840820312
2674,1,1,1,0.8999861478805542
2675,1,1,1,0.8602044582366943
2676,1,0,0,0.7460265159606934
2677,1,1,1,0.8903342485427856
2678,1,1,1,0.9092357158660889
2679,1,1,1,0.6855663061141968
2680,1,1,1,0.6928468942642212
2681,1,1,1,0.6162810921669006
2682,1,1,1,0.8713873028755188
2683,1,0,0,0.8977733254432678
2684,1,0,0,0.8346254229545593
2685,1,0,0,0.7039058804512024
2686,1,0,0,0.795272946357727
2687,1,0,0,0.7999325394630432
2688,1,1,1,0.6633481979370117
2689,1,0,0,0.8678534626960754
2690,1,1,1,0.7428410649299622
2691,1,1,1,0.859353244304657
2692,1,1,1,0.8240256309509277
2693,1,1,1,0.7047200202941895
2694,1,1,1,0.6930005550384521
2695,1,0,0,0.6850832104682922
2696,1,0,0,0.8564009666442871
2697,1,0,0,0.6806288957595825
2698,1,0,0,0.853030264377594
2699,1,0,0,0.7232490181922913
2700,1,0,0,0.899755597114563
2701,1,0,0,0.672573983669281
2702,1,0,0,0.840904176235199
2703,1,0,0,0.7628640532493591
2704,1,1,1,0.803520143032074
2705,1,1,1,0.7984422445297241
2706,1,0,0,0.8759233951568604
2707,1,1,1,0.7068520188331604
2708,1,0,0,0.7770388126373291
2709,1,0,0,0.7149731516838074
2710,1,0,0,0.8873723149299622
2711,1,0,0,0.603987991809845
2712,1,1,1,0.7970162630081177
2713,1,0,0,0.6559544801712036
2714,1,1,1,0.83316570520401
2715,1,0,0,0.8173254728317261
2716,1,1,1,0.8872231245040894
2717,1,0,0,0.7844153046607971
2718,1,0,0,0.7781635522842407
2719,1,1,1,0.862503170967102
2720,1,1,1,0.694125771522522
2721,1,0,0,0.7089632749557495
2722,1,0,0,0.7685166597366333
2723,1,0,0,0.7274125218391418
2724,1,0,0,0.7481768727302551
2725,1,1,1,0.764893651008606
2726,1,0,0,0.9109691977500916
2727,1,0,0,0.9038066267967224
2728,1,1,1,0.7016732096672058
2729,1,1,1,0.7250264883041382
2730,1,0,0,0.7465632557868958
2731,1,0,0,0.6940206289291382
2732,1,1,1,0.7611119747161865
2733,1,0,0,0.8644313216209412
2734,1,1,1,0.8635305762290955
2735,1,0,0,0.6718356013298035
2736,1,0,0,0.8225789070129395
2737,1,1,1,0.9002400040626526
2738,1,1,1,0.8866788148880005
2739,1,1,1,0.9064056277275085
2740,1,1,1,0.9455539584159851
2741,1,1,1,0.8713286519050598
2742,1,1,1,0.8276848793029785
2743,1,1,1,0.8684402704238892
2744,1,1,1,0.8976186513900757
2745,1,0,0,0.7123608589172363
2746,1,0,0,0.9327444434165955
2747,1,0,0,0.8648650646209717
2748,1,0,0,0.7999294400215149
2749,1,0,0,0.6617739200592041
2750,1,0,0,0.8897340297698975
2751,1,0,0,0.8275336027145386
2752,1,1,1,0.6603705286979675
2753,1,0,0,0.7889170050621033
2754,1,1,1,0.7494544386863708
2755,1,0,0,0.7813702821731567
2756,1,0,0,0.6805614233016968
2757,1,0,0,0.8483439087867737
2758,1,0,0,0.8812424540519714
2759,1,1,1,0.7755429148674011
2760,1,0,0,0.8488996028900146
2761,1,0,0,0.8397668600082397
2762,1,1,1,0.6465203762054443
2763,1,0,0,0.7378191351890564
2764,1,0,0,0.7835119366645813
2765,1,0,0,0.7176571488380432
2766,1,0,0,0.795954704284668
2767,1,1,1,0.9173404574394226
2768,1,0,0,0.8625532984733582
2769,1,0,0,0.7456361055374146
2770,1,1,1,0.7767457962036133
2771,1,1,1,0.6990720629692078
2772,1,0,0,0.7113468647003174
2773,1,1,1,0.7917312979698181
2774,1,1,1,0.8277024030685425
2775,1,0,0,0.8164207339286804
2776,1,1,1,0.8411146402359009
2777,1,0,0,0.6357851028442383
2778,1,0,0,0.6978822350502014
2779,1,1,1,0.728597104549408
2780,1,1,1,0.8721524477005005
2781,1,0,0,0.6731980443000793
2782,1,1,1,0.651298999786377
2783,1,1,1,0.8020059466362
2784,1,0,0,0.8524231314659119
2785,1,1,1,0.8949291706085205
2786,1,1,1,0.8244230151176453
2787,1,0,0,0.7771416902542114
2788,1,0,0,0.8394153714179993
2789,1,1,1,0.8321645855903625
2790,1,1,1,0.6696727871894836
2791,1,0,0,0.7367435693740845
2792,1,1,1,0.8477389812469482
2793,1,1,1,0.7752269506454468
2794,1,1,1,0.9400044083595276
2795,1,1,1,0.793556272983551
2796,1,0,0,0.802732527256012
2797,1,1,1,0.8855668902397156
2798,1,1,1,0.5997117757797241
2799,1,1,1,0.7346837520599365
2800,1,1,1,0.9108339548110962
2801,1,1,1,0.8152480721473694
2802,1,0,0,0.687820315361023
2803,1,0,0,0.8436101078987122
2804,1,0,0,0.7429924011230469
2805,1,1,1,0.8435712456703186
2806,1,0,0,0.9031888246536255
2807,1,1,1,0.7451508045196533
2808,1,1,1,0.7142611742019653
2809,1,0,0,0.622318685054779
2810,1,1,1,0.8750026226043701
2811,1,1,1,0.8667573928833008
2812,1,0,0,0.7791704535484314
2813,1,1,1,0.8096534013748169
2814,1,1,1,0.9066828489303589
2815,1,0,0,0.7599406242370605
2816,1,1,1,0.8122211694717407
2817,1,1,1,0.7388372421264648
2818,1,0,0,0.7670877575874329
2819,1,0,0,0.8457220196723938
2820,1,0,0,0.7237877249717712
2821,1,1,1,0.9278817176818848
2822,1,1,1,0.8317610621452332
2823,1,0,0,0.8385602831840515
2824,1,1,1,0.7959451675415039
2825,1,0,0,0.9085586071014404
2826,1,1,1,0.6467020511627197
2827,1,0,0,0.7410398721694946
2828,1,0,0,0.7648182511329651
2829,1,0,0,0.8996870517730713
2830,1,1,1,0.8156856894493103
2831,1,0,0,0.7182520627975464
2832,1,1,1,0.9416110515594482
2833,1,0,0,0.7222802639007568
2834,1,1,1,0.6309782266616821
2835,1,1,1,0.9234620928764343
2836,1,0,0,0.9194275140762329
2837,1,1,1,0.6636168360710144
2838,1,1,1,0.6514110565185547
2839,1,1,1,0.7364809513092041
2840,1,0,0,0.7279225587844849
2841,1,1,1,0.8694693446159363
2842,1,1,1,0.6934130787849426
2843,1,0,0,0.7215237617492676
2844,1,1,1,0.7019538879394531
2845,1,1,1,0.6268044710159302
2846,1,0,0,0.8304755687713623
2847,1,0,0,0.6345419883728027
2848,1,0,0,0.8950769901275635
2849,1,0,0,0.7092432379722595
2850,1,0,0,0.8915051817893982
2851,1,0,0,0.8209654688835144
2852,1,0,0,0.816806435585022
2853,1,0,0,0.8352616429328918
2854,1,1,1,0.7368714809417725
2855,1,0,0,0.7588948607444763
2856,1,1,1,0.7069436311721802
2857,1,1,1,0.6648846864700317
2858,1,1,1,0.8788453340530396
2859,1,0,0,0.8234850168228149
2860,1,0,0,0.8534965515136719
2861,1,1,1,0.6969048380851746
2862,1,0,0,0.6830015182495117
2863,1,1,1,0.891738772392273
2864,1,1,1,0.7495196461677551
2865,1,1,1,0.8065088391304016
2866,1,1,1,0.6469491124153137
2867,1,1,1,0.7031911611557007
2868,1,1,1,0.6787300109863281
2869,1,1,1,0.633341908454895
2870,1,1,1,0.7113689184188843
2871,1,0,0,0.6157622337341309
2872,1,0,0,0.6981513500213623
2873,1,1,1,0.7208431959152222
2874,1,0,0,0.9100010395050049
2875,1,0,0,0.792412519454956
2876,1,1,1,0.7602553963661194
2877,1,0,0,0.8040245175361633
2878,1,0,0,0.7257668972015381
2879,1,0,0,0.6583737730979919
2880,1,1,1,0.7813031077384949
2881,1,0,0,0.8233790397644043
2882,1,1,1,0.7217307090759277
2883,1,1,1,0.7915219664573669
2884,1,0,0,0.8839594125747681
2885,1,1,1,0.8813032507896423
2886,1,1,1,0.7057997584342957
2887,1,0,0,0.8027381896972656
2888,1,1,1,0.701978325843811
2889,1,1,1,0.7632792592048645
2890,1,1,1,0.7510285377502441
2891,1,0,0,0.6918821334838867
2892,1,0,0,0.8995899558067322
2893,1,1,1,0.7521790862083435
2894,1,1,1,0.6851052045822144
2895,1,0,0,0.7695517539978027
2896,1,0,0,0.857455849647522
2897,1,0,0,0.8351340293884277
2898,1,0,0,0.7366823554039001
2899,1,1,1,0.7100910544395447
2900,1,0,0,0.8600813746452332
2901,1,1,1,0.82041996717453
2902,1,0,0,0.8858925104141235
2903,1,0,0,0.7191041111946106
2904,1,0,0,0.7801262140274048
2905,1,1,1,0.6935908198356628
2906,1,1,1,0.7963997721672058
2907,1,1,1,0.8080295324325562
2908,1,1,1,0.8910169005393982
2909,1,1,1,0.8861504197120667
2910,1,1,1,0.888304591178894
2911,1,1,1,0.8783962726593018
2912,1,0,0,0.8643829226493835
2913,1,1,1,0.686585545539856
2914,1,1,1,0.8056864142417908
2915,1,1,1,0.8784399628639221
2916,1,1,1,0.8245587348937988
2917,1,1,1,0.6984601020812988
2918,1,1,1,0.9113219976425171
2919,1,1,1,0.9122942686080933
2920,1,1,1,0.7836269736289978
2921,1,1,1,0.8988178372383118
2922,1,1,1,0.9273138046264648
2923,1,1,1,0.9184913635253906
2924,1,1,1,0.8605069518089294
2925,1,1,1,0.7939161062240601
2926,1,1,1,0.8143329620361328
2927,0,0,1,0.7647642493247986
2928,0,0,1,0.9051202535629272
2929,0,0,1,0.7995506525039673
2930,0,0,1,0.9460141062736511
2931,0,0,1,0.8227528929710388
2932,0,0,1,0.7395485639572144
2933,0,0,1,0.7564601302146912
2934,0,0,1,0.7866785526275635
2935,0,0,1,0.7090116739273071
2936,0,0,1,0.8048182725906372
2937,0,0,1,0.9247744679450989
2938,0,0,1,0.898043155670166
2939,0,0,1,0.7299901247024536
2940,0,0,1,0.710383415222168
2941,0,0,1,0.8516178131103516
2942,0,0,1,0.8284270167350769
2943,0,1,0,0.6567158699035645
2944,0,0,1,0.6551921963691711
2945,0,0,1,0.8545045852661133
2946,0,0,1,0.8943567872047424
2947,0,0,1,0.8561461567878723
2948,0,0,1,0.889411449432373
2949,0,0,1,0.7565534710884094
2950,0,0,1,0.9319905042648315
2951,0,1,0,0.7470471858978271
2952,0,0,1,0.6766830086708069
2953,0,0,1,0.9654198884963989
2954,0,0,1,0.8789159059524536
2955,0,0,1,0.8568212389945984
2956,0,0,1,0.8796608448028564
2957,0,0,1,0.9382012486457825
2958,0,0,1,0.881771981716156
2959,0,0,1,0.7266191840171814
2960,0,0,1,0.8793914914131165
2961,0,0,1,0.7635855078697205
2962,0,0,1,0.8913902044296265
2963,0,0,1,0.8863732218742371
2964,0,0,1,0.9073585271835327
2965,0,0,1,0.9380528330802917
2966,0,0,1,0.885591447353363
2967,0,0,1,0.9319086074829102
2968,0,0,1,0.7684746384620667
2969,0,0,1,0.7974717617034912
2970,0,0,1,0.942991316318512
2971,0,0,1,0.854231595993042
2972,0,0,1,0.8520330786705017
2973,0,0,1,0.8515013456344604
2974,0,0,1,0.9647506475448608
2975,0,0,1,0.8472751379013062
2976,0,0,1,0.8455461859703064
2977,0,0,1,0.7888786196708679
2978,0,0,1,0.864673376083374
2979,0,0,1,0.8732177019119263
2980,0,0,1,0.8943929076194763
2981,0,0,1,0.7596893906593323
2982,0,0,1,0.7668531537055969
2983,0,0,1,0.9269209504127502
2984,0,0,1,0.8577486276626587
2985,0,0,1,0.7697065472602844
2986,0,0,1,0.8704169392585754
2987,0,0,1,0.8800528645515442
2988,0,0,1,0.9661743640899658
2989,0,0,1,0.7574570775032043
2990,0,0,1,0.6705975532531738
2991,0,0,1,0.800399899482727
2992,0,0,1,0.8793498873710632
2993,0,0,1,0.7556442022323608
2994,0,0,1,0.8734487891197205
2995,0,0,1,0.8279046416282654
2996,0,1,0,0.687419056892395
2997,0,0,1,0.8924711346626282
2998,0,0,1,0.8810850381851196
2999,0,0,1,0.9249735474586487
3000,0,1,0,0.6806473135948181
3001,0,0,1,0.9719556570053101
3002,0,0,1,0.8835808038711548
3003,0,0,1,0.7699825763702393
3004,0,0,1,0.8626799583435059
3005,0,0,1,0.8718586564064026
3006,0,0,1,0.858356773853302
3007,0,0,1,0.9417929649353027
3008,0,0,1,0.9135379195213318
3009,0,0,1,0.841019332408905
3010,0,1,0,0.6940054893493652
3011,0,0,1,0.8524240255355835
3012,0,0,1,0.8447572588920593
3013,0,1,0,0.7070724368095398
3014,0,0,1,0.7228365540504456
3015,0,0,1,0.7555204033851624
3016,0,0,1,0.7598609924316406
3017,0,0,1,0.8340196013450623
3018,0,0,1,0.929140567779541
3019,0,0,1,0.9607977867126465
3020,0,0,1,0.8937996625900269
3021,0,0,1,0.8797414898872375
3022,0,0,1,0.9298574328422546
3023,0,0,1,0.8967519998550415
3024,0,0,1,0.8364911079406738
3025,0,0,1,0.878018319606781
3026,0,0,1,0.8108189702033997
3027,0,0,1,0.7733870148658752
3028,0,0,1,0.9097535014152527
3029,0,0,1,0.7079233527183533
3030,0,1,0,0.7695248126983643
3031,0,0,1,0.8746219873428345
3032,0,0,1,0.743054211139679
3033,0,0,1,0.850432813167572
3034,0,0,1,0.9039700627326965
3035,0,0,1,0.7506146430969238
3036,0,1,0,0.7358359694480896
3037,0,0,1,0.9224799275398254
3038,0,0,1,0.9101425409317017
3039,0,0,1,0.784406840801239
3040,0,0,1,0.8971444964408875
3041,0,0,1,0.9196029901504517
3042,0,0,1,0.8822627663612366
3043,0,0,1,0.7631368637084961
3044,0,0,1,0.8254387378692627
3045,0,0,1,0.8537665605545044
3046,0,0,1,0.7486767768859863
3047,0,0,1,0.6188290119171143
3048,0,0,1,0.8654255270957947
3049,0,0,1,0.9229721426963806
3050,0,0,1,0.8673921823501587
3051,0,0,1,0.8910335302352905
3052,0,0,1,0.9041379690170288
3053,0,0,1,0.829105019569397
3054,0,0,1,0.927008867263794
3055,0,1,0,0.7605873346328735
3056,0,0,1,0.9204769730567932
3057,0,0,1,0.822949230670929
3058,0,0,1,0.8537556529045105
3059,0,0,1,0.8600815534591675
3060,0,0,1,0.9435956478118896
3061,0,0,1,0.841473400592804
3062,0,0,1,0.6847233176231384
3063,0,0,1,0.9149191379547119
3064,0,0,1,0.8699295520782471
3065,0,0,1,0.5704331398010254
3066,0,0,1,0.699331521987915
3067,0,0,1,0.8584384322166443
3068,0,0,1,0.8912531733512878
3069,0,0,1,0.8033238053321838
3070,0,0,1,0.8695253133773804
3071,0,0,1,0.9002264142036438
3072,0,0,1,0.8879696726799011
3073,0,0,1,0.8495827317237854
3074,0,0,1,0.8171484470367432
3075,0,0,1,0.6350849270820618
3076,0,1,0,0.7889015674591064
3077,0,1,0,0.7397251725196838
3078,0,0,1,0.7385154366493225
3079,0,0,1,0.7822979092597961
3080,0,0,1,0.8114462494850159
3081,0,1,0,0.8092993497848511
3082,0,0,1,0.869273841381073
3083,0,0,1,0.7418326735496521
3084,0,0,1,0.6308881640434265
3085,0,0,1,0.8837065696716309
3086,0,0,1,0.910129964351654
3087,0,0,1,0.8029197454452515
3088,0,0,1,0.8002582788467407
3089,0,0,1,0.7768611907958984
3090,0,0,1,0.7571625709533691
3091,0,0,1,0.7856810092926025
3092,0,0,1,0.7544348835945129
3093,0,0,1,0.8294300436973572
3094,0,0,1,0.8909193277359009
3095,0,0,1,0.8620699048042297
3096,0,0,1,0.7055513262748718
3097,0,0,1,0.9183954000473022
3098,0,0,1,0.8183701634407043
3099,0,0,1,0.802794873714447
3100,0,0,1,0.859404444694519
3101,0,0,1,0.6237119436264038
3102,0,1,0,0.7097466588020325
3103,0,0,1,0.8206707835197449
3104,0,0,1,0.9195132851600647
3105,0,0,1,0.822776734828949
3106,0,0,1,0.84628826379776
3107,0,0,1,0.7507715821266174
3108,0,0,1,0.7588196992874146
3109,0,1,0,0.688485324382782
3110,0,0,1,0.8469753861427307
3111,0,0,1,0.9000490307807922
3112,0,0,1,0.9461144804954529
3113,0,0,1,0.8921738862991333
3114,0,0,1,0.7635159492492676
3115,0,0,1,0.8641980290412903
3116,0,0,1,0.932333767414093
3117,0,0,1,0.8428218364715576
3118,0,0,1,0.7248964905738831
3119,0,0,1,0.8729621767997742
3120,0,0,1,0.8010810017585754
3121,0,0,1,0.9187775254249573
3122,0,1,0,0.7288490533828735
3123,0,0,1,0.8325309157371521
3124,0,0,1,0.962914764881134
3125,0,0,1,0.9218092560768127
3126,0,0,1,0.953843891620636
3127,0,0,1,0.9032660722732544
3128,0,0,1,0.842451810836792
3129,0,0,1,0.934158205986023
3130,0,0,1,0.8838981986045837
3131,0,0,1,0.931533694267273
3132,0,0,1,0.9188889265060425
3133,0,0,1,0.9525781273841858
3134,0,0,1,0.9200195670127869
3135,0,0,1,0.897885799407959
3136,0,0,1,0.7558031678199768
3137,0,0,1,0.7763999104499817
3138,0,0,1,0.7947102189064026
3139,0,1,0,0.7697084546089172
3140,0,0,1,0.6590969562530518
3141,0,0,1,0.7734725475311279
3142,0,0,1,0.855444073677063
3143,0,0,1,0.895734965801239
3144,0,0,1,0.759652316570282
3145,0,0,1,0.730904757976532
3146,0,0,1,0.9218804240226746
3147,0,0,1,0.8718575835227966
3148,0,0,1,0.8609586954116821
3149,0,0,1,0.772502064704895
3150,0,0,1,0.9189152121543884
3151,0,1,0,0.8091560006141663
3152,0,0,1,0.7463817596435547
3153,0,0,1,0.9098397493362427
3154,0,0,1,0.7302981615066528
3155,0,0,1,0.7424238920211792
3156,0,0,1,0.9024161696434021
3157,0,0,1,0.8701926469802856
3158,0,0,1,0.8979457020759583
3159,0,0,1,0.8136777877807617
3160,0,0,1,0.8701273202896118
3161,0,0,1,0.6453811526298523
3162,0,0,1,0.9260178208351135
3163,0,0,1,0.9574599266052246
3164,0,0,1,0.8867698907852173
3165,0,0,1,0.7265632152557373
3166,0,0,1,0.8107776045799255
3167,0,0,1,0.9323812127113342
3168,0,0,1,0.9078229665756226
3169,0,0,1,0.9370182752609253
3170,0,0,1,0.9293138980865479
3171,0,1,0,0.6975030303001404
3172,0,0,1,0.7787148356437683
3173,0,0,1,0.7583279013633728
3174,0,0,1,0.679223358631134
3175,0,0,1,0.7758743762969971
3176,0,0,1,0.9013790488243103
3177,0,0,1,0.9219995141029358
3178,0,0,1,0.9128145575523376
3179,0,0,1,0.7830416560173035
3180,0,0,1,0.9064375162124634
3181,0,0,1,0.8337526321411133
3182,0,0,1,0.8453931212425232
3183,0,0,1,0.8180046081542969
3184,0,0,1,0.931482195854187
3185,0,0,1,0.9211595058441162
3186,0,0,1,0.911193311214447
3187,0,0,1,0.94302898645401
3188,0,0,1,0.907170295715332
3189,0,1,0,0.8037093281745911
3190,0,0,1,0.8828567862510681
3191,0,1,0,0.6261690258979797
3192,0,0,1,0.8214630484580994
3193,0,0,1,0.7623980641365051
3194,0,0,1,0.7955015897750854
3195,0,0,1,0.8489023447036743
3196,0,1,0,0.7565041780471802
3197,0,0,1,0.9091929793357849
3198,0,0,1,0.7395236492156982
3199,0,1,0,0.7880440950393677
3200,0,0,1,0.6865909099578857
3201,0,0,1,0.8688032627105713
3202,0,0,1,0.8474905490875244
3203,0,1,0,0.7223232388496399
3204,0,0,1,0.8037922978401184
3205,0,0,1,0.8811811208724976
3206,0,0,1,0.7659632563591003
3207,0,0,1,0.9212453365325928
3208,0,0,1,0.9053621292114258
3209,0,0,1,0.8961300849914551
3210,0,0,1,0.903744101524353
3211,0,0,1,0.8358945846557617
3212,0,0,1,0.9184423089027405
3213,0,0,1,0.8709040284156799
3214,0,0,1,0.6903464198112488
3215,0,1,0,0.7173404097557068
3216,0,0,1,0.8710715770721436
3217,0,0,1,0.71668541431427
3218,0,0,1,0.7668326497077942
3219,0,0,1,0.8265604972839355
3220,0,1,0,0.685368001461029
3221,0,0,1,0.826293408870697
3222,0,0,1,0.8091350197792053
3223,0,0,1,0.8153812885284424
3224,0,0,1,0.8952333331108093
3225,0,0,1,0.9121639728546143
3226,0,0,1,0.8825101256370544
3227,0,0,1,0.8882764577865601
3228,0,0,1,0.8944666981697083
3229,0,0,1,0.9317452311515808
3230,0,0,1,0.9175624251365662
3231,0,0,1,0.8139251470565796
3232,0,0,1,0.9185196161270142
3233,0,0,1,0.7818309664726257
3234,0,0,1,0.8749271035194397
3235,0,0,1,0.9088234901428223
3236,0,0,1,0.9549551606178284
3237,0,0,1,0.9283031821250916
3238,0,0,1,0.8411184549331665
3239,0,0,1,0.86916583776474
3240,0,0,1,0.9050276279449463
3241,0,0,1,0.9218857288360596
3242,0,1,0,0.6726774573326111
3243,0,0,1,0.8446470499038696
3244,0,0,1,0.7966635823249817
3245,0,0,1,0.8383002281188965
3246,0,0,1,0.8884708285331726
3247,0,0,1,0.790204644203186
3248,0,0,1,0.6518175601959229
3249,0,1,0,0.6243360042572021
3250,0,0,1,0.8993591070175171
3251,0,0,1,0.8148053288459778
3252,0,0,1,0.8620908856391907
3253,0,0,1,0.9127950072288513
3254,0,0,1,0.9269132614135742
3255,0,0,1,0.9444879293441772
3256,0,0,1,0.9307616949081421
3257,0,0,1,0.7112997770309448
3258,0,0,1,0.9318116903305054
3259,0,0,1,0.9054438471794128
3260,0,0,1,0.8641799688339233
3261,0,1,0,0.6528909206390381
3262,0,0,1,0.8782880306243896
3263,0,0,1,0.8737798929214478
3264,0,0,1,0.9430111050605774
3265,0,0,1,0.812775731086731
3266,0,0,1,0.9347274899482727
3267,0,0,1,0.9244794845581055
3268,0,0,1,0.9322415590286255
3269,0,0,1,0.9397115707397461
3270,0,0,1,0.9130427837371826
3271,0,0,1,0.7327378988265991
3272,0,0,1,0.9534649848937988
3273,0,0,1,0.9032767415046692
3274,0,0,1,0.9015147089958191
3275,0,0,1,0.82940274477005
3276,0,0,1,0.8685868382453918
3277,0,0,1,0.9252035617828369
3278,0,0,1,0.9183899760246277
3279,0,1,0,0.7355392575263977
3280,0,0,1,0.9193158745765686
3281,0,0,1,0.8643741607666016
3282,0,0,1,0.9169859290122986
3283,0,0,1,0.7913209199905396
3284,0,0,1,0.7917277812957764
3285,0,0,1,0.8818237781524658
3286,0,0,1,0.8590446710586548
3287,0,0,1,0.8246192336082458
3288,1,1,1,0.6793385744094849
3289,0,0,1,0.9048003554344177
3290,0,0,1,0.904442548751831
3291,0,0,1,0.8827338814735413
3292,0,0,1,0.8114392161369324
3293,0,0,1,0.9097582101821899
3294,0,0,1,0.8933092355728149
3295,0,0,1,0.6889219284057617
3296,0,0,1,0.9318899512290955
3297,0,0,1,0.8140783309936523
3298,0,0,1,0.7336272597312927
3299,0,0,1,0.9040073156356812
3300,0,0,1,0.8397018909454346
3301,0,0,1,0.7636527419090271
3302,0,0,1,0.9097503423690796
3303,0,0,1,0.8632407784461975
3304,0,0,1,0.9216310977935791
3305,0,0,1,0.9361544847488403
3306,0,0,1,0.9216752648353577
3307,0,0,1,0.9023151397705078
3308,0,0,1,0.7354002594947815
3309,0,0,1,0.9398419260978699
3310,0,0,1,0.8346167206764221
3311,0,0,1,0.8700778484344482
3312,0,0,1,0.9009277820587158
3313,0,0,1,0.9438233971595764
3314,0,0,1,0.782497763633728
3315,0,0,1,0.9519403576850891
3316,0,0,1,0.905344545841217
3317,0,0,1,0.9289965629577637
3318,0,0,1,0.7902164459228516
3319,0,0,1,0.8910696506500244
3320,0,0,1,0.8082473278045654
3321,0,0,1,0.8831284046173096
3322,0,0,1,0.8660343289375305
3323,0,0,1,0.9401842355728149
3324,0,0,1,0.8060241341590881
3325,0,0,1,0.913221538066864
3326,0,0,1,0.9269431829452515
3327,0,0,1,0.8843942880630493
3328,0,0,1,0.917448878288269
3329,0,0,1,0.9077889323234558
3330,0,0,1,0.8905043005943298
3331,0,0,1,0.7835313677787781
3332,0,0,1,0.8947925567626953
3333,0,0,1,0.8623557090759277
3334,0,0,1,0.8422629237174988
3335,0,0,1,0.8365625739097595
3336,0,0,1,0.8996889591217041
3337,0,0,1,0.8846167325973511
3338,0,0,1,0.9239078760147095
3339,0,0,1,0.9139699339866638
3340,0,0,1,0.7604563236236572
3341,0,0,1,0.8651751279830933
3342,0,0,1,0.9332608580589294
3343,0,1,0,0.770226001739502
3344,0,0,1,0.816961944103241
3345,0,0,1,0.8907047510147095
3346,0,0,1,0.8826318383216858
3347,0,0,1,0.7686011791229248
3348,0,0,1,0.914730429649353
3349,0,0,1,0.703053891658783
3350,0,0,1,0.704226553440094
3351,0,0,1,0.9466739296913147
3352,0,0,1,0.9500169157981873
3353,0,0,1,0.9147384166717529
3354,0,0,1,0.9341259598731995
3355,0,0,1,0.946279764175415
3356,0,0,1,0.9658603668212891
3357,0,0,1,0.9688422083854675
3358,0,0,1,0.9198901653289795
3359,0,0,1,0.9130479097366333
3360,0,0,1,0.8336735367774963
3361,0,1,0,0.6971124410629272
3362,0,0,1,0.9301585555076599
3363,0,0,1,0.9053479433059692
3364,0,0,1,0.9351387619972229
3365,0,0,1,0.9358628392219543
3366,0,0,1,0.7753880023956299
3367,0,0,1,0.9315463304519653
3368,0,0,1,0.867673933506012
3369,0,0,1,0.8744217753410339
3370,0,0,1,0.8797954320907593
3371,0,0,1,0.8147916197776794
3372,0,0,1,0.9181419014930725
3373,0,0,1,0.9443379044532776
3374,0,0,1,0.9169826507568359
3375,0,0,1,0.900020182132721
3376,0,0,1,0.9350138306617737
3377,0,0,1,0.8976470828056335
3378,0,0,1,0.906578779220581
3379,0,0,1,0.912848711013794
3380,0,0,1,0.7252622246742249
3381,0,0,1,0.6712562441825867
3382,0,0,1,0.9327611923217773
3383,0,0,1,0.8086243867874146
3384,0,0,1,0.8065598607063293
3385,0,0,1,0.8108168244361877
3386,0,0,1,0.8294187784194946
3387,0,0,1,0.7683085203170776
3388,0,0,1,0.8027978539466858
3389,0,0,1,0.8792304992675781
3390,0,0,1,0.8700295090675354
3391,0,0,1,0.9130452871322632
3392,0,0,1,0.9294578433036804
3393,0,0,1,0.9415333271026611
3394,0,1,0,0.6420565247535706
3395,0,0,1,0.8420366644859314
3396,0,0,1,0.8300572037696838
3397,0,1,0,0.7551174163818359
3398,0,0,1,0.721194863319397
3399,0,0,1,0.895654559135437
3400,0,0,1,0.674319863319397
3401,0,0,1,0.9015867114067078
3402,0,0,1,0.909287691116333
3403,0,0,1,0.8038919568061829
3404,0,0,1,0.9097796082496643
3405,0,0,1,0.8307556509971619
3406,0,0,1,0.8528665900230408
3407,0,1,0,0.6572319269180298
3408,0,0,1,0.9255926609039307
3409,0,0,1,0.8654866814613342
3410,0,0,1,0.7979991436004639
3411,0,0,1,0.693941593170166
3412,0,0,1,0.8643150925636292
3413,0,0,1,0.7699238657951355
3414,0,0,1,0.8776766061782837
3415,0,0,1,0.933219850063324
3416,0,1,0,0.6947897672653198
3417,0,0,1,0.8963395953178406
3418,0,0,1,0.8873730897903442
3419,0,0,1,0.9483769536018372
3420,0,0,1,0.641336977481842
3421,0,0,1,0.7129685282707214
3422,0,0,1,0.8358060121536255
3423,0,0,1,0.7960547804832458
3424,0,0,1,0.8632793426513672
3425,0,0,1,0.796950101852417
3426,0,0,1,0.7891495823860168
3427,0,0,1,0.8589202165603638
3428,0,0,1,0.8606579303741455
3429,0,0,1,0.8697927594184875
3430,0,0,1,0.7149858474731445
3431,0,0,1,0.9026027321815491
3432,0,0,1,0.8737934231758118
3433,0,0,1,0.783909797668457
3434,0,0,1,0.8292676210403442
3435,0,0,1,0.8713069558143616
3436,0,0,1,0.8464678525924683
3437,0,0,1,0.9297988414764404
3438,0,0,1,0.9371171593666077
3439,0,1,0,0.6872723698616028
3440,0,0,1,0.9022603034973145
3441,0,0,1,0.8764680624008179
3442,0,0,1,0.7543498277664185
3443,0,0,1,0.8457315564155579
3444,0,0,1,0.8980238437652588
3445,0,0,1,0.7736034989356995
3446,0,0,1,0.7397615909576416
3447,0,0,1,0.8597827553749084
3448,0,0,1,0.8982338905334473
3449,0,0,1,0.9169002175331116
3450,0,0,1,0.9240021705627441
3451,0,0,1,0.9410257935523987
3452,0,0,1,0.9214922189712524
3453,0,0,1,0.9009126424789429
3454,0,0,1,0.8158857226371765
3455,0,0,1,0.8998644351959229
3456,0,0,1,0.9510416984558105
3457,0,0,1,0.9057268500328064
3458,0,0,1,0.9044386148452759
3459,0,0,1,0.843486487865448
3460,0,0,1,0.8131242990493774
3461,0,0,1,0.7658164501190186
3462,0,0,1,0.8384047746658325
3463,0,1,0,0.8478397727012634
3464,0,1,0,0.8100086450576782
3465,0,0,1,0.7610229253768921
3466,0,0,1,0.6633070707321167
3467,0,0,1,0.7820369601249695
3468,0,1,0,0.6906816959381104
3469,0,0,1,0.8701379299163818
3470,0,0,1,0.879001259803772
3471,0,0,1,0.9361793994903564
3472,0,0,1,0.6516591906547546
3473,0,0,1,0.9636597037315369
3474,0,1,0,0.6811690330505371
3475,0,0,1,0.9181358814239502
3476,0,0,1,0.8530115485191345
3477,0,0,1,0.9500117301940918
3478,0,1,0,0.6826728582382202
3479,0,0,1,0.7875637412071228
3480,0,0,1,0.8210131525993347
3481,0,0,1,0.7439301609992981
3482,0,0,1,0.7673919200897217
3483,0,0,1,0.7175280451774597
3484,0,0,1,0.8491596579551697
3485,0,0,1,0.8159707188606262
3486,0,0,1,0.808529794216156
3487,0,0,1,0.7349370121955872
3488,0,0,1,0.8654283881187439
3489,0,1,0,0.7292090058326721
3490,0,0,1,0.7436378598213196
3491,0,1,0,0.8132827877998352
3492,0,0,1,0.9001773595809937
3493,0,0,1,0.8485673069953918
3494,0,0,1,0.8809345364570618
3495,0,0,1,0.8382473587989807
3496,0,0,1,0.7493963837623596
3497,0,0,1,0.7584367990493774
3498,0,0,1,0.9174904823303223
3499,0,0,1,0.8717347383499146
3500,0,1,0,0.8070904016494751
3501,0,0,1,0.8099220395088196
3502,0,0,1,0.8658252358436584
3503,0,0,1,0.6325086355209351
3504,0,0,1,0.6627830862998962
3505,0,0,1,0.9045137763023376
3506,0,0,1,0.7947513461112976
3507,0,0,1,0.8698108196258545
3508,0,0,1,0.9049157500267029
3509,0,0,1,0.7612619400024414
3510,0,0,1,0.8966444134712219
3511,0,0,1,0.729673445224762
3512,0,1,0,0.6827152967453003
3513,0,0,1,0.7608657479286194
3514,0,1,0,0.6959521770477295
3515,0,0,1,0.7764135003089905
3516,0,0,1,0.8873847723007202
3517,0,0,1,0.8952867984771729
3518,0,1,0,0.7386794686317444
3519,0,0,1,0.9274855852127075
3520,0,1,0,0.789471447467804
3521,0,0,1,0.865010678768158
3522,0,0,1,0.6708791255950928
3523,0,0,1,0.9165735840797424
3524,0,0,1,0.9049369692802429
3525,0,0,1,0.9056098461151123
3526,0,0,1,0.7454017400741577
3527,0,0,1,0.7619912624359131
3528,0,0,1,0.952354371547699
3529,0,0,1,0.7269931435585022
3530,0,1,0,0.5648195147514343
3531,0,0,1,0.9111466407775879
3532,0,0,1,0.853676438331604
3533,0,0,1,0.616426944732666
3534,0,0,1,0.877552330493927
3535,0,0,1,0.8343167901039124
3536,0,1,0,0.743701696395874
3537,0,0,1,0.9523574709892273
3538,0,0,1,0.8436280488967896
3539,0,0,1,0.9427435994148254
3540,0,1,0,0.6570660471916199
3541,0,0,1,0.7749007344245911
3542,0,0,1,0.7213575839996338
3543,0,0,1,0.8315436244010925
3544,0,0,1,0.7946115732192993
3545,0,0,1,0.7363161444664001
3546,0,0,1,0.7793747186660767
3547,0,0,1,0.7928025722503662
3548,0,0,1,0.6436154842376709
3549,0,0,1,0.8136405348777771
3550,0,1,0,0.7142927646636963
3551,0,0,1,0.7990288734436035
3552,0,0,1,0.6490018367767334
3553,0,0,1,0.8492642641067505
3554,0,0,1,0.765986979007721
3555,0,0,1,0.8895713686943054
3556,0,0,1,0.8197113871574402
3557,0,0,1,0.70216304063797
3558,0,1,0,0.7072252631187439
3559,0,0,1,0.8811299204826355
3560,0,0,1,0.765263557434082
3561,0,1,0,0.8698209524154663
3562,0,0,1,0.7632059454917908
3563,0,1,0,0.8824828267097473
3564,0,0,1,0.7205044031143188
3565,0,1,0,0.8354268670082092
3566,0,0,1,0.8626445531845093
3567,0,0,1,0.9041475653648376
3568,0,1,0,0.727107584476471
3569,0,1,0,0.7959508299827576
3570,0,0,1,0.7559694647789001
3571,0,0,1,0.7680721282958984
3572,0,0,1,0.8213315010070801
3573,0,0,1,0.8622122406959534
3574,0,0,1,0.8662284016609192
3575,0,0,1,0.9326133131980896
3576,0,0,1,0.9317779541015625
3577,0,1,0,0.8122237324714661
3578,0,0,1,0.8985449075698853
3579,0,0,1,0.9149779677391052
3580,0,0,1,0.9114723205566406
3581,0,1,0,0.6597732901573181
3582,0,0,1,0.8212156891822815
3583,0,0,1,0.9454269409179688
3584,0,0,1,0.920283317565918
3585,0,0,1,0.7241467237472534
3586,0,0,1,0.8280784487724304
3587,0,0,1,0.7572678923606873
3588,0,0,1,0.8011860847473145
3589,0,1,0,0.7918692231178284
3590,0,0,1,0.6980292797088623
3591,0,0,1,0.8560050129890442
3592,0,0,1,0.8085880875587463
3593,0,1,0,0.6742247343063354
3594,0,0,1,0.8619805574417114
3595,0,0,1,0.8179793357849121
3596,0,0,1,0.8347641825675964
3597,0,0,1,0.6373953223228455
3598,0,0,1,0.9073969125747681
3599,0,0,1,0.8919045329093933
3600,0,0,1,0.9003612399101257
3601,0,0,1,0.782364547252655
3602,0,0,1,0.8879165053367615
3603,0,0,1,0.7832414507865906
3604,0,0,1,0.8436310887336731
3605,0,0,1,0.7783045768737793
3606,0,1,0,0.6636973023414612
3607,0,0,1,0.8213784694671631
3608,0,0,1,0.8837958574295044
3609,0,0,1,0.896457850933075
3610,0,0,1,0.7537100911140442
3611,0,0,1,0.9236624836921692
3612,0,0,1,0.8468855023384094
3613,0,0,1,0.8227894902229309
3614,0,0,1,0.7965158224105835
3615,0,1,0,0.884266197681427
3616,0,0,1,0.6682517528533936
3617,0,0,1,0.7238011956214905
3618,0,0,1,0.8783496618270874
3619,0,0,1,0.815383791923523
3620,0,1,0,0.6552708745002747
3621,0,0,1,0.7917333841323853
3622,0,0,1,0.7910180687904358
3623,0,1,0,0.6277285218238831
3624,0,0,1,0.6466569304466248
3625,0,0,1,0.830644965171814
3626,0,0,1,0.9312735795974731
3627,0,0,1,0.9451943039894104
3628,0,0,1,0.9452500939369202
3629,0,0,1,0.8613062500953674
3630,0,0,1,0.8179076910018921
3631,0,0,1,0.7136469483375549
3632,0,0,1,0.6892902255058289
3633,0,0,1,0.9193772077560425
3634,0,0,1,0.7697539329528809
3635,0,0,1,0.7157076001167297
3636,0,0,1,0.9320510029792786
3637,0,0,1,0.9273918271064758
3638,0,0,1,0.9247700572013855
3639,0,1,0,0.5892673134803772
3640,0,0,1,0.9081083536148071
3641,0,0,1,0.8952001929283142
3642,0,0,1,0.8125993013381958
3643,0,0,1,0.677475094795227
3644,0,0,1,0.9487149119377136
3645,0,0,1,0.9006726145744324
3646,0,0,1,0.9221258163452148
3647,0,0,1,0.7562978267669678
3648,0,0,1,0.9240255951881409
3649,0,0,1,0.7957916259765625
3650,0,0,1,0.8099233508110046
3651,0,0,1,0.7820854783058167
3652,0,0,1,0.8967530131340027
3653,0,1,0,0.6897973418235779
3654,0,0,1,0.8627586364746094
3655,0,0,1,0.826782763004303
3656,0,0,1,0.787579357624054
3657,0,0,1,0.8894365429878235
3658,0,0,1,0.9193724989891052
3659,0,0,1,0.9112052321434021
3660,0,0,1,0.9212895035743713
3661,0,0,1,0.8947553038597107
3662,0,0,1,0.827816903591156
3663,0,0,1,0.9459669589996338
3664,0,0,1,0.927922785282135
3665,0,0,1,0.928048849105835
3666,0,0,1,0.9382266402244568
3667,0,0,1,0.9479996562004089
3668,0,0,1,0.8289880156517029
3669,0,0,1,0.9186097383499146
3670,0,0,1,0.9237152338027954
3671,0,0,1,0.9360820651054382
3672,0,0,1,0.9365220665931702
3673,0,0,1,0.9296464323997498
3674,0,0,1,0.8336729407310486
3675,0,1,0,0.6492961049079895
3676,0,0,1,0.8991360068321228
3677,0,0,1,0.8972979784011841
3678,0,0,1,0.9295173287391663
3679,0,0,1,0.8476153016090393
3680,0,0,1,0.7765470743179321
3681,0,0,1,0.9064764380455017
3682,0,0,1,0.9024950861930847
3683,0,0,1,0.83465975522995
3684,0,0,1,0.9175301790237427
3685,0,1,0,0.7080608606338501
3686,0,0,1,0.7679356336593628
3687,0,0,1,0.8205575942993164
3688,0,0,1,0.9146015644073486
3689,0,0,1,0.7936742305755615
3690,0,0,1,0.7402574419975281
3691,0,0,1,0.7601280808448792
3692,0,0,1,0.8563464283943176
3693,0,0,1,0.8527755737304688
3694,0,0,1,0.9202075600624084
3695,0,0,1,0.8977781534194946
3696,0,1,0,0.6825819611549377
3697,0,0,1,0.9447011351585388
3698,0,1,0,0.663719117641449
3699,0,0,1,0.8471969962120056
3700,0,0,1,0.9051167964935303
3701,0,0,1,0.8814386129379272
3702,0,0,1,0.925295889377594
3703,0,0,1,0.8906965851783752
3704,0,0,1,0.9392728209495544
3705,0,0,1,0.9534832835197449
3706,0,0,1,0.9323797821998596
3707,0,0,1,0.9481871724128723
3708,0,0,1,0.6717057824134827
3709,0,0,1,0.8333812952041626
3710,0,0,1,0.8690418004989624
3711,0,0,1,0.8724956512451172
3712,0,0,1,0.8621436953544617
3713,0,0,1,0.8554438948631287
3714,0,0,1,0.8559989333152771
3715,0,0,1,0.7747302055358887
3716,0,0,1,0.8053426146507263
3717,0,0,1,0.823148787021637
3718,0,0,1,0.8483763337135315
3719,0,0,1,0.9188793897628784
3720,0,0,1,0.9065287113189697
3721,0,0,1,0.8959125876426697
3722,0,0,1,0.9217882752418518
3723,0,0,1,0.9284994006156921
3724,0,0,1,0.8547345995903015
3725,0,0,1,0.8822647929191589
3726,0,0,1,0.8414670825004578
3727,0,0,1,0.7611329555511475
3728,0,0,1,0.6751770377159119
3729,0,0,1,0.8839500546455383
3730,0,0,1,0.7919186353683472
3731,0,0,1,0.908927321434021
3732,0,0,1,0.8118137717247009
3733,0,1,0,0.7238243818283081
3734,0,1,0,0.6366888880729675
3735,0,0,1,0.8599416017532349
3736,0,0,1,0.9147728085517883
3737,0,0,1,0.8723812103271484
3738,0,0,1,0.9159751534461975
3739,0,0,1,0.8036084175109863
3740,0,0,1,0.798997700214386
3741,0,0,1,0.7803578972816467
3742,0,0,1,0.8899379968643188
3743,0,0,1,0.7697099447250366
3744,0,1,0,0.7010558247566223
3745,0,0,1,0.8604763746261597
3746,0,1,0,0.7521695494651794
3747,0,0,1,0.8278661966323853
3748,0,1,0,0.8140725493431091
3749,0,0,1,0.7599474191665649
3750,0,0,1,0.7281346321105957
3751,0,0,1,0.8380243182182312
3752,0,0,1,0.9233412146568298
3753,0,0,1,0.8630824089050293
3754,0,0,1,0.798973798751831
3755,0,1,0,0.7512019276618958
3756,0,1,0,0.7243310213088989
3757,0,0,1,0.9339430928230286
3758,0,0,1,0.6926830410957336
3759,0,0,1,0.806221604347229
3760,0,1,0,0.7535341382026672
3761,0,0,1,0.7311631441116333
3762,0,0,1,0.9052174091339111
3763,0,0,1,0.7552105188369751
3764,0,0,1,0.7344939708709717
3765,0,0,1,0.8004054427146912
3766,0,0,1,0.6805426478385925
3767,0,0,1,0.9237355589866638
3768,0,0,1,0.6772298812866211
3769,0,1,0,0.8246045112609863
3770,0,0,1,0.7590225338935852
3771,0,0,1,0.7060012817382812
3772,0,0,1,0.7975133657455444
3773,0,0,1,0.8737682700157166
3774,0,0,1,0.7849540114402771
3775,0,0,1,0.6528344750404358
3776,0,0,1,0.6808236837387085
3777,0,0,1,0.7984941601753235
3778,0,0,1,0.7125729322433472
3779,0,1,0,0.7242643237113953
3780,0,0,1,0.8681548833847046
3781,0,0,1,0.843727707862854
3782,0,1,0,0.8186678290367126
3783,0,0,1,0.855696439743042
3784,0,0,1,0.8846293091773987
3785,0,0,1,0.809882402420044
3786,0,0,1,0.6270350217819214
3787,0,0,1,0.8834499716758728
3788,0,1,0,0.6630037426948547
3789,0,0,1,0.8807562589645386
3790,0,0,1,0.9430860877037048
3791,0,1,0,0.682586669921875
3792,0,0,1,0.9292688965797424
3793,0,0,1,0.9085950255393982
3794,0,1,0,0.7202029824256897
3795,0,0,1,0.8483913540840149
3796,0,0,1,0.9347717761993408
3797,0,0,1,0.8989790081977844
3798,0,0,1,0.8679999709129333
3799,0,0,1,0.9473989605903625
3800,0,0,1,0.9010053873062134
3801,0,0,1,0.9176913499832153
3802,0,1,0,0.792106032371521
3803,0,0,1,0.921230673789978
3804,0,1,0,0.6431781649589539
3805,0,1,0,0.6688605546951294
3806,0,1,0,0.5894403457641602
3807,0,0,1,0.9271946549415588
3808,0,0,1,0.938313901424408
3809,0,0,1,0.8246189951896667
3810,0,0,1,0.7137851715087891
3811,0,0,1,0.7752062678337097
3812,0,1,0,0.7840209007263184
3813,0,0,1,0.8094948530197144
3814,0,0,1,0.9019942879676819
3815,0,0,1,0.7397285103797913
3816,0,1,0,0.7016891837120056
3817,0,0,1,0.8418829441070557
3818,0,0,1,0.8615022897720337
3819,0,0,1,0.9026751518249512
3820,0,0,1,0.6656145453453064
3821,0,0,1,0.7445205450057983
3822,0,0,1,0.8456125855445862
3823,0,0,1,0.8010266423225403
3824,0,0,1,0.8153727650642395
3825,0,0,1,0.8620373606681824
3826,0,0,1,0.7887601852416992
3827,0,0,1,0.811874270439148
3828,0,1,0,0.5967807173728943
3829,0,0,1,0.8151851296424866
3830,0,0,1,0.8266475200653076
3831,0,0,1,0.8881903290748596
3832,0,0,1,0.7091987133026123
3833,0,0,1,0.8418049216270447
3834,0,0,1,0.7266831994056702
3835,0,1,0,0.8265380859375
3836,0,0,1,0.8317521810531616
3837,0,1,0,0.6636995673179626
3838,0,0,1,0.8467000126838684
3839,0,0,1,0.7612477540969849
3840,0,0,1,0.646202027797699
3841,0,0,1,0.9421898126602173
3842,0,0,1,0.8791210651397705
3843,0,0,1,0.8671869039535522
3844,0,0,1,0.9067015051841736
3845,0,0,1,0.9102731943130493
3846,0,0,1,0.9099798202514648
3847,0,1,0,0.7469263076782227
3848,0,0,1,0.6785904169082642
3849,0,0,1,0.7922214865684509
3850,0,0,1,0.6715133786201477
3851,0,0,1,0.8624964356422424
3852,0,0,1,0.8293461799621582
3853,0,0,1,0.8866830468177795
3854,0,1,0,0.7504674196243286
3855,0,0,1,0.6539029479026794
3856,0,0,1,0.8224717974662781
3857,0,1,0,0.6759068965911865
3858,0,0,1,0.715933620929718
3859,0,1,0,0.6728164553642273
3860,0,0,1,0.6959854960441589
3861,0,1,0,0.6938030123710632
3862,0,0,1,0.7816264629364014
3863,0,0,1,0.8467628955841064
3864,0,0,1,0.6813949942588806
3865,0,1,0,0.8297722339630127
3866,0,1,0,0.6185961365699768
3867,0,0,1,0.6643818020820618
3868,0,0,1,0.776517391204834
3869,0,0,1,0.8242906928062439
3870,0,0,1,0.7611227631568909
3871,0,0,1,0.6800459623336792
3872,0,0,1,0.7753733396530151
3873,0,0,1,0.7385146021842957
3874,0,0,1,0.8183711767196655
3875,0,0,1,0.8428651690483093
3876,0,1,0,0.7178788781166077
3877,0,0,1,0.706032395362854
3878,0,1,0,0.7154110074043274
3879,0,0,1,0.618175208568573
3880,0,0,1,0.8904187083244324
3881,0,0,1,0.8596258163452148
3882,0,0,1,0.8987187743186951
3883,0,0,1,0.6407973170280457
3884,0,0,1,0.6607586145401001
3885,0,0,1,0.7763695120811462
3886,0,0,1,0.7387183904647827
3887,0,1,0,0.768386721611023
3888,0,1,0,0.7779127955436707
3889,0,1,0,0.6748988628387451
3890,0,0,1,0.8593451380729675
3891,0,0,1,0.7249757647514343
3892,0,1,0,0.8283243775367737
3893,0,1,0,0.683258593082428
3894,0,0,1,0.8729905486106873
3895,0,0,1,0.9107849597930908
3896,0,0,1,0.970559298992157
3897,0,0,1,0.877156674861908
3898,0,0,1,0.9597409963607788
3899,0,0,1,0.7335085272789001
3900,0,0,1,0.6853857636451721
3901,0,0,1,0.8079597353935242
3902,0,0,1,0.86600261926651
3903,0,0,1,0.7250977754592896
3904,0,0,1,0.850068986415863
3905,0,1,0,0.6370411515235901
3906,0,0,1,0.8850666284561157
3907,0,0,1,0.7488111257553101
3908,0,0,1,0.7279390692710876
3909,0,1,0,0.6790564656257629
3910,0,0,1,0.6881927251815796
3911,0,0,1,0.6678300499916077
3912,0,1,0,0.7391362190246582
3913,0,0,1,0.8683245182037354
3914,0,0,1,0.8818114399909973
3915,0,0,1,0.9670203924179077
3916,0,0,1,0.8489052057266235
3917,0,0,1,0.9182788133621216
3918,0,0,1,0.9291474223136902
3919,0,0,1,0.9216063618659973
3920,0,0,1,0.6777051091194153
3921,0,0,1,0.8871059417724609
3922,0,0,1,0.9140588641166687
3923,0,0,1,0.8740090727806091
3924,0,0,1,0.9328641891479492
3925,0,0,1,0.9207623600959778
3926,0,0,1,0.9068670868873596
3927,0,1,0,0.6330694556236267
3928,0,0,1,0.9329424500465393
3929,0,0,1,0.866859495639801
3930,0,0,1,0.930841326713562
3931,0,0,1,0.7839595079421997
3932,0,0,1,0.6871683597564697
3933,0,0,1,0.8486301898956299
3934,0,0,1,0.8296430110931396
3935,0,0,1,0.8874391317367554
3936,0,0,1,0.8266034126281738
3937,0,0,1,0.9189462065696716
3938,0,0,1,0.7441803812980652
3939,0,0,1,0.7642486691474915
3940,0,1,0,0.658191442489624
3941,0,1,0,0.8659310936927795
3942,0,0,1,0.8565694689750671
3943,0,0,1,0.8618127107620239
3944,0,0,1,0.7013762593269348
3945,0,0,1,0.9148422479629517
3946,0,0,1,0.9291247129440308
3947,0,1,0,0.698856770992279
3948,0,0,1,0.9099714159965515
3949,0,0,1,0.6354326009750366
3950,0,0,1,0.8383130431175232
3951,0,0,1,0.6805826425552368
3952,0,0,1,0.7314842343330383
3953,0,0,1,0.7021712064743042
3954,0,0,1,0.8888338208198547
3955,0,0,1,0.8992711901664734
3956,0,0,1,0.8403679132461548
3957,0,0,1,0.8609495759010315
3958,0,0,1,0.7813646793365479
3959,0,0,1,0.9595357179641724
3960,0,0,1,0.7037144899368286
3961,0,0,1,0.7407990097999573
3962,0,0,1,0.8554391860961914
3963,0,0,1,0.8975684642791748
3964,0,0,1,0.9057337641716003
3965,0,0,1,0.9105191230773926
3966,0,0,1,0.9421964287757874
3967,0,0,1,0.9391100406646729
3968,0,0,1,0.7940129637718201
3969,0,0,1,0.8933539986610413
3970,0,0,1,0.7993101477622986
3971,0,0,1,0.7469760179519653
3972,0,1,0,0.7413368821144104
3973,0,0,1,0.7210134267807007
3974,0,0,1,0.8963419198989868
3975,0,0,1,0.7850319147109985
3976,0,0,1,0.7663504481315613
3977,0,0,1,0.7640383839607239
3978,0,1,0,0.7943093180656433
3979,0,0,1,0.7422435283660889
3980,0,0,1,0.804024875164032
3981,0,0,1,0.9200111627578735
3982,0,0,1,0.922606348991394
3983,0,0,1,0.8962033987045288
3984,0,0,1,0.6119137406349182
3985,0,0,1,0.9282578229904175
3986,0,0,1,0.9379022121429443
3987,0,1,0,0.8266820311546326
3988,0,0,1,0.9243857860565186
3989,0,0,1,0.8237836360931396
3990,0,0,1,0.6494454145431519
3991,0,0,1,0.7235897183418274
3992,0,0,1,0.8080786466598511
3993,0,0,1,0.8795711398124695
3994,0,1,0,0.7608504891395569
3995,0,0,1,0.7189597487449646
3996,0,1,0,0.7375536561012268
3997,0,0,1,0.6595715284347534
3998,0,0,1,0.7882152795791626
3999,0,0,1,0.79520183801651
4000,0,0,1,0.8330026865005493
4001,0,0,1,0.8661956787109375
4002,0,0,1,0.6170244812965393
4003,0,0,1,0.7908036112785339
4004,0,0,1,0.8152707815170288
4005,0,0,1,0.8046532273292542
4006,0,0,1,0.6392194628715515
4007,0,0,1,0.888754665851593
4008,0,0,1,0.889165461063385
4009,0,0,1,0.9172508716583252
4010,0,0,1,0.9149914383888245
4011,0,0,1,0.9333962202072144
4012,0,0,1,0.9308362007141113
4013,0,0,1,0.8516630530357361
4014,0,0,1,0.9113037586212158
4015,0,0,1,0.9159267544746399
4016,0,0,1,0.8640730977058411
4017,0,0,1,0.8039575815200806
4018,0,0,1,0.8918278813362122
4019,0,0,1,0.8214585781097412
4020,0,0,1,0.8725423216819763
4021,0,0,1,0.8575644493103027
4022,0,0,1,0.7780326008796692
4023,0,0,1,0.848109245300293
4024,0,0,1,0.9171996116638184
4025,0,0,1,0.913758397102356
4026,0,0,1,0.9400405883789062
4027,0,0,1,0.89301997423172
4028,0,0,1,0.9412592053413391
4029,0,0,1,0.9289732575416565
4030,0,0,1,0.7780424356460571
4031,0,0,1,0.9467778205871582
4032,0,0,1,0.7124630808830261
4033,0,0,1,0.7263754606246948
4034,0,0,1,0.85532546043396
4035,0,0,1,0.7368899583816528
4036,0,0,1,0.8169993162155151
4037,0,0,1,0.9446526169776917
4038,0,0,1,0.944614589214325
4039,0,1,0,0.702986478805542
4040,0,0,1,0.9111598134040833
4041,0,0,1,0.8800230026245117
4042,0,0,1,0.8885051608085632
4043,0,0,1,0.8714792132377625
4044,0,0,1,0.8775973320007324
4045,0,0,1,0.9095667004585266
4046,0,0,1,0.6537854075431824
4047,0,0,1,0.9380612969398499
4048,0,0,1,0.7687124013900757
4049,0,0,1,0.7788378000259399
4050,0,0,1,0.9007538557052612
4051,0,0,1,0.7846583724021912
4052,0,0,1,0.6726576685905457
4053,0,0,1,0.9543647766113281
4054,0,0,1,0.7503487467765808
4055,0,0,1,0.9243561029434204
4056,0,0,1,0.7642211318016052
4057,0,0,1,0.8438165187835693
4058,0,0,1,0.894055187702179
4059,0,1,0,0.7197071313858032
4060,0,0,1,0.6361411213874817
4061,0,0,1,0.7138968110084534
4062,0,0,1,0.7568262219429016
4063,0,0,1,0.8998563289642334
4064,0,1,0,0.7980759739875793
4065,0,0,1,0.9109464883804321
4066,0,0,1,0.8845027089118958
4067,0,0,1,0.7431944608688354
4068,0,0,1,0.5833691358566284
4069,0,0,1,0.6922276616096497
4070,0,0,1,0.6750211715698242
4071,0,1,0,0.6416183114051819
4072,0,0,1,0.7552589774131775
4073,0,0,1,0.6891796588897705
4074,0,0,1,0.6795551776885986
4075,0,0,1,0.9333500266075134
4076,0,1,0,0.6171247363090515
4077,0,0,1,0.9504076838493347
4078,0,0,1,0.847476601600647
4079,0,0,1,0.7441622614860535
4080,0,0,1,0.8523569703102112
4081,0,0,1,0.8876262307167053
4082,0,0,1,0.8548588752746582
4083,0,0,1,0.7812129855155945
4084,0,1,0,0.7300485372543335
4085,0,1,0,0.6924026012420654
4086,0,0,1,0.8168846964836121
4087,0,1,0,0.6918594837188721
4088,0,0,1,0.8033223748207092
4089,0,0,1,0.7127890586853027
4090,0,0,1,0.9053979516029358
4091,0,0,1,0.9021987318992615
4092,0,0,1,0.7924851179122925
4093,0,0,1,0.7674291729927063
4094,0,0,1,0.9064502716064453
4095,0,0,1,0.9234371185302734
4096,0,0,1,0.8020026683807373
4097,0,0,1,0.7836304903030396
4098,0,0,1,0.9046538472175598
4099,0,0,1,0.9076940417289734
4100,0,0,1,0.7912144660949707
4101,0,0,1,0.8193806409835815
4102,0,1,0,0.6967272758483887
4103,0,1,0,0.6827950477600098
4104,0,0,1,0.9521803259849548
4105,0,0,1,0.9313831329345703
4106,0,0,1,0.9424386024475098
4107,0,0,1,0.8674958944320679
4108,0,0,1,0.9362901449203491
4109,0,0,1,0.7211100459098816
4110,0,0,1,0.8100229501724243
4111,0,0,1,0.8843013644218445
4112,0,1,0,0.7252071499824524
4113,0,0,1,0.795403778553009
4114,0,0,1,0.8979923129081726
4115,0,0,1,0.9242505431175232
4116,0,0,1,0.9185937643051147
4117,0,0,1,0.8744122982025146
4118,0,0,1,0.7730697989463806
4119,0,0,1,0.7670345306396484
4120,0,0,1,0.9095770120620728
4121,0,0,1,0.9317945241928101
4122,0,0,1,0.9554994702339172
4123,0,0,1,0.865034282207489
4124,0,1,0,0.7812769412994385
4125,0,0,1,0.737358033657074
4126,0,0,1,0.7177351713180542
4127,0,1,0,0.7979602813720703
4128,0,1,0,0.7041640281677246
4129,0,0,1,0.8382905125617981
4130,0,1,0,0.7714719176292419
4131,0,0,1,0.7048951983451843
4132,0,0,1,0.8905957937240601
4133,0,0,1,0.9512447118759155
4134,0,0,1,0.8834420442581177
4135,0,0,1,0.919076144695282
4136,0,0,1,0.9053076505661011
4137,0,0,1,0.8153315186500549
4138,0,1,0,0.6952509880065918
4139,0,0,1,0.9017114043235779
4140,0,1,0,0.6995534300804138
4141,0,0,1,0.7134659886360168
4142,0,0,1,0.942478358745575
4143,0,0,1,0.8735143542289734
4144,0,0,1,0.9097895622253418
4145,0,0,1,0.8868547677993774
4146,0,0,1,0.9104199409484863
4147,0,1,0,0.7339149713516235
4148,0,0,1,0.8377974629402161
4149,0,0,1,0.8202135562896729
4150,0,0,1,0.8899831175804138
4151,0,0,1,0.9337674379348755
4152,0,0,1,0.8189454674720764
4153,0,0,1,0.7763285040855408
4154,0,0,1,0.6499218344688416
4155,0,0,1,0.8873113393783569
4156,0,0,1,0.92894446849823
4157,0,0,1,0.8964802622795105
4158,0,0,1,0.6718571782112122
4159,0,0,1,0.8763327598571777
4160,0,1,0,0.7008622288703918
4161,0,0,1,0.8838598132133484
4162,0,0,1,0.9174951314926147
4163,0,0,1,0.6945900917053223
4164,0,1,0,0.6667075753211975
4165,0,1,0,0.8619076013565063
4166,0,0,1,0.879906177520752
4167,0,0,1,0.8761435151100159
4168,0,0,1,0.730319082736969
4169,0,1,0,0.7205778360366821
4170,0,0,1,0.7219237685203552
4171,0,0,1,0.8533045053482056
4172,0,1,0,0.7739500999450684
4173,0,0,1,0.913536012172699
4174,0,0,1,0.7818477153778076
4175,0,0,1,0.8455517292022705
4176,0,0,1,0.9333963990211487
4177,0,0,1,0.8852907419204712
4178,0,0,1,0.8880715370178223
4179,0,0,1,0.8751512765884399
4180,0,0,1,0.9138241410255432
4181,0,0,1,0.8145517110824585
4182,0,0,1,0.7490957379341125
4183,0,0,1,0.8108446598052979
4184,0,0,1,0.8379582166671753
4185,0,0,1,0.8758295178413391
4186,0,0,1,0.9492934942245483
4187,0,0,1,0.8779213428497314
4188,0,0,1,0.9088775515556335
4189,0,1,0,0.6744398474693298
4190,0,0,1,0.7758938074111938
4191,0,0,1,0.8505765199661255
4192,0,0,1,0.7357568740844727
4193,0,0,1,0.7636658549308777
4194,0,0,1,0.7350578308105469
4195,0,0,1,0.8555842638015747
4196,0,0,1,0.8884612917900085
4197,0,0,1,0.6846151351928711
4198,0,0,1,0.7526377439498901
4199,0,1,0,0.7520262598991394
4200,0,1,0,0.7565578818321228
4201,0,0,1,0.6844310164451599
4202,0,0,1,0.9298915266990662
4203,0,0,1,0.8394307494163513
4204,0,0,1,0.7830517888069153
4205,0,0,1,0.926131546497345
4206,0,0,1,0.7015506625175476
4207,0,0,1,0.9185423851013184
4208,0,0,1,0.7561312913894653
4209,0,0,1,0.7508041262626648
4210,0,0,1,0.7605108022689819
4211,0,0,1,0.6966987252235413
4212,0,0,1,0.8490781784057617
4213,0,1,0,0.6938331723213196
4214,0,0,1,0.6888596415519714
4215,0,0,1,0.7414799928665161
4216,0,1,0,0.7243735194206238
4217,0,0,1,0.8044836521148682
4218,0,0,1,0.8895066380500793
4219,0,1,0,0.7444655299186707
4220,0,0,1,0.936420738697052
4221,0,0,1,0.8553647398948669
4222,0,0,1,0.9479109644889832
4223,0,0,1,0.9118078947067261
4224,0,0,1,0.6593608260154724
4225,0,0,1,0.8062273859977722
4226,0,0,1,0.8443706631660461
4227,0,0,1,0.8590778112411499
4228,0,1,0,0.7622472643852234
4229,0,0,1,0.8223329186439514
4230,0,1,0,0.6762337684631348
4231,0,0,1,0.7538127899169922
4232,0,0,1,0.7528501152992249
4233,0,0,1,0.6845346093177795
4234,0,1,0,0.7054840326309204
4235,0,0,1,0.9505999088287354
4236,0,0,1,0.8096633553504944
4237,0,0,1,0.8580948710441589
4238,0,0,1,0.7737700939178467
4239,0,1,0,0.8294953107833862
4240,0,0,1,0.9149767756462097
4241,0,0,1,0.6652379631996155
4242,0,0,1,0.7678819298744202
4243,0,1,0,0.6890165209770203
4244,0,0,1,0.8106844425201416
4245,0,1,0,0.7297574281692505
4246,0,1,0,0.627829909324646
4247,0,0,1,0.6271199584007263
4248,0,0,1,0.7019414305686951
4249,0,0,1,0.8117090463638306
4250,0,0,1,0.8404613733291626
4251,0,0,1,0.7798469662666321
4252,0,0,1,0.8885353803634644
4253,0,0,1,0.724780261516571
4254,0,0,1,0.8653052449226379
4255,0,0,1,0.6461511254310608
4256,0,0,1,0.8737913370132446
4257,0,0,1,0.763047993183136
4258,0,0,1,0.9085577726364136
4259,0,0,1,0.9201383590698242
4260,0,1,0,0.6925622820854187
4261,0,0,1,0.8217496275901794
4262,0,1,0,0.7157177925109863
4263,0,1,0,0.9073483943939209
4264,0,0,1,0.8705403804779053
4265,0,1,0,0.7109602093696594
4266,0,0,1,0.8953496813774109
4267,0,1,0,0.6994415521621704
4268,0,0,1,0.6511411666870117
4269,0,0,1,0.8772987127304077
4270,0,0,1,0.8482513427734375
4271,0,1,0,0.6043305397033691
4272,0,1,0,0.6485695838928223
4273,0,0,1,0.7323639392852783
4274,0,0,1,0.8941255211830139
4275,0,1,0,0.6928344368934631
4276,0,0,1,0.9345650672912598
4277,0,1,0,0.7339722514152527
4278,0,0,1,0.8166043758392334
4279,0,1,0,0.6790419816970825
4280,0,0,1,0.8624517321586609
4281,0,0,1,0.8868749737739563
4282,0,1,0,0.6345352530479431
4283,0,0,1,0.8488512635231018
4284,0,1,0,0.7315385937690735
4285,0,1,0,0.6704756021499634
4286,0,1,0,0.8035004138946533
4287,0,1,0,0.7971358299255371
4288,0,0,1,0.729231059551239
4289,0,0,1,0.8183824419975281
4290,0,0,1,0.9225342273712158
4291,0,0,1,0.9782477021217346
4292,0,0,1,0.8879019021987915
4293,0,1,0,0.6662533283233643
4294,0,0,1,0.7492353320121765
4295,0,0,1,0.7655737996101379
4296,0,0,1,0.911933422088623
4297,0,1,0,0.6842421293258667
4298,0,0,1,0.7976128458976746
4299,0,0,1,0.8803243637084961
4300,0,1,0,0.6525965332984924
4301,0,0,1,0.6915544271469116
4302,0,0,1,0.9115745425224304
4303,0,0,1,0.7763083577156067
4304,0,0,1,0.7808188796043396
4305,0,0,1,0.8862090706825256
