sample_idx,true_label,pred_label,correct,confidence
0,3,2,0,0.9274348616600037
1,8,2,0,0.6201298236846924
2,8,0,0,0.5579262971878052
3,0,2,0,0.5901857614517212
4,6,2,0,0.6030303835868835
5,6,2,0,0.3967875838279724
6,1,3,0,0.7512532472610474
7,6,2,0,0.8910297751426697
8,3,3,1,0.5043430328369141
9,1,9,0,0.6793789267539978
10,0,3,0,0.6814970374107361
11,9,3,0,0.6777040958404541
12,5,0,0,0.6064340472221375
13,7,2,0,0.6124643087387085
14,9,9,1,0.7136554718017578
15,8,2,0,0.88022780418396
16,5,2,0,0.7263672947883606
17,7,3,0,0.5592605471611023
18,8,2,0,0.4951004087924957
19,6,2,0,0.7508723139762878
20,7,3,0,0.4861484169960022
21,0,8,0,0.6431074142456055
22,4,2,0,0.9127853512763977
23,9,0,0,0.33503085374832153
24,5,2,0,0.7563161849975586
25,2,3,0,0.717568039894104
26,4,2,0,0.7815569639205933
27,0,2,0,0.5360029935836792
28,9,9,1,0.5343121290206909
29,6,9,0,0.8280165791511536
30,6,2,0,0.6501421928405762
31,5,2,0,0.7246508598327637
32,4,9,0,0.5422652363777161
33,5,2,0,0.881644070148468
34,9,3,0,0.5705746412277222
35,2,2,1,0.7942224740982056
36,4,3,0,0.6548147797584534
37,1,3,0,0.46650567650794983
38,9,2,0,0.706205427646637
39,5,2,0,0.896369457244873
40,4,2,0,0.6516520380973816
41,6,2,0,0.7358148694038391
42,5,0,0,0.5656547546386719
43,6,2,0,0.7038110494613647
44,0,2,0,0.6924409866333008
45,9,3,0,0.7344838976860046
46,3,3,1,0.6130971908569336
47,9,3,0,0.7578110098838806
48,7,3,0,0.7049141526222229
49,6,2,0,0.8606516122817993
50,9,5,0,0.4988504648208618
51,8,0,0,0.631122887134552
52,0,3,0,0.625215470790863
53,3,2,0,0.8157973289489746
54,8,3,0,0.701218843460083
55,8,3,0,0.36874520778656006
56,7,6,0,0.5007213950157166
57,7,2,0,0.8378785848617554
58,4,2,0,0.5046225786209106
59,6,0,0,0.6149367094039917
60,7,2,0,0.8305127620697021
61,3,2,0,0.953083336353302
62,6,2,0,0.7496755719184875
63,3,2,0,0.7534297704696655
64,6,3,0,0.4492131471633911
65,2,2,1,0.8325526118278503
66,1,2,0,0.4950176477432251
67,2,3,0,0.588690459728241
68,3,2,0,0.8611472845077515
69,7,2,0,0.7516869306564331
70,2,3,0,0.4451993405818939
71,6,9,0,0.5818037390708923
72,8,2,0,0.6744237542152405
73,8,2,0,0.8729189038276672
74,0,2,0,0.34846022725105286
75,2,2,1,0.5438159108161926
76,9,2,0,0.7601783275604248
77,3,2,0,0.8517835736274719
78,3,2,0,0.8449131846427917
79,8,3,0,0.7984890341758728
80,8,2,0,0.43680739402770996
81,1,1,1,0.7084949016571045
82,1,2,0,0.6908020973205566
83,7,8,0,0.47317591309547424
84,2,3,0,0.4789018929004669
85,5,2,0,0.5841563940048218
86,2,3,0,0.7073113322257996
87,7,0,0,0.5324447751045227
88,8,2,0,0.5505639314651489
89,9,0,0,0.6399009823799133
90,0,2,0,0.7943333387374878
91,3,2,0,0.633984386920929
92,8,0,0,0.6800442934036255
93,6,3,0,0.5935025811195374
94,4,2,0,0.8363983035087585
95,6,0,0,0.49024468660354614
96,6,2,0,0.9434913992881775
97,0,0,1,0.7036086916923523
98,0,2,0,0.5502728223800659
99,7,2,0,0.503038227558136
100,4,0,0,0.7409038543701172
101,5,2,0,0.4536716341972351
102,6,3,0,0.634974479675293
103,3,2,0,0.770380973815918
104,1,2,0,0.3332022428512573
105,1,2,0,0.8085073232650757
106,3,8,0,0.6929224133491516
107,6,2,0,0.5202320218086243
108,8,2,0,0.5398213863372803
109,7,5,0,0.746012806892395
110,4,3,0,0.6047658324241638
111,0,3,0,0.3606903851032257
112,6,8,0,0.9821838140487671
113,2,0,0,0.593257486820221
114,1,0,0,0.58515864610672
115,3,6,0,0.6427965760231018
116,0,8,0,0.6410789489746094
117,4,2,0,0.5148832201957703
118,2,3,0,0.7571754455566406
119,7,3,0,0.4932258129119873
120,8,0,0,0.6444172263145447
121,3,2,0,0.6375095248222351
122,1,3,0,0.5763944387435913
123,2,2,1,0.6332967281341553
124,8,2,0,0.6047192811965942
125,0,3,0,0.6659241914749146
126,8,2,0,0.855234682559967
127,3,2,0,0.6874251365661621
128,5,3,0,0.6858785152435303
129,2,0,0,0.5959531664848328
130,4,3,0,0.6198850274085999
131,1,2,0,0.9001274704933167
132,8,2,0,0.6577129364013672
133,9,3,0,0.5162858366966248
134,1,2,0,0.8858356475830078
135,2,2,1,0.7304276823997498
136,9,2,0,0.9515044689178467
137,7,2,0,0.7577210068702698
138,2,6,0,0.5655810236930847
139,9,2,0,0.4346567690372467
140,6,2,0,0.5649961233139038
141,5,3,0,0.5756515860557556
142,6,3,0,0.7980179786682129
143,3,0,0,0.6794451475143433
144,8,3,0,0.4972604513168335
145,7,8,0,0.5193352103233337
146,6,3,0,0.5506816506385803
147,2,9,0,0.6263425946235657
148,5,3,0,0.6419734954833984
149,2,3,0,0.6770219206809998
150,8,2,0,0.619869589805603
151,9,2,0,0.5767930150032043
152,6,3,0,0.8880577683448792
153,0,3,0,0.6174744963645935
154,0,2,0,0.6702789664268494
155,5,2,0,0.4570885896682739
156,2,9,0,0.5888369679450989
157,9,3,0,0.8094964027404785
158,5,3,0,0.555976390838623
159,4,2,0,0.5334768295288086
160,2,2,1,0.7145019173622131
161,1,2,0,0.9096247553825378
162,6,3,0,0.8503025770187378
163,6,3,0,0.35670343041419983
164,8,3,0,0.802936851978302
165,4,2,0,0.7600029706954956
166,8,3,0,0.5523158311843872
167,4,2,0,0.9758719801902771
168,5,2,0,0.3566812574863434
169,0,2,0,0.944636344909668
170,9,0,0,0.5007157325744629
171,9,0,0,0.48062649369239807
172,9,6,0,0.5256620645523071
173,8,3,0,0.5134134292602539
174,9,9,1,0.5954409837722778
175,9,2,0,0.8900983333587646
176,3,6,0,0.45682668685913086
177,7,2,0,0.4444827139377594
178,5,2,0,0.7983715534210205
179,0,2,0,0.4204491674900055
180,0,8,0,0.36194470524787903
181,5,9,0,0.493782639503479
182,2,2,1,0.6584237813949585
183,2,2,1,0.8384522199630737
184,3,6,0,0.5472294092178345
185,8,3,0,0.7286661267280579
186,6,6,1,0.8439198732376099
187,3,2,0,0.7817813754081726
188,4,3,0,0.5822263360023499
189,0,2,0,0.9231858253479004
190,5,3,0,0.7616469264030457
191,8,2,0,0.7187684774398804
192,0,2,0,0.87272047996521
193,1,2,0,0.7134138345718384
194,7,3,0,0.6426998376846313
195,2,2,1,0.5538812279701233
196,8,9,0,0.6307149529457092
197,8,8,1,0.869404673576355
198,7,2,0,0.8022783994674683
199,8,2,0,0.4926142692565918
200,5,6,0,0.6576089859008789
201,1,2,0,0.652319073677063
202,8,0,0,0.8112512826919556
203,7,2,0,0.7886806130409241
204,1,2,0,0.6467750668525696
205,3,2,0,0.3820207417011261
206,0,5,0,0.6152597665786743
207,5,2,0,0.805497944355011
208,7,2,0,0.7666772603988647
209,9,2,0,0.5652192234992981
210,7,2,0,0.8963164687156677
211,4,2,0,0.7855251431465149
212,5,3,0,0.5015680193901062
213,9,3,0,0.4550935924053192
214,8,0,0,0.4981573820114136
215,0,2,0,0.7377957105636597
216,7,2,0,0.6026623249053955
217,9,2,0,0.7722573280334473
218,8,2,0,0.6740716695785522
219,2,3,0,0.8228397965431213
220,7,2,0,0.5933638215065002
221,6,2,0,0.9070050716400146
222,9,2,0,0.561423659324646
223,4,2,0,0.5488481521606445
224,3,0,0,0.5493714213371277
225,9,0,0,0.5637091398239136
226,6,2,0,0.5873880982398987
227,4,2,0,0.47562745213508606
228,7,0,0,0.763404905796051
229,6,6,1,0.6620915532112122
230,5,2,0,0.7334293127059937
231,1,2,0,0.7129069566726685
232,5,2,0,0.8556883335113525
233,8,2,0,0.41965940594673157
234,8,2,0,0.728748083114624
235,0,3,0,0.4922817349433899
236,4,6,0,0.6261719465255737
237,0,3,0,0.6640534996986389
238,5,3,0,0.7096824049949646
239,5,3,0,0.7217902541160583
240,1,2,0,0.882350504398346
241,1,2,0,0.5364429354667664
242,8,3,0,0.6750053763389587
243,9,2,0,0.4827136993408203
244,0,2,0,0.8393864035606384
245,3,3,1,0.49286359548568726
246,1,2,0,0.8070963621139526
247,9,8,0,0.4452497363090515
248,2,2,1,0.687997043132782
249,2,2,1,0.48152896761894226
250,5,2,0,0.7052046060562134
251,3,2,0,0.7261461019515991
252,9,2,0,0.9338165521621704
253,9,3,0,0.6941956281661987
254,4,3,0,0.6668389439582825
255,0,2,0,0.45385056734085083
256,3,3,1,0.738743007183075
257,0,8,0,0.5917090773582458
258,0,3,0,0.5059358477592468
259,9,3,0,0.7386586666107178
260,8,2,0,0.8263612389564514
261,1,3,0,0.4713520109653473
262,5,2,0,0.624042809009552
263,7,2,0,0.8883348703384399
264,0,2,0,0.6379381418228149
265,8,8,1,0.5409417152404785
266,2,2,1,0.7912288904190063
267,4,2,0,0.8213631510734558
268,7,2,0,0.755587637424469
269,0,0,1,0.7672106027603149
270,2,3,0,0.5160010457038879
271,3,3,1,0.5346864461898804
272,6,2,0,0.9112796783447266
273,3,2,0,0.6825439929962158
274,8,2,0,0.8946747183799744
275,5,3,0,0.632754921913147
276,0,3,0,0.769891083240509
277,3,3,1,0.5109772086143494
278,4,2,0,0.625305712223053
279,3,2,0,0.669937252998352
280,9,2,0,0.822002112865448
281,0,2,0,0.46347472071647644
282,6,0,0,0.4397968649864197
283,1,3,0,0.6496800780296326
284,0,2,0,0.7901746034622192
285,9,3,0,0.739998996257782
286,1,2,0,0.7200822234153748
287,0,0,1,0.5917169451713562
288,7,3,0,0.6821073889732361
289,9,8,0,0.8260691165924072
290,1,3,0,0.7404983043670654
291,2,2,1,0.6825515627861023
292,6,3,0,0.7466654777526855
293,9,2,0,0.515717625617981
294,3,2,0,0.7511295080184937
295,4,2,0,0.7515560984611511
296,6,2,0,0.7652339935302734
297,0,2,0,0.6857471466064453
298,0,3,0,0.7830185294151306
299,6,2,0,0.5563182234764099
300,6,2,0,0.5632522702217102
301,6,3,0,0.6838991641998291
302,3,3,1,0.7738757729530334
303,2,5,0,0.43964722752571106
304,6,2,0,0.7217112183570862
305,1,6,0,0.5426403284072876
306,8,2,0,0.5853776931762695
307,2,2,1,0.7253662943840027
308,1,5,0,0.7148359417915344
309,6,2,0,0.5826491117477417
310,8,8,1,0.9520862698554993
311,6,2,0,0.9707931280136108
312,8,3,0,0.85140460729599
313,0,3,0,0.5576467514038086
314,4,2,0,0.7465994954109192
315,0,2,0,0.8859289288520813
316,7,8,0,0.4161648452281952
317,7,3,0,0.8235148191452026
318,5,2,0,0.8535858988761902
319,5,2,0,0.830805242061615
320,3,2,0,0.6003220677375793
321,5,3,0,0.8502338528633118
322,2,2,1,0.801838755607605
323,3,2,0,0.8175104260444641
324,4,2,0,0.7425464391708374
325,1,8,0,0.6306025981903076
326,7,3,0,0.6360812187194824
327,5,8,0,0.9608991146087646
328,4,3,0,0.6110519766807556
329,6,9,0,0.6826468110084534
330,1,3,0,0.7510693669319153
331,9,2,0,0.5459661483764648
332,3,2,0,0.9424155950546265
333,6,3,0,0.5363370776176453
334,6,2,0,0.6652427911758423
335,9,2,0,0.8381914496421814
336,3,2,0,0.92293381690979
337,8,2,0,0.92350834608078
338,0,2,0,0.7314735651016235
339,7,3,0,0.4252828359603882
340,2,2,1,0.7956163287162781
341,6,1,0,0.5010933876037598
342,2,2,1,0.6042284965515137
343,5,0,0,0.4599671959877014
344,8,0,0,0.4672389328479767
345,5,3,0,0.7094763517379761
346,4,3,0,0.5615712404251099
347,6,3,0,0.8361279368400574
348,8,3,0,0.5739956498146057
349,9,2,0,0.9826638698577881
350,9,2,0,0.4185640215873718
351,1,3,0,0.7696132659912109
352,0,3,0,0.5504763722419739
353,2,2,1,0.6758655905723572
354,2,3,0,0.8256763815879822
355,7,8,0,0.9728344082832336
356,3,2,0,0.6516860127449036
357,2,9,0,0.7681998610496521
358,8,3,0,0.6777527928352356
359,0,2,0,0.9390234351158142
360,9,5,0,0.28689271211624146
361,5,2,0,0.5799742937088013
362,8,9,0,0.7331749200820923
363,1,2,0,0.5664945840835571
364,9,2,0,0.5829934477806091
365,4,2,0,0.6079844236373901
366,1,7,0,0.7072592377662659
367,3,3,1,0.5807698965072632
368,8,2,0,0.5977144837379456
369,1,0,0,0.4832538068294525
370,4,6,0,0.5620346069335938
371,7,2,0,0.8203238248825073
372,9,0,0,0.31949713826179504
373,4,2,0,0.5339285135269165
374,2,2,1,0.8738107681274414
375,7,9,0,0.8242800235748291
376,0,2,0,0.48716118931770325
377,7,2,0,0.857403039932251
378,0,2,0,0.6444919109344482
379,6,2,0,0.5367053747177124
380,6,2,0,0.69998699426651
381,9,4,0,0.48131418228149414
382,0,2,0,0.943596363067627
383,9,2,0,0.4721308648586273
384,2,3,0,0.42730656266212463
385,8,2,0,0.6808736324310303
386,7,2,0,0.6078472137451172
387,2,2,1,0.738804817199707
388,2,2,1,0.7550013065338135
389,5,5,1,0.5820241570472717
390,1,2,0,0.9366894364356995
391,2,2,1,0.7699838876724243
392,6,2,0,0.7114476561546326
393,2,2,1,0.518604040145874
394,9,2,0,0.7459824681282043
395,6,9,0,0.5903623700141907
396,2,2,1,0.32391539216041565
397,3,3,1,0.6106338500976562
398,0,9,0,0.6822465658187866
399,3,9,0,0.6304751038551331
400,9,2,0,0.7064182758331299
401,8,3,0,0.6669425368309021
402,7,3,0,0.6029369831085205
403,8,2,0,0.4637644290924072
404,8,2,0,0.623763382434845
405,4,2,0,0.7961698770523071
406,0,3,0,0.5443435907363892
407,1,6,0,0.38103845715522766
408,8,0,0,0.48164886236190796
409,2,3,0,0.5398069024085999
410,7,2,0,0.5041311979293823
411,9,2,0,0.49472129344940186
412,3,2,0,0.6984539031982422
413,6,2,0,0.8990749716758728
414,1,2,0,0.6101363897323608
415,9,6,0,0.7118916511535645
416,0,3,0,0.6844276785850525
417,7,2,0,0.7930940389633179
418,3,3,1,0.7567800879478455
419,7,3,0,0.4719371199607849
420,4,6,0,0.45217034220695496
421,5,3,0,0.48240649700164795
422,0,2,0,0.9239517450332642
423,0,3,0,0.6921150088310242
424,2,0,0,0.6461917757987976
425,9,2,0,0.5516354441642761
426,3,9,0,0.6826393008232117
427,4,3,0,0.878978967666626
428,0,8,0,0.5163593292236328
429,6,2,0,0.7387970685958862
430,2,8,0,0.6246339678764343
431,5,2,0,0.47133952379226685
432,3,2,0,0.8777374029159546
433,7,2,0,0.7515764236450195
434,3,2,0,0.5655945539474487
435,7,2,0,0.7273275256156921
436,2,2,1,0.5387782454490662
437,5,2,0,0.7530456781387329
438,3,3,1,0.6742804646492004
439,1,2,0,0.8994723558425903
440,1,2,0,0.7137851119041443
441,4,3,0,0.5898644924163818
442,9,3,0,0.5025712847709656
443,9,2,0,0.47107067704200745
444,5,3,0,0.5072739124298096
445,7,3,0,0.6815266609191895
446,5,2,0,0.7541199922561646
447,0,2,0,0.47652554512023926
448,2,2,1,0.7805761694908142
449,2,2,1,0.8450363874435425
450,2,3,0,0.6446830034255981
451,9,2,0,0.4617001414299011
452,7,3,0,0.666693925857544
453,3,3,1,0.6775068044662476
454,9,2,0,0.6864065527915955
455,4,2,0,0.8487018942832947
456,3,2,0,0.7359269261360168
457,5,2,0,0.48967790603637695
458,4,2,0,0.7790762782096863
459,6,2,0,0.5801670551300049
460,5,2,0,0.9367745518684387
461,6,2,0,0.8537567853927612
462,1,3,0,0.8593571186065674
463,4,2,0,0.7697951197624207
464,3,2,0,0.546497106552124
465,4,2,0,0.8124983906745911
466,4,2,0,0.7585932016372681
467,3,2,0,0.7566181421279907
468,7,3,0,0.7448234558105469
469,8,2,0,0.7184330224990845
470,3,2,0,0.9068790674209595
471,7,3,0,0.6130369901657104
472,8,2,0,0.7833042740821838
473,0,2,0,0.6954423785209656
474,5,5,1,0.6503819227218628
475,7,2,0,0.8083184957504272
476,6,2,0,0.7291489839553833
477,0,2,0,0.6197524070739746
478,5,2,0,0.7762227654457092
479,4,0,0,0.5381777286529541
480,8,0,0,0.7277973890304565
481,6,2,0,0.9880021810531616
482,8,8,1,0.4963999092578888
483,5,2,0,0.5483576059341431
484,5,3,0,0.797292947769165
485,9,0,0,0.6702631711959839
486,9,3,0,0.7980504035949707
487,9,9,1,0.4177609980106354
488,5,0,0,0.730031430721283
489,0,3,0,0.5082187652587891
490,1,3,0,0.5856162905693054
491,0,0,1,0.6557156443595886
492,8,2,0,0.5448482036590576
493,1,2,0,0.5046970844268799
494,1,3,0,0.722411036491394
495,8,0,0,0.8172240853309631
496,0,2,0,0.8644868731498718
497,2,0,0,0.7060887813568115
498,2,3,0,0.6519412994384766
499,0,2,0,0.6293953657150269
500,4,2,0,0.8146743178367615
501,6,2,0,0.9246694445610046
502,5,6,0,0.7379476428031921
503,4,2,0,0.8993420004844666
504,9,0,0,0.7732862234115601
505,4,3,0,0.773101806640625
506,7,3,0,0.36058706045150757
507,9,3,0,0.8579902648925781
508,9,2,0,0.7020187973976135
509,4,2,0,0.6345396637916565
510,5,0,0,0.8118134140968323
511,6,2,0,0.696652352809906
512,6,2,0,0.5420815348625183
513,1,2,0,0.5931865572929382
514,5,2,0,0.6673310995101929
515,3,2,0,0.8545730113983154
516,8,3,0,0.7774419784545898
517,9,2,0,0.5709603428840637
518,5,3,0,0.6478771567344666
519,8,2,0,0.510098934173584
520,5,2,0,0.7540029883384705
521,7,5,0,0.4514842629432678
522,0,2,0,0.7728474140167236
523,7,3,0,0.6334818005561829
524,0,2,0,0.47228536009788513
525,5,1,0,0.7473350167274475
526,0,3,0,0.707134485244751
527,0,2,0,0.5825583934783936
528,4,2,0,0.5397230982780457
529,6,8,0,0.4804045855998993
530,9,2,0,0.5262305736541748
531,0,3,0,0.6004206538200378
532,9,6,0,0.7707846760749817
533,5,2,0,0.7572803497314453
534,6,3,0,0.7806681394577026
535,6,9,0,0.4157406985759735
536,6,4,0,0.39591190218925476
537,2,3,0,0.7014120221138
538,9,2,0,0.8359879851341248
539,0,9,0,0.6337883472442627
540,1,6,0,0.46877729892730713
541,7,3,0,0.8886020183563232
542,6,2,0,0.6104398369789124
543,7,2,0,0.648338258266449
544,5,2,0,0.6803351640701294
545,9,5,0,0.4776720404624939
546,1,2,0,0.6569103598594666
547,6,3,0,0.7359398603439331
548,2,3,0,0.5446867346763611
549,5,3,0,0.6505269408226013
550,5,2,0,0.8619972467422485
551,5,3,0,0.6422998309135437
552,8,2,0,0.5080512762069702
553,5,2,0,0.936302125453949
554,9,6,0,0.8438283205032349
555,4,2,0,0.9415093660354614
556,6,2,0,0.826869785785675
557,4,3,0,0.5565503835678101
558,3,3,1,0.5589202642440796
559,2,3,0,0.8875041007995605
560,0,0,1,0.5580440163612366
561,7,2,0,0.8804495334625244
562,6,3,0,0.7391083240509033
563,2,2,1,0.600608229637146
564,2,0,0,0.49622273445129395
565,3,2,0,0.8263543248176575
566,9,2,0,0.9568085670471191
567,7,2,0,0.7399779558181763
568,9,0,0,0.4581500291824341
569,2,2,1,0.48429685831069946
570,6,2,0,0.5885686874389648
571,7,2,0,0.5474833846092224
572,1,2,0,0.8605295419692993
573,3,3,1,0.5160641074180603
574,6,3,0,0.5176479816436768
575,6,3,0,0.5596800446510315
576,8,2,0,0.41276293992996216
577,9,2,0,0.6506684422492981
578,7,2,0,0.49072521924972534
579,5,8,0,0.5288543105125427
580,4,2,0,0.7369445562362671
581,0,2,0,0.49500665068626404
582,8,3,0,0.6170164942741394
583,4,9,0,0.6074625849723816
584,0,2,0,0.8423956036567688
585,9,2,0,0.9775444865226746
586,3,2,0,0.6494121551513672
587,4,2,0,0.7288843393325806
588,8,2,0,0.8752723932266235
589,9,3,0,0.5847232937812805
590,6,3,0,0.6572763323783875
591,9,3,0,0.6585115790367126
592,2,2,1,0.6616899371147156
593,6,2,0,0.7977984547615051
594,1,2,0,0.853776752948761
595,4,3,0,0.7525776624679565
596,7,2,0,0.6543866395950317
597,3,2,0,0.6124481558799744
598,5,3,0,0.7667982578277588
599,3,9,0,0.7463827133178711
600,8,3,0,0.7201398015022278
601,5,0,0,0.8619086742401123
602,0,2,0,0.8129713535308838
603,2,2,1,0.8029948472976685
604,1,6,0,0.3937741816043854
605,6,3,0,0.9352340698242188
606,4,2,0,0.6165869235992432
607,3,2,0,0.7599915862083435
608,3,3,1,0.8721632957458496
609,9,2,0,0.7265073657035828
610,6,3,0,0.7900601625442505
611,9,3,0,0.9109451174736023
612,8,2,0,0.8294349908828735
613,8,1,0,0.6909803152084351
614,5,3,0,0.777276873588562
615,8,3,0,0.7033839225769043
616,6,2,0,0.9579339027404785
617,6,3,0,0.8318734169006348
618,2,8,0,0.425601601600647
619,1,3,0,0.5576714873313904
620,7,3,0,0.3874408006668091
621,7,3,0,0.85657799243927
622,1,3,0,0.4788762032985687
623,2,2,1,0.8622303009033203
624,7,6,0,0.5031484961509705
625,9,6,0,0.3577680289745331
626,9,2,0,0.6582069993019104
627,4,2,0,0.4675120413303375
628,4,2,0,0.8974048495292664
629,1,2,0,0.7414891123771667
630,2,3,0,0.38331544399261475
631,5,2,0,0.6721177101135254
632,6,2,0,0.9503026604652405
633,8,2,0,0.8152356743812561
634,7,1,0,0.5066847205162048
635,6,3,0,0.4350467026233673
636,8,8,1,0.9669795036315918
637,3,5,0,0.5958701372146606
638,0,8,0,0.7629662752151489
639,5,2,0,0.6645621657371521
640,5,0,0,0.568635880947113
641,3,2,0,0.7327028512954712
642,0,2,0,0.7313364148139954
643,7,3,0,0.6048669219017029
644,9,3,0,0.6430739164352417
645,1,0,0,0.5797663927078247
646,3,2,0,0.4729909300804138
647,4,3,0,0.6785725355148315
648,4,2,0,0.5000627636909485
649,5,3,0,0.6355177760124207
650,3,2,0,0.9447693228721619
651,9,2,0,0.5896492004394531
652,5,6,0,0.7688698768615723
653,6,0,0,0.6966309547424316
654,9,2,0,0.8547551035881042
655,2,2,1,0.5727772116661072
656,1,3,0,0.6564633250236511
657,1,2,0,0.7678097486495972
658,4,2,0,0.5273547172546387
659,1,6,0,0.6632492542266846
660,9,8,0,0.9578275084495544
661,4,3,0,0.7797968983650208
662,7,2,0,0.7549114227294922
663,6,2,0,0.7525506615638733
664,3,3,1,0.7259666919708252
665,8,2,0,0.8146726489067078
666,9,3,0,0.4808823764324188
667,0,2,0,0.7278544306755066
668,1,2,0,0.5215617418289185
669,3,0,0,0.43959537148475647
670,6,0,0,0.5287132263183594
671,3,9,0,0.7037835717201233
672,6,0,0,0.4204927980899811
673,3,2,0,0.4764099419116974
674,2,2,1,0.6770143508911133
675,0,3,0,0.4261622726917267
676,3,3,1,0.4513116776943207
677,1,2,0,0.914408802986145
678,0,2,0,0.643486499786377
679,5,2,0,0.9149894714355469
680,9,9,1,0.7578142881393433
681,6,6,1,0.849313497543335
682,4,0,0,0.7103468775749207
683,8,3,0,0.611538827419281
684,9,2,0,0.41842299699783325
685,6,2,0,0.6784908175468445
686,9,3,0,0.5948657989501953
687,6,9,0,0.598908543586731
688,3,2,0,0.7462216019630432
689,0,3,0,0.8476588726043701
690,3,2,0,0.8906210064888
691,2,3,0,0.4733878970146179
692,2,2,1,0.6032490730285645
693,7,2,0,0.9178515672683716
694,8,2,0,0.5404030084609985
695,3,2,0,0.9929184317588806
696,8,0,0,0.6763184666633606
697,2,2,1,0.8518853783607483
698,7,2,0,0.6363105177879333
699,5,2,0,0.7613628506660461
700,7,3,0,0.45024898648262024
701,2,3,0,0.6863014698028564
702,4,5,0,0.40118980407714844
703,8,3,0,0.4843705892562866
704,7,0,0,0.41315722465515137
705,4,2,0,0.6814827919006348
706,2,2,1,0.663338303565979
707,9,3,0,0.6752638816833496
708,8,2,0,0.5251409411430359
709,8,2,0,0.8081579804420471
710,6,5,0,0.8191326260566711
711,8,2,0,0.9612371921539307
712,8,8,1,0.45674243569374084
713,7,9,0,0.6225460171699524
714,4,2,0,0.3283771872520447
715,3,3,1,0.7486522197723389
716,3,3,1,0.8407326936721802
717,8,0,0,0.3927651345729828
718,4,3,0,0.6868365406990051
719,9,9,1,0.5600322484970093
720,4,3,0,0.6855887174606323
721,8,3,0,0.7032404541969299
722,8,2,0,0.4860847592353821
723,1,8,0,0.9308421015739441
724,8,3,0,0.6655335426330566
725,2,3,0,0.5384759306907654
726,1,3,0,0.6526358723640442
727,3,3,1,0.7122148871421814
728,6,3,0,0.6219480037689209
729,5,2,0,0.9209597706794739
730,4,2,0,0.6615056395530701
731,2,3,0,0.6268587708473206
732,7,0,0,0.77846759557724
733,9,8,0,0.6489438414573669
734,9,0,0,0.6308603286743164
735,4,2,0,0.5717198252677917
736,1,2,0,0.6717652082443237
737,4,2,0,0.8300498127937317
738,1,2,0,0.6483495831489563
739,3,3,1,0.7652291655540466
740,2,3,0,0.6007537841796875
741,7,3,0,0.7196298241615295
742,0,2,0,0.6421884298324585
743,7,2,0,0.629998505115509
744,9,3,0,0.6608417630195618
745,7,8,0,0.5676316618919373
746,6,6,1,0.7806209921836853
747,6,3,0,0.6212576031684875
748,2,9,0,0.6534073948860168
749,5,0,0,0.5990952253341675
750,9,3,0,0.6978112459182739
751,2,3,0,0.37169507145881653
752,9,2,0,0.7368127107620239
753,1,2,0,0.5325801968574524
754,2,2,1,0.9600110054016113
755,2,3,0,0.5737482309341431
756,6,6,1,0.8758127689361572
757,8,2,0,0.640653669834137
758,2,5,0,0.737402617931366
759,1,3,0,0.7983179092407227
760,3,2,0,0.8365934491157532
761,6,2,0,0.43636444211006165
762,6,2,0,0.41977301239967346
763,0,6,0,0.6023101806640625
764,1,2,0,0.3059771955013275
765,2,3,0,0.7352483868598938
766,7,3,0,0.5915058255195618
767,0,2,0,0.5450617074966431
768,5,3,0,0.6141606569290161
769,4,2,0,0.9406449794769287
770,6,3,0,0.7748809456825256
771,1,3,0,0.4968520700931549
772,6,0,0,0.749703049659729
773,4,2,0,0.8501254916191101
774,0,2,0,0.6103824973106384
775,2,2,1,0.5301823616027832
776,2,3,0,0.7921894192695618
777,6,3,0,0.496950626373291
778,0,2,0,0.8479626178741455
779,5,2,0,0.7363701462745667
780,9,3,0,0.6220460534095764
781,1,2,0,0.7939798831939697
782,7,0,0,0.7394603490829468
783,6,3,0,0.5212217569351196
784,7,2,0,0.7645416259765625
785,0,3,0,0.5194183588027954
786,3,2,0,0.8229637742042542
787,9,3,0,0.5536195635795593
788,6,0,0,0.6500940918922424
789,8,8,1,0.900850236415863
790,3,3,1,0.40055930614471436
791,0,2,0,0.6322413682937622
792,3,3,1,0.7005993127822876
793,4,2,0,0.7615908980369568
794,7,8,0,0.6015869379043579
795,7,2,0,0.9443139433860779
796,1,3,0,0.7289264798164368
797,4,2,0,0.7421767711639404
798,7,3,0,0.4802926182746887
799,2,2,1,0.48268452286720276
800,7,9,0,0.4654785692691803
801,1,2,0,0.8405514359474182
802,4,9,0,0.5187645554542542
803,7,3,0,0.5132690072059631
804,4,2,0,0.825986385345459
805,4,2,0,0.6160470843315125
806,8,2,0,0.8849408030509949
807,4,2,0,0.9212028384208679
808,7,2,0,0.7232893109321594
809,7,2,0,0.7013596296310425
810,5,8,0,0.9118874669075012
811,3,2,0,0.5245332717895508
812,7,3,0,0.5765388011932373
813,2,2,1,0.810050368309021
814,0,2,0,0.8434969782829285
815,8,3,0,0.42331618070602417
816,9,2,0,0.7451229691505432
817,5,3,0,0.47482046484947205
818,8,2,0,0.5411220192909241
819,3,2,0,0.9066628217697144
820,6,8,0,0.9529821276664734
821,2,2,1,0.4476717710494995
822,0,3,0,0.8455144166946411
823,8,3,0,0.729199230670929
824,7,5,0,0.7110607624053955
825,3,6,0,0.6542134284973145
826,7,2,0,0.6084991693496704
827,6,2,0,0.7831919193267822
828,5,2,0,0.8728609085083008
829,3,3,1,0.8732759952545166
830,1,3,0,0.5773357152938843
831,3,3,1,0.42948928475379944
832,2,8,0,0.8171852231025696
833,2,3,0,0.6601060032844543
834,5,5,1,0.5897658467292786
835,4,2,0,0.4009082317352295
836,1,2,0,0.5811588168144226
837,2,3,0,0.5379836559295654
838,9,2,0,0.3516804873943329
839,2,0,0,0.762611985206604
840,7,2,0,0.7787553071975708
841,0,0,1,0.5951252579689026
842,7,2,0,0.8214364647865295
843,2,9,0,0.42066577076911926
844,1,3,0,0.623166561126709
845,3,3,1,0.6019453406333923
846,2,8,0,0.9597310423851013
847,0,2,0,0.8296671509742737
848,2,2,1,0.5090571641921997
849,4,2,0,0.5837021470069885
850,7,3,0,0.8293064832687378
851,9,3,0,0.5919554829597473
852,8,2,0,0.8429673910140991
853,9,1,0,0.5606203675270081
854,0,2,0,0.5992663502693176
855,7,0,0,0.5865623950958252
856,7,6,0,0.6426363587379456
857,0,2,0,0.4933839738368988
858,7,6,0,0.7596723437309265
859,8,5,0,0.743954598903656
860,4,2,0,0.8499470353126526
861,6,2,0,0.8979870080947876
862,3,3,1,0.48927170038223267
863,3,3,1,0.7048994898796082
864,0,9,0,0.48774072527885437
865,1,2,0,0.832324743270874
866,3,0,0,0.5973414182662964
867,7,2,0,0.6241406798362732
868,0,2,0,0.401339054107666
869,1,2,0,0.7467377185821533
870,3,2,0,0.46847453713417053
871,1,3,0,0.8273746371269226
872,4,2,0,0.4590597450733185
873,2,2,1,0.705739438533783
874,3,3,1,0.6074805855751038
875,8,3,0,0.5607674717903137
876,4,2,0,0.8057382106781006
877,2,3,0,0.815057635307312
878,3,2,0,0.6752578020095825
879,7,8,0,0.8521798253059387
880,8,9,0,0.8734652996063232
881,4,5,0,0.3271835148334503
882,3,2,0,0.6842562556266785
883,0,2,0,0.6446992754936218
884,9,0,0,0.5057151913642883
885,0,2,0,0.8292333483695984
886,0,2,0,0.681780219078064
887,1,2,0,0.877777636051178
888,0,3,0,0.49402570724487305
889,4,2,0,0.5677822232246399
890,4,2,0,0.8278060555458069
891,6,2,0,0.860663652420044
892,7,5,0,0.8133142590522766
893,6,0,0,0.7817574739456177
894,1,3,0,0.42070215940475464
895,1,2,0,0.7469371557235718
896,3,3,1,0.6054694056510925
897,7,2,0,0.6943795084953308
898,3,2,0,0.6773169040679932
899,5,2,0,0.3547700345516205
900,2,8,0,0.8427022099494934
901,6,0,0,0.6834667325019836
902,6,0,0,0.6565433740615845
903,5,3,0,0.7210100889205933
904,8,0,0,0.6917681097984314
905,7,9,0,0.6364828944206238
906,1,2,0,0.8141630291938782
907,6,6,1,0.5227011442184448
908,8,2,0,0.5800923705101013
909,8,2,0,0.692908525466919
910,5,3,0,0.8122594952583313
911,3,2,0,0.744191586971283
912,0,2,0,0.4384058117866516
913,4,2,0,0.8224546313285828
914,0,2,0,0.6974196434020996
915,1,2,0,0.89496910572052
916,3,2,0,0.7466365694999695
917,8,8,1,0.954818069934845
918,8,2,0,0.45727792382240295
919,0,5,0,0.5683807134628296
920,6,6,1,0.6159303188323975
921,9,2,0,0.5476267337799072
922,9,3,0,0.6015439629554749
923,9,2,0,0.7229527831077576
924,5,2,0,0.7360557913780212
925,5,2,0,0.812561571598053
926,8,0,0,0.5198848843574524
927,6,2,0,0.730124831199646
928,0,3,0,0.7761690020561218
929,0,2,0,0.5253573060035706
930,4,2,0,0.9558325409889221
931,2,2,1,0.5377269387245178
932,3,2,0,0.6223164200782776
933,2,2,1,0.5568107962608337
934,7,3,0,0.598933756351471
935,2,2,1,0.5638250112533569
936,2,2,1,0.43930134177207947
937,5,3,0,0.6338813304901123
938,9,5,0,0.6357972025871277
939,8,0,0,0.6884592771530151
940,9,3,0,0.5329204797744751
941,1,2,0,0.8100469708442688
942,7,2,0,0.6625434160232544
943,4,0,0,0.4037204682826996
944,0,3,0,0.6264582872390747
945,3,3,1,0.6360093355178833
946,0,3,0,0.608744740486145
947,1,2,0,0.8902997374534607
948,3,2,0,0.6942786574363708
949,8,3,0,0.7859905362129211
950,3,3,1,0.8923402428627014
951,9,3,0,0.7507266402244568
952,6,3,0,0.5901857614517212
953,1,2,0,0.5567859411239624
954,4,5,0,0.6030863523483276
955,7,5,0,0.5754932165145874
956,0,2,0,0.300935298204422
957,3,9,0,0.5627901554107666
958,7,5,0,0.4304549992084503
959,8,2,0,0.47491174936294556
960,9,5,0,0.6116135120391846
961,1,2,0,0.3732653856277466
962,1,2,0,0.6348913908004761
963,6,3,0,0.6324144601821899
964,6,3,0,0.6305160522460938
965,6,0,0,0.4526316225528717
966,6,6,1,0.42937126755714417
967,9,2,0,0.6281078457832336
968,1,3,0,0.7294811606407166
969,9,2,0,0.6420649290084839
970,9,2,0,0.46666884422302246
971,4,0,0,0.49519872665405273
972,2,0,0,0.5097388029098511
973,1,2,0,0.4676573872566223
974,7,2,0,0.5344870686531067
975,0,2,0,0.8640087246894836
976,6,2,0,0.34732550382614136
977,8,3,0,0.7134279608726501
978,1,9,0,0.7758783102035522
979,9,6,0,0.8047553300857544
980,2,2,1,0.74370938539505
981,9,3,0,0.6849403381347656
982,0,2,0,0.9101558923721313
983,4,4,1,0.4136248230934143
984,7,2,0,0.882893443107605
985,8,2,0,0.623344361782074
986,3,0,0,0.7802103161811829
987,1,3,0,0.49371102452278137
988,2,3,0,0.5476624965667725
989,0,8,0,0.806722104549408
990,1,3,0,0.46801063418388367
991,5,3,0,0.5421085357666016
992,8,3,0,0.8169432878494263
993,4,2,0,0.8462745547294617
994,6,2,0,0.8239704966545105
995,3,2,0,0.5926297903060913
996,8,3,0,0.5378979444503784
997,1,3,0,0.3463174104690552
998,3,2,0,0.9313102960586548
999,8,3,0,0.8167673349380493
1000,5,3,0,0.7578710317611694
1001,0,9,0,0.4484817385673523
1002,8,2,0,0.4625534117221832
1003,4,2,0,0.8314938545227051
1004,8,0,0,0.677553653717041
1005,1,2,0,0.3867691159248352
1006,1,2,0,0.6377936601638794
1007,8,3,0,0.5469918251037598
1008,9,3,0,0.667400062084198
1009,6,2,0,0.7166792154312134
1010,0,2,0,0.6844716668128967
1011,8,3,0,0.7472618222236633
1012,6,0,0,0.7871938943862915
1013,1,5,0,0.6906386613845825
1014,3,2,0,0.9529756307601929
1015,4,3,0,0.32638850808143616
1016,1,3,0,0.6463385820388794
1017,6,3,0,0.535265326499939
1018,0,3,0,0.5356670618057251
1019,5,8,0,0.5149550437927246
1020,1,2,0,0.5754502415657043
1021,1,8,0,0.5573152303695679
1022,0,3,0,0.5582594871520996
1023,0,8,0,0.9365649223327637
1024,3,3,1,0.5749015808105469
1025,5,2,0,0.6646613478660583
1026,0,2,0,0.9039403200149536
1027,0,3,0,0.793502688407898
1028,6,3,0,0.6197260022163391
1029,6,0,0,0.790887713432312
1030,3,3,1,0.6425159573554993
1031,3,2,0,0.48128998279571533
1032,6,2,0,0.6620553135871887
1033,3,3,1,0.9084753394126892
1034,6,6,1,0.7634460926055908
1035,6,9,0,0.610806941986084
1036,0,2,0,0.9335078597068787
1037,7,2,0,0.7021560072898865
1038,2,8,0,0.6752810478210449
1039,2,3,0,0.6179876327514648
1040,7,2,0,0.7845276594161987
1041,5,3,0,0.6254065632820129
1042,5,2,0,0.9173094630241394
1043,2,3,0,0.4919045865535736
1044,8,2,0,0.9310972690582275
1045,5,8,0,0.9122575521469116
1046,2,3,0,0.6241678595542908
1047,1,3,0,0.6258807182312012
1048,1,2,0,0.8299127221107483
1049,4,0,0,0.42313724756240845
1050,3,2,0,0.36006414890289307
1051,2,2,1,0.6226714253425598
1052,0,2,0,0.6579421758651733
1053,3,3,1,0.9072938561439514
1054,1,2,0,0.7206377387046814
1055,5,2,0,0.8527707457542419
1056,3,3,1,0.605010986328125
1057,7,3,0,0.6611413955688477
1058,6,2,0,0.7905250787734985
1059,8,8,1,0.5536655783653259
1060,9,2,0,0.4987715482711792
1061,1,1,1,0.5740659832954407
1062,6,3,0,0.8650617003440857
1063,4,6,0,0.31575319170951843
1064,9,2,0,0.511227011680603
1065,3,3,1,0.7372473478317261
1066,9,2,0,0.448103129863739
1067,0,3,0,0.7563029527664185
1068,9,0,0,0.5562875270843506
1069,6,2,0,0.8602249026298523
1070,3,3,1,0.4781443774700165
1071,6,2,0,0.849895715713501
1072,0,8,0,0.5333682894706726
1073,7,2,0,0.709004819393158
1074,3,2,0,0.4859861731529236
1075,8,6,0,0.5473025441169739
1076,0,2,0,0.44252684712409973
1077,0,3,0,0.5844078660011292
1078,0,3,0,0.6610592007637024
1079,6,8,0,0.6502998471260071
1080,6,2,0,0.8746294379234314
1081,6,0,0,0.8066633343696594
1082,9,9,1,0.7613035440444946
1083,2,3,0,0.4817536175251007
1084,5,3,0,0.457319438457489
1085,4,2,0,0.5323548913002014
1086,4,2,0,0.4420759081840515
1087,6,2,0,0.6026586890220642
1088,3,2,0,0.9208231568336487
1089,6,2,0,0.43030333518981934
1090,0,8,0,0.861993670463562
1091,8,2,0,0.48706725239753723
1092,6,3,0,0.39553722739219666
1093,0,2,0,0.6370287537574768
1094,6,0,0,0.5149094462394714
1095,2,0,0,0.5006681084632874
1096,7,2,0,0.8308331966400146
1097,5,3,0,0.7238673567771912
1098,1,4,0,0.6224061846733093
1099,2,2,1,0.5240219235420227
1100,7,0,0,0.6357353329658508
1101,8,3,0,0.7675098776817322
1102,8,3,0,0.3884561359882355
1103,0,8,0,0.8186479806900024
1104,9,2,0,0.7615921497344971
1105,4,3,0,0.5470418334007263
1106,9,2,0,0.5430350303649902
1107,7,2,0,0.5662806034088135
1108,2,3,0,0.41622841358184814
1109,0,0,1,0.525322675704956
1110,2,0,0,0.8410259485244751
1111,8,2,0,0.5212007761001587
1112,3,2,0,0.802129864692688
1113,8,3,0,0.5792595148086548
1114,9,8,0,0.7945533394813538
1115,1,2,0,0.8303724527359009
1116,5,8,0,0.8294623494148254
1117,5,0,0,0.5851603150367737
1118,4,6,0,0.5071492195129395
1119,7,2,0,0.7742286324501038
1120,5,2,0,0.8009451627731323
1121,3,3,1,0.4725549817085266
1122,8,3,0,0.5818585753440857
1123,3,8,0,0.36603671312332153
1124,3,2,0,0.9191229343414307
1125,6,0,0,0.6016716957092285
1126,2,2,1,0.6180543899536133
1127,8,2,0,0.5302566885948181
1128,4,2,0,0.5772489309310913
1129,3,3,1,0.4726107120513916
1130,7,3,0,0.443230539560318
1131,1,2,0,0.5386748909950256
1132,2,2,1,0.5525768995285034
1133,4,3,0,0.5761281251907349
1134,1,0,0,0.4329587519168854
1135,6,5,0,0.4640588164329529
1136,9,3,0,0.663348376750946
1137,0,2,0,0.5926591753959656
1138,5,2,0,0.8839123845100403
1139,8,3,0,0.6895512938499451
1140,6,2,0,0.7373274564743042
1141,1,3,0,0.7446581125259399
1142,8,2,0,0.6515518426895142
1143,6,3,0,0.7291043996810913
1144,1,2,0,0.6548384428024292
1145,4,3,0,0.5222445726394653
1146,2,2,1,0.9634755849838257
1147,6,2,0,0.43071460723876953
1148,2,2,1,0.8942269682884216
1149,7,6,0,0.6364462375640869
1150,2,2,1,0.5859072208404541
1151,2,3,0,0.3809550702571869
1152,0,0,1,0.8410998582839966
1153,8,0,0,0.6450856328010559
1154,6,3,0,0.6125685572624207
1155,9,3,0,0.5130811929702759
1156,1,2,0,0.699715793132782
1157,7,3,0,0.6034849286079407
1158,1,2,0,0.8997334241867065
1159,8,3,0,0.6506252884864807
1160,8,0,0,0.49969717860221863
1161,0,8,0,0.7461637854576111
1162,7,2,0,0.6909487843513489
1163,3,2,0,0.48591575026512146
1164,8,0,0,0.5404781103134155
1165,0,3,0,0.601255476474762
1166,3,3,1,0.779154360294342
1167,4,2,0,0.8015924096107483
1168,3,0,0,0.7788878083229065
1169,7,3,0,0.6854972839355469
1170,7,2,0,0.9089465737342834
1171,9,3,0,0.38090410828590393
1172,2,0,0,0.8270101547241211
1173,3,2,0,0.46856099367141724
1174,1,3,0,0.7451708316802979
1175,9,2,0,0.894766092300415
1176,1,2,0,0.9189965724945068
1177,9,5,0,0.8190721869468689
1178,6,8,0,0.6102850437164307
1179,3,2,0,0.7326255440711975
1180,3,9,0,0.7875691056251526
1181,3,0,0,0.5352343320846558
1182,1,3,0,0.7184754014015198
1183,0,2,0,0.532052218914032
1184,6,2,0,0.6852753758430481
1185,1,2,0,0.6652505397796631
1186,4,9,0,0.6145706176757812
1187,1,2,0,0.7902991771697998
1188,0,0,1,0.7195056676864624
1189,0,2,0,0.47981736063957214
1190,1,2,0,0.7613776326179504
1191,1,3,0,0.6831321716308594
1192,6,2,0,0.8473303914070129
1193,5,2,0,0.7654561400413513
1194,4,0,0,0.7633357048034668
1195,6,2,0,0.6690197587013245
1196,2,2,1,0.8899197578430176
1197,0,2,0,0.40229713916778564
1198,7,3,0,0.8813121318817139
1199,9,3,0,0.5267314314842224
1200,8,3,0,0.5417131781578064
1201,7,2,0,0.502451479434967
1202,2,1,0,0.46469974517822266
1203,0,2,0,0.6934740543365479
1204,6,2,0,0.459886372089386
1205,8,0,0,0.6366422176361084
1206,1,2,0,0.7841187119483948
1207,4,2,0,0.9212069511413574
1208,3,3,1,0.8019012212753296
1209,7,3,0,0.5508142113685608
1210,0,3,0,0.45999833941459656
1211,6,0,0,0.4489087462425232
1212,1,2,0,0.8089531064033508
1213,8,3,0,0.5581051111221313
1214,5,2,0,0.6079534292221069
1215,7,3,0,0.3825923204421997
1216,8,2,0,0.6341823935508728
1217,4,2,0,0.6904858946800232
1218,8,0,0,0.6075647473335266
1219,3,0,0,0.7076960802078247
1220,9,0,0,0.504122793674469
1221,9,2,0,0.5866920948028564
1222,9,9,1,0.873141884803772
1223,8,2,0,0.719169557094574
1224,7,5,0,0.5301738977432251
1225,6,2,0,0.9005557298660278
1226,6,2,0,0.7753282189369202
1227,3,3,1,0.6693727374076843
1228,5,2,0,0.7265428900718689
1229,1,2,0,0.7145093679428101
1230,5,3,0,0.6295291781425476
1231,9,3,0,0.477019339799881
1232,1,2,0,0.6775492429733276
1233,4,2,0,0.7177770137786865
1234,1,5,0,0.3930734694004059
1235,5,3,0,0.4338941276073456
1236,7,2,0,0.7369247674942017
1237,0,0,1,0.7287917733192444
1238,1,0,0,0.7024262547492981
1239,5,2,0,0.6548413038253784
1240,2,2,1,0.7738876938819885
1241,0,2,0,0.7150938510894775
1242,8,3,0,0.5310377478599548
1243,8,6,0,0.7777377963066101
1244,5,2,0,0.355872243642807
1245,6,3,0,0.6941078305244446
1246,7,3,0,0.686890184879303
1247,3,3,1,0.8611253499984741
1248,2,2,1,0.4803963005542755
1249,4,2,0,0.5253077149391174
1250,7,2,0,0.7313162088394165
1251,2,9,0,0.644752025604248
1252,5,2,0,0.8832205533981323
1253,8,6,0,0.5672464966773987
1254,2,2,1,0.8774581551551819
1255,4,3,0,0.5716785788536072
1256,9,0,0,0.7484500408172607
1257,2,3,0,0.6286084055900574
1258,1,2,0,0.8523979783058167
1259,8,2,0,0.6371046900749207
1260,1,2,0,0.7098935842514038
1261,9,8,0,0.7051185965538025
1262,8,2,0,0.7370030879974365
1263,8,6,0,0.8323618173599243
1264,8,3,0,0.5906429886817932
1265,9,2,0,0.5899945497512817
1266,0,2,0,0.6672516465187073
1267,4,3,0,0.905288815498352
1268,3,8,0,0.8174953460693359
1269,3,2,0,0.5813580751419067
1270,1,2,0,0.5717352628707886
1271,8,3,0,0.560646116733551
1272,4,2,0,0.7744776606559753
1273,6,3,0,0.5869206786155701
1274,3,3,1,0.4751821458339691
1275,3,2,0,0.8992047309875488
1276,5,6,0,0.5391885042190552
1277,2,2,1,0.9226288795471191
1278,2,3,0,0.5769360661506653
1279,8,2,0,0.5334373116493225
1280,3,2,0,0.8102982044219971
1281,8,2,0,0.7428784966468811
1282,9,2,0,0.6296538710594177
1283,5,3,0,0.4444521963596344
1284,8,2,0,0.4252960681915283
1285,9,2,0,0.8298389315605164
1286,8,2,0,0.5326974987983704
1287,9,2,0,0.7411193251609802
1288,1,3,0,0.4803008437156677
1289,6,2,0,0.639212429523468
1290,5,9,0,0.5307336449623108
1291,9,2,0,0.6688061356544495
1292,4,2,0,0.7127212882041931
1293,4,6,0,0.6976732611656189
1294,8,8,1,0.9776003956794739
1295,0,2,0,0.7474960684776306
1296,7,2,0,0.888741135597229
1297,2,3,0,0.48223721981048584
1298,9,3,0,0.4763872027397156
1299,7,3,0,0.9109520316123962
1300,4,2,0,0.673551082611084
1301,1,3,0,0.5771700739860535
1302,6,2,0,0.7829391956329346
1303,4,9,0,0.4685555696487427
1304,4,5,0,0.5949006080627441
1305,9,3,0,0.7048583030700684
1306,1,3,0,0.49071604013442993
1307,2,2,1,0.5248361229896545
1308,5,0,0,0.5614897608757019
1309,6,9,0,0.8201922178268433
1310,0,2,0,0.7755671739578247
1311,8,0,0,0.35045984387397766
1312,6,2,0,0.9033483862876892
1313,1,2,0,0.9197797775268555
1314,9,3,0,0.5136282444000244
1315,4,2,0,0.6958580017089844
1316,5,2,0,0.8439566493034363
1317,9,2,0,0.4953845143318176
1318,5,8,0,0.47145092487335205
1319,0,2,0,0.5695667862892151
1320,7,2,0,0.6225135326385498
1321,2,2,1,0.8464739322662354
1322,0,0,1,0.5997314453125
1323,0,2,0,0.5612576007843018
1324,4,8,0,0.42931535840034485
1325,2,9,0,0.6109988689422607
1326,6,3,0,0.6708346605300903
1327,6,6,1,0.8134068846702576
1328,5,0,0,0.6683545708656311
1329,5,3,0,0.3485255539417267
1330,2,2,1,0.7465464472770691
1331,8,8,1,0.9766764044761658
1332,1,3,0,0.7006849050521851
1333,7,2,0,0.403452605009079
1334,3,2,0,0.8590601086616516
1335,1,3,0,0.5339083075523376
1336,4,2,0,0.8154987692832947
1337,5,3,0,0.4512440860271454
1338,6,3,0,0.5229361057281494
1339,5,3,0,0.7334998846054077
1340,1,2,0,0.634513258934021
1341,4,2,0,0.5414334535598755
1342,7,3,0,0.48428717255592346
1343,0,3,0,0.7430239319801331
1344,9,2,0,0.9075261950492859
1345,4,3,0,0.7517052292823792
1346,3,2,0,0.5646898746490479
1347,8,2,0,0.6934568285942078
1348,2,3,0,0.5398543477058411
1349,8,3,0,0.87080979347229
1350,4,2,0,0.7853168845176697
1351,7,3,0,0.7958360314369202
1352,2,2,1,0.6383728384971619
1353,3,3,1,0.5779930353164673
1354,1,2,0,0.765267014503479
1355,5,2,0,0.8615866899490356
1356,2,3,0,0.5929936766624451
1357,9,3,0,0.6893909573554993
1358,8,3,0,0.7095960378646851
1359,9,2,0,0.6353205442428589
1360,7,2,0,0.4619140923023224
1361,9,3,0,0.7428838610649109
1362,5,8,0,0.9641624689102173
1363,1,2,0,0.5554932355880737
1364,4,2,0,0.8603192567825317
1365,0,2,0,0.859241783618927
1366,8,9,0,0.4965331554412842
1367,2,2,1,0.6958836913108826
1368,3,8,0,0.4340234398841858
1369,8,2,0,0.7745170593261719
1370,9,6,0,0.6811084151268005
1371,1,2,0,0.41951534152030945
1372,1,8,0,0.5934026837348938
1373,3,2,0,0.5087501406669617
1374,2,2,1,0.5077311992645264
1375,4,2,0,0.8367560505867004
1376,9,2,0,0.7526153326034546
1377,3,6,0,0.7472578883171082
1378,1,2,0,0.8517982959747314
1379,7,3,0,0.6005773544311523
1380,4,7,0,0.6255931258201599
1381,6,3,0,0.6932116150856018
1382,2,9,0,0.4907940626144409
1383,8,3,0,0.6002256274223328
1384,9,6,0,0.9007617831230164
1385,5,3,0,0.627162754535675
1386,3,2,0,0.6106320023536682
1387,9,2,0,0.6317328214645386
1388,5,6,0,0.782957136631012
1389,5,3,0,0.7126415967941284
1390,6,2,0,0.8103061318397522
1391,7,2,0,0.9762535095214844
1392,2,9,0,0.6922630667686462
1393,4,3,0,0.7803601026535034
1394,6,2,0,0.7681941986083984
1395,3,5,0,0.6386673450469971
1396,1,6,0,0.8147504925727844
1397,0,3,0,0.6396415829658508
1398,7,8,0,0.9305794835090637
1399,2,3,0,0.3825957477092743
1400,5,0,0,0.6305140256881714
1401,4,2,0,0.3878934979438782
1402,7,3,0,0.6251627206802368
1403,6,3,0,0.6525065302848816
1404,1,2,0,0.5510236024856567
1405,1,3,0,0.5137319564819336
1406,9,9,1,0.5962297916412354
1407,8,8,1,0.8557889461517334
1408,1,2,0,0.6391366124153137
1409,0,3,0,0.7458533644676208
1410,1,3,0,0.5408353805541992
1411,3,2,0,0.8443809747695923
1412,1,2,0,0.9360846281051636
1413,1,3,0,0.48806023597717285
1414,1,2,0,0.8321475386619568
1415,7,3,0,0.49608999490737915
1416,3,3,1,0.7350044250488281
1417,9,9,1,0.6357530355453491
1418,6,2,0,0.6149199604988098
1419,8,6,0,0.38175830245018005
1420,4,2,0,0.8072144985198975
1421,6,2,0,0.9752762317657471
1422,8,2,0,0.7761558890342712
1423,4,2,0,0.7057786583900452
1424,9,2,0,0.6137848496437073
1425,4,2,0,0.9325220584869385
1426,7,2,0,0.7000900506973267
1427,9,6,0,0.6013475656509399
1428,7,0,0,0.5708650350570679
1429,6,6,1,0.3480352759361267
1430,8,5,0,0.5319709181785583
1431,4,2,0,0.5732604265213013
1432,9,2,0,0.7153366208076477
1433,7,1,0,0.5768532752990723
1434,0,3,0,0.6518833637237549
1435,1,2,0,0.7255510091781616
1436,6,2,0,0.5478081703186035
1437,1,2,0,0.7773876190185547
1438,5,5,1,0.7166140079498291
1439,9,3,0,0.5281839966773987
1440,0,2,0,0.8127766847610474
1441,4,3,0,0.47717931866645813
1442,3,2,0,0.6519744992256165
1443,4,3,0,0.5585070848464966
1444,1,2,0,0.8617767691612244
1445,3,2,0,0.9020146727561951
1446,0,3,0,0.45188695192337036
1447,8,2,0,0.6729468107223511
1448,4,2,0,0.41482606530189514
1449,6,3,0,0.8580999970436096
1450,2,2,1,0.604024350643158
1451,2,2,1,0.4401834011077881
1452,6,3,0,0.6345848441123962
1453,5,3,0,0.4049914479255676
1454,3,5,0,0.4102497696876526
1455,6,3,0,0.8114215731620789
1456,2,2,1,0.33393096923828125
1457,1,3,0,0.8454665541648865
1458,1,3,0,0.5550978183746338
1459,8,2,0,0.6979135274887085
1460,6,2,0,0.5152105093002319
1461,0,2,0,0.8217844367027283
1462,4,8,0,0.9215568900108337
1463,0,2,0,0.7178859710693359
1464,1,3,0,0.885143518447876
1465,9,5,0,0.4011363685131073
1466,7,2,0,0.5319575071334839
1467,1,3,0,0.6664514541625977
1468,3,0,0,0.7592959403991699
1469,7,3,0,0.5901331901550293
1470,7,3,0,0.5113767981529236
1471,8,2,0,0.7750957608222961
1472,7,3,0,0.7219262719154358
1473,7,2,0,0.7562224268913269
1474,3,9,0,0.4579007625579834
1475,9,2,0,0.688105046749115
1476,7,2,0,0.9288327693939209
1477,7,5,0,0.7039545774459839
1478,7,2,0,0.9309585094451904
1479,2,2,1,0.5648993253707886
1480,1,3,0,0.7130440473556519
1481,2,2,1,0.4631527066230774
1482,8,3,0,0.5542307496070862
1483,6,8,0,0.8942962288856506
1484,4,8,0,0.8973264098167419
1485,0,3,0,0.6056785583496094
1486,7,3,0,0.5399416089057922
1487,9,3,0,0.5315966606140137
1488,8,2,0,0.8997845649719238
1489,6,3,0,0.7189628481864929
1490,8,2,0,0.8251321911811829
1491,4,3,0,0.531132161617279
1492,9,2,0,0.6242519021034241
1493,1,2,0,0.48457974195480347
1494,7,2,0,0.82816481590271
1495,2,2,1,0.4805508852005005
1496,2,2,1,0.9405311942100525
1497,8,2,0,0.597781240940094
1498,5,3,0,0.6387828588485718
1499,8,2,0,0.7523212432861328
1500,1,2,0,0.8612640500068665
1501,2,6,0,0.8044249415397644
1502,2,3,0,0.4820934236049652
1503,4,3,0,0.7545621991157532
1504,1,3,0,0.4992007315158844
1505,2,5,0,0.47767502069473267
1506,5,3,0,0.7068250179290771
1507,2,3,0,0.5411142110824585
1508,8,3,0,0.7752560973167419
1509,1,3,0,0.7197051048278809
1510,8,6,0,0.788974404335022
1511,1,2,0,0.85523521900177
1512,8,2,0,0.7866530418395996
1513,6,2,0,0.8455030918121338
1514,0,2,0,0.5311627388000488
1515,2,8,0,0.7397350668907166
1516,4,0,0,0.70249342918396
1517,1,3,0,0.8618180751800537
1518,3,3,1,0.6246747374534607
1519,6,2,0,0.48895034193992615
1520,7,3,0,0.6776995658874512
1521,7,2,0,0.902302086353302
1522,4,2,0,0.6119601130485535
1523,4,2,0,0.7535664439201355
1524,3,3,1,0.6191731691360474
1525,3,3,1,0.5917748808860779
1526,4,2,0,0.38060131669044495
1527,5,2,0,0.5926703214645386
1528,2,2,1,0.672988772392273
1529,4,2,0,0.8470877408981323
1530,3,2,0,0.6130703687667847
1531,7,2,0,0.6667248010635376
1532,8,2,0,0.6523403525352478
1533,4,2,0,0.7452123165130615
1534,4,2,0,0.3156733214855194
1535,4,3,0,0.5910776853561401
1536,5,3,0,0.5547206401824951
1537,4,2,0,0.8071709871292114
1538,3,3,1,0.3527075946331024
1539,2,2,1,0.9619938135147095
1540,8,2,0,0.5508662462234497
1541,4,6,0,0.5735780000686646
1542,5,2,0,0.7488337755203247
1543,5,2,0,0.792869508266449
1544,4,3,0,0.590923547744751
1545,1,2,0,0.4655977189540863
1546,4,4,1,0.6991541385650635
1547,2,0,0,0.44523829221725464
1548,5,8,0,0.5998275279998779
1549,1,2,0,0.6290246844291687
1550,6,3,0,0.7996736764907837
1551,4,3,0,0.5667761564254761
1552,3,2,0,0.7843467593193054
1553,4,2,0,0.5858821272850037
1554,4,2,0,0.7368993163108826
1555,0,2,0,0.7789473533630371
1556,8,2,0,0.3310062885284424
1557,8,2,0,0.9043112993240356
1558,4,3,0,0.44801902770996094
1559,5,3,0,0.7653274536132812
1560,7,3,0,0.5202310085296631
1561,5,3,0,0.6663486361503601
1562,6,2,0,0.7617329359054565
1563,9,2,0,0.5019035935401917
1564,1,2,0,0.8159518241882324
1565,6,2,0,0.71649569272995
1566,7,0,0,0.48658791184425354
1567,2,3,0,0.5610284209251404
1568,0,3,0,0.4544428288936615
1569,1,2,0,0.5958853960037231
1570,4,0,0,0.5440482497215271
1571,5,2,0,0.7445600032806396
1572,6,2,0,0.46205490827560425
1573,0,3,0,0.5585194230079651
1574,0,2,0,0.7762075662612915
1575,2,2,1,0.581778883934021
1576,7,2,0,0.7266178727149963
1577,5,3,0,0.5146927237510681
1578,6,2,0,0.797163724899292
1579,0,2,0,0.8965693116188049
1580,6,2,0,0.7522876262664795
1581,2,2,1,0.8365553021430969
1582,9,2,0,0.9212183356285095
1583,1,3,0,0.5948010087013245
1584,7,3,0,0.3937778174877167
1585,7,3,0,0.4795528054237366
1586,5,2,0,0.7275616526603699
1587,2,0,0,0.6845874190330505
1588,5,2,0,0.858485758304596
1589,6,2,0,0.8662112355232239
1590,4,3,0,0.4677392542362213
1591,1,2,0,0.6657079458236694
1592,4,2,0,0.578749418258667
1593,3,3,1,0.6527353525161743
1594,3,2,0,0.5677011013031006
1595,3,2,0,0.6535430550575256
1596,0,3,0,0.7152281403541565
1597,3,2,0,0.6705835461616516
1598,5,0,0,0.5548020005226135
1599,5,3,0,0.7588614821434021
1600,8,8,1,0.4505835175514221
1601,9,5,0,0.43585240840911865
1602,7,3,0,0.7352691292762756
1603,3,3,1,0.6050872802734375
1604,1,2,0,0.5026187896728516
1605,3,3,1,0.4512028992176056
1606,3,3,1,0.4673426151275635
1607,3,3,1,0.5245397090911865
1608,4,8,0,0.6624661684036255
1609,4,8,0,0.3659462034702301
1610,2,2,1,0.5498053431510925
1611,3,3,1,0.6371912956237793
1612,3,2,0,0.7554455399513245
1613,8,6,0,0.6512275338172913
1614,1,2,0,0.6969937086105347
1615,7,2,0,0.8327441215515137
1616,7,2,0,0.49586358666419983
1617,0,3,0,0.6611636877059937
1618,7,2,0,0.5694591999053955
1619,4,3,0,0.5438888669013977
1620,5,2,0,0.5935968160629272
1621,1,3,0,0.45284461975097656
1622,4,0,0,0.46781641244888306
1623,2,6,0,0.5378628969192505
1624,4,0,0,0.504058837890625
1625,3,0,0,0.7263463139533997
1626,9,2,0,0.6668686270713806
1627,9,2,0,0.4843578040599823
1628,4,2,0,0.36300531029701233
1629,9,3,0,0.5008463263511658
1630,9,3,0,0.4001285433769226
1631,1,2,0,0.7105889916419983
1632,8,3,0,0.4556637108325958
1633,1,6,0,0.7290480136871338
1634,6,2,0,0.6271970272064209
1635,7,2,0,0.5751012563705444
1636,5,2,0,0.975043773651123
1637,5,2,0,0.7745729088783264
1638,4,2,0,0.8299838304519653
1639,9,3,0,0.6735103130340576
1640,7,3,0,0.546133279800415
1641,6,2,0,0.7877441048622131
1642,5,2,0,0.8368311524391174
1643,9,2,0,0.807190477848053
1644,2,3,0,0.78502357006073
1645,4,2,0,0.5094106197357178
1646,0,8,0,0.39600345492362976
1647,7,3,0,0.7129276394844055
1648,8,2,0,0.46945881843566895
1649,5,2,0,0.6362285017967224
1650,5,3,0,0.7371840476989746
1651,0,2,0,0.551644504070282
1652,0,0,1,0.8257103562355042
1653,9,2,0,0.7189463973045349
1654,9,2,0,0.9220530390739441
1655,8,2,0,0.5247980356216431
1656,2,2,1,0.8347044587135315
1657,5,3,0,0.7307955026626587
1658,4,2,0,0.890768826007843
1659,8,2,0,0.9001346230506897
1660,3,9,0,0.5886278748512268
1661,6,2,0,0.5912154912948608
1662,3,3,1,0.3784596025943756
1663,6,2,0,0.9895884990692139
1664,0,2,0,0.9383676648139954
1665,6,2,0,0.9820388555526733
1666,6,3,0,0.6113272905349731
1667,6,2,0,0.7679656147956848
1668,9,8,0,0.4632595181465149
1669,6,2,0,0.959354817867279
1670,6,2,0,0.9619323015213013
1671,8,3,0,0.6421287059783936
1672,6,2,0,0.7238319516181946
1673,2,6,0,0.6060571074485779
1674,4,2,0,0.584379255771637
1675,5,2,0,0.7627332806587219
1676,8,0,0,0.6056699156761169
1677,1,8,0,0.6195441484451294
1678,2,3,0,0.7629181742668152
1679,7,5,0,0.7201317548751831
1680,6,2,0,0.5316725969314575
1681,5,2,0,0.863985538482666
1682,7,3,0,0.6107614040374756
1683,8,2,0,0.4136241376399994
1684,1,3,0,0.690290093421936
1685,8,3,0,0.7194592952728271
1686,0,2,0,0.4741925895214081
1687,8,3,0,0.5215626955032349
1688,6,2,0,0.6857774257659912
1689,9,2,0,0.8310440182685852
1690,2,3,0,0.34164249897003174
1691,8,0,0,0.7605133652687073
1692,9,9,1,0.7004695534706116
1693,4,2,0,0.5309736132621765
1694,0,0,1,0.42988845705986023
1695,9,8,0,0.7059615254402161
1696,4,2,0,0.4495003819465637
1697,9,3,0,0.8069912195205688
1698,5,3,0,0.49669504165649414
1699,7,3,0,0.6809054017066956
1700,5,4,0,0.4979383647441864
1701,5,2,0,0.8074214458465576
1702,9,2,0,0.7744731903076172
1703,5,2,0,0.6168824434280396
1704,3,2,0,0.3933575451374054
1705,0,2,0,0.7783797979354858
1706,1,2,0,0.5176920890808105
1707,9,2,0,0.8879730701446533
1708,7,2,0,0.7367745041847229
1709,2,2,1,0.8287586569786072
1710,4,0,0,0.6594144701957703
1711,1,2,0,0.8324211239814758
1712,0,0,1,0.5242462754249573
1713,8,2,0,0.7719910144805908
1714,0,2,0,0.850741446018219
1715,3,2,0,0.6369942426681519
1716,1,2,0,0.7846551537513733
1717,7,2,0,0.7506594061851501
1718,0,8,0,0.7559451460838318
1719,0,7,0,0.626645565032959
1720,4,3,0,0.7220244407653809
1721,8,2,0,0.9541007280349731
1722,6,2,0,0.9232214093208313
1723,2,1,0,0.6841607093811035
1724,4,8,0,0.7043008804321289
1725,0,2,0,0.4296819269657135
1726,0,2,0,0.8108507990837097
1727,9,2,0,0.49543672800064087
1728,0,3,0,0.9097436666488647
1729,8,8,1,0.9554429650306702
1730,4,8,0,0.6103833913803101
1731,5,2,0,0.5816314220428467
1732,9,3,0,0.7619593143463135
1733,3,2,0,0.8564191460609436
1734,9,3,0,0.6562051773071289
1735,0,9,0,0.5842180252075195
1736,5,3,0,0.5073668956756592
1737,6,3,0,0.5009183287620544
1738,5,3,0,0.6160222291946411
1739,0,3,0,0.4806516468524933
1740,1,2,0,0.8243752717971802
1741,4,2,0,0.7694864869117737
1742,8,2,0,0.8841997385025024
1743,1,2,0,0.89732825756073
1744,0,2,0,0.400321364402771
1745,5,2,0,0.6289723515510559
1746,2,2,1,0.8423376083374023
1747,1,2,0,0.6036495566368103
1748,0,3,0,0.4345570504665375
1749,2,9,0,0.783234179019928
1750,8,2,0,0.49738991260528564
1751,1,3,0,0.6255329251289368
1752,5,8,0,0.8171819448471069
1753,6,2,0,0.7721277475357056
1754,7,2,0,0.8610239624977112
1755,7,2,0,0.9811139106750488
1756,2,2,1,0.5733017921447754
1757,6,3,0,0.37683650851249695
1758,2,3,0,0.7153444290161133
1759,5,3,0,0.6337351202964783
1760,0,2,0,0.7274543046951294
1761,1,2,0,0.5120768547058105
1762,4,2,0,0.6896116137504578
1763,2,3,0,0.562587320804596
1764,5,2,0,0.4885070323944092
1765,4,2,0,0.4265732169151306
1766,6,8,0,0.7574999332427979
1767,2,3,0,0.30039462447166443
1768,2,2,1,0.6421193480491638
1769,1,2,0,0.4980681538581848
1770,7,2,0,0.6795849800109863
1771,2,2,1,0.49688348174095154
1772,8,2,0,0.87659752368927
1773,5,3,0,0.6212910413742065
1774,5,3,0,0.791790783405304
1775,3,6,0,0.4894098937511444
1776,0,2,0,0.48210451006889343
1777,4,0,0,0.5760462284088135
1778,8,0,0,0.52250736951828
1779,3,3,1,0.5706124305725098
1780,7,6,0,0.6430371999740601
1781,6,2,0,0.6645682454109192
1782,3,6,0,0.6461542844772339
1783,8,9,0,0.5751931071281433
1784,1,2,0,0.79876309633255
1785,0,2,0,0.8566354513168335
1786,1,2,0,0.8521960377693176
1787,3,2,0,0.6218933463096619
1788,3,2,0,0.7754918336868286
1789,0,3,0,0.7919730544090271
1790,7,3,0,0.4086894989013672
1791,4,0,0,0.63356614112854
1792,9,2,0,0.6966462731361389
1793,5,6,0,0.5863721370697021
1794,3,3,1,0.660564661026001
1795,6,6,1,0.8010549545288086
1796,0,2,0,0.5668213367462158
1797,1,2,0,0.5420490503311157
1798,4,2,0,0.6869296431541443
1799,4,3,0,0.44709089398384094
1800,4,9,0,0.8939443230628967
1801,4,6,0,0.6571265459060669
1802,2,2,1,0.567503035068512
1803,2,2,1,0.9182669520378113
1804,5,2,0,0.5179347991943359
1805,8,3,0,0.421627402305603
1806,1,2,0,0.8305659294128418
1807,5,3,0,0.5416939854621887
1808,9,9,1,0.5292134881019592
1809,8,3,0,0.688525378704071
1810,1,2,0,0.6179298758506775
1811,1,0,0,0.6650112271308899
1812,5,2,0,0.7706354260444641
1813,3,2,0,0.8162990212440491
1814,9,2,0,0.5493028163909912
1815,9,2,0,0.43211308121681213
1816,7,2,0,0.4389827847480774
1817,6,2,0,0.8981950283050537
1818,5,2,0,0.3276298940181732
1819,0,2,0,0.4038366973400116
1820,8,2,0,0.8007498383522034
1821,4,3,0,0.3375757038593292
1822,7,2,0,0.5743826031684875
1823,0,2,0,0.6937484741210938
1824,9,2,0,0.8633208274841309
1825,2,3,0,0.6327017545700073
1826,8,6,0,0.6386056542396545
1827,4,2,0,0.7922326326370239
1828,7,2,0,0.7840263247489929
1829,1,2,0,0.8429647088050842
1830,3,2,0,0.7370330095291138
1831,9,9,1,0.6761685013771057
1832,6,2,0,0.5171752572059631
1833,8,9,0,0.6816166639328003
1834,9,2,0,0.8564432859420776
1835,0,2,0,0.629603922367096
1836,4,2,0,0.35729286074638367
1837,9,2,0,0.7211093902587891
1838,6,2,0,0.6337001323699951
1839,7,2,0,0.5292927026748657
1840,8,2,0,0.808710515499115
1841,9,2,0,0.6078035235404968
1842,4,3,0,0.5164207220077515
1843,8,2,0,0.4828107953071594
1844,9,7,0,0.3508654534816742
1845,7,2,0,0.6030349731445312
1846,2,2,1,0.8089504837989807
1847,5,2,0,0.8092809319496155
1848,3,6,0,0.6607101559638977
1849,7,2,0,0.7323923110961914
1850,1,3,0,0.5384507775306702
1851,0,0,1,0.3306063413619995
1852,2,2,1,0.9306103587150574
1853,9,2,0,0.7987847924232483
1854,5,2,0,0.8115730285644531
1855,5,3,0,0.6901064515113831
1856,8,3,0,0.5393925309181213
1857,5,2,0,0.39265570044517517
1858,4,3,0,0.6723313331604004
1859,2,2,1,0.5902477502822876
1860,8,2,0,0.6784579157829285
1861,3,3,1,0.6162183880805969
1862,5,3,0,0.8145889639854431
1863,5,3,0,0.5876863598823547
1864,7,3,0,0.47759678959846497
1865,7,3,0,0.5741980671882629
1866,8,2,0,0.6771354079246521
1867,6,3,0,0.5272824168205261
1868,2,2,1,0.47230416536331177
1869,8,2,0,0.7174967527389526
1870,2,8,0,0.7023348808288574
1871,3,3,1,0.464129775762558
1872,5,9,0,0.7633901238441467
1873,6,2,0,0.5460326671600342
1874,8,3,0,0.5773875713348389
1875,0,3,0,0.3881012797355652
1876,2,2,1,0.6418296098709106
1877,3,2,0,0.7910909652709961
1878,7,2,0,0.7421117424964905
1879,0,2,0,0.6874238848686218
1880,1,8,0,0.7888774871826172
1881,9,2,0,0.8580875396728516
1882,1,2,0,0.7475718855857849
1883,3,2,0,0.5743242502212524
1884,7,0,0,0.455605685710907
1885,5,2,0,0.750999391078949
1886,8,2,0,0.5663338899612427
1887,3,2,0,0.7225407958030701
1888,2,1,0,0.3147633671760559
1889,9,2,0,0.49051183462142944
1890,6,3,0,0.6305177807807922
1891,8,2,0,0.775414764881134
1892,6,3,0,0.6886780858039856
1893,9,3,0,0.6254811882972717
1894,3,3,1,0.4921349585056305
1895,8,3,0,0.705312192440033
1896,9,8,0,0.8176987767219543
1897,8,2,0,0.7244674563407898
1898,0,2,0,0.6155663132667542
1899,7,3,0,0.4190174639225006
1900,8,2,0,0.636716902256012
1901,5,5,1,0.5505278706550598
1902,0,3,0,0.9217873215675354
1903,0,8,0,0.6771453619003296
1904,1,0,0,0.5418480038642883
1905,3,2,0,0.8698009848594666
1906,9,3,0,0.637697160243988
1907,1,2,0,0.47988221049308777
1908,5,2,0,0.8506281971931458
1909,3,2,0,0.6231173276901245
1910,4,2,0,0.7181415557861328
1911,4,3,0,0.7896817922592163
1912,0,4,0,0.4801778197288513
1913,9,9,1,0.5938122868537903
1914,9,3,0,0.7273324728012085
1915,9,2,0,0.7682536840438843
1916,9,5,0,0.5062751173973083
1917,8,2,0,0.7237624526023865
1918,2,3,0,0.6576519012451172
1919,4,2,0,0.9256734848022461
1920,2,2,1,0.857101559638977
1921,2,3,0,0.722042441368103
1922,5,2,0,0.480431467294693
1923,1,3,0,0.6997093558311462
1924,9,9,1,0.51169753074646
1925,1,2,0,0.5935999155044556
1926,0,6,0,0.5820181369781494
1927,9,3,0,0.5124026536941528
1928,4,2,0,0.3803726136684418
1929,2,2,1,0.7821012139320374
1930,1,5,0,0.8428211808204651
1931,6,5,0,0.6630706787109375
1932,0,3,0,0.6721137166023254
1933,3,2,0,0.43012964725494385
1934,7,3,0,0.6247988343238831
1935,6,0,0,0.6344040036201477
1936,3,6,0,0.7128464579582214
1937,1,2,0,0.633759617805481
1938,8,9,0,0.6395182013511658
1939,6,3,0,0.7982507944107056
1940,5,2,0,0.9699581861495972
1941,7,2,0,0.7258354425430298
1942,2,8,0,0.9329143166542053
1943,8,0,0,0.7824709415435791
1944,4,2,0,0.32296618819236755
1945,4,2,0,0.6399030089378357
1946,8,2,0,0.8665934801101685
1947,3,2,0,0.5632945895195007
1948,5,2,0,0.4747219681739807
1949,0,3,0,0.43880030512809753
1950,5,0,0,0.6513800621032715
1951,7,9,0,0.7171320915222168
1952,4,2,0,0.9607040286064148
1953,4,2,0,0.45750856399536133
1954,2,3,0,0.5556326508522034
1955,2,5,0,0.43229159712791443
1956,7,3,0,0.7896522879600525
1957,3,3,1,0.3981117606163025
1958,6,3,0,0.7832080125808716
1959,0,2,0,0.9149880409240723
1960,2,2,1,0.8047221899032593
1961,7,3,0,0.44238051772117615
1962,6,3,0,0.7246511578559875
1963,2,2,1,0.5914276242256165
1964,3,3,1,0.6142298579216003
1965,0,0,1,0.5629184246063232
1966,7,2,0,0.8364393711090088
1967,7,3,0,0.6702858209609985
1968,8,0,0,0.5482784509658813
1969,1,2,0,0.8665716052055359
1970,1,2,0,0.6695135831832886
1971,4,2,0,0.8780373334884644
1972,6,2,0,0.5773853659629822
1973,0,2,0,0.7330718040466309
1974,6,3,0,0.6594608426094055
1975,6,3,0,0.8034857511520386
1976,5,2,0,0.571674644947052
1977,5,3,0,0.5800130367279053
1978,6,3,0,0.8045501112937927
1979,3,3,1,0.43109700083732605
1980,9,3,0,0.45451587438583374
1981,3,3,1,0.7963050603866577
1982,6,2,0,0.8661065101623535
1983,8,2,0,0.7848720550537109
1984,7,2,0,0.795111894607544
1985,6,2,0,0.8606952428817749
1986,4,3,0,0.7601234316825867
1987,9,3,0,0.5053728818893433
1988,5,3,0,0.4200769364833832
1989,6,2,0,0.6536308526992798
1990,4,5,0,0.5207056403160095
1991,1,2,0,0.6082795262336731
1992,6,2,0,0.4747071862220764
1993,3,3,1,0.533937394618988
1994,8,2,0,0.7806302309036255
1995,2,6,0,0.6165062189102173
1996,3,3,1,0.7713776230812073
1997,9,3,0,0.8634830713272095
1998,8,2,0,0.7100538611412048
1999,5,9,0,0.4580991268157959
2000,1,3,0,0.7869366407394409
2001,5,2,0,0.8763230443000793
2002,4,2,0,0.564370334148407
2003,5,6,0,0.6648045182228088
2004,7,2,0,0.7913172841072083
2005,5,2,0,0.8950394988059998
2006,7,2,0,0.41497600078582764
2007,8,2,0,0.9038984179496765
2008,9,0,0,0.7352809309959412
2009,1,2,0,0.48621079325675964
2010,7,3,0,0.8055482506752014
2011,2,6,0,0.360590398311615
2012,5,0,0,0.501156210899353
2013,6,2,0,0.7889803051948547
2014,8,3,0,0.6872572898864746
2015,4,2,0,0.8050191402435303
2016,6,2,0,0.5786517858505249
2017,5,2,0,0.6389201283454895
2018,3,2,0,0.620506227016449
2019,9,2,0,0.6641532778739929
2020,9,2,0,0.4547746181488037
2021,8,3,0,0.49327823519706726
2022,5,2,0,0.7825624942779541
2023,5,2,0,0.5071286559104919
2024,6,2,0,0.4919639229774475
2025,4,2,0,0.8268071413040161
2026,5,3,0,0.8896973729133606
2027,9,2,0,0.7780365943908691
2028,7,9,0,0.7623355984687805
2029,3,2,0,0.631003201007843
2030,4,3,0,0.6331973671913147
2031,1,3,0,0.6942207217216492
2032,4,2,0,0.6933978796005249
2033,2,2,1,0.9655504822731018
2034,3,2,0,0.5782935619354248
2035,6,3,0,0.5272484421730042
2036,5,2,0,0.5319203734397888
2037,5,2,0,0.934511661529541
2038,2,3,0,0.6483441591262817
2039,8,2,0,0.46229881048202515
2040,0,2,0,0.7484609484672546
2041,0,2,0,0.5746815800666809
2042,1,2,0,0.5553140640258789
2043,8,4,0,0.3332842290401459
2044,3,8,0,0.47634485363960266
2045,1,5,0,0.650635302066803
2046,3,3,1,0.3206636607646942
2047,5,3,0,0.7529067993164062
2048,8,2,0,0.8197457790374756
2049,3,2,0,0.4754621088504791
2050,8,2,0,0.7762978076934814
2051,5,8,0,0.3037024438381195
2052,8,3,0,0.5534008741378784
2053,6,3,0,0.594128429889679
2054,3,8,0,0.6571298241615295
2055,5,3,0,0.5856973528862
2056,5,0,0,0.41765469312667847
2057,5,3,0,0.5732743740081787
2058,0,2,0,0.4868623614311218
2059,9,3,0,0.8280791640281677
2060,5,1,0,0.6679879426956177
2061,5,6,0,0.5806531310081482
2062,7,9,0,0.5320239663124084
2063,1,3,0,0.513027548789978
2064,8,3,0,0.403618723154068
2065,2,2,1,0.7152547240257263
2066,2,3,0,0.6611151695251465
2067,7,2,0,0.7114938497543335
2068,3,0,0,0.9007300734519958
2069,4,3,0,0.6706424951553345
2070,2,3,0,0.7787548303604126
2071,9,9,1,0.6960699558258057
2072,6,2,0,0.5655222535133362
2073,2,3,0,0.774932324886322
2074,2,3,0,0.6788803339004517
2075,4,2,0,0.795275866985321
2076,3,2,0,0.5790290236473083
2077,0,2,0,0.6242744326591492
2078,2,2,1,0.41380736231803894
2079,0,2,0,0.6321082711219788
2080,1,6,0,0.6206953525543213
2081,3,3,1,0.7395439743995667
2082,2,0,0,0.4088698923587799
2083,2,8,0,0.881842315196991
2084,7,3,0,0.5792459845542908
2085,0,3,0,0.6388717293739319
2086,1,3,0,0.6012239456176758
2087,0,3,0,0.5703627467155457
2088,7,2,0,0.8167983293533325
2089,7,2,0,0.5744859576225281
2090,2,8,0,0.6884526610374451
2091,0,2,0,0.5683402419090271
2092,1,2,0,0.5887987017631531
2093,6,2,0,0.525227427482605
2094,5,3,0,0.63204026222229
2095,0,3,0,0.4772152602672577
2096,2,2,1,0.5473647713661194
2097,2,3,0,0.7588952779769897
2098,0,3,0,0.4467811584472656
2099,1,2,0,0.9544178247451782
2100,2,2,1,0.681216835975647
2101,6,2,0,0.711207926273346
2102,0,3,0,0.5458043217658997
2103,1,9,0,0.4791759252548218
2104,6,2,0,0.46869561076164246
2105,6,5,0,0.6773619651794434
2106,5,2,0,0.6132907271385193
2107,3,3,1,0.6512032747268677
2108,4,3,0,0.42181387543678284
2109,0,0,1,0.8244608044624329
2110,0,2,0,0.7727376818656921
2111,9,3,0,0.5260939002037048
2112,1,1,1,0.6355595588684082
2113,0,2,0,0.5917646884918213
2114,2,3,0,0.7797447443008423
2115,5,2,0,0.6622347235679626
2116,9,9,1,0.45971181988716125
2117,7,2,0,0.8008043169975281
2118,8,4,0,0.5402625799179077
2119,6,2,0,0.5146388411521912
2120,4,2,0,0.7058936357498169
2121,6,0,0,0.5344880819320679
2122,0,2,0,0.5036182999610901
2123,2,2,1,0.7729682922363281
2124,0,8,0,0.9620067477226257
2125,1,2,0,0.6990981101989746
2126,9,0,0,0.6019579768180847
2127,2,2,1,0.8574653267860413
2128,4,2,0,0.382194846868515
2129,9,2,0,0.6658911108970642
2130,0,0,1,0.35826483368873596
2131,7,3,0,0.7138553857803345
2132,2,2,1,0.7357031106948853
2133,3,3,1,0.5380874872207642
2134,4,2,0,0.815247118473053
2135,8,0,0,0.7844172120094299
2136,0,2,0,0.5913124680519104
2137,2,9,0,0.7069386839866638
2138,6,3,0,0.7105990648269653
2139,8,2,0,0.8872512578964233
2140,9,3,0,0.7271414995193481
2141,7,6,0,0.5875034928321838
2142,1,2,0,0.7895849943161011
2143,9,0,0,0.8822111487388611
2144,3,0,0,0.7396073937416077
2145,7,2,0,0.844101071357727
2146,2,3,0,0.717962920665741
2147,7,6,0,0.7138119339942932
2148,9,3,0,0.679734468460083
2149,6,2,0,0.8009137511253357
2150,9,3,0,0.30179518461227417
2151,5,2,0,0.8449419140815735
2152,7,9,0,0.7314937710762024
2153,8,0,0,0.574882984161377
2154,5,3,0,0.6770024299621582
2155,9,0,0,0.6690952777862549
2156,8,6,0,0.7397323846817017
2157,3,2,0,0.761502742767334
2158,9,3,0,0.5734198093414307
2159,8,6,0,0.4652208685874939
2160,0,0,1,0.7290736436843872
2161,5,2,0,0.8315433859825134
2162,5,2,0,0.6192386746406555
2163,7,6,0,0.6278462409973145
2164,1,3,0,0.6804516911506653
2165,2,2,1,0.3008212149143219
2166,0,3,0,0.5596258640289307
2167,7,3,0,0.5837227702140808
2168,5,2,0,0.6305893659591675
2169,8,0,0,0.6229917407035828
2170,2,2,1,0.5697154998779297
2171,2,3,0,0.6609596610069275
2172,5,3,0,0.39319169521331787
2173,3,2,0,0.8952553868293762
2174,9,8,0,0.7829818725585938
2175,3,2,0,0.6336115598678589
2176,1,2,0,0.7864123582839966
2177,9,2,0,0.5565518140792847
2178,3,6,0,0.6575882434844971
2179,1,2,0,0.517877995967865
2180,4,3,0,0.5068320035934448
2181,3,3,1,0.554053544998169
2182,4,0,0,0.7085505127906799
2183,4,8,0,0.9911785125732422
2184,9,2,0,0.5926424860954285
2185,0,2,0,0.7371018528938293
2186,9,3,0,0.5928215384483337
2187,5,3,0,0.6750246286392212
2188,9,2,0,0.8767083883285522
2189,2,2,1,0.7969610095024109
2190,9,3,0,0.7178754210472107
2191,4,3,0,0.6334471702575684
2192,0,2,0,0.4662929177284241
2193,2,8,0,0.7669322490692139
2194,8,3,0,0.7697811722755432
2195,4,2,0,0.6366899609565735
2196,8,3,0,0.7880855798721313
2197,6,8,0,0.3847622871398926
2198,8,3,0,0.7584492564201355
2199,2,3,0,0.6478868126869202
2200,0,2,0,0.7455818057060242
2201,5,2,0,0.5518375039100647
2202,9,5,0,0.7148131728172302
2203,6,3,0,0.6285172700881958
2204,9,2,0,0.933025062084198
2205,5,3,0,0.5433902740478516
2206,1,3,0,0.733328640460968
2207,3,0,0,0.6074993014335632
2208,4,3,0,0.6009178161621094
2209,4,2,0,0.9149409532546997
2210,2,5,0,0.4919198453426361
2211,7,2,0,0.4566684067249298
2212,2,2,1,0.9231241345405579
2213,4,2,0,0.789965033531189
2214,4,2,0,0.7740052342414856
2215,0,9,0,0.5366407036781311
2216,2,3,0,0.7440775036811829
2217,8,3,0,0.5475938320159912
2218,4,6,0,0.7325587868690491
2219,5,3,0,0.4777141809463501
2220,1,5,0,0.5723928213119507
2221,2,9,0,0.6816700100898743
2222,6,2,0,0.8211246132850647
2223,8,2,0,0.5391700267791748
2224,1,2,0,0.5234211683273315
2225,7,3,0,0.5278146266937256
2226,2,2,1,0.8497461676597595
2227,8,2,0,0.8953208327293396
2228,7,2,0,0.6576620936393738
2229,4,0,0,0.5355314612388611
2230,3,0,0,0.5180926322937012
2231,3,2,0,0.9350851774215698
2232,0,3,0,0.5578646063804626
2233,3,3,1,0.5216980576515198
2234,7,9,0,0.7203238010406494
2235,2,2,1,0.8856990337371826
2236,5,3,0,0.4253443479537964
2237,6,2,0,0.5135849714279175
2238,1,2,0,0.7199691534042358
2239,7,4,0,0.5658816695213318
2240,9,3,0,0.5788795351982117
2241,0,0,1,0.7809783220291138
2242,2,2,1,0.7016270160675049
2243,3,8,0,0.6790001392364502
2244,9,2,0,0.6092330813407898
2245,8,2,0,0.6335745453834534
2246,9,2,0,0.6998383402824402
2247,5,2,0,0.5563070774078369
2248,0,3,0,0.6290989518165588
2249,0,3,0,0.7642893195152283
2250,7,3,0,0.7602314949035645
2251,6,8,0,0.7506512403488159
2252,3,2,0,0.4402221441268921
2253,3,3,1,0.7769998908042908
2254,8,2,0,0.8089615702629089
2255,1,2,0,0.5411317944526672
2256,4,3,0,0.703001081943512
2257,0,3,0,0.6139559149742126
2258,1,2,0,0.4885357618331909
2259,5,8,0,0.5336225628852844
2260,4,8,0,0.7717719078063965
2261,3,9,0,0.8357314467430115
2262,2,2,1,0.5811944603919983
2263,6,2,0,0.5449267029762268
2264,0,2,0,0.6851322054862976
2265,8,2,0,0.48471972346305847
2266,8,2,0,0.5629955530166626
2267,6,3,0,0.7154304385185242
2268,3,8,0,0.5720707774162292
2269,3,3,1,0.8825257420539856
2270,2,3,0,0.4474659264087677
2271,9,2,0,0.8306850790977478
2272,7,0,0,0.6818232536315918
2273,5,3,0,0.5933966636657715
2274,1,2,0,0.7762871980667114
2275,6,2,0,0.7266616821289062
2276,0,2,0,0.8856664896011353
2277,5,3,0,0.6442949175834656
2278,9,9,1,0.7140951156616211
2279,9,3,0,0.5075931549072266
2280,4,1,0,0.6018638610839844
2281,5,3,0,0.7821020483970642
2282,9,8,0,0.7645995616912842
2283,4,9,0,0.8106252551078796
2284,8,3,0,0.5641003251075745
2285,3,3,1,0.773608386516571
2286,3,5,0,0.5719137191772461
2287,2,3,0,0.5758630037307739
2288,5,4,0,0.5551833510398865
2289,1,6,0,0.768932044506073
2290,9,2,0,0.9360916614532471
2291,5,2,0,0.5600976347923279
2292,5,2,0,0.929899275302887
2293,8,3,0,0.6314219832420349
2294,1,8,0,0.5717734694480896
2295,8,2,0,0.4347190260887146
2296,9,2,0,0.7248790264129639
2297,7,2,0,0.9055894613265991
2298,0,3,0,0.3617493212223053
2299,6,2,0,0.7673192024230957
2300,3,2,0,0.7289289832115173
2301,2,2,1,0.953185498714447
2302,0,9,0,0.6815344095230103
2303,2,9,0,0.5299403071403503
2304,6,2,0,0.8086028695106506
2305,9,3,0,0.6120619773864746
2306,3,2,0,0.857674777507782
2307,9,6,0,0.6787385940551758
2308,1,3,0,0.650099515914917
2309,6,3,0,0.527600884437561
2310,6,2,0,0.7922371625900269
2311,7,9,0,0.5849573612213135
2312,2,9,0,0.7889465689659119
2313,6,6,1,0.6497697830200195
2314,3,3,1,0.6784398555755615
2315,2,3,0,0.8287906646728516
2316,5,3,0,0.6651825904846191
2317,5,3,0,0.6193234920501709
2318,2,2,1,0.8141770958900452
2319,7,3,0,0.44008567929267883
2320,5,2,0,0.5898095369338989
2321,2,3,0,0.753017783164978
2322,0,2,0,0.4103703200817108
2323,8,2,0,0.8004381656646729
2324,0,0,1,0.6714321970939636
2325,7,2,0,0.6888329982757568
2326,7,3,0,0.517403244972229
2327,1,2,0,0.6725279688835144
2328,7,2,0,0.8160605430603027
2329,4,6,0,0.44689059257507324
2330,0,0,1,0.7421334385871887
2331,2,2,1,0.6224850416183472
2332,2,2,1,0.38968512415885925
2333,6,6,1,0.5873311161994934
2334,1,2,0,0.8206873536109924
2335,5,2,0,0.8577292561531067
2336,9,2,0,0.8732688426971436
2337,7,3,0,0.7792404890060425
2338,6,3,0,0.44310805201530457
2339,2,9,0,0.6221398115158081
2340,7,3,0,0.5155724287033081
2341,0,2,0,0.8465045094490051
2342,5,3,0,0.6275861859321594
2343,6,2,0,0.6451762318611145
2344,0,2,0,0.5057107210159302
2345,1,3,0,0.9209344983100891
2346,1,2,0,0.9427518248558044
2347,8,2,0,0.9339707493782043
2348,4,2,0,0.6196156740188599
2349,5,0,0,0.8984135389328003
2350,3,8,0,0.4691946804523468
2351,1,2,0,0.6007803082466125
2352,2,1,0,0.48486989736557007
2353,4,2,0,0.6387944221496582
2354,8,2,0,0.5488049387931824
2355,9,2,0,0.8751636743545532
2356,8,3,0,0.5226521492004395
2357,1,2,0,0.4315788149833679
2358,7,2,0,0.4868716895580292
2359,2,0,0,0.5010156035423279
2360,7,3,0,0.5995477437973022
2361,2,3,0,0.48040932416915894
2362,3,4,0,0.35608699917793274
2363,2,2,1,0.5648438334465027
2364,6,0,0,0.7069301605224609
2365,7,0,0,0.4202961027622223
2366,9,2,0,0.5399913787841797
2367,4,2,0,0.6919716000556946
2368,0,3,0,0.5205070972442627
2369,1,0,0,0.7509060502052307
2370,0,2,0,0.8537011742591858
2371,4,2,0,0.7447302341461182
2372,5,2,0,0.7256813049316406
2373,0,3,0,0.4731897711753845
2374,8,2,0,0.6019788980484009
2375,0,2,0,0.7280358672142029
2376,7,6,0,0.49051007628440857
2377,6,9,0,0.7703092694282532
2378,1,3,0,0.43140727281570435
2379,0,2,0,0.8946724534034729
2380,8,3,0,0.506706953048706
2381,5,2,0,0.4489925801753998
2382,9,9,1,0.8142184615135193
2383,2,8,0,0.8928612470626831
2384,5,2,0,0.6274191737174988
2385,4,2,0,0.583616316318512
2386,4,3,0,0.44646596908569336
2387,9,8,0,0.5685606002807617
2388,0,6,0,0.6400242447853088
2389,6,3,0,0.6455715894699097
2390,1,3,0,0.7668737173080444
2391,2,2,1,0.7832129597663879
2392,5,2,0,0.541746199131012
2393,1,0,0,0.5175569653511047
2394,6,3,0,0.6519201993942261
2395,7,3,0,0.6162626147270203
2396,1,3,0,0.8212149143218994
2397,5,3,0,0.7453490495681763
2398,8,2,0,0.5632417798042297
2399,8,2,0,0.5632694363594055
2400,0,3,0,0.5262288451194763
2401,3,2,0,0.8814223408699036
2402,9,2,0,0.8592970967292786
2403,4,2,0,0.4928875267505646
2404,0,2,0,0.7237906455993652
2405,3,3,1,0.7604366540908813
2406,4,3,0,0.5459370613098145
2407,9,0,0,0.6421092748641968
2408,2,3,0,0.5722991824150085
2409,4,2,0,0.9733728170394897
2410,3,1,0,0.5111751556396484
2411,0,8,0,0.8815598487854004
2412,6,2,0,0.8700916171073914
2413,4,2,0,0.827185332775116
2414,5,3,0,0.7294464111328125
2415,6,0,0,0.46501001715660095
2416,6,2,0,0.8197941780090332
2417,7,3,0,0.5368269085884094
2418,8,2,0,0.9485882520675659
2419,4,2,0,0.617262601852417
2420,8,2,0,0.6483370661735535
2421,8,3,0,0.5200719237327576
2422,3,2,0,0.5669865608215332
2423,2,8,0,0.7315346002578735
2424,8,2,0,0.7888190150260925
2425,0,2,0,0.6677619218826294
2426,2,2,1,0.8803406357765198
2427,5,3,0,0.4579242765903473
2428,6,6,1,0.48778030276298523
2429,8,2,0,0.7839833498001099
2430,7,2,0,0.9126650094985962
2431,8,2,0,0.7671321034431458
2432,9,3,0,0.642018735408783
2433,9,3,0,0.654206395149231
2434,0,2,0,0.6800960302352905
2435,6,2,0,0.952363133430481
2436,6,2,0,0.8636715412139893
2437,8,2,0,0.7094060778617859
2438,1,2,0,0.6347534656524658
2439,1,3,0,0.6430652737617493
2440,7,2,0,0.5329298973083496
2441,4,3,0,0.8237167000770569
2442,4,3,0,0.4421720802783966
2443,2,3,0,0.64927077293396
2444,3,2,0,0.7164334654808044
2445,6,3,0,0.555555522441864
2446,9,6,0,0.542839527130127
2447,6,2,0,0.7070180773735046
2448,2,2,1,0.9277213215827942
2449,4,3,0,0.6514567732810974
2450,1,0,0,0.7413097620010376
2451,8,3,0,0.5620612502098083
2452,2,2,1,0.6283661723136902
2453,3,2,0,0.8178185820579529
2454,1,2,0,0.8380724191665649
2455,6,0,0,0.5234870910644531
2456,8,0,0,0.646259069442749
2457,6,5,0,0.5630956888198853
2458,8,2,0,0.7546150088310242
2459,5,3,0,0.7520492076873779
2460,9,2,0,0.7226294875144958
2461,0,3,0,0.5577972531318665
2462,1,3,0,0.679743230342865
2463,0,2,0,0.64935702085495
2464,2,2,1,0.9148269891738892
2465,9,2,0,0.8829001188278198
2466,2,2,1,0.8822800517082214
2467,9,0,0,0.871796190738678
2468,0,0,1,0.7651650309562683
2469,9,2,0,0.8806818127632141
2470,7,2,0,0.8236913084983826
2471,8,3,0,0.7851572632789612
2472,5,3,0,0.8509325385093689
2473,0,2,0,0.6843030452728271
2474,6,2,0,0.5467513799667358
2475,6,2,0,0.8131728172302246
2476,8,8,1,0.9295213222503662
2477,1,2,0,0.7114205956459045
2478,6,9,0,0.5719044804573059
2479,5,2,0,0.5103380680084229
2480,8,3,0,0.8413537740707397
2481,7,2,0,0.8287757039070129
2482,9,2,0,0.7317093014717102
2483,2,2,1,0.5181716680526733
2484,1,2,0,0.8115496039390564
2485,6,3,0,0.740054726600647
2486,7,2,0,0.7748695611953735
2487,5,2,0,0.7868887782096863
2488,6,2,0,0.41586965322494507
2489,3,2,0,0.47622209787368774
2490,0,6,0,0.595673680305481
2491,9,2,0,0.6268913745880127
2492,8,3,0,0.6793071031570435
2493,9,2,0,0.9113985896110535
2494,5,2,0,0.6056926250457764
2495,9,5,0,0.4206632077693939
2496,9,3,0,0.9242806434631348
2497,9,3,0,0.7241492867469788
2498,3,3,1,0.6378891468048096
2499,6,9,0,0.8709945678710938
2500,4,8,0,0.5018717050552368
2501,4,2,0,0.8261632919311523
2502,8,3,0,0.7110434770584106
2503,8,2,0,0.6115370988845825
2504,1,8,0,0.2680829167366028
2505,7,2,0,0.9653043746948242
2506,3,3,1,0.5179329514503479
2507,0,2,0,0.559383749961853
2508,6,2,0,0.7215798497200012
2509,2,3,0,0.6307566165924072
2510,4,2,0,0.758373498916626
2511,8,6,0,0.5611025094985962
2512,2,3,0,0.803371787071228
2513,2,3,0,0.31884536147117615
2514,9,2,0,0.8057917952537537
2515,2,2,1,0.5748699307441711
2516,2,6,0,0.5168997645378113
2517,9,2,0,0.44073474407196045
2518,7,2,0,0.8814423084259033
2519,4,2,0,0.9381186962127686
2520,1,3,0,0.5909932851791382
2521,9,2,0,0.5187671184539795
2522,1,0,0,0.5337077975273132
2523,4,3,0,0.7786771059036255
2524,3,6,0,0.7130050659179688
2525,5,3,0,0.4802649915218353
2526,3,2,0,0.9458317756652832
2527,8,3,0,0.5215458869934082
2528,9,5,0,0.3781372010707855
2529,3,3,1,0.5175843834877014
2530,6,2,0,0.6620059013366699
2531,2,8,0,0.7181492447853088
2532,0,2,0,0.7329699397087097
2533,8,3,0,0.5429531335830688
2534,9,2,0,0.43963271379470825
2535,0,2,0,0.3579670488834381
2536,5,2,0,0.9092315435409546
2537,1,2,0,0.6941224336624146
2538,5,2,0,0.6561866402626038
2539,8,2,0,0.7975484728813171
2540,2,2,1,0.9008282423019409
2541,1,0,0,0.5037902593612671
2542,2,2,1,0.721927285194397
2543,3,2,0,0.5226806998252869
2544,2,9,0,0.4637536406517029
2545,4,3,0,0.5657268762588501
2546,8,2,0,0.6087046265602112
2547,4,2,0,0.9201034903526306
2548,0,6,0,0.5318619608879089
2549,6,6,1,0.5003172755241394
2550,4,9,0,0.6437756419181824
2551,2,2,1,0.8330042362213135
2552,9,6,0,0.5702187418937683
2553,8,2,0,0.7661092281341553
2554,4,2,0,0.6315838098526001
2555,7,2,0,0.783038854598999
2556,6,2,0,0.8346472978591919
2557,2,0,0,0.607204794883728
2558,4,2,0,0.752811074256897
2559,7,3,0,0.7873263359069824
2560,7,2,0,0.7457187175750732
2561,6,3,0,0.5646452903747559
2562,4,2,0,0.7428433895111084
2563,2,2,1,0.25918489694595337
2564,2,2,1,0.41991379857063293
2565,3,2,0,0.7256718873977661
2566,2,2,1,0.6663240790367126
2567,4,8,0,0.7743008732795715
2568,9,2,0,0.7773427367210388
2569,0,2,0,0.4705219864845276
2570,0,2,0,0.562553882598877
2571,9,2,0,0.5247453451156616
2572,6,6,1,0.48541080951690674
2573,5,2,0,0.9480231404304504
2574,8,0,0,0.5800221562385559
2575,5,8,0,0.8442605137825012
2576,2,2,1,0.774138331413269
2577,4,3,0,0.8211060166358948
2578,8,9,0,0.7272242903709412
2579,8,2,0,0.794442892074585
2580,6,3,0,0.8184677958488464
2581,4,6,0,0.5881965756416321
2582,5,2,0,0.943437933921814
2583,7,3,0,0.507871150970459
2584,6,3,0,0.6518051028251648
2585,3,2,0,0.641633152961731
2586,7,2,0,0.509835422039032
2587,0,2,0,0.4595072567462921
2588,4,9,0,0.8186652064323425
2589,0,0,1,0.5905918478965759
2590,5,2,0,0.9691249132156372
2591,8,2,0,0.7603060603141785
2592,2,3,0,0.6187124252319336
2593,8,3,0,0.750063955783844
2594,0,2,0,0.6207019090652466
2595,4,3,0,0.6919238567352295
2596,9,9,1,0.6879749894142151
2597,2,3,0,0.4606601297855377
2598,3,3,1,0.7380524277687073
2599,6,0,0,0.508777379989624
2600,8,2,0,0.6608347296714783
2601,1,3,0,0.6797760725021362
2602,6,2,0,0.8846059441566467
2603,0,2,0,0.5311679244041443
2604,8,3,0,0.6981503367424011
2605,4,3,0,0.5844697952270508
2606,3,3,1,0.6007610559463501
2607,1,3,0,0.4671391546726227
2608,4,2,0,0.8474430441856384
2609,5,2,0,0.5683161020278931
2610,2,3,0,0.7020323872566223
2611,4,2,0,0.6384696364402771
2612,3,3,1,0.45926305651664734
2613,6,2,0,0.5591045022010803
2614,0,3,0,0.6787552833557129
2615,7,2,0,0.7862766981124878
2616,1,2,0,0.43110892176628113
2617,3,2,0,0.6451194286346436
2618,5,3,0,0.5132269859313965
2619,7,2,0,0.5993185639381409
2620,1,2,0,0.7021641135215759
2621,8,2,0,0.4857489764690399
2622,0,2,0,0.5152133703231812
2623,4,2,0,0.740233302116394
2624,8,2,0,0.46563026309013367
2625,2,8,0,0.6295241117477417
2626,7,2,0,0.8108768463134766
2627,7,2,0,0.895772397518158
2628,0,2,0,0.4982958436012268
2629,2,2,1,0.48006635904312134
2630,2,2,1,0.6098737120628357
2631,4,3,0,0.7986866235733032
2632,3,2,0,0.8017811179161072
2633,3,2,0,0.9083059430122375
2634,1,2,0,0.9309221506118774
2635,6,2,0,0.8550295829772949
2636,1,3,0,0.3831455707550049
2637,6,2,0,0.5851417183876038
2638,4,5,0,0.616549551486969
2639,6,2,0,0.7984988689422607
2640,7,3,0,0.4270389676094055
2641,4,2,0,0.8751904368400574
2642,7,2,0,0.6744388937950134
2643,3,2,0,0.896713137626648
2644,8,2,0,0.6804100275039673
2645,1,2,0,0.7106866240501404
2646,3,8,0,0.8959739208221436
2647,1,5,0,0.4019533395767212
2648,4,6,0,0.5694879293441772
2649,6,3,0,0.6079909205436707
2650,5,2,0,0.5377210974693298
2651,5,2,0,0.35188964009284973
2652,7,5,0,0.39811378717422485
2653,4,2,0,0.6603212952613831
2654,5,3,0,0.5820722579956055
2655,4,2,0,0.8146458864212036
2656,9,3,0,0.7344088554382324
2657,7,6,0,0.7174638509750366
2658,7,3,0,0.7773541212081909
2659,2,8,0,0.6995298266410828
2660,3,0,0,0.6367674469947815
2661,3,2,0,0.5048035979270935
2662,6,2,0,0.8211894035339355
2663,7,2,0,0.6512277126312256
2664,4,2,0,0.7484983801841736
2665,1,3,0,0.6512367129325867
2666,6,3,0,0.6596379280090332
2667,1,3,0,0.6439440846443176
2668,0,2,0,0.6114340424537659
2669,6,2,0,0.8723278045654297
2670,9,3,0,0.602202832698822
2671,6,0,0,0.572463870048523
2672,0,8,0,0.7284014225006104
2673,2,0,0,0.7011637091636658
2674,0,2,0,0.8757021427154541
2675,2,2,1,0.31433624029159546
2676,4,2,0,0.7025503516197205
2677,7,2,0,0.5518003702163696
2678,0,3,0,0.44783249497413635
2679,0,3,0,0.8217957615852356
2680,0,0,1,0.5719524025917053
2681,0,3,0,0.5125912427902222
2682,7,2,0,0.7888126373291016
2683,5,6,0,0.5740042328834534
2684,3,2,0,0.8657740950584412
2685,2,3,0,0.5649202466011047
2686,7,2,0,0.725540816783905
2687,8,2,0,0.5423859357833862
2688,5,2,0,0.8801642060279846
2689,5,6,0,0.742060661315918
2690,2,2,1,0.5814228653907776
2691,2,2,1,0.8391500115394592
2692,8,2,0,0.45278647541999817
2693,9,6,0,0.7719137668609619
2694,1,3,0,0.8420092463493347
2695,2,8,0,0.6739353537559509
2696,2,2,1,0.6285755634307861
2697,0,8,0,0.6380580067634583
2698,3,2,0,0.746498703956604
2699,4,6,0,0.6494054198265076
2700,9,3,0,0.5987464189529419
2701,1,5,0,0.6670022010803223
2702,6,6,1,0.732201874256134
2703,9,0,0,0.749690055847168
2704,0,2,0,0.5690534710884094
2705,8,8,1,0.8025123476982117
2706,3,2,0,0.778540849685669
2707,6,2,0,0.35096311569213867
2708,4,3,0,0.5932649970054626
2709,6,2,0,0.7437052130699158
2710,7,9,0,0.8077136874198914
2711,5,2,0,0.6317922472953796
2712,1,8,0,0.5104343295097351
2713,8,8,1,0.7737550735473633
2714,9,2,0,0.7342045903205872
2715,0,2,0,0.6989428400993347
2716,5,5,1,0.5962240695953369
2717,0,8,0,0.993658721446991
2718,5,2,0,0.625222384929657
2719,4,2,0,0.6432123780250549
2720,3,3,1,0.4730547070503235
2721,8,2,0,0.5719289183616638
2722,5,2,0,0.8041403889656067
2723,2,2,1,0.732042133808136
2724,0,3,0,0.5819516181945801
2725,8,2,0,0.5245187282562256
2726,5,3,0,0.5694156885147095
2727,9,2,0,0.6408355832099915
2728,2,2,1,0.8159205913543701
2729,5,2,0,0.6300633549690247
2730,6,2,0,0.8671554923057556
2731,5,2,0,0.8696520328521729
2732,7,2,0,0.7004110217094421
2733,3,3,1,0.6026273965835571
2734,7,2,0,0.6957352757453918
2735,2,2,1,0.7168540954589844
2736,8,3,0,0.7252424955368042
2737,8,3,0,0.46309682726860046
2738,4,3,0,0.6809092164039612
2739,2,3,0,0.7955603003501892
2740,1,2,0,0.7954740524291992
2741,6,2,0,0.8983407616615295
2742,2,3,0,0.6499661803245544
2743,9,2,0,0.7926788330078125
2744,9,2,0,0.7387607097625732
2745,8,0,0,0.46504220366477966
2746,2,6,0,0.5097347497940063
2747,3,6,0,0.7727362513542175
2748,1,6,0,0.6886847019195557
2749,0,0,1,0.8106318712234497
2750,5,8,0,0.5377265214920044
2751,2,3,0,0.494329035282135
2752,3,2,0,0.8637664914131165
2753,7,3,0,0.7404342889785767
2754,9,2,0,0.7669100165367126
2755,5,3,0,0.5629655718803406
2756,9,2,0,0.3630819618701935
2757,1,9,0,0.5804182887077332
2758,1,3,0,0.8135998249053955
2759,3,3,1,0.7068331837654114
2760,2,9,0,0.7651696801185608
2761,7,2,0,0.6164807081222534
2762,4,2,0,0.7335767149925232
2763,4,2,0,0.8566100001335144
2764,1,2,0,0.9405001997947693
2765,9,2,0,0.7344856262207031
2766,4,3,0,0.5453288555145264
2767,5,3,0,0.730502188205719
2768,5,3,0,0.5951099395751953
2769,2,2,1,0.8216092586517334
2770,7,8,0,0.9838759303092957
2771,7,8,0,0.5140385627746582
2772,6,3,0,0.40611422061920166
2773,1,2,0,0.6832455396652222
2774,2,2,1,0.6238240003585815
2775,3,3,1,0.5632151365280151
2776,7,2,0,0.4378751218318939
2777,5,2,0,0.7235820889472961
2778,4,2,0,0.8901267647743225
2779,3,3,1,0.8659794926643372
2780,7,2,0,0.7117757797241211
2781,7,2,0,0.7952054738998413
2782,0,6,0,0.39803656935691833
2783,0,3,0,0.5868459343910217
2784,1,5,0,0.5591035485267639
2785,4,2,0,0.9046573042869568
2786,4,3,0,0.4165645241737366
2787,3,3,1,0.6238420009613037
2788,7,2,0,0.763425886631012
2789,9,2,0,0.7358303666114807
2790,8,2,0,0.5787025094032288
2791,7,0,0,0.5265970826148987
2792,0,2,0,0.47154924273490906
2793,9,3,0,0.4659298062324524
2794,0,3,0,0.6098976135253906
2795,3,2,0,0.7086945176124573
2796,7,2,0,0.6838028430938721
2797,6,2,0,0.7836208939552307
2798,3,3,1,0.6839358806610107
2799,8,3,0,0.8910910487174988
2800,4,2,0,0.5418565273284912
2801,5,3,0,0.5978966355323792
2802,6,3,0,0.6278190612792969
2803,5,7,0,0.4460003077983856
2804,3,2,0,0.5982274413108826
2805,4,3,0,0.3556789457798004
2806,2,2,1,0.9081668853759766
2807,9,8,0,0.8300359845161438
2808,2,3,0,0.6624972224235535
2809,4,0,0,0.592016875743866
2810,9,2,0,0.9155105948448181
2811,2,0,0,0.6461321711540222
2812,0,3,0,0.6497867703437805
2813,1,2,0,0.7555389404296875
2814,1,2,0,0.615851879119873
2815,3,2,0,0.5298777222633362
2816,7,2,0,0.4412798285484314
2817,9,6,0,0.5651255249977112
2818,5,3,0,0.831585705280304
2819,1,2,0,0.6942938566207886
2820,6,2,0,0.9664375185966492
2821,0,8,0,0.7483974695205688
2822,3,3,1,0.5100755095481873
2823,3,6,0,0.7558726668357849
2824,7,2,0,0.8052836060523987
2825,2,2,1,0.49517378211021423
2826,4,2,0,0.6337382793426514
2827,5,3,0,0.4517630338668823
2828,2,3,0,0.5383250117301941
2829,3,3,1,0.6227529644966125
2830,6,2,0,0.7426611185073853
2831,3,2,0,0.6784173846244812
2832,3,2,0,0.8066684007644653
2833,0,3,0,0.43010425567626953
2834,4,2,0,0.8178194165229797
2835,4,0,0,0.5818067193031311
2836,3,2,0,0.8587436676025391
2837,8,2,0,0.7750177979469299
2838,1,2,0,0.7190176248550415
2839,2,3,0,0.6429256796836853
2840,3,2,0,0.6674683690071106
2841,2,2,1,0.46129557490348816
2842,7,2,0,0.516437292098999
2843,1,3,0,0.5409257411956787
2844,4,2,0,0.36637553572654724
2845,5,3,0,0.7596959471702576
2846,6,8,0,0.9478534460067749
2847,8,0,0,0.8987360000610352
2848,6,2,0,0.8076181411743164
2849,6,3,0,0.8553460836410522
2850,5,5,1,0.7250011563301086
2851,4,9,0,0.8685497641563416
2852,2,6,0,0.8432562947273254
2853,9,2,0,0.5255988240242004
2854,9,3,0,0.4563135802745819
2855,3,2,0,0.7817619442939758
2856,2,2,1,0.8630201816558838
2857,0,3,0,0.5803255438804626
2858,4,6,0,0.6197490096092224
2859,1,2,0,0.8638938665390015
2860,5,2,0,0.9127076864242554
2861,5,3,0,0.6710159778594971
2862,6,2,0,0.9292160272598267
2863,6,9,0,0.7045018672943115
2864,5,3,0,0.6281592845916748
2865,6,2,0,0.8692501783370972
2866,9,6,0,0.7180318236351013
2867,7,3,0,0.5985346436500549
2868,9,2,0,0.9342834949493408
2869,4,2,0,0.872748851776123
2870,8,2,0,0.7311343550682068
2871,3,3,1,0.6261290907859802
2872,1,2,0,0.6754351258277893
2873,9,6,0,0.8475980758666992
2874,8,9,0,0.940804123878479
2875,1,8,0,0.6016597747802734
2876,9,2,0,0.6589908003807068
2877,0,2,0,0.6119596362113953
2878,3,2,0,0.6041699647903442
2879,0,2,0,0.638174295425415
2880,4,8,0,0.6859603524208069
2881,7,5,0,0.4118052124977112
2882,7,3,0,0.6047714948654175
2883,2,2,1,0.6153956651687622
2884,6,2,0,0.733390212059021
2885,5,3,0,0.7807022929191589
2886,6,2,0,0.8878341317176819
2887,9,3,0,0.32508385181427
2888,7,2,0,0.8859065175056458
2889,7,6,0,0.6691175103187561
2890,5,3,0,0.7467237710952759
2891,7,2,0,0.6782433986663818
2892,0,3,0,0.6680483222007751
2893,8,3,0,0.8995782732963562
2894,6,2,0,0.3680115044116974
2895,7,2,0,0.7632731795310974
2896,8,0,0,0.41953200101852417
2897,3,2,0,0.8429434299468994
2898,8,9,0,0.7508842945098877
2899,9,2,0,0.6468026041984558
2900,3,2,0,0.6886783838272095
2901,2,9,0,0.6625176072120667
2902,9,2,0,0.5818371772766113
2903,2,2,1,0.835519552230835
2904,7,0,0,0.7736732959747314
2905,4,2,0,0.8212468028068542
2906,1,2,0,0.4543367326259613
2907,9,2,0,0.8800961971282959
2908,7,3,0,0.6062036752700806
2909,0,2,0,0.9298467636108398
2910,8,6,0,0.38779217004776
2911,1,2,0,0.8950047492980957
2912,2,9,0,0.6126468181610107
2913,0,2,0,0.7662850022315979
2914,6,3,0,0.5246735215187073
2915,5,9,0,0.5426428914070129
2916,1,2,0,0.555445671081543
2917,4,4,1,0.5442584156990051
2918,2,3,0,0.9365622401237488
2919,8,2,0,0.4891413450241089
2920,2,2,1,0.8177346587181091
2921,8,9,0,0.7150875926017761
2922,3,6,0,0.3174714744091034
2923,3,3,1,0.7218632102012634
2924,1,3,0,0.6805303692817688
2925,4,2,0,0.7974418997764587
2926,9,3,0,0.6109453439712524
2927,8,3,0,0.5076897144317627
2928,1,3,0,0.8340280652046204
2929,1,3,0,0.8364280462265015
2930,7,2,0,0.6896501183509827
2931,9,2,0,0.5253888368606567
2932,9,2,0,0.8142657279968262
2933,4,3,0,0.7665058970451355
2934,6,3,0,0.685722291469574
2935,8,2,0,0.9199913144111633
2936,5,3,0,0.8416260480880737
2937,3,3,1,0.7547784447669983
2938,2,3,0,0.5095235705375671
2939,2,2,1,0.5965131521224976
2940,3,2,0,0.8727064728736877
2941,8,2,0,0.8869062066078186
2942,5,3,0,0.6028261184692383
2943,1,2,0,0.563539445400238
2944,9,0,0,0.7000603079795837
2945,7,0,0,0.5723316073417664
2946,9,6,0,0.8808949589729309
2947,1,2,0,0.9015066027641296
2948,5,8,0,0.96854168176651
2949,3,3,1,0.8457671403884888
2950,1,3,0,0.7013928890228271
2951,0,0,1,0.8088188171386719
2952,3,3,1,0.6248499155044556
2953,8,2,0,0.8168861269950867
2954,9,9,1,0.7435963749885559
2955,2,3,0,0.8245275616645813
2956,0,2,0,0.6883756518363953
2957,8,2,0,0.9197860956192017
2958,0,3,0,0.5160244703292847
2959,7,3,0,0.7925427556037903
2960,9,2,0,0.8589721322059631
2961,4,0,0,0.5421273708343506
2962,8,2,0,0.8098598122596741
2963,3,2,0,0.7864289879798889
2964,0,2,0,0.9597845077514648
2965,7,3,0,0.44350072741508484
2966,0,2,0,0.7129586935043335
2967,7,2,0,0.4977082312107086
2968,0,2,0,0.8174814581871033
2969,5,3,0,0.5972707271575928
2970,5,3,0,0.7660302519798279
2971,4,2,0,0.8860511183738708
2972,3,3,1,0.5768219232559204
2973,0,8,0,0.5022961497306824
2974,9,2,0,0.9084032773971558
2975,9,2,0,0.7396100759506226
2976,0,5,0,0.6811034679412842
2977,2,2,1,0.6103038787841797
2978,2,2,1,0.934807538986206
2979,0,2,0,0.6528987884521484
2980,8,2,0,0.6804481744766235
2981,4,3,0,0.5669757127761841
2982,4,2,0,0.6553579568862915
2983,5,3,0,0.721952497959137
2984,2,2,1,0.8824885487556458
2985,2,2,1,0.7310547232627869
2986,1,8,0,0.8754727840423584
2987,1,2,0,0.7852808833122253
2988,5,3,0,0.589805543422699
2989,5,3,0,0.53415447473526
2990,4,3,0,0.5143738985061646
2991,3,3,1,0.7755141854286194
2992,4,2,0,0.577506422996521
2993,0,2,0,0.5588271021842957
2994,8,3,0,0.3271370530128479
2995,4,2,0,0.5156054496765137
2996,8,2,0,0.8903126120567322
2997,2,3,0,0.8422032594680786
2998,5,3,0,0.6177069544792175
2999,6,2,0,0.7159569263458252
3000,5,2,0,0.7214806079864502
3001,1,2,0,0.5419602394104004
3002,7,6,0,0.7387168407440186
3003,2,5,0,0.5002827048301697
3004,4,6,0,0.6220588088035583
3005,0,3,0,0.49757951498031616
3006,5,8,0,0.8300045728683472
3007,6,2,0,0.6848205327987671
3008,8,0,0,0.5359323024749756
3009,7,2,0,0.8576819896697998
3010,6,1,0,0.631061851978302
3011,3,3,1,0.5317531824111938
3012,1,2,0,0.744175374507904
3013,3,0,0,0.7192694544792175
3014,6,3,0,0.5650143027305603
3015,6,3,0,0.7201258540153503
3016,4,2,0,0.4702410399913788
3017,5,3,0,0.45690155029296875
3018,5,3,0,0.6321642398834229
3019,5,5,1,0.34740036725997925
3020,1,5,0,0.6862474679946899
3021,8,2,0,0.5954803824424744
3022,7,2,0,0.6612640619277954
3023,3,9,0,0.6523034572601318
3024,0,0,1,0.6467892527580261
3025,2,3,0,0.5949413180351257
3026,5,2,0,0.7135238647460938
3027,1,1,1,0.638428807258606
3028,1,2,0,0.6539726257324219
3029,1,5,0,0.7679876089096069
3030,6,3,0,0.5053977370262146
3031,7,2,0,0.7231255173683167
3032,2,3,0,0.43142610788345337
3033,1,2,0,0.7750393748283386
3034,2,3,0,0.5137193202972412
3035,3,2,0,0.7235633134841919
3036,9,2,0,0.5578212738037109
3037,8,3,0,0.4584748148918152
3038,3,5,0,0.6275133490562439
3039,1,3,0,0.6711686253547668
3040,7,3,0,0.663760244846344
3041,4,2,0,0.636062741279602
3042,8,5,0,0.6028568148612976
3043,4,2,0,0.4052298963069916
3044,7,2,0,0.9243528246879578
3045,5,3,0,0.5598827600479126
3046,8,2,0,0.6244655251502991
3047,6,2,0,0.5644321441650391
3048,0,2,0,0.4584667682647705
3049,3,3,1,0.5341863632202148
3050,0,2,0,0.7592723965644836
3051,8,2,0,0.7449512481689453
3052,3,3,1,0.7514883875846863
3053,4,3,0,0.9104368686676025
3054,4,3,0,0.6847307682037354
3055,9,0,0,0.5819423794746399
3056,4,3,0,0.5541360378265381
3057,6,2,0,0.5635946393013
3058,1,0,0,0.582137942314148
3059,5,3,0,0.4813896715641022
3060,7,5,0,0.6051287651062012
3061,7,0,0,0.7382973432540894
3062,9,2,0,0.4426165819168091
3063,0,2,0,0.6675119400024414
3064,1,2,0,0.6543612480163574
3065,3,3,1,0.5623761415481567
3066,1,3,0,0.6165748834609985
3067,3,2,0,0.549642026424408
3068,2,0,0,0.5964750647544861
3069,4,2,0,0.408687561750412
3070,0,2,0,0.6105270981788635
3071,7,3,0,0.6369937062263489
3072,8,6,0,0.5994793176651001
3073,3,3,1,0.7919419407844543
3074,1,3,0,0.6540688872337341
3075,6,3,0,0.4179641604423523
3076,2,3,0,0.5013166666030884
3077,1,3,0,0.5320392847061157
3078,8,2,0,0.473067969083786
3079,8,0,0,0.539905846118927
3080,1,0,0,0.6716574430465698
3081,9,0,0,0.7547596096992493
3082,7,3,0,0.4923119843006134
3083,5,6,0,0.5434665679931641
3084,3,3,1,0.8768161535263062
3085,2,2,1,0.767181396484375
3086,9,3,0,0.7420588135719299
3087,0,2,0,0.7634749412536621
3088,6,2,0,0.7858649492263794
3089,8,8,1,0.8028289675712585
3090,4,2,0,0.4599516987800598
3091,1,2,0,0.6946307420730591
3092,5,3,0,0.6258590817451477
3093,7,0,0,0.4548887312412262
3094,2,2,1,0.9477378726005554
3095,4,2,0,0.8588529229164124
3096,7,2,0,0.7924455404281616
3097,0,3,0,0.5376396775245667
3098,4,2,0,0.5584161877632141
3099,9,2,0,0.6670631170272827
3100,0,2,0,0.4858066439628601
3101,7,2,0,0.7525824308395386
3102,0,3,0,0.5562462210655212
3103,6,2,0,0.5793038010597229
3104,7,2,0,0.7195777893066406
3105,1,2,0,0.6290985941886902
3106,8,3,0,0.7822290658950806
3107,5,3,0,0.7342050075531006
3108,8,5,0,0.6326353549957275
3109,8,2,0,0.3593272566795349
3110,7,3,0,0.5413509011268616
3111,0,0,1,0.8185585737228394
3112,0,2,0,0.6569815278053284
3113,3,2,0,0.4760768711566925
3114,2,5,0,0.5465716123580933
3115,5,3,0,0.6199519634246826
3116,7,2,0,0.7684463858604431
3117,0,3,0,0.7809817790985107
3118,6,2,0,0.840839684009552
3119,4,2,0,0.6705479621887207
3120,4,2,0,0.8376652598381042
3121,9,3,0,0.5396831631660461
3122,1,2,0,0.8817920088768005
3123,8,3,0,0.6653170585632324
3124,6,2,0,0.6916773319244385
3125,3,2,0,0.8291694521903992
3126,9,9,1,0.7689197063446045
3127,4,0,0,0.45920631289482117
3128,9,3,0,0.5006890892982483
3129,3,3,1,0.7517204284667969
3130,3,3,1,0.6023980379104614
3131,7,2,0,0.7397562265396118
3132,5,2,0,0.4618300795555115
3133,9,3,0,0.42895814776420593
3134,7,0,0,0.5996355414390564
3135,7,0,0,0.4597475230693817
3136,4,3,0,0.7800464034080505
3137,5,3,0,0.5087088346481323
3138,8,6,0,0.3909917175769806
3139,2,2,1,0.8523489236831665
3140,8,3,0,0.7177518010139465
3141,9,3,0,0.771527886390686
3142,5,2,0,0.6951872110366821
3143,3,3,1,0.7511981129646301
3144,1,3,0,0.6571533679962158
3145,9,2,0,0.47654953598976135
3146,2,2,1,0.5090888738632202
3147,2,2,1,0.7539622783660889
3148,0,0,1,0.9022251963615417
3149,1,3,0,0.9446996450424194
3150,1,0,0,0.6309470534324646
3151,8,2,0,0.605925977230072
3152,1,2,0,0.8113283514976501
3153,1,5,0,0.8218833804130554
3154,9,3,0,0.6725028157234192
3155,8,2,0,0.7028043270111084
3156,9,3,0,0.47524479031562805
3157,9,3,0,0.6472252607345581
3158,0,2,0,0.7981052994728088
3159,2,2,1,0.7918509244918823
3160,6,3,0,0.5077667832374573
3161,9,2,0,0.5647042989730835
3162,1,3,0,0.7360703349113464
3163,9,2,0,0.622893214225769
3164,0,2,0,0.8197736740112305
3165,1,5,0,0.7123206257820129
3166,9,3,0,0.5806752443313599
3167,2,3,0,0.6199389696121216
3168,9,6,0,0.627910315990448
3169,9,3,0,0.5852800011634827
3170,9,3,0,0.4657551646232605
3171,0,2,0,0.87568598985672
3172,9,2,0,0.8263331651687622
3173,9,2,0,0.8161208629608154
3174,2,2,1,0.9096403121948242
3175,1,2,0,0.699489414691925
3176,7,8,0,0.5810586810112
3177,0,8,0,0.8506404161453247
3178,5,2,0,0.8091984987258911
3179,6,3,0,0.5188460350036621
3180,3,2,0,0.7777699828147888
3181,9,6,0,0.7747408151626587
3182,8,9,0,0.4476240575313568
3183,3,2,0,0.6523253917694092
3184,0,2,0,0.771406352519989
3185,2,3,0,0.6030852794647217
3186,7,3,0,0.702297031879425
3187,7,2,0,0.38402023911476135
3188,4,2,0,0.5559409260749817
3189,8,2,0,0.6668710708618164
3190,3,2,0,0.8071261644363403
3191,0,8,0,0.9325700402259827
3192,5,3,0,0.4725271165370941
3193,2,0,0,0.6440817713737488
3194,3,2,0,0.7793152332305908
3195,5,3,0,0.630478024482727
3196,7,3,0,0.6999534368515015
3197,6,2,0,0.9352522492408752
3198,6,8,0,0.6604678630828857
3199,6,8,0,0.8168961405754089
3200,5,2,0,0.5891143083572388
3201,6,2,0,0.8327959179878235
3202,5,2,0,0.3994801938533783
3203,4,2,0,0.6299647092819214
3204,5,9,0,0.47594591975212097
3205,8,2,0,0.7014915347099304
3206,8,2,0,0.7028981447219849
3207,0,2,0,0.7826700806617737
3208,9,2,0,0.8664950728416443
3209,7,3,0,0.6661816835403442
3210,9,2,0,0.7684210538864136
3211,0,3,0,0.535331666469574
3212,6,9,0,0.660448431968689
3213,9,3,0,0.6941716074943542
3214,6,5,0,0.6278364062309265
3215,1,3,0,0.3293133080005646
3216,4,2,0,0.8391510248184204
3217,7,6,0,0.5510332584381104
3218,9,2,0,0.6217073202133179
3219,0,3,0,0.680242657661438
3220,3,2,0,0.9114444851875305
3221,5,1,0,0.6038203835487366
3222,4,8,0,0.42522263526916504
3223,7,2,0,0.7561330795288086
3224,6,2,0,0.7369446158409119
3225,9,2,0,0.8297749161720276
3226,8,3,0,0.5372430682182312
3227,2,3,0,0.5561590790748596
3228,3,2,0,0.5479927062988281
3229,9,2,0,0.6332431435585022
3230,3,3,1,0.5758569240570068
3231,3,3,1,0.6141902208328247
3232,7,2,0,0.5474269986152649
3233,8,2,0,0.5129450559616089
3234,3,2,0,0.6950294971466064
3235,5,9,0,0.5676462054252625
3236,5,2,0,0.7061934471130371
3237,9,2,0,0.6762893199920654
3238,6,2,0,0.653975784778595
3239,1,3,0,0.8055378794670105
3240,4,6,0,0.6904011368751526
3241,7,2,0,0.8024671077728271
3242,4,2,0,0.44914743304252625
3243,8,3,0,0.3211037516593933
3244,7,2,0,0.6653466820716858
3245,7,2,0,0.6710436344146729
3246,1,2,0,0.5488858819007874
3247,3,3,1,0.7053354978561401
3248,0,0,1,0.8763671517372131
3249,3,2,0,0.5690961480140686
3250,2,2,1,0.5173624753952026
3251,5,2,0,0.6474160552024841
3252,4,2,0,0.7716895341873169
3253,9,3,0,0.45251142978668213
3254,3,3,1,0.5819870233535767
3255,5,2,0,0.539674699306488
3256,4,3,0,0.6834372282028198
3257,7,5,0,0.5818714499473572
3258,0,2,0,0.519905149936676
3259,3,2,0,0.7020865678787231
3260,7,3,0,0.4315119981765747
3261,0,2,0,0.4904506206512451
3262,2,3,0,0.7050871849060059
3263,1,2,0,0.7528030276298523
3264,5,9,0,0.7627241611480713
3265,8,2,0,0.5711843967437744
3266,7,2,0,0.8282508850097656
3267,3,2,0,0.9052814245223999
3268,5,2,0,0.3999498784542084
3269,7,3,0,0.7407374382019043
3270,8,2,0,0.3886304199695587
3271,5,2,0,0.5447359681129456
3272,7,2,0,0.7818783521652222
3273,8,3,0,0.7250162363052368
3274,1,2,0,0.8140333890914917
3275,5,2,0,0.9553912281990051
3276,4,2,0,0.7682241797447205
3277,7,6,0,0.697547972202301
3278,0,2,0,0.5557054877281189
3279,8,0,0,0.6868045330047607
3280,3,6,0,0.6263563632965088
3281,2,2,1,0.6649974584579468
3282,9,2,0,0.8433941602706909
3283,7,2,0,0.5568369030952454
3284,4,0,0,0.6962350606918335
3285,1,3,0,0.8981583118438721
3286,6,2,0,0.7187556624412537
3287,5,2,0,0.758319616317749
3288,9,0,0,0.7711699604988098
3289,8,2,0,0.41992196440696716
3290,5,2,0,0.9565686583518982
3291,5,2,0,0.9101013541221619
3292,4,2,0,0.8744486570358276
3293,1,2,0,0.7055411338806152
3294,0,2,0,0.6851259469985962
3295,9,6,0,0.5934844017028809
3296,4,2,0,0.7464313507080078
3297,4,9,0,0.6279438138008118
3298,3,3,1,0.7684243321418762
3299,0,3,0,0.6707170009613037
3300,4,2,0,0.7298970222473145
3301,8,2,0,0.7879964113235474
3302,0,3,0,0.5499058365821838
3303,8,2,0,0.555570662021637
3304,2,5,0,0.4959830343723297
3305,9,2,0,0.9104527235031128
3306,5,9,0,0.7782999277114868
3307,9,2,0,0.4986502230167389
3308,7,2,0,0.5617709159851074
3309,4,2,0,0.7905513048171997
3310,6,2,0,0.5418221950531006
3311,7,8,0,0.5649228692054749
3312,9,2,0,0.8429504632949829
3313,2,2,1,0.7467535138130188
3314,9,3,0,0.44748571515083313
3315,3,6,0,0.6466904878616333
3316,7,2,0,0.8198636174201965
3317,7,6,0,0.5224472284317017
3318,8,2,0,0.7195454835891724
3319,2,2,1,0.7566241025924683
3320,2,0,0,0.4658668637275696
3321,0,2,0,0.5623209476470947
3322,2,3,0,0.9017133712768555
3323,5,2,0,0.8757520318031311
3324,3,2,0,0.5193169713020325
3325,6,3,0,0.629917323589325
3326,4,2,0,0.6793649792671204
3327,7,2,0,0.9001928567886353
3328,2,3,0,0.4141521453857422
3329,3,3,1,0.8511366844177246
3330,7,2,0,0.4242364764213562
3331,8,2,0,0.4185184836387634
3332,7,2,0,0.8711997270584106
3333,2,2,1,0.46750426292419434
3334,5,2,0,0.7955489754676819
3335,0,2,0,0.8638186454772949
3336,0,3,0,0.38454684615135193
3337,7,2,0,0.7295335531234741
3338,0,9,0,0.7134151458740234
3339,9,3,0,0.49439290165901184
3340,6,0,0,0.595342755317688
3341,1,8,0,0.44057437777519226
3342,0,0,1,0.46188339591026306
3343,3,2,0,0.6909102201461792
3344,9,5,0,0.47696051001548767
3345,7,2,0,0.6141366958618164
3346,4,2,0,0.664609968662262
3347,9,2,0,0.4256772994995117
3348,1,2,0,0.5782303214073181
3349,6,3,0,0.6368769407272339
3350,8,3,0,0.6909506320953369
3351,1,2,0,0.5480784773826599
3352,2,3,0,0.5140970945358276
3353,3,2,0,0.7627189755439758
3354,3,6,0,0.39240971207618713
3355,5,2,0,0.9769192934036255
3356,4,4,1,0.6362678408622742
3357,8,2,0,0.36741092801094055
3358,9,3,0,0.6791677474975586
3359,7,3,0,0.6063125729560852
3360,4,3,0,0.442256361246109
3361,4,2,0,0.8100320100784302
3362,1,2,0,0.9371311664581299
3363,2,2,1,0.8308776021003723
3364,4,0,0,0.644482433795929
3365,9,2,0,0.9511027932167053
3366,8,2,0,0.5294368863105774
3367,7,2,0,0.8545181751251221
3368,9,2,0,0.7079226970672607
3369,5,5,1,0.6809597611427307
3370,1,2,0,0.5621602535247803
3371,2,3,0,0.3970797061920166
3372,1,3,0,0.5714596509933472
3373,6,3,0,0.8357507586479187
3374,6,3,0,0.5006553530693054
3375,4,2,0,0.9328674674034119
3376,5,6,0,0.6886557936668396
3377,7,3,0,0.8978485465049744
3378,4,2,0,0.9598197340965271
3379,5,2,0,0.6417783498764038
3380,8,2,0,0.7501842975616455
3381,5,3,0,0.6052308678627014
3382,2,2,1,0.5937154293060303
3383,8,0,0,0.6389550566673279
3384,7,2,0,0.6536672711372375
3385,8,2,0,0.6585534811019897
3386,2,2,1,0.6636528968811035
3387,3,3,1,0.5258616209030151
3388,6,6,1,0.5125817060470581
3389,1,2,0,0.5660446286201477
3390,3,6,0,0.5467843413352966
3391,3,2,0,0.784881055355072
3392,1,5,0,0.7313785552978516
3393,5,6,0,0.605103075504303
3394,1,2,0,0.5993848443031311
3395,9,3,0,0.5922412872314453
3396,0,2,0,0.6589040160179138
3397,9,2,0,0.7904440760612488
3398,2,3,0,0.7440388798713684
3399,0,3,0,0.5866338014602661
3400,6,6,1,0.8033900856971741
3401,2,0,0,0.7729281187057495
3402,4,0,0,0.6304077506065369
3403,8,3,0,0.6364263296127319
3404,5,8,0,0.8443254828453064
3405,7,2,0,0.9746837615966797
3406,6,2,0,0.7199066877365112
3407,1,3,0,0.8181955814361572
3408,2,2,1,0.834888756275177
3409,9,2,0,0.9179168939590454
3410,4,2,0,0.7624979019165039
3411,5,3,0,0.8659003376960754
3412,0,2,0,0.7062263488769531
3413,3,2,0,0.684357225894928
3414,3,3,1,0.6696493029594421
3415,7,3,0,0.760643482208252
3416,7,2,0,0.3103521466255188
3417,7,9,0,0.6201024651527405
3418,1,2,0,0.6928133368492126
3419,4,2,0,0.4836272895336151
3420,5,6,0,0.603687047958374
3421,0,3,0,0.5128957033157349
3422,2,2,1,0.43207278847694397
3423,8,2,0,0.4415249824523926
3424,5,2,0,0.7207208275794983
3425,0,2,0,0.696870744228363
3426,0,2,0,0.9432194232940674
3427,6,3,0,0.30816149711608887
3428,2,5,0,0.39312559366226196
3429,0,0,1,0.6641078591346741
3430,8,3,0,0.6316367387771606
3431,4,1,0,0.4398060441017151
3432,5,2,0,0.8388574719429016
3433,4,3,0,0.5399278998374939
3434,5,3,0,0.888751208782196
3435,6,3,0,0.7511734366416931
3436,4,2,0,0.47978147864341736
3437,7,0,0,0.4373531639575958
3438,9,2,0,0.7520781755447388
3439,4,2,0,0.8812593817710876
3440,2,8,0,0.9108703136444092
3441,0,9,0,0.38281914591789246
3442,6,3,0,0.5289198160171509
3443,4,2,0,0.48337095975875854
3444,0,2,0,0.662281334400177
3445,0,3,0,0.7158129215240479
3446,6,3,0,0.6501206159591675
3447,4,2,0,0.7316151857376099
3448,6,2,0,0.8826985359191895
3449,1,3,0,0.4928167462348938
3450,9,2,0,0.9107612371444702
3451,5,8,0,0.7619318962097168
3452,5,2,0,0.9064573049545288
3453,2,3,0,0.5927327871322632
3454,2,3,0,0.5931440591812134
3455,6,2,0,0.8020369410514832
3456,3,0,0,0.7603240609169006
3457,4,3,0,0.7534832954406738
3458,5,2,0,0.5462859272956848
3459,9,3,0,0.5619500279426575
3460,1,3,0,0.682237982749939
3461,7,2,0,0.5285565257072449
3462,2,2,1,0.974764883518219
3463,3,3,1,0.6764066815376282
3464,9,2,0,0.5338993668556213
3465,6,8,0,0.7191155552864075
3466,5,0,0,0.4367202818393707
3467,0,3,0,0.7101572155952454
3468,2,2,1,0.5086184144020081
3469,9,8,0,0.43577897548675537
3470,7,2,0,0.9220245480537415
3471,1,3,0,0.8312373161315918
3472,7,2,0,0.5537360310554504
3473,2,2,1,0.6315656304359436
3474,2,3,0,0.6976497173309326
3475,0,3,0,0.760110080242157
3476,8,2,0,0.4894806444644928
3477,6,2,0,0.44929105043411255
3478,4,2,0,0.7907813191413879
3479,3,2,0,0.4268024265766144
3480,2,2,1,0.7192350625991821
3481,7,0,0,0.5827510356903076
3482,7,2,0,0.7337409257888794
3483,0,2,0,0.48001864552497864
3484,4,2,0,0.6284975409507751
3485,1,2,0,0.6867019534111023
3486,6,2,0,0.7669930458068848
3487,5,2,0,0.7222077250480652
3488,1,3,0,0.7154217958450317
3489,3,3,1,0.6675494909286499
3490,0,2,0,0.5220265984535217
3491,3,3,1,0.5871028900146484
3492,9,2,0,0.8763380646705627
3493,0,2,0,0.3577386140823364
3494,0,3,0,0.5914171934127808
3495,2,3,0,0.7492230534553528
3496,5,2,0,0.43117132782936096
3497,0,2,0,0.8490106463432312
3498,4,9,0,0.8149276375770569
3499,0,8,0,0.6573501229286194
3500,1,3,0,0.5223181247711182
3501,9,5,0,0.5957220792770386
3502,8,3,0,0.48563504219055176
3503,4,3,0,0.5471189022064209
3504,9,2,0,0.6585096120834351
3505,4,2,0,0.8919811844825745
3506,2,0,0,0.4656159579753876
3507,4,2,0,0.5545945167541504
3508,3,2,0,0.696158766746521
3509,3,6,0,0.7262420654296875
3510,4,2,0,0.9434163570404053
3511,0,2,0,0.4686098098754883
3512,4,2,0,0.8727061748504639
3513,3,8,0,0.6331974864006042
3514,2,2,1,0.42883890867233276
3515,8,3,0,0.7935525178909302
3516,9,0,0,0.6387837529182434
3517,1,3,0,0.5336970090866089
3518,5,2,0,0.6026208400726318
3519,8,2,0,0.43273499608039856
3520,1,3,0,0.7721289396286011
3521,8,2,0,0.7346842885017395
3522,2,3,0,0.4482921361923218
3523,4,2,0,0.8468430042266846
3524,5,2,0,0.5590933561325073
3525,2,2,1,0.3776446580886841
3526,4,2,0,0.6255306005477905
3527,1,3,0,0.7527753710746765
3528,1,0,0,0.610653817653656
3529,6,2,0,0.9174704551696777
3530,6,1,0,0.6846773624420166
3531,8,2,0,0.49030858278274536
3532,5,2,0,0.6913030743598938
3533,2,0,0,0.5584374666213989
3534,2,0,0,0.813409686088562
3535,5,2,0,0.6257873773574829
3536,0,0,1,0.45803388953208923
3537,8,2,0,0.5332024693489075
3538,2,0,0,0.4908750355243683
3539,3,4,0,0.5796228051185608
3540,6,2,0,0.9205535650253296
3541,2,2,1,0.8876601457595825
3542,9,2,0,0.6719093322753906
3543,6,6,1,0.37555161118507385
3544,1,2,0,0.5842085480690002
3545,4,2,0,0.9351583123207092
3546,5,2,0,0.5832517147064209
3547,9,2,0,0.6911258101463318
3548,0,2,0,0.4747719168663025
3549,1,8,0,0.9061599373817444
3550,0,2,0,0.6732574105262756
3551,0,8,0,0.9533705711364746
3552,8,3,0,0.6759632229804993
3553,1,2,0,0.929134726524353
3554,1,2,0,0.622994065284729
3555,6,2,0,0.5153176188468933
3556,6,3,0,0.8251345157623291
3557,9,3,0,0.5306751132011414
3558,5,6,0,0.6453918814659119
3559,4,2,0,0.7798699140548706
3560,1,2,0,0.5691758394241333
3561,7,3,0,0.7207775115966797
3562,8,2,0,0.8126945495605469
3563,6,3,0,0.5174165368080139
3564,9,2,0,0.8528976440429688
3565,1,3,0,0.5302661061286926
3566,7,2,0,0.46153542399406433
3567,6,6,1,0.7194156050682068
3568,0,2,0,0.5320578813552856
3569,9,2,0,0.6522446274757385
3570,3,2,0,0.6400341391563416
3571,5,2,0,0.3612794578075409
3572,3,8,0,0.8608489036560059
3573,2,2,1,0.6867570281028748
3574,5,3,0,0.6682984232902527
3575,3,2,0,0.5009303689002991
3576,4,9,0,0.7363887429237366
3577,9,0,0,0.7734565138816833
3578,7,2,0,0.8151747584342957
3579,1,2,0,0.4918361008167267
3580,4,2,0,0.7580289840698242
3581,4,2,0,0.7508566379547119
3582,6,2,0,0.6797380447387695
3583,1,3,0,0.66086345911026
3584,3,2,0,0.4911792576313019
3585,8,2,0,0.5728505253791809
3586,8,3,0,0.7212744355201721
3587,0,2,0,0.5310685038566589
3588,6,3,0,0.7898316979408264
3589,7,6,0,0.5563743114471436
3590,7,2,0,0.7844866514205933
3591,6,3,0,0.44124534726142883
3592,7,8,0,0.7769747972488403
3593,2,2,1,0.8707567453384399
3594,3,3,1,0.4748735725879669
3595,2,2,1,0.7110376954078674
3596,2,4,0,0.684049665927887
3597,6,3,0,0.5898828506469727
3598,2,3,0,0.7213053703308105
3599,7,2,0,0.5735445022583008
3600,4,3,0,0.7087585926055908
3601,0,3,0,0.6268264651298523
3602,3,3,1,0.545468807220459
3603,6,2,0,0.4928734004497528
3604,2,2,1,0.577898383140564
3605,6,3,0,0.8186520934104919
3606,3,3,1,0.5687282681465149
3607,3,2,0,0.8037102818489075
3608,0,3,0,0.5499303340911865
3609,9,3,0,0.49219807982444763
3610,5,4,0,0.43143579363822937
3611,1,2,0,0.8037106990814209
3612,1,2,0,0.8752610683441162
3613,5,2,0,0.6151357293128967
3614,3,3,1,0.6672300100326538
3615,6,2,0,0.8873426914215088
3616,4,0,0,0.7624179124832153
3617,3,2,0,0.9180755615234375
3618,4,2,0,0.8369961977005005
3619,1,5,0,0.6335327625274658
3620,0,0,1,0.48159828782081604
3621,4,2,0,0.46491682529449463
3622,5,3,0,0.49333661794662476
3623,5,2,0,0.7838746309280396
3624,2,3,0,0.5932047963142395
3625,8,2,0,0.6419600248336792
3626,9,2,0,0.9349911212921143
3627,4,2,0,0.7188567519187927
3628,3,6,0,0.7611913681030273
3629,1,2,0,0.9197840094566345
3630,8,2,0,0.5317928791046143
3631,0,2,0,0.6872917413711548
3632,1,8,0,0.4064836800098419
3633,3,2,0,0.8302018642425537
3634,3,2,0,0.9570557475090027
3635,4,3,0,0.610667884349823
3636,4,3,0,0.6705502867698669
3637,2,3,0,0.5169711112976074
3638,9,3,0,0.5704784989356995
3639,7,2,0,0.7741486430168152
3640,6,2,0,0.6202867031097412
3641,8,3,0,0.6081074476242065
3642,1,1,1,0.6065006852149963
3643,8,3,0,0.8567283153533936
3644,9,5,0,0.7164809107780457
3645,1,3,0,0.7278748154640198
3646,3,0,0,0.36174869537353516
3647,1,3,0,0.5114182233810425
3648,7,2,0,0.7122372388839722
3649,3,0,0,0.5501946806907654
3650,0,2,0,0.7409873604774475
3651,0,3,0,0.5695754885673523
3652,2,3,0,0.6288982629776001
3653,8,3,0,0.6757951378822327
3654,3,2,0,0.6495622992515564
3655,9,3,0,0.7258049845695496
3656,2,3,0,0.6748135685920715
3657,7,0,0,0.4938660264015198
3658,2,2,1,0.8434379696846008
3659,6,6,1,0.5847147107124329
3660,0,3,0,0.5886988639831543
3661,1,3,0,0.7004199028015137
3662,6,3,0,0.5494688153266907
3663,1,9,0,0.7299016118049622
3664,6,2,0,0.7184712886810303
3665,7,2,0,0.3867424726486206
3666,5,2,0,0.6369194984436035
3667,5,2,0,0.6702573895454407
3668,2,0,0,0.6742599606513977
3669,5,9,0,0.5743438005447388
3670,9,3,0,0.5915709137916565
3671,4,2,0,0.9257916212081909
3672,0,2,0,0.8890198469161987
3673,2,0,0,0.8473130464553833
3674,3,3,1,0.8404777646064758
3675,4,3,0,0.5668113827705383
3676,9,2,0,0.6050760746002197
3677,4,2,0,0.7111296057701111
3678,1,2,0,0.6686444878578186
3679,0,6,0,0.5750092267990112
3680,0,2,0,0.9391955733299255
3681,2,3,0,0.5234985947608948
3682,3,3,1,0.6766887307167053
3683,8,2,0,0.6241740584373474
3684,9,2,0,0.706855058670044
3685,2,2,1,0.5716432332992554
3686,8,3,0,0.5277122259140015
3687,9,3,0,0.6397598385810852
3688,5,2,0,0.6770510673522949
3689,7,2,0,0.4593491554260254
3690,9,5,0,0.8674848675727844
3691,1,3,0,0.5959603190422058
3692,4,3,0,0.6216920614242554
3693,6,3,0,0.8726294040679932
3694,2,2,1,0.5694931745529175
3695,8,2,0,0.8089399933815002
3696,4,0,0,0.49489453434944153
3697,4,8,0,0.8580434322357178
3698,8,0,0,0.6461967825889587
3699,9,2,0,0.9427141547203064
3700,3,0,0,0.7455662488937378
3701,1,2,0,0.8008579015731812
3702,1,0,0,0.5832261443138123
3703,6,0,0,0.45018672943115234
3704,5,2,0,0.7388544678688049
3705,8,3,0,0.706750214099884
3706,4,2,0,0.3985803425312042
3707,6,3,0,0.6424265503883362
3708,4,3,0,0.7460006475448608
3709,5,2,0,0.8424215912818909
3710,2,3,0,0.8076329827308655
3711,6,3,0,0.6599107384681702
3712,4,3,0,0.646277904510498
3713,2,6,0,0.7195606827735901
3714,3,2,0,0.9420334100723267
3715,1,0,0,0.5050970911979675
3716,3,5,0,0.7132180333137512
3717,6,3,0,0.44532620906829834
3718,8,2,0,0.7585580348968506
3719,5,2,0,0.7569303512573242
3720,2,2,1,0.7347229719161987
3721,2,9,0,0.5677502155303955
3722,7,2,0,0.4373236298561096
3723,1,3,0,0.6182254552841187
3724,6,2,0,0.6499278545379639
3725,2,2,1,0.4658014178276062
3726,5,2,0,0.8313855528831482
3727,9,9,1,0.7259308099746704
3728,2,2,1,0.808543860912323
3729,8,3,0,0.5475680828094482
3730,1,2,0,0.6771398186683655
3731,6,3,0,0.4897330403327942
3732,9,2,0,0.530300498008728
3733,2,9,0,0.822265625
3734,7,2,0,0.5902236104011536
3735,5,2,0,0.4641173481941223
3736,3,2,0,0.8694442510604858
3737,2,2,1,0.8073646426200867
3738,9,2,0,0.649573028087616
3739,7,2,0,0.6429743766784668
3740,0,2,0,0.6185948252677917
3741,2,5,0,0.8481528759002686
3742,9,2,0,0.5977070927619934
3743,3,2,0,0.4929046928882599
3744,4,3,0,0.6889770030975342
3745,1,2,0,0.7590898871421814
3746,7,6,0,0.4664515554904938
3747,9,3,0,0.5344699025154114
3748,5,6,0,0.8365804553031921
3749,8,3,0,0.7319200038909912
3750,9,0,0,0.5616506934165955
3751,7,2,0,0.9072640538215637
3752,3,2,0,0.6163832545280457
3753,4,6,0,0.5711955428123474
3754,0,2,0,0.5588046312332153
3755,9,2,0,0.742881715297699
3756,7,0,0,0.5078092217445374
3757,4,2,0,0.48545655608177185
3758,2,2,1,0.6981107592582703
3759,4,2,0,0.564475953578949
3760,7,3,0,0.46051907539367676
3761,0,2,0,0.8370564579963684
3762,1,2,0,0.7870357036590576
3763,8,9,0,0.5350645184516907
3764,1,3,0,0.7014517784118652
3765,0,2,0,0.42828887701034546
3766,4,2,0,0.8280966877937317
3767,6,2,0,0.5193231701850891
3768,1,2,0,0.603066623210907
3769,9,2,0,0.3827005922794342
3770,9,6,0,0.651974618434906
3771,2,2,1,0.5239425897598267
3772,1,2,0,0.5760361552238464
3773,2,3,0,0.6718464493751526
3774,5,2,0,0.7552972435951233
3775,6,2,0,0.7277576327323914
3776,9,2,0,0.7137545347213745
3777,7,3,0,0.4889485836029053
3778,7,0,0,0.8465758562088013
3779,3,3,1,0.6146328449249268
3780,4,8,0,0.6123059988021851
3781,2,0,0,0.5642737746238708
3782,0,3,0,0.42909571528434753
3783,2,2,1,0.47161343693733215
3784,5,3,0,0.7252392172813416
3785,6,2,0,0.27567970752716064
3786,7,9,0,0.7124819755554199
3787,3,3,1,0.8027369379997253
3788,7,2,0,0.7436443567276001
3789,9,2,0,0.572062075138092
3790,4,0,0,0.6133647561073303
3791,2,2,1,0.8134403824806213
3792,0,2,0,0.7391102313995361
3793,6,2,0,0.49620938301086426
3794,1,2,0,0.5705589652061462
3795,7,2,0,0.9025326371192932
3796,5,3,0,0.5552173852920532
3797,6,2,0,0.6778337359428406
3798,5,2,0,0.5709567070007324
3799,3,3,1,0.7270293831825256
3800,9,2,0,0.7077176570892334
3801,2,2,1,0.6491089463233948
3802,7,3,0,0.5476489067077637
3803,8,2,0,0.6124107837677002
3804,5,2,0,0.5363814234733582
3805,9,2,0,0.7965327501296997
3806,5,3,0,0.6923177242279053
3807,8,2,0,0.7199594974517822
3808,5,2,0,0.48099079728126526
3809,4,6,0,0.7793564796447754
3810,3,3,1,0.7546313405036926
3811,7,3,0,0.40921223163604736
3812,9,2,0,0.8939374089241028
3813,8,8,1,0.948600172996521
3814,1,9,0,0.6031073927879333
3815,2,2,1,0.4562860429286957
3816,2,3,0,0.545333206653595
3817,8,2,0,0.4414997398853302
3818,9,2,0,0.9487188458442688
3819,3,2,0,0.8631678223609924
3820,0,2,0,0.7594083547592163
3821,8,2,0,0.7743505835533142
3822,4,2,0,0.9176216125488281
3823,0,2,0,0.4915265738964081
3824,2,2,1,0.8082798719406128
3825,0,3,0,0.7683783769607544
3826,1,3,0,0.5722479820251465
3827,4,3,0,0.8391534686088562
3828,1,3,0,0.6743497252464294
3829,8,2,0,0.6227554082870483
3830,5,0,0,0.6083623170852661
3831,5,2,0,0.7023953795433044
3832,7,3,0,0.6355536580085754
3833,9,2,0,0.7000757455825806
3834,8,2,0,0.6387271881103516
3835,3,2,0,0.6072403192520142
3836,7,2,0,0.744994044303894
3837,9,5,0,0.6854503154754639
3838,1,6,0,0.6368545889854431
3839,5,3,0,0.7573308944702148
3840,6,3,0,0.8051897883415222
3841,9,3,0,0.616040050983429
3842,8,2,0,0.9685920476913452
3843,7,3,0,0.7755204439163208
3844,2,2,1,0.8472746014595032
3845,0,0,1,0.44971150159835815
3846,9,3,0,0.5240100622177124
3847,0,3,0,0.6610087156295776
3848,8,0,0,0.6892961859703064
3849,5,2,0,0.6272507905960083
3850,9,2,0,0.7657036185264587
3851,4,2,0,0.6563839912414551
3852,2,0,0,0.6252081990242004
3853,9,2,0,0.8671534657478333
3854,8,2,0,0.9356629848480225
3855,1,2,0,0.9630513191223145
3856,9,9,1,0.6961948275566101
3857,1,2,0,0.5940189957618713
3858,8,6,0,0.6044802069664001
3859,3,2,0,0.644219160079956
3860,7,2,0,0.4964723587036133
3861,6,3,0,0.49636080861091614
3862,4,9,0,0.8209629654884338
3863,2,3,0,0.7234799861907959
3864,3,9,0,0.6174471974372864
3865,7,2,0,0.4330207109451294
3866,0,2,0,0.8515141606330872
3867,3,3,1,0.8694038987159729
3868,5,2,0,0.5116642713546753
3869,8,2,0,0.8752856254577637
3870,8,2,0,0.6611056327819824
3871,8,9,0,0.479566365480423
3872,7,2,0,0.7081692814826965
3873,9,2,0,0.722700834274292
3874,6,3,0,0.6072953939437866
3875,2,3,0,0.45056238770484924
3876,7,2,0,0.7811600565910339
3877,4,3,0,0.38947564363479614
3878,5,3,0,0.6727644801139832
3879,7,2,0,0.531161904335022
3880,6,3,0,0.7855364680290222
3881,7,0,0,0.6409066915512085
3882,1,3,0,0.5023919939994812
3883,7,1,0,0.5706208944320679
3884,3,2,0,0.7829347848892212
3885,6,8,0,0.5851041078567505
3886,8,2,0,0.6830855011940002
3887,2,2,1,0.8231599926948547
3888,6,8,0,0.4791671931743622
3889,6,6,1,0.6598289012908936
3890,7,3,0,0.8346880674362183
3891,1,0,0,0.44269415736198425
3892,5,3,0,0.7483847737312317
3893,9,2,0,0.6566312909126282
3894,7,3,0,0.5427660346031189
3895,1,2,0,0.40742751955986023
3896,7,3,0,0.701770007610321
3897,0,2,0,0.4393503963947296
3898,1,2,0,0.6753300428390503
3899,6,8,0,0.5187675952911377
3900,3,2,0,0.5263503789901733
3901,3,4,0,0.4313730001449585
3902,9,2,0,0.7279449701309204
3903,0,2,0,0.6586493849754333
3904,1,3,0,0.5523499250411987
3905,2,2,1,0.6635598540306091
3906,3,3,1,0.5859333276748657
3907,2,2,1,0.5465060472488403
3908,2,3,0,0.7823576331138611
3909,5,2,0,0.7894620299339294
3910,4,3,0,0.7382277846336365
3911,9,2,0,0.7706922888755798
3912,8,5,0,0.568347156047821
3913,7,2,0,0.6172553896903992
3914,4,3,0,0.4802170395851135
3915,4,2,0,0.8850469589233398
3916,9,0,0,0.5093865394592285
3917,7,2,0,0.6960269212722778
3918,6,5,0,0.6779114603996277
3919,7,8,0,0.9612146615982056
3920,7,2,0,0.7548013925552368
3921,1,2,0,0.6362994909286499
3922,2,3,0,0.7971912622451782
3923,3,2,0,0.7278946042060852
3924,5,2,0,0.6475145816802979
3925,1,3,0,0.6302855610847473
3926,9,3,0,0.7389780282974243
3927,0,2,0,0.5220078229904175
3928,3,2,0,0.5276087522506714
3929,3,0,0,0.6900415420532227
3930,1,3,0,0.5976797342300415
3931,5,2,0,0.702933669090271
3932,6,2,0,0.6228493452072144
3933,6,3,0,0.5552583932876587
3934,2,9,0,0.33408400416374207
3935,4,2,0,0.35144808888435364
3936,6,2,0,0.7327331304550171
3937,8,2,0,0.6209771633148193
3938,8,6,0,0.5959276556968689
3939,9,2,0,0.6182823181152344
3940,6,6,1,0.6086853742599487
3941,6,2,0,0.9440820217132568
3942,1,9,0,0.5711604952812195
3943,0,2,0,0.5235925912857056
3944,7,0,0,0.4691322445869446
3945,5,2,0,0.9017652273178101
3946,8,3,0,0.3721517026424408
3947,2,2,1,0.470745325088501
3948,1,0,0,0.6860218644142151
3949,5,6,0,0.5937603712081909
3950,8,2,0,0.7128427028656006
3951,1,2,0,0.7357240915298462
3952,4,2,0,0.9607710242271423
3953,7,3,0,0.7609961032867432
3954,5,2,0,0.5529019832611084
3955,0,2,0,0.6198498010635376
3956,3,3,1,0.7426444292068481
3957,9,2,0,0.8962367177009583
3958,9,0,0,0.3865174651145935
3959,5,4,0,0.7504765391349792
3960,2,2,1,0.8744631409645081
3961,8,2,0,0.7638997435569763
3962,4,9,0,0.7305610179901123
3963,1,2,0,0.6161936521530151
3964,9,2,0,0.5519033670425415
3965,0,3,0,0.4564664363861084
3966,4,2,0,0.6090168952941895
3967,4,3,0,0.6239612102508545
3968,8,3,0,0.5744599103927612
3969,2,3,0,0.6772343516349792
3970,9,3,0,0.7745423316955566
3971,0,2,0,0.615186333656311
3972,7,0,0,0.5834447741508484
3973,9,2,0,0.5421106815338135
3974,8,2,0,0.3419497013092041
3975,7,3,0,0.5242488384246826
3976,1,9,0,0.46357816457748413
3977,3,2,0,0.7608749270439148
3978,2,3,0,0.7749961614608765
3979,9,3,0,0.8284928798675537
3980,9,2,0,0.4369206726551056
3981,5,8,0,0.8733457922935486
3982,9,8,0,0.9105234742164612
3983,7,2,0,0.6466584205627441
3984,6,2,0,0.7062022089958191
3985,7,2,0,0.6319944262504578
3986,7,6,0,0.7769038081169128
3987,1,9,0,0.4541341960430145
3988,1,3,0,0.7002566456794739
3989,2,2,1,0.594027042388916
3990,4,2,0,0.8763408660888672
3991,2,3,0,0.7568331956863403
3992,0,2,0,0.8703306913375854
3993,6,2,0,0.7276383638381958
3994,8,2,0,0.5610689520835876
3995,7,2,0,0.8455615043640137
3996,6,3,0,0.6389222741127014
3997,2,3,0,0.3578106760978699
3998,2,5,0,0.61055988073349
3999,9,6,0,0.5795395970344543
4000,8,3,0,0.4850773811340332
4001,2,2,1,0.5384553074836731
4002,4,3,0,0.6808153390884399
4003,2,8,0,0.8149430751800537
4004,0,3,0,0.8458440899848938
4005,5,1,0,0.6451965570449829
4006,8,2,0,0.5736110210418701
4007,6,2,0,0.7546040415763855
4008,8,8,1,0.6732493042945862
4009,2,2,1,0.7982211709022522
4010,7,0,0,0.6930543780326843
4011,7,9,0,0.5656964182853699
4012,3,3,1,0.7553040385246277
4013,1,6,0,0.5611317753791809
4014,8,0,0,0.4699464738368988
4015,1,2,0,0.7979307174682617
4016,6,6,1,0.4234369397163391
4017,5,3,0,0.5989413857460022
4018,9,3,0,0.501257061958313
4019,7,2,0,0.2746843099594116
4020,8,2,0,0.7326804399490356
4021,9,3,0,0.6495930552482605
4022,6,2,0,0.524080753326416
4023,4,2,0,0.48471301794052124
4024,8,0,0,0.6000635027885437
4025,1,2,0,0.8441466093063354
4026,9,2,0,0.5199573636054993
4027,4,2,0,0.35338473320007324
4028,0,4,0,0.47325125336647034
4029,4,2,0,0.6119742393493652
4030,1,3,0,0.7546026110649109
4031,4,3,0,0.6215195655822754
4032,3,2,0,0.7937684655189514
4033,6,2,0,0.7901661992073059
4034,2,3,0,0.5971278548240662
4035,2,3,0,0.7110527157783508
4036,7,0,0,0.5694742798805237
4037,0,2,0,0.5673311352729797
4038,0,3,0,0.45329514145851135
4039,7,3,0,0.6447996497154236
4040,0,2,0,0.4138438403606415
4041,7,2,0,0.6052271723747253
4042,4,2,0,0.6673476696014404
4043,3,3,1,0.607353150844574
4044,6,3,0,0.5060572624206543
4045,7,2,0,0.664993941783905
4046,7,2,0,0.6507894396781921
4047,4,2,0,0.5882447361946106
4048,5,8,0,0.8223122954368591
4049,4,2,0,0.8121938109397888
4050,3,6,0,0.2985410988330841
4051,5,2,0,0.7392339706420898
4052,5,2,0,0.7494335174560547
4053,4,3,0,0.5532407164573669
4054,7,2,0,0.7660781741142273
4055,1,2,0,0.8819712400436401
4056,0,2,0,0.6450103521347046
4057,7,3,0,0.42671453952789307
4058,7,3,0,0.4424724280834198
4059,1,3,0,0.5325934290885925
4060,6,3,0,0.5291159152984619
4061,5,2,0,0.5224395990371704
4062,0,2,0,0.8008092641830444
4063,7,2,0,0.7325888276100159
4064,7,2,0,0.6234333515167236
4065,4,3,0,0.8038612604141235
4066,6,9,0,0.6780474185943604
4067,1,3,0,0.4381859004497528
4068,8,2,0,0.6322767734527588
4069,5,2,0,0.6914104223251343
4070,9,0,0,0.6601329445838928
4071,3,2,0,0.530841052532196
4072,5,3,0,0.5465161204338074
4073,6,3,0,0.5838430523872375
4074,2,0,0,0.6959790587425232
4075,2,9,0,0.47654297947883606
4076,7,9,0,0.65277498960495
4077,3,2,0,0.7385361790657043
4078,5,2,0,0.91508948802948
4079,8,0,0,0.6511853933334351
4080,1,2,0,0.6532396078109741
4081,0,0,1,0.4961932599544525
4082,6,2,0,0.9119580388069153
4083,8,2,0,0.8596349954605103
4084,7,3,0,0.4669886827468872
4085,8,2,0,0.47459328174591064
4086,8,2,0,0.4391285181045532
4087,5,8,0,0.5782328248023987
4088,7,3,0,0.5356279611587524
4089,5,8,0,0.43234139680862427
4090,4,2,0,0.32035937905311584
4091,9,3,0,0.5759045481681824
4092,7,2,0,0.5315402150154114
4093,3,2,0,0.8023446202278137
4094,3,3,1,0.4984819293022156
4095,8,2,0,0.7314276099205017
4096,8,2,0,0.7497586011886597
4097,3,2,0,0.9023964405059814
4098,9,2,0,0.5788251161575317
4099,4,2,0,0.5239182114601135
4100,7,3,0,0.7627043128013611
4101,2,2,1,0.9182549118995667
4102,0,2,0,0.888768196105957
4103,8,0,0,0.46915170550346375
4104,0,2,0,0.4022030830383301
4105,7,3,0,0.6731002926826477
4106,3,2,0,0.6364187002182007
4107,3,2,0,0.6609664559364319
4108,2,3,0,0.5107787847518921
4109,5,2,0,0.7001947164535522
4110,2,3,0,0.8215946555137634
4111,4,2,0,0.7211133241653442
4112,4,3,0,0.9193821549415588
4113,0,3,0,0.6128317713737488
4114,4,3,0,0.6705901026725769
4115,8,3,0,0.40805330872535706
4116,2,8,0,0.7648972272872925
4117,4,5,0,0.5905678272247314
4118,0,3,0,0.6615737080574036
4119,6,9,0,0.5989295840263367
4120,4,2,0,0.7248494625091553
4121,5,2,0,0.6305949091911316
4122,6,2,0,0.6300966739654541
4123,0,2,0,0.9135499596595764
4124,8,0,0,0.46506446599960327
4125,8,8,1,0.5312994122505188
4126,0,3,0,0.7259670495986938
4127,6,9,0,0.8021792769432068
4128,1,2,0,0.3818938136100769
4129,1,3,0,0.3754448890686035
4130,6,8,0,0.7509293556213379
4131,1,5,0,0.550237238407135
4132,4,2,0,0.695004940032959
4133,2,2,1,0.948016881942749
4134,1,2,0,0.8188695907592773
4135,1,3,0,0.46969783306121826
4136,2,2,1,0.7921409606933594
4137,4,2,0,0.7051777243614197
4138,4,6,0,0.8743219971656799
4139,5,2,0,0.9422023296356201
4140,5,2,0,0.5688373446464539
4141,8,5,0,0.6411572098731995
4142,8,2,0,0.5133878588676453
4143,5,3,0,0.7444981932640076
4144,1,2,0,0.7197648286819458
4145,8,3,0,0.5247408151626587
4146,2,2,1,0.9131819009780884
4147,3,2,0,0.6548463702201843
4148,3,9,0,0.6452093124389648
4149,9,2,0,0.8096550703048706
4150,6,2,0,0.8802719116210938
4151,6,2,0,0.5371322631835938
4152,5,2,0,0.5840157866477966
4153,0,3,0,0.6245390176773071
4154,7,2,0,0.6576388478279114
4155,3,9,0,0.6059662699699402
4156,3,2,0,0.7223360538482666
4157,2,3,0,0.5875073075294495
4158,7,3,0,0.5379654169082642
4159,4,2,0,0.7509021759033203
4160,5,3,0,0.5722372531890869
4161,6,2,0,0.7189993262290955
4162,0,8,0,0.6951267123222351
4163,2,6,0,0.5850676894187927
4164,1,3,0,0.7126579284667969
4165,8,2,0,0.8862403631210327
4166,1,3,0,0.7778398990631104
4167,0,2,0,0.8594006896018982
4168,9,2,0,0.7431530356407166
4169,3,2,0,0.5689800381660461
4170,1,6,0,0.5487533211708069
4171,0,5,0,0.6581547856330872
4172,5,2,0,0.8442957401275635
4173,4,2,0,0.6392657160758972
4174,2,2,1,0.7198906540870667
4175,3,2,0,0.8123347759246826
4176,3,0,0,0.5444383025169373
4177,6,2,0,0.9433417320251465
4178,7,3,0,0.3445318937301636
4179,6,2,0,0.8166876435279846
4180,0,0,1,0.6436797976493835
4181,0,3,0,0.5418521165847778
4182,5,3,0,0.7015077471733093
4183,7,3,0,0.634677529335022
4184,4,2,0,0.5415889024734497
4185,7,3,0,0.789984941482544
4186,7,2,0,0.7228581309318542
4187,0,2,0,0.5354154109954834
4188,6,2,0,0.9656916260719299
4189,1,3,0,0.47189316153526306
4190,3,3,1,0.7390999794006348
4191,9,2,0,0.6263824701309204
4192,0,3,0,0.4770928919315338
4193,9,2,0,0.781134307384491
4194,0,8,0,0.5422259569168091
4195,3,2,0,0.5937908291816711
4196,8,2,0,0.9144107103347778
4197,4,0,0,0.6120943427085876
4198,8,2,0,0.8180497884750366
4199,8,2,0,0.38472458720207214
4200,4,2,0,0.6663536429405212
4201,1,3,0,0.40140318870544434
4202,0,3,0,0.4393564760684967
4203,2,2,1,0.5917573571205139
4204,2,2,1,0.5983468294143677
4205,4,2,0,0.9054699540138245
4206,1,2,0,0.8496614694595337
4207,1,2,0,0.7541239261627197
4208,2,3,0,0.5939748883247375
4209,4,9,0,0.502656102180481
4210,3,3,1,0.45198407769203186
4211,4,2,0,0.5494771003723145
4212,1,2,0,0.6200450658798218
4213,4,3,0,0.6608260273933411
4214,7,3,0,0.8852899074554443
4215,1,3,0,0.7221453785896301
4216,0,2,0,0.5946034789085388
4217,0,2,0,0.7687267661094666
4218,9,2,0,0.8930479288101196
4219,0,2,0,0.8127658367156982
4220,4,3,0,0.5825623869895935
4221,2,2,1,0.5007155537605286
4222,8,2,0,0.5573410391807556
4223,8,0,0,0.702479362487793
4224,5,3,0,0.5401964783668518
4225,5,6,0,0.5675098299980164
4226,0,1,0,0.5155200958251953
4227,4,0,0,0.4841557443141937
4228,0,8,0,0.9919019937515259
4229,8,2,0,0.8838725090026855
4230,6,2,0,0.8104393482208252
4231,2,3,0,0.6846272349357605
4232,5,2,0,0.6934723854064941
4233,9,2,0,0.7949128150939941
4234,2,2,1,0.8997966647148132
4235,9,2,0,0.5053619742393494
4236,1,4,0,0.39749592542648315
4237,1,2,0,0.6735386848449707
4238,5,3,0,0.4280738830566406
4239,4,2,0,0.838168203830719
4240,7,3,0,0.6947112679481506
4241,5,2,0,0.7552778720855713
4242,8,2,0,0.6039458513259888
4243,6,8,0,0.9825591444969177
4244,2,5,0,0.5081385374069214
4245,1,2,0,0.7086907625198364
4246,5,2,0,0.8569268584251404
4247,5,3,0,0.7152674794197083
4248,3,3,1,0.5557485222816467
4249,4,3,0,0.5308317542076111
4250,1,3,0,0.8768852353096008
4251,8,2,0,0.824938952922821
4252,9,6,0,0.7202683687210083
4253,9,3,0,0.6890115141868591
4254,8,3,0,0.7272038459777832
4255,9,2,0,0.5597749948501587
4256,8,2,0,0.46300840377807617
4257,6,3,0,0.8386729955673218
4258,8,3,0,0.8460437655448914
4259,5,2,0,0.7281590700149536
4260,8,2,0,0.64634770154953
4261,9,9,1,0.6665633320808411
4262,4,8,0,0.7842073440551758
4263,6,2,0,0.4226440191268921
4264,2,2,1,0.43098101019859314
4265,6,0,0,0.8876925706863403
4266,3,2,0,0.3899632692337036
4267,7,2,0,0.7529102563858032
4268,4,3,0,0.8026867508888245
4269,0,2,0,0.8619645237922668
4270,0,3,0,0.7361493706703186
4271,1,3,0,0.6987634897232056
4272,7,0,0,0.5115153193473816
4273,5,3,0,0.7449789643287659
4274,1,8,0,0.8385332226753235
4275,5,2,0,0.5438317060470581
4276,9,3,0,0.5648003816604614
4277,3,5,0,0.6533565521240234
4278,1,2,0,0.8388062715530396
4279,6,3,0,0.8565136194229126
4280,8,2,0,0.5646058320999146
4281,7,2,0,0.6287894248962402
4282,3,6,0,0.6512348651885986
4283,6,3,0,0.5174049735069275
4284,9,2,0,0.7237328886985779
4285,1,3,0,0.5279250144958496
4286,2,2,1,0.8529348373413086
4287,0,2,0,0.7142137885093689
4288,1,2,0,0.4984664022922516
4289,7,2,0,0.7466912269592285
4290,2,2,1,0.7965241074562073
4291,6,3,0,0.4899093508720398
4292,1,2,0,0.5383122563362122
4293,9,2,0,0.6847398281097412
4294,0,2,0,0.8879161477088928
4295,0,2,0,0.9172636270523071
4296,8,0,0,0.417452335357666
4297,9,2,0,0.674382746219635
4298,9,8,0,0.674377977848053
4299,2,0,0,0.5827940702438354
4300,8,2,0,0.8840618133544922
4301,6,2,0,0.8971685767173767
4302,2,2,1,0.884292483329773
4303,5,2,0,0.6846994757652283
4304,6,3,0,0.6422958970069885
4305,0,3,0,0.40905430912971497
4306,3,9,0,0.4528501331806183
4307,3,2,0,0.7471099495887756
4308,0,3,0,0.5379052758216858
4309,7,2,0,0.7855781316757202
4310,4,2,0,0.7814328670501709
4311,7,2,0,0.9082029461860657
4312,5,3,0,0.5740808248519897
4313,0,2,0,0.8054457902908325
4314,1,2,0,0.9061269164085388
4315,6,2,0,0.6602314114570618
4316,8,2,0,0.5232520699501038
4317,8,3,0,0.3881240487098694
4318,1,2,0,0.7539810538291931
4319,2,6,0,0.6195013523101807
4320,1,2,0,0.734618067741394
4321,5,2,0,0.7124947905540466
4322,4,2,0,0.5068884491920471
4323,5,3,0,0.7280381321907043
4324,9,2,0,0.9045865535736084
4325,6,2,0,0.7212457060813904
4326,7,2,0,0.8766635656356812
4327,1,4,0,0.4937306046485901
4328,0,2,0,0.555521547794342
4329,6,2,0,0.6346149444580078
4330,9,3,0,0.6227593421936035
4331,2,2,1,0.8918042778968811
4332,7,3,0,0.656556248664856
4333,7,2,0,0.8574610948562622
4334,3,3,1,0.4793449342250824
4335,9,3,0,0.4319995641708374
4336,9,5,0,0.8734748959541321
4337,1,2,0,0.7109253406524658
4338,9,0,0,0.8349043726921082
4339,7,3,0,0.4766390025615692
4340,0,8,0,0.6898508071899414
4341,1,2,0,0.595661997795105
4342,3,3,1,0.6458340287208557
4343,5,5,1,0.6280620694160461
4344,4,3,0,0.682422935962677
4345,6,3,0,0.5358203649520874
4346,3,2,0,0.7675751447677612
4347,8,2,0,0.6068452000617981
4348,8,2,0,0.6734727025032043
4349,0,2,0,0.6962061524391174
4350,4,2,0,0.6346518993377686
4351,8,2,0,0.9033262729644775
4352,3,6,0,0.718120276927948
4353,6,2,0,0.8607376217842102
4354,7,3,0,0.7428441643714905
4355,0,3,0,0.6140676736831665
4356,0,0,1,0.7459473609924316
4357,4,0,0,0.5516393780708313
4358,5,2,0,0.5761718153953552
4359,2,2,1,0.3911927342414856
4360,6,2,0,0.8520215153694153
4361,8,2,0,0.8025577664375305
4362,4,2,0,0.9021613597869873
4363,9,2,0,0.7258054614067078
4364,9,2,0,0.7540304660797119
4365,9,0,0,0.5797410011291504
4366,2,3,0,0.7802595496177673
4367,0,2,0,0.6959430575370789
4368,4,3,0,0.40163931250572205
4369,2,2,1,0.9178796410560608
4370,8,0,0,0.654262125492096
4371,1,3,0,0.711519181728363
4372,1,2,0,0.7169353365898132
4373,0,3,0,0.6994730234146118
4374,0,8,0,0.7919201850891113
4375,3,3,1,0.4367748200893402
4376,7,2,0,0.8608786463737488
4377,4,2,0,0.6292389631271362
4378,1,8,0,0.5111214518547058
4379,1,9,0,0.6469263434410095
4380,9,5,0,0.7290945649147034
4381,7,3,0,0.41448840498924255
4382,7,3,0,0.6759580373764038
4383,4,2,0,0.7810130715370178
4384,6,8,0,0.8823787569999695
4385,8,0,0,0.506601870059967
4386,6,2,0,0.6022694706916809
4387,0,2,0,0.6249274015426636
4388,2,0,0,0.761730432510376
4389,8,2,0,0.9606575965881348
4390,5,2,0,0.7244961857795715
4391,3,2,0,0.788730800151825
4392,5,2,0,0.6022839546203613
4393,3,2,0,0.7815874218940735
4394,5,2,0,0.4057319760322571
4395,7,2,0,0.41138556599617004
4396,9,2,0,0.6765930652618408
4397,8,0,0,0.7099780440330505
4398,4,8,0,0.9012212157249451
4399,4,3,0,0.6454023718833923
4400,3,2,0,0.6752397418022156
4401,1,3,0,0.7781060338020325
4402,4,2,0,0.8455097079277039
4403,8,3,0,0.8728082776069641
4404,3,2,0,0.7376800179481506
4405,6,3,0,0.6688765287399292
4406,5,3,0,0.4010196626186371
4407,3,4,0,0.3562357723712921
4408,0,3,0,0.793517529964447
4409,8,3,0,0.7042803764343262
4410,9,6,0,0.5828438997268677
4411,5,2,0,0.488101601600647
4412,7,8,0,0.7835433483123779
4413,6,2,0,0.9164474010467529
4414,2,1,0,0.5628403425216675
4415,0,2,0,0.41874369978904724
4416,4,2,0,0.5068211555480957
4417,9,3,0,0.5983213782310486
4418,9,3,0,0.767456591129303
4419,0,0,1,0.46923619508743286
4420,5,3,0,0.5952766537666321
4421,2,3,0,0.49949967861175537
4422,3,3,1,0.555324137210846
4423,6,2,0,0.45207110047340393
4424,1,3,0,0.5551649332046509
4425,1,3,0,0.6686617732048035
4426,0,3,0,0.5650543570518494
4427,2,4,0,0.5588675141334534
4428,8,2,0,0.7130839228630066
4429,2,2,1,0.8190838694572449
4430,1,3,0,0.4529746174812317
4431,1,3,0,0.5963616371154785
4432,7,2,0,0.7296168804168701
4433,5,9,0,0.49335265159606934
4434,2,2,1,0.6262410283088684
4435,3,2,0,0.5638783574104309
4436,4,2,0,0.4769119918346405
4437,1,2,0,0.48052772879600525
4438,2,2,1,0.857844352722168
4439,9,3,0,0.5143952965736389
4440,2,3,0,0.45667997002601624
4441,1,2,0,0.7380577325820923
4442,3,3,1,0.644455075263977
4443,4,3,0,0.6965593695640564
4444,8,0,0,0.6040807366371155
4445,9,6,0,0.5820724964141846
4446,0,3,0,0.6696072816848755
4447,0,0,1,0.6790447235107422
4448,4,2,0,0.8492568731307983
4449,9,3,0,0.509039580821991
4450,0,5,0,0.4291630685329437
4451,2,0,0,0.6008597612380981
4452,2,2,1,0.5291274189949036
4453,0,9,0,0.6075949668884277
4454,6,2,0,0.8682645559310913
4455,8,2,0,0.7505419850349426
4456,7,2,0,0.6563074588775635
4457,3,2,0,0.9618610739707947
4458,3,2,0,0.6612879037857056
4459,8,3,0,0.6098875403404236
4460,9,3,0,0.7900801301002502
4461,0,2,0,0.5326527953147888
4462,2,3,0,0.6512854099273682
4463,5,2,0,0.7581501603126526
4464,3,3,1,0.6755091547966003
4465,6,0,0,0.6116206049919128
4466,1,3,0,0.6703947186470032
4467,3,2,0,0.4839867055416107
4468,9,3,0,0.6679465174674988
4469,5,3,0,0.45076581835746765
4470,0,0,1,0.6022621989250183
4471,5,2,0,0.6206415295600891
4472,4,3,0,0.5689471960067749
4473,4,9,0,0.7862730026245117
4474,0,2,0,0.5352688431739807
4475,1,8,0,0.5965366959571838
4476,1,2,0,0.6896941065788269
4477,6,3,0,0.4438222646713257
4478,1,3,0,0.8875128626823425
4479,7,3,0,0.5739057660102844
4480,9,3,0,0.5593876242637634
4481,9,9,1,0.7046358585357666
4482,6,2,0,0.5078640580177307
4483,2,2,1,0.9824574589729309
4484,4,2,0,0.8900546431541443
4485,3,2,0,0.8363772630691528
4486,8,2,0,0.41904136538505554
4487,3,2,0,0.7507932186126709
4488,4,2,0,0.7704950571060181
4489,7,3,0,0.5017669796943665
4490,0,0,1,0.7146020531654358
4491,2,0,0,0.721648633480072
4492,8,3,0,0.3994492292404175
4493,4,3,0,0.7212954759597778
4494,8,2,0,0.6328810453414917
4495,3,3,1,0.6423363089561462
4496,8,0,0,0.8013565540313721
4497,8,3,0,0.7219510078430176
4498,8,3,0,0.4660740792751312
4499,3,2,0,0.6223350167274475
4500,3,3,1,0.7222011685371399
4501,5,2,0,0.8517398834228516
4502,7,3,0,0.9080855250358582
4503,7,3,0,0.5638567805290222
4504,0,3,0,0.6378599405288696
4505,4,4,1,0.4635286033153534
4506,1,2,0,0.7918898463249207
4507,5,3,0,0.7568363547325134
4508,9,2,0,0.6455549001693726
4509,7,2,0,0.5335891246795654
4510,0,3,0,0.49174654483795166
4511,6,3,0,0.5146006345748901
4512,8,0,0,0.42580315470695496
4513,4,2,0,0.7649458646774292
4514,9,2,0,0.9402941465377808
4515,0,3,0,0.4062936007976532
4516,1,3,0,0.5468659996986389
4517,8,3,0,0.5211279392242432
4518,9,3,0,0.5179106593132019
4519,6,3,0,0.4725167751312256
4520,3,2,0,0.6716602444648743
4521,9,2,0,0.6171318888664246
4522,2,2,1,0.5379297137260437
4523,4,2,0,0.7530080080032349
4524,4,9,0,0.44340887665748596
4525,0,5,0,0.4918755292892456
4526,3,9,0,0.8457750678062439
4527,3,3,1,0.7295108437538147
4528,5,2,0,0.6037746667861938
4529,4,6,0,0.5315320491790771
4530,5,2,0,0.6475340723991394
4531,1,2,0,0.7426410913467407
4532,1,5,0,0.47694918513298035
4533,8,2,0,0.791495144367218
4534,2,2,1,0.8039008378982544
4535,2,2,1,0.4928675591945648
4536,9,2,0,0.6980232000350952
4537,3,2,0,0.6668707728385925
4538,7,3,0,0.6809974908828735
4539,8,2,0,0.4002968966960907
4540,9,9,1,0.7117223739624023
4541,2,3,0,0.6566333770751953
4542,3,2,0,0.43365228176116943
4543,1,6,0,0.5439193248748779
4544,7,3,0,0.2975670099258423
4545,3,2,0,0.7294763326644897
4546,2,2,1,0.4626621901988983
4547,3,2,0,0.858461856842041
4548,0,2,0,0.6674414277076721
4549,1,0,0,0.6165072917938232
4550,9,2,0,0.4269845485687256
4551,5,2,0,0.6262929439544678
4552,5,2,0,0.8252764940261841
4553,3,0,0,0.34274500608444214
4554,4,8,0,0.3391428589820862
4555,5,6,0,0.5338125824928284
4556,2,2,1,0.504953145980835
4557,0,2,0,0.45362406969070435
4558,0,3,0,0.4925340712070465
4559,3,2,0,0.8046988844871521
4560,1,3,0,0.36277469992637634
4561,3,5,0,0.6328784823417664
4562,4,3,0,0.5775827765464783
4563,7,2,0,0.5832046866416931
4564,4,2,0,0.980647087097168
4565,2,4,0,0.7943916320800781
4566,8,0,0,0.8241615891456604
4567,4,3,0,0.5958921313285828
4568,8,0,0,0.3347184360027313
4569,9,3,0,0.7284754514694214
4570,9,2,0,0.4857643246650696
4571,4,2,0,0.912462592124939
4572,2,0,0,0.43004611134529114
4573,4,2,0,0.49371597170829773
4574,3,4,0,0.6046631336212158
4575,6,2,0,0.5372456312179565
4576,4,2,0,0.5066104531288147
4577,6,8,0,0.6474714279174805
4578,4,2,0,0.495626300573349
4579,6,2,0,0.7700250148773193
4580,6,2,0,0.7188591957092285
4581,3,2,0,0.5093352198600769
4582,8,3,0,0.6895512342453003
4583,7,3,0,0.6408268809318542
4584,4,2,0,0.5477734804153442
4585,8,2,0,0.6545149087905884
4586,0,2,0,0.6730387210845947
4587,5,5,1,0.6485899686813354
4588,9,0,0,0.5330784320831299
4589,3,2,0,0.9221776127815247
4590,9,2,0,0.5629231929779053
4591,0,8,0,0.3292650878429413
4592,7,2,0,0.5578109622001648
4593,5,0,0,0.49827420711517334
4594,1,2,0,0.7111501097679138
4595,9,9,1,0.6666301488876343
4596,7,2,0,0.5955786108970642
4597,9,2,0,0.8367812037467957
4598,1,2,0,0.5556910634040833
4599,8,5,0,0.5635570287704468
4600,4,2,0,0.7531071305274963
4601,2,2,1,0.9446545839309692
4602,1,2,0,0.7432330250740051
4603,6,3,0,0.7095913290977478
4604,4,2,0,0.5362852811813354
4605,3,2,0,0.8034626245498657
4606,0,0,1,0.6691964268684387
4607,1,3,0,0.666883647441864
4608,4,2,0,0.625193178653717
4609,8,2,0,0.6526963710784912
4610,6,2,0,0.6109528541564941
4611,1,3,0,0.7153961658477783
4612,7,2,0,0.7263357639312744
4613,1,3,0,0.5263367295265198
4614,3,2,0,0.8210034370422363
4615,5,2,0,0.2611398994922638
4616,4,2,0,0.8771092295646667
4617,3,2,0,0.7730101943016052
4618,3,3,1,0.5899339318275452
4619,9,2,0,0.600820779800415
4620,7,7,1,0.375106543302536
4621,8,2,0,0.4234907627105713
4622,2,2,1,0.6390781998634338
4623,5,2,0,0.5796992182731628
4624,5,2,0,0.8394197821617126
4625,4,2,0,0.9023362994194031
4626,5,5,1,0.4221450984477997
4627,4,2,0,0.906441867351532
4628,5,3,0,0.7102387547492981
4629,7,3,0,0.6700006127357483
4630,2,2,1,0.8059064149856567
4631,5,3,0,0.5868136286735535
4632,5,6,0,0.6390397548675537
4633,1,3,0,0.5849575400352478
4634,7,3,0,0.756725013256073
4635,7,8,0,0.582545280456543
4636,8,2,0,0.6560775637626648
4637,3,2,0,0.6837204694747925
4638,6,6,1,0.6733814477920532
4639,0,2,0,0.7797066569328308
4640,2,9,0,0.6390071511268616
4641,5,2,0,0.6126942038536072
4642,2,2,1,0.65053391456604
4643,3,2,0,0.9036213755607605
4644,7,0,0,0.6620315909385681
4645,4,3,0,0.4392922520637512
4646,2,2,1,0.7124605178833008
4647,1,2,0,0.5533387064933777
4648,6,2,0,0.4967675507068634
4649,8,0,0,0.6112321615219116
4650,6,2,0,0.8413359522819519
4651,8,2,0,0.6382163166999817
4652,3,2,0,0.43148693442344666
4653,2,2,1,0.8969926238059998
4654,7,3,0,0.7624592185020447
4655,7,2,0,0.612692654132843
4656,9,2,0,0.6042008399963379
4657,7,2,0,0.44163474440574646
4658,1,8,0,0.42473870515823364
4659,4,3,0,0.724199652671814
4660,7,1,0,0.44376689195632935
4661,4,6,0,0.7906333208084106
4662,6,2,0,0.4956638514995575
4663,1,5,0,0.4233933389186859
4664,7,3,0,0.565924346446991
4665,3,3,1,0.6980053186416626
4666,0,0,1,0.5604024529457092
4667,0,9,0,0.5288032293319702
4668,6,2,0,0.8205571174621582
4669,6,2,0,0.5780998468399048
4670,8,2,0,0.7183718085289001
4671,6,9,0,0.6518144607543945
4672,6,2,0,0.5819973349571228
4673,0,6,0,0.6341007947921753
4674,3,3,1,0.8268792629241943
4675,4,2,0,0.7837260365486145
4676,7,3,0,0.6969736814498901
4677,4,2,0,0.7134066224098206
4678,9,3,0,0.6252710223197937
4679,4,2,0,0.6738070249557495
4680,9,3,0,0.6987720131874084
4681,9,0,0,0.7118369936943054
4682,3,3,1,0.8322383165359497
4683,4,3,0,0.43374204635620117
4684,1,1,1,0.37894973158836365
4685,4,2,0,0.4634603261947632
4686,0,2,0,0.687443196773529
4687,3,0,0,0.6693634390830994
4688,7,2,0,0.7948513031005859
4689,1,3,0,0.6938087344169617
4690,2,3,0,0.7060812711715698
4691,2,3,0,0.5507403016090393
4692,8,9,0,0.6544917225837708
4693,4,6,0,0.6695515513420105
4694,7,0,0,0.654285192489624
4695,8,2,0,0.8312234282493591
4696,5,2,0,0.8419474959373474
4697,5,2,0,0.8476660251617432
4698,6,3,0,0.6817736029624939
4699,5,2,0,0.9849249124526978
4700,6,2,0,0.6005280017852783
4701,0,3,0,0.6910036206245422
4702,6,2,0,0.9344287514686584
4703,4,2,0,0.5532912611961365
4704,9,6,0,0.8162764310836792
4705,3,9,0,0.6497395634651184
4706,2,2,1,0.457728773355484
4707,7,2,0,0.8506414294242859
4708,3,5,0,0.676464319229126
4709,8,2,0,0.6257268190383911
4710,3,3,1,0.6377860903739929
4711,9,2,0,0.7644119262695312
4712,4,2,0,0.775407612323761
4713,1,5,0,0.4245644211769104
4714,6,2,0,0.687691330909729
4715,9,2,0,0.8641084432601929
4716,9,2,0,0.6637833118438721
4717,4,8,0,0.851860761642456
4718,3,2,0,0.46197208762168884
4719,9,2,0,0.717376172542572
4720,8,3,0,0.43219131231307983
4721,1,8,0,0.5805575251579285
4722,6,2,0,0.6759768724441528
4723,9,2,0,0.7076322436332703
4724,5,2,0,0.7375327348709106
4725,9,2,0,0.5168419480323792
4726,0,9,0,0.45567449927330017
4727,9,2,0,0.6869332790374756
4728,7,2,0,0.7144954204559326
4729,2,2,1,0.5032252669334412
4730,2,2,1,0.7778123617172241
4731,4,2,0,0.6519688367843628
4732,2,9,0,0.48158755898475647
4733,6,2,0,0.923709511756897
4734,4,2,0,0.7400662899017334
4735,8,2,0,0.6795716881752014
4736,1,3,0,0.5264261364936829
4737,9,0,0,0.5971395969390869
4738,5,3,0,0.39959824085235596
4739,6,2,0,0.8842849731445312
4740,5,2,0,0.7779535055160522
4741,1,2,0,0.8314361572265625
4742,8,2,0,0.8028489947319031
4743,6,2,0,0.6481409668922424
4744,6,3,0,0.958436906337738
4745,7,2,0,0.5228119492530823
4746,6,3,0,0.7374526262283325
4747,5,3,0,0.5221717953681946
4748,0,2,0,0.7517184019088745
4749,2,2,1,0.8538635969161987
4750,7,2,0,0.834083616733551
4751,6,8,0,0.8488913178443909
4752,1,2,0,0.7756317257881165
4753,2,2,1,0.8872734308242798
4754,3,9,0,0.5875609517097473
4755,1,0,0,0.6163547039031982
4756,6,2,0,0.6223097443580627
4757,4,3,0,0.8189581632614136
4758,9,3,0,0.8268999457359314
4759,0,3,0,0.8177157044410706
4760,3,3,1,0.7147094011306763
4761,9,9,1,0.8973268270492554
4762,1,2,0,0.9021552801132202
4763,0,2,0,0.6701253652572632
4764,5,2,0,0.6217843294143677
4765,3,5,0,0.4857572019100189
4766,1,3,0,0.6476132869720459
4767,6,2,0,0.788788914680481
4768,9,3,0,0.5570889711380005
4769,8,3,0,0.4947243928909302
4770,9,9,1,0.7961581349372864
4771,0,0,1,0.7480927109718323
4772,6,6,1,0.7860437035560608
4773,1,0,0,0.5281491279602051
4774,6,2,0,0.6118125319480896
4775,2,9,0,0.5508812665939331
4776,3,2,0,0.89205002784729
4777,5,6,0,0.7956027984619141
4778,6,2,0,0.6809092164039612
4779,9,2,0,0.5891826748847961
4780,0,2,0,0.8481665849685669
4781,7,2,0,0.7134271860122681
4782,2,2,1,0.6168146729469299
4783,4,3,0,0.7325026988983154
4784,0,9,0,0.47399377822875977
4785,3,6,0,0.8110637664794922
4786,6,2,0,0.9260856509208679
4787,8,2,0,0.5808764100074768
4788,6,3,0,0.5198115110397339
4789,9,2,0,0.7757675051689148
4790,1,5,0,0.6201426386833191
4791,9,3,0,0.6379362344741821
4792,0,2,0,0.5521910786628723
4793,6,2,0,0.4665313959121704
4794,4,6,0,0.6408268809318542
4795,5,3,0,0.8332746624946594
4796,9,2,0,0.8821419477462769
4797,5,2,0,0.9417979717254639
4798,4,3,0,0.40949076414108276
4799,1,2,0,0.40728703141212463
4800,9,2,0,0.6845638751983643
4801,2,2,1,0.7823128700256348
4802,0,2,0,0.5347794890403748
4803,7,2,0,0.5956723690032959
4804,3,3,1,0.6456738114356995
4805,5,3,0,0.428635835647583
4806,1,2,0,0.9054718613624573
4807,8,2,0,0.8020752668380737
4808,3,3,1,0.6172846555709839
4809,0,2,0,0.8398025631904602
4810,5,2,0,0.609885036945343
4811,2,9,0,0.6714798212051392
4812,8,2,0,0.9488344788551331
4813,8,3,0,0.37937161326408386
4814,3,2,0,0.8903905153274536
4815,9,2,0,0.6143216490745544
4816,6,6,1,0.6677883267402649
4817,0,2,0,0.8189245462417603
4818,3,2,0,0.630557119846344
4819,5,9,0,0.5166671872138977
4820,3,0,0,0.456549733877182
4821,4,2,0,0.5095804333686829
4822,1,3,0,0.7624427080154419
4823,5,2,0,0.6305598616600037
4824,0,2,0,0.9075141549110413
4825,7,2,0,0.8697088360786438
4826,3,3,1,0.6959673166275024
4827,9,2,0,0.7192600965499878
4828,4,2,0,0.8308207988739014
4829,5,2,0,0.46699121594429016
4830,3,3,1,0.4163636863231659
4831,1,2,0,0.8161467909812927
4832,4,3,0,0.6220423579216003
4833,2,0,0,0.6019962430000305
4834,4,7,0,0.4539680778980255
4835,9,2,0,0.8082374930381775
4836,9,2,0,0.6978261470794678
4837,7,2,0,0.767664909362793
4838,1,3,0,0.6815298199653625
4839,7,2,0,0.6374014019966125
4840,0,3,0,0.6281581521034241
4841,1,3,0,0.6340320706367493
4842,2,3,0,0.6159762144088745
4843,1,3,0,0.6599780321121216
4844,5,2,0,0.9622964262962341
4845,3,2,0,0.6759628653526306
4846,8,2,0,0.7288484573364258
4847,4,2,0,0.671845018863678
4848,1,3,0,0.5526689887046814
4849,5,6,0,0.6374474167823792
4850,1,3,0,0.6734733581542969
4851,9,2,0,0.4899415671825409
4852,9,2,0,0.46475517749786377
4853,7,2,0,0.4768199920654297
4854,0,2,0,0.7334845066070557
4855,1,3,0,0.4278261065483093
4856,7,3,0,0.5216719508171082
4857,6,2,0,0.8249542117118835
4858,2,3,0,0.31038275361061096
4859,6,0,0,0.5218400359153748
4860,5,3,0,0.6448377966880798
4861,0,2,0,0.7610036134719849
4862,3,3,1,0.45306462049484253
4863,1,2,0,0.7411729097366333
4864,3,2,0,0.6133661866188049
4865,8,3,0,0.5992117524147034
4866,9,8,0,0.9000299572944641
4867,9,2,0,0.5853263735771179
4868,0,0,1,0.7550093531608582
4869,8,8,1,0.8922555446624756
4870,8,2,0,0.7357921004295349
4871,7,3,0,0.49967312812805176
4872,9,3,0,0.5746048092842102
4873,2,2,1,0.5850585699081421
4874,9,2,0,0.7996102571487427
4875,1,0,0,0.5539443492889404
4876,3,3,1,0.7862057685852051
4877,6,2,0,0.5935734510421753
4878,7,3,0,0.4502311944961548
4879,6,3,0,0.6108041405677795
4880,0,0,1,0.7391747832298279
4881,8,2,0,0.925970196723938
4882,6,6,1,0.4815526306629181
4883,2,3,0,0.9186936020851135
4884,4,3,0,0.5565553307533264
4885,2,8,0,0.641127347946167
4886,3,3,1,0.40255773067474365
4887,5,6,0,0.5569397211074829
4888,5,2,0,0.6384873390197754
4889,4,2,0,0.6317049264907837
4890,1,2,0,0.9031249284744263
4891,6,3,0,0.6407341361045837
4892,7,2,0,0.7009182572364807
4893,1,9,0,0.647743821144104
4894,6,6,1,0.4949072301387787
4895,1,2,0,0.7967575788497925
4896,7,8,0,0.780363142490387
4897,1,2,0,0.5741019248962402
4898,6,2,0,0.550362229347229
4899,2,2,1,0.5758209824562073
4900,3,3,1,0.5167685151100159
4901,0,2,0,0.8974941968917847
4902,4,2,0,0.5075340270996094
4903,2,3,0,0.749675452709198
4904,9,2,0,0.5408132672309875
4905,7,2,0,0.8004949688911438
4906,5,8,0,0.7654196619987488
4907,5,3,0,0.5886186957359314
4908,6,2,0,0.9301896095275879
4909,0,3,0,0.6559197902679443
4910,8,8,1,0.4536841809749603
4911,8,0,0,0.6624687314033508
4912,1,2,0,0.6230276226997375
4913,1,2,0,0.5000035166740417
4914,3,3,1,0.6883440613746643
4915,5,3,0,0.646912693977356
4916,6,2,0,0.529358446598053
4917,5,2,0,0.9371731281280518
4918,3,5,0,0.6517860889434814
4919,8,4,0,0.3272179663181305
4920,7,8,0,0.9229720234870911
4921,5,8,0,0.5915294885635376
4922,0,2,0,0.7408243417739868
4923,7,6,0,0.6450898051261902
4924,7,3,0,0.7925853133201599
4925,5,3,0,0.6730428338050842
4926,7,2,0,0.647075891494751
4927,1,8,0,0.5961107611656189
4928,9,2,0,0.4863192141056061
4929,9,3,0,0.6744238138198853
4930,1,8,0,0.7546769380569458
4931,9,3,0,0.4555237293243408
4932,9,3,0,0.5499785542488098
4933,3,2,0,0.5571231842041016
4934,5,3,0,0.6426336169242859
4935,5,2,0,0.5220642685890198
4936,3,3,1,0.6945316195487976
4937,0,2,0,0.7420812249183655
4938,3,2,0,0.6307563185691833
4939,0,0,1,0.7492109537124634
4940,6,2,0,0.8907176852226257
4941,6,2,0,0.9780689477920532
4942,5,3,0,0.6565972566604614
4943,6,2,0,0.7795330286026001
4944,8,3,0,0.44712597131729126
4945,9,2,0,0.6619287133216858
4946,4,2,0,0.9534226655960083
4947,5,2,0,0.7339867949485779
4948,1,2,0,0.6868183016777039
4949,1,3,0,0.5487590432167053
4950,2,2,1,0.8013285994529724
4951,7,5,0,0.6752620935440063
4952,9,3,0,0.6395167112350464
4953,0,2,0,0.6507715582847595
4954,1,2,0,0.3983437716960907
4955,2,8,0,0.6006106734275818
4956,5,2,0,0.8919317722320557
4957,4,2,0,0.6242960691452026
4958,4,2,0,0.398176908493042
4959,7,2,0,0.6562475562095642
4960,4,0,0,0.6363720893859863
4961,8,2,0,0.6727790832519531
4962,3,3,1,0.5040895342826843
4963,3,3,1,0.7342647910118103
4964,5,3,0,0.5800920724868774
4965,3,9,0,0.6803575754165649
4966,5,9,0,0.8744964599609375
4967,7,2,0,0.5559272170066833
4968,0,0,1,0.7284648418426514
4969,1,3,0,0.5119297504425049
4970,2,3,0,0.5030183792114258
4971,9,3,0,0.7416191697120667
4972,8,9,0,0.6455029845237732
4973,1,3,0,0.6084192991256714
4974,7,9,0,0.5869244337081909
4975,3,2,0,0.9694362282752991
4976,5,3,0,0.5718011260032654
4977,9,8,0,0.9214853644371033
4978,1,2,0,0.9300432801246643
4979,9,2,0,0.6521233916282654
4980,1,2,0,0.4033922851085663
4981,1,1,1,0.4962387681007385
4982,3,3,1,0.8256621360778809
4983,6,2,0,0.8841490745544434
4984,7,2,0,0.4688132703304291
4985,4,2,0,0.5958946943283081
4986,8,0,0,0.7470976114273071
4987,3,2,0,0.9686380624771118
4988,5,2,0,0.6528093814849854
4989,6,2,0,0.6442807912826538
4990,7,2,0,0.7346052527427673
4991,0,0,1,0.7844573855400085
4992,1,8,0,0.5024723410606384
4993,7,0,0,0.4198160469532013
4994,7,3,0,0.7500360012054443
4995,2,9,0,0.6529803276062012
4996,3,2,0,0.7082664966583252
4997,3,2,0,0.749065637588501
4998,5,5,1,0.5230063796043396
4999,1,3,0,0.785696268081665
5000,7,2,0,0.9106114506721497
5001,6,2,0,0.7856005430221558
5002,8,3,0,0.6781392693519592
5003,4,2,0,0.8201396465301514
5004,4,2,0,0.6829568147659302
5005,5,2,0,0.6310910582542419
5006,7,2,0,0.705035924911499
5007,3,2,0,0.5250059962272644
5008,4,2,0,0.6166009306907654
5009,7,2,0,0.6182997226715088
5010,7,3,0,0.612202525138855
5011,3,3,1,0.7266650199890137
5012,6,2,0,0.6319945454597473
5013,0,2,0,0.6222732663154602
5014,7,2,0,0.6917517781257629
5015,2,3,0,0.7317937016487122
5016,6,2,0,0.43839696049690247
5017,7,0,0,0.8256884813308716
5018,4,2,0,0.7060461044311523
5019,1,2,0,0.8742786645889282
5020,8,2,0,0.7708600759506226
5021,0,2,0,0.9029113054275513
5022,2,3,0,0.7924390435218811
5023,2,2,1,0.7604861855506897
5024,1,2,0,0.6926625967025757
5025,5,2,0,0.8471042513847351
5026,4,0,0,0.8559399843215942
5027,0,8,0,0.9315903782844543
5028,9,3,0,0.613683819770813
5029,3,2,0,0.5550903081893921
5030,4,3,0,0.508229672908783
5031,4,3,0,0.43469536304473877
5032,2,2,1,0.7381637096405029
5033,3,2,0,0.9332054853439331
5034,8,3,0,0.6599954962730408
5035,5,3,0,0.5051684975624084
5036,0,3,0,0.6255553364753723
5037,0,3,0,0.529992401599884
5038,4,8,0,0.8401426672935486
5039,6,3,0,0.784521222114563
5040,3,2,0,0.8619964122772217
5041,9,2,0,0.6252018809318542
5042,2,3,0,0.5333950519561768
5043,0,0,1,0.6913602352142334
5044,5,2,0,0.6215722560882568
5045,7,2,0,0.8943256139755249
5046,5,0,0,0.8016272187232971
5047,5,2,0,0.6558091044425964
5048,1,3,0,0.7534670233726501
5049,7,2,0,0.5132501125335693
5050,3,3,1,0.8743044137954712
5051,1,3,0,0.4425505995750427
5052,6,2,0,0.5427459478378296
5053,7,8,0,0.9121269583702087
5054,9,2,0,0.8383577466011047
5055,0,3,0,0.4302225708961487
5056,1,3,0,0.5106552243232727
5057,2,2,1,0.7968279719352722
5058,1,9,0,0.5094816088676453
5059,4,8,0,0.8902767300605774
5060,6,0,0,0.4327285587787628
5061,1,2,0,0.8577553629875183
5062,5,8,0,0.6632155776023865
5063,9,0,0,0.7443631291389465
5064,5,3,0,0.8266591429710388
5065,0,8,0,0.7538449168205261
5066,4,2,0,0.7669042944908142
5067,9,3,0,0.7294007539749146
5068,4,3,0,0.5307475924491882
5069,9,3,0,0.6349665522575378
5070,7,3,0,0.8705571293830872
5071,1,5,0,0.6035601496696472
5072,6,2,0,0.5558111667633057
5073,8,0,0,0.5811461806297302
5074,0,3,0,0.7444653511047363
5075,6,5,0,0.5411519408226013
5076,5,3,0,0.655419647693634
5077,0,2,0,0.8990789651870728
5078,8,2,0,0.8147884011268616
5079,1,2,0,0.5268205404281616
5080,7,6,0,0.3405759036540985
5081,5,3,0,0.8731045722961426
5082,6,8,0,0.5988525748252869
5083,9,9,1,0.7134919166564941
5084,3,3,1,0.870127260684967
5085,2,0,0,0.5540165305137634
5086,3,2,0,0.772042989730835
5087,9,9,1,0.6799308657646179
5088,8,2,0,0.6238086819648743
5089,6,0,0,0.587212324142456
5090,1,3,0,0.634486973285675
5091,0,2,0,0.7045869827270508
5092,9,2,0,0.6024700403213501
5093,0,2,0,0.7713810801506042
5094,9,2,0,0.9447697997093201
5095,8,8,1,0.6021462082862854
5096,7,2,0,0.49454253911972046
5097,7,2,0,0.7884958982467651
5098,5,0,0,0.6079959273338318
5099,2,3,0,0.4448355436325073
5100,3,3,1,0.6646955013275146
5101,5,2,0,0.8462777733802795
5102,5,2,0,0.6324585676193237
5103,7,2,0,0.5675907731056213
5104,8,2,0,0.6019752025604248
5105,7,2,0,0.8606969118118286
5106,6,2,0,0.9094120264053345
5107,9,9,1,0.7760213017463684
5108,1,2,0,0.6582000255584717
5109,9,3,0,0.5194382667541504
5110,8,8,1,0.3729745149612427
5111,6,2,0,0.8324739933013916
5112,5,2,0,0.6830838322639465
5113,6,2,0,0.5004503130912781
5114,7,2,0,0.7914096117019653
5115,5,2,0,0.7961989045143127
5116,6,3,0,0.7499068379402161
5117,7,6,0,0.42059019207954407
5118,2,3,0,0.6782150864601135
5119,5,0,0,0.5593426823616028
5120,9,8,0,0.5175890326499939
5121,6,2,0,0.7790606617927551
5122,6,2,0,0.6689658761024475
5123,7,2,0,0.9545857906341553
5124,0,3,0,0.5663053393363953
5125,1,9,0,0.8673371076583862
5126,0,2,0,0.5452306270599365
5127,1,2,0,0.8285724520683289
5128,3,3,1,0.7115752696990967
5129,2,2,1,0.8407567739486694
5130,5,0,0,0.4882274270057678
5131,6,2,0,0.7872845530509949
5132,1,2,0,0.3144182860851288
5133,2,2,1,0.6036775708198547
5134,5,6,0,0.5092874765396118
5135,1,2,0,0.8278267979621887
5136,9,2,0,0.9065221548080444
5137,9,2,0,0.6889151334762573
5138,8,9,0,0.5494117140769958
5139,6,2,0,0.9786393642425537
5140,8,2,0,0.9311863780021667
5141,6,6,1,0.6614530086517334
5142,8,8,1,0.9192094802856445
5143,9,2,0,0.7463046312332153
5144,0,0,1,0.6043325662612915
5145,4,2,0,0.7638512253761292
5146,0,9,0,0.653191328048706
5147,3,2,0,0.7706321477890015
5148,3,5,0,0.7457888722419739
5149,6,1,0,0.49344295263290405
5150,4,2,0,0.7042882442474365
5151,9,3,0,0.4974015951156616
5152,9,3,0,0.567708432674408
5153,7,2,0,0.604484498500824
5154,2,2,1,0.5880460739135742
5155,3,2,0,0.5951030254364014
5156,5,3,0,0.5181055665016174
5157,6,2,0,0.4107624888420105
5158,4,2,0,0.5713594555854797
5159,6,3,0,0.5602985620498657
5160,0,3,0,0.47547098994255066
5161,3,3,1,0.9071057438850403
5162,7,2,0,0.8123549818992615
5163,5,2,0,0.9180375337600708
5164,0,0,1,0.4446081817150116
5165,2,2,1,0.8392560482025146
5166,9,2,0,0.6381782293319702
5167,2,6,0,0.44104522466659546
5168,7,2,0,0.803648054599762
5169,2,2,1,0.5241502523422241
5170,9,2,0,0.851900577545166
5171,2,3,0,0.48551565408706665
5172,4,3,0,0.6165599226951599
5173,0,3,0,0.6928794384002686
5174,6,3,0,0.6966869831085205
5175,6,3,0,0.683205246925354
5176,3,2,0,0.5261526107788086
5177,4,3,0,0.8491724133491516
5178,5,2,0,0.6176695227622986
5179,5,9,0,0.7750298380851746
5180,9,3,0,0.6826140880584717
5181,1,2,0,0.7905014753341675
5182,1,6,0,0.8126249313354492
5183,4,2,0,0.7045137286186218
5184,4,2,0,0.4820808470249176
5185,3,2,0,0.81903475522995
5186,5,0,0,0.7309888601303101
5187,4,3,0,0.3936072885990143
5188,8,2,0,0.8379916548728943
5189,0,2,0,0.5552617907524109
5190,0,0,1,0.35865700244903564
5191,3,2,0,0.9242926836013794
5192,9,2,0,0.8160099387168884
5193,4,2,0,0.5684061646461487
5194,7,3,0,0.6785194873809814
5195,4,9,0,0.6839547157287598
5196,2,1,0,0.8019488453865051
5197,8,2,0,0.9306432604789734
5198,3,8,0,0.5647720694541931
5199,6,9,0,0.4877643883228302
5200,3,2,0,0.5210608839988708
5201,1,2,0,0.5869909524917603
5202,9,3,0,0.7216200828552246
5203,6,2,0,0.9086704850196838
5204,3,2,0,0.4311561584472656
5205,8,3,0,0.5415520071983337
5206,3,3,1,0.6451355814933777
5207,8,3,0,0.7235017418861389
5208,4,2,0,0.8639799952507019
5209,7,2,0,0.5049110651016235
5210,5,3,0,0.5214773416519165
5211,7,5,0,0.593539834022522
5212,5,2,0,0.8532466292381287
5213,3,3,1,0.8464043140411377
5214,1,2,0,0.5848164558410645
5215,2,3,0,0.3450060486793518
5216,6,3,0,0.5197641253471375
5217,1,2,0,0.8474088907241821
5218,3,9,0,0.5402172207832336
5219,2,2,1,0.7744805812835693
5220,0,6,0,0.6089367866516113
5221,7,2,0,0.7956191897392273
5222,5,3,0,0.8134103417396545
5223,0,2,0,0.7328380346298218
5224,0,3,0,0.76701819896698
5225,0,2,0,0.5321028828620911
5226,1,2,0,0.8082650303840637
5227,4,2,0,0.8558336496353149
5228,3,3,1,0.9200827479362488
5229,5,2,0,0.8289739489555359
5230,8,3,0,0.4703367054462433
5231,4,0,0,0.5530954003334045
5232,3,2,0,0.8955733180046082
5233,1,0,0,0.7579378485679626
5234,7,3,0,0.49187400937080383
5235,1,3,0,0.6077233552932739
5236,0,2,0,0.7438611388206482
5237,4,9,0,0.7364888787269592
5238,2,2,1,0.6335853338241577
5239,4,3,0,0.6360993981361389
5240,1,0,0,0.7428878545761108
5241,4,4,1,0.40996599197387695
5242,0,8,0,0.6529536247253418
5243,1,0,0,0.5987347960472107
5244,2,3,0,0.552242636680603
5245,1,3,0,0.7355031967163086
5246,7,8,0,0.9584554433822632
5247,7,3,0,0.6261869072914124
5248,9,1,0,0.4108412563800812
5249,8,3,0,0.526561439037323
5250,7,9,0,0.5923236012458801
5251,5,2,0,0.7449151873588562
5252,4,2,0,0.7651193737983704
5253,0,3,0,0.5296812653541565
5254,9,9,1,0.6356415152549744
5255,0,2,0,0.9516617059707642
5256,0,2,0,0.7957834601402283
5257,8,2,0,0.6260326504707336
5258,2,2,1,0.47157591581344604
5259,0,2,0,0.6888203024864197
5260,0,2,0,0.6470974683761597
5261,2,2,1,0.5904890298843384
5262,4,4,1,0.4474312365055084
5263,8,3,0,0.5782405138015747
5264,6,2,0,0.8195402026176453
5265,2,2,1,0.6680521965026855
5266,4,8,0,0.43052423000335693
5267,6,2,0,0.7497803568840027
5268,3,2,0,0.6638352870941162
5269,5,2,0,0.41754937171936035
5270,1,2,0,0.6315547823905945
5271,5,3,0,0.7518303990364075
5272,3,3,1,0.5131627321243286
5273,7,3,0,0.5679340958595276
5274,2,2,1,0.6535369157791138
5275,2,2,1,0.6601535081863403
5276,9,0,0,0.39335423707962036
5277,8,2,0,0.8629804253578186
5278,0,2,0,0.6979082226753235
5279,0,5,0,0.43262147903442383
5280,0,5,0,0.5345691442489624
5281,3,2,0,0.8650448322296143
5282,4,2,0,0.4873594343662262
5283,4,3,0,0.6108647584915161
5284,6,2,0,0.7566238045692444
5285,1,3,0,0.5623844861984253
5286,6,2,0,0.580318033695221
5287,7,4,0,0.39883390069007874
5288,4,2,0,0.7588039636611938
5289,4,2,0,0.8431980013847351
5290,3,5,0,0.5840539336204529
5291,9,9,1,0.5575987696647644
5292,4,3,0,0.5226303935050964
5293,0,0,1,0.6200986504554749
5294,8,5,0,0.6014942526817322
5295,0,3,0,0.6011489033699036
5296,4,2,0,0.7636213898658752
5297,6,3,0,0.5360310077667236
5298,5,3,0,0.43033087253570557
5299,7,2,0,0.4967907667160034
5300,9,2,0,0.5235208868980408
5301,7,2,0,0.8396063446998596
5302,0,2,0,0.7773828506469727
5303,5,2,0,0.8674408197402954
5304,7,3,0,0.615007221698761
5305,7,3,0,0.7923765182495117
5306,3,2,0,0.8151521682739258
5307,1,2,0,0.46069085597991943
5308,9,2,0,0.5559287667274475
5309,3,3,1,0.6853992342948914
5310,0,2,0,0.9345624446868896
5311,9,2,0,0.6128009557723999
5312,5,5,1,0.5635446906089783
5313,3,2,0,0.8439010381698608
5314,7,2,0,0.5465701222419739
5315,9,3,0,0.564234733581543
5316,4,2,0,0.8557254672050476
5317,4,2,0,0.5928501486778259
5318,1,2,0,0.8727147579193115
5319,7,2,0,0.6370528936386108
5320,7,9,0,0.7750911712646484
5321,1,3,0,0.5799556970596313
5322,4,2,0,0.6798475980758667
5323,1,2,0,0.4426754117012024
5324,2,3,0,0.7439876794815063
5325,8,0,0,0.3339957594871521
5326,7,2,0,0.519203782081604
5327,0,2,0,0.8443341255187988
5328,0,2,0,0.6744855046272278
5329,4,0,0,0.4423447549343109
5330,7,3,0,0.8183441758155823
5331,2,2,1,0.7808398604393005
5332,9,0,0,0.4611203670501709
5333,7,2,0,0.8473901152610779
5334,6,0,0,0.3862035870552063
5335,9,3,0,0.5093675851821899
5336,3,2,0,0.905254065990448
5337,5,5,1,0.48809748888015747
5338,8,3,0,0.7731441855430603
5339,0,3,0,0.7394784688949585
5340,3,3,1,0.5313824415206909
5341,6,2,0,0.6140643358230591
5342,8,3,0,0.8697243928909302
5343,3,3,1,0.7732976675033569
5344,2,2,1,0.838574230670929
5345,4,2,0,0.678288459777832
5346,7,2,0,0.6866357922554016
5347,1,0,0,0.4073595404624939
5348,1,3,0,0.4013121426105499
5349,3,2,0,0.5275574922561646
5350,9,3,0,0.8233548402786255
5351,7,3,0,0.6719526648521423
5352,5,3,0,0.4866495132446289
5353,1,6,0,0.6189691424369812
5354,0,2,0,0.7924631237983704
5355,8,8,1,0.8188928961753845
5356,7,5,0,0.41266173124313354
5357,0,3,0,0.6434636116027832
5358,1,2,0,0.8378922343254089
5359,6,8,0,0.6439060568809509
5360,9,2,0,0.845936119556427
5361,3,2,0,0.940617561340332
5362,2,2,1,0.6208499073982239
5363,7,3,0,0.6309506893157959
5364,7,2,0,0.8174692988395691
5365,8,3,0,0.7907924652099609
5366,1,0,0,0.8465548753738403
5367,0,2,0,0.87193763256073
5368,3,8,0,0.6978785991668701
5369,4,2,0,0.8376243114471436
5370,6,2,0,0.7109838724136353
5371,7,2,0,0.7678201794624329
5372,5,2,0,0.5682618618011475
5373,2,2,1,0.732830286026001
5374,0,3,0,0.7702797651290894
5375,1,2,0,0.8971608877182007
5376,5,0,0,0.6927677989006042
5377,5,2,0,0.47325143218040466
5378,1,3,0,0.8784388899803162
5379,4,2,0,0.31950676441192627
5380,1,2,0,0.7024416923522949
5381,3,3,1,0.6609920859336853
5382,0,9,0,0.6698972582817078
5383,8,2,0,0.8261082172393799
5384,6,6,1,0.4587629735469818
5385,2,0,0,0.5327868461608887
5386,1,3,0,0.8223803043365479
5387,3,3,1,0.7741683721542358
5388,6,2,0,0.7214764356613159
5389,4,2,0,0.967416524887085
5390,1,5,0,0.5202085375785828
5391,9,2,0,0.6711104512214661
5392,0,3,0,0.4362491965293884
5393,4,9,0,0.6212232708930969
5394,1,6,0,0.5978647470474243
5395,0,8,0,0.484110563993454
5396,1,3,0,0.644454300403595
5397,9,3,0,0.542386531829834
5398,8,0,0,0.8235794305801392
5399,6,0,0,0.8092455863952637
5400,9,2,0,0.5211074352264404
5401,2,0,0,0.5490795969963074
5402,4,8,0,0.5192045569419861
5403,7,2,0,0.8011659383773804
5404,2,2,1,0.6309553384780884
5405,2,2,1,0.8195611238479614
5406,7,3,0,0.6199801564216614
5407,4,4,1,0.6821842193603516
5408,9,0,0,0.3907639682292938
5409,1,3,0,0.7625575065612793
5410,3,6,0,0.8175542950630188
5411,2,3,0,0.900525689125061
5412,6,0,0,0.6116368174552917
5413,3,5,0,0.3915710747241974
5414,4,2,0,0.343112051486969
5415,4,8,0,0.8535982966423035
5416,9,5,0,0.4671478569507599
5417,4,3,0,0.706825315952301
5418,8,2,0,0.5810502767562866
5419,2,2,1,0.7424060702323914
5420,6,3,0,0.4568544924259186
5421,6,8,0,0.9387352466583252
5422,1,8,0,0.5254091024398804
5423,6,2,0,0.5175876617431641
5424,3,3,1,0.7770529985427856
5425,6,2,0,0.3995780646800995
5426,5,3,0,0.4424896836280823
5427,8,2,0,0.6843878626823425
5428,4,2,0,0.5613435506820679
5429,6,2,0,0.894098699092865
5430,7,2,0,0.5957220792770386
5431,1,3,0,0.7280744910240173
5432,9,0,0,0.6409391760826111
5433,3,2,0,0.9482676982879639
5434,6,0,0,0.7263994812965393
5435,7,3,0,0.6223851442337036
5436,6,6,1,0.5237575173377991
5437,0,2,0,0.8985999822616577
5438,7,2,0,0.6767039895057678
5439,1,3,0,0.7387827634811401
5440,9,3,0,0.464344322681427
5441,5,2,0,0.6654442548751831
5442,2,3,0,0.6665349006652832
5443,6,2,0,0.4781641364097595
5444,7,2,0,0.6522912383079529
5445,7,9,0,0.6168462038040161
5446,6,2,0,0.9280056357383728
5447,5,3,0,0.8107143640518188
5448,9,3,0,0.33022528886795044
5449,1,3,0,0.7915036082267761
5450,5,2,0,0.7835222482681274
5451,6,2,0,0.6123738884925842
5452,0,7,0,0.7643376588821411
5453,2,3,0,0.695359468460083
5454,0,3,0,0.5138387084007263
5455,9,5,0,0.6138521432876587
5456,1,2,0,0.3849092721939087
5457,8,2,0,0.6417664289474487
5458,3,0,0,0.5902105569839478
5459,5,3,0,0.48526713252067566
5460,0,2,0,0.5642935633659363
5461,0,2,0,0.7264062166213989
5462,0,2,0,0.8684803247451782
5463,5,3,0,0.4380394220352173
5464,7,6,0,0.5975823998451233
5465,7,2,0,0.71553635597229
5466,8,3,0,0.40848565101623535
5467,5,8,0,0.9060438871383667
5468,5,2,0,0.4169463813304901
5469,5,2,0,0.9463543891906738
5470,1,5,0,0.5220130681991577
5471,6,4,0,0.7823777794837952
5472,1,8,0,0.6920106410980225
5473,5,2,0,0.9135656356811523
5474,1,2,0,0.8048279285430908
5475,0,9,0,0.7223625779151917
5476,6,8,0,0.689765453338623
5477,2,2,1,0.560737669467926
5478,3,3,1,0.8463190197944641
5479,2,0,0,0.6555254459381104
5480,1,2,0,0.7808429598808289
5481,7,3,0,0.803117573261261
5482,5,3,0,0.6630367040634155
5483,1,3,0,0.7915675640106201
5484,9,2,0,0.5963990688323975
5485,8,2,0,0.8593929409980774
5486,3,2,0,0.5737030506134033
5487,6,3,0,0.6276814341545105
5488,9,8,0,0.5814169049263
5489,7,3,0,0.46239176392555237
5490,3,2,0,0.8689668774604797
5491,0,2,0,0.5653630495071411
5492,2,6,0,0.6072050929069519
5493,3,2,0,0.305255264043808
5494,9,2,0,0.564521074295044
5495,4,2,0,0.8515684604644775
5496,4,6,0,0.4177316725254059
5497,3,2,0,0.7322176694869995
5498,9,2,0,0.7910251021385193
5499,6,2,0,0.6377640962600708
5500,8,8,1,0.9348688721656799
5501,6,2,0,0.41753271222114563
5502,6,2,0,0.9090132713317871
5503,8,3,0,0.7977395057678223
5504,5,3,0,0.453147828578949
5505,4,3,0,0.6170971989631653
5506,3,3,1,0.7449057698249817
5507,6,2,0,0.8816519975662231
5508,7,8,0,0.5626366138458252
5509,7,3,0,0.58984375
5510,4,2,0,0.5608769655227661
5511,3,2,0,0.537472128868103
5512,9,3,0,0.4119682013988495
5513,6,2,0,0.581789493560791
5514,2,2,1,0.7068975567817688
5515,4,3,0,0.6681441068649292
5516,0,0,1,0.4788466989994049
5517,1,3,0,0.6637626886367798
5518,3,2,0,0.9200640916824341
5519,6,3,0,0.47135356068611145
5520,4,4,1,0.46159273386001587
5521,9,8,0,0.5320152044296265
5522,2,2,1,0.6734039783477783
5523,6,3,0,0.4985054135322571
5524,0,3,0,0.5013047456741333
5525,3,2,0,0.5617139935493469
5526,8,2,0,0.817045271396637
5527,7,2,0,0.39740249514579773
5528,5,2,0,0.5412303805351257
5529,3,2,0,0.9145885705947876
5530,3,3,1,0.5572596788406372
5531,8,3,0,0.7239793539047241
5532,3,8,0,0.9156705141067505
5533,2,2,1,0.8529195785522461
5534,6,6,1,0.6820225119590759
5535,3,2,0,0.4800436794757843
5536,6,3,0,0.8039312958717346
5537,2,2,1,0.5610483884811401
5538,7,3,0,0.617895781993866
5539,4,3,0,0.6204906105995178
5540,5,2,0,0.44200098514556885
5541,7,3,0,0.8114650249481201
5542,9,2,0,0.5167977809906006
5543,0,0,1,0.6555705666542053
5544,0,3,0,0.7202827334403992
5545,6,3,0,0.7130491137504578
5546,7,2,0,0.7151466608047485
5547,2,3,0,0.7811484336853027
5548,8,2,0,0.4373762309551239
5549,5,9,0,0.7364465594291687
5550,5,9,0,0.7499191164970398
5551,7,2,0,0.7017750144004822
5552,5,3,0,0.48926472663879395
5553,5,3,0,0.7871612310409546
5554,9,2,0,0.52820885181427
5555,4,2,0,0.5394678115844727
5556,6,2,0,0.6404980421066284
5557,4,2,0,0.7295278310775757
5558,7,2,0,0.6957109570503235
5559,3,2,0,0.9230008721351624
5560,3,0,0,0.822921872138977
5561,6,8,0,0.9543232917785645
5562,4,2,0,0.538544774055481
5563,1,2,0,0.9346969127655029
5564,6,2,0,0.7080755233764648
5565,3,2,0,0.8567503690719604
5566,1,3,0,0.48110342025756836
5567,6,2,0,0.5429297089576721
5568,7,2,0,0.48550090193748474
5569,0,2,0,0.6945285797119141
5570,5,2,0,0.5590008497238159
5571,0,2,0,0.7287697792053223
5572,1,9,0,0.7863489985466003
5573,9,3,0,0.710679829120636
5574,7,3,0,0.46640071272850037
5575,3,2,0,0.9086312055587769
5576,5,2,0,0.8548203110694885
5577,2,0,0,0.5369285941123962
5578,3,3,1,0.5749970078468323
5579,9,3,0,0.6643422842025757
5580,5,5,1,0.6202739477157593
5581,6,0,0,0.4243451952934265
5582,4,3,0,0.43805834650993347
5583,0,9,0,0.6928908824920654
5584,0,0,1,0.5262686610221863
5585,0,3,0,0.7244299650192261
5586,8,0,0,0.6023607850074768
5587,0,2,0,0.6651801466941833
5588,3,2,0,0.6312714219093323
5589,2,3,0,0.8122938871383667
5590,4,3,0,0.8403106927871704
5591,5,6,0,0.8273081183433533
5592,3,2,0,0.6093308925628662
5593,7,3,0,0.5161668062210083
5594,9,2,0,0.6695824861526489
5595,6,6,1,0.3926840126514435
5596,9,2,0,0.8628663420677185
5597,3,2,0,0.8536650538444519
5598,1,2,0,0.764923095703125
5599,2,6,0,0.6978278160095215
5600,6,3,0,0.7386643290519714
5601,7,2,0,0.807278573513031
5602,4,5,0,0.5553080439567566
5603,5,3,0,0.7373380064964294
5604,1,2,0,0.5021018981933594
5605,3,3,1,0.6213983297348022
5606,7,3,0,0.8498010039329529
5607,6,8,0,0.5673390030860901
5608,9,5,0,0.5568552017211914
5609,5,8,0,0.4198181927204132
5610,8,9,0,0.8360986709594727
5611,5,2,0,0.6310470104217529
5612,8,2,0,0.6532137989997864
5613,5,3,0,0.5851568579673767
5614,8,3,0,0.701525866985321
5615,5,2,0,0.8640368580818176
5616,6,2,0,0.5776116847991943
5617,5,3,0,0.8200992345809937
5618,0,8,0,0.6071382164955139
5619,8,5,0,0.6387495398521423
5620,3,6,0,0.6703922152519226
5621,8,2,0,0.7236311435699463
5622,1,2,0,0.6726044416427612
5623,8,2,0,0.41692644357681274
5624,1,3,0,0.5114744305610657
5625,5,9,0,0.5124390125274658
5626,0,0,1,0.4838758111000061
5627,9,6,0,0.5868197679519653
5628,8,2,0,0.9379997253417969
5629,6,2,0,0.5914286375045776
5630,3,2,0,0.6319273710250854
5631,6,2,0,0.7327343225479126
5632,3,2,0,0.4529857933521271
5633,4,2,0,0.8407040238380432
5634,4,2,0,0.711143970489502
5635,7,2,0,0.7557013034820557
5636,4,6,0,0.5388258695602417
5637,7,3,0,0.5001877546310425
5638,4,2,0,0.5430610179901123
5639,3,3,1,0.6868568062782288
5640,2,2,1,0.3724623918533325
5641,4,3,0,0.8198251128196716
5642,5,3,0,0.6606875061988831
5643,5,8,0,0.7252079844474792
5644,7,2,0,0.6404772996902466
5645,5,0,0,0.4240368604660034
5646,4,3,0,0.6205602288246155
5647,5,2,0,0.620098352432251
5648,8,6,0,0.5068997740745544
5649,0,2,0,0.7868192791938782
5650,5,3,0,0.44719791412353516
5651,4,2,0,0.576242208480835
5652,0,2,0,0.529183566570282
5653,5,3,0,0.7402772903442383
5654,4,2,0,0.7309769988059998
5655,3,3,1,0.5775290131568909
5656,3,2,0,0.8765831589698792
5657,2,3,0,0.6662492156028748
5658,4,2,0,0.9423597455024719
5659,2,2,1,0.578819215297699
5660,9,3,0,0.6908262968063354
5661,4,2,0,0.365292489528656
5662,8,2,0,0.5183212757110596
5663,8,6,0,0.5176995396614075
5664,6,3,0,0.46773675084114075
5665,2,0,0,0.7630894184112549
5666,6,2,0,0.6588460206985474
5667,1,3,0,0.7695648670196533
5668,7,2,0,0.6339265704154968
5669,0,2,0,0.9050565958023071
5670,4,2,0,0.9411617517471313
5671,3,3,1,0.7321138381958008
5672,8,3,0,0.7265623211860657
5673,5,2,0,0.6347413659095764
5674,9,2,0,0.795415997505188
5675,7,2,0,0.8623523116111755
5676,6,2,0,0.8471392393112183
5677,7,3,0,0.6787192821502686
5678,1,2,0,0.4358922839164734
5679,0,6,0,0.5087915062904358
5680,2,2,1,0.5755646824836731
5681,3,2,0,0.7163758277893066
5682,5,3,0,0.7805010080337524
5683,6,3,0,0.5800008773803711
5684,7,3,0,0.7344629764556885
5685,1,3,0,0.6290260553359985
5686,6,3,0,0.723554790019989
5687,2,0,0,0.6144538521766663
5688,8,2,0,0.6708086729049683
5689,3,3,1,0.678000807762146
5690,7,2,0,0.5901533961296082
5691,2,9,0,0.6230666637420654
5692,5,3,0,0.9304570555686951
5693,7,3,0,0.6935035586357117
5694,5,2,0,0.7264896631240845
5695,7,2,0,0.6583678722381592
5696,7,2,0,0.43322014808654785
5697,1,2,0,0.5218275189399719
5698,7,3,0,0.7244644165039062
5699,4,0,0,0.5964806079864502
5700,3,8,0,0.6029362678527832
5701,3,2,0,0.6167413592338562
5702,4,3,0,0.7180221676826477
5703,0,2,0,0.5517082810401917
5704,4,2,0,0.4881756901741028
5705,2,0,0,0.4323715567588806
5706,7,3,0,0.6593191027641296
5707,0,2,0,0.8111632466316223
5708,2,3,0,0.6198471784591675
5709,2,2,1,0.7845522165298462
5710,6,0,0,0.4976373612880707
5711,6,3,0,0.7253957986831665
5712,2,2,1,0.7657361626625061
5713,5,2,0,0.6968252062797546
5714,2,8,0,0.4256751835346222
5715,6,2,0,0.7125788331031799
5716,0,5,0,0.48534318804740906
5717,6,3,0,0.7160913944244385
5718,1,2,0,0.8005051016807556
5719,2,9,0,0.8218715786933899
5720,9,2,0,0.6757186651229858
5721,0,2,0,0.4934386610984802
5722,0,2,0,0.5320112705230713
5723,1,9,0,0.8307871222496033
5724,5,2,0,0.7470974922180176
5725,5,9,0,0.7462536692619324
5726,1,2,0,0.6925881505012512
5727,6,2,0,0.6349824070930481
5728,7,3,0,0.7011353969573975
5729,8,0,0,0.4220742881298065
5730,5,3,0,0.5550693273544312
5731,6,3,0,0.4698079824447632
5732,3,3,1,0.5171555876731873
5733,3,2,0,0.9496926665306091
5734,6,2,0,0.5531095862388611
5735,0,2,0,0.662584662437439
5736,9,2,0,0.7393589019775391
5737,9,3,0,0.7673222422599792
5738,2,2,1,0.7070725560188293
5739,2,2,1,0.9434976577758789
5740,6,2,0,0.8648498058319092
5741,1,3,0,0.4363158643245697
5742,4,2,0,0.6572088599205017
5743,6,2,0,0.8047001957893372
5744,2,3,0,0.444115549325943
5745,5,3,0,0.5821431875228882
5746,7,3,0,0.3953873813152313
5747,8,3,0,0.38289234042167664
5748,8,3,0,0.8263940811157227
5749,5,0,0,0.5998576283454895
5750,6,9,0,0.6375215649604797
5751,4,8,0,0.6830766201019287
5752,3,5,0,0.4993188977241516
5753,2,0,0,0.7120863199234009
5754,3,2,0,0.6308033466339111
5755,4,3,0,0.53629469871521
5756,4,5,0,0.5645170211791992
5757,4,2,0,0.6240109801292419
5758,8,3,0,0.5698050260543823
5759,9,6,0,0.6019622087478638
5760,2,3,0,0.4851153790950775
5761,6,3,0,0.7824382781982422
5762,0,3,0,0.7631998658180237
5763,9,2,0,0.7637007832527161
5764,7,2,0,0.9631476998329163
5765,9,3,0,0.6209579706192017
5766,8,3,0,0.5345260500907898
5767,7,9,0,0.5734877586364746
5768,7,3,0,0.5451681613922119
5769,3,3,1,0.6311668157577515
5770,8,2,0,0.521318793296814
5771,2,2,1,0.8739039301872253
5772,9,0,0,0.5092313885688782
5773,3,2,0,0.6718025207519531
5774,5,3,0,0.6831592917442322
5775,7,3,0,0.6639841198921204
5776,5,0,0,0.5187526345252991
5777,8,8,1,0.41477563977241516
5778,7,8,0,0.47995471954345703
5779,3,2,0,0.6105517745018005
5780,7,3,0,0.6143360137939453
5781,0,2,0,0.7449650764465332
5782,7,3,0,0.6539654731750488
5783,1,2,0,0.845650315284729
5784,6,2,0,0.8262885808944702
5785,2,2,1,0.9316678047180176
5786,4,2,0,0.7093749642372131
5787,0,8,0,0.7928762435913086
5788,0,3,0,0.7709622383117676
5789,2,2,1,0.7804064154624939
5790,9,3,0,0.5559394955635071
5791,8,3,0,0.29288649559020996
5792,2,3,0,0.6830072402954102
5793,8,2,0,0.8303537964820862
5794,7,3,0,0.8121684193611145
5795,7,3,0,0.685625433921814
5796,5,2,0,0.7170331478118896
5797,5,3,0,0.5342705845832825
5798,0,2,0,0.6706520915031433
5799,1,6,0,0.6854074001312256
5800,2,2,1,0.510674238204956
5801,9,2,0,0.5756015181541443
5802,6,3,0,0.8372617363929749
5803,1,2,0,0.8764674663543701
5804,0,2,0,0.3412756621837616
5805,1,8,0,0.8737114071846008
5806,0,2,0,0.6230871081352234
5807,6,6,1,0.4517069160938263
5808,5,2,0,0.6302477717399597
5809,0,2,0,0.423647940158844
5810,5,3,0,0.6293118596076965
5811,7,2,0,0.7870975136756897
5812,4,1,0,0.496279776096344
5813,4,2,0,0.7785207629203796
5814,8,3,0,0.6563434600830078
5815,3,2,0,0.6220478415489197
5816,5,2,0,0.8242533802986145
5817,3,3,1,0.5648365020751953
5818,7,3,0,0.6306408643722534
5819,2,2,1,0.9342483282089233
5820,5,3,0,0.765507698059082
5821,8,2,0,0.8578261733055115
5822,3,2,0,0.8768224120140076
5823,5,3,0,0.7951474189758301
5824,7,9,0,0.4987305998802185
5825,3,2,0,0.7735695242881775
5826,7,3,0,0.8498715758323669
5827,0,2,0,0.9373230338096619
5828,5,3,0,0.7595464587211609
5829,4,2,0,0.5760096907615662
5830,5,2,0,0.7446489930152893
5831,6,0,0,0.6155130863189697
5832,9,8,0,0.41563883423805237
5833,3,3,1,0.4695914089679718
5834,5,3,0,0.5630243420600891
5835,3,2,0,0.6986004114151001
5836,8,2,0,0.7713826298713684
5837,2,3,0,0.6358916163444519
5838,4,3,0,0.7473616003990173
5839,2,2,1,0.43637898564338684
5840,2,3,0,0.8649972677230835
5841,6,2,0,0.8063392639160156
5842,7,9,0,0.7295951843261719
5843,6,2,0,0.9085138440132141
5844,0,2,0,0.812848687171936
5845,5,2,0,0.606997013092041
5846,5,2,0,0.38730159401893616
5847,8,3,0,0.7350475192070007
5848,4,3,0,0.7931466698646545
5849,5,3,0,0.8925774097442627
5850,6,2,0,0.5981284379959106
5851,1,2,0,0.8608035445213318
5852,3,5,0,0.7067572474479675
5853,5,3,0,0.7130129337310791
5854,4,0,0,0.328334242105484
5855,7,2,0,0.7585486173629761
5856,3,2,0,0.5540229082107544
5857,0,2,0,0.5711668729782104
5858,7,3,0,0.43885892629623413
5859,2,2,1,0.884451687335968
5860,0,3,0,0.5956931710243225
5861,1,3,0,0.6443020701408386
5862,2,3,0,0.5106348991394043
5863,4,2,0,0.6138566732406616
5864,9,2,0,0.6747625470161438
5865,6,1,0,0.47451111674308777
5866,4,2,0,0.8407189249992371
5867,5,2,0,0.8056833744049072
5868,9,0,0,0.764719545841217
5869,7,3,0,0.5968236327171326
5870,7,2,0,0.5348048806190491
5871,6,2,0,0.6676238775253296
5872,7,2,0,0.6561352014541626
5873,4,2,0,0.4112837016582489
5874,3,9,0,0.6668734550476074
5875,1,3,0,0.7573443055152893
5876,6,2,0,0.4051473140716553
5877,9,2,0,0.8364865183830261
5878,4,2,0,0.652171790599823
5879,8,2,0,0.8120033740997314
5880,0,9,0,0.5883007645606995
5881,3,3,1,0.5626993775367737
5882,1,2,0,0.6384910941123962
5883,6,2,0,0.7785452604293823
5884,4,2,0,0.5924769639968872
5885,4,9,0,0.5813523530960083
5886,2,2,1,0.7107487916946411
5887,1,2,0,0.7726949453353882
5888,4,3,0,0.6008129119873047
5889,6,3,0,0.4733869731426239
5890,3,2,0,0.632148802280426
5891,0,2,0,0.6544656157493591
5892,8,2,0,0.7351539731025696
5893,9,2,0,0.4429354965686798
5894,7,2,0,0.7662742137908936
5895,6,5,0,0.5215278267860413
5896,8,3,0,0.7683025002479553
5897,4,2,0,0.419423371553421
5898,8,3,0,0.7659737467765808
5899,1,2,0,0.8408410549163818
5900,4,3,0,0.6422695517539978
5901,5,3,0,0.5575788617134094
5902,9,3,0,0.5530765652656555
5903,4,3,0,0.7011435627937317
5904,7,2,0,0.9269959926605225
5905,1,2,0,0.9311668872833252
5906,4,0,0,0.757990837097168
5907,5,3,0,0.564237654209137
5908,3,0,0,0.6156081557273865
5909,1,2,0,0.7017049789428711
5910,2,8,0,0.7354573607444763
5911,6,3,0,0.4675931930541992
5912,4,2,0,0.5291824340820312
5913,7,2,0,0.6558209657669067
5914,1,2,0,0.8177624344825745
5915,5,3,0,0.7138599753379822
5916,9,3,0,0.5952170491218567
5917,3,8,0,0.9102301001548767
5918,1,3,0,0.4154077172279358
5919,4,0,0,0.5420174598693848
5920,8,2,0,0.7929904460906982
5921,7,2,0,0.4845682680606842
5922,7,2,0,0.8796259760856628
5923,0,0,1,0.6001245975494385
5924,4,2,0,0.5585799217224121
5925,3,2,0,0.7770377993583679
5926,4,3,0,0.33736470341682434
5927,6,2,0,0.9542436599731445
5928,7,2,0,0.824626088142395
5929,7,3,0,0.4683465361595154
5930,5,2,0,0.9400078058242798
5931,4,2,0,0.8951271176338196
5932,4,3,0,0.45131099224090576
5933,4,0,0,0.8071913719177246
5934,3,3,1,0.6621295213699341
5935,6,6,1,0.7622541785240173
5936,6,0,0,0.853430449962616
5937,1,2,0,0.9003004431724548
5938,9,2,0,0.6921406984329224
5939,9,2,0,0.8807869553565979
5940,7,2,0,0.3804273009300232
5941,9,2,0,0.708325207233429
5942,4,0,0,0.48249194025993347
5943,3,2,0,0.7701534032821655
5944,2,2,1,0.8137518167495728
5945,9,2,0,0.8333337306976318
5946,8,3,0,0.4128217399120331
5947,5,6,0,0.5420227646827698
5948,0,2,0,0.614632248878479
5949,6,2,0,0.4974576532840729
5950,9,2,0,0.4874183237552643
5951,0,0,1,0.6981311440467834
5952,9,2,0,0.5529605150222778
5953,7,2,0,0.44288524985313416
5954,8,3,0,0.5417445302009583
5955,5,3,0,0.6086944341659546
5956,4,3,0,0.6850240230560303
5957,4,2,0,0.46451687812805176
5958,9,3,0,0.510748028755188
5959,4,2,0,0.6325551867485046
5960,2,3,0,0.7080632448196411
5961,6,3,0,0.48149845004081726
5962,6,3,0,0.8123218417167664
5963,9,2,0,0.5507060885429382
5964,9,2,0,0.749337911605835
5965,7,2,0,0.45892542600631714
5966,9,3,0,0.4300532042980194
5967,9,3,0,0.45692625641822815
5968,0,2,0,0.6781927943229675
5969,5,2,0,0.6617788672447205
5970,1,2,0,0.8759278655052185
5971,1,2,0,0.5954424738883972
5972,8,2,0,0.7019127011299133
5973,6,0,0,0.5191704630851746
5974,9,0,0,0.7522689700126648
5975,9,2,0,0.8609915375709534
5976,5,6,0,0.6191698908805847
5977,6,6,1,0.34714826941490173
5978,5,2,0,0.647301971912384
5979,5,6,0,0.5151923298835754
5980,9,2,0,0.648036003112793
5981,7,2,0,0.5188223123550415
5982,9,3,0,0.710256814956665
5983,4,2,0,0.6985416412353516
5984,5,2,0,0.4459299147129059
5985,4,3,0,0.5489127039909363
5986,3,2,0,0.5643092393875122
5987,3,3,1,0.6953245997428894
5988,9,2,0,0.41101229190826416
5989,8,0,0,0.4787157475948334
5990,8,2,0,0.8680885434150696
5991,3,3,1,0.5950074195861816
5992,4,2,0,0.858795702457428
5993,8,0,0,0.6636115908622742
5994,4,6,0,0.5582026243209839
5995,0,0,1,0.7734087109565735
5996,4,2,0,0.9412184357643127
5997,0,3,0,0.8309043645858765
5998,7,3,0,0.576481282711029
5999,2,2,1,0.6641818881034851
6000,8,3,0,0.6992055773735046
6001,0,2,0,0.544303834438324
6002,2,2,1,0.8142439126968384
6003,0,3,0,0.6179326772689819
6004,7,2,0,0.5306839346885681
6005,4,8,0,0.778211772441864
6006,0,9,0,0.474184513092041
6007,6,2,0,0.8124233484268188
6008,3,2,0,0.821625292301178
6009,3,0,0,0.6715846657752991
6010,1,3,0,0.6871776580810547
6011,7,2,0,0.7575987577438354
6012,4,2,0,0.9661738276481628
6013,6,2,0,0.5156782865524292
6014,5,2,0,0.8384715914726257
6015,0,3,0,0.614778459072113
6016,4,2,0,0.8904333114624023
6017,9,2,0,0.9468740820884705
6018,5,3,0,0.7366431355476379
6019,6,2,0,0.6342852711677551
6020,6,3,0,0.5181146860122681
6021,3,3,1,0.5067606568336487
6022,0,6,0,0.528080403804779
6023,5,0,0,0.3985898196697235
6024,2,3,0,0.707650363445282
6025,6,2,0,0.785900890827179
6026,3,3,1,0.4374253451824188
6027,3,2,0,0.833879292011261
6028,8,9,0,0.6526610851287842
6029,0,3,0,0.6470981240272522
6030,8,3,0,0.49255284667015076
6031,5,0,0,0.5600542426109314
6032,4,2,0,0.9373521208763123
6033,2,2,1,0.7430697083473206
6034,9,2,0,0.6145433783531189
6035,5,2,0,0.7079035639762878
6036,0,2,0,0.5283597707748413
6037,5,2,0,0.8588953018188477
6038,4,2,0,0.9139968156814575
6039,8,8,1,0.4734325408935547
6040,2,2,1,0.9431346654891968
6041,7,3,0,0.7832070589065552
6042,6,2,0,0.7195127010345459
6043,5,3,0,0.6465661525726318
6044,7,3,0,0.5708144903182983
6045,8,3,0,0.45060181617736816
6046,2,3,0,0.5992707014083862
6047,0,3,0,0.5541169047355652
6048,1,2,0,0.408478319644928
6049,8,3,0,0.7081905603408813
6050,2,7,0,0.3154621422290802
6051,4,3,0,0.6607968211174011
6052,8,2,0,0.9100673198699951
6053,4,2,0,0.9017691016197205
6054,3,2,0,0.728654146194458
6055,0,9,0,0.6484128832817078
6056,4,2,0,0.5511914491653442
6057,0,2,0,0.5014451146125793
6058,1,3,0,0.6349273920059204
6059,9,0,0,0.7051004767417908
6060,3,2,0,0.6841548681259155
6061,0,3,0,0.6644502282142639
6062,3,3,1,0.7312689423561096
6063,6,0,0,0.7703697681427002
6064,5,9,0,0.5294656157493591
6065,5,2,0,0.42684507369995117
6066,2,6,0,0.5290886163711548
6067,8,3,0,0.8065102696418762
6068,5,2,0,0.8080933094024658
6069,0,2,0,0.7425271272659302
6070,8,5,0,0.48211580514907837
6071,7,8,0,0.9473673701286316
6072,5,3,0,0.4636656939983368
6073,2,0,0,0.5048375129699707
6074,4,0,0,0.6415810585021973
6075,3,3,1,0.6889310479164124
6076,7,0,0,0.6596267819404602
6077,0,2,0,0.6340943574905396
6078,2,2,1,0.5559232234954834
6079,3,3,1,0.7409997582435608
6080,1,2,0,0.7977259755134583
6081,0,3,0,0.7783978581428528
6082,0,2,0,0.4962110221385956
6083,2,2,1,0.7617115378379822
6084,1,3,0,0.8139776587486267
6085,2,0,0,0.5242200493812561
6086,1,3,0,0.780314028263092
6087,4,3,0,0.4376888573169708
6088,6,2,0,0.81531822681427
6089,7,8,0,0.367316335439682
6090,1,2,0,0.7150557637214661
6091,0,2,0,0.8840757608413696
6092,5,2,0,0.7888364791870117
6093,2,2,1,0.8065726161003113
6094,5,5,1,0.7024039030075073
6095,9,8,0,0.7363522052764893
6096,2,0,0,0.550140917301178
6097,5,2,0,0.9328080415725708
6098,6,3,0,0.735774040222168
6099,7,0,0,0.7900080680847168
6100,1,3,0,0.5841172337532043
6101,9,2,0,0.5835059881210327
6102,3,2,0,0.8134248852729797
6103,6,0,0,0.6176625490188599
6104,1,3,0,0.7869843244552612
6105,0,3,0,0.7746953964233398
6106,2,8,0,0.5861019492149353
6107,9,3,0,0.632949709892273
6108,4,2,0,0.7049139738082886
6109,2,2,1,0.843870997428894
6110,9,2,0,0.7907358407974243
6111,3,3,1,0.39228230714797974
6112,8,3,0,0.4688939154148102
6113,2,8,0,0.5800697803497314
6114,9,2,0,0.5198777318000793
6115,8,8,1,0.4924512207508087
6116,5,2,0,0.698266863822937
6117,1,3,0,0.6414653062820435
6118,0,2,0,0.8831515908241272
6119,1,3,0,0.5426797270774841
6120,5,3,0,0.7513099312782288
6121,2,2,1,0.7791842222213745
6122,5,2,0,0.701011061668396
6123,6,3,0,0.503085196018219
6124,8,0,0,0.6467723846435547
6125,8,2,0,0.6808143854141235
6126,3,3,1,0.7249158024787903
6127,5,3,0,0.6968249678611755
6128,0,2,0,0.7512763142585754
6129,4,3,0,0.5538582801818848
6130,1,2,0,0.6510871052742004
6131,3,2,0,0.7233201265335083
6132,7,2,0,0.6826391220092773
6133,0,3,0,0.48550310730934143
6134,3,0,0,0.8582616448402405
6135,3,3,1,0.6894494891166687
6136,9,6,0,0.6499865055084229
6137,2,2,1,0.5192413926124573
6138,3,0,0,0.6372708082199097
6139,9,2,0,0.5714779496192932
6140,9,3,0,0.7998983860015869
6141,8,2,0,0.49291977286338806
6142,5,2,0,0.8397248387336731
6143,9,3,0,0.5178778767585754
6144,7,9,0,0.6025267839431763
6145,2,3,0,0.3856399655342102
6146,0,2,0,0.6405657529830933
6147,9,3,0,0.5599158406257629
6148,4,2,0,0.5130401849746704
6149,7,2,0,0.8492507338523865
6150,1,2,0,0.6665829420089722
6151,7,2,0,0.8036400079727173
6152,6,3,0,0.6301778554916382
6153,4,2,0,0.5389491319656372
6154,4,2,0,0.7990772724151611
6155,8,0,0,0.7924656271934509
6156,9,2,0,0.45249420404434204
6157,0,3,0,0.4414655566215515
6158,7,3,0,0.6467022895812988
6159,1,3,0,0.3072715401649475
6160,2,2,1,0.5036893486976624
6161,4,8,0,0.37661826610565186
6162,0,2,0,0.8623927235603333
6163,3,2,0,0.7259209156036377
6164,7,2,0,0.8436987400054932
6165,5,6,0,0.7866795063018799
6166,1,2,0,0.40395089983940125
6167,9,2,0,0.8525586724281311
6168,3,3,1,0.5032612085342407
6169,5,2,0,0.7258899807929993
6170,2,3,0,0.8207484483718872
6171,4,3,0,0.5773975849151611
6172,1,3,0,0.6724872589111328
6173,1,2,0,0.6913428902626038
6174,3,2,0,0.6562319993972778
6175,3,2,0,0.34431225061416626
6176,9,2,0,0.7115280628204346
6177,2,2,1,0.6982144713401794
6178,5,3,0,0.5567848086357117
6179,8,2,0,0.7247365117073059
6180,0,2,0,0.7917702794075012
6181,8,2,0,0.8649253249168396
6182,1,2,0,0.8659800291061401
6183,5,3,0,0.8321849703788757
6184,1,3,0,0.4791470766067505
6185,5,0,0,0.4641585648059845
6186,9,5,0,0.4419402778148651
6187,0,3,0,0.5250878930091858
6188,9,3,0,0.5261299014091492
6189,2,2,1,0.720404863357544
6190,4,3,0,0.562097430229187
6191,0,0,1,0.712261438369751
6192,6,2,0,0.5604868531227112
6193,9,2,0,0.6525991559028625
6194,1,2,0,0.738258421421051
6195,1,2,0,0.6477368474006653
6196,3,3,1,0.74105304479599
6197,4,3,0,0.7715474367141724
6198,9,2,0,0.5086442828178406
6199,5,9,0,0.6434805989265442
6200,3,9,0,0.45146697759628296
6201,3,3,1,0.5864746570587158
6202,3,2,0,0.801223635673523
6203,3,2,0,0.7055955529212952
6204,4,3,0,0.6819624304771423
6205,1,2,0,0.666965901851654
6206,5,3,0,0.6709621548652649
6207,9,3,0,0.8185904622077942
6208,8,2,0,0.720000147819519
6209,7,6,0,0.7885773181915283
6210,4,2,0,0.7501301765441895
6211,8,2,0,0.737255871295929
6212,7,3,0,0.6811332106590271
6213,3,2,0,0.6390973925590515
6214,5,5,1,0.7732148766517639
6215,2,2,1,0.7195864319801331
6216,5,0,0,0.5030544996261597
6217,8,2,0,0.8052865862846375
6218,9,3,0,0.7585152387619019
6219,7,2,0,0.5160038471221924
6220,2,3,0,0.6750013828277588
6221,0,3,0,0.7322695851325989
6222,0,8,0,0.6793801784515381
6223,7,2,0,0.5820084810256958
6224,5,3,0,0.4179327189922333
6225,3,3,1,0.6968189477920532
6226,5,2,0,0.8310676217079163
6227,7,6,0,0.5308811068534851
6228,4,8,0,0.7507462501525879
6229,6,3,0,0.5486198663711548
6230,2,2,1,0.892306923866272
6231,8,2,0,0.7716315388679504
6232,2,9,0,0.5249304175376892
6233,7,3,0,0.6738903522491455
6234,7,2,0,0.5185784697532654
6235,6,2,0,0.6476833820343018
6236,1,2,0,0.6607795357704163
6237,3,6,0,0.6955243945121765
6238,8,2,0,0.7282524704933167
6239,6,2,0,0.9454198479652405
6240,2,2,1,0.6347469091415405
6241,0,2,0,0.5788953900337219
6242,4,2,0,0.671519935131073
6243,4,2,0,0.6326306462287903
6244,8,3,0,0.5732827186584473
6245,6,9,0,0.5495730638504028
6246,4,2,0,0.7064322829246521
6247,0,3,0,0.43287765979766846
6248,2,3,0,0.6705886125564575
6249,5,3,0,0.7928083539009094
6250,4,2,0,0.932625412940979
6251,1,2,0,0.6603044867515564
6252,2,8,0,0.879446804523468
6253,5,2,0,0.964384138584137
6254,4,3,0,0.6600435376167297
6255,6,2,0,0.7716119885444641
6256,9,3,0,0.7607772946357727
6257,5,2,0,0.5498402714729309
6258,0,5,0,0.5811254978179932
6259,5,3,0,0.7741866111755371
6260,2,2,1,0.8914251327514648
6261,0,3,0,0.6034548282623291
6262,8,2,0,0.7451428771018982
6263,2,2,1,0.9094914197921753
6264,6,4,0,0.6306521892547607
6265,4,2,0,0.6386045813560486
6266,7,3,0,0.6665472388267517
6267,9,3,0,0.5370386242866516
6268,5,3,0,0.6895270347595215
6269,7,2,0,0.6510565280914307
6270,2,6,0,0.5404988527297974
6271,6,3,0,0.7187409400939941
6272,2,9,0,0.7212037444114685
6273,1,2,0,0.7596014738082886
6274,9,2,0,0.8682958483695984
6275,9,2,0,0.6709358096122742
6276,7,8,0,0.9484105110168457
6277,2,2,1,0.7712921500205994
6278,5,3,0,0.6197084784507751
6279,1,3,0,0.729890763759613
6280,8,5,0,0.5268163084983826
6281,1,3,0,0.4083866477012634
6282,6,2,0,0.8324317932128906
6283,3,2,0,0.7880716919898987
6284,0,3,0,0.6071915030479431
6285,8,2,0,0.8963354229927063
6286,8,5,0,0.5866068005561829
6287,5,2,0,0.6556107401847839
6288,6,2,0,0.7686370611190796
6289,9,0,0,0.5988629460334778
6290,9,3,0,0.859502375125885
6291,9,0,0,0.8319699764251709
6292,6,2,0,0.5747770667076111
6293,3,3,1,0.728133499622345
6294,0,8,0,0.6011641621589661
6295,8,2,0,0.6039831042289734
6296,8,2,0,0.4489116668701172
6297,5,2,0,0.8289855718612671
6298,3,2,0,0.4804624319076538
6299,3,2,0,0.7101433873176575
6300,1,2,0,0.6206008195877075
6301,1,9,0,0.7265732288360596
6302,0,0,1,0.5755679607391357
6303,7,2,0,0.691958487033844
6304,0,0,1,0.5560152530670166
6305,6,4,0,0.6977471113204956
6306,0,8,0,0.8566752076148987
6307,4,2,0,0.7957284450531006
6308,4,0,0,0.5484474301338196
6309,6,2,0,0.6877924799919128
6310,5,2,0,0.932583212852478
6311,3,2,0,0.3902488946914673
6312,2,3,0,0.7164743542671204
6313,9,3,0,0.7056743502616882
6314,6,2,0,0.4857012927532196
6315,6,2,0,0.6593189835548401
6316,7,2,0,0.8950580954551697
6317,9,5,0,0.5045621991157532
6318,7,2,0,0.8742356896400452
6319,7,3,0,0.5805813670158386
6320,0,3,0,0.6500000357627869
6321,8,3,0,0.5966666340827942
6322,4,2,0,0.7520915269851685
6323,2,2,1,0.8914859890937805
6324,7,3,0,0.766428530216217
6325,7,9,0,0.8674351572990417
6326,7,6,0,0.7442795038223267
6327,4,0,0,0.6219618916511536
6328,0,3,0,0.5770701766014099
6329,1,2,0,0.642715334892273
6330,6,2,0,0.4780810475349426
6331,0,2,0,0.664119303226471
6332,5,2,0,0.8786746859550476
6333,3,2,0,0.6532304286956787
6334,0,6,0,0.5881990194320679
6335,2,8,0,0.884141743183136
6336,4,3,0,0.8439419865608215
6337,9,2,0,0.9762054681777954
6338,7,2,0,0.4459487795829773
6339,3,3,1,0.4627232849597931
6340,3,2,0,0.5791252851486206
6341,2,2,1,0.6944736838340759
6342,8,9,0,0.6984468102455139
6343,8,2,0,0.7863613963127136
6344,5,2,0,0.7113847136497498
6345,3,2,0,0.6360867619514465
6346,8,2,0,0.6122152209281921
6347,0,6,0,0.8471904993057251
6348,8,9,0,0.6385803818702698
6349,0,2,0,0.8316012024879456
6350,0,3,0,0.582263708114624
6351,0,3,0,0.6027659177780151
6352,2,0,0,0.6034101247787476
6353,2,2,1,0.5999165177345276
6354,7,3,0,0.6123801469802856
6355,0,8,0,0.732719898223877
6356,7,2,0,0.8253698945045471
6357,7,2,0,0.6816497445106506
6358,7,2,0,0.6221276521682739
6359,2,6,0,0.571039617061615
6360,2,2,1,0.675457775592804
6361,0,2,0,0.4645898938179016
6362,4,3,0,0.7273640632629395
6363,0,2,0,0.6949843168258667
6364,3,7,0,0.7141873836517334
6365,7,2,0,0.6647881865501404
6366,8,8,1,0.9961397647857666
6367,4,2,0,0.4475107491016388
6368,7,2,0,0.6911883354187012
6369,9,2,0,0.6559742093086243
6370,6,3,0,0.7361077666282654
6371,1,2,0,0.8497762084007263
6372,1,5,0,0.5278036594390869
6373,6,2,0,0.5673550963401794
6374,9,2,0,0.6993005871772766
6375,3,5,0,0.7523751258850098
6376,8,2,0,0.3517947793006897
6377,9,2,0,0.4505413770675659
6378,5,2,0,0.5338256359100342
6379,8,2,0,0.7932107448577881
6380,3,2,0,0.9169400930404663
6381,9,2,0,0.7842531204223633
6382,4,2,0,0.5329812169075012
6383,3,2,0,0.7833548784255981
6384,7,2,0,0.7752725481987
6385,5,3,0,0.594131588935852
6386,5,3,0,0.6091008186340332
6387,2,2,1,0.7875450849533081
6388,7,8,0,0.5969284176826477
6389,5,3,0,0.4075865149497986
6390,7,2,0,0.7365142703056335
6391,9,2,0,0.6569990515708923
6392,6,2,0,0.8807628750801086
6393,3,9,0,0.6289260387420654
6394,0,3,0,0.7181869745254517
6395,8,0,0,0.5435104966163635
6396,4,2,0,0.6981927156448364
6397,5,3,0,0.7913976907730103
6398,6,2,0,0.9246355891227722
6399,1,2,0,0.4414333999156952
6400,0,8,0,0.9391876459121704
6401,4,2,0,0.6533266305923462
6402,8,0,0,0.7513583302497864
6403,4,3,0,0.632355272769928
6404,7,0,0,0.4717028737068176
6405,1,3,0,0.6987722516059875
6406,3,2,0,0.6629315614700317
6407,2,3,0,0.34720155596733093
6408,0,2,0,0.5805479884147644
6409,9,2,0,0.872722864151001
6410,1,0,0,0.6885018944740295
6411,8,2,0,0.9709063172340393
6412,8,2,0,0.8583428263664246
6413,6,2,0,0.43694329261779785
6414,8,3,0,0.6792543530464172
6415,1,2,0,0.8362423777580261
6416,7,3,0,0.5980921983718872
6417,1,9,0,0.5936750769615173
6418,0,2,0,0.6946315169334412
6419,9,3,0,0.5920941829681396
6420,7,3,0,0.9007034301757812
6421,6,0,0,0.3276972472667694
6422,4,8,0,0.49701347947120667
6423,5,2,0,0.6216244101524353
6424,8,0,0,0.6194749474525452
6425,2,5,0,0.7296340465545654
6426,1,2,0,0.6220882534980774
6427,2,3,0,0.8548817038536072
6428,5,3,0,0.5068994164466858
6429,8,3,0,0.6620041728019714
6430,1,3,0,0.5196558833122253
6431,1,9,0,0.6280300617218018
6432,8,2,0,0.8716093897819519
6433,8,2,0,0.729224681854248
6434,0,3,0,0.5383099317550659
6435,9,0,0,0.368378609418869
6436,0,2,0,0.8474348783493042
6437,0,2,0,0.5773735642433167
6438,4,3,0,0.4445258677005768
6439,3,2,0,0.9233675599098206
6440,3,0,0,0.609018862247467
6441,5,6,0,0.6857596635818481
6442,6,2,0,0.5586785078048706
6443,6,2,0,0.7999972701072693
6444,3,3,1,0.44958236813545227
6445,1,2,0,0.6007289290428162
6446,4,2,0,0.7045656442642212
6447,4,3,0,0.597926914691925
6448,7,3,0,0.6512870192527771
6449,8,2,0,0.8346391320228577
6450,0,0,1,0.8908116221427917
6451,1,3,0,0.6867159008979797
6452,4,2,0,0.5092138051986694
6453,8,8,1,0.5374742150306702
6454,4,3,0,0.851567804813385
6455,6,3,0,0.7600578665733337
6456,2,9,0,0.7061136364936829
6457,2,2,1,0.4777034819126129
6458,2,0,0,0.48882433772087097
6459,6,9,0,0.4126614034175873
6460,3,2,0,0.5322356820106506
6461,4,2,0,0.5750293135643005
6462,0,3,0,0.7762629985809326
6463,8,0,0,0.7030061483383179
6464,1,3,0,0.6831600069999695
6465,3,3,1,0.5655151009559631
6466,8,2,0,0.590796709060669
6467,3,2,0,0.7237262725830078
6468,8,2,0,0.6415390372276306
6469,9,6,0,0.5369930863380432
6470,1,3,0,0.7875277996063232
6471,6,3,0,0.6036057472229004
6472,1,3,0,0.6380817294120789
6473,9,2,0,0.6512625813484192
6474,8,3,0,0.6070219278335571
6475,2,2,1,0.6778466701507568
6476,0,2,0,0.8219089508056641
6477,4,2,0,0.6539901494979858
6478,7,3,0,0.6717504858970642
6479,4,2,0,0.9401761889457703
6480,0,2,0,0.7461810111999512
6481,0,2,0,0.7670717835426331
6482,7,2,0,0.5388246774673462
6483,6,3,0,0.49927636981010437
6484,8,0,0,0.5442336201667786
6485,9,2,0,0.6810945868492126
6486,8,2,0,0.5418298840522766
6487,6,6,1,0.8380064964294434
6488,2,3,0,0.6179131865501404
6489,8,8,1,0.402035117149353
6490,8,3,0,0.6476109027862549
6491,0,2,0,0.4860711991786957
6492,1,2,0,0.8319181203842163
6493,1,3,0,0.7524312138557434
6494,0,2,0,0.8277639746665955
6495,7,3,0,0.480001837015152
6496,7,2,0,0.6231540441513062
6497,4,2,0,0.9604370594024658
6498,4,2,0,0.6193098425865173
6499,7,2,0,0.7169296741485596
6500,7,3,0,0.7342681288719177
6501,2,9,0,0.5456655621528625
6502,6,2,0,0.9463841319084167
6503,6,2,0,0.4349234700202942
6504,7,3,0,0.6639591455459595
6505,4,2,0,0.7371833920478821
6506,5,0,0,0.5716223120689392
6507,4,3,0,0.9046412706375122
6508,0,3,0,0.39852824807167053
6509,9,2,0,0.7497897744178772
6510,4,2,0,0.8152990341186523
6511,7,2,0,0.8635178208351135
6512,2,2,1,0.9127699732780457
6513,5,2,0,0.622443675994873
6514,3,2,0,0.7368978261947632
6515,2,2,1,0.40936020016670227
6516,2,2,1,0.5900089144706726
6517,7,3,0,0.6448354721069336
6518,6,3,0,0.6073670387268066
6519,2,2,1,0.7572022676467896
6520,6,3,0,0.8585352897644043
6521,4,2,0,0.4826943874359131
6522,9,3,0,0.48178139328956604
6523,6,2,0,0.7364965677261353
6524,8,2,0,0.7782948017120361
6525,3,2,0,0.6765904426574707
6526,8,5,0,0.6303830742835999
6527,5,5,1,0.560910701751709
6528,5,2,0,0.9161292314529419
6529,2,2,1,0.8241944313049316
6530,3,2,0,0.9457045197486877
6531,4,3,0,0.7083593606948853
6532,5,2,0,0.9490923881530762
6533,2,3,0,0.7622711658477783
6534,7,2,0,0.45251306891441345
6535,5,3,0,0.4634040296077728
6536,1,2,0,0.9087985754013062
6537,5,8,0,0.9425333738327026
6538,3,2,0,0.7003600597381592
6539,7,9,0,0.5618104934692383
6540,8,8,1,0.6293463706970215
6541,8,3,0,0.7689976096153259
6542,9,2,0,0.5514257550239563
6543,6,3,0,0.8287248611450195
6544,0,2,0,0.5136066675186157
6545,9,2,0,0.6937724351882935
6546,2,3,0,0.5711683630943298
6547,6,2,0,0.8051183819770813
6548,0,2,0,0.3660679757595062
6549,0,0,1,0.48903998732566833
6550,1,2,0,0.4321333169937134
6551,4,2,0,0.9249839782714844
6552,1,2,0,0.7028583884239197
6553,3,2,0,0.7074170112609863
6554,5,2,0,0.6731031537055969
6555,1,6,0,0.814617395401001
6556,8,9,0,0.6576645970344543
6557,9,2,0,0.680034875869751
6558,6,3,0,0.5407199263572693
6559,2,9,0,0.589481770992279
6560,6,2,0,0.39835846424102783
6561,9,2,0,0.78028404712677
6562,5,3,0,0.6924663782119751
6563,6,3,0,0.6902726292610168
6564,5,6,0,0.6369156837463379
6565,9,2,0,0.7981645464897156
6566,1,3,0,0.7941851019859314
6567,4,3,0,0.4023701846599579
6568,2,2,1,0.5628826022148132
6569,8,2,0,0.8359301686286926
6570,9,1,0,0.58580482006073
6571,5,3,0,0.43377965688705444
6572,4,3,0,0.5253544449806213
6573,7,6,0,0.5132522583007812
6574,0,2,0,0.45220422744750977
6575,3,2,0,0.644952654838562
6576,7,2,0,0.7664081454277039
6577,1,2,0,0.714348554611206
6578,6,2,0,0.46489155292510986
6579,9,9,1,0.7000064849853516
6580,1,2,0,0.7590022087097168
6581,1,3,0,0.8687443137168884
6582,4,3,0,0.7635371685028076
6583,0,3,0,0.35666999220848083
6584,5,2,0,0.8827295303344727
6585,1,8,0,0.45143285393714905
6586,6,2,0,0.9308956265449524
6587,3,5,0,0.6085038185119629
6588,0,5,0,0.43906667828559875
6589,2,2,1,0.44218435883522034
6590,5,8,0,0.7663078904151917
6591,5,2,0,0.730425238609314
6592,5,5,1,0.5177148580551147
6593,2,3,0,0.8786716461181641
6594,8,5,0,0.7210859656333923
6595,2,2,1,0.6498404145240784
6596,3,2,0,0.6539991497993469
6597,1,3,0,0.6279777884483337
6598,6,3,0,0.5380082726478577
6599,2,4,0,0.4474213719367981
6600,7,3,0,0.5748758912086487
6601,0,2,0,0.6741247177124023
6602,8,2,0,0.6057055592536926
6603,9,2,0,0.7543015480041504
6604,2,6,0,0.674882173538208
6605,6,8,0,0.5139015913009644
6606,4,2,0,0.7300465106964111
6607,7,2,0,0.885877788066864
6608,5,2,0,0.9427034258842468
6609,5,2,0,0.5257860422134399
6610,8,2,0,0.7696341872215271
6611,8,3,0,0.5886675715446472
6612,7,6,0,0.7501419186592102
6613,8,3,0,0.39616167545318604
6614,5,2,0,0.8549865484237671
6615,7,2,0,0.696953296661377
6616,4,3,0,0.4354146122932434
6617,4,2,0,0.6977436542510986
6618,0,3,0,0.6291086673736572
6619,0,3,0,0.6149584054946899
6620,7,3,0,0.6767657399177551
6621,0,2,0,0.6945895552635193
6622,4,8,0,0.44847431778907776
6623,0,3,0,0.6166037917137146
6624,4,2,0,0.8777244091033936
6625,4,6,0,0.8695134520530701
6626,2,2,1,0.7095884084701538
6627,5,8,0,0.8889530897140503
6628,4,2,0,0.6074191331863403
6629,0,3,0,0.4672793745994568
6630,7,2,0,0.7845255136489868
6631,7,2,0,0.7351166605949402
6632,7,2,0,0.5420467853546143
6633,0,6,0,0.6594349145889282
6634,4,2,0,0.5353450179100037
6635,6,5,0,0.6803647875785828
6636,2,2,1,0.9010787010192871
6637,9,0,0,0.6782601475715637
6638,1,2,0,0.9167508482933044
6639,1,2,0,0.45108529925346375
6640,5,3,0,0.5615403056144714
6641,0,2,0,0.5973861217498779
6642,9,0,0,0.5247055888175964
6643,1,2,0,0.5122546553611755
6644,0,3,0,0.6729558706283569
6645,6,2,0,0.6162614226341248
6646,5,2,0,0.9319932460784912
6647,3,3,1,0.7786800861358643
6648,0,0,1,0.5593859553337097
6649,9,9,1,0.6305282711982727
6650,0,2,0,0.8228594064712524
6651,6,2,0,0.7496811151504517
6652,2,2,1,0.8626746535301208
6653,0,3,0,0.6472023725509644
6654,4,2,0,0.5837492346763611
6655,1,3,0,0.45493417978286743
6656,6,2,0,0.6401419639587402
6657,7,2,0,0.9381498098373413
6658,6,8,0,0.9499542117118835
6659,1,0,0,0.7370051145553589
6660,0,2,0,0.6035935282707214
6661,4,2,0,0.8900971412658691
6662,6,3,0,0.4032673239707947
6663,0,3,0,0.49828094244003296
6664,4,2,0,0.8720227479934692
6665,4,3,0,0.5251389145851135
6666,2,6,0,0.6235895156860352
6667,7,2,0,0.90329509973526
6668,6,2,0,0.5886064767837524
6669,5,2,0,0.8285075426101685
6670,3,2,0,0.830897331237793
6671,5,3,0,0.7022262811660767
6672,9,3,0,0.7584139108657837
6673,4,3,0,0.7847487330436707
6674,5,3,0,0.49750956892967224
6675,2,3,0,0.3253253400325775
6676,0,3,0,0.49049392342567444
6677,5,2,0,0.6630135774612427
6678,7,2,0,0.5502606630325317
6679,2,3,0,0.5654488801956177
6680,3,2,0,0.6628445386886597
6681,9,2,0,0.4133901596069336
6682,4,2,0,0.8959898948669434
6683,5,2,0,0.9193273186683655
6684,8,2,0,0.7135798335075378
6685,1,2,0,0.7622924447059631
6686,9,2,0,0.5711222887039185
6687,3,2,0,0.9776777625083923
6688,1,4,0,0.6329038143157959
6689,8,2,0,0.8367726802825928
6690,5,2,0,0.5170681476593018
6691,8,3,0,0.6862180233001709
6692,6,2,0,0.9685602784156799
6693,6,5,0,0.5180237293243408
6694,3,3,1,0.8676292896270752
6695,4,3,0,0.6458674669265747
6696,0,0,1,0.5623661279678345
6697,2,0,0,0.487151175737381
6698,3,3,1,0.4802055358886719
6699,2,3,0,0.42756399512290955
6700,6,3,0,0.6191688179969788
6701,1,5,0,0.7274324893951416
6702,8,3,0,0.568239152431488
6703,2,0,0,0.5600951910018921
6704,1,2,0,0.8602072596549988
6705,3,0,0,0.5657045245170593
6706,6,2,0,0.6310876607894897
6707,2,2,1,0.8516665697097778
6708,2,6,0,0.5350067615509033
6709,3,2,0,0.9133795499801636
6710,3,2,0,0.9204123616218567
6711,5,2,0,0.8526404500007629
6712,0,8,0,0.5902361869812012
6713,2,2,1,0.9297246336936951
6714,1,2,0,0.8769433498382568
6715,2,2,1,0.762035608291626
6716,8,2,0,0.8576849699020386
6717,0,2,0,0.644757091999054
6718,8,3,0,0.6647538542747498
6719,2,2,1,0.899094820022583
6720,2,2,1,0.5370500087738037
6721,7,2,0,0.5068590044975281
6722,3,8,0,0.6724329590797424
6723,5,2,0,0.8380687832832336
6724,9,2,0,0.7016281485557556
6725,8,3,0,0.7282299995422363
6726,3,1,0,0.48339948058128357
6727,6,2,0,0.6083601713180542
6728,1,2,0,0.8067750930786133
6729,0,2,0,0.7256805896759033
6730,8,2,0,0.9185509085655212
6731,6,3,0,0.6907832622528076
6732,3,2,0,0.9182039499282837
6733,5,2,0,0.7086725234985352
6734,8,8,1,0.620953381061554
6735,9,3,0,0.5688184499740601
6736,4,2,0,0.49981194734573364
6737,8,2,0,0.6865009665489197
6738,0,0,1,0.6631293296813965
6739,0,2,0,0.449340283870697
6740,2,3,0,0.5685988664627075
6741,9,5,0,0.6274816393852234
6742,1,8,0,0.5007184147834778
6743,8,9,0,0.9198930263519287
6744,3,2,0,0.7108958959579468
6745,7,2,0,0.9265903234481812
6746,2,8,0,0.41279295086860657
6747,8,3,0,0.5234489440917969
6748,0,2,0,0.5900365710258484
6749,9,3,0,0.596889078617096
6750,4,6,0,0.6827465891838074
6751,8,2,0,0.845659077167511
6752,9,2,0,0.8533881902694702
6753,4,2,0,0.7149106860160828
6754,8,8,1,0.984598696231842
6755,9,2,0,0.39065036177635193
6756,5,0,0,0.6508303284645081
6757,4,8,0,0.7351996898651123
6758,8,5,0,0.5280411243438721
6759,1,2,0,0.6344004273414612
6760,5,2,0,0.5774030089378357
6761,5,2,0,0.8864906430244446
6762,7,2,0,0.7208832502365112
6763,2,2,1,0.8173360228538513
6764,5,2,0,0.657892107963562
6765,8,3,0,0.755893886089325
6766,8,3,0,0.42499929666519165
6767,1,2,0,0.8132004737854004
6768,2,3,0,0.6318464279174805
6769,3,2,0,0.5160558223724365
6770,1,3,0,0.7134953141212463
6771,5,2,0,0.6321173906326294
6772,0,2,0,0.6701323986053467
6773,2,3,0,0.5396053791046143
6774,3,2,0,0.7114211916923523
6775,0,3,0,0.6239708065986633
6776,8,2,0,0.6523682475090027
6777,2,2,1,0.43853771686553955
6778,2,3,0,0.5245745778083801
6779,8,3,0,0.5441610217094421
6780,7,2,0,0.8733509182929993
6781,3,6,0,0.4469726085662842
6782,5,5,1,0.8603516817092896
6783,3,5,0,0.7665108442306519
6784,9,2,0,0.6190321445465088
6785,6,8,0,0.7843404412269592
6786,3,3,1,0.646350085735321
6787,5,8,0,0.7508814930915833
6788,1,2,0,0.9013804197311401
6789,1,2,0,0.8106568455696106
6790,7,2,0,0.6589449048042297
6791,7,2,0,0.3768668472766876
6792,3,2,0,0.6840380430221558
6793,3,3,1,0.4953154921531677
6794,8,2,0,0.6789707541465759
6795,9,3,0,0.5246995091438293
6796,6,3,0,0.5324054956436157
6797,0,2,0,0.5610397458076477
6798,8,2,0,0.7370954155921936
6799,0,3,0,0.6699079871177673
6800,6,2,0,0.8680194020271301
6801,6,3,0,0.5960581302642822
6802,4,2,0,0.5103662014007568
6803,6,2,0,0.8200269937515259
6804,9,6,0,0.5242144465446472
6805,1,3,0,0.7063359618186951
6806,1,2,0,0.8748093843460083
6807,7,0,0,0.738212525844574
6808,0,0,1,0.5189956426620483
6809,6,2,0,0.7474177479743958
6810,8,3,0,0.7372788190841675
6811,9,3,0,0.6048867702484131
6812,0,2,0,0.8838341236114502
6813,6,3,0,0.6533883213996887
6814,9,2,0,0.4387724697589874
6815,0,2,0,0.6565139889717102
6816,1,2,0,0.6673763990402222
6817,1,2,0,0.6368646621704102
6818,7,5,0,0.5992191433906555
6819,2,2,1,0.6423283219337463
6820,1,3,0,0.49915891885757446
6821,0,3,0,0.6835404634475708
6822,4,8,0,0.5958744287490845
6823,5,8,0,0.45326006412506104
6824,0,2,0,0.6269860863685608
6825,3,3,1,0.6215839982032776
6826,6,2,0,0.43504399061203003
6827,3,3,1,0.6370640397071838
6828,3,6,0,0.661444365978241
6829,8,2,0,0.5747413039207458
6830,1,6,0,0.4455600380897522
6831,8,2,0,0.5703025460243225
6832,1,3,0,0.5102011561393738
6833,3,3,1,0.524187445640564
6834,1,2,0,0.5906984806060791
6835,5,2,0,0.6391507387161255
6836,4,0,0,0.5383924245834351
6837,5,2,0,0.45833033323287964
6838,1,3,0,0.4630977213382721
6839,8,2,0,0.6660390496253967
6840,9,2,0,0.7755641937255859
6841,1,2,0,0.5206310153007507
6842,3,3,1,0.6649404168128967
6843,1,3,0,0.4270927906036377
6844,7,2,0,0.5583100318908691
6845,2,3,0,0.6856585144996643
6846,9,2,0,0.9181062579154968
6847,8,2,0,0.7115066647529602
6848,9,2,0,0.41233572363853455
6849,4,2,0,0.6862245798110962
6850,6,2,0,0.5230695605278015
6851,0,3,0,0.6436590552330017
6852,9,2,0,0.5075891613960266
6853,4,2,0,0.9276043772697449
6854,0,2,0,0.8806447386741638
6855,4,2,0,0.7438029050827026
6856,6,0,0,0.6104079484939575
6857,2,2,1,0.7973539233207703
6858,1,3,0,0.6718460321426392
6859,3,6,0,0.6072150468826294
6860,0,2,0,0.6866886019706726
6861,8,2,0,0.7313238978385925
6862,5,9,0,0.6461533904075623
6863,6,3,0,0.6269729733467102
6864,0,2,0,0.34816205501556396
6865,3,2,0,0.708774983882904
6866,4,3,0,0.47861382365226746
6867,6,6,1,0.7906098365783691
6868,9,2,0,0.579860508441925
6869,5,2,0,0.5027258396148682
6870,7,2,0,0.5321983098983765
6871,9,0,0,0.4821338951587677
6872,0,3,0,0.554533064365387
6873,3,2,0,0.799831748008728
6874,6,0,0,0.699176013469696
6875,5,3,0,0.846633791923523
6876,7,2,0,0.5280739665031433
6877,0,6,0,0.6749098300933838
6878,5,3,0,0.7448515892028809
6879,1,8,0,0.8222499489784241
6880,2,2,1,0.5978138446807861
6881,2,2,1,0.7185499668121338
6882,9,3,0,0.6916896104812622
6883,7,2,0,0.5953136086463928
6884,0,0,1,0.4431311786174774
6885,0,3,0,0.5543820858001709
6886,1,2,0,0.6211749315261841
6887,4,2,0,0.751432478427887
6888,4,2,0,0.5712120532989502
6889,5,2,0,0.646565318107605
6890,5,2,0,0.5898686051368713
6891,9,2,0,0.8903520107269287
6892,6,3,0,0.8315914273262024
6893,3,2,0,0.664466917514801
6894,6,2,0,0.49055376648902893
6895,2,2,1,0.8011186718940735
6896,6,2,0,0.7632059454917908
6897,9,0,0,0.5474148392677307
6898,3,3,1,0.7934188842773438
6899,2,3,0,0.8633837103843689
6900,3,8,0,0.9390987157821655
6901,2,2,1,0.9027696847915649
6902,4,2,0,0.5817279815673828
6903,9,9,1,0.6255435943603516
6904,5,2,0,0.9901115298271179
6905,2,0,0,0.674858808517456
6906,1,3,0,0.42699843645095825
6907,6,2,0,0.7879495024681091
6908,6,2,0,0.7253749370574951
6909,4,2,0,0.4715425372123718
6910,7,3,0,0.7000211477279663
6911,6,2,0,0.8976508378982544
6912,3,5,0,0.7378752827644348
6913,3,3,1,0.4826902449131012
6914,8,2,0,0.5881157517433167
6915,1,3,0,0.5854275822639465
6916,4,3,0,0.5536972880363464
6917,6,2,0,0.7098873257637024
6918,4,2,0,0.4410983622074127
6919,4,3,0,0.6727778911590576
6920,5,2,0,0.7794813513755798
6921,6,3,0,0.5704073309898376
6922,2,2,1,0.5749239325523376
6923,0,2,0,0.6224585771560669
6924,5,2,0,0.8066410422325134
6925,2,2,1,0.47609591484069824
6926,7,6,0,0.6070863604545593
6927,5,0,0,0.8067018985748291
6928,2,3,0,0.42065176367759705
6929,5,3,0,0.6140689253807068
6930,2,2,1,0.4434213638305664
6931,5,3,0,0.43190327286720276
6932,9,3,0,0.7762489318847656
6933,0,2,0,0.551404595375061
6934,6,3,0,0.8576313257217407
6935,7,2,0,0.7044652104377747
6936,9,2,0,0.7874497771263123
6937,8,9,0,0.4955122172832489
6938,3,2,0,0.5428513288497925
6939,2,2,1,0.6288398504257202
6940,1,1,1,0.5135700702667236
6941,4,3,0,0.7988806366920471
6942,3,2,0,0.6629262566566467
6943,4,2,0,0.48308950662612915
6944,5,2,0,0.6720888018608093
6945,5,2,0,0.8701568841934204
6946,6,3,0,0.9059046506881714
6947,8,2,0,0.5564281344413757
6948,6,4,0,0.43918347358703613
6949,0,3,0,0.6594388484954834
6950,8,2,0,0.6067370772361755
6951,9,2,0,0.9054428935050964
6952,8,2,0,0.66806560754776
6953,0,2,0,0.4363933205604553
6954,7,3,0,0.6205343008041382
6955,7,2,0,0.8617914319038391
6956,6,2,0,0.5352984666824341
6957,6,2,0,0.3953845798969269
6958,7,2,0,0.7217110991477966
6959,5,3,0,0.6727054715156555
6960,9,7,0,0.369069367647171
6961,8,2,0,0.5341060161590576
6962,7,3,0,0.5982156991958618
6963,9,2,0,0.9397901892662048
6964,5,3,0,0.702326238155365
6965,6,3,0,0.8247067928314209
6966,0,0,1,0.493556946516037
6967,4,2,0,0.6602655649185181
6968,8,3,0,0.6541504263877869
6969,2,6,0,0.5151771306991577
6970,0,2,0,0.6461392045021057
6971,9,2,0,0.8778798580169678
6972,1,2,0,0.9218862056732178
6973,3,2,0,0.9094714522361755
6974,9,2,0,0.8427437543869019
6975,8,0,0,0.6040727496147156
6976,3,3,1,0.5223183631896973
6977,7,2,0,0.8159224987030029
6978,4,3,0,0.6521411538124084
6979,5,2,0,0.6105924844741821
6980,0,0,1,0.5319106578826904
6981,2,2,1,0.36482977867126465
6982,1,2,0,0.6621301174163818
6983,9,8,0,0.6589718461036682
6984,1,2,0,0.6002976894378662
6985,0,3,0,0.6771572828292847
6986,5,3,0,0.6553352475166321
6987,8,8,1,0.8419188857078552
6988,4,2,0,0.5691432356834412
6989,7,3,0,0.7327532768249512
6990,3,9,0,0.4184981882572174
6991,1,3,0,0.7022947669029236
6992,4,3,0,0.6298874020576477
6993,5,3,0,0.8094419240951538
6994,3,3,1,0.6514803767204285
6995,1,2,0,0.571773111820221
6996,0,2,0,0.4449879229068756
6997,8,8,1,0.837766706943512
6998,8,2,0,0.6148325800895691
6999,8,3,0,0.476730614900589
7000,2,3,0,0.5890994668006897
7001,1,2,0,0.666212260723114
7002,3,3,1,0.6575420498847961
7003,7,2,0,0.7855362892150879
7004,3,2,0,0.7601169347763062
7005,1,3,0,0.7635654807090759
7006,6,2,0,0.8799867630004883
7007,9,2,0,0.6440032124519348
7008,1,2,0,0.8948478698730469
7009,6,2,0,0.7226360440254211
7010,0,3,0,0.6456083059310913
7011,7,3,0,0.6603693962097168
7012,7,3,0,0.870597243309021
7013,1,3,0,0.645637035369873
7014,3,3,1,0.9396367073059082
7015,3,3,1,0.768414318561554
7016,3,2,0,0.7127079367637634
7017,1,3,0,0.37114569544792175
7018,0,2,0,0.6301628351211548
7019,2,2,1,0.7690073847770691
7020,7,0,0,0.6141390800476074
7021,1,2,0,0.8059235215187073
7022,2,9,0,0.6342321634292603
7023,2,2,1,0.8060474991798401
7024,9,3,0,0.8310404419898987
7025,6,0,0,0.6840083003044128
7026,3,8,0,0.642612874507904
7027,5,4,0,0.561063826084137
7028,9,2,0,0.5157979726791382
7029,4,2,0,0.6298627257347107
7030,8,2,0,0.7942631840705872
7031,0,9,0,0.7659555077552795
7032,4,2,0,0.33857613801956177
7033,8,5,0,0.6517499089241028
7034,0,9,0,0.7245718836784363
7035,1,2,0,0.7345833778381348
7036,3,0,0,0.8961264491081238
7037,7,3,0,0.7208357453346252
7038,0,3,0,0.5002325177192688
7039,4,8,0,0.6600958704948425
7040,7,2,0,0.8317649364471436
7041,4,0,0,0.6472609639167786
7042,8,2,0,0.38402149081230164
7043,6,2,0,0.8133818507194519
7044,4,3,0,0.8691431879997253
7045,3,2,0,0.7684419751167297
7046,9,2,0,0.8361234664916992
7047,8,2,0,0.7307590842247009
7048,2,3,0,0.6177623867988586
7049,2,0,0,0.7529870271682739
7050,8,2,0,0.8173491954803467
7051,3,5,0,0.46656349301338196
7052,1,0,0,0.547714352607727
7053,1,3,0,0.6069542765617371
7054,2,2,1,0.8261464834213257
7055,8,0,0,0.49881377816200256
7056,2,0,0,0.8108596205711365
7057,6,2,0,0.7952037453651428
7058,9,3,0,0.7170482873916626
7059,4,2,0,0.4301586151123047
7060,8,9,0,0.705705463886261
7061,4,0,0,0.5791095495223999
7062,4,2,0,0.6718483567237854
7063,1,2,0,0.8194942474365234
7064,5,2,0,0.8389694690704346
7065,2,2,1,0.733348548412323
7066,6,2,0,0.4977693259716034
7067,9,2,0,0.36972546577453613
7068,2,2,1,0.8394750952720642
7069,0,3,0,0.4740659296512604
7070,7,2,0,0.6939064860343933
7071,1,2,0,0.6960701942443848
7072,8,3,0,0.606810450553894
7073,9,3,0,0.7684984803199768
7074,3,2,0,0.5334182977676392
7075,9,3,0,0.5590973496437073
7076,9,3,0,0.594164252281189
7077,0,2,0,0.7839945554733276
7078,7,3,0,0.2927960157394409
7079,7,2,0,0.9189651012420654
7080,5,2,0,0.4156533181667328
7081,4,3,0,0.6576747894287109
7082,2,2,1,0.855893611907959
7083,6,2,0,0.7190760970115662
7084,4,2,0,0.7513492107391357
7085,5,5,1,0.6746552586555481
7086,7,3,0,0.5880677700042725
7087,7,2,0,0.8714127540588379
7088,8,0,0,0.7962000966072083
7089,7,5,0,0.5554351210594177
7090,2,2,1,0.8734700679779053
7091,6,2,0,0.650897741317749
7092,2,2,1,0.8233363628387451
7093,2,3,0,0.6853744387626648
7094,4,2,0,0.5205106139183044
7095,4,2,0,0.7435840964317322
7096,0,3,0,0.7583022117614746
7097,7,2,0,0.6837344765663147
7098,1,3,0,0.6548255681991577
7099,3,8,0,0.9888527393341064
7100,9,0,0,0.6749755144119263
7101,6,0,0,0.6334758400917053
7102,0,2,0,0.7485178709030151
7103,0,2,0,0.6987040042877197
7104,2,2,1,0.6045103073120117
7105,3,2,0,0.689325213432312
7106,8,2,0,0.5469413995742798
7107,2,2,1,0.552335262298584
7108,2,3,0,0.48403090238571167
7109,4,2,0,0.9336522817611694
7110,3,2,0,0.7641252875328064
7111,5,9,0,0.7425941824913025
7112,2,3,0,0.6976447105407715
7113,9,2,0,0.6478617787361145
7114,1,3,0,0.680210530757904
7115,0,4,0,0.5574425458908081
7116,0,3,0,0.5702704191207886
7117,6,2,0,0.8541550636291504
7118,5,2,0,0.44594088196754456
7119,5,3,0,0.6538128852844238
7120,7,3,0,0.5641760230064392
7121,9,2,0,0.4762738049030304
7122,9,2,0,0.7274001240730286
7123,6,3,0,0.5180454254150391
7124,5,3,0,0.6432266235351562
7125,5,8,0,0.5770947337150574
7126,0,2,0,0.7335115671157837
7127,5,2,0,0.718253493309021
7128,7,3,0,0.6169689893722534
7129,1,3,0,0.5654246211051941
7130,6,2,0,0.6947899460792542
7131,6,3,0,0.7103519439697266
7132,4,2,0,0.7810877561569214
7133,1,2,0,0.9119243621826172
7134,4,2,0,0.6367653012275696
7135,4,3,0,0.7900725603103638
7136,1,2,0,0.7919979691505432
7137,5,2,0,0.49333637952804565
7138,0,2,0,0.5045567750930786
7139,0,2,0,0.663155734539032
7140,4,2,0,0.7891663312911987
7141,5,2,0,0.6497763395309448
7142,8,2,0,0.6891580820083618
7143,4,2,0,0.7749089002609253
7144,8,3,0,0.43942657113075256
7145,3,2,0,0.5332275629043579
7146,0,3,0,0.5454249382019043
7147,5,8,0,0.8331159949302673
7148,0,2,0,0.7290919423103333
7149,5,2,0,0.6521120071411133
7150,3,0,0,0.8197070956230164
7151,1,3,0,0.785961389541626
7152,6,3,0,0.6773824095726013
7153,7,2,0,0.9052673578262329
7154,0,3,0,0.8155948519706726
7155,9,0,0,0.4189780652523041
7156,1,3,0,0.8984353542327881
7157,5,3,0,0.7079172134399414
7158,7,3,0,0.42136090993881226
7159,6,3,0,0.7273315787315369
7160,5,3,0,0.7378969192504883
7161,5,2,0,0.9534280300140381
7162,5,6,0,0.7990994453430176
7163,6,6,1,0.6962522268295288
7164,0,8,0,0.9219627976417542
7165,0,2,0,0.6934437155723572
7166,1,3,0,0.6787122488021851
7167,7,2,0,0.7090952396392822
7168,5,2,0,0.8338828682899475
7169,1,3,0,0.8148427605628967
7170,9,2,0,0.7327712178230286
7171,2,0,0,0.6502123475074768
7172,4,0,0,0.47301048040390015
7173,1,3,0,0.6595942378044128
7174,3,3,1,0.6889079809188843
7175,7,2,0,0.5372533202171326
7176,8,0,0,0.6873621344566345
7177,2,9,0,0.6434669494628906
7178,0,0,1,0.7804542183876038
7179,9,2,0,0.3351554870605469
7180,6,2,0,0.7174796462059021
7181,6,3,0,0.7689523696899414
7182,0,2,0,0.6246082186698914
7183,6,2,0,0.9359216094017029
7184,5,5,1,0.5024741888046265
7185,8,2,0,0.3831767141819
7186,2,3,0,0.6227162480354309
7187,7,2,0,0.5139724612236023
7188,4,8,0,0.6235901713371277
7189,0,3,0,0.6082092523574829
7190,2,2,1,0.9546071887016296
7191,7,3,0,0.4966425895690918
7192,7,3,0,0.5012367367744446
7193,8,2,0,0.7442303895950317
7194,8,3,0,0.3588622510433197
7195,7,3,0,0.7484698295593262
7196,0,3,0,0.5762689113616943
7197,4,2,0,0.7510899901390076
7198,9,2,0,0.7072699069976807
7199,1,6,0,0.40061259269714355
7200,4,3,0,0.6109857559204102
7201,4,2,0,0.5833154916763306
7202,3,9,0,0.7876063585281372
7203,5,3,0,0.3786965608596802
7204,4,4,1,0.7987467050552368
7205,6,2,0,0.4474084973335266
7206,2,9,0,0.4862118363380432
7207,3,6,0,0.5232506394386292
7208,1,2,0,0.7933581471443176
7209,0,3,0,0.5549266338348389
7210,3,3,1,0.6738302111625671
7211,3,2,0,0.6394665837287903
7212,3,3,1,0.8593368530273438
7213,6,9,0,0.8375956416130066
7214,3,2,0,0.8887336254119873
7215,1,3,0,0.6729540824890137
7216,2,0,0,0.6663262844085693
7217,8,3,0,0.8570898175239563
7218,9,2,0,0.6262138485908508
7219,7,8,0,0.4526408910751343
7220,9,0,0,0.5806357264518738
7221,3,2,0,0.7713388800621033
7222,8,0,0,0.5954293012619019
7223,7,2,0,0.6272618174552917
7224,3,3,1,0.5779261589050293
7225,1,0,0,0.3190585970878601
7226,7,2,0,0.7057949304580688
7227,7,2,0,0.5225051045417786
7228,3,3,1,0.7309359908103943
7229,2,8,0,0.9131909608840942
7230,2,6,0,0.6370338201522827
7231,8,2,0,0.48073723912239075
7232,9,2,0,0.6609652638435364
7233,5,5,1,0.39289650321006775
7234,9,2,0,0.4720475673675537
7235,2,2,1,0.3936600685119629
7236,1,2,0,0.9025296568870544
7237,7,3,0,0.5700621008872986
7238,4,2,0,0.6056487560272217
7239,4,3,0,0.6018247604370117
7240,0,2,0,0.7981455326080322
7241,5,4,0,0.6962364315986633
7242,7,9,0,0.5404976010322571
7243,1,0,0,0.8033761382102966
7244,5,3,0,0.6884757876396179
7245,4,3,0,0.6267789602279663
7246,0,0,1,0.6642889976501465
7247,8,5,0,0.6494125723838806
7248,4,6,0,0.6809394955635071
7249,9,3,0,0.6048043370246887
7250,8,0,0,0.561880886554718
7251,7,8,0,0.4572960138320923
7252,8,2,0,0.782188355922699
7253,4,2,0,0.6271243691444397
7254,2,3,0,0.7276657819747925
7255,3,3,1,0.9123846292495728
7256,4,2,0,0.6749061942100525
7257,0,3,0,0.4684813916683197
7258,5,3,0,0.7511953711509705
7259,4,3,0,0.8624172806739807
7260,1,2,0,0.6056147217750549
7261,8,2,0,0.6726905703544617
7262,2,2,1,0.5700477957725525
7263,5,6,0,0.7364173531532288
7264,4,2,0,0.7779512405395508
7265,5,2,0,0.6099443435668945
7266,2,2,1,0.8279062509536743
7267,5,2,0,0.7541992664337158
7268,3,4,0,0.60043865442276
7269,7,5,0,0.4491000473499298
7270,9,3,0,0.6896952390670776
7271,7,3,0,0.4453258216381073
7272,1,2,0,0.4262617528438568
7273,4,2,0,0.6230036616325378
7274,1,3,0,0.4866010546684265
7275,3,3,1,0.5775518417358398
7276,1,3,0,0.5752628445625305
7277,4,6,0,0.44821828603744507
7278,5,2,0,0.6677048206329346
7279,5,3,0,0.5806176066398621
7280,1,2,0,0.8496807217597961
7281,7,2,0,0.888931930065155
7282,1,3,0,0.819409191608429
7283,3,8,0,0.7704698443412781
7284,0,2,0,0.7578019499778748
7285,1,2,0,0.48233628273010254
7286,2,5,0,0.5358371734619141
7287,5,8,0,0.9132108092308044
7288,7,3,0,0.6323786377906799
7289,0,0,1,0.6405861973762512
7290,6,3,0,0.8957653641700745
7291,3,3,1,0.8750606775283813
7292,5,3,0,0.7002615332603455
7293,7,2,0,0.8912804126739502
7294,5,2,0,0.6569364070892334
7295,5,9,0,0.5431950092315674
7296,8,0,0,0.7582453489303589
7297,9,9,1,0.5850651264190674
7298,4,2,0,0.8632592558860779
7299,6,2,0,0.9581599235534668
7300,3,2,0,0.5083151459693909
7301,6,2,0,0.9032933712005615
7302,6,3,0,0.5487015247344971
7303,8,3,0,0.5830252170562744
7304,2,3,0,0.6541752219200134
7305,6,2,0,0.5599269270896912
7306,4,2,0,0.5043821930885315
7307,8,2,0,0.6446754932403564
7308,4,2,0,0.46268314123153687
7309,1,8,0,0.757568895816803
7310,3,3,1,0.7326968312263489
7311,1,9,0,0.7414361238479614
7312,2,2,1,0.5142194032669067
7313,3,3,1,0.5963741540908813
7314,3,6,0,0.708523690700531
7315,0,6,0,0.4827277362346649
7316,1,3,0,0.525554358959198
7317,6,3,0,0.7417362332344055
7318,4,3,0,0.4702748954296112
7319,2,8,0,0.46909406781196594
7320,8,3,0,0.6030946969985962
7321,2,2,1,0.6345304846763611
7322,4,3,0,0.7742087841033936
7323,3,3,1,0.527372419834137
7324,1,2,0,0.7032915353775024
7325,4,2,0,0.6234780550003052
7326,4,3,0,0.423387736082077
7327,4,2,0,0.699521541595459
7328,4,2,0,0.5108264684677124
7329,1,2,0,0.80990070104599
7330,5,3,0,0.6585009694099426
7331,5,2,0,0.6179057359695435
7332,7,2,0,0.7251632213592529
7333,6,6,1,0.7881813049316406
7334,5,2,0,0.5958986878395081
7335,4,3,0,0.5466577410697937
7336,5,2,0,0.9567256569862366
7337,6,0,0,0.5943364500999451
7338,5,2,0,0.8296938538551331
7339,6,2,0,0.8088547587394714
7340,2,3,0,0.6582301259040833
7341,4,3,0,0.5237435698509216
7342,7,3,0,0.6997748613357544
7343,7,3,0,0.6998496651649475
7344,4,2,0,0.7437055110931396
7345,6,6,1,0.7004051804542542
7346,5,5,1,0.46777546405792236
7347,0,3,0,0.5413697361946106
7348,2,3,0,0.6822736859321594
7349,3,2,0,0.699367880821228
7350,9,3,0,0.8115141987800598
7351,2,3,0,0.6709038615226746
7352,3,3,1,0.55345618724823
7353,8,2,0,0.6668980121612549
7354,0,3,0,0.6543182730674744
7355,7,2,0,0.9089149832725525
7356,0,2,0,0.6148525476455688
7357,6,2,0,0.8125498294830322
7358,8,3,0,0.7234020829200745
7359,1,3,0,0.5618764758110046
7360,2,3,0,0.6482338309288025
7361,8,2,0,0.45468562841415405
7362,9,2,0,0.7413021326065063
7363,1,6,0,0.9349381327629089
7364,5,2,0,0.5314297080039978
7365,4,2,0,0.6542975306510925
7366,2,2,1,0.8094624280929565
7367,3,2,0,0.7870787978172302
7368,5,3,0,0.6601554751396179
7369,5,3,0,0.7235251665115356
7370,3,3,1,0.6845793128013611
7371,6,6,1,0.5540890693664551
7372,5,3,0,0.6344823837280273
7373,0,5,0,0.7265758514404297
7374,3,3,1,0.6996200680732727
7375,2,3,0,0.6785590052604675
7376,1,2,0,0.774283230304718
7377,3,2,0,0.5755756497383118
7378,3,3,1,0.6382981538772583
7379,7,2,0,0.6043641567230225
7380,7,2,0,0.8066192865371704
7381,4,2,0,0.5862944722175598
7382,9,8,0,0.4094398617744446
7383,4,0,0,0.8210734724998474
7384,3,2,0,0.6693033576011658
7385,9,3,0,0.5495040416717529
7386,5,2,0,0.6490044593811035
7387,1,2,0,0.8156233429908752
7388,7,3,0,0.7735379934310913
7389,6,2,0,0.6335883140563965
7390,6,2,0,0.7298990488052368
7391,4,3,0,0.39210397005081177
7392,8,2,0,0.7860909700393677
7393,5,3,0,0.6833097338676453
7394,1,6,0,0.8011187314987183
7395,2,2,1,0.834335446357727
7396,8,3,0,0.6048951148986816
7397,4,3,0,0.7750518321990967
7398,5,2,0,0.6931484937667847
7399,3,6,0,0.5893254280090332
7400,3,3,1,0.7211052179336548
7401,3,2,0,0.6107560396194458
7402,0,3,0,0.41657158732414246
7403,4,8,0,0.5204528570175171
7404,8,8,1,0.9801918864250183
7405,7,2,0,0.7311525940895081
7406,7,2,0,0.5239426493644714
7407,9,3,0,0.6116333603858948
7408,4,3,0,0.3843464255332947
7409,8,8,1,0.8056449294090271
7410,4,2,0,0.9823338389396667
7411,5,2,0,0.6101728081703186
7412,9,2,0,0.8666449189186096
7413,1,2,0,0.41497936844825745
7414,8,8,1,0.4982125163078308
7415,3,6,0,0.8785176277160645
7416,1,2,0,0.7496728301048279
7417,3,2,0,0.6964141726493835
7418,8,2,0,0.4959874749183655
7419,0,2,0,0.8138142824172974
7420,3,3,1,0.5645497441291809
7421,5,3,0,0.6535272598266602
7422,4,6,0,0.6866823434829712
7423,6,6,1,0.9154605865478516
7424,9,3,0,0.49737250804901123
7425,2,3,0,0.49533262848854065
7426,7,3,0,0.7447148561477661
7427,2,2,1,0.9393907785415649
7428,0,3,0,0.5496966242790222
7429,5,2,0,0.7961569428443909
7430,2,2,1,0.7839471697807312
7431,9,2,0,0.4352375566959381
7432,7,2,0,0.932378888130188
7433,5,8,0,0.5744234323501587
7434,0,3,0,0.45623791217803955
7435,7,2,0,0.6321591734886169
7436,0,2,0,0.9014877080917358
7437,3,3,1,0.40164920687675476
7438,5,3,0,0.6738474369049072
7439,5,2,0,0.8775343894958496
7440,3,2,0,0.96710604429245
7441,8,3,0,0.4786545932292938
7442,7,2,0,0.9546405673027039
7443,7,6,0,0.5654721260070801
7444,9,2,0,0.7284138202667236
7445,6,2,0,0.8398114442825317
7446,5,2,0,0.7079773545265198
7447,8,2,0,0.6508206725120544
7448,9,2,0,0.5492116212844849
7449,0,2,0,0.3845789432525635
7450,1,3,0,0.4616655707359314
7451,9,9,1,0.8058723211288452
7452,4,2,0,0.5468718409538269
7453,0,2,0,0.7930580973625183
7454,0,3,0,0.6790586113929749
7455,1,3,0,0.6513780355453491
7456,7,2,0,0.8276679515838623
7457,2,2,1,0.8607969880104065
7458,2,3,0,0.9172382354736328
7459,8,8,1,0.6254993081092834
7460,5,1,0,0.5612908601760864
7461,9,2,0,0.5925583243370056
7462,8,3,0,0.7100937962532043
7463,2,3,0,0.613023042678833
7464,8,3,0,0.5497482419013977
7465,0,2,0,0.6114494800567627
7466,6,3,0,0.7452939748764038
7467,6,5,0,0.34162184596061707
7468,8,2,0,0.8592147827148438
7469,6,2,0,0.7857442498207092
7470,9,3,0,0.5335301160812378
7471,6,3,0,0.4431370198726654
7472,1,3,0,0.6811025142669678
7473,1,3,0,0.4714164733886719
7474,5,5,1,0.7594386339187622
7475,3,3,1,0.4017849862575531
7476,5,5,1,0.817635715007782
7477,0,3,0,0.5973049998283386
7478,7,2,0,0.7109030485153198
7479,6,9,0,0.6395008563995361
7480,1,0,0,0.5659950971603394
7481,4,2,0,0.8022051453590393
7482,4,2,0,0.6654630303382874
7483,1,2,0,0.6332521438598633
7484,1,3,0,0.547551155090332
7485,8,0,0,0.6506859064102173
7486,1,8,0,0.6835934519767761
7487,1,2,0,0.9707341194152832
7488,2,3,0,0.46369919180870056
7489,3,6,0,0.6180031895637512
7490,4,3,0,0.4887450635433197
7491,9,2,0,0.5946738719940186
7492,9,6,0,0.491719126701355
7493,5,2,0,0.5751668810844421
7494,2,2,1,0.8827724456787109
7495,7,2,0,0.9038482904434204
7496,3,2,0,0.9602059721946716
7497,3,2,0,0.5244108438491821
7498,6,3,0,0.6056624054908752
7499,9,6,0,0.39384135603904724
7500,6,8,0,0.43663886189460754
7501,9,3,0,0.5024430155754089
7502,8,2,0,0.9070206880569458
7503,8,3,0,0.7922996878623962
7504,6,0,0,0.8009937405586243
7505,7,3,0,0.5526169538497925
7506,4,2,0,0.4588899612426758
7507,7,2,0,0.8519687652587891
7508,2,2,1,0.7312678694725037
7509,3,2,0,0.6585425734519958
7510,8,2,0,0.9393119215965271
7511,0,3,0,0.5394673943519592
7512,9,3,0,0.540324330329895
7513,0,2,0,0.4933737814426422
7514,7,8,0,0.676072895526886
7515,8,3,0,0.43882372975349426
7516,1,2,0,0.7544321417808533
7517,2,2,1,0.6168261766433716
7518,3,2,0,0.7621296644210815
7519,2,3,0,0.7599212527275085
7520,4,2,0,0.5148060321807861
7521,2,2,1,0.6128283739089966
7522,9,3,0,0.8575191497802734
7523,0,3,0,0.6351431608200073
7524,3,2,0,0.6084431409835815
7525,8,2,0,0.8621672987937927
7526,9,9,1,0.472896009683609
7527,6,3,0,0.872262179851532
7528,5,5,1,0.5765697956085205
7529,5,3,0,0.6064491868019104
7530,2,2,1,0.6067615151405334
7531,4,2,0,0.6820305585861206
7532,1,2,0,0.5308007001876831
7533,0,2,0,0.6565021276473999
7534,6,2,0,0.9824733734130859
7535,1,2,0,0.780702531337738
7536,8,3,0,0.5731664896011353
7537,4,2,0,0.5493009686470032
7538,5,3,0,0.7473399639129639
7539,5,2,0,0.8893607258796692
7540,5,3,0,0.6633738875389099
7541,0,2,0,0.4257355332374573
7542,8,9,0,0.7142409086227417
7543,9,0,0,0.5806342959403992
7544,0,2,0,0.6707862019538879
7545,5,2,0,0.4570196568965912
7546,7,9,0,0.7975000739097595
7547,9,9,1,0.8278792500495911
7548,6,2,0,0.8403969407081604
7549,3,2,0,0.8683839440345764
7550,4,2,0,0.43230193853378296
7551,6,2,0,0.8334704041481018
7552,4,2,0,0.6064955592155457
7553,9,8,0,0.8297604918479919
7554,7,6,0,0.5775130987167358
7555,1,0,0,0.7376587390899658
7556,2,3,0,0.4991675615310669
7557,5,2,0,0.9381608366966248
7558,2,2,1,0.44363147020339966
7559,8,6,0,0.6027881503105164
7560,0,3,0,0.4919644892215729
7561,2,3,0,0.6388837695121765
7562,2,3,0,0.5665335059165955
7563,9,9,1,0.54689621925354
7564,8,0,0,0.52556973695755
7565,1,2,0,0.8426880836486816
7566,9,2,0,0.6608179211616516
7567,7,2,0,0.5815398097038269
7568,7,3,0,0.7783443927764893
7569,3,3,1,0.4598469138145447
7570,1,3,0,0.6612880825996399
7571,4,3,0,0.7955001592636108
7572,1,0,0,0.46847283840179443
7573,1,2,0,0.5630494952201843
7574,3,3,1,0.6145408749580383
7575,8,2,0,0.4267248809337616
7576,8,2,0,0.823284387588501
7577,1,2,0,0.944693922996521
7578,9,6,0,0.7206147313117981
7579,3,3,1,0.4655950367450714
7580,8,2,0,0.5760522484779358
7581,9,2,0,0.93254154920578
7582,5,3,0,0.7460653185844421
7583,1,4,0,0.6020196080207825
7584,1,3,0,0.7433608174324036
7585,6,2,0,0.7483428120613098
7586,2,2,1,0.7632952928543091
7587,7,2,0,0.8674337267875671
7588,2,3,0,0.4977937936782837
7589,6,2,0,0.9362369179725647
7590,2,2,1,0.8434705138206482
7591,6,2,0,0.5953602194786072
7592,9,3,0,0.583382248878479
7593,6,8,0,0.6394367814064026
7594,0,2,0,0.8880389928817749
7595,1,2,0,0.6125195622444153
7596,3,6,0,0.4361456632614136
7597,9,2,0,0.43908941745758057
7598,3,9,0,0.47316309809684753
7599,8,2,0,0.8404523730278015
7600,8,6,0,0.643709659576416
7601,8,2,0,0.3874911069869995
7602,2,3,0,0.49398407340049744
7603,9,2,0,0.4143640995025635
7604,1,0,0,0.41643089056015015
7605,2,3,0,0.5241613984107971
7606,6,8,0,0.7537388205528259
7607,0,3,0,0.7813374400138855
7608,5,5,1,0.6802005171775818
7609,0,2,0,0.795646607875824
7610,7,2,0,0.5855189561843872
7611,7,3,0,0.6426331996917725
7612,7,2,0,0.9250078201293945
7613,9,3,0,0.662850558757782
7614,4,2,0,0.5836190581321716
7615,5,3,0,0.5699223279953003
7616,0,3,0,0.5976974368095398
7617,2,2,1,0.5916414260864258
7618,3,2,0,0.534774124622345
7619,5,5,1,0.5836657285690308
7620,5,3,0,0.5412104725837708
7621,8,2,0,0.6364615559577942
7622,9,3,0,0.5607537031173706
7623,1,2,0,0.8910970687866211
7624,2,2,1,0.6800708174705505
7625,7,2,0,0.7132100462913513
7626,1,9,0,0.468702495098114
7627,3,2,0,0.5079218149185181
7628,4,0,0,0.59610915184021
7629,6,2,0,0.5227656960487366
7630,9,3,0,0.5453189611434937
7631,1,2,0,0.5366877913475037
7632,0,2,0,0.6806753277778625
7633,7,2,0,0.8855437636375427
7634,1,2,0,0.6267829537391663
7635,9,2,0,0.8959836363792419
7636,5,3,0,0.6042168736457825
7637,8,3,0,0.5470044612884521
7638,1,0,0,0.6138205528259277
7639,9,3,0,0.3514612913131714
7640,9,3,0,0.6997865438461304
7641,7,8,0,0.744059145450592
7642,9,2,0,0.8846468925476074
7643,8,2,0,0.8068411946296692
7644,3,2,0,0.8434011936187744
7645,0,2,0,0.5577727556228638
7646,2,3,0,0.6893012523651123
7647,6,8,0,0.7955307960510254
7648,0,0,1,0.6560906171798706
7649,2,3,0,0.4451960623264313
7650,2,2,1,0.8443874716758728
7651,4,3,0,0.5935565829277039
7652,0,9,0,0.3612383306026459
7653,8,2,0,0.9654726982116699
7654,4,3,0,0.6677761077880859
7655,8,3,0,0.6791746020317078
7656,1,3,0,0.8595001697540283
7657,2,5,0,0.6018758416175842
7658,7,8,0,0.973505437374115
7659,2,2,1,0.6548792719841003
7660,7,2,0,0.9540193676948547
7661,9,0,0,0.6964696049690247
7662,5,5,1,0.5154464840888977
7663,2,3,0,0.7410531640052795
7664,2,3,0,0.5351368188858032
7665,9,3,0,0.6694966554641724
7666,2,2,1,0.7812024354934692
7667,6,6,1,0.5249258279800415
7668,5,3,0,0.7475710511207581
7669,7,2,0,0.9134031534194946
7670,2,2,1,0.6994233131408691
7671,5,8,0,0.5904040932655334
7672,6,2,0,0.598246693611145
7673,5,5,1,0.6588649153709412
7674,1,3,0,0.7140544652938843
7675,8,2,0,0.6024880409240723
7676,2,3,0,0.7524861097335815
7677,6,2,0,0.6335651278495789
7678,8,2,0,0.536650538444519
7679,6,2,0,0.923200786113739
7680,3,3,1,0.8824136853218079
7681,0,3,0,0.7177910208702087
7682,8,2,0,0.6242659687995911
7683,0,0,1,0.7179794311523438
7684,0,3,0,0.610855758190155
7685,9,0,0,0.7150720357894897
7686,9,2,0,0.5283556580543518
7687,6,2,0,0.6498070359230042
7688,8,8,1,0.5788488388061523
7689,0,3,0,0.4449350833892822
7690,6,6,1,0.6521815657615662
7691,6,3,0,0.5096950531005859
7692,0,2,0,0.6834505796432495
7693,7,3,0,0.6207396984100342
7694,9,3,0,0.6202840209007263
7695,8,5,0,0.5639843344688416
7696,0,1,0,0.6247473359107971
7697,5,2,0,0.5999135375022888
7698,0,8,0,0.9423282146453857
7699,9,2,0,0.5400444269180298
7700,6,2,0,0.8928029537200928
7701,0,0,1,0.500324010848999
7702,4,3,0,0.4870748519897461
7703,7,2,0,0.5649164915084839
7704,1,6,0,0.43840306997299194
7705,7,7,1,0.3186683654785156
7706,8,3,0,0.5872806310653687
7707,8,3,0,0.5973785519599915
7708,2,3,0,0.7039851546287537
7709,3,2,0,0.7603683471679688
7710,9,3,0,0.48300451040267944
7711,6,3,0,0.49484261870384216
7712,5,2,0,0.7183576226234436
7713,5,2,0,0.6720409393310547
7714,3,3,1,0.5828275680541992
7715,1,2,0,0.6981871128082275
7716,5,2,0,0.6671644449234009
7717,3,6,0,0.5486696362495422
7718,0,2,0,0.5794505476951599
7719,2,9,0,0.5753365159034729
7720,5,2,0,0.8300378918647766
7721,2,5,0,0.6774566769599915
7722,7,3,0,0.6718471050262451
7723,3,2,0,0.5165290832519531
7724,8,3,0,0.5170251727104187
7725,4,2,0,0.6222644448280334
7726,4,2,0,0.7316238880157471
7727,6,2,0,0.8842855095863342
7728,1,0,0,0.5883947610855103
7729,9,3,0,0.8149179220199585
7730,4,2,0,0.9098641872406006
7731,1,2,0,0.805496335029602
7732,7,7,1,0.6026484370231628
7733,0,5,0,0.45697346329689026
7734,1,2,0,0.6205552816390991
7735,4,2,0,0.9002786874771118
7736,3,2,0,0.8246756196022034
7737,0,2,0,0.5640352964401245
7738,2,2,1,0.8683644533157349
7739,9,0,0,0.6262447834014893
7740,4,3,0,0.8262072801589966
7741,5,3,0,0.8231275677680969
7742,0,8,0,0.5349190831184387
7743,3,3,1,0.5504966974258423
7744,4,2,0,0.8639835119247437
7745,7,2,0,0.6097925305366516
7746,2,0,0,0.3180970251560211
7747,3,2,0,0.7581349611282349
7748,0,3,0,0.6978236436843872
7749,1,2,0,0.5571728944778442
7750,3,2,0,0.6758753061294556
7751,7,2,0,0.7855265140533447
7752,9,3,0,0.6484923958778381
7753,9,2,0,0.4381744861602783
7754,0,3,0,0.5608068108558655
7755,7,2,0,0.7008423805236816
7756,5,9,0,0.4561063051223755
7757,6,2,0,0.6606250405311584
7758,7,5,0,0.46357619762420654
7759,1,0,0,0.5282897353172302
7760,2,9,0,0.6632031798362732
7761,2,3,0,0.4367217421531677
7762,7,8,0,0.795558750629425
7763,4,3,0,0.8497796654701233
7764,6,6,1,0.8552750945091248
7765,8,0,0,0.6387990713119507
7766,4,4,1,0.5571305155754089
7767,9,6,0,0.6006394028663635
7768,8,3,0,0.6034588813781738
7769,4,2,0,0.670599102973938
7770,9,2,0,0.5953832268714905
7771,2,1,0,0.32260915637016296
7772,3,3,1,0.728125810623169
7773,4,2,0,0.3302978277206421
7774,0,9,0,0.7667711973190308
7775,2,2,1,0.9207077622413635
7776,5,9,0,0.5862716436386108
7777,6,3,0,0.6235455274581909
7778,0,3,0,0.31729745864868164
7779,5,2,0,0.8356956839561462
7780,3,3,1,0.6807090640068054
7781,5,0,0,0.45764532685279846
7782,8,2,0,0.5176194310188293
7783,3,3,1,0.6801062822341919
7784,7,2,0,0.9125229716300964
7785,4,3,0,0.6457965970039368
7786,9,2,0,0.6231514811515808
7787,5,5,1,0.5479817986488342
7788,6,2,0,0.6377063393592834
7789,3,3,1,0.8810027241706848
7790,8,3,0,0.8560369610786438
7791,6,8,0,0.6347543001174927
7792,9,5,0,0.8772545456886292
7793,8,0,0,0.6588637232780457
7794,5,4,0,0.6442548632621765
7795,5,3,0,0.5251255631446838
7796,8,3,0,0.521253228187561
7797,3,5,0,0.5823072791099548
7798,5,2,0,0.4582391083240509
7799,9,2,0,0.4389829635620117
7800,0,3,0,0.5562356114387512
7801,4,2,0,0.6186231374740601
7802,2,2,1,0.7367841005325317
7803,0,3,0,0.7043317556381226
7804,5,2,0,0.817809522151947
7805,9,2,0,0.954669177532196
7806,9,2,0,0.574555516242981
7807,3,3,1,0.4462701380252838
7808,8,3,0,0.4763331115245819
7809,0,2,0,0.6774839758872986
7810,6,2,0,0.4725438356399536
7811,0,2,0,0.5032718181610107
7812,2,0,0,0.7011100053787231
7813,3,2,0,0.6838661432266235
7814,7,2,0,0.7220872640609741
7815,0,2,0,0.6015886068344116
7816,0,8,0,0.5993114113807678
7817,6,2,0,0.451507568359375
7818,9,0,0,0.7058073878288269
7819,1,2,0,0.41737568378448486
7820,5,0,0,0.49207696318626404
7821,2,2,1,0.6203297972679138
7822,2,3,0,0.4899370074272156
7823,7,3,0,0.5356181859970093
7824,9,2,0,0.48619553446769714
7825,3,3,1,0.4456320106983185
7826,9,9,1,0.531602680683136
7827,3,7,0,0.38845294713974
7828,5,2,0,0.5710356831550598
7829,2,2,1,0.7056569457054138
7830,2,3,0,0.821924090385437
7831,2,6,0,0.5585758686065674
7832,8,2,0,0.5906644463539124
7833,8,2,0,0.7769690752029419
7834,5,2,0,0.878562331199646
7835,0,3,0,0.5534220337867737
7836,0,6,0,0.5986832976341248
7837,7,6,0,0.6424461007118225
7838,0,3,0,0.7796563506126404
7839,3,2,0,0.8977183103561401
7840,1,3,0,0.4609549641609192
7841,6,3,0,0.8195812702178955
7842,5,3,0,0.6032038927078247
7843,0,2,0,0.7653021812438965
7844,9,8,0,0.7191011905670166
7845,2,2,1,0.7624420523643494
7846,6,6,1,0.5694162845611572
7847,7,2,0,0.9551053643226624
7848,4,3,0,0.7510929703712463
7849,2,3,0,0.48069170117378235
7850,0,2,0,0.9228244423866272
7851,0,2,0,0.6190009117126465
7852,5,5,1,0.6062340140342712
7853,3,2,0,0.9604313373565674
7854,3,2,0,0.6639163494110107
7855,2,2,1,0.5007056593894958
7856,6,2,0,0.8708423972129822
7857,4,2,0,0.9787525534629822
7858,2,2,1,0.5902752876281738
7859,7,2,0,0.8996163606643677
7860,8,2,0,0.9424890875816345
7861,0,6,0,0.6499019265174866
7862,1,2,0,0.5407549738883972
7863,0,3,0,0.527397096157074
7864,1,2,0,0.6003844738006592
7865,3,3,1,0.647379994392395
7866,6,2,0,0.5650154948234558
7867,4,3,0,0.7048843502998352
7868,8,2,0,0.9383704662322998
7869,0,8,0,0.6065301299095154
7870,6,2,0,0.9182997345924377
7871,0,3,0,0.8213910460472107
7872,9,3,0,0.5624300837516785
7873,1,3,0,0.3811664581298828
7874,6,5,0,0.4559066891670227
7875,2,2,1,0.6226575374603271
7876,1,3,0,0.42900243401527405
7877,0,2,0,0.5446130037307739
7878,1,2,0,0.7797940373420715
7879,3,2,0,0.8862721920013428
7880,0,0,1,0.5726449489593506
7881,3,2,0,0.4392112195491791
7882,7,2,0,0.3457631766796112
7883,9,3,0,0.5438367128372192
7884,9,3,0,0.3880651295185089
7885,3,3,1,0.8614310026168823
7886,7,3,0,0.5971731543540955
7887,5,3,0,0.45157429575920105
7888,7,2,0,0.6088055372238159
7889,1,3,0,0.3292073607444763
7890,6,3,0,0.5632907152175903
7891,6,3,0,0.5671977996826172
7892,1,3,0,0.5972453951835632
7893,1,0,0,0.6624748110771179
7894,1,2,0,0.8130494356155396
7895,4,2,0,0.7767144441604614
7896,4,3,0,0.7364839315414429
7897,2,2,1,0.5129417777061462
7898,1,2,0,0.7752986550331116
7899,7,3,0,0.6933318376541138
7900,0,3,0,0.7661404609680176
7901,1,2,0,0.4363928437232971
7902,2,2,1,0.5911970138549805
7903,1,2,0,0.5674700140953064
7904,1,8,0,0.8500755429267883
7905,3,4,0,0.6912240386009216
7906,2,2,1,0.7259278297424316
7907,6,2,0,0.6020835638046265
7908,9,2,0,0.5012311339378357
7909,1,2,0,0.6640527844429016
7910,3,2,0,0.4484347999095917
7911,2,2,1,0.9253750443458557
7912,0,2,0,0.5998535752296448
7913,8,2,0,0.8353875875473022
7914,7,2,0,0.6386628746986389
7915,3,2,0,0.8422886729240417
7916,4,2,0,0.6791539788246155
7917,6,3,0,0.6528833508491516
7918,4,2,0,0.4918459355831146
7919,6,8,0,0.9645115733146667
7920,9,2,0,0.8050664067268372
7921,4,6,0,0.752945601940155
7922,8,2,0,0.8049346208572388
7923,9,2,0,0.9456045031547546
7924,3,3,1,0.9190687537193298
7925,0,0,1,0.6167174577713013
7926,5,2,0,0.8419220447540283
7927,7,2,0,0.7799520492553711
7928,2,2,1,0.8451119065284729
7929,0,2,0,0.5720202326774597
7930,2,9,0,0.544248640537262
7931,9,3,0,0.4780455529689789
7932,9,6,0,0.4948449432849884
7933,3,3,1,0.6378052234649658
7934,8,2,0,0.6357944011688232
7935,7,2,0,0.7975857257843018
7936,1,3,0,0.4775260090827942
7937,1,0,0,0.6523376703262329
7938,2,2,1,0.5841140747070312
7939,2,2,1,0.587888240814209
7940,2,2,1,0.6508275866508484
7941,5,2,0,0.9504249691963196
7942,9,2,0,0.48962876200675964
7943,1,9,0,0.5994406938552856
7944,2,3,0,0.7474169135093689
7945,6,4,0,0.7074590921401978
7946,1,2,0,0.7889759540557861
7947,2,2,1,0.5869522094726562
7948,1,2,0,0.698018491268158
7949,8,3,0,0.4459676742553711
7950,9,2,0,0.9722565412521362
7951,2,2,1,0.9068195819854736
7952,3,0,0,0.8332611322402954
7953,1,8,0,0.4931062161922455
7954,9,2,0,0.6979624629020691
7955,9,3,0,0.5562293529510498
7956,4,3,0,0.6830437779426575
7957,4,3,0,0.9083797931671143
7958,5,2,0,0.7394553422927856
7959,5,0,0,0.6064882874488831
7960,0,0,1,0.30610060691833496
7961,3,2,0,0.8148860931396484
7962,3,2,0,0.756729781627655
7963,7,4,0,0.5485155582427979
7964,1,3,0,0.41291582584381104
7965,7,2,0,0.8799390196800232
7966,7,2,0,0.8590152859687805
7967,9,2,0,0.653442919254303
7968,8,2,0,0.6089865565299988
7969,6,3,0,0.5868839621543884
7970,3,3,1,0.48494812846183777
7971,5,2,0,0.7449009418487549
7972,5,2,0,0.6694232225418091
7973,1,2,0,0.5306035280227661
7974,6,2,0,0.5221851468086243
7975,2,3,0,0.8536896705627441
7976,7,2,0,0.6441589593887329
7977,8,2,0,0.9603628516197205
7978,4,0,0,0.7762962579727173
7979,3,3,1,0.790584921836853
7980,3,2,0,0.8148730397224426
7981,5,2,0,0.5770429968833923
7982,9,2,0,0.5531685948371887
7983,6,2,0,0.5873712301254272
7984,8,2,0,0.4213239252567291
7985,5,2,0,0.6282589435577393
7986,1,2,0,0.7326651811599731
7987,0,9,0,0.4986644685268402
7988,6,6,1,0.7133440375328064
7989,7,2,0,0.33496031165122986
7990,0,0,1,0.6333402395248413
7991,9,0,0,0.8113721013069153
7992,6,3,0,0.6385745406150818
7993,2,6,0,0.4388768672943115
7994,0,2,0,0.4813729524612427
7995,8,8,1,0.6476567387580872
7996,7,3,0,0.8257763385772705
7997,1,2,0,0.786759614944458
7998,2,2,1,0.49582746624946594
7999,6,3,0,0.7881857752799988
8000,9,2,0,0.9217475056648254
8001,1,3,0,0.5263770818710327
8002,6,2,0,0.8519545793533325
8003,4,2,0,0.9857004880905151
8004,7,3,0,0.6088714003562927
8005,1,9,0,0.5409888029098511
8006,9,2,0,0.7014902234077454
8007,0,2,0,0.7206128239631653
8008,0,8,0,0.6203627586364746
8009,5,3,0,0.548936128616333
8010,2,2,1,0.7007415294647217
8011,8,2,0,0.5720040202140808
8012,3,5,0,0.5145683288574219
8013,8,8,1,0.5506346225738525
8014,2,4,0,0.32517674565315247
8015,8,9,0,0.751580536365509
8016,4,2,0,0.7445448637008667
8017,0,2,0,0.6570054888725281
8018,8,2,0,0.5985592007637024
8019,3,9,0,0.7420494556427002
8020,6,2,0,0.7173765301704407
8021,1,2,0,0.7251481413841248
8022,2,8,0,0.8340299129486084
8023,3,6,0,0.7685311436653137
8024,0,2,0,0.5232372879981995
8025,5,6,0,0.5922345519065857
8026,0,8,0,0.6374160647392273
8027,4,2,0,0.7824491262435913
8028,1,3,0,0.7435518503189087
8029,7,3,0,0.8540824055671692
8030,2,2,1,0.6009281873703003
8031,0,3,0,0.6637575030326843
8032,1,3,0,0.35724905133247375
8033,3,2,0,0.6828984022140503
8034,9,2,0,0.7601158618927002
8035,1,3,0,0.5361325144767761
8036,6,2,0,0.41914549469947815
8037,1,2,0,0.8146718144416809
8038,6,2,0,0.5116838216781616
8039,1,3,0,0.6832937002182007
8040,2,2,1,0.58582603931427
8041,8,3,0,0.4914395213127136
8042,7,2,0,0.5651552081108093
8043,0,2,0,0.8097213506698608
8044,9,2,0,0.7114895582199097
8045,5,9,0,0.6523103713989258
8046,8,3,0,0.7428755760192871
8047,0,2,0,0.48798108100891113
8048,0,2,0,0.5192671418190002
8049,1,0,0,0.7095991969108582
8050,7,6,0,0.5391100645065308
8051,9,2,0,0.5889504551887512
8052,7,3,0,0.6725947260856628
8053,1,2,0,0.5210726261138916
8054,9,2,0,0.8539343476295471
8055,2,8,0,0.7301338911056519
8056,1,3,0,0.5827905535697937
8057,9,3,0,0.6927304267883301
8058,4,2,0,0.8043349981307983
8059,3,2,0,0.8547567129135132
8060,6,2,0,0.632723331451416
8061,0,3,0,0.5540790557861328
8062,2,2,1,0.8288358449935913
8063,0,2,0,0.8631346821784973
8064,0,0,1,0.8058374524116516
8065,9,3,0,0.6103081107139587
8066,9,2,0,0.8678786158561707
8067,8,2,0,0.5750499367713928
8068,9,2,0,0.6808639764785767
8069,4,3,0,0.40361300110816956
8070,5,2,0,0.8010166883468628
8071,4,3,0,0.54404217004776
8072,3,2,0,0.6191103458404541
8073,0,9,0,0.612059473991394
8074,7,2,0,0.8098707795143127
8075,8,2,0,0.6754183769226074
8076,7,2,0,0.6053111553192139
8077,3,7,0,0.3431236743927002
8078,7,2,0,0.7943273782730103
8079,5,0,0,0.5680917501449585
8080,4,2,0,0.7519885897636414
8081,6,6,1,0.8278047442436218
8082,5,2,0,0.5021900534629822
8083,9,2,0,0.574462354183197
8084,5,2,0,0.6472064256668091
8085,2,2,1,0.4152669608592987
8086,4,3,0,0.6349384784698486
8087,2,2,1,0.9399499893188477
8088,7,3,0,0.8080177903175354
8089,9,3,0,0.6747183203697205
8090,6,2,0,0.9510088562965393
8091,7,3,0,0.7227032780647278
8092,4,2,0,0.8985180854797363
8093,7,3,0,0.3741207420825958
8094,1,2,0,0.8367730975151062
8095,2,6,0,0.753534197807312
8096,3,2,0,0.7740397453308105
8097,1,3,0,0.8040159940719604
8098,1,2,0,0.6114351749420166
8099,3,6,0,0.5463337898254395
8100,6,8,0,0.4324096143245697
8101,8,2,0,0.30476948618888855
8102,3,2,0,0.705792248249054
8103,7,2,0,0.5405106544494629
8104,7,3,0,0.7821986675262451
8105,0,0,1,0.7636135220527649
8106,8,2,0,0.6993580460548401
8107,1,2,0,0.6585858464241028
8108,5,3,0,0.8295789957046509
8109,2,6,0,0.7982050776481628
8110,5,3,0,0.626852810382843
8111,5,2,0,0.7295260429382324
8112,3,2,0,0.904723048210144
8113,6,3,0,0.588499903678894
8114,3,5,0,0.810046911239624
8115,5,6,0,0.6482982635498047
8116,9,3,0,0.6937224268913269
8117,8,8,1,0.8171394467353821
8118,4,3,0,0.4968922734260559
8119,6,3,0,0.6527224779129028
8120,8,2,0,0.8124262094497681
8121,0,3,0,0.633590042591095
8122,4,2,0,0.8245221972465515
8123,1,2,0,0.6658201217651367
8124,7,9,0,0.6248311400413513
8125,8,2,0,0.641867458820343
8126,4,2,0,0.43035027384757996
8127,9,9,1,0.5224972367286682
8128,7,3,0,0.5797858834266663
8129,2,2,1,0.677342414855957
8130,6,3,0,0.4867755174636841
8131,3,2,0,0.5115017294883728
8132,8,2,0,0.40120893716812134
8133,8,0,0,0.3628392517566681
8134,6,2,0,0.7065916061401367
8135,7,9,0,0.4712083041667938
8136,3,2,0,0.6115183234214783
8137,8,3,0,0.8139740228652954
8138,1,3,0,0.7953465580940247
8139,1,3,0,0.6597200632095337
8140,5,2,0,0.46174168586730957
8141,3,2,0,0.6575632095336914
8142,7,8,0,0.6665233373641968
8143,9,2,0,0.538066029548645
8144,9,3,0,0.6115947365760803
8145,9,3,0,0.48415470123291016
8146,8,2,0,0.6124743223190308
8147,5,3,0,0.47594884037971497
8148,9,3,0,0.684304416179657
8149,9,2,0,0.821726381778717
8150,6,2,0,0.7804835438728333
8151,8,0,0,0.45165833830833435
8152,8,2,0,0.3719955384731293
8153,4,2,0,0.827287495136261
8154,8,3,0,0.6497516632080078
8155,1,2,0,0.6762894988059998
8156,0,2,0,0.6028876900672913
8157,1,2,0,0.6223631501197815
8158,8,3,0,0.6123324632644653
8159,8,2,0,0.7009642720222473
8160,6,3,0,0.7220001816749573
8161,5,2,0,0.9342763423919678
8162,9,3,0,0.48643237352371216
8163,0,2,0,0.4707832932472229
8164,6,6,1,0.5576265454292297
8165,1,2,0,0.7320713996887207
8166,2,2,1,0.8840118050575256
8167,6,3,0,0.4881437420845032
8168,6,2,0,0.4715959131717682
8169,3,0,0,0.7315691709518433
8170,5,6,0,0.77846360206604
8171,6,2,0,0.6403093338012695
8172,5,2,0,0.8250613212585449
8173,5,3,0,0.7126916646957397
8174,3,6,0,0.8246367573738098
8175,3,2,0,0.7757418751716614
8176,6,2,0,0.6621777415275574
8177,8,3,0,0.6884813904762268
8178,9,3,0,0.5279179215431213
8179,4,2,0,0.8511856198310852
8180,4,2,0,0.7857633829116821
8181,3,2,0,0.5899118185043335
8182,8,2,0,0.7399870157241821
8183,3,6,0,0.683600902557373
8184,6,3,0,0.6820392608642578
8185,0,2,0,0.7862437963485718
8186,8,3,0,0.48624616861343384
8187,5,2,0,0.7659603357315063
8188,7,3,0,0.6148252487182617
8189,8,2,0,0.6332132816314697
8190,4,3,0,0.44194987416267395
8191,6,2,0,0.9489101767539978
8192,5,3,0,0.8526382446289062
8193,3,8,0,0.551337718963623
8194,1,9,0,0.8122720122337341
8195,8,2,0,0.9435794353485107
8196,3,3,1,0.7406284213066101
8197,0,6,0,0.4739875793457031
8198,4,8,0,0.6250346899032593
8199,4,2,0,0.7420783638954163
8200,3,3,1,0.7311334013938904
8201,3,3,1,0.7397142648696899
8202,5,9,0,0.5330446362495422
8203,3,8,0,0.4980533719062805
8204,3,8,0,0.5968591570854187
8205,2,2,1,0.9310283064842224
8206,7,9,0,0.5566443204879761
8207,7,5,0,0.42159774899482727
8208,8,8,1,0.3681173622608185
8209,2,3,0,0.49439138174057007
8210,0,8,0,0.9134665727615356
8211,5,3,0,0.8153899908065796
8212,5,2,0,0.8473436236381531
8213,6,8,0,0.5255363583564758
8214,1,2,0,0.4646056592464447
8215,1,3,0,0.6019158959388733
8216,3,2,0,0.6655312776565552
8217,9,0,0,0.4915400445461273
8218,9,2,0,0.43368589878082275
8219,3,3,1,0.6883002519607544
8220,6,2,0,0.8092176914215088
8221,7,8,0,0.6210276484489441
8222,1,2,0,0.5372758507728577
8223,8,2,0,0.6557148694992065
8224,3,2,0,0.7492754459381104
8225,9,0,0,0.5338683128356934
8226,8,3,0,0.6460155248641968
8227,7,2,0,0.6671046018600464
8228,8,3,0,0.4723771810531616
8229,8,3,0,0.5118935108184814
8230,0,2,0,0.34305229783058167
8231,3,3,1,0.5203143358230591
8232,2,3,0,0.5585626363754272
8233,4,2,0,0.5238795876502991
8234,8,3,0,0.7465685606002808
8235,7,3,0,0.7571941018104553
8236,5,3,0,0.5376585125923157
8237,7,2,0,0.5072776675224304
8238,1,2,0,0.7425437569618225
8239,8,2,0,0.8154739141464233
8240,7,6,0,0.4150620996952057
8241,3,0,0,0.48928359150886536
8242,5,2,0,0.8703839182853699
8243,4,2,0,0.5225876569747925
8244,4,2,0,0.43188074231147766
8245,3,3,1,0.3521632254123688
8246,8,3,0,0.5527936816215515
8247,6,3,0,0.8649247288703918
8248,1,3,0,0.4799809455871582
8249,1,2,0,0.590225875377655
8250,6,2,0,0.7163351774215698
8251,3,5,0,0.4641513228416443
8252,2,3,0,0.8063353300094604
8253,2,2,1,0.42386701703071594
8254,8,2,0,0.6023541688919067
8255,9,3,0,0.9211406111717224
8256,8,3,0,0.545251190662384
8257,3,2,0,0.7300284504890442
8258,3,3,1,0.7061262726783752
8259,8,6,0,0.5152788758277893
8260,1,3,0,0.9656962156295776
8261,1,3,0,0.6260582804679871
8262,0,3,0,0.6180136203765869
8263,5,0,0,0.5376946330070496
8264,2,8,0,0.8023649454116821
8265,0,2,0,0.5848086476325989
8266,5,2,0,0.8977243304252625
8267,0,9,0,0.6293603777885437
8268,5,3,0,0.5856067538261414
8269,8,2,0,0.77277672290802
8270,6,3,0,0.4898023009300232
8271,3,2,0,0.6865015625953674
8272,9,2,0,0.8694416284561157
8273,6,2,0,0.5975955128669739
8274,6,2,0,0.8252971768379211
8275,3,3,1,0.43649324774742126
8276,9,3,0,0.7682327032089233
8277,4,3,0,0.45991551876068115
8278,8,3,0,0.4048537015914917
8279,3,2,0,0.6599473357200623
8280,4,3,0,0.836715817451477
8281,3,2,0,0.4596707224845886
8282,1,2,0,0.7902048230171204
8283,1,2,0,0.7713961601257324
8284,2,2,1,0.8503258228302002
8285,9,3,0,0.7196566462516785
8286,7,2,0,0.4879862368106842
8287,8,0,0,0.6441754698753357
8288,5,3,0,0.762703001499176
8289,5,2,0,0.7663927674293518
8290,8,2,0,0.6491861343383789
8291,6,3,0,0.5395799279212952
8292,9,2,0,0.7580968737602234
8293,0,3,0,0.6731051206588745
8294,8,5,0,0.7237831354141235
8295,3,0,0,0.6576645970344543
8296,5,5,1,0.6281926035881042
8297,1,6,0,0.5459598898887634
8298,3,5,0,0.3879944682121277
8299,3,3,1,0.8396280407905579
8300,5,2,0,0.6296611428260803
8301,5,3,0,0.8606135845184326
8302,3,9,0,0.6716394424438477
8303,8,3,0,0.7527517676353455
8304,1,3,0,0.41469502449035645
8305,4,3,0,0.7013742923736572
8306,6,2,0,0.7784859538078308
8307,4,2,0,0.6832485795021057
8308,2,3,0,0.7256774306297302
8309,4,6,0,0.6128658652305603
8310,3,3,1,0.7100041508674622
8311,8,3,0,0.4096131920814514
8312,9,8,0,0.4065675139427185
8313,6,2,0,0.7031250596046448
8314,6,3,0,0.7939770221710205
8315,6,2,0,0.923008382320404
8316,5,2,0,0.5614805221557617
8317,5,3,0,0.7226239442825317
8318,2,2,1,0.9339601397514343
8319,7,3,0,0.9478296041488647
8320,7,2,0,0.8666998147964478
8321,4,2,0,0.8054280281066895
8322,4,9,0,0.7151736617088318
8323,9,3,0,0.45315492153167725
8324,3,2,0,0.7326937317848206
8325,8,8,1,0.49075716733932495
8326,3,3,1,0.5699564218521118
8327,7,3,0,0.8859411478042603
8328,7,3,0,0.825674295425415
8329,8,8,1,0.6730889678001404
8330,5,2,0,0.7456923127174377
8331,3,0,0,0.7708492279052734
8332,9,0,0,0.4687114953994751
8333,1,2,0,0.6986730098724365
8334,6,2,0,0.5211340188980103
8335,7,9,0,0.6457955837249756
8336,3,0,0,0.3117877244949341
8337,3,3,1,0.5770404934883118
8338,3,2,0,0.6663480997085571
8339,8,2,0,0.5120706558227539
8340,5,2,0,0.6188819408416748
8341,6,2,0,0.911583423614502
8342,1,2,0,0.5881673097610474
8343,3,6,0,0.6220037341117859
8344,7,2,0,0.6767106652259827
8345,9,2,0,0.8614870309829712
8346,6,3,0,0.8337690830230713
8347,1,2,0,0.7192628383636475
8348,6,2,0,0.9601014256477356
8349,4,2,0,0.7909608483314514
8350,9,2,0,0.6124641299247742
8351,0,3,0,0.6246278285980225
8352,5,2,0,0.6915455460548401
8353,7,2,0,0.9841268062591553
8354,4,2,0,0.9684624075889587
8355,9,0,0,0.4640236496925354
8356,1,3,0,0.7388287782669067
8357,0,9,0,0.6206357479095459
8358,0,9,0,0.3312983214855194
8359,2,2,1,0.6515236496925354
8360,7,2,0,0.9238282442092896
8361,8,2,0,0.821678876876831
8362,3,6,0,0.5934584736824036
8363,2,2,1,0.6163418889045715
8364,7,0,0,0.8732885122299194
8365,6,6,1,0.47469425201416016
8366,1,3,0,0.5982657670974731
8367,6,2,0,0.9359846115112305
8368,6,2,0,0.8646875619888306
8369,4,2,0,0.8849754333496094
8370,4,2,0,0.715238094329834
8371,2,2,1,0.6363874077796936
8372,1,2,0,0.6945986151695251
8373,8,2,0,0.5246320366859436
8374,4,0,0,0.6249755620956421
8375,4,6,0,0.6543127298355103
8376,7,2,0,0.4038456976413727
8377,8,0,0,0.6462768912315369
8378,5,2,0,0.8655796647071838
8379,8,3,0,0.5504857301712036
8380,9,3,0,0.7560217976570129
8381,4,2,0,0.816737949848175
8382,3,3,1,0.4547705352306366
8383,2,2,1,0.9363529682159424
8384,2,3,0,0.6814744472503662
8385,9,2,0,0.5529745817184448
8386,3,8,0,0.809611976146698
8387,0,3,0,0.6701295375823975
8388,1,3,0,0.6104682683944702
8389,1,2,0,0.6136077046394348
8390,1,2,0,0.9080809950828552
8391,1,2,0,0.7872994542121887
8392,6,2,0,0.6675955653190613
8393,8,5,0,0.566830575466156
8394,7,8,0,0.7751398086547852
8395,1,3,0,0.37202250957489014
8396,3,2,0,0.7106299996376038
8397,0,2,0,0.36694836616516113
8398,4,2,0,0.8494608402252197
8399,5,2,0,0.5012825727462769
8400,0,2,0,0.47451159358024597
8401,3,2,0,0.7945032715797424
8402,0,0,1,0.31716591119766235
8403,6,2,0,0.7112206816673279
8404,2,2,1,0.9061591029167175
8405,0,3,0,0.6762611865997314
8406,9,2,0,0.8011817336082458
8407,8,0,0,0.5932497382164001
8408,6,3,0,0.8061398267745972
8409,8,9,0,0.596370279788971
8410,5,6,0,0.6880585551261902
8411,8,0,0,0.617051362991333
8412,2,2,1,0.4630242586135864
8413,9,2,0,0.6739333271980286
8414,6,3,0,0.38667944073677063
8415,0,2,0,0.6654041409492493
8416,6,6,1,0.6842095255851746
8417,1,3,0,0.5503578782081604
8418,8,2,0,0.43614116311073303
8419,7,3,0,0.6273941397666931
8420,3,3,1,0.6866040825843811
8421,2,2,1,0.9622552990913391
8422,2,2,1,0.8180923461914062
8423,6,2,0,0.5877631306648254
8424,5,3,0,0.5871408581733704
8425,6,8,0,0.43363577127456665
8426,9,0,0,0.43254709243774414
8427,2,2,1,0.7818847298622131
8428,5,3,0,0.5806311964988708
8429,4,8,0,0.8378708958625793
8430,9,3,0,0.8446559309959412
8431,8,2,0,0.7411918044090271
8432,5,2,0,0.8919928669929504
8433,3,3,1,0.5493596792221069
8434,9,2,0,0.8287863731384277
8435,3,2,0,0.7290183901786804
8436,5,3,0,0.654676616191864
8437,7,2,0,0.8096985220909119
8438,1,0,0,0.7884456515312195
8439,8,2,0,0.7225695848464966
8440,5,5,1,0.653430700302124
8441,8,3,0,0.41104423999786377
8442,6,2,0,0.40993762016296387
8443,2,8,0,0.6128647923469543
8444,5,2,0,0.5801486968994141
8445,1,2,0,0.5694697499275208
8446,3,2,0,0.6461284756660461
8447,0,2,0,0.7284273505210876
8448,4,3,0,0.7562381625175476
8449,1,2,0,0.5389605760574341
8450,9,2,0,0.7228437066078186
8451,5,2,0,0.5374158024787903
8452,4,2,0,0.39220237731933594
8453,9,2,0,0.7620555758476257
8454,2,2,1,0.7327675223350525
8455,1,3,0,0.6154354214668274
8456,4,2,0,0.6230181455612183
8457,2,3,0,0.8123559355735779
8458,5,2,0,0.8695529103279114
8459,9,3,0,0.6306735873222351
8460,8,2,0,0.8284558057785034
8461,7,2,0,0.7057643532752991
8462,2,2,1,0.8613623976707458
8463,1,3,0,0.7151009440422058
8464,6,2,0,0.5514727830886841
8465,9,2,0,0.9146572947502136
8466,7,0,0,0.482566773891449
8467,3,3,1,0.6738781332969666
8468,6,2,0,0.8152948617935181
8469,5,3,0,0.5379363894462585
8470,8,2,0,0.4982292056083679
8471,0,3,0,0.6953363418579102
8472,2,2,1,0.5138537287712097
8473,2,2,1,0.39878982305526733
8474,4,2,0,0.4638698101043701
8475,9,0,0,0.8024762272834778
8476,0,2,0,0.9310498833656311
8477,5,3,0,0.7703576683998108
8478,5,2,0,0.714091956615448
8479,4,0,0,0.6081253886222839
8480,2,3,0,0.6829156279563904
8481,3,3,1,0.6320999264717102
8482,1,3,0,0.5064871311187744
8483,0,3,0,0.5334926247596741
8484,3,0,0,0.9621328711509705
8485,0,0,1,0.6547390222549438
8486,4,2,0,0.43054091930389404
8487,4,3,0,0.7204307317733765
8488,9,2,0,0.8619579672813416
8489,1,3,0,0.5960190892219543
8490,3,3,1,0.44853779673576355
8491,3,1,0,0.5361033082008362
8492,0,2,0,0.957754373550415
8493,2,2,1,0.8395692110061646
8494,1,2,0,0.8641872406005859
8495,1,0,0,0.39066460728645325
8496,0,6,0,0.5090942978858948
8497,4,2,0,0.9144825339317322
8498,1,2,0,0.9138068556785583
8499,9,4,0,0.5303148031234741
8500,4,3,0,0.6592463254928589
8501,8,2,0,0.5081415176391602
8502,1,2,0,0.7064453959465027
8503,1,2,0,0.6812006831169128
8504,1,2,0,0.3482607305049896
8505,5,3,0,0.6250123977661133
8506,9,9,1,0.867780864238739
8507,8,3,0,0.33006832003593445
8508,1,2,0,0.9417768120765686
8509,6,3,0,0.7234855890274048
8510,7,2,0,0.5979374647140503
8511,2,8,0,0.5761082768440247
8512,9,3,0,0.9561598896980286
8513,9,1,0,0.6775263547897339
8514,7,3,0,0.65553879737854
8515,8,2,0,0.8565020561218262
8516,8,2,0,0.7755106687545776
8517,1,2,0,0.32081446051597595
8518,9,2,0,0.5487961173057556
8519,7,2,0,0.4590238630771637
8520,8,2,0,0.8825061321258545
8521,9,3,0,0.8998214602470398
8522,1,2,0,0.8063557147979736
8523,6,2,0,0.8060921430587769
8524,6,5,0,0.4414832592010498
8525,3,3,1,0.5171988010406494
8526,3,2,0,0.8974065184593201
8527,1,0,0,0.513569712638855
8528,3,2,0,0.3928687572479248
8529,0,2,0,0.7103227376937866
8530,8,8,1,0.623444676399231
8531,8,2,0,0.568444013595581
8532,3,2,0,0.822505533695221
8533,6,6,1,0.5354869365692139
8534,6,3,0,0.48566868901252747
8535,7,2,0,0.6916951537132263
8536,1,2,0,0.5913028120994568
8537,0,6,0,0.6144828796386719
8538,7,6,0,0.7401474714279175
8539,6,2,0,0.8996630311012268
8540,4,2,0,0.5433862805366516
8541,8,2,0,0.5490103960037231
8542,2,6,0,0.7030507326126099
8543,0,2,0,0.5181562304496765
8544,6,2,0,0.8218324780464172
8545,6,3,0,0.8465317487716675
8546,8,2,0,0.6010130047798157
8547,6,2,0,0.7270753979682922
8548,3,3,1,0.7295237183570862
8549,1,2,0,0.6642974019050598
8550,1,3,0,0.5402767062187195
8551,8,5,0,0.6039252281188965
8552,6,2,0,0.5429325103759766
8553,7,8,0,0.6229907870292664
8554,0,0,1,0.6476138234138489
8555,5,2,0,0.6431688070297241
8556,4,3,0,0.5665654540061951
8557,3,3,1,0.7352941632270813
8558,2,9,0,0.7312746644020081
8559,1,3,0,0.4240320026874542
8560,7,4,0,0.5442827343940735
8561,8,3,0,0.3261943757534027
8562,2,5,0,0.34491828083992004
8563,0,2,0,0.3594718873500824
8564,1,0,0,0.6336760520935059
8565,7,3,0,0.6481556296348572
8566,4,3,0,0.8620880246162415
8567,8,2,0,0.957346498966217
8568,7,2,0,0.7247635722160339
8569,6,3,0,0.5967841148376465
8570,6,2,0,0.4969378411769867
8571,7,2,0,0.7413454055786133
8572,0,2,0,0.9468770623207092
8573,6,2,0,0.8618279099464417
8574,4,2,0,0.7709019184112549
8575,9,2,0,0.8020452260971069
8576,2,0,0,0.7742596864700317
8577,3,3,1,0.826021671295166
8578,2,2,1,0.5725241899490356
8579,1,3,0,0.8595694303512573
8580,3,3,1,0.6495416760444641
8581,8,3,0,0.6383172273635864
8582,6,2,0,0.6919459700584412
8583,8,2,0,0.5360206365585327
8584,1,2,0,0.5187261700630188
8585,9,2,0,0.7162548303604126
8586,6,3,0,0.4430338442325592
8587,7,6,0,0.5100510120391846
8588,6,2,0,0.6534208655357361
8589,5,3,0,0.8850003480911255
8590,0,9,0,0.5496771931648254
8591,6,2,0,0.44566747546195984
8592,0,2,0,0.45288214087486267
8593,1,2,0,0.7932263612747192
8594,3,2,0,0.5324132442474365
8595,1,3,0,0.881094753742218
8596,1,2,0,0.5316380858421326
8597,5,6,0,0.5762827396392822
8598,3,2,0,0.7962196469306946
8599,4,2,0,0.7537796497344971
8600,3,8,0,0.5151101350784302
8601,3,3,1,0.5827053189277649
8602,8,2,0,0.724898636341095
8603,1,3,0,0.5927402377128601
8604,6,2,0,0.7854659557342529
8605,6,6,1,0.557449221611023
8606,1,3,0,0.7000700831413269
8607,8,3,0,0.5074812173843384
8608,8,2,0,0.6776401996612549
8609,6,2,0,0.6114068627357483
8610,2,2,1,0.8767298460006714
8611,7,6,0,0.5776286721229553
8612,4,2,0,0.7948566675186157
8613,6,5,0,0.5046603679656982
8614,8,5,0,0.4840075373649597
8615,9,8,0,0.6810981631278992
8616,3,2,0,0.84440016746521
8617,3,3,1,0.6241105794906616
8618,5,2,0,0.910215437412262
8619,5,2,0,0.5630637407302856
8620,3,3,1,0.5001152753829956
8621,1,2,0,0.6801925897598267
8622,4,0,0,0.6738317012786865
8623,1,3,0,0.45136702060699463
8624,9,2,0,0.6866260766983032
8625,5,2,0,0.6623429656028748
8626,1,3,0,0.4985642731189728
8627,7,3,0,0.6613182425498962
8628,7,3,0,0.6574904322624207
8629,7,3,0,0.7355824708938599
8630,5,3,0,0.615020751953125
8631,2,2,1,0.4113244116306305
8632,3,2,0,0.7336022257804871
8633,3,2,0,0.7382568717002869
8634,6,2,0,0.6129166483879089
8635,6,2,0,0.8253486156463623
8636,6,2,0,0.8437103629112244
8637,4,3,0,0.6948363780975342
8638,0,2,0,0.8235066533088684
8639,7,2,0,0.7213481068611145
8640,1,3,0,0.7012478113174438
8641,7,2,0,0.6007661819458008
8642,3,2,0,0.9506430625915527
8643,0,3,0,0.5842100977897644
8644,8,9,0,0.5837578773498535
8645,1,2,0,0.8267936706542969
8646,2,2,1,0.6737812161445618
8647,4,3,0,0.5805345773696899
8648,1,9,0,0.7182215452194214
8649,2,2,1,0.6907273530960083
8650,2,9,0,0.9078975319862366
8651,4,2,0,0.5823742151260376
8652,9,2,0,0.5677170753479004
8653,8,6,0,0.4588414430618286
8654,2,6,0,0.7183374166488647
8655,8,8,1,0.8819260001182556
8656,7,2,0,0.9610790014266968
8657,6,2,0,0.8508780598640442
8658,3,8,0,0.6669866442680359
8659,4,2,0,0.9531461000442505
8660,7,2,0,0.684212863445282
8661,2,2,1,0.49980148673057556
8662,3,3,1,0.8158175349235535
8663,1,3,0,0.8334187865257263
8664,5,2,0,0.4974464476108551
8665,3,3,1,0.5316005349159241
8666,0,2,0,0.582676351070404
8667,4,2,0,0.530129611492157
8668,3,3,1,0.6576923727989197
8669,4,3,0,0.6523299813270569
8670,9,3,0,0.6363435387611389
8671,4,3,0,0.5803674459457397
8672,7,3,0,0.8728806376457214
8673,9,2,0,0.62095707654953
8674,1,0,0,0.6563618779182434
8675,7,2,0,0.9503706097602844
8676,8,0,0,0.7231809496879578
8677,3,2,0,0.5865298509597778
8678,1,2,0,0.844230592250824
8679,8,2,0,0.8606932759284973
8680,3,3,1,0.6502475738525391
8681,2,1,0,0.6062386631965637
8682,5,2,0,0.7438600063323975
8683,7,8,0,0.7509075999259949
8684,2,2,1,0.7145624160766602
8685,7,2,0,0.7248778343200684
8686,9,3,0,0.41644516587257385
8687,6,3,0,0.5407968759536743
8688,8,2,0,0.8231550455093384
8689,6,3,0,0.686688244342804
8690,8,0,0,0.7595168352127075
8691,6,2,0,0.4068511724472046
8692,5,2,0,0.9074399471282959
8693,9,3,0,0.4926305413246155
8694,0,2,0,0.7402907609939575
8695,4,2,0,0.970333993434906
8696,8,2,0,0.609874963760376
8697,5,3,0,0.5745694637298584
8698,6,2,0,0.5878390669822693
8699,4,3,0,0.825149416923523
8700,3,2,0,0.560454785823822
8701,8,2,0,0.8906670808792114
8702,0,3,0,0.39324650168418884
8703,4,0,0,0.6775954961776733
8704,8,2,0,0.7444697022438049
8705,6,6,1,0.6457143425941467
8706,7,2,0,0.9076005220413208
8707,2,2,1,0.43747857213020325
8708,7,2,0,0.764991283416748
8709,1,2,0,0.7455164194107056
8710,7,3,0,0.7274143695831299
8711,4,2,0,0.5886812210083008
8712,1,3,0,0.7239768505096436
8713,2,2,1,0.6928856372833252
8714,4,2,0,0.9156852960586548
8715,2,2,1,0.46904322504997253
8716,2,2,1,0.5230877995491028
8717,8,2,0,0.740998387336731
8718,7,2,0,0.9109141230583191
8719,2,9,0,0.4979531168937683
8720,2,0,0,0.4337192475795746
8721,6,2,0,0.37973514199256897
8722,7,6,0,0.4073337912559509
8723,5,6,0,0.4552120268344879
8724,6,2,0,0.604017436504364
8725,8,2,0,0.6681192517280579
8726,9,2,0,0.827076256275177
8727,9,9,1,0.4901280701160431
8728,6,3,0,0.6077502369880676
8729,5,8,0,0.4199657738208771
8730,2,2,1,0.8406618237495422
8731,9,5,0,0.7173962593078613
8732,8,3,0,0.5569751262664795
8733,7,2,0,0.8425902724266052
8734,2,9,0,0.6866992115974426
8735,3,3,1,0.46007516980171204
8736,3,2,0,0.8952798843383789
8737,7,0,0,0.7106848955154419
8738,4,2,0,0.39127615094184875
8739,3,2,0,0.830314576625824
8740,2,6,0,0.38687556982040405
8741,1,2,0,0.8174270987510681
8742,9,2,0,0.5840107798576355
8743,0,1,0,0.5857187509536743
8744,1,2,0,0.46662914752960205
8745,5,3,0,0.41967684030532837
8746,3,0,0,0.5720927119255066
8747,2,2,1,0.573249101638794
8748,6,2,0,0.8514223098754883
8749,5,3,0,0.6043395400047302
8750,9,2,0,0.48618578910827637
8751,1,3,0,0.6541191935539246
8752,5,2,0,0.9004290699958801
8753,4,2,0,0.5527799129486084
8754,3,3,1,0.7423573136329651
8755,6,2,0,0.6516076922416687
8756,2,2,1,0.40388527512550354
8757,8,2,0,0.7474586963653564
8758,9,2,0,0.8923465013504028
8759,7,2,0,0.5173139572143555
8760,8,3,0,0.7574290633201599
8761,0,3,0,0.6724185943603516
8762,8,5,0,0.4262197017669678
8763,9,5,0,0.7934322357177734
8764,1,2,0,0.8806713819503784
8765,2,5,0,0.5682452917098999
8766,5,2,0,0.6870982050895691
8767,7,2,0,0.8959169983863831
8768,2,2,1,0.902508020401001
8769,0,6,0,0.6876893043518066
8770,6,2,0,0.8110529184341431
8771,6,2,0,0.44388341903686523
8772,1,1,1,0.38887274265289307
8773,6,2,0,0.6751255989074707
8774,3,5,0,0.5331674814224243
8775,1,0,0,0.5575516223907471
8776,5,3,0,0.37069547176361084
8777,0,3,0,0.5317909717559814
8778,3,8,0,0.6123499274253845
8779,7,0,0,0.3816852271556854
8780,4,3,0,0.5628791451454163
8781,6,5,0,0.4581030607223511
8782,5,2,0,0.6766883134841919
8783,6,2,0,0.9334399104118347
8784,4,2,0,0.6220681071281433
8785,8,3,0,0.319444864988327
8786,3,2,0,0.5779021382331848
8787,4,3,0,0.7590457797050476
8788,5,2,0,0.7960676550865173
8789,5,3,0,0.49867501854896545
8790,0,5,0,0.7606474757194519
8791,6,5,0,0.692825198173523
8792,6,2,0,0.6805535554885864
8793,7,2,0,0.4760510325431824
8794,5,8,0,0.6206130981445312
8795,0,9,0,0.6072483062744141
8796,9,2,0,0.5160982012748718
8797,9,2,0,0.7330805659294128
8798,6,2,0,0.5557252168655396
8799,1,2,0,0.9824546575546265
8800,0,0,1,0.5892835259437561
8801,4,2,0,0.7571240067481995
8802,6,5,0,0.4258808195590973
8803,3,9,0,0.5198166966438293
8804,6,0,0,0.5232638716697693
8805,9,5,0,0.40278148651123047
8806,3,5,0,0.5911698937416077
8807,6,3,0,0.45326876640319824
8808,6,3,0,0.718578040599823
8809,8,2,0,0.7628738880157471
8810,2,3,0,0.6661365628242493
8811,1,2,0,0.5102589130401611
8812,0,0,1,0.43449535965919495
8813,1,8,0,0.9405681490898132
8814,9,9,1,0.7891595959663391
8815,3,2,0,0.9044377207756042
8816,7,3,0,0.5282651782035828
8817,4,6,0,0.4927925169467926
8818,3,3,1,0.6696639657020569
8819,0,3,0,0.6567986607551575
8820,2,3,0,0.7404575943946838
8821,7,0,0,0.610630452632904
8822,6,6,1,0.6571312546730042
8823,4,3,0,0.4306321144104004
8824,3,3,1,0.8623015284538269
8825,0,2,0,0.6600494384765625
8826,8,3,0,0.5143654942512512
8827,2,3,0,0.583015501499176
8828,0,3,0,0.5156099200248718
8829,0,9,0,0.4831930696964264
8830,9,3,0,0.6390851140022278
8831,6,2,0,0.5476449728012085
8832,6,9,0,0.6627757549285889
8833,6,2,0,0.682233989238739
8834,8,2,0,0.5713255405426025
8835,7,2,0,0.7035221457481384
8836,4,2,0,0.92502760887146
8837,1,3,0,0.5438951253890991
8838,8,0,0,0.4672958254814148
8839,1,3,0,0.6072531938552856
8840,2,2,1,0.68397057056427
8841,2,3,0,0.6191751956939697
8842,4,2,0,0.8161919713020325
8843,8,3,0,0.6490567326545715
8844,5,2,0,0.9241186380386353
8845,2,2,1,0.8580402135848999
8846,6,2,0,0.4714595079421997
8847,5,2,0,0.8561146259307861
8848,3,2,0,0.47317075729370117
8849,9,2,0,0.6399614214897156
8850,1,2,0,0.8807755708694458
8851,0,0,1,0.7409449219703674
8852,7,1,0,0.6381072402000427
8853,2,8,0,0.4652562439441681
8854,4,3,0,0.4307079017162323
8855,4,2,0,0.8902850151062012
8856,0,2,0,0.6218716502189636
8857,0,6,0,0.5954294204711914
8858,6,2,0,0.7288163304328918
8859,2,3,0,0.6379591226577759
8860,2,2,1,0.5377056002616882
8861,4,2,0,0.6501809358596802
8862,0,2,0,0.7256664037704468
8863,5,2,0,0.7580167055130005
8864,9,0,0,0.4801632761955261
8865,7,8,0,0.6269051432609558
8866,1,2,0,0.8854377865791321
8867,8,9,0,0.6460399627685547
8868,4,8,0,0.8136254549026489
8869,5,2,0,0.9090102314949036
8870,5,3,0,0.714512050151825
8871,9,2,0,0.7047829031944275
8872,8,2,0,0.4386475086212158
8873,5,2,0,0.8253094553947449
8874,7,3,0,0.6507274508476257
8875,8,3,0,0.4739513695240021
8876,0,2,0,0.7042000889778137
8877,9,2,0,0.5371161103248596
8878,8,3,0,0.627180278301239
8879,9,2,0,0.731043815612793
8880,1,2,0,0.48892369866371155
8881,6,3,0,0.5889292359352112
8882,3,2,0,0.793079674243927
8883,8,2,0,0.5673195123672485
8884,0,3,0,0.45161867141723633
8885,3,2,0,0.823601245880127
8886,4,2,0,0.6637080907821655
8887,4,8,0,0.9095399975776672
8888,8,2,0,0.6865710616111755
8889,4,2,0,0.705737829208374
8890,8,2,0,0.7578895688056946
8891,9,4,0,0.4546685218811035
8892,8,2,0,0.619948148727417
8893,6,9,0,0.702750563621521
8894,0,8,0,0.8582547307014465
8895,0,0,1,0.6275590658187866
8896,8,3,0,0.6429452300071716
8897,2,2,1,0.6020544171333313
8898,7,3,0,0.6495857238769531
8899,4,3,0,0.765739917755127
8900,2,2,1,0.8783552050590515
8901,5,2,0,0.7442222237586975
8902,6,3,0,0.6949666142463684
8903,0,2,0,0.6581435799598694
8904,5,2,0,0.3866228759288788
8905,8,0,0,0.7646652460098267
8906,4,2,0,0.683819591999054
8907,1,3,0,0.4349026083946228
8908,9,8,0,0.631182849407196
8909,0,2,0,0.8504738211631775
8910,1,0,0,0.7800582051277161
8911,4,2,0,0.7189523577690125
8912,4,2,0,0.8127133846282959
8913,8,2,0,0.7439738512039185
8914,4,3,0,0.6419165134429932
8915,9,2,0,0.5575055480003357
8916,6,2,0,0.7700205445289612
8917,0,5,0,0.6224785447120667
8918,7,0,0,0.5320048928260803
8919,7,2,0,0.7941572666168213
8920,6,3,0,0.6622570753097534
8921,8,2,0,0.8699970841407776
8922,9,3,0,0.6458972096443176
8923,6,3,0,0.6114087700843811
8924,2,3,0,0.6346597075462341
8925,0,3,0,0.5997459292411804
8926,4,3,0,0.44944557547569275
8927,9,2,0,0.6342558264732361
8928,4,0,0,0.689586341381073
8929,9,2,0,0.5949732065200806
8930,3,9,0,0.6390597224235535
8931,9,3,0,0.4343729317188263
8932,6,3,0,0.6597102284431458
8933,6,2,0,0.724421501159668
8934,7,2,0,0.8516783118247986
8935,0,3,0,0.5779535174369812
8936,9,2,0,0.8140077590942383
8937,7,3,0,0.4373178482055664
8938,1,6,0,0.7590419054031372
8939,8,2,0,0.8171905875205994
8940,6,3,0,0.7882609963417053
8941,0,3,0,0.3705514967441559
8942,6,3,0,0.737792432308197
8943,7,8,0,0.4538354277610779
8944,4,2,0,0.4120030999183655
8945,1,3,0,0.6737844944000244
8946,9,8,0,0.6145897507667542
8947,4,2,0,0.7924761176109314
8948,6,2,0,0.848956823348999
8949,7,2,0,0.576901376247406
8950,9,2,0,0.5290921926498413
8951,8,2,0,0.7669460773468018
8952,3,2,0,0.5198758840560913
8953,9,3,0,0.7133195400238037
8954,2,6,0,0.7739257216453552
8955,1,2,0,0.5754872560501099
8956,2,2,1,0.639645516872406
8957,7,2,0,0.5109584927558899
8958,6,3,0,0.7401711344718933
8959,1,2,0,0.8126481175422668
8960,0,9,0,0.6291568279266357
8961,0,2,0,0.8161720633506775
8962,5,8,0,0.637492835521698
8963,6,2,0,0.8740121722221375
8964,0,2,0,0.5159047842025757
8965,4,2,0,0.4958535432815552
8966,3,3,1,0.7520740032196045
8967,2,2,1,0.5948664546012878
8968,8,2,0,0.5882102847099304
8969,8,2,0,0.9290836453437805
8970,0,8,0,0.6869603991508484
8971,6,3,0,0.43330317735671997
8972,9,2,0,0.6616228818893433
8973,5,2,0,0.5182940363883972
8974,2,2,1,0.8949024677276611
8975,8,3,0,0.4903601109981537
8976,7,8,0,0.9467372298240662
8977,0,2,0,0.6641979813575745
8978,6,2,0,0.8111013174057007
8979,5,0,0,0.6672365069389343
8980,9,3,0,0.5588329434394836
8981,7,8,0,0.879523754119873
8982,2,3,0,0.5856130123138428
8983,3,6,0,0.6859646439552307
8984,6,3,0,0.5622525215148926
8985,9,2,0,0.6075043082237244
8986,6,2,0,0.8022162318229675
8987,2,2,1,0.7832148671150208
8988,2,3,0,0.42113009095191956
8989,4,2,0,0.873114824295044
8990,1,3,0,0.642700731754303
8991,0,3,0,0.7923686504364014
8992,5,2,0,0.636635422706604
8993,0,3,0,0.7418396472930908
8994,8,2,0,0.4594860076904297
8995,9,3,0,0.45388755202293396
8996,3,3,1,0.5646316409111023
8997,5,3,0,0.5649204850196838
8998,9,8,0,0.36364278197288513
8999,3,3,1,0.4069013297557831
9000,8,3,0,0.4581958055496216
9001,1,8,0,0.8962523341178894
9002,6,3,0,0.3538777530193329
9003,3,2,0,0.697326123714447
9004,7,6,0,0.2955839931964874
9005,5,2,0,0.44211894273757935
9006,6,2,0,0.5552269220352173
9007,2,2,1,0.7855158448219299
9008,0,3,0,0.8536727428436279
9009,2,3,0,0.6422362923622131
9010,8,2,0,0.5556220412254333
9011,2,2,1,0.6752299666404724
9012,8,2,0,0.7096103429794312
9013,7,2,0,0.6536058187484741
9014,7,2,0,0.5747102499008179
9015,8,3,0,0.6661331057548523
9016,1,8,0,0.6407269239425659
9017,0,8,0,0.989370584487915
9018,8,2,0,0.9344626069068909
9019,9,3,0,0.5572046041488647
9020,7,3,0,0.6273071765899658
9021,0,8,0,0.950995683670044
9022,3,2,0,0.7907228469848633
9023,8,3,0,0.6787878274917603
9024,0,2,0,0.6835323572158813
9025,5,6,0,0.5135658383369446
9026,9,3,0,0.68537837266922
9027,5,3,0,0.5346980690956116
9028,8,2,0,0.8238315582275391
9029,4,2,0,0.5692993998527527
9030,2,3,0,0.5016037225723267
9031,0,2,0,0.7986766695976257
9032,9,2,0,0.7398083209991455
9033,2,2,1,0.8033130168914795
9034,2,2,1,0.8314664959907532
9035,4,2,0,0.967632532119751
9036,4,3,0,0.5713937282562256
9037,9,5,0,0.643686830997467
9038,2,2,1,0.7418942451477051
9039,2,2,1,0.5221207141876221
9040,2,3,0,0.4165431261062622
9041,5,3,0,0.8206480145454407
9042,1,2,0,0.7480989694595337
9043,3,2,0,0.770555853843689
9044,2,3,0,0.7427844405174255
9045,0,2,0,0.8442995548248291
9046,0,3,0,0.8436824083328247
9047,4,3,0,0.6651870608329773
9048,0,0,1,0.7512826323509216
9049,6,2,0,0.7499736547470093
9050,5,2,0,0.6346675157546997
9051,8,0,0,0.6860320568084717
9052,0,2,0,0.38050952553749084
9053,5,0,0,0.6422048211097717
9054,8,2,0,0.43110597133636475
9055,6,2,0,0.8748140335083008
9056,4,2,0,0.5568628907203674
9057,8,2,0,0.833604633808136
9058,5,2,0,0.8819506764411926
9059,2,2,1,0.8252238631248474
9060,9,2,0,0.6584304571151733
9061,7,9,0,0.7814735770225525
9062,9,3,0,0.46053341031074524
9063,7,9,0,0.6144622564315796
9064,1,2,0,0.8121587038040161
9065,0,3,0,0.5298374891281128
9066,1,2,0,0.47444185614585876
9067,9,3,0,0.5459249019622803
9068,6,3,0,0.7961641550064087
9069,9,2,0,0.9803683161735535
9070,2,9,0,0.6460588574409485
9071,7,3,0,0.738021969795227
9072,9,6,0,0.6025927662849426
9073,4,3,0,0.5523391366004944
9074,4,8,0,0.4767032563686371
9075,0,3,0,0.47236543893814087
9076,6,2,0,0.8469243049621582
9077,2,8,0,0.560227632522583
9078,4,3,0,0.6983352899551392
9079,1,9,0,0.5732647776603699
9080,3,2,0,0.43946507573127747
9081,7,2,0,0.5923904180526733
9082,2,2,1,0.8603783845901489
9083,8,2,0,0.8326317071914673
9084,5,2,0,0.6083980798721313
9085,9,2,0,0.8085679411888123
9086,0,8,0,0.7128254175186157
9087,3,2,0,0.9175671339035034
9088,2,3,0,0.6194236278533936
9089,3,5,0,0.7146902084350586
9090,2,2,1,0.5813441276550293
9091,7,2,0,0.7348357439041138
9092,6,8,0,0.4923003315925598
9093,3,3,1,0.6858439445495605
9094,2,3,0,0.6207560896873474
9095,5,3,0,0.4845849275588989
9096,9,2,0,0.6429702639579773
9097,0,3,0,0.3732774555683136
9098,5,2,0,0.6120545268058777
9099,9,3,0,0.7431645393371582
9100,9,3,0,0.7593200206756592
9101,8,2,0,0.7873126864433289
9102,7,2,0,0.5000260472297668
9103,7,3,0,0.5567030310630798
9104,4,8,0,0.616645872592926
9105,8,3,0,0.4451135993003845
9106,6,2,0,0.6884365677833557
9107,5,3,0,0.6313311457633972
9108,2,2,1,0.9572338461875916
9109,3,3,1,0.7895318865776062
9110,1,9,0,0.7898651957511902
9111,0,0,1,0.6613572239875793
9112,4,2,0,0.7635495662689209
9113,1,2,0,0.41439566016197205
9114,8,2,0,0.640250563621521
9115,8,2,0,0.5708596706390381
9116,4,8,0,0.8542770743370056
9117,9,2,0,0.9380007386207581
9118,4,2,0,0.5530614256858826
9119,4,3,0,0.6449902653694153
9120,3,2,0,0.6501074433326721
9121,3,2,0,0.8257153630256653
9122,9,3,0,0.712573766708374
9123,2,3,0,0.7893152236938477
9124,0,2,0,0.7205822467803955
9125,1,8,0,0.7447498440742493
9126,1,5,0,0.7248318791389465
9127,8,2,0,0.7048022747039795
9128,4,2,0,0.6275152564048767
9129,4,2,0,0.6286507248878479
9130,8,0,0,0.8457387089729309
9131,3,6,0,0.5856565833091736
9132,2,3,0,0.47122782468795776
9133,9,9,1,0.7078062295913696
9134,5,2,0,0.6559351682662964
9135,7,2,0,0.8486429452896118
9136,6,3,0,0.433428555727005
9137,2,3,0,0.4058339595794678
9138,5,2,0,0.9000508785247803
9139,4,0,0,0.6611387729644775
9140,7,3,0,0.6365967392921448
9141,3,2,0,0.7323497533798218
9142,3,3,1,0.6984226703643799
9143,9,2,0,0.7083753347396851
9144,0,2,0,0.7773324251174927
9145,1,2,0,0.7448362708091736
9146,5,2,0,0.771618127822876
9147,9,5,0,0.5438055992126465
9148,3,2,0,0.7263364791870117
9149,7,3,0,0.4636733829975128
9150,6,2,0,0.9095953106880188
9151,0,3,0,0.8656299710273743
9152,4,2,0,0.8111090064048767
9153,2,3,0,0.7099407315254211
9154,2,8,0,0.9756550788879395
9155,5,3,0,0.7893990874290466
9156,6,3,0,0.753797709941864
9157,3,2,0,0.4839038550853729
9158,8,2,0,0.6373061537742615
9159,9,2,0,0.4618965983390808
9160,5,8,0,0.8643170595169067
9161,6,2,0,0.8539770841598511
9162,1,5,0,0.5927661061286926
9163,4,2,0,0.8939277529716492
9164,5,2,0,0.652779757976532
9165,4,2,0,0.6703392267227173
9166,6,9,0,0.5795958042144775
9167,7,2,0,0.455942302942276
9168,2,3,0,0.52667236328125
9169,1,2,0,0.6660293936729431
9170,0,2,0,0.9302381277084351
9171,2,2,1,0.749564528465271
9172,0,3,0,0.882027804851532
9173,4,3,0,0.3408609926700592
9174,9,2,0,0.6476107239723206
9175,8,2,0,0.5914312601089478
9176,8,2,0,0.8448923230171204
9177,9,3,0,0.2999664545059204
9178,1,3,0,0.4808311462402344
9179,1,2,0,0.6372424364089966
9180,5,3,0,0.36647340655326843
9181,0,0,1,0.49943792819976807
9182,0,3,0,0.688937246799469
9183,8,2,0,0.5568144917488098
9184,7,0,0,0.6066785454750061
9185,1,3,0,0.8655697703361511
9186,7,3,0,0.6227340698242188
9187,4,2,0,0.7810173630714417
9188,5,4,0,0.5781430602073669
9189,4,2,0,0.6483026146888733
9190,3,3,1,0.7154614925384521
9191,3,2,0,0.6581067442893982
9192,2,3,0,0.3130948841571808
9193,0,0,1,0.4303882122039795
9194,6,2,0,0.6958426833152771
9195,6,6,1,0.5990488529205322
9196,0,0,1,0.4311688244342804
9197,1,0,0,0.816170334815979
9198,3,3,1,0.7903918623924255
9199,9,8,0,0.5982042551040649
9200,8,2,0,0.5577627420425415
9201,3,3,1,0.5177761912345886
9202,7,2,0,0.6836279034614563
9203,8,0,0,0.7435522079467773
9204,9,8,0,0.6392502188682556
9205,4,2,0,0.5672300457954407
9206,8,8,1,0.9712052941322327
9207,9,3,0,0.6346773505210876
9208,0,2,0,0.6769068837165833
9209,9,2,0,0.8031529188156128
9210,7,3,0,0.5082929730415344
9211,1,2,0,0.6579868793487549
9212,6,3,0,0.6837886571884155
9213,2,2,1,0.5591849088668823
9214,9,2,0,0.7094769477844238
9215,5,3,0,0.42038363218307495
9216,6,3,0,0.5357062816619873
9217,9,2,0,0.8056597709655762
9218,3,3,1,0.8299263715744019
9219,9,3,0,0.47659438848495483
9220,8,2,0,0.6371648907661438
9221,7,0,0,0.5466724038124084
9222,7,3,0,0.3911241888999939
9223,1,9,0,0.5919017791748047
9224,6,2,0,0.7813935875892639
9225,5,2,0,0.7963829636573792
9226,3,2,0,0.3458683490753174
9227,1,3,0,0.7086033225059509
9228,3,3,1,0.6414138674736023
9229,1,2,0,0.8913474082946777
9230,2,2,1,0.6200203895568848
9231,7,3,0,0.4721454381942749
9232,1,2,0,0.8905733823776245
9233,8,2,0,0.8541526794433594
9234,2,3,0,0.6636935472488403
9235,0,3,0,0.5568279027938843
9236,9,2,0,0.6130356192588806
9237,7,2,0,0.5921701788902283
9238,9,3,0,0.7803997993469238
9239,8,2,0,0.6111791729927063
9240,8,3,0,0.4480235278606415
9241,6,2,0,0.7726548910140991
9242,7,3,0,0.5889378190040588
9243,3,3,1,0.4065536558628082
9244,7,3,0,0.4190976321697235
9245,1,2,0,0.9196481704711914
9246,3,3,1,0.8640140295028687
9247,9,0,0,0.8519281148910522
9248,0,2,0,0.5550829172134399
9249,9,2,0,0.6205127835273743
9250,3,2,0,0.6210406422615051
9251,6,2,0,0.49384576082229614
9252,7,2,0,0.5502732396125793
9253,2,2,1,0.7290319204330444
9254,7,2,0,0.5150346755981445
9255,3,3,1,0.7626644968986511
9256,0,2,0,0.7310066819190979
9257,5,2,0,0.6346099972724915
9258,9,2,0,0.42218050360679626
9259,7,2,0,0.8213306665420532
9260,5,2,0,0.5763717293739319
9261,5,0,0,0.6918249130249023
9262,0,3,0,0.5209665298461914
9263,6,3,0,0.5738908052444458
9264,5,2,0,0.8528701663017273
9265,1,2,0,0.5316528677940369
9266,8,3,0,0.7991122007369995
9267,2,3,0,0.648554265499115
9268,7,2,0,0.6405099630355835
9269,5,2,0,0.4731479585170746
9270,9,2,0,0.9710182547569275
9271,0,2,0,0.848684549331665
9272,0,2,0,0.7567918300628662
9273,0,8,0,0.5395373106002808
9274,8,2,0,0.9022821187973022
9275,8,0,0,0.46779927611351013
9276,7,5,0,0.4371497333049774
9277,3,2,0,0.5382501482963562
9278,7,0,0,0.6486666202545166
9279,8,3,0,0.49275827407836914
9280,9,2,0,0.8307241201400757
9281,3,2,0,0.8480891585350037
9282,7,0,0,0.5469872355461121
9283,9,3,0,0.5362145304679871
9284,7,2,0,0.817891538143158
9285,8,3,0,0.4899785816669464
9286,7,5,0,0.6467435359954834
9287,9,3,0,0.6220200061798096
9288,8,2,0,0.6968491077423096
9289,5,8,0,0.9024873971939087
9290,4,2,0,0.7132277488708496
9291,8,9,0,0.7713286876678467
9292,3,2,0,0.8235365152359009
9293,7,3,0,0.699633777141571
9294,6,2,0,0.8574012517929077
9295,3,3,1,0.5092719197273254
9296,8,2,0,0.7846323251724243
9297,2,0,0,0.5564106702804565
9298,1,5,0,0.5655929446220398
9299,9,2,0,0.7445012927055359
9300,5,2,0,0.766566276550293
9301,7,3,0,0.6896733045578003
9302,3,3,1,0.5930242538452148
9303,9,2,0,0.7771754860877991
9304,5,2,0,0.9339792728424072
9305,5,2,0,0.5421816110610962
9306,8,3,0,0.7493078112602234
9307,7,6,0,0.6714242100715637
9308,3,3,1,0.835315465927124
9309,5,3,0,0.6330944895744324
9310,3,2,0,0.7501229047775269
9311,5,3,0,0.4064340889453888
9312,9,3,0,0.5263646841049194
9313,7,2,0,0.5155616402626038
9314,6,2,0,0.6540021896362305
9315,7,8,0,0.7892606258392334
9316,3,2,0,0.5689436793327332
9317,6,3,0,0.41631388664245605
9318,4,2,0,0.876065194606781
9319,3,2,0,0.931218683719635
9320,9,3,0,0.6154428720474243
9321,4,3,0,0.558390200138092
9322,2,2,1,0.8608799576759338
9323,1,2,0,0.6372262239456177
9324,9,2,0,0.6252674460411072
9325,6,2,0,0.6025657653808594
9326,0,2,0,0.9403154850006104
9327,2,8,0,0.6292293667793274
9328,6,3,0,0.8803322911262512
9329,7,2,0,0.6362445950508118
9330,4,2,0,0.5486207604408264
9331,7,2,0,0.6037646532058716
9332,9,3,0,0.6201461553573608
9333,0,2,0,0.5757130980491638
9334,7,9,0,0.7552794218063354
9335,4,2,0,0.8063552975654602
9336,3,3,1,0.4218304753303528
9337,5,2,0,0.6605381965637207
9338,3,3,1,0.5529077649116516
9339,1,0,0,0.640075147151947
9340,1,2,0,0.9000226855278015
9341,2,2,1,0.6393373608589172
9342,6,2,0,0.8992913365364075
9343,8,3,0,0.5135220289230347
9344,2,2,1,0.6357591152191162
9345,1,2,0,0.5733707547187805
9346,7,2,0,0.8764575719833374
9347,8,8,1,0.6697165966033936
9348,5,2,0,0.7987293004989624
9349,9,3,0,0.6343962550163269
9350,6,3,0,0.7863736748695374
9351,1,2,0,0.9003617763519287
9352,1,2,0,0.7382024526596069
9353,5,1,0,0.49415871500968933
9354,0,2,0,0.685896635055542
9355,6,2,0,0.6411796808242798
9356,0,2,0,0.47034698724746704
9357,9,0,0,0.8370185494422913
9358,2,2,1,0.46584150195121765
9359,6,3,0,0.4764997661113739
9360,5,3,0,0.7548614144325256
9361,8,3,0,0.8375924229621887
9362,9,3,0,0.5464364886283875
9363,5,2,0,0.7467603087425232
9364,5,2,0,0.9462063908576965
9365,6,2,0,0.7773096561431885
9366,2,2,1,0.9403009414672852
9367,9,6,0,0.9265154004096985
9368,1,2,0,0.44865933060646057
9369,5,2,0,0.7158870100975037
9370,8,8,1,0.9325222373008728
9371,8,0,0,0.8731167912483215
9372,7,3,0,0.5993794798851013
9373,1,2,0,0.4963947534561157
9374,7,2,0,0.5591460466384888
9375,3,2,0,0.8002036809921265
9376,5,9,0,0.6806143522262573
9377,4,5,0,0.3823222815990448
9378,9,2,0,0.6211332082748413
9379,7,2,0,0.6943600177764893
9380,5,3,0,0.7111592292785645
9381,2,2,1,0.6675127744674683
9382,9,8,0,0.9373053312301636
9383,9,2,0,0.505476713180542
9384,4,8,0,0.5317710041999817
9385,7,5,0,0.6524748802185059
9386,4,8,0,0.8373254537582397
9387,1,2,0,0.6930646896362305
9388,3,2,0,0.7110651135444641
9389,8,0,0,0.5698143839836121
9390,7,3,0,0.5842239260673523
9391,9,8,0,0.9112985730171204
9392,0,2,0,0.6541473269462585
9393,4,3,0,0.4845382571220398
9394,5,2,0,0.539688766002655
9395,7,2,0,0.9364285469055176
9396,5,9,0,0.6629214882850647
9397,2,3,0,0.711195170879364
9398,8,8,1,0.9112556576728821
9399,7,2,0,0.8311238288879395
9400,6,2,0,0.7796693444252014
9401,9,2,0,0.4216560125350952
9402,6,2,0,0.6976351141929626
9403,9,2,0,0.8154183626174927
9404,3,2,0,0.7876307368278503
9405,8,2,0,0.687700629234314
9406,5,2,0,0.9312938451766968
9407,6,0,0,0.690727710723877
9408,6,3,0,0.6895539164543152
9409,9,2,0,0.9051747918128967
9410,5,8,0,0.49212902784347534
9411,7,0,0,0.7389617562294006
9412,8,3,0,0.5549468398094177
9413,0,3,0,0.492028146982193
9414,5,2,0,0.6876809597015381
9415,0,2,0,0.7190644145011902
9416,7,3,0,0.9226337671279907
9417,4,2,0,0.8123764991760254
9418,8,3,0,0.5431086421012878
9419,2,2,1,0.5975662469863892
9420,5,2,0,0.6297295689582825
9421,1,5,0,0.5920848250389099
9422,3,3,1,0.625676691532135
9423,2,0,0,0.5430783629417419
9424,2,3,0,0.65425705909729
9425,6,2,0,0.8486404418945312
9426,2,2,1,0.41013890504837036
9427,1,2,0,0.8654265403747559
9428,7,2,0,0.731610894203186
9429,4,2,0,0.5323935151100159
9430,6,2,0,0.494971364736557
9431,3,2,0,0.48863428831100464
9432,1,7,0,0.3797248303890228
9433,3,2,0,0.8108344078063965
9434,7,2,0,0.5550324320793152
9435,2,2,1,0.42734014987945557
9436,1,2,0,0.7586686611175537
9437,3,0,0,0.6381948590278625
9438,7,2,0,0.6017922759056091
9439,0,2,0,0.4373474419116974
9440,8,0,0,0.7672442197799683
9441,4,2,0,0.6545059680938721
9442,4,2,0,0.40190380811691284
9443,5,3,0,0.885677695274353
9444,7,3,0,0.8174044489860535
9445,9,6,0,0.8277301788330078
9446,5,3,0,0.9272885918617249
9447,4,2,0,0.8254832625389099
9448,3,2,0,0.9102139472961426
9449,9,3,0,0.7025916576385498
9450,6,3,0,0.4646790325641632
9451,8,2,0,0.8539006114006042
9452,2,2,1,0.8687425255775452
9453,3,2,0,0.7426080703735352
9454,3,2,0,0.7393110394477844
9455,1,2,0,0.6833305954933167
9456,6,3,0,0.5414840579032898
9457,1,3,0,0.8051273822784424
9458,7,2,0,0.6726182103157043
9459,0,8,0,0.9066081047058105
9460,3,3,1,0.8039851188659668
9461,4,2,0,0.5604110956192017
9462,2,0,0,0.563173234462738
9463,9,2,0,0.5431501865386963
9464,4,2,0,0.8035577535629272
9465,5,2,0,0.5117307901382446
9466,8,3,0,0.5459950566291809
9467,2,2,1,0.9183552861213684
9468,7,2,0,0.9214467406272888
9469,0,2,0,0.5704803466796875
9470,9,2,0,0.46454915404319763
9471,6,2,0,0.6973118782043457
9472,8,9,0,0.5780009627342224
9473,0,3,0,0.6644247174263
9474,8,2,0,0.5424455404281616
9475,2,2,1,0.6298066973686218
9476,8,2,0,0.46021366119384766
9477,5,2,0,0.3930067718029022
9478,7,3,0,0.679354190826416
9479,7,9,0,0.5019627213478088
9480,2,6,0,0.38649314641952515
9481,2,6,0,0.780457079410553
9482,0,2,0,0.7371025681495667
9483,0,2,0,0.7830227017402649
9484,0,0,1,0.5919516682624817
9485,7,0,0,0.7695889472961426
9486,4,2,0,0.8165155649185181
9487,1,2,0,0.8307818174362183
9488,6,3,0,0.45916107296943665
9489,6,6,1,0.5812841653823853
9490,8,3,0,0.35618093609809875
9491,8,8,1,0.810775876045227
9492,9,2,0,0.5538062453269958
9493,0,2,0,0.5535478591918945
9494,9,3,0,0.8244097232818604
9495,0,3,0,0.5838136672973633
9496,1,3,0,0.500504195690155
9497,3,9,0,0.5184851884841919
9498,3,2,0,0.7322563529014587
9499,0,2,0,0.7826719284057617
9500,9,3,0,0.48510369658470154
9501,6,2,0,0.5728974938392639
9502,6,3,0,0.5604344606399536
9503,2,3,0,0.775023341178894
9504,6,3,0,0.5555727481842041
9505,3,3,1,0.6864166259765625
9506,4,2,0,0.9700656533241272
9507,0,0,1,0.7692238092422485
9508,8,2,0,0.47750094532966614
9509,4,3,0,0.7045629620552063
9510,1,0,0,0.3216681480407715
9511,4,2,0,0.8208495378494263
9512,0,3,0,0.4973170757293701
9513,6,2,0,0.6595986485481262
9514,5,2,0,0.8991574048995972
9515,0,2,0,0.6373780369758606
9516,9,2,0,0.6179189682006836
9517,9,3,0,0.6621542572975159
9518,9,2,0,0.5808205604553223
9519,9,2,0,0.6046149730682373
9520,1,2,0,0.8027011752128601
9521,2,2,1,0.5619041919708252
9522,3,2,0,0.7760844826698303
9523,5,3,0,0.6555439829826355
9524,4,3,0,0.7764443755149841
9525,2,2,1,0.9321051836013794
9526,9,3,0,0.5006718635559082
9527,6,3,0,0.7528891563415527
9528,0,2,0,0.7341381311416626
9529,9,3,0,0.7633811235427856
9530,6,2,0,0.9201037883758545
9531,6,2,0,0.677426278591156
9532,8,3,0,0.5872479677200317
9533,0,6,0,0.5063345432281494
9534,6,2,0,0.6075364351272583
9535,1,2,0,0.6508125066757202
9536,4,3,0,0.6144333481788635
9537,6,0,0,0.5684472322463989
9538,8,2,0,0.6258015036582947
9539,0,3,0,0.5048171877861023
9540,5,2,0,0.7139518857002258
9541,4,2,0,0.6955620050430298
9542,1,2,0,0.6365038752555847
9543,2,2,1,0.9193402528762817
9544,0,2,0,0.9341266751289368
9545,9,3,0,0.43387356400489807
9546,6,2,0,0.7634938359260559
9547,4,3,0,0.7674973011016846
9548,2,3,0,0.7774884104728699
9549,4,2,0,0.6628851890563965
9550,6,2,0,0.6126331686973572
9551,5,2,0,0.8017624020576477
9552,9,2,0,0.7013895511627197
9553,7,5,0,0.7901449799537659
9554,7,8,0,0.31668621301651
9555,4,0,0,0.5347817540168762
9556,6,2,0,0.7296810746192932
9557,5,1,0,0.5140631794929504
9558,0,5,0,0.5336341261863708
9559,1,2,0,0.5579025149345398
9560,9,2,0,0.6662327647209167
9561,0,3,0,0.7208804488182068
9562,3,2,0,0.6422411203384399
9563,1,2,0,0.7349082827568054
9564,9,2,0,0.9577553868293762
9565,0,2,0,0.6349524259567261
9566,9,2,0,0.8581342101097107
9567,7,2,0,0.7982758283615112
9568,8,2,0,0.5882001519203186
9569,6,2,0,0.5912172198295593
9570,7,2,0,0.8297761082649231
9571,6,2,0,0.6298177242279053
9572,8,2,0,0.5223845839500427
9573,2,3,0,0.5706857442855835
9574,4,2,0,0.7027374505996704
9575,5,2,0,0.5713793039321899
9576,3,3,1,0.7473742365837097
9577,0,9,0,0.6417417526245117
9578,3,2,0,0.7849497199058533
9579,2,2,1,0.9437484741210938
9580,1,6,0,0.6565516591072083
9581,7,2,0,0.7004006505012512
9582,5,2,0,0.6001386642456055
9583,9,2,0,0.8032670021057129
9584,3,3,1,0.672382116317749
9585,4,2,0,0.8452757000923157
9586,5,2,0,0.44173210859298706
9587,7,2,0,0.47258806228637695
9588,1,3,0,0.5698944926261902
9589,5,2,0,0.5459807515144348
9590,0,2,0,0.6389291882514954
9591,1,0,0,0.7887018322944641
9592,1,3,0,0.6224899291992188
9593,1,2,0,0.5399883389472961
9594,9,2,0,0.7526547312736511
9595,7,2,0,0.9103547930717468
9596,5,5,1,0.5215369462966919
9597,4,2,0,0.7755377292633057
9598,9,2,0,0.6220833659172058
9599,7,6,0,0.6397942304611206
9600,8,3,0,0.604582667350769
9601,1,2,0,0.6188226938247681
9602,0,2,0,0.6140488982200623
9603,2,3,0,0.754109263420105
9604,8,9,0,0.717607855796814
9605,5,3,0,0.49376219511032104
9606,6,2,0,0.38261622190475464
9607,7,6,0,0.760153591632843
9608,0,2,0,0.8594937920570374
9609,1,2,0,0.725817859172821
9610,4,0,0,0.5365351438522339
9611,8,2,0,0.8439204692840576
9612,4,6,0,0.7090742588043213
9613,4,2,0,0.9832273125648499
9614,6,2,0,0.6902862787246704
9615,6,2,0,0.8245363831520081
9616,5,3,0,0.5639116168022156
9617,8,3,0,0.5654715299606323
9618,1,2,0,0.8158689141273499
9619,8,0,0,0.487155556678772
9620,4,6,0,0.6131811141967773
9621,6,3,0,0.549169659614563
9622,5,3,0,0.6248362064361572
9623,9,9,1,0.8268342018127441
9624,2,2,1,0.6168732643127441
9625,2,2,1,0.7657476663589478
9626,1,2,0,0.8286281228065491
9627,4,0,0,0.6411249041557312
9628,9,8,0,0.8806822299957275
9629,1,2,0,0.9377135634422302
9630,6,3,0,0.7326088547706604
9631,7,2,0,0.5636823177337646
9632,2,9,0,0.7762805223464966
9633,0,2,0,0.45590487122535706
9634,1,5,0,0.42835527658462524
9635,7,3,0,0.7618356347084045
9636,6,2,0,0.860379695892334
9637,5,3,0,0.5923226475715637
9638,2,3,0,0.3882797360420227
9639,2,5,0,0.7388185262680054
9640,5,2,0,0.5598452091217041
9641,6,2,0,0.7100315690040588
9642,0,2,0,0.7277464866638184
9643,9,2,0,0.49312832951545715
9644,0,2,0,0.6532567143440247
9645,1,6,0,0.4822961091995239
9646,5,3,0,0.5121282339096069
9647,3,2,0,0.6824203133583069
9648,3,8,0,0.55009526014328
9649,5,2,0,0.7679414749145508
9650,8,2,0,0.6489700078964233
9651,7,2,0,0.8535090088844299
9652,5,8,0,0.34488698840141296
9653,6,0,0,0.510155200958252
9654,5,8,0,0.598445475101471
9655,8,6,0,0.539626955986023
9656,0,2,0,0.7192391157150269
9657,5,0,0,0.7129126787185669
9658,9,9,1,0.6193068623542786
9659,4,3,0,0.6320486664772034
9660,6,3,0,0.472333163022995
9661,5,2,0,0.7199896574020386
9662,1,5,0,0.849466860294342
9663,1,2,0,0.8520911931991577
9664,0,9,0,0.721135675907135
9665,3,3,1,0.8614646196365356
9666,3,9,0,0.7851365208625793
9667,9,3,0,0.9143685102462769
9668,4,2,0,0.5831139087677002
9669,8,3,0,0.41453391313552856
9670,1,2,0,0.5637547373771667
9671,7,2,0,0.6316947937011719
9672,7,3,0,0.606583833694458
9673,9,8,0,0.6966581344604492
9674,9,3,0,0.7498546838760376
9675,4,2,0,0.5886656045913696
9676,3,0,0,0.49361926317214966
9677,6,3,0,0.8247536420822144
9678,3,3,1,0.5061071515083313
9679,2,2,1,0.6435225009918213
9680,8,3,0,0.6355090737342834
9681,2,2,1,0.8506993651390076
9682,7,3,0,0.48552852869033813
9683,6,2,0,0.5501285195350647
9684,7,2,0,0.5832517147064209
9685,0,8,0,0.8971291184425354
9686,2,3,0,0.6252303719520569
9687,1,2,0,0.8818329572677612
9688,2,9,0,0.64879310131073
9689,9,2,0,0.9180105924606323
9690,4,2,0,0.3995145261287689
9691,6,2,0,0.829632043838501
9692,9,3,0,0.8888030648231506
9693,6,2,0,0.816681444644928
9694,1,2,0,0.801903486251831
9695,0,2,0,0.5180140137672424
9696,1,9,0,0.47679486870765686
9697,8,3,0,0.5971972346305847
9698,7,3,0,0.7962514162063599
9699,0,3,0,0.8259741067886353
9700,0,8,0,0.3494991660118103
9701,4,2,0,0.8455848097801208
9702,7,3,0,0.6501627564430237
9703,4,2,0,0.6726922988891602
9704,2,2,1,0.491987407207489
9705,6,2,0,0.6476279497146606
9706,9,3,0,0.8500528335571289
9707,5,2,0,0.8834345936775208
9708,9,2,0,0.8961623311042786
9709,0,3,0,0.49577590823173523
9710,7,2,0,0.5461827516555786
9711,4,2,0,0.3626197278499603
9712,5,5,1,0.5848149061203003
9713,8,2,0,0.7872421145439148
9714,1,2,0,0.7948222756385803
9715,4,2,0,0.8520748019218445
9716,7,2,0,0.6405367255210876
9717,9,9,1,0.7250056862831116
9718,9,3,0,0.8554308414459229
9719,8,0,0,0.6869082450866699
9720,8,5,0,0.6970812678337097
9721,6,2,0,0.8324531316757202
9722,3,2,0,0.8947082161903381
9723,7,2,0,0.41958385705947876
9724,0,2,0,0.4592365026473999
9725,8,2,0,0.5802980661392212
9726,9,0,0,0.5068052411079407
9727,6,1,0,0.5731691718101501
9728,2,3,0,0.5482816696166992
9729,4,3,0,0.6494353413581848
9730,6,2,0,0.6276677250862122
9731,2,2,1,0.7417815923690796
9732,9,2,0,0.7454670071601868
9733,7,2,0,0.9522539973258972
9734,4,2,0,0.8505196571350098
9735,6,2,0,0.5287309288978577
9736,8,0,0,0.6653655767440796
9737,5,2,0,0.6172494888305664
9738,6,2,0,0.4439524710178375
9739,1,3,0,0.707146406173706
9740,3,2,0,0.9244834780693054
9741,5,2,0,0.6722989678382874
9742,9,2,0,0.6047273874282837
9743,9,3,0,0.3658791780471802
9744,1,3,0,0.8411888480186462
9745,3,2,0,0.833157479763031
9746,2,3,0,0.4925733804702759
9747,0,3,0,0.5284555554389954
9748,3,2,0,0.7750566005706787
9749,0,2,0,0.7458255290985107
9750,2,2,1,0.8737291097640991
9751,0,2,0,0.6971906423568726
9752,7,2,0,0.682650625705719
9753,3,2,0,0.7369979023933411
9754,9,2,0,0.7169170379638672
9755,3,2,0,0.5654088258743286
9756,5,8,0,0.599161684513092
9757,7,2,0,0.5467177033424377
9758,6,2,0,0.9457116723060608
9759,5,6,0,0.5800125598907471
9760,9,2,0,0.853403627872467
9761,5,2,0,0.7571747303009033
9762,6,2,0,0.9102470874786377
9763,1,2,0,0.8077490329742432
9764,2,6,0,0.5522925853729248
9765,4,2,0,0.6579606533050537
9766,0,2,0,0.7719672322273254
9767,2,2,1,0.50864577293396
9768,7,3,0,0.32029926776885986
9769,8,2,0,0.5797235369682312
9770,4,3,0,0.4476945400238037
9771,4,3,0,0.5607290267944336
9772,0,2,0,0.6905463933944702
9773,9,2,0,0.6817003488540649
9774,5,3,0,0.677746593952179
9775,9,2,0,0.5950525403022766
9776,2,3,0,0.7462140917778015
9777,9,3,0,0.4489789605140686
9778,3,2,0,0.7941467761993408
9779,2,0,0,0.6522102952003479
9780,4,3,0,0.5665783286094666
9781,3,2,0,0.8927642703056335
9782,2,2,1,0.868120551109314
9783,2,2,1,0.36409977078437805
9784,8,2,0,0.4480977952480316
9785,8,5,0,0.6989940404891968
9786,6,3,0,0.5733367204666138
9787,8,3,0,0.6910420060157776
9788,1,2,0,0.6337569355964661
9789,6,2,0,0.7081372141838074
9790,8,2,0,0.7888597846031189
9791,9,3,0,0.6116990447044373
9792,8,3,0,0.5636481642723083
9793,2,2,1,0.5186021327972412
9794,1,6,0,0.7912293672561646
9795,4,0,0,0.4844891428947449
9796,9,2,0,0.659875750541687
9797,1,2,0,0.5840978026390076
9798,5,8,0,0.37494367361068726
9799,7,3,0,0.5957085490226746
9800,1,2,0,0.6614102125167847
9801,6,2,0,0.7140324711799622
9802,0,0,1,0.6306641101837158
9803,1,2,0,0.6038062572479248
9804,5,2,0,0.6553947329521179
9805,2,2,1,0.6662214398384094
9806,8,2,0,0.4249001443386078
9807,1,8,0,0.5954051613807678
9808,1,3,0,0.7647508382797241
9809,3,3,1,0.741321325302124
9810,8,0,0,0.6012490391731262
9811,1,2,0,0.8586814403533936
9812,3,3,1,0.7659931182861328
9813,1,3,0,0.6329287886619568
9814,8,3,0,0.8244004845619202
9815,5,9,0,0.6370320916175842
9816,1,2,0,0.6174255609512329
9817,9,2,0,0.5894584655761719
9818,0,2,0,0.6676281690597534
9819,3,7,0,0.5859429836273193
9820,0,3,0,0.6134320497512817
9821,4,2,0,0.8818995952606201
9822,0,2,0,0.32979413866996765
9823,5,2,0,0.3107249140739441
9824,1,8,0,0.9565728902816772
9825,2,0,0,0.600479006767273
9826,0,2,0,0.799530029296875
9827,4,2,0,0.3151921331882477
9828,9,6,0,0.47149574756622314
9829,5,3,0,0.9014495015144348
9830,1,3,0,0.4355147182941437
9831,2,8,0,0.5704200267791748
9832,2,2,1,0.7703840136528015
9833,7,2,0,0.5332436561584473
9834,8,2,0,0.8294161558151245
9835,7,9,0,0.6422128081321716
9836,2,2,1,0.6194077730178833
9837,4,3,0,0.596497654914856
9838,5,2,0,0.970990777015686
9839,3,5,0,0.571312427520752
9840,4,2,0,0.7299755811691284
9841,0,2,0,0.7236286997795105
9842,6,2,0,0.7025740146636963
9843,1,6,0,0.4768679440021515
9844,5,2,0,0.5127574801445007
9845,9,2,0,0.5231122970581055
9846,8,8,1,0.6930192112922668
9847,0,2,0,0.6891570687294006
9848,2,2,1,0.5961307883262634
9849,0,8,0,0.5022739171981812
9850,7,2,0,0.6637074947357178
9851,6,6,1,0.5256768465042114
9852,0,3,0,0.5460283756256104
9853,5,2,0,0.6957289576530457
9854,9,3,0,0.7563840746879578
9855,7,8,0,0.6213027834892273
9856,5,3,0,0.7834867835044861
9857,0,2,0,0.6988884806632996
9858,4,2,0,0.9635398387908936
9859,6,2,0,0.725262463092804
9860,0,0,1,0.8453550338745117
9861,6,2,0,0.5145276188850403
9862,3,2,0,0.794510543346405
9863,6,8,0,0.5927372574806213
9864,8,2,0,0.7978439331054688
9865,1,2,0,0.5790337920188904
9866,1,3,0,0.6556417942047119
9867,8,2,0,0.6600586175918579
9868,9,3,0,0.5439159274101257
9869,7,2,0,0.5537698268890381
9870,2,2,1,0.6501865983009338
9871,9,9,1,0.8339006900787354
9872,0,2,0,0.8771522641181946
9873,2,2,1,0.8317591547966003
9874,2,3,0,0.5256754159927368
9875,9,2,0,0.5267490744590759
9876,0,6,0,0.8455362319946289
9877,6,3,0,0.6117146611213684
9878,5,2,0,0.6877098083496094
9879,7,2,0,0.8360404968261719
9880,7,3,0,0.42981699109077454
9881,9,3,0,0.6909189224243164
9882,1,2,0,0.5613150596618652
9883,7,2,0,0.740029513835907
9884,9,2,0,0.44039326906204224
9885,8,3,0,0.5536532998085022
9886,4,2,0,0.8543009757995605
9887,5,2,0,0.5053348541259766
9888,0,2,0,0.7680214643478394
9889,8,2,0,0.4854520857334137
9890,0,6,0,0.7157039642333984
9891,2,3,0,0.6438459157943726
9892,5,9,0,0.6100126504898071
9893,2,3,0,0.696564793586731
9894,1,2,0,0.8352028131484985
9895,4,2,0,0.5621001124382019
9896,4,2,0,0.4643697142601013
9897,8,3,0,0.3838001787662506
9898,9,2,0,0.6553688049316406
9899,7,3,0,0.49773168563842773
9900,8,5,0,0.573296308517456
9901,3,9,0,0.6651219129562378
9902,6,2,0,0.6859095096588135
9903,6,2,0,0.757979691028595
9904,0,2,0,0.8527175784111023
9905,1,2,0,0.6265084743499756
9906,1,6,0,0.7552684545516968
9907,1,2,0,0.6667423844337463
9908,8,2,0,0.8856278657913208
9909,1,3,0,0.5662938952445984
9910,4,2,0,0.6959419250488281
9911,4,3,0,0.7820491194725037
9912,0,8,0,0.8362745642662048
9913,7,6,0,0.37566035985946655
9914,8,1,0,0.42099207639694214
9915,2,3,0,0.5059523582458496
9916,1,1,1,0.5237807631492615
9917,2,3,0,0.78263258934021
9918,5,3,0,0.6432533264160156
9919,4,3,0,0.7226764559745789
9920,6,2,0,0.6069216728210449
9921,0,0,1,0.8185160160064697
9922,5,3,0,0.6500080823898315
9923,7,2,0,0.526069164276123
9924,4,3,0,0.4545322060585022
9925,4,9,0,0.5254324674606323
9926,3,2,0,0.9592368602752686
9927,9,5,0,0.6430650353431702
9928,5,3,0,0.7985374927520752
9929,8,0,0,0.5927351117134094
9930,8,2,0,0.742662250995636
9931,0,2,0,0.6218437552452087
9932,8,0,0,0.588561475276947
9933,7,2,0,0.9302577972412109
9934,4,2,0,0.4053216278553009
9935,1,3,0,0.5497385859489441
9936,8,2,0,0.835660457611084
9937,4,3,0,0.6326343417167664
9938,9,6,0,0.4665253162384033
9939,5,3,0,0.6233832836151123
9940,4,3,0,0.8004574179649353
9941,1,2,0,0.8896071910858154
9942,7,2,0,0.8698483109474182
9943,7,8,0,0.6521745324134827
9944,7,2,0,0.8425375819206238
9945,7,3,0,0.40433982014656067
9946,0,9,0,0.5313940048217773
9947,3,3,1,0.5519112348556519
9948,8,3,0,0.49885571002960205
9949,3,2,0,0.9197832942008972
9950,3,2,0,0.7858409881591797
9951,0,9,0,0.5369808077812195
9952,5,3,0,0.5025501251220703
9953,7,3,0,0.7917060256004333
9954,0,2,0,0.7538440227508545
9955,8,2,0,0.7909055352210999
9956,0,2,0,0.7295275926589966
9957,0,3,0,0.6177312135696411
9958,9,5,0,0.35700592398643494
9959,2,2,1,0.38160544633865356
9960,2,3,0,0.8533567786216736
9961,3,9,0,0.5526865720748901
9962,4,2,0,0.9206007122993469
9963,8,3,0,0.45488178730010986
9964,2,2,1,0.38841360807418823
9965,2,8,0,0.5091245174407959
9966,6,9,0,0.6479434370994568
9967,3,3,1,0.4499377906322479
9968,3,2,0,0.7099432945251465
9969,6,5,0,0.6752466559410095
9970,2,2,1,0.7298651933670044
9971,9,2,0,0.8345499634742737
9972,4,2,0,0.8038122653961182
9973,0,0,1,0.541142463684082
9974,1,3,0,0.7087100148200989
9975,7,2,0,0.4874861240386963
9976,5,3,0,0.6721863150596619
9977,5,3,0,0.8083984851837158
9978,7,2,0,0.6622946262359619
9979,3,8,0,0.8751850128173828
9980,0,3,0,0.5983022451400757
9981,4,2,0,0.7698577046394348
9982,2,3,0,0.6329154372215271
9983,0,2,0,0.6635653972625732
9984,7,9,0,0.7912567257881165
9985,5,3,0,0.7520567178726196
9986,8,0,0,0.6093127131462097
9987,0,2,0,0.9075655937194824
9988,8,0,0,0.6579415202140808
9989,2,2,1,0.8224471211433411
9990,7,2,0,0.7562585473060608
9991,0,2,0,0.7705585360527039
9992,3,2,0,0.7212325930595398
9993,5,3,0,0.4844646155834198
9994,3,3,1,0.6602446436882019
9995,8,0,0,0.6519206762313843
9996,3,2,0,0.6555735468864441
9997,5,3,0,0.7022315859794617
9998,1,2,0,0.9079086780548096
9999,7,2,0,0.7877792119979858
