sample_idx,true_label,pred_label,correct,confidence
0,1,1,1,2.763730764389038
1,1,0,0,2.610956907272339
2,1,1,1,1.4677165746688843
3,1,1,1,0.7282301187515259
4,1,1,1,0.34057456254959106
5,1,0,0,1.1187504529953003
6,1,0,0,0.5952714681625366
7,1,0,0,0.033154163509607315
8,1,0,0,0.18125338852405548
9,1,1,1,1.3892056941986084
10,1,0,0,1.4961260557174683
11,1,0,0,0.08516640216112137
12,1,0,0,3.425574541091919
13,1,1,1,0.6178373694419861
14,1,0,0,0.07233491539955139
15,1,0,0,0.2472713142633438
16,1,1,1,0.008034732192754745
17,1,1,1,0.3770882785320282
18,1,1,1,0.08166243135929108
19,1,1,1,1.7669806480407715
20,1,0,0,2.0669283866882324
21,1,1,1,1.4077073335647583
22,1,0,0,1.8963912725448608
23,1,1,1,0.08934655785560608
24,1,1,1,2.5376548767089844
25,1,0,0,0.5958436131477356
26,1,1,1,1.1846812963485718
27,1,1,1,0.06554126739501953
28,1,1,1,0.19704264402389526
29,1,1,1,0.6110522747039795
30,1,1,1,1.5505191087722778
31,1,1,1,0.46065258979797363
32,1,1,1,1.160017728805542
33,1,1,1,4.138790607452393
34,1,1,1,1.1871073246002197
35,1,1,1,1.6996501684188843
36,1,1,1,0.4258767366409302
37,1,0,0,0.9783918261528015
38,1,1,1,0.6505628824234009
39,1,0,0,0.6586259603500366
40,1,1,1,1.0168565511703491
41,1,0,0,1.4128038883209229
42,1,1,1,4.073643207550049
43,1,1,1,2.410412073135376
44,1,1,1,0.6444950103759766
45,1,1,1,1.1850510835647583
46,1,0,0,1.2185777425765991
47,1,1,1,0.8613659143447876
48,1,0,0,1.0891767740249634
49,1,1,1,1.3813633918762207
50,1,0,0,1.6596060991287231
51,1,1,1,2.454522132873535
52,1,0,0,2.5560128688812256
53,1,1,1,1.433401346206665
54,1,1,1,2.2287957668304443
55,1,0,0,0.4886917471885681
56,1,0,0,1.9456723928451538
57,1,1,1,0.9986172318458557
58,1,1,1,0.5784803628921509
59,1,1,1,1.525507926940918
60,1,1,1,1.3326504230499268
61,1,0,0,2.1201326847076416
62,1,1,1,2.9836978912353516
63,1,1,1,3.472179651260376
64,1,1,1,1.9908660650253296
65,1,1,1,0.17297852039337158
66,1,0,0,1.1623860597610474
67,1,1,1,2.754707098007202
68,1,1,1,1.372704029083252
69,1,0,0,0.443000853061676
70,1,1,1,2.7270708084106445
71,1,0,0,0.008097928017377853
72,1,0,0,1.7786918878555298
73,1,1,1,1.9806464910507202
74,1,0,0,1.3097862005233765
75,1,0,0,0.27656757831573486
76,1,1,1,1.2682298421859741
77,1,1,1,0.8794056177139282
78,1,1,1,2.9882380962371826
79,1,0,0,0.8652363419532776
80,1,1,1,1.6326704025268555
81,1,0,0,0.42938196659088135
82,1,1,1,1.5215680599212646
83,1,1,1,1.1818063259124756
84,1,1,1,0.26120200753211975
85,1,0,0,2.1334574222564697
86,1,1,1,1.0424211025238037
87,1,1,1,0.9118773341178894
88,1,1,1,0.05209292843937874
89,1,0,0,0.6040122509002686
90,1,1,1,3.002988576889038
91,1,1,1,0.47497430443763733
92,1,0,0,0.49404698610305786
93,1,1,1,2.3273961544036865
94,1,1,1,0.42431533336639404
95,1,0,0,3.0467846393585205
96,1,1,1,0.01669490709900856
97,1,0,0,1.1238502264022827
98,1,1,1,1.2033032178878784
99,1,1,1,2.201662302017212
100,1,1,1,1.8854384422302246
101,1,1,1,0.23152291774749756
102,1,0,0,0.45569372177124023
103,1,1,1,1.561511754989624
104,1,0,0,-0.03266998380422592
105,1,0,0,2.338726758956909
106,1,1,1,0.5363187789916992
107,1,1,1,2.139113187789917
108,1,0,0,0.20173241198062897
109,1,1,1,-0.044455256313085556
110,1,1,1,2.4224414825439453
111,1,1,1,2.1618926525115967
112,1,1,1,1.5703400373458862
113,1,1,1,1.2235043048858643
114,1,1,1,2.185760974884033
115,1,1,1,1.710142731666565
116,1,1,1,0.317087858915329
117,1,1,1,0.8507295846939087
118,1,0,0,1.1312540769577026
119,1,0,0,-0.037401873618364334
120,1,1,1,1.7503225803375244
121,1,0,0,0.03403767943382263
122,1,0,0,0.13713999092578888
123,1,0,0,0.8367578387260437
124,1,0,0,0.05803011357784271
125,1,1,1,2.3461782932281494
126,1,1,1,1.3620821237564087
127,1,0,0,2.0821292400360107
128,1,1,1,-0.045473773032426834
129,1,1,1,1.0870344638824463
130,1,1,1,0.24940688908100128
131,1,0,0,0.5483083128929138
132,1,1,1,1.4741181135177612
133,1,1,1,2.8281521797180176
134,1,0,0,0.11161953210830688
135,1,0,0,1.538239598274231
136,1,1,1,2.0474469661712646
137,1,1,1,0.8396480679512024
138,1,1,1,2.9312150478363037
139,1,1,1,0.23255862295627594
140,1,1,1,1.2532111406326294
141,1,1,1,1.9778282642364502
142,1,1,1,1.465771198272705
143,1,1,1,0.8034440279006958
144,1,0,0,1.4892470836639404
145,1,0,0,0.24710871279239655
146,1,0,0,0.11000889539718628
147,1,0,0,1.6271982192993164
148,1,1,1,1.1281194686889648
149,1,1,1,3.0241990089416504
150,1,0,0,0.8127114176750183
151,1,1,1,0.31930333375930786
152,1,1,1,1.5761116743087769
153,1,0,0,1.1274869441986084
154,1,1,1,1.2629530429840088
155,1,0,0,1.9150952100753784
156,1,1,1,1.9919625520706177
157,1,1,1,0.7998120784759521
158,1,1,1,1.4946197271347046
159,1,1,1,1.5068535804748535
160,1,1,1,1.7744591236114502
161,1,0,0,1.0156197547912598
162,1,1,1,2.550910234451294
163,1,1,1,0.6575626134872437
164,1,0,0,1.0707405805587769
165,1,1,1,0.0784565806388855
166,1,1,1,0.04056419059634209
167,1,0,0,0.1894836574792862
168,1,1,1,2.2550461292266846
169,1,1,1,0.6341812610626221
170,1,0,0,2.1204068660736084
171,1,1,1,0.7866597175598145
172,1,1,1,0.2577013671398163
173,1,1,1,2.309723377227783
174,1,0,0,0.022709213197231293
175,1,1,1,2.3226349353790283
176,1,0,0,0.20061098039150238
177,1,0,0,0.518096923828125
178,1,1,1,2.3734095096588135
179,1,0,0,0.19056390225887299
180,1,1,1,1.4216558933258057
181,1,1,1,0.5843634009361267
182,1,0,0,0.21487385034561157
183,1,1,1,1.619936227798462
184,1,0,0,0.3317122459411621
185,1,0,0,1.739814043045044
186,1,1,1,0.597526490688324
187,1,1,1,0.5595688819885254
188,1,0,0,1.9161852598190308
189,1,1,1,0.8897440433502197
190,1,1,1,0.9867548942565918
191,1,0,0,1.2264305353164673
192,1,0,0,0.0412592738866806
193,1,0,0,2.0527708530426025
194,1,0,0,1.2627495527267456
195,1,0,0,0.014049574732780457
196,1,1,1,0.22206498682498932
197,1,0,0,0.5556495189666748
198,1,1,1,2.096644639968872
199,1,0,0,2.9610259532928467
200,1,1,1,1.1746184825897217
201,1,0,0,-0.06786239147186279
202,1,1,1,2.3436458110809326
203,1,1,1,2.15328049659729
204,1,1,1,0.56790691614151
205,1,0,0,1.3104448318481445
206,1,1,1,2.1504886150360107
207,1,1,1,1.2947636842727661
208,1,0,0,0.3422998785972595
209,1,1,1,0.8621779084205627
210,1,0,0,0.13423505425453186
211,1,1,1,2.4358086585998535
212,1,1,1,1.835108757019043
213,1,0,0,0.027329280972480774
214,1,0,0,0.7792554497718811
215,1,0,0,0.5150162577629089
216,1,0,0,0.6727308034896851
217,1,1,1,1.52023446559906
218,1,1,1,0.6314253211021423
219,1,0,0,1.098785161972046
220,1,0,0,2.8792271614074707
221,1,1,1,1.4762651920318604
222,1,0,0,0.6155912280082703
223,1,1,1,1.740112543106079
224,1,1,1,0.7398574352264404
225,1,1,1,1.3142156600952148
226,1,0,0,1.4699758291244507
227,1,1,1,1.2479087114334106
228,1,1,1,1.3079553842544556
229,1,1,1,0.6660256385803223
230,1,1,1,2.252880334854126
231,1,1,1,0.15831594169139862
232,1,1,1,2.666116952896118
233,1,1,1,1.354210615158081
234,1,1,1,2.0055556297302246
235,1,1,1,1.9029567241668701
236,1,1,1,0.8633058071136475
237,1,0,0,0.06529849767684937
238,1,1,1,1.288171410560608
239,1,1,1,-0.025374021381139755
240,1,1,1,0.8610138893127441
241,1,0,0,0.9427180886268616
242,1,1,1,0.721990704536438
243,1,1,1,1.6433289051055908
244,1,0,0,1.2253779172897339
245,1,1,1,0.5683004856109619
246,1,1,1,1.0921318531036377
247,1,0,0,0.13821958005428314
248,1,1,1,1.6291395425796509
249,1,1,1,3.389760971069336
250,1,1,1,1.9121699333190918
251,1,1,1,2.3341267108917236
252,1,1,1,0.7799896597862244
253,1,1,1,1.418797492980957
254,1,1,1,3.123647928237915
255,0,1,0,1.83379328250885
256,1,0,0,0.1492311805486679
257,1,0,0,0.8210632801055908
258,1,1,1,0.9801139831542969
259,1,1,1,0.6864610314369202
260,1,0,0,1.3391183614730835
261,1,1,1,1.625121831893921
262,1,1,1,0.7009301781654358
263,1,0,0,0.3426852822303772
264,1,0,0,1.4991487264633179
265,1,0,0,0.5695558786392212
266,1,1,1,0.8489719033241272
267,1,1,1,3.5449321269989014
268,1,1,1,3.8074986934661865
269,1,1,1,1.368377685546875
270,1,1,1,0.1544678807258606
271,1,1,1,3.448310136795044
272,1,1,1,2.642258882522583
273,1,0,0,2.8526504039764404
274,1,0,0,0.9946778416633606
275,1,1,1,0.1703665554523468
276,1,1,1,1.9125876426696777
277,1,1,1,0.9168770909309387
278,1,1,1,2.3181345462799072
279,1,1,1,1.333178997039795
280,1,1,1,1.2619459629058838
281,1,1,1,2.5878331661224365
282,1,0,0,1.0860565900802612
283,1,1,1,2.2515580654144287
284,1,1,1,1.6445130109786987
285,1,0,0,0.025531481951475143
286,1,1,1,1.2599048614501953
287,1,1,1,0.6168897151947021
288,1,1,1,1.464069128036499
289,1,1,1,2.640512704849243
290,1,1,1,0.46386414766311646
291,1,0,0,0.17743052542209625
292,1,1,1,0.41664397716522217
293,1,1,1,0.5353696346282959
294,1,0,0,1.5104671716690063
295,1,1,1,0.04769020155072212
296,1,1,1,0.10838767886161804
297,1,1,1,2.0348246097564697
298,1,1,1,0.7077177166938782
299,1,1,1,0.5410119295120239
300,1,0,0,0.4037010073661804
301,1,0,0,0.021078675985336304
302,1,1,1,1.5678160190582275
303,1,0,0,2.0974602699279785
304,1,1,1,1.7877857685089111
305,1,0,0,0.5972064137458801
306,1,1,1,0.34833741188049316
307,1,1,1,0.8450378775596619
308,1,1,1,1.3904564380645752
309,1,0,0,0.548926055431366
310,1,1,1,2.3995468616485596
311,1,1,1,1.0289368629455566
312,1,1,1,1.8608613014221191
313,1,1,1,0.7429391741752625
314,1,0,0,0.06724277138710022
315,1,1,1,2.920653820037842
316,1,1,1,4.221897125244141
317,1,1,1,0.411629319190979
318,1,1,1,1.4618160724639893
319,1,1,1,1.4949493408203125
320,1,1,1,0.8690518736839294
321,1,1,1,3.7218782901763916
322,1,1,1,1.7878555059432983
323,1,1,1,2.175677537918091
324,1,1,1,2.8007421493530273
325,1,1,1,1.3910903930664062
326,1,1,1,0.861292839050293
327,1,0,0,0.5587546825408936
328,1,0,0,0.6959062218666077
329,1,1,1,0.3708603084087372
330,1,1,1,1.004870891571045
331,1,1,1,0.5005861520767212
332,1,0,0,0.27300429344177246
333,1,1,1,2.987287759780884
334,1,1,1,2.3221495151519775
335,1,0,0,1.5739214420318604
336,1,0,0,0.0712171271443367
337,1,1,1,0.9614652395248413
338,1,1,1,0.7891541123390198
339,1,1,1,3.1879518032073975
340,1,1,1,2.339087963104248
341,1,1,1,1.8973315954208374
342,1,1,1,1.3242580890655518
343,1,0,0,1.6456410884857178
344,1,0,0,0.7343241572380066
345,1,1,1,0.44194096326828003
346,1,1,1,2.2688207626342773
347,1,1,1,4.07033109664917
348,1,0,0,2.6488540172576904
349,1,1,1,2.2132792472839355
350,1,1,1,0.778828501701355
351,1,1,1,3.762537717819214
352,1,1,1,1.4485265016555786
353,1,1,1,2.083065986633301
354,1,1,1,2.273822546005249
355,1,1,1,1.7334637641906738
356,1,1,1,2.6770308017730713
357,1,1,1,1.663172721862793
358,1,1,1,1.157038927078247
359,1,1,1,1.668205976486206
360,1,0,0,0.6785885095596313
361,1,1,1,2.454240083694458
362,1,1,1,1.6574223041534424
363,1,1,1,2.052806854248047
364,1,1,1,0.8991304636001587
365,1,1,1,2.2651872634887695
366,1,1,1,1.2608226537704468
367,1,1,1,0.2005264163017273
368,1,1,1,1.8620270490646362
369,1,0,0,0.12608881294727325
370,1,0,0,0.4410577416419983
371,1,1,1,1.3347190618515015
372,1,1,1,1.2555015087127686
373,1,1,1,3.27337384223938
374,1,1,1,1.8582282066345215
375,1,1,1,2.658292293548584
376,1,1,1,2.027585744857788
377,1,0,0,0.20559318363666534
378,1,1,1,2.6505885124206543
379,1,1,1,1.4681684970855713
380,1,1,1,1.4289593696594238
381,1,1,1,1.9116568565368652
382,1,1,1,1.51338791847229
383,1,1,1,0.17535755038261414
384,1,1,1,2.503086805343628
385,1,1,1,1.771875262260437
386,1,1,1,3.4209024906158447
387,1,1,1,-0.016361858695745468
388,1,1,1,4.267274379730225
389,1,1,1,2.063000202178955
390,1,0,0,2.0136630535125732
391,1,0,0,0.11295433342456818
392,1,0,0,1.729986548423767
393,1,1,1,0.7232234477996826
394,1,0,0,0.028652667999267578
395,1,1,1,2.7128403186798096
396,1,1,1,0.3484398126602173
397,1,1,1,1.9573938846588135
398,1,1,1,3.7597551345825195
399,1,1,1,1.0883876085281372
400,1,1,1,1.1470798254013062
401,1,1,1,3.8798577785491943
402,1,0,0,0.2778664827346802
403,1,1,1,0.4878387749195099
404,1,1,1,2.48952054977417
405,1,1,1,2.96441912651062
406,1,1,1,1.483423113822937
407,1,1,1,2.7702434062957764
408,1,0,0,0.11761049926280975
409,1,1,1,1.3749828338623047
410,1,1,1,3.5154335498809814
411,1,1,1,0.5478217601776123
412,1,1,1,0.23583024740219116
413,1,1,1,1.6020704507827759
414,1,1,1,1.7130277156829834
415,1,1,1,1.786801815032959
416,1,0,0,0.6710010170936584
417,1,1,1,2.17942214012146
418,1,1,1,1.5894300937652588
419,1,0,0,0.9405391812324524
420,1,1,1,0.2983575463294983
421,1,1,1,1.0668554306030273
422,1,1,1,1.4705452919006348
423,1,1,1,1.7214770317077637
424,1,1,1,1.3909966945648193
425,1,1,1,1.10780930519104
426,1,0,0,0.2820900082588196
427,1,1,1,0.06887206435203552
428,1,1,1,1.913649320602417
429,1,1,1,1.7337822914123535
430,1,1,1,3.1421501636505127
431,1,1,1,0.568244218826294
432,1,1,1,1.755216360092163
433,1,0,0,2.0722100734710693
434,1,0,0,1.168366551399231
435,1,0,0,0.22805212438106537
436,1,1,1,1.2063746452331543
437,1,1,1,3.0282037258148193
438,1,0,0,0.6622259616851807
439,1,1,1,2.6103451251983643
440,1,1,1,2.1349284648895264
441,1,1,1,2.081986904144287
442,1,1,1,0.8032122254371643
443,1,1,1,1.0357253551483154
444,1,1,1,0.3394756317138672
445,1,1,1,0.5848371386528015
446,1,1,1,0.5239295363426208
447,1,1,1,-0.02039124071598053
448,1,0,0,1.440773606300354
449,1,1,1,1.8430850505828857
450,1,0,0,1.2634708881378174
451,1,1,1,0.8842087984085083
452,1,1,1,2.10701847076416
453,1,1,1,1.5147768259048462
454,1,1,1,0.5814307928085327
455,1,1,1,2.166898488998413
456,1,0,0,0.01488235592842102
457,1,1,1,2.6505086421966553
458,1,1,1,1.3196134567260742
459,1,1,1,0.06535458564758301
460,1,1,1,0.02597050741314888
461,1,1,1,1.103367805480957
462,1,1,1,1.1182682514190674
463,1,1,1,2.2692058086395264
464,1,1,1,2.516206979751587
465,1,1,1,1.3666728734970093
466,1,1,1,5.434737682342529
467,1,1,1,2.135526418685913
468,1,1,1,0.41965603828430176
469,1,1,1,0.7187479734420776
470,1,1,1,2.1951916217803955
471,1,0,0,2.273486852645874
472,1,1,1,0.20282450318336487
473,1,1,1,2.19108510017395
474,1,0,0,0.18039846420288086
475,1,0,0,0.21069814264774323
476,1,1,1,0.8172336220741272
477,1,1,1,2.0549020767211914
478,1,1,1,1.5547516345977783
479,1,1,1,1.597670316696167
480,1,1,1,1.313900113105774
481,1,1,1,0.961689829826355
482,1,1,1,0.47775429487228394
483,1,1,1,3.174936056137085
484,1,1,1,3.8101699352264404
485,1,1,1,2.818890333175659
486,1,1,1,0.4704533815383911
487,1,1,1,3.275998592376709
488,1,1,1,1.0806829929351807
489,1,1,1,0.36042746901512146
490,1,1,1,2.4455440044403076
491,1,1,1,1.9873192310333252
492,1,0,0,0.699015736579895
493,1,0,0,1.7180328369140625
494,1,1,1,1.761068344116211
495,1,0,0,0.39313918352127075
496,1,1,1,3.4487693309783936
497,1,1,1,1.1891000270843506
498,1,1,1,1.1255849599838257
499,1,1,1,2.4494364261627197
500,1,1,1,2.9561612606048584
501,1,0,0,0.5137653350830078
502,1,0,0,2.064934015274048
503,1,1,1,2.792090654373169
504,1,1,1,2.8580501079559326
505,1,0,0,0.9975436329841614
506,1,1,1,0.2923567295074463
507,1,1,1,0.3846433758735657
508,1,1,1,0.8487334847450256
509,1,1,1,3.537571668624878
510,1,1,1,2.398346424102783
511,1,1,1,2.2162444591522217
512,1,0,0,1.6447182893753052
513,1,1,1,0.07347558438777924
514,1,1,1,1.4927620887756348
515,1,0,0,0.12680299580097198
516,1,0,0,0.905456006526947
517,1,1,1,2.1955645084381104
518,1,1,1,1.1952061653137207
519,1,0,0,0.22583214938640594
520,1,1,1,4.322136878967285
521,1,1,1,3.410166025161743
522,1,1,1,3.5132768154144287
523,1,1,1,0.5205774307250977
524,1,1,1,1.383739948272705
525,1,1,1,1.3859237432479858
526,1,1,1,0.8388965725898743
527,1,0,0,1.0610923767089844
528,1,1,1,0.6373579502105713
529,1,1,1,1.4340033531188965
530,1,1,1,0.4127507507801056
531,1,0,0,0.04636850953102112
532,1,1,1,0.5424604415893555
533,1,1,1,1.0604243278503418
534,1,0,0,0.30089038610458374
535,1,0,0,0.43480950593948364
536,1,1,1,1.335331916809082
537,1,1,1,0.43034085631370544
538,1,1,1,0.1566687971353531
539,1,0,0,1.2111490964889526
540,1,0,0,0.0391625240445137
541,1,1,1,0.35758811235427856
542,1,1,1,1.7499014139175415
543,1,0,0,1.0766088962554932e-05
544,1,1,1,0.8166139721870422
545,1,1,1,0.9543534517288208
546,1,1,1,0.5832034945487976
547,1,1,1,1.0673847198486328
548,1,1,1,1.6007707118988037
549,1,1,1,0.7852842211723328
550,1,1,1,1.6203945875167847
551,1,0,0,3.5695531368255615
552,1,1,1,1.406352162361145
553,1,0,0,1.3607293367385864
554,1,0,0,0.818678617477417
555,1,1,1,1.1135590076446533
556,1,1,1,2.092332363128662
557,1,1,1,1.0537292957305908
558,1,1,1,2.4044559001922607
559,1,1,1,2.464775562286377
560,1,0,0,1.1671348810195923
561,1,1,1,1.1177308559417725
562,1,0,0,-0.01530945673584938
563,1,1,1,3.2752792835235596
564,1,0,0,1.0808671712875366
565,1,0,0,0.14716099202632904
566,1,0,0,1.1591639518737793
567,1,1,1,2.561070442199707
568,1,1,1,1.4163321256637573
569,1,1,1,0.6981946229934692
570,1,1,1,0.4593451917171478
571,1,1,1,5.0365986824035645
572,1,1,1,3.250110626220703
573,1,0,0,0.9373405575752258
574,1,0,0,0.03883466124534607
575,1,0,0,2.7332470417022705
576,1,1,1,2.0661814212799072
577,1,0,0,1.5748926401138306
578,1,0,0,-0.034697841852903366
579,1,0,0,0.9653818607330322
580,1,1,1,2.2736434936523438
581,1,0,0,0.7845060229301453
582,1,0,0,3.2871296405792236
583,1,1,1,5.170809268951416
584,1,1,1,1.712045431137085
585,1,1,1,3.1826024055480957
586,1,1,1,2.0567257404327393
587,1,0,0,0.4007417559623718
588,1,1,1,2.092938184738159
589,1,1,1,1.5865484476089478
590,1,0,0,0.1070588231086731
591,1,1,1,-0.03230157122015953
592,1,1,1,1.0189218521118164
593,1,1,1,1.783931016921997
594,1,0,0,0.41285449266433716
595,1,1,1,0.9315216541290283
596,1,1,1,1.6552801132202148
597,1,0,0,0.6285632848739624
598,1,1,1,1.1463687419891357
599,1,1,1,2.3647000789642334
600,1,1,1,1.7047808170318604
601,1,1,1,0.3023580312728882
602,1,1,1,3.111497640609741
603,1,1,1,0.017508719116449356
604,1,1,1,0.551778256893158
605,1,0,0,1.3067806959152222
606,1,0,0,3.6270363330841064
607,1,0,0,0.8676491379737854
608,1,0,0,0.3199641704559326
609,1,1,1,1.9934959411621094
610,1,0,0,2.713151693344116
611,1,1,1,0.4030793607234955
612,1,1,1,1.7995277643203735
613,1,1,1,2.8134806156158447
614,1,1,1,3.3205411434173584
615,1,1,1,2.2047855854034424
616,1,1,1,1.662842035293579
617,1,1,1,1.8448805809020996
618,1,0,0,0.48997068405151367
619,1,0,0,0.07910125702619553
620,1,1,1,1.363178014755249
621,1,0,0,0.5844573974609375
622,1,1,1,0.44213545322418213
623,1,1,1,3.430575132369995
624,1,0,0,0.6012884378433228
625,1,1,1,1.6566405296325684
626,1,1,1,0.8439130783081055
627,1,1,1,2.2571725845336914
628,1,1,1,1.8761191368103027
629,1,1,1,4.806962490081787
630,1,0,0,0.6671129465103149
631,1,1,1,0.9584248065948486
632,1,1,1,1.472903847694397
633,1,1,1,1.9345195293426514
634,1,0,0,3.5813395977020264
635,1,1,1,1.1630849838256836
636,1,1,1,3.4294230937957764
637,1,0,0,1.1270630359649658
638,1,1,1,2.6303114891052246
639,1,0,0,2.1230340003967285
640,1,1,1,0.08505666255950928
641,1,1,1,3.0433120727539062
642,1,1,1,3.584338426589966
643,1,1,1,2.0424137115478516
644,1,1,1,1.3407700061798096
645,1,0,0,-0.007872853428125381
646,1,1,1,2.5280144214630127
647,1,0,0,1.1786261796951294
648,1,0,0,0.06904485076665878
649,1,1,1,3.199923038482666
650,1,1,1,0.8238464593887329
651,1,1,1,0.9556620121002197
652,1,1,1,0.23099705576896667
653,1,0,0,0.16584794223308563
654,1,1,1,1.9181890487670898
655,1,1,1,0.773966372013092
656,1,1,1,1.5944528579711914
657,1,1,1,0.16439557075500488
658,1,1,1,2.4436912536621094
659,1,1,1,0.9328275322914124
660,1,0,0,1.3885287046432495
661,1,1,1,0.5683629512786865
662,1,1,1,0.10304319858551025
663,1,0,0,1.6219276189804077
664,1,0,0,0.9424842000007629
665,1,1,1,2.0140697956085205
666,1,1,1,0.4538598954677582
667,1,1,1,1.1131346225738525
668,1,1,1,3.894246816635132
669,1,1,1,3.1448493003845215
670,1,1,1,3.4084794521331787
671,1,1,1,1.322307825088501
672,1,1,1,2.3944902420043945
673,1,1,1,1.803242564201355
674,1,1,1,2.460418224334717
675,1,1,1,4.031435012817383
676,1,1,1,2.0098490715026855
677,1,1,1,3.7765800952911377
678,1,1,1,1.9076941013336182
679,1,0,0,0.2755507230758667
680,1,1,1,1.474899411201477
681,1,1,1,1.2908859252929688
682,1,0,0,1.3068039417266846
683,1,1,1,2.4953396320343018
684,1,0,0,1.4141813516616821
685,1,1,1,1.274665355682373
686,1,1,1,1.5877118110656738
687,1,1,1,0.6051284074783325
688,1,1,1,2.8277289867401123
689,1,1,1,0.3060482144355774
690,1,0,0,0.2761736512184143
691,1,0,0,0.10637842863798141
692,1,1,1,3.038072347640991
693,1,0,0,0.6832789182662964
694,1,1,1,0.4632520079612732
695,1,1,1,0.8443595170974731
696,1,1,1,3.3472659587860107
697,1,1,1,1.6819515228271484
698,1,1,1,2.4876348972320557
699,1,1,1,4.0771565437316895
700,1,1,1,1.323814034461975
701,1,1,1,2.237687349319458
702,1,1,1,0.6499970555305481
703,1,1,1,5.81364107131958
704,1,1,1,1.0060174465179443
705,1,1,1,0.950080394744873
706,1,0,0,0.22064802050590515
707,1,1,1,0.5400608777999878
708,1,1,1,2.0961291790008545
709,1,0,0,0.6487353444099426
710,1,1,1,0.9567406177520752
711,1,1,1,0.8510618209838867
712,1,1,1,0.7157934904098511
713,1,1,1,1.2876054048538208
714,1,0,0,1.6029447317123413
715,1,1,1,2.4079020023345947
716,1,1,1,0.863223671913147
717,1,0,0,0.6881945729255676
718,1,1,1,2.176682949066162
719,1,1,1,1.8711802959442139
720,1,0,0,0.7179154753684998
721,1,1,1,1.6092002391815186
722,1,1,1,1.725144386291504
723,1,0,0,0.6311306953430176
724,1,0,0,0.279201865196228
725,1,1,1,2.3212084770202637
726,1,1,1,0.8016420602798462
727,1,1,1,1.2317554950714111
728,1,1,1,2.0101518630981445
729,1,0,0,0.1978859007358551
730,1,1,1,0.5058200359344482
731,1,1,1,0.6022215485572815
732,1,0,0,1.86699640750885
733,1,1,1,1.1045798063278198
734,1,0,0,0.33680617809295654
735,1,0,0,1.534571647644043
736,1,1,1,2.2568273544311523
737,1,1,1,2.611246109008789
738,1,1,1,0.31369781494140625
739,1,1,1,0.12377223372459412
740,1,0,0,2.407764434814453
741,1,0,0,1.985634446144104
742,1,1,1,1.089699625968933
743,1,1,1,0.3925256133079529
744,1,0,0,0.2354554384946823
745,1,1,1,1.2248046398162842
746,1,0,0,0.6680383086204529
747,1,1,1,1.4150452613830566
748,1,1,1,1.169398546218872
749,1,1,1,1.8837515115737915
750,1,0,0,0.5543934106826782
751,1,0,0,0.1909092217683792
752,1,1,1,1.6499568223953247
753,1,1,1,2.116766929626465
754,1,0,0,1.8531187772750854
755,1,0,0,0.2618909478187561
756,1,0,0,1.626539707183838
757,1,1,1,1.585123062133789
758,1,0,0,1.841412901878357
759,1,1,1,0.3648363947868347
760,1,0,0,2.769456624984741
761,1,0,0,2.170093536376953
762,1,1,1,1.5037808418273926
763,1,1,1,0.08432142436504364
764,1,1,1,0.6552597880363464
765,1,1,1,3.668388605117798
766,1,0,0,1.2016757726669312
767,1,1,1,2.2430105209350586
768,1,1,1,3.1037585735321045
769,1,0,0,0.2911304235458374
770,1,1,1,2.6212007999420166
771,1,0,0,1.1963685750961304
772,1,1,1,0.86885005235672
773,1,1,1,0.012369219213724136
774,1,1,1,1.656942367553711
775,1,1,1,2.8534724712371826
776,1,1,1,3.025822877883911
777,1,0,0,1.271887183189392
778,1,1,1,2.2980828285217285
779,1,0,0,0.8704739212989807
780,1,1,1,1.0606677532196045
781,1,0,0,0.6776966452598572
782,1,1,1,0.4353674352169037
783,1,1,1,0.6151129603385925
784,1,1,1,1.4966659545898438
785,1,1,1,1.144517183303833
786,1,1,1,0.2191816121339798
787,1,1,1,1.4895449876785278
788,1,0,0,1.9029444456100464
789,1,1,1,0.31439006328582764
790,1,1,1,2.860725164413452
791,1,1,1,2.551913022994995
792,1,0,0,3.487532377243042
793,1,1,1,2.2880361080169678
794,1,1,1,2.7664570808410645
795,1,0,0,0.05370013788342476
796,1,1,1,1.0367714166641235
797,1,1,1,2.848102569580078
798,1,1,1,2.8825795650482178
799,1,1,1,2.1397252082824707
800,1,1,1,0.6991212368011475
801,1,1,1,1.2362768650054932
802,1,0,0,1.5368753671646118
803,1,0,0,1.2106784582138062
804,1,1,1,1.807088851928711
805,1,1,1,1.3434133529663086
806,1,1,1,1.0444834232330322
807,1,0,0,0.35972172021865845
808,1,0,0,0.2102111130952835
809,1,1,1,1.56378972530365
810,1,0,0,1.5181409120559692
811,1,1,1,4.144664287567139
812,1,1,1,0.21891692280769348
813,1,0,0,0.6078605651855469
814,1,1,1,2.1514980792999268
815,1,1,1,0.8516906499862671
816,1,1,1,0.8242267370223999
817,1,1,1,3.1106011867523193
818,1,1,1,6.939424991607666
819,1,1,1,0.6745587587356567
820,1,1,1,0.02102108672261238
821,1,0,0,0.532267153263092
822,1,1,1,3.290875196456909
823,1,1,1,2.4120891094207764
824,1,0,0,1.5003787279129028
825,1,1,1,0.25868815183639526
826,1,1,1,1.7666573524475098
827,1,0,0,0.9240713715553284
828,1,1,1,1.7313041687011719
829,1,1,1,0.3488703966140747
830,1,1,1,2.3674099445343018
831,1,0,0,2.7252883911132812
832,1,0,0,0.37767255306243896
833,1,1,1,1.6509450674057007
834,1,1,1,0.14033502340316772
835,1,0,0,0.6278561949729919
836,1,0,0,0.7381117343902588
837,1,0,0,1.0891443490982056
838,1,1,1,1.4552785158157349
839,1,0,0,0.359279990196228
840,1,1,1,1.1393272876739502
841,1,0,0,0.2706613540649414
842,1,0,0,0.02720297873020172
843,1,1,1,2.8839035034179688
844,1,1,1,1.6307895183563232
845,1,1,1,-0.02565290778875351
846,1,0,0,0.48142093420028687
847,1,1,1,2.1993932723999023
848,1,1,1,1.093194603919983
849,1,1,1,1.0667202472686768
850,1,1,1,1.915939211845398
851,1,1,1,2.0196728706359863
852,1,0,0,0.20973995327949524
853,1,0,0,0.37722182273864746
854,1,1,1,0.28210002183914185
855,1,1,1,0.14547330141067505
856,1,1,1,0.4153505265712738
857,1,1,1,1.9656217098236084
858,1,0,0,0.5669724345207214
859,1,1,1,0.6820282936096191
860,1,1,1,1.5752685070037842
861,1,0,0,1.6440205574035645
862,1,1,1,2.159773826599121
863,1,1,1,1.4831819534301758
864,1,1,1,-0.011650126427412033
865,1,1,1,1.0641498565673828
866,1,1,1,1.0479971170425415
867,1,1,1,2.460688829421997
868,1,1,1,1.5721904039382935
869,1,1,1,1.5809414386749268
870,1,0,0,0.1874876469373703
871,1,1,1,0.538246214389801
872,1,1,1,1.2148566246032715
873,1,1,1,2.5816214084625244
874,1,1,1,2.0262246131896973
875,1,1,1,3.517996072769165
876,1,1,1,1.348127007484436
877,1,1,1,0.5828652381896973
878,1,1,1,1.2912856340408325
879,1,1,1,0.4055093228816986
880,1,0,0,0.8688697218894958
881,1,0,0,2.223207473754883
882,1,1,1,3.320308208465576
883,1,1,1,0.006272416561841965
884,1,1,1,1.8849563598632812
885,1,1,1,1.693298578262329
886,1,1,1,0.7199580073356628
887,1,1,1,0.6519150733947754
888,1,1,1,0.6100301146507263
889,1,1,1,3.0631840229034424
890,1,1,1,0.1408272087574005
891,1,1,1,0.8105484247207642
892,1,1,1,2.6596839427948
893,1,1,1,0.10232245922088623
894,1,1,1,0.14523591101169586
895,0,0,1,2.674706220626831
896,1,1,1,2.3038318157196045
897,1,0,0,0.16617606580257416
898,1,1,1,2.3850760459899902
899,1,1,1,1.0975161790847778
900,1,1,1,2.3350942134857178
901,1,0,0,0.471163272857666
902,1,1,1,1.9254471063613892
903,1,1,1,0.8608417510986328
904,1,1,1,2.9966509342193604
905,1,1,1,1.7592854499816895
906,1,1,1,1.7711589336395264
907,1,1,1,1.4471211433410645
908,1,0,0,0.522605836391449
909,1,0,0,0.24421553313732147
910,1,0,0,0.09378449618816376
911,1,0,0,0.7150065302848816
912,1,1,1,1.1893376111984253
913,1,0,0,1.4832621812820435
914,1,0,0,0.3691667914390564
915,1,0,0,0.48007291555404663
916,1,1,1,0.7810797095298767
917,1,1,1,1.7339928150177002
918,1,0,0,0.5830850005149841
919,1,1,1,0.06109638884663582
920,1,1,1,2.507185935974121
921,1,1,1,0.8926222324371338
922,1,1,1,1.6950883865356445
923,1,1,1,1.4632513523101807
924,1,1,1,0.946713924407959
925,1,1,1,0.8058793544769287
926,1,1,1,0.5878072381019592
927,1,1,1,0.8704626560211182
928,1,0,0,2.891521692276001
929,1,1,1,1.0479265451431274
930,1,1,1,0.3361777663230896
931,1,1,1,0.5208888649940491
932,1,1,1,1.8309836387634277
933,1,0,0,0.02518666535615921
934,1,1,1,0.5385343432426453
935,1,1,1,0.5438935160636902
936,1,1,1,0.631380558013916
937,1,0,0,0.28179556131362915
938,1,1,1,2.1533138751983643
939,1,1,1,2.4703288078308105
940,1,0,0,0.21324901282787323
941,1,0,0,0.1608600616455078
942,1,1,1,1.8013699054718018
943,1,0,0,1.701443076133728
944,1,0,0,3.1960527896881104
945,1,0,0,0.31459617614746094
946,1,0,0,0.5420114398002625
947,1,1,1,0.09764881432056427
948,1,1,1,0.8824994564056396
949,1,0,0,1.0212517976760864
950,0,0,1,0.6570397019386292
951,1,0,0,0.4145919680595398
952,1,0,0,2.7054898738861084
953,1,0,0,1.366540551185608
954,1,0,0,3.5683016777038574
955,1,1,1,1.7254012823104858
956,1,1,1,2.8550469875335693
957,1,0,0,0.06043931841850281
958,1,1,1,2.301163673400879
959,1,0,0,0.6373737454414368
960,1,1,1,0.612268328666687
961,1,1,1,1.7423145771026611
962,1,1,1,1.3633689880371094
963,1,0,0,0.4502401351928711
964,1,0,0,0.7743118405342102
965,1,0,0,0.6432122588157654
966,1,0,0,0.077126145362854
967,1,0,0,1.275475025177002
968,1,1,1,0.13983993232250214
969,1,1,1,1.1094632148742676
970,1,0,0,0.030612140893936157
971,1,1,1,2.18300724029541
972,1,0,0,0.3300992250442505
973,1,1,1,1.2378036975860596
974,1,1,1,0.19361820816993713
975,1,0,0,0.11316127330064774
976,1,1,1,2.124436616897583
977,1,1,1,0.14677011966705322
978,1,1,1,1.28045654296875
979,1,0,0,1.472413182258606
980,1,0,0,1.0929826498031616
981,1,0,0,0.2007981687784195
982,1,1,1,2.059824228286743
983,1,0,0,0.2293005883693695
984,1,0,0,0.9720407724380493
985,1,1,1,2.77043080329895
986,1,1,1,0.1606556922197342
987,1,1,1,1.6775805950164795
988,1,0,0,4.107906341552734
989,1,1,1,0.06231784075498581
990,1,1,1,0.6554017066955566
991,1,0,0,0.9757406115531921
992,1,1,1,1.0022519826889038
993,1,1,1,1.8338334560394287
994,1,0,0,0.388427197933197
995,0,0,1,0.3380357027053833
996,0,1,0,1.0917121171951294
997,0,1,0,0.8715776205062866
998,0,0,1,0.8849284052848816
999,0,0,1,0.18567417562007904
1000,0,0,1,0.426543653011322
1001,0,0,1,0.6116666197776794
1002,0,1,0,0.3245046138763428
1003,0,0,1,1.0917936563491821
1004,0,0,1,0.20046740770339966
1005,0,0,1,0.6561865210533142
1006,0,1,0,0.12947264313697815
1007,0,0,1,0.18379582464694977
1008,0,1,0,0.22725798189640045
1009,0,1,0,0.301360547542572
1010,0,0,1,0.8848721981048584
1011,0,1,0,1.3697699308395386
1012,0,1,0,0.35394418239593506
1013,0,1,0,0.7555086612701416
1014,0,0,1,0.7099292874336243
1015,0,0,1,0.4957866072654724
1016,0,1,0,0.27281540632247925
1017,0,1,0,1.271644115447998
1018,0,0,1,0.7248702645301819
1019,0,1,0,0.729216992855072
1020,0,1,0,3.083050489425659
1021,0,1,0,0.8378090858459473
1022,0,0,1,0.48004746437072754
1023,0,0,1,2.4961721897125244
1024,0,0,1,3.510355234146118
1025,0,0,1,0.03473217412829399
1026,0,0,1,0.5220714211463928
1027,0,0,1,0.3700997233390808
1028,0,0,1,1.262236475944519
1029,0,1,0,0.3955378830432892
1030,0,1,0,0.24830362200737
1031,0,0,1,1.5778636932373047
1032,0,1,0,0.2945275604724884
1033,0,0,1,2.3616743087768555
1034,0,0,1,1.5064308643341064
1035,0,1,0,1.4035143852233887
1036,0,0,1,1.4884666204452515
1037,0,0,1,0.08521679043769836
1038,0,0,1,0.806358277797699
1039,0,1,0,3.7724239826202393
1040,0,1,0,0.5166094303131104
1041,0,1,0,0.8757226467132568
1042,0,1,0,0.699102520942688
1043,0,0,1,1.0282737016677856
1044,0,0,1,1.4236518144607544
1045,0,1,0,0.2737676501274109
1046,0,0,1,1.4951456785202026
1047,0,0,1,0.6180647015571594
1048,0,0,1,0.9032914638519287
1049,0,1,0,0.3006819784641266
1050,0,1,0,2.1406333446502686
1051,0,0,1,0.005646362900733948
1052,0,1,0,0.2643011808395386
1053,0,1,0,1.1679139137268066
1054,0,1,0,0.1387159675359726
1055,0,0,1,0.8346660733222961
1056,0,0,1,3.005269765853882
1057,0,0,1,0.4058116674423218
1058,0,0,1,1.1929564476013184
1059,0,1,0,0.8196410536766052
1060,0,1,0,1.5657503604888916
1061,0,1,0,0.2626761794090271
1062,0,1,0,0.4472074508666992
1063,0,0,1,3.94712233543396
1064,0,0,1,1.2000322341918945
1065,0,1,0,0.18338023126125336
1066,0,1,0,0.011645622551441193
1067,0,1,0,0.3856610655784607
1068,0,0,1,0.9630497097969055
1069,0,1,0,1.090253472328186
1070,0,1,0,2.5417518615722656
1071,0,1,0,0.06799210608005524
1072,0,0,1,2.4683406352996826
1073,0,1,0,0.4311310648918152
1074,0,0,1,0.8399534225463867
1075,0,1,0,0.09676827490329742
1076,0,0,1,0.37516874074935913
1077,0,0,1,1.2771859169006348
1078,0,1,0,1.3788902759552002
1079,0,1,0,2.689753770828247
1080,0,1,0,1.2922604084014893
1081,0,0,1,0.3223298192024231
1082,0,1,0,0.4520779252052307
1083,0,1,0,0.4887896776199341
1084,0,0,1,0.3731386065483093
1085,0,0,1,1.1149466037750244
1086,0,0,1,0.7176149487495422
1087,0,0,1,0.3818731904029846
1088,0,0,1,2.322199583053589
1089,0,0,1,0.6132302284240723
1090,0,1,0,0.14117391407489777
1091,0,0,1,0.0457853339612484
1092,0,1,0,1.4060235023498535
1093,0,0,1,1.0525959730148315
1094,0,1,0,0.1523580253124237
1095,0,0,1,0.06472451239824295
1096,0,0,1,0.019783947616815567
1097,0,0,1,0.954583466053009
1098,0,1,0,0.16550037264823914
1099,0,1,0,2.8034088611602783
1100,0,1,0,0.8964303135871887
1101,0,0,1,1.277504324913025
1102,0,1,0,0.0895308405160904
1103,0,0,1,0.8614895343780518
1104,0,1,0,0.6705002784729004
1105,0,0,1,0.41507071256637573
1106,0,1,0,0.31929510831832886
1107,0,0,1,0.5506085157394409
1108,0,1,0,1.5118330717086792
1109,0,1,0,1.5667905807495117
1110,0,0,1,2.073871374130249
1111,0,0,1,0.2952374219894409
1112,0,0,1,0.18383406102657318
1113,0,0,1,1.4781873226165771
1114,0,0,1,0.8338488936424255
1115,0,0,1,0.5196882486343384
1116,0,1,0,0.859268307685852
1117,0,0,1,0.3589629530906677
1118,0,1,0,0.10200971364974976
1119,0,0,1,0.5792379379272461
1120,0,0,1,2.2494313716888428
1121,0,0,1,0.397880494594574
1122,0,0,1,0.09584314376115799
1123,0,0,1,0.8112985491752625
1124,0,1,0,2.97510027885437
1125,0,1,0,0.6795053482055664
1126,0,1,0,0.8901637196540833
1127,0,1,0,0.21648946404457092
1128,0,1,0,0.4467434287071228
1129,0,1,0,0.5503817200660706
1130,0,1,0,1.2269408702850342
1131,0,0,1,0.2842085361480713
1132,0,1,0,1.3065290451049805
1133,0,1,0,0.05087249353528023
1134,0,0,1,2.382514715194702
1135,0,1,0,0.28730469942092896
1136,0,1,0,1.502664566040039
1137,0,1,0,0.42751190066337585
1138,0,1,0,0.3257215619087219
1139,0,0,1,1.2468198537826538
1140,0,1,0,0.3638519048690796
1141,0,1,0,0.13683199882507324
1142,0,1,0,0.39848560094833374
1143,0,1,0,0.19601255655288696
1144,0,0,1,0.6225650906562805
1145,0,0,1,0.37385326623916626
1146,0,0,1,0.4365748167037964
1147,0,0,1,0.2144060879945755
1148,0,0,1,0.13601452112197876
1149,0,1,0,0.26649269461631775
1150,0,1,0,0.6881847381591797
1151,0,0,1,0.0201667919754982
1152,0,0,1,0.4322177767753601
1153,0,1,0,0.2515590488910675
1154,0,1,0,0.3195893466472626
1155,0,1,0,0.6444985866546631
1156,0,0,1,0.05740313231945038
1157,0,0,1,1.2901129722595215
1158,0,1,0,0.13410519063472748
1159,0,1,0,0.7052085995674133
1160,0,1,0,0.7346289753913879
1161,0,1,0,2.7178452014923096
1162,0,1,0,0.820144534111023
1163,0,0,1,0.8694259524345398
1164,0,1,0,0.23725712299346924
1165,0,0,1,1.1755515336990356
1166,0,0,1,0.49508464336395264
1167,0,0,1,1.6584986448287964
1168,0,0,1,0.5192997455596924
1169,0,0,1,0.9037788510322571
1170,0,0,1,0.3314792513847351
1171,0,0,1,0.20645131170749664
1172,0,1,0,0.4764741361141205
1173,0,0,1,0.4752618074417114
1174,0,0,1,0.9514011144638062
1175,0,1,0,1.0342228412628174
1176,0,0,1,0.1961638182401657
1177,0,1,0,0.1642262041568756
1178,0,0,1,0.4518536329269409
1179,0,1,0,0.9584928750991821
1180,0,0,1,0.9387269616127014
1181,0,1,0,0.23710335791110992
1182,0,0,1,0.1084715947508812
1183,0,0,1,0.3658714294433594
1184,0,0,1,0.36720722913742065
1185,0,1,0,0.3412841856479645
1186,0,0,1,0.6276586651802063
1187,0,0,1,0.8518979549407959
1188,0,0,1,1.0556831359863281
1189,0,0,1,0.10257534682750702
1190,0,0,1,0.8589030504226685
1191,0,0,1,0.22756576538085938
1192,0,0,1,0.08665875345468521
1193,0,1,0,0.495331346988678
1194,0,0,1,1.70045006275177
1195,0,0,1,0.0422636941075325
1196,0,1,0,0.7484962940216064
1197,0,0,1,0.520229160785675
1198,0,0,1,2.573720693588257
1199,0,1,0,1.5123032331466675
1200,0,1,0,1.5955504179000854
1201,0,0,1,2.410982131958008
1202,0,0,1,2.0406947135925293
1203,0,1,0,0.41164934635162354
1204,0,1,0,1.8820931911468506
1205,0,1,0,0.5952075719833374
1206,0,1,0,0.6286797523498535
1207,0,0,1,0.029248327016830444
1208,0,0,1,0.4307587146759033
1209,0,0,1,2.296128988265991
1210,0,0,1,0.3117654323577881
1211,0,0,1,0.586909294128418
1212,0,0,1,0.9761508107185364
1213,0,1,0,0.5683376789093018
1214,0,1,0,0.858325719833374
1215,0,1,0,0.021333757787942886
1216,0,0,1,2.21772837638855
1217,0,0,1,0.30973631143569946
1218,0,0,1,0.7090199589729309
1219,0,0,1,2.7062041759490967
1220,0,1,0,0.09063377976417542
1221,0,1,0,0.03944002464413643
1222,0,0,1,0.7723897099494934
1223,0,1,0,0.6479885578155518
1224,0,1,0,0.44442611932754517
1225,0,1,0,0.7044980525970459
1226,0,1,0,0.5465469360351562
1227,0,1,0,0.6753583550453186
1228,0,0,1,0.030175935477018356
1229,0,0,1,0.5706350207328796
1230,0,1,0,0.3761037588119507
1231,0,0,1,0.300300657749176
1232,0,0,1,0.8010842204093933
1233,0,1,0,0.16081002354621887
1234,0,0,1,1.1378772258758545
1235,0,0,1,0.8845664858818054
1236,0,1,0,0.5674951076507568
1237,0,0,1,0.5167673230171204
1238,0,0,1,1.0268827676773071
1239,0,0,1,0.684397280216217
1240,0,0,1,0.6686317324638367
1241,0,1,0,1.3591382503509521
1242,0,0,1,0.7896501421928406
1243,0,0,1,2.7344017028808594
1244,0,1,0,0.3135244846343994
1245,0,0,1,0.7385707497596741
1246,0,1,0,0.4821358919143677
1247,0,1,0,1.6035298109054565
1248,0,1,0,0.9219075441360474
1249,0,0,1,1.4226922988891602
1250,0,1,0,1.3031402826309204
1251,0,1,0,0.43212011456489563
1252,0,1,0,0.6184194087982178
1253,0,1,0,0.45533883571624756
1254,0,1,0,0.6366470456123352
1255,0,0,1,0.5990638732910156
1256,0,1,0,2.603203773498535
1257,0,1,0,2.1032826900482178
1258,0,0,1,0.5309938788414001
1259,0,1,0,0.6840674877166748
1260,0,1,0,0.8856090307235718
1261,0,1,0,0.7602859735488892
1262,0,1,0,0.5377947688102722
1263,0,1,0,0.530549943447113
1264,0,1,0,0.8943489193916321
1265,0,1,0,2.1717326641082764
1266,0,0,1,0.021613948047161102
1267,0,1,0,1.5563833713531494
1268,0,1,0,0.3535309433937073
1269,0,1,0,1.3825809955596924
1270,0,1,0,1.4577316045761108
1271,0,1,0,1.9626070261001587
1272,0,1,0,1.6910285949707031
1273,0,1,0,2.663355588912964
1274,0,1,0,1.5867496728897095
1275,0,1,0,-0.009304165840148926
1276,0,1,0,1.2504143714904785
1277,0,1,0,0.9098285436630249
1278,0,1,0,0.7013872265815735
1279,0,0,1,2.2031304836273193
1280,0,0,1,1.0399398803710938
1281,0,1,0,0.14521092176437378
1282,0,0,1,0.17442527413368225
1283,0,0,1,0.5922996401786804
1284,0,0,1,2.655616521835327
1285,0,1,0,1.6415175199508667
1286,0,0,1,0.42189764976501465
1287,0,1,0,0.31641578674316406
1288,0,0,1,0.1359841674566269
1289,0,1,0,0.3718404173851013
1290,0,1,0,0.5484964847564697
1291,0,1,0,2.9522438049316406
1292,0,1,0,0.0373268723487854
1293,0,1,0,2.1506175994873047
1294,0,0,1,2.488996982574463
1295,0,1,0,2.0230236053466797
1296,0,0,1,1.342852234840393
1297,0,1,0,0.6693946123123169
1298,0,1,0,1.3533576726913452
1299,0,0,1,0.6507949233055115
1300,0,0,1,0.28178125619888306
1301,0,1,0,3.013227701187134
1302,0,0,1,1.1431851387023926
1303,0,0,1,0.2678902745246887
1304,0,1,0,2.7932991981506348
1305,0,1,0,1.9560999870300293
1306,0,1,0,0.5271764993667603
1307,0,0,1,1.7323787212371826
1308,0,0,1,0.8877772688865662
1309,0,1,0,0.4589592218399048
1310,0,0,1,1.2564141750335693
1311,0,1,0,0.752223014831543
1312,0,1,0,1.0662559270858765
1313,0,1,0,0.31203213334083557
1314,0,1,0,0.6985044479370117
1315,0,0,1,1.5192242860794067
1316,0,1,0,0.2735978364944458
1317,0,0,1,0.8418594002723694
1318,0,1,0,0.08351008594036102
1319,0,1,0,0.2566348910331726
1320,0,0,1,0.6870998740196228
1321,0,1,0,1.5386130809783936
1322,0,1,0,1.7798025608062744
1323,0,1,0,1.4730812311172485
1324,0,0,1,0.9228865504264832
1325,0,1,0,3.0562260150909424
1326,0,1,0,0.28829827904701233
1327,0,1,0,1.9570430517196655
1328,0,0,1,0.9012826681137085
1329,0,0,1,2.530606985092163
1330,0,1,0,0.4595564007759094
1331,0,1,0,0.7717005014419556
1332,0,0,1,0.04740196466445923
1333,0,0,1,0.6837995052337646
1334,0,0,1,0.9401863217353821
1335,0,1,0,0.021849531680345535
1336,0,0,1,0.8624315857887268
1337,0,0,1,0.3337503671646118
1338,0,1,0,1.7604625225067139
1339,0,1,0,0.30223673582077026
1340,0,0,1,0.9370256066322327
1341,0,1,0,0.9473158121109009
1342,0,1,0,0.913750171661377
1343,0,1,0,0.6852754354476929
1344,0,0,1,2.0186517238616943
1345,0,0,1,0.5942138433456421
1346,0,0,1,1.577485203742981
1347,0,1,0,1.7844057083129883
1348,0,0,1,0.34217554330825806
1349,0,1,0,1.1339664459228516
1350,0,1,0,2.03192400932312
1351,0,0,1,0.30653899908065796
1352,0,0,1,0.5153930187225342
1353,0,1,0,1.4961235523223877
1354,0,0,1,0.4061061143875122
1355,0,0,1,1.1843513250350952
1356,0,1,0,2.053997755050659
1357,0,0,1,1.7101335525512695
1358,0,1,0,3.504371404647827
1359,0,1,0,0.6916090250015259
1360,0,0,1,-0.030049309134483337
1361,0,1,0,0.0019361414015293121
1362,0,1,0,0.0878077894449234
1363,0,0,1,1.0675228834152222
1364,0,0,1,0.948470950126648
1365,0,0,1,0.06994470208883286
1366,0,1,0,0.1653132289648056
1367,0,1,0,2.029582977294922
1368,0,1,0,0.0822896882891655
1369,0,1,0,3.0933377742767334
1370,0,1,0,0.5682693123817444
1371,0,0,1,0.9014396071434021
1372,0,0,1,0.6366971135139465
1373,0,1,0,0.10459288954734802
1374,0,1,0,1.7940362691879272
1375,0,0,1,1.9609936475753784
1376,0,1,0,0.7111303806304932
1377,0,0,1,0.5047818422317505
1378,0,1,0,1.7926843166351318
1379,0,1,0,0.8538262844085693
1380,0,1,0,3.228119134902954
1381,0,1,0,3.3848893642425537
1382,0,1,0,2.4062559604644775
1383,0,1,0,1.2034776210784912
1384,0,0,1,0.4863952398300171
1385,0,1,0,2.4175310134887695
1386,0,0,1,0.1714513897895813
1387,0,1,0,1.0903236865997314
1388,0,1,0,3.4660229682922363
1389,0,0,1,0.053834155201911926
1390,0,1,0,0.21826237440109253
1391,0,0,1,0.21719343960285187
1392,0,1,0,0.7321598529815674
1393,0,1,0,1.5028190612792969
1394,0,1,0,1.5722808837890625
1395,0,0,1,0.6093277335166931
1396,0,0,1,0.11952291429042816
1397,0,0,1,1.4413670301437378
1398,0,1,0,1.8845927715301514
1399,0,0,1,1.4633628129959106
1400,0,1,0,1.3657801151275635
1401,0,1,0,3.206962823867798
1402,0,1,0,2.8244078159332275
1403,0,1,0,0.8639050722122192
1404,0,1,0,1.2920713424682617
1405,0,1,0,2.0465238094329834
1406,0,1,0,1.086125135421753
1407,0,1,0,0.7933862805366516
1408,0,0,1,2.840313196182251
1409,0,1,0,2.6437692642211914
1410,0,1,0,1.6250754594802856
1411,0,1,0,1.4374289512634277
1412,0,1,0,3.0129621028900146
1413,0,1,0,0.33866703510284424
1414,0,1,0,2.901289701461792
1415,0,1,0,2.71222186088562
1416,0,1,0,1.9582300186157227
1417,0,1,0,1.481292963027954
1418,0,0,1,2.7214033603668213
1419,0,1,0,0.7109142541885376
1420,0,0,1,0.027644075453281403
1421,0,1,0,1.833005428314209
1422,0,0,1,3.3903391361236572
1423,0,1,0,0.5594837069511414
1424,0,1,0,0.5079900026321411
1425,0,1,0,0.380815327167511
1426,0,1,0,0.2768561542034149
1427,0,1,0,1.004827618598938
1428,0,0,1,0.11451780796051025
1429,0,1,0,0.4620439112186432
1430,0,0,1,2.9548275470733643
1431,0,1,0,0.649237871170044
1432,0,0,1,1.8748000860214233
1433,0,1,0,1.4480009078979492
1434,0,0,1,0.7665305137634277
1435,0,1,0,1.2984962463378906
1436,0,1,0,1.9266040325164795
1437,0,1,0,0.25325191020965576
1438,0,1,0,1.4498093128204346
1439,0,1,0,0.8599297404289246
1440,0,1,0,1.7988617420196533
1441,0,1,0,1.0111080408096313
1442,0,1,0,1.5237085819244385
1443,0,0,1,1.5137602090835571
1444,0,0,1,0.224966898560524
1445,0,1,0,0.13940908014774323
1446,0,1,0,0.12944765388965607
1447,0,1,0,0.07262271642684937
1448,0,1,0,2.6352293491363525
1449,0,1,0,1.3113510608673096
1450,0,1,0,0.3336021304130554
1451,0,1,0,0.6498121023178101
1452,0,1,0,1.5589215755462646
1453,0,1,0,1.3376870155334473
1454,0,1,0,0.7095201015472412
1455,0,1,0,0.5905203819274902
1456,0,0,1,0.8263120651245117
1457,0,1,0,1.2279531955718994
1458,0,1,0,0.7074149250984192
1459,0,1,0,1.9467153549194336
1460,0,0,1,0.8291953206062317
1461,0,0,1,0.8422820568084717
1462,0,1,0,1.7247735261917114
1463,0,0,1,0.6370490193367004
1464,0,1,0,0.7774474620819092
1465,0,1,0,0.7407006025314331
1466,0,1,0,1.5215717554092407
1467,0,1,0,2.0604677200317383
1468,0,1,0,0.154579296708107
1469,0,1,0,0.542460560798645
1470,0,1,0,2.850672483444214
1471,0,1,0,1.9540565013885498
1472,0,1,0,0.9865548610687256
1473,0,1,0,2.4719130992889404
1474,0,1,0,0.10062497854232788
1475,0,1,0,0.43742141127586365
1476,0,1,0,3.7431108951568604
1477,0,1,0,1.7029697895050049
1478,0,0,1,1.7621748447418213
1479,0,1,0,0.5979530215263367
1480,0,1,0,2.4757208824157715
1481,0,0,1,0.6551722884178162
1482,0,0,1,0.009856663644313812
1483,0,0,1,0.4898064136505127
1484,0,1,0,1.659041404724121
1485,0,0,1,2.584287405014038
1486,0,1,0,0.9373795986175537
1487,0,1,0,1.1827826499938965
1488,0,1,0,0.7236684560775757
1489,0,0,1,0.8735120296478271
1490,0,1,0,1.5827760696411133
1491,0,1,0,2.006833791732788
1492,0,1,0,1.463057518005371
1493,0,0,1,1.6110506057739258
1494,0,0,1,0.6862911581993103
1495,0,1,0,0.13377663493156433
1496,0,1,0,2.21964168548584
1497,0,1,0,1.0039478540420532
1498,0,0,1,0.526996374130249
1499,0,1,0,0.7771284580230713
1500,0,1,0,1.0001522302627563
1501,0,0,1,5.825435161590576
1502,0,1,0,1.8713812828063965
1503,0,1,0,3.2622179985046387
1504,0,1,0,1.7311431169509888
1505,0,1,0,0.7417768239974976
1506,0,0,1,1.524324893951416
1507,0,1,0,-0.014024626463651657
1508,0,0,1,3.9019393920898438
1509,0,1,0,0.8462396264076233
1510,0,0,1,0.011320456862449646
1511,0,0,1,0.9681153893470764
1512,0,0,1,1.849105954170227
1513,0,0,1,4.751825332641602
1514,0,0,1,0.9421407580375671
1515,0,1,0,0.2128722220659256
1516,0,1,0,0.19113150238990784
1517,0,1,0,2.8033502101898193
1518,0,0,1,0.4819568991661072
1519,0,0,1,2.0499589443206787
1520,0,0,1,2.0010592937469482
1521,0,0,1,0.7672858834266663
1522,0,1,0,1.4029970169067383
1523,0,0,1,-0.005063798278570175
1524,0,1,0,1.9675508737564087
1525,0,1,0,1.818259835243225
1526,0,1,0,1.595569372177124
1527,0,0,1,-0.024026721715927124
1528,0,0,1,0.47670894861221313
1529,0,1,0,1.0181617736816406
1530,0,1,0,0.7897270321846008
1531,0,1,0,2.322036027908325
1532,0,0,1,0.32234716415405273
1533,0,1,0,1.9330759048461914
1534,0,0,1,0.543760359287262
1535,0,1,0,2.5042359828948975
1536,0,1,0,0.4429541826248169
1537,0,1,0,1.4066786766052246
1538,0,1,0,2.89192271232605
1539,0,1,0,0.08465415239334106
1540,0,1,0,0.6121079921722412
1541,0,1,0,1.2724578380584717
1542,0,1,0,1.7321417331695557
1543,0,0,1,0.5126747488975525
1544,0,1,0,1.4952318668365479
1545,0,1,0,0.49414482712745667
1546,0,1,0,1.6459605693817139
1547,1,0,0,0.755153477191925
1548,0,1,0,1.753527283668518
1549,0,1,0,1.5225319862365723
1550,1,1,1,0.29094359278678894
1551,0,0,1,0.4175664186477661
1552,0,1,0,0.034730710089206696
1553,0,1,0,2.373422145843506
1554,0,0,1,0.4252145290374756
1555,0,1,0,0.2603173851966858
1556,0,0,1,0.43945401906967163
1557,0,0,1,0.14618952572345734
1558,0,0,1,2.2803733348846436
1559,0,1,0,1.3010610342025757
1560,0,1,0,0.8220102190971375
1561,0,1,0,1.4706125259399414
1562,0,1,0,0.4565647840499878
1563,0,1,0,0.320336252450943
1564,0,1,0,-0.04819875583052635
1565,0,1,0,1.003485918045044
1566,0,1,0,1.8993555307388306
1567,0,1,0,0.19724184274673462
1568,0,0,1,0.02500574290752411
1569,0,1,0,1.5642178058624268
1570,0,1,0,1.3075640201568604
1571,0,1,0,1.0705558061599731
1572,0,0,1,0.009731657803058624
1573,0,1,0,0.1801501214504242
1574,0,0,1,-0.07481816411018372
1575,0,1,0,1.7424309253692627
1576,0,0,1,1.9380320310592651
1577,0,0,1,0.1464681774377823
1578,0,1,0,0.05132806673645973
1579,0,1,0,0.8955745697021484
1580,0,1,0,1.172768473625183
1581,0,0,1,0.680698573589325
1582,0,1,0,0.6982665061950684
1583,0,1,0,2.400160312652588
1584,0,1,0,1.9941513538360596
1585,0,1,0,2.034318685531616
1586,0,1,0,2.8257906436920166
1587,0,1,0,1.950961947441101
1588,0,1,0,0.2706771492958069
1589,0,1,0,0.8471509218215942
1590,0,0,1,1.7859872579574585
1591,0,1,0,1.0980215072631836
1592,0,1,0,1.0987619161605835
1593,0,1,0,0.4647636115550995
1594,0,1,0,1.8741562366485596
1595,0,1,0,1.2305071353912354
1596,0,0,1,1.1150840520858765
1597,0,0,1,2.4875948429107666
1598,0,1,0,0.1586001217365265
1599,0,0,1,0.018757589161396027
1600,0,1,0,1.4843392372131348
1601,0,0,1,0.28110456466674805
1602,0,1,0,1.0757403373718262
1603,0,0,1,1.0297114849090576
1604,0,0,1,3.402100086212158
1605,0,1,0,1.002722144126892
1606,0,1,0,3.026540994644165
1607,0,0,1,0.3781742453575134
1608,0,0,1,0.6521464586257935
1609,0,1,0,1.095382571220398
1610,0,1,0,0.5705420970916748
1611,0,1,0,0.7789784073829651
1612,0,1,0,2.4267020225524902
1613,0,1,0,0.06730058789253235
1614,0,1,0,0.8245407938957214
1615,0,1,0,2.9828860759735107
1616,0,0,1,0.557969868183136
1617,0,0,1,1.3580551147460938
1618,0,0,1,0.9717423915863037
1619,0,1,0,1.1465554237365723
1620,0,1,0,2.454169511795044
1621,0,0,1,0.34681516885757446
1622,0,1,0,0.7248350977897644
1623,0,0,1,-0.05176679044961929
1624,0,1,0,0.49250930547714233
1625,0,1,0,0.721924901008606
1626,0,1,0,0.06100120022892952
1627,0,1,0,2.418377161026001
1628,1,1,1,3.6411659717559814
1629,0,1,0,1.3885383605957031
1630,0,1,0,1.4359512329101562
1631,0,0,1,0.6134687662124634
1632,0,1,0,0.7897043228149414
1633,0,1,0,2.410853147506714
1634,0,0,1,0.7357594966888428
1635,0,1,0,2.432741641998291
1636,0,0,1,0.6991490125656128
1637,0,1,0,3.0537846088409424
1638,0,0,1,0.1347665637731552
1639,0,0,1,1.763102412223816
1640,0,0,1,1.2749733924865723
1641,0,0,1,2.7137913703918457
1642,0,1,0,0.6299809217453003
1643,0,1,0,1.9803123474121094
1644,0,1,0,0.11827810108661652
1645,0,1,0,0.8235795497894287
1646,0,1,0,0.3618919849395752
1647,0,0,1,0.6781224608421326
1648,0,1,0,4.126623153686523
1649,0,1,0,1.6955060958862305
1650,0,1,0,2.1261134147644043
1651,0,0,1,1.629248857498169
1652,0,1,0,3.112330436706543
1653,0,1,0,-0.007649209350347519
1654,0,1,0,1.9463850259780884
1655,0,1,0,0.5823417901992798
1656,0,1,0,1.3217058181762695
1657,0,1,0,0.31515273451805115
1658,0,1,0,0.45564913749694824
1659,0,1,0,1.795931339263916
1660,0,1,0,1.4752943515777588
1661,0,1,0,1.2663326263427734
1662,0,0,1,0.3532390594482422
1663,0,1,0,0.6199747323989868
1664,0,1,0,0.40405765175819397
1665,0,0,1,1.250069499015808
1666,0,0,1,1.3298839330673218
1667,0,0,1,3.489469289779663
1668,0,1,0,0.42510735988616943
1669,0,0,1,2.5940771102905273
1670,0,0,1,2.156644582748413
1671,0,0,1,2.8580870628356934
1672,0,0,1,1.1816219091415405
1673,0,1,0,0.048915423452854156
1674,0,0,1,2.5835964679718018
1675,0,0,1,2.5181005001068115
1676,0,1,0,0.9875115156173706
1677,0,0,1,1.5518860816955566
1678,0,0,1,0.20445378124713898
1679,0,1,0,0.17672944068908691
1680,0,1,0,3.4991719722747803
1681,0,0,1,2.660104513168335
1682,0,0,1,1.6189266443252563
1683,0,1,0,0.05081039294600487
1684,0,0,1,0.15775653719902039
1685,0,0,1,1.4175317287445068
1686,0,1,0,0.18707312643527985
1687,0,0,1,0.2448229342699051
1688,0,0,1,1.1679468154907227
1689,0,1,0,1.412021279335022
1690,0,1,0,2.174520254135132
1691,0,1,0,1.1859700679779053
1692,0,0,1,0.7136463522911072
1693,0,0,1,2.0493075847625732
1694,0,0,1,3.0793566703796387
1695,0,1,0,0.5336868166923523
1696,0,0,1,3.164325475692749
1697,0,1,0,1.3527204990386963
1698,0,1,0,0.20670302212238312
1699,0,1,0,0.9358884692192078
1700,0,1,0,0.6655943393707275
1701,0,0,1,0.8292517066001892
1702,0,0,1,2.0045289993286133
1703,0,1,0,1.8639452457427979
1704,0,0,1,2.270944356918335
1705,0,1,0,1.586498737335205
1706,0,0,1,1.25821053981781
1707,0,1,0,1.2007577419281006
1708,0,1,0,1.7363483905792236
1709,0,1,0,0.06808291375637054
1710,0,1,0,0.8153604865074158
1711,0,1,0,1.6745080947875977
1712,0,1,0,0.21911795437335968
1713,0,1,0,1.5762659311294556
1714,0,0,1,0.922707736492157
1715,0,1,0,0.9238107204437256
1716,0,1,0,1.604832649230957
1717,0,0,1,2.1777584552764893
1718,0,0,1,0.6975874304771423
1719,0,0,1,0.30482327938079834
1720,0,1,0,0.1344936192035675
1721,0,1,0,0.8494056463241577
1722,0,0,1,1.4068130254745483
1723,0,1,0,2.9107472896575928
1724,0,0,1,2.695876359939575
1725,0,0,1,0.38288193941116333
1726,0,0,1,3.96059250831604
1727,0,0,1,0.2170117348432541
1728,0,1,0,0.8193152546882629
1729,0,1,0,0.3848785161972046
1730,0,0,1,1.8406497240066528
1731,0,0,1,1.8208767175674438
1732,0,1,0,1.575232744216919
1733,0,0,1,0.7350863218307495
1734,0,0,1,1.1230762004852295
1735,0,1,0,0.3266170918941498
1736,0,1,0,0.037729207426309586
1737,0,0,1,0.8401305079460144
1738,0,0,1,1.76642644405365
1739,0,1,0,0.9110668897628784
1740,0,0,1,0.09962066262960434
1741,0,1,0,1.8843529224395752
1742,0,0,1,0.15659350156784058
1743,0,1,0,2.333972692489624
1744,0,0,1,0.7454566359519958
1745,0,1,0,0.23819157481193542
1746,0,0,1,0.11756183207035065
1747,0,1,0,0.08665940165519714
1748,0,0,1,1.9026256799697876
1749,0,0,1,2.0526998043060303
1750,0,1,0,2.1454713344573975
1751,0,0,1,0.02158743515610695
1752,0,1,0,2.410799503326416
1753,0,0,1,1.4263617992401123
1754,0,0,1,1.7124160528182983
1755,0,1,0,2.1098756790161133
1756,0,0,1,2.0710511207580566
1757,0,1,0,0.41970115900039673
1758,0,0,1,2.9539272785186768
1759,0,0,1,2.878188371658325
1760,0,1,0,0.412313848733902
1761,0,1,0,1.6493821144104004
1762,0,1,0,1.7029091119766235
1763,0,1,0,0.08257995545864105
1764,0,1,0,2.306718587875366
1765,0,0,1,0.944985568523407
1766,0,1,0,-0.003740418702363968
1767,0,0,1,0.2565208673477173
1768,0,1,0,0.02149738185107708
1769,0,1,0,1.0926676988601685
1770,0,0,1,1.2877532243728638
1771,0,0,1,2.4198951721191406
1772,0,0,1,0.5866623520851135
1773,0,1,0,0.1063840240240097
1774,0,0,1,0.43093448877334595
1775,0,0,1,0.4496299624443054
1776,0,1,0,0.3870046138763428
1777,0,0,1,2.3965885639190674
1778,0,1,0,0.7196574807167053
1779,0,1,0,1.4411332607269287
1780,0,0,1,0.3824571967124939
1781,0,1,0,-0.013648610562086105
1782,0,1,0,0.9009235501289368
1783,0,1,0,0.034744229167699814
1784,0,0,1,-0.019389577209949493
1785,0,0,1,2.8708462715148926
1786,0,1,0,1.3889482021331787
1787,0,0,1,2.1316447257995605
1788,0,1,0,0.15583744645118713
1789,0,0,1,0.7136617302894592
1790,0,0,1,0.7886132597923279
1791,0,1,0,0.7751219272613525
1792,0,0,1,0.7988714575767517
1793,0,0,1,1.5021662712097168
1794,0,0,1,1.4492911100387573
1795,0,1,0,1.3734986782073975
1796,0,0,1,0.22591984272003174
1797,0,0,1,1.2336888313293457
1798,0,1,0,0.8692034482955933
1799,0,0,1,4.850404262542725
1800,0,1,0,1.7742435932159424
1801,0,1,0,0.21638819575309753
1802,0,0,1,0.5950174927711487
1803,0,0,1,0.22197119891643524
1804,0,0,1,2.3650615215301514
1805,0,1,0,1.2408705949783325
1806,0,1,0,0.612640917301178
1807,0,1,0,0.5303778648376465
1808,0,1,0,0.15257443487644196
1809,0,1,0,0.2713947892189026
1810,0,0,1,1.744032382965088
1811,0,1,0,0.3766198754310608
1812,0,0,1,0.4902835488319397
1813,0,0,1,0.7228039503097534
1814,0,1,0,0.925736665725708
1815,0,1,0,1.44180428981781
1816,0,1,0,2.007061719894409
1817,0,1,0,0.2514507472515106
1818,0,1,0,0.3207300901412964
1819,0,0,1,2.1898231506347656
1820,0,1,0,0.7644392251968384
1821,0,1,0,2.0503714084625244
1822,0,1,0,1.990785837173462
1823,0,1,0,0.22546586394309998
1824,0,0,1,0.7480065822601318
1825,0,0,1,0.4570155739784241
1826,0,1,0,1.146848440170288
1827,0,1,0,1.587341547012329
1828,0,0,1,2.740703582763672
1829,0,1,0,1.9643510580062866
1830,0,1,0,2.1165425777435303
1831,0,1,0,-0.031123679131269455
1832,0,1,0,1.1111865043640137
1833,0,0,1,0.47813791036605835
1834,0,0,1,3.723888635635376
1835,0,0,1,0.11199288815259933
1836,0,1,0,0.26972469687461853
1837,0,1,0,0.3849480450153351
1838,0,1,0,0.41992953419685364
1839,0,1,0,0.5740274786949158
1840,0,1,0,0.8088018894195557
1841,0,0,1,0.07947053015232086
1842,0,0,1,0.2154451608657837
1843,0,1,0,0.06320926547050476
1844,0,1,0,0.5528691411018372
1845,0,0,1,2.6725223064422607
1846,0,0,1,1.8898361921310425
1847,0,0,1,0.6693223118782043
1848,0,1,0,1.7764978408813477
1849,0,1,0,1.7249852418899536
1850,0,0,1,3.2016327381134033
1851,0,1,0,0.5674068927764893
1852,0,0,1,3.331941604614258
1853,0,1,0,0.9435237646102905
1854,0,1,0,0.9340919256210327
1855,0,0,1,0.044693730771541595
1856,0,1,0,0.04170721396803856
1857,0,0,1,0.8942542672157288
1858,0,1,0,1.2744368314743042
1859,0,1,0,0.5966920256614685
1860,0,1,0,0.6664692759513855
1861,0,0,1,0.3048832416534424
1862,0,1,0,1.5565319061279297
1863,0,1,0,0.21391898393630981
1864,0,1,0,1.1284372806549072
1865,0,0,1,0.6824255585670471
1866,0,1,0,2.7053236961364746
1867,0,0,1,1.4963136911392212
1868,0,1,0,1.835569143295288
1869,0,0,1,1.8284363746643066
1870,0,0,1,1.3399966955184937
1871,0,1,0,1.42275869846344
1872,0,0,1,1.3864151239395142
1873,0,0,1,2.5287458896636963
1874,0,1,0,0.07230018079280853
1875,0,1,0,0.2575085759162903
1876,0,1,0,2.121246337890625
1877,0,1,0,2.4447224140167236
1878,0,1,0,1.3187636137008667
1879,0,0,1,0.05518640577793121
1880,0,0,1,0.8136599063873291
1881,0,0,1,1.5158016681671143
1882,0,0,1,0.02353745326399803
1883,0,0,1,1.325586199760437
1884,0,1,0,0.3323330283164978
1885,0,1,0,1.965829610824585
1886,0,1,0,1.2290459871292114
1887,0,1,0,0.2037505805492401
1888,0,1,0,-0.03745385631918907
1889,0,0,1,1.929672360420227
1890,0,0,1,0.6957911252975464
1891,0,0,1,4.330357074737549
1892,1,1,1,1.2574529647827148
1893,1,0,0,1.6482335329055786
1894,1,0,0,0.06461278349161148
1895,1,0,0,3.157548189163208
1896,1,1,1,0.5985751152038574
1897,1,0,0,0.8133041858673096
1898,1,0,0,1.5598567724227905
1899,1,0,0,-0.01274331659078598
1900,1,0,0,3.618420362472534
1901,1,0,0,1.5295531749725342
1902,1,0,0,2.1784894466400146
1903,1,0,0,2.713956356048584
1904,1,1,1,0.4329722821712494
1905,1,1,1,2.347965955734253
1906,1,1,1,0.1248488575220108
1907,1,0,0,0.22846318781375885
1908,1,1,1,0.9773108959197998
1909,1,1,1,0.6085327863693237
1910,1,1,1,0.16263023018836975
1911,1,1,1,0.3069115877151489
1912,1,1,1,1.0019761323928833
1913,1,0,0,0.4434681534767151
1914,1,0,0,0.8282362222671509
1915,1,1,1,0.383894145488739
1916,1,1,1,2.4354093074798584
1917,1,1,1,1.8241827487945557
1918,1,0,0,1.8215866088867188
1919,1,0,0,0.03148697316646576
1920,1,1,1,2.2313461303710938
1921,1,1,1,0.382030189037323
1922,1,0,0,0.7000842690467834
1923,0,1,0,4.804708480834961
1924,0,1,0,0.8607892990112305
1925,0,0,1,3.16432785987854
1926,0,0,1,0.658616840839386
1927,0,0,1,1.0978548526763916
1928,0,0,1,1.1850545406341553
1929,0,0,1,-0.008001657202839851
1930,0,1,0,0.4926082491874695
1931,0,0,1,1.6386187076568604
1932,0,0,1,2.699453115463257
1933,0,0,1,1.144248127937317
1934,0,1,0,0.9662235379219055
1935,0,1,0,1.4651176929473877
1936,0,0,1,1.2668564319610596
1937,0,1,0,0.9554111957550049
1938,0,0,1,0.919682502746582
1939,0,1,0,1.0616140365600586
1940,0,0,1,0.546211302280426
1941,0,0,1,1.46029531955719
1942,1,1,1,3.507070541381836
1943,1,0,0,1.535208821296692
1944,1,1,1,1.0533474683761597
1945,1,1,1,0.615393877029419
1946,1,1,1,1.678981065750122
1947,1,0,0,2.9173924922943115
1948,1,1,1,1.717300534248352
1949,1,0,0,-0.053221818059682846
1950,1,1,1,1.1037870645523071
1951,1,1,1,0.23074813187122345
1952,1,0,0,0.33821362257003784
1953,1,1,1,0.046862538903951645
1954,1,1,1,0.34595999121665955
1955,1,0,0,0.6858295798301697
1956,1,0,0,0.18263854086399078
1957,1,1,1,1.8870030641555786
1958,1,1,1,0.47809314727783203
1959,1,0,0,0.5244536399841309
1960,1,1,1,-0.010255441069602966
1961,1,1,1,2.9194068908691406
1962,1,0,0,0.1271943300962448
1963,1,0,0,0.11071385443210602
1964,1,0,0,0.06589506566524506
1965,1,1,1,0.25129812955856323
1966,1,0,0,1.4306963682174683
1967,1,1,1,0.4516735076904297
1968,1,0,0,0.4118805527687073
1969,1,1,1,1.6095523834228516
1970,1,1,1,0.7010583877563477
1971,1,1,1,0.4443018436431885
1972,1,1,1,0.16528503596782684
1973,1,1,1,0.24112439155578613
1974,1,1,1,1.5293526649475098
1975,1,1,1,0.20962177217006683
1976,1,0,0,0.7079367637634277
1977,1,0,0,0.7010273337364197
1978,1,0,0,1.118778109550476
1979,1,1,1,2.1940009593963623
1980,1,0,0,1.1544076204299927
1981,1,1,1,2.801935911178589
1982,1,1,1,2.13211989402771
1983,1,1,1,1.0599956512451172
1984,1,0,0,0.907072126865387
1985,1,1,1,0.4532417356967926
1986,1,0,0,0.3455035090446472
1987,1,1,1,1.27097749710083
1988,1,1,1,0.8715447187423706
1989,1,1,1,1.6702299118041992
1990,1,1,1,0.4461296796798706
1991,1,1,1,1.4418771266937256
1992,1,0,0,0.08461564779281616
1993,1,1,1,1.3220493793487549
1994,1,0,0,0.3604915738105774
1995,1,1,1,0.07120129466056824
1996,1,0,0,0.2043866664171219
1997,1,0,0,0.03509212285280228
1998,1,1,1,0.25585025548934937
1999,1,1,1,2.171668529510498
2000,1,1,1,0.9196346998214722
2001,1,1,1,0.33395838737487793
2002,1,1,1,1.9067615270614624
2003,1,1,1,1.9487513303756714
2004,1,0,0,0.43051236867904663
2005,1,1,1,2.2214038372039795
2006,1,1,1,1.1043715476989746
2007,1,1,1,2.3892407417297363
2008,1,1,1,1.122938871383667
2009,1,1,1,0.3288308084011078
2010,1,1,1,1.0558463335037231
2011,1,0,0,0.4142107367515564
2012,1,1,1,0.020964208990335464
2013,1,1,1,0.5863282680511475
2014,1,1,1,1.1533427238464355
2015,1,0,0,1.6179041862487793
2016,1,0,0,0.44049715995788574
2017,1,1,1,0.6523897051811218
2018,1,1,1,1.6887195110321045
2019,1,1,1,0.040598079562187195
2020,1,1,1,1.1717948913574219
2021,1,1,1,2.3677632808685303
2022,1,1,1,1.418825626373291
2023,1,1,1,0.5565295219421387
2024,1,0,0,0.5335717797279358
2025,1,0,0,1.5509095191955566
2026,1,1,1,1.9697458744049072
2027,1,1,1,1.2767467498779297
2028,1,1,1,1.571372151374817
2029,1,1,1,1.5267739295959473
2030,1,0,0,1.4170993566513062
2031,1,1,1,0.7028619647026062
2032,1,0,0,0.41658735275268555
2033,1,1,1,0.5251547694206238
2034,1,0,0,0.8817526698112488
2035,1,1,1,0.2570209503173828
2036,1,1,1,2.393538236618042
2037,1,0,0,0.5926766991615295
2038,1,1,1,3.248408555984497
2039,1,1,1,1.0417654514312744
2040,1,1,1,1.6458938121795654
2041,1,1,1,2.515324354171753
2042,1,1,1,2.2376251220703125
2043,1,0,0,0.44380319118499756
2044,1,0,0,1.0584373474121094
2045,1,1,1,0.9841335415840149
2046,1,0,0,0.3989497423171997
2047,1,0,0,0.8036300539970398
2048,1,1,1,0.4281069040298462
2049,1,0,0,0.7328469157218933
2050,1,1,1,0.03538164868950844
2051,1,1,1,1.4618148803710938
2052,1,1,1,1.6943845748901367
2053,1,1,1,1.001222848892212
2054,1,0,0,1.335123896598816
2055,1,1,1,0.10627143085002899
2056,1,1,1,1.8514165878295898
2057,1,0,0,0.04177491366863251
2058,1,0,0,0.9415344595909119
2059,1,1,1,-0.0011536814272403717
2060,1,1,1,0.6239031553268433
2061,1,1,1,1.6104027032852173
2062,1,1,1,2.787111520767212
2063,1,1,1,-0.03255307301878929
2064,1,0,0,0.15726792812347412
2065,1,0,0,0.9649161100387573
2066,1,0,0,0.05267981439828873
2067,1,0,0,1.0823761224746704
2068,1,1,1,0.2503771185874939
2069,1,1,1,2.030362129211426
2070,1,0,0,0.8623393177986145
2071,1,1,1,0.6154193878173828
2072,1,1,1,1.614626169204712
2073,1,1,1,1.2155466079711914
2074,1,1,1,0.11652103066444397
2075,1,1,1,1.908327341079712
2076,1,1,1,0.22019679844379425
2077,1,0,0,0.1688079535961151
2078,1,0,0,1.2522151470184326
2079,1,0,0,0.6987713575363159
2080,1,0,0,2.3789682388305664
2081,1,1,1,0.2583651542663574
2082,1,1,1,0.2119416892528534
2083,1,0,0,2.71681809425354
2084,1,1,1,1.8007879257202148
2085,1,1,1,1.8138058185577393
2086,1,1,1,2.0802199840545654
2087,1,1,1,0.3964773416519165
2088,1,0,0,3.5929040908813477
2089,1,1,1,1.1822490692138672
2090,1,0,0,3.504701852798462
2091,1,1,1,0.16131578385829926
2092,1,1,1,1.9870915412902832
2093,1,1,1,0.543640673160553
2094,1,0,0,2.532491445541382
2095,1,0,0,3.015442371368408
2096,1,0,0,1.5427805185317993
2097,1,1,1,3.0677263736724854
2098,1,0,0,0.5833098292350769
2099,1,0,0,0.38076114654541016
2100,1,1,1,2.210095167160034
2101,1,0,0,2.6106088161468506
2102,1,1,1,0.2914625108242035
2103,1,1,1,1.8382549285888672
2104,1,1,1,1.4827591180801392
2105,1,0,0,1.7491822242736816
2106,1,0,0,1.8257490396499634
2107,1,1,1,2.3322436809539795
2108,1,0,0,1.4163738489151
2109,1,1,1,0.5194677114486694
2110,1,1,1,0.6188935041427612
2111,1,0,0,0.6238622665405273
2112,1,1,1,0.2720120847225189
2113,1,0,0,0.025514423847198486
2114,1,1,1,2.38275408744812
2115,1,1,1,1.139805793762207
2116,1,0,0,0.008243810385465622
2117,1,1,1,1.0935609340667725
2118,1,0,0,1.383821964263916
2119,1,0,0,0.6408810019493103
2120,1,1,1,0.7856578230857849
2121,1,1,1,1.6578125953674316
2122,1,1,1,0.48354825377464294
2123,1,0,0,1.2342525720596313
2124,1,1,1,0.845310389995575
2125,1,0,0,0.5666306614875793
2126,1,0,0,0.8019734025001526
2127,1,1,1,2.2633004188537598
2128,1,0,0,0.3994426727294922
2129,1,1,1,1.045149564743042
2130,1,0,0,2.1423823833465576
2131,1,0,0,0.3059285879135132
2132,1,0,0,1.065408706665039
2133,1,1,1,0.8377023935317993
2134,1,1,1,0.6958876848220825
2135,1,1,1,1.5344974994659424
2136,1,1,1,1.5813744068145752
2137,1,1,1,4.086431503295898
2138,1,0,0,2.783210515975952
2139,1,0,0,0.08471618592739105
2140,1,0,0,0.19666293263435364
2141,1,1,1,0.9295462369918823
2142,1,0,0,1.1406596899032593
2143,1,1,1,0.31104612350463867
2144,1,0,0,1.2049015760421753
2145,1,1,1,1.2264518737792969
2146,1,1,1,1.452115774154663
2147,1,1,1,0.4821186661720276
2148,1,1,1,1.9075583219528198
2149,1,0,0,0.15329612791538239
2150,1,0,0,1.3805502653121948
2151,1,0,0,1.1300150156021118
2152,1,1,1,0.7903717756271362
2153,1,1,1,0.6325236558914185
2154,1,1,1,1.7485147714614868
2155,1,0,0,0.4522092342376709
2156,1,0,0,2.5522329807281494
2157,1,0,0,3.1684930324554443
2158,1,0,0,2.354949474334717
2159,1,1,1,0.10016734898090363
2160,1,0,0,0.9295735359191895
2161,1,1,1,0.3941599428653717
2162,1,0,0,2.105774402618408
2163,1,1,1,3.225318193435669
2164,1,1,1,1.0810742378234863
2165,1,1,1,0.9607139229774475
2166,1,1,1,1.208357810974121
2167,1,1,1,1.1517730951309204
2168,1,1,1,0.5253923535346985
2169,1,0,0,2.244999408721924
2170,1,1,1,0.8127086758613586
2171,1,1,1,1.3415722846984863
2172,1,1,1,2.2916996479034424
2173,1,1,1,3.033081293106079
2174,1,1,1,0.7850347757339478
2175,1,1,1,0.8339095115661621
2176,1,0,0,0.9898643493652344
2177,1,1,1,1.9091298580169678
2178,1,0,0,0.7876367568969727
2179,1,1,1,1.6619597673416138
2180,1,1,1,1.9338231086730957
2181,1,1,1,1.755084753036499
2182,1,1,1,0.5490080118179321
2183,1,1,1,1.0546482801437378
2184,1,1,1,1.6950784921646118
2185,1,0,0,1.8061752319335938
2186,1,1,1,0.7343218326568604
2187,1,1,1,1.6682515144348145
2188,1,1,1,1.9415724277496338
2189,1,1,1,0.6867357492446899
2190,1,0,0,0.34202927350997925
2191,1,1,1,0.8271403312683105
2192,1,1,1,0.6350293159484863
2193,1,0,0,1.2631733417510986
2194,1,1,1,1.5422238111495972
2195,1,1,1,0.18886682391166687
2196,1,1,1,1.3592365980148315
2197,1,1,1,2.2571873664855957
2198,1,1,1,2.6717820167541504
2199,1,1,1,1.641230583190918
2200,1,1,1,1.8976621627807617
2201,1,1,1,0.9578061103820801
2202,1,1,1,1.6705774068832397
2203,1,1,1,0.10616768896579742
2204,1,1,1,1.482412576675415
2205,1,1,1,2.1285083293914795
2206,1,0,0,1.7713632583618164
2207,1,1,1,4.437492847442627
2208,1,1,1,0.4768751561641693
2209,1,0,0,0.3057032823562622
2210,1,1,1,2.2645723819732666
2211,1,1,1,2.8181278705596924
2212,1,1,1,2.550071954727173
2213,1,1,1,3.320793390274048
2214,1,1,1,0.9070266485214233
2215,1,1,1,3.662492275238037
2216,1,1,1,1.7930787801742554
2217,1,1,1,0.2620120048522949
2218,1,1,1,0.9481748342514038
2219,1,1,1,4.183801174163818
2220,1,1,1,0.5477856397628784
2221,1,1,1,3.1254160404205322
2222,1,1,1,1.0776493549346924
2223,1,1,1,1.3054324388504028
2224,1,1,1,0.2448834627866745
2225,1,1,1,3.337439775466919
2226,1,1,1,0.7208995819091797
2227,1,1,1,2.5119569301605225
2228,1,1,1,1.9799981117248535
2229,1,1,1,0.5789729356765747
2230,1,0,0,0.8180271983146667
2231,1,1,1,2.201019287109375
2232,1,1,1,1.328047752380371
2233,1,1,1,3.858200788497925
2234,1,1,1,1.204383373260498
2235,1,1,1,0.48255908489227295
2236,1,1,1,1.368512511253357
2237,1,1,1,1.7033751010894775
2238,1,1,1,4.3773064613342285
2239,1,1,1,0.4688185453414917
2240,1,1,1,1.4642356634140015
2241,1,0,0,0.1925756335258484
2242,1,0,0,0.5343855023384094
2243,1,1,1,1.1681063175201416
2244,1,0,0,0.8278788924217224
2245,1,1,1,4.077197551727295
2246,1,1,1,0.5853822231292725
2247,1,1,1,1.6035242080688477
2248,1,0,0,2.949319362640381
2249,1,1,1,0.4779338836669922
2250,1,0,0,2.17067289352417
2251,1,1,1,2.4588959217071533
2252,1,1,1,2.9422922134399414
2253,1,1,1,0.8096180558204651
2254,1,0,0,0.43456965684890747
2255,1,1,1,0.3945534825325012
2256,1,0,0,0.024651750922203064
2257,1,1,1,0.47964996099472046
2258,1,0,0,1.7595584392547607
2259,1,0,0,0.29487669467926025
2260,1,1,1,0.011875756084918976
2261,1,0,0,1.9854413270950317
2262,1,1,1,1.805171012878418
2263,1,1,1,2.2965025901794434
2264,1,0,0,1.550721287727356
2265,1,1,1,3.495426893234253
2266,1,1,1,1.2552733421325684
2267,1,1,1,3.5503039360046387
2268,1,1,1,0.6790429353713989
2269,1,1,1,0.32531803846359253
2270,1,0,0,0.8487381339073181
2271,1,0,0,1.718483328819275
2272,1,1,1,2.290426015853882
2273,1,1,1,2.1014645099639893
2274,1,1,1,2.7167320251464844
2275,1,0,0,2.321411609649658
2276,1,1,1,0.5330028533935547
2277,1,1,1,2.368472099304199
2278,1,0,0,1.667636513710022
2279,1,0,0,0.7900146842002869
2280,1,0,0,0.453593909740448
2281,1,1,1,1.9563733339309692
2282,1,1,1,1.9577369689941406
2283,1,1,1,1.2258780002593994
2284,1,1,1,1.5618245601654053
2285,1,1,1,2.7912609577178955
2286,1,1,1,0.5335829257965088
2287,1,1,1,0.2962796092033386
2288,1,0,0,0.6450947523117065
2289,1,1,1,2.014370918273926
2290,1,0,0,0.2690292000770569
2291,1,1,1,0.5633126497268677
2292,1,0,0,0.24168835580348969
2293,1,1,1,2.000904083251953
2294,1,1,1,1.906297206878662
2295,1,0,0,0.4405786395072937
2296,1,1,1,0.3645223379135132
2297,1,0,0,2.4713733196258545
2298,1,1,1,1.5172213315963745
2299,1,0,0,2.3539040088653564
2300,1,1,1,0.8338037729263306
2301,1,1,1,1.1381020545959473
2302,1,1,1,1.4647160768508911
2303,1,1,1,2.172279119491577
2304,1,1,1,0.9991006851196289
2305,1,1,1,1.6175110340118408
2306,1,0,0,1.1209410429000854
2307,1,1,1,1.1158215999603271
2308,1,0,0,2.369971990585327
2309,1,1,1,0.6491403579711914
2310,1,1,1,1.8503236770629883
2311,1,1,1,2.1355886459350586
2312,1,1,1,2.2949953079223633
2313,1,1,1,1.394468903541565
2314,1,1,1,2.4737393856048584
2315,1,1,1,1.1658281087875366
2316,1,1,1,1.8982079029083252
2317,1,1,1,2.033572196960449
2318,1,1,1,2.0339736938476562
2319,1,1,1,2.470219850540161
2320,1,1,1,0.5491111874580383
2321,1,1,1,2.432330846786499
2322,1,1,1,2.4294145107269287
2323,1,1,1,2.6631102561950684
2324,1,1,1,1.9098141193389893
2325,1,0,0,1.9371262788772583
2326,1,1,1,2.917534589767456
2327,1,1,1,0.4358929395675659
2328,1,0,0,2.471444845199585
2329,1,1,1,1.3274059295654297
2330,1,1,1,0.11611589789390564
2331,1,1,1,0.33084380626678467
2332,1,0,0,0.3020150065422058
2333,1,0,0,0.5086724162101746
2334,1,1,1,0.3326810896396637
2335,1,1,1,2.0273032188415527
2336,1,1,1,0.3806309700012207
2337,1,0,0,0.9522085785865784
2338,1,0,0,0.5122129321098328
2339,1,1,1,1.000891923904419
2340,1,0,0,0.6443775296211243
2341,1,0,0,0.32194769382476807
2342,1,0,0,0.371346652507782
2343,1,1,1,0.26152265071868896
2344,1,1,1,0.5367718935012817
2345,1,1,1,0.24977895617485046
2346,1,0,0,0.7057920098304749
2347,1,1,1,1.6658504009246826
2348,1,0,0,0.29195934534072876
2349,1,1,1,3.1268701553344727
2350,1,1,1,2.3168179988861084
2351,1,1,1,5.490385055541992
2352,1,1,1,2.5498180389404297
2353,1,1,1,2.6056525707244873
2354,1,1,1,4.5067138671875
2355,1,1,1,2.4534382820129395
2356,1,1,1,1.8389310836791992
2357,1,0,0,0.4715989828109741
2358,1,1,1,3.4329612255096436
2359,1,1,1,0.8533881306648254
2360,1,1,1,1.3664625883102417
2361,1,1,1,2.738609552383423
2362,1,1,1,0.9523375034332275
2363,1,1,1,0.7131452560424805
2364,1,0,0,0.1993301957845688
2365,1,1,1,1.33693265914917
2366,1,0,0,1.5312721729278564
2367,1,1,1,0.4544425308704376
2368,1,1,1,2.0138962268829346
2369,1,1,1,0.49007511138916016
2370,1,0,0,0.8307688236236572
2371,1,0,0,0.6013159155845642
2372,1,1,1,0.07040487229824066
2373,1,0,0,0.923001229763031
2374,1,1,1,1.5653202533721924
2375,1,0,0,1.475563406944275
2376,1,1,1,1.182694673538208
2377,1,1,1,0.9310814142227173
2378,1,1,1,0.5290631055831909
2379,1,1,1,0.06940174102783203
2380,1,1,1,0.10821866989135742
2381,1,0,0,0.4914923310279846
2382,1,0,0,1.88738214969635
2383,1,0,0,2.356218099594116
2384,1,0,0,0.6565923094749451
2385,1,1,1,0.22142550349235535
2386,1,0,0,2.4814164638519287
2387,1,0,0,0.8727099299430847
2388,1,1,1,0.683118462562561
2389,1,1,1,0.5028861165046692
2390,1,1,1,1.506600022315979
2391,1,1,1,0.24604392051696777
2392,1,0,0,0.7587869763374329
2393,1,1,1,0.2724047601222992
2394,1,0,0,0.2964932918548584
2395,1,0,0,0.46323245763778687
2396,1,0,0,1.0010024309158325
2397,1,0,0,0.2780700922012329
2398,1,1,1,1.22633695602417
2399,1,0,0,2.7251474857330322
2400,1,0,0,1.3399451971054077
2401,1,1,1,0.7540968656539917
2402,1,1,1,1.3959332704544067
2403,1,1,1,0.43714088201522827
2404,1,1,1,0.5293465256690979
2405,1,1,1,0.8440816402435303
2406,1,1,1,0.6606265902519226
2407,1,1,1,2.100172519683838
2408,1,1,1,1.0380793809890747
2409,1,1,1,0.6309128999710083
2410,1,0,0,0.28257298469543457
2411,1,0,0,0.23166337609291077
2412,1,1,1,1.7584168910980225
2413,1,1,1,1.3219047784805298
2414,1,0,0,0.09740936756134033
2415,1,0,0,0.8735916018486023
2416,1,0,0,0.8072955012321472
2417,1,1,1,1.088818073272705
2418,1,0,0,1.2141715288162231
2419,1,1,1,-0.015831265598535538
2420,1,1,1,2.1622979640960693
2421,1,1,1,3.586599588394165
2422,1,1,1,4.384538650512695
2423,1,1,1,0.68760746717453
2424,1,0,0,0.4440532326698303
2425,1,0,0,0.6514230966567993
2426,1,0,0,0.15444594621658325
2427,1,1,1,1.0785470008850098
2428,1,1,1,3.2523438930511475
2429,1,1,1,0.20137439668178558
2430,1,1,1,0.2325938642024994
2431,1,0,0,1.270027756690979
2432,1,1,1,3.474390745162964
2433,1,1,1,1.1823959350585938
2434,1,1,1,3.0148766040802
2435,1,1,1,2.631601095199585
2436,1,1,1,0.24752631783485413
2437,1,1,1,1.1876466274261475
2438,1,0,0,1.3652058839797974
2439,1,0,0,0.9457775950431824
2440,1,1,1,1.384105920791626
2441,1,0,0,0.002789810299873352
2442,1,1,1,1.2638239860534668
2443,1,0,0,1.3911231756210327
2444,1,1,1,0.6077487468719482
2445,1,1,1,2.7216126918792725
2446,1,0,0,2.5526158809661865
2447,1,0,0,0.17455638945102692
2448,1,1,1,1.0374877452850342
2449,1,1,1,0.8181370496749878
2450,1,0,0,0.617479145526886
2451,1,0,0,2.7659120559692383
2452,1,1,1,0.009088534861803055
2453,1,1,1,0.2792288661003113
2454,1,1,1,0.20810812711715698
2455,1,1,1,0.32225847244262695
2456,1,1,1,0.3125046193599701
2457,1,0,0,1.4065078496932983
2458,1,1,1,3.7429981231689453
2459,1,0,0,1.1948299407958984
2460,1,0,0,1.381734848022461
2461,1,1,1,1.8630213737487793
2462,1,1,1,0.705040693283081
2463,1,0,0,0.6831398606300354
2464,1,1,1,0.5979456305503845
2465,1,0,0,0.26866835355758667
2466,1,0,0,2.091961145401001
2467,1,0,0,1.9617563486099243
2468,1,1,1,1.0926132202148438
2469,1,0,0,0.6970388293266296
2470,0,0,1,2.0753443241119385
2471,1,0,0,-0.01741553097963333
2472,1,1,1,2.7060205936431885
2473,1,1,1,0.8109931349754333
2474,1,0,0,0.5745691657066345
2475,1,1,1,0.025336507707834244
2476,1,1,1,-0.019145507365465164
2477,1,0,0,1.2448716163635254
2478,1,0,0,0.8162960410118103
2479,1,0,0,1.44185209274292
2480,1,0,0,0.7165707945823669
2481,1,1,1,0.5185340642929077
2482,1,1,1,1.9069629907608032
2483,1,1,1,0.49874281883239746
2484,1,1,1,0.634130597114563
2485,1,0,0,1.230212926864624
2486,1,1,1,0.6034091711044312
2487,1,0,0,0.22746191918849945
2488,1,1,1,0.29045677185058594
2489,1,1,1,0.657456636428833
2490,1,0,0,0.11089935898780823
2491,1,0,0,0.0843944400548935
2492,1,0,0,0.8966600298881531
2493,1,1,1,0.37005478143692017
2494,1,0,0,0.060530200600624084
2495,1,1,1,0.33610090613365173
2496,1,1,1,2.246025323867798
2497,1,0,0,0.47289717197418213
2498,1,0,0,0.6527369022369385
2499,1,0,0,0.8491849899291992
2500,1,1,1,1.4050464630126953
2501,1,1,1,3.004100799560547
2502,1,1,1,0.4420769214630127
2503,1,1,1,0.26659297943115234
2504,1,1,1,0.5467279553413391
2505,1,1,1,1.9635834693908691
2506,1,1,1,3.2699477672576904
2507,1,1,1,1.2098772525787354
2508,1,1,1,3.0679192543029785
2509,1,1,1,1.585290789604187
2510,1,1,1,3.2591664791107178
2511,1,1,1,3.2704238891601562
2512,1,1,1,5.82753324508667
2513,1,1,1,2.371657133102417
2514,1,1,1,3.258633852005005
2515,1,1,1,2.5549275875091553
2516,1,1,1,3.8936336040496826
2517,1,1,1,2.402923107147217
2518,1,1,1,2.462049722671509
2519,1,0,0,0.8692484498023987
2520,1,0,0,2.3319952487945557
2521,1,0,0,0.36992502212524414
2522,1,1,1,1.1463392972946167
2523,1,1,1,1.6525734663009644
2524,1,0,0,3.1251885890960693
2525,1,1,1,1.8105546236038208
2526,1,1,1,4.144977569580078
2527,1,1,1,3.611255407333374
2528,1,1,1,1.7823187112808228
2529,0,1,0,2.6515557765960693
2530,1,1,1,0.2014693319797516
2531,0,1,0,1.5081697702407837
2532,1,1,1,3.9768338203430176
2533,1,0,0,1.2670845985412598
2534,1,1,1,0.6258296966552734
2535,1,0,0,0.18019899725914001
2536,1,1,1,0.5804829597473145
2537,0,1,0,1.5766303539276123
2538,0,0,1,1.6057406663894653
2539,0,0,1,1.9536629915237427
2540,0,1,0,0.2208065241575241
2541,1,1,1,1.8277826309204102
2542,1,1,1,4.102315902709961
2543,1,1,1,0.24656233191490173
2544,1,1,1,1.1713595390319824
2545,1,1,1,0.6590542197227478
2546,1,1,1,2.623112440109253
2547,1,1,1,1.7902543544769287
2548,1,0,0,0.6020194888114929
2549,1,1,1,1.864487648010254
2550,1,1,1,0.470043808221817
2551,1,1,1,2.0681543350219727
2552,1,1,1,0.769653856754303
2553,1,1,1,1.3336997032165527
2554,1,1,1,2.5942656993865967
2555,1,0,0,0.9409546256065369
2556,1,1,1,-0.02132442221045494
2557,1,0,0,0.39833348989486694
2558,1,1,1,0.04841342195868492
2559,1,0,0,0.6254262924194336
2560,1,1,1,0.19405177235603333
2561,1,1,1,4.190645217895508
2562,1,1,1,2.0650041103363037
2563,1,0,0,2.1431074142456055
2564,1,0,0,0.46935397386550903
2565,1,1,1,0.6952545046806335
2566,1,0,0,1.840560793876648
2567,1,1,1,0.23397162556648254
2568,1,1,1,0.5928104519844055
2569,1,1,1,0.5563852787017822
2570,1,0,0,0.32258307933807373
2571,1,0,0,0.42345595359802246
2572,1,0,0,0.5782178044319153
2573,1,1,1,0.8082117438316345
2574,1,1,1,1.658652663230896
2575,1,1,1,0.3970710039138794
2576,1,1,1,2.3002686500549316
2577,1,0,0,0.2337740659713745
2578,1,1,1,0.07123863697052002
2579,1,0,0,0.4077940583229065
2580,1,0,0,0.2888551950454712
2581,1,1,1,0.2850073575973511
2582,1,1,1,1.2762449979782104
2583,1,1,1,0.5171998739242554
2584,1,0,0,1.0902315378189087
2585,1,0,0,0.15522299706935883
2586,1,0,0,0.08981434255838394
2587,1,0,0,0.37815243005752563
2588,1,1,1,0.5699915289878845
2589,1,1,1,1.3721340894699097
2590,1,1,1,2.8017799854278564
2591,1,1,1,3.8288540840148926
2592,1,0,0,1.8465023040771484
2593,1,0,0,0.610119104385376
2594,1,0,0,2.0102479457855225
2595,1,1,1,0.9070572257041931
2596,1,0,0,1.5500314235687256
2597,1,1,1,0.7504535913467407
2598,1,1,1,1.0444896221160889
2599,1,0,0,0.14680173993110657
2600,1,0,0,0.6422010660171509
2601,1,1,1,2.846379518508911
2602,1,0,0,1.0971075296401978
2603,1,1,1,0.8871725797653198
2604,1,1,1,2.867365837097168
2605,1,0,0,2.123626708984375
2606,1,0,0,0.26882070302963257
2607,1,0,0,1.8478363752365112
2608,1,0,0,0.3353923559188843
2609,1,1,1,2.196840524673462
2610,1,1,1,0.8164851665496826
2611,1,0,0,0.496235191822052
2612,1,0,0,0.4396844506263733
2613,1,1,1,2.256850242614746
2614,1,0,0,0.8149941563606262
2615,1,1,1,0.21153664588928223
2616,1,1,1,0.5879859924316406
2617,1,1,1,1.2566198110580444
2618,1,1,1,2.6382007598876953
2619,1,0,0,1.7548786401748657
2620,1,1,1,1.3066424131393433
2621,1,1,1,1.0556100606918335
2622,1,1,1,0.9809027314186096
2623,1,1,1,0.5805482864379883
2624,1,1,1,0.9219803810119629
2625,1,1,1,0.8155129551887512
2626,1,1,1,2.1653432846069336
2627,1,0,0,0.330586314201355
2628,1,1,1,-0.01137286052107811
2629,1,1,1,0.04208173602819443
2630,1,1,1,2.4724442958831787
2631,1,1,1,1.975609540939331
2632,1,1,1,0.6813238859176636
2633,1,1,1,0.47389012575149536
2634,1,0,0,0.4204794764518738
2635,1,1,1,0.7746012806892395
2636,1,1,1,0.252510130405426
2637,1,1,1,1.596631407737732
2638,1,1,1,1.2236707210540771
2639,1,0,0,0.572919487953186
2640,1,1,1,0.08309312909841537
2641,1,1,1,0.47051405906677246
2642,1,1,1,0.036697473376989365
2643,1,1,1,0.5744847059249878
2644,1,1,1,0.09761148691177368
2645,1,1,1,0.0566265732049942
2646,1,1,1,0.9791268110275269
2647,1,0,0,2.048905611038208
2648,1,1,1,0.3125336170196533
2649,1,1,1,0.8010726571083069
2650,1,1,1,3.8089938163757324
2651,1,1,1,2.704674005508423
2652,1,1,1,2.0434067249298096
2653,1,0,0,1.3196754455566406
2654,1,1,1,1.0048049688339233
2655,1,0,0,0.21408063173294067
2656,1,0,0,2.5582916736602783
2657,1,1,1,1.2512321472167969
2658,1,1,1,0.26625409722328186
2659,1,1,1,1.5899019241333008
2660,1,0,0,2.161839485168457
2661,1,0,0,0.5710330009460449
2662,1,0,0,1.8190293312072754
2663,1,1,1,0.7854382395744324
2664,1,1,1,1.4541571140289307
2665,1,0,0,1.505130648612976
2666,1,1,1,2.136934518814087
2667,1,0,0,3.1412265300750732
2668,1,1,1,1.335660457611084
2669,1,1,1,1.030097246170044
2670,1,1,1,0.7522582411766052
2671,1,0,0,1.1304901838302612
2672,1,1,1,0.5022480487823486
2673,1,1,1,0.08761799335479736
2674,1,1,1,3.1715447902679443
2675,1,0,0,1.652955412864685
2676,1,1,1,1.6278188228607178
2677,1,1,1,2.4518749713897705
2678,1,0,0,1.7560228109359741
2679,1,0,0,0.6349867582321167
2680,1,0,0,1.1121169328689575
2681,1,1,1,1.6366275548934937
2682,1,1,1,2.949178457260132
2683,1,1,1,1.7856312990188599
2684,1,1,1,0.48209306597709656
2685,1,0,0,1.7172963619232178
2686,1,0,0,0.5613813400268555
2687,1,1,1,0.3127424418926239
2688,1,0,0,1.931910753250122
2689,1,0,0,0.8840389847755432
2690,1,1,1,0.6068581342697144
2691,1,1,1,0.9788297414779663
2692,1,1,1,0.7309326529502869
2693,1,1,1,0.24141773581504822
2694,1,1,1,0.4629164934158325
2695,1,0,0,0.7481821775436401
2696,1,1,1,1.4029959440231323
2697,1,1,1,1.5183649063110352
2698,1,0,0,0.6049484610557556
2699,1,1,1,1.272171139717102
2700,1,1,1,0.2970668375492096
2701,1,0,0,0.5135549306869507
2702,1,0,0,0.5226113796234131
2703,1,1,1,1.5010355710983276
2704,1,1,1,0.6751304864883423
2705,1,0,0,0.21085385978221893
2706,1,0,0,3.827683448791504
2707,1,1,1,0.07248266041278839
2708,1,0,0,2.641887903213501
2709,1,0,0,1.6490761041641235
2710,1,1,1,2.5619983673095703
2711,1,1,1,1.2928874492645264
2712,1,1,1,1.3245408535003662
2713,1,1,1,1.2676970958709717
2714,1,0,0,0.312455952167511
2715,1,0,0,1.1380928754806519
2716,1,1,1,0.8756533861160278
2717,1,0,0,2.290860891342163
2718,1,1,1,0.8505367040634155
2719,1,0,0,0.9386129379272461
2720,1,1,1,3.474863052368164
2721,1,1,1,1.6324622631072998
2722,1,1,1,1.013136625289917
2723,1,1,1,0.8742204904556274
2724,1,1,1,-0.017005208879709244
2725,1,1,1,0.031006406992673874
2726,1,1,1,-0.046709466725587845
2727,1,1,1,1.79498291015625
2728,1,1,1,1.4914405345916748
2729,1,0,0,0.8141058683395386
2730,1,1,1,1.4935483932495117
2731,1,0,0,0.7933762669563293
2732,1,1,1,1.527836799621582
2733,1,1,1,0.8265659809112549
2734,1,1,1,0.4153021574020386
2735,1,1,1,1.6930686235427856
2736,1,0,0,0.7695044875144958
2737,1,1,1,1.1319655179977417
2738,1,0,0,-0.0758701041340828
2739,1,1,1,1.1711333990097046
2740,1,1,1,0.11806465685367584
2741,1,1,1,0.6200762391090393
2742,1,0,0,0.9128865599632263
2743,1,0,0,0.19206629693508148
2744,1,1,1,0.872815728187561
2745,1,0,0,1.720859169960022
2746,1,0,0,0.3820173144340515
2747,1,1,1,1.3201448917388916
2748,1,0,0,0.6807785630226135
2749,1,1,1,1.802639126777649
2750,1,1,1,1.530634880065918
2751,1,1,1,1.6851227283477783
2752,1,1,1,0.17545408010482788
2753,1,1,1,2.2256181240081787
2754,1,0,0,1.3070744276046753
2755,1,1,1,0.6024603843688965
2756,1,1,1,1.4136097431182861
2757,1,1,1,3.2017667293548584
2758,1,1,1,0.8206383585929871
2759,1,0,0,0.3343003988265991
2760,1,1,1,1.2507271766662598
2761,1,1,1,0.8942728042602539
2762,1,0,0,0.948611855506897
2763,1,1,1,1.3445765972137451
2764,1,1,1,0.7223943471908569
2765,1,1,1,3.0760133266448975
2766,1,1,1,3.6152403354644775
2767,1,1,1,2.499305486679077
2768,1,0,0,0.9689986109733582
2769,1,0,0,1.0545985698699951
2770,1,1,1,2.0970821380615234
2771,1,1,1,1.6651111841201782
2772,1,0,0,1.2407079935073853
2773,1,0,0,1.7196985483169556
2774,1,1,1,0.0694810226559639
2775,1,1,1,0.3813343644142151
2776,1,1,1,2.313258409500122
2777,1,1,1,1.196901798248291
2778,1,1,1,2.728231191635132
2779,1,1,1,1.8844633102416992
2780,1,1,1,1.4228477478027344
2781,1,1,1,0.490390419960022
2782,1,0,0,1.9768097400665283
2783,1,1,1,1.4681618213653564
2784,1,0,0,2.913912057876587
2785,1,1,1,4.146947383880615
2786,1,1,1,1.5815305709838867
2787,1,1,1,1.9805352687835693
2788,1,0,0,0.7611746191978455
2789,1,1,1,0.6492432355880737
2790,1,0,0,0.23365332186222076
2791,1,0,0,1.0374064445495605
2792,1,0,0,1.6034908294677734
2793,1,1,1,3.0636231899261475
2794,1,1,1,2.4269986152648926
2795,1,1,1,0.0015676580369472504
2796,1,0,0,0.04145229607820511
2797,1,1,1,1.8290796279907227
2798,1,0,0,0.7407670617103577
2799,1,1,1,0.4167878031730652
2800,1,0,0,1.2109241485595703
2801,1,1,1,1.4863508939743042
2802,1,1,1,1.1968804597854614
2803,1,0,0,1.3719896078109741
2804,1,0,0,0.2573453187942505
2805,1,0,0,0.013660654425621033
2806,1,0,0,0.7235841155052185
2807,1,0,0,1.7860445976257324
2808,1,0,0,1.0242892503738403
2809,1,1,1,2.431281089782715
2810,1,1,1,0.20877379179000854
2811,1,0,0,0.746712863445282
2812,1,0,0,1.3138521909713745
2813,1,1,1,1.1586995124816895
2814,1,0,0,1.217058777809143
2815,1,0,0,3.7688217163085938
2816,1,0,0,1.906903862953186
2817,1,0,0,2.2391042709350586
2818,1,1,1,0.24788610637187958
2819,1,0,0,1.9526408910751343
2820,1,1,1,2.9808037281036377
2821,1,0,0,2.5205047130584717
2822,1,0,0,0.3075699806213379
2823,1,1,1,0.9539852142333984
2824,1,0,0,0.8900763988494873
2825,1,1,1,0.5955948829650879
2826,1,0,0,1.0520273447036743
2827,1,1,1,0.941025972366333
2828,1,0,0,0.5887016654014587
2829,1,1,1,0.8939124345779419
2830,1,0,0,0.7029837369918823
2831,1,0,0,0.6419113874435425
2832,1,0,0,0.44340652227401733
2833,1,1,1,0.5544767379760742
2834,1,1,1,3.06463623046875
2835,1,1,1,1.816972017288208
2836,1,0,0,0.3810346722602844
2837,1,0,0,0.6189315319061279
2838,1,1,1,1.1953697204589844
2839,1,1,1,1.962834119796753
2840,1,1,1,1.073014259338379
2841,1,1,1,-0.0197162926197052
2842,1,0,0,0.2770616412162781
2843,1,0,0,0.45200467109680176
2844,1,0,0,0.6903459429740906
2845,1,0,0,0.40817153453826904
2846,1,0,0,1.5948878526687622
2847,1,0,0,1.1321957111358643
2848,1,0,0,1.6455659866333008
2849,1,0,0,0.9762884974479675
2850,1,1,1,0.6286136507987976
2851,1,1,1,2.169597625732422
2852,1,0,0,0.144984632730484
2853,1,1,1,0.2567083537578583
2854,1,1,1,0.2483583390712738
2855,1,0,0,0.06293602287769318
2856,1,0,0,1.5676761865615845
2857,1,1,1,1.6041446924209595
2858,1,1,1,0.7197336554527283
2859,1,1,1,1.7271881103515625
2860,1,0,0,0.05670889467000961
2861,1,1,1,-0.009834971278905869
2862,1,0,0,0.9843018651008606
2863,1,1,1,0.5884588360786438
2864,1,1,1,0.4175680875778198
2865,1,0,0,0.6721630692481995
2866,1,1,1,2.9129183292388916
2867,1,0,0,0.46334564685821533
2868,1,1,1,1.0589163303375244
2869,1,1,1,1.7581844329833984
2870,1,1,1,0.6122865676879883
2871,1,1,1,2.261925220489502
2872,1,0,0,0.2692573070526123
2873,1,1,1,0.4513942301273346
2874,1,0,0,1.3122966289520264
2875,1,0,0,0.46866971254348755
2876,1,0,0,0.004640251398086548
2877,1,1,1,2.0245378017425537
2878,1,1,1,2.2050998210906982
2879,1,1,1,1.8461403846740723
2880,1,1,1,2.595221757888794
2881,1,0,0,0.2589423656463623
2882,1,0,0,2.56485915184021
2883,1,0,0,3.8085782527923584
2884,1,0,0,0.28684359788894653
2885,1,1,1,1.611071228981018
2886,1,0,0,0.5462066531181335
2887,1,0,0,0.7991880774497986
2888,1,0,0,0.1980317085981369
2889,1,1,1,0.3223908841609955
2890,1,0,0,0.13754203915596008
2891,1,1,1,0.6860672235488892
2892,1,1,1,0.34127241373062134
2893,1,1,1,1.691412091255188
2894,1,0,0,0.4433855414390564
2895,1,0,0,0.650195300579071
2896,1,0,0,2.585263967514038
2897,1,1,1,1.66324782371521
2898,1,1,1,0.8959779739379883
2899,1,0,0,0.48108941316604614
2900,1,1,1,1.8806501626968384
2901,1,1,1,0.21443495154380798
2902,1,1,1,0.8066505193710327
2903,1,1,1,2.9680116176605225
2904,1,1,1,1.7960342168807983
2905,1,0,0,2.405627489089966
2906,1,1,1,0.2846533954143524
2907,1,1,1,1.5657917261123657
2908,1,1,1,2.0436832904815674
2909,1,1,1,0.43754246830940247
2910,1,1,1,0.2532714903354645
2911,1,0,0,0.41808634996414185
2912,1,0,0,1.7421530485153198
2913,1,1,1,0.2699531614780426
2914,1,1,1,0.8176057934761047
2915,1,1,1,1.0748072862625122
2916,1,1,1,0.6123957633972168
2917,1,1,1,0.6683837175369263
2918,1,1,1,3.189818859100342
2919,1,1,1,2.7216367721557617
2920,1,1,1,1.0342671871185303
2921,1,1,1,2.4904611110687256
2922,1,1,1,1.1713248491287231
2923,1,1,1,0.2875574827194214
2924,1,1,1,0.8078231811523438
2925,1,1,1,0.651832103729248
2926,1,0,0,1.8200538158416748
2927,0,1,0,1.9855294227600098
2928,0,0,1,0.16789288818836212
2929,0,1,0,3.0061075687408447
2930,0,0,1,1.20364511013031
2931,0,0,1,2.64250111579895
2932,0,1,0,1.6207753419876099
2933,0,0,1,0.6773307919502258
2934,0,1,0,1.5800927877426147
2935,0,0,1,0.3869713544845581
2936,0,1,0,0.8279711008071899
2937,0,0,1,1.1251603364944458
2938,0,1,0,0.44562065601348877
2939,0,0,1,2.438292980194092
2940,0,0,1,3.3614134788513184
2941,0,1,0,0.5236783027648926
2942,0,1,0,0.0018051005899906158
2943,0,1,0,1.6392111778259277
2944,0,1,0,0.032686326652765274
2945,0,0,1,7.3726983070373535
2946,0,1,0,0.08478084206581116
2947,0,1,0,1.490383267402649
2948,0,0,1,1.4347809553146362
2949,0,1,0,1.0082999467849731
2950,0,0,1,1.120611310005188
2951,0,1,0,1.8845947980880737
2952,0,0,1,0.7705284357070923
2953,0,0,1,2.9456939697265625
2954,0,0,1,1.0429716110229492
2955,0,0,1,1.207069754600525
2956,0,1,0,0.5692340731620789
2957,0,1,0,1.1162530183792114
2958,0,1,0,0.3474818766117096
2959,0,1,0,0.7645087838172913
2960,0,1,0,1.207849383354187
2961,0,0,1,0.15021149814128876
2962,0,0,1,0.25138020515441895
2963,0,1,0,2.017548084259033
2964,0,1,0,2.4158377647399902
2965,0,1,0,1.750056266784668
2966,0,0,1,3.1589207649230957
2967,0,0,1,1.4790458679199219
2968,0,0,1,0.24690766632556915
2969,0,0,1,1.9069864749908447
2970,0,1,0,0.4709937870502472
2971,0,0,1,1.282915711402893
2972,0,1,0,0.5758912563323975
2973,0,0,1,0.48247116804122925
2974,0,1,0,1.032232642173767
2975,0,0,1,3.8086793422698975
2976,0,1,0,1.8139350414276123
2977,0,0,1,2.0801775455474854
2978,0,0,1,2.4622247219085693
2979,0,0,1,2.0778894424438477
2980,0,0,1,0.08199451863765717
2981,0,0,1,2.1394314765930176
2982,0,1,0,0.3683854937553406
2983,0,0,1,2.3780510425567627
2984,0,1,0,0.05783507600426674
2985,0,1,0,2.7039597034454346
2986,0,1,0,1.0971930027008057
2987,0,0,1,1.5857731103897095
2988,0,0,1,0.9839869737625122
2989,0,1,0,1.6917989253997803
2990,0,1,0,2.0931451320648193
2991,0,0,1,0.6027254462242126
2992,0,1,0,1.151845097541809
2993,0,1,0,2.3801109790802
2994,0,0,1,0.6721754670143127
2995,0,1,0,1.0664112567901611
2996,0,0,1,1.3268237113952637
2997,0,0,1,2.8577122688293457
2998,0,1,0,0.3646395802497864
2999,0,1,0,0.8887373208999634
3000,0,1,0,2.3529999256134033
3001,0,1,0,0.6182461977005005
3002,0,1,0,0.8644143342971802
3003,0,0,1,1.3788880109786987
3004,0,1,0,1.3534984588623047
3005,0,1,0,4.078714847564697
3006,0,0,1,2.4374163150787354
3007,0,1,0,2.5385429859161377
3008,0,1,0,0.8766264915466309
3009,0,1,0,1.1343679428100586
3010,0,1,0,0.8033149242401123
3011,0,1,0,0.5842468738555908
3012,0,0,1,2.232412576675415
3013,0,0,1,0.8077850341796875
3014,0,0,1,1.6440110206604004
3015,0,0,1,1.268087387084961
3016,0,0,1,0.683955192565918
3017,0,0,1,2.569232225418091
3018,0,0,1,2.874824285507202
3019,0,0,1,0.5121572017669678
3020,0,1,0,0.9514853358268738
3021,0,0,1,0.34264063835144043
3022,0,0,1,0.7882238030433655
3023,0,1,0,0.6587838530540466
3024,0,0,1,1.5504258871078491
3025,0,0,1,-0.0460624098777771
3026,0,0,1,1.2153736352920532
3027,0,1,0,1.4766837358474731
3028,0,0,1,1.5614525079727173
3029,0,0,1,1.2900713682174683
3030,0,1,0,0.44262436032295227
3031,0,1,0,1.377394676208496
3032,0,1,0,0.5336708426475525
3033,0,1,0,0.9909420013427734
3034,0,1,0,0.5081904530525208
3035,0,0,1,0.495156466960907
3036,0,1,0,0.4027368426322937
3037,0,0,1,1.8966989517211914
3038,0,0,1,1.7531334161758423
3039,0,0,1,0.6764625310897827
3040,0,1,0,2.3676230907440186
3041,0,0,1,4.518515586853027
3042,0,0,1,1.5832303762435913
3043,0,0,1,0.3191251754760742
3044,0,1,0,1.1146624088287354
3045,0,0,1,0.7322281002998352
3046,0,0,1,0.4126366376876831
3047,0,1,0,0.2321215122938156
3048,0,0,1,0.5516087412834167
3049,0,1,0,0.02604632079601288
3050,0,0,1,0.9267532825469971
3051,0,1,0,0.8624511957168579
3052,0,0,1,3.953526258468628
3053,0,1,0,1.5002385377883911
3054,0,1,0,1.2765820026397705
3055,0,0,1,0.7095226645469666
3056,0,0,1,2.052112102508545
3057,0,0,1,1.1725255250930786
3058,0,1,0,3.018789052963257
3059,0,0,1,1.5785859823226929
3060,0,1,0,0.06379912793636322
3061,0,1,0,1.6501293182373047
3062,0,1,0,0.6041237115859985
3063,0,1,0,-0.01605711504817009
3064,0,0,1,1.5110753774642944
3065,0,0,1,3.118887186050415
3066,0,0,1,0.05607493221759796
3067,0,0,1,1.1664382219314575
3068,0,1,0,1.2761677503585815
3069,0,1,0,1.6600011587142944
3070,0,0,1,2.923039197921753
3071,0,0,1,2.2406704425811768
3072,0,1,0,0.6360887885093689
3073,0,0,1,1.1861058473587036
3074,0,0,1,2.932896614074707
3075,0,1,0,0.036641351878643036
3076,0,0,1,0.444965124130249
3077,0,1,0,0.9875649213790894
3078,0,0,1,1.4168941974639893
3079,0,0,1,0.2200915515422821
3080,0,1,0,0.7036110162734985
3081,0,1,0,0.012448955327272415
3082,0,1,0,1.27327299118042
3083,0,0,1,0.7972899675369263
3084,0,0,1,0.6432464718818665
3085,0,0,1,0.42251402139663696
3086,0,0,1,0.10340593755245209
3087,0,0,1,0.02598986029624939
3088,0,1,0,0.3110090494155884
3089,0,1,0,1.4576141834259033
3090,0,1,0,0.8473442792892456
3091,0,1,0,0.7944768667221069
3092,0,1,0,1.3872222900390625
3093,0,0,1,0.38755202293395996
3094,0,1,0,0.13038505613803864
3095,0,1,0,0.4248710572719574
3096,0,1,0,1.003562092781067
3097,0,1,0,0.3803449273109436
3098,0,0,1,1.4693541526794434
3099,0,1,0,1.0190820693969727
3100,0,0,1,1.5394343137741089
3101,0,0,1,5.094696998596191
3102,0,0,1,1.4470571279525757
3103,0,1,0,0.5497898459434509
3104,0,1,0,2.1692512035369873
3105,0,0,1,3.2436490058898926
3106,0,0,1,1.5673471689224243
3107,0,1,0,2.3088290691375732
3108,0,0,1,1.374142050743103
3109,0,0,1,1.361582636833191
3110,0,1,0,0.4140734076499939
3111,0,1,0,1.891016960144043
3112,0,1,0,0.5543894171714783
3113,0,0,1,0.22318904101848602
3114,0,1,0,1.349602222442627
3115,0,1,0,0.4843384325504303
3116,0,0,1,1.2514643669128418
3117,0,0,1,0.38280099630355835
3118,0,0,1,1.1944314241409302
3119,0,0,1,1.420418620109558
3120,0,1,0,2.5307838916778564
3121,0,1,0,1.9131674766540527
3122,0,0,1,3.4493696689605713
3123,0,0,1,-0.04598004370927811
3124,0,0,1,3.2762246131896973
3125,0,0,1,0.4752870202064514
3126,0,0,1,3.1115610599517822
3127,0,0,1,1.6722289323806763
3128,0,1,0,0.12047123908996582
3129,0,0,1,1.2940969467163086
3130,0,0,1,0.051545530557632446
3131,0,0,1,2.123012065887451
3132,0,1,0,1.6338359117507935
3133,0,1,0,0.9404518604278564
3134,0,0,1,0.3437461853027344
3135,0,1,0,0.12227179110050201
3136,0,1,0,1.0584145784378052
3137,0,1,0,0.9659055471420288
3138,0,0,1,0.16711892187595367
3139,0,1,0,1.2374181747436523
3140,0,0,1,1.262222409248352
3141,0,1,0,0.10913558304309845
3142,0,0,1,4.657552719116211
3143,0,1,0,0.7167161703109741
3144,0,0,1,5.374912261962891
3145,0,0,1,3.051245927810669
3146,0,0,1,1.5010772943496704
3147,0,0,1,2.083146810531616
3148,0,0,1,0.3339373469352722
3149,0,1,0,0.4972912073135376
3150,0,0,1,4.135512828826904
3151,0,0,1,0.5498718619346619
3152,0,0,1,0.06678634136915207
3153,0,1,0,4.915108680725098
3154,0,1,0,1.4579520225524902
3155,0,0,1,1.0419865846633911
3156,0,0,1,1.3065688610076904
3157,0,0,1,2.7750961780548096
3158,0,1,0,2.164468288421631
3159,0,1,0,0.6147575378417969
3160,0,1,0,0.9457606077194214
3161,0,0,1,2.2491586208343506
3162,0,0,1,1.5094714164733887
3163,0,1,0,0.9002981185913086
3164,0,0,1,2.6630003452301025
3165,0,1,0,0.1836526244878769
3166,0,1,0,0.29362764954566956
3167,0,0,1,4.7726593017578125
3168,0,0,1,2.3771302700042725
3169,0,0,1,0.5133624076843262
3170,0,0,1,0.19283001124858856
3171,0,0,1,0.9302837252616882
3172,0,1,0,0.458008348941803
3173,0,1,0,0.48735612630844116
3174,0,1,0,1.9895493984222412
3175,0,0,1,1.8383539915084839
3176,0,0,1,1.9733587503433228
3177,0,1,0,1.555039644241333
3178,0,1,0,0.4149318337440491
3179,0,1,0,3.9766762256622314
3180,0,1,0,2.30682110786438
3181,0,1,0,2.449451446533203
3182,0,0,1,4.518264293670654
3183,0,0,1,1.4375619888305664
3184,0,0,1,0.08307711035013199
3185,0,0,1,0.7517274022102356
3186,0,0,1,1.761841893196106
3187,0,0,1,2.1455540657043457
3188,0,0,1,0.4324502944946289
3189,0,0,1,0.5440306663513184
3190,0,1,0,2.2418510913848877
3191,0,1,0,0.03362384811043739
3192,0,1,0,0.45150935649871826
3193,0,0,1,0.26142627000808716
3194,0,0,1,1.0929787158966064
3195,0,0,1,0.5961090326309204
3196,0,1,0,0.3908275365829468
3197,0,1,0,0.8577677011489868
3198,0,1,0,1.4421930313110352
3199,0,0,1,0.39218801259994507
3200,0,1,0,0.9291499853134155
3201,0,1,0,0.3704933524131775
3202,0,0,1,0.4963601231575012
3203,0,1,0,1.5496575832366943
3204,0,0,1,3.4534618854522705
3205,0,0,1,4.08361291885376
3206,0,0,1,3.183307647705078
3207,0,0,1,2.2493107318878174
3208,0,0,1,1.6083548069000244
3209,0,1,0,2.6345784664154053
3210,0,1,0,3.6029865741729736
3211,0,0,1,0.9983778595924377
3212,0,0,1,1.6466423273086548
3213,0,1,0,0.5023214221000671
3214,0,1,0,1.2196838855743408
3215,0,1,0,1.6477649211883545
3216,0,0,1,0.3170740604400635
3217,0,0,1,0.6398511528968811
3218,0,1,0,3.7251641750335693
3219,0,0,1,1.8870230913162231
3220,0,0,1,0.23950494825839996
3221,0,0,1,0.9972628951072693
3222,0,1,0,0.5520257949829102
3223,0,1,0,1.3469816446304321
3224,0,0,1,0.321786105632782
3225,0,0,1,1.2388713359832764
3226,0,0,1,0.4360962510108948
3227,0,1,0,0.7737865447998047
3228,0,0,1,2.1671247482299805
3229,0,0,1,1.2076154947280884
3230,0,0,1,0.03827713057398796
3231,0,1,0,1.2547078132629395
3232,0,0,1,2.143871307373047
3233,0,0,1,5.175317287445068
3234,0,0,1,1.865422248840332
3235,0,1,0,1.1427806615829468
3236,0,0,1,2.4640257358551025
3237,0,1,0,1.7219351530075073
3238,0,0,1,2.383754253387451
3239,0,0,1,3.8356008529663086
3240,0,0,1,1.6927589178085327
3241,0,0,1,2.256258487701416
3242,0,1,0,1.0495412349700928
3243,0,0,1,1.0722503662109375
3244,0,1,0,0.4133036136627197
3245,0,1,0,0.7850049734115601
3246,0,0,1,5.755043029785156
3247,0,0,1,4.136907577514648
3248,0,0,1,1.697960615158081
3249,0,0,1,1.4507521390914917
3250,0,0,1,2.3300487995147705
3251,0,0,1,2.3398735523223877
3252,0,0,1,2.442492961883545
3253,0,0,1,0.31898564100265503
3254,0,1,0,1.8760302066802979
3255,0,0,1,2.926835775375366
3256,0,0,1,2.623985528945923
3257,0,0,1,1.5749717950820923
3258,0,0,1,4.214015960693359
3259,0,0,1,1.1013143062591553
3260,0,1,0,1.3175932168960571
3261,0,0,1,2.5597691535949707
3262,0,0,1,0.43845075368881226
3263,0,1,0,2.554652214050293
3264,0,1,0,0.07364429533481598
3265,0,0,1,0.15792027115821838
3266,0,1,0,1.3196861743927002
3267,0,1,0,1.2014862298965454
3268,0,1,0,0.24773916602134705
3269,0,0,1,0.255970299243927
3270,0,1,0,0.7594423890113831
3271,0,1,0,1.2956926822662354
3272,0,1,0,0.05917811021208763
3273,0,0,1,0.1849077045917511
3274,0,0,1,1.384988784790039
3275,0,1,0,3.1779520511627197
3276,0,0,1,2.3874781131744385
3277,0,0,1,1.0211249589920044
3278,0,0,1,0.7789999842643738
3279,0,0,1,0.8936614990234375
3280,0,1,0,2.1232845783233643
3281,0,1,0,2.105640411376953
3282,0,0,1,1.1426706314086914
3283,0,0,1,0.0723138377070427
3284,0,0,1,0.41423267126083374
3285,0,0,1,0.7123064994812012
3286,0,1,0,1.1311185359954834
3287,0,0,1,2.513378620147705
3288,1,0,0,1.3419679403305054
3289,0,0,1,2.8114993572235107
3290,0,0,1,0.8344090580940247
3291,0,0,1,0.9936621785163879
3292,0,0,1,0.671822190284729
3293,0,0,1,1.4600049257278442
3294,0,0,1,0.7539269328117371
3295,0,1,0,1.7314127683639526
3296,0,1,0,0.5082592964172363
3297,0,0,1,1.3846858739852905
3298,0,0,1,0.6962966918945312
3299,0,0,1,0.543879508972168
3300,0,0,1,1.0123313665390015
3301,0,0,1,0.3182840943336487
3302,0,0,1,4.117473125457764
3303,0,0,1,1.2723859548568726
3304,0,0,1,2.738675355911255
3305,0,0,1,2.6529197692871094
3306,0,1,0,1.9386932849884033
3307,0,0,1,2.087005376815796
3308,0,0,1,0.9721425771713257
3309,0,0,1,3.2545125484466553
3310,0,0,1,0.4500141143798828
3311,0,0,1,0.15029074251651764
3312,0,1,0,-0.012183409184217453
3313,0,1,0,0.009583819657564163
3314,0,1,0,0.2238796204328537
3315,0,1,0,0.7688682079315186
3316,0,0,1,1.3285051584243774
3317,0,0,1,1.4238932132720947
3318,0,1,0,1.5083179473876953
3319,0,0,1,2.0694072246551514
3320,0,1,0,0.3494192063808441
3321,0,1,0,2.1397440433502197
3322,0,1,0,0.5515731573104858
3323,0,0,1,0.6893180012702942
3324,0,1,0,0.678727924823761
3325,0,0,1,0.7617320418357849
3326,0,0,1,0.7552973628044128
3327,0,0,1,1.8982727527618408
3328,0,0,1,0.6481894850730896
3329,0,0,1,2.4180333614349365
3330,0,0,1,1.470984935760498
3331,0,0,1,0.3938100337982178
3332,0,0,1,0.3583134412765503
3333,0,1,0,0.7562143206596375
3334,0,1,0,0.9527138471603394
3335,0,0,1,0.16863948106765747
3336,0,0,1,0.7890512347221375
3337,0,0,1,0.9959046244621277
3338,0,0,1,2.872633218765259
3339,0,0,1,0.009971829131245613
3340,0,1,0,2.503509521484375
3341,0,1,0,1.399818778038025
3342,0,0,1,1.7118498086929321
3343,0,0,1,0.6336744427680969
3344,0,1,0,0.7102744579315186
3345,0,0,1,2.542210102081299
3346,0,1,0,0.45625996589660645
3347,0,0,1,4.0547919273376465
3348,0,0,1,2.8695504665374756
3349,0,0,1,0.6500980257987976
3350,0,1,0,1.1534063816070557
3351,0,0,1,1.888280987739563
3352,0,0,1,1.137680172920227
3353,0,0,1,0.09513942152261734
3354,0,1,0,1.2838246822357178
3355,0,1,0,1.15451180934906
3356,0,0,1,0.7207168936729431
3357,0,0,1,2.4154868125915527
3358,0,0,1,3.392643690109253
3359,0,0,1,2.2109673023223877
3360,0,0,1,0.5727663636207581
3361,0,1,0,2.2100837230682373
3362,0,0,1,2.419938802719116
3363,0,1,0,0.24572482705116272
3364,0,0,1,0.8523799777030945
3365,0,1,0,0.03290705382823944
3366,0,0,1,3.0102531909942627
3367,0,1,0,0.6380510330200195
3368,0,0,1,0.7516710162162781
3369,0,0,1,1.318360686302185
3370,0,0,1,1.8098714351654053
3371,0,0,1,4.659114837646484
3372,0,1,0,3.6141984462738037
3373,0,0,1,1.7426570653915405
3374,0,0,1,1.2415660619735718
3375,0,0,1,2.6320102214813232
3376,0,0,1,1.4093161821365356
3377,0,0,1,0.1803673356771469
3378,0,0,1,0.5901782512664795
3379,0,1,0,0.855084240436554
3380,0,0,1,2.4053194522857666
3381,0,0,1,3.2390072345733643
3382,0,0,1,4.502138614654541
3383,0,1,0,3.5594632625579834
3384,0,1,0,1.7983999252319336
3385,0,0,1,1.4110267162322998
3386,0,1,0,3.576075792312622
3387,0,0,1,0.6178303360939026
3388,0,1,0,0.5860772728919983
3389,0,0,1,2.023465871810913
3390,0,0,1,0.5847218632698059
3391,0,0,1,0.46805012226104736
3392,0,1,0,1.8178191184997559
3393,0,1,0,0.2333548218011856
3394,0,0,1,0.8273411989212036
3395,0,1,0,0.264142781496048
3396,0,0,1,0.4400068521499634
3397,0,1,0,0.9354917407035828
3398,0,1,0,0.22019703686237335
3399,0,0,1,0.3966471552848816
3400,0,0,1,3.23797345161438
3401,0,0,1,1.0556539297103882
3402,0,1,0,1.3586361408233643
3403,0,0,1,1.189862608909607
3404,0,1,0,1.9941015243530273
3405,0,1,0,1.1399062871932983
3406,0,0,1,1.4438828229904175
3407,0,0,1,2.793073892593384
3408,0,1,0,-0.02006429061293602
3409,0,1,0,0.9904524683952332
3410,0,1,0,0.8249719738960266
3411,0,0,1,3.2769036293029785
3412,0,0,1,3.188825845718384
3413,0,0,1,1.113803505897522
3414,0,0,1,0.16769415140151978
3415,0,0,1,0.03291696310043335
3416,0,1,0,0.7552447319030762
3417,0,1,0,1.1011536121368408
3418,0,1,0,1.1349378824234009
3419,0,0,1,1.2685858011245728
3420,0,0,1,0.05937998741865158
3421,0,0,1,2.5382769107818604
3422,0,0,1,0.6050700545310974
3423,0,0,1,0.6644430756568909
3424,0,1,0,2.5655293464660645
3425,0,0,1,1.9940446615219116
3426,0,1,0,2.6210949420928955
3427,0,1,0,0.921272337436676
3428,0,1,0,0.8230026960372925
3429,0,0,1,0.30646276473999023
3430,0,0,1,0.42690426111221313
3431,0,0,1,0.37074708938598633
3432,0,0,1,1.0758239030838013
3433,0,1,0,0.1788235753774643
3434,0,1,0,0.6090433597564697
3435,0,1,0,0.9155290126800537
3436,0,0,1,0.29726332426071167
3437,0,1,0,1.509300947189331
3438,0,0,1,1.8092690706253052
3439,0,0,1,0.5142109394073486
3440,0,1,0,1.09288489818573
3441,0,0,1,0.7497206330299377
3442,0,1,0,2.014833688735962
3443,0,1,0,0.03214195743203163
3444,0,0,1,0.8161906003952026
3445,0,1,0,0.8139263391494751
3446,0,0,1,2.7103965282440186
3447,0,0,1,0.6682125926017761
3448,0,0,1,0.7628853917121887
3449,0,0,1,0.8552519679069519
3450,0,1,0,2.0371758937835693
3451,0,0,1,2.5414106845855713
3452,0,0,1,0.9821422696113586
3453,0,1,0,1.4203355312347412
3454,0,1,0,0.36066609621047974
3455,0,0,1,0.5435470938682556
3456,0,1,0,0.9092915058135986
3457,0,1,0,3.2387852668762207
3458,0,1,0,1.176328420639038
3459,0,1,0,3.1616151332855225
3460,0,0,1,2.0401830673217773
3461,0,0,1,3.7177512645721436
3462,0,1,0,0.6799322366714478
3463,0,0,1,1.5790557861328125
3464,0,1,0,0.35028934478759766
3465,0,0,1,0.7479541301727295
3466,0,1,0,0.2587675154209137
3467,0,0,1,3.046773672103882
3468,0,1,0,0.22658465802669525
3469,0,0,1,0.9314512014389038
3470,0,0,1,0.264560341835022
3471,0,1,0,0.7844828367233276
3472,0,1,0,0.7962408661842346
3473,0,0,1,2.1134934425354004
3474,0,1,0,1.0480341911315918
3475,0,0,1,1.3696770668029785
3476,0,1,0,-0.020605184137821198
3477,0,1,0,2.187250852584839
3478,0,1,0,0.19210760295391083
3479,0,0,1,0.658409595489502
3480,0,0,1,0.0169374942779541
3481,0,0,1,0.28430771827697754
3482,0,1,0,0.16158077120780945
3483,0,0,1,1.4448453187942505
3484,0,0,1,2.077822208404541
3485,0,1,0,0.40012699365615845
3486,0,1,0,0.6717080473899841
3487,0,0,1,0.6572763323783875
3488,0,1,0,0.3938482999801636
3489,0,0,1,2.670335054397583
3490,0,0,1,1.3283110857009888
3491,0,1,0,0.8476197719573975
3492,0,1,0,1.5728473663330078
3493,0,1,0,0.41178464889526367
3494,0,1,0,1.4265447854995728
3495,0,1,0,-0.04234373942017555
3496,0,0,1,0.8559035062789917
3497,0,1,0,0.16105210781097412
3498,0,1,0,2.5846164226531982
3499,0,1,0,0.6665564775466919
3500,0,1,0,2.3724658489227295
3501,0,1,0,1.1562044620513916
3502,0,0,1,0.539716899394989
3503,0,1,0,0.35278961062431335
3504,0,0,1,0.7755025625228882
3505,0,0,1,0.9722727537155151
3506,0,1,0,0.8588277697563171
3507,0,0,1,0.7551841139793396
3508,0,0,1,0.29103541374206543
3509,0,0,1,2.813098192214966
3510,0,0,1,1.8656866550445557
3511,0,1,0,2.3279826641082764
3512,0,0,1,2.1350879669189453
3513,0,1,0,1.0880255699157715
3514,0,1,0,3.8874075412750244
3515,0,1,0,2.763878583908081
3516,0,1,0,1.7031123638153076
3517,0,0,1,0.06743986904621124
3518,0,1,0,1.0161802768707275
3519,0,1,0,0.31108349561691284
3520,0,0,1,0.002866990864276886
3521,0,1,0,0.5610998868942261
3522,0,0,1,0.19572705030441284
3523,0,0,1,1.059970736503601
3524,0,1,0,0.386699914932251
3525,0,1,0,1.1581567525863647
3526,0,1,0,1.184920072555542
3527,0,0,1,1.3091753721237183
3528,0,0,1,1.9086335897445679
3529,0,1,0,0.14000487327575684
3530,0,0,1,0.4603981375694275
3531,0,0,1,0.7963090538978577
3532,0,0,1,-0.018453821539878845
3533,0,0,1,2.961453676223755
3534,0,0,1,0.7278022170066833
3535,0,0,1,0.5544461607933044
3536,0,0,1,0.5181931257247925
3537,0,0,1,1.4598289728164673
3538,0,0,1,3.4478209018707275
3539,0,0,1,0.32562363147735596
3540,0,0,1,1.1137990951538086
3541,0,0,1,0.48747706413269043
3542,0,0,1,0.7556491494178772
3543,0,0,1,1.9369046688079834
3544,0,0,1,1.1490349769592285
3545,0,0,1,0.6813279986381531
3546,0,1,0,1.569193720817566
3547,0,1,0,0.8426011800765991
3548,0,1,0,1.0481024980545044
3549,0,0,1,1.979247808456421
3550,0,0,1,0.9052112698554993
3551,0,1,0,2.4383108615875244
3552,0,0,1,0.7056229710578918
3553,0,1,0,0.8072092533111572
3554,0,1,0,0.020947471261024475
3555,0,1,0,0.5529314875602722
3556,0,1,0,0.9890035390853882
3557,0,1,0,2.12396502494812
3558,0,1,0,1.4355592727661133
3559,0,1,0,0.4462856650352478
3560,0,0,1,0.17939119040966034
3561,0,0,1,2.0175750255584717
3562,0,1,0,1.584877371788025
3563,0,1,0,1.7067782878875732
3564,0,0,1,0.0024563074111938477
3565,0,1,0,1.6503009796142578
3566,0,1,0,0.640766978263855
3567,0,1,0,1.2758007049560547
3568,0,1,0,2.5945427417755127
3569,0,1,0,0.8633834719657898
3570,0,0,1,0.8519385457038879
3571,0,1,0,1.6371768712997437
3572,0,1,0,0.11932046711444855
3573,0,0,1,0.20071430504322052
3574,0,0,1,2.9175827503204346
3575,0,1,0,1.3143095970153809
3576,0,0,1,0.610841691493988
3577,0,1,0,1.2724761962890625
3578,0,1,0,0.966897189617157
3579,0,1,0,0.397957980632782
3580,0,1,0,0.620364785194397
3581,0,1,0,0.4433697462081909
3582,0,1,0,0.392127126455307
3583,0,0,1,4.539035797119141
3584,0,1,0,0.6991010904312134
3585,0,0,1,1.519805669784546
3586,0,1,0,1.3136446475982666
3587,0,0,1,2.4379076957702637
3588,0,1,0,1.7758554220199585
3589,0,1,0,0.4327342212200165
3590,0,0,1,0.3467752933502197
3591,0,0,1,1.5533058643341064
3592,0,1,0,0.7844914793968201
3593,0,0,1,1.1530216932296753
3594,0,1,0,0.031983960419893265
3595,0,0,1,2.426762104034424
3596,0,1,0,0.6677882671356201
3597,0,1,0,1.7601317167282104
3598,0,0,1,0.057867661118507385
3599,0,1,0,1.0082619190216064
3600,0,1,0,0.10485953092575073
3601,0,0,1,0.6562250852584839
3602,0,0,1,0.46248137950897217
3603,0,1,0,2.257908344268799
3604,0,0,1,0.15457892417907715
3605,0,0,1,1.877846121788025
3606,0,1,0,0.38002514839172363
3607,0,0,1,2.1402182579040527
3608,0,1,0,0.4267645478248596
3609,0,0,1,4.8932390213012695
3610,0,1,0,2.2584712505340576
3611,0,1,0,0.19738444685935974
3612,0,0,1,0.1424122303724289
3613,0,1,0,1.89694344997406
3614,0,0,1,3.555764675140381
3615,0,1,0,2.6741068363189697
3616,0,0,1,1.0105944871902466
3617,0,1,0,0.6466760635375977
3618,0,0,1,0.6248953938484192
3619,0,1,0,0.8140137791633606
3620,0,0,1,0.830327570438385
3621,0,1,0,1.932532787322998
3622,0,0,1,0.4485870599746704
3623,0,1,0,1.0829633474349976
3624,0,1,0,0.20247772336006165
3625,0,0,1,0.9886564612388611
3626,0,1,0,1.5009289979934692
3627,0,0,1,0.3392006754875183
3628,0,1,0,0.2892798185348511
3629,0,1,0,1.5070574283599854
3630,0,0,1,0.7134867310523987
3631,0,0,1,0.007282234728336334
3632,0,0,1,1.8219118118286133
3633,0,1,0,0.12772990763187408
3634,0,1,0,1.0674079656600952
3635,0,1,0,1.31174635887146
3636,0,1,0,0.08649685978889465
3637,0,0,1,0.48157715797424316
3638,0,0,1,2.9113497734069824
3639,0,0,1,1.0434324741363525
3640,0,0,1,1.2591856718063354
3641,0,1,0,1.1672399044036865
3642,0,0,1,1.972940444946289
3643,0,0,1,1.9228378534317017
3644,0,1,0,0.7172716856002808
3645,0,1,0,0.0188370980322361
3646,0,0,1,3.301692247390747
3647,0,1,0,0.7809103727340698
3648,0,0,1,1.626441240310669
3649,0,0,1,2.593280076980591
3650,0,0,1,0.36507320404052734
3651,0,1,0,1.0805702209472656
3652,0,1,0,0.26260989904403687
3653,0,1,0,2.521000862121582
3654,0,0,1,1.81204092502594
3655,0,1,0,1.0307117700576782
3656,0,0,1,1.5787307024002075
3657,0,1,0,1.9786947965621948
3658,0,0,1,1.188195824623108
3659,0,0,1,2.8485331535339355
3660,0,0,1,2.199807643890381
3661,0,0,1,1.4482790231704712
3662,0,0,1,0.6300973296165466
3663,0,1,0,0.7165316939353943
3664,0,1,0,1.0716934204101562
3665,0,1,0,1.3221440315246582
3666,0,0,1,3.2601430416107178
3667,0,1,0,0.3089267313480377
3668,0,1,0,2.0476672649383545
3669,0,1,0,0.37910130620002747
3670,0,1,0,2.347059965133667
3671,0,1,0,1.318779468536377
3672,0,0,1,3.242668867111206
3673,0,0,1,1.5937083959579468
3674,0,1,0,0.47897055745124817
3675,0,1,0,1.043059229850769
3676,0,1,0,1.0957494974136353
3677,0,0,1,1.2649017572402954
3678,0,1,0,1.7077566385269165
3679,0,1,0,0.4864046573638916
3680,0,1,0,0.9189510941505432
3681,0,1,0,-0.025403838604688644
3682,0,0,1,-0.007018830627202988
3683,0,0,1,1.7931610345840454
3684,0,1,0,0.10292419791221619
3685,0,1,0,1.202768087387085
3686,0,1,0,0.25374236702919006
3687,0,0,1,1.7898948192596436
3688,0,1,0,1.1815605163574219
3689,0,0,1,1.5170055627822876
3690,0,0,1,0.43128031492233276
3691,0,1,0,-0.021911177784204483
3692,0,0,1,0.3626353144645691
3693,0,1,0,0.6777108311653137
3694,0,1,0,1.7885217666625977
3695,0,0,1,0.8584101796150208
3696,0,1,0,0.4294023811817169
3697,0,1,0,1.242246150970459
3698,0,0,1,2.2763328552246094
3699,0,0,1,1.1594058275222778
3700,0,1,0,0.6040188074111938
3701,0,0,1,1.6221868991851807
3702,0,0,1,5.361594200134277
3703,0,0,1,1.4459989070892334
3704,0,1,0,0.5653766393661499
3705,0,1,0,0.390975683927536
3706,0,0,1,0.3085200786590576
3707,0,0,1,0.06513956189155579
3708,0,0,1,0.9749208688735962
3709,0,0,1,0.431982159614563
3710,0,0,1,2.1540231704711914
3711,0,0,1,0.5755094289779663
3712,0,0,1,0.2794702649116516
3713,0,0,1,1.3125836849212646
3714,0,0,1,0.30856841802597046
3715,0,0,1,2.3167612552642822
3716,0,1,0,0.33024847507476807
3717,0,0,1,0.12828245759010315
3718,0,0,1,0.9833396077156067
3719,0,0,1,1.2853883504867554
3720,0,1,0,2.609642267227173
3721,0,1,0,2.1367275714874268
3722,0,0,1,1.9904882907867432
3723,0,1,0,0.3124053180217743
3724,0,1,0,1.8815442323684692
3725,0,1,0,2.4004950523376465
3726,0,0,1,2.945887804031372
3727,0,0,1,3.440793752670288
3728,0,0,1,0.1986955851316452
3729,0,1,0,2.12601637840271
3730,0,0,1,1.2778794765472412
3731,0,0,1,0.6588999629020691
3732,0,1,0,1.839998483657837
3733,0,0,1,0.21437884867191315
3734,0,1,0,0.43264368176460266
3735,0,0,1,1.5838477611541748
3736,0,0,1,0.28985172510147095
3737,0,1,0,0.5148711204528809
3738,0,0,1,3.525709629058838
3739,0,1,0,1.4126862287521362
3740,0,1,0,0.9643664360046387
3741,0,1,0,0.1551206111907959
3742,0,1,0,1.9105775356292725
3743,0,1,0,0.49773430824279785
3744,0,0,1,0.45472943782806396
3745,0,1,0,0.7643639445304871
3746,0,0,1,1.3949538469314575
3747,0,1,0,2.7178900241851807
3748,0,1,0,1.1892988681793213
3749,0,1,0,0.2688428461551666
3750,0,1,0,1.8014373779296875
3751,0,1,0,1.6971126794815063
3752,0,0,1,2.12530517578125
3753,0,0,1,0.26722580194473267
3754,0,1,0,0.2641671299934387
3755,0,0,1,0.6372395753860474
3756,0,1,0,0.8453564643859863
3757,0,1,0,3.1115992069244385
3758,0,1,0,1.9227697849273682
3759,0,0,1,4.505243301391602
3760,0,0,1,1.5286283493041992
3761,0,1,0,0.7472892999649048
3762,0,1,0,2.115468740463257
3763,0,1,0,0.7351509928703308
3764,0,0,1,1.1467138528823853
3765,0,0,1,1.0881832838058472
3766,0,0,1,2.5076286792755127
3767,0,1,0,1.0034618377685547
3768,0,1,0,0.7869008779525757
3769,0,1,0,2.073767900466919
3770,0,1,0,0.45635107159614563
3771,0,0,1,-0.02016867697238922
3772,0,1,0,2.0160715579986572
3773,0,0,1,0.7818792462348938
3774,0,1,0,0.5042020678520203
3775,0,0,1,0.08179792761802673
3776,0,0,1,1.2756541967391968
3777,0,1,0,0.29101431369781494
3778,0,0,1,0.6641581654548645
3779,0,1,0,1.5922620296478271
3780,0,0,1,2.2726428508758545
3781,0,0,1,0.46546655893325806
3782,0,1,0,1.1841588020324707
3783,0,1,0,0.40225449204444885
3784,0,0,1,0.3371286392211914
3785,0,1,0,0.9603249430656433
3786,0,0,1,0.85724937915802
3787,0,0,1,1.4355250597000122
3788,0,1,0,1.320462942123413
3789,0,1,0,1.4022051095962524
3790,0,1,0,0.3432442545890808
3791,0,0,1,1.045603632926941
3792,0,0,1,1.7417813539505005
3793,0,0,1,0.47582679986953735
3794,0,0,1,1.5379122495651245
3795,0,0,1,2.2167251110076904
3796,0,0,1,0.3842198848724365
3797,0,1,0,1.293350338935852
3798,0,1,0,0.035380277782678604
3799,0,0,1,2.963986873626709
3800,0,1,0,0.3465467691421509
3801,0,0,1,0.627855658531189
3802,0,1,0,1.0773104429244995
3803,0,0,1,3.856517791748047
3804,0,1,0,1.1032066345214844
3805,0,0,1,0.7810423374176025
3806,0,1,0,1.6504980325698853
3807,0,1,0,3.9937546253204346
3808,0,0,1,0.13623443245887756
3809,0,1,0,0.6628774404525757
3810,0,0,1,0.14798420667648315
3811,0,0,1,2.07497501373291
3812,0,1,0,2.718360185623169
3813,0,1,0,1.8476650714874268
3814,0,0,1,2.1915695667266846
3815,0,0,1,0.3718583583831787
3816,0,1,0,1.359427571296692
3817,0,0,1,0.06384093314409256
3818,0,0,1,1.0639479160308838
3819,0,1,0,0.46903809905052185
3820,0,0,1,0.36230260133743286
3821,0,0,1,0.5782904028892517
3822,0,0,1,4.411830425262451
3823,0,1,0,2.1845901012420654
3824,0,1,0,1.1067891120910645
3825,0,1,0,1.433892011642456
3826,0,0,1,3.984351396560669
3827,0,0,1,1.7956961393356323
3828,0,1,0,1.4764076471328735
3829,0,0,1,-0.008303260430693626
3830,0,0,1,0.8254656791687012
3831,0,1,0,1.2495815753936768
3832,0,0,1,0.6230231523513794
3833,0,1,0,0.7283319234848022
3834,0,1,0,0.4767323136329651
3835,0,1,0,1.1226089000701904
3836,0,1,0,2.1936838626861572
3837,0,0,1,0.0037383437156677246
3838,0,0,1,0.5042785406112671
3839,0,1,0,0.6092345714569092
3840,0,1,0,0.22454972565174103
3841,0,0,1,0.5406031608581543
3842,0,1,0,0.7035968899726868
3843,0,0,1,1.685220718383789
3844,0,1,0,0.4429823160171509
3845,0,0,1,0.3131713271141052
3846,0,0,1,3.463472604751587
3847,0,0,1,0.43241846561431885
3848,0,0,1,0.1174549013376236
3849,0,1,0,0.3424528241157532
3850,0,1,0,0.18265625834465027
3851,0,0,1,0.5344218611717224
3852,0,1,0,3.2664153575897217
3853,0,0,1,1.421942114830017
3854,0,0,1,2.3972249031066895
3855,0,0,1,1.427086591720581
3856,0,1,0,0.5175378918647766
3857,0,0,1,1.1314314603805542
3858,0,0,1,2.1250574588775635
3859,0,0,1,1.3456541299819946
3860,0,1,0,0.7407635450363159
3861,0,0,1,1.462502121925354
3862,0,0,1,1.3967814445495605
3863,0,0,1,2.370711326599121
3864,0,1,0,1.2674612998962402
3865,0,0,1,0.6254463791847229
3866,0,0,1,1.7004735469818115
3867,0,1,0,0.022821228951215744
3868,0,1,0,0.44314044713974
3869,0,1,0,0.1686989963054657
3870,0,0,1,1.2329481840133667
3871,0,0,1,0.7152500152587891
3872,0,1,0,1.4839116334915161
3873,0,0,1,0.6387124061584473
3874,0,0,1,0.8217552304267883
3875,0,0,1,2.0046591758728027
3876,0,1,0,2.650585651397705
3877,0,1,0,1.1241984367370605
3878,0,1,0,0.03545016422867775
3879,0,1,0,0.28705930709838867
3880,0,0,1,0.02408336102962494
3881,0,0,1,0.7303945422172546
3882,0,1,0,0.5119612216949463
3883,0,1,0,0.683629035949707
3884,0,0,1,0.42015504837036133
3885,0,1,0,2.7411949634552
3886,0,0,1,1.0985864400863647
3887,0,1,0,1.2039990425109863
3888,0,0,1,3.0339739322662354
3889,0,1,0,0.4632833003997803
3890,0,1,0,1.7451577186584473
3891,0,0,1,0.4387609362602234
3892,0,1,0,1.156693935394287
3893,0,1,0,1.130561351776123
3894,0,1,0,1.5316178798675537
3895,0,1,0,1.9890071153640747
3896,0,0,1,0.7020012140274048
3897,0,0,1,0.607566237449646
3898,0,0,1,1.157241702079773
3899,0,0,1,0.578266441822052
3900,0,0,1,1.5378246307373047
3901,0,0,1,2.803926706314087
3902,0,1,0,1.1338969469070435
3903,0,0,1,3.4498937129974365
3904,0,1,0,0.3316452205181122
3905,0,0,1,1.0825830698013306
3906,0,0,1,0.9808698296546936
3907,0,1,0,0.12056507170200348
3908,0,1,0,0.9542903900146484
3909,0,0,1,0.5900583267211914
3910,0,1,0,0.30671316385269165
3911,0,0,1,1.5734740495681763
3912,0,0,1,0.471404492855072
3913,0,1,0,2.4947350025177
3914,0,1,0,1.3181681632995605
3915,0,0,1,2.905701160430908
3916,0,0,1,2.101814031600952
3917,0,0,1,1.0435311794281006
3918,0,0,1,0.26814109086990356
3919,0,1,0,0.8589054942131042
3920,0,0,1,0.6001420617103577
3921,0,1,0,0.7221028804779053
3922,0,0,1,1.4557057619094849
3923,0,1,0,1.8579267263412476
3924,0,1,0,0.9557554125785828
3925,0,1,0,0.1945960819721222
3926,0,1,0,0.1677962839603424
3927,0,0,1,1.5875005722045898
3928,0,0,1,0.5961001515388489
3929,0,0,1,1.0991504192352295
3930,0,0,1,0.05184834450483322
3931,0,1,0,0.5531640648841858
3932,0,0,1,0.26376694440841675
3933,0,0,1,0.6461233496665955
3934,0,0,1,1.9721628427505493
3935,0,0,1,2.7805521488189697
3936,0,1,0,1.3498563766479492
3937,0,0,1,-0.010502845048904419
3938,0,0,1,0.16780482232570648
3939,0,0,1,0.7200801968574524
3940,0,1,0,1.018151044845581
3941,0,0,1,2.042024612426758
3942,0,1,0,0.43095916509628296
3943,0,1,0,1.8953214883804321
3944,0,0,1,0.676973283290863
3945,0,1,0,1.1862404346466064
3946,0,0,1,-0.016774103045463562
3947,0,0,1,0.12981967628002167
3948,0,0,1,2.188551664352417
3949,0,0,1,0.5715981721878052
3950,0,0,1,0.29477041959762573
3951,0,0,1,-0.013864174485206604
3952,0,1,0,3.481722116470337
3953,0,0,1,0.07171943783760071
3954,0,1,0,3.5865657329559326
3955,0,0,1,0.3593447804450989
3956,0,1,0,1.8005397319793701
3957,0,1,0,0.5200793147087097
3958,0,0,1,1.6740578413009644
3959,0,0,1,2.1170005798339844
3960,0,0,1,0.30611681938171387
3961,0,0,1,0.6163751482963562
3962,0,0,1,0.32103675603866577
3963,0,0,1,0.5749058127403259
3964,0,0,1,1.1317089796066284
3965,0,1,0,1.3481452465057373
3966,0,1,0,1.5542373657226562
3967,0,0,1,1.9355401992797852
3968,0,1,0,0.7710374593734741
3969,0,0,1,1.7416020631790161
3970,0,0,1,0.4227709174156189
3971,0,1,0,1.0081881284713745
3972,0,0,1,0.23018746078014374
3973,0,1,0,1.717268466949463
3974,0,1,0,2.2929434776306152
3975,0,1,0,1.2380722761154175
3976,0,0,1,0.9787576794624329
3977,0,0,1,0.7219282984733582
3978,0,1,0,0.3237305283546448
3979,0,1,0,0.7488556504249573
3980,0,1,0,2.413149833679199
3981,0,1,0,0.27791425585746765
3982,0,0,1,1.955782413482666
3983,0,0,1,1.014320731163025
3984,0,0,1,1.3741364479064941
3985,0,1,0,0.6656874418258667
3986,0,0,1,1.5636186599731445
3987,0,0,1,1.2129870653152466
3988,0,1,0,0.2230423241853714
3989,0,0,1,0.09904628247022629
3990,0,1,0,-0.05931757763028145
3991,0,0,1,0.25303858518600464
3992,0,1,0,0.3095622658729553
3993,0,0,1,0.98167884349823
3994,0,0,1,1.5914400815963745
3995,0,1,0,0.18276280164718628
3996,0,0,1,0.26299387216567993
3997,0,1,0,0.884712815284729
3998,0,1,0,1.1861892938613892
3999,0,1,0,3.144277334213257
4000,0,1,0,1.376481294631958
4001,0,0,1,2.225062370300293
4002,0,0,1,0.40231502056121826
4003,0,0,1,0.7702893018722534
4004,0,1,0,1.5559873580932617
4005,0,1,0,1.4200563430786133
4006,0,1,0,0.22328267991542816
4007,0,0,1,1.2039356231689453
4008,0,1,0,0.6780192255973816
4009,0,0,1,1.2938404083251953
4010,0,1,0,1.3091765642166138
4011,0,0,1,1.0863744020462036
4012,0,1,0,0.7182378172874451
4013,0,0,1,2.8928022384643555
4014,0,1,0,1.6198225021362305
4015,0,0,1,2.0183568000793457
4016,0,0,1,3.399757146835327
4017,0,0,1,2.232646942138672
4018,0,0,1,0.8599653244018555
4019,0,0,1,3.5014564990997314
4020,0,0,1,0.1961180716753006
4021,0,0,1,2.1217455863952637
4022,0,0,1,1.484595775604248
4023,0,0,1,0.947025716304779
4024,0,1,0,0.4376107156276703
4025,0,0,1,1.2099381685256958
4026,0,0,1,2.725005626678467
4027,0,0,1,3.5869948863983154
4028,0,1,0,0.371044784784317
4029,0,1,0,0.22176268696784973
4030,0,1,0,2.3776206970214844
4031,0,0,1,0.06154266744852066
4032,0,1,0,1.115161657333374
4033,0,0,1,0.07951633632183075
4034,0,0,1,0.10755246877670288
4035,0,1,0,0.6812338829040527
4036,0,1,0,0.08271414041519165
4037,0,0,1,0.7208255529403687
4038,0,1,0,1.4383742809295654
4039,0,1,0,1.2891850471496582
4040,0,0,1,2.9134533405303955
4041,0,0,1,1.436221957206726
4042,0,1,0,1.6482441425323486
4043,0,0,1,0.9676230549812317
4044,0,1,0,1.7603182792663574
4045,0,0,1,1.4231958389282227
4046,0,0,1,0.6353937983512878
4047,0,0,1,0.8621200919151306
4048,0,0,1,0.2866200804710388
4049,0,0,1,0.312183141708374
4050,0,0,1,1.9751560688018799
4051,0,0,1,0.2170812338590622
4052,0,0,1,3.6467292308807373
4053,0,1,0,0.019701849669218063
4054,0,0,1,0.8634145855903625
4055,0,0,1,4.259724140167236
4056,0,0,1,1.3279350996017456
4057,0,0,1,4.078723430633545
4058,0,0,1,0.27330297231674194
4059,0,1,0,1.5448838472366333
4060,0,0,1,0.25932663679122925
4061,0,1,0,0.15736687183380127
4062,0,0,1,0.45272296667099
4063,0,1,0,2.1561942100524902
4064,0,0,1,1.033082365989685
4065,0,0,1,4.030893325805664
4066,0,0,1,1.7402921915054321
4067,0,1,0,2.2900173664093018
4068,0,1,0,1.1960539817810059
4069,0,1,0,0.5904024243354797
4070,0,0,1,1.1063262224197388
4071,0,0,1,0.14364896714687347
4072,0,0,1,2.090343475341797
4073,0,0,1,0.5184716582298279
4074,0,1,0,1.3171412944793701
4075,0,0,1,2.145570755004883
4076,0,1,0,1.2377420663833618
4077,0,0,1,3.2188498973846436
4078,0,0,1,1.3706080913543701
4079,0,0,1,2.2085366249084473
4080,0,1,0,0.49666398763656616
4081,0,0,1,0.5605632066726685
4082,0,1,0,-0.023883696645498276
4083,0,1,0,0.15001295506954193
4084,0,1,0,0.02757888101041317
4085,0,0,1,0.2550588846206665
4086,0,0,1,0.24964193999767303
4087,0,1,0,1.0418189764022827
4088,0,1,0,0.8478026390075684
4089,0,0,1,1.1407490968704224
4090,0,1,0,0.9473845362663269
4091,0,1,0,2.2033283710479736
4092,0,1,0,2.2821569442749023
4093,0,1,0,-0.022995833307504654
4094,0,1,0,0.3678569793701172
4095,0,1,0,0.2604798972606659
4096,0,0,1,0.11905571818351746
4097,0,0,1,1.2275718450546265
4098,0,0,1,0.7584150433540344
4099,0,0,1,1.4183592796325684
4100,0,0,1,1.7791692018508911
4101,0,0,1,0.1229703426361084
4102,0,1,0,2.877129077911377
4103,0,1,0,0.9071555137634277
4104,0,1,0,0.7525012493133545
4105,0,0,1,1.0185319185256958
4106,0,1,0,0.6302639245986938
4107,0,1,0,0.21616984903812408
4108,0,1,0,0.5023085474967957
4109,0,0,1,0.9757214188575745
4110,0,0,1,3.910022020339966
4111,0,1,0,2.050302267074585
4112,0,0,1,0.5941987633705139
4113,0,1,0,1.5634815692901611
4114,0,1,0,0.04546952247619629
4115,0,0,1,3.5901925563812256
4116,0,0,1,0.6070429086685181
4117,0,1,0,-0.012402143329381943
4118,0,0,1,1.4239505529403687
4119,0,0,1,2.73511004447937
4120,0,0,1,0.9017191529273987
4121,0,1,0,1.2007834911346436
4122,0,0,1,0.691595733165741
4123,0,1,0,0.41741013526916504
4124,0,0,1,0.39688122272491455
4125,0,0,1,1.032332181930542
4126,0,0,1,2.0469510555267334
4127,0,0,1,0.6579955816268921
4128,0,0,1,0.7494574189186096
4129,0,0,1,1.485837697982788
4130,0,1,0,0.6332546472549438
4131,0,1,0,0.31693270802497864
4132,0,0,1,0.34599560499191284
4133,0,1,0,0.34434816241264343
4134,0,1,0,0.1642686277627945
4135,0,1,0,1.9639078378677368
4136,0,0,1,0.169137105345726
4137,0,1,0,3.0592103004455566
4138,0,1,0,1.178650140762329
4139,0,1,0,2.105248212814331
4140,0,0,1,0.9339196085929871
4141,0,0,1,1.5392361879348755
4142,0,0,1,2.494635820388794
4143,0,1,0,3.0848591327667236
4144,0,0,1,3.240588665008545
4145,0,0,1,2.1214487552642822
4146,0,0,1,3.10200834274292
4147,0,0,1,2.2022736072540283
4148,0,0,1,3.2990267276763916
4149,0,0,1,1.742674469947815
4150,0,1,0,1.5953760147094727
4151,0,1,0,0.016943275928497314
4152,0,1,0,1.5566312074661255
4153,0,1,0,2.7554547786712646
4154,0,0,1,1.05437171459198
4155,0,1,0,1.5425052642822266
4156,0,1,0,2.3935015201568604
4157,0,1,0,1.4204713106155396
4158,0,0,1,1.3926986455917358
4159,0,0,1,0.8670259118080139
4160,0,1,0,1.2691322565078735
4161,0,0,1,1.8108457326889038
4162,0,0,1,3.752605438232422
4163,0,1,0,0.11974257230758667
4164,0,1,0,1.4241522550582886
4165,0,1,0,1.2395012378692627
4166,0,0,1,1.689456582069397
4167,0,1,0,1.6641641855239868
4168,0,1,0,0.00985301285982132
4169,0,0,1,2.1933929920196533
4170,0,0,1,2.2852396965026855
4171,0,0,1,3.2422006130218506
4172,0,0,1,1.0295885801315308
4173,0,0,1,0.3796055316925049
4174,0,1,0,0.6222203969955444
4175,0,0,1,1.1770910024642944
4176,0,0,1,1.270161747932434
4177,0,1,0,1.3350565433502197
4178,0,1,0,0.2586340308189392
4179,0,1,0,0.25426825881004333
4180,0,1,0,1.6327166557312012
4181,0,1,0,1.2077202796936035
4182,0,0,1,0.9713365435600281
4183,0,0,1,0.5872696042060852
4184,0,0,1,1.3990504741668701
4185,0,1,0,1.435775637626648
4186,0,1,0,2.9186551570892334
4187,0,1,0,0.116567462682724
4188,0,0,1,1.0134435892105103
4189,0,1,0,2.6503419876098633
4190,0,1,0,0.7486364841461182
4191,0,0,1,2.5087056159973145
4192,0,1,0,1.0525976419448853
4193,0,0,1,0.6085355281829834
4194,0,0,1,0.7435519695281982
4195,0,1,0,-0.027261797338724136
4196,0,1,0,2.305105447769165
4197,0,1,0,0.28486067056655884
4198,0,0,1,1.236167311668396
4199,0,1,0,1.1961820125579834
4200,0,1,0,1.9145519733428955
4201,0,1,0,0.38089078664779663
4202,0,1,0,0.47077733278274536
4203,0,0,1,0.24361230432987213
4204,0,0,1,4.306492328643799
4205,0,1,0,2.7316997051239014
4206,0,0,1,1.9158306121826172
4207,0,1,0,0.9727321267127991
4208,0,1,0,0.07554154098033905
4209,0,0,1,1.187188744544983
4210,0,0,1,1.0390241146087646
4211,0,0,1,0.43455177545547485
4212,0,0,1,1.510961890220642
4213,0,1,0,0.23555433750152588
4214,0,0,1,0.02567531168460846
4215,0,0,1,1.1962777376174927
4216,0,0,1,1.7937532663345337
4217,0,0,1,1.0393638610839844
4218,0,0,1,2.0360755920410156
4219,0,0,1,0.4203186631202698
4220,0,1,0,1.3366389274597168
4221,0,1,0,2.1038169860839844
4222,0,0,1,0.5744300484657288
4223,0,1,0,1.4555244445800781
4224,0,1,0,0.6766014099121094
4225,0,1,0,1.600172996520996
4226,0,1,0,0.7753012776374817
4227,0,0,1,1.5607625246047974
4228,0,0,1,0.763009786605835
4229,0,0,1,0.3265243172645569
4230,0,1,0,0.5222826600074768
4231,0,0,1,1.0969321727752686
4232,0,0,1,0.6494166254997253
4233,0,0,1,1.529823660850525
4234,0,0,1,1.5319273471832275
4235,0,0,1,0.8320578336715698
4236,0,1,0,0.2814788222312927
4237,0,1,0,1.870734691619873
4238,0,1,0,1.0349140167236328
4239,0,1,0,2.2331674098968506
4240,0,0,1,2.0659754276275635
4241,0,0,1,1.5516858100891113
4242,0,1,0,0.8421099185943604
4243,0,1,0,1.9939866065979004
4244,0,1,0,0.4841110110282898
4245,0,0,1,2.1937901973724365
4246,0,0,1,0.6709993481636047
4247,0,1,0,0.03075609728693962
4248,0,0,1,1.7347296476364136
4249,0,0,1,2.471792459487915
4250,0,0,1,2.1591098308563232
4251,0,0,1,0.5840689539909363
4252,0,0,1,0.11433829367160797
4253,0,1,0,0.41499248147010803
4254,0,1,0,2.783346176147461
4255,0,0,1,0.8461191058158875
4256,0,0,1,0.7737678289413452
4257,0,1,0,0.7524300813674927
4258,0,1,0,2.0219600200653076
4259,0,0,1,4.224828243255615
4260,0,1,0,1.4330599308013916
4261,0,0,1,0.9079733490943909
4262,0,0,1,2.0388941764831543
4263,0,1,0,1.8929712772369385
4264,0,1,0,0.4942588806152344
4265,0,0,1,0.988452672958374
4266,0,1,0,0.8069829940795898
4267,0,0,1,0.6782466173171997
4268,0,1,0,1.836425542831421
4269,0,0,1,5.669768333435059
4270,0,0,1,2.0915310382843018
4271,0,1,0,2.6747872829437256
4272,0,1,0,1.0416887998580933
4273,0,0,1,2.5089426040649414
4274,0,0,1,2.138176441192627
4275,0,1,0,2.9723286628723145
4276,0,1,0,1.5233893394470215
4277,0,1,0,0.9737989902496338
4278,0,0,1,0.08824336528778076
4279,0,0,1,0.18773183226585388
4280,0,1,0,2.0772693157196045
4281,0,0,1,1.4089354276657104
4282,0,1,0,0.10743644833564758
4283,0,0,1,0.0175713449716568
4284,0,0,1,4.125463962554932
4285,0,1,0,2.5109128952026367
4286,0,1,0,0.16143673658370972
4287,0,1,0,2.168665647506714
4288,0,1,0,0.6732220649719238
4289,0,0,1,1.5689462423324585
4290,0,0,1,0.7544856071472168
4291,0,0,1,3.243950605392456
4292,0,0,1,1.261225700378418
4293,0,0,1,2.2271440029144287
4294,0,1,0,0.30272921919822693
4295,0,1,0,1.6193642616271973
4296,0,0,1,0.020693300291895866
4297,0,0,1,1.2225545644760132
4298,0,0,1,0.15943576395511627
4299,0,1,0,0.4355602264404297
4300,0,0,1,1.8522497415542603
4301,0,0,1,1.3877283334732056
4302,0,0,1,3.7595629692077637
4303,0,0,1,0.23450464010238647
4304,0,1,0,1.9324016571044922
4305,0,0,1,3.9773099422454834
