sample_idx,true_label,pred_label,correct,confidence
0,3,3,1,2.9712564945220947
1,8,3,0,2.0646800994873047
2,8,5,0,2.742547035217285
3,0,0,1,2.791311740875244
4,6,6,1,4.770906448364258
5,6,6,1,2.064490795135498
6,1,0,0,3.524812936782837
7,6,2,0,2.056281566619873
8,3,3,1,0.3392404615879059
9,1,3,0,-0.3540436625480652
10,0,0,1,4.039268493652344
11,9,1,0,2.9511876106262207
12,5,3,0,0.4377143085002899
13,7,7,1,0.43379124999046326
14,9,9,1,3.7416255474090576
15,8,5,0,0.6876218318939209
16,5,5,1,2.154327869415283
17,7,5,0,0.7600899934768677
18,8,3,0,0.6132876873016357
19,6,3,0,1.4410353899002075
20,7,7,1,3.7356152534484863
21,0,0,1,3.3628880977630615
22,4,2,0,1.1318035125732422
23,9,9,1,3.9921247959136963
24,5,3,0,1.8954507112503052
25,2,3,0,1.3151893615722656
26,4,4,1,1.236989974975586
27,0,5,0,1.8533529043197632
28,9,9,1,7.316967487335205
29,6,6,1,5.174099922180176
30,6,6,1,2.3782498836517334
31,5,5,1,6.3355712890625
32,4,6,0,3.1177079677581787
33,5,3,0,1.1257729530334473
34,9,1,0,3.1478371620178223
35,2,8,0,0.13657334446907043
36,4,4,1,2.578077793121338
37,1,9,0,2.2855541706085205
38,9,9,1,1.3856563568115234
39,5,5,1,5.346067905426025
40,4,9,0,0.17993244528770447
41,6,3,0,2.4853157997131348
42,5,2,0,2.4260218143463135
43,6,2,0,3.3540141582489014
44,0,2,0,2.4102048873901367
45,9,3,0,3.115419626235962
46,3,5,0,2.760707378387451
47,9,3,0,-0.6331192851066589
48,7,4,0,6.216023921966553
49,6,6,1,6.539006233215332
50,9,9,1,0.8500733971595764
51,8,8,1,1.051490306854248
52,0,5,0,2.031635284423828
53,3,6,0,3.63331937789917
54,8,8,1,6.944582462310791
55,8,8,1,9.83644962310791
56,7,6,0,3.5699031352996826
57,7,3,0,1.0008268356323242
58,4,5,0,1.6014764308929443
59,6,7,0,2.1623623371124268
60,7,4,0,1.3814772367477417
61,3,5,0,2.127166271209717
62,6,3,0,2.4796576499938965
63,3,0,0,0.8131431341171265
64,6,3,0,1.127216100692749
65,2,2,1,6.380128860473633
66,1,8,0,1.7058581113815308
67,2,2,1,0.7495594620704651
68,3,3,1,1.8179506063461304
69,7,2,0,0.3410206139087677
70,2,2,1,1.7905962467193604
71,6,6,1,3.405127763748169
72,8,0,0,3.063206434249878
73,8,0,0,-0.32871511578559875
74,0,2,0,0.39040181040763855
75,2,2,1,2.10931658744812
76,9,9,1,1.6996806859970093
77,3,3,1,2.9866859912872314
78,3,1,0,0.9102650284767151
79,8,7,0,1.1727495193481445
80,8,8,1,8.248462677001953
81,1,1,1,3.001680612564087
82,1,1,1,2.1262855529785156
83,7,0,0,2.1414332389831543
84,2,3,0,1.4151052236557007
85,5,3,0,-0.23484234511852264
86,2,2,1,5.488381385803223
87,7,4,0,0.5042293667793274
88,8,8,1,5.083917140960693
89,9,9,1,3.3208858966827393
90,0,1,0,1.8069580793380737
91,3,2,0,3.4942519664764404
92,8,2,0,3.8596608638763428
93,6,6,1,2.665149211883545
94,4,2,0,0.4823097288608551
95,6,6,1,6.016533851623535
96,6,9,0,1.0029888153076172
97,0,0,1,4.17201042175293
98,0,0,1,3.8587310314178467
99,7,5,0,0.4877384603023529
100,4,4,1,5.826197147369385
101,5,6,0,2.2869250774383545
102,6,6,1,3.2277843952178955
103,3,3,1,2.8098042011260986
104,1,1,1,4.465770721435547
105,1,7,0,-0.5534777641296387
106,3,5,0,1.6350783109664917
107,6,6,1,7.882122993469238
108,8,7,0,-1.3363136053085327
109,7,7,1,1.7742338180541992
110,4,3,0,1.6187149286270142
111,0,3,0,2.724721670150757
112,6,6,1,3.1315598487854004
113,2,3,0,1.7887868881225586
114,1,1,1,-0.16297177970409393
115,3,3,1,1.2884769439697266
116,0,0,1,7.639204978942871
117,4,2,0,1.686081886291504
118,2,5,0,2.138740301132202
119,7,7,1,1.2432516813278198
120,8,3,0,1.2829943895339966
121,3,0,0,1.5522427558898926
122,1,3,0,0.9079722166061401
123,2,2,1,0.9131103754043579
124,8,8,1,1.198667049407959
125,0,9,0,3.0943078994750977
126,8,8,1,0.3131100535392761
127,3,3,1,0.9728949069976807
128,5,3,0,1.6062904596328735
129,2,0,0,1.1722300052642822
130,4,2,0,1.7453545331954956
131,1,9,0,3.220618963241577
132,8,8,1,3.94730281829834
133,9,9,1,10.301471710205078
134,1,1,1,0.44249412417411804
135,2,2,1,2.5456740856170654
136,9,9,1,1.9683817625045776
137,7,3,0,1.6120802164077759
138,2,0,0,2.622802734375
139,9,3,0,2.33152437210083
140,6,3,0,2.668057680130005
141,5,5,1,6.341026306152344
142,6,6,1,0.21658940613269806
143,3,3,1,1.5249842405319214
144,8,8,1,3.0733730792999268
145,7,7,1,4.981021881103516
146,6,6,1,4.201553821563721
147,2,2,1,0.7639855146408081
148,5,5,1,1.9305942058563232
149,2,2,1,1.2017828226089478
150,8,0,0,1.8792035579681396
151,9,5,0,0.6450738310813904
152,6,6,1,2.603459596633911
153,0,3,0,2.060391664505005
154,0,0,1,3.2065656185150146
155,5,5,1,5.076093673706055
156,2,3,0,1.7051723003387451
157,9,3,0,1.4323880672454834
158,5,3,0,3.935880661010742
159,4,4,1,8.86279582977295
160,2,0,0,3.4154090881347656
161,1,1,1,7.153450965881348
162,6,3,0,0.38958993554115295
163,6,6,1,6.182796001434326
164,8,3,0,3.3941502571105957
165,4,9,0,0.5088714957237244
166,8,6,0,-0.03661104291677475
167,4,6,0,3.6325082778930664
168,5,5,1,2.719419479370117
169,0,4,0,0.11644193530082703
170,9,3,0,0.0969892367720604
171,9,0,0,0.9653598070144653
172,9,6,0,1.510308027267456
173,8,5,0,4.0015459060668945
174,9,7,0,1.1294620037078857
175,9,9,1,5.709512710571289
176,3,6,0,3.4931576251983643
177,7,7,1,3.6564114093780518
178,5,2,0,1.7775342464447021
179,0,0,1,3.5849947929382324
180,0,3,0,1.5625332593917847
181,5,5,1,6.38485860824585
182,2,0,0,3.6845107078552246
183,2,6,0,0.9411144256591797
184,3,0,0,2.548509359359741
185,8,8,1,3.419219970703125
186,6,5,0,1.0233770608901978
187,3,3,1,4.197502613067627
188,4,6,0,2.956467390060425
189,0,8,0,2.0202486515045166
190,5,6,0,0.30979275703430176
191,8,9,0,2.1427114009857178
192,0,3,0,2.9925663471221924
193,1,9,0,3.119218111038208
194,7,4,0,0.9879757761955261
195,2,2,1,1.3165448904037476
196,8,2,0,1.2895517349243164
197,8,0,0,1.0878554582595825
198,7,3,0,2.2197470664978027
199,8,5,0,1.767604947090149
200,5,5,1,1.0738835334777832
201,1,0,0,5.737812519073486
202,8,8,1,14.537169456481934
203,7,7,1,6.419029235839844
204,1,1,1,3.1477460861206055
205,3,3,1,1.8329716920852661
206,0,8,0,0.1711290031671524
207,5,4,0,3.8717336654663086
208,7,2,0,0.9656209945678711
209,9,9,1,5.358702182769775
210,7,0,0,0.7544822692871094
211,4,4,1,3.3590645790100098
212,5,0,0,2.0013153553009033
213,9,9,1,1.356745958328247
214,8,8,1,3.1785078048706055
215,0,0,1,2.7215607166290283
216,7,7,1,4.093569755554199
217,9,9,1,7.295913219451904
218,8,3,0,1.0965980291366577
219,2,6,0,1.2872413396835327
220,7,5,0,1.9102901220321655
221,6,2,0,1.58967924118042
222,9,7,0,0.8349562883377075
223,4,5,0,1.5007216930389404
224,3,3,1,2.661132574081421
225,9,9,1,2.558849573135376
226,6,6,1,-0.5425988435745239
227,4,4,1,4.484321117401123
228,7,7,1,-0.4999328553676605
229,6,6,1,3.2264955043792725
230,5,7,0,0.3693835437297821
231,1,1,1,3.7006211280822754
232,5,5,1,3.136295795440674
233,8,8,1,4.310728549957275
234,8,5,0,1.3790992498397827
235,0,0,1,4.405731678009033
236,4,4,1,4.502320766448975
237,0,9,0,0.4144307076931
238,5,3,0,1.4386245012283325
239,5,3,0,1.7098196744918823
240,1,9,0,2.663353204727173
241,1,1,1,7.441149711608887
242,8,8,1,1.7685215473175049
243,9,3,0,1.965435266494751
244,0,0,1,3.7932255268096924
245,3,2,0,4.598769187927246
246,1,2,0,0.5033796429634094
247,9,0,0,1.9930466413497925
248,2,6,0,0.686457097530365
249,2,6,0,1.5625306367874146
250,5,5,1,4.4407572746276855
251,3,3,1,1.4370428323745728
252,9,2,0,1.4642815589904785
253,9,6,0,0.7137922644615173
254,4,2,0,1.290985107421875
255,0,0,1,2.957991123199463
256,3,0,0,1.0183449983596802
257,0,0,1,3.8215928077697754
258,0,3,0,2.1566572189331055
259,9,3,0,1.3538703918457031
260,8,8,1,2.398994207382202
261,1,2,0,3.2982254028320312
262,5,3,0,1.8879939317703247
263,7,3,0,-0.24192939698696136
264,0,0,1,2.3553061485290527
265,8,2,0,1.5204530954360962
266,2,3,0,0.2636597156524658
267,4,6,0,2.7164242267608643
268,7,7,1,8.66295051574707
269,0,0,1,1.660685420036316
270,2,2,1,3.5849201679229736
271,3,5,0,0.7914946675300598
272,6,6,1,2.431483268737793
273,3,5,0,2.6393275260925293
274,8,1,0,0.6436256766319275
275,5,3,0,1.1280437707901
276,0,0,1,1.7509479522705078
277,3,2,0,1.7863993644714355
278,4,3,0,1.2893306016921997
279,3,5,0,1.6001487970352173
280,9,9,1,1.9915250539779663
281,0,0,1,1.1822800636291504
282,6,6,1,9.856071472167969
283,1,1,1,4.907266616821289
284,0,0,1,2.929473638534546
285,9,9,1,4.4268364906311035
286,1,3,0,2.675154447555542
287,0,8,0,0.7446364164352417
288,7,7,1,4.656041622161865
289,9,9,1,1.8866180181503296
290,1,6,0,1.0813348293304443
291,2,2,1,2.014625310897827
292,6,6,1,5.471009731292725
293,9,6,0,0.14163054525852203
294,3,3,1,2.1443474292755127
295,4,6,0,0.8358679413795471
296,6,6,1,0.6900202035903931
297,0,0,1,4.544933795928955
298,0,2,0,2.6542983055114746
299,6,3,0,1.56855046749115
300,6,6,1,4.09484338760376
301,6,2,0,1.3825061321258545
302,3,6,0,2.7334227561950684
303,2,7,0,1.107754111289978
304,6,6,1,6.085183620452881
305,1,3,0,0.6542249321937561
306,8,9,0,1.386344313621521
307,2,3,0,2.9138543605804443
308,1,9,0,8.658601760864258
309,6,2,0,3.209496021270752
310,8,2,0,1.5077054500579834
311,6,6,1,6.136144638061523
312,8,0,0,3.688767671585083
313,0,2,0,0.625434398651123
314,4,3,0,0.7401822805404663
315,0,0,1,2.2962825298309326
316,7,7,1,2.7847795486450195
317,7,7,1,3.942749500274658
318,5,3,0,0.6179665327072144
319,5,3,0,1.8404572010040283
320,3,6,0,2.5425243377685547
321,5,3,0,2.2207939624786377
322,2,3,0,-0.40807226300239563
323,3,3,1,4.73201322555542
324,4,6,0,2.057473659515381
325,1,6,0,1.4353604316711426
326,7,3,0,0.8021935224533081
327,5,3,0,2.4379870891571045
328,4,4,1,2.2253031730651855
329,6,3,0,1.755972981452942
330,1,3,0,4.074206829071045
331,9,9,1,3.2804908752441406
332,3,3,1,1.0237444639205933
333,6,6,1,4.9079508781433105
334,6,6,1,7.2795562744140625
335,9,2,0,2.181182384490967
336,3,3,1,11.22045612335205
337,8,3,0,2.0635735988616943
338,0,0,1,2.7076268196105957
339,7,2,0,0.4921455681324005
340,2,3,0,1.1304250955581665
341,6,3,0,1.3014782667160034
342,2,2,1,3.7508304119110107
343,5,5,1,1.6914013624191284
344,8,8,1,4.622186660766602
345,5,5,1,2.0893986225128174
346,4,3,0,1.9494446516036987
347,6,3,0,1.6667922735214233
348,8,8,1,4.4451775550842285
349,9,9,1,0.9219651818275452
350,9,2,0,0.24636352062225342
351,1,9,0,0.11062922328710556
352,0,3,0,3.0978715419769287
353,2,9,0,0.8609580397605896
354,2,3,0,2.3712613582611084
355,7,6,0,2.665548324584961
356,3,3,1,2.3328397274017334
357,2,2,1,1.306616187095642
358,8,6,0,1.6123236417770386
359,0,0,1,7.34890079498291
360,9,0,0,-0.7234610915184021
361,5,5,1,3.2681312561035156
362,8,8,1,10.374632835388184
363,1,2,0,0.45850324630737305
364,9,9,1,1.8134557008743286
365,4,0,0,2.2668960094451904
366,1,2,0,1.459978461265564
367,3,3,1,4.514297962188721
368,8,2,0,0.34146037697792053
369,1,2,0,1.2611024379730225
370,4,2,0,1.9494487047195435
371,7,3,0,-0.25229611992836
372,9,5,0,1.1506439447402954
373,4,6,0,2.8432302474975586
374,2,2,1,2.389045000076294
375,7,1,0,-0.2613355219364166
376,0,8,0,1.797982931137085
377,7,4,0,1.6445053815841675
378,0,2,0,1.0746713876724243
379,6,5,0,3.3553051948547363
380,6,6,1,3.086205244064331
381,9,9,1,1.1133980751037598
382,0,2,0,2.9105234146118164
383,9,5,0,2.772138833999634
384,2,2,1,1.6094120740890503
385,8,7,0,0.3558425009250641
386,7,2,0,1.568780541419983
387,2,2,1,-0.5165265798568726
388,2,3,0,1.5893408060073853
389,5,2,0,2.178243398666382
390,1,1,1,3.4331231117248535
391,2,2,1,1.1551493406295776
392,6,4,0,0.4220466911792755
393,2,3,0,1.6871006488800049
394,9,3,0,3.1615817546844482
395,6,6,1,8.966577529907227
396,2,2,1,1.7450116872787476
397,3,3,1,4.393622875213623
398,0,2,0,-0.34071382880210876
399,3,9,0,3.7080421447753906
400,9,9,1,0.6008283495903015
401,8,3,0,1.6445461511611938
402,7,7,1,5.508370399475098
403,8,2,0,1.0185022354125977
404,8,2,0,0.8165532350540161
405,4,6,0,3.7698652744293213
406,0,0,1,2.4542629718780518
407,1,3,0,0.33034035563468933
408,8,6,0,0.6677625179290771
409,2,3,0,1.1075379848480225
410,7,7,1,1.7496106624603271
411,9,8,0,2.0221214294433594
412,3,3,1,-0.235893115401268
413,6,2,0,0.8674048185348511
414,1,6,0,3.058600664138794
415,9,9,1,10.394935607910156
416,0,6,0,2.5850584506988525
417,7,2,0,0.4673715829849243
418,3,2,0,2.217604637145996
419,7,2,0,4.448680877685547
420,4,3,0,3.073988199234009
421,5,5,1,4.699650764465332
422,0,0,1,3.2826998233795166
423,0,3,0,1.3337103128433228
424,2,2,1,1.1345397233963013
425,9,9,1,7.113274574279785
426,3,6,0,2.6128807067871094
427,4,2,0,1.5355808734893799
428,0,6,0,2.9490349292755127
429,6,6,1,0.6807700395584106
430,2,3,0,2.3698418140411377
431,5,3,0,1.9870604276657104
432,3,3,1,4.037561893463135
433,7,4,0,0.2501382827758789
434,3,6,0,1.3324581384658813
435,7,7,1,0.6614706516265869
436,2,2,1,1.3534889221191406
437,5,5,1,4.0021748542785645
438,3,3,1,4.366858005523682
439,1,6,0,0.7725737690925598
440,1,6,0,2.8856444358825684
441,4,4,1,4.938197612762451
442,9,9,1,2.800861120223999
443,9,1,0,0.5609230995178223
444,5,8,0,1.6236193180084229
445,7,2,0,2.8215019702911377
446,5,3,0,2.502626657485962
447,0,0,1,4.044864177703857
448,2,7,0,0.432390034198761
449,2,0,0,6.632246017456055
450,2,5,0,-0.44088926911354065
451,9,9,1,3.0057806968688965
452,7,5,0,3.156249761581421
453,3,3,1,1.3191698789596558
454,9,1,0,2.435063600540161
455,4,4,1,0.28278788924217224
456,3,6,0,0.8480513095855713
457,5,5,1,2.4394688606262207
458,4,4,1,4.336455345153809
459,6,3,0,0.8711495995521545
460,5,5,1,3.6629254817962646
461,6,6,1,6.3994669914245605
462,1,3,0,2.7638304233551025
463,4,3,0,0.13013800978660583
464,3,3,1,3.038165807723999
465,4,3,0,2.084299325942993
466,4,6,0,0.1947341412305832
467,3,6,0,1.7510799169540405
468,7,7,1,2.7665247917175293
469,8,3,0,2.1949522495269775
470,3,5,0,0.7937397956848145
471,7,7,1,2.0856730937957764
472,8,5,0,1.45926034450531
473,0,3,0,2.3594119548797607
474,5,6,0,1.0547579526901245
475,7,7,1,1.529417634010315
476,6,6,1,2.8475592136383057
477,0,2,0,0.4637514352798462
478,5,3,0,1.8739138841629028
479,4,4,1,2.8249621391296387
480,8,9,0,3.0083272457122803
481,6,6,1,8.526448249816895
482,8,8,1,11.476946830749512
483,5,5,1,2.058840274810791
484,5,5,1,3.1328840255737305
485,9,3,0,1.3719788789749146
486,9,7,0,0.7173452973365784
487,9,9,1,11.933757781982422
488,5,3,0,2.197608470916748
489,0,0,1,1.241188645362854
490,1,1,1,9.474453926086426
491,0,0,1,2.387181520462036
492,8,0,0,2.249967098236084
493,1,6,0,-0.039660073816776276
494,1,3,0,0.7744860649108887
495,8,0,0,2.5882837772369385
496,0,2,0,0.8672011494636536
497,2,7,0,1.1336886882781982
498,2,2,1,2.4642419815063477
499,0,3,0,1.565737247467041
500,4,6,0,3.9593193531036377
501,6,6,1,6.297100067138672
502,5,2,0,1.9248249530792236
503,4,4,1,3.91957950592041
504,9,9,1,2.0748276710510254
505,4,4,1,2.3793845176696777
506,7,7,1,2.563882350921631
507,9,3,0,1.4247149229049683
508,9,0,0,0.2765408456325531
509,4,4,1,2.743281364440918
510,5,5,1,2.92651104927063
511,6,6,1,5.8516316413879395
512,6,6,1,5.863722324371338
513,1,7,0,1.0252516269683838
514,5,5,1,6.955844402313232
515,3,3,1,4.306186676025391
516,8,8,1,7.1578850746154785
517,9,9,1,0.983565628528595
518,5,3,0,1.7190074920654297
519,8,2,0,2.01216721534729
520,5,5,1,1.8083022832870483
521,7,7,1,2.283902406692505
522,0,3,0,1.3487519025802612
523,7,7,1,5.805697917938232
524,0,0,1,3.991117238998413
525,5,8,0,0.5919290781021118
526,0,2,0,1.0667093992233276
527,0,0,1,3.6751720905303955
528,4,7,0,4.074609756469727
529,6,6,1,6.364060401916504
530,9,7,0,1.304811716079712
531,0,9,0,0.9366244077682495
532,9,9,1,1.47221839427948
533,5,5,1,5.949363708496094
534,6,6,1,1.846426010131836
535,6,6,1,5.391506195068359
536,6,6,1,1.8372739553451538
537,2,6,0,4.564990997314453
538,9,3,0,1.5371909141540527
539,0,3,0,1.0583990812301636
540,1,7,0,1.9744782447814941
541,7,7,1,2.1550605297088623
542,6,6,1,1.9019749164581299
543,7,7,1,1.5826383829116821
544,5,3,0,1.537476658821106
545,9,2,0,0.6971848011016846
546,1,1,1,4.315912246704102
547,6,6,1,2.7002041339874268
548,2,2,1,2.789781093597412
549,5,3,0,1.6119695901870728
550,5,0,0,0.9204261898994446
551,5,3,0,2.0585954189300537
552,8,3,0,0.9613040685653687
553,5,3,0,1.4968318939208984
554,9,7,0,-0.12822964787483215
555,4,2,0,1.1479657888412476
556,6,6,1,1.2480682134628296
557,4,3,0,1.7954844236373901
558,3,3,1,7.516194820404053
559,2,2,1,6.492309093475342
560,0,8,0,1.3055915832519531
561,7,7,1,3.3875648975372314
562,6,6,1,4.756010055541992
563,2,2,1,1.7074929475784302
564,2,6,0,3.964261293411255
565,3,3,1,5.545105934143066
566,9,9,1,6.3876872062683105
567,7,7,1,1.7047730684280396
568,9,6,0,2.637711524963379
569,2,2,1,4.972842216491699
570,6,6,1,0.3197450041770935
571,7,3,0,0.4361070990562439
572,1,3,0,1.9480223655700684
573,3,6,0,-0.06398426741361618
574,6,6,1,4.197133541107178
575,6,6,1,3.8232672214508057
576,8,5,0,2.517765760421753
577,9,1,0,0.2528285086154938
578,7,3,0,3.4425928592681885
579,5,5,1,3.8376598358154297
580,4,4,1,1.0458091497421265
581,0,0,1,4.2205095291137695
582,8,8,1,4.258177280426025
583,4,3,0,1.2680349349975586
584,0,0,1,0.323723703622818
585,9,9,1,4.528134822845459
586,3,3,1,2.174180269241333
587,4,3,0,1.013325572013855
588,8,0,0,-0.49674075841903687
589,9,5,0,0.7159751057624817
590,6,3,0,2.2237613201141357
591,9,0,0,1.443132758140564
592,2,2,1,3.6858832836151123
593,6,6,1,2.4171621799468994
594,1,7,0,0.8025476932525635
595,4,4,1,-0.6766602396965027
596,7,9,0,1.492427945137024
597,3,2,0,-0.5428149104118347
598,5,5,1,1.954032301902771
599,3,3,1,3.4637794494628906
600,8,9,0,1.7708584070205688
601,5,3,0,0.9137299656867981
602,0,0,1,7.843358516693115
603,2,2,1,0.1805192083120346
604,1,2,0,0.12687748670578003
605,6,6,1,2.0714943408966064
606,4,8,0,0.9243056774139404
607,3,3,1,1.4046072959899902
608,3,6,0,1.9089335203170776
609,9,9,1,0.7986305356025696
610,6,6,1,7.154489040374756
611,9,9,1,2.769824266433716
612,8,8,1,5.270714282989502
613,8,8,1,2.0217273235321045
614,5,5,1,3.669550895690918
615,8,8,1,0.8588629961013794
616,6,3,0,0.9818305969238281
617,6,6,1,2.164219856262207
618,2,2,1,0.6001958250999451
619,1,3,0,1.2580267190933228
620,7,5,0,1.0102272033691406
621,7,7,1,2.094580888748169
622,1,2,0,0.43719482421875
623,2,0,0,1.1396019458770752
624,7,7,1,4.667804718017578
625,9,9,1,1.4231276512145996
626,9,9,1,7.5546393394470215
627,4,3,0,0.6961191296577454
628,4,4,1,1.1805716753005981
629,1,1,1,5.222918510437012
630,2,2,1,2.6257236003875732
631,5,2,0,3.865206241607666
632,6,7,0,3.080345392227173
633,8,8,1,2.9691057205200195
634,7,4,0,2.3106698989868164
635,6,6,1,4.541818141937256
636,8,8,1,3.2951295375823975
637,3,8,0,1.6953911781311035
638,0,2,0,1.715793490409851
639,5,0,0,0.18848884105682373
640,5,3,0,2.2284560203552246
641,3,6,0,1.0666683912277222
642,0,0,1,2.041419506072998
643,7,7,1,1.449151635169983
644,9,5,0,3.528867721557617
645,1,3,0,1.4591261148452759
646,3,3,1,2.9385602474212646
647,4,3,0,1.293967366218567
648,4,5,0,1.07351553440094
649,5,0,0,0.5758520364761353
650,3,3,1,1.3647738695144653
651,9,9,1,1.742817759513855
652,5,5,1,6.855563163757324
653,6,3,0,0.7868319749832153
654,9,9,1,0.9798188805580139
655,2,0,0,1.9830161333084106
656,1,1,1,9.974130630493164
657,1,6,0,1.0944740772247314
658,4,2,0,1.2516247034072876
659,1,1,1,9.267315864562988
660,9,6,0,0.21528111398220062
661,4,4,1,4.364997863769531
662,7,7,1,12.97598648071289
663,6,6,1,3.911792755126953
664,3,3,1,2.9529292583465576
665,8,8,1,1.9327808618545532
666,9,9,1,-0.19990524649620056
667,0,7,0,0.7770695686340332
668,1,1,1,3.1958770751953125
669,3,3,1,0.9271401762962341
670,6,6,1,10.563575744628906
671,3,3,1,1.9149545431137085
672,6,2,0,1.2783359289169312
673,3,3,1,3.5801455974578857
674,2,7,0,1.4497098922729492
675,0,0,1,3.3903884887695312
676,3,4,0,2.5514373779296875
677,1,9,0,0.2493772804737091
678,0,9,0,0.9950267672538757
679,5,5,1,5.924960136413574
680,9,9,1,0.04621666297316551
681,6,2,0,0.98134845495224
682,4,2,0,2.290717124938965
683,8,8,1,2.6926403045654297
684,9,3,0,4.014967918395996
685,6,2,0,1.4956413507461548
686,9,6,0,1.977448582649231
687,6,6,1,2.5093460083007812
688,3,3,1,5.957698345184326
689,0,9,0,2.534405469894409
690,3,4,0,3.2469582557678223
691,2,0,0,3.672605037689209
692,2,0,0,2.0486295223236084
693,7,4,0,2.749566078186035
694,8,8,1,10.113889694213867
695,3,3,1,4.785549163818359
696,8,8,1,1.3953354358673096
697,2,3,0,0.7788209915161133
698,7,5,0,2.1999733448028564
699,5,5,1,2.3482213020324707
700,7,7,1,1.198848009109497
701,2,0,0,0.817548930644989
702,4,5,0,3.525871515274048
703,8,3,0,3.095747709274292
704,7,1,0,0.947799563407898
705,4,6,0,3.7422828674316406
706,2,2,1,5.498700141906738
707,9,3,0,0.5651875734329224
708,8,3,0,1.0709348917007446
709,8,8,1,1.8936171531677246
710,6,6,1,3.8117616176605225
711,8,8,1,1.7389899492263794
712,8,3,0,2.020235776901245
713,7,3,0,0.48624855279922485
714,4,3,0,1.7254709005355835
715,3,6,0,2.529845952987671
716,3,3,1,3.5253794193267822
717,8,8,1,1.131771206855774
718,4,6,0,3.1648619174957275
719,9,9,1,0.6244391798973083
720,4,9,0,0.9235353469848633
721,8,3,0,0.5754976272583008
722,8,3,0,0.21269454061985016
723,1,1,1,5.783164978027344
724,8,3,0,0.22461532056331635
725,2,0,0,2.4756407737731934
726,1,5,0,1.217745304107666
727,3,2,0,1.5229204893112183
728,6,5,0,0.9350219964981079
729,5,5,1,7.0266923904418945
730,4,5,0,4.3420820236206055
731,2,4,0,0.9790757894515991
732,7,7,1,10.87240982055664
733,9,9,1,4.306996822357178
734,9,6,0,0.4707384705543518
735,4,2,0,0.5763587951660156
736,1,6,0,0.31370678544044495
737,4,2,0,2.0741214752197266
738,1,3,0,1.5960861444473267
739,3,7,0,3.8133280277252197
740,2,5,0,2.24202561378479
741,7,7,1,-0.43373048305511475
742,0,0,1,5.37278938293457
743,7,2,0,0.29707515239715576
744,9,9,1,1.3121124505996704
745,7,7,1,8.261245727539062
746,6,3,0,3.340463876724243
747,6,6,1,4.758643627166748
748,2,0,0,4.595685958862305
749,5,3,0,1.3481379747390747
750,9,9,1,10.41105842590332
751,2,0,0,4.802112579345703
752,9,5,0,4.426079750061035
753,1,1,1,1.4250316619873047
754,2,6,0,0.2757628560066223
755,2,0,0,2.917623996734619
756,6,6,1,1.815829873085022
757,8,8,1,7.050295829772949
758,2,2,1,1.8208009004592896
759,1,1,1,0.5789872407913208
760,3,3,1,0.4886953830718994
761,6,6,1,1.5873992443084717
762,6,6,1,5.196101665496826
763,0,0,1,4.402421474456787
764,1,1,1,5.362102031707764
765,2,0,0,5.882190704345703
766,7,3,0,1.7677489519119263
767,0,2,0,-0.4730524718761444
768,5,3,0,2.1849658489227295
769,4,3,0,-2.0539181232452393
770,6,0,0,1.5953166484832764
771,1,1,1,3.7143394947052
772,6,6,1,3.6778604984283447
773,4,4,1,2.857985496520996
774,0,0,1,4.078868389129639
775,2,4,0,4.050853729248047
776,2,2,1,0.027134520933032036
777,6,6,1,2.4936511516571045
778,0,0,1,5.022547721862793
779,5,6,0,1.9304343461990356
780,9,3,0,1.5762702226638794
781,1,7,0,1.097579002380371
782,7,6,0,0.3385557532310486
783,6,6,1,6.714166641235352
784,7,4,0,0.6678938269615173
785,0,3,0,1.5424195528030396
786,3,3,1,5.328126907348633
787,9,9,1,5.895233631134033
788,6,6,1,5.424241542816162
789,8,7,0,1.6306438446044922
790,3,0,0,1.0209107398986816
791,0,0,1,3.3800454139709473
792,3,3,1,1.2173994779586792
793,4,4,1,1.2070435285568237
794,7,9,0,-0.12925103306770325
795,7,0,0,1.570953369140625
796,1,6,0,2.0863921642303467
797,4,2,0,0.2931218147277832
798,7,7,1,3.5768110752105713
799,2,3,0,1.5261603593826294
800,7,7,1,2.4461441040039062
801,1,1,1,1.4297380447387695
802,4,4,1,0.5436049699783325
803,7,5,0,0.7684233784675598
804,4,4,1,4.675744533538818
805,4,2,0,1.1310672760009766
806,8,1,0,2.2687015533447266
807,4,6,0,3.193849802017212
808,7,2,0,0.917900800704956
809,7,0,0,0.5051403045654297
810,5,0,0,1.0027759075164795
811,3,5,0,2.0597925186157227
812,7,7,1,2.317528247833252
813,2,6,0,0.9598915576934814
814,0,2,0,1.910322666168213
815,8,0,0,2.867730140686035
816,9,6,0,0.7035634517669678
817,5,6,0,1.5248661041259766
818,8,1,0,2.217379331588745
819,3,3,1,1.1915851831436157
820,6,3,0,0.1767461746931076
821,2,6,0,0.15701653063297272
822,0,9,0,0.8465487360954285
823,8,8,1,6.771755695343018
824,7,7,1,3.7225983142852783
825,3,5,0,0.4956786334514618
826,7,4,0,-0.15398956835269928
827,6,1,0,0.2966390550136566
828,5,6,0,0.31405824422836304
829,3,3,1,1.7289057970046997
830,1,5,0,3.8496193885803223
831,3,6,0,3.4357194900512695
832,2,0,0,1.9779266119003296
833,2,2,1,1.8719916343688965
834,5,5,1,1.8253529071807861
835,4,2,0,0.09099741280078888
836,1,1,1,5.936435699462891
837,2,3,0,3.336521863937378
838,9,0,0,-0.3438229560852051
839,2,2,1,3.9810736179351807
840,7,3,0,1.6702618598937988
841,0,8,0,2.159634828567505
842,7,1,0,-0.5645120143890381
843,2,2,1,3.361914873123169
844,1,2,0,-0.5570045709609985
845,3,5,0,1.031243085861206
846,2,2,1,4.736672401428223
847,0,7,0,1.299252986907959
848,2,2,1,1.8527090549468994
849,4,6,0,2.866081476211548
850,7,7,1,1.3317930698394775
851,9,2,0,0.764497697353363
852,8,8,1,4.010661602020264
853,9,9,1,3.9860212802886963
854,0,0,1,3.0568487644195557
855,7,3,0,0.29150253534317017
856,7,5,0,0.7160969972610474
857,0,0,1,3.851557970046997
858,7,0,0,0.5087587833404541
859,8,8,1,3.6138806343078613
860,4,6,0,3.1271724700927734
861,6,6,1,5.021787643432617
862,3,6,0,2.2824196815490723
863,3,3,1,2.1143765449523926
864,0,0,1,4.029829025268555
865,1,1,1,14.49504280090332
866,3,1,0,-0.023974815383553505
867,7,3,0,3.9251248836517334
868,0,0,1,5.273000717163086
869,1,0,0,1.3709880113601685
870,3,3,1,3.368242025375366
871,1,5,0,3.8584179878234863
872,4,3,0,-0.21123550832271576
873,2,2,1,4.271393775939941
874,3,3,1,0.903058648109436
875,8,2,0,0.21475549042224884
876,4,4,1,1.8120828866958618
877,2,6,0,1.0944467782974243
878,3,3,1,1.1685174703598022
879,7,3,0,1.7097218036651611
880,8,8,1,5.583126068115234
881,4,2,0,1.2822028398513794
882,3,4,0,1.9628303050994873
883,0,3,0,0.32535892724990845
884,9,3,0,0.8703114986419678
885,0,2,0,1.4111430644989014
886,0,0,1,1.7344878911972046
887,1,0,0,0.33814898133277893
888,0,0,1,-0.1480579376220703
889,4,4,1,2.3921756744384766
890,4,3,0,1.1585325002670288
891,6,6,1,1.4002339839935303
892,7,0,0,1.7123823165893555
893,6,3,0,0.970484733581543
894,1,0,0,0.8217267394065857
895,1,9,0,2.0422675609588623
896,3,6,0,3.362112283706665
897,7,6,0,2.4387824535369873
898,3,3,1,0.7156486511230469
899,5,3,0,1.712685227394104
900,2,1,0,-0.10986542701721191
901,6,6,1,6.014354228973389
902,6,6,1,7.429329872131348
903,5,5,1,1.0609344244003296
904,8,0,0,2.158536195755005
905,7,3,0,0.6200761795043945
906,1,1,1,9.925381660461426
907,6,6,1,2.408921480178833
908,8,0,0,1.0313955545425415
909,8,8,1,1.8116992712020874
910,5,3,0,0.8682732582092285
911,3,3,1,4.384087085723877
912,0,0,1,2.2739665508270264
913,4,4,1,1.4679991006851196
914,0,2,0,3.420929193496704
915,1,1,1,14.654102325439453
916,3,3,1,1.8731021881103516
917,8,8,1,5.859373569488525
918,8,3,0,0.8051536083221436
919,0,2,0,2.538388967514038
920,6,6,1,4.42767858505249
921,9,9,1,4.155118465423584
922,9,9,1,3.9513275623321533
923,9,9,1,4.375522136688232
924,5,6,0,1.2104469537734985
925,5,7,0,0.9757986664772034
926,8,8,1,1.7580515146255493
927,6,6,1,3.0301053524017334
928,0,2,0,3.8269495964050293
929,0,3,0,1.5391499996185303
930,4,4,1,4.857602119445801
931,2,2,1,1.2878241539001465
932,3,3,1,1.4581843614578247
933,2,0,0,0.9617612361907959
934,7,6,0,-0.2763593792915344
935,2,2,1,5.217416763305664
936,2,2,1,3.0389676094055176
937,5,7,0,0.780232310295105
938,9,2,0,3.0200023651123047
939,8,0,0,2.500493288040161
940,9,5,0,0.8889859914779663
941,1,2,0,0.191916361451149
942,7,4,0,-0.32771480083465576
943,4,0,0,0.9793294072151184
944,0,0,1,3.795844793319702
945,3,3,1,2.424856185913086
946,0,0,1,3.722161054611206
947,1,3,0,1.3554950952529907
948,3,3,1,1.725109577178955
949,8,8,1,5.6658477783203125
950,3,3,1,3.191796064376831
951,9,3,0,1.520433783531189
952,6,6,1,3.941209077835083
953,1,0,0,1.571590781211853
954,4,6,0,1.4621769189834595
955,7,7,1,2.1930806636810303
956,0,2,0,1.1578525304794312
957,3,5,0,1.6858036518096924
958,7,7,1,6.735881805419922
959,8,5,0,3.8659510612487793
960,9,9,1,2.966585397720337
961,1,2,0,0.8796937465667725
962,1,5,0,2.542534351348877
963,6,6,1,10.269447326660156
964,6,6,1,1.9799948930740356
965,6,5,0,2.8348886966705322
966,6,7,0,0.45246219635009766
967,9,9,1,6.945952892303467
968,1,1,1,2.488527297973633
969,9,9,1,7.8794145584106445
970,9,9,1,1.3758331537246704
971,4,6,0,4.070376396179199
972,2,2,1,1.2861311435699463
973,1,8,0,2.1730568408966064
974,7,5,0,1.121338129043579
975,0,8,0,1.3170613050460815
976,6,6,1,3.2988879680633545
977,8,8,1,3.3867485523223877
978,1,9,0,1.2149248123168945
979,9,9,1,0.5010260939598083
980,2,2,1,1.9858652353286743
981,9,9,1,4.759510517120361
982,0,3,0,0.12862712144851685
983,4,7,0,0.12798938155174255
984,7,5,0,2.179849624633789
985,8,8,1,2.111401081085205
986,3,7,0,-0.5905563235282898
987,1,1,1,3.127561092376709
988,2,2,1,2.288029670715332
989,0,0,1,3.994835138320923
990,1,9,0,4.254684925079346
991,5,6,0,2.6651666164398193
992,8,8,1,7.01296854019165
993,4,7,0,2.1301984786987305
994,6,6,1,7.313897132873535
995,3,3,1,2.4058525562286377
996,8,8,1,1.486074447631836
997,1,1,1,6.82000732421875
998,3,6,0,1.35550057888031
999,8,8,1,2.989102363586426
1000,5,6,0,2.6235084533691406
1001,0,2,0,1.6024603843688965
1002,8,3,0,0.5512542128562927
1003,4,4,1,1.6969386339187622
1004,8,8,1,7.807169437408447
1005,1,7,0,0.3559073805809021
1006,1,6,0,0.003699297085404396
1007,8,0,0,1.5175639390945435
1008,9,3,0,1.8337632417678833
1009,6,6,1,2.558030366897583
1010,0,0,1,4.761834621429443
1011,8,8,1,1.1489368677139282
1012,6,2,0,2.034041404724121
1013,1,1,1,10.185110092163086
1014,3,3,1,3.2286529541015625
1015,4,4,1,2.541069507598877
1016,1,9,0,2.4213624000549316
1017,6,6,1,2.768855571746826
1018,0,0,1,2.9842581748962402
1019,5,3,0,2.994046449661255
1020,1,1,1,2.3971915245056152
1021,1,2,0,3.566946029663086
1022,0,0,1,4.147139072418213
1023,0,0,1,1.7242461442947388
1024,3,3,1,0.11975560337305069
1025,5,5,1,4.519189834594727
1026,0,0,1,3.6524593830108643
1027,0,3,0,1.1918283700942993
1028,6,6,1,0.6389632225036621
1029,6,6,1,5.80744743347168
1030,3,3,1,4.686412811279297
1031,3,3,1,4.227190971374512
1032,6,7,0,1.626223087310791
1033,3,3,1,0.6151340007781982
1034,6,3,0,4.160990238189697
1035,6,5,0,1.984670639038086
1036,0,0,1,2.1807920932769775
1037,7,7,1,1.6542413234710693
1038,2,2,1,-0.212505042552948
1039,2,2,1,0.7451012134552002
1040,7,3,0,0.34726089239120483
1041,5,6,0,1.0688790082931519
1042,5,5,1,0.13386695086956024
1043,2,7,0,1.3316060304641724
1044,8,8,1,4.583055019378662
1045,5,3,0,1.513978123664856
1046,2,2,1,1.8853613138198853
1047,1,1,1,3.832308769226074
1048,1,5,0,3.141479730606079
1049,4,5,0,2.550701856613159
1050,3,2,0,0.9961659908294678
1051,2,2,1,0.8664548993110657
1052,0,0,1,4.845773696899414
1053,3,5,0,4.772885322570801
1054,1,1,1,7.818044662475586
1055,5,5,1,4.807342529296875
1056,3,3,1,4.361529350280762
1057,7,7,1,1.3600926399230957
1058,6,6,1,0.4531521499156952
1059,8,8,1,3.5193474292755127
1060,9,9,1,1.5762382745742798
1061,1,7,0,2.346773386001587
1062,6,3,0,-0.10545191168785095
1063,4,4,1,3.837179660797119
1064,9,5,0,0.7980235815048218
1065,3,2,0,1.0269453525543213
1066,9,3,0,2.3919031620025635
1067,0,7,0,0.7639114260673523
1068,9,9,1,2.4932634830474854
1069,6,6,1,1.4482046365737915
1070,3,3,1,8.342058181762695
1071,6,6,1,5.222894668579102
1072,0,9,0,0.5780711770057678
1073,7,3,0,0.42829400300979614
1074,3,2,0,3.140477180480957
1075,8,4,0,1.4264849424362183
1076,0,0,1,-0.5037574768066406
1077,0,2,0,1.1441009044647217
1078,0,3,0,1.8220010995864868
1079,6,3,0,0.8894386291503906
1080,6,6,1,2.3781650066375732
1081,6,3,0,2.4015324115753174
1082,9,2,0,2.121988296508789
1083,2,2,1,5.029171466827393
1084,5,5,1,0.9702592492103577
1085,4,6,0,1.975732445716858
1086,4,3,0,-0.04988425597548485
1087,6,2,0,1.0264949798583984
1088,3,3,1,1.7244999408721924
1089,6,6,1,4.736372947692871
1090,0,8,0,1.978102207183838
1091,8,0,0,2.335664987564087
1092,6,6,1,6.790503978729248
1093,0,3,0,2.7110772132873535
1094,6,6,1,3.270037889480591
1095,2,6,0,1.678192138671875
1096,7,7,1,1.4718061685562134
1097,5,5,1,9.051420211791992
1098,1,3,0,1.2799452543258667
1099,2,2,1,1.8871657848358154
1100,7,4,0,1.0428736209869385
1101,8,5,0,0.9337069392204285
1102,8,2,0,0.20608432590961456
1103,0,0,1,4.350101947784424
1104,9,9,1,4.9112114906311035
1105,4,6,0,2.0235819816589355
1106,9,9,1,12.807939529418945
1107,7,6,0,3.117948293685913
1108,2,1,0,2.5791256427764893
1109,0,8,0,0.030509797856211662
1110,2,0,0,1.3172638416290283
1111,8,4,0,-0.16034522652626038
1112,3,2,0,1.4039864540100098
1113,8,0,0,1.0501856803894043
1114,9,9,1,4.931064128875732
1115,1,9,0,4.13410758972168
1116,5,5,1,2.2233409881591797
1117,5,3,0,1.7131174802780151
1118,4,3,0,1.5334997177124023
1119,7,7,1,3.570967197418213
1120,5,7,0,0.14870095252990723
1121,3,4,0,0.4522797465324402
1122,8,0,0,2.9544103145599365
1123,3,3,1,6.007447242736816
1124,3,5,0,4.479016304016113
1125,6,6,1,1.70065176486969
1126,2,2,1,1.737861156463623
1127,8,0,0,1.9741700887680054
1128,4,5,0,2.660830497741699
1129,3,5,0,5.030214309692383
1130,7,0,0,3.0018093585968018
1131,1,9,0,4.4049973487854
1132,2,3,0,0.5574835538864136
1133,4,0,0,0.3906116783618927
1134,1,2,0,0.8821656107902527
1135,6,3,0,2.5010292530059814
1136,9,9,1,9.009262084960938
1137,0,5,0,-0.6833402514457703
1138,5,6,0,1.4685970544815063
1139,8,5,0,1.3342063426971436
1140,6,6,1,6.960189342498779
1141,1,3,0,1.814559817314148
1142,8,8,1,3.134089708328247
1143,6,2,0,1.6346625089645386
1144,1,9,0,0.9108732342720032
1145,4,4,1,4.020327568054199
1146,2,4,0,3.743165969848633
1147,6,7,0,2.1343772411346436
1148,2,6,0,5.307780742645264
1149,7,4,0,0.36006271839141846
1150,2,3,0,3.272258996963501
1151,2,5,0,1.2810137271881104
1152,0,0,1,5.639443397521973
1153,8,7,0,2.995654821395874
1154,6,6,1,1.7613791227340698
1155,9,9,1,4.03479528427124
1156,1,8,0,1.2740821838378906
1157,7,1,0,0.6917998194694519
1158,1,2,0,0.8661568760871887
1159,8,0,0,2.4913883209228516
1160,8,8,1,4.409473419189453
1161,0,3,0,-0.2386675626039505
1162,7,7,1,10.787879943847656
1163,3,3,1,2.0360167026519775
1164,8,3,0,-0.7437413930892944
1165,0,0,1,1.2929247617721558
1166,3,3,1,0.9587576389312744
1167,4,6,0,2.2200591564178467
1168,3,3,1,0.5898163318634033
1169,7,3,0,0.4936174750328064
1170,7,7,1,2.0566134452819824
1171,9,7,0,1.6202532052993774
1172,2,2,1,0.670098066329956
1173,3,0,0,2.002115488052368
1174,1,1,1,-0.09810896962881088
1175,9,9,1,1.2642396688461304
1176,1,2,0,0.7974963188171387
1177,9,9,1,0.7142535448074341
1178,6,8,0,0.29157695174217224
1179,3,8,0,4.451448917388916
1180,3,5,0,2.989476203918457
1181,3,3,1,1.7737456560134888
1182,1,9,0,0.5750076174736023
1183,0,0,1,4.295632839202881
1184,6,3,0,0.8577356934547424
1185,1,0,0,1.2933825254440308
1186,4,3,0,-0.47258293628692627
1187,1,3,0,1.3582820892333984
1188,0,0,1,4.407145977020264
1189,0,2,0,1.996738314628601
1190,1,9,0,6.504367351531982
1191,1,9,0,1.6241685152053833
1192,6,6,1,4.054592132568359
1193,5,3,0,1.6432281732559204
1194,4,0,0,0.4713347256183624
1195,6,6,1,4.443382263183594
1196,2,2,1,10.228779792785645
1197,0,0,1,4.295814514160156
1198,7,7,1,3.2883670330047607
1199,9,9,1,1.059095025062561
1200,8,3,0,1.481291651725769
1201,7,3,0,1.4589991569519043
1202,2,3,0,2.088677406311035
1203,0,0,1,3.73905873298645
1204,6,6,1,2.753709316253662
1205,8,0,0,3.9287641048431396
1206,1,9,0,2.0963187217712402
1207,4,0,0,3.4497692584991455
1208,3,0,0,1.7696560621261597
1209,7,7,1,3.004189968109131
1210,0,0,1,3.299626588821411
1211,6,6,1,4.95993709564209
1212,1,6,0,0.9099446535110474
1213,8,0,0,3.2282323837280273
1214,5,5,1,4.655869960784912
1215,7,7,1,3.109126091003418
1216,8,9,0,2.9755032062530518
1217,4,7,0,2.363530397415161
1218,8,0,0,2.939842939376831
1219,3,5,0,0.7685390114784241
1220,9,6,0,0.8595953583717346
1221,9,3,0,0.5116275548934937
1222,9,3,0,1.2796273231506348
1223,8,0,0,0.3279429078102112
1224,7,6,0,0.20911946892738342
1225,6,6,1,4.5088019371032715
1226,6,3,0,0.17214684188365936
1227,3,3,1,3.467568874359131
1228,5,0,0,3.26305890083313
1229,1,2,0,1.6945109367370605
1230,5,0,0,0.7635028958320618
1231,9,9,1,5.5236029624938965
1232,1,9,0,1.7379966974258423
1233,4,4,1,4.026259899139404
1234,1,2,0,0.7951551079750061
1235,5,3,0,2.317484140396118
1236,7,5,0,1.2400414943695068
1237,0,0,1,3.9488701820373535
1238,1,6,0,3.4643373489379883
1239,5,3,0,1.927939772605896
1240,2,3,0,2.3387601375579834
1241,0,0,1,3.663766622543335
1242,8,8,1,1.3729755878448486
1243,8,3,0,1.257746696472168
1244,5,7,0,2.171509265899658
1245,6,3,0,0.587614893913269
1246,7,7,1,1.7828031778335571
1247,3,0,0,2.2519373893737793
1248,2,3,0,3.491732358932495
1249,4,6,0,2.0668270587921143
1250,7,3,0,1.7565250396728516
1251,2,2,1,1.1101213693618774
1252,5,5,1,-0.8922843337059021
1253,8,0,0,0.3166562020778656
1254,2,0,0,5.203188896179199
1255,4,6,0,-0.12708064913749695
1256,9,3,0,0.6852088570594788
1257,2,3,0,0.4069056808948517
1258,1,8,0,-0.2561403512954712
1259,8,8,1,4.721581935882568
1260,1,5,0,1.3130853176116943
1261,9,9,1,0.9088227152824402
1262,8,5,0,4.947759628295898
1263,8,0,0,3.4228527545928955
1264,8,0,0,2.0997695922851562
1265,9,9,1,3.386752128601074
1266,0,0,1,5.036782264709473
1267,4,7,0,0.6246654987335205
1268,3,9,0,2.102806329727173
1269,3,3,1,0.8161532878875732
1270,1,1,1,-0.3194332718849182
1271,8,8,1,6.756390571594238
1272,4,7,0,6.831418037414551
1273,6,6,1,5.010787487030029
1274,3,3,1,9.596985816955566
1275,3,4,0,0.29587996006011963
1276,5,5,1,0.6800920367240906
1277,2,6,0,2.6277382373809814
1278,2,2,1,0.6291016340255737
1279,8,5,0,1.4365606307983398
1280,3,2,0,1.6398440599441528
1281,8,8,1,0.48503100872039795
1282,9,9,1,6.3432464599609375
1283,5,5,1,5.077193737030029
1284,8,3,0,2.074157476425171
1285,9,3,0,3.3411266803741455
1286,8,9,0,2.404069185256958
1287,9,9,1,2.935251474380493
1288,1,1,1,4.489225387573242
1289,6,3,0,-0.7673757076263428
1290,5,3,0,0.06146129593253136
1291,9,9,1,4.050863742828369
1292,4,3,0,0.30550894141197205
1293,4,2,0,1.2616008520126343
1294,8,0,0,-0.345767617225647
1295,0,4,0,0.577305793762207
1296,7,4,0,0.1611969769001007
1297,2,0,0,3.5067946910858154
1298,9,9,1,1.9063576459884644
1299,7,6,0,0.8786635994911194
1300,4,6,0,4.835108280181885
1301,1,7,0,-0.29003697633743286
1302,6,3,0,1.474727749824524
1303,4,4,1,3.6466379165649414
1304,4,4,1,1.1625741720199585
1305,9,9,1,4.264602184295654
1306,1,6,0,-1.0602463483810425
1307,2,0,0,5.191758155822754
1308,5,7,0,0.904576301574707
1309,6,3,0,3.6719210147857666
1310,0,0,1,5.313490390777588
1311,8,8,1,0.9048782587051392
1312,6,6,1,1.8401567935943604
1313,1,1,1,2.22571063041687
1314,9,9,1,7.130147933959961
1315,4,3,0,0.4978402256965637
1316,5,3,0,0.6508525609970093
1317,9,9,1,2.7843503952026367
1318,5,3,0,2.810896873474121
1319,0,0,1,5.584356784820557
1320,7,2,0,1.7961201667785645
1321,2,3,0,-0.2652585506439209
1322,0,3,0,1.1757951974868774
1323,0,7,0,0.5873726010322571
1324,4,4,1,4.4040703773498535
1325,2,5,0,1.5262455940246582
1326,6,4,0,0.7971280813217163
1327,6,6,1,2.0372021198272705
1328,5,5,1,4.919850826263428
1329,5,8,0,0.577833890914917
1330,2,2,1,0.419528067111969
1331,8,8,1,2.6567130088806152
1332,1,2,0,0.1647942215204239
1333,7,6,0,0.6562211513519287
1334,3,5,0,3.65982985496521
1335,1,3,0,1.4865002632141113
1336,4,2,0,2.6815245151519775
1337,5,3,0,1.3048818111419678
1338,6,6,1,1.7421678304672241
1339,5,3,0,2.144253969192505
1340,1,1,1,1.7727177143096924
1341,4,4,1,4.147802352905273
1342,7,9,0,1.1204829216003418
1343,0,0,1,5.783206939697266
1344,9,1,0,-0.22165846824645996
1345,4,2,0,2.0691347122192383
1346,3,2,0,0.9648483991622925
1347,8,5,0,1.0879604816436768
1348,2,3,0,0.39768117666244507
1349,8,3,0,0.04206494614481926
1350,4,4,1,5.0348334312438965
1351,7,7,1,6.126675605773926
1352,2,0,0,0.15093429386615753
1353,3,6,0,0.7018842697143555
1354,1,5,0,0.684885561466217
1355,5,3,0,1.610840916633606
1356,2,2,1,2.553084135055542
1357,9,0,0,0.5890727043151855
1358,8,8,1,7.1964497566223145
1359,9,9,1,4.770813941955566
1360,7,7,1,3.770724296569824
1361,9,9,1,4.785306453704834
1362,5,0,0,1.2341705560684204
1363,1,1,1,6.814759254455566
1364,4,4,1,3.768251419067383
1365,0,0,1,4.915772438049316
1366,8,8,1,10.430268287658691
1367,2,2,1,3.4761080741882324
1368,3,3,1,1.9517439603805542
1369,8,9,0,2.000384569168091
1370,9,9,1,3.9828884601593018
1371,1,9,0,3.6518242359161377
1372,1,1,1,11.170622825622559
1373,3,3,1,3.883275032043457
1374,2,2,1,6.3602752685546875
1375,4,2,0,4.2156901359558105
1376,9,2,0,0.18259747326374054
1377,3,2,0,-0.9907139539718628
1378,1,9,0,1.0207130908966064
1379,7,3,0,2.046656608581543
1380,4,5,0,1.2112586498260498
1381,6,6,1,4.084376811981201
1382,2,2,1,0.38913434743881226
1383,8,3,0,2.9028499126434326
1384,9,9,1,4.160459041595459
1385,5,1,0,0.22482408583164215
1386,3,3,1,2.9236257076263428
1387,9,9,1,6.773171901702881
1388,5,5,1,3.6160354614257812
1389,5,2,0,1.7444220781326294
1390,6,6,1,5.725276947021484
1391,7,3,0,0.27682042121887207
1392,2,2,1,3.2897701263427734
1393,4,6,0,1.0305904150009155
1394,6,6,1,6.59106969833374
1395,3,3,1,4.140478610992432
1396,1,1,1,10.497278213500977
1397,0,0,1,4.467743873596191
1398,7,3,0,1.6730573177337646
1399,2,0,0,4.215214729309082
1400,5,3,0,0.6999157667160034
1401,4,2,0,0.3934353291988373
1402,7,4,0,0.7782629728317261
1403,6,6,1,5.633526802062988
1404,1,2,0,1.8238874673843384
1405,1,3,0,0.8805708885192871
1406,9,1,0,5.646054267883301
1407,8,3,0,1.3063517808914185
1408,1,9,0,2.010815382003784
1409,0,0,1,2.0604350566864014
1410,1,0,0,1.4607542753219604
1411,3,3,1,0.22447314858436584
1412,1,3,0,1.7516638040542603
1413,1,9,0,1.8715335130691528
1414,1,3,0,2.852693557739258
1415,7,2,0,1.1828969717025757
1416,3,3,1,3.7732036113739014
1417,9,0,0,2.4455578327178955
1418,6,6,1,3.5133109092712402
1419,8,3,0,1.9470338821411133
1420,4,6,0,0.9042650461196899
1421,6,6,1,6.33931303024292
1422,8,1,0,1.7903296947479248
1423,4,3,0,1.5520192384719849
1424,9,1,0,1.401679277420044
1425,4,6,0,0.5398872494697571
1426,7,7,1,1.5647025108337402
1427,9,0,0,-1.1239455938339233
1428,7,5,0,0.7228532433509827
1429,6,6,1,2.4927027225494385
1430,8,3,0,0.9913080930709839
1431,4,5,0,2.297304153442383
1432,9,1,0,-1.1441378593444824
1433,7,7,1,4.390976905822754
1434,0,0,1,1.9374926090240479
1435,1,2,0,-0.28186285495758057
1436,6,6,1,-0.15306489169597626
1437,1,9,0,4.296621799468994
1438,5,2,0,2.3190102577209473
1439,9,1,0,1.5854895114898682
1440,0,0,1,1.4874145984649658
1441,4,2,0,2.2316668033599854
1442,3,3,1,2.818131923675537
1443,4,4,1,-0.40828004479408264
1444,1,2,0,2.0263419151306152
1445,3,6,0,3.281667947769165
1446,0,0,1,2.1749162673950195
1447,8,8,1,9.121269226074219
1448,4,6,0,1.9366687536239624
1449,6,6,1,2.5098843574523926
1450,2,2,1,3.845198154449463
1451,2,4,0,0.5738430023193359
1452,6,3,0,1.9457684755325317
1453,5,3,0,1.6143603324890137
1454,3,3,1,0.4162329435348511
1455,6,6,1,-0.21435211598873138
1456,2,7,0,3.5245537757873535
1457,1,6,0,-0.10255015641450882
1458,1,9,0,5.4560956954956055
1459,8,1,0,-0.055839911103248596
1460,6,6,1,7.404274940490723
1461,0,9,0,3.339778184890747
1462,4,3,0,2.4180374145507812
1463,0,0,1,4.068312644958496
1464,1,9,0,3.5675981044769287
1465,9,9,1,5.74885892868042
1466,7,4,0,1.7847659587860107
1467,1,5,0,0.48231878876686096
1468,3,3,1,2.1938111782073975
1469,7,0,0,2.04958438873291
1470,7,3,0,3.910799980163574
1471,8,3,0,3.058332920074463
1472,7,5,0,1.4620108604431152
1473,7,5,0,0.5272037386894226
1474,3,3,1,0.5898528099060059
1475,9,9,1,9.276845932006836
1476,7,7,1,7.8293280601501465
1477,7,7,1,5.033535003662109
1478,7,7,1,10.216629028320312
1479,2,7,0,1.296419382095337
1480,1,9,0,2.5058701038360596
1481,2,0,0,0.08146708458662033
1482,8,8,1,3.3757309913635254
1483,6,6,1,9.054915428161621
1484,4,4,1,3.284114360809326
1485,0,0,1,0.3749622404575348
1486,7,6,0,0.2810617685317993
1487,9,5,0,1.3330020904541016
1488,8,3,0,2.8689682483673096
1489,6,6,1,3.370934247970581
1490,8,0,0,2.9604012966156006
1491,4,3,0,1.8352221250534058
1492,9,6,0,3.4671733379364014
1493,1,6,0,3.7531919479370117
1494,7,3,0,1.4509079456329346
1495,2,0,0,6.197578430175781
1496,2,8,0,1.3399109840393066
1497,8,8,1,0.2615242898464203
1498,5,3,0,3.5447962284088135
1499,8,3,0,1.2888747453689575
1500,1,6,0,1.169948697090149
1501,2,2,1,0.6028503179550171
1502,2,2,1,2.7351205348968506
1503,4,5,0,3.925062894821167
1504,1,1,1,6.212404251098633
1505,2,2,1,-0.014431186951696873
1506,5,7,0,10.451241493225098
1507,2,7,0,1.3176864385604858
1508,8,8,1,3.47988224029541
1509,1,1,1,0.6770877242088318
1510,8,0,0,1.4731736183166504
1511,1,1,1,1.163090467453003
1512,8,8,1,6.7906951904296875
1513,6,6,1,2.988725185394287
1514,0,9,0,4.633349895477295
1515,2,4,0,1.70717191696167
1516,4,2,0,2.621807336807251
1517,1,3,0,0.39664220809936523
1518,3,3,1,1.9778469800949097
1519,6,6,1,3.3313543796539307
1520,7,7,1,10.167736053466797
1521,7,7,1,-0.5207908153533936
1522,4,4,1,4.11433744430542
1523,4,6,0,1.9498324394226074
1524,3,3,1,6.5503106117248535
1525,3,3,1,0.45132124423980713
1526,4,2,0,2.3919966220855713
1527,5,3,0,1.9117459058761597
1528,2,2,1,2.48603892326355
1529,4,6,0,1.9054369926452637
1530,3,6,0,1.999432921409607
1531,7,3,0,2.495756149291992
1532,8,2,0,0.27348774671554565
1533,4,7,0,5.479471206665039
1534,4,4,1,3.392591953277588
1535,4,7,0,1.31791353225708
1536,5,6,0,1.4726461172103882
1537,4,4,1,4.43837833404541
1538,3,3,1,1.7276426553726196
1539,2,2,1,2.6771883964538574
1540,8,3,0,0.8470102548599243
1541,4,2,0,2.4598617553710938
1542,5,3,0,3.1084232330322266
1543,5,5,1,1.1940721273422241
1544,4,2,0,0.9018462896347046
1545,1,1,1,2.6839280128479004
1546,4,4,1,6.0038933753967285
1547,2,3,0,2.9429616928100586
1548,5,3,0,1.1671957969665527
1549,1,9,0,2.551015853881836
1550,6,6,1,4.8195481300354
1551,4,2,0,1.193164587020874
1552,3,5,0,2.2083117961883545
1553,4,4,1,0.3930532932281494
1554,4,4,1,4.129790782928467
1555,0,0,1,5.677764892578125
1556,8,3,0,1.840903878211975
1557,8,3,0,2.789780855178833
1558,4,4,1,1.8862122297286987
1559,5,3,0,0.8543230891227722
1560,7,0,0,-0.3267020881175995
1561,5,5,1,3.653233051300049
1562,6,6,1,5.737983226776123
1563,9,9,1,4.2603325843811035
1564,1,1,1,7.945059299468994
1565,6,4,0,3.5461578369140625
1566,7,3,0,0.5271161198616028
1567,2,9,0,-0.014398430474102497
1568,0,0,1,0.539726734161377
1569,1,9,0,3.1195781230926514
1570,4,4,1,2.301051616668701
1571,5,7,0,3.381399154663086
1572,6,3,0,2.732133150100708
1573,0,1,0,2.627333164215088
1574,0,3,0,1.1846402883529663
1575,2,2,1,2.6730096340179443
1576,7,6,0,2.284665584564209
1577,5,3,0,1.2828248739242554
1578,6,6,1,8.223085403442383
1579,0,8,0,4.691789150238037
1580,6,5,0,3.200244426727295
1581,2,3,0,1.927907943725586
1582,9,5,0,1.58778977394104
1583,1,1,1,1.1927611827850342
1584,7,3,0,0.9979325532913208
1585,7,7,1,3.2358155250549316
1586,5,5,1,2.5155534744262695
1587,2,2,1,4.044857025146484
1588,5,5,1,3.287454128265381
1589,6,6,1,0.19724784791469574
1590,4,0,0,2.2057580947875977
1591,1,2,0,1.931911587715149
1592,4,4,1,3.1928744316101074
1593,3,3,1,0.9670584797859192
1594,3,6,0,2.088125228881836
1595,3,3,1,1.036177158355713
1596,0,2,0,3.2993063926696777
1597,3,3,1,3.5599758625030518
1598,5,5,1,2.365756034851074
1599,5,6,0,1.5701894760131836
1600,8,3,0,1.2430933713912964
1601,9,9,1,7.084780693054199
1602,7,7,1,3.46859073638916
1603,3,3,1,4.08345365524292
1604,1,1,1,9.301067352294922
1605,3,2,0,0.4564836919307709
1606,3,3,1,2.267516851425171
1607,3,1,0,2.3855698108673096
1608,4,6,0,1.9780608415603638
1609,4,6,0,2.9453229904174805
1610,2,2,1,0.5283384919166565
1611,3,3,1,2.1385693550109863
1612,3,3,1,6.693148612976074
1613,8,3,0,2.102519989013672
1614,1,1,1,2.176927089691162
1615,7,7,1,5.7669453620910645
1616,7,7,1,4.152836322784424
1617,0,0,1,7.896724700927734
1618,7,5,0,0.44250836968421936
1619,4,4,1,6.238942623138428
1620,5,5,1,2.5614771842956543
1621,1,3,0,2.19569993019104
1622,4,4,1,3.866213321685791
1623,2,3,0,3.569166421890259
1624,4,3,0,2.8332679271698
1625,3,3,1,4.005842208862305
1626,9,0,0,1.9447661638259888
1627,9,9,1,8.646907806396484
1628,4,0,0,0.7114561796188354
1629,9,5,0,1.4418202638626099
1630,9,0,0,2.6702282428741455
1631,1,3,0,2.811107873916626
1632,8,0,0,1.6565539836883545
1633,1,3,0,1.931543231010437
1634,6,6,1,0.3242183327674866
1635,7,7,1,4.159799575805664
1636,5,5,1,2.765711784362793
1637,5,5,1,1.4222586154937744
1638,4,0,0,0.9329561591148376
1639,9,0,0,0.5563094615936279
1640,7,3,0,1.6831631660461426
1641,6,6,1,2.5798659324645996
1642,5,5,1,0.33612367510795593
1643,9,9,1,3.1970396041870117
1644,2,3,0,0.5057110786437988
1645,4,4,1,3.1525940895080566
1646,0,0,1,3.059471845626831
1647,7,2,0,1.934769868850708
1648,8,1,0,1.7156457901000977
1649,5,3,0,2.410536766052246
1650,5,3,0,1.8751742839813232
1651,0,0,1,4.459953308105469
1652,0,0,1,3.218536615371704
1653,9,3,0,0.8612155318260193
1654,9,3,0,1.24686598777771
1655,8,8,1,6.962595462799072
1656,2,4,0,1.9304805994033813
1657,5,5,1,9.336715698242188
1658,4,8,0,2.8305649757385254
1659,8,8,1,5.827929973602295
1660,3,9,0,0.22590458393096924
1661,6,2,0,0.42171573638916016
1662,3,3,1,-0.23572677373886108
1663,6,6,1,6.840870380401611
1664,0,0,1,3.2335164546966553
1665,6,6,1,3.2260119915008545
1666,6,6,1,5.069183826446533
1667,6,6,1,4.895962715148926
1668,9,1,0,2.457265853881836
1669,6,6,1,4.093357086181641
1670,6,6,1,2.381253957748413
1671,8,8,1,0.22551028430461884
1672,6,6,1,1.9194618463516235
1673,2,2,1,0.3371085226535797
1674,4,4,1,5.401186466217041
1675,5,5,1,1.6866302490234375
1676,8,0,0,2.553536891937256
1677,1,9,0,-0.18966487050056458
1678,2,2,1,2.0936739444732666
1679,7,7,1,10.716444969177246
1680,6,6,1,1.672345757484436
1681,5,4,0,1.4705952405929565
1682,7,2,0,1.5130259990692139
1683,8,0,0,1.15410315990448
1684,1,9,0,1.4365439414978027
1685,8,2,0,1.6718173027038574
1686,0,2,0,1.4909383058547974
1687,8,6,0,0.288229763507843
1688,6,6,1,8.429895401000977
1689,9,9,1,3.9204747676849365
1690,2,1,0,0.7033550143241882
1691,8,8,1,5.908938884735107
1692,9,8,0,2.088367462158203
1693,4,0,0,1.5001379251480103
1694,0,0,1,3.5831453800201416
1695,9,1,0,3.682608127593994
1696,4,4,1,2.8223414421081543
1697,9,6,0,1.4847368001937866
1698,5,3,0,0.913591742515564
1699,7,5,0,1.18326997756958
1700,5,3,0,0.9239399433135986
1701,5,5,1,6.509619235992432
1702,9,9,1,5.976380825042725
1703,5,3,0,2.8527519702911377
1704,3,3,1,3.997816801071167
1705,0,0,1,2.4803788661956787
1706,1,1,1,7.529253005981445
1707,9,9,1,9.861373901367188
1708,7,2,0,3.897548198699951
1709,2,2,1,1.3296277523040771
1710,4,2,0,0.6960219144821167
1711,1,9,0,1.9502581357955933
1712,0,0,1,2.924363613128662
1713,8,7,0,1.746690034866333
1714,0,0,1,2.603583812713623
1715,3,3,1,1.0414096117019653
1716,1,7,0,1.3712358474731445
1717,7,6,0,3.3864505290985107
1718,0,3,0,1.4204961061477661
1719,0,0,1,8.297060012817383
1720,4,4,1,2.556879997253418
1721,8,2,0,0.15505628287792206
1722,6,6,1,5.518551349639893
1723,2,3,0,2.8259804248809814
1724,4,3,0,1.5508792400360107
1725,0,2,0,0.3702518343925476
1726,0,0,1,6.49029541015625
1727,9,9,1,0.5588931441307068
1728,0,0,1,3.7395102977752686
1729,8,8,1,10.926467895507812
1730,4,5,0,0.10267157852649689
1731,5,3,0,5.741306304931641
1732,9,6,0,2.005767822265625
1733,3,3,1,0.23363809287548065
1734,9,9,1,3.4971508979797363
1735,0,6,0,1.884139895439148
1736,5,5,1,5.614964485168457
1737,6,2,0,1.5302103757858276
1738,5,5,1,1.7631036043167114
1739,0,3,0,2.411996841430664
1740,1,1,1,4.730665683746338
1741,4,2,0,-0.33797433972358704
1742,8,3,0,1.721581220626831
1743,1,1,1,4.766103744506836
1744,0,3,0,0.5595043301582336
1745,5,5,1,3.678851842880249
1746,2,0,0,1.4164623022079468
1747,1,9,0,1.5392407178878784
1748,0,0,1,7.238895416259766
1749,2,4,0,0.9409018754959106
1750,8,3,0,1.1524325609207153
1751,1,0,0,0.3969552516937256
1752,5,5,1,4.722108840942383
1753,6,6,1,8.230672836303711
1754,7,7,1,4.3170857429504395
1755,7,7,1,0.9963667392730713
1756,2,2,1,-1.3344643115997314
1757,6,4,0,0.0944024920463562
1758,2,2,1,3.3198792934417725
1759,5,5,1,-0.04025048017501831
1760,0,0,1,2.949815034866333
1761,1,9,0,0.9187402725219727
1762,4,4,1,0.6073588728904724
1763,2,9,0,0.29346412420272827
1764,5,5,1,2.084317207336426
1765,4,4,1,1.0744335651397705
1766,6,6,1,4.8641228675842285
1767,2,6,0,3.9884555339813232
1768,2,0,0,0.7630146145820618
1769,1,2,0,0.07112707197666168
1770,7,4,0,1.1166096925735474
1771,2,4,0,1.6598786115646362
1772,8,9,0,1.5286619663238525
1773,5,5,1,4.340245723724365
1774,5,3,0,2.3192014694213867
1775,3,3,1,4.970895290374756
1776,0,0,1,2.869940996170044
1777,4,4,1,2.349625587463379
1778,8,3,0,3.94724178314209
1779,3,3,1,0.33082881569862366
1780,7,7,1,1.6617670059204102
1781,6,6,1,5.042148590087891
1782,3,5,0,4.71999454498291
1783,8,8,1,1.9506683349609375
1784,1,9,0,1.5830594301223755
1785,0,0,1,8.710872650146484
1786,1,9,0,4.805026054382324
1787,3,3,1,0.8617597818374634
1788,3,3,1,-0.524680495262146
1789,0,3,0,1.161258578300476
1790,7,4,0,3.2496299743652344
1791,4,6,0,4.827797889709473
1792,9,7,0,0.5089155435562134
1793,5,5,1,1.9894068241119385
1794,3,3,1,0.9065096974372864
1795,6,6,1,4.881239891052246
1796,0,0,1,3.653026819229126
1797,1,9,0,0.4268210828304291
1798,4,4,1,3.0649333000183105
1799,4,4,1,7.47377872467041
1800,4,4,1,2.051708698272705
1801,4,6,0,2.4680793285369873
1802,2,0,0,1.5582138299942017
1803,2,3,0,2.9646670818328857
1804,5,7,0,1.5654147863388062
1805,8,8,1,4.8509297370910645
1806,1,0,0,-0.7797908782958984
1807,5,6,0,1.0227662324905396
1808,9,3,0,0.7842228412628174
1809,8,0,0,0.035605788230895996
1810,1,3,0,2.275722026824951
1811,1,2,0,1.1751598119735718
1812,5,5,1,0.8231849074363708
1813,3,0,0,0.8803983926773071
1814,9,9,1,2.038248300552368
1815,9,1,0,-0.025154421105980873
1816,7,5,0,0.9698589444160461
1817,6,4,0,3.3893213272094727
1818,5,3,0,1.2232650518417358
1819,0,0,1,0.6015709638595581
1820,8,1,0,1.946618676185608
1821,4,3,0,2.0956780910491943
1822,7,0,0,0.5952234268188477
1823,0,3,0,-0.33767300844192505
1824,9,3,0,0.7138328552246094
1825,2,0,0,1.984850525856018
1826,8,8,1,4.939121723175049
1827,4,4,1,1.4490712881088257
1828,7,7,1,1.052676796913147
1829,1,3,0,0.2367817908525467
1830,3,3,1,0.06765147298574448
1831,9,3,0,0.6544188261032104
1832,6,6,1,0.34613800048828125
1833,8,0,0,4.295714855194092
1834,9,9,1,10.000783920288086
1835,0,2,0,1.6216710805892944
1836,4,6,0,0.8628454804420471
1837,9,6,0,2.155935287475586
1838,6,7,0,1.7643884420394897
1839,7,7,1,3.0005557537078857
1840,8,2,0,2.157257080078125
1841,9,5,0,1.4746813774108887
1842,4,0,0,0.8522764444351196
1843,8,5,0,0.9127069711685181
1844,9,3,0,1.930614709854126
1845,7,3,0,-0.7607938051223755
1846,2,3,0,0.3764473497867584
1847,5,2,0,2.9146509170532227
1848,3,5,0,0.17031913995742798
1849,7,4,0,3.7575392723083496
1850,1,3,0,2.6274759769439697
1851,0,0,1,4.786949157714844
1852,2,2,1,0.5529935956001282
1853,9,9,1,9.619401931762695
1854,5,5,1,0.1333218663930893
1855,5,5,1,0.9904597997665405
1856,8,8,1,1.2401301860809326
1857,5,5,1,11.554451942443848
1858,4,5,0,1.6291744709014893
1859,2,3,0,2.9269680976867676
1860,8,3,0,1.3922559022903442
1861,3,6,0,0.6068919897079468
1862,5,4,0,2.4436635971069336
1863,5,9,0,0.7832708954811096
1864,7,3,0,1.9540808200836182
1865,7,7,1,6.895313262939453
1866,8,8,1,6.864752292633057
1867,6,6,1,4.56670618057251
1868,2,2,1,0.6520266532897949
1869,8,0,0,1.3492592573165894
1870,2,3,0,0.5580836534500122
1871,3,5,0,0.7670673727989197
1872,5,5,1,5.837661266326904
1873,6,6,1,3.9384610652923584
1874,8,8,1,7.436275959014893
1875,0,0,1,4.468814373016357
1876,2,3,0,1.1548471450805664
1877,3,3,1,6.001053810119629
1878,7,3,0,1.7639479637145996
1879,0,6,0,1.63650643825531
1880,1,2,0,0.8507359027862549
1881,9,5,0,0.0927225649356842
1882,1,1,1,1.4334814548492432
1883,3,4,0,4.701199531555176
1884,7,6,0,0.5145257711410522
1885,5,3,0,1.6555768251419067
1886,8,7,0,1.3803024291992188
1887,3,1,0,0.3516653776168823
1888,2,2,1,1.7053135633468628
1889,9,9,1,3.660881757736206
1890,6,3,0,2.301790237426758
1891,8,8,1,6.015956878662109
1892,6,6,1,1.594185471534729
1893,9,3,0,2.973677396774292
1894,3,3,1,5.251491069793701
1895,8,0,0,-0.1236557736992836
1896,9,3,0,1.4633382558822632
1897,8,0,0,2.162092447280884
1898,0,2,0,1.797810673713684
1899,7,6,0,2.2069923877716064
1900,8,8,1,6.415727138519287
1901,5,5,1,1.3978468179702759
1902,0,0,1,4.315195083618164
1903,0,0,1,5.993783473968506
1904,1,1,1,3.912468671798706
1905,3,3,1,2.1014580726623535
1906,9,4,0,1.6951982975006104
1907,1,1,1,6.039554119110107
1908,5,3,0,2.2236621379852295
1909,3,3,1,1.0989811420440674
1910,4,4,1,0.3213537633419037
1911,4,6,0,4.2503204345703125
1912,0,0,1,4.424212455749512
1913,9,3,0,1.304439663887024
1914,9,9,1,4.63638973236084
1915,9,7,0,0.9445910453796387
1916,9,9,1,3.57810378074646
1917,8,3,0,2.2733709812164307
1918,2,2,1,3.121044874191284
1919,4,2,0,1.4116193056106567
1920,2,2,1,3.2169437408447266
1921,2,2,1,2.764836072921753
1922,5,5,1,7.183505535125732
1923,1,5,0,1.0983134508132935
1924,9,3,0,0.20047812163829803
1925,1,0,0,1.4391335248947144
1926,0,7,0,2.024442195892334
1927,9,1,0,6.2039899826049805
1928,4,4,1,2.8769664764404297
1929,2,3,0,0.5381151437759399
1930,1,7,0,2.0331227779388428
1931,6,3,0,1.1883251667022705
1932,0,3,0,0.2722311317920685
1933,3,3,1,3.7004082202911377
1934,7,0,0,0.5920358300209045
1935,6,4,0,1.3447786569595337
1936,3,3,1,4.015258312225342
1937,1,3,0,1.8592966794967651
1938,8,0,0,3.3855550289154053
1939,6,9,0,1.2323644161224365
1940,5,5,1,0.8751127123832703
1941,7,7,1,0.5760765075683594
1942,2,2,1,1.870774745941162
1943,8,8,1,2.1714563369750977
1944,4,6,0,2.2342422008514404
1945,4,4,1,1.2069518566131592
1946,8,3,0,2.3329403400421143
1947,3,7,0,0.7151297330856323
1948,5,5,1,4.275793075561523
1949,0,3,0,0.929713785648346
1950,5,3,0,2.198115110397339
1951,7,7,1,6.924627304077148
1952,4,3,0,2.3941099643707275
1953,4,6,0,0.9114812612533569
1954,2,5,0,-0.5298171043395996
1955,2,2,1,1.0863680839538574
1956,7,3,0,2.885556221008301
1957,3,9,0,2.055623769760132
1958,6,6,1,6.740698337554932
1959,0,0,1,1.940699815750122
1960,2,3,0,2.8540451526641846
1961,7,3,0,0.5846723914146423
1962,6,6,1,6.9801740646362305
1963,2,2,1,8.539791107177734
1964,3,3,1,1.1558212041854858
1965,0,6,0,-0.32895004749298096
1966,7,3,0,0.8825235962867737
1967,7,2,0,0.2241135984659195
1968,8,8,1,2.9290106296539307
1969,1,9,0,3.0014989376068115
1970,1,9,0,2.326887845993042
1971,4,0,0,0.5454378724098206
1972,6,6,1,2.1669633388519287
1973,0,0,1,3.569018602371216
1974,6,6,1,0.9244080781936646
1975,6,1,0,0.5025753974914551
1976,5,8,0,1.0600287914276123
1977,5,5,1,2.367187738418579
1978,6,3,0,0.3887270390987396
1979,3,0,0,0.641926109790802
1980,9,9,1,5.294558048248291
1981,3,3,1,3.224116802215576
1982,6,6,1,8.006744384765625
1983,8,2,0,1.3182414770126343
1984,7,2,0,2.0640950202941895
1985,6,6,1,2.3307273387908936
1986,4,6,0,1.6499882936477661
1987,9,8,0,4.228435039520264
1988,5,5,1,2.926936626434326
1989,6,6,1,4.5158796310424805
1990,4,3,0,2.3808987140655518
1991,1,1,1,3.7500100135803223
1992,6,3,0,3.1438546180725098
1993,3,3,1,3.773815870285034
1994,8,9,0,2.6024625301361084
1995,2,2,1,0.6879135370254517
1996,3,5,0,3.0588202476501465
1997,9,3,0,0.6867730617523193
1998,8,0,0,-0.03932454437017441
1999,5,5,1,5.7568511962890625
2000,1,1,1,3.718710422515869
2001,5,0,0,5.843722820281982
2002,4,6,0,1.2439459562301636
2003,5,3,0,2.990689516067505
2004,7,7,1,6.067756175994873
2005,5,5,1,2.402724266052246
2006,7,7,1,1.7020792961120605
2007,8,5,0,1.2223016023635864
2008,9,6,0,-0.24572837352752686
2009,1,1,1,0.4217730462551117
2010,7,3,0,1.1572265625
2011,2,2,1,0.8160077333450317
2012,5,5,1,3.985180616378784
2013,6,3,0,2.7601664066314697
2014,8,8,1,2.5437161922454834
2015,4,4,1,2.3512988090515137
2016,6,6,1,4.144748210906982
2017,5,5,1,2.319995880126953
2018,3,3,1,0.029677633196115494
2019,9,9,1,1.0435291528701782
2020,9,5,0,0.11806781589984894
2021,8,0,0,3.2741456031799316
2022,5,5,1,5.127349853515625
2023,5,3,0,0.4678802490234375
2024,6,5,0,0.8563558459281921
2025,4,4,1,8.918643951416016
2026,5,3,0,1.729714274406433
2027,9,9,1,3.306286096572876
2028,7,2,0,0.7269160747528076
2029,3,6,0,3.0570428371429443
2030,4,5,0,-0.7253371477127075
2031,1,2,0,0.1667897254228592
2032,4,3,0,3.4866223335266113
2033,2,6,0,3.208338499069214
2034,3,6,0,1.528616189956665
2035,6,3,0,2.5134506225585938
2036,5,7,0,2.1306185722351074
2037,5,3,0,2.157360315322876
2038,2,2,1,0.6511819362640381
2039,8,9,0,-0.1257801353931427
2040,0,0,1,4.802230358123779
2041,0,0,1,3.042070150375366
2042,1,5,0,1.3940794467926025
2043,8,8,1,9.090017318725586
2044,3,3,1,1.1387287378311157
2045,1,9,0,-0.29054829478263855
2046,3,3,1,5.918384552001953
2047,5,5,1,4.123088836669922
2048,8,8,1,8.321758270263672
2049,3,3,1,3.836209535598755
2050,8,8,1,8.793498039245605
2051,5,3,0,3.20932674407959
2052,8,8,1,7.9489264488220215
2053,6,6,1,8.797531127929688
2054,3,8,0,2.102848529815674
2055,5,5,1,3.449899196624756
2056,5,3,0,3.589338541030884
2057,5,5,1,1.4023733139038086
2058,0,0,1,1.5818997621536255
2059,9,8,0,2.046382188796997
2060,5,3,0,0.4315526485443115
2061,5,0,0,-0.49508848786354065
2062,7,2,0,0.056668832898139954
2063,1,3,0,-0.6745069026947021
2064,8,8,1,6.967210292816162
2065,2,3,0,2.084629774093628
2066,2,7,0,1.6067508459091187
2067,7,4,0,1.5367990732192993
2068,3,3,1,2.343224287033081
2069,4,9,0,0.05795588716864586
2070,2,6,0,1.5762728452682495
2071,9,9,1,1.729495644569397
2072,6,7,0,0.33449673652648926
2073,2,0,0,1.6678259372711182
2074,2,0,0,2.01493501663208
2075,4,4,1,3.4940061569213867
2076,3,3,1,3.074260711669922
2077,0,0,1,4.781848907470703
2078,2,6,0,0.47246864438056946
2079,0,0,1,6.248161792755127
2080,1,6,0,1.4026334285736084
2081,3,3,1,0.6646937131881714
2082,2,2,1,7.935784339904785
2083,2,5,0,1.3589509725570679
2084,7,2,0,0.6252887845039368
2085,0,8,0,-0.5388047695159912
2086,1,0,0,2.3504889011383057
2087,0,0,1,1.9478979110717773
2088,7,5,0,1.7320613861083984
2089,7,3,0,1.5498101711273193
2090,2,5,0,3.3092241287231445
2091,0,3,0,0.36912304162979126
2092,1,1,1,1.086033582687378
2093,6,6,1,4.122957706451416
2094,5,3,0,0.11120779067277908
2095,0,0,1,5.854056358337402
2096,2,3,0,-0.04098435118794441
2097,2,2,1,5.20268440246582
2098,0,2,0,0.3979412913322449
2099,1,1,1,7.86005973815918
2100,2,6,0,1.748944640159607
2101,6,3,0,5.228009223937988
2102,0,2,0,2.1675808429718018
2103,1,9,0,1.070157527923584
2104,6,5,0,2.2618207931518555
2105,6,3,0,2.6098415851593018
2106,5,5,1,0.5077953338623047
2107,3,3,1,3.1137290000915527
2108,4,3,0,0.6507192254066467
2109,0,0,1,3.351480484008789
2110,0,0,1,5.564748764038086
2111,9,1,0,3.644747734069824
2112,1,2,0,3.0603575706481934
2113,0,5,0,-0.02047373354434967
2114,2,2,1,3.482527256011963
2115,5,3,0,2.4572246074676514
2116,9,9,1,9.909122467041016
2117,7,3,0,0.3178466856479645
2118,8,8,1,5.443798542022705
2119,6,6,1,3.9128053188323975
2120,4,7,0,0.8914755582809448
2121,6,6,1,2.590571880340576
2122,0,0,1,0.27179408073425293
2123,2,6,0,3.381340503692627
2124,0,0,1,-0.3499632179737091
2125,1,3,0,-0.08201516419649124
2126,9,3,0,2.585442543029785
2127,2,4,0,2.454084873199463
2128,4,6,0,4.094498157501221
2129,9,9,1,1.3885408639907837
2130,0,6,0,1.9012748003005981
2131,7,9,0,0.4528186023235321
2132,2,3,0,0.6543824672698975
2133,3,3,1,4.256226062774658
2134,4,3,0,1.864072561264038
2135,8,0,0,3.1012165546417236
2136,0,1,0,0.5915475487709045
2137,2,2,1,2.545248508453369
2138,6,6,1,4.206811428070068
2139,8,0,0,1.5462520122528076
2140,9,9,1,12.471073150634766
2141,7,5,0,1.2224318981170654
2142,1,1,1,5.222426891326904
2143,9,9,1,5.7259840965271
2144,3,3,1,2.9535040855407715
2145,7,5,0,0.9091382622718811
2146,2,2,1,2.471683979034424
2147,7,7,1,1.8601211309432983
2148,9,6,0,0.9542365670204163
2149,6,6,1,1.9811052083969116
2150,9,9,1,2.2446787357330322
2151,5,7,0,0.6191502213478088
2152,7,7,1,4.729853630065918
2153,8,3,0,1.3055158853530884
2154,5,3,0,2.6079254150390625
2155,9,0,0,1.3495689630508423
2156,8,8,1,7.144205093383789
2157,3,3,1,3.0046470165252686
2158,9,2,0,1.0655436515808105
2159,8,5,0,2.2727441787719727
2160,0,2,0,2.602426767349243
2161,5,3,0,0.8787846565246582
2162,5,2,0,1.0006091594696045
2163,7,3,0,0.7465863823890686
2164,1,1,1,1.5620453357696533
2165,2,4,0,-0.04624037444591522
2166,0,2,0,1.7760131359100342
2167,7,9,0,1.1567643880844116
2168,5,5,1,3.3169140815734863
2169,8,9,0,1.6857595443725586
2170,2,2,1,3.833852529525757
2171,2,6,0,2.0720651149749756
2172,5,3,0,1.6388520002365112
2173,3,3,1,0.8486945629119873
2174,9,9,1,3.8326709270477295
2175,3,6,0,4.698328495025635
2176,1,1,1,3.2602500915527344
2177,9,9,1,8.638324737548828
2178,3,9,0,-0.5992231369018555
2179,1,2,0,1.6016592979431152
2180,4,2,0,0.3610859513282776
2181,3,0,0,4.032403945922852
2182,4,4,1,4.873898506164551
2183,4,4,1,5.812166213989258
2184,9,3,0,0.633952260017395
2185,0,0,1,5.195706844329834
2186,9,1,0,3.958674907684326
2187,5,6,0,1.7017802000045776
2188,9,0,0,3.3489720821380615
2189,2,2,1,2.800105333328247
2190,9,6,0,0.16824741661548615
2191,4,0,0,0.774011492729187
2192,0,6,0,1.810910701751709
2193,2,2,1,3.4502358436584473
2194,8,8,1,3.103942632675171
2195,4,7,0,0.7549751400947571
2196,8,7,0,1.7996848821640015
2197,6,6,1,4.999457359313965
2198,8,7,0,1.0381578207015991
2199,2,2,1,2.4544169902801514
2200,0,0,1,4.992786407470703
2201,5,8,0,1.6077371835708618
2202,9,1,0,0.6233670711517334
2203,6,6,1,2.4620394706726074
2204,9,9,1,2.071807622909546
2205,5,3,0,1.412304162979126
2206,1,9,0,0.18398523330688477
2207,3,3,1,0.59818035364151
2208,4,3,0,0.7107303142547607
2209,4,4,1,2.0281009674072266
2210,2,2,1,1.8266685009002686
2211,7,6,0,-0.11937340348958969
2212,2,2,1,3.6107115745544434
2213,4,4,1,1.5479193925857544
2214,4,6,0,2.0153236389160156
2215,0,2,0,2.9223413467407227
2216,2,7,0,0.8865032196044922
2217,8,8,1,8.242712020874023
2218,4,3,0,4.263023376464844
2219,5,5,1,2.7908926010131836
2220,1,1,1,12.73288631439209
2221,2,2,1,2.7605552673339844
2222,6,4,0,1.6832759380340576
2223,8,8,1,5.882226467132568
2224,1,1,1,10.68448257446289
2225,7,7,1,3.3920445442199707
2226,2,6,0,5.777544975280762
2227,8,0,0,2.37803053855896
2228,7,3,0,3.4101722240448
2229,4,6,0,1.5685508251190186
2230,3,6,0,3.3422014713287354
2231,3,3,1,4.690071105957031
2232,0,6,0,0.4923226833343506
2233,3,0,0,0.9484343528747559
2234,7,7,1,3.821382999420166
2235,2,2,1,2.647221326828003
2236,5,0,0,2.2165300846099854
2237,6,6,1,7.738394737243652
2238,1,9,0,3.2763476371765137
2239,7,6,0,1.5114408731460571
2240,9,1,0,4.091524124145508
2241,0,0,1,3.3484299182891846
2242,2,5,0,4.234501838684082
2243,3,2,0,-0.01722811348736286
2244,9,9,1,4.415770530700684
2245,8,8,1,2.865936756134033
2246,9,3,0,1.0278096199035645
2247,5,3,0,2.613569498062134
2248,0,2,0,0.46557027101516724
2249,0,0,1,7.8487067222595215
2250,7,3,0,0.35639169812202454
2251,6,0,0,2.6281564235687256
2252,3,3,1,5.749260425567627
2253,3,5,0,1.188352108001709
2254,8,8,1,2.121847629547119
2255,1,1,1,0.19571545720100403
2256,4,7,0,1.5451840162277222
2257,0,3,0,1.951219081878662
2258,1,2,0,-0.07898245751857758
2259,5,5,1,2.7236008644104004
2260,4,4,1,0.5942115783691406
2261,3,3,1,2.6665685176849365
2262,2,7,0,1.0182263851165771
2263,6,6,1,4.53127384185791
2264,0,2,0,3.0382742881774902
2265,8,0,0,2.664811849594116
2266,8,3,0,0.81251060962677
2267,6,3,0,1.3325573205947876
2268,3,3,1,3.915544271469116
2269,3,3,1,3.374411106109619
2270,2,3,0,2.104668378829956
2271,9,9,1,3.4031624794006348
2272,7,7,1,0.831368625164032
2273,5,5,1,0.5875784754753113
2274,1,3,0,1.1052517890930176
2275,6,9,0,-0.099276103079319
2276,0,0,1,2.474104642868042
2277,5,6,0,4.527475357055664
2278,9,5,0,0.979066014289856
2279,9,9,1,1.8004709482192993
2280,4,7,0,1.145193338394165
2281,5,5,1,2.213078260421753
2282,9,0,0,0.6940575242042542
2283,4,4,1,4.241383075714111
2284,8,0,0,3.1617729663848877
2285,3,3,1,1.3857535123825073
2286,3,3,1,6.236697673797607
2287,2,2,1,0.03073890320956707
2288,5,6,0,3.775852918624878
2289,1,3,0,1.8285157680511475
2290,9,9,1,-0.22005698084831238
2291,5,5,1,1.1890816688537598
2292,5,3,0,3.7120306491851807
2293,8,9,0,-0.46471622586250305
2294,1,1,1,-0.07991062104701996
2295,8,8,1,10.260788917541504
2296,9,9,1,10.220634460449219
2297,7,5,0,1.138986587524414
2298,0,0,1,1.4710370302200317
2299,6,3,0,2.7619969844818115
2300,3,3,1,-0.027777764946222305
2301,2,6,0,4.4182047843933105
2302,0,0,1,1.615512728691101
2303,2,6,0,1.9670709371566772
2304,6,6,1,8.358383178710938
2305,9,2,0,0.9742707014083862
2306,3,3,1,3.4130585193634033
2307,9,9,1,0.6675795912742615
2308,1,1,1,9.642366409301758
2309,6,2,0,2.2651071548461914
2310,6,6,1,2.152208089828491
2311,7,7,1,-0.9416921138763428
2312,2,6,0,3.306859254837036
2313,6,6,1,2.005152463912964
2314,3,0,0,4.246548652648926
2315,2,0,0,0.9488000273704529
2316,5,5,1,1.8547394275665283
2317,5,1,0,2.565370559692383
2318,2,2,1,5.339451789855957
2319,7,3,0,0.8886082768440247
2320,5,0,0,2.509185314178467
2321,2,4,0,1.599932312965393
2322,0,0,1,0.12137610465288162
2323,8,8,1,6.526851177215576
2324,0,0,1,3.439375877380371
2325,7,0,0,2.1985208988189697
2326,7,4,0,1.0990947484970093
2327,1,6,0,2.796231508255005
2328,7,7,1,3.4522883892059326
2329,4,4,1,1.7277132272720337
2330,0,0,1,8.499716758728027
2331,2,5,0,1.168550968170166
2332,2,8,0,0.8039320707321167
2333,6,6,1,2.3821120262145996
2334,1,9,0,1.969527006149292
2335,5,5,1,4.859569549560547
2336,9,9,1,6.532587051391602
2337,7,7,1,1.9035900831222534
2338,6,3,0,3.5195584297180176
2339,2,6,0,1.5809054374694824
2340,7,7,1,4.2763848304748535
2341,0,2,0,1.042460560798645
2342,5,5,1,4.905057430267334
2343,6,6,1,3.273489475250244
2344,0,1,0,2.085127353668213
2345,1,1,1,2.541590690612793
2346,1,1,1,2.641988754272461
2347,8,8,1,5.932005882263184
2348,4,3,0,2.327108144760132
2349,5,5,1,5.806234359741211
2350,3,5,0,3.393904209136963
2351,1,9,0,0.6972386240959167
2352,2,3,0,1.1848632097244263
2353,4,6,0,6.590950965881348
2354,8,3,0,0.2556138038635254
2355,9,2,0,-0.3601028621196747
2356,8,2,0,0.8999733924865723
2357,1,3,0,2.4103713035583496
2358,7,7,1,2.28647518157959
2359,2,2,1,1.513832926750183
2360,7,6,0,4.405993938446045
2361,2,0,0,1.5447487831115723
2362,3,2,0,0.6848047971725464
2363,2,9,0,-0.5097535252571106
2364,6,6,1,3.795914649963379
2365,7,3,0,0.001699487678706646
2366,9,5,0,1.6899745464324951
2367,4,5,0,0.40840479731559753
2368,0,0,1,8.671249389648438
2369,1,1,1,9.929771423339844
2370,0,8,0,2.4361302852630615
2371,4,3,0,1.5519601106643677
2372,5,2,0,-0.16572092473506927
2373,0,0,1,5.253736972808838
2374,8,3,0,2.7686121463775635
2375,0,8,0,2.150202989578247
2376,7,7,1,1.107770323753357
2377,6,6,1,3.90134334564209
2378,1,1,1,2.766437292098999
2379,0,3,0,2.90531587600708
2380,8,2,0,1.346909999847412
2381,5,5,1,1.9021615982055664
2382,9,1,0,3.578017234802246
2383,2,8,0,1.5524369478225708
2384,5,5,1,3.938845157623291
2385,4,7,0,3.263824701309204
2386,4,6,0,2.0798838138580322
2387,9,9,1,2.4158599376678467
2388,0,0,1,3.4714293479919434
2389,6,6,1,5.0723748207092285
2390,1,1,1,1.9286701679229736
2391,2,5,0,1.6930128335952759
2392,5,2,0,1.5990402698516846
2393,1,9,0,0.19823917746543884
2394,6,6,1,4.0495710372924805
2395,7,8,0,1.2592027187347412
2396,1,2,0,0.474314421415329
2397,5,3,0,4.522885322570801
2398,8,8,1,1.4354913234710693
2399,8,8,1,8.641366004943848
2400,0,0,1,1.8400964736938477
2401,3,3,1,1.017156720161438
2402,9,1,0,5.317262649536133
2403,4,3,0,1.3495088815689087
2404,0,2,0,0.776252031326294
2405,3,6,0,4.56166410446167
2406,4,4,1,0.5867063999176025
2407,9,0,0,1.2802435159683228
2408,2,6,0,3.761620283126831
2409,4,4,1,3.836275100708008
2410,3,3,1,5.5171284675598145
2411,0,8,0,4.243124485015869
2412,6,6,1,4.323669910430908
2413,4,6,0,3.442941904067993
2414,5,5,1,4.473328590393066
2415,6,6,1,2.3723714351654053
2416,6,1,0,1.6062171459197998
2417,7,7,1,3.1610794067382812
2418,8,8,1,2.898623466491699
2419,4,2,0,1.269181489944458
2420,8,6,0,2.1455094814300537
2421,8,2,0,0.4617776870727539
2422,3,9,0,1.6104252338409424
2423,2,2,1,1.2011488676071167
2424,8,6,0,2.0794973373413086
2425,0,0,1,0.7570145726203918
2426,2,2,1,4.231570720672607
2427,5,2,0,3.133089542388916
2428,6,6,1,5.082367420196533
2429,8,8,1,8.451605796813965
2430,7,7,1,4.747796058654785
2431,8,8,1,3.8917059898376465
2432,9,3,0,0.6893949508666992
2433,9,9,1,0.4544285833835602
2434,0,0,1,2.758943557739258
2435,6,4,0,1.0512527227401733
2436,6,6,1,4.293362617492676
2437,8,0,0,0.7970749139785767
2438,1,7,0,1.4514886140823364
2439,1,7,0,1.2089130878448486
2440,7,3,0,1.1161545515060425
2441,4,3,0,0.4464411437511444
2442,4,6,0,5.770211219787598
2443,2,0,0,1.8907216787338257
2444,3,3,1,1.6077219247817993
2445,6,6,1,8.242088317871094
2446,9,9,1,4.142124176025391
2447,6,3,0,3.7131855487823486
2448,2,0,0,1.1687781810760498
2449,4,2,0,2.3086154460906982
2450,1,1,1,4.108922004699707
2451,8,8,1,4.8925089836120605
2452,2,6,0,4.924544811248779
2453,3,3,1,2.442589282989502
2454,1,0,0,0.9243980050086975
2455,6,6,1,1.772989273071289
2456,8,0,0,3.1837942600250244
2457,6,6,1,8.164690971374512
2458,8,0,0,-0.2861768901348114
2459,5,5,1,4.934950828552246
2460,9,9,1,4.503652572631836
2461,0,0,1,4.156846523284912
2462,1,1,1,8.528627395629883
2463,0,0,1,6.51727819442749
2464,2,6,0,0.48380208015441895
2465,9,9,1,0.4386688470840454
2466,2,3,0,0.018353264778852463
2467,9,4,0,-0.35314130783081055
2468,0,0,1,2.070465326309204
2469,9,3,0,1.2313119173049927
2470,7,7,1,6.119407653808594
2471,8,0,0,1.2271710634231567
2472,5,3,0,0.22861434519290924
2473,0,8,0,2.8844921588897705
2474,6,3,0,1.9236339330673218
2475,6,6,1,4.083627223968506
2476,8,8,1,4.196383476257324
2477,1,7,0,1.7554426193237305
2478,6,3,0,2.9831953048706055
2479,5,4,0,1.322059988975525
2480,8,8,1,4.20106840133667
2481,7,5,0,3.012796401977539
2482,9,9,1,3.7097201347351074
2483,2,4,0,0.6476090550422668
2484,1,3,0,1.0608657598495483
2485,6,6,1,8.545352935791016
2486,7,4,0,1.4294049739837646
2487,5,9,0,-0.07052347809076309
2488,6,6,1,11.565216064453125
2489,3,4,0,0.42211973667144775
2490,0,2,0,0.6542098522186279
2491,9,9,1,3.029540777206421
2492,8,0,0,0.5211207270622253
2493,9,9,1,8.676085472106934
2494,5,4,0,3.9027795791625977
2495,9,5,0,2.5221545696258545
2496,9,3,0,3.660759210586548
2497,9,0,0,1.768350601196289
2498,3,3,1,2.3691422939300537
2499,6,6,1,2.5910074710845947
2500,4,6,0,5.459751605987549
2501,4,4,1,1.2898118495941162
2502,8,8,1,1.1060209274291992
2503,8,5,0,1.371300458908081
2504,1,3,0,1.4306215047836304
2505,7,9,0,0.2799033224582672
2506,3,2,0,1.3724013566970825
2507,0,5,0,1.1120613813400269
2508,6,6,1,4.624448299407959
2509,2,9,0,1.155215859413147
2510,4,2,0,1.7216737270355225
2511,8,0,0,0.4891872704029083
2512,2,6,0,0.9606286287307739
2513,2,2,1,-0.24656763672828674
2514,9,3,0,0.8007226586341858
2515,2,2,1,1.775024652481079
2516,2,3,0,1.1749988794326782
2517,9,0,0,0.907913863658905
2518,7,6,0,2.8093645572662354
2519,4,5,0,0.9170811772346497
2520,1,1,1,1.5968215465545654
2521,9,1,0,-0.03744763880968094
2522,1,1,1,1.6583278179168701
2523,4,6,0,-0.014213120564818382
2524,3,2,0,2.8100528717041016
2525,5,7,0,1.9520554542541504
2526,3,2,0,1.9998717308044434
2527,8,8,1,1.9212428331375122
2528,9,7,0,1.8933721780776978
2529,3,3,1,3.5250251293182373
2530,6,3,0,1.9250473976135254
2531,2,3,0,1.2833442687988281
2532,0,3,0,3.421269178390503
2533,8,5,0,0.25898298621177673
2534,9,9,1,4.864087104797363
2535,0,2,0,1.7049221992492676
2536,5,3,0,3.069159746170044
2537,1,1,1,6.239213466644287
2538,5,4,0,2.111260414123535
2539,8,8,1,6.5143208503723145
2540,2,6,0,2.145397186279297
2541,1,9,0,2.0878219604492188
2542,2,0,0,1.18294358253479
2543,3,3,1,3.526309013366699
2544,2,5,0,3.0658111572265625
2545,4,2,0,1.3938807249069214
2546,8,3,0,1.3432636260986328
2547,4,0,0,-0.3207108676433563
2548,0,0,1,-0.15651081502437592
2549,6,6,1,6.9841694831848145
2550,4,6,0,2.9129817485809326
2551,2,3,0,0.88182532787323
2552,9,2,0,1.8004101514816284
2553,8,8,1,1.8781929016113281
2554,4,6,0,0.19940732419490814
2555,7,6,0,2.431762933731079
2556,6,6,1,3.2037813663482666
2557,2,7,0,2.6609630584716797
2558,4,2,0,1.1268322467803955
2559,7,7,1,8.567598342895508
2560,7,2,0,3.2162723541259766
2561,6,6,1,6.666386127471924
2562,4,4,1,2.3526525497436523
2563,2,2,1,2.429013729095459
2564,2,2,1,2.515695810317993
2565,3,3,1,3.2783515453338623
2566,2,3,0,0.3264927268028259
2567,4,6,0,3.3099703788757324
2568,9,4,0,1.797161340713501
2569,0,3,0,1.0163508653640747
2570,0,0,1,1.2846401929855347
2571,9,3,0,1.1519418954849243
2572,6,6,1,1.7898390293121338
2573,5,3,0,0.11001671850681305
2574,8,8,1,0.8262444138526917
2575,5,5,1,3.4068121910095215
2576,2,6,0,2.0437169075012207
2577,4,6,0,3.5609471797943115
2578,8,8,1,1.2371916770935059
2579,8,8,1,4.587671756744385
2580,6,5,0,1.105711579322815
2581,4,4,1,0.840653657913208
2582,5,5,1,3.6221277713775635
2583,7,7,1,3.1949939727783203
2584,6,6,1,13.007013320922852
2585,3,3,1,2.2647883892059326
2586,7,5,0,0.6636788249015808
2587,0,0,1,6.171745300292969
2588,4,6,0,2.1063756942749023
2589,0,0,1,3.367694139480591
2590,5,3,0,0.4214068353176117
2591,8,8,1,7.318784236907959
2592,2,4,0,2.963766574859619
2593,8,8,1,0.7127393484115601
2594,0,4,0,1.146750807762146
2595,4,4,1,4.980445384979248
2596,9,3,0,-0.8609037399291992
2597,2,3,0,4.38674783706665
2598,3,3,1,4.184454441070557
2599,6,3,0,1.597413182258606
2600,8,4,0,1.2536416053771973
2601,1,2,0,1.9727081060409546
2602,6,6,1,2.9070794582366943
2603,0,3,0,0.7929482460021973
2604,8,7,0,1.3879138231277466
2605,4,4,1,1.6885206699371338
2606,3,5,0,1.7840571403503418
2607,1,1,1,10.646026611328125
2608,4,0,0,3.5531227588653564
2609,5,3,0,3.9548943042755127
2610,2,4,0,0.5016798973083496
2611,4,2,0,1.5659489631652832
2612,3,3,1,2.1101646423339844
2613,6,2,0,1.4896655082702637
2614,0,2,0,4.399432182312012
2615,7,7,1,5.420723915100098
2616,1,3,0,2.6837635040283203
2617,3,6,0,3.5266916751861572
2618,5,0,0,1.7569876909255981
2619,7,7,1,0.5694014430046082
2620,1,2,0,3.524357795715332
2621,8,8,1,12.968077659606934
2622,0,2,0,2.4757728576660156
2623,4,8,0,0.890069842338562
2624,8,8,1,1.8507615327835083
2625,2,3,0,0.4597020447254181
2626,7,7,1,1.904630184173584
2627,7,3,0,0.31625163555145264
2628,0,3,0,2.118825674057007
2629,2,2,1,3.593222141265869
2630,2,2,1,2.1781134605407715
2631,4,5,0,1.5949605703353882
2632,3,5,0,6.630021095275879
2633,3,3,1,1.225111484527588
2634,1,3,0,0.13770534098148346
2635,6,6,1,0.4554697871208191
2636,1,1,1,0.964541494846344
2637,6,6,1,5.35513162612915
2638,4,3,0,0.4019777178764343
2639,6,6,1,6.983669757843018
2640,7,2,0,1.6694672107696533
2641,4,4,1,4.506295204162598
2642,7,2,0,3.0536305904388428
2643,3,3,1,2.826908826828003
2644,8,8,1,0.8218612670898438
2645,1,1,1,1.1285120248794556
2646,3,3,1,3.3510682582855225
2647,1,0,0,1.991540551185608
2648,4,3,0,2.070058584213257
2649,6,0,0,0.16846877336502075
2650,5,5,1,-0.08245669305324554
2651,5,2,0,2.305356025695801
2652,7,2,0,0.9516895413398743
2653,4,4,1,1.7489567995071411
2654,5,3,0,1.8584898710250854
2655,4,2,0,0.7009732127189636
2656,9,9,1,6.311727046966553
2657,7,7,1,1.5125764608383179
2658,7,2,0,1.5205752849578857
2659,2,2,1,3.580265522003174
2660,3,3,1,2.497920036315918
2661,3,5,0,4.643486022949219
2662,6,6,1,2.2715299129486084
2663,7,5,0,0.3697487413883209
2664,4,4,1,1.8238333463668823
2665,1,1,1,7.918949604034424
2666,6,6,1,6.298109531402588
2667,1,1,1,7.925548076629639
2668,0,0,1,3.4940578937530518
2669,6,6,1,0.8413486480712891
2670,9,2,0,0.5843443274497986
2671,6,6,1,3.8750240802764893
2672,0,0,1,2.857469320297241
2673,2,2,1,1.058712124824524
2674,0,0,1,3.950576066970825
2675,2,4,0,1.1358087062835693
2676,4,6,0,1.8646258115768433
2677,7,7,1,3.763302803039551
2678,0,0,1,5.578618049621582
2679,0,9,0,3.4424092769622803
2680,0,0,1,2.9277188777923584
2681,0,2,0,1.244922399520874
2682,7,7,1,1.3195751905441284
2683,5,5,1,2.5616679191589355
2684,3,3,1,3.0528194904327393
2685,2,5,0,-0.004533096216619015
2686,7,2,0,2.361898899078369
2687,8,0,0,2.3683865070343018
2688,5,3,0,1.8303368091583252
2689,5,3,0,4.764776706695557
2690,2,3,0,1.2142856121063232
2691,2,2,1,1.6640472412109375
2692,8,8,1,0.4604686498641968
2693,9,0,0,2.478879451751709
2694,1,1,1,4.774675369262695
2695,2,3,0,3.7664778232574463
2696,2,4,0,0.3528954088687897
2697,0,8,0,1.136699914932251
2698,3,3,1,3.44999623298645
2699,4,6,0,2.9214377403259277
2700,9,1,0,1.6638747453689575
2701,1,0,0,2.033238410949707
2702,6,6,1,4.633239269256592
2703,9,9,1,4.901821613311768
2704,0,0,1,1.3067461252212524
2705,8,0,0,2.6817855834960938
2706,3,3,1,4.833223819732666
2707,6,6,1,2.461756467819214
2708,4,3,0,0.45936885476112366
2709,6,6,1,1.2729233503341675
2710,7,7,1,3.924534797668457
2711,5,3,0,1.1895471811294556
2712,1,1,1,-0.5280959010124207
2713,8,8,1,11.6157808303833
2714,9,3,0,0.990302324295044
2715,0,0,1,3.239586353302002
2716,5,3,0,0.953010082244873
2717,0,0,1,5.078917503356934
2718,5,6,0,2.8245227336883545
2719,4,5,0,1.4939630031585693
2720,3,3,1,5.280590534210205
2721,8,8,1,3.4646668434143066
2722,5,7,0,2.479311227798462
2723,2,6,0,-0.6034932732582092
2724,0,0,1,9.895855903625488
2725,8,8,1,4.284368991851807
2726,5,3,0,1.387940526008606
2727,9,0,0,3.0696218013763428
2728,2,5,0,1.0907971858978271
2729,5,3,0,2.565272331237793
2730,6,3,0,2.085664987564087
2731,5,5,1,5.008680820465088
2732,7,3,0,1.2366787195205688
2733,3,6,0,3.825852155685425
2734,7,5,0,2.121535539627075
2735,2,6,0,1.6226168870925903
2736,8,8,1,-0.3281607925891876
2737,8,5,0,1.4496910572052002
2738,4,3,0,1.877221703529358
2739,2,2,1,5.339507102966309
2740,1,7,0,1.595076322555542
2741,6,6,1,5.681233882904053
2742,2,3,0,2.3421902656555176
2743,9,6,0,3.2815663814544678
2744,9,3,0,1.4304300546646118
2745,8,8,1,6.760525226593018
2746,2,2,1,-0.27507996559143066
2747,3,6,0,1.6775357723236084
2748,1,1,1,2.8192598819732666
2749,0,9,0,-0.05573204532265663
2750,5,5,1,0.8626253604888916
2751,2,5,0,1.6881027221679688
2752,3,3,1,1.9202684164047241
2753,7,7,1,0.5624257326126099
2754,9,9,1,0.9584858417510986
2755,5,3,0,2.6280288696289062
2756,9,3,0,1.5742498636245728
2757,1,9,0,2.933497667312622
2758,1,9,0,0.9685301184654236
2759,3,2,0,1.6185495853424072
2760,2,4,0,0.2638574540615082
2761,7,2,0,0.7634122371673584
2762,4,0,0,0.3897867202758789
2763,4,4,1,1.552278757095337
2764,1,9,0,2.7650535106658936
2765,9,9,1,0.9844021201133728
2766,4,4,1,2.0290703773498535
2767,5,3,0,5.306943416595459
2768,5,5,1,3.342566728591919
2769,2,2,1,2.421279191970825
2770,7,6,0,1.2867282629013062
2771,7,7,1,3.5650417804718018
2772,6,6,1,7.020132541656494
2773,1,3,0,0.89512699842453
2774,2,0,0,1.5037628412246704
2775,3,6,0,2.3492190837860107
2776,7,7,1,2.140920639038086
2777,5,3,0,2.5647971630096436
2778,4,4,1,0.009746700525283813
2779,3,3,1,0.5641245245933533
2780,7,7,1,1.518383264541626
2781,7,3,0,2.9877095222473145
2782,0,8,0,0.9643906354904175
2783,0,0,1,2.849945306777954
2784,1,9,0,1.7676562070846558
2785,4,2,0,2.4269638061523438
2786,4,3,0,2.6042263507843018
2787,3,6,0,0.5925257205963135
2788,7,6,0,-1.0358078479766846
2789,9,0,0,1.1665490865707397
2790,8,8,1,4.937655448913574
2791,7,7,1,-0.11559022217988968
2792,0,0,1,1.2778915166854858
2793,9,9,1,1.7261589765548706
2794,0,7,0,1.4866743087768555
2795,3,3,1,6.745326042175293
2796,7,0,0,0.49375709891319275
2797,6,6,1,3.079267740249634
2798,3,3,1,2.7560842037200928
2799,8,8,1,2.3914551734924316
2800,4,4,1,2.6666297912597656
2801,5,5,1,2.5634334087371826
2802,6,6,1,5.021134853363037
2803,5,5,1,5.348975658416748
2804,3,5,0,1.7994767427444458
2805,4,4,1,6.587807655334473
2806,2,2,1,3.0881199836730957
2807,9,7,0,0.06318559497594833
2808,2,2,1,3.916917085647583
2809,4,7,0,2.4500296115875244
2810,9,0,0,0.6025539636611938
2811,2,2,1,2.9821722507476807
2812,0,0,1,5.785145282745361
2813,1,9,0,1.8947844505310059
2814,1,1,1,-0.903145432472229
2815,3,5,0,0.769027054309845
2816,7,3,0,0.6354600191116333
2817,9,3,0,3.007582902908325
2818,5,5,1,3.88826322555542
2819,1,2,0,1.1597611904144287
2820,6,6,1,5.557817459106445
2821,0,0,1,0.9036716818809509
2822,3,7,0,2.002197027206421
2823,3,3,1,5.559145927429199
2824,7,7,1,4.635620594024658
2825,2,6,0,2.0457510948181152
2826,4,4,1,2.25982666015625
2827,5,5,1,4.925741195678711
2828,2,4,0,1.0079429149627686
2829,3,3,1,0.9238613843917847
2830,6,6,1,11.964393615722656
2831,3,9,0,2.5147597789764404
2832,3,3,1,2.2459075450897217
2833,0,5,0,1.2279168367385864
2834,4,4,1,3.6578006744384766
2835,4,7,0,1.0817431211471558
2836,3,9,0,1.1194725036621094
2837,8,8,1,0.9393966197967529
2838,1,1,1,5.6428117752075195
2839,2,2,1,5.766099452972412
2840,3,0,0,1.6120678186416626
2841,2,5,0,1.8554139137268066
2842,7,5,0,10.603082656860352
2843,1,6,0,-0.45929548144340515
2844,4,2,0,3.2483034133911133
2845,5,6,0,3.3884589672088623
2846,6,3,0,0.9352476000785828
2847,8,2,0,0.5460331439971924
2848,6,6,1,5.655654430389404
2849,6,6,1,1.9360562562942505
2850,5,3,0,1.6523668766021729
2851,4,4,1,2.510885238647461
2852,2,7,0,0.6129433512687683
2853,9,9,1,7.377176284790039
2854,9,5,0,0.7276172041893005
2855,3,3,1,2.9166970252990723
2856,2,2,1,1.7808696031570435
2857,0,0,1,3.8550305366516113
2858,4,6,0,1.3592077493667603
2859,1,7,0,0.36122897267341614
2860,5,5,1,1.6007030010223389
2861,5,3,0,1.9960459470748901
2862,6,7,0,0.6292659640312195
2863,6,6,1,6.8675689697265625
2864,5,5,1,6.320262432098389
2865,6,6,1,5.444094657897949
2866,9,9,1,3.8439295291900635
2867,7,5,0,1.4513440132141113
2868,9,9,1,2.1416258811950684
2869,4,4,1,1.8871654272079468
2870,8,8,1,4.6797966957092285
2871,3,3,1,2.450763463973999
2872,1,3,0,-0.08058550208806992
2873,9,9,1,1.5680166482925415
2874,8,7,0,-0.43919527530670166
2875,1,9,0,0.9594859480857849
2876,9,0,0,1.6913617849349976
2877,0,0,1,2.3634896278381348
2878,3,3,1,6.320889949798584
2879,0,3,0,2.2501513957977295
2880,4,2,0,1.4910540580749512
2881,7,2,0,0.7074083089828491
2882,7,4,0,0.4826992154121399
2883,2,2,1,1.5872153043746948
2884,6,6,1,4.92832612991333
2885,5,5,1,4.770684719085693
2886,6,6,1,4.454272270202637
2887,9,3,0,0.8358436822891235
2888,7,1,0,1.0719125270843506
2889,7,7,1,3.0677568912506104
2890,5,3,0,1.0769317150115967
2891,7,7,1,-0.7166873216629028
2892,0,3,0,1.8926759958267212
2893,8,0,0,1.1929936408996582
2894,6,6,1,6.544308662414551
2895,7,3,0,2.964250087738037
2896,8,8,1,2.352692127227783
2897,3,6,0,3.4578020572662354
2898,8,3,0,0.9546089172363281
2899,9,6,0,0.0830196663737297
2900,3,2,0,2.745675802230835
2901,2,2,1,5.415393352508545
2902,9,0,0,0.9837249517440796
2903,2,2,1,2.1520166397094727
2904,7,1,0,1.0877985954284668
2905,4,2,0,1.4653303623199463
2906,1,9,0,2.572296142578125
2907,9,9,1,8.34730052947998
2908,7,7,1,0.9275327920913696
2909,0,0,1,4.8873820304870605
2910,8,8,1,0.7967221736907959
2911,1,5,0,2.783360004425049
2912,2,6,0,4.084534168243408
2913,0,2,0,1.8496778011322021
2914,6,3,0,1.6971653699874878
2915,5,5,1,1.7267643213272095
2916,1,1,1,2.0478267669677734
2917,4,4,1,2.3148322105407715
2918,2,2,1,4.823615550994873
2919,8,8,1,8.46858024597168
2920,2,2,1,0.8256170749664307
2921,8,8,1,12.297709465026855
2922,3,3,1,8.996347427368164
2923,3,2,0,1.9133708477020264
2924,1,9,0,1.0742157697677612
2925,4,4,1,5.238844394683838
2926,9,9,1,2.529620409011841
2927,8,8,1,6.845983982086182
2928,1,1,1,3.3215856552124023
2929,1,1,1,1.0292726755142212
2930,7,6,0,2.409414529800415
2931,9,3,0,1.1433755159378052
2932,9,9,1,8.01131820678711
2933,4,3,0,0.6678398847579956
2934,6,3,0,1.6118879318237305
2935,8,8,1,4.060958385467529
2936,5,3,0,1.2459748983383179
2937,3,2,0,1.144965648651123
2938,2,2,1,3.166426658630371
2939,2,2,1,1.595545768737793
2940,3,7,0,3.3669981956481934
2941,8,9,0,0.9689879417419434
2942,5,2,0,1.3306974172592163
2943,1,3,0,1.9696651697158813
2944,9,9,1,1.9121383428573608
2945,7,5,0,0.2682913541793823
2946,9,1,0,2.1650466918945312
2947,1,1,1,2.4741787910461426
2948,5,3,0,0.6488894820213318
2949,3,3,1,5.010490894317627
2950,1,1,1,8.7489013671875
2951,0,8,0,0.34723564982414246
2952,3,3,1,2.086276054382324
2953,8,0,0,1.7958279848098755
2954,9,7,0,0.9897542595863342
2955,2,2,1,0.759676456451416
2956,0,0,1,5.463814735412598
2957,8,8,1,1.25810968875885
2958,0,3,0,1.9171959161758423
2959,7,3,0,0.1561369150876999
2960,9,5,0,2.149587631225586
2961,4,4,1,3.324617385864258
2962,8,8,1,4.535890102386475
2963,3,0,0,2.1376216411590576
2964,0,3,0,1.268652319908142
2965,7,2,0,0.5752934217453003
2966,0,0,1,5.544181823730469
2967,7,2,0,4.012279510498047
2968,0,0,1,4.313794136047363
2969,5,5,1,6.235420227050781
2970,5,3,0,3.5520360469818115
2971,4,6,0,3.481675386428833
2972,3,3,1,0.7123028635978699
2973,0,3,0,4.184974670410156
2974,9,3,0,0.07557778805494308
2975,9,1,0,-0.2715647220611572
2976,0,3,0,1.127116322517395
2977,2,2,1,2.2348523139953613
2978,2,1,0,0.7568195462226868
2979,0,0,1,4.014382839202881
2980,8,8,1,1.9873075485229492
2981,4,5,0,1.5274665355682373
2982,4,4,1,2.960789680480957
2983,5,5,1,-0.5758420825004578
2984,2,2,1,2.1626155376434326
2985,2,9,0,0.23511949181556702
2986,1,8,0,2.008551597595215
2987,1,3,0,0.07284669578075409
2988,5,3,0,3.8899824619293213
2989,5,5,1,1.5661078691482544
2990,4,6,0,1.7049025297164917
2991,3,3,1,4.025350093841553
2992,4,4,1,6.020364284515381
2993,0,0,1,1.6536082029342651
2994,8,8,1,2.0153019428253174
2995,4,3,0,0.12391666322946548
2996,8,9,0,0.3106270730495453
2997,2,2,1,0.039313867688179016
2998,5,3,0,4.461772918701172
2999,6,3,0,1.0043762922286987
3000,5,5,1,5.916609764099121
3001,1,1,1,0.3628477156162262
3002,7,7,1,2.201205253601074
3003,2,2,1,2.8990304470062256
3004,4,4,1,6.440953731536865
3005,0,0,1,1.6829869747161865
3006,5,5,1,3.483623743057251
3007,6,6,1,6.412272930145264
3008,8,8,1,1.4102774858474731
3009,7,2,0,0.9837971925735474
3010,6,6,1,3.3356621265411377
3011,3,3,1,2.110262155532837
3012,1,5,0,1.603975534439087
3013,3,7,0,1.1389609575271606
3014,6,5,0,4.575296401977539
3015,6,6,1,2.151310443878174
3016,4,6,0,1.7385168075561523
3017,5,5,1,1.8328852653503418
3018,5,3,0,2.0662448406219482
3019,5,3,0,3.0670502185821533
3020,1,1,1,0.9233099818229675
3021,8,5,0,2.492859363555908
3022,7,4,0,-0.5365899801254272
3023,3,9,0,-0.12354806810617447
3024,0,0,1,4.841759204864502
3025,2,4,0,3.36311674118042
3026,5,4,0,3.398348331451416
3027,1,1,1,9.171513557434082
3028,1,2,0,1.9428529739379883
3029,1,1,1,6.597748756408691
3030,6,6,1,4.186123847961426
3031,7,7,1,1.4138368368148804
3032,2,2,1,2.4314496517181396
3033,1,9,0,1.0657634735107422
3034,2,5,0,2.9197998046875
3035,3,6,0,4.562017440795898
3036,9,9,1,1.5031780004501343
3037,8,3,0,1.1428585052490234
3038,3,2,0,3.3511946201324463
3039,1,5,0,0.3683367669582367
3040,7,7,1,6.454442024230957
3041,4,4,1,1.5643713474273682
3042,8,1,0,3.0282373428344727
3043,4,3,0,-1.1330565214157104
3044,7,5,0,1.1880543231964111
3045,5,3,0,2.159332036972046
3046,8,8,1,7.856539249420166
3047,6,2,0,1.1919875144958496
3048,0,0,1,3.0776824951171875
3049,3,3,1,2.362337827682495
3050,0,0,1,2.8035664558410645
3051,8,3,0,0.9168217778205872
3052,3,2,0,3.473619222640991
3053,4,4,1,2.2940564155578613
3054,4,0,0,0.11476404219865799
3055,9,9,1,2.8958022594451904
3056,4,3,0,2.7933621406555176
3057,6,3,0,2.8701512813568115
3058,1,9,0,2.770054578781128
3059,5,5,1,1.8473553657531738
3060,7,3,0,1.3462616205215454
3061,7,2,0,2.5209927558898926
3062,9,9,1,5.003357410430908
3063,0,2,0,4.5274763107299805
3064,1,5,0,1.0942461490631104
3065,3,7,0,1.4439560174942017
3066,1,0,0,1.6364645957946777
3067,3,2,0,2.652147054672241
3068,2,0,0,4.185410022735596
3069,4,2,0,0.5357329249382019
3070,0,0,1,0.3409728705883026
3071,7,6,0,2.1552817821502686
3072,8,2,0,1.8899405002593994
3073,3,6,0,-0.6392050981521606
3074,1,1,1,0.9942638278007507
3075,6,3,0,1.088159441947937
3076,2,6,0,-0.13562844693660736
3077,1,9,0,0.6291781067848206
3078,8,0,0,1.5383955240249634
3079,8,0,0,0.561395525932312
3080,1,2,0,2.9695324897766113
3081,9,9,1,1.9149242639541626
3082,7,2,0,1.6683995723724365
3083,5,0,0,3.1396255493164062
3084,3,6,0,1.3399779796600342
3085,2,7,0,0.5518521070480347
3086,9,7,0,-0.4251197874546051
3087,0,6,0,0.6426397562026978
3088,6,6,1,5.145921230316162
3089,8,8,1,6.002553462982178
3090,4,2,0,1.2648193836212158
3091,1,1,1,6.062886714935303
3092,5,3,0,2.634749174118042
3093,7,7,1,10.990342140197754
3094,2,0,0,5.601183891296387
3095,4,2,0,2.6890056133270264
3096,7,3,0,4.323032379150391
3097,0,7,0,0.9923927783966064
3098,4,2,0,2.191365957260132
3099,9,6,0,2.582357883453369
3100,0,0,1,5.789484977722168
3101,7,7,1,2.650134563446045
3102,0,3,0,1.2453161478042603
3103,6,9,0,0.150265634059906
3104,7,7,1,0.8595771789550781
3105,1,1,1,2.649550437927246
3106,8,3,0,0.9948315620422363
3107,5,5,1,2.6799449920654297
3108,8,0,0,1.8066786527633667
3109,8,0,0,3.0487425327301025
3110,7,2,0,0.7838398814201355
3111,0,3,0,1.0714513063430786
3112,0,0,1,4.287349224090576
3113,3,3,1,2.0404484272003174
3114,2,3,0,3.7242257595062256
3115,5,3,0,1.8171204328536987
3116,7,7,1,2.96915602684021
3117,0,2,0,1.637557864189148
3118,6,6,1,5.506798267364502
3119,4,6,0,1.986064076423645
3120,4,4,1,2.0627284049987793
3121,9,9,1,1.6251415014266968
3122,1,7,0,-0.970170795917511
3123,8,3,0,3.202885389328003
3124,6,6,1,3.7906875610351562
3125,3,3,1,1.5777438879013062
3126,9,9,1,0.6265469789505005
3127,4,3,0,1.3217731714248657
3128,9,6,0,1.5028736591339111
3129,3,3,1,2.6365063190460205
3130,3,6,0,2.7411587238311768
3131,7,7,1,5.1315412521362305
3132,5,5,1,5.6503682136535645
3133,9,6,0,2.928680181503296
3134,7,7,1,1.4876474142074585
3135,7,5,0,0.3978617489337921
3136,4,3,0,0.1690443903207779
3137,5,3,0,2.2632133960723877
3138,8,8,1,1.4340951442718506
3139,2,8,0,1.5534467697143555
3140,8,3,0,2.3060810565948486
3141,9,2,0,2.0428905487060547
3142,5,5,1,0.6430789828300476
3143,3,3,1,3.5335731506347656
3144,1,9,0,0.6655229926109314
3145,9,3,0,0.6389711499214172
3146,2,2,1,1.296826720237732
3147,2,2,1,0.1137542575597763
3148,0,8,0,2.8770551681518555
3149,1,9,0,1.1635392904281616
3150,1,6,0,0.898540735244751
3151,8,5,0,-0.18812240660190582
3152,1,2,0,3.5204620361328125
3153,1,1,1,7.101595878601074
3154,9,9,1,5.723276615142822
3155,8,0,0,3.621520757675171
3156,9,9,1,1.217184066772461
3157,9,1,0,1.451773762702942
3158,0,0,1,2.1007070541381836
3159,2,0,0,0.9422785043716431
3160,6,3,0,2.511242151260376
3161,9,9,1,5.288747310638428
3162,1,1,1,2.3949403762817383
3163,9,5,0,2.0692317485809326
3164,0,2,0,0.2044219821691513
3165,1,3,0,0.09028435498476028
3166,9,9,1,4.912769317626953
3167,2,3,0,0.22485077381134033
3168,9,2,0,0.3890537619590759
3169,9,5,0,0.10490389168262482
3170,9,1,0,1.9474802017211914
3171,0,6,0,0.8999606370925903
3172,9,6,0,1.3200901746749878
3173,9,2,0,0.6621146202087402
3174,2,2,1,1.406219482421875
3175,1,1,1,11.68966293334961
3176,7,3,0,0.344912052154541
3177,0,0,1,7.462967872619629
3178,5,5,1,2.4989562034606934
3179,6,6,1,2.384737253189087
3180,3,6,0,0.8713425397872925
3181,9,2,0,0.091803640127182
3182,8,7,0,0.453337162733078
3183,3,5,0,2.1068274974823
3184,0,0,1,1.5383639335632324
3185,2,6,0,4.11789608001709
3186,7,3,0,-0.32876646518707275
3187,7,9,0,0.825873613357544
3188,4,6,0,1.1422897577285767
3189,8,0,0,3.1709389686584473
3190,3,3,1,2.323984384536743
3191,0,0,1,0.2054765671491623
3192,5,4,0,3.4911842346191406
3193,2,3,0,1.929951786994934
3194,3,5,0,5.861044406890869
3195,5,5,1,2.7713494300842285
3196,7,5,0,-0.6399676203727722
3197,6,6,1,4.597498416900635
3198,6,6,1,2.8503987789154053
3199,6,3,0,-0.2608199715614319
3200,5,5,1,2.338263988494873
3201,6,3,0,3.195253372192383
3202,5,0,0,3.1258888244628906
3203,4,4,1,3.3763065338134766
3204,5,7,0,0.19286352396011353
3205,8,8,1,2.246431350708008
3206,8,0,0,1.370021939277649
3207,0,3,0,0.6416267156600952
3208,9,6,0,0.944528341293335
3209,7,3,0,4.787110328674316
3210,9,3,0,0.6053391098976135
3211,0,3,0,0.34168291091918945
3212,6,6,1,4.858459949493408
3213,9,3,0,1.2535878419876099
3214,6,3,0,2.6156742572784424
3215,1,1,1,4.6233015060424805
3216,4,6,0,0.03288347274065018
3217,7,3,0,1.480859637260437
3218,9,7,0,-0.48953449726104736
3219,0,2,0,0.24674822390079498
3220,3,7,0,1.9732671976089478
3221,5,3,0,4.1748223304748535
3222,4,4,1,6.594287872314453
3223,7,7,1,1.6957064867019653
3224,6,6,1,7.865246295928955
3225,9,9,1,0.0447060726583004
3226,8,3,0,0.2836630344390869
3227,2,4,0,3.4165830612182617
3228,3,3,1,1.4288132190704346
3229,9,3,0,0.537353515625
3230,3,7,0,1.8280186653137207
3231,3,3,1,1.1987553834915161
3232,7,7,1,2.453903913497925
3233,8,8,1,7.7375712394714355
3234,3,2,0,4.346060752868652
3235,5,5,1,1.7681591510772705
3236,5,3,0,2.06650447845459
3237,9,9,1,2.695345163345337
3238,6,6,1,2.3066036701202393
3239,1,1,1,4.785181045532227
3240,4,6,0,0.8441447019577026
3241,7,7,1,3.966186285018921
3242,4,4,1,1.620105504989624
3243,8,8,1,1.5639221668243408
3244,7,7,1,5.404475212097168
3245,7,7,1,9.977465629577637
3246,1,2,0,0.8066268563270569
3247,3,3,1,3.3500068187713623
3248,0,0,1,4.815255165100098
3249,3,3,1,7.3757243156433105
3250,2,2,1,0.19232551753520966
3251,5,3,0,4.515023708343506
3252,4,3,0,0.49984216690063477
3253,9,0,0,0.7701724767684937
3254,3,5,0,2.561790943145752
3255,5,5,1,3.6543571949005127
3256,4,4,1,2.8462982177734375
3257,7,7,1,2.1762290000915527
3258,0,2,0,1.0720738172531128
3259,3,3,1,2.7633326053619385
3260,7,7,1,10.61996841430664
3261,0,0,1,4.200557708740234
3262,2,3,0,0.9402057528495789
3263,1,1,1,1.5835407972335815
3264,5,3,0,3.403703212738037
3265,8,2,0,1.1452490091323853
3266,7,2,0,0.450380802154541
3267,3,3,1,5.606386661529541
3268,5,5,1,4.8061347007751465
3269,7,7,1,1.7929924726486206
3270,8,8,1,6.747375965118408
3271,5,5,1,10.175918579101562
3272,7,7,1,7.115562438964844
3273,8,5,0,2.054319381713867
3274,1,1,1,5.491454124450684
3275,5,3,0,4.737040042877197
3276,4,4,1,7.493252277374268
3277,7,7,1,2.8682749271392822
3278,0,0,1,5.350295066833496
3279,8,8,1,0.989173412322998
3280,3,0,0,2.416325092315674
3281,2,2,1,0.813700258731842
3282,9,8,0,0.5269066691398621
3283,7,5,0,1.0033522844314575
3284,4,3,0,1.849453091621399
3285,1,2,0,0.7904632687568665
3286,6,6,1,7.632103443145752
3287,5,8,0,2.590010404586792
3288,9,1,0,2.4795150756835938
3289,8,8,1,1.2704551219940186
3290,5,5,1,3.386418581008911
3291,5,5,1,4.247544288635254
3292,4,6,0,5.188844203948975
3293,1,1,1,5.400805473327637
3294,0,0,1,2.870105266571045
3295,9,3,0,1.9072365760803223
3296,4,4,1,3.7426910400390625
3297,4,6,0,0.8338907957077026
3298,3,2,0,-0.12900428473949432
3299,0,3,0,1.8836956024169922
3300,4,6,0,1.390386939048767
3301,8,0,0,2.4805965423583984
3302,0,0,1,7.122323989868164
3303,8,3,0,0.6897044777870178
3304,2,2,1,4.281008720397949
3305,9,3,0,-0.2373567819595337
3306,5,6,0,1.7998319864273071
3307,9,9,1,-0.04783445969223976
3308,7,5,0,2.045649290084839
3309,4,3,0,2.0827739238739014
3310,6,6,1,2.2456815242767334
3311,7,5,0,1.8982515335083008
3312,9,2,0,0.7643916606903076
3313,2,2,1,0.6768397092819214
3314,9,6,0,1.1685436964035034
3315,3,3,1,-0.36542266607284546
3316,7,7,1,0.5318617224693298
3317,7,4,0,1.613242506980896
3318,8,0,0,0.24001631140708923
3319,2,0,0,1.4646881818771362
3320,2,0,0,1.2977622747421265
3321,0,3,0,0.5901917815208435
3322,2,2,1,3.3564164638519287
3323,5,5,1,2.0036938190460205
3324,3,7,0,-0.4243587553501129
3325,6,6,1,0.6053900718688965
3326,4,4,1,7.6441497802734375
3327,7,9,0,1.1268123388290405
3328,2,2,1,0.7591558694839478
3329,3,5,0,1.5194095373153687
3330,7,2,0,0.7377145886421204
3331,8,5,0,1.0966308116912842
3332,7,3,0,1.2931808233261108
3333,2,0,0,1.5117360353469849
3334,5,0,0,2.1252784729003906
3335,0,2,0,1.85516357421875
3336,0,4,0,1.0883742570877075
3337,7,5,0,2.2640442848205566
3338,0,3,0,-0.2546449303627014
3339,9,9,1,2.939854621887207
3340,6,6,1,2.5222795009613037
3341,1,5,0,-0.011323190294206142
3342,0,8,0,3.952120304107666
3343,3,3,1,0.2710477113723755
3344,9,3,0,1.2529674768447876
3345,7,7,1,13.282129287719727
3346,4,5,0,-0.2099607139825821
3347,9,8,0,0.31588852405548096
3348,1,5,0,0.6083902716636658
3349,6,6,1,3.43914532661438
3350,8,8,1,1.457878828048706
3351,1,1,1,3.770505666732788
3352,2,5,0,3.7080845832824707
3353,3,3,1,0.08655989915132523
3354,3,2,0,3.7554454803466797
3355,5,6,0,3.3630902767181396
3356,4,2,0,2.1377816200256348
3357,8,3,0,2.2820961475372314
3358,9,9,1,3.9937727451324463
3359,7,2,0,1.1415588855743408
3360,4,0,0,0.4119414687156677
3361,4,8,0,2.042076587677002
3362,1,1,1,12.790700912475586
3363,2,3,0,1.9548289775848389
3364,4,4,1,1.046992301940918
3365,9,2,0,0.8287686109542847
3366,8,2,0,1.5589927434921265
3367,7,7,1,3.366253614425659
3368,9,3,0,1.0440548658370972
3369,5,3,0,1.6547009944915771
3370,1,1,1,2.3375160694122314
3371,2,5,0,2.1196115016937256
3372,1,7,0,-0.034390754997730255
3373,6,5,0,2.968630313873291
3374,6,3,0,2.418931722640991
3375,4,4,1,1.5134403705596924
3376,5,3,0,1.8306541442871094
3377,7,7,1,10.524628639221191
3378,4,4,1,2.0270862579345703
3379,5,3,0,1.2601613998413086
3380,8,2,0,1.871529221534729
3381,5,3,0,2.400031089782715
3382,2,2,1,3.7243523597717285
3383,8,8,1,9.92585563659668
3384,7,7,1,3.880622625350952
3385,8,3,0,1.4238423109054565
3386,2,2,1,5.681236743927002
3387,3,6,0,6.8472747802734375
3388,6,6,1,1.9110525846481323
3389,1,1,1,8.596464157104492
3390,3,3,1,1.207892894744873
3391,3,3,1,3.1445658206939697
3392,1,1,1,0.9530988335609436
3393,5,5,1,4.243616104125977
3394,1,1,1,10.171867370605469
3395,9,9,1,3.9755475521087646
3396,0,0,1,4.1178297996521
3397,9,9,1,4.111086368560791
3398,2,2,1,5.642664432525635
3399,0,2,0,1.7995729446411133
3400,6,8,0,2.214193820953369
3401,2,2,1,1.7988694906234741
3402,4,4,1,6.609070777893066
3403,8,8,1,11.180015563964844
3404,5,3,0,2.492551565170288
3405,7,7,1,4.645774841308594
3406,6,6,1,0.9084346294403076
3407,1,9,0,0.3768710792064667
3408,2,0,0,0.07901418954133987
3409,9,9,1,1.5133112668991089
3410,4,4,1,-0.05935758352279663
3411,5,3,0,2.2066667079925537
3412,0,3,0,1.4366792440414429
3413,3,3,1,1.0553432703018188
3414,3,3,1,4.80077600479126
3415,7,5,0,1.6980148553848267
3416,7,4,0,-0.03939862549304962
3417,7,6,0,2.570948839187622
3418,1,9,0,2.6975443363189697
3419,4,4,1,4.549354076385498
3420,5,3,0,3.881620407104492
3421,0,2,0,2.3958914279937744
3422,2,3,0,2.9889023303985596
3423,8,8,1,3.2569098472595215
3424,5,5,1,9.05868911743164
3425,0,2,0,2.838902473449707
3426,0,0,1,1.5812784433364868
3427,6,3,0,0.2491215616464615
3428,2,3,0,1.1829103231430054
3429,0,0,1,4.4906816482543945
3430,8,8,1,6.304930210113525
3431,4,3,0,3.444072723388672
3432,5,5,1,7.847077369689941
3433,4,4,1,1.7195926904678345
3434,5,5,1,2.2116293907165527
3435,6,6,1,8.097291946411133
3436,4,4,1,0.7135781049728394
3437,7,9,0,0.04183998331427574
3438,9,9,1,8.082440376281738
3439,4,5,0,3.437518358230591
3440,2,2,1,2.009986639022827
3441,0,0,1,4.2089996337890625
3442,6,9,0,0.5277746319770813
3443,4,2,0,2.3083486557006836
3444,0,0,1,4.213129997253418
3445,0,0,1,5.538271903991699
3446,6,6,1,2.0236082077026367
3447,4,3,0,0.4721929430961609
3448,6,6,1,5.702929496765137
3449,1,1,1,3.968135118484497
3450,9,9,1,1.28972589969635
3451,5,5,1,3.2516512870788574
3452,5,5,1,3.683649778366089
3453,2,2,1,7.95576286315918
3454,2,2,1,3.8262476921081543
3455,6,5,0,2.3074374198913574
3456,3,3,1,3.9434616565704346
3457,4,2,0,1.6320234537124634
3458,5,0,0,2.3328773975372314
3459,9,9,1,2.3026976585388184
3460,1,4,0,2.505056858062744
3461,7,5,0,3.2817492485046387
3462,2,2,1,1.2739864587783813
3463,3,3,1,1.2653888463974
3464,9,9,1,3.7184197902679443
3465,6,7,0,3.1219377517700195
3466,5,5,1,5.629355430603027
3467,0,8,0,1.5010831356048584
3468,2,6,0,1.9869681596755981
3469,9,9,1,0.7187641263008118
3470,7,3,0,2.417870283126831
3471,1,3,0,0.3090192675590515
3472,7,3,0,0.906745433807373
3473,2,2,1,4.209644794464111
3474,2,7,0,0.6531198024749756
3475,0,0,1,5.669345855712891
3476,8,3,0,0.7522385716438293
3477,6,4,0,3.5984439849853516
3478,4,4,1,4.98478364944458
3479,3,3,1,4.124461650848389
3480,2,0,0,2.5593836307525635
3481,7,6,0,2.102829694747925
3482,7,7,1,5.3332953453063965
3483,0,0,1,2.629437208175659
3484,4,4,1,2.3499579429626465
3485,1,1,1,0.05754289776086807
3486,6,6,1,11.321340560913086
3487,5,5,1,7.8375563621521
3488,1,8,0,1.8523192405700684
3489,3,3,1,1.3707835674285889
3490,0,0,1,1.6198056936264038
3491,3,3,1,5.3160624504089355
3492,9,6,0,0.6357144713401794
3493,0,9,0,1.7655495405197144
3494,0,0,1,1.099157452583313
3495,2,7,0,2.4023022651672363
3496,5,6,0,3.436333179473877
3497,0,2,0,3.422924518585205
3498,4,3,0,0.845646858215332
3499,0,0,1,5.169311046600342
3500,1,9,0,4.238794803619385
3501,9,9,1,5.855401515960693
3502,8,8,1,0.5235369205474854
3503,4,3,0,1.0080550909042358
3504,9,2,0,1.6571522951126099
3505,4,3,0,1.6853084564208984
3506,2,2,1,0.36664360761642456
3507,4,4,1,4.709384918212891
3508,3,3,1,2.0144972801208496
3509,3,3,1,4.616542339324951
3510,4,6,0,2.4388842582702637
3511,0,0,1,0.9404864311218262
3512,4,2,0,0.34110668301582336
3513,3,3,1,1.7442690134048462
3514,2,6,0,0.7349496483802795
3515,8,8,1,3.9163827896118164
3516,9,9,1,6.8176960945129395
3517,1,3,0,0.21059763431549072
3518,5,3,0,2.888725996017456
3519,8,8,1,0.9150167107582092
3520,1,1,1,1.3689403533935547
3521,8,0,0,4.874064922332764
3522,2,2,1,3.095578908920288
3523,4,6,0,5.676535129547119
3524,5,4,0,2.9443883895874023
3525,2,6,0,1.694717526435852
3526,4,4,1,3.702767848968506
3527,1,7,0,2.8205316066741943
3528,1,1,1,1.112935185432434
3529,6,6,1,9.141812324523926
3530,6,6,1,8.987974166870117
3531,8,9,0,-0.1805402636528015
3532,5,5,1,3.9110701084136963
3533,2,2,1,0.7352116107940674
3534,2,0,0,2.8147103786468506
3535,5,5,1,2.8585023880004883
3536,0,3,0,0.38737788796424866
3537,8,0,0,0.6610280275344849
3538,2,2,1,1.2097342014312744
3539,3,6,0,0.5907056331634521
3540,6,6,1,9.301109313964844
3541,2,6,0,0.7847363352775574
3542,9,4,0,1.3753719329833984
3543,6,6,1,5.803252220153809
3544,1,5,0,3.4398343563079834
3545,4,2,0,1.6970832347869873
3546,5,5,1,1.8175318241119385
3547,9,9,1,3.759856700897217
3548,0,3,0,1.0861420631408691
3549,1,5,0,1.0131983757019043
3550,0,6,0,-2.077962875366211
3551,0,0,1,2.273470640182495
3552,8,8,1,0.9069368839263916
3553,1,1,1,1.643301010131836
3554,1,2,0,0.9923126697540283
3555,6,6,1,1.733472228050232
3556,6,2,0,0.6310368180274963
3557,9,3,0,2.7768688201904297
3558,5,5,1,1.2921894788742065
3559,4,6,0,2.1199114322662354
3560,1,3,0,1.738474726676941
3561,7,3,0,2.5254323482513428
3562,8,8,1,1.00592041015625
3563,6,6,1,6.860887050628662
3564,9,9,1,-0.35107409954071045
3565,1,1,1,9.656000137329102
3566,7,7,1,6.899216651916504
3567,6,6,1,3.8566536903381348
3568,0,7,0,0.46740320324897766
3569,9,6,0,1.5049363374710083
3570,3,3,1,0.0864366963505745
3571,5,5,1,2.6422204971313477
3572,3,6,0,4.597909450531006
3573,2,2,1,1.6378072500228882
3574,5,5,1,4.92726469039917
3575,3,3,1,1.889278531074524
3576,4,4,1,8.652262687683105
3577,9,9,1,1.8771456480026245
3578,7,5,0,1.6271698474884033
3579,1,1,1,6.507128715515137
3580,4,6,0,3.1362528800964355
3581,4,4,1,3.6177988052368164
3582,6,6,1,6.651576995849609
3583,1,3,0,2.023245334625244
3584,3,3,1,2.909733772277832
3585,8,2,0,2.6522350311279297
3586,8,0,0,0.9031642079353333
3587,0,1,0,-0.2845083177089691
3588,6,6,1,13.678783416748047
3589,7,7,1,3.018526554107666
3590,7,3,0,0.2944132089614868
3591,6,6,1,4.618643760681152
3592,7,7,1,7.824121475219727
3593,2,2,1,3.6238853931427
3594,3,5,0,1.5755566358566284
3595,2,3,0,1.7804001569747925
3596,2,6,0,2.3355185985565186
3597,6,6,1,5.7096848487854
3598,2,2,1,2.777261734008789
3599,7,3,0,-0.05494021251797676
3600,4,2,0,0.511756420135498
3601,0,0,1,4.843759536743164
3602,3,6,0,-0.04928826540708542
3603,6,3,0,1.8038188219070435
3604,2,2,1,6.213797569274902
3605,6,6,1,1.3120499849319458
3606,3,3,1,0.555338442325592
3607,3,2,0,4.441981315612793
3608,0,9,0,4.447636604309082
3609,9,7,0,-0.5867345333099365
3610,5,5,1,4.399806976318359
3611,1,6,0,1.3283908367156982
3612,1,9,0,0.6236423850059509
3613,5,5,1,3.659867763519287
3614,3,3,1,7.183687686920166
3615,6,6,1,1.107209324836731
3616,4,6,0,2.4894771575927734
3617,3,3,1,1.2772482633590698
3618,4,2,0,0.8562366366386414
3619,1,7,0,0.16529563069343567
3620,0,0,1,1.1314417123794556
3621,4,3,0,1.4375897645950317
3622,5,3,0,3.5690953731536865
3623,5,2,0,3.6297314167022705
3624,2,5,0,2.8133130073547363
3625,8,3,0,0.5008264780044556
3626,9,7,0,1.3714380264282227
3627,4,2,0,1.38486909866333
3628,3,3,1,3.952101230621338
3629,1,3,0,0.779640793800354
3630,8,0,0,1.8455190658569336
3631,0,3,0,0.5915661454200745
3632,1,9,0,1.667720913887024
3633,3,3,1,4.379392623901367
3634,3,2,0,1.106297254562378
3635,4,2,0,4.299129486083984
3636,4,6,0,5.5484442710876465
3637,2,3,0,2.0969247817993164
3638,9,9,1,4.559794902801514
3639,7,6,0,3.3521811962127686
3640,6,6,1,3.876781702041626
3641,8,8,1,2.5474753379821777
3642,1,1,1,3.109675645828247
3643,8,0,0,0.6658083200454712
3644,9,9,1,2.9310290813446045
3645,1,9,0,3.090711832046509
3646,3,6,0,1.6778126955032349
3647,1,1,1,7.3737640380859375
3648,7,7,1,7.900915145874023
3649,3,3,1,6.302063465118408
3650,0,0,1,2.3815126419067383
3651,0,2,0,1.670332670211792
3652,2,0,0,2.957576036453247
3653,8,3,0,-0.5526850819587708
3654,3,2,0,4.313316822052002
3655,9,3,0,-0.05831723287701607
3656,2,2,1,1.1558606624603271
3657,7,7,1,3.890615701675415
3658,2,3,0,3.6405389308929443
3659,6,6,1,4.223082542419434
3660,0,0,1,5.518141746520996
3661,1,1,1,11.140382766723633
3662,6,6,1,1.6675916910171509
3663,1,9,0,0.8515057563781738
3664,6,0,0,-0.47223028540611267
3665,7,7,1,6.507219314575195
3666,5,5,1,3.0674757957458496
3667,5,2,0,1.4667434692382812
3668,2,6,0,1.5552136898040771
3669,5,0,0,-0.24418365955352783
3670,9,9,1,2.2767183780670166
3671,4,2,0,3.8244104385375977
3672,0,0,1,2.1519522666931152
3673,2,3,0,1.1366946697235107
3674,3,3,1,3.5961644649505615
3675,4,4,1,5.7708306312561035
3676,9,3,0,-0.2339182049036026
3677,4,3,0,1.562414288520813
3678,1,1,1,0.8378742337226868
3679,0,0,1,2.6174075603485107
3680,0,1,0,0.44261088967323303
3681,2,2,1,1.4319645166397095
3682,3,3,1,0.30447784066200256
3683,8,2,0,1.561976671218872
3684,9,6,0,3.2868587970733643
3685,2,0,0,3.596635103225708
3686,8,3,0,0.16154827177524567
3687,9,9,1,5.661322116851807
3688,5,5,1,4.5914306640625
3689,7,7,1,0.6625010371208191
3690,9,6,0,1.8609875440597534
3691,1,1,1,10.688737869262695
3692,4,4,1,5.096132278442383
3693,6,2,0,-1.0138593912124634
3694,2,2,1,0.8979640007019043
3695,8,3,0,0.9326751828193665
3696,4,6,0,-0.5797975063323975
3697,4,4,1,5.077805995941162
3698,8,8,1,-0.1642596572637558
3699,9,9,1,1.0207749605178833
3700,3,3,1,1.9246679544448853
3701,1,1,1,4.512216091156006
3702,1,1,1,1.3652998208999634
3703,6,4,0,1.9182262420654297
3704,5,2,0,0.5841026306152344
3705,8,9,0,2.269576072692871
3706,4,3,0,2.4436633586883545
3707,6,6,1,2.8314011096954346
3708,4,2,0,1.2281917333602905
3709,5,0,0,1.7713533639907837
3710,2,2,1,2.176663875579834
3711,6,6,1,3.1714236736297607
3712,4,4,1,2.8480067253112793
3713,2,3,0,2.02292799949646
3714,3,7,0,1.7548199892044067
3715,1,2,0,0.6748946905136108
3716,3,1,0,1.3588321208953857
3717,6,6,1,3.136242151260376
3718,8,8,1,1.2080777883529663
3719,5,5,1,4.95845890045166
3720,2,2,1,4.561315536499023
3721,2,3,0,1.0149661302566528
3722,7,7,1,12.612515449523926
3723,1,9,0,5.776379108428955
3724,6,6,1,2.3513541221618652
3725,2,2,1,0.5361475348472595
3726,5,6,0,2.4549484252929688
3727,9,9,1,1.0981389284133911
3728,2,3,0,3.7601711750030518
3729,8,3,0,0.8804329633712769
3730,1,0,0,-0.12907147407531738
3731,6,6,1,2.0125579833984375
3732,9,9,1,0.6520700454711914
3733,2,3,0,2.870009183883667
3734,7,3,0,1.599605679512024
3735,5,5,1,3.3031301498413086
3736,3,3,1,3.0586721897125244
3737,2,6,0,0.8119900822639465
3738,9,9,1,0.3818284869194031
3739,7,2,0,3.080453395843506
3740,0,0,1,1.4335987567901611
3741,2,2,1,2.3923611640930176
3742,9,3,0,-0.23327140510082245
3743,3,8,0,-0.8029015064239502
3744,4,2,0,-0.9451919198036194
3745,1,1,1,0.819750964641571
3746,7,2,0,1.978176236152649
3747,9,3,0,3.3231089115142822
3748,5,4,0,1.393561840057373
3749,8,9,0,3.042933464050293
3750,9,6,0,0.8285285234451294
3751,7,7,1,6.869549751281738
3752,3,6,0,1.5590065717697144
3753,4,3,0,3.3155667781829834
3754,0,0,1,3.840961217880249
3755,9,9,1,1.433707594871521
3756,7,6,0,1.4639519453048706
3757,4,3,0,1.4631975889205933
3758,2,3,0,1.169691801071167
3759,4,4,1,3.178609848022461
3760,7,7,1,7.944925308227539
3761,0,6,0,-0.5379939079284668
3762,1,3,0,3.523691177368164
3763,8,8,1,3.7346692085266113
3764,1,1,1,10.737208366394043
3765,0,0,1,0.6481770277023315
3766,4,4,1,3.194814682006836
3767,6,6,1,6.804947853088379
3768,1,0,0,1.8977465629577637
3769,9,6,0,-0.2755158543586731
3770,9,1,0,-0.2020024061203003
3771,2,0,0,2.3994576930999756
3772,1,1,1,2.0757665634155273
3773,2,5,0,2.1801342964172363
3774,5,5,1,2.6477856636047363
3775,6,6,1,2.9877185821533203
3776,9,2,0,2.1764984130859375
3777,7,7,1,6.486653804779053
3778,7,7,1,4.111649990081787
3779,3,3,1,1.103601336479187
3780,4,4,1,0.5163623094558716
3781,2,2,1,3.244310140609741
3782,0,3,0,1.6101096868515015
3783,2,3,0,2.1277451515197754
3784,5,5,1,4.803856372833252
3785,6,6,1,3.527120590209961
3786,7,3,0,1.0704768896102905
3787,3,3,1,-0.41779109835624695
3788,7,7,1,7.72088623046875
3789,9,5,0,0.1849929690361023
3790,4,6,0,1.0808154344558716
3791,2,0,0,0.7512353658676147
3792,0,1,0,-1.8118815422058105
3793,6,5,0,2.7633185386657715
3794,1,3,0,2.08001446723938
3795,7,3,0,1.5950732231140137
3796,5,5,1,4.680636405944824
3797,6,3,0,2.8136472702026367
3798,5,5,1,2.68031644821167
3799,3,4,0,1.5991497039794922
3800,9,1,0,1.4186973571777344
3801,2,0,0,3.8627421855926514
3802,7,0,0,-0.03778665512800217
3803,8,8,1,4.972252368927002
3804,5,5,1,3.870748996734619
3805,9,9,1,0.5397636890411377
3806,5,2,0,-0.3602350950241089
3807,8,6,0,2.1266496181488037
3808,5,5,1,5.941825866699219
3809,4,3,0,2.085479974746704
3810,3,5,0,0.9143636226654053
3811,7,5,0,2.5922927856445312
3812,9,6,0,1.3753327131271362
3813,8,0,0,2.872515916824341
3814,1,2,0,1.7439517974853516
3815,2,4,0,0.07403072714805603
3816,2,6,0,3.7529351711273193
3817,8,2,0,-0.35297125577926636
3818,9,9,1,6.325439453125
3819,3,3,1,4.81807804107666
3820,0,0,1,5.416996955871582
3821,8,8,1,2.4735655784606934
3822,4,1,0,0.20679672062397003
3823,0,0,1,1.0584980249404907
3824,2,2,1,3.646559238433838
3825,0,0,1,1.8750497102737427
3826,1,1,1,1.6649940013885498
3827,4,2,0,1.5711050033569336
3828,1,0,0,1.4529902935028076
3829,8,0,0,4.038159370422363
3830,5,5,1,3.4274544715881348
3831,5,9,0,1.5933712720870972
3832,7,7,1,10.7769136428833
3833,9,3,0,0.3133200407028198
3834,8,9,0,1.9272716045379639
3835,3,6,0,1.9227858781814575
3836,7,7,1,5.725259304046631
3837,9,9,1,1.9051510095596313
3838,1,7,0,1.749560832977295
3839,5,5,1,6.183769226074219
3840,6,3,0,3.6217167377471924
3841,9,1,0,1.7588996887207031
3842,8,4,0,-0.11320962011814117
3843,7,7,1,1.5652496814727783
3844,2,0,0,2.150951623916626
3845,0,0,1,3.9528300762176514
3846,9,9,1,1.4701539278030396
3847,0,0,1,1.419737696647644
3848,8,2,0,1.2583694458007812
3849,5,6,0,2.5541937351226807
3850,9,9,1,0.8707810044288635
3851,4,3,0,1.5500775575637817
3852,2,2,1,1.956747055053711
3853,9,3,0,-0.645836591720581
3854,8,2,0,-0.3854685127735138
3855,1,1,1,6.121865272521973
3856,9,5,0,1.0333397388458252
3857,1,1,1,7.1074323654174805
3858,8,3,0,2.2372007369995117
3859,3,3,1,2.2531473636627197
3860,7,3,0,2.9455535411834717
3861,6,6,1,2.613893508911133
3862,4,2,0,3.724364995956421
3863,2,0,0,2.546374797821045
3864,3,3,1,1.141595721244812
3865,7,3,0,0.34118467569351196
3866,0,0,1,5.1237473487854
3867,3,5,0,8.227288246154785
3868,5,2,0,3.169867992401123
3869,8,8,1,5.19557523727417
3870,8,8,1,1.0862574577331543
3871,8,3,0,2.0170631408691406
3872,7,6,0,-0.28670644760131836
3873,9,9,1,4.36026668548584
3874,6,6,1,6.2191162109375
3875,2,2,1,1.855489730834961
3876,7,7,1,4.486677646636963
3877,4,3,0,1.4281977415084839
3878,5,5,1,2.3310294151306152
3879,7,7,1,2.6630818843841553
3880,6,6,1,5.7508673667907715
3881,7,6,0,0.7977927327156067
3882,1,1,1,5.251474380493164
3883,7,4,0,1.886669635772705
3884,3,4,0,1.5841211080551147
3885,6,6,1,1.6388767957687378
3886,8,0,0,3.6942977905273438
3887,2,4,0,4.949613094329834
3888,6,6,1,4.311363697052002
3889,6,6,1,3.8512320518493652
3890,7,6,0,1.5180357694625854
3891,1,9,0,1.0334218740463257
3892,5,3,0,1.3356000185012817
3893,9,2,0,0.14570538699626923
3894,7,7,1,1.7466745376586914
3895,1,3,0,1.0086604356765747
3896,7,3,0,2.987816572189331
3897,0,2,0,2.251692771911621
3898,1,2,0,1.610693335533142
3899,6,6,1,5.285947322845459
3900,3,2,0,3.847419500350952
3901,3,7,0,0.6607102155685425
3902,9,0,0,1.7048710584640503
3903,0,0,1,4.434212684631348
3904,1,9,0,1.8561718463897705
3905,2,2,1,-0.5307475328445435
3906,3,3,1,0.9640353918075562
3907,2,3,0,0.8627153635025024
3908,2,2,1,6.805295467376709
3909,5,0,0,1.9230430126190186
3910,4,4,1,0.6485756635665894
3911,9,3,0,1.1023565530776978
3912,8,0,0,2.3776936531066895
3913,7,7,1,5.028689384460449
3914,4,3,0,2.5703020095825195
3915,4,6,0,1.2303292751312256
3916,9,9,1,2.8860414028167725
3917,7,0,0,3.6754822731018066
3918,6,6,1,2.042875289916992
3919,7,0,0,1.0257158279418945
3920,7,3,0,0.9702030420303345
3921,1,9,0,4.9608235359191895
3922,2,3,0,-0.6764776706695557
3923,3,6,0,0.5913410186767578
3924,5,8,0,1.4772182703018188
3925,1,7,0,1.4326480627059937
3926,9,9,1,9.19493579864502
3927,0,0,1,3.4920480251312256
3928,3,6,0,1.1654115915298462
3929,3,3,1,3.312225103378296
3930,1,3,0,2.4167141914367676
3931,5,3,0,2.3094499111175537
3932,6,3,0,0.8223621249198914
3933,6,6,1,2.3175673484802246
3934,2,2,1,3.869727611541748
3935,4,7,0,1.0548423528671265
3936,6,6,1,3.8532049655914307
3937,8,3,0,1.2067915201187134
3938,8,6,0,1.1425210237503052
3939,9,3,0,3.876315116882324
3940,6,3,0,3.941701889038086
3941,6,6,1,-0.3974551558494568
3942,1,1,1,1.7611570358276367
3943,0,4,0,2.9695801734924316
3944,7,7,1,4.733436584472656
3945,5,5,1,5.176629543304443
3946,8,8,1,8.586052894592285
3947,2,4,0,4.059125900268555
3948,1,1,1,0.25196319818496704
3949,5,5,1,1.7056331634521484
3950,8,2,0,2.5991740226745605
3951,1,5,0,-0.0888049304485321
3952,4,3,0,0.8356031775474548
3953,7,6,0,1.8489290475845337
3954,5,5,1,0.48816755414009094
3955,0,0,1,1.8087847232818604
3956,3,3,1,4.015665054321289
3957,9,7,0,1.890741229057312
3958,9,3,0,1.9587299823760986
3959,5,2,0,-0.0239629615098238
3960,2,7,0,0.5219094753265381
3961,8,8,1,6.268165111541748
3962,4,2,0,3.886627674102783
3963,1,3,0,-0.18490000069141388
3964,9,1,0,3.204894542694092
3965,0,2,0,0.7763751745223999
3966,4,6,0,1.4211628437042236
3967,4,4,1,1.1280769109725952
3968,8,0,0,3.092397928237915
3969,2,2,1,3.26495623588562
3970,9,5,0,0.5516886115074158
3971,0,4,0,3.284769058227539
3972,7,7,1,6.81259822845459
3973,9,3,0,0.9138551950454712
3974,8,8,1,4.188329219818115
3975,7,7,1,1.6533516645431519
3976,1,1,1,3.6222290992736816
3977,3,6,0,3.2888855934143066
3978,2,6,0,1.8287824392318726
3979,9,9,1,0.8342119455337524
3980,9,3,0,-0.27552464604377747
3981,5,0,0,3.048661947250366
3982,9,9,1,11.407716751098633
3983,7,3,0,2.3126673698425293
3984,6,6,1,6.435876369476318
3985,7,5,0,-1.3176888227462769
3986,7,7,1,2.1844050884246826
3987,1,3,0,1.8410464525222778
3988,1,9,0,4.264596462249756
3989,2,2,1,6.660661697387695
3990,4,4,1,4.391379356384277
3991,2,2,1,4.311302661895752
3992,0,0,1,1.3459302186965942
3993,6,6,1,2.983886480331421
3994,8,8,1,8.923139572143555
3995,7,8,0,1.7760357856750488
3996,6,6,1,3.6573970317840576
3997,2,2,1,0.21318508684635162
3998,2,0,0,0.9553622603416443
3999,9,9,1,1.494803547859192
4000,8,4,0,3.022336483001709
4001,2,3,0,1.2053982019424438
4002,4,4,1,2.0599217414855957
4003,2,0,0,1.8224786520004272
4004,0,3,0,1.4722458124160767
4005,5,2,0,1.811159610748291
4006,8,8,1,1.212155818939209
4007,6,6,1,5.827237606048584
4008,8,8,1,1.8774354457855225
4009,2,2,1,3.397184371948242
4010,7,0,0,1.1665277481079102
4011,7,2,0,0.5775309801101685
4012,3,5,0,6.257722854614258
4013,1,3,0,2.328998327255249
4014,8,8,1,2.313316822052002
4015,1,3,0,-0.0007552998140454292
4016,6,6,1,4.033036231994629
4017,5,3,0,1.0981121063232422
4018,9,5,0,1.766666293144226
4019,7,7,1,5.024136543273926
4020,8,3,0,-0.18130101263523102
4021,9,9,1,2.499722719192505
4022,6,3,0,3.8424692153930664
4023,4,3,0,4.941492557525635
4024,8,8,1,3.5160460472106934
4025,1,1,1,2.5581891536712646
4026,9,9,1,3.7696824073791504
4027,4,4,1,4.334446430206299
4028,0,0,1,1.9286614656448364
4029,4,2,0,2.4236860275268555
4030,1,4,0,-0.14697715640068054
4031,4,6,0,5.323890209197998
4032,3,6,0,1.9317280054092407
4033,6,6,1,4.335091590881348
4034,2,2,1,5.963443279266357
4035,2,0,0,1.0090582370758057
4036,7,0,0,0.8561017513275146
4037,0,3,0,2.9253990650177
4038,0,5,0,3.401466131210327
4039,7,5,0,1.5912806987762451
4040,0,0,1,5.389766693115234
4041,7,5,0,1.4568397998809814
4042,4,4,1,2.806593894958496
4043,3,3,1,0.23347865045070648
4044,6,3,0,1.2549954652786255
4045,7,7,1,6.600732326507568
4046,7,7,1,0.5810416340827942
4047,4,2,0,2.4469738006591797
4048,5,7,0,0.12834420800209045
4049,4,6,0,5.73579740524292
4050,3,3,1,2.723112106323242
4051,5,2,0,-0.38501739501953125
4052,5,5,1,3.0213491916656494
4053,4,3,0,-1.1459001302719116
4054,7,0,0,2.1270205974578857
4055,1,2,0,0.7465488910675049
4056,0,2,0,1.8224883079528809
4057,7,9,0,1.2298215627670288
4058,7,3,0,1.9923304319381714
4059,1,1,1,2.160562515258789
4060,6,3,0,4.030307292938232
4061,5,5,1,4.471606254577637
4062,0,2,0,1.0150357484817505
4063,7,0,0,1.7615948915481567
4064,7,7,1,10.550220489501953
4065,4,4,1,2.6626038551330566
4066,6,2,0,1.4859271049499512
4067,1,1,1,9.075702667236328
4068,8,3,0,1.893283724784851
4069,5,3,0,1.279363751411438
4070,9,9,1,0.16689342260360718
4071,3,2,0,0.6635093688964844
4072,5,2,0,0.6861580014228821
4073,6,2,0,1.2927985191345215
4074,2,5,0,6.9690165519714355
4075,2,6,0,3.713528871536255
4076,7,2,0,2.514211654663086
4077,3,5,0,5.240901947021484
4078,5,3,0,1.7198266983032227
4079,8,0,0,1.251819372177124
4080,1,9,0,2.530081033706665
4081,0,9,0,0.24608826637268066
4082,6,6,1,4.421088218688965
4083,8,8,1,1.6897121667861938
4084,7,3,0,0.4833087921142578
4085,8,3,0,1.0131837129592896
4086,8,8,1,9.59689998626709
4087,5,5,1,6.281776428222656
4088,7,2,0,3.4261956214904785
4089,5,5,1,0.049736395478248596
4090,4,4,1,5.299099445343018
4091,9,6,0,1.162889838218689
4092,7,3,0,1.2047079801559448
4093,3,3,1,2.3028717041015625
4094,3,5,0,2.083800792694092
4095,8,6,0,1.702073335647583
4096,8,8,1,3.1251235008239746
4097,3,3,1,2.8483574390411377
4098,9,9,1,-0.35910722613334656
4099,4,6,0,1.241434931755066
4100,7,3,0,1.6699707508087158
4101,2,0,0,0.05830918997526169
4102,0,0,1,3.435873508453369
4103,8,8,1,1.7111339569091797
4104,0,0,1,0.6682947874069214
4105,7,5,0,-0.3663404583930969
4106,3,0,0,1.2152611017227173
4107,3,7,0,2.376765012741089
4108,2,2,1,3.173367977142334
4109,5,3,0,3.405749559402466
4110,2,5,0,1.4978928565979004
4111,4,2,0,-0.34271901845932007
4112,4,3,0,1.55628502368927
4113,0,2,0,2.2482991218566895
4114,4,5,0,0.9331321120262146
4115,8,1,0,2.750070095062256
4116,2,2,1,1.4896559715270996
4117,4,0,0,2.635387897491455
4118,0,0,1,3.758401393890381
4119,6,3,0,0.9357181191444397
4120,4,0,0,3.6282460689544678
4121,5,0,0,2.877026081085205
4122,6,6,1,0.6730114221572876
4123,0,2,0,1.1820734739303589
4124,8,7,0,0.9785914421081543
4125,8,8,1,1.6568247079849243
4126,0,2,0,2.5034217834472656
4127,6,7,0,0.3438800871372223
4128,1,1,1,1.3044298887252808
4129,1,1,1,3.2418675422668457
4130,6,3,0,0.2057340443134308
4131,1,2,0,3.0138728618621826
4132,4,6,0,1.6616865396499634
4133,2,8,0,0.9208840131759644
4134,1,1,1,5.776114463806152
4135,1,1,1,2.5283732414245605
4136,2,2,1,3.919196367263794
4137,4,8,0,0.26715341210365295
4138,4,4,1,2.6376237869262695
4139,5,2,0,2.118438720703125
4140,5,2,0,0.1958368867635727
4141,8,8,1,9.556775093078613
4142,8,4,0,0.6270347833633423
4143,5,9,0,-0.04756030812859535
4144,1,1,1,9.983203887939453
4145,8,8,1,1.66961669921875
4146,2,3,0,2.0475306510925293
4147,3,4,0,5.050236225128174
4148,3,3,1,1.099327802658081
4149,9,9,1,4.101818561553955
4150,6,6,1,3.567516565322876
4151,6,3,0,1.5604703426361084
4152,5,3,0,1.8456789255142212
4153,0,0,1,1.8250616788864136
4154,7,7,1,1.7619503736495972
4155,3,3,1,1.8566433191299438
4156,3,6,0,1.9227300882339478
4157,2,9,0,1.5112286806106567
4158,7,5,0,3.040576219558716
4159,4,4,1,4.1674418449401855
4160,5,5,1,4.5993332862854
4161,6,6,1,8.316694259643555
4162,0,0,1,2.3827288150787354
4163,2,6,0,1.8394964933395386
4164,1,2,0,1.63321852684021
4165,8,0,0,2.142399787902832
4166,1,3,0,2.294539451599121
4167,0,0,1,2.2775464057922363
4168,9,3,0,2.323732376098633
4169,3,5,0,1.0620710849761963
4170,1,6,0,0.7656861543655396
4171,0,0,1,2.2173094749450684
4172,5,3,0,1.2138410806655884
4173,4,4,1,1.813444972038269
4174,2,3,0,0.9060118198394775
4175,3,5,0,3.6636862754821777
4176,3,3,1,4.297806262969971
4177,6,6,1,7.230757236480713
4178,7,3,0,0.3511911630630493
4179,6,6,1,2.1228673458099365
4180,0,0,1,6.205055236816406
4181,0,0,1,2.600156545639038
4182,5,5,1,9.73931884765625
4183,7,7,1,4.066478729248047
4184,4,6,0,2.7857353687286377
4185,7,3,0,-0.6530579328536987
4186,7,7,1,10.445054054260254
4187,0,0,1,2.0357680320739746
4188,6,2,0,1.5816404819488525
4189,1,5,0,1.4041482210159302
4190,3,7,0,7.449578285217285
4191,9,2,0,2.031339645385742
4192,0,3,0,1.8230353593826294
4193,9,9,1,0.7961775660514832
4194,0,0,1,3.9051294326782227
4195,3,3,1,1.77484929561615
4196,8,8,1,4.349777698516846
4197,4,4,1,6.324825286865234
4198,8,0,0,3.237436294555664
4199,8,3,0,2.566044569015503
4200,4,4,1,5.841972827911377
4201,1,3,0,3.017461061477661
4202,0,0,1,6.222967147827148
4203,2,6,0,6.5585713386535645
4204,2,6,0,4.729135036468506
4205,4,5,0,1.2534376382827759
4206,1,2,0,1.1289740800857544
4207,1,8,0,3.913088798522949
4208,2,7,0,1.5406922101974487
4209,4,6,0,0.9888347387313843
4210,3,1,0,0.7732434868812561
4211,4,3,0,2.637346029281616
4212,1,7,0,1.7215765714645386
4213,4,7,0,4.679391860961914
4214,7,5,0,2.516313076019287
4215,1,8,0,3.310706377029419
4216,0,0,1,4.941911697387695
4217,0,3,0,1.9830849170684814
4218,9,9,1,7.140010833740234
4219,0,0,1,2.160991668701172
4220,4,3,0,3.224027633666992
4221,2,3,0,2.29744553565979
4222,8,8,1,-0.2686597406864166
4223,8,8,1,6.375036716461182
4224,5,4,0,2.4968371391296387
4225,5,5,1,2.670619487762451
4226,0,0,1,6.817264080047607
4227,4,6,0,3.1501598358154297
4228,0,7,0,0.36027246713638306
4229,8,7,0,2.5048699378967285
4230,6,6,1,1.277351975440979
4231,2,2,1,1.410310983657837
4232,5,3,0,3.068174362182617
4233,9,7,0,2.0550777912139893
4234,2,2,1,2.428928852081299
4235,9,9,1,1.5638821125030518
4236,1,9,0,3.8761637210845947
4237,1,6,0,2.9013924598693848
4238,5,5,1,3.759803295135498
4239,4,4,1,3.143324375152588
4240,7,9,0,1.187538504600525
4241,5,5,1,0.6890997290611267
4242,8,3,0,3.038407564163208
4243,6,6,1,8.597249984741211
4244,2,7,0,4.2330522537231445
4245,1,9,0,2.207763671875
4246,5,3,0,1.0979434251785278
4247,5,7,0,2.557178258895874
4248,3,3,1,1.0092661380767822
4249,4,2,0,2.9394426345825195
4250,1,1,1,1.3373606204986572
4251,8,1,0,1.6503846645355225
4252,9,5,0,2.146730422973633
4253,9,9,1,2.0866940021514893
4254,8,8,1,3.099327564239502
4255,9,9,1,0.1929481029510498
4256,8,2,0,2.0137500762939453
4257,6,6,1,7.624322414398193
4258,8,2,0,0.868842601776123
4259,5,5,1,3.8374111652374268
4260,8,7,0,0.2470139116048813
4261,9,9,1,7.18658447265625
4262,4,4,1,5.983623027801514
4263,6,6,1,5.169233322143555
4264,2,3,0,2.9758269786834717
4265,6,6,1,3.2080676555633545
4266,3,3,1,5.926326751708984
4267,7,2,0,-0.04317076504230499
4268,4,3,0,4.114964008331299
4269,0,0,1,5.496968746185303
4270,0,2,0,1.8685940504074097
4271,1,0,0,1.5988296270370483
4272,7,7,1,15.373286247253418
4273,5,6,0,2.8328099250793457
4274,1,1,1,1.6915744543075562
4275,5,5,1,2.593005657196045
4276,9,3,0,1.2936667203903198
4277,3,3,1,0.7413485050201416
4278,1,2,0,0.639726996421814
4279,6,6,1,1.9044674634933472
4280,8,1,0,0.8719720840454102
4281,7,7,1,4.394405364990234
4282,3,2,0,0.4657649099826813
4283,6,6,1,2.2126753330230713
4284,9,9,1,1.3453108072280884
4285,1,3,0,1.1785410642623901
4286,2,2,1,0.9423727989196777
4287,0,5,0,1.3430801630020142
4288,1,3,0,1.1141341924667358
4289,7,7,1,1.8443235158920288
4290,2,5,0,2.3194425106048584
4291,6,7,0,-0.0967797115445137
4292,1,9,0,3.5504212379455566
4293,9,3,0,1.7820738554000854
4294,0,0,1,2.1887636184692383
4295,0,0,1,3.6356029510498047
4296,8,3,0,0.7239384651184082
4297,9,2,0,1.1937305927276611
4298,9,9,1,1.3565407991409302
4299,2,8,0,3.603712558746338
4300,8,7,0,-0.3280304968357086
4301,6,6,1,4.639883041381836
4302,2,5,0,6.162712097167969
4303,5,3,0,1.5254367589950562
4304,6,4,0,0.7251356244087219
4305,0,0,1,1.3746709823608398
4306,3,5,0,1.541485071182251
4307,3,2,0,1.329797625541687
4308,0,0,1,2.2478578090667725
4309,7,3,0,2.111427068710327
4310,4,4,1,4.451018810272217
4311,7,3,0,0.17818380892276764
4312,5,6,0,-0.20087482035160065
4313,0,3,0,1.118067979812622
4314,1,1,1,2.5716028213500977
4315,6,0,0,0.9412643909454346
4316,8,0,0,3.4244940280914307
4317,8,8,1,3.2335495948791504
4318,1,1,1,0.17600975930690765
4319,2,6,0,2.714249849319458
4320,1,2,0,-0.17204828560352325
4321,5,3,0,2.1570827960968018
4322,4,7,0,2.2940151691436768
4323,5,5,1,0.008241319097578526
4324,9,9,1,4.328289031982422
4325,6,6,1,2.9465601444244385
4326,7,7,1,0.062292732298374176
4327,1,1,1,11.781469345092773
4328,0,2,0,0.56124347448349
4329,6,3,0,5.505955219268799
4330,9,9,1,7.535360813140869
4331,2,3,0,2.7481887340545654
4332,7,4,0,3.1268491744995117
4333,7,7,1,0.9584031105041504
4334,3,3,1,4.519526958465576
4335,9,0,0,2.3790745735168457
4336,9,9,1,5.904956817626953
4337,1,1,1,2.3870649337768555
4338,9,2,0,0.8322159647941589
4339,7,7,1,1.3290305137634277
4340,0,3,0,0.6198071241378784
4341,1,0,0,0.5468946695327759
4342,3,3,1,2.1523966789245605
4343,5,7,0,3.428818941116333
4344,4,3,0,0.9304741024971008
4345,6,6,1,2.567535638809204
4346,3,3,1,3.9948346614837646
4347,8,4,0,-0.09265288710594177
4348,8,3,0,1.4103366136550903
4349,0,0,1,2.600144386291504
4350,4,6,0,2.1034276485443115
4351,8,8,1,7.39241361618042
4352,3,6,0,-0.3736135959625244
4353,6,6,1,1.3448442220687866
4354,7,7,1,2.8388051986694336
4355,0,8,0,0.4037178158760071
4356,0,0,1,8.093636512756348
4357,4,6,0,0.2545357644557953
4358,5,3,0,1.1585556268692017
4359,2,4,0,2.431096076965332
4360,6,1,0,0.31287065148353577
4361,8,8,1,7.810482501983643
4362,4,4,1,8.890591621398926
4363,9,6,0,1.4777418375015259
4364,9,9,1,0.3891119956970215
4365,9,1,0,1.2919447422027588
4366,2,6,0,2.0746591091156006
4367,0,0,1,4.695263862609863
4368,4,6,0,0.7085107564926147
4369,2,2,1,1.8342251777648926
4370,8,8,1,6.404862880706787
4371,1,9,0,2.8892757892608643
4372,1,1,1,3.070059061050415
4373,0,8,0,2.886430263519287
4374,0,0,1,4.797536373138428
4375,3,3,1,1.1439954042434692
4376,7,2,0,1.0630351305007935
4377,4,7,0,0.9705255031585693
4378,1,8,0,1.2990479469299316
4379,1,9,0,4.188701629638672
4380,9,9,1,3.9504053592681885
4381,7,7,1,6.657020568847656
4382,7,7,1,3.336325168609619
4383,4,3,0,0.8794652223587036
4384,6,3,0,1.0756049156188965
4385,8,8,1,8.895944595336914
4386,6,6,1,1.77251136302948
4387,0,0,1,3.9195334911346436
4388,2,0,0,2.524324417114258
4389,8,8,1,4.369663715362549
4390,5,5,1,1.187485933303833
4391,3,8,0,1.846358060836792
4392,5,8,0,1.2273973226547241
4393,3,3,1,0.6392940282821655
4394,5,5,1,8.194332122802734
4395,7,7,1,11.995392799377441
4396,9,7,0,1.686133623123169
4397,8,3,0,3.2595787048339844
4398,4,7,0,1.573383092880249
4399,4,2,0,3.169485092163086
4400,3,3,1,5.90079927444458
4401,1,6,0,-0.19598625600337982
4402,4,4,1,3.066486358642578
4403,8,3,0,1.3602969646453857
4404,3,4,0,1.2626005411148071
4405,6,6,1,1.2410444021224976
4406,5,5,1,0.48614999651908875
4407,3,3,1,2.4037342071533203
4408,0,5,0,1.5437884330749512
4409,8,2,0,0.35582008957862854
4410,9,9,1,1.4582401514053345
4411,5,3,0,1.4686055183410645
4412,7,3,0,0.43173205852508545
4413,6,6,1,5.893585205078125
4414,2,3,0,0.9546785950660706
4415,0,0,1,1.9039998054504395
4416,4,6,0,1.1242797374725342
4417,9,1,0,4.0474724769592285
4418,9,1,0,0.13847588002681732
4419,0,0,1,5.874279975891113
4420,5,5,1,5.209441661834717
4421,2,7,0,1.570789098739624
4422,3,3,1,2.9494469165802
4423,6,3,0,0.5823460817337036
4424,1,0,0,1.4554957151412964
4425,1,9,0,1.2682771682739258
4426,0,5,0,0.8775545954704285
4427,2,2,1,3.8171420097351074
4428,8,8,1,4.7528252601623535
4429,2,6,0,-0.0069647785276174545
4430,1,1,1,1.6315560340881348
4431,1,9,0,0.5494450330734253
4432,7,2,0,1.7529590129852295
4433,5,5,1,0.24797667562961578
4434,2,2,1,8.344562530517578
4435,3,3,1,2.412338972091675
4436,4,6,0,1.8891040086746216
4437,1,3,0,1.0113273859024048
4438,2,3,0,2.353675127029419
4439,9,6,0,1.1861066818237305
4440,2,2,1,2.7010812759399414
4441,1,3,0,2.5421926975250244
4442,3,3,1,0.44315364956855774
4443,4,4,1,3.1378016471862793
4444,8,8,1,6.542729377746582
4445,9,9,1,5.973474025726318
4446,0,8,0,4.0715413093566895
4447,0,0,1,3.107860803604126
4448,4,2,0,3.1984901428222656
4449,9,1,0,2.1753573417663574
4450,0,9,0,2.114389657974243
4451,2,3,0,0.599250078201294
4452,2,2,1,2.5864193439483643
4453,0,0,1,2.872086524963379
4454,6,6,1,6.92358922958374
4455,8,1,0,0.8744564056396484
4456,7,7,1,3.0681815147399902
4457,3,3,1,2.5084359645843506
4458,3,3,1,2.3361551761627197
4459,8,8,1,1.8399040699005127
4460,9,9,1,6.061848163604736
4461,0,0,1,6.193023681640625
4462,2,2,1,-0.14027880132198334
4463,5,3,0,2.3585875034332275
4464,3,3,1,5.504389762878418
4465,6,6,1,2.813181161880493
4466,1,1,1,1.4916625022888184
4467,3,3,1,2.994168996810913
4468,9,6,0,2.6217596530914307
4469,5,3,0,3.823253631591797
4470,0,7,0,0.9393976330757141
4471,5,3,0,1.4550472497940063
4472,4,2,0,2.116807460784912
4473,4,4,1,1.2273955345153809
4474,0,0,1,3.263373613357544
4475,1,3,0,0.8240248560905457
4476,1,0,0,0.35576197504997253
4477,6,5,0,0.8498674631118774
4478,1,6,0,3.075286626815796
4479,7,4,0,4.829981803894043
4480,9,4,0,0.27123942971229553
4481,9,5,0,0.3863672614097595
4482,6,5,0,1.6512548923492432
4483,2,2,1,2.8120012283325195
4484,4,2,0,2.510110378265381
4485,3,7,0,-0.4434104263782501
4486,8,0,0,-0.9448310732841492
4487,3,3,1,3.567739963531494
4488,4,4,1,4.0246195793151855
4489,7,7,1,6.111033916473389
4490,0,0,1,2.087303876876831
4491,2,7,0,3.48826003074646
4492,8,1,0,0.8071638345718384
4493,4,2,0,3.0757436752319336
4494,8,3,0,1.307558536529541
4495,3,3,1,0.88600754737854
4496,8,8,1,0.6713370680809021
4497,8,8,1,5.100182056427002
4498,8,3,0,1.7570490837097168
4499,3,3,1,-0.18217067420482635
4500,3,3,1,1.6598360538482666
4501,5,5,1,4.215944766998291
4502,7,0,0,0.6048815250396729
4503,7,3,0,2.867159128189087
4504,0,0,1,2.6566927433013916
4505,4,6,0,3.0425024032592773
4506,1,6,0,3.170858383178711
4507,5,5,1,2.7094321250915527
4508,9,0,0,3.8014724254608154
4509,7,7,1,1.3548123836517334
4510,0,7,0,-0.06532412022352219
4511,6,6,1,2.140105962753296
4512,8,3,0,1.5221627950668335
4513,4,4,1,0.6536274552345276
4514,9,6,0,0.2399459034204483
4515,0,0,1,4.688606262207031
4516,1,1,1,3.198333263397217
4517,8,7,0,0.5555046796798706
4518,9,9,1,5.014343738555908
4519,6,3,0,1.9708666801452637
4520,3,3,1,4.974470615386963
4521,9,7,0,0.9409433007240295
4522,2,7,0,2.0406031608581543
4523,4,6,0,2.5833637714385986
4524,4,4,1,4.726232528686523
4525,0,6,0,1.7844207286834717
4526,3,5,0,2.4385204315185547
4527,3,5,0,2.182974100112915
4528,5,7,0,1.1406761407852173
4529,4,3,0,2.183398485183716
4530,5,3,0,4.495469093322754
4531,1,1,1,2.4326086044311523
4532,1,9,0,0.8682854771614075
4533,8,0,0,2.584832191467285
4534,2,2,1,6.246608734130859
4535,2,4,0,4.280586242675781
4536,9,7,0,0.8246828317642212
4537,3,3,1,0.6546242237091064
4538,7,2,0,2.753715991973877
4539,8,8,1,2.0686862468719482
4540,9,9,1,3.8557751178741455
4541,2,2,1,1.8640916347503662
4542,3,4,0,-0.33553794026374817
4543,1,2,0,1.2456687688827515
4544,7,7,1,1.3639705181121826
4545,3,6,0,0.291973352432251
4546,2,0,0,4.789645671844482
4547,3,2,0,2.434358596801758
4548,0,7,0,1.0321426391601562
4549,1,3,0,1.536626935005188
4550,9,0,0,0.7267683148384094
4551,5,3,0,4.052785396575928
4552,5,3,0,2.9051101207733154
4553,3,3,1,0.6208949685096741
4554,4,7,0,4.984554290771484
4555,5,3,0,3.0144295692443848
4556,2,8,0,0.6299912929534912
4557,0,0,1,4.297368049621582
4558,0,0,1,4.4424662590026855
4559,3,3,1,1.8369715213775635
4560,1,9,0,1.3454840183258057
4561,3,3,1,4.687633037567139
4562,4,2,0,2.7217183113098145
4563,7,2,0,1.1487313508987427
4564,4,4,1,5.441586971282959
4565,2,0,0,2.201622247695923
4566,8,0,0,1.5609711408615112
4567,4,4,1,2.87664794921875
4568,8,2,0,2.7046332359313965
4569,9,9,1,6.417429447174072
4570,9,9,1,2.566574811935425
4571,4,2,0,0.951711893081665
4572,2,3,0,3.629866361618042
4573,4,2,0,-0.033588096499443054
4574,3,3,1,2.207345485687256
4575,6,6,1,5.237310409545898
4576,4,6,0,2.9954211711883545
4577,6,6,1,3.3761136531829834
4578,4,5,0,1.413283109664917
4579,6,6,1,6.745479106903076
4580,6,6,1,3.5029332637786865
4581,3,0,0,0.5271083116531372
4582,8,8,1,5.397952079772949
4583,7,2,0,2.712001323699951
4584,4,3,0,0.8041335344314575
4585,8,8,1,1.5886250734329224
4586,0,0,1,3.5847928524017334
4587,5,5,1,2.4393606185913086
4588,9,9,1,0.2278231978416443
4589,3,3,1,4.218043804168701
4590,9,2,0,2.5431675910949707
4591,0,0,1,4.1148576736450195
4592,7,7,1,2.812718629837036
4593,5,2,0,1.679755449295044
4594,1,1,1,8.563398361206055
4595,9,9,1,3.3234214782714844
4596,7,3,0,0.6235283017158508
4597,9,3,0,2.1957285404205322
4598,1,3,0,1.4956775903701782
4599,8,3,0,1.7057621479034424
4600,4,7,0,2.1649160385131836
4601,2,2,1,2.620511531829834
4602,1,2,0,2.676676034927368
4603,6,6,1,6.431260585784912
4604,4,4,1,3.348665237426758
4605,3,6,0,1.4941331148147583
4606,0,0,1,0.36071452498435974
4607,1,7,0,0.5998802781105042
4608,4,4,1,0.32205379009246826
4609,8,3,0,1.1042386293411255
4610,6,0,0,1.4224462509155273
4611,1,1,1,9.005760192871094
4612,7,7,1,1.7122914791107178
4613,1,3,0,1.51901113986969
4614,3,2,0,-0.48144179582595825
4615,5,6,0,3.989255666732788
4616,4,2,0,0.815177321434021
4617,3,6,0,2.201423168182373
4618,3,6,0,2.5711801052093506
4619,9,8,0,0.4347171485424042
4620,7,4,0,0.6679184436798096
4621,8,4,0,2.0102968215942383
4622,2,4,0,3.778287410736084
4623,5,5,1,3.2205870151519775
4624,5,6,0,4.356958866119385
4625,4,4,1,2.2777624130249023
4626,5,9,0,2.2395894527435303
4627,4,4,1,5.356236934661865
4628,5,3,0,4.068116664886475
4629,7,7,1,1.8430320024490356
4630,2,2,1,1.2979438304901123
4631,5,5,1,8.037220001220703
4632,5,4,0,0.7350155115127563
4633,1,6,0,3.0111517906188965
4634,7,7,1,2.169869899749756
4635,7,7,1,0.35238245129585266
4636,8,1,0,0.8286610841751099
4637,3,3,1,2.0093672275543213
4638,6,6,1,4.511229991912842
4639,0,3,0,1.0138403177261353
4640,2,6,0,4.088534832000732
4641,5,2,0,0.7954073548316956
4642,2,4,0,0.08201098442077637
4643,3,3,1,3.9652836322784424
4644,7,7,1,9.596624374389648
4645,4,2,0,2.0170962810516357
4646,2,2,1,1.4280647039413452
4647,1,1,1,3.8394601345062256
4648,6,6,1,4.907512187957764
4649,8,0,0,2.533489942550659
4650,6,6,1,5.976815700531006
4651,8,0,0,2.9717657566070557
4652,3,3,1,0.7783657312393188
4653,2,5,0,1.10013747215271
4654,7,3,0,2.147596597671509
4655,7,6,0,1.1462703943252563
4656,9,0,0,3.950869560241699
4657,7,2,0,0.7591749429702759
4658,1,3,0,1.1343903541564941
4659,4,2,0,2.3009486198425293
4660,7,7,1,5.509995937347412
4661,4,3,0,1.0848350524902344
4662,6,6,1,6.152908802032471
4663,1,1,1,11.660991668701172
4664,7,7,1,0.6635890007019043
4665,3,6,0,3.0478200912475586
4666,0,0,1,4.250314712524414
4667,0,0,1,2.8988089561462402
4668,6,6,1,2.8195016384124756
4669,6,6,1,2.470186710357666
4670,8,2,0,1.870810627937317
4671,6,6,1,-0.9419133067131042
4672,6,6,1,7.524955749511719
4673,0,0,1,4.903354644775391
4674,3,3,1,2.2376034259796143
4675,4,4,1,3.679349899291992
4676,7,5,0,-0.23969274759292603
4677,4,3,0,2.488738536834717
4678,9,0,0,1.480170488357544
4679,4,4,1,2.2540273666381836
4680,9,0,0,0.04577096551656723
4681,9,9,1,1.2174341678619385
4682,3,8,0,0.6124571561813354
4683,4,4,1,4.920182704925537
4684,1,2,0,0.6067917346954346
4685,4,4,1,4.599566459655762
4686,0,3,0,1.240761637687683
4687,3,3,1,1.4834150075912476
4688,7,5,0,3.473788022994995
4689,1,1,1,9.269640922546387
4690,2,2,1,3.157104015350342
4691,2,6,0,3.8095386028289795
4692,8,0,0,1.8423329591751099
4693,4,2,0,2.2293407917022705
4694,7,7,1,1.7548373937606812
4695,8,2,0,3.9283156394958496
4696,5,3,0,3.780294179916382
4697,5,5,1,1.5603337287902832
4698,6,3,0,0.15432043373584747
4699,5,2,0,2.771855115890503
4700,6,3,0,1.1954818964004517
4701,0,3,0,1.3571600914001465
4702,6,4,0,1.7175854444503784
4703,4,2,0,0.6050271391868591
4704,9,9,1,3.2250216007232666
4705,3,5,0,2.003035068511963
4706,2,4,0,1.6231834888458252
4707,7,3,0,0.8079644441604614
4708,3,3,1,3.10323429107666
4709,8,8,1,3.171964645385742
4710,3,5,0,2.0535426139831543
4711,9,3,0,2.263853073120117
4712,4,6,0,1.3853367567062378
4713,1,3,0,0.16809116303920746
4714,6,3,0,4.4939751625061035
4715,9,9,1,5.190235614776611
4716,9,7,0,-0.13696828484535217
4717,4,3,0,0.4283354878425598
4718,3,5,0,3.204817771911621
4719,9,5,0,1.047219157218933
4720,8,8,1,4.294328212738037
4721,1,1,1,2.2297751903533936
4722,6,2,0,-0.3287453055381775
4723,9,9,1,2.9821746349334717
4724,5,8,0,0.7538596391677856
4725,9,3,0,1.7238644361495972
4726,0,0,1,0.4013647735118866
4727,9,9,1,6.537408351898193
4728,7,7,1,1.4078319072723389
4729,2,5,0,2.407029151916504
4730,2,0,0,0.7594637870788574
4731,4,2,0,1.2615715265274048
4732,2,3,0,0.6159179210662842
4733,6,6,1,5.851438045501709
4734,4,4,1,2.7201414108276367
4735,8,3,0,2.334949016571045
4736,1,6,0,2.4789254665374756
4737,9,9,1,2.088052988052368
4738,5,5,1,3.250203847885132
4739,6,6,1,2.2917678356170654
4740,5,0,0,0.99403977394104
4741,1,1,1,3.6482574939727783
4742,8,8,1,3.4177589416503906
4743,6,6,1,5.2728800773620605
4744,6,1,0,1.1671336889266968
4745,7,9,0,3.1201438903808594
4746,6,6,1,7.252967357635498
4747,5,5,1,6.618419170379639
4748,0,3,0,1.4252387285232544
4749,2,3,0,1.764197826385498
4750,7,8,0,3.622408866882324
4751,6,6,1,9.86760425567627
4752,1,2,0,1.4579567909240723
4753,2,0,0,1.5209739208221436
4754,3,3,1,2.1130168437957764
4755,1,7,0,0.2550759017467499
4756,6,6,1,2.9875996112823486
4757,4,4,1,8.203834533691406
4758,9,6,0,2.0629007816314697
4759,0,0,1,4.403844833374023
4760,3,3,1,2.772531747817993
4761,9,9,1,7.926280498504639
4762,1,3,0,1.2644875049591064
4763,0,9,0,1.9889682531356812
4764,5,5,1,2.831162214279175
4765,3,3,1,2.831179618835449
4766,1,1,1,4.403754234313965
4767,6,3,0,0.3147682547569275
4768,9,0,0,0.46692904829978943
4769,8,3,0,1.4405006170272827
4770,9,9,1,0.3907746970653534
4771,0,3,0,0.9170846939086914
4772,6,6,1,7.325129508972168
4773,1,1,1,-0.19737370312213898
4774,6,6,1,6.358529090881348
4775,2,2,1,1.4516315460205078
4776,3,2,0,2.1988770961761475
4777,5,5,1,9.665046691894531
4778,6,3,0,2.70695161819458
4779,9,9,1,2.4855737686157227
4780,0,2,0,-0.8281038403511047
4781,7,7,1,4.9515275955200195
4782,2,2,1,3.0504674911499023
4783,4,3,0,3.6297295093536377
4784,0,8,0,3.5304746627807617
4785,3,3,1,1.9902201890945435
4786,6,3,0,0.8121720552444458
4787,8,8,1,8.104002952575684
4788,6,6,1,11.06689167022705
4789,9,9,1,4.2644500732421875
4790,1,1,1,-0.10529529303312302
4791,9,9,1,1.759517788887024
4792,0,0,1,1.221069097518921
4793,6,3,0,0.22485144436359406
4794,4,6,0,0.3866271376609802
4795,5,3,0,1.282532811164856
4796,9,9,1,7.174429893493652
4797,5,5,1,5.113712310791016
4798,4,3,0,2.091329336166382
4799,1,9,0,2.6214120388031006
4800,9,3,0,0.9639017581939697
4801,2,2,1,4.418378829956055
4802,0,8,0,2.2823219299316406
4803,7,2,0,-0.4379477798938751
4804,3,3,1,6.386157989501953
4805,5,3,0,1.2675762176513672
4806,1,3,0,0.8170192241668701
4807,8,3,0,2.5993947982788086
4808,3,3,1,1.2560739517211914
4809,0,0,1,1.210490345954895
4810,5,5,1,6.741430759429932
4811,2,0,0,1.6800020933151245
4812,8,0,0,0.5867691040039062
4813,8,3,0,2.343859910964966
4814,3,3,1,1.0079150199890137
4815,9,1,0,-0.1946096569299698
4816,6,6,1,2.6306214332580566
4817,0,0,1,1.8569703102111816
4818,3,3,1,0.521178126335144
4819,5,5,1,4.25303840637207
4820,3,7,0,1.9888806343078613
4821,4,4,1,4.698629856109619
4822,1,1,1,8.799038887023926
4823,5,3,0,6.346496105194092
4824,0,0,1,5.262868881225586
4825,7,7,1,2.410315990447998
4826,3,0,0,1.1631375551223755
4827,9,9,1,6.023138046264648
4828,4,4,1,6.989989757537842
4829,5,6,0,3.826385974884033
4830,3,3,1,4.986772537231445
4831,1,9,0,1.266440749168396
4832,4,6,0,4.665384769439697
4833,2,3,0,1.821820855140686
4834,4,0,0,0.8896846771240234
4835,9,0,0,1.9006356000900269
4836,9,3,0,1.8495185375213623
4837,7,2,0,0.3402346074581146
4838,1,3,0,1.9710615873336792
4839,7,4,0,1.6171473264694214
4840,0,0,1,1.4935133457183838
4841,1,7,0,0.31927379965782166
4842,2,2,1,2.4652278423309326
4843,1,3,0,2.8931729793548584
4844,5,5,1,3.6622314453125
4845,3,7,0,2.254514694213867
4846,8,2,0,0.9485408067703247
4847,4,6,0,3.274273157119751
4848,1,3,0,1.7438522577285767
4849,5,5,1,4.063915729522705
4850,1,9,0,1.7049146890640259
4851,9,5,0,3.36360502243042
4852,9,0,0,2.1941587924957275
4853,7,4,0,0.689706027507782
4854,0,0,1,3.7465107440948486
4855,1,2,0,5.123833656311035
4856,7,6,0,0.6511038541793823
4857,6,6,1,6.632116794586182
4858,2,5,0,1.6970510482788086
4859,6,4,0,2.811767578125
4860,5,8,0,4.043520450592041
4861,0,3,0,1.4315766096115112
4862,3,0,0,1.5974109172821045
4863,1,9,0,2.507584810256958
4864,3,5,0,0.3750152289867401
4865,8,9,0,3.9730935096740723
4866,9,3,0,0.5156931281089783
4867,9,3,0,0.7759649753570557
4868,0,2,0,1.5312293767929077
4869,8,3,0,0.3638831377029419
4870,8,3,0,-0.698919415473938
4871,7,5,0,1.7395967245101929
4872,9,7,0,-0.02783960849046707
4873,2,3,0,1.5481674671173096
4874,9,9,1,3.9052419662475586
4875,1,1,1,12.174697875976562
4876,3,3,1,3.3437602519989014
4877,6,6,1,8.653427124023438
4878,7,4,0,1.5455402135849
4879,6,6,1,8.65521240234375
4880,0,3,0,1.0797086954116821
4881,8,2,0,4.1480937004089355
4882,6,6,1,6.9839959144592285
4883,2,2,1,1.9259800910949707
4884,4,9,0,-0.23443922400474548
4885,2,2,1,3.5175962448120117
4886,3,3,1,3.3170034885406494
4887,5,5,1,2.361114501953125
4888,5,5,1,6.142323970794678
4889,4,4,1,2.9222464561462402
4890,1,1,1,3.1356008052825928
4891,6,6,1,2.2437942028045654
4892,7,3,0,1.8868709802627563
4893,1,3,0,-0.6017026305198669
4894,6,6,1,3.6155030727386475
4895,1,3,0,2.033578634262085
4896,7,7,1,7.606935977935791
4897,1,0,0,1.2559986114501953
4898,6,6,1,4.551401615142822
4899,2,6,0,3.7336883544921875
4900,3,6,0,2.3432981967926025
4901,0,8,0,1.1543885469436646
4902,4,6,0,2.8701670169830322
4903,2,6,0,0.38679975271224976
4904,9,1,0,1.0587103366851807
4905,7,7,1,2.2971696853637695
4906,5,7,0,-0.13920240104198456
4907,5,2,0,2.303895950317383
4908,6,6,1,5.447022914886475
4909,0,0,1,7.429231643676758
4910,8,8,1,1.3658833503723145
4911,8,5,0,3.7672641277313232
4912,1,1,1,12.010414123535156
4913,1,9,0,0.9989253878593445
4914,3,3,1,2.5219085216522217
4915,5,3,0,1.8759621381759644
4916,6,3,0,2.169613838195801
4917,5,3,0,0.8989825248718262
4918,3,3,1,0.6724443435668945
4919,8,3,0,0.9766955971717834
4920,7,7,1,7.632319450378418
4921,5,9,0,0.6879042387008667
4922,0,9,0,1.7207385301589966
4923,7,6,0,2.176171064376831
4924,7,5,0,0.44337746500968933
4925,5,3,0,4.335592746734619
4926,7,3,0,2.4045913219451904
4927,1,8,0,2.003303050994873
4928,9,9,1,3.232856512069702
4929,9,3,0,2.5208568572998047
4930,1,1,1,2.7270538806915283
4931,9,1,0,2.4675509929656982
4932,9,6,0,-0.7700655460357666
4933,3,2,0,-0.7847006320953369
4934,5,5,1,2.0063364505767822
4935,5,3,0,1.6635937690734863
4936,3,8,0,0.6036298871040344
4937,0,2,0,2.292656660079956
4938,3,5,0,1.36066472530365
4939,0,3,0,2.127746343612671
4940,6,6,1,4.446099758148193
4941,6,6,1,4.454173564910889
4942,5,0,0,0.7349179983139038
4943,6,6,1,2.162327289581299
4944,8,8,1,9.281695365905762
4945,9,9,1,3.0151326656341553
4946,4,6,0,1.7813578844070435
4947,5,2,0,1.6386929750442505
4948,1,2,0,1.5507662296295166
4949,1,7,0,1.5436710119247437
4950,2,6,0,2.1660897731781006
4951,7,6,0,3.9108967781066895
4952,9,2,0,1.7226790189743042
4953,0,0,1,2.7600550651550293
4954,1,3,0,3.143806219100952
4955,2,0,0,2.1737723350524902
4956,5,3,0,3.495882749557495
4957,4,2,0,4.25169038772583
4958,4,4,1,4.493852615356445
4959,7,6,0,0.012818874791264534
4960,4,6,0,5.315573215484619
4961,8,7,0,1.2057803869247437
4962,3,3,1,2.8299551010131836
4963,3,2,0,1.406724214553833
4964,5,2,0,3.06782865524292
4965,3,3,1,2.7299373149871826
4966,5,3,0,3.3226397037506104
4967,7,5,0,0.6048491597175598
4968,0,0,1,2.2595114707946777
4969,1,3,0,0.8061200380325317
4970,2,3,0,2.47521710395813
4971,9,1,0,2.4874517917633057
4972,8,8,1,2.001929521560669
4973,1,0,0,2.3443455696105957
4974,7,3,0,2.2608981132507324
4975,3,3,1,4.578829288482666
4976,5,5,1,8.533676147460938
4977,9,6,0,0.6958492994308472
4978,1,5,0,1.0243637561798096
4979,9,9,1,2.2399861812591553
4980,1,2,0,1.295257329940796
4981,1,1,1,3.720154285430908
4982,3,2,0,1.831073522567749
4983,6,6,1,5.388417720794678
4984,7,5,0,2.585641622543335
4985,4,0,0,1.4113731384277344
4986,8,8,1,-1.239001989364624
4987,3,6,0,2.8478798866271973
4988,5,3,0,3.251206398010254
4989,6,6,1,5.6612772941589355
4990,7,5,0,2.6884050369262695
4991,0,0,1,2.2108311653137207
4992,1,9,0,3.0044467449188232
4993,7,0,0,0.5435358881950378
4994,7,7,1,0.49293044209480286
4995,2,3,0,0.5412613153457642
4996,3,5,0,2.543285369873047
4997,3,3,1,2.9342124462127686
4998,5,3,0,1.4281882047653198
4999,1,9,0,3.9069995880126953
5000,7,7,1,1.2228449583053589
5001,6,6,1,8.316655158996582
5002,8,3,0,1.16146981716156
5003,4,4,1,1.4321036338806152
5004,4,2,0,0.39558401703834534
5005,5,5,1,3.7371602058410645
5006,7,5,0,0.9843836426734924
5007,3,3,1,2.9127109050750732
5008,4,3,0,2.146176338195801
5009,7,7,1,-0.05832038074731827
5010,7,2,0,0.4998471736907959
5011,3,3,1,0.8893225789070129
5012,6,6,1,5.420831680297852
5013,0,3,0,1.5572189092636108
5014,7,3,0,2.3918583393096924
5015,2,2,1,4.811095237731934
5016,6,6,1,6.431197643280029
5017,7,2,0,1.0973514318466187
5018,4,2,0,1.1418366432189941
5019,1,9,0,1.8115538358688354
5020,8,6,0,-0.08988466113805771
5021,0,0,1,6.951920032501221
5022,2,6,0,1.582011103630066
5023,2,3,0,3.076345920562744
5024,1,3,0,0.6314865946769714
5025,5,2,0,0.928184986114502
5026,4,6,0,0.6388809680938721
5027,0,0,1,2.1753039360046387
5028,9,0,0,0.612436830997467
5029,3,3,1,5.780264854431152
5030,4,0,0,2.9652559757232666
5031,4,0,0,1.0757091045379639
5032,2,0,0,2.1626083850860596
5033,3,5,0,0.39616698026657104
5034,8,0,0,1.5906970500946045
5035,5,2,0,0.44185665249824524
5036,0,0,1,4.060622215270996
5037,0,0,1,5.029398441314697
5038,4,3,0,3.537790536880493
5039,6,6,1,3.493149995803833
5040,3,6,0,1.4606527090072632
5041,9,9,1,1.384724736213684
5042,2,2,1,1.0596497058868408
5043,0,3,0,0.8631862998008728
5044,5,6,0,2.1410892009735107
5045,7,2,0,3.0738370418548584
5046,5,6,0,1.2233785390853882
5047,5,0,0,1.3815152645111084
5048,1,7,0,1.379559874534607
5049,7,7,1,8.244096755981445
5050,3,2,0,2.648916244506836
5051,1,3,0,1.3071547746658325
5052,6,3,0,2.0971155166625977
5053,7,5,0,0.8091773390769958
5054,9,5,0,1.0061118602752686
5055,0,0,1,3.4880733489990234
5056,1,6,0,2.789703607559204
5057,2,2,1,6.107592582702637
5058,1,1,1,2.760385036468506
5059,4,0,0,1.873020887374878
5060,6,3,0,1.1073884963989258
5061,1,1,1,5.056970596313477
5062,5,5,1,4.196918964385986
5063,9,7,0,0.9740140438079834
5064,5,5,1,7.43837833404541
5065,0,0,1,8.434646606445312
5066,4,3,0,1.8591315746307373
5067,9,9,1,9.739874839782715
5068,4,2,0,1.4055073261260986
5069,9,9,1,5.532838344573975
5070,7,3,0,-0.14760176837444305
5071,1,5,0,1.7647311687469482
5072,6,3,0,0.4707825779914856
5073,8,8,1,3.9500651359558105
5074,0,3,0,0.3482668399810791
5075,6,2,0,1.9573392868041992
5076,5,3,0,1.1961445808410645
5077,0,5,0,0.2800317108631134
5078,8,8,1,5.432580471038818
5079,1,9,0,2.5445785522460938
5080,7,2,0,-0.024774091318249702
5081,5,6,0,1.78490149974823
5082,6,3,0,3.6141953468322754
5083,9,2,0,1.6334433555603027
5084,3,7,0,3.5199084281921387
5085,2,6,0,0.5528345108032227
5086,3,3,1,1.4760891199111938
5087,9,6,0,2.517026662826538
5088,8,7,0,0.7936849594116211
5089,6,6,1,0.7746012210845947
5090,1,1,1,1.47369384765625
5091,0,0,1,5.178273677825928
5092,9,6,0,2.8815717697143555
5093,0,0,1,0.9600460529327393
5094,9,9,1,1.1969603300094604
5095,8,8,1,4.549911022186279
5096,7,7,1,4.2316083908081055
5097,7,0,0,3.2517716884613037
5098,5,2,0,0.22710172832012177
5099,2,5,0,2.4011049270629883
5100,3,2,0,0.07493282854557037
5101,5,3,0,2.3954522609710693
5102,5,3,0,0.39341986179351807
5103,7,3,0,1.8006640672683716
5104,8,8,1,2.4867300987243652
5105,7,7,1,-0.7456948161125183
5106,6,6,1,3.2275731563568115
5107,9,4,0,-0.5675851702690125
5108,1,3,0,0.4672527611255646
5109,9,9,1,2.4035067558288574
5110,8,5,0,1.5314629077911377
5111,6,6,1,7.547939300537109
5112,5,7,0,0.6413261294364929
5113,6,4,0,1.856903076171875
5114,7,3,0,0.7710753083229065
5115,5,7,0,0.9149103164672852
5116,6,6,1,4.865187168121338
5117,7,3,0,0.5659258365631104
5118,2,3,0,1.4985580444335938
5119,5,5,1,1.7082340717315674
5120,9,8,0,0.6257807016372681
5121,6,6,1,2.9116384983062744
5122,6,7,0,1.0969467163085938
5123,7,3,0,0.7818290591239929
5124,0,0,1,3.4515838623046875
5125,1,9,0,1.5024906396865845
5126,0,3,0,1.966808795928955
5127,1,1,1,2.5942540168762207
5128,3,3,1,1.2831608057022095
5129,2,2,1,1.0027449131011963
5130,5,2,0,2.367722988128662
5131,6,6,1,4.861123561859131
5132,1,1,1,3.8735339641571045
5133,2,3,0,3.2018649578094482
5134,5,4,0,1.9014281034469604
5135,1,3,0,1.2743674516677856
5136,9,6,0,1.3237217664718628
5137,9,9,1,10.132692337036133
5138,8,3,0,2.0773043632507324
5139,6,6,1,5.8265604972839355
5140,8,8,1,3.1558616161346436
5141,6,3,0,3.2464468479156494
5142,8,2,0,1.2562443017959595
5143,9,6,0,0.9407424926757812
5144,0,5,0,2.9427294731140137
5145,4,2,0,1.5778281688690186
5146,0,2,0,1.7761670351028442
5147,3,3,1,0.6993985772132874
5148,3,0,0,0.5631816387176514
5149,6,6,1,6.401822090148926
5150,4,4,1,2.6104736328125
5151,9,3,0,1.0352070331573486
5152,9,2,0,2.392125129699707
5153,7,7,1,4.998716831207275
5154,2,7,0,-0.13168027997016907
5155,3,8,0,0.5258945226669312
5156,5,8,0,4.175370693206787
5157,6,5,0,0.4364365041255951
5158,4,4,1,3.7743353843688965
5159,6,6,1,3.9930975437164307
5160,0,7,0,0.2043367624282837
5161,3,3,1,1.9971953630447388
5162,7,7,1,4.178025245666504
5163,5,3,0,-0.7345742583274841
5164,0,0,1,3.588599920272827
5165,2,6,0,2.066584348678589
5166,9,3,0,1.0136572122573853
5167,2,6,0,1.4137786626815796
5168,7,7,1,8.04764175415039
5169,2,3,0,0.2634815573692322
5170,9,9,1,0.26946595311164856
5171,2,2,1,1.0450057983398438
5172,4,5,0,3.772813320159912
5173,0,0,1,2.37336802482605
5174,6,6,1,4.400583744049072
5175,6,6,1,6.298798084259033
5176,3,6,0,-0.18409454822540283
5177,4,4,1,2.366868495941162
5178,5,5,1,3.8017027378082275
5179,5,5,1,3.860915184020996
5180,9,9,1,4.944005012512207
5181,1,3,0,1.7605897188186646
5182,1,6,0,1.7229197025299072
5183,4,3,0,4.60070276260376
5184,4,3,0,1.43618905544281
5185,3,2,0,0.30258822441101074
5186,5,5,1,3.8960771560668945
5187,4,6,0,2.472276449203491
5188,8,8,1,7.102575778961182
5189,0,0,1,2.6565604209899902
5190,0,0,1,3.557995557785034
5191,3,4,0,-0.6653371453285217
5192,9,9,1,5.151442050933838
5193,4,6,0,1.9330904483795166
5194,7,7,1,2.333336353302002
5195,4,3,0,1.1889053583145142
5196,2,2,1,8.059859275817871
5197,8,5,0,6.8228230476379395
5198,3,3,1,-0.07424402981996536
5199,6,3,0,1.8578602075576782
5200,3,3,1,3.4599804878234863
5201,1,3,0,1.0398820638656616
5202,9,5,0,2.616396903991699
5203,6,6,1,5.41650915145874
5204,3,2,0,1.0260518789291382
5205,8,9,0,-0.945326030254364
5206,3,5,0,0.889616072177887
5207,8,6,0,0.504084050655365
5208,4,4,1,4.807059288024902
5209,7,7,1,4.7483978271484375
5210,5,0,0,2.14992618560791
5211,7,3,0,1.1307734251022339
5212,5,6,0,2.0132977962493896
5213,3,6,0,1.858770489692688
5214,1,9,0,0.7593492269515991
5215,2,2,1,3.656609058380127
5216,6,6,1,2.2585980892181396
5217,1,1,1,9.927343368530273
5218,3,5,0,2.2143988609313965
5219,2,2,1,1.7129366397857666
5220,0,5,0,0.8584076762199402
5221,7,7,1,1.5889710187911987
5222,5,3,0,3.088624954223633
5223,0,0,1,8.994709968566895
5224,0,2,0,2.270632743835449
5225,0,0,1,6.648803234100342
5226,1,0,0,0.8450778126716614
5227,4,6,0,1.0079116821289062
5228,3,3,1,1.472835898399353
5229,5,3,0,-0.5302660465240479
5230,8,8,1,4.2260050773620605
5231,4,3,0,0.2719547748565674
5232,3,3,1,1.513043761253357
5233,1,3,0,1.1167367696762085
5234,7,3,0,1.7433909177780151
5235,1,6,0,2.4980885982513428
5236,0,1,0,2.6656270027160645
5237,4,4,1,4.923839092254639
5238,2,0,0,4.314580917358398
5239,4,3,0,2.177936553955078
5240,1,2,0,1.0553483963012695
5241,4,4,1,2.4724178314208984
5242,0,0,1,5.116447448730469
5243,1,0,0,3.039114475250244
5244,2,2,1,3.7368862628936768
5245,1,1,1,2.411073684692383
5246,7,5,0,-0.05005277693271637
5247,7,2,0,0.8629802465438843
5248,9,5,0,1.7970812320709229
5249,8,8,1,6.332751750946045
5250,7,4,0,-0.4959772825241089
5251,5,5,1,4.280425071716309
5252,4,2,0,1.019430160522461
5253,0,6,0,0.3197789192199707
5254,9,9,1,8.251884460449219
5255,0,0,1,1.9251688718795776
5256,0,0,1,4.2907938957214355
5257,8,0,0,-0.023475388064980507
5258,2,2,1,2.128790855407715
5259,0,0,1,3.152273178100586
5260,0,0,1,3.600642442703247
5261,2,3,0,4.538876533508301
5262,4,3,0,0.9143689870834351
5263,8,3,0,3.1483607292175293
5264,6,6,1,3.978025197982788
5265,2,3,0,0.9284290075302124
5266,4,4,1,2.979069709777832
5267,6,6,1,2.5706896781921387
5268,3,6,0,2.151712656021118
5269,5,6,0,3.083638906478882
5270,1,6,0,2.6646645069122314
5271,5,3,0,3.8779852390289307
5272,3,3,1,2.2136242389678955
5273,7,8,0,-0.04979854077100754
5274,2,3,0,1.3032740354537964
5275,2,3,0,0.8139157295227051
5276,9,6,0,0.5076375603675842
5277,8,0,0,0.21212729811668396
5278,0,2,0,-0.3503230810165405
5279,0,1,0,1.6441222429275513
5280,0,0,1,1.9775081872940063
5281,3,3,1,2.921085834503174
5282,4,4,1,2.207223892211914
5283,4,6,0,3.0152928829193115
5284,6,6,1,3.191895008087158
5285,1,9,0,4.091851234436035
5286,6,3,0,1.0245404243469238
5287,7,6,0,3.7580697536468506
5288,4,4,1,6.295909881591797
5289,4,4,1,3.410876750946045
5290,3,2,0,2.3481311798095703
5291,9,0,0,0.6293979287147522
5292,4,3,0,1.1505016088485718
5293,0,0,1,3.4927284717559814
5294,8,3,0,1.8245378732681274
5295,0,0,1,3.21616268157959
5296,4,4,1,2.8490042686462402
5297,6,6,1,5.54015588760376
5298,5,3,0,1.6722584962844849
5299,7,5,0,2.2514071464538574
5300,9,6,0,0.7314753532409668
5301,7,7,1,7.745593547821045
5302,0,3,0,2.2079646587371826
5303,5,3,0,2.1575534343719482
5304,7,7,1,4.498049736022949
5305,7,7,1,6.900904655456543
5306,3,3,1,5.567506313323975
5307,1,1,1,8.707209587097168
5308,9,3,0,1.939443826675415
5309,3,3,1,3.0355172157287598
5310,0,2,0,1.4191967248916626
5311,9,7,0,1.3952656984329224
5312,5,5,1,6.1965012550354
5313,3,3,1,4.45206880569458
5314,7,7,1,5.114655494689941
5315,9,9,1,1.6532596349716187
5316,4,3,0,2.218655824661255
5317,4,3,0,0.906903862953186
5318,1,2,0,0.33348825573921204
5319,7,7,1,0.25968265533447266
5320,7,3,0,3.102792739868164
5321,1,9,0,0.5557622313499451
5322,4,7,0,1.1058290004730225
5323,1,2,0,1.2294400930404663
5324,2,2,1,-0.09205886721611023
5325,8,8,1,2.2705631256103516
5326,7,7,1,1.865959882736206
5327,0,3,0,2.1049253940582275
5328,0,3,0,0.08683214336633682
5329,4,4,1,4.675609111785889
5330,7,7,1,0.37841299176216125
5331,2,2,1,3.838632822036743
5332,9,7,0,2.3919620513916016
5333,7,2,0,0.8743079900741577
5334,6,6,1,6.487888336181641
5335,9,9,1,3.971841812133789
5336,3,3,1,6.646631240844727
5337,5,5,1,2.4620068073272705
5338,8,5,0,4.2345781326293945
5339,0,3,0,2.964182138442993
5340,3,9,0,1.383963704109192
5341,6,6,1,10.736117362976074
5342,8,8,1,1.3287203311920166
5343,3,6,0,2.6119611263275146
5344,2,4,0,2.4127564430236816
5345,4,3,0,2.905463933944702
5346,7,0,0,1.1846073865890503
5347,1,0,0,1.5192734003067017
5348,1,3,0,1.4851678609848022
5349,3,3,1,1.0483144521713257
5350,9,6,0,1.8596620559692383
5351,7,6,0,1.8410598039627075
5352,5,3,0,9.092967957258224e-05
5353,1,1,1,3.9397132396698
5354,0,8,0,1.0856597423553467
5355,8,3,0,1.711685299873352
5356,7,7,1,2.686065673828125
5357,0,3,0,2.440882444381714
5358,1,1,1,8.486190795898438
5359,6,6,1,3.6436767578125
5360,9,5,0,1.1001864671707153
5361,3,0,0,3.219620943069458
5362,2,5,0,1.742569923400879
5363,7,2,0,0.7107946872711182
5364,7,6,0,0.6363522410392761
5365,8,2,0,0.19054041802883148
5366,1,6,0,1.3837817907333374
5367,0,7,0,1.2106544971466064
5368,3,3,1,4.468093395233154
5369,4,6,0,5.116305828094482
5370,6,3,0,2.715707778930664
5371,7,2,0,2.1178650856018066
5372,5,8,0,1.6849879026412964
5373,2,2,1,2.877464771270752
5374,0,3,0,1.7332154512405396
5375,1,6,0,-0.3841996490955353
5376,5,5,1,0.8035786151885986
5377,5,5,1,3.1670525074005127
5378,1,6,0,1.9409397840499878
5379,4,0,0,3.164396047592163
5380,1,9,0,2.3047478199005127
5381,3,2,0,0.8448920845985413
5382,0,0,1,1.125064730644226
5383,8,8,1,4.113550662994385
5384,6,6,1,1.9590668678283691
5385,2,3,0,1.7492409944534302
5386,1,2,0,1.7094125747680664
5387,3,6,0,5.633081912994385
5388,6,7,0,1.5525360107421875
5389,4,6,0,2.281827449798584
5390,1,1,1,2.568286895751953
5391,9,9,1,1.703542947769165
5392,0,8,0,0.601905882358551
5393,4,2,0,2.2136175632476807
5394,1,3,0,0.7480382919311523
5395,0,2,0,4.087408542633057
5396,1,1,1,4.066049575805664
5397,9,3,0,0.15866146981716156
5398,8,3,0,2.603356122970581
5399,6,6,1,2.0656421184539795
5400,9,2,0,1.6410261392593384
5401,2,0,0,2.4269561767578125
5402,4,6,0,2.9317595958709717
5403,7,4,0,4.521764278411865
5404,2,2,1,2.46624755859375
5405,2,2,1,5.4608964920043945
5406,7,7,1,3.0313315391540527
5407,4,7,0,4.657353401184082
5408,9,9,1,3.2870471477508545
5409,1,9,0,1.150181531906128
5410,3,2,0,2.6411752700805664
5411,2,6,0,0.8399634957313538
5412,6,6,1,9.884851455688477
5413,3,3,1,2.653883695602417
5414,4,6,0,1.380421757698059
5415,4,2,0,3.627812385559082
5416,9,1,0,5.2591142654418945
5417,4,3,0,6.2941765785217285
5418,8,8,1,4.738101959228516
5419,2,2,1,4.808234691619873
5420,6,6,1,0.9953304529190063
5421,6,6,1,2.2371137142181396
5422,1,2,0,0.6725395917892456
5423,6,2,0,3.3325607776641846
5424,3,5,0,3.9293274879455566
5425,6,3,0,2.873098373413086
5426,5,3,0,3.574981212615967
5427,8,8,1,3.572824478149414
5428,4,3,0,2.5381617546081543
5429,6,6,1,6.693115711212158
5430,7,4,0,0.38103604316711426
5431,1,1,1,1.5753859281539917
5432,9,3,0,-0.47329986095428467
5433,3,3,1,3.189711570739746
5434,6,6,1,3.9579737186431885
5435,7,6,0,0.9073269367218018
5436,6,6,1,5.4969096183776855
5437,0,0,1,5.044479846954346
5438,7,4,0,4.019551753997803
5439,1,1,1,8.404837608337402
5440,9,0,0,-0.047198258340358734
5441,5,3,0,4.000099182128906
5442,2,2,1,4.092195510864258
5443,6,6,1,1.503473162651062
5444,7,7,1,8.44244384765625
5445,7,7,1,7.376605987548828
5446,6,3,0,1.101452112197876
5447,5,5,1,1.116299033164978
5448,9,9,1,1.3097658157348633
5449,1,3,0,1.1461286544799805
5450,5,3,0,1.7297381162643433
5451,6,6,1,5.839176177978516
5452,0,3,0,2.134702205657959
5453,2,2,1,2.593912363052368
5454,0,2,0,5.603196144104004
5455,9,1,0,1.8207526206970215
5456,1,1,1,0.7879746556282043
5457,8,0,0,3.057450771331787
5458,3,4,0,2.4232048988342285
5459,5,3,0,3.0273263454437256
5460,0,3,0,1.89210844039917
5461,0,0,1,2.5484187602996826
5462,0,0,1,1.7430204153060913
5463,5,3,0,0.36490511894226074
5464,7,2,0,1.238547444343567
5465,7,3,0,1.025019645690918
5466,8,0,0,3.802042007446289
5467,5,5,1,2.7139015197753906
5468,5,5,1,1.3980388641357422
5469,5,3,0,3.0154812335968018
5470,1,2,0,0.4577450752258301
5471,6,6,1,0.594911515712738
5472,1,9,0,0.16610366106033325
5473,5,5,1,2.6473124027252197
5474,1,3,0,2.908801794052124
5475,0,0,1,2.70487642288208
5476,6,6,1,2.3546597957611084
5477,2,3,0,1.217208743095398
5478,3,3,1,3.683331251144409
5479,2,4,0,0.9473838806152344
5480,1,1,1,7.53718376159668
5481,7,3,0,2.014080286026001
5482,5,3,0,3.0549075603485107
5483,1,6,0,3.158585548400879
5484,9,9,1,3.45204758644104
5485,8,0,0,1.6009083986282349
5486,3,3,1,2.142292022705078
5487,6,6,1,4.279111385345459
5488,9,5,0,0.44242748618125916
5489,7,9,0,3.2775094509124756
5490,3,3,1,3.0388481616973877
5491,0,2,0,-0.6660120487213135
5492,2,9,0,0.23222598433494568
5493,3,3,1,3.001077890396118
5494,9,1,0,2.1968889236450195
5495,4,3,0,1.5135639905929565
5496,4,4,1,2.494431972503662
5497,3,3,1,1.905212640762329
5498,9,9,1,4.968296527862549
5499,6,6,1,6.255884647369385
5500,8,2,0,0.04159142076969147
5501,6,6,1,1.2145577669143677
5502,6,6,1,3.5163142681121826
5503,8,8,1,12.569384574890137
5504,5,3,0,1.700016975402832
5505,4,4,1,10.3373441696167
5506,3,3,1,3.0164668560028076
5507,6,6,1,3.6967179775238037
5508,7,0,0,0.3778795301914215
5509,7,3,0,1.7042299509048462
5510,4,4,1,2.3483142852783203
5511,3,6,0,2.556515693664551
5512,9,9,1,-0.4423663318157196
5513,6,6,1,4.095007419586182
5514,2,0,0,3.8336777687072754
5515,4,3,0,2.0031373500823975
5516,0,2,0,1.4785382747650146
5517,1,1,1,6.830105304718018
5518,3,7,0,0.6166526079177856
5519,6,3,0,1.8391066789627075
5520,4,3,0,1.4488036632537842
5521,9,9,1,11.515131950378418
5522,2,2,1,2.315882921218872
5523,6,6,1,7.89204216003418
5524,0,0,1,2.660412073135376
5525,3,0,0,1.8350051641464233
5526,8,3,0,2.2027995586395264
5527,7,7,1,1.8045481443405151
5528,5,5,1,1.8506267070770264
5529,3,6,0,0.06136145442724228
5530,3,6,0,2.8004372119903564
5531,8,8,1,2.345304012298584
5532,3,6,0,2.2105720043182373
5533,2,2,1,7.418637275695801
5534,6,3,0,1.3469406366348267
5535,3,6,0,1.8568669557571411
5536,6,9,0,1.2641245126724243
5537,2,5,0,-0.5584831833839417
5538,7,2,0,1.353536605834961
5539,4,4,1,1.6004468202590942
5540,5,3,0,2.778019428253174
5541,7,2,0,1.6424752473831177
5542,9,3,0,0.5638314485549927
5543,0,2,0,4.2144622802734375
5544,0,0,1,1.5934001207351685
5545,6,6,1,3.431640625
5546,7,6,0,0.10018627345561981
5547,2,3,0,4.111466884613037
5548,8,3,0,3.3718042373657227
5549,5,3,0,2.77237606048584
5550,5,5,1,9.06264591217041
5551,7,5,0,0.5091118216514587
5552,5,3,0,4.277317523956299
5553,5,5,1,2.33687686920166
5554,9,9,1,1.9993408918380737
5555,4,6,0,3.11075758934021
5556,6,6,1,0.10923714190721512
5557,4,3,0,1.9028903245925903
5558,7,4,0,0.2950747013092041
5559,3,2,0,5.971070766448975
5560,3,3,1,1.4513927698135376
5561,6,6,1,3.5031239986419678
5562,4,4,1,2.871016502380371
5563,1,3,0,1.430580735206604
5564,6,3,0,0.2734874486923218
5565,3,4,0,3.0347018241882324
5566,1,7,0,0.6669756174087524
5567,6,6,1,2.414017677307129
5568,7,7,1,11.954995155334473
5569,0,7,0,0.19151315093040466
5570,5,5,1,3.7814087867736816
5571,0,0,1,1.3865325450897217
5572,1,3,0,0.45549440383911133
5573,9,5,0,2.5298805236816406
5574,7,5,0,-0.5693729519844055
5575,3,3,1,5.398134708404541
5576,5,5,1,6.571030139923096
5577,2,2,1,5.312005043029785
5578,3,3,1,1.999909520149231
5579,9,3,0,2.2466108798980713
5580,5,5,1,2.593931198120117
5581,6,3,0,1.132330298423767
5582,4,5,0,2.272465229034424
5583,0,1,0,1.0875332355499268
5584,0,3,0,0.9629707336425781
5585,0,0,1,6.559665679931641
5586,8,8,1,5.8787360191345215
5587,0,3,0,1.6817468404769897
5588,3,5,0,4.472429275512695
5589,2,6,0,-0.10217266529798508
5590,4,3,0,2.3379786014556885
5591,5,3,0,3.789374351501465
5592,3,3,1,3.464365243911743
5593,7,1,0,-0.5609660744667053
5594,9,3,0,1.0595719814300537
5595,6,6,1,3.6750521659851074
5596,9,9,1,0.7294632792472839
5597,3,2,0,0.2605188488960266
5598,1,3,0,-0.08748442679643631
5599,2,6,0,-0.17558519542217255
5600,6,4,0,-0.5242357850074768
5601,7,7,1,0.8943231105804443
5602,4,3,0,0.9937938451766968
5603,5,2,0,0.81102055311203
5604,1,1,1,13.198866844177246
5605,3,5,0,0.9876988530158997
5606,7,9,0,-0.49324551224708557
5607,6,0,0,2.4048383235931396
5608,9,9,1,8.773811340332031
5609,5,5,1,2.81207537651062
5610,8,8,1,4.831482410430908
5611,5,0,0,3.7661921977996826
5612,8,6,0,-0.056914933025836945
5613,5,3,0,3.4962575435638428
5614,8,8,1,0.6950191259384155
5615,5,5,1,4.846212863922119
5616,6,2,0,2.666691541671753
5617,5,5,1,3.4450721740722656
5618,0,9,0,3.0876781940460205
5619,8,3,0,0.6263989806175232
5620,3,2,0,1.5250332355499268
5621,8,2,0,1.1783220767974854
5622,1,3,0,-0.21158097684383392
5623,8,8,1,0.9845947027206421
5624,1,1,1,1.1792818307876587
5625,5,2,0,1.4160165786743164
5626,0,0,1,2.151020050048828
5627,9,9,1,4.261451244354248
5628,8,9,0,2.6030890941619873
5629,6,6,1,3.4895479679107666
5630,3,2,0,2.0623607635498047
5631,6,2,0,0.5089176893234253
5632,3,3,1,4.275814533233643
5633,4,3,0,0.6172415018081665
5634,4,6,0,1.1527258157730103
5635,7,7,1,2.2032861709594727
5636,4,4,1,5.554368495941162
5637,7,7,1,7.6760029792785645
5638,4,6,0,4.091322898864746
5639,3,3,1,3.531344175338745
5640,2,3,0,2.031221389770508
5641,4,4,1,0.20343124866485596
5642,5,5,1,1.7354943752288818
5643,5,5,1,2.059635639190674
5644,7,6,0,0.45438486337661743
5645,5,3,0,1.828713297843933
5646,4,2,0,-0.3506595194339752
5647,5,0,0,2.9969327449798584
5648,8,8,1,5.247165203094482
5649,0,6,0,0.4905490279197693
5650,5,5,1,1.466055154800415
5651,4,4,1,6.7289557456970215
5652,0,0,1,6.74134635925293
5653,5,2,0,1.7435884475708008
5654,4,4,1,4.1935248374938965
5655,3,3,1,4.60835599899292
5656,3,3,1,3.9171319007873535
5657,2,2,1,3.468928575515747
5658,4,2,0,2.342536449432373
5659,2,9,0,0.8908273577690125
5660,9,9,1,3.510633707046509
5661,4,7,0,0.9714990854263306
5662,8,8,1,4.468468189239502
5663,8,7,0,1.3538905382156372
5664,6,6,1,3.7844152450561523
5665,2,0,0,3.848958730697632
5666,6,6,1,6.320250511169434
5667,1,1,1,1.1823627948760986
5668,7,7,1,4.1514177322387695
5669,0,8,0,1.2900941371917725
5670,4,6,0,3.4919607639312744
5671,3,3,1,1.746585726737976
5672,8,0,0,3.1705009937286377
5673,5,5,1,3.8960723876953125
5674,9,3,0,3.338149070739746
5675,7,7,1,4.466768264770508
5676,6,6,1,9.820770263671875
5677,7,7,1,-0.00598070677369833
5678,1,9,0,2.3184449672698975
5679,0,0,1,0.3185093104839325
5680,2,5,0,0.902090847492218
5681,3,3,1,0.26017606258392334
5682,5,7,0,2.5118391513824463
5683,6,6,1,2.898699998855591
5684,7,7,1,1.566373348236084
5685,1,1,1,4.163023948669434
5686,6,2,0,0.07390809059143066
5687,2,2,1,0.7083011865615845
5688,8,8,1,1.6886370182037354
5689,3,3,1,6.037818431854248
5690,7,6,0,1.5292718410491943
5691,2,0,0,1.3987096548080444
5692,5,5,1,5.5790910720825195
5693,7,6,0,1.859519600868225
5694,5,5,1,2.476972818374634
5695,7,7,1,10.554384231567383
5696,7,5,0,-0.3527509868144989
5697,1,1,1,6.4169745445251465
5698,7,3,0,-0.01635660231113434
5699,4,4,1,10.003308296203613
5700,3,3,1,2.414949417114258
5701,3,5,0,1.5985627174377441
5702,4,6,0,2.4087820053100586
5703,0,6,0,-0.33048948645591736
5704,4,4,1,4.940973281860352
5705,2,4,0,1.5735838413238525
5706,7,7,1,1.8161678314208984
5707,0,0,1,1.9738543033599854
5708,2,7,0,2.7582602500915527
5709,2,2,1,1.52776300907135
5710,6,6,1,2.233126401901245
5711,6,6,1,6.2732253074646
5712,2,0,0,3.1353065967559814
5713,5,2,0,1.58936607837677
5714,2,7,0,-1.5583692789077759
5715,6,7,0,1.4383152723312378
5716,0,0,1,3.5335490703582764
5717,6,6,1,3.9933273792266846
5718,1,2,0,2.8142635822296143
5719,2,1,0,0.4538581371307373
5720,9,9,1,0.7480643391609192
5721,0,0,1,3.9436111450195312
5722,0,0,1,4.797708034515381
5723,1,6,0,0.21426250040531158
5724,5,5,1,3.904911756515503
5725,5,5,1,4.242307662963867
5726,1,3,0,1.70170259475708
5727,6,3,0,1.418119192123413
5728,7,3,0,0.9614781737327576
5729,8,3,0,0.44630053639411926
5730,5,3,0,1.5650075674057007
5731,6,7,0,1.5373111963272095
5732,3,9,0,0.1558559685945511
5733,3,2,0,0.7843447923660278
5734,6,3,0,0.6070705056190491
5735,0,0,1,4.014918327331543
5736,9,9,1,3.724789619445801
5737,9,6,0,0.6034513711929321
5738,2,2,1,2.8515186309814453
5739,2,6,0,4.538171291351318
5740,6,4,0,3.2979068756103516
5741,1,3,0,1.729194164276123
5742,4,6,0,2.713921308517456
5743,6,5,0,5.442843437194824
5744,2,0,0,3.023366689682007
5745,5,5,1,1.543542742729187
5746,7,7,1,4.592861652374268
5747,8,0,0,3.0827529430389404
5748,8,8,1,1.430479884147644
5749,5,7,0,2.0045571327209473
5750,6,3,0,4.065062046051025
5751,4,3,0,1.1771621704101562
5752,3,7,0,0.808195948600769
5753,2,3,0,2.8618268966674805
5754,3,3,1,3.7607109546661377
5755,4,2,0,1.150030255317688
5756,4,2,0,0.8022518157958984
5757,4,4,1,1.6156362295150757
5758,8,8,1,4.581996440887451
5759,9,3,0,1.0837608575820923
5760,2,3,0,1.905504584312439
5761,6,6,1,4.9951171875
5762,0,0,1,3.151289939880371
5763,9,9,1,2.160799264907837
5764,7,2,0,0.19900815188884735
5765,9,9,1,-0.6183010935783386
5766,8,8,1,2.089195728302002
5767,7,6,0,0.7463864088058472
5768,7,7,1,4.387941837310791
5769,3,3,1,6.83385705947876
5770,8,3,0,0.9079023599624634
5771,2,6,0,0.9291129112243652
5772,9,9,1,8.212722778320312
5773,3,6,0,2.4305226802825928
5774,5,1,0,3.247558116912842
5775,7,7,1,0.18238332867622375
5776,5,7,0,1.8189178705215454
5777,8,8,1,5.831972599029541
5778,7,7,1,3.117901086807251
5779,3,3,1,0.3209567964076996
5780,7,7,1,0.4521406888961792
5781,0,0,1,3.503478527069092
5782,7,5,0,1.9803746938705444
5783,1,9,0,2.510847806930542
5784,6,6,1,3.028614044189453
5785,2,2,1,5.79841947555542
5786,4,5,0,3.4923059940338135
5787,0,2,0,1.1172239780426025
5788,0,0,1,3.0430824756622314
5789,2,5,0,2.1607279777526855
5790,9,3,0,-0.16205541789531708
5791,8,8,1,1.885517954826355
5792,2,4,0,2.7672343254089355
5793,8,0,0,1.907588243484497
5794,7,7,1,1.8496532440185547
5795,7,3,0,-0.12994739413261414
5796,5,6,0,1.8246110677719116
5797,5,5,1,-0.4937928020954132
5798,0,3,0,0.890973687171936
5799,1,5,0,0.9087983965873718
5800,2,4,0,5.795266151428223
5801,9,5,0,2.343778133392334
5802,6,2,0,1.1572999954223633
5803,1,1,1,0.5976307988166809
5804,0,2,0,0.8344796895980835
5805,1,1,1,1.94908607006073
5806,0,8,0,4.959172248840332
5807,6,6,1,9.108049392700195
5808,5,2,0,1.586534023284912
5809,0,0,1,3.4260711669921875
5810,5,5,1,7.150623321533203
5811,7,7,1,-0.4126479923725128
5812,4,4,1,1.947804570198059
5813,4,4,1,5.96066951751709
5814,8,7,0,2.3155813217163086
5815,3,3,1,3.0145065784454346
5816,5,4,0,0.6507108807563782
5817,3,3,1,2.7049152851104736
5818,7,7,1,8.184839248657227
5819,2,0,0,4.0754547119140625
5820,5,5,1,3.0719001293182373
5821,8,0,0,1.8337000608444214
5822,3,3,1,2.103778839111328
5823,5,5,1,3.417534351348877
5824,7,5,0,0.48867061734199524
5825,3,5,0,4.298785209655762
5826,7,2,0,1.1320523023605347
5827,0,0,1,2.3734474182128906
5828,5,5,1,6.575060844421387
5829,4,2,0,2.956559181213379
5830,5,3,0,3.742967367172241
5831,6,6,1,4.737111568450928
5832,9,0,0,2.7352988719940186
5833,3,3,1,2.5154168605804443
5834,5,5,1,3.692723274230957
5835,3,5,0,1.5563645362854004
5836,8,3,0,0.8862022757530212
5837,2,5,0,0.9396540522575378
5838,4,0,0,1.9223041534423828
5839,2,2,1,0.4612293541431427
5840,2,2,1,1.0459262132644653
5841,6,3,0,1.7548431158065796
5842,7,3,0,1.3556491136550903
5843,6,6,1,5.577301502227783
5844,0,0,1,3.033067464828491
5845,5,5,1,4.894199371337891
5846,5,5,1,5.269110202789307
5847,8,6,0,2.2107083797454834
5848,4,4,1,3.015552043914795
5849,5,3,0,0.8060418367385864
5850,6,6,1,3.226911783218384
5851,1,6,0,3.313965082168579
5852,3,3,1,3.3286547660827637
5853,5,5,1,4.299352169036865
5854,4,4,1,0.5770509243011475
5855,7,7,1,2.3089306354522705
5856,3,5,0,4.042478561401367
5857,0,0,1,1.2551172971725464
5858,7,2,0,0.5418474674224854
5859,2,2,1,3.2795305252075195
5860,0,0,1,2.681095838546753
5861,1,3,0,0.644554853439331
5862,2,3,0,4.639199256896973
5863,4,2,0,1.5016900300979614
5864,9,9,1,0.6637237668037415
5865,6,6,1,6.036774158477783
5866,4,2,0,2.4880547523498535
5867,5,5,1,1.7494832277297974
5868,9,9,1,2.0847814083099365
5869,7,7,1,-0.06491244584321976
5870,7,9,0,1.3047975301742554
5871,6,3,0,0.7282075881958008
5872,7,6,0,3.9590961933135986
5873,4,3,0,3.2968645095825195
5874,3,3,1,1.4990178346633911
5875,1,9,0,6.282656192779541
5876,6,6,1,3.351651430130005
5877,9,9,1,2.689851999282837
5878,4,3,0,0.31869980692863464
5879,8,0,0,2.1516318321228027
5880,0,0,1,8.143803596496582
5881,3,5,0,0.870148777961731
5882,1,6,0,0.22466982901096344
5883,6,6,1,1.1990545988082886
5884,4,4,1,1.4318069219589233
5885,4,6,0,1.6492289304733276
5886,2,5,0,4.142874240875244
5887,1,1,1,1.0307527780532837
5888,4,3,0,1.6105084419250488
5889,6,6,1,2.8231966495513916
5890,3,3,1,1.5055102109909058
5891,0,8,0,4.167027473449707
5892,8,3,0,2.09655499458313
5893,9,9,1,2.608715772628784
5894,7,5,0,-0.11890532076358795
5895,6,6,1,1.8489481210708618
5896,8,8,1,2.942129135131836
5897,4,3,0,1.8983579874038696
5898,8,6,0,2.3904802799224854
5899,1,1,1,3.0183889865875244
5900,4,3,0,0.7798184156417847
5901,5,5,1,3.3122243881225586
5902,9,3,0,2.036284923553467
5903,4,0,0,5.19243049621582
5904,7,2,0,1.2930771112442017
5905,1,3,0,1.0787672996520996
5906,4,2,0,0.7958680391311646
5907,5,3,0,1.4421215057373047
5908,3,3,1,1.0651432275772095
5909,1,9,0,0.45929351449012756
5910,2,9,0,-0.4885711967945099
5911,6,4,0,2.180933952331543
5912,4,3,0,-0.05155803635716438
5913,7,7,1,1.1505151987075806
5914,1,6,0,0.9027118682861328
5915,5,7,0,0.9100527167320251
5916,9,9,1,3.2530195713043213
5917,3,1,0,0.7510418891906738
5918,1,7,0,0.47469213604927063
5919,4,6,0,-0.08381178230047226
5920,8,8,1,8.9863862991333
5921,7,4,0,2.392423629760742
5922,7,6,0,0.568099856376648
5923,0,2,0,0.8370368480682373
5924,4,2,0,3.991976261138916
5925,3,3,1,4.629261016845703
5926,4,0,0,4.984614372253418
5927,6,6,1,4.670864582061768
5928,7,4,0,0.7253701686859131
5929,7,7,1,1.6315540075302124
5930,5,5,1,1.8876516819000244
5931,4,4,1,2.87076997756958
5932,4,4,1,2.9639477729797363
5933,4,4,1,0.7095127105712891
5934,3,1,0,1.9469877481460571
5935,6,6,1,4.053609371185303
5936,6,6,1,3.9640560150146484
5937,1,1,1,0.4241552948951721
5938,9,2,0,1.1603928804397583
5939,9,2,0,1.2620869874954224
5940,7,2,0,3.186675548553467
5941,9,1,0,3.209555149078369
5942,4,4,1,9.306353569030762
5943,3,3,1,2.809404134750366
5944,2,2,1,1.5865576267242432
5945,9,9,1,1.7175781726837158
5946,8,9,0,1.6640428304672241
5947,5,8,0,1.5338637828826904
5948,0,0,1,3.2818543910980225
5949,6,6,1,6.318758487701416
5950,9,9,1,3.2618091106414795
5951,0,0,1,8.96891975402832
5952,9,9,1,5.328303813934326
5953,7,3,0,0.8313207030296326
5954,8,8,1,3.910501718521118
5955,5,2,0,-0.219753235578537
5956,4,3,0,0.4451715052127838
5957,4,6,0,3.1603903770446777
5958,9,3,0,0.9343401789665222
5959,4,8,0,-0.04784686118364334
5960,2,6,0,0.4928746819496155
5961,6,6,1,3.850069761276245
5962,6,6,1,2.450934648513794
5963,9,6,0,2.2445688247680664
5964,9,3,0,2.090270757675171
5965,7,7,1,2.6730597019195557
5966,9,6,0,3.7443559169769287
5967,9,9,1,3.1986043453216553
5968,0,0,1,4.1158881187438965
5969,5,5,1,2.069675922393799
5970,1,0,0,2.236499309539795
5971,1,5,0,1.80303156375885
5972,8,7,0,0.9722312688827515
5973,6,6,1,3.563962459564209
5974,9,9,1,4.382308483123779
5975,9,9,1,2.604748487472534
5976,5,5,1,2.776444911956787
5977,6,6,1,2.6538426876068115
5978,5,7,0,0.42130914330482483
5979,5,1,0,1.076269268989563
5980,9,9,1,1.6866146326065063
5981,7,4,0,2.8816018104553223
5982,9,9,1,4.254778861999512
5983,4,6,0,2.0856597423553467
5984,5,3,0,2.1045632362365723
5985,4,0,0,2.4494926929473877
5986,3,0,0,4.893490791320801
5987,3,7,0,2.155674457550049
5988,9,5,0,1.91384756565094
5989,8,8,1,4.95952844619751
5990,8,2,0,2.7367138862609863
5991,3,3,1,2.290966272354126
5992,4,2,0,2.0550155639648438
5993,8,8,1,3.7682242393493652
5994,4,2,0,0.5718955993652344
5995,0,0,1,0.9125098586082458
5996,4,6,0,3.9593725204467773
5997,0,5,0,3.509957790374756
5998,7,7,1,7.241545677185059
5999,2,6,0,0.8579968214035034
6000,8,9,0,1.0189543962478638
6001,0,7,0,1.7590664625167847
6002,2,2,1,6.253281116485596
6003,0,3,0,1.0362567901611328
6004,7,7,1,8.49777603149414
6005,4,4,1,8.006782531738281
6006,0,8,0,1.2067291736602783
6007,6,6,1,0.3620864152908325
6008,3,3,1,0.6876344680786133
6009,3,6,0,5.390247821807861
6010,1,6,0,0.7711512446403503
6011,7,7,1,1.5687075853347778
6012,4,4,1,0.27779558300971985
6013,6,6,1,6.832474231719971
6014,5,4,0,2.2777910232543945
6015,0,0,1,0.6009589433670044
6016,4,6,0,3.535630941390991
6017,9,2,0,2.129912853240967
6018,5,5,1,8.995218276977539
6019,6,6,1,6.140251636505127
6020,6,6,1,4.23504114151001
6021,3,5,0,1.191279411315918
6022,0,2,0,0.14489437639713287
6023,5,3,0,1.7350512742996216
6024,2,2,1,3.14243745803833
6025,6,7,0,0.41233405470848083
6026,3,3,1,2.820707082748413
6027,3,3,1,4.615791320800781
6028,8,0,0,1.2766145467758179
6029,0,0,1,6.475752353668213
6030,8,9,0,0.6758767366409302
6031,5,3,0,3.265665054321289
6032,4,6,0,2.354098320007324
6033,2,6,0,1.522703766822815
6034,9,0,0,1.275266408920288
6035,5,3,0,3.198341131210327
6036,0,0,1,3.5748071670532227
6037,5,3,0,2.705732583999634
6038,4,4,1,1.8814703226089478
6039,8,0,0,1.2510673999786377
6040,2,5,0,1.965219497680664
6041,7,9,0,0.10741298645734787
6042,6,6,1,1.0365674495697021
6043,5,6,0,0.31300026178359985
6044,7,4,0,4.627867698669434
6045,8,2,0,-0.28003281354904175
6046,2,3,0,4.048243999481201
6047,0,0,1,4.977488994598389
6048,1,1,1,2.9429879188537598
6049,8,0,0,0.32040050625801086
6050,2,2,1,0.700147271156311
6051,4,2,0,2.0945990085601807
6052,8,3,0,-0.4970002770423889
6053,4,5,0,1.5397231578826904
6054,3,9,0,0.16431376338005066
6055,0,0,1,1.480418086051941
6056,4,3,0,2.766871213912964
6057,0,0,1,1.7398760318756104
6058,1,9,0,5.911853313446045
6059,9,9,1,3.2702343463897705
6060,3,2,0,1.3271596431732178
6061,0,0,1,3.123936414718628
6062,3,3,1,1.0697611570358276
6063,6,6,1,1.6519793272018433
6064,5,3,0,3.1017584800720215
6065,5,4,0,1.0186618566513062
6066,2,3,0,2.730902910232544
6067,8,8,1,6.081601619720459
6068,5,3,0,3.506385087966919
6069,0,0,1,3.0688745975494385
6070,8,5,0,0.4491126239299774
6071,7,7,1,6.686506748199463
6072,5,3,0,1.0402255058288574
6073,2,2,1,0.6735715866088867
6074,4,4,1,1.6607753038406372
6075,3,3,1,1.6384018659591675
6076,7,6,0,2.2044689655303955
6077,0,2,0,1.02614164352417
6078,2,2,1,3.0859580039978027
6079,3,3,1,2.148473024368286
6080,1,1,1,12.442584991455078
6081,0,0,1,2.5355818271636963
6082,0,0,1,2.1216752529144287
6083,2,3,0,0.32362091541290283
6084,1,1,1,4.016707420349121
6085,2,7,0,1.0389866828918457
6086,1,5,0,0.4208178222179413
6087,4,3,0,-0.20300982892513275
6088,6,6,1,8.265524864196777
6089,7,7,1,4.995930194854736
6090,1,5,0,1.9932068586349487
6091,0,3,0,0.8638054132461548
6092,5,5,1,3.8289713859558105
6093,2,6,0,1.7730469703674316
6094,5,5,1,3.877429246902466
6095,9,9,1,3.1353092193603516
6096,2,3,0,1.1108427047729492
6097,5,5,1,7.176232814788818
6098,6,6,1,6.561043739318848
6099,7,7,1,1.0312954187393188
6100,1,3,0,0.6409520506858826
6101,9,9,1,1.1167874336242676
6102,3,3,1,0.49565523862838745
6103,6,6,1,2.8234593868255615
6104,1,2,0,2.0405688285827637
6105,0,0,1,3.5897347927093506
6106,2,6,0,0.3009491562843323
6107,9,9,1,11.331892013549805
6108,4,4,1,2.4303102493286133
6109,2,6,0,4.170691967010498
6110,9,9,1,3.793445348739624
6111,3,0,0,2.0914642810821533
6112,8,8,1,2.775391101837158
6113,2,2,1,6.165561676025391
6114,9,9,1,1.3722901344299316
6115,8,0,0,2.001488208770752
6116,5,2,0,3.698786735534668
6117,1,1,1,2.1591029167175293
6118,0,0,1,7.245970249176025
6119,1,3,0,0.13140593469142914
6120,5,3,0,1.10161554813385
6121,2,2,1,1.137056589126587
6122,5,6,0,2.4503254890441895
6123,6,6,1,1.4620498418807983
6124,8,0,0,5.682746887207031
6125,8,3,0,2.469031810760498
6126,3,3,1,3.583735704421997
6127,5,5,1,2.8692076206207275
6128,0,0,1,6.45096492767334
6129,4,6,0,1.4059733152389526
6130,1,1,1,0.9837433695793152
6131,3,3,1,5.088059902191162
6132,7,7,1,2.906765937805176
6133,0,0,1,6.272717475891113
6134,3,3,1,3.239612102508545
6135,3,3,1,1.5250905752182007
6136,9,6,0,1.3395191431045532
6137,2,6,0,2.581608533859253
6138,3,2,0,3.9951984882354736
6139,9,9,1,8.850360870361328
6140,9,7,0,0.6594565510749817
6141,8,2,0,1.7299219369888306
6142,5,3,0,2.879162073135376
6143,9,3,0,0.34040820598602295
6144,7,3,0,0.8672106266021729
6145,2,3,0,2.124521017074585
6146,0,8,0,-0.16793246567249298
6147,9,9,1,6.093757152557373
6148,4,4,1,2.725393772125244
6149,7,7,1,6.1196064949035645
6150,1,7,0,0.481271356344223
6151,7,3,0,0.9139053821563721
6152,6,6,1,8.501344680786133
6153,4,3,0,2.2510926723480225
6154,4,7,0,0.09660383313894272
6155,8,8,1,1.8700766563415527
6156,9,9,1,2.583562135696411
6157,0,3,0,0.3377797603607178
6158,7,3,0,1.3257344961166382
6159,1,1,1,5.7540059089660645
6160,2,2,1,2.8203682899475098
6161,4,4,1,1.996773600578308
6162,0,3,0,0.5910189151763916
6163,3,3,1,1.0739812850952148
6164,7,7,1,1.554160237312317
6165,5,7,0,0.03688434511423111
6166,1,8,0,0.1334138810634613
6167,9,0,0,2.432985782623291
6168,3,3,1,1.1374167203903198
6169,5,3,0,2.784723997116089
6170,2,6,0,3.0311472415924072
6171,4,4,1,0.8007038235664368
6172,1,0,0,0.617580771446228
6173,1,1,1,3.1072545051574707
6174,3,5,0,1.2804116010665894
6175,3,6,0,2.5218312740325928
6176,9,6,0,0.7937769293785095
6177,2,2,1,2.1235671043395996
6178,5,2,0,1.213417887687683
6179,8,5,0,-0.029319539666175842
6180,0,0,1,2.581939220428467
6181,8,5,0,1.3786754608154297
6182,1,3,0,0.3499627709388733
6183,5,5,1,5.8817033767700195
6184,1,9,0,5.5317888259887695
6185,5,5,1,2.6431190967559814
6186,9,5,0,1.9716320037841797
6187,0,9,0,2.5192577838897705
6188,9,9,1,14.53541374206543
6189,2,2,1,5.279101371765137
6190,4,2,0,0.5362944602966309
6191,0,9,0,3.0411620140075684
6192,6,6,1,2.4969780445098877
6193,9,9,1,4.165899753570557
6194,1,3,0,2.515979528427124
6195,1,1,1,5.176989555358887
6196,3,3,1,2.041666269302368
6197,4,4,1,0.8436224460601807
6198,9,9,1,9.192464828491211
6199,5,2,0,0.8789111375808716
6200,3,2,0,0.13669094443321228
6201,3,3,1,4.800783157348633
6202,3,5,0,1.4303252696990967
6203,3,3,1,8.171996116638184
6204,4,4,1,0.40712451934814453
6205,1,1,1,7.279802322387695
6206,5,3,0,-0.36396193504333496
6207,9,9,1,11.967935562133789
6208,8,8,1,2.5585246086120605
6209,7,4,0,3.739565849304199
6210,4,5,0,0.9393153786659241
6211,8,2,0,1.052216649055481
6212,7,3,0,1.540170669555664
6213,3,4,0,2.5510921478271484
6214,5,6,0,2.4580068588256836
6215,2,2,1,2.611144542694092
6216,5,5,1,3.3801655769348145
6217,8,8,1,3.851642608642578
6218,9,6,0,3.689937114715576
6219,7,3,0,2.5727930068969727
6220,2,6,0,3.4814205169677734
6221,0,2,0,1.2514246702194214
6222,0,0,1,7.67893648147583
6223,7,3,0,0.19646956026554108
6224,5,5,1,2.0666732788085938
6225,3,3,1,1.1795810461044312
6226,5,1,0,-0.5852625966072083
6227,7,3,0,0.599854588508606
6228,4,3,0,0.9782512784004211
6229,6,2,0,1.1822924613952637
6230,2,2,1,8.459171295166016
6231,8,8,1,0.39625346660614014
6232,2,2,1,3.1971969604492188
6233,7,7,1,6.566226482391357
6234,7,6,0,1.1284500360488892
6235,6,3,0,0.9464899897575378
6236,1,3,0,0.187334343791008
6237,3,3,1,0.9932022094726562
6238,8,0,0,1.869106650352478
6239,6,2,0,2.646055221557617
6240,2,6,0,2.248608350753784
6241,0,9,0,1.49625825881958
6242,4,2,0,1.6563992500305176
6243,4,2,0,1.6602284908294678
6244,8,8,1,1.562756061553955
6245,6,5,0,1.9082144498825073
6246,4,4,1,6.511777877807617
6247,0,0,1,6.548572063446045
6248,2,2,1,0.7910489439964294
6249,5,5,1,7.560306549072266
6250,4,4,1,4.52739143371582
6251,1,2,0,2.937439441680908
6252,2,3,0,1.8732646703720093
6253,5,4,0,0.6469419598579407
6254,4,4,1,2.096522808074951
6255,6,6,1,7.036851406097412
6256,9,5,0,1.1397439241409302
6257,5,3,0,1.4547679424285889
6258,0,0,1,5.064040184020996
6259,5,3,0,2.483445167541504
6260,2,2,1,1.9465605020523071
6261,0,0,1,5.228588104248047
6262,8,8,1,7.29520845413208
6263,2,3,0,2.192072629928589
6264,6,6,1,8.021402359008789
6265,4,5,0,2.1959400177001953
6266,7,3,0,1.0740946531295776
6267,9,9,1,-0.09756437689065933
6268,5,5,1,8.263344764709473
6269,7,7,1,4.453874588012695
6270,2,3,0,3.2072370052337646
6271,6,6,1,4.430579662322998
6272,2,2,1,5.420793533325195
6273,1,1,1,1.2020436525344849
6274,9,9,1,8.63742446899414
6275,9,8,0,2.308314323425293
6276,7,7,1,0.8145341873168945
6277,2,5,0,0.759787380695343
6278,5,7,0,2.068222761154175
6279,1,9,0,0.45637795329093933
6280,8,3,0,1.3609490394592285
6281,1,9,0,1.930322289466858
6282,6,6,1,1.2842886447906494
6283,3,5,0,2.6760904788970947
6284,0,8,0,2.8977792263031006
6285,8,8,1,5.97094202041626
6286,8,8,1,2.3402528762817383
6287,5,5,1,7.332476615905762
6288,6,6,1,4.1126909255981445
6289,9,3,0,0.7680003643035889
6290,9,9,1,1.612838625907898
6291,9,9,1,6.107485771179199
6292,6,6,1,4.348669528961182
6293,3,3,1,8.40395450592041
6294,0,0,1,2.7018394470214844
6295,8,0,0,1.4154143333435059
6296,8,8,1,3.8353776931762695
6297,5,3,0,3.036496877670288
6298,3,3,1,1.4356788396835327
6299,3,3,1,1.3250733613967896
6300,1,1,1,2.3748106956481934
6301,1,7,0,1.8431388139724731
6302,0,0,1,0.698606014251709
6303,7,7,1,2.5237488746643066
6304,0,0,1,2.4199047088623047
6305,6,6,1,1.7255820035934448
6306,0,3,0,1.1322510242462158
6307,4,3,0,1.479628086090088
6308,4,4,1,3.3590383529663086
6309,6,3,0,0.41857054829597473
6310,5,5,1,5.449467182159424
6311,3,3,1,1.3178943395614624
6312,2,2,1,4.97290563583374
6313,9,9,1,5.514100551605225
6314,6,2,0,1.8996480703353882
6315,6,3,0,0.25632232427597046
6316,7,5,0,1.2657322883605957
6317,9,9,1,5.676468372344971
6318,7,1,0,-0.7200325131416321
6319,7,7,1,2.3707449436187744
6320,0,0,1,5.559188365936279
6321,8,1,0,0.9037352204322815
6322,4,7,0,6.659980297088623
6323,2,0,0,2.1779096126556396
6324,7,7,1,4.164416790008545
6325,7,7,1,2.1832075119018555
6326,7,6,0,3.130267858505249
6327,4,4,1,2.5447330474853516
6328,0,0,1,2.8151280879974365
6329,1,7,0,0.29548901319503784
6330,6,6,1,1.9063961505889893
6331,0,0,1,4.990851402282715
6332,5,3,0,1.9469707012176514
6333,3,3,1,4.1328582763671875
6334,0,0,1,-0.7682607769966125
6335,2,6,0,1.979781985282898
6336,4,4,1,2.791060447692871
6337,9,9,1,11.632104873657227
6338,7,2,0,1.0822516679763794
6339,3,3,1,2.696672201156616
6340,3,3,1,2.4308626651763916
6341,2,2,1,2.6201324462890625
6342,8,0,0,3.986342191696167
6343,8,6,0,0.8486654162406921
6344,5,8,0,0.2943246364593506
6345,3,3,1,1.75430166721344
6346,8,8,1,9.871220588684082
6347,0,0,1,4.949128150939941
6348,8,8,1,1.9265079498291016
6349,0,9,0,-0.7183952331542969
6350,0,0,1,0.8728654980659485
6351,0,0,1,7.181247234344482
6352,2,2,1,2.519876003265381
6353,2,5,0,2.933659791946411
6354,7,9,0,0.9640659689903259
6355,0,5,0,2.42258358001709
6356,7,7,1,4.924543380737305
6357,7,7,1,4.854067325592041
6358,7,5,0,0.609748125076294
6359,2,3,0,-0.7468599081039429
6360,2,3,0,4.097102642059326
6361,0,0,1,2.189512014389038
6362,4,6,0,2.957362413406372
6363,0,0,1,3.4307353496551514
6364,3,3,1,1.4534233808517456
6365,7,7,1,2.562805652618408
6366,8,0,0,1.3009370565414429
6367,4,8,0,1.0706706047058105
6368,7,7,1,1.0767678022384644
6369,9,9,1,2.6499931812286377
6370,6,6,1,6.794414043426514
6371,1,1,1,1.7040290832519531
6372,1,1,1,3.4490034580230713
6373,6,2,0,1.096010684967041
6374,9,9,1,2.058009386062622
6375,3,3,1,2.5455799102783203
6376,8,8,1,5.626265048980713
6377,9,3,0,1.9756745100021362
6378,5,7,0,0.592951774597168
6379,8,9,0,0.6263193488121033
6380,3,2,0,1.2480127811431885
6381,9,3,0,0.21026678383350372
6382,4,3,0,1.3398092985153198
6383,3,2,0,1.0434693098068237
6384,7,5,0,1.7218966484069824
6385,5,0,0,1.4608604907989502
6386,5,5,1,0.38096603751182556
6387,2,2,1,1.400669813156128
6388,7,5,0,1.8985918760299683
6389,5,5,1,1.6190180778503418
6390,7,7,1,13.010068893432617
6391,9,9,1,1.7967963218688965
6392,6,6,1,6.170349597930908
6393,3,3,1,1.3419005870819092
6394,0,0,1,1.1259647607803345
6395,8,8,1,1.138646125793457
6396,4,2,0,2.538350820541382
6397,5,5,1,6.176957607269287
6398,6,3,0,1.109362244606018
6399,1,9,0,7.375873565673828
6400,0,3,0,0.6039237976074219
6401,4,2,0,3.1021728515625
6402,8,8,1,5.2124176025390625
6403,4,6,0,2.132380723953247
6404,7,2,0,0.48192113637924194
6405,1,1,1,2.754441499710083
6406,3,3,1,4.577976703643799
6407,2,2,1,3.364006996154785
6408,0,0,1,4.358000755310059
6409,9,3,0,0.5860440731048584
6410,1,9,0,0.8648228049278259
6411,8,3,0,1.9332737922668457
6412,8,5,0,-0.6507654786109924
6413,6,6,1,3.4060375690460205
6414,8,3,0,2.6165575981140137
6415,1,9,0,1.6865805387496948
6416,7,2,0,2.3466877937316895
6417,1,1,1,2.404916286468506
6418,0,0,1,5.772937774658203
6419,9,0,0,3.0671439170837402
6420,7,5,0,1.48212730884552
6421,6,4,0,3.787102222442627
6422,4,0,0,1.7072018384933472
6423,5,4,0,1.2225942611694336
6424,8,0,0,4.7054362297058105
6425,2,5,0,1.8687912225723267
6426,1,2,0,4.032102108001709
6427,2,2,1,3.059150457382202
6428,5,3,0,0.9123575687408447
6429,8,6,0,1.34412682056427
6430,1,6,0,0.8562960624694824
6431,1,0,0,1.4487775564193726
6432,8,3,0,2.409482717514038
6433,8,3,0,-0.09986300021409988
6434,0,0,1,4.0923590660095215
6435,9,9,1,6.408517837524414
6436,0,0,1,6.015059947967529
6437,0,0,1,2.9593636989593506
6438,4,3,0,1.3471533060073853
6439,3,6,0,2.789731979370117
6440,3,5,0,2.196960926055908
6441,5,3,0,3.7965729236602783
6442,6,6,1,5.645127773284912
6443,6,2,0,-0.15124423801898956
6444,3,8,0,-0.08646366745233536
6445,1,9,0,1.9814107418060303
6446,4,2,0,0.3892504572868347
6447,4,7,0,2.3959171772003174
6448,7,7,1,7.343906879425049
6449,8,8,1,1.9431809186935425
6450,0,0,1,1.825759768486023
6451,1,2,0,0.7567855715751648
6452,4,4,1,1.606515645980835
6453,8,0,0,1.214802622795105
6454,4,6,0,0.006725916638970375
6455,6,6,1,6.985757350921631
6456,2,2,1,6.4225239753723145
6457,2,0,0,0.19000935554504395
6458,2,2,1,4.453474998474121
6459,6,3,0,0.6846402287483215
6460,3,6,0,3.537275552749634
6461,4,6,0,3.196209669113159
6462,0,5,0,1.4651288986206055
6463,8,8,1,5.277808666229248
6464,1,6,0,0.7915921807289124
6465,3,0,0,2.859367847442627
6466,8,2,0,1.8356068134307861
6467,3,3,1,5.08186149597168
6468,8,3,0,2.003141403198242
6469,9,9,1,1.6954292058944702
6470,1,9,0,0.5799563527107239
6471,6,3,0,0.21811433136463165
6472,1,0,0,4.027865409851074
6473,9,7,0,0.49922314286231995
6474,8,5,0,1.8811630010604858
6475,2,6,0,3.5833933353424072
6476,0,0,1,1.2535086870193481
6477,4,5,0,1.9383970499038696
6478,7,5,0,2.7635302543640137
6479,4,5,0,1.4336278438568115
6480,0,3,0,2.453763246536255
6481,0,3,0,-0.14179028570652008
6482,7,7,1,2.193708658218384
6483,6,6,1,6.366918087005615
6484,8,2,0,2.223673105239868
6485,9,3,0,2.67317271232605
6486,8,2,0,2.4663944244384766
6487,6,6,1,1.398344874382019
6488,2,8,0,2.2942724227905273
6489,8,8,1,-0.032025836408138275
6490,8,8,1,-0.3983423709869385
6491,0,3,0,1.2412570714950562
6492,1,3,0,0.40416139364242554
6493,1,2,0,-0.5300446152687073
6494,0,0,1,1.8622928857803345
6495,7,7,1,2.6294002532958984
6496,7,9,0,0.7638578414916992
6497,4,2,0,3.4860424995422363
6498,4,6,0,3.8056414127349854
6499,7,4,0,1.3541841506958008
6500,7,3,0,0.5748157501220703
6501,2,4,0,2.8572211265563965
6502,6,6,1,2.9796364307403564
6503,6,5,0,3.691776990890503
6504,7,2,0,1.6669580936431885
6505,4,4,1,6.647758483886719
6506,5,3,0,4.0762038230896
6507,4,5,0,2.2538275718688965
6508,0,0,1,5.105254173278809
6509,9,9,1,7.111441135406494
6510,4,3,0,2.054171085357666
6511,7,0,0,0.801209568977356
6512,2,3,0,2.934851884841919
6513,5,5,1,4.405068397521973
6514,3,3,1,2.290181875228882
6515,2,2,1,2.7287936210632324
6516,2,2,1,1.6761077642440796
6517,7,3,0,0.05364595726132393
6518,6,6,1,3.4389922618865967
6519,2,6,0,2.171290159225464
6520,6,6,1,4.973577976226807
6521,4,3,0,3.072122097015381
6522,9,0,0,0.5395680665969849
6523,6,6,1,6.314335823059082
6524,8,0,0,1.4835875034332275
6525,3,3,1,2.580523729324341
6526,8,9,0,2.6465985774993896
6527,5,5,1,1.3522863388061523
6528,5,5,1,7.284231662750244
6529,2,4,0,2.160492420196533
6530,3,3,1,5.4868855476379395
6531,4,2,0,2.8401541709899902
6532,5,5,1,0.1362534463405609
6533,2,3,0,0.9189077615737915
6534,7,7,1,1.6577739715576172
6535,5,3,0,1.6493808031082153
6536,1,1,1,0.00042111240327358246
6537,5,6,0,1.8036534786224365
6538,3,2,0,1.7359461784362793
6539,7,2,0,0.3199693262577057
6540,8,6,0,0.8279898166656494
6541,8,7,0,1.8240541219711304
6542,9,2,0,1.6773501634597778
6543,6,3,0,1.7775424718856812
6544,0,9,0,2.938112497329712
6545,9,0,0,3.440270185470581
6546,2,2,1,7.736778259277344
6547,6,6,1,3.461819887161255
6548,0,7,0,0.8217147588729858
6549,0,6,0,0.35883164405822754
6550,1,9,0,1.2452919483184814
6551,4,2,0,2.723546028137207
6552,1,1,1,11.100834846496582
6553,3,3,1,4.410009860992432
6554,5,2,0,0.18780188262462616
6555,1,1,1,0.8249475359916687
6556,8,3,0,3.922952890396118
6557,9,9,1,2.913637638092041
6558,6,3,0,2.5522725582122803
6559,2,3,0,2.9040777683258057
6560,6,6,1,1.103635311126709
6561,9,9,1,0.3028682768344879
6562,5,5,1,1.53737211227417
6563,6,6,1,0.9073563814163208
6564,5,5,1,0.6313624978065491
6565,9,9,1,6.5337443351745605
6566,1,3,0,0.8835116624832153
6567,4,6,0,3.5628416538238525
6568,2,2,1,0.6043106317520142
6569,8,8,1,0.7250447869300842
6570,9,9,1,5.542938709259033
6571,5,3,0,2.0561416149139404
6572,4,5,0,3.13200306892395
6573,7,5,0,4.882265090942383
6574,0,0,1,1.7995907068252563
6575,3,6,0,4.350643634796143
6576,7,5,0,0.5717000365257263
6577,1,5,0,1.8182463645935059
6578,6,6,1,2.216348648071289
6579,9,9,1,3.4451472759246826
6580,1,9,0,0.37906602025032043
6581,1,2,0,3.455118417739868
6582,4,4,1,6.2851176261901855
6583,0,0,1,2.3834755420684814
6584,5,6,0,2.3234894275665283
6585,1,1,1,1.995330810546875
6586,6,6,1,4.0427632331848145
6587,3,3,1,3.632528066635132
6588,0,0,1,3.0728647708892822
6589,2,2,1,1.5292373895645142
6590,5,3,0,3.151944398880005
6591,5,3,0,4.0163092613220215
6592,5,3,0,6.01500940322876
6593,2,0,0,4.166774272918701
6594,8,8,1,5.037323474884033
6595,2,2,1,3.489820718765259
6596,3,3,1,1.8958569765090942
6597,1,1,1,1.6832237243652344
6598,6,6,1,5.217497825622559
6599,2,4,0,3.251894474029541
6600,7,7,1,4.602530002593994
6601,0,0,1,2.890162229537964
6602,8,7,0,2.8510310649871826
6603,9,2,0,1.2235311269760132
6604,2,2,1,3.05004620552063
6605,6,6,1,2.31026554107666
6606,4,3,0,2.111196279525757
6607,7,7,1,0.30487561225891113
6608,5,8,0,0.3653276264667511
6609,5,6,0,3.1362807750701904
6610,8,8,1,3.1994998455047607
6611,8,0,0,0.33566901087760925
6612,7,3,0,1.6206064224243164
6613,8,8,1,1.3331289291381836
6614,5,5,1,4.418848037719727
6615,7,7,1,0.8212480545043945
6616,4,4,1,7.375337600708008
6617,4,4,1,1.1503585577011108
6618,0,0,1,5.7925214767456055
6619,0,3,0,2.2356512546539307
6620,7,7,1,2.2823586463928223
6621,0,0,1,2.143819570541382
6622,4,4,1,3.2260794639587402
6623,0,2,0,3.0648036003112793
6624,4,6,0,1.5030840635299683
6625,4,4,1,5.0724711418151855
6626,2,0,0,0.21210530400276184
6627,5,5,1,3.1907570362091064
6628,4,3,0,1.8828587532043457
6629,0,0,1,2.035356283187866
6630,7,4,0,0.8867350220680237
6631,7,5,0,2.0770363807678223
6632,7,7,1,7.531229496002197
6633,0,2,0,4.223333835601807
6634,4,0,0,1.3951977491378784
6635,6,6,1,5.597773551940918
6636,2,0,0,1.522316813468933
6637,9,6,0,0.3166213631629944
6638,1,1,1,7.542863845825195
6639,1,1,1,2.355825424194336
6640,5,6,0,2.8890068531036377
6641,0,9,0,0.6205654740333557
6642,9,3,0,0.14583194255828857
6643,1,6,0,1.1531614065170288
6644,0,0,1,4.369152545928955
6645,6,2,0,2.518709182739258
6646,5,3,0,1.3355005979537964
6647,3,3,1,2.398967981338501
6648,0,0,1,7.535022735595703
6649,9,8,0,1.9751465320587158
6650,0,0,1,5.4857177734375
6651,6,6,1,5.24241304397583
6652,2,3,0,2.191624402999878
6653,0,0,1,2.6365115642547607
6654,4,6,0,1.6824218034744263
6655,1,3,0,1.75481116771698
6656,6,3,0,2.464510440826416
6657,7,7,1,2.7626709938049316
6658,6,3,0,2.452285051345825
6659,1,1,1,3.3421616554260254
6660,0,0,1,5.497012615203857
6661,4,6,0,3.186415433883667
6662,6,6,1,2.905076265335083
6663,0,0,1,3.9064548015594482
6664,4,3,0,2.0419607162475586
6665,4,4,1,1.4415085315704346
6666,2,4,0,3.9250054359436035
6667,7,2,0,3.6738362312316895
6668,6,6,1,3.2315585613250732
6669,5,8,0,1.122253179550171
6670,3,3,1,1.9563393592834473
6671,5,2,0,1.920729398727417
6672,9,1,0,2.9392337799072266
6673,4,6,0,3.546649694442749
6674,5,5,1,3.6692287921905518
6675,2,0,0,3.986442804336548
6676,0,2,0,3.125505208969116
6677,5,5,1,6.146086692810059
6678,7,2,0,-0.39514005184173584
6679,2,2,1,7.641741752624512
6680,3,2,0,2.180868625640869
6681,9,2,0,1.5828323364257812
6682,4,6,0,2.4547462463378906
6683,5,5,1,5.177134037017822
6684,8,8,1,1.8967421054840088
6685,1,6,0,2.6135149002075195
6686,9,9,1,1.9261361360549927
6687,3,3,1,2.7359883785247803
6688,1,3,0,-0.42845988273620605
6689,8,2,0,-0.6125433444976807
6690,5,0,0,3.6907670497894287
6691,8,3,0,3.430307149887085
6692,6,6,1,3.7155373096466064
6693,6,5,0,1.9134162664413452
6694,3,7,0,0.38905152678489685
6695,4,3,0,2.001838445663452
6696,0,0,1,1.907978892326355
6697,2,2,1,2.201460838317871
6698,3,2,0,1.7369365692138672
6699,2,2,1,4.688259124755859
6700,6,9,0,-0.38623395562171936
6701,1,9,0,0.7814955115318298
6702,8,6,0,1.6068161725997925
6703,2,4,0,1.033858060836792
6704,1,1,1,2.862006664276123
6705,3,3,1,0.7659128904342651
6706,6,6,1,2.114858627319336
6707,2,2,1,3.1705684661865234
6708,2,2,1,4.47012996673584
6709,3,3,1,4.232199668884277
6710,3,2,0,0.2138442099094391
6711,5,5,1,2.772486686706543
6712,0,0,1,1.4437711238861084
6713,2,0,0,0.9569913744926453
6714,1,1,1,7.591606140136719
6715,2,3,0,2.2388839721679688
6716,8,0,0,3.66851806640625
6717,0,7,0,1.06610906124115
6718,8,8,1,4.634037971496582
6719,2,2,1,2.8056344985961914
6720,2,6,0,5.096522808074951
6721,7,2,0,0.26171427965164185
6722,3,3,1,3.5286357402801514
6723,5,7,0,0.8759177923202515
6724,9,7,0,0.47878411412239075
6725,8,8,1,2.125091791152954
6726,3,6,0,5.074661731719971
6727,6,6,1,1.3142553567886353
6728,1,2,0,0.12197457253932953
6729,0,3,0,1.81458580493927
6730,8,6,0,-0.8182255625724792
6731,6,8,0,1.443482518196106
6732,3,4,0,1.5830947160720825
6733,5,5,1,5.780083656311035
6734,8,2,0,1.9319989681243896
6735,9,9,1,3.119703531265259
6736,4,5,0,1.1010289192199707
6737,8,9,0,-0.5077462792396545
6738,0,2,0,3.1858980655670166
6739,0,3,0,-0.08981701731681824
6740,2,2,1,4.249540328979492
6741,9,0,0,1.6294337511062622
6742,1,3,0,0.8132263422012329
6743,8,8,1,1.7363474369049072
6744,3,0,0,2.0418872833251953
6745,7,4,0,1.622088074684143
6746,2,2,1,2.810438394546509
6747,8,8,1,2.3316564559936523
6748,0,2,0,1.3718138933181763
6749,9,0,0,0.7096301317214966
6750,4,6,0,3.8775172233581543
6751,8,8,1,7.618869304656982
6752,9,1,0,6.3054914474487305
6753,4,2,0,1.3739550113677979
6754,8,0,0,0.6913820505142212
6755,9,9,1,1.7205582857131958
6756,5,5,1,2.7016937732696533
6757,4,6,0,3.892267942428589
6758,8,2,0,0.5777367353439331
6759,1,9,0,2.0470895767211914
6760,5,5,1,3.0624353885650635
6761,5,2,0,0.36634960770606995
6762,7,6,0,1.8501425981521606
6763,2,3,0,2.716090440750122
6764,5,7,0,1.136696219444275
6765,8,9,0,-0.26806798577308655
6766,8,0,0,0.4146888554096222
6767,1,3,0,0.31875908374786377
6768,2,2,1,1.1011505126953125
6769,3,3,1,1.9774556159973145
6770,1,0,0,0.4751434326171875
6771,5,3,0,0.8114789724349976
6772,0,3,0,-0.0554128922522068
6773,2,3,0,0.23914851248264313
6774,3,7,0,4.4492621421813965
6775,0,0,1,4.78741979598999
6776,8,2,0,1.2581090927124023
6777,2,2,1,3.47995924949646
6778,2,4,0,1.331522822380066
6779,8,8,1,3.5188915729522705
6780,7,5,0,1.7159132957458496
6781,3,5,0,7.147922039031982
6782,5,5,1,2.7394237518310547
6783,3,6,0,1.9488757848739624
6784,9,3,0,1.0201294422149658
6785,6,3,0,3.599696636199951
6786,3,5,0,2.517165422439575
6787,5,3,0,0.6825023889541626
6788,1,1,1,1.1234263181686401
6789,1,3,0,2.541672468185425
6790,7,3,0,0.640369176864624
6791,7,7,1,2.3311269283294678
6792,3,5,0,0.5100279450416565
6793,3,5,0,5.056351184844971
6794,8,8,1,-0.03593534976243973
6795,9,3,0,-1.474355697631836
6796,6,6,1,2.242744207382202
6797,0,1,0,0.10681933909654617
6798,8,8,1,0.3902627229690552
6799,0,0,1,0.012398367747664452
6800,6,2,0,0.8590517640113831
6801,6,6,1,2.227715015411377
6802,4,3,0,2.2900760173797607
6803,6,6,1,2.805684804916382
6804,9,9,1,0.5277156233787537
6805,1,7,0,-0.4848344326019287
6806,1,1,1,10.309389114379883
6807,7,7,1,4.94021463394165
6808,0,8,0,0.6705950498580933
6809,6,6,1,1.17454993724823
6810,8,3,0,4.285777568817139
6811,9,9,1,3.7256386280059814
6812,0,9,0,3.5333878993988037
6813,6,6,1,3.0540435314178467
6814,9,9,1,2.164426803588867
6815,0,0,1,2.353532552719116
6816,1,0,0,1.0901833772659302
6817,1,7,0,1.5191848278045654
6818,7,2,0,0.9984345436096191
6819,2,2,1,4.109313488006592
6820,1,1,1,7.376220703125
6821,0,0,1,5.293570518493652
6822,4,6,0,1.2741771936416626
6823,5,3,0,4.712183952331543
6824,0,0,1,3.8566977977752686
6825,3,3,1,1.482619047164917
6826,6,6,1,4.762307167053223
6827,3,3,1,0.9181640148162842
6828,3,3,1,1.6043261289596558
6829,8,3,0,1.0093178749084473
6830,1,3,0,0.8954266309738159
6831,8,0,0,4.194438457489014
6832,1,9,0,-0.2479846477508545
6833,3,3,1,1.3674867153167725
6834,1,3,0,1.3179420232772827
6835,5,5,1,2.1918275356292725
6836,4,7,0,0.8061690330505371
6837,5,3,0,1.5471926927566528
6838,1,0,0,0.37730082869529724
6839,8,8,1,4.287920951843262
6840,9,1,0,3.261955738067627
6841,1,6,0,2.8163816928863525
6842,3,9,0,1.4474126100540161
6843,1,9,0,2.7286574840545654
6844,7,2,0,1.5206151008605957
6845,2,2,1,0.8003472089767456
6846,9,9,1,3.2042853832244873
6847,8,3,0,3.057321310043335
6848,9,9,1,4.8382887840271
6849,4,3,0,3.0165481567382812
6850,6,3,0,3.1332786083221436
6851,0,2,0,0.7936187386512756
6852,9,0,0,2.0851147174835205
6853,4,6,0,2.5116078853607178
6854,0,8,0,2.472515821456909
6855,4,4,1,2.5393590927124023
6856,6,3,0,2.805318593978882
6857,2,2,1,3.8063249588012695
6858,1,1,1,2.780486583709717
6859,3,3,1,3.0092132091522217
6860,0,2,0,3.186553955078125
6861,8,0,0,0.7428613305091858
6862,5,5,1,2.662377119064331
6863,6,3,0,1.3675159215927124
6864,0,2,0,0.8718724846839905
6865,3,3,1,2.2240211963653564
6866,4,6,0,1.5667259693145752
6867,6,6,1,2.230254888534546
6868,9,9,1,8.662351608276367
6869,5,3,0,1.8517049551010132
6870,7,3,0,1.607315182685852
6871,9,3,0,1.0293618440628052
6872,0,2,0,2.221872329711914
6873,3,2,0,2.738607406616211
6874,6,6,1,3.498234272003174
6875,5,5,1,3.441335678100586
6876,7,6,0,0.5775691866874695
6877,0,0,1,1.1190563440322876
6878,5,5,1,5.479070663452148
6879,1,9,0,4.782219886779785
6880,2,2,1,1.1299434900283813
6881,2,7,0,0.6559577584266663
6882,9,9,1,2.2312309741973877
6883,7,5,0,2.100606679916382
6884,0,8,0,1.4092215299606323
6885,0,0,1,4.0720133781433105
6886,1,1,1,8.190479278564453
6887,4,2,0,3.7733230590820312
6888,4,5,0,0.10548223555088043
6889,5,5,1,1.0741541385650635
6890,5,6,0,1.8186496496200562
6891,9,9,1,7.67751932144165
6892,6,6,1,6.753397464752197
6893,3,2,0,5.316229820251465
6894,6,6,1,8.33045482635498
6895,2,2,1,2.7101964950561523
6896,6,6,1,6.107157230377197
6897,9,9,1,6.581542491912842
6898,3,3,1,3.6359026432037354
6899,2,4,0,1.5982632637023926
6900,3,7,0,2.4692206382751465
6901,2,3,0,0.957336962223053
6902,4,4,1,3.7487735748291016
6903,9,3,0,0.9723238945007324
6904,5,3,0,0.3971245288848877
6905,2,4,0,1.1196246147155762
6906,1,6,0,1.2891619205474854
6907,6,6,1,7.41841983795166
6908,6,6,1,4.655735492706299
6909,4,6,0,3.40435528755188
6910,7,7,1,3.571652889251709
6911,6,3,0,2.31176495552063
6912,3,5,0,2.776479482650757
6913,3,6,0,3.686934232711792
6914,8,3,0,2.8995654582977295
6915,1,1,1,5.240180015563965
6916,4,6,0,0.8089123964309692
6917,6,5,0,3.3866286277770996
6918,4,3,0,0.7000792026519775
6919,4,6,0,1.6942026615142822
6920,5,5,1,1.5497380495071411
6921,6,6,1,3.467988967895508
6922,2,3,0,-0.08759922534227371
6923,0,0,1,2.46207594871521
6924,5,3,0,1.5393080711364746
6925,2,0,0,5.079530715942383
6926,7,3,0,2.3026812076568604
6927,5,5,1,1.3079766035079956
6928,2,2,1,1.5438802242279053
6929,5,5,1,4.459892272949219
6930,2,0,0,4.862009525299072
6931,5,5,1,2.918137550354004
6932,9,9,1,2.460289239883423
6933,0,7,0,0.12789389491081238
6934,6,6,1,3.1502668857574463
6935,7,2,0,-0.07675708830356598
6936,9,9,1,4.500588893890381
6937,8,8,1,1.6770883798599243
6938,3,3,1,1.7681061029434204
6939,2,2,1,5.76869010925293
6940,1,1,1,-0.045710064470767975
6941,4,4,1,1.4226387739181519
6942,3,3,1,1.8804575204849243
6943,4,4,1,1.2327135801315308
6944,5,5,1,2.062927722930908
6945,5,3,0,3.670936346054077
6946,6,6,1,1.8179579973220825
6947,8,0,0,3.542271614074707
6948,6,4,0,3.0231986045837402
6949,0,0,1,3.398540735244751
6950,8,0,0,1.2604479789733887
6951,9,5,0,0.7328375577926636
6952,8,7,0,-0.9962427020072937
6953,0,0,1,4.279256343841553
6954,7,2,0,2.493159532546997
6955,7,7,1,5.185791969299316
6956,6,6,1,9.009725570678711
6957,6,6,1,2.6903059482574463
6958,7,7,1,0.2846180200576782
6959,5,4,0,3.7432594299316406
6960,9,5,0,4.176903247833252
6961,8,8,1,3.211535692214966
6962,7,9,0,0.9684044718742371
6963,9,9,1,5.711147785186768
6964,5,5,1,2.651728630065918
6965,6,2,0,-0.5945401191711426
6966,0,5,0,2.7078938484191895
6967,4,4,1,1.9088917970657349
6968,8,8,1,3.0687403678894043
6969,2,3,0,1.8656905889511108
6970,0,0,1,2.1613831520080566
6971,9,9,1,1.8356648683547974
6972,1,9,0,3.6123952865600586
6973,3,3,1,3.3479349613189697
6974,9,3,0,1.4542264938354492
6975,8,3,0,2.7908332347869873
6976,3,2,0,1.0555351972579956
6977,7,7,1,2.4242801666259766
6978,4,2,0,2.8074376583099365
6979,5,4,0,1.8200280666351318
6980,0,3,0,0.901489794254303
6981,2,3,0,0.8247015476226807
6982,1,1,1,0.3114986717700958
6983,9,1,0,1.9578466415405273
6984,1,3,0,-0.5010490417480469
6985,0,2,0,-0.2936217188835144
6986,5,6,0,1.5599966049194336
6987,8,8,1,3.5072453022003174
6988,4,7,0,0.2916419804096222
6989,7,3,0,1.7395509481430054
6990,3,3,1,3.831371545791626
6991,1,1,1,3.769472599029541
6992,4,4,1,6.671274662017822
6993,5,5,1,1.813070297241211
6994,3,4,0,4.454807758331299
6995,1,2,0,-0.4099641740322113
6996,0,9,0,3.8505430221557617
6997,8,0,0,2.4148027896881104
6998,8,2,0,1.1049387454986572
6999,8,3,0,2.462622880935669
7000,2,8,0,3.552509069442749
7001,1,1,1,5.524755477905273
7002,3,6,0,4.104658603668213
7003,7,2,0,1.251772403717041
7004,3,0,0,1.6905405521392822
7005,1,5,0,-0.16151870787143707
7006,6,6,1,4.52358865737915
7007,9,9,1,2.3283803462982178
7008,1,0,0,1.8230000734329224
7009,6,2,0,2.468691110610962
7010,0,0,1,1.0213313102722168
7011,7,3,0,2.520902633666992
7012,7,4,0,0.62489914894104
7013,1,5,0,0.03975214809179306
7014,3,2,0,2.8231160640716553
7015,3,3,1,3.098968982696533
7016,3,3,1,7.500305652618408
7017,1,5,0,1.0566383600234985
7018,0,8,0,3.7758398056030273
7019,2,4,0,0.14701209962368011
7020,7,2,0,2.184114456176758
7021,1,3,0,1.0982967615127563
7022,2,0,0,3.034785270690918
7023,2,2,1,3.5957248210906982
7024,9,9,1,1.3179668188095093
7025,6,6,1,4.2364373207092285
7026,3,3,1,1.6863024234771729
7027,5,5,1,6.006242752075195
7028,9,2,0,0.8383285999298096
7029,4,4,1,1.774160385131836
7030,8,3,0,1.5232807397842407
7031,0,2,0,2.913461208343506
7032,4,4,1,4.742218494415283
7033,8,0,0,3.624840259552002
7034,0,2,0,3.6280674934387207
7035,1,9,0,1.061972975730896
7036,3,3,1,1.5382065773010254
7037,7,3,0,3.7274539470672607
7038,0,2,0,0.46941864490509033
7039,4,4,1,6.06554651260376
7040,7,3,0,0.11850433796644211
7041,4,0,0,0.2399425208568573
7042,8,8,1,6.139647960662842
7043,6,6,1,7.789422035217285
7044,4,2,0,1.9259693622589111
7045,3,3,1,1.6587411165237427
7046,9,9,1,2.8502609729766846
7047,8,3,0,0.5131971836090088
7048,2,7,0,2.4168663024902344
7049,2,3,0,2.1231560707092285
7050,8,0,0,0.37138107419013977
7051,3,3,1,2.572190999984741
7052,1,1,1,2.9581289291381836
7053,1,0,0,1.9750169515609741
7054,2,3,0,0.5713497996330261
7055,8,8,1,0.5679347515106201
7056,2,0,0,3.81256365776062
7057,6,6,1,1.2392054796218872
7058,9,9,1,1.6697720289230347
7059,4,6,0,2.344200849533081
7060,8,3,0,0.8315715193748474
7061,4,5,0,0.4879697561264038
7062,4,7,0,1.1427347660064697
7063,1,6,0,2.0847411155700684
7064,5,8,0,-0.1992245465517044
7065,2,4,0,-0.7515765428543091
7066,6,6,1,5.432257652282715
7067,9,9,1,3.582338333129883
7068,2,0,0,6.759477615356445
7069,0,2,0,1.9959608316421509
7070,7,2,0,0.7679017186164856
7071,1,0,0,1.1773700714111328
7072,8,3,0,1.9402889013290405
7073,9,9,1,2.4390294551849365
7074,3,5,0,1.7859134674072266
7075,9,2,0,3.8093674182891846
7076,9,9,1,3.067836284637451
7077,0,3,0,2.8853776454925537
7078,7,7,1,3.364325761795044
7079,7,7,1,1.2946475744247437
7080,5,3,0,2.5795016288757324
7081,4,7,0,0.55738765001297
7082,2,2,1,2.152726411819458
7083,6,4,0,1.7890294790267944
7084,4,4,1,2.533543109893799
7085,5,5,1,1.6967498064041138
7086,7,7,1,5.147648811340332
7087,7,7,1,5.063785076141357
7088,8,0,0,2.4302978515625
7089,7,3,0,1.8807820081710815
7090,2,2,1,3.6934661865234375
7091,6,6,1,3.055661678314209
7092,2,2,1,2.2484724521636963
7093,2,6,0,0.4108829200267792
7094,4,6,0,4.135369777679443
7095,4,4,1,0.9372227787971497
7096,0,0,1,1.4832227230072021
7097,7,8,0,0.29615774750709534
7098,1,1,1,2.873569965362549
7099,3,0,0,1.5439361333847046
7100,9,9,1,2.040389060974121
7101,6,6,1,2.081451654434204
7102,0,0,1,0.8896379470825195
7103,0,9,0,-1.1198737621307373
7104,2,6,0,1.6438647508621216
7105,3,3,1,2.2384016513824463
7106,8,3,0,1.1332839727401733
7107,2,6,0,5.926793098449707
7108,2,2,1,3.330310344696045
7109,4,5,0,3.331740379333496
7110,3,5,0,2.606691598892212
7111,5,5,1,2.6884937286376953
7112,2,2,1,1.9957549571990967
7113,9,3,0,2.8287746906280518
7114,1,1,1,3.6112940311431885
7115,0,0,1,3.7695000171661377
7116,0,2,0,1.1579277515411377
7117,6,9,0,1.2175673246383667
7118,5,3,0,1.3846622705459595
7119,5,2,0,3.868870258331299
7120,7,5,0,4.055629730224609
7121,9,9,1,2.045217514038086
7122,9,3,0,0.48828864097595215
7123,6,3,0,2.119131088256836
7124,5,5,1,0.7171897888183594
7125,5,5,1,0.5627840757369995
7126,0,8,0,0.24527542293071747
7127,5,5,1,1.7199065685272217
7128,7,7,1,0.5591908693313599
7129,1,7,0,0.3337637484073639
7130,6,6,1,4.8905930519104
7131,6,6,1,6.900653839111328
7132,4,3,0,1.045026421546936
7133,1,9,0,1.6390804052352905
7134,4,7,0,1.938342571258545
7135,4,4,1,3.4104175567626953
7136,1,1,1,3.9026341438293457
7137,5,5,1,6.859097480773926
7138,0,5,0,1.4415562152862549
7139,0,0,1,8.149211883544922
7140,4,2,0,4.538397312164307
7141,5,5,1,6.057503700256348
7142,8,8,1,2.275056838989258
7143,4,2,0,1.0428513288497925
7144,8,2,0,3.1652884483337402
7145,3,3,1,0.729620099067688
7146,0,0,1,8.320368766784668
7147,5,0,0,1.5593335628509521
7148,0,2,0,-0.09679372608661652
7149,5,5,1,4.513718605041504
7150,3,3,1,1.0186898708343506
7151,1,9,0,3.851388692855835
7152,6,3,0,0.8096621036529541
7153,7,7,1,0.9451100826263428
7154,0,0,1,0.9750692248344421
7155,9,9,1,5.651657581329346
7156,1,3,0,0.5874653458595276
7157,5,5,1,4.63584041595459
7158,7,4,0,0.16818773746490479
7159,6,6,1,2.834393262863159
7160,5,5,1,3.0617740154266357
7161,5,5,1,6.907738208770752
7162,5,3,0,1.4359930753707886
7163,6,6,1,7.095554828643799
7164,0,0,1,1.2665327787399292
7165,0,0,1,3.0730559825897217
7166,1,7,0,2.559504747390747
7167,7,6,0,1.7725762128829956
7168,5,3,0,0.8305127024650574
7169,1,9,0,1.1786255836486816
7170,9,1,0,4.306301116943359
7171,2,0,0,1.0892481803894043
7172,4,4,1,3.6729798316955566
7173,1,3,0,2.3042800426483154
7174,3,3,1,1.488503098487854
7175,7,7,1,1.9598592519760132
7176,8,8,1,0.07140415161848068
7177,2,0,0,-0.45225682854652405
7178,0,2,0,1.6496672630310059
7179,9,3,0,1.8430960178375244
7180,6,6,1,3.632932186126709
7181,6,6,1,3.4876136779785156
7182,0,3,0,-0.3548704981803894
7183,6,6,1,2.452885389328003
7184,5,3,0,0.16976401209831238
7185,8,8,1,1.3634610176086426
7186,2,3,0,0.5561205148696899
7187,7,3,0,-0.3158908188343048
7188,4,5,0,2.287442207336426
7189,0,0,1,0.27574512362480164
7190,2,2,1,4.64054012298584
7191,7,3,0,1.7483093738555908
7192,7,0,0,-0.08887007087469101
7193,8,8,1,2.850709915161133
7194,8,8,1,2.7827377319335938
7195,7,6,0,-0.8341487646102905
7196,0,0,1,4.9275054931640625
7197,4,4,1,1.7150614261627197
7198,9,7,0,1.5899771451950073
7199,1,7,0,2.5450687408447266
7200,4,4,1,1.0956519842147827
7201,4,3,0,-0.6493149399757385
7202,3,3,1,3.947205066680908
7203,5,4,0,0.7981224060058594
7204,4,2,0,0.4107532799243927
7205,6,6,1,4.45080041885376
7206,2,7,0,3.5145926475524902
7207,3,3,1,2.075181722640991
7208,1,5,0,0.1418335735797882
7209,0,0,1,5.4561872482299805
7210,3,8,0,0.9803192615509033
7211,3,3,1,4.667013645172119
7212,3,3,1,1.7562259435653687
7213,6,2,0,0.906385600566864
7214,3,0,0,0.33661124110221863
7215,1,1,1,3.3251585960388184
7216,2,2,1,3.506216049194336
7217,8,6,0,1.1337398290634155
7218,9,0,0,1.479542851448059
7219,7,3,0,1.6888558864593506
7220,9,3,0,0.5531280636787415
7221,3,3,1,3.1930136680603027
7222,8,8,1,6.525889873504639
7223,7,6,0,0.48196280002593994
7224,3,3,1,2.5862081050872803
7225,1,7,0,1.3334771394729614
7226,7,3,0,2.326106309890747
7227,7,7,1,3.6435511112213135
7228,3,6,0,1.5417231321334839
7229,2,3,0,2.0885093212127686
7230,2,6,0,1.9043277502059937
7231,8,3,0,-0.03251446783542633
7232,9,9,1,4.239062786102295
7233,5,0,0,1.1887644529342651
7234,9,6,0,1.342748761177063
7235,2,3,0,0.557702898979187
7236,1,0,0,1.3301441669464111
7237,7,2,0,2.026904821395874
7238,4,3,0,0.9496022462844849
7239,4,5,0,1.4946715831756592
7240,0,0,1,2.411301851272583
7241,5,3,0,1.2761166095733643
7242,7,6,0,1.3102319240570068
7243,1,0,0,1.9790468215942383
7244,5,5,1,3.5868515968322754
7245,4,4,1,5.181224346160889
7246,0,0,1,3.9775736331939697
7247,8,8,1,0.5218894481658936
7248,4,3,0,1.8129469156265259
7249,9,9,1,4.082876682281494
7250,8,6,0,2.0433404445648193
7251,7,0,0,0.5149664282798767
7252,8,3,0,1.021492600440979
7253,4,2,0,1.379528284072876
7254,2,3,0,0.32813069224357605
7255,3,3,1,4.577132225036621
7256,4,4,1,4.5102667808532715
7257,0,0,1,4.835585594177246
7258,5,1,0,1.3802380561828613
7259,4,6,0,2.7169809341430664
7260,1,1,1,3.0959300994873047
7261,8,8,1,-0.9569287300109863
7262,2,2,1,2.704894542694092
7263,5,6,0,1.0458855628967285
7264,4,4,1,3.2168331146240234
7265,5,3,0,3.0864224433898926
7266,2,4,0,1.431614875793457
7267,5,5,1,4.7875871658325195
7268,3,3,1,4.214746952056885
7269,7,4,0,5.618752479553223
7270,9,9,1,4.641447067260742
7271,7,5,0,4.055885314941406
7272,1,1,1,4.564164161682129
7273,4,4,1,3.8802714347839355
7274,1,9,0,6.354809761047363
7275,3,1,0,2.035796642303467
7276,1,5,0,1.4608104228973389
7277,4,4,1,0.8910058736801147
7278,5,5,1,1.848189353942871
7279,5,3,0,1.0776292085647583
7280,1,3,0,0.420780211687088
7281,7,2,0,0.3847951591014862
7282,1,9,0,1.1604048013687134
7283,3,2,0,1.2530723810195923
7284,0,1,0,2.2580950260162354
7285,1,5,0,0.2983127236366272
7286,2,3,0,0.3404381275177002
7287,5,3,0,1.1517504453659058
7288,7,4,0,1.2685796022415161
7289,0,3,0,1.4886871576309204
7290,6,6,1,1.3566722869873047
7291,3,3,1,2.8079230785369873
7292,5,5,1,1.9260790348052979
7293,7,7,1,7.039376258850098
7294,5,5,1,2.2767586708068848
7295,5,5,1,9.36605453491211
7296,8,8,1,7.5230631828308105
7297,9,3,0,1.0298975706100464
7298,4,4,1,5.512392520904541
7299,6,2,0,2.3939449787139893
7300,3,3,1,3.3123483657836914
7301,6,2,0,0.778892993927002
7302,6,6,1,5.499884128570557
7303,8,2,0,1.9527424573898315
7304,2,5,0,3.095586061477661
7305,6,6,1,2.6597554683685303
7306,4,6,0,1.2100831270217896
7307,8,0,0,-0.2639491558074951
7308,4,2,0,3.4347915649414062
7309,1,9,0,2.1735334396362305
7310,3,3,1,4.324990272521973
7311,1,9,0,3.5013020038604736
7312,2,0,0,0.8234927654266357
7313,3,3,1,4.744464874267578
7314,3,3,1,2.1986515522003174
7315,0,3,0,1.5204297304153442
7316,1,5,0,2.4368672370910645
7317,6,6,1,6.419024467468262
7318,4,2,0,0.7451050281524658
7319,2,0,0,2.275994062423706
7320,8,2,0,0.4020557701587677
7321,2,0,0,1.5978275537490845
7322,4,3,0,1.5565484762191772
7323,3,2,0,2.0706424713134766
7324,1,3,0,2.5418195724487305
7325,4,4,1,3.776791572570801
7326,4,4,1,4.6963324546813965
7327,4,2,0,2.7707531452178955
7328,4,3,0,0.4043312072753906
7329,1,3,0,1.8554767370224
7330,5,5,1,3.1989529132843018
7331,5,3,0,1.405606985092163
7332,7,3,0,1.3917349576950073
7333,6,6,1,4.142265319824219
7334,5,3,0,2.3444018363952637
7335,4,4,1,11.793472290039062
7336,5,2,0,2.0750906467437744
7337,6,6,1,1.3371506929397583
7338,5,5,1,7.256999969482422
7339,6,6,1,6.016195774078369
7340,2,0,0,1.0497125387191772
7341,4,6,0,2.2042737007141113
7342,7,0,0,1.6003462076187134
7343,7,7,1,1.8927738666534424
7344,4,4,1,2.9257965087890625
7345,6,6,1,2.513551712036133
7346,5,5,1,1.6147325038909912
7347,0,0,1,6.417950630187988
7348,2,3,0,1.1387717723846436
7349,3,3,1,5.5084452629089355
7350,9,9,1,0.8401772975921631
7351,2,3,0,1.8139575719833374
7352,3,5,0,-0.7164785861968994
7353,8,8,1,1.060689926147461
7354,0,0,1,3.4177541732788086
7355,7,2,0,1.472100853919983
7356,0,0,1,5.790098190307617
7357,6,3,0,2.2976810932159424
7358,8,2,0,1.911036491394043
7359,1,1,1,2.3437066078186035
7360,2,3,0,2.159705877304077
7361,8,8,1,3.8010435104370117
7362,9,7,0,1.3876655101776123
7363,1,1,1,13.729475021362305
7364,5,5,1,3.5486621856689453
7365,4,4,1,6.983601093292236
7366,2,2,1,0.7352299094200134
7367,3,3,1,4.078585147857666
7368,5,5,1,3.965386390686035
7369,5,5,1,1.5767977237701416
7370,3,5,0,1.178183674812317
7371,6,6,1,2.6302297115325928
7372,5,5,1,8.824244499206543
7373,0,0,1,5.498908996582031
7374,3,3,1,1.5932878255844116
7375,2,3,0,1.4123891592025757
7376,1,3,0,0.39588266611099243
7377,3,3,1,2.004366159439087
7378,3,0,0,1.1277358531951904
7379,7,7,1,2.139861822128296
7380,7,7,1,4.1725945472717285
7381,4,4,1,1.1238789558410645
7382,9,9,1,0.881442129611969
7383,4,5,0,1.0486509799957275
7384,3,5,0,4.309414863586426
7385,9,9,1,12.214836120605469
7386,5,3,0,2.4899609088897705
7387,1,7,0,1.6418938636779785
7388,7,2,0,-0.8725973963737488
7389,6,6,1,4.5248494148254395
7390,6,6,1,2.7491047382354736
7391,4,4,1,3.3985066413879395
7392,8,5,0,4.103578567504883
7393,5,5,1,3.607213020324707
7394,1,9,0,1.2344228029251099
7395,2,3,0,1.828248381614685
7396,8,0,0,0.9233356714248657
7397,4,4,1,2.0878443717956543
7398,5,8,0,2.4805045127868652
7399,3,3,1,0.4651936888694763
7400,3,3,1,1.2033356428146362
7401,3,3,1,3.6437294483184814
7402,0,0,1,1.265420913696289
7403,4,4,1,2.452821731567383
7404,8,8,1,4.191528797149658
7405,7,7,1,1.844903588294983
7406,7,2,0,0.8266705274581909
7407,9,2,0,1.8859668970108032
7408,4,3,0,1.7153874635696411
7409,8,8,1,3.6137216091156006
7410,4,6,0,0.931376576423645
7411,5,5,1,0.5823330283164978
7412,9,9,1,4.546954154968262
7413,1,3,0,2.274984121322632
7414,8,3,0,0.9317442178726196
7415,3,5,0,2.303046464920044
7416,1,3,0,2.503875970840454
7417,3,2,0,0.25253263115882874
7418,8,0,0,2.3185462951660156
7419,0,0,1,1.9582140445709229
7420,3,3,1,1.239086627960205
7421,5,5,1,4.721107482910156
7422,4,3,0,1.356726884841919
7423,6,3,0,-0.22999726235866547
7424,9,2,0,0.9452972412109375
7425,2,2,1,2.8630876541137695
7426,7,7,1,1.7269331216812134
7427,2,2,1,1.169083595275879
7428,0,0,1,5.584364891052246
7429,5,7,0,0.4114794135093689
7430,2,2,1,-0.05250270664691925
7431,9,9,1,2.390340805053711
7432,7,7,1,11.765279769897461
7433,5,5,1,3.633911371231079
7434,0,0,1,2.2684285640716553
7435,7,3,0,1.9218318462371826
7436,0,2,0,3.1137003898620605
7437,3,3,1,1.7502403259277344
7438,5,5,1,2.412048816680908
7439,5,3,0,1.751206398010254
7440,3,0,0,0.5032492876052856
7441,8,9,0,1.7332556247711182
7442,7,4,0,3.098909378051758
7443,7,3,0,4.009973049163818
7444,9,7,0,-0.3398900628089905
7445,6,3,0,4.041397571563721
7446,5,9,0,1.1083732843399048
7447,8,8,1,2.584904670715332
7448,9,5,0,5.246802806854248
7449,0,2,0,2.412705183029175
7450,1,7,0,0.8811929821968079
7451,9,3,0,0.8125110864639282
7452,4,4,1,9.60937213897705
7453,0,5,0,1.5565462112426758
7454,0,0,1,3.7758004665374756
7455,1,9,0,3.8310177326202393
7456,7,5,0,1.4366750717163086
7457,2,3,0,3.1225736141204834
7458,2,6,0,1.6918063163757324
7459,8,8,1,2.532339572906494
7460,5,5,1,3.833463191986084
7461,9,8,0,1.730736494064331
7462,8,1,0,0.6614586710929871
7463,2,2,1,4.183986186981201
7464,8,3,0,5.682375431060791
7465,0,0,1,5.117466926574707
7466,6,3,0,0.8680118918418884
7467,6,6,1,4.465756893157959
7468,8,2,0,1.1102155447006226
7469,6,6,1,1.9944325685501099
7470,9,9,1,2.2533023357391357
7471,6,5,0,1.1544132232666016
7472,1,9,0,4.178023815155029
7473,1,1,1,6.553743362426758
7474,5,5,1,5.443383693695068
7475,3,3,1,2.019695997238159
7476,5,5,1,6.229104995727539
7477,0,0,1,2.4359259605407715
7478,7,3,0,0.7337557077407837
7479,6,6,1,3.0794179439544678
7480,1,1,1,5.612941265106201
7481,4,4,1,1.8916763067245483
7482,4,6,0,4.195481300354004
7483,1,1,1,1.6948261260986328
7484,1,9,0,-0.3987315595149994
7485,8,8,1,5.7616987228393555
7486,1,1,1,4.549164295196533
7487,1,1,1,1.2479137182235718
7488,2,2,1,0.7177010774612427
7489,3,4,0,0.11356967687606812
7490,4,4,1,1.823707103729248
7491,9,3,0,1.0868884325027466
7492,9,3,0,2.6089541912078857
7493,5,6,0,4.097160816192627
7494,2,4,0,2.3941779136657715
7495,7,7,1,1.0472692251205444
7496,3,5,0,3.1252217292785645
7497,3,5,0,4.22463321685791
7498,6,3,0,1.4574294090270996
7499,9,9,1,2.5424368381500244
7500,6,6,1,1.5080959796905518
7501,9,2,0,2.1074705123901367
7502,8,8,1,4.453845024108887
7503,8,8,1,3.1184616088867188
7504,6,6,1,3.7486793994903564
7505,7,7,1,2.7587063312530518
7506,4,5,0,2.3389089107513428
7507,7,5,0,1.1356556415557861
7508,2,4,0,1.4543005228042603
7509,3,5,0,1.524803638458252
7510,8,6,0,3.170539140701294
7511,0,8,0,-0.25703486800193787
7512,9,9,1,10.412616729736328
7513,0,5,0,1.065178394317627
7514,7,7,1,9.448540687561035
7515,8,8,1,2.8852200508117676
7516,1,1,1,4.904383182525635
7517,2,7,0,2.308983325958252
7518,3,6,0,1.0653929710388184
7519,2,2,1,3.010286808013916
7520,4,4,1,3.5485920906066895
7521,2,2,1,5.429401397705078
7522,9,5,0,0.5136169791221619
7523,0,2,0,1.5796273946762085
7524,3,8,0,2.013054370880127
7525,8,8,1,1.6947107315063477
7526,9,3,0,1.5721083879470825
7527,6,6,1,4.150792598724365
7528,5,5,1,6.122420310974121
7529,5,5,1,2.1303606033325195
7530,2,0,0,1.0968191623687744
7531,4,5,0,1.0313059091567993
7532,1,1,1,3.559208393096924
7533,0,1,0,0.3575804829597473
7534,6,6,1,3.037158727645874
7535,1,1,1,1.591140866279602
7536,8,3,0,3.0095770359039307
7537,4,2,0,2.8514108657836914
7538,5,6,0,1.542542815208435
7539,5,3,0,1.3775016069412231
7540,5,2,0,2.702805757522583
7541,0,3,0,1.724887728691101
7542,8,8,1,1.9103505611419678
7543,9,3,0,1.9460808038711548
7544,0,0,1,4.737845420837402
7545,5,3,0,3.4579460620880127
7546,7,3,0,1.0400272607803345
7547,9,3,0,0.9312707185745239
7548,6,3,0,3.925191640853882
7549,3,5,0,4.201066493988037
7550,4,4,1,5.029116630554199
7551,6,2,0,-0.8307116031646729
7552,4,7,0,5.669517517089844
7553,9,3,0,-0.3338640034198761
7554,7,2,0,1.7225425243377686
7555,1,2,0,2.454723358154297
7556,2,0,0,1.3445907831192017
7557,5,5,1,0.9748510718345642
7558,2,4,0,4.819468975067139
7559,8,3,0,0.05836329981684685
7560,0,0,1,3.4730076789855957
7561,2,5,0,-0.16837158799171448
7562,2,3,0,2.178095579147339
7563,9,8,0,0.14180506765842438
7564,8,9,0,2.642585515975952
7565,1,1,1,8.634458541870117
7566,9,9,1,0.06960847228765488
7567,7,7,1,6.828637599945068
7568,7,7,1,4.060815811157227
7569,3,3,1,1.8708797693252563
7570,1,5,0,1.0233488082885742
7571,4,4,1,1.2597309350967407
7572,1,3,0,1.2425954341888428
7573,1,0,0,0.6804205179214478
7574,3,6,0,4.074258327484131
7575,8,8,1,5.175144672393799
7576,8,8,1,5.029041767120361
7577,1,8,0,0.1379639357328415
7578,9,7,0,2.3033413887023926
7579,3,3,1,3.664752244949341
7580,8,2,0,2.2656989097595215
7581,9,9,1,11.23539924621582
7582,5,3,0,3.533369302749634
7583,1,1,1,2.7001681327819824
7584,1,9,0,1.5159618854522705
7585,6,6,1,4.246814250946045
7586,2,3,0,0.9813772439956665
7587,7,7,1,2.3742117881774902
7588,2,2,1,2.728080987930298
7589,6,6,1,1.9110556840896606
7590,2,4,0,4.442270278930664
7591,6,6,1,6.719768524169922
7592,9,1,0,0.2322521060705185
7593,6,6,1,2.5347330570220947
7594,0,8,0,0.15071047842502594
7595,1,3,0,1.6390196084976196
7596,3,0,0,2.2847650051116943
7597,9,3,0,1.4195791482925415
7598,3,3,1,3.124347448348999
7599,8,3,0,1.830363154411316
7600,8,1,0,1.273043155670166
7601,8,2,0,-0.12435659766197205
7602,2,3,0,2.440675973892212
7603,9,9,1,4.669277667999268
7604,1,1,1,5.432440757751465
7605,2,6,0,2.965094804763794
7606,6,2,0,3.914267063140869
7607,0,0,1,2.55431866645813
7608,5,5,1,2.871220111846924
7609,0,5,0,2.7142324447631836
7610,7,3,0,2.1097705364227295
7611,7,6,0,0.35706374049186707
7612,7,9,0,0.7258120775222778
7613,9,6,0,2.1963586807250977
7614,4,2,0,3.054550886154175
7615,5,5,1,1.177016019821167
7616,0,0,1,6.017545223236084
7617,2,0,0,1.846326231956482
7618,3,8,0,1.8393335342407227
7619,5,0,0,2.3200626373291016
7620,5,6,0,1.2412033081054688
7621,8,8,1,2.419649124145508
7622,9,9,1,7.299915790557861
7623,1,9,0,1.2717288732528687
7624,2,4,0,1.071196436882019
7625,7,0,0,1.7939764261245728
7626,1,1,1,1.8127014636993408
7627,3,3,1,2.3288238048553467
7628,4,8,0,1.00973641872406
7629,6,6,1,4.270758152008057
7630,9,3,0,1.3773701190948486
7631,1,9,0,1.0929343700408936
7632,0,4,0,-0.7907437682151794
7633,7,3,0,0.9784113168716431
7634,1,3,0,0.7575587034225464
7635,9,8,0,1.7347469329833984
7636,5,5,1,1.8808454275131226
7637,8,3,0,2.005969285964966
7638,1,6,0,-0.1564856618642807
7639,9,9,1,2.6108779907226562
7640,9,9,1,2.0042059421539307
7641,7,2,0,1.8042607307434082
7642,9,9,1,8.480642318725586
7643,8,3,0,2.3895814418792725
7644,3,3,1,2.104311466217041
7645,0,0,1,3.499925374984741
7646,2,8,0,0.704245388507843
7647,6,6,1,0.4729177951812744
7648,0,2,0,2.879871368408203
7649,2,2,1,5.3396806716918945
7650,2,2,1,1.3199241161346436
7651,4,4,1,1.810249924659729
7652,0,0,1,2.826256513595581
7653,8,3,0,1.8934544324874878
7654,4,3,0,0.8461925983428955
7655,8,8,1,8.765960693359375
7656,1,1,1,0.8595008850097656
7657,2,3,0,0.6571072340011597
7658,7,7,1,6.795119285583496
7659,2,5,0,0.8722522854804993
7660,7,7,1,0.4398290812969208
7661,9,9,1,0.5982248187065125
7662,5,5,1,4.650893211364746
7663,2,6,0,4.681021213531494
7664,2,5,0,1.7577847242355347
7665,9,3,0,0.552375853061676
7666,2,6,0,1.6727027893066406
7667,6,4,0,1.5876612663269043
7668,5,0,0,1.236860990524292
7669,7,2,0,1.6717618703842163
7670,2,2,1,-0.08804807811975479
7671,5,5,1,8.169185638427734
7672,6,6,1,5.734719753265381
7673,5,5,1,4.4706315994262695
7674,1,2,0,0.2404150515794754
7675,8,3,0,1.11361563205719
7676,2,2,1,3.4440646171569824
7677,6,6,1,7.126342296600342
7678,8,8,1,8.473902702331543
7679,6,6,1,5.900770664215088
7680,3,5,0,3.580087900161743
7681,0,0,1,2.3590431213378906
7682,8,2,0,-0.07578118145465851
7683,0,0,1,3.04111647605896
7684,0,0,1,3.1114885807037354
7685,9,9,1,4.580470085144043
7686,9,8,0,-0.07133061438798904
7687,6,6,1,4.054287910461426
7688,8,8,1,0.1953057497739792
7689,0,5,0,-0.28926146030426025
7690,6,6,1,4.204589366912842
7691,6,6,1,3.4802844524383545
7692,0,0,1,1.6696780920028687
7693,7,2,0,1.8960041999816895
7694,9,9,1,2.858203887939453
7695,8,3,0,3.1363027095794678
7696,0,0,1,1.6834717988967896
7697,5,3,0,0.028651829808950424
7698,0,0,1,6.262552261352539
7699,9,3,0,2.226639986038208
7700,6,6,1,6.63997745513916
7701,0,0,1,5.803915977478027
7702,4,0,0,1.0432981252670288
7703,7,7,1,0.3102523386478424
7704,1,3,0,4.189362049102783
7705,7,3,0,0.019478406757116318
7706,8,8,1,2.631112575531006
7707,8,5,0,0.3622775673866272
7708,2,2,1,2.1884028911590576
7709,3,3,1,2.5310728549957275
7710,9,6,0,4.418759822845459
7711,6,3,0,0.4523656368255615
7712,5,3,0,4.379355430603027
7713,5,6,0,1.9079796075820923
7714,3,3,1,7.585599422454834
7715,1,9,0,5.490936756134033
7716,5,5,1,1.6068041324615479
7717,3,2,0,1.0429105758666992
7718,0,0,1,0.8434584736824036
7719,2,3,0,2.259211540222168
7720,5,5,1,5.399608612060547
7721,2,2,1,7.461338996887207
7722,7,2,0,1.2302258014678955
7723,3,3,1,2.2917823791503906
7724,8,8,1,7.836702823638916
7725,4,4,1,6.23752498626709
7726,4,4,1,2.0850114822387695
7727,6,6,1,2.3765816688537598
7728,1,1,1,9.24646282196045
7729,9,9,1,5.982187747955322
7730,4,3,0,3.7447612285614014
7731,1,3,0,0.6666021943092346
7732,7,3,0,2.712965726852417
7733,0,0,1,2.330526351928711
7734,1,3,0,1.467471957206726
7735,4,0,0,2.3538084030151367
7736,3,2,0,0.9729295372962952
7737,0,8,0,3.5104732513427734
7738,2,2,1,4.0390472412109375
7739,9,1,0,0.9895309805870056
7740,4,3,0,2.276824712753296
7741,5,5,1,2.0618093013763428
7742,0,0,1,4.862964153289795
7743,3,3,1,3.368436574935913
7744,4,3,0,3.309890031814575
7745,7,3,0,3.3941969871520996
7746,2,2,1,4.738264560699463
7747,3,2,0,2.802051067352295
7748,0,0,1,4.918967247009277
7749,1,9,0,2.740680456161499
7750,3,6,0,2.520777940750122
7751,7,2,0,2.119711399078369
7752,9,7,0,0.6243310570716858
7753,9,9,1,8.051889419555664
7754,0,0,1,3.3406479358673096
7755,7,7,1,2.425271511077881
7756,5,5,1,2.558344841003418
7757,6,6,1,8.43988037109375
7758,7,7,1,6.134213447570801
7759,1,9,0,1.928225040435791
7760,2,2,1,1.5549564361572266
7761,2,3,0,2.782644033432007
7762,7,7,1,3.7683887481689453
7763,4,3,0,5.4091925621032715
7764,6,3,0,2.141740083694458
7765,8,8,1,6.011778354644775
7766,4,4,1,3.102907180786133
7767,9,9,1,4.2472310066223145
7768,8,0,0,3.275986909866333
7769,4,7,0,-0.23056992888450623
7770,9,5,0,2.38283371925354
7771,2,7,0,-0.4499911069869995
7772,3,0,0,2.0707788467407227
7773,4,4,1,2.9741830825805664
7774,0,2,0,-0.1683683842420578
7775,2,3,0,0.9249441623687744
7776,5,5,1,4.136537075042725
7777,6,2,0,0.5625682473182678
7778,0,3,0,2.4278368949890137
7779,5,0,0,0.7692972421646118
7780,3,3,1,0.5265856981277466
7781,5,3,0,4.00385046005249
7782,8,5,0,2.940876007080078
7783,3,3,1,5.407421588897705
7784,7,4,0,2.8340773582458496
7785,4,6,0,2.072972059249878
7786,9,5,0,-0.059704601764678955
7787,5,5,1,3.289219856262207
7788,6,6,1,8.163331985473633
7789,3,3,1,1.472992181777954
7790,8,8,1,8.814908981323242
7791,6,6,1,3.22741961479187
7792,9,9,1,0.8404490351676941
7793,8,8,1,1.688881278038025
7794,5,3,0,8.1984281539917
7795,5,3,0,0.9040610790252686
7796,8,3,0,2.0816328525543213
7797,3,6,0,6.359399318695068
7798,5,3,0,-0.16144415736198425
7799,9,9,1,6.88228702545166
7800,0,3,0,1.6556371450424194
7801,4,3,0,0.6509168148040771
7802,2,5,0,2.360867738723755
7803,0,2,0,0.7331080436706543
7804,5,5,1,1.963141918182373
7805,9,0,0,0.47112664580345154
7806,9,2,0,-0.14495722949504852
7807,3,3,1,0.08812800794839859
7808,8,5,0,-0.08862046897411346
7809,0,9,0,3.2167022228240967
7810,6,6,1,7.36722993850708
7811,0,8,0,3.5582480430603027
7812,2,5,0,1.094632863998413
7813,3,3,1,3.204051971435547
7814,7,7,1,1.882301926612854
7815,0,8,0,1.8155121803283691
7816,0,3,0,1.788326382637024
7817,6,6,1,3.7767233848571777
7818,9,6,0,1.6255420446395874
7819,1,1,1,2.969668388366699
7820,5,3,0,3.6450905799865723
7821,2,2,1,0.9107115268707275
7822,2,6,0,1.3494025468826294
7823,7,0,0,-0.22881409525871277
7824,9,6,0,2.0050573348999023
7825,3,6,0,4.02958345413208
7826,9,9,1,0.546890914440155
7827,3,5,0,0.5658884644508362
7828,5,5,1,3.4699196815490723
7829,2,2,1,1.5518474578857422
7830,2,2,1,1.6757702827453613
7831,2,4,0,4.154534816741943
7832,8,8,1,6.210667133331299
7833,8,0,0,6.108879566192627
7834,5,2,0,-0.251803457736969
7835,0,0,1,3.278574228286743
7836,0,8,0,0.6241220235824585
7837,7,2,0,0.2365041822195053
7838,0,3,0,-0.3547866940498352
7839,3,5,0,1.5221099853515625
7840,1,1,1,2.904221534729004
7841,6,2,0,1.9727461338043213
7842,5,4,0,3.394880771636963
7843,0,2,0,2.1209373474121094
7844,9,9,1,1.2169355154037476
7845,2,2,1,2.3764235973358154
7846,6,6,1,4.535736083984375
7847,7,4,0,2.2823219299316406
7848,4,6,0,1.3329204320907593
7849,2,0,0,3.8127992153167725
7850,0,0,1,3.3004820346832275
7851,0,5,0,2.193406105041504
7852,5,4,0,4.240545272827148
7853,3,3,1,2.1085941791534424
7854,3,3,1,0.8429068922996521
7855,2,6,0,1.771768569946289
7856,6,6,1,4.53165864944458
7857,4,3,0,2.0642495155334473
7858,2,2,1,1.3113163709640503
7859,7,3,0,1.3313053846359253
7860,8,8,1,2.607792377471924
7861,0,9,0,0.5567747950553894
7862,1,5,0,-0.2533309757709503
7863,0,0,1,5.688953399658203
7864,1,9,0,1.8872071504592896
7865,3,3,1,5.529387950897217
7866,6,7,0,1.296571969985962
7867,4,7,0,0.08365040272474289
7868,8,8,1,3.1514806747436523
7869,0,0,1,5.539560317993164
7870,6,6,1,5.747692108154297
7871,0,0,1,1.067359209060669
7872,9,3,0,2.2462875843048096
7873,1,9,0,1.151982307434082
7874,6,6,1,3.0109546184539795
7875,2,3,0,1.203048586845398
7876,1,2,0,1.9306466579437256
7877,0,5,0,0.3346637785434723
7878,1,1,1,14.573799133300781
7879,3,3,1,5.071036338806152
7880,0,0,1,3.9109857082366943
7881,3,6,0,-0.041164182126522064
7882,7,7,1,0.6406720280647278
7883,9,2,0,0.013564958237111568
7884,9,2,0,1.6550624370574951
7885,3,3,1,1.3410338163375854
7886,7,7,1,7.587746620178223
7887,5,3,0,1.999770998954773
7888,7,3,0,2.972071886062622
7889,1,1,1,4.611488342285156
7890,6,2,0,0.9699764251708984
7891,6,6,1,2.0975232124328613
7892,1,3,0,0.5377051830291748
7893,1,3,0,1.8379815816879272
7894,1,1,1,1.7051267623901367
7895,4,3,0,1.8173030614852905
7896,4,0,0,1.0936946868896484
7897,2,2,1,0.9490952491760254
7898,1,9,0,2.0736467838287354
7899,7,6,0,1.655055046081543
7900,0,0,1,0.5794488191604614
7901,1,1,1,4.910356521606445
7902,2,2,1,2.6435623168945312
7903,1,3,0,0.8383496403694153
7904,1,1,1,3.968984603881836
7905,3,2,0,1.9468932151794434
7906,2,7,0,2.0343334674835205
7907,6,6,1,2.363011121749878
7908,9,8,0,0.7134778499603271
7909,1,2,0,0.7448733448982239
7910,3,3,1,1.867880940437317
7911,2,2,1,2.8207428455352783
7912,0,2,0,1.9869270324707031
7913,8,8,1,2.1627745628356934
7914,7,7,1,5.4466023445129395
7915,3,3,1,3.469363212585449
7916,4,0,0,0.7286595106124878
7917,6,6,1,6.2870941162109375
7918,4,3,0,1.6167291402816772
7919,6,3,0,1.067219614982605
7920,9,9,1,4.305920124053955
7921,4,4,1,2.80900239944458
7922,8,4,0,4.736806392669678
7923,9,7,0,1.955972671508789
7924,3,3,1,2.7740540504455566
7925,0,0,1,1.7137130498886108
7926,5,3,0,1.9035897254943848
7927,7,2,0,-0.23614780604839325
7928,2,2,1,0.2886013388633728
7929,0,0,1,5.320876121520996
7930,2,2,1,0.9889518022537231
7931,9,3,0,0.3427525758743286
7932,9,1,0,2.2612547874450684
7933,3,3,1,4.88586950302124
7934,8,8,1,3.794722318649292
7935,7,4,0,1.646565318107605
7936,1,2,0,0.3693538308143616
7937,1,3,0,1.8305155038833618
7938,2,7,0,-0.59850013256073
7939,2,3,0,1.7374393939971924
7940,2,6,0,4.271603107452393
7941,5,2,0,3.1746792793273926
7942,9,5,0,1.2845181226730347
7943,1,3,0,3.163553476333618
7944,2,2,1,7.630744457244873
7945,6,6,1,5.084048748016357
7946,1,1,1,6.577718257904053
7947,2,6,0,2.2510440349578857
7948,1,9,0,4.536660671234131
7949,8,8,1,2.2511119842529297
7950,9,5,0,-0.3760446012020111
7951,2,2,1,3.4675803184509277
7952,3,3,1,0.08359012752771378
7953,1,1,1,3.432680130004883
7954,9,2,0,0.5310244560241699
7955,9,9,1,0.20108821988105774
7956,4,3,0,2.226257085800171
7957,4,2,0,1.9240000247955322
7958,5,3,0,0.24169878661632538
7959,5,3,0,1.2974687814712524
7960,0,0,1,0.8549602031707764
7961,3,3,1,1.151510238647461
7962,3,3,1,2.3604187965393066
7963,7,3,0,0.6222078800201416
7964,1,0,0,2.2314114570617676
7965,7,7,1,12.435794830322266
7966,7,6,0,3.081002950668335
7967,9,5,0,1.8405990600585938
7968,8,7,0,1.2728137969970703
7969,6,6,1,1.808182954788208
7970,3,3,1,3.5482752323150635
7971,5,3,0,0.9034080505371094
7972,5,3,0,3.1594109535217285
7973,1,3,0,-0.0029851840808987617
7974,6,6,1,1.9097052812576294
7975,2,2,1,1.6545884609222412
7976,7,6,0,0.9461628794670105
7977,8,8,1,0.9893419742584229
7978,4,3,0,2.090221881866455
7979,3,3,1,3.38334321975708
7980,3,3,1,3.6473045349121094
7981,5,6,0,1.8938905000686646
7982,9,9,1,8.622919082641602
7983,6,2,0,1.3903422355651855
7984,8,8,1,-0.2260899394750595
7985,5,5,1,3.1328797340393066
7986,1,1,1,0.21288546919822693
7987,0,2,0,2.0955984592437744
7988,6,6,1,4.623231410980225
7989,7,3,0,-0.16527970135211945
7990,0,0,1,2.106313705444336
7991,9,9,1,6.100583553314209
7992,6,2,0,1.3479282855987549
7993,2,2,1,1.30777108669281
7994,0,0,1,1.3681789636611938
7995,8,0,0,4.537783622741699
7996,7,7,1,0.8398331999778748
7997,1,9,0,0.5995537638664246
7998,2,7,0,2.2105915546417236
7999,6,6,1,4.85215425491333
8000,9,9,1,2.424928665161133
8001,1,3,0,4.103714466094971
8002,6,6,1,0.7654834389686584
8003,4,3,0,0.9338468313217163
8004,7,3,0,2.4200832843780518
8005,1,9,0,-0.16150179505348206
8006,9,2,0,-0.16005878150463104
8007,0,3,0,1.1563084125518799
8008,0,3,0,1.0878512859344482
8009,5,6,0,5.329133987426758
8010,2,2,1,2.8948843479156494
8011,8,7,0,1.125125765800476
8012,3,6,0,3.2756855487823486
8013,8,8,1,3.218611001968384
8014,2,4,0,3.5645627975463867
8015,8,3,0,2.742750406265259
8016,4,8,0,1.1315182447433472
8017,0,2,0,0.8848786950111389
8018,8,8,1,6.612992286682129
8019,3,3,1,4.418192386627197
8020,6,3,0,2.7217092514038086
8021,1,1,1,4.811816215515137
8022,2,2,1,0.6662907004356384
8023,3,6,0,2.188378095626831
8024,0,2,0,1.4271435737609863
8025,5,5,1,2.5561683177948
8026,0,1,0,4.620800971984863
8027,4,6,0,0.5763942003250122
8028,1,1,1,1.1028563976287842
8029,7,4,0,0.07908248901367188
8030,2,0,0,0.2006206214427948
8031,0,0,1,2.9823219776153564
8032,1,2,0,0.5355873703956604
8033,3,3,1,3.5946877002716064
8034,9,1,0,3.696448564529419
8035,1,9,0,0.8750590085983276
8036,6,3,0,4.478080749511719
8037,1,8,0,2.4284961223602295
8038,6,6,1,4.9920334815979
8039,1,3,0,-0.007383246906101704
8040,2,4,0,0.6912131309509277
8041,8,2,0,0.984634280204773
8042,7,7,1,1.2803213596343994
8043,0,2,0,0.06028835475444794
8044,9,7,0,1.21658194065094
8045,5,3,0,0.9119913578033447
8046,8,3,0,1.3518366813659668
8047,0,2,0,0.7974878549575806
8048,0,2,0,-0.7655258774757385
8049,1,3,0,-0.2981138825416565
8050,7,7,1,3.602078914642334
8051,9,9,1,4.976072788238525
8052,7,7,1,2.935499906539917
8053,1,3,0,0.3527061939239502
8054,9,9,1,7.137086391448975
8055,2,3,0,2.204782724380493
8056,1,1,1,7.200712203979492
8057,9,3,0,3.044295072555542
8058,4,7,0,3.822422504425049
8059,3,3,1,0.16594749689102173
8060,6,6,1,5.133450508117676
8061,0,0,1,2.4100780487060547
8062,2,2,1,1.845344066619873
8063,0,0,1,2.5485689640045166
8064,0,2,0,2.6843364238739014
8065,9,9,1,3.0474817752838135
8066,9,8,0,2.1835267543792725
8067,8,8,1,4.754344463348389
8068,9,9,1,5.303605556488037
8069,4,5,0,0.3807434141635895
8070,5,3,0,2.029428243637085
8071,4,3,0,3.4047608375549316
8072,3,4,0,-0.07434424757957458
8073,0,0,1,2.4186177253723145
8074,7,3,0,3.7072865962982178
8075,8,0,0,1.5990656614303589
8076,7,7,1,5.000940799713135
8077,3,3,1,0.5873883366584778
8078,7,7,1,0.09551078826189041
8079,5,3,0,0.8142801523208618
8080,4,2,0,2.48643159866333
8081,6,6,1,2.261425256729126
8082,5,3,0,1.0881901979446411
8083,9,9,1,1.0674821138381958
8084,5,3,0,3.473144292831421
8085,2,2,1,3.7989492416381836
8086,4,6,0,2.564922571182251
8087,2,3,0,1.207419514656067
8088,7,7,1,6.8817291259765625
8089,9,9,1,1.1721855401992798
8090,6,6,1,3.001509428024292
8091,7,1,0,-0.7186210751533508
8092,4,2,0,0.8388327360153198
8093,7,5,0,-0.4245201051235199
8094,1,0,0,0.0796341598033905
8095,2,2,1,7.021210670471191
8096,3,3,1,4.342966556549072
8097,1,9,0,3.704176664352417
8098,1,1,1,2.7149510383605957
8099,3,6,0,2.3230044841766357
8100,6,3,0,4.771933078765869
8101,8,3,0,1.427289366722107
8102,3,3,1,1.4728425741195679
8103,7,3,0,1.4465436935424805
8104,7,3,0,0.1658817082643509
8105,0,0,1,1.257831335067749
8106,8,0,0,1.1029056310653687
8107,1,6,0,0.8900399208068848
8108,5,3,0,1.1401697397232056
8109,2,6,0,2.937944173812866
8110,5,3,0,1.9995681047439575
8111,5,6,0,0.10078630596399307
8112,3,6,0,2.038576364517212
8113,6,6,1,1.853466510772705
8114,3,3,1,2.9577620029449463
8115,5,3,0,0.7456386089324951
8116,9,9,1,1.6867495775222778
8117,8,0,0,1.4109970331192017
8118,4,2,0,2.0427403450012207
8119,6,2,0,0.44598492980003357
8120,8,0,0,1.5973505973815918
8121,0,0,1,5.234698295593262
8122,4,2,0,2.7554380893707275
8123,1,1,1,2.3543598651885986
8124,7,4,0,1.8120466470718384
8125,8,8,1,4.341769695281982
8126,4,5,0,2.52309513092041
8127,9,9,1,5.364686489105225
8128,7,3,0,3.428727865219116
8129,2,6,0,2.6779427528381348
8130,6,6,1,3.6108558177948
8131,3,3,1,2.66337513923645
8132,8,5,0,1.3840707540512085
8133,8,6,0,3.292236804962158
8134,6,6,1,1.5643008947372437
8135,7,0,0,-0.5372171401977539
8136,3,3,1,0.36103555560112
8137,8,8,1,4.987796783447266
8138,1,9,0,3.6036698818206787
8139,1,2,0,-0.21172741055488586
8140,5,3,0,1.9418216943740845
8141,3,3,1,2.6177308559417725
8142,7,4,0,1.2074487209320068
8143,9,9,1,3.177949905395508
8144,9,9,1,1.6320196390151978
8145,9,9,1,5.884898662567139
8146,8,8,1,1.188584327697754
8147,5,0,0,0.5907887816429138
8148,9,9,1,3.857571840286255
8149,9,6,0,1.33796226978302
8150,6,6,1,10.32643985748291
8151,8,3,0,0.5486405491828918
8152,8,8,1,4.177265167236328
8153,4,3,0,2.274521589279175
8154,8,3,0,0.7972019910812378
8155,1,1,1,2.508584976196289
8156,0,3,0,2.189302444458008
8157,1,3,0,1.150754690170288
8158,8,7,0,1.4320623874664307
8159,8,8,1,11.295366287231445
8160,6,3,0,1.2747493982315063
8161,5,0,0,1.4024866819381714
8162,9,5,0,4.7835235595703125
8163,0,0,1,8.309269905090332
8164,6,6,1,6.322055816650391
8165,1,6,0,1.9561357498168945
8166,2,3,0,0.7542330622673035
8167,6,6,1,1.29487943649292
8168,6,6,1,2.5223724842071533
8169,3,6,0,2.8673293590545654
8170,5,5,1,2.4157674312591553
8171,6,9,0,0.041630472987890244
8172,5,3,0,2.214085102081299
8173,5,6,0,0.1473858803510666
8174,3,3,1,4.148806095123291
8175,3,2,0,1.4280896186828613
8176,6,6,1,1.7796448469161987
8177,8,8,1,2.763577938079834
8178,9,1,0,-0.6373850107192993
8179,4,4,1,1.3563737869262695
8180,4,2,0,3.2472195625305176
8181,3,3,1,3.539403200149536
8182,8,8,1,3.7299859523773193
8183,3,3,1,2.1631057262420654
8184,6,6,1,5.236727237701416
8185,0,0,1,4.205967426300049
8186,8,8,1,7.986732006072998
8187,5,5,1,7.530884742736816
8188,7,7,1,0.9710549116134644
8189,8,0,0,1.9462404251098633
8190,4,4,1,3.388169765472412
8191,6,6,1,8.010527610778809
8192,5,5,1,3.8841593265533447
8193,3,3,1,1.508698582649231
8194,1,3,0,1.9450531005859375
8195,8,8,1,0.7598072290420532
8196,3,3,1,1.4208728075027466
8197,0,0,1,2.473170042037964
8198,4,4,1,1.081250548362732
8199,4,4,1,2.11330509185791
8200,3,3,1,4.831784725189209
8201,3,3,1,3.460529327392578
8202,5,5,1,5.996832370758057
8203,3,3,1,4.051108360290527
8204,3,6,0,2.9899940490722656
8205,2,2,1,5.37696647644043
8206,7,2,0,0.8852795362472534
8207,7,7,1,1.6220782995224
8208,8,0,0,0.6452372074127197
8209,2,6,0,4.60772180557251
8210,0,0,1,5.46601676940918
8211,5,5,1,2.446598529815674
8212,5,3,0,3.369131565093994
8213,6,5,0,0.1979243904352188
8214,1,1,1,14.131645202636719
8215,1,1,1,2.3803529739379883
8216,3,3,1,2.233403444290161
8217,9,9,1,3.3323259353637695
8218,9,9,1,3.0994818210601807
8219,3,3,1,2.4569215774536133
8220,6,3,0,0.3558967411518097
8221,7,7,1,5.919776916503906
8222,1,9,0,1.4689496755599976
8223,8,5,0,0.7909678816795349
8224,3,3,1,2.892512559890747
8225,9,9,1,0.8280489444732666
8226,8,8,1,1.096134901046753
8227,7,7,1,3.6231958866119385
8228,8,8,1,3.6116576194763184
8229,8,5,0,0.33803579211235046
8230,0,3,0,2.6290743350982666
8231,3,6,0,-0.6722373962402344
8232,2,2,1,6.340368270874023
8233,4,6,0,1.993388056755066
8234,8,7,0,1.5300719738006592
8235,7,7,1,11.106746673583984
8236,5,0,0,2.3800747394561768
8237,7,5,0,6.391843795776367
8238,1,6,0,1.2199536561965942
8239,8,8,1,9.605328559875488
8240,7,7,1,9.063467025756836
8241,3,3,1,3.2036845684051514
8242,5,7,0,0.7697581052780151
8243,4,2,0,0.9607924222946167
8244,4,3,0,1.8680685758590698
8245,3,6,0,1.2428544759750366
8246,8,3,0,0.4856218099594116
8247,6,6,1,3.737828254699707
8248,1,9,0,1.9907082319259644
8249,1,1,1,9.073272705078125
8250,6,2,0,0.4612567722797394
8251,3,2,0,-0.09045450389385223
8252,2,2,1,1.8784475326538086
8253,2,2,1,4.255207061767578
8254,8,3,0,1.2392985820770264
8255,9,9,1,5.990746021270752
8256,8,8,1,5.577389240264893
8257,3,2,0,3.1550889015197754
8258,3,7,0,0.2501072585582733
8259,8,8,1,2.5918896198272705
8260,1,9,0,0.9779658317565918
8261,1,7,0,3.8309342861175537
8262,0,2,0,1.3513180017471313
8263,5,5,1,2.7197232246398926
8264,2,3,0,1.2558094263076782
8265,0,0,1,8.26910400390625
8266,5,5,1,3.353666067123413
8267,0,0,1,2.1103508472442627
8268,5,6,0,3.4782254695892334
8269,8,6,0,2.3096327781677246
8270,6,3,0,-0.00086981151252985
8271,3,3,1,2.631774663925171
8272,9,8,0,1.6026170253753662
8273,6,6,1,2.1683008670806885
8274,6,7,0,0.861618161201477
8275,3,3,1,-0.3701144754886627
8276,9,0,0,3.977835178375244
8277,4,7,0,3.3707690238952637
8278,8,8,1,0.9344573020935059
8279,3,3,1,4.064864635467529
8280,4,3,0,2.1916615962982178
8281,3,5,0,5.352025985717773
8282,1,1,1,4.977331161499023
8283,1,8,0,1.1495054960250854
8284,2,2,1,3.633540630340576
8285,9,3,0,2.4642751216888428
8286,7,5,0,1.0172865390777588
8287,8,8,1,1.046961784362793
8288,5,5,1,9.587272644042969
8289,5,6,0,1.9768644571304321
8290,8,5,0,1.5120768547058105
8291,6,4,0,1.3002945184707642
8292,9,3,0,1.3620591163635254
8293,0,0,1,2.3694722652435303
8294,8,8,1,1.4871406555175781
8295,3,3,1,3.166917562484741
8296,5,9,0,1.2375378608703613
8297,1,1,1,3.186927318572998
8298,3,3,1,2.5621302127838135
8299,3,3,1,8.437899589538574
8300,5,5,1,1.7964210510253906
8301,5,4,0,2.206606388092041
8302,3,3,1,2.567868709564209
8303,8,2,0,0.5267132520675659
8304,1,2,0,0.7242090702056885
8305,4,5,0,2.582366466522217
8306,6,7,0,-0.23960185050964355
8307,4,5,0,1.8096790313720703
8308,2,7,0,1.089685320854187
8309,4,4,1,3.9339823722839355
8310,3,3,1,2.2140958309173584
8311,8,8,1,1.7797677516937256
8312,9,3,0,1.6101237535476685
8313,6,6,1,0.8219190835952759
8314,6,6,1,-0.6722138524055481
8315,6,6,1,1.1061915159225464
8316,5,4,0,3.184943675994873
8317,5,2,0,1.4110110998153687
8318,2,2,1,0.47682759165763855
8319,7,8,0,0.5663408637046814
8320,7,7,1,1.6206237077713013
8321,4,3,0,1.5204488039016724
8322,4,4,1,1.7291370630264282
8323,9,4,0,-0.2098371684551239
8324,3,5,0,4.48018741607666
8325,8,2,0,2.1532933712005615
8326,3,5,0,3.741459846496582
8327,7,2,0,2.505183219909668
8328,7,0,0,-0.041951023042201996
8329,8,8,1,0.29321715235710144
8330,5,5,1,0.08206160366535187
8331,3,2,0,3.0046298503875732
8332,9,9,1,0.24847546219825745
8333,1,1,1,2.716731071472168
8334,6,6,1,3.6696548461914062
8335,7,7,1,3.022538185119629
8336,3,5,0,1.6015584468841553
8337,3,3,1,1.1104834079742432
8338,3,9,0,-0.16765883564949036
8339,8,1,0,3.2447569370269775
8340,5,5,1,6.146062850952148
8341,6,6,1,4.929275989532471
8342,1,4,0,1.6128233671188354
8343,3,3,1,4.03835916519165
8344,7,5,0,1.7723251581192017
8345,9,9,1,2.0840532779693604
8346,6,7,0,1.4776362180709839
8347,1,9,0,4.728161334991455
8348,6,3,0,3.3649189472198486
8349,4,2,0,2.0553128719329834
8350,9,9,1,1.2373203039169312
8351,0,2,0,5.6944427490234375
8352,5,5,1,1.3942058086395264
8353,7,5,0,2.8182170391082764
8354,4,2,0,0.6442487835884094
8355,9,8,0,1.8471784591674805
8356,1,3,0,0.15228138864040375
8357,0,8,0,3.2197792530059814
8358,0,0,1,2.0644350051879883
8359,2,2,1,0.8458554148674011
8360,7,7,1,3.797060489654541
8361,8,9,0,2.4662718772888184
8362,3,3,1,0.4864603281021118
8363,2,2,1,1.9586559534072876
8364,7,2,0,1.1545698642730713
8365,6,6,1,3.70269513130188
8366,1,3,0,2.723432779312134
8367,6,6,1,1.514060378074646
8368,6,3,0,0.7914201021194458
8369,4,6,0,2.826136827468872
8370,4,4,1,3.8240675926208496
8371,2,5,0,2.152561902999878
8372,1,8,0,2.186889886856079
8373,8,0,0,4.27603816986084
8374,4,4,1,1.3532342910766602
8375,4,6,0,7.6144700050354
8376,7,6,0,-0.09188946336507797
8377,8,8,1,8.858019828796387
8378,5,3,0,1.4499260187149048
8379,8,0,0,1.3845521211624146
8380,9,1,0,2.810934066772461
8381,4,4,1,2.6115407943725586
8382,3,3,1,3.9718949794769287
8383,2,2,1,3.435335159301758
8384,2,3,0,2.3604729175567627
8385,9,9,1,0.539495050907135
8386,3,4,0,1.5660871267318726
8387,0,8,0,0.6252301931381226
8388,1,1,1,6.556034564971924
8389,1,1,1,4.376123428344727
8390,1,1,1,3.4624011516571045
8391,1,1,1,6.169707298278809
8392,6,6,1,2.127922534942627
8393,8,0,0,0.4101508557796478
8394,7,9,0,0.7849807739257812
8395,1,1,1,3.639676332473755
8396,3,2,0,1.013318657875061
8397,0,0,1,1.6883418560028076
8398,4,2,0,3.3904356956481934
8399,5,7,0,2.988201141357422
8400,0,3,0,1.1023924350738525
8401,3,2,0,1.9449938535690308
8402,0,0,1,2.6835031509399414
8403,6,6,1,0.12266389280557632
8404,2,2,1,4.2202324867248535
8405,0,0,1,-0.3767697513103485
8406,9,3,0,2.4697325229644775
8407,8,8,1,10.396888732910156
8408,6,6,1,3.4454104900360107
8409,8,8,1,3.611630916595459
8410,5,5,1,1.1496620178222656
8411,8,8,1,1.1094270944595337
8412,2,2,1,2.2726974487304688
8413,9,1,0,2.0211246013641357
8414,6,6,1,2.365081548690796
8415,0,0,1,9.582293510437012
8416,6,6,1,2.35492205619812
8417,1,1,1,1.6756623983383179
8418,8,3,0,0.765665590763092
8419,7,4,0,0.1186516284942627
8420,3,3,1,2.9235541820526123
8421,2,2,1,1.9360237121582031
8422,2,3,0,1.9873086214065552
8423,6,6,1,7.489246368408203
8424,5,3,0,4.644838333129883
8425,6,6,1,1.5651506185531616
8426,9,9,1,15.212626457214355
8427,2,4,0,4.533267974853516
8428,5,4,0,5.512722492218018
8429,4,4,1,5.938238620758057
8430,9,9,1,8.170581817626953
8431,8,3,0,2.6249797344207764
8432,5,5,1,2.602487325668335
8433,3,3,1,0.06524953991174698
8434,9,9,1,4.819068431854248
8435,3,3,1,-0.32462137937545776
8436,5,0,0,2.147268533706665
8437,7,7,1,2.330249071121216
8438,1,6,0,0.9592093229293823
8439,8,8,1,2.3000919818878174
8440,5,2,0,1.9153646230697632
8441,8,1,0,3.1967930793762207
8442,6,6,1,3.8422532081604004
8443,2,7,0,0.4806227385997772
8444,5,5,1,1.7687183618545532
8445,1,3,0,1.6590399742126465
8446,3,0,0,1.3596489429473877
8447,0,2,0,1.0280513763427734
8448,4,3,0,1.746482491493225
8449,1,2,0,1.2413742542266846
8450,9,3,0,-0.03752856329083443
8451,5,2,0,1.8940739631652832
8452,4,6,0,1.9652992486953735
8453,9,6,0,1.0392588376998901
8454,2,4,0,1.6573909521102905
8455,1,1,1,8.030412673950195
8456,4,4,1,3.712069511413574
8457,2,4,0,1.797849178314209
8458,5,7,0,0.7539252042770386
8459,9,9,1,0.07568570226430893
8460,8,9,0,-0.19651934504508972
8461,7,7,1,0.9995607137680054
8462,2,2,1,3.8726675510406494
8463,1,3,0,1.171270489692688
8464,6,6,1,3.978773355484009
8465,9,1,0,4.178462505340576
8466,7,9,0,0.0708295926451683
8467,3,3,1,1.01175057888031
8468,6,6,1,6.472001075744629
8469,5,3,0,1.2970024347305298
8470,8,3,0,1.3554964065551758
8471,0,8,0,5.50170373916626
8472,2,2,1,2.2236382961273193
8473,2,7,0,1.2372487783432007
8474,4,4,1,5.562609672546387
8475,9,3,0,3.8842618465423584
8476,0,3,0,2.348720073699951
8477,5,5,1,4.917234420776367
8478,5,3,0,1.9049283266067505
8479,4,0,0,0.1338939666748047
8480,2,6,0,3.3535044193267822
8481,3,3,1,1.3222850561141968
8482,1,8,0,4.444334506988525
8483,0,0,1,3.186497449874878
8484,3,4,0,1.0243690013885498
8485,0,0,1,4.417524337768555
8486,4,3,0,1.757429599761963
8487,4,3,0,0.5760699510574341
8488,9,3,0,0.524825930595398
8489,1,3,0,0.7237319946289062
8490,3,2,0,0.7373137474060059
8491,3,7,0,0.7097163200378418
8492,0,8,0,1.3566749095916748
8493,2,3,0,3.3338186740875244
8494,1,1,1,2.5552377700805664
8495,1,1,1,3.6179041862487793
8496,0,0,1,6.223754405975342
8497,4,4,1,4.978232383728027
8498,1,7,0,2.0853683948516846
8499,9,9,1,3.8780739307403564
8500,4,0,0,1.1735295057296753
8501,8,0,0,3.128492593765259
8502,1,1,1,4.2182087898254395
8503,1,6,0,1.9167762994766235
8504,1,9,0,4.077392578125
8505,5,5,1,3.5269789695739746
8506,9,9,1,2.200582265853882
8507,8,8,1,2.8647849559783936
8508,1,1,1,5.835968017578125
8509,6,6,1,3.8732388019561768
8510,7,5,0,0.6392179727554321
8511,2,3,0,2.697765588760376
8512,9,9,1,3.4602859020233154
8513,9,9,1,5.447775840759277
8514,7,3,0,0.9926027059555054
8515,8,8,1,5.4297871589660645
8516,8,8,1,5.176803112030029
8517,1,6,0,0.7890985608100891
8518,9,3,0,-0.33168864250183105
8519,7,7,1,0.8972815275192261
8520,8,9,0,1.8493947982788086
8521,9,0,0,3.012979507446289
8522,1,7,0,0.8519189357757568
8523,6,6,1,4.547295570373535
8524,6,6,1,2.7992427349090576
8525,3,3,1,1.562212347984314
8526,3,3,1,0.9824015498161316
8527,1,6,0,1.3283826112747192
8528,3,0,0,1.2150027751922607
8529,0,3,0,-0.027133386582136154
8530,8,8,1,8.676617622375488
8531,8,8,1,2.2245640754699707
8532,3,3,1,2.0146124362945557
8533,6,6,1,4.927607536315918
8534,6,6,1,8.545707702636719
8535,7,3,0,1.3421374559402466
8536,1,0,0,2.808750867843628
8537,0,0,1,4.472980499267578
8538,7,6,0,1.7459176778793335
8539,6,3,0,0.29776322841644287
8540,4,4,1,5.323303699493408
8541,8,8,1,7.794223308563232
8542,2,5,0,1.154347538948059
8543,0,0,1,3.9772932529449463
8544,6,6,1,1.6147382259368896
8545,6,3,0,4.053267478942871
8546,8,8,1,2.669503688812256
8547,6,6,1,5.318514823913574
8548,3,3,1,0.3569881319999695
8549,1,1,1,6.13583517074585
8550,1,5,0,2.246133804321289
8551,8,2,0,0.5161895155906677
8552,6,0,0,0.9887748956680298
8553,7,5,0,3.116630792617798
8554,0,0,1,2.845257043838501
8555,5,3,0,3.852851629257202
8556,4,4,1,1.6719924211502075
8557,3,6,0,4.435069561004639
8558,2,2,1,0.6092156767845154
8559,1,1,1,-0.03899509459733963
8560,7,6,0,0.7206641435623169
8561,8,3,0,2.7200820446014404
8562,2,2,1,0.810710072517395
8563,0,3,0,3.836059093475342
8564,1,2,0,3.7559666633605957
8565,7,7,1,1.4849841594696045
8566,4,0,0,1.0768663883209229
8567,8,8,1,3.4028854370117188
8568,7,7,1,-0.1588534414768219
8569,6,2,0,0.8879176378250122
8570,6,6,1,1.4630376100540161
8571,7,2,0,0.5736969113349915
8572,0,0,1,3.3803322315216064
8573,6,0,0,1.5624927282333374
8574,4,4,1,1.298094630241394
8575,9,8,0,2.1869921684265137
8576,2,3,0,2.4135735034942627
8577,3,6,0,1.7121894359588623
8578,2,3,0,4.4456377029418945
8579,1,9,0,1.815510630607605
8580,3,5,0,1.921141266822815
8581,8,6,0,0.6547009944915771
8582,6,6,1,5.424478054046631
8583,8,8,1,2.011345386505127
8584,1,1,1,5.856925964355469
8585,9,2,0,-0.021299125626683235
8586,6,3,0,1.440548300743103
8587,7,0,0,0.8930836319923401
8588,6,6,1,4.397185802459717
8589,5,3,0,3.9034435749053955
8590,0,5,0,0.27152004837989807
8591,6,2,0,0.6365984678268433
8592,0,0,1,4.3715925216674805
8593,1,1,1,3.8140106201171875
8594,3,6,0,1.8880879878997803
8595,1,1,1,5.604013442993164
8596,1,1,1,0.7474721074104309
8597,5,3,0,0.7185772061347961
8598,3,3,1,4.413447856903076
8599,4,6,0,2.9683592319488525
8600,3,6,0,-0.14003655314445496
8601,3,3,1,4.4255828857421875
8602,8,8,1,3.1680829524993896
8603,1,1,1,7.406706809997559
8604,6,6,1,2.817281723022461
8605,6,6,1,3.0377988815307617
8606,1,9,0,2.560783624649048
8607,8,3,0,1.515021562576294
8608,8,0,0,-0.9202494621276855
8609,6,3,0,2.053633689880371
8610,2,3,0,1.96452796459198
8611,7,6,0,-0.2949036955833435
8612,4,6,0,1.679023265838623
8613,6,3,0,1.2546442747116089
8614,8,1,0,0.9626787900924683
8615,9,6,0,1.1782522201538086
8616,3,6,0,4.299822807312012
8617,3,4,0,1.3650928735733032
8618,5,3,0,2.767707109451294
8619,5,5,1,0.6153982281684875
8620,3,9,0,0.6309669017791748
8621,1,1,1,8.99266242980957
8622,4,4,1,2.6944074630737305
8623,1,7,0,1.9859702587127686
8624,9,9,1,-0.8500844240188599
8625,5,3,0,4.664780139923096
8626,1,3,0,2.222177743911743
8627,7,2,0,2.2420620918273926
8628,7,6,0,-0.1801750808954239
8629,7,3,0,0.6408858895301819
8630,5,5,1,4.752715587615967
8631,2,3,0,0.23377974331378937
8632,3,6,0,0.4214528203010559
8633,3,2,0,0.6391533613204956
8634,6,2,0,2.3936970233917236
8635,6,3,0,4.7427897453308105
8636,6,4,0,1.485310435295105
8637,4,4,1,5.71889591217041
8638,0,0,1,1.6114705801010132
8639,7,0,0,-0.042937539517879486
8640,1,1,1,5.168825149536133
8641,7,7,1,3.084817886352539
8642,3,3,1,2.3551273345947266
8643,0,2,0,3.5193567276000977
8644,8,2,0,1.8959970474243164
8645,1,1,1,9.626773834228516
8646,2,2,1,3.560736894607544
8647,4,3,0,2.5574586391448975
8648,1,1,1,0.8975213170051575
8649,2,2,1,3.054192066192627
8650,2,2,1,2.792267322540283
8651,4,2,0,2.5801258087158203
8652,9,9,1,10.78431510925293
8653,8,2,0,0.9177461862564087
8654,2,3,0,1.0797430276870728
8655,8,5,0,1.5436395406723022
8656,7,7,1,0.4781002700328827
8657,6,6,1,0.08906212449073792
8658,3,3,1,0.47711822390556335
8659,4,2,0,-0.3001426160335541
8660,7,0,0,1.6135849952697754
8661,2,2,1,0.9710913896560669
8662,3,7,0,1.7422634363174438
8663,1,1,1,0.984740674495697
8664,5,3,0,3.059584140777588
8665,3,3,1,3.311136245727539
8666,0,2,0,0.838804304599762
8667,4,3,0,1.1763709783554077
8668,3,6,0,0.5408222675323486
8669,4,6,0,2.049894332885742
8670,9,3,0,1.2089449167251587
8671,4,3,0,1.595443606376648
8672,7,9,0,-0.3932889997959137
8673,9,2,0,0.24933205544948578
8674,1,6,0,0.04696138948202133
8675,7,7,1,6.474208831787109
8676,8,0,0,4.280268669128418
8677,3,5,0,4.6707353591918945
8678,1,1,1,8.429447174072266
8679,8,6,0,2.2263267040252686
8680,3,3,1,4.057009220123291
8681,2,3,0,3.087087869644165
8682,5,3,0,4.333076477050781
8683,7,3,0,0.9051432609558105
8684,2,6,0,0.5535350441932678
8685,7,7,1,1.7613427639007568
8686,9,7,0,0.5787105560302734
8687,6,6,1,1.674086093902588
8688,8,8,1,3.945565700531006
8689,6,6,1,7.198710918426514
8690,8,0,0,1.0114315748214722
8691,6,4,0,0.8566882610321045
8692,5,5,1,2.6945881843566895
8693,9,6,0,1.9935530424118042
8694,0,0,1,4.795517444610596
8695,4,2,0,0.5123735666275024
8696,8,8,1,2.1074681282043457
8697,5,5,1,2.7426705360412598
8698,6,6,1,2.1962735652923584
8699,4,5,0,4.046442031860352
8700,3,6,0,0.4944952726364136
8701,8,8,1,4.6624345779418945
8702,0,8,0,4.581466197967529
8703,4,2,0,3.6008522510528564
8704,8,8,1,3.698913335800171
8705,6,1,0,0.16263335943222046
8706,7,3,0,1.0912355184555054
8707,2,2,1,2.0762104988098145
8708,7,2,0,-0.3345634639263153
8709,1,3,0,2.188483476638794
8710,7,9,0,0.5897596478462219
8711,4,4,1,5.802988529205322
8712,1,1,1,2.333911418914795
8713,2,3,0,0.9900435209274292
8714,4,6,0,3.4438793659210205
8715,2,3,0,1.5863078832626343
8716,2,2,1,1.0150717496871948
8717,8,3,0,0.4689694046974182
8718,7,7,1,5.7179107666015625
8719,2,0,0,2.644266366958618
8720,2,0,0,4.251165866851807
8721,6,3,0,2.3096401691436768
8722,7,3,0,1.2925158739089966
8723,5,7,0,8.540743827819824
8724,6,2,0,6.193995475769043
8725,8,8,1,1.9667270183563232
8726,9,9,1,0.8013131022453308
8727,9,7,0,0.7420545816421509
8728,6,5,0,5.667418479919434
8729,5,5,1,3.452533006668091
8730,2,2,1,0.02460177056491375
8731,9,9,1,1.3985074758529663
8732,8,8,1,3.1018190383911133
8733,7,5,0,2.6884443759918213
8734,2,6,0,0.5668125152587891
8735,3,3,1,0.9172760248184204
8736,3,2,0,0.4477159082889557
8737,7,6,0,0.45321786403656006
8738,4,7,0,3.3473246097564697
8739,3,3,1,-0.00621578935533762
8740,2,2,1,2.598642587661743
8741,1,5,0,1.304551601409912
8742,9,1,0,0.19966180622577667
8743,0,5,0,2.0658230781555176
8744,1,1,1,5.146023273468018
8745,5,3,0,3.58038330078125
8746,3,0,0,0.8017495274543762
8747,2,2,1,2.2304816246032715
8748,6,6,1,3.54103422164917
8749,5,5,1,0.349649041891098
8750,9,0,0,0.007500788196921349
8751,1,3,0,1.7039530277252197
8752,5,3,0,2.904761552810669
8753,4,7,0,4.84534215927124
8754,3,3,1,4.420037746429443
8755,6,5,0,0.48140424489974976
8756,2,2,1,6.499721527099609
8757,8,6,0,2.410677194595337
8758,9,7,0,0.17590269446372986
8759,7,2,0,0.26941952109336853
8760,8,8,1,1.7083814144134521
8761,0,0,1,3.4162209033966064
8762,8,0,0,0.9240120053291321
8763,9,9,1,2.9088833332061768
8764,1,1,1,-0.07867465168237686
8765,2,2,1,1.4675343036651611
8766,5,5,1,3.7317731380462646
8767,7,2,0,1.679251790046692
8768,2,3,0,0.12768574059009552
8769,0,3,0,0.9560674428939819
8770,6,8,0,1.7871665954589844
8771,6,6,1,2.220097303390503
8772,1,1,1,9.852984428405762
8773,6,6,1,6.251156806945801
8774,3,3,1,1.2366336584091187
8775,1,3,0,-0.4929863214492798
8776,5,5,1,4.256321907043457
8777,0,2,0,2.1121747493743896
8778,3,3,1,1.6895278692245483
8779,7,7,1,2.5123627185821533
8780,4,3,0,2.7830066680908203
8781,6,6,1,6.83286714553833
8782,5,3,0,1.4166404008865356
8783,6,6,1,2.8862712383270264
8784,4,4,1,6.1922149658203125
8785,8,8,1,3.708400249481201
8786,3,6,0,2.070704698562622
8787,4,2,0,2.8519084453582764
8788,5,5,1,0.12147028744220734
8789,5,5,1,1.6831207275390625
8790,0,5,0,1.3117406368255615
8791,6,6,1,4.770517349243164
8792,6,4,0,2.362058162689209
8793,7,7,1,2.6964111328125
8794,5,3,0,2.7537214756011963
8795,0,2,0,5.993274211883545
8796,9,8,0,-0.22136591374874115
8797,9,9,1,8.360048294067383
8798,6,3,0,3.0978078842163086
8799,1,1,1,3.7429049015045166
8800,0,0,1,7.719142913818359
8801,4,5,0,0.8613299131393433
8802,6,6,1,6.011183738708496
8803,3,9,0,1.2093515396118164
8804,6,0,0,0.4799376428127289
8805,9,9,1,3.9218509197235107
8806,3,3,1,1.9848192930221558
8807,6,6,1,5.8673996925354
8808,6,6,1,7.357479572296143
8809,8,3,0,1.9776359796524048
8810,2,3,0,0.3923623263835907
8811,1,7,0,-0.9559153318405151
8812,0,0,1,6.190337181091309
8813,1,9,0,0.17501035332679749
8814,9,5,0,1.3394286632537842
8815,3,3,1,4.3419013023376465
8816,7,2,0,2.8045706748962402
8817,4,4,1,0.8821672201156616
8818,3,3,1,2.0892136096954346
8819,0,3,0,0.7494064569473267
8820,2,0,0,3.6150624752044678
8821,7,4,0,1.039655327796936
8822,6,6,1,4.263823986053467
8823,4,4,1,6.184638500213623
8824,3,5,0,3.477470874786377
8825,0,6,0,1.6918295621871948
8826,8,8,1,7.236845016479492
8827,2,5,0,0.10423056781291962
8828,0,3,0,2.551905393600464
8829,0,2,0,1.1819257736206055
8830,9,9,1,2.120760679244995
8831,6,3,0,4.1619181632995605
8832,6,3,0,4.253006935119629
8833,6,3,0,0.26561957597732544
8834,8,2,0,1.5204046964645386
8835,7,0,0,0.5100445747375488
8836,4,6,0,2.963732957839966
8837,1,1,1,5.690032958984375
8838,8,8,1,6.497247219085693
8839,1,1,1,3.1748199462890625
8840,2,2,1,3.632692337036133
8841,2,4,0,2.1461634635925293
8842,4,5,0,2.999269485473633
8843,8,5,0,5.972440242767334
8844,5,5,1,4.360986709594727
8845,2,4,0,0.7058664560317993
8846,6,6,1,5.948709487915039
8847,5,2,0,1.3625097274780273
8848,3,2,0,1.5595752000808716
8849,9,9,1,9.42791748046875
8850,1,9,0,1.3440825939178467
8851,0,0,1,3.045473337173462
8852,7,7,1,8.466939926147461
8853,2,2,1,2.4727725982666016
8854,4,4,1,1.487551212310791
8855,4,4,1,4.058197975158691
8856,0,0,1,1.9238454103469849
8857,0,7,0,1.269879937171936
8858,6,3,0,1.5435196161270142
8859,2,5,0,1.7754161357879639
8860,2,0,0,1.024492859840393
8861,4,6,0,1.3731756210327148
8862,0,0,1,4.355368614196777
8863,5,6,0,3.093123197555542
8864,9,9,1,9.408507347106934
8865,7,4,0,4.469573020935059
8866,1,3,0,2.7508347034454346
8867,8,3,0,1.7193114757537842
8868,4,4,1,1.4844435453414917
8869,5,6,0,2.990036725997925
8870,5,6,0,2.1799843311309814
8871,9,5,0,1.166228175163269
8872,8,2,0,2.817920207977295
8873,5,3,0,1.590896487236023
8874,7,2,0,1.7442705631256104
8875,8,8,1,1.7409467697143555
8876,0,9,0,0.7055893540382385
8877,9,3,0,1.2416726350784302
8878,8,2,0,0.6655110120773315
8879,9,6,0,0.33057478070259094
8880,1,1,1,2.5333526134490967
8881,6,6,1,3.8697409629821777
8882,3,3,1,2.507298469543457
8883,8,7,0,2.600736141204834
8884,0,0,1,1.5659356117248535
8885,3,3,1,3.7858505249023438
8886,4,7,0,0.9542863368988037
8887,4,6,0,1.1340365409851074
8888,8,8,1,1.9709203243255615
8889,4,4,1,1.4825750589370728
8890,8,0,0,2.737525224685669
8891,9,9,1,0.05157819017767906
8892,8,3,0,2.419706106185913
8893,6,6,1,7.9450836181640625
8894,0,0,1,5.380937099456787
8895,0,0,1,5.450052261352539
8896,8,8,1,7.296075820922852
8897,2,2,1,8.09559440612793
8898,7,7,1,6.4759721755981445
8899,4,4,1,5.274258136749268
8900,2,2,1,3.268738269805908
8901,5,7,0,-0.8973691463470459
8902,6,6,1,4.3667778968811035
8903,0,2,0,0.6030496954917908
8904,5,5,1,3.9421846866607666
8905,8,8,1,5.8074870109558105
8906,4,4,1,0.4473707675933838
8907,1,2,0,-0.10751818120479584
8908,9,9,1,5.836742877960205
8909,0,0,1,7.324636936187744
8910,1,1,1,1.2708556652069092
8911,4,6,0,0.7820099592208862
8912,4,5,0,1.5237040519714355
8913,8,0,0,1.9012901782989502
8914,4,2,0,2.846040964126587
8915,9,9,1,4.973342418670654
8916,6,6,1,1.5803725719451904
8917,0,0,1,4.71977424621582
8918,7,2,0,-0.17391228675842285
8919,7,7,1,4.31102991104126
8920,6,6,1,5.608836650848389
8921,8,0,0,4.018913269042969
8922,9,2,0,0.20294831693172455
8923,6,3,0,0.7692103385925293
8924,2,2,1,3.2189645767211914
8925,0,3,0,2.962416410446167
8926,4,3,0,1.7421112060546875
8927,9,6,0,0.5954807996749878
8928,4,4,1,3.3439836502075195
8929,9,3,0,0.9847796559333801
8930,3,6,0,0.852210283279419
8931,9,1,0,-0.28850439190864563
8932,6,0,0,1.5169451236724854
8933,6,6,1,6.655596733093262
8934,7,8,0,0.6022239923477173
8935,0,3,0,1.4695672988891602
8936,9,9,1,1.8403699398040771
8937,7,2,0,2.0952298641204834
8938,1,1,1,3.1348390579223633
8939,8,2,0,0.3829915225505829
8940,6,0,0,0.27829959988594055
8941,0,3,0,1.99526846408844
8942,6,6,1,0.007457340136170387
8943,7,5,0,0.572910726070404
8944,4,5,0,1.5746307373046875
8945,1,9,0,1.7869315147399902
8946,9,0,0,-0.20141594111919403
8947,4,6,0,3.305208921432495
8948,6,3,0,1.3706330060958862
8949,7,7,1,7.084424018859863
8950,9,9,1,6.72679328918457
8951,8,8,1,1.7095544338226318
8952,3,3,1,3.118135690689087
8953,9,3,0,-0.13779203593730927
8954,2,2,1,3.43205189704895
8955,1,1,1,2.440002918243408
8956,2,3,0,0.2286442369222641
8957,7,6,0,1.12870454788208
8958,6,6,1,2.6773617267608643
8959,1,8,0,2.242908477783203
8960,0,0,1,1.7869104146957397
8961,0,9,0,2.0989625453948975
8962,5,3,0,1.527201533317566
8963,6,4,0,1.158121943473816
8964,0,0,1,1.7552711963653564
8965,4,3,0,0.7826262712478638
8966,3,3,1,3.8506500720977783
8967,2,3,0,1.9911547899246216
8968,8,7,0,1.195536494255066
8969,8,8,1,10.507460594177246
8970,0,1,0,5.067197322845459
8971,6,6,1,4.121603965759277
8972,9,4,0,-0.2268373966217041
8973,5,3,0,4.477242946624756
8974,2,2,1,4.440739631652832
8975,8,8,1,7.738349437713623
8976,7,3,0,1.8679840564727783
8977,0,3,0,0.579071044921875
8978,6,6,1,7.0060954093933105
8979,5,5,1,4.381381988525391
8980,9,9,1,0.07862196117639542
8981,7,4,0,5.269098281860352
8982,2,3,0,1.4177272319793701
8983,3,4,0,2.7405834197998047
8984,6,6,1,5.682216167449951
8985,9,0,0,3.6120004653930664
8986,6,6,1,3.2247724533081055
8987,2,2,1,4.309054374694824
8988,2,7,0,1.217145562171936
8989,4,4,1,2.0115575790405273
8990,1,8,0,0.5468469858169556
8991,0,3,0,2.586186170578003
8992,5,5,1,9.410938262939453
8993,0,2,0,1.0144808292388916
8994,8,3,0,-1.034545660018921
8995,9,9,1,2.9527528285980225
8996,3,6,0,0.689742922782898
8997,5,2,0,2.6153249740600586
8998,9,9,1,10.0071382522583
8999,3,3,1,0.6517536640167236
9000,8,8,1,2.308588981628418
9001,1,8,0,2.5150094032287598
9002,6,6,1,2.3421809673309326
9003,3,6,0,3.159548044204712
9004,7,7,1,10.617767333984375
9005,5,5,1,0.35663339495658875
9006,6,2,0,2.5637056827545166
9007,2,2,1,1.0131803750991821
9008,0,8,0,-0.47068285942077637
9009,2,6,0,0.662143349647522
9010,8,8,1,1.9530153274536133
9011,2,6,0,4.0443434715271
9012,8,1,0,0.5367897152900696
9013,7,7,1,2.1867434978485107
9014,7,7,1,2.4437460899353027
9015,8,8,1,6.336129665374756
9016,1,1,1,6.639142036437988
9017,0,7,0,0.2644028067588806
9018,8,8,1,0.6895662546157837
9019,9,7,0,0.028112493455410004
9020,7,9,0,0.6850926876068115
9021,0,3,0,0.30617886781692505
9022,3,3,1,4.492741584777832
9023,8,8,1,4.031691551208496
9024,0,0,1,4.279740333557129
9025,5,5,1,2.1409950256347656
9026,9,9,1,6.692698001861572
9027,5,5,1,1.060943603515625
9028,8,0,0,3.201700448989868
9029,4,3,0,0.02665477618575096
9030,2,2,1,0.8542550802230835
9031,0,6,0,4.8993682861328125
9032,9,9,1,1.8674970865249634
9033,2,0,0,0.35439032316207886
9034,2,6,0,0.9051024913787842
9035,4,6,0,1.5913599729537964
9036,4,4,1,3.783212184906006
9037,9,9,1,6.034259796142578
9038,2,4,0,2.700821876525879
9039,2,6,0,2.6755340099334717
9040,2,5,0,2.0083625316619873
9041,5,6,0,0.6776953935623169
9042,1,7,0,0.33262160420417786
9043,3,3,1,4.20083475112915
9044,2,2,1,3.429863929748535
9045,0,0,1,2.510965585708618
9046,0,0,1,-0.39997372031211853
9047,4,3,0,1.1399441957473755
9048,0,3,0,0.9051943421363831
9049,6,6,1,3.4892916679382324
9050,5,3,0,2.2146317958831787
9051,8,0,0,1.3377387523651123
9052,0,0,1,3.4399545192718506
9053,5,6,0,-0.12442532926797867
9054,8,8,1,3.8980021476745605
9055,6,6,1,1.753214716911316
9056,4,2,0,3.327824592590332
9057,8,8,1,2.4188289642333984
9058,5,9,0,2.325084924697876
9059,2,2,1,0.07554717361927032
9060,9,3,0,3.4002530574798584
9061,7,7,1,3.916879892349243
9062,9,9,1,4.005862236022949
9063,7,7,1,2.237429618835449
9064,1,2,0,1.2965346574783325
9065,0,0,1,1.023541808128357
9066,1,2,0,0.262652724981308
9067,9,3,0,2.4597885608673096
9068,6,6,1,1.917989730834961
9069,9,0,0,0.21121355891227722
9070,2,2,1,5.077956199645996
9071,7,3,0,1.6639031171798706
9072,9,9,1,1.3498293161392212
9073,4,6,0,5.068652629852295
9074,4,6,0,1.1061893701553345
9075,0,0,1,4.343474864959717
9076,6,6,1,3.8436710834503174
9077,2,1,0,-0.02202008105814457
9078,4,0,0,1.746598243713379
9079,1,5,0,2.3604161739349365
9080,3,3,1,1.7631968259811401
9081,7,3,0,4.425424098968506
9082,2,6,0,2.344428777694702
9083,8,8,1,1.1040340662002563
9084,5,3,0,0.8130155801773071
9085,9,0,0,0.3818087875843048
9086,0,5,0,1.282743215560913
9087,3,6,0,2.2493250370025635
9088,2,2,1,0.9611888527870178
9089,3,3,1,3.432983636856079
9090,2,6,0,4.380358695983887
9091,7,6,0,0.5201668739318848
9092,6,3,0,2.5364956855773926
9093,3,3,1,2.1382675170898438
9094,2,3,0,1.9006296396255493
9095,5,5,1,2.633538007736206
9096,9,5,0,0.5792631506919861
9097,0,3,0,1.5991889238357544
9098,5,5,1,4.370426177978516
9099,9,6,0,0.47675156593322754
9100,9,9,1,0.3778470456600189
9101,8,8,1,12.2818021774292
9102,7,3,0,1.9968942403793335
9103,7,5,0,1.86134934425354
9104,4,3,0,1.9786908626556396
9105,8,8,1,5.227592945098877
9106,6,6,1,4.079648971557617
9107,5,7,0,1.4864633083343506
9108,2,2,1,2.5059049129486084
9109,3,3,1,-0.04255813732743263
9110,1,9,0,2.99446177482605
9111,0,0,1,3.674901008605957
9112,4,4,1,1.4353889226913452
9113,1,3,0,0.9086164236068726
9114,8,0,0,0.0447361022233963
9115,8,9,0,-0.7833677530288696
9116,4,3,0,1.136738657951355
9117,9,0,0,-0.9506853818893433
9118,4,4,1,4.8661675453186035
9119,4,4,1,1.5008023977279663
9120,3,5,0,1.0265847444534302
9121,3,3,1,2.3945653438568115
9122,9,1,0,2.3178837299346924
9123,2,3,0,1.1281745433807373
9124,0,0,1,2.8273768424987793
9125,1,7,0,0.570980429649353
9126,1,1,1,0.3084164559841156
9127,8,8,1,1.1391716003417969
9128,4,4,1,5.186213970184326
9129,4,4,1,3.2686939239501953
9130,8,0,0,1.4079962968826294
9131,3,3,1,0.8416135311126709
9132,2,3,0,2.2885472774505615
9133,9,3,0,4.666011333465576
9134,5,5,1,1.7462971210479736
9135,7,7,1,0.24147528409957886
9136,6,6,1,1.9804545640945435
9137,2,2,1,1.2710052728652954
9138,5,5,1,5.373310089111328
9139,4,4,1,9.964509010314941
9140,7,7,1,6.739437103271484
9141,3,3,1,4.510925769805908
9142,3,3,1,6.0021257400512695
9143,9,3,0,1.1587880849838257
9144,0,2,0,0.4418274760246277
9145,1,9,0,-1.712728500366211
9146,5,5,1,5.338181495666504
9147,9,3,0,4.000803470611572
9148,3,3,1,1.6822043657302856
9149,7,9,0,1.4752280712127686
9150,6,6,1,3.0566158294677734
9151,0,0,1,4.018503665924072
9152,4,2,0,0.7261466383934021
9153,2,5,0,1.9441689252853394
9154,2,2,1,0.302880197763443
9155,5,3,0,3.0800700187683105
9156,6,6,1,5.802685260772705
9157,3,3,1,1.9612298011779785
9158,8,8,1,3.113875389099121
9159,9,9,1,2.0091896057128906
9160,5,3,0,2.320180892944336
9161,6,3,0,0.9611533284187317
9162,1,7,0,0.08489366620779037
9163,4,4,1,10.826676368713379
9164,5,3,0,0.5346469879150391
9165,4,4,1,1.8547749519348145
9166,6,6,1,7.434909343719482
9167,7,7,1,12.291525840759277
9168,2,2,1,1.2079226970672607
9169,1,3,0,1.6217488050460815
9170,0,9,0,1.9534441232681274
9171,2,3,0,0.6986889243125916
9172,0,0,1,2.6159675121307373
9173,4,3,0,-0.9448091983795166
9174,9,6,0,2.009938955307007
9175,8,3,0,3.008294105529785
9176,8,3,0,2.6768534183502197
9177,9,1,0,4.787935733795166
9178,1,1,1,2.7534983158111572
9179,1,1,1,5.83664608001709
9180,5,5,1,5.407771110534668
9181,0,0,1,3.1751463413238525
9182,0,0,1,4.0914812088012695
9183,8,8,1,1.3768506050109863
9184,7,5,0,2.6464884281158447
9185,1,2,0,4.0764665603637695
9186,7,6,0,1.4637125730514526
9187,4,4,1,5.121766567230225
9188,5,2,0,2.5956759452819824
9189,4,4,1,2.720578193664551
9190,3,0,0,1.0415887832641602
9191,3,3,1,2.5842387676239014
9192,2,5,0,3.307809829711914
9193,0,1,0,1.4153573513031006
9194,6,6,1,6.825024127960205
9195,6,3,0,2.31636643409729
9196,0,0,1,3.3297736644744873
9197,1,5,0,0.924300491809845
9198,3,7,0,0.25284039974212646
9199,9,9,1,2.2860476970672607
9200,8,3,0,1.4521898031234741
9201,3,3,1,0.7189140915870667
9202,7,7,1,10.827217102050781
9203,8,8,1,6.126031398773193
9204,9,3,0,2.9613397121429443
9205,4,4,1,5.714222431182861
9206,8,8,1,4.4571452140808105
9207,9,9,1,1.059310793876648
9208,0,0,1,3.0222179889678955
9209,9,3,0,2.8080267906188965
9210,7,7,1,6.53081750869751
9211,1,1,1,-0.15650829672813416
9212,6,6,1,8.164449691772461
9213,2,2,1,3.4509315490722656
9214,9,9,1,3.594011068344116
9215,5,3,0,4.868720054626465
9216,6,6,1,0.7128149271011353
9217,9,7,0,1.4413385391235352
9218,3,3,1,5.215837001800537
9219,9,6,0,0.6236716508865356
9220,8,0,0,4.18718147277832
9221,7,3,0,1.9067621231079102
9222,7,7,1,3.2542829513549805
9223,1,2,0,1.0189290046691895
9224,6,6,1,0.6796998381614685
9225,5,3,0,1.7526358366012573
9226,3,3,1,0.9963921308517456
9227,1,0,0,0.5528622269630432
9228,3,3,1,1.2537964582443237
9229,1,3,0,0.6472169756889343
9230,2,2,1,-0.42844438552856445
9231,7,2,0,2.4753153324127197
9232,1,1,1,5.120639324188232
9233,8,8,1,0.5117283463478088
9234,2,2,1,3.5328526496887207
9235,0,0,1,5.120267868041992
9236,9,8,0,0.6976370811462402
9237,7,2,0,-0.28734850883483887
9238,9,3,0,1.1409664154052734
9239,8,8,1,0.9846363067626953
9240,8,8,1,2.8680450916290283
9241,6,6,1,5.786406993865967
9242,7,7,1,7.0204973220825195
9243,3,5,0,6.554139137268066
9244,7,2,0,0.39008432626724243
9245,1,1,1,3.5710866451263428
9246,3,3,1,1.7072137594223022
9247,9,9,1,2.0297811031341553
9248,0,0,1,1.065783143043518
9249,9,8,0,0.8849917054176331
9250,3,5,0,3.4358279705047607
9251,6,3,0,1.5614432096481323
9252,7,6,0,0.713670015335083
9253,2,0,0,1.84751558303833
9254,7,5,0,3.030111312866211
9255,3,3,1,2.2270078659057617
9256,0,0,1,2.9699628353118896
9257,5,5,1,3.0642282962799072
9258,9,7,0,1.0579302310943604
9259,7,7,1,0.6717960834503174
9260,5,3,0,3.3843963146209717
9261,5,5,1,5.5421600341796875
9262,0,3,0,1.3269027471542358
9263,6,6,1,5.217001914978027
9264,5,3,0,0.050778668373823166
9265,1,3,0,3.168562412261963
9266,8,0,0,4.329611301422119
9267,2,6,0,1.1784743070602417
9268,7,2,0,0.1168784350156784
9269,5,2,0,1.2506603002548218
9270,9,9,1,7.020678997039795
9271,0,0,1,3.981675863265991
9272,0,4,0,0.2045019268989563
9273,0,0,1,-0.4938078820705414
9274,8,7,0,0.7859551906585693
9275,8,8,1,4.0037102699279785
9276,7,7,1,7.786044120788574
9277,3,3,1,3.0726606845855713
9278,7,4,0,3.590944766998291
9279,8,3,0,3.5185389518737793
9280,9,2,0,0.43282532691955566
9281,3,3,1,0.1136583611369133
9282,7,7,1,6.458581924438477
9283,9,9,1,3.098851442337036
9284,7,7,1,13.921693801879883
9285,8,0,0,3.3332595825195312
9286,7,3,0,1.8522404432296753
9287,9,3,0,-0.22828595340251923
9288,8,3,0,0.36993008852005005
9289,5,5,1,3.3396167755126953
9290,4,4,1,5.040448188781738
9291,8,0,0,0.8912904262542725
9292,3,3,1,1.5715018510818481
9293,7,7,1,2.2504899501800537
9294,6,3,0,2.307800769805908
9295,3,6,0,2.485262155532837
9296,8,8,1,4.380904674530029
9297,2,2,1,0.42580080032348633
9298,1,8,0,2.4682374000549316
9299,9,9,1,2.5381901264190674
9300,5,6,0,2.4437263011932373
9301,7,3,0,0.3660733997821808
9302,3,4,0,-0.031579285860061646
9303,9,3,0,1.5451565980911255
9304,5,5,1,4.034078598022461
9305,5,7,0,1.2675045728683472
9306,8,5,0,1.7271078824996948
9307,7,5,0,1.1959376335144043
9308,3,5,0,2.0053539276123047
9309,5,3,0,4.498877048492432
9310,3,3,1,4.900669097900391
9311,5,5,1,4.890006065368652
9312,9,9,1,2.757882833480835
9313,7,7,1,2.8597424030303955
9314,6,3,0,1.0206505060195923
9315,7,2,0,3.986886978149414
9316,3,3,1,5.073676586151123
9317,6,6,1,3.878187656402588
9318,4,4,1,4.202402114868164
9319,3,3,1,1.0674561262130737
9320,9,3,0,0.19139030575752258
9321,4,4,1,8.316408157348633
9322,2,0,0,0.36743929982185364
9323,1,5,0,0.07808984816074371
9324,9,6,0,2.4389641284942627
9325,6,9,0,1.259359359741211
9326,0,0,1,5.74419641494751
9327,2,3,0,0.9059566259384155
9328,6,6,1,7.131528854370117
9329,7,7,1,5.131654739379883
9330,4,3,0,7.245306968688965
9331,7,2,0,0.46096235513687134
9332,9,9,1,0.12791183590888977
9333,0,0,1,3.859236001968384
9334,7,9,0,1.051716923713684
9335,4,7,0,6.16672420501709
9336,3,3,1,1.065449595451355
9337,5,3,0,2.8156402111053467
9338,3,6,0,1.5593574047088623
9339,1,5,0,2.611088752746582
9340,1,3,0,2.096757411956787
9341,2,6,0,0.3767167627811432
9342,6,6,1,3.3981919288635254
9343,8,6,0,2.7240631580352783
9344,2,2,1,0.5995537638664246
9345,1,3,0,0.8877921104431152
9346,7,7,1,2.0267348289489746
9347,8,8,1,5.615266799926758
9348,5,3,0,1.111084222793579
9349,9,9,1,6.861056327819824
9350,6,3,0,1.6638776063919067
9351,1,1,1,1.5180060863494873
9352,1,3,0,-0.19303107261657715
9353,5,2,0,2.278503656387329
9354,0,0,1,5.373456954956055
9355,6,3,0,1.9999281167984009
9356,0,0,1,1.119920253753662
9357,9,3,0,1.6147507429122925
9358,2,2,1,2.0658795833587646
9359,6,2,0,1.7974261045455933
9360,5,5,1,3.8096797466278076
9361,8,8,1,2.854611873626709
9362,9,3,0,3.2553131580352783
9363,5,3,0,0.8666170835494995
9364,5,6,0,3.3900034427642822
9365,6,6,1,7.601779937744141
9366,2,2,1,2.958559989929199
9367,9,5,0,1.4472843408584595
9368,1,9,0,0.9879608750343323
9369,5,6,0,1.2175493240356445
9370,8,5,0,1.37882661819458
9371,8,3,0,2.70086407661438
9372,7,7,1,2.895833969116211
9373,1,2,0,0.2710675597190857
9374,7,7,1,6.0333428382873535
9375,3,2,0,1.115514874458313
9376,5,3,0,0.6375299692153931
9377,4,3,0,1.4849263429641724
9378,9,9,1,5.138063907623291
9379,7,7,1,7.2073974609375
9380,5,3,0,1.7031668424606323
9381,2,2,1,-0.09770466387271881
9382,9,9,1,1.3436158895492554
9383,9,0,0,0.011372743174433708
9384,4,3,0,1.6911094188690186
9385,7,0,0,-0.08490859717130661
9386,4,2,0,3.2594964504241943
9387,1,2,0,3.904237985610962
9388,3,3,1,1.9686695337295532
9389,8,8,1,6.618696212768555
9390,7,7,1,9.731555938720703
9391,9,9,1,2.608377456665039
9392,0,3,0,2.35010027885437
9393,4,4,1,0.15702849626541138
9394,5,3,0,1.243238091468811
9395,7,0,0,0.2742479741573334
9396,5,0,0,1.4362497329711914
9397,2,7,0,0.5154538750648499
9398,8,3,0,1.472819447517395
9399,7,7,1,10.453024864196777
9400,6,6,1,5.077761650085449
9401,9,5,0,-0.34238508343696594
9402,6,6,1,5.462925434112549
9403,9,9,1,4.1895341873168945
9404,3,3,1,2.8759076595306396
9405,8,8,1,6.506020545959473
9406,5,3,0,2.906140089035034
9407,6,6,1,6.686783790588379
9408,6,6,1,5.131853103637695
9409,9,6,0,0.30107587575912476
9410,5,5,1,3.191836357116699
9411,7,6,0,0.6146846413612366
9412,8,3,0,1.8343082666397095
9413,0,0,1,6.543209552764893
9414,5,3,0,1.2550065517425537
9415,0,0,1,0.2409052550792694
9416,7,6,0,1.1995841264724731
9417,4,0,0,0.4732912480831146
9418,8,7,0,3.029505968093872
9419,2,1,0,0.22875599563121796
9420,5,5,1,0.7409078478813171
9421,1,9,0,1.463245153427124
9422,3,3,1,4.914294719696045
9423,2,2,1,2.506166458129883
9424,2,0,0,3.5049760341644287
9425,6,6,1,4.779104709625244
9426,2,2,1,3.450564384460449
9427,1,1,1,10.558277130126953
9428,7,0,0,2.3341517448425293
9429,4,2,0,0.29564419388771057
9430,6,0,0,0.573397159576416
9431,3,3,1,0.8464415073394775
9432,1,7,0,1.811010479927063
9433,3,7,0,1.1747705936431885
9434,7,6,0,1.958851933479309
9435,2,5,0,3.1684927940368652
9436,1,6,0,1.7459348440170288
9437,3,2,0,1.0683256387710571
9438,7,7,1,0.8370910882949829
9439,0,3,0,0.4758274555206299
9440,8,9,0,1.670913577079773
9441,4,2,0,1.9249703884124756
9442,4,9,0,1.5742344856262207
9443,5,5,1,4.90732479095459
9444,7,2,0,1.5996496677398682
9445,9,5,0,0.026224225759506226
9446,5,3,0,1.8214596509933472
9447,4,6,0,1.9839061498641968
9448,3,3,1,0.41120919585227966
9449,9,0,0,5.3647565841674805
9450,6,3,0,3.717741012573242
9451,8,3,0,1.045888066291809
9452,2,2,1,1.2604695558547974
9453,3,3,1,3.891143798828125
9454,3,3,1,6.056290149688721
9455,1,0,0,1.2796276807785034
9456,6,6,1,6.055999279022217
9457,1,1,1,3.582099199295044
9458,7,7,1,8.688474655151367
9459,0,5,0,2.794964075088501
9460,3,2,0,1.4628452062606812
9461,4,6,0,4.956825256347656
9462,2,0,0,4.090801239013672
9463,9,8,0,1.1734817028045654
9464,4,4,1,-0.4734025001525879
9465,5,7,0,1.4373078346252441
9466,8,1,0,1.5161629915237427
9467,2,5,0,1.4745957851409912
9468,7,7,1,1.3412296772003174
9469,0,0,1,5.7017412185668945
9470,9,3,0,1.9401259422302246
9471,6,6,1,2.3955771923065186
9472,8,5,0,2.325645685195923
9473,0,0,1,9.415868759155273
9474,8,1,0,2.299649953842163
9475,2,2,1,7.400920867919922
9476,8,8,1,6.286367893218994
9477,5,5,1,4.841209888458252
9478,7,7,1,7.487246036529541
9479,7,7,1,4.050396919250488
9480,2,3,0,3.08331036567688
9481,2,2,1,1.4703397750854492
9482,0,7,0,3.3490922451019287
9483,0,5,0,1.8916552066802979
9484,0,3,0,1.289667010307312
9485,7,7,1,1.9587169885635376
9486,4,0,0,2.423128843307495
9487,1,1,1,9.524065971374512
9488,6,8,0,1.6501333713531494
9489,6,6,1,3.883970022201538
9490,8,2,0,2.1911635398864746
9491,8,5,0,1.1449370384216309
9492,9,3,0,2.9170708656311035
9493,0,0,1,2.390378952026367
9494,9,0,0,0.45679429173469543
9495,0,0,1,1.9063953161239624
9496,1,3,0,1.3869580030441284
9497,3,6,0,2.3651678562164307
9498,3,6,0,1.609394907951355
9499,0,9,0,0.49690380692481995
9500,9,9,1,3.850095510482788
9501,6,0,0,1.1541309356689453
9502,6,6,1,6.390445232391357
9503,2,2,1,0.8962931632995605
9504,6,6,1,3.733074426651001
9505,3,3,1,1.9613441228866577
9506,4,2,0,1.4685472249984741
9507,0,0,1,5.970334053039551
9508,8,0,0,0.8868382573127747
9509,4,2,0,3.6770565509796143
9510,1,3,0,0.5219236612319946
9511,4,4,1,5.037569046020508
9512,0,2,0,4.08173131942749
9513,6,6,1,3.0774967670440674
9514,5,5,1,1.7311437129974365
9515,0,7,0,-0.5192185640335083
9516,9,9,1,6.139491558074951
9517,9,2,0,1.2845999002456665
9518,9,3,0,1.5567783117294312
9519,9,7,0,2.051693916320801
9520,1,1,1,6.068779945373535
9521,2,2,1,2.3134381771087646
9522,3,4,0,0.8625878095626831
9523,5,3,0,-0.4951757788658142
9524,4,6,0,2.3450517654418945
9525,2,3,0,0.7981098294258118
9526,9,2,0,0.14795871078968048
9527,6,3,0,2.048658609390259
9528,0,0,1,1.8768664598464966
9529,9,3,0,1.504323124885559
9530,6,6,1,3.0776288509368896
9531,6,2,0,0.9409250020980835
9532,8,8,1,2.906374931335449
9533,0,0,1,5.775052070617676
9534,6,6,1,8.572823524475098
9535,1,6,0,1.9971002340316772
9536,4,4,1,4.157718181610107
9537,6,6,1,1.515186071395874
9538,8,9,0,1.7638922929763794
9539,0,0,1,8.218356132507324
9540,5,5,1,1.1049628257751465
9541,4,3,0,2.129410743713379
9542,1,9,0,0.6815617680549622
9543,2,7,0,0.523124635219574
9544,0,2,0,1.573646903038025
9545,9,9,1,0.4731336534023285
9546,6,6,1,3.9444875717163086
9547,4,4,1,5.961117267608643
9548,2,3,0,1.606369137763977
9549,4,5,0,0.9621217846870422
9550,6,6,1,1.2749167680740356
9551,5,5,1,2.197674036026001
9552,9,3,0,3.5805532932281494
9553,7,3,0,2.305386781692505
9554,7,7,1,1.6360726356506348
9555,4,4,1,3.4645657539367676
9556,6,6,1,1.590349793434143
9557,5,3,0,1.4813724756240845
9558,0,0,1,1.6342153549194336
9559,1,7,0,2.7213809490203857
9560,9,9,1,1.3870726823806763
9561,0,0,1,7.554021835327148
9562,3,3,1,4.127782344818115
9563,1,2,0,2.6944782733917236
9564,9,9,1,5.948124408721924
9565,0,0,1,7.535224914550781
9566,9,9,1,0.6602178812026978
9567,7,3,0,-0.2094108611345291
9568,8,8,1,6.740102767944336
9569,6,3,0,0.6812593936920166
9570,7,7,1,4.726658344268799
9571,6,3,0,3.1762211322784424
9572,8,8,1,3.632626533508301
9573,2,5,0,2.6906960010528564
9574,4,4,1,4.444197654724121
9575,5,3,0,-0.06618048995733261
9576,3,3,1,3.1395750045776367
9577,0,0,1,1.8117974996566772
9578,3,3,1,3.1770451068878174
9579,2,6,0,0.6817646026611328
9580,1,1,1,8.449231147766113
9581,7,7,1,4.802245616912842
9582,5,5,1,1.1183748245239258
9583,9,0,0,0.6843249797821045
9584,3,6,0,1.8390558958053589
9585,4,3,0,1.3383761644363403
9586,5,5,1,3.299384355545044
9587,7,3,0,0.6212599277496338
9588,1,9,0,3.252962827682495
9589,5,8,0,2.4674859046936035
9590,0,6,0,3.2418129444122314
9591,1,1,1,10.013298988342285
9592,1,3,0,0.5660827159881592
9593,1,1,1,2.4654202461242676
9594,9,5,0,0.5897571444511414
9595,7,5,0,1.821236252784729
9596,5,2,0,0.45303457975387573
9597,4,5,0,-0.5679410099983215
9598,9,6,0,2.0017664432525635
9599,7,7,1,1.5070632696151733
9600,8,8,1,5.1267924308776855
9601,1,7,0,0.880232572555542
9602,0,2,0,1.3680455684661865
9603,2,2,1,4.926669120788574
9604,8,3,0,1.026677131652832
9605,5,4,0,2.140639305114746
9606,6,6,1,1.7120229005813599
9607,7,4,0,4.240550518035889
9608,0,0,1,4.035935878753662
9609,1,3,0,1.2874852418899536
9610,4,6,0,1.6661653518676758
9611,8,0,0,0.6423302888870239
9612,4,4,1,4.356040000915527
9613,4,2,0,2.11114764213562
9614,6,6,1,6.667541980743408
9615,6,6,1,6.47553014755249
9616,5,3,0,0.5184661149978638
9617,8,8,1,3.2162718772888184
9618,1,3,0,1.683953046798706
9619,8,8,1,6.244726657867432
9620,4,5,0,3.6880061626434326
9621,6,6,1,2.205890417098999
9622,5,5,1,2.436338424682617
9623,9,9,1,2.9749844074249268
9624,2,3,0,1.9187532663345337
9625,2,1,0,-0.41411104798316956
9626,1,8,0,0.4122025668621063
9627,4,4,1,5.772242069244385
9628,9,3,0,0.38543692231178284
9629,1,6,0,1.3699148893356323
9630,6,6,1,3.477546215057373
9631,7,8,0,-0.15609483420848846
9632,2,2,1,3.0564348697662354
9633,0,7,0,1.6662402153015137
9634,1,1,1,1.3060030937194824
9635,7,9,0,0.8851720094680786
9636,6,6,1,5.2869367599487305
9637,5,9,0,1.5725475549697876
9638,2,2,1,0.553507387638092
9639,2,4,0,0.9100821018218994
9640,5,5,1,1.5452783107757568
9641,6,6,1,3.23757004737854
9642,0,0,1,3.0131053924560547
9643,9,0,0,3.5972025394439697
9644,0,3,0,0.17641998827457428
9645,1,3,0,2.3641622066497803
9646,5,7,0,1.4205530881881714
9647,3,2,0,1.7439178228378296
9648,3,3,1,3.629579782485962
9649,5,6,0,2.796718120574951
9650,8,8,1,4.9650349617004395
9651,7,7,1,4.672759532928467
9652,5,5,1,1.8001240491867065
9653,6,6,1,0.6030504703521729
9654,5,3,0,0.670128583908081
9655,8,8,1,5.181666851043701
9656,0,3,0,3.4281108379364014
9657,5,5,1,3.448132038116455
9658,9,1,0,-0.394415944814682
9659,4,2,0,1.8438091278076172
9660,6,9,0,2.4496562480926514
9661,5,7,0,0.3032208979129791
9662,1,1,1,14.069963455200195
9663,1,3,0,-0.06761438399553299
9664,0,0,1,4.699660301208496
9665,3,6,0,2.1379477977752686
9666,3,3,1,0.7070360779762268
9667,9,1,0,0.2630573809146881
9668,4,7,0,1.9133673906326294
9669,8,2,0,0.8425041437149048
9670,1,1,1,7.12470006942749
9671,7,2,0,0.9729123115539551
9672,7,3,0,1.2678477764129639
9673,9,9,1,5.448174953460693
9674,9,3,0,1.2746738195419312
9675,4,3,0,1.3609540462493896
9676,3,3,1,2.67329478263855
9677,6,6,1,9.730064392089844
9678,3,0,0,0.9977747201919556
9679,2,2,1,2.5929596424102783
9680,8,0,0,1.0313142538070679
9681,2,0,0,0.43836402893066406
9682,7,3,0,2.146394968032837
9683,6,6,1,2.9884631633758545
9684,7,2,0,0.5485186576843262
9685,0,0,1,6.623116493225098
9686,2,2,1,0.9004518985748291
9687,1,2,0,0.7828842401504517
9688,2,0,0,3.2708606719970703
9689,9,9,1,1.9145596027374268
9690,4,2,0,4.757936954498291
9691,6,6,1,2.5423991680145264
9692,9,3,0,1.340168833732605
9693,6,6,1,4.677785396575928
9694,1,9,0,1.0084154605865479
9695,0,0,1,5.711246967315674
9696,1,1,1,4.887973785400391
9697,8,0,0,4.460719585418701
9698,7,7,1,0.6307073831558228
9699,0,6,0,0.686583399772644
9700,0,7,0,2.0104458332061768
9701,4,4,1,2.123643398284912
9702,7,2,0,3.246999740600586
9703,4,3,0,0.5803844928741455
9704,2,2,1,1.9655717611312866
9705,6,5,0,1.519887924194336
9706,9,9,1,2.5588438510894775
9707,5,3,0,1.2838445901870728
9708,9,2,0,1.7304245233535767
9709,0,0,1,4.468778610229492
9710,7,2,0,1.0828930139541626
9711,4,4,1,3.171234607696533
9712,5,5,1,7.858213901519775
9713,8,0,0,1.8676930665969849
9714,1,0,0,1.8607677221298218
9715,4,4,1,1.8913891315460205
9716,7,6,0,1.44127357006073
9717,9,9,1,10.153329849243164
9718,9,3,0,0.6912655830383301
9719,8,8,1,6.9992523193359375
9720,8,5,0,2.5327022075653076
9721,6,6,1,1.7580667734146118
9722,3,3,1,3.2850327491760254
9723,7,7,1,2.7170498371124268
9724,0,0,1,2.948164939880371
9725,8,8,1,4.705767631530762
9726,9,9,1,3.296701192855835
9727,6,6,1,2.423076868057251
9728,2,2,1,1.3754122257232666
9729,4,2,0,4.152003765106201
9730,6,6,1,3.5025463104248047
9731,2,6,0,1.5996819734573364
9732,9,2,0,1.5654600858688354
9733,7,9,0,0.5196245312690735
9734,4,2,0,1.2021397352218628
9735,6,6,1,1.0278264284133911
9736,8,3,0,0.41587188839912415
9737,5,3,0,0.3927704989910126
9738,6,6,1,4.467716693878174
9739,1,9,0,-0.10776970535516739
9740,3,6,0,6.401830673217773
9741,5,3,0,0.8611752986907959
9742,9,7,0,1.0307364463806152
9743,9,1,0,-0.44262009859085083
9744,1,3,0,1.1353799104690552
9745,3,3,1,3.8422813415527344
9746,2,9,0,0.6745999455451965
9747,0,3,0,0.45375001430511475
9748,3,3,1,3.3513190746307373
9749,0,0,1,3.079960823059082
9750,2,2,1,3.941236734390259
9751,0,8,0,3.5235519409179688
9752,7,7,1,2.4418396949768066
9753,3,5,0,2.5411577224731445
9754,9,9,1,4.350283622741699
9755,3,6,0,0.9748099446296692
9756,5,7,0,1.054826259613037
9757,7,7,1,1.172811508178711
9758,6,6,1,1.8553054332733154
9759,5,5,1,4.708868980407715
9760,9,9,1,4.460270881652832
9761,5,5,1,4.0352678298950195
9762,6,6,1,10.029621124267578
9763,1,2,0,3.0178513526916504
9764,2,2,1,1.243939757347107
9765,4,2,0,1.754151701927185
9766,0,2,0,3.0644235610961914
9767,2,2,1,6.235002040863037
9768,7,6,0,-0.14752788841724396
9769,8,0,0,0.3772999942302704
9770,4,6,0,1.4319353103637695
9771,4,4,1,4.316276550292969
9772,0,0,1,4.615041732788086
9773,9,3,0,1.2118110656738281
9774,5,3,0,1.0880259275436401
9775,9,7,0,-0.5789734125137329
9776,2,6,0,0.991606593132019
9777,9,9,1,7.749860763549805
9778,3,3,1,2.005582094192505
9779,2,2,1,3.883532762527466
9780,4,5,0,4.923047065734863
9781,3,3,1,2.1505930423736572
9782,2,7,0,0.12209679931402206
9783,2,2,1,4.684440612792969
9784,8,8,1,6.9135422706604
9785,8,5,0,5.116033554077148
9786,6,6,1,1.5214794874191284
9787,8,8,1,2.646430492401123
9788,1,1,1,6.498339653015137
9789,6,2,0,3.291768789291382
9790,8,9,0,1.265947699546814
9791,9,9,1,2.080655813217163
9792,8,8,1,1.658937931060791
9793,2,5,0,-0.20968082547187805
9794,1,3,0,2.914874315261841
9795,4,3,0,1.5956158638000488
9796,9,9,1,3.6079063415527344
9797,1,2,0,0.03825582563877106
9798,5,0,0,0.6817111968994141
9799,7,7,1,7.983659267425537
9800,1,3,0,2.034716844558716
9801,6,0,0,1.3159643411636353
9802,0,0,1,4.16245174407959
9803,1,1,1,8.433952331542969
9804,5,2,0,1.7317677736282349
9805,2,0,0,3.6304900646209717
9806,8,8,1,1.4014310836791992
9807,1,1,1,4.686704158782959
9808,1,1,1,2.3042140007019043
9809,3,3,1,2.2450268268585205
9810,8,6,0,1.0041217803955078
9811,1,6,0,-0.3217775821685791
9812,3,7,0,2.7030439376831055
9813,1,9,0,4.006557941436768
9814,8,3,0,1.2997490167617798
9815,5,5,1,3.296682834625244
9816,1,2,0,1.4244745969772339
9817,9,1,0,4.980293273925781
9818,0,4,0,1.0010133981704712
9819,3,5,0,3.788431406021118
9820,0,8,0,-0.47360390424728394
9821,4,4,1,5.106245040893555
9822,0,0,1,2.422614812850952
9823,5,8,0,0.4055960178375244
9824,1,4,0,0.6729717254638672
9825,2,4,0,3.1587963104248047
9826,0,2,0,4.1245598793029785
9827,4,4,1,3.8716769218444824
9828,9,0,0,1.0866118669509888
9829,5,2,0,0.36118584871292114
9830,1,1,1,0.17098712921142578
9831,2,0,0,-0.07967562228441238
9832,2,3,0,1.843196153640747
9833,7,6,0,0.15040303766727448
9834,8,8,1,6.345046520233154
9835,7,5,0,-0.0002320399507880211
9836,2,0,0,3.397796630859375
9837,4,3,0,1.1717208623886108
9838,5,5,1,0.22734296321868896
9839,3,3,1,2.1903867721557617
9840,4,7,0,2.675405740737915
9841,0,2,0,2.5974788665771484
9842,6,4,0,2.9912824630737305
9843,1,1,1,7.127840042114258
9844,5,3,0,1.113603115081787
9845,9,9,1,2.8754584789276123
9846,8,2,0,2.175330400466919
9847,0,2,0,0.6946653127670288
9848,2,3,0,1.5790860652923584
9849,0,0,1,5.179442405700684
9850,7,7,1,1.9402614831924438
9851,6,2,0,2.467024326324463
9852,0,0,1,2.084338665008545
9853,5,8,0,0.6518044471740723
9854,9,9,1,3.7166872024536133
9855,7,7,1,4.504702568054199
9856,5,5,1,5.311617851257324
9857,0,2,0,1.4632352590560913
9858,4,4,1,3.049406051635742
9859,6,3,0,0.7480583190917969
9860,0,7,0,1.1677604913711548
9861,6,6,1,5.4367899894714355
9862,3,0,0,2.6627111434936523
9863,6,6,1,3.4900600910186768
9864,8,8,1,0.6578803658485413
9865,1,3,0,0.48733705282211304
9866,1,9,0,0.7275723814964294
9867,8,9,0,0.8059363961219788
9868,9,6,0,3.489950656890869
9869,7,6,0,0.9560535550117493
9870,2,3,0,0.6091815233230591
9871,9,1,0,1.7164397239685059
9872,0,6,0,0.36905360221862793
9873,2,3,0,1.0703649520874023
9874,2,2,1,1.8332420587539673
9875,9,2,0,-0.1442454308271408
9876,0,0,1,2.9099996089935303
9877,6,3,0,2.7109153270721436
9878,5,3,0,3.029083251953125
9879,7,0,0,-0.24604670703411102
9880,7,3,0,-0.5498101711273193
9881,9,9,1,4.8503031730651855
9882,1,6,0,-0.06429094821214676
9883,7,7,1,0.9923350811004639
9884,9,9,1,3.1704776287078857
9885,8,8,1,6.50099515914917
9886,4,7,0,2.3928163051605225
9887,5,2,0,-0.983714759349823
9888,0,0,1,4.950241565704346
9889,8,8,1,3.2122271060943604
9890,0,0,1,4.1025800704956055
9891,2,3,0,-0.06649362295866013
9892,5,0,0,1.714910864830017
9893,2,6,0,2.4358956813812256
9894,1,3,0,1.702536940574646
9895,4,3,0,0.49406278133392334
9896,4,6,0,3.250840187072754
9897,8,8,1,4.500603675842285
9898,9,7,0,-0.0982910618185997
9899,7,7,1,4.700769901275635
9900,8,0,0,-0.9005744457244873
9901,3,3,1,1.101752758026123
9902,6,9,0,0.7550129294395447
9903,6,4,0,0.1761082410812378
9904,0,0,1,2.7453343868255615
9905,1,1,1,1.406467080116272
9906,1,1,1,7.61668062210083
9907,1,1,1,4.066518783569336
9908,8,3,0,1.8922094106674194
9909,1,3,0,0.8421721458435059
9910,4,7,0,2.7090981006622314
9911,4,6,0,2.7532238960266113
9912,0,0,1,6.681013107299805
9913,7,7,1,3.850465774536133
9914,8,8,1,3.721843719482422
9915,2,4,0,3.0644478797912598
9916,1,0,0,1.399137258529663
9917,2,3,0,0.7443804740905762
9918,5,3,0,0.8241888284683228
9919,4,3,0,1.7100805044174194
9920,6,4,0,7.604185104370117
9921,0,6,0,4.723548412322998
9922,5,5,1,1.9935905933380127
9923,7,7,1,3.164632558822632
9924,4,2,0,0.07631911337375641
9925,4,4,1,3.472784996032715
9926,3,2,0,0.6731653213500977
9927,9,3,0,2.295964002609253
9928,5,2,0,1.1176151037216187
9929,8,0,0,3.115281820297241
9930,8,0,0,0.32132259011268616
9931,0,0,1,3.524338722229004
9932,8,3,0,1.2229557037353516
9933,7,6,0,3.5841012001037598
9934,4,2,0,1.2834317684173584
9935,1,3,0,0.4003685414791107
9936,8,8,1,3.0203607082366943
9937,4,6,0,0.9727833271026611
9938,9,5,0,1.2050855159759521
9939,5,5,1,3.639488935470581
9940,4,5,0,4.218412399291992
9941,1,1,1,4.050758361816406
9942,7,2,0,0.25726044178009033
9943,7,3,0,1.793269395828247
9944,7,7,1,11.27568244934082
9945,7,4,0,1.7883106470108032
9946,0,0,1,6.493359565734863
9947,3,3,1,4.190560817718506
9948,8,0,0,0.6273527145385742
9949,3,5,0,0.5562469363212585
9950,3,3,1,3.321690320968628
9951,0,0,1,1.9694992303848267
9952,5,5,1,1.134901523590088
9953,7,3,0,0.3330686688423157
9954,0,0,1,3.6242988109588623
9955,8,3,0,2.5579957962036133
9956,0,2,0,1.434665322303772
9957,0,9,0,0.8102088570594788
9958,9,9,1,1.995045781135559
9959,2,3,0,1.6734715700149536
9960,2,2,1,0.7314847111701965
9961,3,3,1,0.3251303434371948
9962,4,6,0,1.468680500984192
9963,8,0,0,3.965792417526245
9964,2,2,1,-0.19385842978954315
9965,2,6,0,1.8500310182571411
9966,6,3,0,1.2642852067947388
9967,3,3,1,2.374645948410034
9968,3,6,0,1.9657689332962036
9969,6,6,1,4.551497459411621
9970,2,0,0,8.033105850219727
9971,9,1,0,4.302979469299316
9972,4,2,0,0.6925458312034607
9973,0,0,1,1.9119020700454712
9974,1,1,1,2.9399313926696777
9975,7,7,1,1.1906429529190063
9976,5,5,1,6.0019001960754395
9977,5,5,1,3.2478854656219482
9978,7,7,1,4.9954094886779785
9979,3,5,0,3.045753002166748
9980,0,0,1,1.954048991203308
9981,4,4,1,5.076255798339844
9982,2,3,0,0.552034854888916
9983,0,6,0,1.112693428993225
9984,7,7,1,-0.5222123861312866
9985,5,0,0,-0.05007057636976242
9986,8,8,1,1.9777896404266357
9987,0,0,1,2.3234052658081055
9988,8,9,0,2.189765691757202
9989,2,6,0,2.0849063396453857
9990,7,7,1,3.8837504386901855
9991,0,0,1,7.495261192321777
9992,3,3,1,3.569162368774414
9993,5,3,0,0.5265881419181824
9994,3,6,0,0.2630844712257385
9995,8,3,0,1.5330617427825928
9996,3,3,1,1.763458013534546
9997,5,3,0,1.829076886177063
9998,1,7,0,1.1684058904647827
9999,7,2,0,3.6506662368774414
