sample_idx,true_label,pred_label,correct,confidence
0,1,0,0,1.6206375360488892
1,1,0,0,1.4227938652038574
2,1,0,0,1.2545822858810425
3,1,0,0,3.1740562915802
4,1,1,1,1.239961862564087
5,1,1,1,1.248555064201355
6,1,1,1,2.4800333976745605
7,1,1,1,3.8688483238220215
8,1,1,1,1.0815497636795044
9,1,1,1,3.827755928039551
10,1,0,0,0.78317791223526
11,1,1,1,1.5322152376174927
12,1,1,1,3.1174957752227783
13,1,1,1,2.1045923233032227
14,1,0,0,0.7320634126663208
15,1,0,0,4.1620564460754395
16,1,1,1,0.8576379418373108
17,1,1,1,2.2535500526428223
18,1,0,0,0.8156912922859192
19,1,0,0,0.8291878700256348
20,1,0,0,4.474503040313721
21,1,0,0,2.3871407508850098
22,1,1,1,0.6759921908378601
23,1,1,1,1.177552342414856
24,1,1,1,4.8119330406188965
25,1,1,1,8.045424461364746
26,1,1,1,0.4368269443511963
27,1,0,0,2.8957862854003906
28,1,1,1,1.3793609142303467
29,1,0,0,5.901381492614746
30,1,1,1,0.8094363212585449
31,1,0,0,0.30153948068618774
32,1,1,1,1.2518080472946167
33,1,1,1,1.9205909967422485
34,1,0,0,3.3013806343078613
35,1,1,1,1.0262906551361084
36,1,1,1,0.09897646307945251
37,1,0,0,0.9567402601242065
38,1,1,1,8.141786575317383
39,1,0,0,4.920734405517578
40,1,0,0,0.5787768959999084
41,1,0,0,1.1905083656311035
42,1,1,1,8.270831108093262
43,1,1,1,0.1954403668642044
44,1,1,1,3.3644227981567383
45,1,0,0,3.5643415451049805
46,1,1,1,1.734802484512329
47,1,0,0,0.9987427592277527
48,1,1,1,1.652350664138794
49,1,1,1,1.279771089553833
50,1,0,0,2.3422815799713135
51,1,1,1,1.598865270614624
52,1,1,1,0.5024141073226929
53,1,1,1,7.830259799957275
54,1,0,0,1.4043357372283936
55,1,1,1,1.0239917039871216
56,1,1,1,0.5934991836547852
57,1,0,0,1.0127966403961182
58,1,0,0,0.6536278128623962
59,1,1,1,0.8101475834846497
60,1,1,1,0.0674603134393692
61,1,1,1,0.10024504363536835
62,1,1,1,2.734333038330078
63,1,1,1,3.3279147148132324
64,1,0,0,0.3999648094177246
65,1,1,1,4.114302158355713
66,1,0,0,0.9970678687095642
67,1,1,1,1.3654731512069702
68,1,0,0,9.006717681884766
69,1,0,0,2.2634544372558594
70,1,1,1,3.3956379890441895
71,1,0,0,2.6236698627471924
72,1,0,0,2.008376121520996
73,1,1,1,2.3937137126922607
74,1,0,0,1.838893175125122
75,1,1,1,2.9470105171203613
76,1,1,1,3.129077196121216
77,1,0,0,0.7141762971878052
78,1,1,1,1.3744276762008667
79,1,0,0,0.9889861941337585
80,1,0,0,0.47240665555000305
81,1,0,0,1.0767710208892822
82,1,0,0,1.486462950706482
83,1,1,1,2.0838425159454346
84,1,1,1,2.3813180923461914
85,1,1,1,0.6580758690834045
86,1,1,1,1.8698948621749878
87,1,1,1,0.9991977214813232
88,1,1,1,0.31901484727859497
89,1,0,0,3.8888678550720215
90,1,1,1,2.956725597381592
91,1,0,0,3.2380752563476562
92,1,0,0,2.571784257888794
93,1,0,0,1.9587440490722656
94,1,0,0,4.131836891174316
95,1,0,0,5.752313137054443
96,1,1,1,1.6650758981704712
97,1,0,0,4.35480260848999
98,1,0,0,1.7272926568984985
99,1,1,1,1.695879340171814
100,1,1,1,1.7892318964004517
101,1,0,0,4.527250289916992
102,1,0,0,0.8692131638526917
103,1,1,1,1.7670384645462036
104,1,0,0,1.407768964767456
105,1,0,0,5.389952659606934
106,1,1,1,1.007633924484253
107,1,1,1,3.5873630046844482
108,1,1,1,2.7319347858428955
109,1,1,1,2.5925841331481934
110,1,1,1,1.4441910982131958
111,1,0,0,4.548723220825195
112,1,0,0,2.1224966049194336
113,1,0,0,6.126277923583984
114,1,0,0,0.08663167804479599
115,1,0,0,1.4477965831756592
116,1,1,1,0.5247507095336914
117,1,0,0,1.7174928188323975
118,1,0,0,1.7952353954315186
119,1,0,0,1.5295978784561157
120,1,0,0,1.4940612316131592
121,1,1,1,0.1612531840801239
122,1,0,0,3.8033947944641113
123,1,0,0,2.686532974243164
124,1,0,0,2.0512611865997314
125,1,0,0,0.8935032486915588
126,1,1,1,2.6781749725341797
127,1,1,1,2.2669930458068848
128,1,1,1,1.560822606086731
129,1,0,0,5.085055351257324
130,1,0,0,4.5872802734375
131,1,1,1,0.7648648023605347
132,1,1,1,2.2359797954559326
133,1,1,1,5.0150370597839355
134,1,0,0,4.985569000244141
135,1,1,1,3.050262689590454
136,1,0,0,2.464742422103882
137,1,0,0,1.1722908020019531
138,1,1,1,2.5439445972442627
139,1,0,0,0.6160189509391785
140,1,1,1,1.8995698690414429
141,1,0,0,1.4300756454467773
142,1,0,0,0.13843192160129547
143,1,1,1,1.9280089139938354
144,1,0,0,2.1664977073669434
145,1,0,0,0.8246347308158875
146,1,0,0,2.56522274017334
147,1,1,1,0.7252344489097595
148,1,1,1,2.155101776123047
149,1,0,0,0.5499748587608337
150,1,1,1,2.3835997581481934
151,1,1,1,1.5587407350540161
152,1,0,0,1.1030306816101074
153,1,1,1,1.1318289041519165
154,1,1,1,2.2452259063720703
155,1,0,0,0.9081665277481079
156,1,0,0,0.25765740871429443
157,1,0,0,1.0426268577575684
158,1,1,1,1.8343240022659302
159,1,1,1,3.2006077766418457
160,1,0,0,2.737698554992676
161,1,1,1,0.5058242082595825
162,1,1,1,0.8892183899879456
163,1,0,0,2.7822775840759277
164,1,0,0,0.691809356212616
165,1,1,1,2.4702646732330322
166,1,1,1,1.6442466974258423
167,1,0,0,4.240744590759277
168,1,0,0,2.458963394165039
169,1,0,0,1.8677119016647339
170,1,1,1,1.8883312940597534
171,1,1,1,0.5896754264831543
172,1,1,1,3.568542003631592
173,1,1,1,1.0689260959625244
174,1,0,0,1.3699595928192139
175,1,1,1,0.13855202496051788
176,1,0,0,0.7639409899711609
177,1,0,0,0.8115885257720947
178,1,1,1,0.3115486204624176
179,1,1,1,2.6768057346343994
180,1,0,0,3.240708351135254
181,1,0,0,5.2902984619140625
182,1,0,0,0.5703734755516052
183,1,0,0,0.8899369835853577
184,1,0,0,0.6564401984214783
185,1,0,0,1.2319378852844238
186,1,0,0,2.1293063163757324
187,1,1,1,2.16920804977417
188,1,0,0,2.1087794303894043
189,1,1,1,0.956760048866272
190,1,1,1,7.610037326812744
191,1,1,1,0.40458258986473083
192,1,0,0,1.37735915184021
193,1,1,1,4.51767635345459
194,1,1,1,0.3828955888748169
195,1,0,0,0.3045623004436493
196,1,0,0,1.2118455171585083
197,1,0,0,2.3819360733032227
198,1,1,1,7.1273932456970215
199,1,0,0,4.261479377746582
200,1,1,1,1.747822642326355
201,1,1,1,0.7342507243156433
202,1,1,1,6.041836261749268
203,1,1,1,1.3549755811691284
204,1,1,1,0.4794518053531647
205,1,0,0,1.1555557250976562
206,1,0,0,1.34967041015625
207,1,0,0,2.641785144805908
208,1,0,0,6.040744781494141
209,1,0,0,1.5795432329177856
210,1,0,0,0.8950880765914917
211,1,1,1,0.3913441300392151
212,1,1,1,1.4596691131591797
213,1,1,1,1.8830115795135498
214,1,0,0,5.540813446044922
215,1,0,0,2.206376552581787
216,1,1,1,3.25197696685791
217,1,1,1,0.652825117111206
218,1,1,1,2.725116491317749
219,1,0,0,3.4675941467285156
220,1,0,0,2.5438809394836426
221,1,1,1,4.2112908363342285
222,1,1,1,4.999026298522949
223,1,1,1,2.1195082664489746
224,1,0,0,0.18235823512077332
225,1,1,1,0.8934953212738037
226,1,1,1,1.39788019657135
227,1,0,0,4.214710235595703
228,1,1,1,0.8566712141036987
229,1,0,0,3.2820568084716797
230,1,0,0,3.940804958343506
231,1,1,1,0.9818049669265747
232,1,1,1,2.164731979370117
233,1,1,1,0.21263107657432556
234,1,1,1,5.7036051750183105
235,1,0,0,0.8796936273574829
236,1,1,1,2.3868143558502197
237,1,0,0,2.305898666381836
238,1,0,0,5.734395980834961
239,1,1,1,0.9581621289253235
240,1,0,0,1.176665186882019
241,1,0,0,1.016797423362732
242,1,0,0,1.342508316040039
243,1,1,1,2.2888495922088623
244,1,1,1,0.9537512063980103
245,1,1,1,1.8553084135055542
246,1,0,0,1.5255749225616455
247,1,0,0,3.235543727874756
248,1,0,0,2.2084383964538574
249,1,0,0,2.548952102661133
250,1,1,1,0.44739651679992676
251,1,1,1,7.608439922332764
252,1,1,1,2.7632219791412354
253,1,0,0,4.555193901062012
254,1,1,1,3.2281150817871094
255,0,0,1,5.26881217956543
256,1,0,0,1.9762144088745117
257,1,1,1,2.5824813842773438
258,1,0,0,4.383602142333984
259,1,1,1,5.556369304656982
260,1,0,0,5.852743625640869
261,1,0,0,2.9574103355407715
262,1,0,0,4.37741756439209
263,1,0,0,5.106106281280518
264,1,0,0,0.4203241467475891
265,1,1,1,1.8636524677276611
266,1,0,0,0.7121991515159607
267,1,0,0,0.7213718295097351
268,1,0,0,0.2945735454559326
269,1,0,0,0.8458353877067566
270,1,1,1,2.279033660888672
271,1,0,0,5.592165946960449
272,1,1,1,5.304121494293213
273,1,1,1,1.5894956588745117
274,1,1,1,1.7981911897659302
275,1,0,0,5.810906410217285
276,1,0,0,2.8131356239318848
277,1,1,1,1.3737335205078125
278,1,0,0,1.4619935750961304
279,1,1,1,0.22137770056724548
280,1,0,0,1.1161473989486694
281,1,1,1,2.502952814102173
282,1,0,0,0.6042585968971252
283,1,1,1,0.9055114984512329
284,1,1,1,0.1267264038324356
285,1,1,1,0.48422884941101074
286,1,0,0,0.7427040934562683
287,1,1,1,1.8807929754257202
288,1,0,0,3.4443044662475586
289,1,0,0,0.41904526948928833
290,1,0,0,0.2243015021085739
291,1,0,0,2.030235528945923
292,1,1,1,2.1114768981933594
293,1,1,1,8.593969345092773
294,1,1,1,1.9482051134109497
295,1,1,1,1.1263622045516968
296,1,0,0,6.247291564941406
297,1,1,1,1.9253313541412354
298,1,1,1,3.8201756477355957
299,1,0,0,1.4564363956451416
300,1,0,0,9.094389915466309
301,1,1,1,0.32439881563186646
302,1,1,1,0.17755088210105896
303,1,0,0,3.4751620292663574
304,1,1,1,0.336932510137558
305,1,0,0,2.3770217895507812
306,1,1,1,1.2054370641708374
307,1,1,1,2.1913323402404785
308,1,1,1,4.6601972579956055
309,1,1,1,2.072763204574585
310,1,0,0,3.714919328689575
311,1,1,1,5.199465751647949
312,1,0,0,1.8408520221710205
313,1,1,1,1.6160162687301636
314,1,1,1,1.6572831869125366
315,1,1,1,3.3294835090637207
316,1,1,1,0.16827504336833954
317,1,0,0,2.948481798171997
318,1,1,1,2.871061325073242
319,1,1,1,2.583078384399414
320,1,1,1,2.3877148628234863
321,1,1,1,0.39370131492614746
322,1,1,1,0.3120652437210083
323,1,1,1,2.8777854442596436
324,1,1,1,1.846871018409729
325,1,0,0,3.785493850708008
326,1,1,1,3.027677059173584
327,1,1,1,3.618557929992676
328,1,1,1,5.441084384918213
329,1,0,0,5.982089996337891
330,1,0,0,1.8781659603118896
331,1,1,1,1.7779457569122314
332,1,0,0,1.8186534643173218
333,1,0,0,8.028192520141602
334,1,0,0,3.281064033508301
335,1,1,1,2.4265475273132324
336,1,1,1,5.593515872955322
337,1,1,1,4.836130619049072
338,1,1,1,0.5087332725524902
339,1,0,0,4.230530738830566
340,1,0,0,2.326500654220581
341,1,1,1,1.8033132553100586
342,1,1,1,7.3915019035339355
343,1,1,1,1.1048240661621094
344,1,1,1,8.388284683227539
345,1,1,1,7.06808614730835
346,1,1,1,2.4930694103240967
347,1,1,1,1.595637321472168
348,1,1,1,4.737063407897949
349,1,1,1,2.5256271362304688
350,1,1,1,2.769454002380371
351,1,1,1,0.25849807262420654
352,1,0,0,0.9791174530982971
353,1,0,0,6.309967517852783
354,1,1,1,2.8355653285980225
355,1,0,0,0.511730968952179
356,1,1,1,1.2289890050888062
357,1,1,1,4.43975830078125
358,1,1,1,7.2640252113342285
359,1,1,1,7.642785549163818
360,1,1,1,4.169656753540039
361,1,1,1,2.3164405822753906
362,1,1,1,1.6841952800750732
363,1,1,1,3.1517252922058105
364,1,0,0,1.3207954168319702
365,1,1,1,1.8792617321014404
366,1,1,1,11.272289276123047
367,1,1,1,1.3393340110778809
368,1,1,1,2.749386787414551
369,1,1,1,0.4886924624443054
370,1,1,1,1.9309982061386108
371,1,1,1,0.9750345945358276
372,1,1,1,5.8335795402526855
373,1,0,0,0.40169599652290344
374,1,1,1,0.7065767645835876
375,1,1,1,0.20271220803260803
376,1,1,1,2.5442140102386475
377,1,1,1,5.743934154510498
378,1,1,1,7.042895793914795
379,1,1,1,3.5951244831085205
380,1,1,1,1.081202507019043
381,1,0,0,1.4611451625823975
382,1,1,1,1.8205126523971558
383,1,0,0,4.770193099975586
384,1,1,1,0.5869894027709961
385,1,0,0,0.36868754029273987
386,1,1,1,6.302674770355225
387,1,1,1,3.788489580154419
388,1,1,1,3.1901357173919678
389,1,1,1,2.047271490097046
390,1,0,0,3.628405809402466
391,1,0,0,0.7861606478691101
392,1,1,1,4.200378894805908
393,1,1,1,3.8221893310546875
394,1,0,0,0.5882261991500854
395,1,1,1,1.7038118839263916
396,1,0,0,0.4536285996437073
397,1,1,1,1.827902913093567
398,1,1,1,4.008598804473877
399,1,1,1,0.30270540714263916
400,1,1,1,0.3943706452846527
401,1,1,1,6.118727207183838
402,1,1,1,2.5247626304626465
403,1,1,1,2.6191954612731934
404,1,1,1,4.125969886779785
405,1,1,1,2.049311876296997
406,1,0,0,1.0078866481781006
407,1,1,1,1.3735764026641846
408,1,0,0,0.8431209325790405
409,1,1,1,7.79063606262207
410,1,1,1,3.205704689025879
411,1,1,1,0.8911045789718628
412,1,1,1,1.691860556602478
413,1,1,1,4.328305721282959
414,1,1,1,3.08548641204834
415,1,1,1,0.7840384244918823
416,1,0,0,1.089533805847168
417,1,1,1,2.496861219406128
418,1,1,1,1.1362833976745605
419,1,0,0,0.5030261874198914
420,1,0,0,0.5077069401741028
421,1,0,0,2.4978790283203125
422,1,0,0,2.4588873386383057
423,1,1,1,2.495800018310547
424,1,1,1,4.115138530731201
425,1,1,1,2.0257863998413086
426,1,0,0,0.5769820809364319
427,1,0,0,2.929117441177368
428,1,1,1,4.398894309997559
429,1,0,0,3.567517042160034
430,1,0,0,2.9083786010742188
431,1,1,1,5.3917365074157715
432,1,0,0,9.205145835876465
433,1,1,1,2.2053792476654053
434,1,0,0,1.2054738998413086
435,1,1,1,1.2746286392211914
436,1,1,1,1.415203332901001
437,1,1,1,1.1501377820968628
438,1,0,0,1.6392569541931152
439,1,1,1,4.2836222648620605
440,1,0,0,0.8714613318443298
441,1,0,0,1.857675552368164
442,1,0,0,7.506444931030273
443,1,1,1,7.008255958557129
444,1,1,1,1.4871515035629272
445,1,0,0,0.9939636588096619
446,1,0,0,2.374397039413452
447,1,0,0,0.3067656457424164
448,1,0,0,2.1856155395507812
449,1,0,0,3.5129613876342773
450,1,0,0,2.0744805335998535
451,1,1,1,0.5030282735824585
452,1,0,0,2.1038718223571777
453,1,1,1,4.408728122711182
454,1,1,1,2.684170722961426
455,1,1,1,2.616480827331543
456,1,1,1,3.334049701690674
457,1,1,1,1.709921956062317
458,1,1,1,1.2250491380691528
459,1,0,0,1.1255719661712646
460,1,0,0,2.30924654006958
461,1,1,1,0.1481149047613144
462,1,1,1,2.294178009033203
463,1,1,1,2.3616552352905273
464,1,1,1,1.7010104656219482
465,1,0,0,1.5328164100646973
466,1,1,1,4.194492340087891
467,1,1,1,1.6820884943008423
468,1,0,0,0.6144887804985046
469,1,1,1,7.670253276824951
470,1,1,1,4.306459426879883
471,1,1,1,8.965415954589844
472,1,1,1,1.2978849411010742
473,1,1,1,9.056543350219727
474,1,1,1,0.60204017162323
475,1,1,1,6.0640716552734375
476,1,1,1,4.960456848144531
477,1,1,1,4.724353313446045
478,1,1,1,3.26533842086792
479,1,1,1,4.408692359924316
480,1,1,1,1.5572823286056519
481,1,1,1,1.8900156021118164
482,1,1,1,2.347872018814087
483,1,0,0,0.21761812269687653
484,1,1,1,1.0773361921310425
485,1,1,1,5.786218166351318
486,1,1,1,0.3451792597770691
487,1,1,1,0.4527251720428467
488,1,1,1,3.2741737365722656
489,1,1,1,2.456277847290039
490,1,1,1,1.5827586650848389
491,1,1,1,2.860779047012329
492,1,1,1,3.5058224201202393
493,1,1,1,0.5322710275650024
494,1,1,1,3.3836050033569336
495,1,1,1,8.428107261657715
496,1,1,1,1.6668897867202759
497,1,1,1,5.82524299621582
498,1,0,0,1.4068899154663086
499,1,1,1,0.8338508009910583
500,1,1,1,5.840927600860596
501,1,1,1,1.4184401035308838
502,1,1,1,9.377091407775879
503,1,1,1,0.37511152029037476
504,1,1,1,1.154794692993164
505,1,1,1,1.7975190877914429
506,1,1,1,4.545106410980225
507,1,1,1,1.3061974048614502
508,1,1,1,1.4243794679641724
509,1,1,1,4.264451503753662
510,1,1,1,2.836008071899414
511,1,1,1,3.383896827697754
512,1,1,1,5.0002970695495605
513,1,1,1,3.8067469596862793
514,1,1,1,1.6628892421722412
515,1,1,1,0.791828989982605
516,1,1,1,3.045485019683838
517,1,1,1,6.263145923614502
518,1,1,1,1.5226689577102661
519,1,1,1,4.542238235473633
520,1,0,0,0.2533665895462036
521,1,1,1,8.190803527832031
522,1,1,1,4.957350254058838
523,1,1,1,6.131372928619385
524,1,0,0,0.47975656390190125
525,1,0,0,0.5370081663131714
526,1,1,1,2.395796060562134
527,1,1,1,1.345484972000122
528,1,1,1,3.7936766147613525
529,1,1,1,2.936955690383911
530,1,1,1,2.829408884048462
531,1,1,1,0.8490500450134277
532,1,1,1,0.15998342633247375
533,1,1,1,0.5772974491119385
534,1,1,1,1.9306007623672485
535,1,1,1,2.1991751194000244
536,1,0,0,4.15346622467041
537,1,0,0,2.8719756603240967
538,1,0,0,1.2558425664901733
539,1,0,0,7.250744819641113
540,1,1,1,5.923447608947754
541,1,0,0,2.9825234413146973
542,1,0,0,0.3638495206832886
543,1,0,0,0.3698424994945526
544,1,1,1,1.602909803390503
545,1,0,0,1.96702241897583
546,1,0,0,3.8760738372802734
547,1,0,0,0.33783435821533203
548,1,0,0,0.4067583680152893
549,1,0,0,2.211148262023926
550,1,0,0,2.823462963104248
551,1,0,0,2.0754618644714355
552,1,1,1,3.9717493057250977
553,1,1,1,0.5713316798210144
554,1,1,1,1.5080264806747437
555,1,0,0,1.4690579175949097
556,1,1,1,1.13324773311615
557,1,1,1,3.609412908554077
558,1,0,0,2.775963544845581
559,1,1,1,0.20060531795024872
560,1,0,0,4.155370712280273
561,1,0,0,1.071251630783081
562,1,1,1,0.5514498949050903
563,1,0,0,0.34448736906051636
564,1,0,0,0.1004907414317131
565,1,1,1,3.411623954772949
566,1,0,0,1.6889584064483643
567,1,0,0,4.965431213378906
568,1,1,1,4.736474990844727
569,1,1,1,0.6846243143081665
570,1,0,0,2.1706879138946533
571,1,1,1,0.7404595613479614
572,1,1,1,2.1216766834259033
573,1,1,1,4.357449054718018
574,1,1,1,2.6148252487182617
575,1,1,1,2.2180981636047363
576,1,1,1,0.3433392643928528
577,1,1,1,6.579370021820068
578,1,0,0,1.267903208732605
579,1,1,1,4.880137920379639
580,1,0,0,3.539198160171509
581,1,1,1,0.6647506952285767
582,1,0,0,0.3611653447151184
583,1,1,1,4.08233642578125
584,1,1,1,1.66264009475708
585,1,0,0,0.12502026557922363
586,1,0,0,4.471116542816162
587,1,1,1,1.4405862092971802
588,1,1,1,1.0010230541229248
589,1,1,1,4.14410400390625
590,1,1,1,0.9630028009414673
591,1,0,0,2.835541009902954
592,1,1,1,1.783664345741272
593,1,1,1,5.129589080810547
594,1,1,1,1.8146826028823853
595,1,0,0,0.5506948828697205
596,1,1,1,4.7216997146606445
597,1,0,0,0.4122372269630432
598,1,0,0,2.503689765930176
599,1,1,1,0.8687512874603271
600,1,0,0,4.880699157714844
601,1,0,0,1.4386155605316162
602,1,1,1,1.169918417930603
603,1,1,1,5.060302257537842
604,1,1,1,2.5687549114227295
605,1,0,0,0.1841396689414978
606,1,1,1,1.408205509185791
607,1,1,1,1.0159811973571777
608,1,1,1,4.283868789672852
609,1,1,1,1.5052688121795654
610,1,1,1,1.4676036834716797
611,1,0,0,8.09626579284668
612,1,1,1,5.2223968505859375
613,1,1,1,1.6577264070510864
614,1,0,0,3.901627540588379
615,1,1,1,0.7437488436698914
616,1,1,1,3.450082302093506
617,1,1,1,0.34173455834388733
618,1,1,1,1.0930581092834473
619,1,1,1,2.1794865131378174
620,1,0,0,1.8201655149459839
621,1,1,1,4.439348220825195
622,1,1,1,1.0839015245437622
623,1,0,0,3.046691656112671
624,1,1,1,2.1761717796325684
625,1,1,1,2.1601808071136475
626,1,1,1,2.9314181804656982
627,1,1,1,1.6500145196914673
628,1,1,1,1.052414059638977
629,1,1,1,1.7430213689804077
630,1,0,0,1.0482172966003418
631,1,0,0,2.7388410568237305
632,1,1,1,1.4109983444213867
633,1,1,1,0.9938285946846008
634,1,1,1,2.0107460021972656
635,1,1,1,1.253084421157837
636,1,1,1,0.24501164257526398
637,1,1,1,0.24527154862880707
638,1,1,1,3.7093405723571777
639,1,0,0,2.1449365615844727
640,1,0,0,4.275050640106201
641,1,1,1,9.174296379089355
642,1,1,1,2.6524622440338135
643,1,1,1,3.197080612182617
644,1,1,1,1.427145004272461
645,1,1,1,3.1528093814849854
646,1,1,1,2.0627243518829346
647,1,1,1,0.15971551835536957
648,1,0,0,0.4954566955566406
649,1,1,1,2.1070690155029297
650,1,1,1,0.17281721532344818
651,1,0,0,1.070633888244629
652,1,1,1,0.8108918070793152
653,1,1,1,0.9265509843826294
654,1,1,1,2.250669479370117
655,1,0,0,0.9897531867027283
656,1,1,1,2.650700330734253
657,1,0,0,0.31225529313087463
658,1,1,1,4.0553717613220215
659,1,1,1,0.34428897500038147
660,1,0,0,0.8857621550559998
661,1,0,0,0.6040439009666443
662,1,0,0,0.5273610949516296
663,1,1,1,0.4767928421497345
664,1,0,0,0.6548704504966736
665,1,1,1,2.7726895809173584
666,1,1,1,5.2969746589660645
667,1,1,1,2.0627007484436035
668,1,1,1,1.879960536956787
669,1,1,1,3.1107940673828125
670,1,1,1,1.330148458480835
671,1,1,1,6.268521308898926
672,1,1,1,0.37282925844192505
673,1,1,1,3.2855641841888428
674,1,1,1,2.1297380924224854
675,1,1,1,3.4614224433898926
676,1,1,1,0.3502960801124573
677,1,1,1,1.1105613708496094
678,1,1,1,0.6747092008590698
679,1,1,1,4.359999179840088
680,1,1,1,0.9009517431259155
681,1,0,0,0.8053486943244934
682,1,1,1,3.399562120437622
683,1,1,1,2.3781871795654297
684,1,0,0,0.6648991703987122
685,1,0,0,0.15553224086761475
686,1,1,1,3.464993715286255
687,1,1,1,0.6969993114471436
688,1,1,1,1.3399379253387451
689,1,1,1,1.2481454610824585
690,1,1,1,6.136436462402344
691,1,0,0,2.236410140991211
692,1,1,1,1.3207224607467651
693,1,0,0,0.1897323727607727
694,1,1,1,2.1553924083709717
695,1,1,1,1.4143534898757935
696,1,1,1,6.281612873077393
697,1,1,1,0.9585533738136292
698,1,1,1,1.7506434917449951
699,1,0,0,0.40383800864219666
700,1,0,0,3.219059467315674
701,1,0,0,0.6459589600563049
702,1,1,1,1.8964797258377075
703,1,1,1,1.0147961378097534
704,1,1,1,0.29377254843711853
705,1,0,0,0.512610912322998
706,1,0,0,0.5626495480537415
707,1,0,0,8.411003112792969
708,1,0,0,0.47011125087738037
709,1,0,0,1.2994179725646973
710,1,1,1,7.840615749359131
711,1,0,0,2.952181339263916
712,1,1,1,0.18002407252788544
713,1,1,1,2.869588851928711
714,1,0,0,1.6726574897766113
715,1,1,1,4.562872409820557
716,1,1,1,4.201239585876465
717,1,1,1,1.808144211769104
718,1,1,1,1.360031008720398
719,1,0,0,2.185662269592285
720,1,0,0,2.679309368133545
721,1,0,0,9.700565338134766
722,1,1,1,2.651116132736206
723,1,1,1,2.6890528202056885
724,1,0,0,1.6033062934875488
725,1,0,0,3.648667335510254
726,1,0,0,0.6185514330863953
727,1,0,0,0.8317310810089111
728,1,1,1,1.329577922821045
729,1,1,1,1.3662201166152954
730,1,1,1,1.6391985416412354
731,1,0,0,2.17415714263916
732,1,0,0,2.448683261871338
733,1,0,0,0.2275044322013855
734,1,1,1,6.121235370635986
735,1,0,0,1.2882916927337646
736,1,1,1,0.5907319188117981
737,1,1,1,1.463492751121521
738,1,0,0,0.7915822863578796
739,1,1,1,0.5520225763320923
740,1,1,1,0.8720446228981018
741,1,1,1,1.7487045526504517
742,1,1,1,0.8968492746353149
743,1,0,0,1.6851904392242432
744,1,0,0,2.551194190979004
745,1,0,0,0.1883614957332611
746,1,0,0,7.1583251953125
747,1,0,0,0.7746631503105164
748,1,0,0,1.4581577777862549
749,1,1,1,2.9334516525268555
750,1,0,0,0.3481055796146393
751,1,0,0,0.20677520334720612
752,1,1,1,1.4396802186965942
753,1,1,1,0.6042450666427612
754,1,1,1,5.4831061363220215
755,1,0,0,3.643742322921753
756,1,0,0,5.023565769195557
757,1,0,0,0.6999594569206238
758,1,0,0,2.6809260845184326
759,1,0,0,1.9540014266967773
760,1,0,0,5.711096286773682
761,1,1,1,0.45352429151535034
762,1,0,0,1.6877226829528809
763,1,0,0,1.8279132843017578
764,1,0,0,0.37306785583496094
765,1,1,1,7.471279621124268
766,1,1,1,3.3974270820617676
767,1,1,1,4.6588826179504395
768,1,1,1,1.5847530364990234
769,1,1,1,1.2712688446044922
770,1,1,1,1.7259446382522583
771,1,1,1,1.1570371389389038
772,1,1,1,2.9443438053131104
773,1,1,1,1.1321617364883423
774,1,1,1,0.49790501594543457
775,1,1,1,2.166867256164551
776,1,1,1,0.8398787379264832
777,1,1,1,0.958088755607605
778,1,0,0,0.648110568523407
779,1,1,1,3.56131911277771
780,1,1,1,4.482668399810791
781,1,1,1,0.9850825071334839
782,1,1,1,7.256227970123291
783,1,1,1,7.005951404571533
784,1,1,1,3.0669844150543213
785,1,1,1,0.3492814302444458
786,1,1,1,3.5681402683258057
787,1,0,0,0.7410711646080017
788,1,1,1,3.9342870712280273
789,1,1,1,1.5272432565689087
790,1,1,1,3.349247455596924
791,1,1,1,1.17024564743042
792,1,1,1,2.998863935470581
793,1,1,1,4.4984540939331055
794,1,0,0,0.3871634900569916
795,1,1,1,6.701923847198486
796,1,0,0,4.784313201904297
797,1,1,1,0.7855921387672424
798,1,1,1,2.5046768188476562
799,1,1,1,3.78947114944458
800,1,1,1,1.850762963294983
801,1,0,0,1.6046452522277832
802,1,1,1,2.084014892578125
803,1,1,1,4.3485918045043945
804,1,1,1,0.8373068571090698
805,1,1,1,3.5064899921417236
806,1,1,1,5.6179914474487305
807,1,1,1,1.876590371131897
808,1,1,1,2.1772637367248535
809,1,1,1,2.3861076831817627
810,1,0,0,1.6607122421264648
811,1,1,1,6.703811168670654
812,1,0,0,0.9954354166984558
813,1,0,0,1.0482523441314697
814,1,0,0,2.2880609035491943
815,1,0,0,1.4371120929718018
816,1,1,1,1.2536938190460205
817,1,0,0,3.593679428100586
818,1,0,0,2.5484166145324707
819,1,1,1,4.814737319946289
820,1,1,1,5.390337944030762
821,1,1,1,5.376144886016846
822,1,1,1,0.6913114786148071
823,1,0,0,0.9952268004417419
824,1,1,1,4.136229038238525
825,1,1,1,10.546438217163086
826,1,1,1,2.083584785461426
827,1,0,0,2.478346347808838
828,1,1,1,0.1962955743074417
829,1,0,0,0.5564337968826294
830,1,1,1,0.5558710098266602
831,1,1,1,0.34417927265167236
832,1,0,0,1.7910090684890747
833,1,1,1,2.015693426132202
834,1,0,0,5.786184787750244
835,1,0,0,3.9837069511413574
836,1,0,0,6.2592668533325195
837,1,0,0,0.6277379393577576
838,1,0,0,3.9296693801879883
839,1,1,1,2.8469560146331787
840,1,1,1,1.5624908208847046
841,1,1,1,6.078446865081787
842,1,1,1,5.222714424133301
843,1,0,0,4.175910472869873
844,1,1,1,0.28475964069366455
845,1,0,0,0.7727476954460144
846,1,0,0,1.4956587553024292
847,1,1,1,0.1429259479045868
848,1,0,0,3.29801869392395
849,1,0,0,4.14862585067749
850,1,1,1,1.612263798713684
851,1,1,1,2.744401454925537
852,1,1,1,3.1381402015686035
853,1,1,1,0.6653982400894165
854,1,0,0,2.1197080612182617
855,1,1,1,5.206153869628906
856,1,0,0,0.4020993709564209
857,1,0,0,1.7536447048187256
858,1,0,0,3.675680637359619
859,1,1,1,0.27940696477890015
860,1,1,1,1.6849302053451538
861,1,1,1,0.728604257106781
862,1,0,0,2.7292556762695312
863,1,0,0,0.3373328447341919
864,1,1,1,3.4126839637756348
865,1,1,1,7.622832298278809
866,1,1,1,4.899041652679443
867,1,1,1,2.8059945106506348
868,1,1,1,4.6359124183654785
869,1,1,1,5.1120734214782715
870,1,1,1,5.419057846069336
871,1,0,0,3.0526018142700195
872,1,1,1,0.6070364117622375
873,1,0,0,1.4493131637573242
874,1,1,1,0.24998897314071655
875,1,1,1,2.730044364929199
876,1,1,1,8.596935272216797
877,1,0,0,1.1886372566223145
878,1,1,1,7.204356670379639
879,1,1,1,5.315647602081299
880,1,1,1,2.4630985260009766
881,1,1,1,2.103236198425293
882,1,0,0,0.5821748971939087
883,1,1,1,0.7824539542198181
884,1,1,1,3.750465154647827
885,1,0,0,1.050260066986084
886,1,0,0,4.406183242797852
887,1,0,0,0.04888653755187988
888,1,0,0,2.355130434036255
889,1,0,0,2.0998802185058594
890,1,1,1,3.6423826217651367
891,1,1,1,2.127938985824585
892,1,0,0,1.4952871799468994
893,1,0,0,0.16245728731155396
894,1,0,0,1.5353116989135742
895,0,0,1,3.3699398040771484
896,1,1,1,1.7654235363006592
897,1,1,1,0.6487838625907898
898,1,0,0,3.1367292404174805
899,1,0,0,0.6815200448036194
900,1,1,1,0.620142936706543
901,1,1,1,1.8936567306518555
902,1,0,0,2.476257562637329
903,1,0,0,0.43698781728744507
904,1,0,0,0.20455816388130188
905,1,1,1,4.17636251449585
906,1,1,1,5.519280910491943
907,1,1,1,1.7843948602676392
908,1,0,0,1.161942481994629
909,1,0,0,0.6564845442771912
910,1,0,0,0.32947808504104614
911,1,1,1,0.31253600120544434
912,1,1,1,4.074481010437012
913,1,1,1,3.553927421569824
914,1,1,1,1.4879796504974365
915,1,0,0,4.341594696044922
916,1,0,0,1.2350589036941528
917,1,0,0,1.4115935564041138
918,1,1,1,3.050966262817383
919,1,1,1,0.08421556651592255
920,1,1,1,2.069770336151123
921,1,0,0,6.522570610046387
922,1,0,0,3.0901083946228027
923,1,1,1,2.1969611644744873
924,1,1,1,1.5230764150619507
925,1,0,0,9.174241065979004
926,1,0,0,4.905980587005615
927,1,0,0,0.8130629658699036
928,1,0,0,0.8008316159248352
929,1,0,0,0.5502983927726746
930,1,1,1,0.6368843913078308
931,1,1,1,1.2585242986679077
932,1,0,0,0.47380614280700684
933,1,0,0,2.2180607318878174
934,1,0,0,3.543952703475952
935,1,1,1,3.437056541442871
936,1,0,0,1.6160545349121094
937,1,1,1,3.651906728744507
938,1,1,1,2.211966037750244
939,1,0,0,1.1173968315124512
940,1,0,0,0.15314510464668274
941,1,1,1,0.47016850113868713
942,1,1,1,1.078395128250122
943,1,1,1,1.0558122396469116
944,1,1,1,3.3428261280059814
945,1,0,0,4.299831867218018
946,1,0,0,1.7485147714614868
947,1,1,1,2.1196916103363037
948,1,0,0,2.169973373413086
949,1,1,1,2.3741705417633057
950,0,1,0,0.30486857891082764
951,1,1,1,2.5488030910491943
952,1,0,0,2.4407601356506348
953,1,1,1,1.4645136594772339
954,1,1,1,1.5446224212646484
955,1,1,1,3.430105686187744
956,1,1,1,2.4050228595733643
957,1,1,1,3.511935234069824
958,1,0,0,5.886561870574951
959,1,0,0,3.4018139839172363
960,1,1,1,3.5099802017211914
961,1,1,1,1.08784818649292
962,1,0,0,3.2053587436676025
963,1,1,1,3.827587366104126
964,1,1,1,0.2884736955165863
965,1,0,0,0.294589638710022
966,1,1,1,3.1195056438446045
967,1,0,0,3.227969169616699
968,1,1,1,2.2108101844787598
969,1,0,0,2.0083932876586914
970,1,1,1,0.26547127962112427
971,1,1,1,7.727096080780029
972,1,1,1,1.3372697830200195
973,1,1,1,2.7779157161712646
974,1,0,0,0.5912588238716125
975,1,1,1,0.30747735500335693
976,1,1,1,1.496089220046997
977,1,0,0,0.8521173596382141
978,1,0,0,6.8631463050842285
979,1,1,1,0.691887378692627
980,1,1,1,3.866225004196167
981,1,1,1,0.30849748849868774
982,1,1,1,4.305861949920654
983,1,0,0,2.9248037338256836
984,1,0,0,0.3084650933742523
985,1,1,1,5.972977161407471
986,1,0,0,0.5840736031532288
987,1,0,0,1.6262257099151611
988,1,0,0,2.847700595855713
989,1,0,0,2.9393680095672607
990,1,0,0,1.1480722427368164
991,1,0,0,0.4558185935020447
992,1,1,1,2.2924134731292725
993,1,1,1,1.6316808462142944
994,1,1,1,10.337392807006836
995,0,1,0,1.8946667909622192
996,0,0,1,4.0268402099609375
997,0,0,1,0.7189034819602966
998,0,0,1,2.440593719482422
999,0,0,1,5.170199394226074
1000,0,0,1,5.348250865936279
1001,0,0,1,3.5690670013427734
1002,0,0,1,1.3242754936218262
1003,0,1,0,0.2565780282020569
1004,0,0,1,3.6120948791503906
1005,0,1,0,2.207730531692505
1006,0,0,1,3.508321762084961
1007,0,0,1,8.832967758178711
1008,0,0,1,4.292868614196777
1009,0,0,1,4.842507839202881
1010,0,0,1,4.5430450439453125
1011,0,0,1,3.97747802734375
1012,0,1,0,2.2190120220184326
1013,0,1,0,1.7806826829910278
1014,0,0,1,3.610943555831909
1015,0,0,1,3.399970054626465
1016,0,0,1,0.4714916944503784
1017,0,0,1,2.3768067359924316
1018,0,0,1,4.21312952041626
1019,0,0,1,8.482152938842773
1020,0,0,1,5.166910171508789
1021,0,0,1,2.7668464183807373
1022,0,0,1,0.2291654646396637
1023,0,0,1,7.658093452453613
1024,0,0,1,3.2325897216796875
1025,0,0,1,2.5185890197753906
1026,0,0,1,5.071943759918213
1027,0,0,1,4.67540168762207
1028,0,1,0,0.4052808880805969
1029,0,0,1,3.437105655670166
1030,0,0,1,8.172599792480469
1031,0,0,1,3.640247344970703
1032,0,0,1,3.511378526687622
1033,0,0,1,6.708556652069092
1034,0,0,1,5.423539638519287
1035,0,1,0,1.0849043130874634
1036,0,0,1,11.672449111938477
1037,0,0,1,8.138322830200195
1038,0,0,1,1.408164143562317
1039,0,0,1,3.0146100521087646
1040,0,0,1,4.5460309982299805
1041,0,0,1,6.701148986816406
1042,0,0,1,9.676597595214844
1043,0,0,1,4.625720024108887
1044,0,0,1,8.146363258361816
1045,0,0,1,1.9419230222702026
1046,0,0,1,5.824420928955078
1047,0,0,1,5.910061836242676
1048,0,0,1,2.388045310974121
1049,0,0,1,5.2247314453125
1050,0,0,1,6.317826747894287
1051,0,0,1,7.346314907073975
1052,0,0,1,6.700290679931641
1053,0,1,0,0.5110613703727722
1054,0,0,1,8.829498291015625
1055,0,0,1,3.205747604370117
1056,0,0,1,3.457373857498169
1057,0,1,0,0.6180911064147949
1058,0,0,1,1.1524733304977417
1059,0,0,1,4.623561859130859
1060,0,0,1,4.162225723266602
1061,0,1,0,2.7584378719329834
1062,0,0,1,3.7273545265197754
1063,0,0,1,7.575721740722656
1064,0,0,1,3.856264114379883
1065,0,0,1,8.993823051452637
1066,0,0,1,0.16729801893234253
1067,0,0,1,5.2248945236206055
1068,0,0,1,2.7392945289611816
1069,0,0,1,4.458310604095459
1070,0,0,1,2.02632474899292
1071,0,0,1,0.36854082345962524
1072,0,0,1,1.2072169780731201
1073,0,0,1,1.4198330640792847
1074,0,0,1,4.366846561431885
1075,0,0,1,0.797600507736206
1076,0,1,0,0.22916658222675323
1077,0,0,1,7.526629447937012
1078,0,1,0,0.3370083272457123
1079,0,0,1,6.185589790344238
1080,0,0,1,2.7729129791259766
1081,0,0,1,0.6151545643806458
1082,0,0,1,0.4916646480560303
1083,0,0,1,1.7443348169326782
1084,0,0,1,0.3466394543647766
1085,0,0,1,2.8481245040893555
1086,0,0,1,2.9362144470214844
1087,0,0,1,2.6656994819641113
1088,0,0,1,3.4259872436523438
1089,0,1,0,0.3903895318508148
1090,0,0,1,1.318271517753601
1091,0,0,1,0.48632001876831055
1092,0,0,1,1.3553780317306519
1093,0,0,1,3.8627190589904785
1094,0,0,1,3.1378448009490967
1095,0,0,1,3.812587261199951
1096,0,0,1,1.6784131526947021
1097,0,0,1,0.6662147641181946
1098,0,0,1,1.8994038105010986
1099,0,0,1,1.481480360031128
1100,0,0,1,3.030944347381592
1101,0,1,0,0.18448211252689362
1102,0,0,1,0.8554368615150452
1103,0,0,1,1.6980677843093872
1104,0,0,1,6.260796546936035
1105,0,1,0,0.35527604818344116
1106,0,0,1,1.5837608575820923
1107,0,1,0,1.4366750717163086
1108,0,1,0,1.4981474876403809
1109,0,0,1,6.164278984069824
1110,0,0,1,0.9751381278038025
1111,0,1,0,3.310333728790283
1112,0,1,0,4.362249851226807
1113,0,0,1,5.108366966247559
1114,0,1,0,0.7104353308677673
1115,0,0,1,1.3529300689697266
1116,0,0,1,5.993173122406006
1117,0,0,1,0.3412522077560425
1118,0,0,1,2.4062724113464355
1119,0,0,1,0.25995248556137085
1120,0,0,1,7.5589728355407715
1121,0,1,0,2.0677919387817383
1122,0,0,1,2.390730857849121
1123,0,0,1,1.3735547065734863
1124,0,0,1,4.679651260375977
1125,0,0,1,6.728662490844727
1126,0,0,1,7.746662139892578
1127,0,0,1,2.306206464767456
1128,0,0,1,0.29235103726387024
1129,0,0,1,8.285658836364746
1130,0,0,1,2.030339241027832
1131,0,1,0,0.035730089992284775
1132,0,0,1,4.297392845153809
1133,0,0,1,3.5547142028808594
1134,0,0,1,7.3099141120910645
1135,0,0,1,4.018039226531982
1136,0,0,1,5.338944435119629
1137,0,0,1,0.30313247442245483
1138,0,0,1,2.1746573448181152
1139,0,0,1,0.058468788862228394
1140,0,0,1,1.9072284698486328
1141,0,0,1,0.6509064435958862
1142,0,0,1,3.526026964187622
1143,0,0,1,2.843771457672119
1144,0,1,0,0.1813984513282776
1145,0,1,0,1.5527126789093018
1146,0,0,1,0.8941845893859863
1147,0,0,1,1.4121625423431396
1148,0,1,0,0.2845911979675293
1149,0,0,1,0.22524116933345795
1150,0,0,1,0.6800299286842346
1151,0,0,1,1.80522620677948
1152,0,0,1,0.7428687214851379
1153,0,0,1,3.9705212116241455
1154,0,0,1,13.245380401611328
1155,0,0,1,1.0926477909088135
1156,0,0,1,0.20256182551383972
1157,0,0,1,2.090985059738159
1158,0,0,1,3.291823148727417
1159,0,0,1,0.9966334700584412
1160,0,0,1,4.2887983322143555
1161,0,0,1,1.474165916442871
1162,0,0,1,1.3763576745986938
1163,0,1,0,0.14260312914848328
1164,0,0,1,0.9097976684570312
1165,0,1,0,0.9370269775390625
1166,0,0,1,2.2772626876831055
1167,0,1,0,0.1990867406129837
1168,0,0,1,1.065872073173523
1169,0,0,1,4.875216484069824
1170,0,0,1,0.4805845022201538
1171,0,1,0,2.9242801666259766
1172,0,0,1,4.4371137619018555
1173,0,0,1,1.3484352827072144
1174,0,1,0,0.7563432455062866
1175,0,0,1,0.3083529472351074
1176,0,0,1,0.47462743520736694
1177,0,0,1,1.719768762588501
1178,0,1,0,0.07163399457931519
1179,0,0,1,1.3137379884719849
1180,0,0,1,0.8271040320396423
1181,0,0,1,2.1872596740722656
1182,0,0,1,0.5604323744773865
1183,0,1,0,0.4030560255050659
1184,0,0,1,0.4640918970108032
1185,0,0,1,2.5555012226104736
1186,0,0,1,2.6763877868652344
1187,0,1,0,1.4409170150756836
1188,0,0,1,7.260678291320801
1189,0,1,0,0.6869765520095825
1190,0,1,0,0.03586159273982048
1191,0,1,0,0.25001099705696106
1192,0,0,1,3.858562469482422
1193,0,1,0,0.11810014396905899
1194,0,0,1,6.082759380340576
1195,0,0,1,4.491774082183838
1196,0,0,1,6.3615827560424805
1197,0,1,0,1.8278566598892212
1198,0,0,1,1.9387015104293823
1199,0,1,0,0.5193254947662354
1200,0,0,1,3.8588314056396484
1201,0,0,1,3.0238351821899414
1202,0,0,1,3.154690980911255
1203,0,0,1,5.226306915283203
1204,0,0,1,3.9842190742492676
1205,0,1,0,0.07484754920005798
1206,0,0,1,5.404176712036133
1207,0,0,1,10.00033187866211
1208,0,0,1,2.806795835494995
1209,0,0,1,4.860606670379639
1210,0,0,1,6.31494140625
1211,0,0,1,0.5275166630744934
1212,0,0,1,10.762947082519531
1213,0,0,1,6.197231292724609
1214,0,0,1,2.9147472381591797
1215,0,0,1,4.993932723999023
1216,0,0,1,5.506036758422852
1217,0,0,1,3.1424715518951416
1218,0,0,1,4.0706939697265625
1219,0,0,1,5.851532459259033
1220,0,0,1,4.36368989944458
1221,0,0,1,5.424911022186279
1222,0,0,1,3.043208599090576
1223,0,0,1,6.219736099243164
1224,0,0,1,4.327719688415527
1225,0,0,1,4.2567362785339355
1226,0,0,1,3.772942543029785
1227,0,0,1,4.53029727935791
1228,0,0,1,9.536813735961914
1229,0,0,1,4.824317932128906
1230,0,0,1,0.06011034548282623
1231,0,0,1,6.345217227935791
1232,0,0,1,3.096177577972412
1233,0,0,1,8.713333129882812
1234,0,0,1,8.941272735595703
1235,0,0,1,5.032926082611084
1236,0,0,1,6.571194648742676
1237,0,0,1,0.20623420178890228
1238,0,0,1,6.377295017242432
1239,0,0,1,6.285464763641357
1240,0,0,1,4.788736343383789
1241,0,0,1,0.5501648783683777
1242,0,1,0,1.9629019498825073
1243,0,0,1,3.013800621032715
1244,0,0,1,10.0684814453125
1245,0,1,0,1.356846570968628
1246,0,0,1,0.37226685881614685
1247,0,0,1,2.5361413955688477
1248,0,0,1,5.720530033111572
1249,0,0,1,3.6516544818878174
1250,0,0,1,6.87073278427124
1251,0,0,1,1.7068781852722168
1252,0,1,0,2.33904767036438
1253,0,1,0,1.8016307353973389
1254,0,0,1,4.517503261566162
1255,0,0,1,1.1891989707946777
1256,0,1,0,3.948469877243042
1257,0,0,1,4.698430061340332
1258,0,0,1,7.219232082366943
1259,0,1,0,1.607753038406372
1260,0,0,1,1.0626955032348633
1261,0,1,0,0.11932645738124847
1262,0,1,0,0.1838434785604477
1263,0,0,1,5.535984039306641
1264,0,1,0,1.5473710298538208
1265,0,0,1,3.366943836212158
1266,0,0,1,2.1993322372436523
1267,0,0,1,3.820446014404297
1268,0,0,1,2.9790854454040527
1269,0,0,1,2.048051595687866
1270,0,1,0,3.2631356716156006
1271,0,0,1,0.8490786552429199
1272,0,0,1,1.7649173736572266
1273,0,1,0,1.0938845872879028
1274,0,0,1,3.67795991897583
1275,0,0,1,3.370917320251465
1276,0,0,1,0.903978168964386
1277,0,0,1,0.9174596667289734
1278,0,0,1,2.4065327644348145
1279,0,0,1,0.36029648780822754
1280,0,0,1,2.111830234527588
1281,0,0,1,3.4042704105377197
1282,0,0,1,4.122303009033203
1283,0,0,1,1.6711345911026
1284,0,0,1,5.913405895233154
1285,0,0,1,3.210444450378418
1286,0,1,0,6.555052280426025
1287,0,0,1,0.2353735864162445
1288,0,0,1,0.6548778414726257
1289,0,0,1,4.808199882507324
1290,0,0,1,2.2829091548919678
1291,0,1,0,3.0851268768310547
1292,0,0,1,0.7040783762931824
1293,0,0,1,2.562397003173828
1294,0,1,0,0.6480356454849243
1295,0,0,1,3.229797601699829
1296,0,1,0,0.8391943573951721
1297,0,1,0,1.004002332687378
1298,0,0,1,0.8410470485687256
1299,0,0,1,2.056786060333252
1300,0,0,1,0.8844071626663208
1301,0,0,1,2.5170412063598633
1302,0,1,0,0.18998752534389496
1303,0,0,1,2.5199778079986572
1304,0,0,1,2.1753644943237305
1305,0,0,1,3.1107654571533203
1306,0,0,1,2.391949415206909
1307,0,0,1,1.2935314178466797
1308,0,1,0,2.866544485092163
1309,0,0,1,2.5672082901000977
1310,0,1,0,2.347095012664795
1311,0,1,0,2.9252939224243164
1312,0,1,0,1.8040015697479248
1313,0,1,0,1.6727062463760376
1314,0,0,1,5.265789985656738
1315,0,1,0,0.5081692934036255
1316,0,1,0,1.488420009613037
1317,0,0,1,1.1660315990447998
1318,0,0,1,0.13362766802310944
1319,0,1,0,9.273065567016602
1320,0,0,1,3.9189984798431396
1321,0,1,0,0.4910314083099365
1322,0,0,1,2.7327444553375244
1323,0,1,0,0.813291609287262
1324,0,0,1,2.089855194091797
1325,0,1,0,2.458388566970825
1326,0,1,0,0.10790453851222992
1327,0,1,0,1.3293670415878296
1328,0,1,0,0.5701336860656738
1329,0,1,0,1.0243686437606812
1330,0,0,1,0.1708800494670868
1331,0,1,0,1.8175386190414429
1332,0,1,0,2.6950833797454834
1333,0,0,1,1.116661787033081
1334,0,1,0,0.7621890902519226
1335,0,1,0,5.647373676300049
1336,0,0,1,1.4029579162597656
1337,0,0,1,0.7614732384681702
1338,0,1,0,0.9825306534767151
1339,0,1,0,5.698450088500977
1340,0,0,1,2.8644747734069824
1341,0,0,1,5.186239242553711
1342,0,1,0,1.268970012664795
1343,0,0,1,2.0769147872924805
1344,0,0,1,0.7613837718963623
1345,0,1,0,0.08515907824039459
1346,0,1,0,1.9464120864868164
1347,0,1,0,4.848182678222656
1348,0,1,0,0.26886075735092163
1349,0,1,0,2.8335490226745605
1350,0,0,1,1.3567707538604736
1351,0,1,0,0.6065883040428162
1352,0,1,0,1.9386905431747437
1353,0,0,1,0.2732311487197876
1354,0,0,1,3.388864040374756
1355,0,1,0,1.990196704864502
1356,0,1,0,6.832054615020752
1357,0,1,0,2.695939302444458
1358,0,0,1,1.3594996929168701
1359,0,1,0,3.7946643829345703
1360,0,1,0,4.533563137054443
1361,0,0,1,1.195094108581543
1362,0,1,0,2.0385303497314453
1363,0,0,1,1.903793454170227
1364,0,1,0,0.5573654770851135
1365,0,0,1,0.2865527272224426
1366,0,1,0,0.340040385723114
1367,0,0,1,0.29914528131484985
1368,0,1,0,2.0862221717834473
1369,0,1,0,1.7736910581588745
1370,0,0,1,0.501501739025116
1371,0,1,0,1.722353219985962
1372,0,1,0,0.5710033774375916
1373,0,1,0,5.941944599151611
1374,0,0,1,0.1824980527162552
1375,0,0,1,1.6427570581436157
1376,0,1,0,0.8571398258209229
1377,0,0,1,1.6807990074157715
1378,0,1,0,0.8299464583396912
1379,0,0,1,4.4312968254089355
1380,0,1,0,2.018190860748291
1381,0,1,0,1.1581815481185913
1382,0,0,1,5.4142374992370605
1383,0,1,0,1.0203626155853271
1384,0,0,1,1.558223009109497
1385,0,1,0,1.4053231477737427
1386,0,0,1,3.5978808403015137
1387,0,1,0,1.1297240257263184
1388,0,1,0,0.7626449465751648
1389,0,0,1,0.3610934019088745
1390,0,1,0,0.5512132048606873
1391,0,0,1,2.543363094329834
1392,0,1,0,0.2621876895427704
1393,0,0,1,1.331303358078003
1394,0,0,1,3.0928115844726562
1395,0,0,1,5.496990203857422
1396,0,0,1,4.996878147125244
1397,0,1,0,1.4230767488479614
1398,0,0,1,0.5124254822731018
1399,0,1,0,0.4348146319389343
1400,0,0,1,0.9683350324630737
1401,0,0,1,0.20790643990039825
1402,0,1,0,1.2024303674697876
1403,0,1,0,0.25549376010894775
1404,0,1,0,0.7267049551010132
1405,0,0,1,4.367246627807617
1406,0,0,1,2.692464828491211
1407,0,0,1,1.8799760341644287
1408,0,0,1,2.909355401992798
1409,0,0,1,2.4192941188812256
1410,0,0,1,6.123780250549316
1411,0,1,0,0.6249423027038574
1412,0,0,1,1.4351584911346436
1413,0,0,1,3.8531928062438965
1414,0,1,0,0.4115561246871948
1415,0,1,0,2.6086151599884033
1416,0,1,0,1.5004185438156128
1417,0,0,1,0.5699016451835632
1418,0,1,0,2.992222309112549
1419,0,0,1,4.779911994934082
1420,0,0,1,5.241791725158691
1421,0,1,0,1.1586482524871826
1422,0,0,1,6.684378623962402
1423,0,0,1,3.3547911643981934
1424,0,1,0,2.2879886627197266
1425,0,1,0,0.4988619089126587
1426,0,0,1,1.500612497329712
1427,0,0,1,2.118807792663574
1428,0,1,0,2.652531623840332
1429,0,0,1,1.4646122455596924
1430,0,1,0,1.938820719718933
1431,0,1,0,8.699951171875
1432,0,1,0,2.432945966720581
1433,0,0,1,3.5792670249938965
1434,0,0,1,3.1602976322174072
1435,0,0,1,1.6980266571044922
1436,0,1,0,3.765084981918335
1437,0,0,1,4.2277421951293945
1438,0,1,0,0.777020275592804
1439,0,0,1,3.4720044136047363
1440,0,1,0,1.0127660036087036
1441,0,0,1,2.9949798583984375
1442,0,0,1,1.6067328453063965
1443,0,1,0,0.2915500998497009
1444,0,1,0,0.2982065975666046
1445,0,0,1,1.0191704034805298
1446,0,0,1,0.352995365858078
1447,0,0,1,0.823429524898529
1448,0,1,0,0.369928240776062
1449,0,0,1,1.2644598484039307
1450,0,0,1,3.2663726806640625
1451,0,1,0,0.3295789361000061
1452,0,1,0,0.30984681844711304
1453,0,0,1,0.20937955379486084
1454,0,0,1,3.2014894485473633
1455,0,1,0,1.3736621141433716
1456,0,0,1,0.6117604374885559
1457,0,1,0,0.6371118426322937
1458,0,1,0,2.873955249786377
1459,0,1,0,0.7644084692001343
1460,0,1,0,0.14577433466911316
1461,0,0,1,1.795893907546997
1462,0,1,0,2.2021775245666504
1463,0,0,1,0.2992539405822754
1464,0,0,1,2.616766929626465
1465,0,1,0,1.473453402519226
1466,0,0,1,4.015777587890625
1467,0,1,0,3.549222469329834
1468,0,0,1,0.19032788276672363
1469,0,0,1,0.496837317943573
1470,0,0,1,5.140830039978027
1471,0,0,1,4.447999000549316
1472,0,0,1,1.8542569875717163
1473,0,0,1,6.771862030029297
1474,0,0,1,2.5715878009796143
1475,0,0,1,3.786073684692383
1476,0,0,1,3.883579730987549
1477,0,1,0,4.9648823738098145
1478,0,1,0,6.30066442489624
1479,0,1,0,0.9088611602783203
1480,0,0,1,3.089853286743164
1481,0,1,0,1.8259557485580444
1482,0,1,0,2.536025047302246
1483,0,0,1,1.0294439792633057
1484,0,0,1,1.165944218635559
1485,0,0,1,1.0409660339355469
1486,0,0,1,1.802722454071045
1487,0,0,1,0.9607699513435364
1488,0,0,1,1.4837983846664429
1489,0,0,1,3.1171932220458984
1490,0,1,0,2.4899346828460693
1491,0,0,1,2.3318731784820557
1492,0,1,0,0.7250525951385498
1493,0,1,0,3.651970863342285
1494,0,0,1,4.259646415710449
1495,0,1,0,0.7752963304519653
1496,0,1,0,3.3660945892333984
1497,0,0,1,0.2545138895511627
1498,0,1,0,1.8801813125610352
1499,0,1,0,3.8726401329040527
1500,0,0,1,2.6464285850524902
1501,0,0,1,2.988938331604004
1502,0,1,0,1.6599888801574707
1503,0,0,1,2.251857280731201
1504,0,1,0,0.6277261972427368
1505,0,1,0,0.771582305431366
1506,0,0,1,3.4399054050445557
1507,0,0,1,0.4701087474822998
1508,0,0,1,1.2801529169082642
1509,0,1,0,5.181570529937744
1510,0,0,1,2.2428770065307617
1511,0,0,1,0.9625959992408752
1512,0,1,0,3.245135545730591
1513,0,0,1,0.6488609313964844
1514,0,1,0,1.4087333679199219
1515,0,0,1,2.0797581672668457
1516,0,1,0,1.8373732566833496
1517,0,1,0,1.6060783863067627
1518,0,1,0,3.59442138671875
1519,0,0,1,5.624537467956543
1520,0,0,1,1.7088840007781982
1521,0,1,0,1.0652867555618286
1522,0,0,1,2.129606008529663
1523,0,1,0,0.1381654590368271
1524,0,0,1,4.4783830642700195
1525,0,1,0,2.340123414993286
1526,0,1,0,2.2858662605285645
1527,0,0,1,2.1309685707092285
1528,0,0,1,0.3427543044090271
1529,0,0,1,0.8113327622413635
1530,0,0,1,4.486220359802246
1531,0,0,1,0.8497286438941956
1532,0,0,1,0.8598180413246155
1533,0,1,0,2.2093923091888428
1534,0,1,0,5.036862373352051
1535,0,0,1,1.0951309204101562
1536,0,0,1,3.321837902069092
1537,0,0,1,4.652090072631836
1538,0,1,0,0.9290253520011902
1539,0,0,1,0.16902491450309753
1540,0,0,1,1.6020399332046509
1541,0,1,0,3.748587131500244
1542,0,0,1,2.6405606269836426
1543,0,1,0,2.6635000705718994
1544,0,0,1,4.45229959487915
1545,0,0,1,3.453298330307007
1546,0,0,1,1.4072489738464355
1547,1,0,0,2.434321165084839
1548,0,1,0,0.8678387403488159
1549,0,1,0,3.8077027797698975
1550,1,0,0,6.952484607696533
1551,0,1,0,0.9791251420974731
1552,0,1,0,1.0193572044372559
1553,0,1,0,1.195712924003601
1554,0,1,0,0.9529475569725037
1555,0,0,1,0.9335891604423523
1556,0,1,0,2.6768040657043457
1557,0,1,0,0.2643343210220337
1558,0,0,1,1.3997423648834229
1559,0,0,1,1.599043846130371
1560,0,1,0,2.601475954055786
1561,0,0,1,0.5866661071777344
1562,0,1,0,2.2299156188964844
1563,0,1,0,0.21484993398189545
1564,0,0,1,0.4439166784286499
1565,0,1,0,2.983433246612549
1566,0,0,1,2.1141538619995117
1567,0,0,1,0.49433237314224243
1568,0,1,0,1.6206833124160767
1569,0,1,0,0.9378246665000916
1570,0,0,1,0.8085907101631165
1571,0,0,1,0.6695677042007446
1572,0,0,1,0.8605298399925232
1573,0,0,1,0.6744852066040039
1574,0,1,0,2.864258289337158
1575,0,1,0,3.288257122039795
1576,0,1,0,2.835557460784912
1577,0,0,1,3.451888084411621
1578,0,0,1,1.0041018724441528
1579,0,0,1,1.194441556930542
1580,0,1,0,0.325838178396225
1581,0,0,1,1.489966869354248
1582,0,0,1,0.7639238238334656
1583,0,1,0,3.625286817550659
1584,0,1,0,0.9978187084197998
1585,0,1,0,0.2355680912733078
1586,0,0,1,1.447181224822998
1587,0,0,1,3.8742868900299072
1588,0,1,0,1.6443623304367065
1589,0,0,1,1.942847490310669
1590,0,0,1,0.056568779051303864
1591,0,0,1,1.4315822124481201
1592,0,0,1,1.7306057214736938
1593,0,0,1,1.735642433166504
1594,0,0,1,0.7105759382247925
1595,0,0,1,0.4043566584587097
1596,0,0,1,1.7611215114593506
1597,0,1,0,2.2476866245269775
1598,0,1,0,0.43993377685546875
1599,0,0,1,3.300051689147949
1600,0,0,1,1.6259872913360596
1601,0,0,1,3.0434651374816895
1602,0,1,0,3.7405054569244385
1603,0,0,1,1.3927617073059082
1604,0,0,1,3.2604498863220215
1605,0,1,0,1.2079181671142578
1606,0,0,1,2.2234606742858887
1607,0,0,1,1.9839428663253784
1608,0,1,0,4.402671813964844
1609,0,1,0,3.2180018424987793
1610,0,1,0,0.23817048966884613
1611,0,0,1,3.1560323238372803
1612,0,1,0,0.5571395754814148
1613,0,0,1,0.18110047280788422
1614,0,1,0,2.824615716934204
1615,0,0,1,0.7564017176628113
1616,0,0,1,2.498868465423584
1617,0,0,1,5.440483570098877
1618,0,0,1,1.7477433681488037
1619,0,0,1,4.174800872802734
1620,0,1,0,1.1642539501190186
1621,0,1,0,3.533682107925415
1622,0,0,1,1.5233503580093384
1623,0,0,1,1.7363462448120117
1624,0,0,1,0.36278465390205383
1625,0,0,1,2.450866222381592
1626,0,0,1,1.9848556518554688
1627,0,0,1,1.5652974843978882
1628,1,1,1,0.1864631623029709
1629,0,0,1,2.8756284713745117
1630,0,1,0,1.062691569328308
1631,0,1,0,1.3121285438537598
1632,0,1,0,0.9269404411315918
1633,0,0,1,0.19716697931289673
1634,0,1,0,2.330310583114624
1635,0,0,1,0.4649016261100769
1636,0,1,0,1.0950015783309937
1637,0,1,0,1.4839783906936646
1638,0,0,1,4.256020545959473
1639,0,0,1,3.0337653160095215
1640,0,1,0,4.703024387359619
1641,0,0,1,0.348877876996994
1642,0,1,0,1.8968039751052856
1643,0,1,0,2.400167465209961
1644,0,0,1,2.5828897953033447
1645,0,1,0,4.631613254547119
1646,0,0,1,4.750112533569336
1647,0,1,0,2.078566551208496
1648,0,0,1,2.434980630874634
1649,0,0,1,1.7411295175552368
1650,0,1,0,0.7070145010948181
1651,0,0,1,0.9377190470695496
1652,0,0,1,4.489683628082275
1653,0,1,0,2.539613962173462
1654,0,0,1,0.885608434677124
1655,0,1,0,1.1446123123168945
1656,0,1,0,1.8880172967910767
1657,0,1,0,1.133492112159729
1658,0,1,0,7.149043560028076
1659,0,0,1,1.0207154750823975
1660,0,0,1,0.44644665718078613
1661,0,1,0,2.878258466720581
1662,0,1,0,1.886069655418396
1663,0,1,0,1.245953917503357
1664,0,0,1,2.318063735961914
1665,0,1,0,3.910933017730713
1666,0,0,1,2.4807932376861572
1667,0,0,1,2.953336715698242
1668,0,1,0,0.5146943926811218
1669,0,0,1,0.7905088663101196
1670,0,0,1,9.833693504333496
1671,0,0,1,9.450820922851562
1672,0,0,1,4.835115432739258
1673,0,1,0,0.7843934297561646
1674,0,0,1,8.01169204711914
1675,0,1,0,3.167038679122925
1676,0,1,0,3.3239831924438477
1677,0,1,0,3.281637191772461
1678,0,1,0,4.527852535247803
1679,0,0,1,5.74464225769043
1680,0,0,1,11.57376480102539
1681,0,0,1,3.830305576324463
1682,0,0,1,8.106210708618164
1683,0,0,1,3.0814502239227295
1684,0,0,1,6.1947832107543945
1685,0,0,1,6.664909362792969
1686,0,0,1,2.186509370803833
1687,0,0,1,3.1198432445526123
1688,0,0,1,3.3853859901428223
1689,0,0,1,2.162187099456787
1690,0,0,1,10.498055458068848
1691,0,0,1,5.494079113006592
1692,0,1,0,5.1793341636657715
1693,0,0,1,4.3981523513793945
1694,0,0,1,6.805572509765625
1695,0,1,0,5.070936679840088
1696,0,0,1,6.800724983215332
1697,0,0,1,5.877554893493652
1698,0,1,0,9.488259315490723
1699,0,1,0,3.1478099822998047
1700,0,0,1,2.2476634979248047
1701,0,1,0,0.33732151985168457
1702,0,0,1,0.1476832777261734
1703,0,0,1,7.976977348327637
1704,0,1,0,0.337949275970459
1705,0,0,1,4.928683280944824
1706,0,0,1,2.7454748153686523
1707,0,0,1,6.88297176361084
1708,0,0,1,2.3912031650543213
1709,0,0,1,1.7720582485198975
1710,0,0,1,0.4285257160663605
1711,0,0,1,1.1231907606124878
1712,0,0,1,4.662520408630371
1713,0,0,1,5.168083667755127
1714,0,0,1,3.0275189876556396
1715,0,0,1,0.9900203347206116
1716,0,1,0,0.5164769887924194
1717,0,0,1,3.3181395530700684
1718,0,0,1,2.4861249923706055
1719,0,0,1,2.9406070709228516
1720,0,1,0,4.784307956695557
1721,0,0,1,0.9940609335899353
1722,0,0,1,4.914736270904541
1723,0,1,0,0.30156949162483215
1724,0,1,0,2.9594082832336426
1725,0,0,1,0.7934686541557312
1726,0,1,0,6.034729957580566
1727,0,0,1,1.52631413936615
1728,0,1,0,4.788177967071533
1729,0,0,1,2.3966588973999023
1730,0,1,0,2.5136773586273193
1731,0,0,1,2.575225353240967
1732,0,0,1,2.9595837593078613
1733,0,0,1,6.759040355682373
1734,0,0,1,1.898977279663086
1735,0,0,1,0.7964726090431213
1736,0,1,0,1.328446626663208
1737,0,0,1,4.516513824462891
1738,0,0,1,1.7641470432281494
1739,0,1,0,1.6065336465835571
1740,0,1,0,4.607394218444824
1741,0,0,1,0.3379989564418793
1742,0,1,0,2.238130569458008
1743,0,1,0,1.8819116353988647
1744,0,0,1,2.78576397895813
1745,0,1,0,0.9735023379325867
1746,0,1,0,1.4110676050186157
1747,0,0,1,0.8952476382255554
1748,0,0,1,4.261710166931152
1749,0,0,1,3.696549892425537
1750,0,0,1,0.7402568459510803
1751,0,1,0,1.2013607025146484
1752,0,0,1,4.467997074127197
1753,0,1,0,4.12051248550415
1754,0,0,1,0.6490024924278259
1755,0,0,1,3.0774545669555664
1756,0,0,1,3.3438377380371094
1757,0,0,1,5.064422607421875
1758,0,0,1,6.139701843261719
1759,0,0,1,0.5820704698562622
1760,0,0,1,3.334785223007202
1761,0,1,0,0.7328221797943115
1762,0,0,1,3.808767795562744
1763,0,0,1,2.5638375282287598
1764,0,0,1,7.916200637817383
1765,0,1,0,0.3084864914417267
1766,0,0,1,0.6331549286842346
1767,0,1,0,0.29431307315826416
1768,0,0,1,0.8351281881332397
1769,0,0,1,2.320972442626953
1770,0,1,0,1.8855241537094116
1771,0,0,1,1.4090170860290527
1772,0,1,0,3.572667121887207
1773,0,0,1,1.1137038469314575
1774,0,0,1,0.3261924386024475
1775,0,1,0,1.7022185325622559
1776,0,0,1,2.383664608001709
1777,0,0,1,4.49453592300415
1778,0,0,1,6.151302337646484
1779,0,1,0,4.533151626586914
1780,0,0,1,0.7266089916229248
1781,0,0,1,4.317939758300781
1782,0,0,1,8.859909057617188
1783,0,0,1,3.8693084716796875
1784,0,0,1,4.57506799697876
1785,0,0,1,8.314750671386719
1786,0,0,1,4.033621788024902
1787,0,0,1,1.2334413528442383
1788,0,0,1,7.26554536819458
1789,0,0,1,1.145087718963623
1790,0,0,1,5.221802711486816
1791,0,0,1,5.149791240692139
1792,0,1,0,0.8860582709312439
1793,0,1,0,0.8066498041152954
1794,0,1,0,3.272156000137329
1795,0,0,1,3.247948408126831
1796,0,0,1,9.022721290588379
1797,0,1,0,0.5459336042404175
1798,0,0,1,1.900749921798706
1799,0,0,1,5.034148216247559
1800,0,0,1,4.215121269226074
1801,0,1,0,0.4058097004890442
1802,0,0,1,6.190302848815918
1803,0,1,0,3.196444272994995
1804,0,0,1,1.2521238327026367
1805,0,1,0,0.9383895993232727
1806,0,1,0,3.698493480682373
1807,0,0,1,3.1767942905426025
1808,0,0,1,2.047731399536133
1809,0,1,0,0.17018915712833405
1810,0,1,0,3.501199245452881
1811,0,0,1,3.384760856628418
1812,0,0,1,0.9388082027435303
1813,0,1,0,3.0263524055480957
1814,0,0,1,3.0666708946228027
1815,0,0,1,1.1518806219100952
1816,0,0,1,7.145940780639648
1817,0,1,0,0.32062530517578125
1818,0,0,1,5.479204177856445
1819,0,0,1,2.741751194000244
1820,0,0,1,4.4074602127075195
1821,0,1,0,1.3587236404418945
1822,0,1,0,0.854023277759552
1823,0,0,1,4.57954740524292
1824,0,1,0,2.516472339630127
1825,0,0,1,7.694052696228027
1826,0,1,0,3.130195140838623
1827,0,0,1,1.3255454301834106
1828,0,0,1,4.686413764953613
1829,0,1,0,2.049812078475952
1830,0,0,1,3.9325451850891113
1831,0,0,1,3.4877736568450928
1832,0,0,1,2.1184587478637695
1833,0,0,1,4.051128387451172
1834,0,1,0,3.511471748352051
1835,0,1,0,0.8908439874649048
1836,0,0,1,1.9547148942947388
1837,0,1,0,0.7587950229644775
1838,0,1,0,5.810494899749756
1839,0,1,0,3.738278865814209
1840,0,0,1,7.054102897644043
1841,0,0,1,7.260900497436523
1842,0,0,1,0.9215919375419617
1843,0,0,1,1.389285922050476
1844,0,0,1,1.7005566358566284
1845,0,1,0,1.9880167245864868
1846,0,0,1,2.7307636737823486
1847,0,0,1,1.6164023876190186
1848,0,0,1,0.788592517375946
1849,0,1,0,4.460257053375244
1850,0,0,1,1.1993088722229004
1851,0,1,0,1.1863253116607666
1852,0,0,1,0.9808244109153748
1853,0,1,0,4.3754563331604
1854,0,0,1,6.58280611038208
1855,0,0,1,3.7344250679016113
1856,0,0,1,1.3429062366485596
1857,0,0,1,0.5980793833732605
1858,0,0,1,0.5399546027183533
1859,0,0,1,0.7657061815261841
1860,0,0,1,4.2627997398376465
1861,0,1,0,0.6830772757530212
1862,0,0,1,4.8364410400390625
1863,0,1,0,0.3959192931652069
1864,0,1,0,1.1348119974136353
1865,0,0,1,4.093177318572998
1866,0,1,0,1.3907171487808228
1867,0,0,1,3.722529411315918
1868,0,1,0,2.4753684997558594
1869,0,1,0,2.577341318130493
1870,0,1,0,0.6414262652397156
1871,0,0,1,0.48018771409988403
1872,0,0,1,1.691460132598877
1873,0,0,1,0.6404882073402405
1874,0,0,1,1.582826852798462
1875,0,0,1,3.2289788722991943
1876,0,0,1,3.654435634613037
1877,0,1,0,0.1961452215909958
1878,0,1,0,3.017019033432007
1879,0,0,1,5.291584014892578
1880,0,1,0,1.6231038570404053
1881,0,0,1,2.2573633193969727
1882,0,0,1,4.673137187957764
1883,0,0,1,0.49918824434280396
1884,0,0,1,1.2252660989761353
1885,0,0,1,1.44034743309021
1886,0,0,1,4.772504806518555
1887,0,1,0,0.4505501091480255
1888,0,0,1,0.4328252673149109
1889,0,1,0,1.8301424980163574
1890,0,0,1,0.922703742980957
1891,0,0,1,8.71379566192627
1892,1,0,0,3.0775551795959473
1893,1,1,1,1.1592665910720825
1894,1,0,0,1.2717134952545166
1895,1,1,1,0.1907191276550293
1896,1,1,1,1.3068819046020508
1897,1,1,1,0.5944256782531738
1898,1,0,0,0.5774588584899902
1899,1,0,0,2.1617467403411865
1900,1,1,1,1.3033372163772583
1901,1,1,1,6.6101393699646
1902,1,0,0,4.671185493469238
1903,1,0,0,0.6383262276649475
1904,1,0,0,1.6647841930389404
1905,1,0,0,4.10941219329834
1906,1,0,0,6.173807144165039
1907,1,0,0,1.7776297330856323
1908,1,1,1,2.0356857776641846
1909,1,0,0,2.040895700454712
1910,1,1,1,6.261953830718994
1911,1,1,1,6.242822170257568
1912,1,1,1,3.166167974472046
1913,1,0,0,0.9598073363304138
1914,1,1,1,2.5645623207092285
1915,1,0,0,1.8235924243927002
1916,1,0,0,1.3223450183868408
1917,1,1,1,1.7307356595993042
1918,1,0,0,4.792646408081055
1919,1,1,1,4.427403450012207
1920,1,0,0,0.6803286671638489
1921,1,0,0,1.1926782131195068
1922,1,0,0,2.468950033187866
1923,0,0,1,0.5987022519111633
1924,0,0,1,2.9055020809173584
1925,0,0,1,4.071186542510986
1926,0,0,1,3.460172414779663
1927,0,0,1,6.01368522644043
1928,0,1,0,1.2084077596664429
1929,0,0,1,0.9264041185379028
1930,0,0,1,8.126058578491211
1931,0,0,1,9.744108200073242
1932,0,1,0,0.3639398217201233
1933,0,0,1,11.566095352172852
1934,0,0,1,13.035767555236816
1935,0,0,1,10.596051216125488
1936,0,0,1,2.055758476257324
1937,0,1,0,3.2044243812561035
1938,0,0,1,4.159368991851807
1939,0,1,0,0.5045256018638611
1940,0,0,1,5.618513107299805
1941,0,0,1,0.16768445074558258
1942,1,0,0,5.307948589324951
1943,1,1,1,0.35382527112960815
1944,1,1,1,3.0672354698181152
1945,1,1,1,4.323179721832275
1946,1,0,0,0.32836341857910156
1947,1,0,0,0.3987700045108795
1948,1,1,1,1.258407711982727
1949,1,0,0,0.4993130564689636
1950,1,1,1,2.921320915222168
1951,1,0,0,3.577850341796875
1952,1,0,0,4.836694717407227
1953,1,0,0,1.6738979816436768
1954,1,0,0,4.148404598236084
1955,1,0,0,2.914278030395508
1956,1,0,0,1.31143319606781
1957,1,0,0,0.9219376444816589
1958,1,0,0,1.6561322212219238
1959,1,0,0,1.8963396549224854
1960,1,1,1,1.4734355211257935
1961,1,1,1,5.600178241729736
1962,1,1,1,3.127593755722046
1963,1,0,0,2.2392852306365967
1964,1,0,0,2.1906585693359375
1965,1,1,1,0.2153964787721634
1966,1,1,1,5.351248264312744
1967,1,1,1,0.4650307893753052
1968,1,0,0,3.554436445236206
1969,1,1,1,2.5355498790740967
1970,1,1,1,0.6242063045501709
1971,1,0,0,3.5788707733154297
1972,1,1,1,1.979643702507019
1973,1,1,1,1.4182264804840088
1974,1,1,1,1.314456582069397
1975,1,1,1,2.8058063983917236
1976,1,1,1,0.6144776344299316
1977,1,0,0,2.719204902648926
1978,1,0,0,5.35651969909668
1979,1,1,1,0.780362606048584
1980,1,0,0,1.3849906921386719
1981,1,0,0,6.09971284866333
1982,1,0,0,0.19729915261268616
1983,1,0,0,4.339743614196777
1984,1,1,1,3.038841962814331
1985,1,1,1,1.1787029504776
1986,1,0,0,1.922334909439087
1987,1,1,1,2.067628860473633
1988,1,0,0,1.8891425132751465
1989,1,1,1,3.666780471801758
1990,1,0,0,3.8870491981506348
1991,1,0,0,3.4966392517089844
1992,1,1,1,1.5546437501907349
1993,1,1,1,9.040355682373047
1994,1,1,1,3.7773406505584717
1995,1,1,1,6.594106197357178
1996,1,1,1,1.0763752460479736
1997,1,1,1,1.8323111534118652
1998,1,1,1,9.235042572021484
1999,1,1,1,2.9783389568328857
2000,1,1,1,2.3901615142822266
2001,1,1,1,3.8441343307495117
2002,1,1,1,5.43578577041626
2003,1,1,1,4.201277256011963
2004,1,1,1,4.724338054656982
2005,1,0,0,5.693301677703857
2006,1,1,1,3.1674022674560547
2007,1,1,1,0.9413610696792603
2008,1,1,1,2.135988473892212
2009,1,0,0,0.9037033915519714
2010,1,1,1,1.5093542337417603
2011,1,1,1,3.9695019721984863
2012,1,1,1,3.8804502487182617
2013,1,1,1,0.28994742035865784
2014,1,1,1,0.966141939163208
2015,1,1,1,5.857089042663574
2016,1,1,1,3.200406551361084
2017,1,1,1,3.477839469909668
2018,1,1,1,4.055428504943848
2019,1,0,0,1.2610323429107666
2020,1,0,0,6.000278949737549
2021,1,1,1,7.015038013458252
2022,1,1,1,7.165131092071533
2023,1,1,1,0.6889288425445557
2024,1,0,0,3.315563917160034
2025,1,1,1,1.9658116102218628
2026,1,1,1,2.604173421859741
2027,1,0,0,0.8077431321144104
2028,1,1,1,0.9226654767990112
2029,1,0,0,1.1690449714660645
2030,1,1,1,1.760683536529541
2031,1,0,0,1.1661956310272217
2032,1,1,1,0.1460547149181366
2033,1,0,0,0.1620248556137085
2034,1,1,1,1.177060842514038
2035,1,1,1,7.221750736236572
2036,1,0,0,1.2641507387161255
2037,1,1,1,2.6234207153320312
2038,1,0,0,1.7674959897994995
2039,1,1,1,0.3932094871997833
2040,1,1,1,2.7129757404327393
2041,1,1,1,0.4716512858867645
2042,1,1,1,2.7096002101898193
2043,1,1,1,0.6748372316360474
2044,1,0,0,3.411820888519287
2045,1,0,0,1.04621160030365
2046,1,1,1,2.7147583961486816
2047,1,0,0,5.2762603759765625
2048,1,1,1,0.2585217356681824
2049,1,0,0,2.522989273071289
2050,1,1,1,3.9262166023254395
2051,1,0,0,0.5220322012901306
2052,1,0,0,4.292849540710449
2053,1,1,1,2.662689208984375
2054,1,1,1,4.502810001373291
2055,1,1,1,8.192723274230957
2056,1,1,1,3.0009098052978516
2057,1,1,1,2.3094558715820312
2058,1,0,0,4.928642272949219
2059,1,1,1,4.370492935180664
2060,1,1,1,0.3486500382423401
2061,1,1,1,4.207721710205078
2062,1,0,0,2.4061825275421143
2063,1,1,1,1.493111491203308
2064,1,1,1,3.4019229412078857
2065,1,1,1,2.65215802192688
2066,1,1,1,4.597134590148926
2067,1,0,0,1.6267507076263428
2068,1,1,1,1.1037111282348633
2069,1,1,1,3.7971792221069336
2070,1,0,0,5.254415988922119
2071,1,1,1,2.1890697479248047
2072,1,1,1,2.1343727111816406
2073,1,1,1,3.444324493408203
2074,1,0,0,4.078151702880859
2075,1,1,1,2.299926996231079
2076,1,0,0,0.9526816010475159
2077,1,0,0,1.1188931465148926
2078,1,1,1,2.6738600730895996
2079,1,0,0,0.4626578986644745
2080,1,1,1,1.18569016456604
2081,1,0,0,4.632173538208008
2082,1,1,1,1.6546045541763306
2083,1,0,0,0.3331875205039978
2084,1,1,1,0.8036847710609436
2085,1,0,0,1.200981616973877
2086,1,1,1,0.8019995093345642
2087,1,0,0,1.2508161067962646
2088,1,0,0,3.255450963973999
2089,1,0,0,4.341015338897705
2090,1,1,1,2.7070629596710205
2091,1,1,1,2.2173678874969482
2092,1,0,0,1.5639586448669434
2093,1,1,1,2.9888815879821777
2094,1,1,1,2.0977535247802734
2095,1,1,1,1.7735695838928223
2096,1,0,0,0.6876558661460876
2097,1,1,1,3.7445578575134277
2098,1,0,0,0.36377161741256714
2099,1,1,1,2.169887065887451
2100,1,1,1,1.6521848440170288
2101,1,1,1,1.9491324424743652
2102,1,0,0,0.8943064212799072
2103,1,0,0,1.579755187034607
2104,1,0,0,1.0511164665222168
2105,1,0,0,1.261976718902588
2106,1,1,1,1.6540075540542603
2107,1,1,1,5.560941219329834
2108,1,1,1,1.687483549118042
2109,1,0,0,4.164677143096924
2110,1,1,1,6.810876369476318
2111,1,1,1,2.640892267227173
2112,1,0,0,3.371035575866699
2113,1,1,1,2.0346872806549072
2114,1,1,1,5.112281322479248
2115,1,1,1,4.39691686630249
2116,1,0,0,4.509328842163086
2117,1,0,0,2.527650833129883
2118,1,1,1,0.5698676705360413
2119,1,1,1,0.2375899702310562
2120,1,1,1,7.4754958152771
2121,1,1,1,2.219907283782959
2122,1,1,1,2.2111947536468506
2123,1,1,1,4.199244976043701
2124,1,1,1,0.9014350771903992
2125,1,1,1,1.593849539756775
2126,1,1,1,3.127997398376465
2127,1,1,1,1.4240983724594116
2128,1,1,1,1.523547887802124
2129,1,1,1,4.064814567565918
2130,1,1,1,4.535279750823975
2131,1,1,1,3.0117692947387695
2132,1,0,0,3.7835958003997803
2133,1,0,0,2.282865047454834
2134,1,1,1,7.739748954772949
2135,1,1,1,0.1369801014661789
2136,1,1,1,4.338255405426025
2137,1,0,0,3.9536280632019043
2138,1,1,1,1.7289490699768066
2139,1,1,1,9.045806884765625
2140,1,0,0,0.945298969745636
2141,1,1,1,3.83530592918396
2142,1,1,1,5.77709436416626
2143,1,1,1,2.000307559967041
2144,1,1,1,2.8706135749816895
2145,1,0,0,3.452277660369873
2146,1,1,1,0.593596339225769
2147,1,1,1,3.0081686973571777
2148,1,0,0,1.0745348930358887
2149,1,1,1,1.099077582359314
2150,1,1,1,0.030445892363786697
2151,1,1,1,1.1660763025283813
2152,1,0,0,2.7445764541625977
2153,1,1,1,0.5523990988731384
2154,1,1,1,4.275049209594727
2155,1,0,0,4.343503475189209
2156,1,1,1,1.5577596426010132
2157,1,0,0,1.917655348777771
2158,1,0,0,0.6270681023597717
2159,1,0,0,0.30974897742271423
2160,1,1,1,3.828333616256714
2161,1,1,1,0.35587406158447266
2162,1,1,1,3.1849656105041504
2163,1,1,1,5.669679164886475
2164,1,0,0,1.8971203565597534
2165,1,0,0,5.9899725914001465
2166,1,1,1,2.3846209049224854
2167,1,1,1,2.7175116539001465
2168,1,1,1,5.709579944610596
2169,1,1,1,1.477497935295105
2170,1,1,1,1.4980413913726807
2171,1,1,1,1.6560869216918945
2172,1,1,1,4.014428615570068
2173,1,1,1,3.836517095565796
2174,1,1,1,5.137953281402588
2175,1,1,1,12.170747756958008
2176,1,1,1,3.816829204559326
2177,1,1,1,0.7302307486534119
2178,1,1,1,4.508979320526123
2179,1,1,1,5.800776958465576
2180,1,1,1,0.6642909049987793
2181,1,1,1,1.1307880878448486
2182,1,1,1,3.354499101638794
2183,1,1,1,4.761362552642822
2184,1,1,1,5.02019739151001
2185,1,0,0,2.185236930847168
2186,1,1,1,7.124085903167725
2187,1,0,0,0.573546290397644
2188,1,1,1,1.0438412427902222
2189,1,0,0,2.646392822265625
2190,1,1,1,6.117587566375732
2191,1,1,1,7.586215496063232
2192,1,1,1,0.9474545121192932
2193,1,1,1,3.6657068729400635
2194,1,1,1,10.238090515136719
2195,1,1,1,1.9163435697555542
2196,1,0,0,0.818884551525116
2197,1,0,0,1.2784292697906494
2198,1,0,0,1.5531516075134277
2199,1,1,1,1.3885868787765503
2200,1,1,1,4.088109016418457
2201,1,1,1,1.814346432685852
2202,1,1,1,3.7198734283447266
2203,1,1,1,1.2509161233901978
2204,1,1,1,2.338233470916748
2205,1,1,1,2.621263265609741
2206,1,1,1,4.334029674530029
2207,1,1,1,2.654940366744995
2208,1,1,1,3.023773670196533
2209,1,1,1,4.860443115234375
2210,1,1,1,2.398536205291748
2211,1,1,1,1.7385832071304321
2212,1,1,1,2.416825532913208
2213,1,1,1,3.8610634803771973
2214,1,1,1,0.2423250526189804
2215,1,1,1,2.7390148639678955
2216,1,1,1,8.6758451461792
2217,1,0,0,1.3358443975448608
2218,1,0,0,0.34659498929977417
2219,1,0,0,0.976188063621521
2220,1,1,1,3.0657525062561035
2221,1,0,0,2.3718771934509277
2222,1,1,1,0.1391388177871704
2223,1,1,1,2.679021120071411
2224,1,1,1,0.7759463787078857
2225,1,1,1,5.254390239715576
2226,1,1,1,0.32630956172943115
2227,1,1,1,4.64406681060791
2228,1,1,1,6.292440414428711
2229,1,0,0,1.1449470520019531
2230,1,1,1,1.1208876371383667
2231,1,1,1,1.1289288997650146
2232,1,1,1,1.8513312339782715
2233,1,1,1,7.439039707183838
2234,1,1,1,6.763488292694092
2235,1,1,1,1.6824519634246826
2236,1,1,1,4.556411266326904
2237,1,1,1,3.6978580951690674
2238,1,1,1,8.73948860168457
2239,1,1,1,1.0887377262115479
2240,1,1,1,4.774511814117432
2241,1,1,1,4.094791889190674
2242,1,0,0,2.2438647747039795
2243,1,1,1,0.6252683997154236
2244,1,0,0,0.52677983045578
2245,1,1,1,4.524788856506348
2246,1,0,0,0.6239902973175049
2247,1,1,1,2.6937241554260254
2248,1,1,1,1.741498351097107
2249,1,0,0,0.40126484632492065
2250,1,1,1,1.1726197004318237
2251,1,1,1,3.6556572914123535
2252,1,1,1,4.040848255157471
2253,1,1,1,0.8525221347808838
2254,1,1,1,2.1758341789245605
2255,1,0,0,0.570326030254364
2256,1,0,0,0.05746522545814514
2257,1,1,1,0.40509915351867676
2258,1,0,0,0.37941744923591614
2259,1,0,0,0.9282982349395752
2260,1,1,1,0.8406591415405273
2261,1,1,1,1.3107972145080566
2262,1,1,1,0.3330356478691101
2263,1,1,1,1.61166250705719
2264,1,0,0,1.9664020538330078
2265,1,1,1,3.761942148208618
2266,1,0,0,1.6404194831848145
2267,1,1,1,1.2015931606292725
2268,1,0,0,1.705212116241455
2269,1,1,1,3.331427812576294
2270,1,1,1,4.449801921844482
2271,1,1,1,0.6729150414466858
2272,1,1,1,0.18623624742031097
2273,1,1,1,2.2001571655273438
2274,1,0,0,0.18398037552833557
2275,1,0,0,1.291117787361145
2276,1,1,1,4.932053565979004
2277,1,1,1,3.3547043800354004
2278,1,0,0,2.1714863777160645
2279,1,1,1,2.79107928276062
2280,1,1,1,5.934293270111084
2281,1,0,0,1.32729172706604
2282,1,1,1,2.1313531398773193
2283,1,1,1,0.6846525073051453
2284,1,1,1,1.169938087463379
2285,1,1,1,5.206057548522949
2286,1,1,1,2.689304828643799
2287,1,1,1,1.9758673906326294
2288,1,1,1,5.026051044464111
2289,1,1,1,2.0428566932678223
2290,1,1,1,0.4923461377620697
2291,1,1,1,2.7856321334838867
2292,1,0,0,0.20442965626716614
2293,1,1,1,10.590312004089355
2294,1,1,1,0.8669905066490173
2295,1,1,1,3.7709872722625732
2296,1,0,0,5.6009626388549805
2297,1,0,0,3.285675048828125
2298,1,1,1,1.0298190116882324
2299,1,1,1,0.32731151580810547
2300,1,0,0,2.483870506286621
2301,1,1,1,2.169644832611084
2302,1,1,1,4.351781845092773
2303,1,1,1,2.5878801345825195
2304,1,1,1,0.24117885529994965
2305,1,1,1,2.5845892429351807
2306,1,1,1,2.4240100383758545
2307,1,1,1,7.957700729370117
2308,1,1,1,5.022186279296875
2309,1,1,1,4.709686756134033
2310,1,1,1,0.8591009378433228
2311,1,1,1,4.104557991027832
2312,1,1,1,6.888752460479736
2313,1,1,1,4.703283786773682
2314,1,1,1,4.481513500213623
2315,1,0,0,2.443047046661377
2316,1,1,1,7.6538190841674805
2317,1,0,0,0.205007404088974
2318,1,1,1,12.656261444091797
2319,1,1,1,5.93129301071167
2320,1,1,1,8.556341171264648
2321,1,1,1,10.67161750793457
2322,1,1,1,5.235109806060791
2323,1,1,1,2.2089147567749023
2324,1,1,1,5.503660678863525
2325,1,0,0,2.4262685775756836
2326,1,1,1,5.809086322784424
2327,1,1,1,0.8556408882141113
2328,1,0,0,0.3487972617149353
2329,1,1,1,3.810384750366211
2330,1,1,1,1.5804119110107422
2331,1,0,0,0.7695890069007874
2332,1,1,1,6.811434268951416
2333,1,1,1,0.6156585216522217
2334,1,0,0,1.2069324254989624
2335,1,1,1,3.95733642578125
2336,1,1,1,5.679856300354004
2337,1,1,1,7.078694820404053
2338,1,1,1,1.7748554944992065
2339,1,0,0,4.936464786529541
2340,1,0,0,2.3864407539367676
2341,1,0,0,6.535251140594482
2342,1,0,0,4.323637008666992
2343,1,1,1,0.5290940999984741
2344,1,0,0,1.3009955883026123
2345,1,0,0,0.17142847180366516
2346,1,0,0,0.5532050728797913
2347,1,0,0,5.175775527954102
2348,1,0,0,3.46807599067688
2349,1,0,0,5.686028480529785
2350,1,1,1,6.9830098152160645
2351,1,0,0,3.7889556884765625
2352,1,1,1,11.872665405273438
2353,1,0,0,5.180367469787598
2354,1,1,1,2.748225212097168
2355,1,0,0,0.43195047974586487
2356,1,1,1,1.4719645977020264
2357,1,1,1,2.1254868507385254
2358,1,0,0,0.7792184352874756
2359,1,1,1,0.3383793234825134
2360,1,0,0,0.6998716592788696
2361,1,0,0,5.037046909332275
2362,1,0,0,0.7418456673622131
2363,1,1,1,0.6003112196922302
2364,1,1,1,6.1253485679626465
2365,1,1,1,2.1080939769744873
2366,1,1,1,0.22963933646678925
2367,1,1,1,0.38514503836631775
2368,1,1,1,4.7751851081848145
2369,1,1,1,6.6850104331970215
2370,1,1,1,5.14713191986084
2371,1,1,1,0.4779811501502991
2372,1,1,1,5.815598011016846
2373,1,1,1,4.034527778625488
2374,1,1,1,7.621134281158447
2375,1,1,1,0.7119004726409912
2376,1,1,1,1.1515549421310425
2377,1,1,1,0.6669285297393799
2378,1,0,0,2.9890596866607666
2379,1,0,0,0.7073031663894653
2380,1,1,1,0.9492087364196777
2381,1,1,1,2.0196821689605713
2382,1,0,0,6.169801712036133
2383,1,1,1,5.499013423919678
2384,1,1,1,6.240787029266357
2385,1,0,0,4.226499557495117
2386,1,1,1,6.883137226104736
2387,1,0,0,5.975083351135254
2388,1,1,1,2.6475954055786133
2389,1,0,0,2.847350835800171
2390,1,1,1,0.5785903930664062
2391,1,1,1,4.774064064025879
2392,1,1,1,0.48967254161834717
2393,1,1,1,3.996535539627075
2394,1,0,0,4.457056522369385
2395,1,0,0,1.5944900512695312
2396,1,1,1,0.5805792808532715
2397,1,0,0,2.0223946571350098
2398,1,0,0,1.9493526220321655
2399,1,0,0,5.117013931274414
2400,1,0,0,5.220217227935791
2401,1,0,0,2.7856316566467285
2402,1,1,1,3.073883533477783
2403,1,1,1,1.0416098833084106
2404,1,1,1,0.25362634658813477
2405,1,1,1,4.253097057342529
2406,1,1,1,2.230428457260132
2407,1,0,0,4.380943775177002
2408,1,1,1,1.458193063735962
2409,1,1,1,1.5521050691604614
2410,1,1,1,3.9428670406341553
2411,1,1,1,1.618507981300354
2412,1,1,1,1.4388388395309448
2413,1,1,1,1.2217614650726318
2414,1,1,1,1.9838762283325195
2415,1,1,1,6.500178813934326
2416,1,1,1,5.876885890960693
2417,1,1,1,2.909785509109497
2418,1,0,0,2.2470054626464844
2419,1,0,0,2.2258267402648926
2420,1,1,1,3.4408230781555176
2421,1,1,1,3.4021997451782227
2422,1,1,1,3.790322780609131
2423,1,1,1,1.4521898031234741
2424,1,1,1,0.6083185076713562
2425,1,1,1,0.11498235166072845
2426,1,1,1,5.112253665924072
2427,1,1,1,1.4809679985046387
2428,1,1,1,0.1922963708639145
2429,1,1,1,0.20370040833950043
2430,1,1,1,1.2760502099990845
2431,1,1,1,2.9885787963867188
2432,1,1,1,0.8333058953285217
2433,1,1,1,3.2140209674835205
2434,1,1,1,3.0340826511383057
2435,1,1,1,3.3665058612823486
2436,1,1,1,6.420383453369141
2437,1,1,1,1.1925981044769287
2438,1,1,1,2.9432170391082764
2439,1,0,0,2.2403299808502197
2440,1,1,1,4.557796001434326
2441,1,0,0,0.12292208522558212
2442,1,1,1,1.6092272996902466
2443,1,1,1,2.6780545711517334
2444,1,0,0,4.166863441467285
2445,1,1,1,6.850056171417236
2446,1,1,1,1.2558376789093018
2447,1,1,1,4.339240550994873
2448,1,1,1,4.848299503326416
2449,1,0,0,1.6554356813430786
2450,1,1,1,3.5857114791870117
2451,1,0,0,1.2770700454711914
2452,1,0,0,1.959915041923523
2453,1,1,1,4.336577415466309
2454,1,0,0,0.5867874026298523
2455,1,1,1,5.454500675201416
2456,1,1,1,2.5990567207336426
2457,1,1,1,3.417694568634033
2458,1,0,0,0.2672842741012573
2459,1,1,1,3.3767759799957275
2460,1,0,0,0.11307602375745773
2461,1,0,0,3.167727470397949
2462,1,1,1,1.9601863622665405
2463,1,0,0,2.341784954071045
2464,1,0,0,5.89691162109375
2465,1,1,1,3.921959161758423
2466,1,1,1,4.856154441833496
2467,1,0,0,8.581052780151367
2468,1,0,0,3.3279292583465576
2469,1,1,1,4.895206928253174
2470,0,0,1,7.328025817871094
2471,1,1,1,0.8993973731994629
2472,1,1,1,3.3869473934173584
2473,1,1,1,0.4496183395385742
2474,1,1,1,2.5900144577026367
2475,1,0,0,0.4938335418701172
2476,1,1,1,8.079386711120605
2477,1,1,1,0.6879733204841614
2478,1,0,0,2.903818368911743
2479,1,0,0,4.247831344604492
2480,1,1,1,3.3104124069213867
2481,1,0,0,0.2115977704524994
2482,1,1,1,0.18425045907497406
2483,1,1,1,1.5200767517089844
2484,1,1,1,1.8510127067565918
2485,1,0,0,4.684456825256348
2486,1,1,1,2.647378444671631
2487,1,1,1,3.5004398822784424
2488,1,1,1,3.355128288269043
2489,1,1,1,0.3544955253601074
2490,1,1,1,0.7097630500793457
2491,1,1,1,1.1118977069854736
2492,1,0,0,6.8092122077941895
2493,1,0,0,3.591879367828369
2494,1,0,0,0.18941056728363037
2495,1,1,1,5.205058574676514
2496,1,0,0,2.6033778190612793
2497,1,0,0,2.5692355632781982
2498,1,0,0,4.27863883972168
2499,1,0,0,3.6248419284820557
2500,1,1,1,2.292780637741089
2501,1,0,0,2.7897682189941406
2502,1,1,1,2.3929009437561035
2503,1,1,1,4.621838092803955
2504,1,0,0,1.3174500465393066
2505,1,0,0,0.3789597451686859
2506,1,0,0,0.2591538429260254
2507,1,1,1,4.969746112823486
2508,1,0,0,0.777946412563324
2509,1,1,1,4.971303462982178
2510,1,1,1,4.664995193481445
2511,1,1,1,4.0358171463012695
2512,1,1,1,0.7912734150886536
2513,1,1,1,7.264379978179932
2514,1,1,1,4.3970723152160645
2515,1,1,1,4.396996021270752
2516,1,1,1,2.452193260192871
2517,1,1,1,4.676573276519775
2518,1,1,1,1.9835377931594849
2519,1,1,1,2.3762259483337402
2520,1,0,0,5.255063056945801
2521,1,0,0,1.6787112951278687
2522,1,1,1,1.542202115058899
2523,1,1,1,5.818624019622803
2524,1,1,1,3.55548357963562
2525,1,0,0,0.12344721704721451
2526,1,1,1,5.04872465133667
2527,1,1,1,2.4004244804382324
2528,1,1,1,2.6619839668273926
2529,0,1,0,0.6285978555679321
2530,1,1,1,2.793700695037842
2531,0,1,0,7.137575626373291
2532,1,1,1,5.543171405792236
2533,1,1,1,0.7806556820869446
2534,1,1,1,1.26173996925354
2535,1,0,0,5.557964324951172
2536,1,1,1,2.7717459201812744
2537,0,0,1,0.46973735094070435
2538,0,1,0,0.6890234351158142
2539,0,0,1,6.313754558563232
2540,0,1,0,0.22057338058948517
2541,1,1,1,0.9604753255844116
2542,1,1,1,3.1626949310302734
2543,1,1,1,1.3063809871673584
2544,1,1,1,3.129314422607422
2545,1,1,1,3.4517312049865723
2546,1,1,1,1.6259223222732544
2547,1,0,0,1.0706803798675537
2548,1,0,0,3.860311985015869
2549,1,1,1,2.283053398132324
2550,1,0,0,8.805566787719727
2551,1,1,1,3.155761957168579
2552,1,0,0,3.8070874214172363
2553,1,0,0,2.097548007965088
2554,1,0,0,5.309092998504639
2555,1,1,1,2.323486328125
2556,1,0,0,5.662091255187988
2557,1,0,0,1.1477810144424438
2558,1,0,0,8.0501070022583
2559,1,1,1,4.118274211883545
2560,1,1,1,5.795269966125488
2561,1,0,0,4.796162128448486
2562,1,0,0,0.2194424867630005
2563,1,0,0,0.8438758850097656
2564,1,1,1,1.6342189311981201
2565,1,1,1,0.5460168123245239
2566,1,0,0,2.8387322425842285
2567,1,1,1,2.8543405532836914
2568,1,0,0,3.397033929824829
2569,1,0,0,4.305944442749023
2570,1,0,0,5.735602855682373
2571,1,0,0,4.383320331573486
2572,1,1,1,1.7491929531097412
2573,1,1,1,2.2590131759643555
2574,1,1,1,3.311289072036743
2575,1,0,0,4.051516056060791
2576,1,1,1,2.3731508255004883
2577,1,1,1,4.013535976409912
2578,1,1,1,2.6186861991882324
2579,1,0,0,3.1654582023620605
2580,1,1,1,3.772900342941284
2581,1,1,1,0.5972427129745483
2582,1,0,0,3.503261089324951
2583,1,0,0,5.970311641693115
2584,1,1,1,0.556667685508728
2585,1,1,1,1.560793399810791
2586,1,0,0,1.0673081874847412
2587,1,1,1,0.7969405651092529
2588,1,0,0,2.296260356903076
2589,1,1,1,0.4489317834377289
2590,1,0,0,2.3535969257354736
2591,1,1,1,4.262868404388428
2592,1,1,1,6.998117923736572
2593,1,1,1,6.925440788269043
2594,1,1,1,2.2717092037200928
2595,1,0,0,1.469526767730713
2596,1,1,1,5.596728801727295
2597,1,0,0,0.6985653638839722
2598,1,0,0,1.4055984020233154
2599,1,1,1,3.328927755355835
2600,1,0,0,1.2015104293823242
2601,1,1,1,6.449367523193359
2602,1,1,1,2.1002626419067383
2603,1,0,0,1.7431029081344604
2604,1,1,1,5.53766393661499
2605,1,0,0,6.230930328369141
2606,1,0,0,1.8358585834503174
2607,1,1,1,3.3994393348693848
2608,1,0,0,0.6205291152000427
2609,1,1,1,0.3046431839466095
2610,1,1,1,0.1852577179670334
2611,1,0,0,4.0696258544921875
2612,1,1,1,6.076292514801025
2613,1,1,1,0.8858939409255981
2614,1,0,0,3.446157217025757
2615,1,1,1,6.20453405380249
2616,1,1,1,0.14608266949653625
2617,1,0,0,3.0046119689941406
2618,1,0,0,1.9164280891418457
2619,1,1,1,2.033684492111206
2620,1,1,1,1.136059045791626
2621,1,0,0,1.9156404733657837
2622,1,1,1,0.3649435341358185
2623,1,1,1,5.523440361022949
2624,1,0,0,4.744898319244385
2625,1,1,1,1.860892653465271
2626,1,1,1,1.8169853687286377
2627,1,0,0,2.3120059967041016
2628,1,0,0,2.9249424934387207
2629,1,0,0,1.2663123607635498
2630,1,1,1,5.293862342834473
2631,1,1,1,2.461045980453491
2632,1,0,0,0.537053644657135
2633,1,1,1,0.2729133665561676
2634,1,1,1,1.9692683219909668
2635,1,1,1,3.309293508529663
2636,1,0,0,0.13141290843486786
2637,1,0,0,1.7336463928222656
2638,1,1,1,4.2857561111450195
2639,1,0,0,1.3064748048782349
2640,1,0,0,7.614083290100098
2641,1,0,0,4.513724327087402
2642,1,0,0,0.5828462243080139
2643,1,1,1,1.0728458166122437
2644,1,0,0,2.0669500827789307
2645,1,0,0,5.157341957092285
2646,1,0,0,1.903725028038025
2647,1,0,0,4.108884811401367
2648,1,0,0,2.813642740249634
2649,1,1,1,0.872490644454956
2650,1,1,1,1.527910828590393
2651,1,1,1,5.106408596038818
2652,1,1,1,3.4809460639953613
2653,1,1,1,3.41029691696167
2654,1,0,0,2.2883245944976807
2655,1,1,1,5.004997730255127
2656,1,0,0,2.8677282333374023
2657,1,1,1,1.2889121770858765
2658,1,1,1,0.6659208536148071
2659,1,1,1,9.01997184753418
2660,1,1,1,1.4823859930038452
2661,1,1,1,2.2267255783081055
2662,1,0,0,3.225306749343872
2663,1,1,1,2.4611217975616455
2664,1,1,1,3.266770124435425
2665,1,0,0,5.3555588722229
2666,1,0,0,0.5918556451797485
2667,1,0,0,5.20517635345459
2668,1,0,0,1.6569766998291016
2669,1,1,1,3.246058940887451
2670,1,0,0,0.5927330851554871
2671,1,0,0,5.170500755310059
2672,1,0,0,3.56253981590271
2673,1,1,1,4.59092378616333
2674,1,0,0,2.1544058322906494
2675,1,1,1,4.035929203033447
2676,1,0,0,3.7766382694244385
2677,1,0,0,2.0031118392944336
2678,1,0,0,1.2583980560302734
2679,1,0,0,0.3863557279109955
2680,1,1,1,5.268172740936279
2681,1,1,1,4.025474548339844
2682,1,1,1,3.692405939102173
2683,1,1,1,4.293784141540527
2684,1,1,1,0.7350544929504395
2685,1,0,0,0.8852842450141907
2686,1,1,1,1.9532943964004517
2687,1,1,1,0.25068244338035583
2688,1,1,1,6.839497089385986
2689,1,1,1,0.7193074226379395
2690,1,1,1,8.029925346374512
2691,1,1,1,4.255514621734619
2692,1,1,1,2.311049222946167
2693,1,0,0,1.119612216949463
2694,1,0,0,0.5741048455238342
2695,1,1,1,3.2272908687591553
2696,1,0,0,1.5884373188018799
2697,1,0,0,1.8273231983184814
2698,1,0,0,6.094808101654053
2699,1,0,0,1.4806077480316162
2700,1,1,1,0.19992616772651672
2701,1,1,1,2.0500571727752686
2702,1,1,1,2.3874552249908447
2703,1,1,1,1.4020880460739136
2704,1,1,1,8.860269546508789
2705,1,0,0,2.7892253398895264
2706,1,0,0,1.4983195066452026
2707,1,0,0,0.741595983505249
2708,1,1,1,0.6075307130813599
2709,1,0,0,3.841719150543213
2710,1,1,1,2.1859397888183594
2711,1,0,0,1.3265422582626343
2712,1,1,1,2.332710027694702
2713,1,1,1,2.03094744682312
2714,1,1,1,3.6113200187683105
2715,1,1,1,0.7370307445526123
2716,1,1,1,1.3634053468704224
2717,1,0,0,2.4695897102355957
2718,1,0,0,5.207074165344238
2719,1,0,0,0.909945011138916
2720,1,1,1,0.23772762715816498
2721,1,1,1,3.9844534397125244
2722,1,1,1,0.6849104166030884
2723,1,0,0,0.8218536972999573
2724,1,0,0,0.9597588181495667
2725,1,0,0,5.0875701904296875
2726,1,1,1,1.438606858253479
2727,1,0,0,1.231669545173645
2728,1,1,1,3.0372111797332764
2729,1,1,1,4.9359917640686035
2730,1,0,0,1.4716763496398926
2731,1,0,0,4.112493515014648
2732,1,1,1,0.33213239908218384
2733,1,0,0,2.4544029235839844
2734,1,0,0,2.1106300354003906
2735,1,0,0,0.6044920086860657
2736,1,0,0,0.7310240864753723
2737,1,1,1,6.260993480682373
2738,1,1,1,1.133250117301941
2739,1,1,1,3.123466968536377
2740,1,0,0,3.1031904220581055
2741,1,0,0,0.5847740173339844
2742,1,0,0,1.4876240491867065
2743,1,0,0,1.12213134765625
2744,1,1,1,5.358641147613525
2745,1,1,1,4.255471229553223
2746,1,1,1,2.7811875343322754
2747,1,1,1,4.438803672790527
2748,1,1,1,0.8914000391960144
2749,1,0,0,2.064960479736328
2750,1,0,0,7.624127388000488
2751,1,0,0,2.1908929347991943
2752,1,0,0,5.210529327392578
2753,1,0,0,1.9634168148040771
2754,1,1,1,0.8123395442962646
2755,1,1,1,0.9188846945762634
2756,1,1,1,1.4411183595657349
2757,1,1,1,1.503480315208435
2758,1,0,0,0.9978668093681335
2759,1,1,1,4.5928544998168945
2760,1,0,0,4.152842998504639
2761,1,0,0,3.278563976287842
2762,1,0,0,1.4634929895401
2763,1,1,1,3.600536823272705
2764,1,0,0,2.8708839416503906
2765,1,0,0,1.5160276889801025
2766,1,0,0,4.082816123962402
2767,1,0,0,1.6808409690856934
2768,1,0,0,3.575648307800293
2769,1,0,0,1.1020972728729248
2770,1,1,1,1.353581428527832
2771,1,1,1,5.947573661804199
2772,1,1,1,1.255735158920288
2773,1,0,0,0.4019155502319336
2774,1,1,1,0.05837300792336464
2775,1,0,0,6.673892974853516
2776,1,1,1,3.0789167881011963
2777,1,1,1,6.025251865386963
2778,1,1,1,2.1388700008392334
2779,1,1,1,3.820167064666748
2780,1,1,1,4.129922866821289
2781,1,0,0,1.661528468132019
2782,1,0,0,2.7547030448913574
2783,1,0,0,0.9675853848457336
2784,1,0,0,3.2502269744873047
2785,1,1,1,6.263498783111572
2786,1,1,1,5.475582599639893
2787,1,1,1,0.257138192653656
2788,1,0,0,2.6032280921936035
2789,1,1,1,1.4225423336029053
2790,1,1,1,2.940093994140625
2791,1,0,0,1.3368988037109375
2792,1,0,0,0.47086647152900696
2793,1,1,1,2.2493910789489746
2794,1,1,1,2.5299124717712402
2795,1,0,0,1.3920435905456543
2796,1,1,1,6.215626239776611
2797,1,0,0,8.860054016113281
2798,1,1,1,2.9100091457366943
2799,1,0,0,3.2215018272399902
2800,1,1,1,4.81834602355957
2801,1,1,1,4.314077854156494
2802,1,1,1,6.90008544921875
2803,1,0,0,2.3769967555999756
2804,1,1,1,2.1679277420043945
2805,1,0,0,1.0362443923950195
2806,1,0,0,3.2120697498321533
2807,1,0,0,6.276127815246582
2808,1,0,0,1.8336137533187866
2809,1,1,1,2.303816795349121
2810,1,1,1,0.47232794761657715
2811,1,1,1,0.98298579454422
2812,1,0,0,2.617908000946045
2813,1,1,1,4.050095081329346
2814,1,1,1,2.3847477436065674
2815,1,1,1,5.5539774894714355
2816,1,1,1,2.181427240371704
2817,1,0,0,11.063368797302246
2818,1,0,0,2.0821683406829834
2819,1,0,0,1.9375113248825073
2820,1,0,0,1.8593053817749023
2821,1,1,1,4.115484714508057
2822,1,1,1,5.210395812988281
2823,1,1,1,0.5043651461601257
2824,1,0,0,1.4868491888046265
2825,1,0,0,1.152616262435913
2826,1,0,0,2.266502618789673
2827,1,0,0,2.517343044281006
2828,1,0,0,4.945187568664551
2829,1,0,0,1.5919394493103027
2830,1,0,0,5.156023979187012
2831,1,1,1,4.349314212799072
2832,1,1,1,2.0973520278930664
2833,1,1,1,1.4673941135406494
2834,1,1,1,0.15471525490283966
2835,1,1,1,3.633068561553955
2836,1,1,1,0.4432123899459839
2837,1,0,0,6.248410224914551
2838,1,1,1,1.402356743812561
2839,1,1,1,1.5877405405044556
2840,1,1,1,0.44728222489356995
2841,1,1,1,0.8548686504364014
2842,1,1,1,2.1474335193634033
2843,1,0,0,0.5496468544006348
2844,1,1,1,0.5620086193084717
2845,1,0,0,5.524208068847656
2846,1,0,0,2.0521082878112793
2847,1,1,1,1.9787261486053467
2848,1,0,0,3.588362216949463
2849,1,0,0,2.128180503845215
2850,1,1,1,0.44112372398376465
2851,1,1,1,0.2788568139076233
2852,1,1,1,2.39418888092041
2853,1,1,1,0.6606917381286621
2854,1,1,1,5.216765880584717
2855,1,0,0,5.950387001037598
2856,1,1,1,5.152291774749756
2857,1,1,1,2.4168624877929688
2858,1,0,0,0.43415576219558716
2859,1,0,0,0.9485520720481873
2860,1,1,1,2.879368305206299
2861,1,0,0,2.493252992630005
2862,1,1,1,1.7735698223114014
2863,1,1,1,2.896512985229492
2864,1,0,0,0.6316295862197876
2865,1,0,0,1.3438730239868164
2866,1,0,0,1.562408208847046
2867,1,0,0,1.0313646793365479
2868,1,0,0,1.836939811706543
2869,1,0,0,3.1109538078308105
2870,1,1,1,0.528651237487793
2871,1,1,1,0.8671075701713562
2872,1,1,1,2.865121364593506
2873,1,1,1,3.3072330951690674
2874,1,0,0,2.9755735397338867
2875,1,0,0,2.9078383445739746
2876,1,0,0,0.1541132628917694
2877,1,1,1,8.202678680419922
2878,1,1,1,6.972158908843994
2879,1,1,1,3.425072193145752
2880,1,1,1,0.6254404783248901
2881,1,1,1,2.9288065433502197
2882,1,0,0,0.9068496823310852
2883,1,1,1,1.1096514463424683
2884,1,0,0,3.664015769958496
2885,1,1,1,3.5249128341674805
2886,1,1,1,0.9173003435134888
2887,1,1,1,1.1802204847335815
2888,1,1,1,3.4199483394622803
2889,1,0,0,5.864729404449463
2890,1,0,0,1.3628287315368652
2891,1,0,0,0.4651784896850586
2892,1,1,1,3.207087516784668
2893,1,1,1,1.8688676357269287
2894,1,0,0,1.6850138902664185
2895,1,1,1,0.2214471399784088
2896,1,1,1,0.6270648837089539
2897,1,0,0,2.084228515625
2898,1,1,1,6.899710178375244
2899,1,1,1,3.461207151412964
2900,1,1,1,0.2817895710468292
2901,1,1,1,2.301635980606079
2902,1,1,1,3.122263193130493
2903,1,1,1,0.24404214322566986
2904,1,1,1,8.662496566772461
2905,1,0,0,7.4884514808654785
2906,1,1,1,1.395581841468811
2907,1,1,1,6.398505210876465
2908,1,1,1,1.3143465518951416
2909,1,1,1,5.141331672668457
2910,1,1,1,2.651127576828003
2911,1,1,1,0.1319957822561264
2912,1,0,0,2.173133373260498
2913,1,1,1,2.0049774646759033
2914,1,1,1,4.349562644958496
2915,1,1,1,3.1135668754577637
2916,1,1,1,0.12762640416622162
2917,1,0,0,0.6799152493476868
2918,1,1,1,4.405654430389404
2919,1,1,1,1.388604760169983
2920,1,1,1,1.817518949508667
2921,1,1,1,0.7493387460708618
2922,1,1,1,0.42064589262008667
2923,1,1,1,2.783762216567993
2924,1,1,1,2.370026111602783
2925,1,0,0,5.5085248947143555
2926,1,1,1,1.9716678857803345
2927,0,1,0,0.24846689403057098
2928,0,0,1,5.4945068359375
2929,0,0,1,0.3043121099472046
2930,0,1,0,4.087057590484619
2931,0,0,1,4.684779167175293
2932,0,0,1,5.620751857757568
2933,0,0,1,5.774844646453857
2934,0,0,1,3.5534212589263916
2935,0,0,1,1.2730660438537598
2936,0,0,1,5.252366065979004
2937,0,0,1,6.479110240936279
2938,0,0,1,7.33740234375
2939,0,0,1,5.320864677429199
2940,0,0,1,13.766799926757812
2941,0,0,1,2.6730117797851562
2942,0,0,1,1.892749547958374
2943,0,0,1,1.9173705577850342
2944,0,0,1,10.752121925354004
2945,0,0,1,8.92257308959961
2946,0,1,0,1.7610063552856445
2947,0,1,0,2.322617530822754
2948,0,0,1,4.427064895629883
2949,0,0,1,5.037806510925293
2950,0,0,1,10.083205223083496
2951,0,0,1,0.7958734631538391
2952,0,0,1,5.066145896911621
2953,0,0,1,9.229480743408203
2954,0,0,1,8.493743896484375
2955,0,0,1,4.1710004806518555
2956,0,0,1,4.486788749694824
2957,0,0,1,2.3686113357543945
2958,0,0,1,5.873575210571289
2959,0,0,1,1.6121129989624023
2960,0,0,1,2.960144519805908
2961,0,0,1,7.0725507736206055
2962,0,0,1,7.405318260192871
2963,0,0,1,0.9288248419761658
2964,0,0,1,1.035770297050476
2965,0,0,1,10.19570541381836
2966,0,0,1,6.8607401847839355
2967,0,0,1,6.253111362457275
2968,0,0,1,2.4711110591888428
2969,0,0,1,6.874556064605713
2970,0,0,1,4.323188781738281
2971,0,0,1,4.184278964996338
2972,0,1,0,1.1564058065414429
2973,0,1,0,4.283656597137451
2974,0,0,1,12.650107383728027
2975,0,0,1,1.174635887145996
2976,0,0,1,1.6510802507400513
2977,0,0,1,5.603028297424316
2978,0,0,1,8.89228343963623
2979,0,0,1,10.76954174041748
2980,0,0,1,7.5297017097473145
2981,0,0,1,2.8278658390045166
2982,0,1,0,6.487331390380859
2983,0,0,1,8.47065544128418
2984,0,0,1,6.8380913734436035
2985,0,0,1,2.855391502380371
2986,0,0,1,2.787403106689453
2987,0,0,1,4.267602920532227
2988,0,0,1,1.1321616172790527
2989,0,0,1,1.185643196105957
2990,0,0,1,4.273187637329102
2991,0,0,1,7.667283058166504
2992,0,1,0,4.983700275421143
2993,0,0,1,2.1892640590667725
2994,0,0,1,2.7680907249450684
2995,0,1,0,1.3023321628570557
2996,0,0,1,4.425795078277588
2997,0,0,1,0.991996705532074
2998,0,0,1,2.777146339416504
2999,0,1,0,0.7344554662704468
3000,0,0,1,1.4934064149856567
3001,0,1,0,0.31897464394569397
3002,0,0,1,2.8540332317352295
3003,0,0,1,1.4722517728805542
3004,0,0,1,2.077033519744873
3005,0,0,1,6.363574028015137
3006,0,0,1,2.869166851043701
3007,0,1,0,1.0197157859802246
3008,0,0,1,6.21102237701416
3009,0,0,1,3.0302696228027344
3010,0,0,1,3.2378225326538086
3011,0,0,1,1.403568148612976
3012,0,1,0,0.10743613541126251
3013,0,0,1,0.47099435329437256
3014,0,1,0,0.780175507068634
3015,0,1,0,1.139493703842163
3016,0,0,1,1.4507250785827637
3017,0,0,1,5.448617935180664
3018,0,0,1,5.0892205238342285
3019,0,0,1,6.211406230926514
3020,0,0,1,5.074731826782227
3021,0,0,1,0.33731722831726074
3022,0,0,1,4.457634925842285
3023,0,1,0,2.8569066524505615
3024,0,0,1,3.202846050262451
3025,0,0,1,4.033148765563965
3026,0,0,1,0.49069881439208984
3027,0,0,1,4.209640026092529
3028,0,0,1,9.939455032348633
3029,0,0,1,7.056057929992676
3030,0,0,1,0.701436460018158
3031,0,0,1,7.245980262756348
3032,0,0,1,2.2909059524536133
3033,0,0,1,3.1113321781158447
3034,0,0,1,3.7342116832733154
3035,0,0,1,2.7909860610961914
3036,0,0,1,2.735184669494629
3037,0,0,1,8.242042541503906
3038,0,0,1,4.320065498352051
3039,0,0,1,1.5489025115966797
3040,0,1,0,0.9073802828788757
3041,0,0,1,9.445690155029297
3042,0,1,0,1.433193564414978
3043,0,0,1,1.6886847019195557
3044,0,1,0,3.941167116165161
3045,0,0,1,2.6289477348327637
3046,0,0,1,5.219520092010498
3047,0,0,1,1.8342807292938232
3048,0,0,1,0.8083720207214355
3049,0,0,1,4.787541389465332
3050,0,0,1,0.4317055940628052
3051,0,0,1,9.280647277832031
3052,0,0,1,1.3677082061767578
3053,0,1,0,0.8465135097503662
3054,0,0,1,5.77374267578125
3055,0,0,1,0.3245558440685272
3056,0,0,1,10.111370086669922
3057,0,0,1,4.9142937660217285
3058,0,0,1,4.570376396179199
3059,0,0,1,9.555221557617188
3060,0,0,1,5.423592567443848
3061,0,0,1,3.201218843460083
3062,0,0,1,7.54008674621582
3063,0,1,0,2.855665683746338
3064,0,0,1,6.850069046020508
3065,0,0,1,13.630790710449219
3066,0,0,1,4.7031636238098145
3067,0,0,1,8.518780708312988
3068,0,0,1,8.926244735717773
3069,0,1,0,1.8302521705627441
3070,0,0,1,7.863338947296143
3071,0,0,1,8.229264259338379
3072,0,0,1,6.356744289398193
3073,0,1,0,0.8730330467224121
3074,0,0,1,8.433231353759766
3075,0,1,0,0.9072715044021606
3076,0,0,1,4.517849445343018
3077,0,0,1,6.114157676696777
3078,0,1,0,0.10252371430397034
3079,0,0,1,3.225508213043213
3080,0,0,1,6.072307586669922
3081,0,1,0,1.4552680253982544
3082,0,0,1,8.421446800231934
3083,0,0,1,3.2110416889190674
3084,0,1,0,7.432231903076172
3085,0,0,1,3.50500226020813
3086,0,0,1,6.984874725341797
3087,0,1,0,1.2921618223190308
3088,0,0,1,1.5096731185913086
3089,0,0,1,11.114800453186035
3090,0,0,1,6.48111629486084
3091,0,0,1,12.040224075317383
3092,0,0,1,5.689422607421875
3093,0,1,0,3.475923538208008
3094,0,1,0,2.4046194553375244
3095,0,0,1,9.344069480895996
3096,0,1,0,0.7447056770324707
3097,0,1,0,2.082291841506958
3098,0,0,1,6.914095878601074
3099,0,0,1,1.5320786237716675
3100,0,0,1,1.367192268371582
3101,0,1,0,1.8165968656539917
3102,0,0,1,1.3974144458770752
3103,0,0,1,6.5169196128845215
3104,0,1,0,5.483189105987549
3105,0,0,1,6.354582786560059
3106,0,0,1,5.863842964172363
3107,0,0,1,4.539466381072998
3108,0,0,1,6.024545669555664
3109,0,0,1,4.188353538513184
3110,0,0,1,6.457089424133301
3111,0,0,1,8.250570297241211
3112,0,0,1,12.209325790405273
3113,0,0,1,8.566720962524414
3114,0,0,1,8.018163681030273
3115,0,0,1,1.7640843391418457
3116,0,0,1,9.141206741333008
3117,0,0,1,8.254508972167969
3118,0,0,1,4.540774822235107
3119,0,1,0,4.389512062072754
3120,0,0,1,4.946969985961914
3121,0,0,1,3.684389352798462
3122,0,0,1,0.42455559968948364
3123,0,1,0,1.652739405632019
3124,0,0,1,10.30872917175293
3125,0,0,1,10.656472206115723
3126,0,0,1,2.930911064147949
3127,0,0,1,7.447523593902588
3128,0,0,1,0.47299304604530334
3129,0,0,1,10.044548034667969
3130,0,0,1,8.248327255249023
3131,0,0,1,4.074481010437012
3132,0,1,0,2.90710711479187
3133,0,0,1,3.330589532852173
3134,0,0,1,4.978791236877441
3135,0,0,1,6.471632957458496
3136,0,0,1,0.42304831743240356
3137,0,0,1,8.956541061401367
3138,0,1,0,1.2483446598052979
3139,0,1,0,0.8785436153411865
3140,0,0,1,6.976863861083984
3141,0,1,0,0.9760165214538574
3142,0,0,1,9.822134971618652
3143,0,0,1,2.387469530105591
3144,0,0,1,1.8841769695281982
3145,0,0,1,2.866920232772827
3146,0,0,1,16.36907958984375
3147,0,0,1,3.1995010375976562
3148,0,1,0,5.971561431884766
3149,0,0,1,2.300201654434204
3150,0,0,1,9.023025512695312
3151,0,0,1,8.000904083251953
3152,0,0,1,10.478829383850098
3153,0,0,1,7.427929401397705
3154,0,0,1,6.9535298347473145
3155,0,0,1,2.1814708709716797
3156,0,0,1,4.493904113769531
3157,0,0,1,2.1116127967834473
3158,0,0,1,3.084214687347412
3159,0,0,1,1.101557970046997
3160,0,1,0,1.989691972732544
3161,0,0,1,10.235542297363281
3162,0,0,1,10.611971855163574
3163,0,0,1,9.558381080627441
3164,0,1,0,0.8257116079330444
3165,0,0,1,0.66794353723526
3166,0,1,0,2.4892148971557617
3167,0,0,1,6.520853519439697
3168,0,0,1,0.1938343048095703
3169,0,0,1,10.492025375366211
3170,0,0,1,3.277799367904663
3171,0,1,0,1.4527708292007446
3172,0,0,1,11.38351058959961
3173,0,0,1,3.134319305419922
3174,0,1,0,2.4193098545074463
3175,0,1,0,1.3829371929168701
3176,0,0,1,2.333836317062378
3177,0,0,1,8.103193283081055
3178,0,0,1,5.190457344055176
3179,0,0,1,0.2509276866912842
3180,0,1,0,7.250320911407471
3181,0,0,1,4.070329666137695
3182,0,0,1,9.770886421203613
3183,0,0,1,6.194908618927002
3184,0,0,1,3.691943407058716
3185,0,0,1,2.5130794048309326
3186,0,0,1,1.4687191247940063
3187,0,0,1,2.1651453971862793
3188,0,0,1,5.168215751647949
3189,0,0,1,2.6257896423339844
3190,0,0,1,0.6486966609954834
3191,0,0,1,5.857549667358398
3192,0,1,0,2.4628264904022217
3193,0,0,1,2.569584369659424
3194,0,1,0,3.5043492317199707
3195,0,0,1,1.2645126581192017
3196,0,0,1,7.001191139221191
3197,0,0,1,6.786883354187012
3198,0,0,1,2.862926483154297
3199,0,0,1,2.1752214431762695
3200,0,1,0,1.8099331855773926
3201,0,0,1,3.4508657455444336
3202,0,0,1,4.499121189117432
3203,0,0,1,0.29381999373435974
3204,0,0,1,0.572913408279419
3205,0,0,1,11.11099624633789
3206,0,0,1,10.630487442016602
3207,0,0,1,9.277325630187988
3208,0,0,1,2.6577250957489014
3209,0,0,1,7.885167121887207
3210,0,1,0,0.7088256478309631
3211,0,0,1,5.8880486488342285
3212,0,0,1,2.2276504039764404
3213,0,1,0,2.7170259952545166
3214,0,0,1,3.8095650672912598
3215,0,0,1,10.355666160583496
3216,0,0,1,3.5520520210266113
3217,0,0,1,15.224267959594727
3218,0,0,1,2.0990915298461914
3219,0,0,1,5.156628608703613
3220,0,1,0,1.1133912801742554
3221,0,1,0,0.4218246340751648
3222,0,0,1,4.52726936340332
3223,0,0,1,6.322452068328857
3224,0,0,1,4.273006439208984
3225,0,0,1,5.556328773498535
3226,0,0,1,13.886384010314941
3227,0,1,0,0.10327796638011932
3228,0,1,0,0.7695677280426025
3229,0,1,0,2.7217459678649902
3230,0,0,1,4.989589691162109
3231,0,1,0,0.2703878581523895
3232,0,0,1,5.159514427185059
3233,0,0,1,11.238473892211914
3234,0,0,1,8.534655570983887
3235,0,0,1,4.596763610839844
3236,0,0,1,11.132450103759766
3237,0,1,0,0.15894149243831635
3238,0,0,1,3.019676685333252
3239,0,0,1,2.2383322715759277
3240,0,0,1,5.058376312255859
3241,0,0,1,9.472408294677734
3242,0,1,0,3.3123223781585693
3243,0,0,1,5.870101451873779
3244,0,0,1,5.76377534866333
3245,0,0,1,2.833742141723633
3246,0,0,1,9.338266372680664
3247,0,0,1,2.5525026321411133
3248,0,0,1,7.792438507080078
3249,0,1,0,3.60425066947937
3250,0,0,1,1.3585816621780396
3251,0,0,1,6.424125671386719
3252,0,0,1,4.092512130737305
3253,0,0,1,5.508087158203125
3254,0,0,1,7.0465407371521
3255,0,0,1,0.33499640226364136
3256,0,1,0,1.5844112634658813
3257,0,0,1,6.004283905029297
3258,0,0,1,7.88593864440918
3259,0,1,0,3.1463940143585205
3260,0,0,1,0.6459061503410339
3261,0,0,1,4.873077392578125
3262,0,1,0,1.2676200866699219
3263,0,0,1,9.253448486328125
3264,0,0,1,3.1791467666625977
3265,0,0,1,5.45216703414917
3266,0,0,1,0.6396796107292175
3267,0,0,1,11.376792907714844
3268,0,1,0,0.1439744085073471
3269,0,0,1,3.3907217979431152
3270,0,0,1,3.0083346366882324
3271,0,0,1,0.4670064151287079
3272,0,0,1,3.848140001296997
3273,0,0,1,5.890523910522461
3274,0,0,1,6.468685626983643
3275,0,0,1,3.9481468200683594
3276,0,0,1,4.670000076293945
3277,0,0,1,2.0634374618530273
3278,0,0,1,1.0957050323486328
3279,0,0,1,2.672630786895752
3280,0,1,0,1.886877179145813
3281,0,1,0,0.3344269394874573
3282,0,1,0,0.5198846459388733
3283,0,1,0,1.0125384330749512
3284,0,0,1,3.932297468185425
3285,0,0,1,1.867388129234314
3286,0,0,1,6.575627326965332
3287,0,1,0,3.7943334579467773
3288,1,0,0,3.83221435546875
3289,0,0,1,8.894855499267578
3290,0,0,1,3.5885937213897705
3291,0,0,1,1.9803224802017212
3292,0,1,0,2.2563283443450928
3293,0,0,1,1.982454776763916
3294,0,1,0,0.8483399748802185
3295,0,0,1,5.051104545593262
3296,0,0,1,2.3273091316223145
3297,0,0,1,1.1974802017211914
3298,0,0,1,5.7705607414245605
3299,0,0,1,7.018064498901367
3300,0,0,1,8.422365188598633
3301,0,1,0,6.1508469581604
3302,0,0,1,6.0618414878845215
3303,0,0,1,5.438043594360352
3304,0,1,0,1.142950177192688
3305,0,0,1,3.4777514934539795
3306,0,0,1,0.5580607652664185
3307,0,0,1,2.658189296722412
3308,0,1,0,1.2770458459854126
3309,0,0,1,10.401631355285645
3310,0,0,1,3.385186195373535
3311,0,0,1,6.087450981140137
3312,0,1,0,1.0278878211975098
3313,0,0,1,1.8517811298370361
3314,0,0,1,0.499860942363739
3315,0,1,0,3.345452308654785
3316,0,0,1,3.5035560131073
3317,0,0,1,8.123751640319824
3318,0,0,1,0.977085530757904
3319,0,0,1,6.886229038238525
3320,0,1,0,0.7211611270904541
3321,0,1,0,0.17995496094226837
3322,0,0,1,6.269664764404297
3323,0,0,1,4.90769100189209
3324,0,1,0,1.073097825050354
3325,0,0,1,6.8527631759643555
3326,0,0,1,4.624523162841797
3327,0,0,1,2.6680731773376465
3328,0,0,1,5.07252311706543
3329,0,1,0,0.7217022180557251
3330,0,0,1,4.3785319328308105
3331,0,0,1,1.952640175819397
3332,0,0,1,0.3314978778362274
3333,0,0,1,0.952674388885498
3334,0,1,0,1.9060451984405518
3335,0,0,1,1.7072561979293823
3336,0,1,0,2.5980827808380127
3337,0,0,1,3.1298885345458984
3338,0,0,1,4.896101474761963
3339,0,0,1,0.42250698804855347
3340,0,0,1,9.69961166381836
3341,0,0,1,11.528409957885742
3342,0,1,0,1.7729109525680542
3343,0,0,1,2.5996651649475098
3344,0,0,1,9.517556190490723
3345,0,0,1,5.7962493896484375
3346,0,0,1,3.9990711212158203
3347,0,0,1,13.279119491577148
3348,0,0,1,3.754242181777954
3349,0,0,1,9.859729766845703
3350,0,1,0,0.4073874056339264
3351,0,0,1,6.603323936462402
3352,0,0,1,3.5370113849639893
3353,0,0,1,8.153112411499023
3354,0,0,1,5.497878551483154
3355,0,0,1,7.313405513763428
3356,0,0,1,6.614298343658447
3357,0,0,1,9.689681053161621
3358,0,0,1,3.4146220684051514
3359,0,0,1,2.267608165740967
3360,0,1,0,1.435518741607666
3361,0,0,1,5.842117786407471
3362,0,1,0,0.578249454498291
3363,0,0,1,7.659657001495361
3364,0,1,0,3.157871723175049
3365,0,0,1,4.054644584655762
3366,0,0,1,4.57411003112793
3367,0,0,1,2.2559120655059814
3368,0,0,1,8.939805030822754
3369,0,0,1,6.906933784484863
3370,0,0,1,10.659469604492188
3371,0,0,1,8.10377311706543
3372,0,0,1,3.638549327850342
3373,0,0,1,2.508871555328369
3374,0,0,1,7.286003112792969
3375,0,0,1,4.847050666809082
3376,0,0,1,1.0095086097717285
3377,0,0,1,4.18261194229126
3378,0,0,1,1.0163846015930176
3379,0,0,1,8.690831184387207
3380,0,0,1,0.12365249544382095
3381,0,0,1,9.956680297851562
3382,0,0,1,8.626583099365234
3383,0,0,1,4.939633369445801
3384,0,0,1,9.550285339355469
3385,0,0,1,1.3985785245895386
3386,0,0,1,4.990025520324707
3387,0,0,1,3.4863600730895996
3388,0,1,0,1.3107231855392456
3389,0,0,1,4.675387859344482
3390,0,1,0,2.300649642944336
3391,0,0,1,4.668869972229004
3392,0,0,1,3.886845827102661
3393,0,0,1,3.708066701889038
3394,0,0,1,5.822132110595703
3395,0,0,1,7.355363845825195
3396,0,0,1,8.184534072875977
3397,0,1,0,3.1294796466827393
3398,0,0,1,4.832076072692871
3399,0,0,1,6.54688835144043
3400,0,0,1,6.860748767852783
3401,0,0,1,6.827753067016602
3402,0,0,1,8.703242301940918
3403,0,0,1,5.722682952880859
3404,0,0,1,4.407222270965576
3405,0,0,1,1.5140101909637451
3406,0,0,1,5.156026840209961
3407,0,0,1,2.133263111114502
3408,0,0,1,1.5320839881896973
3409,0,0,1,4.533542633056641
3410,0,0,1,6.954266548156738
3411,0,0,1,5.56794548034668
3412,0,0,1,5.909817695617676
3413,0,0,1,2.243845224380493
3414,0,0,1,1.125363826751709
3415,0,0,1,6.977748870849609
3416,0,1,0,1.2717609405517578
3417,0,0,1,5.588155269622803
3418,0,0,1,4.372066497802734
3419,0,1,0,3.8255209922790527
3420,0,0,1,2.398193836212158
3421,0,1,0,0.42543354630470276
3422,0,0,1,8.358077049255371
3423,0,0,1,5.538301467895508
3424,0,0,1,4.69005012512207
3425,0,0,1,12.50249195098877
3426,0,1,0,2.829166889190674
3427,0,0,1,2.5899598598480225
3428,0,0,1,4.15006160736084
3429,0,0,1,5.838594436645508
3430,0,0,1,5.784660816192627
3431,0,0,1,3.920551300048828
3432,0,0,1,5.1595611572265625
3433,0,1,0,2.766805410385132
3434,0,0,1,4.045254230499268
3435,0,0,1,7.800241470336914
3436,0,1,0,5.467947959899902
3437,0,0,1,9.366671562194824
3438,0,0,1,9.712051391601562
3439,0,0,1,7.301022529602051
3440,0,0,1,4.059701919555664
3441,0,0,1,5.224443435668945
3442,0,0,1,6.590394020080566
3443,0,0,1,0.8270817399024963
3444,0,0,1,4.919395446777344
3445,0,0,1,6.963731288909912
3446,0,0,1,2.3850691318511963
3447,0,0,1,2.1544604301452637
3448,0,1,0,2.2405784130096436
3449,0,0,1,0.9215273261070251
3450,0,0,1,5.698549270629883
3451,0,1,0,0.6759656071662903
3452,0,1,0,2.300764799118042
3453,0,0,1,1.3079299926757812
3454,0,0,1,7.515994071960449
3455,0,0,1,4.274153232574463
3456,0,1,0,4.127110004425049
3457,0,0,1,2.816297769546509
3458,0,0,1,1.277024745941162
3459,0,0,1,1.0836167335510254
3460,0,0,1,8.930334091186523
3461,0,0,1,10.418545722961426
3462,0,0,1,4.805507659912109
3463,0,0,1,1.0206475257873535
3464,0,0,1,0.6504649519920349
3465,0,0,1,5.133425712585449
3466,0,1,0,2.959083080291748
3467,0,1,0,0.23175746202468872
3468,0,1,0,2.731635332107544
3469,0,0,1,0.10447859019041061
3470,0,1,0,0.8731776475906372
3471,0,0,1,1.5611202716827393
3472,0,0,1,0.7126960754394531
3473,0,0,1,9.78659439086914
3474,0,0,1,3.3272194862365723
3475,0,1,0,0.7200267314910889
3476,0,0,1,0.45210233330726624
3477,0,0,1,0.6992500424385071
3478,0,0,1,2.0132646560668945
3479,0,0,1,6.164251327514648
3480,0,0,1,2.686196804046631
3481,0,1,0,1.3039579391479492
3482,0,1,0,3.422468900680542
3483,0,0,1,3.1006088256835938
3484,0,0,1,0.9388280510902405
3485,0,0,1,6.327269077301025
3486,0,1,0,2.768602132797241
3487,0,0,1,5.635583400726318
3488,0,0,1,5.407607078552246
3489,0,0,1,4.253503799438477
3490,0,0,1,4.432243824005127
3491,0,0,1,0.8241299390792847
3492,0,1,0,1.1187067031860352
3493,0,0,1,2.7311649322509766
3494,0,0,1,7.723574638366699
3495,0,0,1,1.1489167213439941
3496,0,0,1,2.665949821472168
3497,0,0,1,0.24012497067451477
3498,0,1,0,0.8357360363006592
3499,0,1,0,7.933342933654785
3500,0,0,1,0.127316415309906
3501,0,1,0,5.353021621704102
3502,0,0,1,4.497220516204834
3503,0,0,1,9.700057029724121
3504,0,0,1,3.884700298309326
3505,0,1,0,1.121004581451416
3506,0,0,1,5.875214576721191
3507,0,0,1,2.778815269470215
3508,0,1,0,3.8144800662994385
3509,0,1,0,2.4990622997283936
3510,0,0,1,2.1981592178344727
3511,0,0,1,6.073853015899658
3512,0,0,1,3.3084373474121094
3513,0,0,1,2.4819529056549072
3514,0,0,1,0.7423378229141235
3515,0,0,1,2.504215717315674
3516,0,0,1,2.600381851196289
3517,0,1,0,0.7119931578636169
3518,0,0,1,5.507476806640625
3519,0,0,1,2.0502572059631348
3520,0,0,1,2.7201390266418457
3521,0,0,1,0.6541554927825928
3522,0,1,0,1.4153155088424683
3523,0,0,1,3.9603941440582275
3524,0,1,0,2.724696636199951
3525,0,1,0,2.715792655944824
3526,0,0,1,1.278975248336792
3527,0,0,1,2.585819721221924
3528,0,0,1,1.318566083908081
3529,0,0,1,0.42190951108932495
3530,0,1,0,2.480419397354126
3531,0,0,1,0.7187610268592834
3532,0,0,1,5.202467918395996
3533,0,0,1,1.1902222633361816
3534,0,0,1,1.2345595359802246
3535,0,0,1,3.723921298980713
3536,0,1,0,2.846564292907715
3537,0,0,1,3.0712428092956543
3538,0,0,1,2.8925328254699707
3539,0,0,1,1.5274758338928223
3540,0,0,1,3.496854782104492
3541,0,1,0,1.8795206546783447
3542,0,0,1,0.4361395537853241
3543,0,0,1,7.7125325202941895
3544,0,1,0,1.2986801862716675
3545,0,1,0,0.4105486571788788
3546,0,0,1,2.8074252605438232
3547,0,0,1,1.161285400390625
3548,0,1,0,1.205173373222351
3549,0,0,1,4.4235663414001465
3550,0,0,1,2.4724762439727783
3551,0,0,1,3.36838960647583
3552,0,0,1,4.112606048583984
3553,0,0,1,5.992278575897217
3554,0,0,1,3.568100690841675
3555,0,0,1,5.311373710632324
3556,0,0,1,2.8627820014953613
3557,0,0,1,2.26522159576416
3558,0,0,1,4.971541881561279
3559,0,0,1,1.896740436553955
3560,0,0,1,3.6465659141540527
3561,0,0,1,3.5569071769714355
3562,0,0,1,1.203301191329956
3563,0,0,1,1.913628101348877
3564,0,1,0,4.58506441116333
3565,0,0,1,2.8885011672973633
3566,0,0,1,0.2545255720615387
3567,0,0,1,0.3461383879184723
3568,0,1,0,4.202202796936035
3569,0,0,1,2.4466047286987305
3570,0,1,0,2.902381420135498
3571,0,1,0,2.433657169342041
3572,0,0,1,5.208118438720703
3573,0,0,1,1.6455512046813965
3574,0,0,1,4.421422004699707
3575,0,0,1,0.6008438467979431
3576,0,0,1,2.513667583465576
3577,0,1,0,1.9842302799224854
3578,0,0,1,5.651660919189453
3579,0,0,1,5.312910079956055
3580,0,0,1,4.027844429016113
3581,0,1,0,1.9645447731018066
3582,0,1,0,0.737605094909668
3583,0,0,1,8.468491554260254
3584,0,0,1,0.5631005167961121
3585,0,1,0,2.4538590908050537
3586,0,1,0,2.850271224975586
3587,0,1,0,2.8192007541656494
3588,0,1,0,0.13007377088069916
3589,0,0,1,1.017879605293274
3590,0,1,0,0.45423707365989685
3591,0,1,0,0.6927372217178345
3592,0,0,1,3.655442714691162
3593,0,0,1,2.381366729736328
3594,0,0,1,5.527587890625
3595,0,0,1,4.097330570220947
3596,0,0,1,4.49752140045166
3597,0,0,1,2.210843086242676
3598,0,0,1,7.743917465209961
3599,0,0,1,4.144594192504883
3600,0,0,1,2.5637359619140625
3601,0,0,1,2.4579672813415527
3602,0,0,1,2.201110363006592
3603,0,0,1,3.856156826019287
3604,0,0,1,1.506859540939331
3605,0,1,0,1.2513569593429565
3606,0,1,0,1.0486729145050049
3607,0,0,1,7.471793174743652
3608,0,1,0,2.395897388458252
3609,0,0,1,0.5685169100761414
3610,0,0,1,2.2669336795806885
3611,0,1,0,5.169589996337891
3612,0,0,1,7.524212837219238
3613,0,0,1,1.3587868213653564
3614,0,1,0,0.8502197265625
3615,0,0,1,0.9913114905357361
3616,0,1,0,4.663546085357666
3617,0,0,1,0.2908029854297638
3618,0,0,1,1.005620002746582
3619,0,0,1,5.839221000671387
3620,0,1,0,0.17287586629390717
3621,0,1,0,0.31253528594970703
3622,0,1,0,1.8440455198287964
3623,0,0,1,2.324554443359375
3624,0,0,1,2.3135249614715576
3625,0,0,1,4.312479019165039
3626,0,0,1,2.9266912937164307
3627,0,0,1,6.928922653198242
3628,0,0,1,3.2165603637695312
3629,0,0,1,4.885218620300293
3630,0,0,1,5.757784843444824
3631,0,1,0,3.0079922676086426
3632,0,1,0,1.6021405458450317
3633,0,0,1,3.3962535858154297
3634,0,0,1,1.6201255321502686
3635,0,1,0,1.731502890586853
3636,0,1,0,0.5646589994430542
3637,0,0,1,4.5637407302856445
3638,0,0,1,0.4665420651435852
3639,0,0,1,2.447352647781372
3640,0,0,1,3.278825521469116
3641,0,0,1,5.666620254516602
3642,0,1,0,6.292654514312744
3643,0,1,0,1.68950617313385
3644,0,1,0,0.982620358467102
3645,0,0,1,1.643176794052124
3646,0,0,1,7.451116561889648
3647,0,1,0,2.487034320831299
3648,0,0,1,2.687222480773926
3649,0,0,1,3.34897780418396
3650,0,0,1,3.067382335662842
3651,0,0,1,7.827643871307373
3652,0,0,1,1.2400147914886475
3653,0,1,0,2.628753185272217
3654,0,0,1,1.043701171875
3655,0,0,1,3.877145290374756
3656,0,0,1,0.4453469216823578
3657,0,0,1,4.6450347900390625
3658,0,0,1,9.225494384765625
3659,0,0,1,1.9485538005828857
3660,0,1,0,0.44702598452568054
3661,0,0,1,1.4187620878219604
3662,0,1,0,1.1118983030319214
3663,0,0,1,6.38157320022583
3664,0,1,0,0.1970045417547226
3665,0,1,0,5.1880645751953125
3666,0,0,1,1.301212191581726
3667,0,0,1,5.670799732208252
3668,0,0,1,8.621057510375977
3669,0,0,1,5.643260955810547
3670,0,0,1,3.473163604736328
3671,0,0,1,5.948639869689941
3672,0,0,1,7.220261573791504
3673,0,1,0,3.6031479835510254
3674,0,0,1,1.1333774328231812
3675,0,0,1,5.585269927978516
3676,0,1,0,5.902283668518066
3677,0,0,1,1.8057663440704346
3678,0,0,1,0.4976192116737366
3679,0,1,0,1.4168592691421509
3680,0,1,0,1.4500036239624023
3681,0,0,1,8.346502304077148
3682,0,0,1,0.28631076216697693
3683,0,0,1,10.57945442199707
3684,0,1,0,1.5664857625961304
3685,0,1,0,0.9284685850143433
3686,0,0,1,2.485429286956787
3687,0,0,1,6.5443830490112305
3688,0,0,1,2.0909066200256348
3689,0,0,1,0.49397748708724976
3690,0,1,0,3.5224785804748535
3691,0,0,1,6.529521465301514
3692,0,1,0,0.5309109687805176
3693,0,0,1,4.059593200683594
3694,0,0,1,5.691526412963867
3695,0,0,1,3.561535596847534
3696,0,0,1,4.07599401473999
3697,0,1,0,2.3660831451416016
3698,0,0,1,3.15816593170166
3699,0,0,1,5.612763404846191
3700,0,1,0,1.080527901649475
3701,0,0,1,2.8799514770507812
3702,0,0,1,3.766101837158203
3703,0,0,1,4.503808975219727
3704,0,1,0,1.2382423877716064
3705,0,0,1,5.252542018890381
3706,0,0,1,4.008170127868652
3707,0,0,1,0.6988552212715149
3708,0,0,1,8.79249382019043
3709,0,0,1,2.231234550476074
3710,0,0,1,2.2565457820892334
3711,0,0,1,8.985513687133789
3712,0,0,1,1.7576045989990234
3713,0,0,1,2.2688465118408203
3714,0,0,1,4.5462236404418945
3715,0,0,1,0.11922932416200638
3716,0,1,0,4.16868782043457
3717,0,0,1,3.29892635345459
3718,0,0,1,3.4276416301727295
3719,0,0,1,2.5719170570373535
3720,0,0,1,2.7821195125579834
3721,0,0,1,2.0760223865509033
3722,0,0,1,0.8530573844909668
3723,0,0,1,7.221010684967041
3724,0,1,0,1.662081003189087
3725,0,1,0,4.055246829986572
3726,0,0,1,1.2501097917556763
3727,0,0,1,5.905785083770752
3728,0,0,1,3.1420321464538574
3729,0,0,1,4.733973979949951
3730,0,0,1,2.7371513843536377
3731,0,0,1,8.20362377166748
3732,0,1,0,6.065467834472656
3733,0,0,1,1.6315512657165527
3734,0,0,1,7.841713905334473
3735,0,0,1,2.0183207988739014
3736,0,0,1,6.164768218994141
3737,0,0,1,4.638614654541016
3738,0,1,0,1.8913499116897583
3739,0,0,1,3.6766672134399414
3740,0,0,1,8.530574798583984
3741,0,0,1,4.091339111328125
3742,0,0,1,3.0363268852233887
3743,0,1,0,0.2420213669538498
3744,0,1,0,0.21817933022975922
3745,0,1,0,0.48731961846351624
3746,0,0,1,0.9339009523391724
3747,0,0,1,1.6193211078643799
3748,0,0,1,2.3663275241851807
3749,0,0,1,1.4401986598968506
3750,0,0,1,1.983898401260376
3751,0,1,0,2.8804545402526855
3752,0,0,1,1.2047255039215088
3753,0,0,1,1.3428678512573242
3754,0,0,1,4.397144794464111
3755,0,0,1,8.633561134338379
3756,0,1,0,0.8573707938194275
3757,0,0,1,0.2619844973087311
3758,0,0,1,2.2649788856506348
3759,0,0,1,0.15917780995368958
3760,0,1,0,2.6143951416015625
3761,0,0,1,0.11927492171525955
3762,0,0,1,5.472217559814453
3763,0,1,0,1.2948817014694214
3764,0,0,1,1.6764696836471558
3765,0,0,1,0.5115872025489807
3766,0,0,1,0.22428160905838013
3767,0,0,1,3.581178903579712
3768,0,0,1,1.544837474822998
3769,0,0,1,1.1788933277130127
3770,0,0,1,6.457394123077393
3771,0,0,1,0.38357287645339966
3772,0,0,1,2.1240644454956055
3773,0,0,1,4.746991157531738
3774,0,0,1,5.44398832321167
3775,0,1,0,0.6700804829597473
3776,0,0,1,1.836307406425476
3777,0,1,0,1.9627461433410645
3778,0,0,1,0.6775569915771484
3779,0,0,1,0.8764376640319824
3780,0,1,0,0.28231483697891235
3781,0,0,1,4.061203956604004
3782,0,1,0,2.180063009262085
3783,0,0,1,3.6978654861450195
3784,0,0,1,2.1193087100982666
3785,0,0,1,8.699105262756348
3786,0,1,0,1.7326821088790894
3787,0,0,1,0.8323568105697632
3788,0,0,1,3.298574924468994
3789,0,0,1,1.2800135612487793
3790,0,0,1,2.5486834049224854
3791,0,0,1,4.412482261657715
3792,0,1,0,2.049863576889038
3793,0,0,1,4.960800647735596
3794,0,0,1,4.096856594085693
3795,0,1,0,3.0677742958068848
3796,0,0,1,4.812523365020752
3797,0,1,0,2.1018948554992676
3798,0,1,0,1.258538842201233
3799,0,0,1,0.8925699591636658
3800,0,0,1,5.731451511383057
3801,0,0,1,3.1801559925079346
3802,0,0,1,4.632745265960693
3803,0,0,1,8.6694917678833
3804,0,0,1,0.805811882019043
3805,0,1,0,0.4619918167591095
3806,0,0,1,3.7067012786865234
3807,0,1,0,5.283331394195557
3808,0,0,1,0.4721136689186096
3809,0,0,1,2.7329375743865967
3810,0,0,1,1.7709704637527466
3811,0,1,0,1.2742525339126587
3812,0,0,1,5.294189929962158
3813,0,0,1,0.9920055270195007
3814,0,1,0,0.39025700092315674
3815,0,1,0,1.2677942514419556
3816,0,1,0,1.2982269525527954
3817,0,0,1,1.586414098739624
3818,0,0,1,1.622236967086792
3819,0,0,1,3.212825059890747
3820,0,0,1,1.5203661918640137
3821,0,1,0,5.514803409576416
3822,0,0,1,3.8757882118225098
3823,0,1,0,0.9391453266143799
3824,0,0,1,3.73144268989563
3825,0,0,1,5.868922710418701
3826,0,0,1,10.982219696044922
3827,0,1,0,2.7303314208984375
3828,0,1,0,12.39718246459961
3829,0,0,1,1.3671088218688965
3830,0,0,1,2.717931032180786
3831,0,1,0,2.076847553253174
3832,0,1,0,0.6675844788551331
3833,0,0,1,6.16365385055542
3834,0,0,1,2.379162311553955
3835,0,1,0,0.8438812494277954
3836,0,0,1,9.794466018676758
3837,0,0,1,6.165633678436279
3838,0,0,1,1.6056816577911377
3839,0,1,0,0.3401091694831848
3840,0,0,1,4.587746620178223
3841,0,0,1,11.787639617919922
3842,0,0,1,2.211078643798828
3843,0,1,0,0.8035976886749268
3844,0,0,1,3.3263118267059326
3845,0,1,0,1.725913405418396
3846,0,1,0,1.928821086883545
3847,0,0,1,2.631654739379883
3848,0,0,1,2.266530990600586
3849,0,1,0,0.5462254881858826
3850,0,0,1,2.493777275085449
3851,0,0,1,0.19810785353183746
3852,0,0,1,1.646477460861206
3853,0,0,1,5.231791019439697
3854,0,0,1,2.7183518409729004
3855,0,1,0,2.4103024005889893
3856,0,1,0,6.078563690185547
3857,0,1,0,4.278435707092285
3858,0,0,1,1.6073570251464844
3859,0,0,1,2.9716978073120117
3860,0,1,0,0.801142692565918
3861,0,1,0,4.439173698425293
3862,0,0,1,1.5943777561187744
3863,0,1,0,0.5042080879211426
3864,0,0,1,7.716423034667969
3865,0,1,0,0.7167589068412781
3866,0,1,0,2.05133056640625
3867,0,1,0,0.935269832611084
3868,0,0,1,2.6550300121307373
3869,0,1,0,3.759465217590332
3870,0,0,1,0.6210644245147705
3871,0,1,0,0.995479941368103
3872,0,1,0,1.7517470121383667
3873,0,0,1,1.2874665260314941
3874,0,0,1,3.958073377609253
3875,0,0,1,7.904709815979004
3876,0,0,1,0.96615070104599
3877,0,1,0,3.491100311279297
3878,0,0,1,1.0368731021881104
3879,0,0,1,0.8510432243347168
3880,0,0,1,1.8856319189071655
3881,0,0,1,5.5167012214660645
3882,0,1,0,8.994302749633789
3883,0,0,1,6.395650863647461
3884,0,1,0,0.8214079141616821
3885,0,0,1,2.4044456481933594
3886,0,1,0,4.916933536529541
3887,0,1,0,2.6541895866394043
3888,0,0,1,0.6649706363677979
3889,0,0,1,10.445396423339844
3890,0,0,1,4.299167633056641
3891,0,1,0,1.5477441549301147
3892,0,0,1,3.493258476257324
3893,0,0,1,4.126445770263672
3894,0,0,1,3.394867420196533
3895,0,1,0,0.34920650720596313
3896,0,0,1,5.2202372550964355
3897,0,0,1,8.98400592803955
3898,0,0,1,8.03969669342041
3899,0,0,1,5.432380676269531
3900,0,0,1,1.1098763942718506
3901,0,0,1,5.413142204284668
3902,0,1,0,0.3588933050632477
3903,0,0,1,3.0151352882385254
3904,0,1,0,1.370984435081482
3905,0,1,0,5.080575942993164
3906,0,1,0,1.7013100385665894
3907,0,1,0,5.101900577545166
3908,0,0,1,0.38413006067276
3909,0,1,0,1.9300289154052734
3910,0,0,1,3.419095039367676
3911,0,0,1,1.1626548767089844
3912,0,0,1,5.316828727722168
3913,0,0,1,4.432816505432129
3914,0,0,1,3.161010265350342
3915,0,0,1,6.172330379486084
3916,0,0,1,6.442626476287842
3917,0,0,1,4.594405174255371
3918,0,1,0,9.113344192504883
3919,0,0,1,5.19987678527832
3920,0,0,1,5.779490947723389
3921,0,1,0,1.5577638149261475
3922,0,0,1,5.9487104415893555
3923,0,0,1,1.4535404443740845
3924,0,1,0,0.18841202557086945
3925,0,1,0,3.114556312561035
3926,0,0,1,2.075319528579712
3927,0,0,1,5.535641670227051
3928,0,0,1,4.049637794494629
3929,0,0,1,4.483652114868164
3930,0,0,1,0.9237229228019714
3931,0,0,1,4.571959495544434
3932,0,0,1,1.343137264251709
3933,0,0,1,2.5223116874694824
3934,0,0,1,8.194500923156738
3935,0,1,0,2.0009267330169678
3936,0,0,1,6.7258195877075195
3937,0,0,1,5.45285177230835
3938,0,0,1,5.448774814605713
3939,0,1,0,0.19247616827487946
3940,0,1,0,1.9544858932495117
3941,0,1,0,1.5140697956085205
3942,0,0,1,0.49368780851364136
3943,0,1,0,1.2489036321640015
3944,0,1,0,0.9497106075286865
3945,0,0,1,6.065275192260742
3946,0,0,1,4.577585697174072
3947,0,0,1,2.261335849761963
3948,0,0,1,0.7121259570121765
3949,0,1,0,1.8306045532226562
3950,0,1,0,3.0202226638793945
3951,0,0,1,2.539900302886963
3952,0,1,0,0.5907626152038574
3953,0,1,0,1.2389867305755615
3954,0,0,1,1.5619783401489258
3955,0,0,1,3.050400495529175
3956,0,0,1,3.5213727951049805
3957,0,0,1,4.936525344848633
3958,0,1,0,2.774895191192627
3959,0,0,1,4.543315887451172
3960,0,1,0,2.4058196544647217
3961,0,0,1,4.681711196899414
3962,0,0,1,0.7494432330131531
3963,0,0,1,3.23598051071167
3964,0,1,0,1.8762460947036743
3965,0,0,1,1.3149218559265137
3966,0,0,1,1.1160180568695068
3967,0,0,1,0.7218558192253113
3968,0,1,0,2.368685722351074
3969,0,1,0,0.6486350297927856
3970,0,0,1,2.360764980316162
3971,0,0,1,2.485588550567627
3972,0,0,1,5.528800964355469
3973,0,0,1,0.7170251607894897
3974,0,0,1,5.373462200164795
3975,0,0,1,1.6431833505630493
3976,0,0,1,1.824986219406128
3977,0,0,1,2.470280408859253
3978,0,0,1,3.6267471313476562
3979,0,0,1,2.1083197593688965
3980,0,0,1,3.3118720054626465
3981,0,0,1,4.980125427246094
3982,0,0,1,12.326632499694824
3983,0,0,1,1.7035279273986816
3984,0,1,0,1.4207926988601685
3985,0,1,0,0.33958005905151367
3986,0,0,1,3.8256020545959473
3987,0,0,1,3.632758855819702
3988,0,0,1,1.7770681381225586
3989,0,1,0,0.7733327746391296
3990,0,0,1,8.028120040893555
3991,0,0,1,5.366981506347656
3992,0,0,1,3.3633944988250732
3993,0,0,1,2.582667350769043
3994,0,0,1,7.251532077789307
3995,0,1,0,0.3470427393913269
3996,0,1,0,1.9904009103775024
3997,0,1,0,0.7917124629020691
3998,0,0,1,5.0568528175354
3999,0,0,1,1.1726551055908203
4000,0,0,1,0.3424775004386902
4001,0,0,1,6.983755111694336
4002,0,0,1,5.26861572265625
4003,0,0,1,3.8982293605804443
4004,0,1,0,1.7390151023864746
4005,0,0,1,2.6189215183258057
4006,0,0,1,2.8141350746154785
4007,0,1,0,0.3019047677516937
4008,0,0,1,6.725064754486084
4009,0,0,1,3.286752462387085
4010,0,0,1,4.778654098510742
4011,0,1,0,1.197072148323059
4012,0,0,1,6.843337059020996
4013,0,0,1,7.9610676765441895
4014,0,0,1,8.200966835021973
4015,0,1,0,2.6722300052642822
4016,0,0,1,3.695590019226074
4017,0,0,1,3.5890445709228516
4018,0,0,1,6.852261543273926
4019,0,0,1,2.842907667160034
4020,0,0,1,2.3169708251953125
4021,0,0,1,7.742809772491455
4022,0,0,1,4.7947492599487305
4023,0,0,1,1.6665369272232056
4024,0,0,1,4.30465030670166
4025,0,0,1,0.830594003200531
4026,0,0,1,3.89033579826355
4027,0,1,0,0.9593139290809631
4028,0,1,0,3.376361131668091
4029,0,1,0,0.7441768646240234
4030,0,1,0,1.682585597038269
4031,0,0,1,3.234602212905884
4032,0,1,0,0.12429921329021454
4033,0,0,1,2.3851659297943115
4034,0,1,0,0.8074617981910706
4035,0,1,0,1.9405924081802368
4036,0,0,1,6.012599945068359
4037,0,0,1,3.216421127319336
4038,0,0,1,2.7555923461914062
4039,0,1,0,1.6302189826965332
4040,0,0,1,0.4907197952270508
4041,0,0,1,3.0055394172668457
4042,0,1,0,0.49964308738708496
4043,0,0,1,0.9044230580329895
4044,0,0,1,4.544935703277588
4045,0,0,1,7.373091697692871
4046,0,1,0,5.598198413848877
4047,0,0,1,5.812580108642578
4048,0,0,1,0.7587983012199402
4049,0,1,0,1.6722792387008667
4050,0,0,1,2.54666805267334
4051,0,0,1,7.91500186920166
4052,0,0,1,1.3938919305801392
4053,0,0,1,7.452713966369629
4054,0,0,1,6.023896217346191
4055,0,1,0,0.28425365686416626
4056,0,0,1,0.9202913641929626
4057,0,0,1,2.149291515350342
4058,0,0,1,1.294069766998291
4059,0,1,0,0.5545279383659363
4060,0,0,1,0.2740672528743744
4061,0,0,1,4.875864505767822
4062,0,0,1,0.5030909776687622
4063,0,1,0,1.9486628770828247
4064,0,1,0,1.7684882879257202
4065,0,1,0,0.4505217671394348
4066,0,0,1,0.863225519657135
4067,0,0,1,0.3167995810508728
4068,0,1,0,9.160484313964844
4069,0,1,0,1.2287155389785767
4070,0,0,1,0.7427107095718384
4071,0,1,0,0.6082136631011963
4072,0,0,1,3.8348660469055176
4073,0,0,1,4.699872970581055
4074,0,0,1,3.3070061206817627
4075,0,0,1,4.591423988342285
4076,0,0,1,5.59305477142334
4077,0,0,1,4.661682605743408
4078,0,0,1,8.251895904541016
4079,0,0,1,5.761993408203125
4080,0,0,1,2.1481056213378906
4081,0,1,0,2.2299225330352783
4082,0,1,0,0.5216118097305298
4083,0,0,1,4.151325225830078
4084,0,0,1,2.843122720718384
4085,0,0,1,3.4524712562561035
4086,0,0,1,2.790684223175049
4087,0,0,1,7.2906341552734375
4088,0,1,0,1.744417667388916
4089,0,1,0,3.9744274616241455
4090,0,1,0,1.0073655843734741
4091,0,1,0,6.8190999031066895
4092,0,0,1,5.626298904418945
4093,0,0,1,1.664551854133606
4094,0,1,0,0.3929178714752197
4095,0,0,1,1.2655174732208252
4096,0,1,0,1.6932088136672974
4097,0,1,0,4.6180243492126465
4098,0,1,0,1.515026569366455
4099,0,0,1,3.8627307415008545
4100,0,0,1,3.122866153717041
4101,0,1,0,5.845775604248047
4102,0,1,0,2.399602174758911
4103,0,0,1,0.4261022210121155
4104,0,0,1,3.198563814163208
4105,0,0,1,4.286544322967529
4106,0,1,0,1.9227148294448853
4107,0,0,1,3.6563944816589355
4108,0,1,0,2.741218328475952
4109,0,1,0,0.19090645015239716
4110,0,1,0,1.57181978225708
4111,0,0,1,2.5955517292022705
4112,0,1,0,1.8634535074234009
4113,0,1,0,1.374808669090271
4114,0,0,1,1.1849400997161865
4115,0,1,0,0.47406554222106934
4116,0,0,1,5.792081832885742
4117,0,0,1,2.772881031036377
4118,0,0,1,2.404451370239258
4119,0,0,1,5.473366737365723
4120,0,0,1,1.1240659952163696
4121,0,0,1,7.283807754516602
4122,0,1,0,2.9350109100341797
4123,0,0,1,4.24834680557251
4124,0,0,1,2.4921927452087402
4125,0,1,0,0.608498215675354
4126,0,0,1,5.571571350097656
4127,0,1,0,3.0694305896759033
4128,0,0,1,4.175102233886719
4129,0,1,0,2.4890847206115723
4130,0,0,1,9.741331100463867
4131,0,1,0,1.2981256246566772
4132,0,0,1,0.9054247736930847
4133,0,0,1,2.4908571243286133
4134,0,0,1,1.74497389793396
4135,0,0,1,3.2327287197113037
4136,0,0,1,3.973482608795166
4137,0,0,1,1.1134936809539795
4138,0,0,1,10.288496971130371
4139,0,0,1,1.087686538696289
4140,0,0,1,4.336785793304443
4141,0,1,0,0.7416805028915405
4142,0,0,1,4.013919353485107
4143,0,0,1,1.3902332782745361
4144,0,0,1,2.8869638442993164
4145,0,0,1,10.023033142089844
4146,0,0,1,6.348705768585205
4147,0,1,0,1.5077208280563354
4148,0,0,1,2.106316566467285
4149,0,1,0,2.3004398345947266
4150,0,1,0,0.8160218000411987
4151,0,0,1,9.228534698486328
4152,0,0,1,2.816269874572754
4153,0,0,1,0.13034947216510773
4154,0,0,1,4.589722633361816
4155,0,0,1,1.3871031999588013
4156,0,0,1,0.20446251332759857
4157,0,0,1,1.5781490802764893
4158,0,1,0,2.1906487941741943
4159,0,0,1,1.606917142868042
4160,0,0,1,5.746082305908203
4161,0,1,0,7.1791815757751465
4162,0,0,1,4.665283679962158
4163,0,0,1,5.256350994110107
4164,0,0,1,3.5340518951416016
4165,0,0,1,4.387905120849609
4166,0,1,0,4.222752094268799
4167,0,0,1,5.569167613983154
4168,0,1,0,2.9970951080322266
4169,0,0,1,2.3560190200805664
4170,0,1,0,1.9832371473312378
4171,0,0,1,1.1286442279815674
4172,0,0,1,5.6364312171936035
4173,0,0,1,1.7901241779327393
4174,0,0,1,0.13195258378982544
4175,0,0,1,2.4330782890319824
4176,0,0,1,3.470548629760742
4177,0,0,1,3.9226438999176025
4178,0,0,1,2.716858148574829
4179,0,0,1,2.9501819610595703
4180,0,1,0,0.4324765205383301
4181,0,0,1,1.7516801357269287
4182,0,1,0,3.0561447143554688
4183,0,0,1,12.843348503112793
4184,0,0,1,5.461976051330566
4185,0,1,0,4.4936628341674805
4186,0,0,1,0.9984044432640076
4187,0,1,0,1.5111702680587769
4188,0,0,1,2.8934807777404785
4189,0,1,0,3.306544780731201
4190,0,0,1,2.760425090789795
4191,0,1,0,0.8514782786369324
4192,0,0,1,5.911238670349121
4193,0,1,0,2.731555700302124
4194,0,0,1,4.641644477844238
4195,0,1,0,1.9139487743377686
4196,0,0,1,0.7391864657402039
4197,0,0,1,2.5189049243927
4198,0,0,1,2.4272186756134033
4199,0,1,0,1.5745726823806763
4200,0,0,1,4.8162689208984375
4201,0,0,1,0.36237770318984985
4202,0,1,0,1.0695732831954956
4203,0,0,1,2.944507598876953
4204,0,0,1,2.08681583404541
4205,0,0,1,4.424854278564453
4206,0,1,0,1.5538712739944458
4207,0,1,0,2.7652463912963867
4208,0,0,1,3.4619357585906982
4209,0,0,1,2.418947458267212
4210,0,0,1,5.764567852020264
4211,0,0,1,1.3550350666046143
4212,0,1,0,3.301851749420166
4213,0,0,1,1.521407127380371
4214,0,1,0,0.841215968132019
4215,0,0,1,1.1883093118667603
4216,0,1,0,0.8422382473945618
4217,0,0,1,3.1247334480285645
4218,0,0,1,3.687243700027466
4219,0,0,1,1.417345404624939
4220,0,0,1,3.0097289085388184
4221,0,1,0,0.9657934308052063
4222,0,0,1,1.4715619087219238
4223,0,0,1,7.083310604095459
4224,0,0,1,5.766533851623535
4225,0,0,1,3.878986120223999
4226,0,1,0,0.5557186603546143
4227,0,0,1,2.680053472518921
4228,0,0,1,1.7201731204986572
4229,0,0,1,1.9663112163543701
4230,0,1,0,3.1371335983276367
4231,0,0,1,4.478081703186035
4232,0,1,0,0.5515417456626892
4233,0,0,1,0.25324273109436035
4234,0,0,1,2.544163703918457
4235,0,0,1,1.4319807291030884
4236,0,1,0,1.4223971366882324
4237,0,1,0,3.2802529335021973
4238,0,1,0,1.6944087743759155
4239,0,1,0,1.6004880666732788
4240,0,1,0,0.7366493940353394
4241,0,0,1,1.2434918880462646
4242,0,1,0,3.528878927230835
4243,0,0,1,0.7665019035339355
4244,0,0,1,5.19350528717041
4245,0,0,1,2.517420768737793
4246,0,1,0,1.7585985660552979
4247,0,0,1,1.075652003288269
4248,0,0,1,2.6029889583587646
4249,0,1,0,4.387343406677246
4250,0,0,1,1.814618468284607
4251,0,0,1,3.329163074493408
4252,0,0,1,8.22389030456543
4253,0,0,1,8.528422355651855
4254,0,0,1,0.5175204277038574
4255,0,0,1,2.519897699356079
4256,0,0,1,3.764033317565918
4257,0,0,1,2.1424953937530518
4258,0,1,0,1.0698137283325195
4259,0,1,0,0.48047077655792236
4260,0,0,1,1.2119072675704956
4261,0,1,0,2.8623757362365723
4262,0,0,1,1.503367304801941
4263,0,1,0,0.5163700580596924
4264,0,0,1,3.3035688400268555
4265,0,1,0,1.376625657081604
4266,0,1,0,2.1454505920410156
4267,0,0,1,0.22486409544944763
4268,0,0,1,1.0121874809265137
4269,0,0,1,6.935758590698242
4270,0,0,1,4.687966346740723
4271,0,0,1,0.31025511026382446
4272,0,0,1,3.1902999877929688
4273,0,0,1,3.083660840988159
4274,0,0,1,2.2372779846191406
4275,0,0,1,3.195460081100464
4276,0,1,0,4.384191513061523
4277,0,0,1,1.2021517753601074
4278,0,0,1,5.85971736907959
4279,0,1,0,2.109781265258789
4280,0,0,1,0.6447867751121521
4281,0,0,1,1.6926093101501465
4282,0,0,1,2.0138344764709473
4283,0,0,1,3.3296384811401367
4284,0,1,0,0.47735294699668884
4285,0,0,1,5.862764358520508
4286,0,0,1,2.1284072399139404
4287,0,0,1,1.2979196310043335
4288,0,0,1,1.810634970664978
4289,0,0,1,5.981352806091309
4290,0,0,1,5.7137651443481445
4291,0,0,1,0.32672277092933655
4292,0,0,1,2.8123817443847656
4293,0,0,1,5.9166178703308105
4294,0,0,1,1.9076080322265625
4295,0,0,1,1.0127772092819214
4296,0,1,0,0.7012678384780884
4297,0,1,0,3.8351540565490723
4298,0,0,1,4.338592052459717
4299,0,0,1,7.101309776306152
4300,0,1,0,2.062328338623047
4301,0,0,1,2.525811195373535
4302,0,0,1,7.100644588470459
4303,0,1,0,1.8037095069885254
4304,0,0,1,4.10469913482666
4305,0,0,1,6.828218936920166
