sample_idx,true_label,pred_label,correct,confidence
0,1,0,0,2.0637214183807373
1,1,1,1,0.4297654628753662
2,1,1,1,3.455864429473877
3,1,0,0,1.254583477973938
4,1,0,0,0.2397380769252777
5,1,1,1,2.8986546993255615
6,1,1,1,2.3144891262054443
7,1,1,1,1.1430158615112305
8,1,0,0,2.6981918811798096
9,1,1,1,1.6081613302230835
10,1,0,0,2.0453829765319824
11,1,1,1,0.674074113368988
12,1,1,1,2.7755489349365234
13,1,1,1,0.9266155362129211
14,1,0,0,0.8054143786430359
15,1,1,1,1.4847527742385864
16,1,1,1,2.0263075828552246
17,1,1,1,0.3730584979057312
18,1,1,1,1.408212423324585
19,1,0,0,0.4713859558105469
20,1,1,1,0.27413567900657654
21,1,0,0,1.0652436017990112
22,1,0,0,2.4548802375793457
23,1,0,0,7.497446537017822
24,1,1,1,1.8238235712051392
25,1,1,1,2.0591583251953125
26,1,1,1,1.5268107652664185
27,1,0,0,0.863703191280365
28,1,1,1,0.7244952917098999
29,1,1,1,1.0538153648376465
30,1,0,0,1.4659079313278198
31,1,0,0,1.005421757698059
32,1,0,0,2.6067662239074707
33,1,0,0,1.2056704759597778
34,1,1,1,1.7749251127243042
35,1,1,1,0.2558797001838684
36,1,1,1,1.591204285621643
37,1,1,1,1.501286506652832
38,1,1,1,2.7097442150115967
39,1,1,1,0.33737730979919434
40,1,1,1,3.2576746940612793
41,1,0,0,3.3485770225524902
42,1,1,1,2.265836477279663
43,1,1,1,3.138523817062378
44,1,1,1,3.2210135459899902
45,1,1,1,1.2303135395050049
46,1,1,1,2.00207257270813
47,1,0,0,2.148688554763794
48,1,1,1,1.3309223651885986
49,1,1,1,2.1570656299591064
50,1,0,0,1.5543287992477417
51,1,1,1,0.20055080950260162
52,1,1,1,3.7338130474090576
53,1,1,1,2.4039199352264404
54,1,1,1,0.5255609750747681
55,1,0,0,2.0582470893859863
56,1,0,0,0.1664966344833374
57,1,0,0,1.227986454963684
58,1,0,0,0.904046356678009
59,1,0,0,1.225504994392395
60,1,0,0,0.18012678623199463
61,1,1,1,1.335243821144104
62,1,0,0,0.5819416642189026
63,1,0,0,0.7997217774391174
64,1,0,0,2.07601261138916
65,1,0,0,1.07211434841156
66,1,0,0,1.5285359621047974
67,1,1,1,0.4843797981739044
68,1,1,1,0.9995771050453186
69,1,1,1,0.33192822337150574
70,1,0,0,2.3360650539398193
71,1,1,1,0.5659917593002319
72,1,0,0,0.7808241248130798
73,1,1,1,0.8609224557876587
74,1,0,0,2.2515194416046143
75,1,1,1,2.064728260040283
76,1,1,1,1.5172804594039917
77,1,1,1,1.7298461198806763
78,1,1,1,2.9221622943878174
79,1,0,0,2.0076050758361816
80,1,0,0,0.4103897511959076
81,1,1,1,1.0148143768310547
82,1,1,1,2.5605685710906982
83,1,1,1,1.2527339458465576
84,1,0,0,1.9911977052688599
85,1,0,0,2.716665267944336
86,1,0,0,1.1273632049560547
87,1,0,0,0.26820051670074463
88,1,1,1,0.19892121851444244
89,1,0,0,0.7058857679367065
90,1,0,0,1.522726058959961
91,1,0,0,3.308492422103882
92,1,0,0,1.6434613466262817
93,1,0,0,1.4021917581558228
94,1,1,1,0.21549642086029053
95,1,1,1,1.1570454835891724
96,1,0,0,1.4596999883651733
97,1,0,0,1.0763558149337769
98,1,0,0,1.9143792390823364
99,1,0,0,1.4690701961517334
100,1,1,1,1.318560004234314
101,1,0,0,0.9069041609764099
102,1,1,1,0.35001590847969055
103,1,0,0,0.7280611991882324
104,1,0,0,1.3072413206100464
105,1,0,0,3.271387815475464
106,1,0,0,3.2160446643829346
107,1,1,1,0.11176793277263641
108,1,1,1,3.391261577606201
109,1,0,0,2.309455633163452
110,1,0,0,2.4014739990234375
111,1,0,0,1.204079031944275
112,1,1,1,0.5415692329406738
113,1,1,1,0.8775267601013184
114,1,0,0,2.191235303878784
115,1,0,0,1.4489179849624634
116,1,1,1,0.8657870888710022
117,1,0,0,0.9829208254814148
118,1,1,1,0.7874140739440918
119,1,0,0,2.0006792545318604
120,1,0,0,4.05391263961792
121,1,0,0,0.19219651818275452
122,1,0,0,4.178577899932861
123,1,0,0,4.404812812805176
124,1,1,1,3.6341357231140137
125,1,0,0,0.6240845918655396
126,1,0,0,1.0163737535476685
127,1,1,1,0.6422847509384155
128,1,0,0,1.8266934156417847
129,1,0,0,3.1051158905029297
130,1,0,0,0.8394283652305603
131,1,0,0,1.792712926864624
132,1,0,0,0.20946139097213745
133,1,1,1,1.5661182403564453
134,1,0,0,0.22507411241531372
135,1,1,1,1.6267458200454712
136,1,1,1,0.6158044338226318
137,1,0,0,3.436619758605957
138,1,0,0,1.1181751489639282
139,1,0,0,2.9107847213745117
140,1,0,0,1.1458852291107178
141,1,1,1,0.20431570708751678
142,1,0,0,0.26659131050109863
143,1,0,0,0.9471651315689087
144,1,1,1,0.49257010221481323
145,1,1,1,1.077340006828308
146,1,0,0,2.128542900085449
147,1,0,0,0.9230400919914246
148,1,1,1,1.1899162530899048
149,1,0,0,0.36997100710868835
150,1,1,1,0.2766030728816986
151,1,0,0,0.5631312727928162
152,1,0,0,0.6557446122169495
153,1,0,0,3.061707019805908
154,1,1,1,1.8839375972747803
155,1,0,0,1.4004050493240356
156,1,1,1,2.6313016414642334
157,1,0,0,3.513350009918213
158,1,1,1,0.6522297859191895
159,1,1,1,0.5473828911781311
160,1,0,0,1.4986300468444824
161,1,0,0,2.0221517086029053
162,1,0,0,1.847672462463379
163,1,1,1,0.3030721843242645
164,1,0,0,1.8383954763412476
165,1,0,0,2.6154751777648926
166,1,1,1,2.683871269226074
167,1,0,0,4.628478527069092
168,1,0,0,1.6475704908370972
169,1,0,0,0.9897673726081848
170,1,0,0,0.5928949117660522
171,1,0,0,0.9494494199752808
172,1,0,0,3.868616819381714
173,1,0,0,0.3871593177318573
174,1,0,0,2.7441318035125732
175,1,0,0,0.6623762249946594
176,1,0,0,1.9896568059921265
177,1,0,0,0.9939408898353577
178,1,0,0,0.605897843837738
179,1,0,0,1.969138503074646
180,1,0,0,4.566928386688232
181,1,1,1,2.6696619987487793
182,1,0,0,5.171087741851807
183,1,1,1,1.432019591331482
184,1,0,0,0.4661118686199188
185,1,0,0,1.8882943391799927
186,1,0,0,3.962914228439331
187,1,0,0,3.121286153793335
188,1,0,0,4.1508965492248535
189,1,0,0,2.7455241680145264
190,1,0,0,2.846654176712036
191,1,0,0,1.1564377546310425
192,1,0,0,2.718027353286743
193,1,0,0,1.6710325479507446
194,1,1,1,0.3721248209476471
195,1,0,0,1.7359942197799683
196,1,0,0,1.7358193397521973
197,1,0,0,4.485442161560059
198,1,0,0,4.0846099853515625
199,1,1,1,1.3518544435501099
200,1,1,1,0.7230488061904907
201,1,0,0,1.0761516094207764
202,1,1,1,1.2563464641571045
203,1,0,0,4.722543716430664
204,1,0,0,2.6073052883148193
205,1,1,1,4.36651611328125
206,1,0,0,0.9462548494338989
207,1,1,1,0.5338010191917419
208,1,1,1,0.5440828800201416
209,1,0,0,1.1470192670822144
210,1,1,1,0.5558191537857056
211,1,0,0,0.9705186486244202
212,1,0,0,0.8939600586891174
213,1,1,1,2.6243653297424316
214,1,0,0,0.49844247102737427
215,1,1,1,1.3255045413970947
216,1,1,1,2.427964925765991
217,1,0,0,4.299997806549072
218,1,1,1,1.128480315208435
219,1,0,0,6.1480560302734375
220,1,0,0,2.913975954055786
221,1,0,0,0.3625447750091553
222,1,1,1,0.9202362895011902
223,1,1,1,0.3291917145252228
224,1,0,0,1.523366093635559
225,1,1,1,0.2527035176753998
226,1,0,0,0.8456650376319885
227,1,0,0,2.0723354816436768
228,1,0,0,1.3307899236679077
229,1,1,1,1.5268516540527344
230,1,0,0,3.5141613483428955
231,1,0,0,0.5194186568260193
232,1,0,0,0.7815707325935364
233,1,0,0,5.651628017425537
234,1,1,1,1.5547040700912476
235,1,1,1,1.0040677785873413
236,1,0,0,2.225304126739502
237,1,0,0,3.638188123703003
238,1,0,0,1.887753963470459
239,1,1,1,0.39719200134277344
240,1,1,1,0.916714072227478
241,1,0,0,2.730208158493042
242,1,1,1,0.700019359588623
243,1,0,0,0.24184760451316833
244,1,0,0,2.374051809310913
245,1,1,1,2.2274556159973145
246,1,0,0,4.115110397338867
247,1,1,1,1.5528773069381714
248,1,0,0,0.6065201759338379
249,1,0,0,2.3505024909973145
250,1,1,1,2.6557798385620117
251,1,1,1,3.2807087898254395
252,1,0,0,1.9673784971237183
253,1,1,1,1.65122652053833
254,1,0,0,3.0966522693634033
255,0,0,1,2.7709789276123047
256,1,1,1,0.2797485291957855
257,1,0,0,0.6012438535690308
258,1,0,0,2.397589921951294
259,1,0,0,1.5389702320098877
260,1,0,0,1.8497222661972046
261,1,0,0,2.3402929306030273
262,1,0,0,0.13200479745864868
263,1,1,1,1.3485004901885986
264,1,1,1,2.6366775035858154
265,1,0,0,0.39883536100387573
266,1,1,1,1.0333882570266724
267,1,0,0,0.1254793405532837
268,1,0,0,2.519089460372925
269,1,0,0,2.963301420211792
270,1,1,1,2.613926410675049
271,1,0,0,2.0993666648864746
272,1,1,1,1.6016802787780762
273,1,0,0,0.4177435636520386
274,1,0,0,3.2787840366363525
275,1,0,0,3.4083163738250732
276,1,0,0,1.2140984535217285
277,1,0,0,1.1914887428283691
278,1,0,0,0.30416250228881836
279,1,1,1,1.1465545892715454
280,1,0,0,0.15911972522735596
281,1,0,0,2.1701536178588867
282,1,0,0,2.7508485317230225
283,1,1,1,0.16922497749328613
284,1,1,1,0.26291969418525696
285,1,0,0,4.562017917633057
286,1,0,0,1.8573449850082397
287,1,1,1,0.41698768734931946
288,1,0,0,0.6020057797431946
289,1,1,1,1.3488433361053467
290,1,1,1,0.9235001802444458
291,1,0,0,3.9010677337646484
292,1,0,0,4.53135347366333
293,1,0,0,0.580951452255249
294,1,1,1,3.1296393871307373
295,1,1,1,1.28070068359375
296,1,0,0,0.14083507657051086
297,1,0,0,1.0595515966415405
298,1,0,0,1.8027452230453491
299,1,1,1,0.9652124643325806
300,1,0,0,2.833338499069214
301,1,0,0,0.8863216042518616
302,1,1,1,0.6300134658813477
303,1,0,0,0.3450908064842224
304,1,0,0,0.6278404593467712
305,1,1,1,1.9962918758392334
306,1,0,0,0.5756414532661438
307,1,0,0,0.4379291236400604
308,1,0,0,0.8317362666130066
309,1,1,1,3.229217529296875
310,1,1,1,0.9705113172531128
311,1,1,1,0.3617872893810272
312,1,1,1,1.9568593502044678
313,1,1,1,4.287001609802246
314,1,0,0,6.263662815093994
315,1,1,1,3.2935776710510254
316,1,1,1,4.214396953582764
317,1,0,0,1.5039175748825073
318,1,1,1,3.7745602130889893
319,1,1,1,3.9963245391845703
320,1,1,1,1.1777070760726929
321,1,0,0,0.2650665044784546
322,1,0,0,1.462077021598816
323,1,0,0,0.3520702123641968
324,1,0,0,1.0701053142547607
325,1,1,1,1.6283597946166992
326,1,0,0,4.136104583740234
327,1,0,0,2.6761186122894287
328,1,1,1,2.538195848464966
329,1,0,0,2.117577314376831
330,1,0,0,0.21897247433662415
331,1,0,0,1.3216159343719482
332,1,1,1,0.9252327680587769
333,1,1,1,1.1763852834701538
334,1,1,1,0.6789756417274475
335,1,0,0,1.763216495513916
336,1,1,1,1.9395593404769897
337,1,0,0,2.1003258228302
338,1,1,1,1.8078850507736206
339,1,0,0,1.7602413892745972
340,1,1,1,0.945752739906311
341,1,1,1,0.6832591891288757
342,1,0,0,0.9461004137992859
343,1,0,0,1.4110773801803589
344,1,0,0,0.09676329046487808
345,1,0,0,1.9781105518341064
346,1,1,1,1.38407564163208
347,1,0,0,0.509985625743866
348,1,1,1,0.9759910106658936
349,1,0,0,0.9384828209877014
350,1,1,1,0.7154540419578552
351,1,1,1,1.8553314208984375
352,1,1,1,2.3135697841644287
353,1,0,0,0.5818789601325989
354,1,0,0,1.2396522760391235
355,1,1,1,1.6021002531051636
356,1,1,1,0.4320432245731354
357,1,1,1,0.39092889428138733
358,1,1,1,2.1303954124450684
359,1,1,1,0.13586080074310303
360,1,1,1,1.7375972270965576
361,1,0,0,0.3173767328262329
362,1,1,1,1.3982617855072021
363,1,1,1,3.4516520500183105
364,1,0,0,1.8421932458877563
365,1,1,1,3.0901050567626953
366,1,1,1,0.8598740696907043
367,1,1,1,2.859050750732422
368,1,1,1,5.146669387817383
369,1,1,1,3.9731760025024414
370,1,1,1,2.273308515548706
371,1,0,0,0.5711674094200134
372,1,1,1,1.3582038879394531
373,1,1,1,1.6433299779891968
374,1,1,1,1.1451255083084106
375,1,0,0,3.480595827102661
376,1,1,1,0.3524778485298157
377,1,1,1,3.289533853530884
378,1,1,1,2.041844129562378
379,1,1,1,4.203066349029541
380,1,0,0,3.1132400035858154
381,1,1,1,1.712629795074463
382,1,0,0,6.123579502105713
383,1,0,0,3.6208274364471436
384,1,1,1,2.8704209327697754
385,1,1,1,1.901445746421814
386,1,1,1,2.944009304046631
387,1,1,1,3.5729193687438965
388,1,1,1,0.27429530024528503
389,1,0,0,4.182801723480225
390,1,0,0,0.33171355724334717
391,1,0,0,0.4553775191307068
392,1,1,1,1.6868464946746826
393,1,1,1,2.5261383056640625
394,1,1,1,3.161961317062378
395,1,1,1,0.873244047164917
396,1,0,0,1.2460260391235352
397,1,0,0,0.9236048460006714
398,1,1,1,2.4363527297973633
399,1,1,1,2.0253007411956787
400,1,0,0,1.4185497760772705
401,1,1,1,1.2468093633651733
402,1,1,1,1.1105258464813232
403,1,0,0,1.3150497674942017
404,1,1,1,0.2831898629665375
405,1,1,1,1.7511335611343384
406,1,1,1,0.8941546082496643
407,1,1,1,1.457671046257019
408,1,1,1,0.1836940050125122
409,1,1,1,2.8979930877685547
410,1,1,1,1.308081865310669
411,1,0,0,0.43812546133995056
412,1,1,1,0.312019020318985
413,1,1,1,1.738685131072998
414,1,0,0,1.727084755897522
415,1,0,0,0.8738768696784973
416,1,0,0,1.036932349205017
417,1,0,0,1.0607467889785767
418,1,1,1,1.2513529062271118
419,1,0,0,4.481015205383301
420,1,0,0,3.8673949241638184
421,1,1,1,1.8625181913375854
422,1,0,0,3.632133960723877
423,1,0,0,2.1039035320281982
424,1,1,1,2.009979486465454
425,1,1,1,0.9490136504173279
426,1,0,0,0.861003041267395
427,1,0,0,2.0436465740203857
428,1,0,0,2.36088228225708
429,1,0,0,2.7188045978546143
430,1,0,0,1.5281227827072144
431,1,1,1,2.131697654724121
432,1,0,0,1.172505497932434
433,1,1,1,1.4322919845581055
434,1,1,1,3.3682384490966797
435,1,1,1,1.189069151878357
436,1,0,0,0.978538453578949
437,1,1,1,0.4711157977581024
438,1,1,1,0.34020546078681946
439,1,1,1,0.33397409319877625
440,1,0,0,1.4505022764205933
441,1,0,0,0.7331047058105469
442,1,1,1,0.37094560265541077
443,1,0,0,1.0936046838760376
444,1,0,0,1.5034006834030151
445,1,1,1,0.17977218329906464
446,1,0,0,0.8230293393135071
447,1,1,1,0.5378971695899963
448,1,1,1,0.7310850024223328
449,1,1,1,0.504021406173706
450,1,0,0,0.3501236140727997
451,1,0,0,0.974479615688324
452,1,1,1,2.201077938079834
453,1,1,1,2.8144121170043945
454,1,0,0,0.8349053859710693
455,1,0,0,3.3900129795074463
456,1,0,0,4.504189968109131
457,1,0,0,0.9770900011062622
458,1,1,1,1.2543505430221558
459,1,0,0,1.2823400497436523
460,1,1,1,0.48213911056518555
461,1,1,1,1.7913857698440552
462,1,0,0,0.47690245509147644
463,1,1,1,1.7596970796585083
464,1,1,1,1.071647047996521
465,1,1,1,0.5186174511909485
466,1,1,1,2.267723798751831
467,1,1,1,2.0274252891540527
468,1,1,1,1.3694642782211304
469,1,1,1,0.2439729869365692
470,1,0,0,1.933875560760498
471,1,1,1,0.4130565822124481
472,1,1,1,2.9127840995788574
473,1,1,1,2.1123170852661133
474,1,1,1,1.8448463678359985
475,1,1,1,1.8995788097381592
476,1,1,1,2.8784537315368652
477,1,0,0,0.7419052124023438
478,1,1,1,3.986844062805176
479,1,1,1,1.2745105028152466
480,1,1,1,2.4699532985687256
481,1,1,1,3.050137996673584
482,1,1,1,3.2624623775482178
483,1,1,1,3.3312079906463623
484,1,1,1,1.7580205202102661
485,1,1,1,0.6537718772888184
486,1,1,1,2.63816499710083
487,1,1,1,3.6893038749694824
488,1,1,1,2.3376126289367676
489,1,1,1,2.4520983695983887
490,1,0,0,0.7365696430206299
491,1,1,1,1.9213258028030396
492,1,1,1,2.810626983642578
493,1,0,0,0.41204601526260376
494,1,1,1,4.345378398895264
495,1,1,1,0.5697474479675293
496,1,1,1,0.9521079063415527
497,1,1,1,1.2344626188278198
498,1,1,1,2.483271360397339
499,1,0,0,0.7749562859535217
500,1,1,1,2.1841208934783936
501,1,0,0,2.1219122409820557
502,1,1,1,1.5543800592422485
503,1,0,0,1.5661567449569702
504,1,1,1,2.192864179611206
505,1,0,0,2.93924617767334
506,1,1,1,2.2679972648620605
507,1,0,0,3.649502754211426
508,1,1,1,0.6011282801628113
509,1,0,0,0.22673940658569336
510,1,0,0,1.547958254814148
511,1,1,1,1.7492576837539673
512,1,1,1,0.4984160363674164
513,1,1,1,1.880186915397644
514,1,1,1,3.594588041305542
515,1,1,1,3.6814074516296387
516,1,1,1,1.2002521753311157
517,1,1,1,2.234945058822632
518,1,0,0,0.42149975895881653
519,1,1,1,1.1255626678466797
520,1,1,1,3.8671765327453613
521,1,1,1,1.2353955507278442
522,1,1,1,2.070618152618408
523,1,1,1,0.24492555856704712
524,1,1,1,1.4999115467071533
525,1,1,1,3.240567207336426
526,1,1,1,3.074028491973877
527,1,1,1,1.295681118965149
528,1,1,1,3.966167449951172
529,1,1,1,2.155858039855957
530,1,1,1,0.8072208762168884
531,1,0,0,0.2774508595466614
532,1,1,1,1.14755380153656
533,1,0,0,1.1387066841125488
534,1,0,0,1.6165817975997925
535,1,0,0,0.8882349133491516
536,1,1,1,2.840073585510254
537,1,0,0,2.144453763961792
538,1,1,1,3.136821985244751
539,1,1,1,1.1465431451797485
540,1,1,1,1.5475242137908936
541,1,0,0,1.2605832815170288
542,1,1,1,1.867586374282837
543,1,1,1,0.6951848864555359
544,1,0,0,2.813542604446411
545,1,1,1,1.3373079299926758
546,1,0,0,0.9619280695915222
547,1,1,1,0.8325700163841248
548,1,1,1,3.709981918334961
549,1,0,0,1.1009836196899414
550,1,0,0,6.840256690979004
551,1,0,0,0.4103347361087799
552,1,0,0,0.7694100737571716
553,1,0,0,0.541793704032898
554,1,0,0,0.5322374701499939
555,1,1,1,1.0816400051116943
556,1,0,0,0.7972783446311951
557,1,1,1,3.211913585662842
558,1,1,1,2.3808655738830566
559,1,0,0,6.041388034820557
560,1,1,1,1.2292977571487427
561,1,1,1,2.0336973667144775
562,1,0,0,0.8896350860595703
563,1,0,0,1.1358540058135986
564,1,0,0,3.437160015106201
565,1,0,0,2.4039714336395264
566,1,1,1,1.8957611322402954
567,1,0,0,1.3410156965255737
568,1,1,1,1.4291470050811768
569,1,1,1,2.687035322189331
570,1,1,1,1.3702001571655273
571,1,0,0,1.0558924674987793
572,1,0,0,5.336818695068359
573,1,1,1,2.0008955001831055
574,1,1,1,1.9626615047454834
575,1,1,1,0.8520130515098572
576,1,0,0,1.0467036962509155
577,1,0,0,6.4276509284973145
578,1,0,0,0.616826593875885
579,1,1,1,1.111974835395813
580,1,1,1,1.1901005506515503
581,1,0,0,5.02510404586792
582,1,0,0,0.7254295349121094
583,1,0,0,1.794876217842102
584,1,0,0,1.7650326490402222
585,1,0,0,4.072839736938477
586,1,0,0,4.604585647583008
587,1,1,1,3.6568593978881836
588,1,0,0,1.3501263856887817
589,1,1,1,3.7268340587615967
590,1,0,0,1.6352065801620483
591,1,1,1,0.2530851662158966
592,1,1,1,2.0708775520324707
593,1,1,1,2.1849422454833984
594,1,0,0,2.093703269958496
595,1,1,1,3.338778257369995
596,1,1,1,0.19939135015010834
597,1,0,0,0.5409789681434631
598,1,0,0,2.5886690616607666
599,1,1,1,2.058180809020996
600,1,0,0,0.44650718569755554
601,1,0,0,2.036022186279297
602,1,1,1,1.7931525707244873
603,1,0,0,1.5122604370117188
604,1,1,1,1.1241801977157593
605,1,1,1,1.6353219747543335
606,1,0,0,0.6549503207206726
607,1,0,0,1.1491022109985352
608,1,0,0,0.5272961854934692
609,1,0,0,0.171173095703125
610,1,0,0,1.172379493713379
611,1,0,0,1.048284888267517
612,1,0,0,0.4471759796142578
613,1,0,0,2.350092887878418
614,1,0,0,1.7330492734909058
615,1,0,0,0.22460222244262695
616,1,0,0,1.5304956436157227
617,1,1,1,0.6889989376068115
618,1,0,0,0.23270505666732788
619,1,1,1,1.5710841417312622
620,1,1,1,1.7160745859146118
621,1,1,1,0.5092829465866089
622,1,0,0,1.9966548681259155
623,1,1,1,0.3565390408039093
624,1,1,1,0.46560707688331604
625,1,0,0,4.551814079284668
626,1,0,0,0.6861411929130554
627,1,1,1,1.0045244693756104
628,1,0,0,1.3537049293518066
629,1,1,1,2.146805763244629
630,1,0,0,0.7630811333656311
631,1,0,0,0.9833627343177795
632,1,1,1,1.9185854196548462
633,1,1,1,1.074041485786438
634,1,1,1,1.7635163068771362
635,1,0,0,1.857969045639038
636,1,1,1,3.0816264152526855
637,1,1,1,2.513091564178467
638,1,1,1,0.3988053798675537
639,1,0,0,0.6506747007369995
640,1,0,0,1.1481825113296509
641,1,1,1,1.8082728385925293
642,1,1,1,1.1805999279022217
643,1,0,0,0.47762835025787354
644,1,0,0,1.7052561044692993
645,1,0,0,1.1524643898010254
646,1,1,1,3.064084768295288
647,1,1,1,1.4396674633026123
648,1,1,1,0.647305965423584
649,1,0,0,2.3284871578216553
650,1,1,1,0.5130341053009033
651,1,1,1,0.636372983455658
652,1,0,0,4.498369216918945
653,1,0,0,0.4132829010486603
654,1,0,0,3.066075563430786
655,1,0,0,0.6332361698150635
656,1,0,0,2.390103340148926
657,1,1,1,1.1197181940078735
658,1,0,0,1.9231332540512085
659,1,0,0,0.13932231068611145
660,1,0,0,7.781357288360596
661,1,1,1,1.1467853784561157
662,1,0,0,1.9578336477279663
663,1,1,1,0.15871036052703857
664,1,1,1,0.6920089721679688
665,1,1,1,0.7688705921173096
666,1,1,1,1.6596968173980713
667,1,1,1,0.820582389831543
668,1,1,1,1.64125394821167
669,1,1,1,4.356513023376465
670,1,1,1,1.821535587310791
671,1,1,1,2.102349042892456
672,1,1,1,3.483537197113037
673,1,0,0,2.136002540588379
674,1,0,0,0.2888202965259552
675,1,1,1,0.934482753276825
676,1,1,1,0.4988762438297272
677,1,1,1,2.6839022636413574
678,1,1,1,1.9857323169708252
679,1,1,1,3.317354679107666
680,1,1,1,1.0696390867233276
681,1,1,1,0.8374210596084595
682,1,1,1,3.0906872749328613
683,1,0,0,1.5971415042877197
684,1,1,1,4.597949981689453
685,1,1,1,2.775235652923584
686,1,1,1,2.114328622817993
687,1,1,1,1.2030049562454224
688,1,1,1,2.71581768989563
689,1,0,0,1.9596669673919678
690,1,1,1,1.3568658828735352
691,1,1,1,1.5972434282302856
692,1,1,1,2.2711544036865234
693,1,1,1,1.848700761795044
694,1,1,1,1.4494801759719849
695,1,1,1,2.434471607208252
696,1,1,1,1.8994616270065308
697,1,1,1,2.241328001022339
698,1,1,1,1.1279956102371216
699,1,1,1,1.8659135103225708
700,1,1,1,2.029404401779175
701,1,1,1,1.368218183517456
702,1,1,1,1.572269082069397
703,1,1,1,2.049427032470703
704,1,1,1,1.3148140907287598
705,1,1,1,2.268918514251709
706,1,1,1,1.9308362007141113
707,1,1,1,1.3122382164001465
708,1,1,1,1.527920126914978
709,1,1,1,0.41858893632888794
710,1,1,1,1.9977803230285645
711,1,1,1,2.764387607574463
712,1,0,0,2.3114678859710693
713,1,0,0,0.4661017656326294
714,1,1,1,2.017956495285034
715,1,0,0,0.8661176562309265
716,1,0,0,0.26094645261764526
717,1,0,0,0.28134042024612427
718,1,1,1,1.5923306941986084
719,1,0,0,4.04876184463501
720,1,0,0,4.3777079582214355
721,1,1,1,1.568276047706604
722,1,1,1,4.459683418273926
723,1,0,0,3.6949667930603027
724,1,0,0,3.8359172344207764
725,1,0,0,0.7200440764427185
726,1,0,0,1.0725184679031372
727,1,0,0,1.6898404359817505
728,1,1,1,2.452157497406006
729,1,0,0,2.0339515209198
730,1,0,0,0.5648323893547058
731,1,1,1,0.9077894687652588
732,1,0,0,2.772756338119507
733,1,1,1,2.5455093383789062
734,1,1,1,1.8759777545928955
735,1,0,0,0.20516332983970642
736,1,1,1,1.5112923383712769
737,1,0,0,8.280233383178711
738,1,0,0,1.4252402782440186
739,1,1,1,1.3122798204421997
740,1,0,0,4.394369602203369
741,1,0,0,0.32104986906051636
742,1,0,0,0.31381356716156006
743,1,0,0,2.6827054023742676
744,1,0,0,0.549767017364502
745,1,1,1,0.14411351084709167
746,1,0,0,3.0045549869537354
747,1,0,0,0.7430940270423889
748,1,0,0,1.4052122831344604
749,1,1,1,0.189882293343544
750,1,1,1,2.0927135944366455
751,1,1,1,0.6319820880889893
752,1,0,0,0.5631535649299622
753,1,1,1,1.4812418222427368
754,1,0,0,3.4392149448394775
755,1,1,1,0.3201695680618286
756,1,0,0,2.6141886711120605
757,1,0,0,0.7911391258239746
758,1,1,1,1.4673103094100952
759,1,1,1,0.5363519191741943
760,1,1,1,0.8952063322067261
761,1,1,1,4.1741204261779785
762,1,1,1,0.30364152789115906
763,1,0,0,3.6250274181365967
764,1,1,1,4.215272426605225
765,1,1,1,3.3808698654174805
766,1,0,0,0.5892601013183594
767,1,1,1,3.869178056716919
768,1,0,0,1.8819736242294312
769,1,0,0,0.8866710066795349
770,1,0,0,3.527332067489624
771,1,0,0,0.5104034543037415
772,1,0,0,0.27748626470565796
773,1,1,1,1.3998123407363892
774,1,1,1,0.3547438681125641
775,1,1,1,3.8327064514160156
776,1,1,1,1.356523871421814
777,1,0,0,4.511100769042969
778,1,0,0,2.3375818729400635
779,1,1,1,0.9910943508148193
780,1,1,1,1.6185081005096436
781,1,0,0,2.1844069957733154
782,1,1,1,0.9077510833740234
783,1,0,0,0.37317419052124023
784,1,1,1,1.381469964981079
785,1,0,0,2.1764371395111084
786,1,0,0,0.2062825858592987
787,1,0,0,2.1485228538513184
788,1,0,0,1.3215131759643555
789,1,1,1,1.3608347177505493
790,1,0,0,5.556911945343018
791,1,1,1,1.2602059841156006
792,1,1,1,1.4840648174285889
793,1,0,0,0.7387403845787048
794,1,0,0,0.5511812567710876
795,1,1,1,0.4120979607105255
796,1,1,1,1.7908613681793213
797,1,1,1,2.5981674194335938
798,1,1,1,1.5818133354187012
799,1,1,1,0.8980459570884705
800,1,1,1,1.6286333799362183
801,1,1,1,1.2743291854858398
802,1,1,1,3.574507236480713
803,1,1,1,0.8697447776794434
804,1,0,0,3.0139858722686768
805,1,0,0,0.5157398581504822
806,1,1,1,1.3372688293457031
807,1,0,0,4.499915599822998
808,1,0,0,4.077402591705322
809,1,0,0,2.7266337871551514
810,1,0,0,4.915060520172119
811,1,0,0,1.4138511419296265
812,1,0,0,1.942025065422058
813,1,0,0,1.1470556259155273
814,1,0,0,1.8933569192886353
815,1,0,0,0.690315306186676
816,1,0,0,3.9188296794891357
817,1,0,0,2.303609848022461
818,1,1,1,1.3374005556106567
819,1,0,0,2.1780848503112793
820,1,1,1,2.5240116119384766
821,1,1,1,2.93074893951416
822,1,1,1,1.0752050876617432
823,1,1,1,0.9972469806671143
824,1,1,1,0.5169582962989807
825,1,0,0,4.442448616027832
826,1,1,1,0.22599822282791138
827,1,1,1,1.4259319305419922
828,1,0,0,1.5450409650802612
829,1,1,1,1.0992258787155151
830,1,0,0,2.277348756790161
831,1,1,1,0.7271024584770203
832,1,0,0,3.4045588970184326
833,1,0,0,1.4879041910171509
834,1,0,0,1.1830146312713623
835,1,0,0,1.6973415613174438
836,1,0,0,3.651263475418091
837,1,0,0,1.8797327280044556
838,1,1,1,0.6331440210342407
839,1,0,0,0.6717959046363831
840,1,0,0,1.9313112497329712
841,1,0,0,2.8332316875457764
842,1,1,1,0.28927865624427795
843,1,1,1,1.293394923210144
844,1,0,0,0.5596742033958435
845,1,0,0,2.7791051864624023
846,1,0,0,0.9127898216247559
847,1,0,0,2.4549386501312256
848,1,0,0,1.7263137102127075
849,1,0,0,3.244941473007202
850,1,1,1,3.225325345993042
851,1,1,1,1.6574764251708984
852,1,0,0,0.7944170832633972
853,1,1,1,0.6633995771408081
854,1,0,0,4.8733811378479
855,1,1,1,0.24606838822364807
856,1,0,0,1.5727308988571167
857,1,1,1,0.34488946199417114
858,1,1,1,1.3359923362731934
859,1,1,1,0.22639018297195435
860,1,1,1,0.9909641146659851
861,1,0,0,1.2338944673538208
862,1,1,1,0.3967268168926239
863,1,1,1,1.1619353294372559
864,1,1,1,1.35518479347229
865,1,1,1,1.3667560815811157
866,1,1,1,1.8732916116714478
867,1,1,1,1.2539868354797363
868,1,1,1,2.586564064025879
869,1,1,1,3.828453302383423
870,1,1,1,0.7006639242172241
871,1,1,1,2.2842535972595215
872,1,1,1,1.189383864402771
873,1,1,1,1.5729354619979858
874,1,1,1,1.432033896446228
875,1,0,0,4.695011615753174
876,1,1,1,0.3186768591403961
877,1,1,1,2.0130693912506104
878,1,0,0,2.620889186859131
879,1,1,1,3.0222630500793457
880,1,1,1,2.4425101280212402
881,1,1,1,1.490546703338623
882,1,0,0,0.2420744001865387
883,1,0,0,0.5162202715873718
884,1,0,0,0.48643213510513306
885,1,0,0,1.8797847032546997
886,1,1,1,0.8682084679603577
887,1,1,1,1.4812593460083008
888,1,1,1,1.3447773456573486
889,1,0,0,4.459927082061768
890,1,0,0,1.6900440454483032
891,1,1,1,2.2238657474517822
892,1,0,0,2.436293840408325
893,1,1,1,1.8294034004211426
894,1,0,0,0.24350377917289734
895,0,0,1,1.4267470836639404
896,1,1,1,2.0499353408813477
897,1,1,1,1.5257989168167114
898,1,1,1,3.191866397857666
899,1,0,0,2.693347930908203
900,1,0,0,0.5568715929985046
901,1,0,0,0.7741095423698425
902,1,1,1,2.3233895301818848
903,1,0,0,1.3847547769546509
904,1,0,0,0.10926077514886856
905,1,0,0,0.1519993245601654
906,1,1,1,1.1952494382858276
907,1,1,1,0.9500723481178284
908,1,1,1,1.721436619758606
909,1,1,1,1.9385040998458862
910,1,1,1,1.442835807800293
911,1,1,1,2.060779094696045
912,1,1,1,1.9081329107284546
913,1,1,1,0.7633018493652344
914,1,0,0,4.1014084815979
915,1,0,0,2.7525594234466553
916,1,1,1,1.3363149166107178
917,1,1,1,0.9582313299179077
918,1,0,0,2.0251150131225586
919,1,0,0,1.767775535583496
920,1,0,0,1.6734466552734375
921,1,0,0,1.7333656549453735
922,1,0,0,0.759416401386261
923,1,1,1,1.252984642982483
924,1,0,0,2.609144449234009
925,1,0,0,0.9266017079353333
926,1,0,0,2.250222682952881
927,1,1,1,1.4212383031845093
928,1,0,0,1.1055432558059692
929,1,1,1,2.810840368270874
930,1,1,1,1.812527060508728
931,1,0,0,2.979100227355957
932,1,1,1,0.9296817779541016
933,1,1,1,1.3891613483428955
934,1,1,1,0.24759888648986816
935,1,1,1,1.5820218324661255
936,1,1,1,1.1272133588790894
937,1,1,1,2.3705251216888428
938,1,0,0,2.0713565349578857
939,1,1,1,0.8811246752738953
940,1,1,1,1.5419279336929321
941,1,1,1,1.4392861127853394
942,1,0,0,1.3081480264663696
943,1,1,1,1.7355656623840332
944,1,0,0,0.2992154657840729
945,1,1,1,0.7254271507263184
946,1,0,0,0.6391336917877197
947,1,1,1,0.4360940158367157
948,1,1,1,1.0297977924346924
949,1,0,0,1.205888271331787
950,0,0,1,3.0744659900665283
951,1,0,0,1.1478265523910522
952,1,0,0,4.110709190368652
953,1,1,1,1.0171161890029907
954,1,1,1,0.3870660662651062
955,1,0,0,1.5566691160202026
956,1,1,1,1.0566946268081665
957,1,1,1,2.256610631942749
958,1,1,1,1.9334250688552856
959,1,0,0,3.1335651874542236
960,1,0,0,0.9660765528678894
961,1,0,0,1.2480120658874512
962,1,0,0,1.441299319267273
963,1,1,1,0.1851917952299118
964,1,0,0,2.9438722133636475
965,1,1,1,1.2767038345336914
966,1,0,0,1.402665138244629
967,1,1,1,0.7705706357955933
968,1,0,0,3.800286293029785
969,1,1,1,0.1836186647415161
970,1,0,0,4.1671061515808105
971,1,1,1,1.476326823234558
972,1,0,0,7.5081305503845215
973,1,0,0,2.1469643115997314
974,1,1,1,1.6148799657821655
975,1,0,0,0.4355067014694214
976,1,0,0,5.342159748077393
977,1,0,0,5.232300281524658
978,1,0,0,1.8998994827270508
979,1,1,1,0.6752354502677917
980,1,0,0,1.000732183456421
981,1,1,1,3.1582272052764893
982,1,0,0,2.345167398452759
983,1,1,1,1.9239047765731812
984,1,0,0,0.8847464919090271
985,1,1,1,0.7316992878913879
986,1,0,0,6.187915325164795
987,1,0,0,2.328623056411743
988,1,1,1,0.7216132879257202
989,1,0,0,1.7013884782791138
990,1,0,0,2.9532887935638428
991,1,0,0,0.6478416323661804
992,1,0,0,0.29294872283935547
993,1,1,1,2.256743907928467
994,1,0,0,0.524169921875
995,0,0,1,2.615849733352661
996,0,1,0,3.0233166217803955
997,0,0,1,0.5911242365837097
998,0,1,0,2.775207757949829
999,0,0,1,0.41250553727149963
1000,0,0,1,0.3574244976043701
1001,0,0,1,1.1106247901916504
1002,0,0,1,1.3480304479599
1003,0,1,0,1.0057752132415771
1004,0,1,0,1.9194585084915161
1005,0,1,0,1.8954488039016724
1006,0,1,0,1.5441726446151733
1007,0,1,0,1.6169047355651855
1008,0,1,0,1.2051359415054321
1009,0,1,0,1.722725749015808
1010,0,1,0,2.396116018295288
1011,0,1,0,1.4784489870071411
1012,0,1,0,3.4869821071624756
1013,0,0,1,0.13148978352546692
1014,0,1,0,2.507132053375244
1015,0,1,0,1.4114680290222168
1016,0,1,0,1.420772671699524
1017,0,1,0,1.077655553817749
1018,0,1,0,1.17531156539917
1019,0,1,0,1.8150382041931152
1020,0,1,0,1.262947916984558
1021,0,1,0,1.7467001676559448
1022,0,1,0,0.3398195505142212
1023,0,1,0,1.0706144571304321
1024,0,1,0,1.646020770072937
1025,0,1,0,1.5519465208053589
1026,0,1,0,1.5583552122116089
1027,0,0,1,1.120078206062317
1028,0,0,1,1.4583581686019897
1029,0,1,0,1.758860468864441
1030,0,0,1,1.6904805898666382
1031,0,1,0,0.6016600728034973
1032,0,1,0,0.8801013231277466
1033,0,1,0,1.754460096359253
1034,0,0,1,0.4757552146911621
1035,0,1,0,1.5676981210708618
1036,0,1,0,0.9999788999557495
1037,0,0,1,0.31352975964546204
1038,0,0,1,0.5461093783378601
1039,0,1,0,3.124382495880127
1040,0,1,0,1.3739335536956787
1041,0,1,0,1.3967609405517578
1042,0,1,0,1.5298517942428589
1043,0,1,0,1.3594671487808228
1044,0,1,0,1.3251835107803345
1045,0,1,0,1.546669602394104
1046,0,1,0,1.3395274877548218
1047,0,1,0,1.4501872062683105
1048,0,1,0,1.54462468624115
1049,0,1,0,1.673041820526123
1050,0,1,0,0.488696813583374
1051,0,1,0,1.5098639726638794
1052,0,1,0,1.4399861097335815
1053,0,1,0,1.5126813650131226
1054,0,1,0,1.7962087392807007
1055,0,1,0,1.4285136461257935
1056,0,1,0,1.6004689931869507
1057,0,1,0,2.045944929122925
1058,0,1,0,1.7420742511749268
1059,0,1,0,0.23269540071487427
1060,0,0,1,0.34559088945388794
1061,0,1,0,2.259885787963867
1062,0,0,1,1.364769697189331
1063,0,1,0,1.6624133586883545
1064,0,0,1,1.283866047859192
1065,0,1,0,1.5410670042037964
1066,0,1,0,1.1904717683792114
1067,0,1,0,1.14836847782135
1068,0,1,0,1.4072926044464111
1069,0,0,1,0.5221177339553833
1070,0,1,0,3.0509896278381348
1071,0,1,0,1.3737952709197998
1072,0,1,0,1.5849864482879639
1073,0,1,0,1.6186167001724243
1074,0,1,0,1.2982282638549805
1075,0,1,0,0.39751049876213074
1076,0,1,0,1.397995114326477
1077,0,1,0,1.6610380411148071
1078,0,1,0,0.2457893043756485
1079,0,1,0,0.07082545012235641
1080,0,0,1,0.19195309281349182
1081,0,1,0,1.5922471284866333
1082,0,1,0,1.6118401288986206
1083,0,1,0,1.6043115854263306
1084,0,1,0,1.3553334474563599
1085,0,1,0,1.6998813152313232
1086,0,1,0,1.7471774816513062
1087,0,1,0,1.3140753507614136
1088,0,1,0,1.5349793434143066
1089,0,1,0,1.4607487916946411
1090,0,1,0,1.7068450450897217
1091,0,1,0,2.244088888168335
1092,0,1,0,1.555417776107788
1093,0,1,0,1.6272828578948975
1094,0,1,0,1.8368778228759766
1095,0,1,0,2.165863037109375
1096,0,1,0,1.5646142959594727
1097,0,1,0,1.524059534072876
1098,0,1,0,1.895838975906372
1099,0,1,0,1.9282723665237427
1100,0,1,0,1.6580437421798706
1101,0,1,0,1.7794520854949951
1102,0,1,0,2.127256155014038
1103,0,1,0,1.1984338760375977
1104,0,1,0,1.9646270275115967
1105,0,1,0,2.2627220153808594
1106,0,1,0,1.8417346477508545
1107,0,1,0,1.4539602994918823
1108,0,0,1,0.262917160987854
1109,0,1,0,1.5774376392364502
1110,0,1,0,1.3884836435317993
1111,0,1,0,0.3465411365032196
1112,0,1,0,3.039247512817383
1113,0,1,0,2.752873420715332
1114,0,0,1,0.6760588884353638
1115,0,1,0,1.7351174354553223
1116,0,1,0,1.6279884576797485
1117,0,1,0,1.417211651802063
1118,0,1,0,1.9585522413253784
1119,0,1,0,1.13260817527771
1120,0,1,0,3.192586898803711
1121,0,1,0,0.9991016387939453
1122,0,1,0,1.219441294670105
1123,0,1,0,1.2840839624404907
1124,0,1,0,1.9069459438323975
1125,0,1,0,0.8464712500572205
1126,0,1,0,1.341478943824768
1127,0,1,0,0.834945559501648
1128,0,1,0,1.7921595573425293
1129,0,1,0,1.4928362369537354
1130,0,1,0,0.949944019317627
1131,0,1,0,1.9161967039108276
1132,0,1,0,1.2621501684188843
1133,0,1,0,0.5426124930381775
1134,0,1,0,1.6138278245925903
1135,0,1,0,0.7178102731704712
1136,0,1,0,1.2748284339904785
1137,0,1,0,1.2595340013504028
1138,0,1,0,1.731264352798462
1139,0,1,0,1.4692490100860596
1140,0,1,0,1.7569024562835693
1141,0,1,0,1.1740491390228271
1142,0,1,0,1.4736701250076294
1143,0,1,0,1.4267364740371704
1144,0,1,0,1.7209053039550781
1145,0,1,0,1.8765089511871338
1146,0,1,0,1.3889237642288208
1147,0,1,0,1.0862596035003662
1148,0,1,0,1.3468118906021118
1149,0,1,0,2.2087559700012207
1150,0,1,0,0.6565467119216919
1151,0,1,0,1.171958088874817
1152,0,1,0,1.3340333700180054
1153,0,1,0,1.779716968536377
1154,0,1,0,1.744807243347168
1155,0,1,0,1.6705971956253052
1156,0,1,0,1.483292818069458
1157,0,1,0,1.5948406457901
1158,0,1,0,1.3726181983947754
1159,0,1,0,1.3604093790054321
1160,0,1,0,1.437059760093689
1161,0,1,0,1.620690941810608
1162,0,1,0,1.5139578580856323
1163,0,1,0,1.4146077632904053
1164,0,1,0,0.9819481372833252
1165,0,1,0,1.6941218376159668
1166,0,1,0,1.259236216545105
1167,0,1,0,1.2468923330307007
1168,0,1,0,1.4132936000823975
1169,0,1,0,1.4854992628097534
1170,0,1,0,1.688325047492981
1171,0,1,0,1.933863639831543
1172,0,1,0,2.1029324531555176
1173,0,1,0,1.284360647201538
1174,0,1,0,0.9660334587097168
1175,0,1,0,1.0285943746566772
1176,0,1,0,1.5051074028015137
1177,0,1,0,1.5492980480194092
1178,0,1,0,1.9435149431228638
1179,0,1,0,1.418685793876648
1180,0,1,0,2.1804311275482178
1181,0,1,0,1.779326319694519
1182,0,1,0,1.5926295518875122
1183,0,1,0,1.9216400384902954
1184,0,1,0,1.5877307653427124
1185,0,1,0,1.285993218421936
1186,0,1,0,1.4572826623916626
1187,0,1,0,1.7294341325759888
1188,0,1,0,1.4145272970199585
1189,0,1,0,1.3141746520996094
1190,0,1,0,1.7263988256454468
1191,0,1,0,1.670379638671875
1192,0,1,0,1.491159200668335
1193,0,1,0,0.6480776071548462
1194,0,1,0,2.1748340129852295
1195,0,1,0,3.5143849849700928
1196,0,1,0,2.1559929847717285
1197,0,1,0,2.289057493209839
1198,0,1,0,2.2527456283569336
1199,0,1,0,0.159897580742836
1200,0,1,0,2.4598186016082764
1201,0,1,0,1.5220036506652832
1202,0,1,0,2.0372602939605713
1203,0,1,0,1.7180064916610718
1204,0,1,0,0.8309347629547119
1205,0,1,0,1.2277878522872925
1206,0,1,0,1.7676351070404053
1207,0,1,0,1.2330936193466187
1208,0,0,1,0.3383561074733734
1209,0,1,0,2.0958023071289062
1210,0,1,0,1.8147612810134888
1211,0,1,0,0.7918779253959656
1212,0,1,0,0.3242129683494568
1213,0,1,0,1.474394679069519
1214,0,1,0,0.6045092344284058
1215,0,1,0,1.5238490104675293
1216,0,0,1,0.17246517539024353
1217,0,1,0,1.5033676624298096
1218,0,1,0,0.40325459837913513
1219,0,0,1,1.0248055458068848
1220,0,1,0,1.190321922302246
1221,0,1,0,0.5323578119277954
1222,0,1,0,1.3802464008331299
1223,0,1,0,1.6616703271865845
1224,0,0,1,1.1662002801895142
1225,0,1,0,1.0340242385864258
1226,0,1,0,0.7706284523010254
1227,0,1,0,1.4800101518630981
1228,0,1,0,0.885374128818512
1229,0,1,0,0.09715776145458221
1230,0,1,0,1.3114522695541382
1231,0,1,0,1.5013786554336548
1232,0,1,0,2.1399052143096924
1233,0,1,0,1.1276214122772217
1234,0,1,0,1.3990428447723389
1235,0,1,0,0.3985031545162201
1236,0,1,0,0.7487990260124207
1237,0,1,0,1.0729230642318726
1238,0,1,0,1.3077198266983032
1239,0,0,1,1.4993337392807007
1240,0,0,1,1.0827008485794067
1241,0,0,1,0.3436325192451477
1242,0,0,1,0.7019862532615662
1243,0,0,1,0.7598320841789246
1244,0,0,1,1.353105068206787
1245,0,0,1,3.5950512886047363
1246,0,0,1,0.9552397131919861
1247,0,0,1,0.6821152567863464
1248,0,1,0,1.409171462059021
1249,0,1,0,3.3629465103149414
1250,0,1,0,2.553205966949463
1251,0,0,1,0.9763481020927429
1252,0,0,1,2.443605661392212
1253,0,1,0,1.0087851285934448
1254,0,1,0,1.0738664865493774
1255,0,0,1,0.5135660171508789
1256,0,0,1,1.0034734010696411
1257,0,0,1,2.8746755123138428
1258,0,0,1,0.2457265555858612
1259,0,0,1,0.777937114238739
1260,0,1,0,0.22091419994831085
1261,0,0,1,2.2248668670654297
1262,0,1,0,0.7945767641067505
1263,0,1,0,1.2944244146347046
1264,0,1,0,1.398996353149414
1265,0,1,0,0.9144942760467529
1266,0,0,1,3.7713165283203125
1267,0,0,1,3.737172842025757
1268,0,0,1,1.4749879837036133
1269,0,0,1,1.3041948080062866
1270,0,0,1,0.8984034061431885
1271,0,0,1,2.7162909507751465
1272,0,1,0,0.6800457239151001
1273,0,1,0,1.1286712884902954
1274,0,1,0,0.36268100142478943
1275,0,0,1,1.5168449878692627
1276,0,1,0,0.5783898830413818
1277,0,0,1,2.5378291606903076
1278,0,0,1,0.663985550403595
1279,0,0,1,1.304404854774475
1280,0,1,0,0.632032036781311
1281,0,0,1,1.6563363075256348
1282,0,1,0,0.9370961785316467
1283,0,1,0,3.458030939102173
1284,0,0,1,4.056759834289551
1285,0,0,1,3.2431557178497314
1286,0,0,1,1.4101678133010864
1287,0,1,0,1.839605689048767
1288,0,0,1,4.261165142059326
1289,0,0,1,1.1467605829238892
1290,0,0,1,0.7726254463195801
1291,0,0,1,1.9357235431671143
1292,0,0,1,1.9791319370269775
1293,0,0,1,0.6110655069351196
1294,0,0,1,1.7540420293807983
1295,0,0,1,0.826553463935852
1296,0,0,1,1.7320516109466553
1297,0,0,1,1.7123808860778809
1298,0,0,1,0.1791173219680786
1299,0,1,0,1.0068846940994263
1300,0,1,0,1.482225775718689
1301,0,0,1,2.0621094703674316
1302,0,0,1,4.883193492889404
1303,0,0,1,1.8453593254089355
1304,0,1,0,0.759123682975769
1305,0,1,0,1.373749017715454
1306,0,0,1,4.107469081878662
1307,0,1,0,1.3857941627502441
1308,0,0,1,2.8848955631256104
1309,0,1,0,1.7919560670852661
1310,0,1,0,1.3405729532241821
1311,0,0,1,0.16000419855117798
1312,0,0,1,1.8114162683486938
1313,0,0,1,0.19809669256210327
1314,0,1,0,0.2667038142681122
1315,0,1,0,1.4676883220672607
1316,0,0,1,2.799314022064209
1317,0,1,0,1.7004485130310059
1318,0,1,0,0.38453736901283264
1319,0,0,1,1.9643338918685913
1320,0,0,1,3.236783266067505
1321,0,1,0,3.139885425567627
1322,0,1,0,1.0886430740356445
1323,0,1,0,0.7085561752319336
1324,0,1,0,1.3055691719055176
1325,0,0,1,0.13910993933677673
1326,0,0,1,0.815046489238739
1327,0,1,0,1.8246999979019165
1328,0,1,0,0.7693745493888855
1329,0,0,1,0.4693295359611511
1330,0,1,0,2.7686569690704346
1331,0,0,1,2.359684467315674
1332,0,0,1,0.9168792366981506
1333,0,1,0,1.3295612335205078
1334,0,0,1,1.6721787452697754
1335,0,0,1,0.9518517851829529
1336,0,1,0,1.321691870689392
1337,0,1,0,2.028717279434204
1338,0,1,0,1.553456425666809
1339,0,0,1,0.18374097347259521
1340,0,0,1,1.8576490879058838
1341,0,0,1,3.547999143600464
1342,0,1,0,0.79335618019104
1343,0,0,1,0.5733275413513184
1344,0,0,1,0.33482733368873596
1345,0,1,0,1.4930155277252197
1346,0,0,1,3.4361765384674072
1347,0,0,1,4.017021656036377
1348,0,0,1,1.5098589658737183
1349,0,0,1,0.5589905381202698
1350,0,1,0,1.7276573181152344
1351,0,0,1,0.327411025762558
1352,0,1,0,0.7148765325546265
1353,0,0,1,2.0873448848724365
1354,0,0,1,2.8233296871185303
1355,0,1,0,0.2638668715953827
1356,0,0,1,1.8984345197677612
1357,0,0,1,5.813172817230225
1358,0,1,0,0.2726376950740814
1359,0,0,1,1.4140700101852417
1360,0,0,1,2.659900665283203
1361,0,1,0,0.2751477062702179
1362,0,0,1,1.1118857860565186
1363,0,0,1,1.1006323099136353
1364,0,1,0,0.12799429893493652
1365,0,0,1,1.8755041360855103
1366,0,0,1,2.216954231262207
1367,0,0,1,2.0348384380340576
1368,0,1,0,1.1882072687149048
1369,0,0,1,1.2857105731964111
1370,0,0,1,1.4804439544677734
1371,0,0,1,2.5889837741851807
1372,0,1,0,1.6917295455932617
1373,0,1,0,0.6018503308296204
1374,0,1,0,1.2871465682983398
1375,0,0,1,3.3360869884490967
1376,0,0,1,3.8623368740081787
1377,0,0,1,0.37724170088768005
1378,0,1,0,1.8324558734893799
1379,0,0,1,0.8130028247833252
1380,0,0,1,2.1129329204559326
1381,0,0,1,4.05316686630249
1382,0,0,1,1.1822468042373657
1383,0,0,1,1.5805004835128784
1384,0,1,0,0.5459054708480835
1385,0,0,1,0.3198646903038025
1386,0,1,0,1.263838768005371
1387,0,1,0,2.1360301971435547
1388,0,1,0,0.10967005044221878
1389,0,1,0,1.4226458072662354
1390,0,0,1,2.1617870330810547
1391,0,0,1,1.510664463043213
1392,0,0,1,3.7580761909484863
1393,0,1,0,0.18822672963142395
1394,0,0,1,7.10929536819458
1395,0,0,1,0.1958434283733368
1396,0,1,0,1.107383131980896
1397,0,0,1,0.14809492230415344
1398,0,1,0,2.089365005493164
1399,0,1,0,0.7631781101226807
1400,0,0,1,3.759895086288452
1401,0,0,1,1.5301593542099
1402,0,0,1,2.179192304611206
1403,0,0,1,3.5139167308807373
1404,0,0,1,7.452433109283447
1405,0,1,0,2.1605441570281982
1406,0,1,0,3.050093412399292
1407,0,0,1,0.9272312521934509
1408,0,0,1,2.4755513668060303
1409,0,0,1,1.8070834875106812
1410,0,0,1,0.7327173352241516
1411,0,0,1,0.26029500365257263
1412,0,1,0,2.158398389816284
1413,0,1,0,0.9157143235206604
1414,0,1,0,1.4952723979949951
1415,0,0,1,0.7523799538612366
1416,0,0,1,1.584201455116272
1417,0,0,1,1.152912974357605
1418,0,1,0,2.3157308101654053
1419,0,0,1,2.819364070892334
1420,0,0,1,1.8444950580596924
1421,0,0,1,0.6515322327613831
1422,0,1,0,2.2656593322753906
1423,0,1,0,0.6696894764900208
1424,0,1,0,0.32567158341407776
1425,0,0,1,3.06227707862854
1426,0,0,1,0.7140131592750549
1427,0,0,1,1.8517597913742065
1428,0,1,0,1.1077464818954468
1429,0,1,0,1.4820700883865356
1430,0,1,0,1.045557975769043
1431,0,1,0,0.9998109340667725
1432,0,1,0,0.24192051589488983
1433,0,0,1,5.284496784210205
1434,0,0,1,2.3290302753448486
1435,0,0,1,2.0701193809509277
1436,0,1,0,2.6873202323913574
1437,0,1,0,3.0318994522094727
1438,0,1,0,1.9615529775619507
1439,0,0,1,5.144880294799805
1440,0,1,0,1.463515043258667
1441,0,0,1,1.5089048147201538
1442,0,1,0,1.4963765144348145
1443,0,0,1,1.3902244567871094
1444,0,0,1,1.3163594007492065
1445,0,0,1,2.118689775466919
1446,0,1,0,0.2849510908126831
1447,0,1,0,0.8855718374252319
1448,0,1,0,1.8329514265060425
1449,0,0,1,1.1763893365859985
1450,0,0,1,1.6465693712234497
1451,0,0,1,2.577357292175293
1452,0,1,0,1.2361160516738892
1453,0,0,1,1.6252156496047974
1454,0,0,1,0.49373310804367065
1455,0,1,0,0.8503561019897461
1456,0,1,0,2.2405338287353516
1457,0,1,0,0.5745614171028137
1458,0,1,0,2.053783655166626
1459,0,0,1,1.034632921218872
1460,0,1,0,1.398026943206787
1461,0,0,1,6.399420261383057
1462,0,0,1,3.3221333026885986
1463,0,1,0,0.9852322340011597
1464,0,0,1,0.33971869945526123
1465,0,0,1,2.1269335746765137
1466,0,0,1,1.4834095239639282
1467,0,1,0,1.7024681568145752
1468,0,0,1,2.1871073246002197
1469,0,0,1,4.724326133728027
1470,0,0,1,0.5708685517311096
1471,0,1,0,0.5454730987548828
1472,0,0,1,2.666184902191162
1473,0,1,0,1.172207236289978
1474,0,0,1,0.6604347229003906
1475,0,0,1,1.593092441558838
1476,0,0,1,4.314562797546387
1477,0,1,0,1.8847147226333618
1478,0,0,1,3.4968855381011963
1479,0,0,1,1.70602548122406
1480,0,1,0,0.2630661725997925
1481,0,0,1,0.5779833793640137
1482,0,1,0,0.6964465379714966
1483,0,1,0,1.9063810110092163
1484,0,1,0,3.414008617401123
1485,0,1,0,1.5041731595993042
1486,0,1,0,1.0375713109970093
1487,0,1,0,0.817078709602356
1488,0,0,1,0.4246353507041931
1489,0,0,1,0.13687929511070251
1490,0,1,0,2.3411097526550293
1491,0,0,1,0.8908204436302185
1492,0,0,1,1.6211050748825073
1493,0,1,0,1.9673839807510376
1494,0,1,0,0.2650488317012787
1495,0,1,0,0.5622055530548096
1496,0,1,0,1.8659476041793823
1497,0,0,1,3.34101939201355
1498,0,1,0,2.817183017730713
1499,0,0,1,1.2226041555404663
1500,0,0,1,1.6514922380447388
1501,0,0,1,0.4956638216972351
1502,0,1,0,0.5828207731246948
1503,0,1,0,1.5317728519439697
1504,0,0,1,1.6165438890457153
1505,0,0,1,0.34201639890670776
1506,0,1,0,1.5928394794464111
1507,0,0,1,0.40673449635505676
1508,0,1,0,1.1101287603378296
1509,0,0,1,1.6783140897750854
1510,0,1,0,0.6376277208328247
1511,0,0,1,4.319979667663574
1512,0,1,0,0.6556649208068848
1513,0,0,1,3.726971387863159
1514,0,0,1,2.8698832988739014
1515,0,0,1,6.333433628082275
1516,0,0,1,0.6291980147361755
1517,0,0,1,1.1469286680221558
1518,0,0,1,1.4143803119659424
1519,0,1,0,1.0922677516937256
1520,0,1,0,0.6894018650054932
1521,0,1,0,3.292344808578491
1522,0,0,1,2.578470468521118
1523,0,1,0,2.088472366333008
1524,0,0,1,0.4858912229537964
1525,0,1,0,1.6542332172393799
1526,0,0,1,1.6098078489303589
1527,0,1,0,1.2035458087921143
1528,0,1,0,1.1891652345657349
1529,0,0,1,2.02624773979187
1530,0,1,0,2.6409568786621094
1531,0,1,0,0.6408284902572632
1532,0,1,0,0.9714782238006592
1533,0,1,0,1.7575432062149048
1534,0,0,1,1.4770864248275757
1535,0,0,1,1.8071380853652954
1536,0,0,1,0.7259576916694641
1537,0,0,1,2.826678514480591
1538,0,0,1,0.6330035328865051
1539,0,1,0,0.26183614134788513
1540,0,0,1,5.525054931640625
1541,0,0,1,0.8449445366859436
1542,0,1,0,0.14697155356407166
1543,0,0,1,3.591939687728882
1544,0,1,0,1.1543220281600952
1545,0,1,0,0.7477660775184631
1546,0,0,1,1.1109821796417236
1547,1,0,0,2.342841625213623
1548,0,0,1,3.268420934677124
1549,0,1,0,1.529809594154358
1550,1,0,0,2.882575511932373
1551,0,0,1,1.9675167798995972
1552,0,0,1,0.6188220381736755
1553,0,0,1,2.1525156497955322
1554,0,0,1,1.9142391681671143
1555,0,1,0,1.612151026725769
1556,0,1,0,2.1928887367248535
1557,0,0,1,1.8187601566314697
1558,0,1,0,0.3551643192768097
1559,0,1,0,1.8746188879013062
1560,0,1,0,0.6782230138778687
1561,0,0,1,1.9382327795028687
1562,0,1,0,1.6797642707824707
1563,0,1,0,1.5916988849639893
1564,0,1,0,0.1956992745399475
1565,0,0,1,1.4013952016830444
1566,0,1,0,0.786015510559082
1567,0,0,1,5.086053848266602
1568,0,0,1,4.2862067222595215
1569,0,0,1,2.230846405029297
1570,0,1,0,0.22989009320735931
1571,0,1,0,1.0317611694335938
1572,0,1,0,2.724792957305908
1573,0,0,1,1.659850001335144
1574,0,1,0,2.359221935272217
1575,0,0,1,0.2846429944038391
1576,0,0,1,1.829353928565979
1577,0,0,1,3.1078286170959473
1578,0,0,1,0.6650217771530151
1579,0,1,0,1.1111578941345215
1580,0,0,1,2.0800187587738037
1581,0,0,1,4.6706366539001465
1582,0,1,0,0.6768887042999268
1583,0,1,0,0.9579027891159058
1584,0,0,1,7.990684986114502
1585,0,0,1,2.377288818359375
1586,0,0,1,0.6332029700279236
1587,0,0,1,2.925426721572876
1588,0,0,1,1.4924017190933228
1589,0,0,1,1.6027411222457886
1590,0,0,1,1.6517236232757568
1591,0,0,1,2.399407148361206
1592,0,0,1,5.497000217437744
1593,0,1,0,0.5960568785667419
1594,0,1,0,0.25777316093444824
1595,0,0,1,2.5846023559570312
1596,0,0,1,1.4001878499984741
1597,0,0,1,0.34992167353630066
1598,0,0,1,5.671212673187256
1599,0,0,1,0.7213510870933533
1600,0,0,1,0.9217512011528015
1601,0,0,1,3.274149179458618
1602,0,1,0,1.465095043182373
1603,0,0,1,0.7991839051246643
1604,0,1,0,2.9221677780151367
1605,0,0,1,0.11280707269906998
1606,0,0,1,2.3529646396636963
1607,0,0,1,0.8205670118331909
1608,0,0,1,1.9858261346817017
1609,0,0,1,1.1631991863250732
1610,0,1,0,0.47648879885673523
1611,0,0,1,0.7956445813179016
1612,0,1,0,0.5781435966491699
1613,0,1,0,0.22198863327503204
1614,0,0,1,0.42261233925819397
1615,0,0,1,4.045402526855469
1616,0,1,0,0.2115754336118698
1617,0,0,1,1.7520971298217773
1618,0,0,1,1.262258529663086
1619,0,0,1,2.645068883895874
1620,0,0,1,1.8689178228378296
1621,0,0,1,0.8737338185310364
1622,0,1,0,0.3939727246761322
1623,0,1,0,1.614235758781433
1624,0,1,0,1.4171807765960693
1625,0,1,0,0.9970866441726685
1626,0,0,1,0.7963628172874451
1627,0,1,0,0.5050323009490967
1628,1,1,1,3.228386878967285
1629,0,0,1,0.29667729139328003
1630,0,1,0,2.3731865882873535
1631,0,1,0,2.2013306617736816
1632,0,1,0,0.7929859161376953
1633,0,1,0,2.9938907623291016
1634,0,1,0,1.4864140748977661
1635,0,0,1,1.6130541563034058
1636,0,1,0,3.304734468460083
1637,0,1,0,0.9439259767532349
1638,0,0,1,2.862321376800537
1639,0,1,0,1.0461103916168213
1640,0,1,0,0.4133472740650177
1641,0,0,1,2.870835542678833
1642,0,1,0,0.7586552500724792
1643,0,0,1,0.341263085603714
1644,0,0,1,1.3273414373397827
1645,0,1,0,1.8649786710739136
1646,0,1,0,4.063449859619141
1647,0,0,1,1.549503207206726
1648,0,0,1,1.1149448156356812
1649,0,0,1,0.7929654717445374
1650,0,0,1,3.8788599967956543
1651,0,0,1,1.1663851737976074
1652,0,1,0,0.35267770290374756
1653,0,1,0,0.9721254706382751
1654,0,0,1,2.166177749633789
1655,0,1,0,1.4111310243606567
1656,0,0,1,0.9407097101211548
1657,0,1,0,1.3106387853622437
1658,0,0,1,0.977354109287262
1659,0,0,1,0.7788914442062378
1660,0,0,1,0.3610805869102478
1661,0,1,0,2.3894119262695312
1662,0,1,0,2.244325637817383
1663,0,1,0,2.0838122367858887
1664,0,0,1,0.5601908564567566
1665,0,0,1,1.2837485074996948
1666,0,1,0,0.4724256098270416
1667,0,1,0,1.2489784955978394
1668,0,1,0,1.1601102352142334
1669,0,1,0,2.4714112281799316
1670,0,1,0,0.8966934084892273
1671,0,0,1,0.7524587512016296
1672,0,1,0,0.4574240744113922
1673,0,0,1,2.253909111022949
1674,0,0,1,0.6283403038978577
1675,0,1,0,2.4968252182006836
1676,0,0,1,3.6803317070007324
1677,0,0,1,1.9808694124221802
1678,0,1,0,1.3186639547348022
1679,0,0,1,1.2675355672836304
1680,0,0,1,0.8676936030387878
1681,0,0,1,1.8233685493469238
1682,0,1,0,1.4670140743255615
1683,0,0,1,1.7733323574066162
1684,0,0,1,3.2664172649383545
1685,0,1,0,1.8264793157577515
1686,0,0,1,1.4826185703277588
1687,0,0,1,0.27290382981300354
1688,0,1,0,0.5962285399436951
1689,0,1,0,1.0768201351165771
1690,0,1,0,1.2673169374465942
1691,0,1,0,1.7459660768508911
1692,0,1,0,1.5914720296859741
1693,0,0,1,1.9955252408981323
1694,0,0,1,1.6661611795425415
1695,0,0,1,3.38102650642395
1696,0,0,1,1.2436543703079224
1697,0,0,1,3.1932578086853027
1698,0,0,1,0.5402786135673523
1699,0,1,0,0.6440502405166626
1700,0,1,0,1.6381312608718872
1701,0,0,1,1.2248671054840088
1702,0,0,1,4.2572479248046875
1703,0,0,1,4.215017318725586
1704,0,0,1,1.012794852256775
1705,0,0,1,2.8661484718322754
1706,0,0,1,0.44636446237564087
1707,0,0,1,0.43426838517189026
1708,0,0,1,3.469754219055176
1709,0,0,1,4.661929607391357
1710,0,0,1,6.027122497558594
1711,0,0,1,7.977894306182861
1712,0,0,1,3.197317361831665
1713,0,0,1,2.6185433864593506
1714,0,0,1,3.213879108428955
1715,0,0,1,4.368072509765625
1716,0,0,1,2.412245273590088
1717,0,1,0,1.5351089239120483
1718,0,1,0,0.18399721384048462
1719,0,1,0,1.7295717000961304
1720,0,1,0,0.3617320954799652
1721,0,1,0,2.0586259365081787
1722,0,1,0,0.23953939974308014
1723,0,1,0,0.30576208233833313
1724,0,1,0,1.4858037233352661
1725,0,1,0,2.674947738647461
1726,0,0,1,0.24217495322227478
1727,0,0,1,0.16070395708084106
1728,0,1,0,3.4943647384643555
1729,0,0,1,1.2489203214645386
1730,0,0,1,0.1221097931265831
1731,0,0,1,0.34707552194595337
1732,0,1,0,1.9310253858566284
1733,0,0,1,0.37971651554107666
1734,0,0,1,0.6678215861320496
1735,0,0,1,2.955561876296997
1736,0,1,0,1.9385149478912354
1737,0,1,0,2.047727108001709
1738,0,0,1,0.848422110080719
1739,0,1,0,0.3222666382789612
1740,0,1,0,1.8019758462905884
1741,0,1,0,2.347038984298706
1742,0,1,0,2.4210972785949707
1743,0,0,1,0.31263217329978943
1744,0,0,1,1.9230307340621948
1745,0,0,1,1.9822686910629272
1746,0,0,1,0.8661823272705078
1747,0,0,1,0.5983426570892334
1748,0,0,1,2.067819356918335
1749,0,1,0,0.8613572120666504
1750,0,1,0,1.9821362495422363
1751,0,1,0,1.2851051092147827
1752,0,0,1,1.507413387298584
1753,0,1,0,0.6935681104660034
1754,0,1,0,1.8795766830444336
1755,0,1,0,0.8869838714599609
1756,0,1,0,0.9903522729873657
1757,0,1,0,0.2221764624118805
1758,0,1,0,2.2658214569091797
1759,0,1,0,2.8273420333862305
1760,0,1,0,0.8014698028564453
1761,0,0,1,2.368382453918457
1762,0,0,1,3.079730272293091
1763,0,0,1,5.7376275062561035
1764,0,0,1,5.680343151092529
1765,0,0,1,0.5995630025863647
1766,0,1,0,0.6677179336547852
1767,0,1,0,2.426316261291504
1768,0,0,1,3.8267462253570557
1769,0,1,0,2.350739002227783
1770,0,0,1,0.8226984739303589
1771,0,1,0,2.0507073402404785
1772,0,1,0,0.8252254724502563
1773,0,0,1,0.7204073071479797
1774,0,0,1,4.351887226104736
1775,0,0,1,2.189861297607422
1776,0,0,1,1.7773395776748657
1777,0,0,1,0.25541695952415466
1778,0,0,1,0.8335363268852234
1779,0,1,0,0.45890194177627563
1780,0,0,1,0.8216438889503479
1781,0,1,0,2.0564217567443848
1782,0,0,1,1.3397396802902222
1783,0,0,1,4.4319963455200195
1784,0,0,1,1.141435980796814
1785,0,1,0,1.3090909719467163
1786,0,0,1,0.30366846919059753
1787,0,1,0,2.204779624938965
1788,0,0,1,3.7668941020965576
1789,0,1,0,0.6436833739280701
1790,0,1,0,0.22778360545635223
1791,0,1,0,1.1985435485839844
1792,0,1,0,0.09965830296278
1793,0,1,0,1.5969756841659546
1794,0,1,0,0.5516071319580078
1795,0,0,1,1.7461458444595337
1796,0,0,1,6.372115612030029
1797,0,1,0,0.2712821066379547
1798,0,0,1,1.115950345993042
1799,0,0,1,2.5750906467437744
1800,0,0,1,3.879828691482544
1801,0,0,1,0.7065843343734741
1802,0,1,0,1.6105965375900269
1803,0,0,1,0.7591930627822876
1804,0,1,0,0.23817148804664612
1805,0,1,0,0.2533186972141266
1806,0,1,0,2.7293503284454346
1807,0,0,1,1.4296135902404785
1808,0,1,0,0.3586474061012268
1809,0,0,1,2.2037832736968994
1810,0,1,0,0.6160001754760742
1811,0,0,1,0.7040764093399048
1812,0,0,1,1.2924507856369019
1813,0,0,1,3.70599102973938
1814,0,0,1,1.1440260410308838
1815,0,0,1,4.563342571258545
1816,0,0,1,2.4331130981445312
1817,0,0,1,3.4255130290985107
1818,0,1,0,2.571768045425415
1819,0,0,1,1.8757411241531372
1820,0,1,0,2.221169948577881
1821,0,0,1,2.70318865776062
1822,0,0,1,0.9456742405891418
1823,0,0,1,4.455224514007568
1824,0,1,0,2.5600972175598145
1825,0,1,0,1.682027816772461
1826,0,1,0,2.503056526184082
1827,0,0,1,0.6659607291221619
1828,0,0,1,1.0765963792800903
1829,0,0,1,1.252112627029419
1830,0,0,1,0.4749191999435425
1831,0,1,0,0.686924934387207
1832,0,0,1,1.7297419309616089
1833,0,1,0,0.6711121797561646
1834,0,1,0,0.27930018305778503
1835,0,0,1,3.319173574447632
1836,0,0,1,1.1837947368621826
1837,0,0,1,1.026908040046692
1838,0,1,0,0.1948738396167755
1839,0,0,1,0.7540447115898132
1840,0,1,0,0.9751715660095215
1841,0,1,0,0.29730454087257385
1842,0,0,1,0.24715924263000488
1843,0,0,1,5.163267612457275
1844,0,0,1,2.4259860515594482
1845,0,1,0,1.7984782457351685
1846,0,1,0,2.7766082286834717
1847,0,1,0,1.3918373584747314
1848,0,0,1,2.2000322341918945
1849,0,0,1,1.9135775566101074
1850,0,0,1,4.17506742477417
1851,0,0,1,0.3646433353424072
1852,0,1,0,1.1033059358596802
1853,0,0,1,2.205200433731079
1854,0,1,0,1.903727412223816
1855,0,0,1,0.22736424207687378
1856,0,1,0,1.4254964590072632
1857,0,0,1,0.353363037109375
1858,0,1,0,0.5743144750595093
1859,0,1,0,0.20827895402908325
1860,0,1,0,0.43970969319343567
1861,0,1,0,1.0142163038253784
1862,0,1,0,3.22519588470459
1863,0,1,0,0.9664344191551208
1864,0,0,1,1.495979905128479
1865,0,0,1,6.781487941741943
1866,0,0,1,0.6991050839424133
1867,0,1,0,2.9888153076171875
1868,0,0,1,2.3985888957977295
1869,0,0,1,3.725966453552246
1870,0,0,1,1.6258331537246704
1871,0,0,1,1.0846149921417236
1872,0,1,0,0.24381932616233826
1873,0,1,0,0.10341557115316391
1874,0,0,1,2.452699899673462
1875,0,1,0,3.1480774879455566
1876,0,0,1,0.7858482003211975
1877,0,0,1,2.503316640853882
1878,0,0,1,2.8066394329071045
1879,0,0,1,2.3437094688415527
1880,0,0,1,7.459390163421631
1881,0,0,1,3.065338373184204
1882,0,1,0,1.9105637073516846
1883,0,0,1,0.7208991050720215
1884,0,0,1,1.209790587425232
1885,0,0,1,1.1237683296203613
1886,0,0,1,2.584479331970215
1887,0,0,1,3.4480488300323486
1888,0,0,1,3.625056028366089
1889,0,0,1,2.7273614406585693
1890,0,0,1,2.2133724689483643
1891,0,0,1,0.25662341713905334
1892,1,1,1,0.5973182916641235
1893,1,1,1,0.8032975792884827
1894,1,0,0,3.137270212173462
1895,1,0,0,4.896683216094971
1896,1,1,1,1.5609714984893799
1897,1,0,0,3.1223790645599365
1898,1,0,0,1.025696039199829
1899,1,0,0,4.224755764007568
1900,1,1,1,3.5646636486053467
1901,1,0,0,1.70465886592865
1902,1,0,0,1.187522053718567
1903,1,0,0,5.426583290100098
1904,1,0,0,1.1130024194717407
1905,1,1,1,0.3874102532863617
1906,1,0,0,7.523013114929199
1907,1,0,0,1.01105535030365
1908,1,1,1,1.5298771858215332
1909,1,0,0,1.7225782871246338
1910,1,1,1,1.2163046598434448
1911,1,0,0,2.133195161819458
1912,1,1,1,1.081459403038025
1913,1,0,0,0.1392582356929779
1914,1,0,0,4.208616733551025
1915,1,0,0,5.186991214752197
1916,1,0,0,1.1521027088165283
1917,1,1,1,4.6896138191223145
1918,1,1,1,0.27066734433174133
1919,1,0,0,0.9096787571907043
1920,1,0,0,0.42650339007377625
1921,1,0,0,1.9081249237060547
1922,1,0,0,7.042283535003662
1923,0,0,1,3.2531845569610596
1924,0,0,1,2.0161890983581543
1925,0,1,0,0.8033879399299622
1926,0,0,1,1.8348286151885986
1927,0,0,1,0.8984560966491699
1928,0,0,1,0.753879189491272
1929,0,0,1,4.40679407119751
1930,0,1,0,0.2484641820192337
1931,0,0,1,3.769376039505005
1932,0,0,1,0.9706005454063416
1933,0,0,1,2.6914525032043457
1934,0,0,1,2.162682294845581
1935,0,0,1,5.985620021820068
1936,0,0,1,2.1965949535369873
1937,0,1,0,1.134399175643921
1938,0,1,0,0.36762234568595886
1939,0,0,1,1.3157987594604492
1940,0,0,1,1.325156807899475
1941,0,1,0,0.7975596189498901
1942,1,0,0,0.8516033291816711
1943,1,0,0,2.63537859916687
1944,1,0,0,2.523080825805664
1945,1,0,0,0.8872935771942139
1946,1,0,0,1.8590092658996582
1947,1,0,0,1.2926418781280518
1948,1,1,1,2.6139564514160156
1949,1,1,1,1.805762529373169
1950,1,0,0,1.0288726091384888
1951,1,1,1,1.1122609376907349
1952,1,1,1,1.1873267889022827
1953,1,1,1,0.3864484429359436
1954,1,1,1,2.0625088214874268
1955,1,1,1,3.0565948486328125
1956,1,0,0,1.5249472856521606
1957,1,1,1,3.4148340225219727
1958,1,0,0,0.49971288442611694
1959,1,0,0,0.7553460001945496
1960,1,1,1,0.5449817180633545
1961,1,1,1,2.133185863494873
1962,1,1,1,0.5035359859466553
1963,1,1,1,0.8608856201171875
1964,1,0,0,1.4025472402572632
1965,1,0,0,2.3106372356414795
1966,1,1,1,1.767838954925537
1967,1,0,0,3.12121844291687
1968,1,1,1,0.8757375478744507
1969,1,0,0,2.9283926486968994
1970,1,0,0,3.7900338172912598
1971,1,0,0,1.7754079103469849
1972,1,0,0,0.8679704070091248
1973,1,0,0,1.1373025178909302
1974,1,0,0,2.5863282680511475
1975,1,1,1,0.3462263345718384
1976,1,0,0,0.20666053891181946
1977,1,0,0,0.4458751976490021
1978,1,1,1,3.427150011062622
1979,1,1,1,2.528280258178711
1980,1,1,1,0.27158722281455994
1981,1,1,1,1.3477202653884888
1982,1,0,0,2.244396686553955
1983,1,0,0,2.9686381816864014
1984,1,0,0,2.1548843383789062
1985,1,1,1,1.4223811626434326
1986,1,1,1,1.5244053602218628
1987,1,1,1,0.32032543420791626
1988,1,1,1,0.40511247515678406
1989,1,0,0,0.7339354753494263
1990,1,0,0,2.464179277420044
1991,1,1,1,1.7328968048095703
1992,1,0,0,0.9252387881278992
1993,1,0,0,0.8426979184150696
1994,1,1,1,0.4712260067462921
1995,1,1,1,1.742754340171814
1996,1,1,1,1.4832056760787964
1997,1,0,0,2.5795514583587646
1998,1,0,0,1.6619688272476196
1999,1,1,1,2.9243860244750977
2000,1,0,0,2.265934705734253
2001,1,0,0,1.2392991781234741
2002,1,0,0,0.7683454155921936
2003,1,0,0,3.349632501602173
2004,1,0,0,1.8450183868408203
2005,1,0,0,1.3588329553604126
2006,1,0,0,1.9809750318527222
2007,1,0,0,1.5011873245239258
2008,1,1,1,1.7495771646499634
2009,1,0,0,2.533385992050171
2010,1,1,1,1.5376946926116943
2011,1,0,0,0.45453715324401855
2012,1,0,0,0.652826189994812
2013,1,0,0,3.7066617012023926
2014,1,1,1,1.0006238222122192
2015,1,1,1,0.25555112957954407
2016,1,1,1,0.5733493566513062
2017,1,0,0,2.935513973236084
2018,1,1,1,0.4274885654449463
2019,1,0,0,4.607359409332275
2020,1,0,0,2.722346782684326
2021,1,0,0,4.229100704193115
2022,1,1,1,1.430247187614441
2023,1,1,1,0.764590322971344
2024,1,0,0,1.986890196800232
2025,1,1,1,0.8289663791656494
2026,1,0,0,1.095338225364685
2027,1,0,0,2.4155590534210205
2028,1,1,1,2.115546703338623
2029,1,0,0,1.6009045839309692
2030,1,1,1,0.5129488110542297
2031,1,0,0,2.2654669284820557
2032,1,1,1,0.9838833212852478
2033,1,1,1,0.1853449046611786
2034,1,1,1,0.9712031483650208
2035,1,1,1,1.918170690536499
2036,1,1,1,0.6295400261878967
2037,1,0,0,1.5817524194717407
2038,1,1,1,0.23124995827674866
2039,1,0,0,2.2599754333496094
2040,1,0,0,0.29319432377815247
2041,1,0,0,0.304466187953949
2042,1,0,0,2.892808198928833
2043,1,1,1,0.32261690497398376
2044,1,0,0,4.653590679168701
2045,1,1,1,0.2553115785121918
2046,1,0,0,2.2013299465179443
2047,1,0,0,3.088959217071533
2048,1,0,0,1.4901334047317505
2049,1,0,0,1.0940784215927124
2050,1,0,0,0.7824500203132629
2051,1,0,0,3.7027785778045654
2052,1,1,1,2.6676511764526367
2053,1,0,0,4.757056713104248
2054,1,0,0,0.32855847477912903
2055,1,0,0,1.0771392583847046
2056,1,0,0,2.057943820953369
2057,1,0,0,1.4253474473953247
2058,1,0,0,1.966946005821228
2059,1,1,1,0.9648443460464478
2060,1,1,1,3.232207775115967
2061,1,0,0,0.6598702073097229
2062,1,1,1,1.3610005378723145
2063,1,0,0,1.8060613870620728
2064,1,1,1,0.9617214202880859
2065,1,0,0,2.6531853675842285
2066,1,1,1,0.5030450224876404
2067,1,1,1,0.384137898683548
2068,1,1,1,1.4261242151260376
2069,1,0,0,0.58772212266922
2070,1,0,0,3.9636740684509277
2071,1,0,0,0.16199558973312378
2072,1,0,0,1.1559094190597534
2073,1,1,1,0.9504584670066833
2074,1,1,1,0.8473285436630249
2075,1,1,1,1.2479289770126343
2076,1,0,0,0.6422372460365295
2077,1,0,0,6.280442714691162
2078,1,0,0,3.360276460647583
2079,1,0,0,2.9946205615997314
2080,1,0,0,4.693051815032959
2081,1,1,1,0.7367991209030151
2082,1,1,1,2.655256748199463
2083,1,1,1,1.0828410387039185
2084,1,0,0,0.561736524105072
2085,1,1,1,1.3273626565933228
2086,1,0,0,0.8284252285957336
2087,1,0,0,6.436372756958008
2088,1,0,0,0.39935246109962463
2089,1,1,1,2.6461262702941895
2090,1,1,1,1.4270896911621094
2091,1,0,0,0.9448320269584656
2092,1,0,0,1.8308640718460083
2093,1,1,1,1.8733121156692505
2094,1,0,0,3.736773729324341
2095,1,1,1,0.22251807153224945
2096,1,0,0,5.8033647537231445
2097,1,0,0,2.1762096881866455
2098,1,0,0,1.2805335521697998
2099,1,0,0,1.730786919593811
2100,1,0,0,1.6855114698410034
2101,1,0,0,4.112739086151123
2102,1,0,0,3.7675118446350098
2103,1,1,1,1.3147706985473633
2104,1,1,1,0.6552178859710693
2105,1,0,0,2.4287149906158447
2106,1,0,0,3.7112762928009033
2107,1,1,1,0.944412112236023
2108,1,0,0,1.16464364528656
2109,1,0,0,0.940341591835022
2110,1,0,0,0.2573215663433075
2111,1,1,1,1.4773932695388794
2112,1,1,1,2.657520294189453
2113,1,1,1,3.7002696990966797
2114,1,1,1,1.6142126321792603
2115,1,1,1,2.1424686908721924
2116,1,0,0,1.1513025760650635
2117,1,1,1,0.4823882281780243
2118,1,1,1,0.5641515851020813
2119,1,1,1,0.1570589393377304
2120,1,0,0,0.8562414050102234
2121,1,1,1,2.5133609771728516
2122,1,0,0,2.3930716514587402
2123,1,1,1,0.819607675075531
2124,1,0,0,0.3441280126571655
2125,1,0,0,1.7521049976348877
2126,1,1,1,2.622218370437622
2127,1,1,1,0.5155692100524902
2128,1,0,0,0.06675810366868973
2129,1,1,1,2.3124287128448486
2130,1,1,1,2.9609498977661133
2131,1,1,1,1.8078416585922241
2132,1,0,0,0.3584994673728943
2133,1,0,0,0.5247431397438049
2134,1,1,1,1.453426718711853
2135,1,1,1,1.4070638418197632
2136,1,1,1,2.1710805892944336
2137,1,1,1,0.15403884649276733
2138,1,1,1,0.5923277735710144
2139,1,1,1,0.22585268318653107
2140,1,0,0,0.25395095348358154
2141,1,1,1,4.746351718902588
2142,1,0,0,5.536367893218994
2143,1,0,0,1.616081953048706
2144,1,1,1,2.9298155307769775
2145,1,1,1,1.3531450033187866
2146,1,1,1,1.649497628211975
2147,1,1,1,2.087674140930176
2148,1,0,0,2.8012144565582275
2149,1,0,0,0.8034356832504272
2150,1,0,0,2.37614107131958
2151,1,1,1,0.8046385049819946
2152,1,1,1,2.207064151763916
2153,1,0,0,1.1554675102233887
2154,1,0,0,2.9910967350006104
2155,1,0,0,1.7501076459884644
2156,1,0,0,1.9436167478561401
2157,1,0,0,0.7665121555328369
2158,1,0,0,2.0741732120513916
2159,1,1,1,1.2326256036758423
2160,1,0,0,0.17686334252357483
2161,1,0,0,0.9809995293617249
2162,1,1,1,1.7065433263778687
2163,1,0,0,1.6462591886520386
2164,1,0,0,2.3966901302337646
2165,1,0,0,0.2627604603767395
2166,1,0,0,1.683430790901184
2167,1,1,1,1.6229168176651
2168,1,1,1,0.6858689188957214
2169,1,0,0,1.3508297204971313
2170,1,0,0,1.625628113746643
2171,1,1,1,3.440783977508545
2172,1,1,1,2.092292308807373
2173,1,1,1,5.034862041473389
2174,1,1,1,2.2864856719970703
2175,1,1,1,1.2822641134262085
2176,1,0,0,0.8809301257133484
2177,1,0,0,2.57877779006958
2178,1,0,0,2.473278045654297
2179,1,0,0,0.7233856320381165
2180,1,0,0,3.662850856781006
2181,1,0,0,1.0571622848510742
2182,1,1,1,1.7505496740341187
2183,1,1,1,0.17268632352352142
2184,1,0,0,1.7212520837783813
2185,1,0,0,3.9611282348632812
2186,1,0,0,0.7861233949661255
2187,1,0,0,2.1086981296539307
2188,1,0,0,2.0600993633270264
2189,1,1,1,0.5021978616714478
2190,1,0,0,0.255198210477829
2191,1,0,0,0.5297863483428955
2192,1,1,1,3.2226853370666504
2193,1,0,0,0.3510134816169739
2194,1,0,0,1.2973968982696533
2195,1,1,1,2.1067123413085938
2196,1,1,1,1.7781720161437988
2197,1,1,1,1.5055149793624878
2198,1,1,1,1.792091727256775
2199,1,0,0,0.6284783482551575
2200,1,1,1,3.394789695739746
2201,1,1,1,1.3632192611694336
2202,1,0,0,0.7642738223075867
2203,1,1,1,0.5875157117843628
2204,1,1,1,3.318098545074463
2205,1,1,1,3.6188700199127197
2206,1,1,1,3.4488210678100586
2207,1,0,0,1.8801466226577759
2208,1,1,1,4.698275566101074
2209,1,1,1,3.6617422103881836
2210,1,1,1,1.2298157215118408
2211,1,0,0,0.4517996311187744
2212,1,1,1,5.101831436157227
2213,1,1,1,3.708408832550049
2214,1,1,1,0.9790772199630737
2215,1,0,0,0.9168810248374939
2216,1,1,1,2.3500607013702393
2217,1,0,0,0.7810240983963013
2218,1,1,1,3.049805164337158
2219,1,1,1,2.38907527923584
2220,1,1,1,1.1472519636154175
2221,1,1,1,4.845147609710693
2222,1,1,1,2.804641008377075
2223,1,1,1,0.9042961597442627
2224,1,1,1,0.913883626461029
2225,1,1,1,2.567765235900879
2226,1,1,1,1.928124189376831
2227,1,0,0,1.5920827388763428
2228,1,1,1,3.1332616806030273
2229,1,1,1,1.0865978002548218
2230,1,1,1,4.40997314453125
2231,1,1,1,2.1214749813079834
2232,1,1,1,1.8070204257965088
2233,1,1,1,3.988280773162842
2234,1,1,1,4.015017509460449
2235,1,1,1,0.7570213675498962
2236,1,1,1,0.37874749302864075
2237,1,1,1,1.8946304321289062
2238,1,0,0,0.22792652249336243
2239,1,1,1,1.1325581073760986
2240,1,1,1,2.0772318840026855
2241,1,1,1,0.8793416023254395
2242,1,0,0,1.4577305316925049
2243,1,0,0,5.369954586029053
2244,1,0,0,5.247438430786133
2245,1,1,1,1.5325042009353638
2246,1,1,1,4.479307174682617
2247,1,1,1,2.4184141159057617
2248,1,1,1,1.623679518699646
2249,1,1,1,2.1346607208251953
2250,1,0,0,1.0117648839950562
2251,1,1,1,2.744565486907959
2252,1,1,1,2.2898168563842773
2253,1,1,1,1.9069162607192993
2254,1,1,1,1.4608820676803589
2255,1,1,1,1.502329707145691
2256,1,1,1,1.6579921245574951
2257,1,0,0,0.38689059019088745
2258,1,0,0,2.1977484226226807
2259,1,1,1,2.6522083282470703
2260,1,1,1,0.3169083893299103
2261,1,0,0,2.4780824184417725
2262,1,0,0,0.8369157910346985
2263,1,0,0,0.7162089943885803
2264,1,0,0,0.6395285725593567
2265,1,1,1,0.26740768551826477
2266,1,0,0,1.205666184425354
2267,1,1,1,0.5786880254745483
2268,1,1,1,3.2244033813476562
2269,1,1,1,1.5091506242752075
2270,1,0,0,0.7603548765182495
2271,1,0,0,2.376162052154541
2272,1,0,0,2.2193522453308105
2273,1,0,0,1.3921397924423218
2274,1,0,0,2.0656015872955322
2275,1,0,0,1.5515129566192627
2276,1,0,0,0.35122185945510864
2277,1,1,1,2.0667057037353516
2278,1,0,0,1.9334765672683716
2279,1,0,0,0.7565390467643738
2280,1,0,0,0.7518128156661987
2281,1,0,0,0.5270439982414246
2282,1,1,1,3.5523617267608643
2283,1,1,1,2.0562260150909424
2284,1,0,0,3.073317766189575
2285,1,1,1,2.294271945953369
2286,1,1,1,0.6134886145591736
2287,1,0,0,0.9164732098579407
2288,1,1,1,2.6096930503845215
2289,1,1,1,1.9616090059280396
2290,1,0,0,0.5096235871315002
2291,1,1,1,3.1482415199279785
2292,1,0,0,0.9005786776542664
2293,1,1,1,1.7115336656570435
2294,1,1,1,3.7929635047912598
2295,1,1,1,4.553515434265137
2296,1,1,1,2.6454060077667236
2297,1,1,1,2.876399040222168
2298,1,1,1,5.851171493530273
2299,1,1,1,2.8383548259735107
2300,1,0,0,3.9080135822296143
2301,1,0,0,0.5782518982887268
2302,1,1,1,2.742532968521118
2303,1,1,1,3.21077299118042
2304,1,0,0,0.5354598164558411
2305,1,1,1,0.41527846455574036
2306,1,0,0,0.31716030836105347
2307,1,1,1,2.6847875118255615
2308,1,1,1,2.1008262634277344
2309,1,1,1,1.0160436630249023
2310,1,0,0,3.602315902709961
2311,1,1,1,1.8984123468399048
2312,1,1,1,1.6231132745742798
2313,1,1,1,1.510832667350769
2314,1,1,1,2.3903908729553223
2315,1,1,1,0.6554460525512695
2316,1,1,1,3.339653730392456
2317,1,1,1,3.787870168685913
2318,1,1,1,5.771921157836914
2319,1,0,0,1.5699275732040405
2320,1,1,1,4.000045299530029
2321,1,1,1,3.696648120880127
2322,1,1,1,1.7150694131851196
2323,1,1,1,3.3591628074645996
2324,1,1,1,1.2824710607528687
2325,1,0,0,5.175350666046143
2326,1,0,0,1.559141993522644
2327,1,0,0,6.397381782531738
2328,1,1,1,3.670743465423584
2329,1,0,0,0.528542697429657
2330,1,0,0,0.13478749990463257
2331,1,0,0,3.039494037628174
2332,1,1,1,1.2875840663909912
2333,1,1,1,2.84077787399292
2334,1,0,0,2.9478840827941895
2335,1,0,0,2.5187344551086426
2336,1,0,0,5.096640586853027
2337,1,0,0,3.4698100090026855
2338,1,0,0,0.137186199426651
2339,1,0,0,2.360703229904175
2340,1,1,1,0.04742127284407616
2341,1,1,1,2.020984649658203
2342,1,0,0,0.9433347582817078
2343,1,0,0,0.8329347968101501
2344,1,0,0,3.4496819972991943
2345,1,0,0,0.9208998084068298
2346,1,0,0,4.559837818145752
2347,1,0,0,3.279966354370117
2348,1,0,0,0.7201024889945984
2349,1,0,0,1.8133140802383423
2350,1,0,0,0.6098770499229431
2351,1,0,0,1.12744140625
2352,1,0,0,1.7219868898391724
2353,1,1,1,2.135439395904541
2354,1,1,1,0.647946834564209
2355,1,1,1,1.1615532636642456
2356,1,1,1,3.1284942626953125
2357,1,1,1,1.63180410861969
2358,1,1,1,0.32849910855293274
2359,1,0,0,0.9865387082099915
2360,1,0,0,7.523353099822998
2361,1,0,0,1.8624821901321411
2362,1,0,0,1.3042337894439697
2363,1,0,0,1.7509673833847046
2364,1,0,0,1.3019038438796997
2365,1,0,0,2.1443233489990234
2366,1,0,0,0.9956852793693542
2367,1,0,0,1.8226579427719116
2368,1,0,0,0.2458505630493164
2369,1,0,0,1.3516671657562256
2370,1,0,0,4.637017250061035
2371,1,0,0,1.88383948802948
2372,1,0,0,2.111117124557495
2373,1,1,1,0.48737040162086487
2374,1,0,0,0.22282564640045166
2375,1,0,0,0.675362765789032
2376,1,0,0,0.9959128499031067
2377,1,1,1,0.17514216899871826
2378,1,0,0,0.26884323358535767
2379,1,0,0,3.0364010334014893
2380,1,0,0,2.0513203144073486
2381,1,0,0,5.841618537902832
2382,1,0,0,1.4625194072723389
2383,1,0,0,4.563541889190674
2384,1,0,0,1.1029417514801025
2385,1,1,1,3.1051855087280273
2386,1,1,1,1.0293890237808228
2387,1,1,1,0.09588928520679474
2388,1,1,1,1.6353615522384644
2389,1,0,0,1.9774526357650757
2390,1,0,0,1.3745064735412598
2391,1,0,0,0.9479943513870239
2392,1,0,0,2.3781158924102783
2393,1,1,1,1.3255795240402222
2394,1,0,0,3.620081663131714
2395,1,0,0,1.393603801727295
2396,1,1,1,0.9492439031600952
2397,1,1,1,1.9077987670898438
2398,1,0,0,0.9718652963638306
2399,1,0,0,3.3587563037872314
2400,1,1,1,2.5501956939697266
2401,1,0,0,2.6887052059173584
2402,1,1,1,2.1780571937561035
2403,1,1,1,1.6208463907241821
2404,1,0,0,2.5877532958984375
2405,1,1,1,1.0473757982254028
2406,1,1,1,1.1424583196640015
2407,1,1,1,0.46002197265625
2408,1,0,0,6.333415985107422
2409,1,1,1,1.7755733728408813
2410,1,0,0,2.357513189315796
2411,1,1,1,1.1776331663131714
2412,1,1,1,1.3178486824035645
2413,1,0,0,0.8017658591270447
2414,1,0,0,3.3415720462799072
2415,1,1,1,3.417233467102051
2416,1,1,1,0.3880364000797272
2417,1,1,1,1.8541556596755981
2418,1,1,1,1.6169840097427368
2419,1,1,1,1.2498489618301392
2420,1,1,1,3.519960880279541
2421,1,1,1,3.0620810985565186
2422,1,1,1,3.78676700592041
2423,1,0,0,6.226787090301514
2424,1,0,0,3.252974510192871
2425,1,0,0,1.142722725868225
2426,1,1,1,0.7392436265945435
2427,1,1,1,1.3894835710525513
2428,1,1,1,3.3575987815856934
2429,1,1,1,3.535053253173828
2430,1,1,1,0.5446850657463074
2431,1,1,1,2.291661262512207
2432,1,1,1,1.8941041231155396
2433,1,1,1,2.175602912902832
2434,1,1,1,2.196916103363037
2435,1,1,1,3.1224417686462402
2436,1,1,1,2.0798850059509277
2437,1,0,0,0.2695541977882385
2438,1,0,0,4.120908260345459
2439,1,0,0,6.175899028778076
2440,1,0,0,0.3176620602607727
2441,1,0,0,2.4298696517944336
2442,1,0,0,1.4140454530715942
2443,1,0,0,0.402099609375
2444,1,0,0,3.262995481491089
2445,1,0,0,2.883305072784424
2446,1,1,1,2.016360282897949
2447,1,0,0,3.199363946914673
2448,1,0,0,1.3280061483383179
2449,1,0,0,2.5266168117523193
2450,1,1,1,0.486040860414505
2451,1,0,0,1.5220696926116943
2452,1,0,0,3.9752676486968994
2453,1,0,0,4.931328296661377
2454,1,0,0,3.336488723754883
2455,1,1,1,3.2251620292663574
2456,1,0,0,0.20877033472061157
2457,1,0,0,3.163604259490967
2458,1,0,0,2.9376766681671143
2459,1,0,0,2.305006265640259
2460,1,0,0,3.140198230743408
2461,1,0,0,0.6123803853988647
2462,1,0,0,2.1007840633392334
2463,1,0,0,1.7075163125991821
2464,1,0,0,1.2355034351348877
2465,1,1,1,1.3882560729980469
2466,1,0,0,0.7354724407196045
2467,1,0,0,3.9685442447662354
2468,1,1,1,1.18184232711792
2469,1,0,0,2.877362012863159
2470,0,0,1,1.9922350645065308
2471,1,0,0,3.6040215492248535
2472,1,0,0,0.665693461894989
2473,1,1,1,1.396530270576477
2474,1,0,0,3.785503625869751
2475,1,1,1,2.3858742713928223
2476,1,1,1,2.5855226516723633
2477,1,0,0,5.364226818084717
2478,1,1,1,3.793067216873169
2479,1,1,1,1.3773010969161987
2480,1,1,1,1.9303250312805176
2481,1,1,1,2.3638436794281006
2482,1,0,0,2.6471195220947266
2483,1,1,1,2.578070640563965
2484,1,0,0,0.5673549771308899
2485,1,1,1,2.3071000576019287
2486,1,1,1,0.27860090136528015
2487,1,1,1,0.46416983008384705
2488,1,1,1,0.6145862340927124
2489,1,0,0,0.7311626672744751
2490,1,1,1,2.5557217597961426
2491,1,0,0,2.860639810562134
2492,1,1,1,3.5376734733581543
2493,1,0,0,3.48173451423645
2494,1,0,0,4.041510581970215
2495,1,0,0,0.6866050362586975
2496,1,0,0,3.0252747535705566
2497,1,0,0,0.6080278754234314
2498,1,0,0,2.261106252670288
2499,1,1,1,1.0619179010391235
2500,1,0,0,0.391249418258667
2501,1,1,1,0.1237616166472435
2502,1,1,1,2.599313735961914
2503,1,0,0,0.8475936055183411
2504,1,1,1,3.2331156730651855
2505,1,1,1,2.7017107009887695
2506,1,1,1,1.784151554107666
2507,1,0,0,1.341640830039978
2508,1,0,0,2.8912465572357178
2509,1,1,1,0.4175031781196594
2510,1,1,1,0.828035831451416
2511,1,1,1,0.6845502853393555
2512,1,0,0,0.5680000185966492
2513,1,1,1,1.4749854803085327
2514,1,1,1,0.892137348651886
2515,1,1,1,3.705864906311035
2516,1,0,0,0.09241058677434921
2517,1,1,1,2.151942491531372
2518,1,1,1,0.47997790575027466
2519,1,0,0,0.6280056834220886
2520,1,0,0,1.5058224201202393
2521,1,1,1,2.258397340774536
2522,1,1,1,2.241351366043091
2523,1,0,0,0.9236704707145691
2524,1,1,1,1.9157441854476929
2525,1,1,1,0.17898613214492798
2526,1,1,1,0.6061669588088989
2527,1,1,1,1.1899211406707764
2528,1,1,1,3.5600295066833496
2529,0,1,0,2.8228836059570312
2530,1,1,1,2.5794029235839844
2531,0,1,0,0.14424225687980652
2532,1,0,0,0.8344070911407471
2533,1,0,0,3.6837425231933594
2534,1,0,0,1.8243223428726196
2535,1,0,0,0.9729741811752319
2536,1,1,1,1.898629069328308
2537,0,0,1,5.027487754821777
2538,0,0,1,1.9034473896026611
2539,0,0,1,1.5481749773025513
2540,0,0,1,1.0882213115692139
2541,1,0,0,6.675015449523926
2542,1,0,0,4.2914886474609375
2543,1,0,0,2.241849899291992
2544,1,0,0,1.449837327003479
2545,1,1,1,0.09061280637979507
2546,1,0,0,1.1362160444259644
2547,1,0,0,5.843814849853516
2548,1,0,0,0.43837612867355347
2549,1,0,0,1.4494906663894653
2550,1,0,0,0.3102515935897827
2551,1,0,0,0.6461145877838135
2552,1,0,0,3.4227867126464844
2553,1,0,0,0.7522923350334167
2554,1,0,0,0.700962483882904
2555,1,0,0,0.9771614074707031
2556,1,1,1,0.16879430413246155
2557,1,1,1,0.5735944509506226
2558,1,0,0,0.6776447892189026
2559,1,1,1,0.6005242466926575
2560,1,1,1,1.5293492078781128
2561,1,1,1,0.726603627204895
2562,1,1,1,1.7376142740249634
2563,1,1,1,1.6929572820663452
2564,1,0,0,4.44247579574585
2565,1,1,1,0.3256847560405731
2566,1,0,0,0.38425007462501526
2567,1,1,1,0.48476025462150574
2568,1,0,0,1.591842532157898
2569,1,0,0,2.233354330062866
2570,1,0,0,7.571768760681152
2571,1,0,0,2.307938814163208
2572,1,1,1,0.4566594064235687
2573,1,0,0,1.9614765644073486
2574,1,0,0,2.566602945327759
2575,1,0,0,1.9364241361618042
2576,1,1,1,2.2516651153564453
2577,1,0,0,2.265044927597046
2578,1,0,0,2.1126458644866943
2579,1,0,0,5.580720901489258
2580,1,1,1,0.7017635107040405
2581,1,0,0,1.2100516557693481
2582,1,0,0,3.657095432281494
2583,1,0,0,2.5912320613861084
2584,1,1,1,1.4952256679534912
2585,1,0,0,1.3578766584396362
2586,1,0,0,2.9222476482391357
2587,1,0,0,1.4693857431411743
2588,1,1,1,0.3589547574520111
2589,1,0,0,0.14647454023361206
2590,1,0,0,4.465724468231201
2591,1,1,1,0.8114253878593445
2592,1,1,1,1.8173774480819702
2593,1,1,1,0.19808350503444672
2594,1,1,1,1.1080557107925415
2595,1,0,0,2.301492929458618
2596,1,0,0,2.7766003608703613
2597,1,1,1,0.40422937273979187
2598,1,1,1,0.6012939214706421
2599,1,1,1,3.498302936553955
2600,1,0,0,1.792443037033081
2601,1,1,1,3.808631420135498
2602,1,1,1,0.16222183406352997
2603,1,0,0,0.6494606733322144
2604,1,0,0,1.6210623979568481
2605,1,1,1,0.4431069493293762
2606,1,1,1,3.041929244995117
2607,1,0,0,0.24913248419761658
2608,1,0,0,4.720393657684326
2609,1,1,1,1.7471929788589478
2610,1,0,0,0.38621872663497925
2611,1,0,0,1.1747894287109375
2612,1,1,1,0.9369223713874817
2613,1,0,0,1.5323898792266846
2614,1,0,0,1.651279330253601
2615,1,0,0,3.5927884578704834
2616,1,0,0,0.3950038552284241
2617,1,1,1,1.2453256845474243
2618,1,0,0,0.894338846206665
2619,1,0,0,0.33674880862236023
2620,1,0,0,0.7164432406425476
2621,1,0,0,1.425028920173645
2622,1,0,0,1.0182896852493286
2623,1,1,1,1.9978479146957397
2624,1,1,1,0.40135785937309265
2625,1,0,0,0.7011725902557373
2626,1,0,0,3.2485787868499756
2627,1,0,0,1.2273313999176025
2628,1,0,0,1.4870597124099731
2629,1,0,0,0.37702083587646484
2630,1,1,1,2.5176806449890137
2631,1,1,1,2.5822854042053223
2632,1,1,1,2.3404650688171387
2633,1,1,1,1.5938680171966553
2634,1,0,0,0.20579630136489868
2635,1,0,0,1.0272639989852905
2636,1,0,0,3.630741834640503
2637,1,0,0,3.2817161083221436
2638,1,1,1,3.022118330001831
2639,1,1,1,0.38463687896728516
2640,1,0,0,0.2762264609336853
2641,1,1,1,1.239707350730896
2642,1,1,1,1.3752810955047607
2643,1,0,0,3.0543837547302246
2644,1,0,0,0.9119114279747009
2645,1,0,0,0.17474019527435303
2646,1,1,1,2.2570834159851074
2647,1,0,0,1.1848515272140503
2648,1,1,1,3.0250720977783203
2649,1,0,0,0.7585241794586182
2650,1,0,0,1.369407296180725
2651,1,0,0,0.13356423377990723
2652,1,0,0,1.137555718421936
2653,1,1,1,1.6346980333328247
2654,1,1,1,1.7717941999435425
2655,1,0,0,0.6105139255523682
2656,1,0,0,4.5058064460754395
2657,1,0,0,1.2870242595672607
2658,1,0,0,0.5173588395118713
2659,1,1,1,0.6941505670547485
2660,1,0,0,0.8379259705543518
2661,1,0,0,2.3975610733032227
2662,1,0,0,1.6017940044403076
2663,1,0,0,4.453434467315674
2664,1,0,0,0.5324172377586365
2665,1,1,1,1.3136953115463257
2666,1,0,0,1.3668768405914307
2667,1,0,0,1.8382141590118408
2668,1,1,1,2.1185059547424316
2669,1,0,0,0.1698269546031952
2670,1,0,0,2.7395713329315186
2671,1,0,0,0.8430765271186829
2672,1,0,0,2.389052152633667
2673,1,1,1,0.3598988950252533
2674,1,1,1,3.073939800262451
2675,1,1,1,1.2353631258010864
2676,1,0,0,2.5674030780792236
2677,1,1,1,2.64296817779541
2678,1,1,1,0.2734698951244354
2679,1,1,1,1.3814679384231567
2680,1,0,0,2.976144313812256
2681,1,0,0,1.1126718521118164
2682,1,1,1,2.362922191619873
2683,1,0,0,0.8342477679252625
2684,1,0,0,1.4255783557891846
2685,1,0,0,2.6879608631134033
2686,1,0,0,0.9384978413581848
2687,1,0,0,7.222806453704834
2688,1,0,0,1.720938801765442
2689,1,0,0,4.684530258178711
2690,1,0,0,0.8133646845817566
2691,1,0,0,3.31018328666687
2692,1,1,1,0.9702941179275513
2693,1,0,0,2.920466184616089
2694,1,0,0,1.5424338579177856
2695,1,1,1,0.5473588705062866
2696,1,0,0,3.398982524871826
2697,1,0,0,3.1991336345672607
2698,1,0,0,2.5450611114501953
2699,1,1,1,1.0405772924423218
2700,1,0,0,4.068246841430664
2701,1,0,0,1.642524003982544
2702,1,0,0,0.3867432475090027
2703,1,1,1,0.3938487470149994
2704,1,1,1,4.505543231964111
2705,1,0,0,1.3643810749053955
2706,1,1,1,1.12282133102417
2707,1,0,0,1.6173187494277954
2708,1,0,0,1.9332243204116821
2709,1,0,0,2.0083563327789307
2710,1,1,1,0.9485642910003662
2711,1,1,1,1.7034004926681519
2712,1,0,0,2.251666784286499
2713,1,0,0,0.9132807850837708
2714,1,0,0,1.9093148708343506
2715,1,0,0,1.6128966808319092
2716,1,0,0,1.4251394271850586
2717,1,1,1,0.4045472741127014
2718,1,1,1,1.9294112920761108
2719,1,0,0,0.9331583380699158
2720,1,0,0,1.3108373880386353
2721,1,1,1,0.6361393928527832
2722,1,0,0,7.650169372558594
2723,1,0,0,5.219248294830322
2724,1,0,0,1.9847055673599243
2725,1,0,0,1.92900812625885
2726,1,1,1,0.2534133195877075
2727,1,1,1,0.6550883054733276
2728,1,0,0,5.298811435699463
2729,1,1,1,4.808961391448975
2730,1,0,0,1.9428915977478027
2731,1,0,0,5.351307392120361
2732,1,0,0,2.595468759536743
2733,1,0,0,3.021151065826416
2734,1,0,0,1.1104098558425903
2735,1,1,1,2.3894271850585938
2736,1,1,1,0.931877076625824
2737,1,1,1,1.8478529453277588
2738,1,1,1,1.1115704774856567
2739,1,1,1,1.4994909763336182
2740,1,0,0,1.7376842498779297
2741,1,0,0,1.9714783430099487
2742,1,1,1,1.9967252016067505
2743,1,0,0,0.8937557935714722
2744,1,1,1,0.22031213343143463
2745,1,0,0,1.21067214012146
2746,1,1,1,1.5452452898025513
2747,1,1,1,2.3263556957244873
2748,1,0,0,2.4019200801849365
2749,1,0,0,3.706570625305176
2750,1,0,0,1.1672182083129883
2751,1,0,0,1.2822362184524536
2752,1,0,0,4.7151408195495605
2753,1,1,1,2.09489107131958
2754,1,0,0,0.27650952339172363
2755,1,0,0,0.09157075732946396
2756,1,0,0,0.37970083951950073
2757,1,1,1,2.1783511638641357
2758,1,1,1,1.1612268686294556
2759,1,1,1,2.5800464153289795
2760,1,0,0,0.9573348164558411
2761,1,1,1,1.6174832582473755
2762,1,0,0,4.052785396575928
2763,1,1,1,2.9784319400787354
2764,1,1,1,1.7225831747055054
2765,1,1,1,4.003643989562988
2766,1,1,1,1.6984959840774536
2767,1,1,1,1.4396257400512695
2768,1,0,0,3.190600872039795
2769,1,1,1,0.8054628372192383
2770,1,0,0,0.06516721099615097
2771,1,1,1,1.4181958436965942
2772,1,1,1,2.005002021789551
2773,1,1,1,1.2960634231567383
2774,1,1,1,1.584529995918274
2775,1,1,1,1.4351993799209595
2776,1,0,0,0.8307355046272278
2777,1,1,1,2.0528340339660645
2778,1,1,1,3.556382656097412
2779,1,1,1,1.2419277429580688
2780,1,0,0,0.3893623650074005
2781,1,0,0,1.3970191478729248
2782,1,1,1,0.4292337894439697
2783,1,0,0,2.6137735843658447
2784,1,0,0,2.7747976779937744
2785,1,1,1,0.5766540765762329
2786,1,1,1,0.5152995586395264
2787,1,0,0,1.0315712690353394
2788,1,1,1,0.16728632152080536
2789,1,1,1,2.900418519973755
2790,1,0,0,1.1595607995986938
2791,1,1,1,1.7360252141952515
2792,1,0,0,0.6258215308189392
2793,1,0,0,1.9708670377731323
2794,1,1,1,0.1379992961883545
2795,1,1,1,0.7991642951965332
2796,1,0,0,0.6305988430976868
2797,1,0,0,0.6699451804161072
2798,1,0,0,1.2517143487930298
2799,1,0,0,6.120206356048584
2800,1,0,0,0.9703976511955261
2801,1,0,0,2.150176763534546
2802,1,0,0,3.6032402515411377
2803,1,0,0,0.41649916768074036
2804,1,0,0,0.28987017273902893
2805,1,0,0,0.5625114440917969
2806,1,0,0,2.431959629058838
2807,1,1,1,0.9473937749862671
2808,1,0,0,1.2199888229370117
2809,1,1,1,1.468109130859375
2810,1,1,1,1.901058554649353
2811,1,0,0,2.752824068069458
2812,1,1,1,2.2842273712158203
2813,1,0,0,5.855727195739746
2814,1,0,0,1.5736101865768433
2815,1,1,1,1.9067438840866089
2816,1,0,0,0.5394808650016785
2817,1,0,0,2.795198678970337
2818,1,0,0,7.073639869689941
2819,1,0,0,6.791848182678223
2820,1,1,1,1.6502348184585571
2821,1,0,0,0.9086558222770691
2822,1,0,0,1.5765726566314697
2823,1,1,1,0.47361114621162415
2824,1,1,1,0.3546746075153351
2825,1,0,0,2.360909938812256
2826,1,1,1,0.7641583681106567
2827,1,0,0,2.822542428970337
2828,1,1,1,0.2119094580411911
2829,1,0,0,1.9495383501052856
2830,1,1,1,3.430239200592041
2831,1,1,1,1.9050743579864502
2832,1,1,1,1.6770015954971313
2833,1,1,1,2.372767448425293
2834,1,0,0,0.37615638971328735
2835,1,0,0,0.21143531799316406
2836,1,0,0,0.16123434901237488
2837,1,0,0,2.621558904647827
2838,1,0,0,4.015742301940918
2839,1,0,0,1.0441594123840332
2840,1,0,0,2.5134663581848145
2841,1,0,0,0.29155173897743225
2842,1,0,0,10.184215545654297
2843,1,0,0,2.6082870960235596
2844,1,0,0,3.151050329208374
2845,1,1,1,1.6648718118667603
2846,1,0,0,1.56973135471344
2847,1,1,1,0.8456019163131714
2848,1,0,0,0.9091318249702454
2849,1,0,0,3.9222071170806885
2850,1,0,0,0.7275848388671875
2851,1,1,1,3.05782413482666
2852,1,0,0,3.1243531703948975
2853,1,1,1,1.4840517044067383
2854,1,0,0,3.248025894165039
2855,1,0,0,6.826426029205322
2856,1,0,0,5.2230658531188965
2857,1,1,1,1.277838110923767
2858,1,1,1,0.6254094839096069
2859,1,1,1,5.2518792152404785
2860,1,0,0,0.48266589641571045
2861,1,0,0,2.6868231296539307
2862,1,1,1,0.6508839726448059
2863,1,0,0,1.1144795417785645
2864,1,0,0,0.19426172971725464
2865,1,0,0,2.7519707679748535
2866,1,0,0,1.3990675210952759
2867,1,0,0,2.686772346496582
2868,1,0,0,0.2149573564529419
2869,1,1,1,0.757804811000824
2870,1,1,1,1.429613709449768
2871,1,0,0,2.0784170627593994
2872,1,0,0,1.5578808784484863
2873,1,0,0,1.7084407806396484
2874,1,0,0,2.1127889156341553
2875,1,0,0,3.046823024749756
2876,1,0,0,3.6663217544555664
2877,1,0,0,3.7671959400177
2878,1,1,1,1.071149230003357
2879,1,0,0,0.682915985584259
2880,1,1,1,3.338066816329956
2881,1,0,0,4.612088203430176
2882,1,0,0,4.7192301750183105
2883,1,1,1,0.9899287223815918
2884,1,1,1,2.0521457195281982
2885,1,1,1,2.3362221717834473
2886,1,0,0,7.496581554412842
2887,1,1,1,0.7195041179656982
2888,1,0,0,0.3360409140586853
2889,1,0,0,2.047502279281616
2890,1,1,1,0.16566231846809387
2891,1,0,0,1.8137153387069702
2892,1,1,1,2.8731398582458496
2893,1,0,0,1.35507071018219
2894,1,1,1,3.1837844848632812
2895,1,0,0,2.096147298812866
2896,1,1,1,0.331147700548172
2897,1,0,0,0.9451605081558228
2898,1,0,0,2.851207971572876
2899,1,0,0,1.0042351484298706
2900,1,0,0,5.623542308807373
2901,1,0,0,2.0537478923797607
2902,1,1,1,0.3101758062839508
2903,1,1,1,1.963718056678772
2904,1,1,1,3.6702306270599365
2905,1,0,0,6.866062164306641
2906,1,0,0,0.47582682967185974
2907,1,1,1,1.3194626569747925
2908,1,1,1,1.021453619003296
2909,1,0,0,1.5719578266143799
2910,1,1,1,1.3412975072860718
2911,1,0,0,0.9535757899284363
2912,1,1,1,0.2540353536605835
2913,1,0,0,1.0800100564956665
2914,1,0,0,0.6875714659690857
2915,1,0,0,0.9449895620346069
2916,1,1,1,1.44770085811615
2917,1,1,1,0.6859239339828491
2918,1,1,1,2.655759572982788
2919,1,0,0,0.5246056914329529
2920,1,1,1,1.987808108329773
2921,1,1,1,0.29744088649749756
2922,1,0,0,3.660496950149536
2923,1,1,1,1.6695973873138428
2924,1,0,0,0.2807807922363281
2925,1,0,0,4.31234073638916
2926,1,0,0,3.0375263690948486
2927,0,0,1,3.7029848098754883
2928,0,1,0,0.5405923128128052
2929,0,1,0,0.8419378399848938
2930,0,0,1,3.590867280960083
2931,0,1,0,1.2380690574645996
2932,0,0,1,4.474967956542969
2933,0,0,1,3.627446413040161
2934,0,0,1,4.436634063720703
2935,0,0,1,1.4329041242599487
2936,0,0,1,0.5422821044921875
2937,0,0,1,1.2656911611557007
2938,0,0,1,3.4187710285186768
2939,0,0,1,2.3041300773620605
2940,0,0,1,2.5712223052978516
2941,0,1,0,1.9955040216445923
2942,0,0,1,1.4851160049438477
2943,0,1,0,0.12048684805631638
2944,0,1,0,1.0750027894973755
2945,0,1,0,0.4332011044025421
2946,0,0,1,0.8144521117210388
2947,0,0,1,2.390859365463257
2948,0,1,0,2.2729389667510986
2949,0,0,1,0.7348124980926514
2950,0,0,1,5.269317150115967
2951,0,1,0,3.9924778938293457
2952,0,0,1,4.3217973709106445
2953,0,0,1,4.052221775054932
2954,0,0,1,3.4697186946868896
2955,0,0,1,3.561277389526367
2956,0,1,0,1.4083309173583984
2957,0,0,1,2.9291157722473145
2958,0,0,1,1.8212884664535522
2959,0,0,1,1.6413029432296753
2960,0,0,1,4.8301615715026855
2961,0,0,1,3.4462225437164307
2962,0,1,0,3.012576103210449
2963,0,0,1,3.0606229305267334
2964,0,1,0,2.7841944694519043
2965,0,0,1,2.5868093967437744
2966,0,0,1,7.8652119636535645
2967,0,1,0,1.869268536567688
2968,0,0,1,1.7836192846298218
2969,0,1,0,1.7497198581695557
2970,0,0,1,2.315035581588745
2971,0,0,1,3.6699748039245605
2972,0,0,1,5.032261848449707
2973,0,0,1,1.1026948690414429
2974,0,0,1,3.824117422103882
2975,0,0,1,5.538093090057373
2976,0,1,0,4.088726043701172
2977,0,0,1,0.6387223601341248
2978,0,0,1,2.5845448970794678
2979,0,1,0,2.3399839401245117
2980,0,0,1,0.33790966868400574
2981,0,0,1,1.997310996055603
2982,0,0,1,2.5783817768096924
2983,0,0,1,1.431943655014038
2984,0,0,1,1.0609146356582642
2985,0,0,1,1.9954355955123901
2986,0,1,0,2.900815963745117
2987,0,0,1,1.5046640634536743
2988,0,0,1,2.29789400100708
2989,0,0,1,1.6654373407363892
2990,0,1,0,0.4796333611011505
2991,0,0,1,4.045013904571533
2992,0,0,1,4.473445892333984
2993,0,0,1,0.7697877287864685
2994,0,1,0,0.25221312046051025
2995,0,0,1,0.7963952422142029
2996,0,1,0,0.9007135629653931
2997,0,0,1,0.2074287235736847
2998,0,0,1,1.403288722038269
2999,0,0,1,1.7391468286514282
3000,0,1,0,1.9820362329483032
3001,0,0,1,0.7760785222053528
3002,0,0,1,0.39444100856781006
3003,0,1,0,1.1012572050094604
3004,0,0,1,2.589517593383789
3005,0,0,1,3.851823091506958
3006,0,1,0,0.790550947189331
3007,0,0,1,2.9016973972320557
3008,0,0,1,0.45513057708740234
3009,0,1,0,2.178288221359253
3010,0,1,0,1.5367227792739868
3011,0,0,1,2.569894313812256
3012,0,0,1,1.4338573217391968
3013,0,0,1,5.021246433258057
3014,0,1,0,2.7865068912506104
3015,0,0,1,1.6319034099578857
3016,0,1,0,3.5206713676452637
3017,0,0,1,2.1605913639068604
3018,0,1,0,1.899796962738037
3019,0,0,1,3.437779664993286
3020,0,1,0,1.8451670408248901
3021,0,1,0,0.5084633827209473
3022,0,1,0,2.341700792312622
3023,0,0,1,2.8822522163391113
3024,0,0,1,1.7660341262817383
3025,0,0,1,0.4692995846271515
3026,0,0,1,0.9809897541999817
3027,0,0,1,0.28341031074523926
3028,0,0,1,3.0128300189971924
3029,0,1,0,1.3261240720748901
3030,0,0,1,3.9572250843048096
3031,0,1,0,1.218917727470398
3032,0,0,1,1.4758028984069824
3033,0,0,1,2.0963079929351807
3034,0,0,1,3.2954490184783936
3035,0,0,1,1.4398366212844849
3036,0,0,1,3.509591579437256
3037,0,0,1,2.963618755340576
3038,0,0,1,5.758652210235596
3039,0,0,1,2.23000431060791
3040,0,0,1,1.6916230916976929
3041,0,0,1,3.665034055709839
3042,0,0,1,3.927894353866577
3043,0,0,1,2.803593873977661
3044,0,1,0,1.799716830253601
3045,0,0,1,3.2150065898895264
3046,0,1,0,0.9770176410675049
3047,0,0,1,4.888729572296143
3048,0,0,1,10.275662422180176
3049,0,0,1,0.12435222417116165
3050,0,1,0,5.013955116271973
3051,0,0,1,1.7531439065933228
3052,0,0,1,1.0452497005462646
3053,0,0,1,0.5989075303077698
3054,0,0,1,2.921025514602661
3055,0,0,1,0.8521550297737122
3056,0,0,1,2.07080340385437
3057,0,1,0,3.156585216522217
3058,0,1,0,2.0614986419677734
3059,0,0,1,1.3971877098083496
3060,0,0,1,3.87215256690979
3061,0,1,0,1.2059228420257568
3062,0,0,1,2.2677206993103027
3063,0,0,1,4.9833245277404785
3064,0,0,1,0.9877939820289612
3065,0,0,1,0.9576291441917419
3066,0,1,0,2.303317070007324
3067,0,0,1,3.346480131149292
3068,0,0,1,3.2051868438720703
3069,0,0,1,1.5319186449050903
3070,0,0,1,4.495101451873779
3071,0,1,0,1.3993037939071655
3072,0,0,1,2.504829168319702
3073,0,1,0,0.6108216047286987
3074,0,0,1,0.9276843667030334
3075,0,1,0,2.308709144592285
3076,0,0,1,6.343429088592529
3077,0,0,1,2.3164260387420654
3078,0,1,0,1.5477644205093384
3079,0,1,0,0.6325520277023315
3080,0,1,0,0.6004067063331604
3081,0,1,0,0.6751630306243896
3082,0,0,1,2.3309290409088135
3083,0,1,0,0.506308913230896
3084,0,1,0,2.246002197265625
3085,0,0,1,2.0883026123046875
3086,0,0,1,6.072477340698242
3087,0,0,1,2.4223999977111816
3088,0,0,1,2.185750722885132
3089,0,0,1,0.9610608220100403
3090,0,1,0,0.7776248455047607
3091,0,0,1,0.472819447517395
3092,0,1,0,0.2934753894805908
3093,0,1,0,1.0580295324325562
3094,0,1,0,1.2347594499588013
3095,0,0,1,4.08745813369751
3096,0,0,1,1.5419195890426636
3097,0,0,1,2.100205898284912
3098,0,0,1,1.6042709350585938
3099,0,1,0,0.9581915140151978
3100,0,0,1,0.25627490878105164
3101,0,0,1,2.2970941066741943
3102,0,1,0,5.113399982452393
3103,0,0,1,1.3028194904327393
3104,0,0,1,1.5987797975540161
3105,0,0,1,0.9476149678230286
3106,0,0,1,3.635079860687256
3107,0,1,0,1.9849075078964233
3108,0,0,1,2.104404926300049
3109,0,0,1,0.7809814810752869
3110,0,1,0,2.234802722930908
3111,0,1,0,4.159478187561035
3112,0,0,1,1.2386025190353394
3113,0,0,1,0.22334042191505432
3114,0,0,1,1.3014811277389526
3115,0,0,1,2.257463216781616
3116,0,1,0,2.193753719329834
3117,0,1,0,0.9471924304962158
3118,0,0,1,5.121402263641357
3119,0,0,1,2.2329649925231934
3120,0,0,1,2.02703595161438
3121,0,0,1,2.1231884956359863
3122,0,0,1,1.9773247241973877
3123,0,0,1,2.2959771156311035
3124,0,0,1,1.029245376586914
3125,0,0,1,1.0325158834457397
3126,0,0,1,0.3595852255821228
3127,0,1,0,0.5320311784744263
3128,0,0,1,0.20919030904769897
3129,0,1,0,1.4054232835769653
3130,0,0,1,1.2534079551696777
3131,0,0,1,0.9222692847251892
3132,0,0,1,4.679294109344482
3133,0,0,1,2.254225015640259
3134,0,1,0,2.0471646785736084
3135,0,0,1,4.97816801071167
3136,0,0,1,1.0699517726898193
3137,0,0,1,0.2115817666053772
3138,0,1,0,2.638983964920044
3139,0,0,1,0.7845120429992676
3140,0,1,0,3.14011287689209
3141,0,0,1,3.442448616027832
3142,0,0,1,1.8429993391036987
3143,0,0,1,5.3501482009887695
3144,0,0,1,1.6525949239730835
3145,0,0,1,2.8076276779174805
3146,0,0,1,0.16483363509178162
3147,0,1,0,0.3746011555194855
3148,0,1,0,1.2890976667404175
3149,0,0,1,0.9822577834129333
3150,0,0,1,0.8086981177330017
3151,0,1,0,1.1985397338867188
3152,0,0,1,4.806972026824951
3153,0,1,0,1.28123939037323
3154,0,0,1,2.1172173023223877
3155,0,0,1,2.3388659954071045
3156,0,0,1,2.7770769596099854
3157,0,0,1,6.308971881866455
3158,0,1,0,0.2728351056575775
3159,0,1,0,1.4372121095657349
3160,0,0,1,5.509904384613037
3161,0,0,1,0.07879401743412018
3162,0,1,0,0.13887181878089905
3163,0,0,1,2.870335817337036
3164,0,0,1,3.742382764816284
3165,0,0,1,5.19404935836792
3166,0,0,1,6.999783515930176
3167,0,0,1,1.9329235553741455
3168,0,0,1,2.3586373329162598
3169,0,0,1,1.7334140539169312
3170,0,1,0,1.6191462278366089
3171,0,0,1,3.474977970123291
3172,0,0,1,1.018298864364624
3173,0,0,1,0.48069342970848083
3174,0,0,1,1.0304895639419556
3175,0,0,1,0.2794148027896881
3176,0,0,1,3.3725719451904297
3177,0,0,1,1.2323049306869507
3178,0,1,0,3.158794403076172
3179,0,1,0,2.991981029510498
3180,0,0,1,0.14780288934707642
3181,0,0,1,1.810215711593628
3182,0,0,1,0.47080180048942566
3183,0,1,0,1.2218862771987915
3184,0,0,1,1.6962264776229858
3185,0,0,1,4.09751558303833
3186,0,1,0,1.517207384109497
3187,0,0,1,2.7104129791259766
3188,0,0,1,2.330571413040161
3189,0,0,1,0.8933795094490051
3190,0,0,1,0.4256109297275543
3191,0,0,1,1.0592583417892456
3192,0,0,1,3.5970547199249268
3193,0,0,1,2.7356584072113037
3194,0,1,0,2.4570839405059814
3195,0,0,1,5.296844005584717
3196,0,0,1,2.441131591796875
3197,0,0,1,3.4090397357940674
3198,0,1,0,0.9020386934280396
3199,0,0,1,3.434490919113159
3200,0,1,0,0.9041087031364441
3201,0,0,1,0.8950348496437073
3202,0,1,0,0.9518458247184753
3203,0,0,1,1.6087011098861694
3204,0,1,0,2.9229655265808105
3205,0,0,1,1.6361780166625977
3206,0,0,1,5.827988147735596
3207,0,1,0,1.1124842166900635
3208,0,0,1,0.5439162850379944
3209,0,1,0,2.499643564224243
3210,0,1,0,0.6830045580863953
3211,0,0,1,2.053161859512329
3212,0,0,1,5.032553195953369
3213,0,0,1,0.5463079810142517
3214,0,0,1,1.5254602432250977
3215,0,0,1,4.167625904083252
3216,0,0,1,1.332019329071045
3217,0,1,0,0.5168514251708984
3218,0,1,0,0.46956583857536316
3219,0,1,0,0.683488667011261
3220,0,1,0,0.2296156883239746
3221,0,0,1,2.2964999675750732
3222,0,0,1,2.110992193222046
3223,0,0,1,0.41836124658584595
3224,0,0,1,4.200183868408203
3225,0,0,1,1.9341877698898315
3226,0,1,0,0.35651281476020813
3227,0,1,0,3.911559581756592
3228,0,1,0,3.325328826904297
3229,0,1,0,0.4321494400501251
3230,0,1,0,2.382504940032959
3231,0,1,0,4.332414627075195
3232,0,0,1,2.150184392929077
3233,0,0,1,2.8291945457458496
3234,0,0,1,2.154285430908203
3235,0,0,1,2.174311399459839
3236,0,0,1,3.617769241333008
3237,0,0,1,0.9142817854881287
3238,0,0,1,0.8175874352455139
3239,0,0,1,0.12891042232513428
3240,0,0,1,2.844369888305664
3241,0,0,1,3.5818357467651367
3242,0,1,0,0.4020080268383026
3243,0,0,1,1.8141556978225708
3244,0,0,1,2.0584726333618164
3245,0,1,0,1.5474516153335571
3246,0,1,0,2.98976993560791
3247,0,1,0,1.100375771522522
3248,0,0,1,1.353643536567688
3249,0,1,0,1.4753855466842651
3250,0,0,1,2.451284885406494
3251,0,0,1,0.2777063846588135
3252,0,0,1,2.2032315731048584
3253,0,0,1,3.555917978286743
3254,0,0,1,0.7023860812187195
3255,0,0,1,1.358601689338684
3256,0,1,0,0.4453114867210388
3257,0,0,1,0.8381885886192322
3258,0,1,0,1.1521652936935425
3259,0,0,1,2.0535385608673096
3260,0,0,1,0.3262643814086914
3261,0,0,1,2.963318109512329
3262,0,0,1,3.3812615871429443
3263,0,1,0,0.4181582033634186
3264,0,0,1,2.7179172039031982
3265,0,0,1,2.6593964099884033
3266,0,0,1,1.4561983346939087
3267,0,0,1,2.253767728805542
3268,0,0,1,3.1389920711517334
3269,0,1,0,0.10572756081819534
3270,0,1,0,4.556311130523682
3271,0,1,0,1.1312605142593384
3272,0,0,1,1.4426859617233276
3273,0,0,1,3.0406734943389893
3274,0,0,1,3.328690767288208
3275,0,1,0,0.308391809463501
3276,0,0,1,3.625345230102539
3277,0,1,0,1.4189258813858032
3278,0,0,1,2.960456132888794
3279,0,0,1,2.1471314430236816
3280,0,0,1,3.4339346885681152
3281,0,0,1,1.9604241847991943
3282,0,0,1,0.8319072723388672
3283,0,0,1,1.472629427909851
3284,0,0,1,3.02751088142395
3285,0,0,1,0.2632231116294861
3286,0,1,0,0.5980972051620483
3287,0,1,0,0.7586260437965393
3288,1,1,1,3.6614580154418945
3289,0,1,0,2.4261527061462402
3290,0,0,1,3.7058846950531006
3291,0,0,1,0.6447682976722717
3292,0,0,1,2.5680036544799805
3293,0,1,0,2.4908125400543213
3294,0,1,0,1.8091341257095337
3295,0,0,1,0.8600601553916931
3296,0,0,1,7.909432888031006
3297,0,0,1,0.2907017469406128
3298,0,0,1,3.566988706588745
3299,0,1,0,0.20187710225582123
3300,0,1,0,1.4265097379684448
3301,0,0,1,3.3422036170959473
3302,0,0,1,2.7549636363983154
3303,0,1,0,1.035314917564392
3304,0,0,1,0.9295701384544373
3305,0,0,1,2.006394863128662
3306,0,0,1,3.146648645401001
3307,0,0,1,2.5869290828704834
3308,0,1,0,0.28747090697288513
3309,0,1,0,2.1795494556427
3310,0,1,0,0.560144305229187
3311,0,0,1,4.2857232093811035
3312,0,0,1,3.9819109439849854
3313,0,0,1,4.980296611785889
3314,0,0,1,4.6812262535095215
3315,0,0,1,0.3052891194820404
3316,0,0,1,3.100393533706665
3317,0,0,1,4.504769325256348
3318,0,0,1,2.622737169265747
3319,0,1,0,0.6379672288894653
3320,0,0,1,2.386443614959717
3321,0,0,1,3.9597482681274414
3322,0,0,1,0.33293792605400085
3323,0,0,1,2.121671438217163
3324,0,0,1,0.7130851149559021
3325,0,0,1,5.112893104553223
3326,0,0,1,1.4788498878479004
3327,0,0,1,4.502475261688232
3328,0,0,1,1.5564769506454468
3329,0,0,1,6.33534574508667
3330,0,0,1,4.385977745056152
3331,0,1,0,0.6351251602172852
3332,0,0,1,4.8590850830078125
3333,0,1,0,0.26175591349601746
3334,0,1,0,0.7132408618927002
3335,0,1,0,0.3647105395793915
3336,0,1,0,0.36876651644706726
3337,0,1,0,1.9968717098236084
3338,0,0,1,3.075282096862793
3339,0,0,1,0.802943766117096
3340,0,0,1,6.1916422843933105
3341,0,0,1,3.3658812046051025
3342,0,0,1,1.4292863607406616
3343,0,0,1,1.824007272720337
3344,0,1,0,2.5582408905029297
3345,0,1,0,1.5678081512451172
3346,0,1,0,1.9389121532440186
3347,0,0,1,3.4621927738189697
3348,0,0,1,1.889147400856018
3349,0,0,1,3.664921283721924
3350,0,1,0,0.4175671637058258
3351,0,1,0,0.8611721396446228
3352,0,0,1,0.7083852887153625
3353,0,0,1,3.213381767272949
3354,0,0,1,0.8622860312461853
3355,0,0,1,2.5450947284698486
3356,0,0,1,0.257907897233963
3357,0,0,1,4.617751598358154
3358,0,0,1,3.1289563179016113
3359,0,0,1,0.8075907826423645
3360,0,1,0,1.056397795677185
3361,0,0,1,4.093992233276367
3362,0,1,0,0.2161479890346527
3363,0,0,1,2.8812601566314697
3364,0,1,0,0.33124586939811707
3365,0,1,0,3.5479509830474854
3366,0,0,1,0.7756309509277344
3367,0,1,0,0.5640754699707031
3368,0,0,1,2.9505748748779297
3369,0,1,0,0.7468193173408508
3370,0,0,1,3.77730393409729
3371,0,0,1,6.087830066680908
3372,0,1,0,2.709869623184204
3373,0,0,1,0.5630497336387634
3374,0,0,1,2.119580030441284
3375,0,1,0,0.354274719953537
3376,0,0,1,4.247810363769531
3377,0,0,1,4.638394832611084
3378,0,0,1,1.3503674268722534
3379,0,0,1,0.5302954316139221
3380,0,0,1,1.9093717336654663
3381,0,0,1,0.3781636357307434
3382,0,1,0,2.512650966644287
3383,0,1,0,0.29388412833213806
3384,0,1,0,3.5024309158325195
3385,0,1,0,2.146894693374634
3386,0,1,0,0.5576019287109375
3387,0,1,0,1.895390272140503
3388,0,0,1,1.2473260164260864
3389,0,0,1,2.0053389072418213
3390,0,0,1,2.899723529815674
3391,0,0,1,1.86016047000885
3392,0,0,1,1.891198992729187
3393,0,1,0,3.0170111656188965
3394,0,0,1,3.4653279781341553
3395,0,0,1,1.2823973894119263
3396,0,0,1,4.012466907501221
3397,0,0,1,1.1782968044281006
3398,0,1,0,4.0681538581848145
3399,0,1,0,0.6998661160469055
3400,0,0,1,1.4436062574386597
3401,0,0,1,1.4777114391326904
3402,0,1,0,3.819826126098633
3403,0,0,1,3.0878474712371826
3404,0,0,1,0.46738874912261963
3405,0,1,0,2.505805015563965
3406,0,1,0,3.1483702659606934
3407,0,0,1,0.9595234990119934
3408,0,1,0,0.5532664060592651
3409,0,0,1,1.5361835956573486
3410,0,0,1,1.868353247642517
3411,0,0,1,3.9215805530548096
3412,0,0,1,1.069729208946228
3413,0,0,1,1.1290169954299927
3414,0,0,1,0.42711570858955383
3415,0,0,1,1.0585612058639526
3416,0,0,1,1.763796091079712
3417,0,0,1,2.6000401973724365
3418,0,1,0,1.6405309438705444
3419,0,0,1,2.4026811122894287
3420,0,0,1,0.21146121621131897
3421,0,1,0,2.7199180126190186
3422,0,0,1,2.1695964336395264
3423,0,0,1,1.2163172960281372
3424,0,0,1,4.01061487197876
3425,0,0,1,2.500692129135132
3426,0,0,1,0.8120272755622864
3427,0,1,0,2.929633140563965
3428,0,1,0,0.8344032168388367
3429,0,0,1,0.7676622271537781
3430,0,1,0,2.078282356262207
3431,0,0,1,0.5959619283676147
3432,0,0,1,3.340906858444214
3433,0,1,0,0.7027290463447571
3434,0,0,1,0.4679657816886902
3435,0,0,1,1.492057204246521
3436,0,1,0,0.4125874638557434
3437,0,0,1,3.263867139816284
3438,0,0,1,3.737671136856079
3439,0,1,0,0.5189220905303955
3440,0,0,1,0.6571745872497559
3441,0,1,0,3.4469552040100098
3442,0,1,0,2.423471450805664
3443,0,0,1,0.617954432964325
3444,0,0,1,1.2662276029586792
3445,0,1,0,3.8760735988616943
3446,0,1,0,0.5080728530883789
3447,0,0,1,3.236896276473999
3448,0,1,0,3.294248342514038
3449,0,0,1,2.4849636554718018
3450,0,0,1,1.9009487628936768
3451,0,1,0,0.6337102651596069
3452,0,0,1,3.3336055278778076
3453,0,0,1,3.9577248096466064
3454,0,0,1,1.0134406089782715
3455,0,1,0,1.2146557569503784
3456,0,1,0,2.8447041511535645
3457,0,0,1,1.1820560693740845
3458,0,1,0,1.5239650011062622
3459,0,0,1,0.936371386051178
3460,0,1,0,1.1641184091567993
3461,0,1,0,0.3126380741596222
3462,0,1,0,0.1833079755306244
3463,0,1,0,1.2841659784317017
3464,0,1,0,1.7490531206130981
3465,0,1,0,1.6535724401474
3466,0,1,0,1.8024752140045166
3467,0,0,1,1.3945937156677246
3468,0,0,1,0.94809889793396
3469,0,0,1,1.5992473363876343
3470,0,0,1,4.5469255447387695
3471,0,0,1,0.44807279109954834
3472,0,1,0,0.8870069980621338
3473,0,1,0,1.811022400856018
3474,0,0,1,1.654649019241333
3475,0,0,1,4.9535956382751465
3476,0,1,0,0.8247402906417847
3477,0,1,0,1.3824846744537354
3478,0,0,1,3.1485934257507324
3479,0,0,1,0.1283961534500122
3480,0,0,1,1.453721523284912
3481,0,0,1,0.7080434560775757
3482,0,0,1,4.056621074676514
3483,0,0,1,2.1055543422698975
3484,0,0,1,2.137712001800537
3485,0,0,1,0.8341149687767029
3486,0,0,1,1.3462284803390503
3487,0,0,1,1.285690188407898
3488,0,1,0,1.8863946199417114
3489,0,0,1,2.715432643890381
3490,0,1,0,0.16855518519878387
3491,0,0,1,7.048203945159912
3492,0,1,0,0.6743134260177612
3493,0,0,1,2.1175858974456787
3494,0,0,1,0.8540738224983215
3495,0,0,1,4.365712642669678
3496,0,0,1,0.8859761357307434
3497,0,0,1,3.6037328243255615
3498,0,0,1,1.0437486171722412
3499,0,0,1,1.667575478553772
3500,0,0,1,0.8044909834861755
3501,0,1,0,0.256303608417511
3502,0,0,1,3.40492844581604
3503,0,0,1,1.5423513650894165
3504,0,0,1,2.118036985397339
3505,0,0,1,0.45933258533477783
3506,0,0,1,2.145427942276001
3507,0,0,1,2.922818422317505
3508,0,0,1,3.1960604190826416
3509,0,0,1,1.89944326877594
3510,0,0,1,1.5718332529067993
3511,0,0,1,4.26426362991333
3512,0,0,1,3.1789209842681885
3513,0,1,0,0.9706085920333862
3514,0,1,0,1.977918028831482
3515,0,0,1,4.733040809631348
3516,0,0,1,1.561469316482544
3517,0,0,1,8.008112907409668
3518,0,0,1,0.7941680550575256
3519,0,0,1,0.3729358911514282
3520,0,0,1,1.3018254041671753
3521,0,0,1,0.4760082960128784
3522,0,0,1,1.465380311012268
3523,0,1,0,0.7387451529502869
3524,0,1,0,1.9139032363891602
3525,0,0,1,2.2476155757904053
3526,0,0,1,6.062473297119141
3527,0,1,0,1.2140936851501465
3528,0,1,0,0.1715041548013687
3529,0,0,1,0.48125332593917847
3530,0,1,0,1.243420958518982
3531,0,0,1,0.346029669046402
3532,0,0,1,0.3108997344970703
3533,0,0,1,7.739022731781006
3534,0,0,1,5.265485763549805
3535,0,0,1,2.42594313621521
3536,0,0,1,4.128996849060059
3537,0,0,1,2.0651919841766357
3538,0,1,0,1.9440596103668213
3539,0,0,1,3.8449997901916504
3540,0,0,1,0.6392119526863098
3541,0,0,1,2.3221118450164795
3542,0,0,1,4.43065881729126
3543,0,1,0,0.6270091533660889
3544,0,0,1,0.4649694859981537
3545,0,0,1,2.0015575885772705
3546,0,0,1,5.3031463623046875
3547,0,0,1,2.574051856994629
3548,0,1,0,0.2579845190048218
3549,0,0,1,3.102910280227661
3550,0,0,1,5.416399955749512
3551,0,0,1,0.2939787805080414
3552,0,1,0,3.2416832447052
3553,0,0,1,3.194875955581665
3554,0,1,0,0.985572874546051
3555,0,0,1,1.891769528388977
3556,0,0,1,1.390051245689392
3557,0,0,1,1.493961215019226
3558,0,0,1,1.4137213230133057
3559,0,1,0,1.3527588844299316
3560,0,0,1,1.3358246088027954
3561,0,0,1,5.282182216644287
3562,0,0,1,4.004305362701416
3563,0,0,1,4.262871265411377
3564,0,0,1,0.15031087398529053
3565,0,1,0,2.3115105628967285
3566,0,0,1,0.41668951511383057
3567,0,1,0,2.3487389087677
3568,0,0,1,0.5967459082603455
3569,0,0,1,1.0131986141204834
3570,0,1,0,0.9146750569343567
3571,0,1,0,1.7159063816070557
3572,0,0,1,0.26474565267562866
3573,0,1,0,0.6109845638275146
3574,0,0,1,5.490540981292725
3575,0,0,1,3.9389288425445557
3576,0,0,1,0.6701259016990662
3577,0,0,1,1.5909687280654907
3578,0,0,1,1.1638782024383545
3579,0,0,1,1.592652440071106
3580,0,0,1,0.8844702243804932
3581,0,0,1,2.315669059753418
3582,0,0,1,1.774634838104248
3583,0,0,1,3.2376630306243896
3584,0,1,0,0.23097114264965057
3585,0,0,1,4.956348896026611
3586,0,0,1,4.825279712677002
3587,0,0,1,3.8619911670684814
3588,0,0,1,2.5343172550201416
3589,0,1,0,0.8010784983634949
3590,0,0,1,1.1553609371185303
3591,0,0,1,0.8294546604156494
3592,0,1,0,3.6324119567871094
3593,0,0,1,1.7174150943756104
3594,0,0,1,1.3153655529022217
3595,0,0,1,1.5703588724136353
3596,0,1,0,1.2015043497085571
3597,0,0,1,2.0195744037628174
3598,0,0,1,6.405749797821045
3599,0,0,1,2.8684542179107666
3600,0,0,1,2.0805115699768066
3601,0,0,1,2.7014718055725098
3602,0,0,1,4.451467990875244
3603,0,1,0,2.6005616188049316
3604,0,0,1,1.7402268648147583
3605,0,0,1,6.854635238647461
3606,0,0,1,2.298807382583618
3607,0,0,1,1.6286211013793945
3608,0,0,1,0.6317520141601562
3609,0,0,1,4.17523193359375
3610,0,1,0,0.3331317901611328
3611,0,0,1,7.095376014709473
3612,0,0,1,3.6862146854400635
3613,0,0,1,2.749709367752075
3614,0,0,1,3.4556031227111816
3615,0,0,1,4.186707496643066
3616,0,0,1,0.9027118682861328
3617,0,1,0,0.9180917739868164
3618,0,1,0,1.636945128440857
3619,0,0,1,1.5606454610824585
3620,0,1,0,0.814167320728302
3621,0,0,1,2.7595410346984863
3622,0,0,1,0.43161654472351074
3623,0,0,1,1.2173327207565308
3624,0,1,0,3.323157787322998
3625,0,1,0,0.4208637773990631
3626,0,0,1,4.1339240074157715
3627,0,0,1,1.2888433933258057
3628,0,0,1,6.926022052764893
3629,0,0,1,1.750928521156311
3630,0,0,1,4.5474534034729
3631,0,0,1,4.59949254989624
3632,0,0,1,6.593635082244873
3633,0,0,1,4.623612880706787
3634,0,0,1,1.7134135961532593
3635,0,0,1,0.6629429459571838
3636,0,0,1,5.522188663482666
3637,0,0,1,1.0578619241714478
3638,0,0,1,2.1215057373046875
3639,0,0,1,0.9027653336524963
3640,0,0,1,0.28499627113342285
3641,0,0,1,4.393593788146973
3642,0,0,1,0.23450171947479248
3643,0,0,1,1.0746445655822754
3644,0,0,1,0.6107845902442932
3645,0,1,0,0.5681382417678833
3646,0,0,1,2.433553457260132
3647,0,0,1,0.8754206299781799
3648,0,0,1,0.30858057737350464
3649,0,0,1,2.1812689304351807
3650,0,1,0,0.9080644845962524
3651,0,0,1,2.4243953227996826
3652,0,1,0,0.3899844288825989
3653,0,1,0,1.7157025337219238
3654,0,1,0,0.33651816844940186
3655,0,0,1,0.6546455025672913
3656,0,0,1,2.1405112743377686
3657,0,0,1,0.31678804755210876
3658,0,1,0,1.082953929901123
3659,0,0,1,4.630198001861572
3660,0,0,1,0.9368407130241394
3661,0,1,0,1.1617004871368408
3662,0,0,1,4.544328212738037
3663,0,1,0,2.2184579372406006
3664,0,1,0,1.9907222986221313
3665,0,0,1,0.20154845714569092
3666,0,1,0,4.660587787628174
3667,0,1,0,0.20236513018608093
3668,0,1,0,2.782716751098633
3669,0,1,0,2.871035099029541
3670,0,1,0,3.7387824058532715
3671,0,1,0,2.042520523071289
3672,0,0,1,1.0826958417892456
3673,0,0,1,7.327213764190674
3674,0,1,0,0.923120379447937
3675,0,1,0,2.38348388671875
3676,0,0,1,4.783126354217529
3677,0,1,0,4.5258026123046875
3678,0,0,1,1.6835215091705322
3679,0,0,1,1.9418374300003052
3680,0,1,0,1.3390706777572632
3681,0,0,1,5.077475547790527
3682,0,0,1,1.4423049688339233
3683,0,0,1,0.13144904375076294
3684,0,0,1,2.0831756591796875
3685,0,0,1,4.048891544342041
3686,0,0,1,0.226487934589386
3687,0,1,0,0.48393353819847107
3688,0,0,1,1.6996972560882568
3689,0,0,1,2.275245189666748
3690,0,0,1,0.18065693974494934
3691,0,1,0,0.22058656811714172
3692,0,0,1,3.4657785892486572
3693,0,1,0,1.3984230756759644
3694,0,0,1,0.4868205189704895
3695,0,0,1,4.36136531829834
3696,0,1,0,0.7397281527519226
3697,0,0,1,4.711752414703369
3698,0,0,1,4.202671051025391
3699,0,0,1,5.038317680358887
3700,0,1,0,2.1963536739349365
3701,0,1,0,1.3984581232070923
3702,0,1,0,1.0556241273880005
3703,0,0,1,2.3059723377227783
3704,0,1,0,0.7454251646995544
3705,0,0,1,0.20163458585739136
3706,0,0,1,1.7691550254821777
3707,0,0,1,2.9718406200408936
3708,0,0,1,2.389507532119751
3709,0,0,1,4.882328033447266
3710,0,0,1,2.3432066440582275
3711,0,0,1,2.4634056091308594
3712,0,1,0,0.6706364154815674
3713,0,1,0,0.4883938729763031
3714,0,0,1,0.7665503621101379
3715,0,1,0,1.2443846464157104
3716,0,0,1,0.6756805777549744
3717,0,1,0,0.28192833065986633
3718,0,0,1,0.30681470036506653
3719,0,0,1,1.9133750200271606
3720,0,0,1,1.5793671607971191
3721,0,1,0,1.6566578149795532
3722,0,0,1,2.4451777935028076
3723,0,0,1,0.4646953344345093
3724,0,0,1,1.3591035604476929
3725,0,1,0,0.9350382089614868
3726,0,0,1,3.3269083499908447
3727,0,0,1,0.9208598732948303
3728,0,1,0,0.14483612775802612
3729,0,0,1,6.665354251861572
3730,0,0,1,0.7319110035896301
3731,0,0,1,0.933977484703064
3732,0,0,1,0.7627471685409546
3733,0,1,0,0.5901424884796143
3734,0,1,0,0.4771741032600403
3735,0,0,1,2.0297648906707764
3736,0,1,0,1.0464524030685425
3737,0,0,1,2.856926679611206
3738,0,0,1,1.726630449295044
3739,0,1,0,0.23494762182235718
3740,0,0,1,4.117908954620361
3741,0,0,1,1.9519786834716797
3742,0,0,1,1.3344817161560059
3743,0,0,1,5.318897247314453
3744,0,0,1,6.894620418548584
3745,0,0,1,3.4351799488067627
3746,0,0,1,1.1549654006958008
3747,0,0,1,3.049473285675049
3748,0,1,0,4.967099189758301
3749,0,1,0,1.8023401498794556
3750,0,0,1,0.6020476818084717
3751,0,0,1,4.253647804260254
3752,0,0,1,1.348352313041687
3753,0,0,1,0.822827935218811
3754,0,0,1,0.29815220832824707
3755,0,0,1,2.591355085372925
3756,0,1,0,4.102557182312012
3757,0,1,0,2.816727876663208
3758,0,1,0,1.8687764406204224
3759,0,0,1,0.14327764511108398
3760,0,0,1,5.753122806549072
3761,0,0,1,2.6648106575012207
3762,0,1,0,2.158956289291382
3763,0,0,1,1.2130550146102905
3764,0,0,1,5.030325889587402
3765,0,0,1,0.5636134743690491
3766,0,0,1,2.6554577350616455
3767,0,1,0,0.5462245941162109
3768,0,0,1,0.5275073051452637
3769,0,1,0,2.119490146636963
3770,0,0,1,1.1354402303695679
3771,0,0,1,1.6594747304916382
3772,0,0,1,0.5884832739830017
3773,0,1,0,1.9513814449310303
3774,0,0,1,2.5740807056427
3775,0,1,0,0.8725974559783936
3776,0,0,1,0.5351199507713318
3777,0,0,1,2.128955602645874
3778,0,0,1,2.7018020153045654
3779,0,0,1,3.624981641769409
3780,0,0,1,2.114471673965454
3781,0,1,0,1.788359522819519
3782,0,0,1,2.9421017169952393
3783,0,0,1,4.581888198852539
3784,0,1,0,0.3870914876461029
3785,0,1,0,0.7130711674690247
3786,0,0,1,0.8295724987983704
3787,0,0,1,4.502464294433594
3788,0,0,1,3.0833992958068848
3789,0,0,1,0.5544037222862244
3790,0,0,1,0.916422963142395
3791,0,0,1,2.561537504196167
3792,0,0,1,2.013962984085083
3793,0,0,1,2.3177950382232666
3794,0,0,1,0.6176274418830872
3795,0,0,1,0.922203004360199
3796,0,0,1,0.3553956151008606
3797,0,0,1,0.3716620206832886
3798,0,0,1,3.4073946475982666
3799,0,0,1,2.2999391555786133
3800,0,0,1,2.0212457180023193
3801,0,0,1,4.033055305480957
3802,0,0,1,6.277246952056885
3803,0,0,1,0.994325578212738
3804,0,1,0,0.6265552639961243
3805,0,0,1,3.1257247924804688
3806,0,0,1,2.942375421524048
3807,0,0,1,3.7849643230438232
3808,0,1,0,0.8878016471862793
3809,0,0,1,0.8636751174926758
3810,0,0,1,2.0446953773498535
3811,0,0,1,1.7823256254196167
3812,0,1,0,0.32796511054039
3813,0,0,1,7.5817694664001465
3814,0,0,1,0.34898802638053894
3815,0,1,0,1.4304300546646118
3816,0,0,1,1.9026854038238525
3817,0,0,1,0.8565941452980042
3818,0,0,1,6.865419864654541
3819,0,0,1,4.497867107391357
3820,0,1,0,0.2185782492160797
3821,0,1,0,0.6376805305480957
3822,0,0,1,1.6545692682266235
3823,0,1,0,2.4518508911132812
3824,0,0,1,1.9152817726135254
3825,0,1,0,0.8906091451644897
3826,0,0,1,0.5241199135780334
3827,0,0,1,0.934985339641571
3828,0,1,0,1.3910953998565674
3829,0,0,1,0.20374900102615356
3830,0,0,1,5.333732604980469
3831,0,1,0,0.31970036029815674
3832,0,0,1,1.7477178573608398
3833,0,0,1,2.836970567703247
3834,0,0,1,0.6047196984291077
3835,0,1,0,3.338667869567871
3836,0,0,1,2.825946569442749
3837,0,0,1,4.224573135375977
3838,0,0,1,0.3397589921951294
3839,0,0,1,2.0179569721221924
3840,0,0,1,2.354816198348999
3841,0,0,1,0.6261324286460876
3842,0,0,1,3.3321244716644287
3843,0,0,1,2.0594213008880615
3844,0,0,1,1.1703407764434814
3845,0,1,0,0.46458908915519714
3846,0,0,1,3.1676278114318848
3847,0,0,1,7.091838836669922
3848,0,0,1,3.142530679702759
3849,0,0,1,2.881493330001831
3850,0,0,1,3.9431087970733643
3851,0,0,1,3.6342813968658447
3852,0,1,0,2.396529197692871
3853,0,0,1,5.4559783935546875
3854,0,1,0,2.1098644733428955
3855,0,0,1,2.39906907081604
3856,0,0,1,1.930306077003479
3857,0,1,0,0.34504982829093933
3858,0,1,0,1.0026390552520752
3859,0,0,1,0.31969425082206726
3860,0,0,1,4.185799598693848
3861,0,0,1,6.177082538604736
3862,0,1,0,2.679673194885254
3863,0,0,1,0.39461061358451843
3864,0,0,1,1.3301688432693481
3865,0,0,1,1.0159838199615479
3866,0,0,1,2.975191831588745
3867,0,0,1,4.876620292663574
3868,0,0,1,3.1641287803649902
3869,0,0,1,1.7629269361495972
3870,0,0,1,1.3192765712738037
3871,0,1,0,1.7627919912338257
3872,0,1,0,0.39762410521507263
3873,0,0,1,3.3384759426116943
3874,0,0,1,1.8122085332870483
3875,0,0,1,5.020237445831299
3876,0,0,1,0.5140892863273621
3877,0,0,1,1.9390077590942383
3878,0,1,0,2.654791831970215
3879,0,0,1,2.5992133617401123
3880,0,0,1,0.3677546977996826
3881,0,0,1,5.271625995635986
3882,0,0,1,0.9806205630302429
3883,0,1,0,0.2005663365125656
3884,0,1,0,1.428824543952942
3885,0,0,1,1.8086892366409302
3886,0,1,0,2.0617547035217285
3887,0,1,0,1.063671588897705
3888,0,1,0,0.2602112293243408
3889,0,0,1,4.349856376647949
3890,0,0,1,4.238633632659912
3891,0,0,1,4.091297149658203
3892,0,1,0,0.4563239812850952
3893,0,0,1,1.2846978902816772
3894,0,0,1,2.517017126083374
3895,0,0,1,2.2207462787628174
3896,0,0,1,2.210270643234253
3897,0,0,1,3.042060136795044
3898,0,0,1,7.589890956878662
3899,0,1,0,1.252699375152588
3900,0,0,1,1.1538223028182983
3901,0,1,0,1.087681531906128
3902,0,1,0,0.31120747327804565
3903,0,1,0,0.6518093347549438
3904,0,1,0,3.168895721435547
3905,0,1,0,2.2729740142822266
3906,0,0,1,2.2790348529815674
3907,0,1,0,2.6431429386138916
3908,0,1,0,1.2096108198165894
3909,0,1,0,2.2177419662475586
3910,0,0,1,5.727587699890137
3911,0,1,0,1.153948426246643
3912,0,0,1,1.3807114362716675
3913,0,0,1,4.374456882476807
3914,0,0,1,3.4931154251098633
3915,0,0,1,8.546104431152344
3916,0,0,1,2.9920108318328857
3917,0,1,0,1.7673012018203735
3918,0,1,0,0.5391409397125244
3919,0,0,1,6.513093948364258
3920,0,1,0,0.5033553838729858
3921,0,0,1,2.1923580169677734
3922,0,0,1,0.2712878882884979
3923,0,1,0,0.2592812478542328
3924,0,1,0,1.0576808452606201
3925,0,1,0,2.655120611190796
3926,0,0,1,1.0571550130844116
3927,0,1,0,0.8524296283721924
3928,0,1,0,1.730972409248352
3929,0,1,0,1.7002559900283813
3930,0,1,0,0.9224246740341187
3931,0,0,1,1.7589401006698608
3932,0,0,1,2.2596018314361572
3933,0,0,1,0.7043206095695496
3934,0,0,1,6.101170063018799
3935,0,0,1,1.273164987564087
3936,0,0,1,4.110651969909668
3937,0,1,0,0.9574020504951477
3938,0,0,1,0.9370737075805664
3939,0,0,1,0.14292624592781067
3940,0,1,0,3.3114514350891113
3941,0,0,1,3.4702868461608887
3942,0,1,0,2.102323293685913
3943,0,0,1,0.6194173097610474
3944,0,1,0,0.5575722455978394
3945,0,0,1,1.663638949394226
3946,0,1,0,1.1098941564559937
3947,0,0,1,1.9961549043655396
3948,0,1,0,0.4929843246936798
3949,0,0,1,4.429315090179443
3950,0,1,0,0.49589237570762634
3951,0,0,1,1.0579038858413696
3952,0,0,1,4.563805103302002
3953,0,0,1,7.137302875518799
3954,0,0,1,2.938854455947876
3955,0,0,1,3.8560335636138916
3956,0,1,0,0.8012495636940002
3957,0,1,0,0.410041868686676
3958,0,1,0,3.0547122955322266
3959,0,1,0,0.7494665384292603
3960,0,1,0,2.2159714698791504
3961,0,1,0,1.5307965278625488
3962,0,1,0,0.8759716749191284
3963,0,1,0,1.9519330263137817
3964,0,0,1,1.8779858350753784
3965,0,1,0,0.5882682800292969
3966,0,1,0,0.8252182602882385
3967,0,1,0,0.32280880212783813
3968,0,0,1,0.7334466576576233
3969,0,1,0,1.748007893562317
3970,0,1,0,1.4255746603012085
3971,0,0,1,1.9100362062454224
3972,0,0,1,1.3878737688064575
3973,0,1,0,1.6796070337295532
3974,0,1,0,2.560023546218872
3975,0,0,1,4.321876525878906
3976,0,0,1,1.917249083518982
3977,0,0,1,1.6150885820388794
3978,0,0,1,5.815876483917236
3979,0,0,1,1.9629899263381958
3980,0,0,1,6.342678546905518
3981,0,0,1,4.002090930938721
3982,0,1,0,0.7673598527908325
3983,0,0,1,0.980984628200531
3984,0,1,0,0.7063877582550049
3985,0,0,1,0.438782274723053
3986,0,0,1,2.375070810317993
3987,0,0,1,3.200470209121704
3988,0,0,1,0.12014863640069962
3989,0,0,1,4.921453952789307
3990,0,0,1,4.233653545379639
3991,0,0,1,3.0485355854034424
3992,0,0,1,1.379435658454895
3993,0,1,0,0.5784931182861328
3994,0,0,1,5.91206693649292
3995,0,0,1,4.4520745277404785
3996,0,1,0,2.8604624271392822
3997,0,0,1,1.1134120225906372
3998,0,0,1,4.2135396003723145
3999,0,0,1,0.3322661221027374
4000,0,0,1,2.4257242679595947
4001,0,0,1,1.4922301769256592
4002,0,0,1,2.920525550842285
4003,0,0,1,3.4043562412261963
4004,0,1,0,0.24501414597034454
4005,0,0,1,0.7858260273933411
4006,0,0,1,5.56483793258667
4007,0,0,1,0.25121885538101196
4008,0,0,1,0.7818677425384521
4009,0,0,1,2.933504819869995
4010,0,0,1,2.599609613418579
4011,0,0,1,1.3179974555969238
4012,0,1,0,2.6196000576019287
4013,0,0,1,0.224890798330307
4014,0,0,1,3.8563127517700195
4015,0,1,0,2.20166015625
4016,0,0,1,2.6625607013702393
4017,0,0,1,2.8179550170898438
4018,0,0,1,0.7831529974937439
4019,0,0,1,0.6834122538566589
4020,0,0,1,1.6889350414276123
4021,0,0,1,0.3676128685474396
4022,0,1,0,0.25260114669799805
4023,0,0,1,3.104236364364624
4024,0,0,1,3.4841315746307373
4025,0,1,0,0.5278617143630981
4026,0,0,1,1.0743818283081055
4027,0,0,1,3.15409779548645
4028,0,1,0,0.34531205892562866
4029,0,0,1,0.43974167108535767
4030,0,0,1,1.7785829305648804
4031,0,0,1,3.3283145427703857
4032,0,1,0,0.15063796937465668
4033,0,0,1,0.8880168199539185
4034,0,1,0,1.7577579021453857
4035,0,0,1,4.201235771179199
4036,0,1,0,1.4014924764633179
4037,0,1,0,1.751665711402893
4038,0,0,1,1.0030747652053833
4039,0,1,0,2.2504796981811523
4040,0,1,0,1.843143105506897
4041,0,1,0,0.23043228685855865
4042,0,0,1,3.0663022994995117
4043,0,0,1,3.864137649536133
4044,0,0,1,2.0771658420562744
4045,0,0,1,4.371155261993408
4046,0,1,0,0.8905420899391174
4047,0,0,1,1.285992980003357
4048,0,0,1,2.0292632579803467
4049,0,0,1,1.5754096508026123
4050,0,0,1,5.23549222946167
4051,0,0,1,1.0354044437408447
4052,0,0,1,0.9863088726997375
4053,0,0,1,3.3665454387664795
4054,0,0,1,6.162528038024902
4055,0,0,1,2.089002847671509
4056,0,0,1,2.8395907878875732
4057,0,0,1,0.37004750967025757
4058,0,1,0,0.12942875921726227
4059,0,0,1,1.633070468902588
4060,0,0,1,0.4537985324859619
4061,0,0,1,4.1876912117004395
4062,0,0,1,5.710093021392822
4063,0,0,1,2.9223878383636475
4064,0,1,0,4.292059898376465
4065,0,0,1,0.4436720907688141
4066,0,0,1,5.13411808013916
4067,0,0,1,3.82709002494812
4068,0,0,1,3.1396472454071045
4069,0,0,1,4.4010701179504395
4070,0,0,1,1.0684289932250977
4071,0,0,1,1.9209729433059692
4072,0,0,1,0.6020358800888062
4073,0,0,1,1.236441731452942
4074,0,1,0,0.9789048433303833
4075,0,1,0,1.2355953454971313
4076,0,0,1,0.8580226898193359
4077,0,0,1,4.754091739654541
4078,0,0,1,2.312457799911499
4079,0,1,0,1.667016863822937
4080,0,0,1,2.953582286834717
4081,0,0,1,0.7616098523139954
4082,0,1,0,0.1566276252269745
4083,0,1,0,2.2337934970855713
4084,0,0,1,1.0137361288070679
4085,0,0,1,1.1196109056472778
4086,0,1,0,0.30035123229026794
4087,0,1,0,0.35651323199272156
4088,0,0,1,1.6550828218460083
4089,0,0,1,1.4058133363723755
4090,0,0,1,0.5999621152877808
4091,0,0,1,0.06614667177200317
4092,0,0,1,1.9124785661697388
4093,0,1,0,2.6350622177124023
4094,0,1,0,0.6578330993652344
4095,0,1,0,0.6442331075668335
4096,0,0,1,1.3903816938400269
4097,0,0,1,5.9987969398498535
4098,0,0,1,0.8596221804618835
4099,0,1,0,1.070011854171753
4100,0,0,1,0.4680936336517334
4101,0,0,1,1.594612717628479
4102,0,1,0,1.6706088781356812
4103,0,1,0,0.19793406128883362
4104,0,0,1,2.1606216430664062
4105,0,0,1,6.747201442718506
4106,0,0,1,7.165345668792725
4107,0,0,1,1.5543864965438843
4108,0,1,0,0.5471224784851074
4109,0,0,1,0.5367710590362549
4110,0,1,0,0.08111447840929031
4111,0,0,1,1.9873987436294556
4112,0,1,0,1.0549362897872925
4113,0,1,0,2.7139556407928467
4114,0,0,1,2.963592529296875
4115,0,0,1,3.41980242729187
4116,0,0,1,6.038653373718262
4117,0,0,1,1.0000618696212769
4118,0,0,1,10.38294506072998
4119,0,1,0,0.28280046582221985
4120,0,1,0,0.6066703796386719
4121,0,1,0,2.6661176681518555
4122,0,1,0,3.85968017578125
4123,0,0,1,4.026711940765381
4124,0,0,1,6.132631778717041
4125,0,1,0,0.43446147441864014
4126,0,0,1,4.035669326782227
4127,0,0,1,5.624181270599365
4128,0,1,0,4.18432092666626
4129,0,0,1,4.656087875366211
4130,0,1,0,3.8573508262634277
4131,0,1,0,3.423801898956299
4132,0,0,1,2.668760061264038
4133,0,0,1,3.2175240516662598
4134,0,1,0,1.4243736267089844
4135,0,1,0,1.048742651939392
4136,0,0,1,7.9467854499816895
4137,0,0,1,3.06083083152771
4138,0,0,1,1.7209731340408325
4139,0,0,1,1.173788070678711
4140,0,0,1,1.2274911403656006
4141,0,0,1,4.022031307220459
4142,0,1,0,1.379133701324463
4143,0,0,1,0.2182292640209198
4144,0,0,1,3.7820956707000732
4145,0,1,0,1.006761074066162
4146,0,0,1,1.5592210292816162
4147,0,0,1,3.107999324798584
4148,0,1,0,1.2815096378326416
4149,0,0,1,6.021605968475342
4150,0,1,0,3.7100491523742676
4151,0,1,0,0.6353694796562195
4152,0,1,0,2.0973246097564697
4153,0,1,0,2.560713291168213
4154,0,0,1,2.9169557094573975
4155,0,0,1,1.575953722000122
4156,0,0,1,2.511521577835083
4157,0,0,1,2.4138312339782715
4158,0,1,0,0.6711564064025879
4159,0,1,0,1.1578916311264038
4160,0,0,1,1.4320068359375
4161,0,0,1,2.1374242305755615
4162,0,0,1,2.3361921310424805
4163,0,1,0,3.7505042552948
4164,0,0,1,0.2768527567386627
4165,0,0,1,4.746257305145264
4166,0,0,1,5.110001087188721
4167,0,0,1,1.2577165365219116
4168,0,0,1,0.4025125205516815
4169,0,0,1,3.015481948852539
4170,0,0,1,2.36315655708313
4171,0,1,0,1.280555009841919
4172,0,1,0,1.159932255744934
4173,0,1,0,0.6820150017738342
4174,0,0,1,2.266122579574585
4175,0,0,1,6.18047571182251
4176,0,0,1,3.6595218181610107
4177,0,1,0,2.1767492294311523
4178,0,0,1,2.2939326763153076
4179,0,1,0,2.271829128265381
4180,0,0,1,0.5549915432929993
4181,0,0,1,0.9391922354698181
4182,0,0,1,2.7913131713867188
4183,0,0,1,4.2241034507751465
4184,0,0,1,0.8408597707748413
4185,0,0,1,1.3862850666046143
4186,0,1,0,0.1281169205904007
4187,0,0,1,4.889270305633545
4188,0,1,0,1.308388113975525
4189,0,0,1,2.1318986415863037
4190,0,0,1,5.17105770111084
4191,0,0,1,1.7703001499176025
4192,0,0,1,2.708477735519409
4193,0,0,1,0.2972148358821869
4194,0,0,1,0.15027019381523132
4195,0,0,1,0.9999666810035706
4196,0,1,0,1.28059720993042
4197,0,0,1,1.7199413776397705
4198,0,0,1,1.8570467233657837
4199,0,1,0,1.1772843599319458
4200,0,0,1,2.780001640319824
4201,0,0,1,0.7529628276824951
4202,0,0,1,4.364909648895264
4203,0,0,1,0.2472379505634308
4204,0,0,1,5.033408164978027
4205,0,1,0,0.7930160760879517
4206,0,0,1,1.4016802310943604
4207,0,0,1,0.36606770753860474
4208,0,0,1,1.0192475318908691
4209,0,0,1,4.7531232833862305
4210,0,0,1,1.5928785800933838
4211,0,0,1,3.7529571056365967
4212,0,1,0,1.0984421968460083
4213,0,0,1,0.41483229398727417
4214,0,1,0,1.1036051511764526
4215,0,0,1,0.4660688042640686
4216,0,1,0,0.9044897556304932
4217,0,0,1,2.8073179721832275
4218,0,0,1,3.045348882675171
4219,0,1,0,2.2611727714538574
4220,0,0,1,5.295308589935303
4221,0,0,1,0.5646182894706726
4222,0,1,0,0.8887248635292053
4223,0,1,0,0.1672387272119522
4224,0,1,0,1.201314091682434
4225,0,0,1,3.990999937057495
4226,0,1,0,1.4015108346939087
4227,0,0,1,0.598419189453125
4228,0,0,1,0.402697890996933
4229,0,1,0,1.2617013454437256
4230,0,0,1,1.2056983709335327
4231,0,0,1,0.2856307923793793
4232,0,0,1,5.774588584899902
4233,0,0,1,0.7539217472076416
4234,0,1,0,2.5857481956481934
4235,0,0,1,5.679018974304199
4236,0,0,1,0.1660752296447754
4237,0,1,0,0.45677128434181213
4238,0,0,1,5.110678672790527
4239,0,0,1,0.4865490198135376
4240,0,1,0,1.6878061294555664
4241,0,1,0,0.17816731333732605
4242,0,0,1,3.0809481143951416
4243,0,0,1,2.455033540725708
4244,0,0,1,2.4983766078948975
4245,0,0,1,5.345028400421143
4246,0,1,0,0.29308179020881653
4247,0,0,1,2.631464719772339
4248,0,0,1,0.24381184577941895
4249,0,0,1,0.9842788577079773
4250,0,0,1,3.625680685043335
4251,0,0,1,4.477555274963379
4252,0,0,1,0.7598591446876526
4253,0,0,1,0.3554720878601074
4254,0,1,0,0.4534868896007538
4255,0,0,1,2.7109663486480713
4256,0,1,0,1.922120213508606
4257,0,1,0,0.34529560804367065
4258,0,1,0,1.9677855968475342
4259,0,0,1,4.129175662994385
4260,0,0,1,3.3982253074645996
4261,0,0,1,1.9705218076705933
4262,0,1,0,0.41701820492744446
4263,0,1,0,0.7277106046676636
4264,0,0,1,4.938631057739258
4265,0,0,1,3.510929584503174
4266,0,1,0,0.634150505065918
4267,0,0,1,0.13082382082939148
4268,0,1,0,0.43669283390045166
4269,0,0,1,0.804841935634613
4270,0,0,1,1.4285714626312256
4271,0,0,1,0.9448657035827637
4272,0,0,1,1.7817963361740112
4273,0,1,0,1.1914997100830078
4274,0,0,1,1.9317175149917603
4275,0,1,0,0.5331802368164062
4276,0,1,0,1.3469221591949463
4277,0,0,1,2.342205286026001
4278,0,1,0,0.14937807619571686
4279,0,0,1,0.2161860167980194
4280,0,0,1,2.1007630825042725
4281,0,0,1,1.9037443399429321
4282,0,0,1,2.9112563133239746
4283,0,0,1,4.280921459197998
4284,0,0,1,2.0128700733184814
4285,0,0,1,0.5155479907989502
4286,0,0,1,2.3782877922058105
4287,0,0,1,2.288116216659546
4288,0,0,1,3.7587642669677734
4289,0,0,1,0.2763967216014862
4290,0,1,0,0.9427784085273743
4291,0,0,1,0.5415286421775818
4292,0,1,0,1.079229712486267
4293,0,1,0,0.5741404294967651
4294,0,0,1,1.9029961824417114
4295,0,0,1,2.830681562423706
4296,0,0,1,0.4194209575653076
4297,0,0,1,3.7636163234710693
4298,0,0,1,1.9356176853179932
4299,0,1,0,1.3874059915542603
4300,0,0,1,0.3685215711593628
4301,0,1,0,0.43377530574798584
4302,0,0,1,0.5750875473022461
4303,0,1,0,0.8289319276809692
4304,0,0,1,2.0557193756103516
4305,0,0,1,4.624481678009033
