sample_idx,true_label,pred_label,correct,confidence
0,1,0,0,0.08769000321626663
1,1,0,0,0.8340362906455994
2,1,1,1,0.14107610285282135
3,1,0,0,-0.11973642557859421
4,1,1,1,0.0579492449760437
5,1,1,1,0.0794241800904274
6,1,0,0,1.2563399076461792
7,1,1,1,-0.23201553523540497
8,1,0,0,0.23795753717422485
9,1,1,1,-0.007326990365982056
10,1,0,0,6.451135635375977
11,1,1,1,3.392145872116089
12,1,1,1,0.5228391289710999
13,1,1,1,-0.15121445059776306
14,1,1,1,0.6722730398178101
15,1,0,0,8.485302925109863
16,1,0,0,1.0783833265304565
17,1,1,1,1.9243444204330444
18,1,0,0,-0.12816587090492249
19,1,0,0,1.5550392866134644
20,1,1,1,0.45343026518821716
21,1,0,0,0.0912267193198204
22,1,0,0,3.31477952003479
23,1,1,1,0.6262141466140747
24,1,0,0,1.4449374675750732
25,1,1,1,0.1775985211133957
26,1,0,0,10.911815643310547
27,1,0,0,0.2633766233921051
28,1,0,0,5.27752161026001
29,1,1,1,1.1687718629837036
30,1,1,1,1.9672958850860596
31,1,1,1,0.3184717893600464
32,1,1,1,0.805708646774292
33,1,1,1,0.7709676027297974
34,1,1,1,1.3934576511383057
35,1,1,1,-0.036651693284511566
36,1,1,1,0.3570680022239685
37,1,0,0,-0.1438390612602234
38,1,0,0,0.5500755310058594
39,1,1,1,1.0986740589141846
40,1,1,1,0.5788283944129944
41,1,1,1,3.2791900634765625
42,1,0,0,1.8354055881500244
43,1,1,1,2.31003737449646
44,1,1,1,3.5000929832458496
45,1,1,1,4.233768463134766
46,1,1,1,2.369638204574585
47,1,0,0,0.5640980005264282
48,1,1,1,1.1686838865280151
49,1,1,1,5.802182197570801
50,1,1,1,0.6827070116996765
51,1,0,0,0.32374438643455505
52,1,1,1,0.9842855930328369
53,1,1,1,1.5539600849151611
54,1,0,0,0.27909812331199646
55,1,0,0,0.4759475886821747
56,1,1,1,0.29751232266426086
57,1,1,1,1.5693724155426025
58,1,1,1,1.062140703201294
59,1,1,1,2.3216536045074463
60,1,1,1,1.9412670135498047
61,1,0,0,2.574504852294922
62,1,1,1,1.397836446762085
63,1,0,0,3.3374407291412354
64,1,0,0,1.5686575174331665
65,1,1,1,3.794996738433838
66,1,0,0,0.6456531286239624
67,1,1,1,2.7292861938476562
68,1,0,0,0.7557323575019836
69,1,1,1,3.6488656997680664
70,1,1,1,-0.22246573865413666
71,1,0,0,2.951056718826294
72,1,1,1,2.8040835857391357
73,1,1,1,-0.22047550976276398
74,1,1,1,3.8187966346740723
75,1,0,0,1.1856460571289062
76,1,0,0,1.2083767652511597
77,1,0,0,1.1980233192443848
78,1,1,1,4.643152236938477
79,1,0,0,1.1387488842010498
80,1,0,0,0.8483551740646362
81,1,0,0,0.37680676579475403
82,1,1,1,0.10149969160556793
83,1,0,0,0.49720513820648193
84,1,1,1,0.36373522877693176
85,1,1,1,0.7663156986236572
86,1,0,0,1.204884648323059
87,1,0,0,2.426475763320923
88,1,0,0,2.9500410556793213
89,1,0,0,-0.1605566143989563
90,1,1,1,1.926912546157837
91,1,0,0,0.27489736676216125
92,1,0,0,-0.0890277847647667
93,1,1,1,0.3287656903266907
94,1,0,0,2.817310333251953
95,1,0,0,1.8709462881088257
96,1,0,0,1.6121060848236084
97,1,0,0,1.9426143169403076
98,1,0,0,2.59683895111084
99,1,0,0,2.0679709911346436
100,1,0,0,0.6840226054191589
101,1,1,1,0.8337385654449463
102,1,1,1,0.5474479794502258
103,1,1,1,0.32821014523506165
104,1,1,1,5.214702606201172
105,1,1,1,1.472361445426941
106,1,1,1,0.4782075881958008
107,1,0,0,1.751853346824646
108,1,0,0,0.2194141298532486
109,1,0,0,0.4300595223903656
110,1,1,1,2.083682060241699
111,1,0,0,0.2864239513874054
112,1,1,1,0.23783361911773682
113,1,1,1,0.566802442073822
114,1,0,0,1.4047387838363647
115,1,1,1,1.9208179712295532
116,1,0,0,-0.1313413679599762
117,1,1,1,0.5592800378799438
118,1,0,0,3.003591775894165
119,1,0,0,4.120788097381592
120,1,1,1,0.405847430229187
121,1,0,0,-0.19341063499450684
122,1,1,1,2.152949094772339
123,1,0,0,1.7944045066833496
124,1,1,1,1.2757154703140259
125,1,0,0,2.2941901683807373
126,1,1,1,2.219972848892212
127,1,0,0,2.612239360809326
128,1,0,0,0.1813250482082367
129,1,0,0,2.031879425048828
130,1,1,1,1.7518712282180786
131,1,0,0,3.17179274559021
132,1,1,1,0.5031520128250122
133,1,1,1,1.6411958932876587
134,1,0,0,1.6134291887283325
135,1,0,0,1.2746905088424683
136,1,0,0,0.3135313391685486
137,1,0,0,0.9324358701705933
138,1,0,0,2.585869550704956
139,1,0,0,1.3338412046432495
140,1,0,0,1.1644506454467773
141,1,1,1,-0.007174648344516754
142,1,0,0,3.2911465167999268
143,1,0,0,0.5706141591072083
144,1,1,1,0.4137069880962372
145,1,0,0,0.49489858746528625
146,1,0,0,0.5978259444236755
147,1,0,0,2.0319125652313232
148,1,1,1,1.9643690586090088
149,1,0,0,1.3796486854553223
150,1,1,1,1.462798833847046
151,1,1,1,3.2941300868988037
152,1,0,0,0.8087254762649536
153,1,0,0,0.8478463888168335
154,1,1,1,0.5312759876251221
155,1,0,0,0.45374754071235657
156,1,1,1,0.18710540235042572
157,1,0,0,0.8910974860191345
158,1,0,0,0.24333065748214722
159,1,1,1,1.8000781536102295
160,1,1,1,1.7813329696655273
161,1,0,0,3.1093645095825195
162,1,0,0,1.3898258209228516
163,1,0,0,2.1452815532684326
164,1,0,0,0.43343934416770935
165,1,1,1,3.2291128635406494
166,1,0,0,0.379871129989624
167,1,1,1,0.16919124126434326
168,1,1,1,0.7869938611984253
169,1,1,1,2.7192869186401367
170,1,0,0,1.2078750133514404
171,1,1,1,0.6145983934402466
172,1,1,1,0.5101249814033508
173,1,0,0,1.6076550483703613
174,1,1,1,1.2910524606704712
175,1,1,1,1.4891072511672974
176,1,1,1,4.064460754394531
177,1,1,1,1.014026165008545
178,1,0,0,1.339237928390503
179,1,1,1,-0.1449594795703888
180,1,0,0,2.165177822113037
181,1,1,1,2.5615339279174805
182,1,1,1,3.1790149211883545
183,1,0,0,1.3483521938323975
184,1,0,0,3.1156835556030273
185,1,0,0,4.499988079071045
186,1,0,0,0.26507583260536194
187,1,0,0,1.2339813709259033
188,1,0,0,1.3230839967727661
189,1,0,0,0.6954676508903503
190,1,1,1,0.2516933083534241
191,1,0,0,4.390483856201172
192,1,0,0,0.5966091752052307
193,1,0,0,1.15864896774292
194,1,0,0,2.182539701461792
195,1,0,0,0.8848748207092285
196,1,0,0,-0.04538395255804062
197,1,0,0,3.978710651397705
198,1,0,0,0.7751798629760742
199,1,0,0,2.502889633178711
200,1,0,0,-0.09666996449232101
201,1,1,1,0.032994434237480164
202,1,0,0,0.5621158480644226
203,1,0,0,4.151905536651611
204,1,0,0,0.3739812672138214
205,1,1,1,3.0323240756988525
206,1,1,1,0.49914395809173584
207,1,1,1,3.4209001064300537
208,1,0,0,0.2939619719982147
209,1,1,1,-0.04009360074996948
210,1,1,1,0.5054430365562439
211,1,0,0,1.2884615659713745
212,1,1,1,0.07341791689395905
213,1,0,0,2.6616103649139404
214,1,0,0,1.0315985679626465
215,1,0,0,2.857302665710449
216,1,0,0,1.4377467632293701
217,1,1,1,2.6927406787872314
218,1,0,0,1.1770285367965698
219,1,1,1,1.76417875289917
220,1,0,0,2.7179343700408936
221,1,0,0,0.7394384145736694
222,1,1,1,0.3397105932235718
223,1,1,1,0.051922038197517395
224,1,0,0,0.24767109751701355
225,1,1,1,0.5343973636627197
226,1,0,0,0.8762023448944092
227,1,1,1,4.211298942565918
228,1,1,1,0.40515732765197754
229,1,0,0,0.10028430074453354
230,1,0,0,0.10210029035806656
231,1,1,1,1.569789171218872
232,1,1,1,1.8534307479858398
233,1,0,0,1.177824854850769
234,1,1,1,0.05770508944988251
235,1,1,1,0.0827682614326477
236,1,1,1,0.15448814630508423
237,1,0,0,2.6366288661956787
238,1,0,0,0.17738352715969086
239,1,1,1,1.6374931335449219
240,1,0,0,1.803470492362976
241,1,0,0,2.3426051139831543
242,1,0,0,0.4093385934829712
243,1,0,0,0.5777190923690796
244,1,0,0,0.6937173008918762
245,1,0,0,-0.10818176716566086
246,1,1,1,0.7078475952148438
247,1,1,1,0.12596625089645386
248,1,0,0,3.0749168395996094
249,1,0,0,1.4238229990005493
250,1,0,0,0.1770123839378357
251,1,1,1,1.076708436012268
252,1,0,0,1.63058340549469
253,1,1,1,1.1344947814941406
254,1,1,1,0.7863554954528809
255,0,1,0,1.2234601974487305
256,1,0,0,0.1764429807662964
257,1,1,1,1.5292564630508423
258,1,1,1,2.029226303100586
259,1,0,0,1.0632814168930054
260,1,0,0,1.1234606504440308
261,1,1,1,1.3760204315185547
262,1,0,0,0.3448673486709595
263,1,0,0,1.1676766872406006
264,1,1,1,-0.12656307220458984
265,1,1,1,1.9312245845794678
266,1,0,0,0.19921070337295532
267,1,0,0,1.8808271884918213
268,1,1,1,0.6634069681167603
269,1,1,1,0.17893317341804504
270,1,1,1,3.158466100692749
271,1,1,1,2.892420768737793
272,1,0,0,6.1460676193237305
273,1,1,1,1.3784664869308472
274,1,0,0,-0.06042962521314621
275,1,1,1,0.6232194304466248
276,1,1,1,0.6472355127334595
277,1,1,1,0.08521430194377899
278,1,1,1,1.277266263961792
279,1,1,1,1.0929902791976929
280,1,0,0,2.965578317642212
281,1,0,0,2.0359551906585693
282,1,1,1,0.7305899858474731
283,1,1,1,0.14462843537330627
284,1,0,0,1.1376498937606812
285,1,0,0,0.08044994622468948
286,1,0,0,3.1221985816955566
287,1,1,1,-0.028264425694942474
288,1,0,0,0.022171681746840477
289,1,1,1,0.26362374424934387
290,1,0,0,1.7589664459228516
291,1,0,0,0.017071789130568504
292,1,0,0,3.6884918212890625
293,1,1,1,2.5676791667938232
294,1,0,0,0.25144627690315247
295,1,1,1,0.6244845390319824
296,1,1,1,0.9947824478149414
297,1,0,0,0.9617940783500671
298,1,0,0,0.065997414290905
299,1,0,0,2.7581636905670166
300,1,1,1,3.1403486728668213
301,1,1,1,0.2868366241455078
302,1,0,0,-0.22669729590415955
303,1,0,0,2.002300977706909
304,1,0,0,0.7711541056632996
305,1,0,0,1.0348182916641235
306,1,0,0,0.32218900322914124
307,1,1,1,1.9682419300079346
308,1,1,1,0.12142184376716614
309,1,1,1,0.6459258198738098
310,1,0,0,1.914939284324646
311,1,0,0,1.2980666160583496
312,1,0,0,2.0423948764801025
313,1,1,1,3.8523952960968018
314,1,0,0,1.068437933921814
315,1,1,1,1.543933629989624
316,1,1,1,5.267548561096191
317,1,0,0,1.013045310974121
318,1,1,1,4.185144424438477
319,1,1,1,2.25124454498291
320,1,0,0,0.2109154909849167
321,1,1,1,0.03920692950487137
322,1,0,0,1.3807246685028076
323,1,1,1,0.9182043671607971
324,1,1,1,1.8378384113311768
325,1,1,1,2.2166402339935303
326,1,1,1,3.5898706912994385
327,1,0,0,2.8573873043060303
328,1,0,0,0.0718664675951004
329,1,1,1,0.7007725834846497
330,1,0,0,0.7189384698867798
331,1,1,1,1.3604882955551147
332,1,0,0,0.7302967309951782
333,1,1,1,0.3682524859905243
334,1,0,0,0.5050050616264343
335,1,0,0,1.2064610719680786
336,1,1,1,1.036678671836853
337,1,1,1,0.9794666767120361
338,1,0,0,0.11259735375642776
339,1,0,0,1.1232038736343384
340,1,1,1,0.5610701441764832
341,1,0,0,1.777259349822998
342,1,1,1,0.5150265693664551
343,1,0,0,0.9106509685516357
344,1,1,1,0.03558261692523956
345,1,1,1,1.4735851287841797
346,1,1,1,1.8314054012298584
347,1,0,0,2.0244572162628174
348,1,0,0,0.9382709264755249
349,1,0,0,-0.0469297394156456
350,1,1,1,-0.06486044079065323
351,1,0,0,0.6869820356369019
352,1,0,0,2.8613481521606445
353,1,1,1,0.5197895765304565
354,1,0,0,4.425002574920654
355,1,0,0,2.5806875228881836
356,1,1,1,0.8139451742172241
357,1,0,0,0.7868805527687073
358,1,0,0,1.3331007957458496
359,1,1,1,-0.04907195270061493
360,1,1,1,3.8945276737213135
361,1,1,1,0.3267645835876465
362,1,0,0,0.9223105311393738
363,1,1,1,0.49654024839401245
364,1,1,1,2.3782002925872803
365,1,0,0,-0.02723797596991062
366,1,0,0,0.5929975509643555
367,1,1,1,6.808771133422852
368,1,1,1,4.645374298095703
369,1,1,1,0.12956276535987854
370,1,1,1,4.016378402709961
371,1,1,1,0.6277625560760498
372,1,1,1,1.779251217842102
373,1,1,1,0.2444669008255005
374,1,1,1,1.0361789464950562
375,1,1,1,1.041975736618042
376,1,1,1,0.6512012481689453
377,1,1,1,-0.21942615509033203
378,1,1,1,2.2551209926605225
379,1,1,1,2.590036630630493
380,1,1,1,1.0842205286026
381,1,0,0,0.15864667296409607
382,1,1,1,3.2618443965911865
383,1,0,0,-0.07838783413171768
384,1,0,0,-0.15663158893585205
385,1,0,0,3.565187692642212
386,1,0,0,0.7843323349952698
387,1,1,1,0.29153648018836975
388,1,1,1,2.4317777156829834
389,1,0,0,1.1904083490371704
390,1,1,1,2.031273603439331
391,1,0,0,1.3386986255645752
392,1,1,1,1.7788691520690918
393,1,1,1,4.218116760253906
394,1,1,1,0.5694941878318787
395,1,0,0,2.0611419677734375
396,1,1,1,0.8098869323730469
397,1,0,0,1.5038235187530518
398,1,1,1,2.1297361850738525
399,1,0,0,0.5026654601097107
400,1,1,1,0.20249514281749725
401,1,0,0,1.607212781906128
402,1,1,1,7.558200836181641
403,1,1,1,4.0698652267456055
404,1,1,1,1.478851556777954
405,1,1,1,1.2198691368103027
406,1,0,0,0.2873188257217407
407,1,1,1,1.0788408517837524
408,1,0,0,1.3882757425308228
409,1,1,1,3.9333651065826416
410,1,1,1,0.35413050651550293
411,1,1,1,2.4965708255767822
412,1,0,0,1.5775694847106934
413,1,0,0,0.9666669964790344
414,1,1,1,3.1671664714813232
415,1,1,1,0.5281738638877869
416,1,1,1,2.8252835273742676
417,1,0,0,0.31910213828086853
418,1,1,1,0.3640577793121338
419,1,0,0,0.25894200801849365
420,1,0,0,0.24698156118392944
421,1,0,0,1.7133502960205078
422,1,1,1,1.5042986869812012
423,1,1,1,2.911731481552124
424,1,1,1,1.4756441116333008
425,1,1,1,2.0110371112823486
426,1,0,0,1.2838276624679565
427,1,1,1,1.6106200218200684
428,1,1,1,0.3272324204444885
429,1,0,0,3.1896839141845703
430,1,0,0,3.4544239044189453
431,1,0,0,0.568818211555481
432,1,0,0,0.9499781727790833
433,1,0,0,0.167415052652359
434,1,0,0,0.3941185772418976
435,1,1,1,2.8667590618133545
436,1,1,1,0.5739015340805054
437,1,1,1,0.751488447189331
438,1,1,1,0.10664162039756775
439,1,1,1,0.9062639474868774
440,1,1,1,1.333195686340332
441,1,1,1,0.9462443590164185
442,1,0,0,3.778754711151123
443,1,0,0,1.9753382205963135
444,1,0,0,0.756996214389801
445,1,0,0,0.3085283935070038
446,1,1,1,0.6987659931182861
447,1,1,1,1.8169854879379272
448,1,1,1,2.479332447052002
449,1,1,1,0.8457643985748291
450,1,0,0,1.976561188697815
451,1,0,0,1.8779773712158203
452,1,1,1,1.1882973909378052
453,1,1,1,1.0879576206207275
454,1,1,1,0.1738254278898239
455,1,1,1,0.639732837677002
456,1,1,1,1.4532926082611084
457,1,1,1,-0.02708429843187332
458,1,0,0,-0.042640261352062225
459,1,0,0,2.691826343536377
460,1,0,0,1.9487226009368896
461,1,0,0,-0.17621634900569916
462,1,0,0,2.718024730682373
463,1,1,1,1.395748257637024
464,1,1,1,2.3896172046661377
465,1,1,1,1.2219659090042114
466,1,1,1,1.8833719491958618
467,1,0,0,3.0411736965179443
468,1,0,0,1.588645100593567
469,1,1,1,1.0269372463226318
470,1,0,0,0.6692616939544678
471,1,1,1,2.8652455806732178
472,1,0,0,1.1978777647018433
473,1,1,1,1.1810911893844604
474,1,0,0,2.818833827972412
475,1,1,1,0.649816632270813
476,1,1,1,2.5262386798858643
477,1,1,1,1.184561014175415
478,1,1,1,2.41945219039917
479,1,0,0,0.9693018794059753
480,1,1,1,3.0171754360198975
481,1,1,1,1.4108736515045166
482,1,1,1,0.2317516803741455
483,1,0,0,2.341991662979126
484,1,1,1,5.6271772384643555
485,1,1,1,6.261570930480957
486,1,0,0,0.48086175322532654
487,1,0,0,1.6192197799682617
488,1,1,1,1.086301326751709
489,1,1,1,2.92405104637146
490,1,1,1,2.5791056156158447
491,1,0,0,0.23955616354942322
492,1,0,0,0.7037924528121948
493,1,0,0,0.14210167527198792
494,1,1,1,0.40101170539855957
495,1,0,0,0.009337609633803368
496,1,0,0,-0.04412250965833664
497,1,0,0,2.3636362552642822
498,1,0,0,4.206410884857178
499,1,0,0,-0.19033685326576233
500,1,0,0,-0.03386179357767105
501,1,0,0,1.6928703784942627
502,1,0,0,0.6495258808135986
503,1,0,0,2.5698046684265137
504,1,0,0,0.6176504492759705
505,1,0,0,0.6082156300544739
506,1,1,1,0.14235858619213104
507,1,1,1,0.6676452159881592
508,1,1,1,0.8838273286819458
509,1,1,1,0.798837423324585
510,1,0,0,0.1133306622505188
511,1,0,0,0.34107834100723267
512,1,0,0,0.5763114094734192
513,1,1,1,2.575267791748047
514,1,0,0,1.1857013702392578
515,1,1,1,4.244521141052246
516,1,0,0,0.7743063569068909
517,1,1,1,3.311393976211548
518,1,0,0,0.3908059298992157
519,1,1,1,5.029950141906738
520,1,1,1,2.5112712383270264
521,1,1,1,3.793137311935425
522,1,1,1,2.2734498977661133
523,1,1,1,1.615017294883728
524,1,1,1,0.862517237663269
525,1,1,1,3.079289197921753
526,1,1,1,0.36237335205078125
527,1,1,1,0.6947222948074341
528,1,1,1,1.9437565803527832
529,1,1,1,2.756404161453247
530,1,0,0,0.4799196124076843
531,1,0,0,0.5188421607017517
532,1,1,1,2.4026362895965576
533,1,1,1,0.19304682314395905
534,1,1,1,1.8763065338134766
535,1,0,0,0.9564622044563293
536,1,0,0,0.3637963831424713
537,1,0,0,0.8478679656982422
538,1,0,0,0.25956252217292786
539,1,1,1,1.84271240234375
540,1,0,0,1.409630537033081
541,1,0,0,1.3656055927276611
542,1,0,0,5.207749843597412
543,1,1,1,0.01919829100370407
544,1,1,1,-0.033547285944223404
545,1,1,1,2.643315553665161
546,1,1,1,1.1578772068023682
547,1,0,0,3.3470778465270996
548,1,0,0,4.112883567810059
549,1,0,0,0.7882881760597229
550,1,1,1,-0.047546982765197754
551,1,1,1,0.1860506683588028
552,1,0,0,3.216874122619629
553,1,0,0,5.506312370300293
554,1,0,0,1.7187362909317017
555,1,0,0,1.1659328937530518
556,1,1,1,0.8603414297103882
557,1,1,1,0.43790268898010254
558,1,0,0,0.09751883894205093
559,1,1,1,0.9938244819641113
560,1,0,0,1.6362015008926392
561,1,0,0,0.29404616355895996
562,1,0,0,2.90604829788208
563,1,0,0,1.9755675792694092
564,1,1,1,0.8866205215454102
565,1,1,1,0.28866589069366455
566,1,0,0,2.8081345558166504
567,1,0,0,7.413552761077881
568,1,0,0,0.44440898299217224
569,1,0,0,0.10666962713003159
570,1,0,0,0.7158759832382202
571,1,0,0,0.20440655946731567
572,1,1,1,1.1039643287658691
573,1,1,1,2.724489450454712
574,1,1,1,7.015999794006348
575,1,1,1,1.8428641557693481
576,1,1,1,0.3803572654724121
577,1,1,1,0.7635786533355713
578,1,1,1,0.10321012139320374
579,1,1,1,5.670602798461914
580,1,0,0,7.010784149169922
581,1,0,0,2.3360581398010254
582,1,1,1,3.596297264099121
583,1,0,0,4.5059590339660645
584,1,1,1,2.6125354766845703
585,1,1,1,3.741196393966675
586,1,1,1,1.3404351472854614
587,1,1,1,0.6019930839538574
588,1,1,1,2.030653953552246
589,1,1,1,3.8735125064849854
590,1,0,0,0.47764647006988525
591,1,0,0,1.1313772201538086
592,1,0,0,2.3477284908294678
593,1,0,0,3.9182775020599365
594,1,1,1,1.3418728113174438
595,1,0,0,0.41743215918540955
596,1,1,1,0.3714270293712616
597,1,1,1,0.25546950101852417
598,1,0,0,1.6271814107894897
599,1,1,1,2.4535434246063232
600,1,0,0,0.8656771779060364
601,1,0,0,1.096001386642456
602,1,0,0,1.9211680889129639
603,1,1,1,0.3340258002281189
604,1,1,1,1.6117184162139893
605,1,1,1,0.5383445024490356
606,1,1,1,0.7210952043533325
607,1,0,0,1.6301474571228027
608,1,0,0,2.590841770172119
609,1,1,1,0.5322239995002747
610,1,1,1,3.8461198806762695
611,1,1,1,1.3067686557769775
612,1,1,1,1.8699917793273926
613,1,1,1,3.7028117179870605
614,1,0,0,0.24097201228141785
615,1,1,1,2.5999295711517334
616,1,1,1,0.9267804622650146
617,1,1,1,4.056414604187012
618,1,1,1,1.2358282804489136
619,1,1,1,4.435986518859863
620,1,1,1,2.772005796432495
621,1,1,1,0.6077626347541809
622,1,1,1,1.63673734664917
623,1,1,1,1.6491527557373047
624,1,1,1,0.9714618921279907
625,1,0,0,4.007078647613525
626,1,1,1,1.1264841556549072
627,1,1,1,-0.16378898918628693
628,1,0,0,3.1595163345336914
629,1,0,0,2.1934256553649902
630,1,0,0,0.9348965287208557
631,1,1,1,3.5867130756378174
632,1,0,0,1.932793140411377
633,1,1,1,0.06931425631046295
634,1,0,0,0.7590418457984924
635,1,0,0,0.9660412669181824
636,1,1,1,2.262199640274048
637,1,0,0,6.7675676345825195
638,1,1,1,-0.1471191644668579
639,1,1,1,2.6735386848449707
640,1,1,1,3.944725751876831
641,1,0,0,-0.08453134447336197
642,1,0,0,0.14840096235275269
643,1,1,1,0.9615678191184998
644,1,0,0,-0.00964927114546299
645,1,1,1,1.181341290473938
646,1,0,0,0.06622152775526047
647,1,1,1,0.3843858242034912
648,1,1,1,2.4422123432159424
649,1,0,0,2.048417329788208
650,1,1,1,1.8251357078552246
651,1,1,1,1.512689471244812
652,1,1,1,1.8853774070739746
653,1,1,1,2.91080904006958
654,1,1,1,3.4469892978668213
655,1,1,1,0.21267712116241455
656,1,1,1,0.34477999806404114
657,1,1,1,0.1832641214132309
658,1,0,0,2.4462156295776367
659,1,0,0,2.8093628883361816
660,1,0,0,-0.139653742313385
661,1,1,1,0.3827570378780365
662,1,0,0,0.7084556818008423
663,1,1,1,1.4437545537948608
664,1,1,1,0.6090633273124695
665,1,0,0,0.808565080165863
666,1,1,1,2.5223240852355957
667,1,0,0,2.523972749710083
668,1,1,1,0.7225754261016846
669,1,1,1,0.9311683773994446
670,1,1,1,1.724177360534668
671,1,1,1,0.45854029059410095
672,1,1,1,5.066499710083008
673,1,1,1,1.4299447536468506
674,1,1,1,2.2295567989349365
675,1,1,1,4.817283630371094
676,1,0,0,-0.25884681940078735
677,1,1,1,-0.0865630954504013
678,1,1,1,1.9700080156326294
679,1,1,1,0.7125176787376404
680,1,0,0,1.9567984342575073
681,1,1,1,3.0598981380462646
682,1,1,1,4.599357604980469
683,1,1,1,0.5265085697174072
684,1,1,1,2.185692071914673
685,1,1,1,2.390310049057007
686,1,1,1,2.1636993885040283
687,1,1,1,0.303139865398407
688,1,1,1,0.3848136067390442
689,1,0,0,2.443230152130127
690,1,1,1,0.8820477724075317
691,1,1,1,5.12325382232666
692,1,1,1,2.345731496810913
693,1,1,1,0.5984607934951782
694,1,1,1,5.494684219360352
695,1,0,0,0.43751102685928345
696,1,1,1,0.9204908609390259
697,1,1,1,0.47416573762893677
698,1,0,0,0.969663679599762
699,1,1,1,1.211476445198059
700,1,0,0,0.19109512865543365
701,1,1,1,4.665158271789551
702,1,0,0,0.25458425283432007
703,1,0,0,0.27453574538230896
704,1,1,1,1.6703364849090576
705,1,0,0,0.364935040473938
706,1,1,1,0.744125247001648
707,1,1,1,0.18918487429618835
708,1,0,0,5.610628128051758
709,1,1,1,0.09901763498783112
710,1,1,1,1.486106514930725
711,1,0,0,0.7281855940818787
712,1,0,0,1.782189130783081
713,1,0,0,0.5163335800170898
714,1,1,1,0.7784850597381592
715,1,1,1,0.38896381855010986
716,1,0,0,0.04718173295259476
717,1,1,1,0.9480571746826172
718,1,1,1,2.444626569747925
719,1,1,1,0.03473635017871857
720,1,0,0,2.68880558013916
721,1,0,0,1.014787197113037
722,1,1,1,1.242029070854187
723,1,0,0,1.393892765045166
724,1,0,0,1.6331830024719238
725,1,1,1,0.22626149654388428
726,1,0,0,1.996346354484558
727,1,1,1,0.38283175230026245
728,1,1,1,0.17194482684135437
729,1,0,0,2.1965491771698
730,1,0,0,0.8166676163673401
731,1,0,0,2.344985008239746
732,1,0,0,0.7913507223129272
733,1,0,0,0.4369819462299347
734,1,0,0,-0.01766214706003666
735,1,1,1,0.08929528295993805
736,1,1,1,0.20486240088939667
737,1,1,1,0.20103102922439575
738,1,0,0,0.3460695445537567
739,1,1,1,0.6090072989463806
740,1,0,0,2.3099732398986816
741,1,1,1,0.5811464190483093
742,1,1,1,3.4602439403533936
743,1,1,1,-0.14946302771568298
744,1,0,0,2.629528045654297
745,1,1,1,1.295897364616394
746,1,1,1,3.467531681060791
747,1,0,0,1.8842517137527466
748,1,1,1,2.3309028148651123
749,1,1,1,4.462163925170898
750,1,1,1,1.3758227825164795
751,1,0,0,1.2590761184692383
752,1,1,1,6.525786399841309
753,1,1,1,2.91032075881958
754,1,1,1,1.037535548210144
755,1,0,0,-0.03196439892053604
756,1,1,1,0.039093852043151855
757,1,1,1,0.4700962007045746
758,1,0,0,2.434718608856201
759,1,0,0,0.8243746757507324
760,1,0,0,2.4289791584014893
761,1,1,1,0.791071355342865
762,1,0,0,0.1829349547624588
763,1,1,1,0.10458841919898987
764,1,0,0,1.419044017791748
765,1,1,1,2.601809024810791
766,1,1,1,-0.1078597754240036
767,1,1,1,0.35118114948272705
768,1,0,0,0.653396487236023
769,1,0,0,0.455623984336853
770,1,0,0,0.250448077917099
771,1,1,1,0.41272857785224915
772,1,0,0,0.6307827234268188
773,1,1,1,0.20947347581386566
774,1,1,1,0.2853376269340515
775,1,1,1,2.45526123046875
776,1,0,0,0.18119271099567413
777,1,1,1,0.7175692319869995
778,1,0,0,0.5440074801445007
779,1,0,0,1.005144476890564
780,1,1,1,1.562635898590088
781,1,0,0,0.8447779417037964
782,1,1,1,2.0899717807769775
783,1,1,1,4.217683792114258
784,1,1,1,0.870421826839447
785,1,1,1,1.80877685546875
786,1,1,1,1.0423176288604736
787,1,0,0,0.566470742225647
788,1,0,0,2.4164156913757324
789,1,1,1,-0.05875810980796814
790,1,1,1,0.9273303151130676
791,1,0,0,0.558197557926178
792,1,0,0,0.512369692325592
793,1,1,1,2.9371888637542725
794,1,1,1,5.342392921447754
795,1,0,0,5.031370639801025
796,1,1,1,0.00997256487607956
797,1,0,0,4.148650169372559
798,1,1,1,0.07083047926425934
799,1,1,1,1.4535412788391113
800,1,0,0,0.9931135177612305
801,1,1,1,0.7722941637039185
802,1,1,1,0.02631956711411476
803,1,1,1,0.03303007408976555
804,1,1,1,1.405819296836853
805,1,1,1,1.1668014526367188
806,1,1,1,0.7053906321525574
807,1,0,0,-0.11378484219312668
808,1,0,0,0.2543177306652069
809,1,1,1,2.1117465496063232
810,1,1,1,3.7231576442718506
811,1,1,1,0.8565366268157959
812,1,1,1,1.953203797340393
813,1,0,0,0.6029583811759949
814,1,1,1,1.9638535976409912
815,1,1,1,1.3206788301467896
816,1,1,1,3.08203125
817,1,0,0,6.445832252502441
818,1,1,1,1.5341320037841797
819,1,1,1,1.683324933052063
820,1,0,0,0.41202521324157715
821,1,1,1,2.292526960372925
822,1,1,1,4.1335906982421875
823,1,1,1,2.031843423843384
824,1,1,1,3.223341941833496
825,1,0,0,0.10274066030979156
826,1,0,0,6.1045613288879395
827,1,0,0,1.3235435485839844
828,1,0,0,5.377500057220459
829,1,0,0,0.52982097864151
830,1,0,0,0.933185338973999
831,1,1,1,0.8271939754486084
832,1,0,0,2.4086573123931885
833,1,0,0,0.3275842070579529
834,1,0,0,0.9824169278144836
835,1,1,1,1.036153793334961
836,1,1,1,0.9971171617507935
837,1,0,0,1.7066543102264404
838,1,1,1,0.320021390914917
839,1,0,0,4.06588888168335
840,1,0,0,0.5849443078041077
841,1,1,1,0.04056420922279358
842,1,1,1,4.84147834777832
843,1,0,0,0.9936273694038391
844,1,1,1,1.0405323505401611
845,1,1,1,1.719769835472107
846,1,1,1,4.628437042236328
847,1,0,0,3.9789199829101562
848,1,0,0,0.7920899391174316
849,1,1,1,4.98758602142334
850,1,0,0,-0.082375667989254
851,1,1,1,1.578195333480835
852,1,0,0,0.353924423456192
853,1,1,1,1.7746684551239014
854,1,1,1,0.8314308524131775
855,1,1,1,1.2075847387313843
856,1,1,1,2.1953864097595215
857,1,0,0,1.4626829624176025
858,1,1,1,0.8974723815917969
859,1,1,1,0.9815610647201538
860,1,1,1,3.9430999755859375
861,1,1,1,0.7730116844177246
862,1,1,1,1.6260981559753418
863,1,0,0,0.28831300139427185
864,1,1,1,0.7495670318603516
865,1,1,1,1.9846642017364502
866,1,1,1,1.5554373264312744
867,1,1,1,1.2445480823516846
868,1,1,1,2.1294524669647217
869,1,1,1,5.087014198303223
870,1,1,1,6.328726768493652
871,1,1,1,3.1104788780212402
872,1,1,1,4.467061996459961
873,1,1,1,1.0539672374725342
874,1,1,1,5.603965759277344
875,1,1,1,4.053349494934082
876,1,1,1,1.2700945138931274
877,1,1,1,7.229238510131836
878,1,1,1,6.510746002197266
879,1,1,1,2.1785614490509033
880,1,1,1,3.233491897583008
881,1,1,1,2.5468361377716064
882,1,1,1,1.1534051895141602
883,1,0,0,2.850123643875122
884,1,1,1,-0.1316407322883606
885,1,1,1,1.1461650133132935
886,1,1,1,0.36778318881988525
887,1,1,1,-0.09728071093559265
888,1,0,0,0.35728979110717773
889,1,1,1,1.8056212663650513
890,1,1,1,1.2039514780044556
891,1,0,0,0.2982594072818756
892,1,1,1,1.6110154390335083
893,1,0,0,0.20271819829940796
894,1,0,0,2.192003011703491
895,0,0,1,1.011926531791687
896,1,0,0,2.331752300262451
897,1,1,1,2.1584181785583496
898,1,1,1,0.7835016846656799
899,1,0,0,3.206460952758789
900,1,1,1,1.4477460384368896
901,1,1,1,1.0892174243927002
902,1,0,0,1.105027198791504
903,1,1,1,0.36708691716194153
904,1,1,1,0.8391507863998413
905,1,0,0,2.411363124847412
906,1,0,0,1.6630722284317017
907,1,0,0,1.185490608215332
908,1,0,0,2.102417230606079
909,1,0,0,0.18778474628925323
910,1,0,0,0.35485774278640747
911,1,0,0,-0.08000072091817856
912,1,0,0,0.9711859822273254
913,1,0,0,2.4956178665161133
914,1,0,0,0.9813805818557739
915,1,0,0,0.3532928228378296
916,1,0,0,2.712728977203369
917,1,0,0,1.4307467937469482
918,1,0,0,3.7612996101379395
919,1,0,0,4.634904384613037
920,1,1,1,1.6536476612091064
921,1,0,0,0.7784412503242493
922,1,0,0,0.6420431137084961
923,1,0,0,0.47763216495513916
924,1,1,1,1.4183655977249146
925,1,0,0,3.3488502502441406
926,1,0,0,-0.3338733911514282
927,1,0,0,0.421753853559494
928,1,0,0,1.8398120403289795
929,1,0,0,1.6818739175796509
930,1,1,1,7.0879974365234375
931,1,0,0,2.6761088371276855
932,1,1,1,0.5867601037025452
933,1,0,0,1.2184808254241943
934,1,1,1,2.525230884552002
935,1,0,0,8.243590354919434
936,1,0,0,1.2378963232040405
937,1,0,0,0.421685129404068
938,1,0,0,4.125246524810791
939,1,1,1,0.9828159809112549
940,1,1,1,0.17686396837234497
941,1,1,1,0.6578377485275269
942,1,1,1,0.48980700969696045
943,1,1,1,0.5984713435173035
944,1,0,0,6.318953990936279
945,1,0,0,3.006342887878418
946,1,1,1,0.5064753293991089
947,1,0,0,0.7598391175270081
948,1,0,0,0.6464682817459106
949,1,1,1,1.4376670122146606
950,0,0,1,0.3501426875591278
951,1,0,0,2.040569543838501
952,1,0,0,1.311106562614441
953,1,0,0,0.38939619064331055
954,1,1,1,1.9510897397994995
955,1,0,0,3.586989402770996
956,1,0,0,0.838367223739624
957,1,1,1,4.2688703536987305
958,1,1,1,1.3911150693893433
959,1,1,1,0.0444379523396492
960,1,0,0,2.517019748687744
961,1,0,0,0.3232848644256592
962,1,1,1,2.985509157180786
963,1,1,1,0.5000070929527283
964,1,1,1,0.7264373302459717
965,1,0,0,2.406831741333008
966,1,0,0,2.6419239044189453
967,1,1,1,2.6984429359436035
968,1,1,1,0.9885586500167847
969,1,1,1,1.2756240367889404
970,1,0,0,0.2073303759098053
971,1,0,0,2.214961290359497
972,1,1,1,0.060103029012680054
973,1,1,1,-0.004933523014187813
974,1,1,1,0.085386723279953
975,1,0,0,0.6388453841209412
976,1,1,1,0.7466184496879578
977,1,1,1,1.696211338043213
978,1,1,1,0.04072172939777374
979,1,1,1,1.3356497287750244
980,1,0,0,1.8600448369979858
981,1,0,0,1.660973310470581
982,1,1,1,0.4993075728416443
983,1,0,0,0.7245688438415527
984,1,1,1,3.188885450363159
985,1,1,1,1.5183546543121338
986,1,1,1,1.140287160873413
987,1,1,1,0.5424172878265381
988,1,1,1,0.2977610230445862
989,1,0,0,1.4588600397109985
990,1,0,0,2.5103251934051514
991,1,0,0,3.062054395675659
992,1,1,1,4.015222549438477
993,1,1,1,1.5453840494155884
994,1,0,0,0.6389502286911011
995,0,1,0,0.40198755264282227
996,0,1,0,3.251507043838501
997,0,0,1,1.1872638463974
998,0,0,1,2.967726230621338
999,0,1,0,1.5736268758773804
1000,0,0,1,1.0742013454437256
1001,0,0,1,2.731215000152588
1002,0,0,1,4.929742813110352
1003,0,1,0,-0.15680783987045288
1004,0,0,1,4.929531574249268
1005,0,0,1,3.435396909713745
1006,0,0,1,1.24580717086792
1007,0,0,1,1.4344958066940308
1008,0,0,1,0.7346879243850708
1009,0,0,1,2.4155325889587402
1010,0,0,1,1.4308016300201416
1011,0,0,1,2.8176114559173584
1012,0,0,1,2.0644848346710205
1013,0,0,1,1.6354496479034424
1014,0,1,0,3.1245973110198975
1015,0,0,1,4.148723602294922
1016,0,1,0,1.6376149654388428
1017,0,1,0,1.057814121246338
1018,0,0,1,5.703808307647705
1019,0,0,1,5.091777324676514
1020,0,0,1,0.8223597407341003
1021,0,1,0,0.36765849590301514
1022,0,1,0,0.025570742785930634
1023,0,0,1,3.5958402156829834
1024,0,0,1,4.709378242492676
1025,0,0,1,2.5808768272399902
1026,0,0,1,2.1010618209838867
1027,0,0,1,1.8323723077774048
1028,0,0,1,5.145987033843994
1029,0,0,1,0.8489262461662292
1030,0,0,1,4.442753791809082
1031,0,0,1,7.845993995666504
1032,0,0,1,1.954216480255127
1033,0,0,1,1.070236325263977
1034,0,0,1,5.555343151092529
1035,0,0,1,4.477004051208496
1036,0,0,1,4.663450241088867
1037,0,0,1,6.802396297454834
1038,0,0,1,2.476742744445801
1039,0,0,1,1.9447975158691406
1040,0,0,1,6.78931999206543
1041,0,0,1,12.126177787780762
1042,0,0,1,2.1442813873291016
1043,0,0,1,3.384725570678711
1044,0,0,1,6.2105393409729
1045,0,1,0,0.2679985761642456
1046,0,0,1,2.470184803009033
1047,0,0,1,0.24321496486663818
1048,0,0,1,8.17138957977295
1049,0,0,1,4.696475982666016
1050,0,0,1,1.3615942001342773
1051,0,0,1,7.114983558654785
1052,0,0,1,2.958500862121582
1053,0,0,1,-0.04676034301519394
1054,0,0,1,5.533717155456543
1055,0,0,1,2.042572021484375
1056,0,0,1,0.29873618483543396
1057,0,1,0,0.5611010789871216
1058,0,0,1,1.2108038663864136
1059,0,0,1,0.8071449995040894
1060,0,0,1,3.9663186073303223
1061,0,0,1,3.953608989715576
1062,0,0,1,6.172088623046875
1063,0,0,1,4.390501022338867
1064,0,0,1,2.980090618133545
1065,0,0,1,2.1604442596435547
1066,0,1,0,0.5290237665176392
1067,0,0,1,2.176966428756714
1068,0,0,1,5.005015850067139
1069,0,0,1,5.332805633544922
1070,0,1,0,0.15526950359344482
1071,0,0,1,6.074544429779053
1072,0,0,1,5.128291606903076
1073,0,0,1,2.568301200866699
1074,0,0,1,4.328061580657959
1075,0,1,0,3.6847288608551025
1076,0,0,1,5.44212532043457
1077,0,0,1,2.1311540603637695
1078,0,0,1,8.266386032104492
1079,0,0,1,3.3135199546813965
1080,0,0,1,5.309593677520752
1081,0,0,1,4.378134727478027
1082,0,0,1,1.9364701509475708
1083,0,0,1,5.649642467498779
1084,0,0,1,0.02197042666375637
1085,0,0,1,1.833296298980713
1086,0,0,1,4.354733943939209
1087,0,1,0,0.434167742729187
1088,0,1,0,0.5295100212097168
1089,0,0,1,0.39827725291252136
1090,0,0,1,0.7201763987541199
1091,0,0,1,2.4957070350646973
1092,0,0,1,2.191312313079834
1093,0,0,1,0.15414929389953613
1094,0,0,1,4.726639270782471
1095,0,0,1,5.240440845489502
1096,0,1,0,0.287833034992218
1097,0,0,1,2.5744667053222656
1098,0,0,1,3.6996641159057617
1099,0,0,1,0.598893404006958
1100,0,0,1,0.21659307181835175
1101,0,0,1,5.017763614654541
1102,0,1,0,0.4856511950492859
1103,0,0,1,3.1799371242523193
1104,0,0,1,-0.04747166484594345
1105,0,0,1,0.7233899831771851
1106,0,0,1,0.5760452151298523
1107,0,1,0,0.4037478566169739
1108,0,0,1,4.856356620788574
1109,0,0,1,1.9239749908447266
1110,0,0,1,4.7164835929870605
1111,0,0,1,3.7676873207092285
1112,0,0,1,3.7022385597229004
1113,0,0,1,3.3323473930358887
1114,0,0,1,1.0210156440734863
1115,0,0,1,0.29888322949409485
1116,0,0,1,2.3002567291259766
1117,0,1,0,1.262958288192749
1118,0,0,1,4.4019455909729
1119,0,1,0,0.7085610032081604
1120,0,0,1,4.063670635223389
1121,0,0,1,1.2556631565093994
1122,0,1,0,0.08458345383405685
1123,0,0,1,1.0035443305969238
1124,0,1,0,-0.11305249482393265
1125,0,0,1,4.220914840698242
1126,0,0,1,4.750979900360107
1127,0,0,1,1.5499844551086426
1128,0,0,1,1.7272833585739136
1129,0,0,1,1.0707627534866333
1130,0,0,1,0.900672972202301
1131,0,0,1,7.745563507080078
1132,0,0,1,1.9044049978256226
1133,0,0,1,-0.08315887302160263
1134,0,0,1,1.5775566101074219
1135,0,0,1,5.745710849761963
1136,0,0,1,0.3015747368335724
1137,0,0,1,0.9382205605506897
1138,0,0,1,0.7607455253601074
1139,0,1,0,0.0046500712633132935
1140,0,1,0,-0.04629960283637047
1141,0,1,0,0.29650548100471497
1142,0,0,1,3.422398090362549
1143,0,1,0,0.26800164580345154
1144,0,1,0,0.30596235394477844
1145,0,1,0,-0.05129086971282959
1146,0,1,0,0.49563121795654297
1147,0,0,1,9.505582809448242
1148,0,0,1,2.7479138374328613
1149,0,0,1,1.2050610780715942
1150,0,1,0,0.258567750453949
1151,0,0,1,2.304823637008667
1152,0,1,0,0.8059263229370117
1153,0,0,1,4.829030990600586
1154,0,0,1,1.8634071350097656
1155,0,1,0,0.22707366943359375
1156,0,0,1,0.5276150703430176
1157,0,1,0,0.20544470846652985
1158,0,0,1,8.81324577331543
1159,0,0,1,2.7288107872009277
1160,0,0,1,-0.02006428875029087
1161,0,0,1,1.0053869485855103
1162,0,0,1,0.8771488070487976
1163,0,0,1,1.5922327041625977
1164,0,0,1,8.892080307006836
1165,0,0,1,3.8732411861419678
1166,0,0,1,0.0788104385137558
1167,0,0,1,7.349483013153076
1168,0,0,1,0.08849672228097916
1169,0,0,1,1.9859387874603271
1170,0,1,0,1.2755295038223267
1171,0,0,1,1.125661849975586
1172,0,0,1,2.4201345443725586
1173,0,0,1,-0.06434694677591324
1174,0,1,0,0.548173189163208
1175,0,0,1,3.1939761638641357
1176,0,0,1,0.6477164030075073
1177,0,0,1,0.8940330147743225
1178,0,1,0,0.824734091758728
1179,0,0,1,1.302111029624939
1180,0,0,1,1.2250295877456665
1181,0,0,1,1.219171166419983
1182,0,0,1,1.1790156364440918
1183,0,0,1,3.095104694366455
1184,0,1,0,-0.09418145567178726
1185,0,0,1,0.7906886339187622
1186,0,1,0,0.024125535041093826
1187,0,0,1,0.5137486457824707
1188,0,0,1,2.6547508239746094
1189,0,0,1,0.15915372967720032
1190,0,0,1,1.6921342611312866
1191,0,0,1,6.422384738922119
1192,0,0,1,2.1415276527404785
1193,0,0,1,4.406450271606445
1194,0,0,1,2.0620105266571045
1195,0,0,1,0.923021674156189
1196,0,1,0,2.227172613143921
1197,0,0,1,3.5126681327819824
1198,0,1,0,0.38874876499176025
1199,0,0,1,4.1041107177734375
1200,0,0,1,-0.057044245302677155
1201,0,0,1,1.7545833587646484
1202,0,0,1,3.093059539794922
1203,0,0,1,6.828986167907715
1204,0,0,1,0.04114213585853577
1205,0,1,0,0.5902184247970581
1206,0,0,1,0.2938007414340973
1207,0,0,1,8.126407623291016
1208,0,0,1,9.697915077209473
1209,0,0,1,5.834394931793213
1210,0,0,1,6.059683799743652
1211,0,0,1,4.149645805358887
1212,0,0,1,4.880214214324951
1213,0,0,1,0.21480709314346313
1214,0,0,1,1.6219532489776611
1215,0,0,1,4.265709400177002
1216,0,0,1,2.94437837600708
1217,0,0,1,7.360448360443115
1218,0,0,1,5.333098888397217
1219,0,1,0,0.49614375829696655
1220,0,1,0,0.42180484533309937
1221,0,0,1,5.464902400970459
1222,0,0,1,9.273777961730957
1223,0,0,1,6.431192398071289
1224,0,0,1,1.3337225914001465
1225,0,0,1,3.767544746398926
1226,0,1,0,-0.01760229468345642
1227,0,0,1,3.3073434829711914
1228,0,0,1,6.008907318115234
1229,0,0,1,4.070791721343994
1230,0,0,1,4.563719272613525
1231,0,0,1,6.97362756729126
1232,0,0,1,4.563137531280518
1233,0,0,1,3.991098642349243
1234,0,0,1,0.9222134351730347
1235,0,0,1,4.664763927459717
1236,0,0,1,7.09840726852417
1237,0,0,1,1.664064884185791
1238,0,0,1,2.1978023052215576
1239,0,0,1,0.5308861136436462
1240,0,0,1,1.3452634811401367
1241,0,1,0,0.059487998485565186
1242,0,0,1,1.9166218042373657
1243,0,0,1,1.335259199142456
1244,0,0,1,7.444491863250732
1245,0,0,1,7.835822105407715
1246,0,0,1,0.4784068763256073
1247,0,0,1,-0.022193947806954384
1248,0,0,1,0.2714304029941559
1249,0,1,0,0.5742194652557373
1250,0,1,0,-0.07537631690502167
1251,0,0,1,3.189789295196533
1252,0,0,1,0.5669521689414978
1253,0,0,1,3.4399032592773438
1254,0,0,1,0.22937430441379547
1255,0,1,0,1.4229435920715332
1256,0,1,0,0.35763317346572876
1257,0,0,1,1.062100887298584
1258,0,0,1,2.6766388416290283
1259,0,1,0,1.621525764465332
1260,0,1,0,-0.02021254599094391
1261,0,0,1,0.7257425785064697
1262,0,0,1,7.062560558319092
1263,0,1,0,0.4324530363082886
1264,0,0,1,0.9719170928001404
1265,0,0,1,2.460599660873413
1266,0,0,1,0.5235636234283447
1267,0,1,0,0.32272541522979736
1268,0,1,0,1.1661152839660645
1269,0,1,0,4.055259704589844
1270,0,1,0,0.744918704032898
1271,0,0,1,1.5609900951385498
1272,0,0,1,4.349425315856934
1273,0,0,1,3.510669708251953
1274,0,0,1,0.9224224090576172
1275,0,0,1,1.7666112184524536
1276,0,0,1,1.240289330482483
1277,0,0,1,0.08815295249223709
1278,0,0,1,4.228631496429443
1279,0,0,1,0.7845094799995422
1280,0,0,1,3.009693145751953
1281,0,1,0,0.6449849009513855
1282,0,1,0,1.396066665649414
1283,0,0,1,2.7571704387664795
1284,0,1,0,0.1288757026195526
1285,0,0,1,1.214123249053955
1286,0,1,0,2.656515598297119
1287,0,1,0,0.2608078420162201
1288,0,0,1,1.156105875968933
1289,0,0,1,8.081266403198242
1290,0,0,1,0.11012374609708786
1291,0,0,1,0.3227315843105316
1292,0,1,0,0.09217740595340729
1293,0,0,1,-0.0742611214518547
1294,0,0,1,5.157852649688721
1295,0,0,1,5.584994316101074
1296,0,1,0,2.628702402114868
1297,0,0,1,1.3713724613189697
1298,0,0,1,0.44692879915237427
1299,0,1,0,1.7207725048065186
1300,0,0,1,3.318061590194702
1301,0,0,1,1.7539182901382446
1302,0,1,0,0.9551277756690979
1303,0,0,1,4.542718410491943
1304,0,1,0,0.4960702657699585
1305,0,0,1,1.7873528003692627
1306,0,0,1,2.152853012084961
1307,0,1,0,1.4733257293701172
1308,0,1,0,0.07203729450702667
1309,0,0,1,1.3122966289520264
1310,0,1,0,2.3242719173431396
1311,0,0,1,0.6907421350479126
1312,0,0,1,0.010551637038588524
1313,0,0,1,0.6791120171546936
1314,0,0,1,3.259445905685425
1315,0,0,1,2.60481595993042
1316,0,1,0,2.5192651748657227
1317,0,1,0,1.3479481935501099
1318,0,0,1,-0.07679896801710129
1319,0,1,0,1.4346423149108887
1320,0,0,1,1.1176527738571167
1321,0,0,1,2.644671678543091
1322,0,0,1,1.670981526374817
1323,0,1,0,0.6412910223007202
1324,0,0,1,5.212971210479736
1325,0,0,1,2.5955333709716797
1326,0,0,1,4.888132095336914
1327,0,0,1,0.8469085097312927
1328,0,0,1,3.0861334800720215
1329,0,0,1,2.0079541206359863
1330,0,1,0,-0.13635854423046112
1331,0,0,1,2.5826144218444824
1332,0,0,1,1.0129883289337158
1333,0,0,1,0.2627559304237366
1334,0,0,1,3.8037242889404297
1335,0,0,1,0.6734471917152405
1336,0,0,1,0.05070079118013382
1337,0,0,1,1.8038060665130615
1338,0,1,0,-0.0007343441247940063
1339,0,0,1,2.1550021171569824
1340,0,0,1,0.0006286408752202988
1341,0,1,0,-0.17199961841106415
1342,0,0,1,1.3307864665985107
1343,0,0,1,0.31015756726264954
1344,0,0,1,1.1822932958602905
1345,0,0,1,3.7743468284606934
1346,0,0,1,2.5338029861450195
1347,0,0,1,1.4701056480407715
1348,0,1,0,2.463913917541504
1349,0,1,0,2.344208002090454
1350,0,0,1,0.02930407039821148
1351,0,1,0,1.468996286392212
1352,0,0,1,1.1533653736114502
1353,0,1,0,0.721634566783905
1354,0,0,1,1.7261146306991577
1355,0,1,0,2.1002368927001953
1356,0,1,0,1.322096824645996
1357,0,0,1,-0.002599293366074562
1358,0,0,1,-0.08109100908041
1359,0,0,1,1.5799577236175537
1360,0,0,1,0.3330252468585968
1361,0,1,0,1.6310282945632935
1362,0,1,0,0.2860059142112732
1363,0,1,0,1.176378607749939
1364,0,1,0,0.3866569697856903
1365,0,0,1,1.637927770614624
1366,0,0,1,1.6534711122512817
1367,0,0,1,-0.09728056937456131
1368,0,0,1,-0.0027445200830698013
1369,0,0,1,1.5695874691009521
1370,0,0,1,2.330202102661133
1371,0,1,0,1.54537832736969
1372,0,1,0,1.000854730606079
1373,0,1,0,0.1741066575050354
1374,0,1,0,0.8775716423988342
1375,0,1,0,3.021426200866699
1376,0,1,0,1.7433629035949707
1377,0,1,0,1.3339033126831055
1378,0,0,1,2.5335655212402344
1379,0,0,1,0.67816162109375
1380,0,0,1,0.2880439758300781
1381,0,1,0,1.6116302013397217
1382,0,1,0,1.4648022651672363
1383,0,1,0,0.06820204854011536
1384,0,1,0,3.422159194946289
1385,0,0,1,2.0433425903320312
1386,0,0,1,0.8694564700126648
1387,0,1,0,0.5946980714797974
1388,0,0,1,1.726660966873169
1389,0,1,0,0.5054082870483398
1390,0,1,0,0.03959782421588898
1391,0,0,1,1.1723068952560425
1392,0,0,1,-0.06894626468420029
1393,0,0,1,0.5848140716552734
1394,0,0,1,0.8469136357307434
1395,0,0,1,0.4002651274204254
1396,0,0,1,4.183526515960693
1397,0,0,1,-0.07142357528209686
1398,0,1,0,0.2572067677974701
1399,0,0,1,3.914055824279785
1400,0,1,0,1.5312191247940063
1401,0,0,1,1.8350591659545898
1402,0,0,1,2.4039831161499023
1403,0,1,0,0.9446758031845093
1404,0,1,0,1.0990772247314453
1405,0,0,1,3.981980800628662
1406,0,0,1,2.9093894958496094
1407,0,0,1,-0.11714228242635727
1408,0,0,1,1.394796371459961
1409,0,0,1,3.6574110984802246
1410,0,0,1,2.200665235519409
1411,0,0,1,0.4566624164581299
1412,0,1,0,1.3340997695922852
1413,0,0,1,1.8623840808868408
1414,0,0,1,1.2467409372329712
1415,0,0,1,1.8619993925094604
1416,0,0,1,1.6073098182678223
1417,0,0,1,-0.1692308783531189
1418,0,1,0,2.2168638706207275
1419,0,1,0,0.9500454068183899
1420,0,1,0,1.2948015928268433
1421,0,0,1,0.692694365978241
1422,0,1,0,1.755354642868042
1423,0,0,1,4.44790506362915
1424,0,0,1,0.8292990922927856
1425,0,1,0,1.8411222696304321
1426,0,1,0,0.5208999514579773
1427,0,0,1,0.3787984549999237
1428,0,1,0,1.2846739292144775
1429,0,0,1,2.928485631942749
1430,0,0,1,-0.06918120384216309
1431,0,1,0,1.280029058456421
1432,0,0,1,1.5259547233581543
1433,0,0,1,3.308256149291992
1434,0,0,1,0.4774947166442871
1435,0,0,1,1.2724522352218628
1436,0,1,0,3.075092077255249
1437,0,1,0,1.470046877861023
1438,0,0,1,2.1992125511169434
1439,0,0,1,-0.04782744497060776
1440,0,0,1,0.7471361756324768
1441,0,1,0,1.3533313274383545
1442,0,1,0,0.8173310160636902
1443,0,1,0,0.15128836035728455
1444,0,0,1,0.9315221309661865
1445,0,0,1,0.4166935384273529
1446,0,0,1,1.4299818277359009
1447,0,0,1,1.840781807899475
1448,0,1,0,0.22872242331504822
1449,0,1,0,-0.07797223329544067
1450,0,1,0,3.3722550868988037
1451,0,0,1,-0.09959974884986877
1452,0,1,0,1.6041682958602905
1453,0,0,1,3.866023063659668
1454,0,0,1,0.3539561927318573
1455,0,0,1,-0.07791564613580704
1456,0,1,0,0.8237205743789673
1457,0,0,1,4.624897003173828
1458,0,1,0,2.096446990966797
1459,0,1,0,0.13311943411827087
1460,0,0,1,3.3510165214538574
1461,0,0,1,0.6387779712677002
1462,0,0,1,4.410788536071777
1463,0,0,1,1.0323885679244995
1464,0,0,1,0.33258965611457825
1465,0,0,1,2.4357357025146484
1466,0,1,0,2.676579236984253
1467,0,1,0,0.16901174187660217
1468,0,1,0,-0.04253837466239929
1469,0,1,0,-0.12224137037992477
1470,0,0,1,3.9179158210754395
1471,0,1,0,0.13107526302337646
1472,0,0,1,0.4784470796585083
1473,0,0,1,1.7222645282745361
1474,0,0,1,0.2702092230319977
1475,0,1,0,1.2082858085632324
1476,0,0,1,2.566112518310547
1477,0,0,1,1.7311742305755615
1478,0,0,1,0.9363123774528503
1479,0,1,0,2.801513195037842
1480,0,0,1,2.7280521392822266
1481,0,0,1,3.2802963256835938
1482,0,0,1,1.5250511169433594
1483,0,0,1,0.06213025003671646
1484,0,0,1,-0.01692109741270542
1485,0,1,0,1.931389331817627
1486,0,0,1,-0.2554015815258026
1487,0,1,0,0.20388677716255188
1488,0,0,1,0.13555908203125
1489,0,1,0,0.7094805240631104
1490,0,1,0,-0.0016412623226642609
1491,0,1,0,0.6791661977767944
1492,0,1,0,0.3570736050605774
1493,0,0,1,1.407670021057129
1494,0,0,1,0.44714415073394775
1495,0,0,1,4.0017218589782715
1496,0,1,0,-0.003604672849178314
1497,0,0,1,0.9020417332649231
1498,0,1,0,1.2416411638259888
1499,0,0,1,-0.018656203523278236
1500,0,0,1,1.6300609111785889
1501,0,0,1,3.404484510421753
1502,0,1,0,0.6752949953079224
1503,0,1,0,1.0464355945587158
1504,0,1,0,0.36325109004974365
1505,0,1,0,1.5403757095336914
1506,0,0,1,2.4140701293945312
1507,0,1,0,-0.041726455092430115
1508,0,0,1,1.066283941268921
1509,0,0,1,0.6681032180786133
1510,0,0,1,1.1432807445526123
1511,0,1,0,1.7005021572113037
1512,0,1,0,1.4828637838363647
1513,0,0,1,0.0007949527353048325
1514,0,0,1,3.7769181728363037
1515,0,0,1,0.13626296818256378
1516,0,1,0,-0.08706018328666687
1517,0,0,1,1.3998997211456299
1518,0,1,0,0.6373019814491272
1519,0,0,1,0.11172740906476974
1520,0,0,1,0.9070294499397278
1521,0,1,0,2.4384677410125732
1522,0,1,0,4.011412620544434
1523,0,1,0,0.1507336050271988
1524,0,0,1,1.2177969217300415
1525,0,0,1,2.4810471534729004
1526,0,0,1,1.9487032890319824
1527,0,0,1,2.775726318359375
1528,0,1,0,1.3763949871063232
1529,0,1,0,0.833721935749054
1530,0,0,1,2.33408260345459
1531,0,0,1,1.7341375350952148
1532,0,1,0,0.06098320335149765
1533,0,0,1,-0.10102640837430954
1534,0,1,0,0.37396904826164246
1535,0,0,1,1.4347398281097412
1536,0,1,0,1.7387335300445557
1537,0,1,0,0.5897204875946045
1538,0,1,0,2.216630697250366
1539,0,0,1,1.1772964000701904
1540,0,0,1,2.606611728668213
1541,0,0,1,0.1752661168575287
1542,0,0,1,0.3316161334514618
1543,0,1,0,-0.06121215969324112
1544,0,1,0,0.6577153205871582
1545,0,1,0,0.14355877041816711
1546,0,0,1,4.84228515625
1547,1,0,0,0.5593581199645996
1548,0,1,0,1.9716169834136963
1549,0,0,1,1.2820085287094116
1550,1,1,1,0.23207414150238037
1551,0,1,0,0.9060513973236084
1552,0,1,0,0.49848103523254395
1553,0,1,0,0.8328403830528259
1554,0,0,1,2.056481122970581
1555,0,0,1,0.5797408223152161
1556,0,1,0,-0.05712292715907097
1557,0,1,0,0.3326050043106079
1558,0,0,1,0.6951731443405151
1559,0,1,0,-0.02175946533679962
1560,0,1,0,0.8794500827789307
1561,0,1,0,2.549243927001953
1562,0,0,1,3.1010472774505615
1563,0,1,0,0.4352710247039795
1564,0,1,0,1.005622386932373
1565,0,1,0,0.6679335832595825
1566,0,1,0,0.5484278798103333
1567,0,0,1,1.4420661926269531
1568,0,1,0,0.9865306615829468
1569,0,0,1,1.8307486772537231
1570,0,0,1,1.518334984779358
1571,0,1,0,-0.040746867656707764
1572,0,1,0,0.0875752866268158
1573,0,1,0,0.09843505918979645
1574,0,1,0,1.079805850982666
1575,0,0,1,-0.05572332441806793
1576,0,0,1,0.6083047986030579
1577,0,0,1,0.411154180765152
1578,0,1,0,2.2168338298797607
1579,0,1,0,0.9839565753936768
1580,0,0,1,0.9113946557044983
1581,0,1,0,0.8780072927474976
1582,0,1,0,0.1513836681842804
1583,0,1,0,2.8628551959991455
1584,0,1,0,0.2916218638420105
1585,0,1,0,-0.1103152260184288
1586,0,0,1,0.8869206309318542
1587,0,1,0,-0.16006554663181305
1588,0,0,1,0.0045991819351911545
1589,0,0,1,0.8424569368362427
1590,0,0,1,0.1546402871608734
1591,0,0,1,-0.01811077632009983
1592,0,1,0,1.360564947128296
1593,0,1,0,1.42806077003479
1594,0,1,0,0.11090041697025299
1595,0,0,1,1.9970351457595825
1596,0,0,1,0.8742800354957581
1597,0,0,1,0.2631312906742096
1598,0,0,1,0.12978722155094147
1599,0,0,1,0.3804734945297241
1600,0,0,1,0.44869914650917053
1601,0,1,0,0.19065621495246887
1602,0,1,0,0.12797002494335175
1603,0,1,0,0.26074352860450745
1604,0,0,1,0.014973616227507591
1605,0,0,1,0.11141014844179153
1606,0,1,0,-0.08294372260570526
1607,0,1,0,0.4361500144004822
1608,0,0,1,1.3280545473098755
1609,0,0,1,2.336925506591797
1610,0,0,1,1.4775545597076416
1611,0,0,1,0.13523195683956146
1612,0,0,1,0.6714519262313843
1613,0,0,1,1.0728514194488525
1614,0,0,1,3.169019937515259
1615,0,1,0,0.4899125099182129
1616,0,0,1,0.08241835981607437
1617,0,0,1,2.0235230922698975
1618,0,1,0,0.0913989245891571
1619,0,0,1,0.07351254671812057
1620,0,1,0,1.942708969116211
1621,0,0,1,3.3507745265960693
1622,0,0,1,1.9657926559448242
1623,0,1,0,0.01324356347322464
1624,0,0,1,1.7479026317596436
1625,0,0,1,2.168137550354004
1626,0,0,1,4.103138446807861
1627,0,0,1,2.7991526126861572
1628,1,1,1,3.0408565998077393
1629,0,1,0,1.379581093788147
1630,0,1,0,3.8163468837738037
1631,0,0,1,1.855743646621704
1632,0,0,1,2.3125600814819336
1633,0,1,0,0.26229754090309143
1634,0,0,1,0.43318256735801697
1635,0,0,1,-0.11881596595048904
1636,0,0,1,1.5284066200256348
1637,0,0,1,1.1376659870147705
1638,0,1,0,1.5008275508880615
1639,0,1,0,0.0687221959233284
1640,0,1,0,3.2446796894073486
1641,0,0,1,1.5776283740997314
1642,0,1,0,0.8316206336021423
1643,0,1,0,0.10770353674888611
1644,0,1,0,-0.19011983275413513
1645,0,0,1,0.480621874332428
1646,0,0,1,1.594565987586975
1647,0,0,1,0.0054552312940359116
1648,0,0,1,1.2180887460708618
1649,0,0,1,0.6019678711891174
1650,0,0,1,0.40903520584106445
1651,0,0,1,1.9618332386016846
1652,0,0,1,-0.14311888813972473
1653,0,1,0,-0.10303124785423279
1654,0,0,1,1.5148754119873047
1655,0,1,0,1.0247230529785156
1656,0,0,1,2.514462947845459
1657,0,0,1,2.3082058429718018
1658,0,0,1,1.0416423082351685
1659,0,1,0,1.114943027496338
1660,0,0,1,2.4759140014648438
1661,0,0,1,2.0385003089904785
1662,0,1,0,1.6833336353302002
1663,0,0,1,2.1994733810424805
1664,0,0,1,-0.03329255431890488
1665,0,1,0,1.4314069747924805
1666,0,0,1,7.379537582397461
1667,0,0,1,15.257729530334473
1668,0,0,1,1.8503446578979492
1669,0,0,1,5.909354209899902
1670,0,0,1,3.536073923110962
1671,0,0,1,2.9752354621887207
1672,0,0,1,4.4215474128723145
1673,0,0,1,5.640421390533447
1674,0,0,1,8.19509220123291
1675,0,0,1,4.4513840675354
1676,0,1,0,3.4528915882110596
1677,0,0,1,1.4030314683914185
1678,0,0,1,10.339258193969727
1679,0,0,1,4.45983362197876
1680,0,1,0,0.7856811285018921
1681,0,0,1,10.153736114501953
1682,0,0,1,6.127370834350586
1683,0,0,1,2.0843653678894043
1684,0,0,1,4.2048115730285645
1685,0,0,1,6.547997951507568
1686,0,0,1,3.489429473876953
1687,0,1,0,2.333268642425537
1688,0,0,1,0.5220233201980591
1689,0,1,0,0.32490867376327515
1690,0,0,1,0.132904052734375
1691,0,0,1,2.304879903793335
1692,0,1,0,2.7194483280181885
1693,0,0,1,7.240091800689697
1694,0,0,1,7.763222694396973
1695,0,1,0,2.6466386318206787
1696,0,0,1,1.3800612688064575
1697,0,0,1,0.738493800163269
1698,0,0,1,1.7972322702407837
1699,0,1,0,4.826610565185547
1700,0,0,1,0.8113337755203247
1701,0,0,1,0.18099044263362885
1702,0,0,1,2.1622848510742188
1703,0,0,1,1.0531110763549805
1704,0,0,1,2.0823590755462646
1705,0,0,1,0.607433021068573
1706,0,0,1,1.0269787311553955
1707,0,0,1,0.959896445274353
1708,0,0,1,0.21584415435791016
1709,0,0,1,3.231320858001709
1710,0,0,1,2.051609992980957
1711,0,0,1,4.09597110748291
1712,0,0,1,6.978930950164795
1713,0,0,1,6.7450337409973145
1714,0,0,1,2.043421745300293
1715,0,0,1,2.6489548683166504
1716,0,0,1,3.7809290885925293
1717,0,0,1,2.376685857772827
1718,0,0,1,0.13206283748149872
1719,0,0,1,2.067868709564209
1720,0,0,1,0.8862047791481018
1721,0,0,1,5.076231479644775
1722,0,0,1,6.284522533416748
1723,0,0,1,1.1333556175231934
1724,0,0,1,1.534001350402832
1725,0,0,1,2.8434898853302
1726,0,0,1,1.2404617071151733
1727,0,0,1,3.8899028301239014
1728,0,0,1,2.216477632522583
1729,0,1,0,2.080864191055298
1730,0,0,1,2.956491470336914
1731,0,1,0,0.1308821141719818
1732,0,0,1,4.350031852722168
1733,0,0,1,2.98370099067688
1734,0,1,0,0.4133078157901764
1735,0,0,1,6.551466464996338
1736,0,1,0,0.8317586779594421
1737,0,1,0,0.5331525206565857
1738,0,0,1,2.121901750564575
1739,0,0,1,3.2581984996795654
1740,0,0,1,2.275747537612915
1741,0,0,1,1.8893675804138184
1742,0,1,0,0.3864394426345825
1743,0,0,1,0.9736931324005127
1744,0,0,1,3.510155439376831
1745,0,1,0,1.7859752178192139
1746,0,0,1,6.141727924346924
1747,0,0,1,1.5510727167129517
1748,0,0,1,3.129951000213623
1749,0,1,0,0.49266892671585083
1750,0,0,1,1.3927992582321167
1751,0,0,1,1.7566076517105103
1752,0,0,1,2.2213356494903564
1753,0,0,1,1.5187807083129883
1754,0,0,1,-0.15515488386154175
1755,0,0,1,2.3556971549987793
1756,0,0,1,2.778411865234375
1757,0,0,1,4.402013301849365
1758,0,0,1,3.2371954917907715
1759,0,0,1,1.6465866565704346
1760,0,1,0,0.539226770401001
1761,0,0,1,1.832239031791687
1762,0,0,1,0.3793973922729492
1763,0,0,1,2.2970848083496094
1764,0,0,1,0.7825813293457031
1765,0,0,1,1.725730538368225
1766,0,0,1,0.2169390618801117
1767,0,0,1,0.37257012724876404
1768,0,0,1,3.9113667011260986
1769,0,0,1,1.5230934619903564
1770,0,0,1,5.01730489730835
1771,0,0,1,1.4296752214431763
1772,0,0,1,3.9703691005706787
1773,0,0,1,0.31626373529434204
1774,0,0,1,1.6347135305404663
1775,0,1,0,2.672882318496704
1776,0,0,1,4.245063781738281
1777,0,1,0,1.0533397197723389
1778,0,1,0,0.08485892415046692
1779,0,0,1,4.420177459716797
1780,0,0,1,3.871988296508789
1781,0,0,1,0.2478908747434616
1782,0,0,1,2.2959065437316895
1783,0,0,1,3.389218330383301
1784,0,0,1,3.2248525619506836
1785,0,0,1,4.377070903778076
1786,0,0,1,1.2929611206054688
1787,0,0,1,4.733214378356934
1788,0,0,1,3.9985852241516113
1789,0,0,1,5.132331371307373
1790,0,0,1,3.8253064155578613
1791,0,0,1,1.660638451576233
1792,0,0,1,-0.021761709824204445
1793,0,1,0,0.3234255015850067
1794,0,1,0,1.380769968032837
1795,0,1,0,0.21090303361415863
1796,0,0,1,2.4413294792175293
1797,0,0,1,2.4165642261505127
1798,0,0,1,2.1259188652038574
1799,0,0,1,1.5058825016021729
1800,0,0,1,4.400424480438232
1801,0,0,1,2.6332640647888184
1802,0,0,1,-0.1492743343114853
1803,0,1,0,2.249328851699829
1804,0,1,0,0.30000483989715576
1805,0,0,1,2.407811403274536
1806,0,1,0,3.1111836433410645
1807,0,0,1,2.6262331008911133
1808,0,0,1,1.6836388111114502
1809,0,0,1,1.2395840883255005
1810,0,1,0,0.31919896602630615
1811,0,0,1,-0.003752702847123146
1812,0,1,0,2.21742582321167
1813,0,0,1,3.950556755065918
1814,0,0,1,1.8265657424926758
1815,0,0,1,3.7638988494873047
1816,0,1,0,3.694023847579956
1817,0,0,1,2.9725708961486816
1818,0,0,1,3.6094346046447754
1819,0,0,1,3.5659759044647217
1820,0,0,1,1.8963515758514404
1821,0,0,1,-0.048893608152866364
1822,0,0,1,2.15628981590271
1823,0,0,1,0.5620498657226562
1824,0,0,1,3.904600143432617
1825,0,0,1,2.7086191177368164
1826,0,0,1,0.9481287598609924
1827,0,0,1,4.574340343475342
1828,0,0,1,0.4945424497127533
1829,0,0,1,2.2975361347198486
1830,0,1,0,1.9662396907806396
1831,0,0,1,0.7465117573738098
1832,0,0,1,0.28883981704711914
1833,0,0,1,7.308023929595947
1834,0,1,0,2.3898489475250244
1835,0,0,1,1.1882474422454834
1836,0,0,1,0.32696330547332764
1837,0,0,1,-0.01840243674814701
1838,0,0,1,0.03452318161725998
1839,0,0,1,0.21158264577388763
1840,0,0,1,1.404973030090332
1841,0,0,1,2.439115047454834
1842,0,1,0,0.7233465909957886
1843,0,1,0,0.28668493032455444
1844,0,1,0,1.9665911197662354
1845,0,1,0,1.9697902202606201
1846,0,1,0,0.5488390922546387
1847,0,0,1,2.524813652038574
1848,0,1,0,0.5536266565322876
1849,0,1,0,0.5233092308044434
1850,0,1,0,1.258771300315857
1851,0,1,0,1.2592557668685913
1852,0,0,1,0.0002806391566991806
1853,0,0,1,2.182687759399414
1854,0,0,1,1.1864867210388184
1855,0,1,0,0.24841371178627014
1856,0,1,0,1.57709801197052
1857,0,1,0,0.42272472381591797
1858,0,1,0,1.107290267944336
1859,0,0,1,0.2040254920721054
1860,0,0,1,0.8559839725494385
1861,0,1,0,2.2432198524475098
1862,0,1,0,0.3457127511501312
1863,0,1,0,0.9865286350250244
1864,0,1,0,1.0581505298614502
1865,0,0,1,0.9409435987472534
1866,0,0,1,2.380654811859131
1867,0,1,0,1.7769370079040527
1868,0,0,1,3.1104464530944824
1869,0,0,1,2.6231937408447266
1870,0,0,1,4.333435535430908
1871,0,1,0,0.32251429557800293
1872,0,0,1,1.5432465076446533
1873,0,1,0,2.188920021057129
1874,0,1,0,3.1329185962677
1875,0,0,1,3.204000949859619
1876,0,0,1,6.761816024780273
1877,0,0,1,2.212193012237549
1878,0,0,1,0.19329863786697388
1879,0,0,1,0.28355658054351807
1880,0,0,1,0.9399922490119934
1881,0,0,1,0.9404754638671875
1882,0,0,1,2.2086806297302246
1883,0,1,0,-0.10627518594264984
1884,0,1,0,-0.14447498321533203
1885,0,1,0,1.396360158920288
1886,0,0,1,2.8214073181152344
1887,0,0,1,4.392290115356445
1888,0,0,1,0.011447137221693993
1889,0,0,1,1.6240462064743042
1890,0,0,1,0.9972890615463257
1891,0,0,1,5.497533798217773
1892,1,0,0,-0.21673664450645447
1893,1,0,0,3.8867266178131104
1894,1,0,0,0.044998444616794586
1895,1,1,1,0.5648253560066223
1896,1,0,0,0.7121173143386841
1897,1,0,0,2.648188829421997
1898,1,0,0,0.7563304305076599
1899,1,1,1,1.147517442703247
1900,1,1,1,2.296962261199951
1901,1,1,1,2.7007205486297607
1902,1,0,0,3.153097152709961
1903,1,0,0,7.111439228057861
1904,1,1,1,0.7478384971618652
1905,1,1,1,0.40241336822509766
1906,1,0,0,2.237020969390869
1907,1,0,0,0.3234778046607971
1908,1,1,1,2.1581881046295166
1909,1,0,0,1.0765657424926758
1910,1,1,1,-0.1361728012561798
1911,1,1,1,0.1678006649017334
1912,1,1,1,2.248149871826172
1913,1,0,0,2.8564205169677734
1914,1,1,1,2.0161726474761963
1915,1,0,0,1.5331968069076538
1916,1,0,0,2.2283244132995605
1917,1,0,0,3.373737096786499
1918,1,0,0,0.8192903399467468
1919,1,1,1,2.9200525283813477
1920,1,1,1,2.999628782272339
1921,1,1,1,0.2689991891384125
1922,1,0,0,1.383429765701294
1923,0,0,1,4.945067882537842
1924,0,0,1,1.1604448556900024
1925,0,0,1,6.61619234085083
1926,0,0,1,10.881247520446777
1927,0,0,1,7.417539119720459
1928,0,0,1,6.537069797515869
1929,0,1,0,3.237037420272827
1930,0,0,1,5.363430500030518
1931,0,0,1,3.915715217590332
1932,0,0,1,5.117609977722168
1933,0,0,1,8.09047794342041
1934,0,1,0,1.6198866367340088
1935,0,0,1,5.397514343261719
1936,0,0,1,12.461971282958984
1937,0,0,1,1.8270635604858398
1938,0,0,1,0.5197197794914246
1939,0,1,0,-0.004409598186612129
1940,0,0,1,0.05021999031305313
1941,0,0,1,2.568981170654297
1942,1,0,0,0.5289379954338074
1943,1,0,0,3.0259199142456055
1944,1,0,0,3.0522334575653076
1945,1,1,1,1.3160618543624878
1946,1,0,0,4.613677501678467
1947,1,0,0,0.8682214021682739
1948,1,0,0,2.722127914428711
1949,1,0,0,-0.004327962175011635
1950,1,1,1,0.49079346656799316
1951,1,0,0,2.25626540184021
1952,1,0,0,2.622478723526001
1953,1,0,0,2.826472043991089
1954,1,1,1,-0.06728646159172058
1955,1,0,0,5.841699123382568
1956,1,0,0,0.3216903507709503
1957,1,0,0,0.33192357420921326
1958,1,0,0,2.5838136672973633
1959,1,1,1,0.27067577838897705
1960,1,0,0,-0.14783026278018951
1961,1,0,0,2.3423779010772705
1962,1,0,0,-0.08269714564085007
1963,1,1,1,1.7668626308441162
1964,1,1,1,1.087684154510498
1965,1,0,0,-0.09352173656225204
1966,1,0,0,1.3842090368270874
1967,1,1,1,1.181364893913269
1968,1,1,1,4.3595123291015625
1969,1,0,0,1.3638012409210205
1970,1,1,1,2.571892023086548
1971,1,0,0,1.4384797811508179
1972,1,0,0,3.962003231048584
1973,1,0,0,2.5540120601654053
1974,1,0,0,2.334170341491699
1975,1,1,1,3.0635082721710205
1976,1,0,0,3.185018539428711
1977,1,1,1,0.9766945838928223
1978,1,0,0,3.9173102378845215
1979,1,0,0,3.7840187549591064
1980,1,0,0,2.127399444580078
1981,1,0,0,3.724432945251465
1982,1,0,0,4.7157158851623535
1983,1,1,1,1.823502540588379
1984,1,0,0,1.2302160263061523
1985,1,0,0,0.1109473779797554
1986,1,0,0,3.4418487548828125
1987,1,0,0,-0.003932083025574684
1988,1,1,1,0.4513808786869049
1989,1,0,0,0.5427507758140564
1990,1,1,1,0.9278762340545654
1991,1,1,1,0.9237039089202881
1992,1,0,0,1.8477435111999512
1993,1,0,0,2.6561858654022217
1994,1,1,1,1.2452878952026367
1995,1,0,0,0.5958939790725708
1996,1,0,0,2.5503768920898438
1997,1,0,0,1.6372613906860352
1998,1,0,0,3.499666452407837
1999,1,1,1,1.9292843341827393
2000,1,0,0,0.309826523065567
2001,1,0,0,3.8941869735717773
2002,1,1,1,1.2884624004364014
2003,1,0,0,0.17680373787879944
2004,1,0,0,0.3401668667793274
2005,1,0,0,5.6541900634765625
2006,1,1,1,4.274311065673828
2007,1,1,1,2.0470340251922607
2008,1,0,0,7.306643962860107
2009,1,1,1,1.1708085536956787
2010,1,1,1,0.6047265529632568
2011,1,1,1,1.2506396770477295
2012,1,1,1,1.133721947669983
2013,1,0,0,2.0530459880828857
2014,1,1,1,1.2394640445709229
2015,1,1,1,0.3843022584915161
2016,1,1,1,1.944847822189331
2017,1,0,0,1.9409816265106201
2018,1,0,0,1.3263893127441406
2019,1,0,0,1.2404230833053589
2020,1,1,1,3.9318313598632812
2021,1,1,1,3.994281053543091
2022,1,0,0,0.43108317255973816
2023,1,1,1,0.5145539045333862
2024,1,0,0,4.396795749664307
2025,1,0,0,1.0833704471588135
2026,1,0,0,0.452227920293808
2027,1,1,1,0.5011070966720581
2028,1,1,1,2.550825834274292
2029,1,0,0,0.7980045080184937
2030,1,0,0,0.3946598470211029
2031,1,1,1,2.9615395069122314
2032,1,1,1,1.1351914405822754
2033,1,1,1,2.263950824737549
2034,1,1,1,1.0557305812835693
2035,1,1,1,1.020879864692688
2036,1,1,1,1.6973650455474854
2037,1,1,1,0.5250741243362427
2038,1,1,1,4.633160591125488
2039,1,1,1,0.6261197328567505
2040,1,0,0,1.2404098510742188
2041,1,0,0,3.886591672897339
2042,1,1,1,2.817554235458374
2043,1,1,1,0.8001590967178345
2044,1,0,0,0.09581271559000015
2045,1,0,0,1.980940818786621
2046,1,1,1,1.955083966255188
2047,1,1,1,1.2194604873657227
2048,1,0,0,2.561577081680298
2049,1,0,0,1.7574676275253296
2050,1,1,1,1.8097602128982544
2051,1,0,0,-0.12018824368715286
2052,1,0,0,0.29173195362091064
2053,1,1,1,0.5711955428123474
2054,1,0,0,2.6600210666656494
2055,1,0,0,3.0657923221588135
2056,1,1,1,0.012483745813369751
2057,1,1,1,1.2486571073532104
2058,1,0,0,1.3165333271026611
2059,1,1,1,0.5467902421951294
2060,1,1,1,0.5221973657608032
2061,1,1,1,-0.12704943120479584
2062,1,1,1,1.9976475238800049
2063,1,0,0,0.6829023361206055
2064,1,0,0,1.6314975023269653
2065,1,1,1,1.7416026592254639
2066,1,0,0,2.226719856262207
2067,1,0,0,3.337787389755249
2068,1,1,1,2.952244281768799
2069,1,0,0,1.0173115730285645
2070,1,1,1,0.1384390890598297
2071,1,1,1,1.285262107849121
2072,1,0,0,2.647289276123047
2073,1,0,0,-0.14585930109024048
2074,1,0,0,0.06946504861116409
2075,1,1,1,1.7399907112121582
2076,1,0,0,-0.07925356179475784
2077,1,0,0,1.333762526512146
2078,1,1,1,0.6515547037124634
2079,1,0,0,4.121620178222656
2080,1,0,0,0.3579860329627991
2081,1,1,1,0.8750207424163818
2082,1,1,1,1.3948578834533691
2083,1,0,0,-0.15783382952213287
2084,1,0,0,4.106189250946045
2085,1,0,0,1.2241675853729248
2086,1,1,1,1.8564084768295288
2087,1,1,1,5.199319839477539
2088,1,1,1,2.613537549972534
2089,1,0,0,2.8936591148376465
2090,1,0,0,0.7396703362464905
2091,1,0,0,2.4666616916656494
2092,1,0,0,4.774855136871338
2093,1,1,1,2.135133981704712
2094,1,1,1,1.6155457496643066
2095,1,0,0,1.0017703771591187
2096,1,1,1,3.1750879287719727
2097,1,0,0,2.3471405506134033
2098,1,1,1,2.8622591495513916
2099,1,0,0,0.8190000653266907
2100,1,1,1,4.79837703704834
2101,1,1,1,1.0443055629730225
2102,1,1,1,1.4359652996063232
2103,1,0,0,0.9687948822975159
2104,1,0,0,0.8906775116920471
2105,1,1,1,0.2186863124370575
2106,1,1,1,0.9879364967346191
2107,1,1,1,2.368805170059204
2108,1,0,0,6.5058207511901855
2109,1,0,0,0.270097941160202
2110,1,0,0,2.027637481689453
2111,1,1,1,1.1406707763671875
2112,1,1,1,-0.05338263511657715
2113,1,1,1,3.5396010875701904
2114,1,0,0,0.4142601788043976
2115,1,0,0,1.0576248168945312
2116,1,0,0,2.1312386989593506
2117,1,0,0,2.1507439613342285
2118,1,0,0,2.0935590267181396
2119,1,1,1,0.4047127068042755
2120,1,0,0,0.8421533703804016
2121,1,0,0,1.627638339996338
2122,1,1,1,1.659881591796875
2123,1,1,1,2.8123271465301514
2124,1,1,1,1.6120171546936035
2125,1,0,0,3.849275588989258
2126,1,1,1,3.0999717712402344
2127,1,1,1,2.1938278675079346
2128,1,1,1,0.9969347715377808
2129,1,1,1,-0.09890633821487427
2130,1,0,0,0.3306010067462921
2131,1,1,1,0.7543140649795532
2132,1,0,0,1.3653771877288818
2133,1,0,0,2.140697479248047
2134,1,0,0,-0.03725229948759079
2135,1,0,0,1.863386869430542
2136,1,1,1,0.5248087644577026
2137,1,1,1,3.1621479988098145
2138,1,0,0,-0.041842930018901825
2139,1,0,0,5.449100494384766
2140,1,0,0,1.837937593460083
2141,1,1,1,1.8779033422470093
2142,1,1,1,5.829108238220215
2143,1,0,0,1.2422648668289185
2144,1,1,1,1.6436946392059326
2145,1,1,1,1.8926563262939453
2146,1,1,1,6.384577751159668
2147,1,0,0,4.234050750732422
2148,1,0,0,3.094277858734131
2149,1,0,0,2.9772634506225586
2150,1,0,0,1.938723087310791
2151,1,1,1,2.1239874362945557
2152,1,1,1,1.0382001399993896
2153,1,1,1,2.2271015644073486
2154,1,0,0,7.5255866050720215
2155,1,1,1,2.567255735397339
2156,1,0,0,0.6007599234580994
2157,1,1,1,4.65493106842041
2158,1,1,1,1.2933043241500854
2159,1,0,0,0.8231175541877747
2160,1,1,1,2.0051796436309814
2161,1,1,1,2.5128581523895264
2162,1,1,1,2.852628469467163
2163,1,1,1,3.467402219772339
2164,1,1,1,3.4331891536712646
2165,1,1,1,3.885680675506592
2166,1,1,1,1.5283043384552002
2167,1,1,1,3.2848727703094482
2168,1,1,1,2.5048153400421143
2169,1,1,1,3.7938334941864014
2170,1,0,0,1.4313066005706787
2171,1,1,1,-0.03730018064379692
2172,1,0,0,0.5333163142204285
2173,1,1,1,2.6013429164886475
2174,1,1,1,2.0576984882354736
2175,1,1,1,2.1492795944213867
2176,1,1,1,0.34028783440589905
2177,1,1,1,0.7425272464752197
2178,1,0,0,0.00945480726659298
2179,1,0,0,0.8768976926803589
2180,1,1,1,6.778750419616699
2181,1,0,0,2.4130682945251465
2182,1,1,1,1.24945867061615
2183,1,1,1,0.5277813076972961
2184,1,0,0,0.8135585784912109
2185,1,0,0,3.9228315353393555
2186,1,0,0,2.850944757461548
2187,1,1,1,-0.09408809244632721
2188,1,1,1,2.05161190032959
2189,1,1,1,3.960111379623413
2190,1,1,1,1.883023977279663
2191,1,1,1,2.6289427280426025
2192,1,1,1,0.5221374034881592
2193,1,0,0,2.1103336811065674
2194,1,0,0,0.41725990176200867
2195,1,1,1,0.9324703216552734
2196,1,1,1,2.082720994949341
2197,1,1,1,2.6494314670562744
2198,1,0,0,1.9464855194091797
2199,1,1,1,3.65972638130188
2200,1,1,1,1.0881366729736328
2201,1,1,1,0.1411495804786682
2202,1,1,1,6.005126953125
2203,1,1,1,1.0886999368667603
2204,1,1,1,2.5196211338043213
2205,1,1,1,1.1280931234359741
2206,1,1,1,1.455125093460083
2207,1,0,0,1.2347341775894165
2208,1,0,0,0.5721167325973511
2209,1,1,1,3.1077804565429688
2210,1,1,1,0.15365323424339294
2211,1,1,1,2.2144527435302734
2212,1,0,0,-0.015606598928570747
2213,1,1,1,0.5574005842208862
2214,1,1,1,0.27560484409332275
2215,1,1,1,0.005330972373485565
2216,1,1,1,3.0515401363372803
2217,1,0,0,0.4178744852542877
2218,1,1,1,-0.12568040192127228
2219,1,1,1,2.9575045108795166
2220,1,1,1,0.9410083889961243
2221,1,1,1,4.214809417724609
2222,1,0,0,3.645294189453125
2223,1,1,1,0.6844151616096497
2224,1,1,1,3.8066489696502686
2225,1,1,1,2.170591354370117
2226,1,0,0,0.9947127103805542
2227,1,0,0,4.285388946533203
2228,1,1,1,1.507061243057251
2229,1,0,0,-0.021273868158459663
2230,1,1,1,2.9677302837371826
2231,1,1,1,2.572235584259033
2232,1,1,1,3.3941831588745117
2233,1,0,0,0.19096671044826508
2234,1,1,1,2.613956928253174
2235,1,1,1,6.445891380310059
2236,1,1,1,2.426603078842163
2237,1,1,1,0.6190163493156433
2238,1,1,1,3.728689432144165
2239,1,1,1,-0.03671238571405411
2240,1,1,1,0.7699012756347656
2241,1,1,1,2.984262704849243
2242,1,1,1,0.8871201276779175
2243,1,1,1,3.926560878753662
2244,1,0,0,1.1568877696990967
2245,1,0,0,2.2051191329956055
2246,1,1,1,1.5354562997817993
2247,1,1,1,0.9548594951629639
2248,1,0,0,0.1484396755695343
2249,1,0,0,0.1590059995651245
2250,1,1,1,3.474651575088501
2251,1,0,0,4.514767169952393
2252,1,1,1,3.6315863132476807
2253,1,1,1,-0.007668722420930862
2254,1,1,1,0.4316679537296295
2255,1,0,0,-0.1657181978225708
2256,1,1,1,0.0858963280916214
2257,1,0,0,0.1431122124195099
2258,1,1,1,1.9084107875823975
2259,1,0,0,3.7550647258758545
2260,1,0,0,2.6086628437042236
2261,1,1,1,2.5828635692596436
2262,1,0,0,1.2797634601593018
2263,1,1,1,0.771586537361145
2264,1,1,1,2.4759974479675293
2265,1,1,1,2.622072219848633
2266,1,1,1,1.2426097393035889
2267,1,1,1,-0.0345272421836853
2268,1,1,1,1.025327444076538
2269,1,1,1,0.6396316289901733
2270,1,1,1,2.3137547969818115
2271,1,0,0,0.9397128820419312
2272,1,0,0,1.0480215549468994
2273,1,1,1,0.31965965032577515
2274,1,1,1,2.436089277267456
2275,1,0,0,0.9948406219482422
2276,1,1,1,0.9069985151290894
2277,1,0,0,3.336470603942871
2278,1,1,1,0.7983800172805786
2279,1,0,0,1.4272087812423706
2280,1,1,1,1.8107860088348389
2281,1,1,1,1.496208667755127
2282,1,1,1,0.05625157803297043
2283,1,1,1,1.761181116104126
2284,1,1,1,2.1868607997894287
2285,1,0,0,1.8369613885879517
2286,1,1,1,1.825439691543579
2287,1,0,0,0.915607213973999
2288,1,0,0,1.4031462669372559
2289,1,1,1,2.3298795223236084
2290,1,1,1,1.9864387512207031
2291,1,1,1,0.7710071206092834
2292,1,0,0,1.123679757118225
2293,1,1,1,3.0367448329925537
2294,1,1,1,2.2023870944976807
2295,1,1,1,0.2990965247154236
2296,1,0,0,3.996211290359497
2297,1,0,0,1.6590652465820312
2298,1,0,0,1.26435387134552
2299,1,1,1,2.72914457321167
2300,1,1,1,2.616802930831909
2301,1,1,1,7.260998725891113
2302,1,0,0,1.3781557083129883
2303,1,1,1,3.7119057178497314
2304,1,0,0,0.31603237986564636
2305,1,1,1,4.576491355895996
2306,1,1,1,0.3239908218383789
2307,1,1,1,1.5760605335235596
2308,1,0,0,-0.10033509135246277
2309,1,1,1,1.5046260356903076
2310,1,0,0,4.9093828201293945
2311,1,1,1,3.477081537246704
2312,1,0,0,3.0772409439086914
2313,1,1,1,2.5473415851593018
2314,1,1,1,3.4406750202178955
2315,1,1,1,1.2203017473220825
2316,1,1,1,1.1376241445541382
2317,1,1,1,3.342148780822754
2318,1,1,1,3.9352176189422607
2319,1,1,1,7.138452529907227
2320,1,1,1,0.07216757535934448
2321,1,1,1,0.708580732345581
2322,1,1,1,2.8983218669891357
2323,1,1,1,1.6292133331298828
2324,1,0,0,-0.09442158788442612
2325,1,1,1,2.2868850231170654
2326,1,0,0,1.2282849550247192
2327,1,0,0,0.6072373390197754
2328,1,1,1,2.72217059135437
2329,1,1,1,0.8725643754005432
2330,1,0,0,-0.3008843660354614
2331,1,0,0,1.1716880798339844
2332,1,1,1,3.0215489864349365
2333,1,1,1,1.1710014343261719
2334,1,1,1,1.2291574478149414
2335,1,0,0,0.6333943009376526
2336,1,1,1,0.4400288760662079
2337,1,0,0,0.4709955155849457
2338,1,1,1,0.07057764381170273
2339,1,0,0,0.024209534749388695
2340,1,0,0,1.685741901397705
2341,1,0,0,1.3200198411941528
2342,1,1,1,-0.028015997260808945
2343,1,1,1,1.1293461322784424
2344,1,0,0,0.051551394164562225
2345,1,1,1,0.05086769163608551
2346,1,1,1,2.7690837383270264
2347,1,0,0,0.16609151661396027
2348,1,1,1,1.7556912899017334
2349,1,0,0,1.5360082387924194
2350,1,0,0,3.5640273094177246
2351,1,0,0,0.15001621842384338
2352,1,0,0,4.4837775230407715
2353,1,1,1,-0.08376777917146683
2354,1,1,1,0.266694575548172
2355,1,0,0,3.6578660011291504
2356,1,0,0,-0.11964178830385208
2357,1,1,1,1.5364784002304077
2358,1,0,0,0.30157962441444397
2359,1,1,1,1.8017815351486206
2360,1,0,0,0.6995091438293457
2361,1,1,1,0.05602659285068512
2362,1,0,0,5.992855548858643
2363,1,1,1,1.717484951019287
2364,1,1,1,1.0308198928833008
2365,1,1,1,0.6859172582626343
2366,1,1,1,3.0842182636260986
2367,1,1,1,2.4662139415740967
2368,1,1,1,1.305643081665039
2369,1,0,0,3.7366724014282227
2370,1,1,1,0.7360617518424988
2371,1,1,1,1.1318726539611816
2372,1,1,1,2.9545109272003174
2373,1,1,1,1.359950065612793
2374,1,1,1,1.1012240648269653
2375,1,1,1,2.5801236629486084
2376,1,1,1,0.7989786863327026
2377,1,1,1,5.543949127197266
2378,1,0,0,7.423054218292236
2379,1,0,0,2.11902117729187
2380,1,1,1,0.6894371509552002
2381,1,0,0,0.578233003616333
2382,1,1,1,0.132774218916893
2383,1,1,1,3.5414669513702393
2384,1,0,0,4.314451694488525
2385,1,0,0,2.817030429840088
2386,1,0,0,0.2843402326107025
2387,1,0,0,1.8688175678253174
2388,1,0,0,3.8768575191497803
2389,1,1,1,0.40470460057258606
2390,1,1,1,0.24467360973358154
2391,1,0,0,0.012621467933058739
2392,1,0,0,1.6457208395004272
2393,1,0,0,0.9899017810821533
2394,1,0,0,0.043733932077884674
2395,1,0,0,2.607640266418457
2396,1,0,0,5.968669414520264
2397,1,0,0,2.1569817066192627
2398,1,1,1,0.8362219333648682
2399,1,1,1,2.091681957244873
2400,1,1,1,2.2606022357940674
2401,1,1,1,1.548854112625122
2402,1,0,0,2.001565456390381
2403,1,0,0,2.025520086288452
2404,1,0,0,-0.15067598223686218
2405,1,1,1,3.7644145488739014
2406,1,1,1,1.0625627040863037
2407,1,0,0,1.0721979141235352
2408,1,0,0,1.839646816253662
2409,1,0,0,0.8700931668281555
2410,1,1,1,2.47471284866333
2411,1,1,1,3.540961742401123
2412,1,1,1,1.272340178489685
2413,1,0,0,0.48625820875167847
2414,1,0,0,0.24960792064666748
2415,1,1,1,-0.07693199813365936
2416,1,0,0,3.473994016647339
2417,1,1,1,0.7870108485221863
2418,1,1,1,3.276367664337158
2419,1,1,1,1.997776746749878
2420,1,1,1,1.3251745700836182
2421,1,1,1,4.369023323059082
2422,1,1,1,2.7976272106170654
2423,1,1,1,4.608063697814941
2424,1,0,0,2.572187900543213
2425,1,1,1,2.637545108795166
2426,1,1,1,3.203037738800049
2427,1,1,1,0.47219884395599365
2428,1,1,1,0.3856014609336853
2429,1,1,1,2.6549599170684814
2430,1,0,0,1.1590967178344727
2431,1,1,1,6.255043029785156
2432,1,1,1,4.119141578674316
2433,1,0,0,1.5251667499542236
2434,1,1,1,2.8403656482696533
2435,1,1,1,1.8870313167572021
2436,1,1,1,1.0489487648010254
2437,1,0,0,0.5392693281173706
2438,1,0,0,-0.1474393904209137
2439,1,0,0,4.122579097747803
2440,1,1,1,0.2212795913219452
2441,1,0,0,1.4573310613632202
2442,1,0,0,-0.10086248070001602
2443,1,1,1,-0.05917748063802719
2444,1,0,0,0.10706724971532822
2445,1,0,0,5.366667747497559
2446,1,0,0,2.4776690006256104
2447,1,1,1,-0.16155794262886047
2448,1,1,1,3.177581787109375
2449,1,1,1,1.1487395763397217
2450,1,0,0,2.1374244689941406
2451,1,0,0,2.474034547805786
2452,1,1,1,0.571539044380188
2453,1,0,0,4.873505592346191
2454,1,1,1,0.7336967587471008
2455,1,0,0,3.2331178188323975
2456,1,1,1,1.7027415037155151
2457,1,0,0,3.913820266723633
2458,1,1,1,0.9010329842567444
2459,1,1,1,2.982740640640259
2460,1,0,0,3.4672911167144775
2461,1,1,1,1.3365232944488525
2462,1,1,1,1.9810736179351807
2463,1,1,1,3.841968059539795
2464,1,0,0,2.128065586090088
2465,1,0,0,0.9820138812065125
2466,1,0,0,7.042736530303955
2467,1,0,0,3.173964500427246
2468,1,1,1,0.7590094804763794
2469,1,1,1,2.236422061920166
2470,0,0,1,4.66240930557251
2471,1,0,0,0.2543031573295593
2472,1,1,1,4.221363067626953
2473,1,1,1,2.116738796234131
2474,1,1,1,1.8157926797866821
2475,1,1,1,3.875152349472046
2476,1,1,1,1.1787617206573486
2477,1,0,0,3.5195889472961426
2478,1,0,0,1.7010513544082642
2479,1,0,0,0.4028199017047882
2480,1,0,0,4.939940929412842
2481,1,0,0,0.02283703349530697
2482,1,0,0,1.292092204093933
2483,1,1,1,0.803749144077301
2484,1,0,0,0.12832941114902496
2485,1,1,1,0.41011935472488403
2486,1,1,1,0.6807335615158081
2487,1,0,0,7.280516624450684
2488,1,1,1,1.5560710430145264
2489,1,1,1,0.09481561183929443
2490,1,1,1,0.06414768844842911
2491,1,1,1,0.7913913726806641
2492,1,0,0,2.376152992248535
2493,1,0,0,0.6662856936454773
2494,1,1,1,0.9682469367980957
2495,1,1,1,0.05543799698352814
2496,1,0,0,2.4588584899902344
2497,1,1,1,-0.11984148621559143
2498,1,0,0,1.971042275428772
2499,1,0,0,5.478266716003418
2500,1,1,1,4.161098480224609
2501,1,1,1,1.1889259815216064
2502,1,1,1,3.473595380783081
2503,1,0,0,0.7036468386650085
2504,1,1,1,0.27479392290115356
2505,1,0,0,1.4474431276321411
2506,1,1,1,0.48319458961486816
2507,1,1,1,3.392829179763794
2508,1,0,0,-0.09931304305791855
2509,1,0,0,1.4359420537948608
2510,1,1,1,1.1378999948501587
2511,1,0,0,0.8704875707626343
2512,1,1,1,4.500693321228027
2513,1,0,0,0.4457504451274872
2514,1,0,0,2.088834285736084
2515,1,0,0,1.236423134803772
2516,1,1,1,0.08348444104194641
2517,1,1,1,0.5689182281494141
2518,1,1,1,-0.16730190813541412
2519,1,1,1,3.444084882736206
2520,1,0,0,6.708423137664795
2521,1,0,0,0.6456699371337891
2522,1,1,1,3.2646453380584717
2523,1,0,0,1.7626996040344238
2524,1,1,1,2.6996009349823
2525,1,0,0,2.6463639736175537
2526,1,0,0,2.2374796867370605
2527,1,0,0,2.146912097930908
2528,1,0,0,4.0531535148620605
2529,0,1,0,3.378948450088501
2530,1,1,1,1.1463382244110107
2531,0,1,0,0.7687291502952576
2532,1,0,0,1.3134018182754517
2533,1,1,1,2.022737741470337
2534,1,0,0,0.5434174537658691
2535,1,1,1,0.4638787806034088
2536,1,0,0,9.116467475891113
2537,0,0,1,1.5038663148880005
2538,0,1,0,0.14198262989521027
2539,0,0,1,3.146960735321045
2540,0,1,0,1.5830544233322144
2541,1,1,1,1.4785075187683105
2542,1,1,1,2.897301197052002
2543,1,1,1,1.5306832790374756
2544,1,1,1,0.6921189427375793
2545,1,0,0,3.280653238296509
2546,1,0,0,1.0065224170684814
2547,1,1,1,0.5969777703285217
2548,1,0,0,1.5969932079315186
2549,1,1,1,0.6144468784332275
2550,1,0,0,7.205104827880859
2551,1,0,0,2.5765483379364014
2552,1,1,1,2.2844793796539307
2553,1,0,0,0.47367745637893677
2554,1,1,1,4.532204627990723
2555,1,1,1,0.39191871881484985
2556,1,0,0,2.51688814163208
2557,1,0,0,2.002711296081543
2558,1,0,0,3.025012493133545
2559,1,1,1,0.725119411945343
2560,1,0,0,2.190075635910034
2561,1,0,0,2.46868896484375
2562,1,1,1,0.15329217910766602
2563,1,0,0,0.17091915011405945
2564,1,1,1,1.492166519165039
2565,1,0,0,1.9246063232421875
2566,1,1,1,4.016090393066406
2567,1,0,0,1.1666589975357056
2568,1,0,0,1.5185062885284424
2569,1,0,0,1.598050594329834
2570,1,0,0,1.062753677368164
2571,1,1,1,-0.06726177036762238
2572,1,0,0,5.887101650238037
2573,1,0,0,2.0414257049560547
2574,1,1,1,0.325830340385437
2575,1,0,0,2.862396717071533
2576,1,1,1,1.3761042356491089
2577,1,1,1,0.5039811134338379
2578,1,1,1,1.1739650964736938
2579,1,1,1,1.9468443393707275
2580,1,1,1,0.44965240359306335
2581,1,1,1,3.902549982070923
2582,1,0,0,1.1691935062408447
2583,1,0,0,0.859673261642456
2584,1,0,0,2.927438974380493
2585,1,0,0,1.56466805934906
2586,1,0,0,2.5771608352661133
2587,1,0,0,3.896923780441284
2588,1,0,0,5.423229217529297
2589,1,1,1,1.1136397123336792
2590,1,0,0,1.7817434072494507
2591,1,1,1,2.6930346488952637
2592,1,1,1,1.8534551858901978
2593,1,0,0,0.5910249352455139
2594,1,0,0,2.3672080039978027
2595,1,1,1,0.06258424371480942
2596,1,0,0,0.9403514862060547
2597,1,0,0,0.1705065667629242
2598,1,0,0,1.787632942199707
2599,1,0,0,0.8145078420639038
2600,1,1,1,1.215402364730835
2601,1,1,1,7.642020225524902
2602,1,1,1,2.7109739780426025
2603,1,1,1,1.0749144554138184
2604,1,0,0,3.601442813873291
2605,1,1,1,0.8998364806175232
2606,1,1,1,4.871346473693848
2607,1,1,1,2.5107505321502686
2608,1,0,0,6.2731547355651855
2609,1,1,1,1.276949405670166
2610,1,0,0,3.4332756996154785
2611,1,1,1,0.16672702133655548
2612,1,0,0,1.920290231704712
2613,1,0,0,0.3010649085044861
2614,1,1,1,2.732273817062378
2615,1,0,0,1.6665867567062378
2616,1,0,0,3.8462507724761963
2617,1,0,0,0.4045083820819855
2618,1,0,0,0.6628220081329346
2619,1,0,0,0.27079880237579346
2620,1,1,1,1.8878743648529053
2621,1,0,0,0.48609238862991333
2622,1,1,1,2.15476393699646
2623,1,1,1,2.3454017639160156
2624,1,1,1,1.2730748653411865
2625,1,1,1,1.017066240310669
2626,1,1,1,3.385511636734009
2627,1,0,0,1.5003129243850708
2628,1,0,0,2.6849164962768555
2629,1,0,0,1.6076545715332031
2630,1,1,1,1.2419530153274536
2631,1,1,1,3.559114694595337
2632,1,1,1,2.5351474285125732
2633,1,0,0,4.62769889831543
2634,1,0,0,0.7940754294395447
2635,1,1,1,0.4418339729309082
2636,1,0,0,0.24054259061813354
2637,1,0,0,3.4077811241149902
2638,1,1,1,2.863820791244507
2639,1,1,1,0.056873708963394165
2640,1,0,0,0.8630402088165283
2641,1,0,0,0.1933211386203766
2642,1,0,0,0.09527993947267532
2643,1,1,1,2.0388944149017334
2644,1,0,0,0.7778424024581909
2645,1,0,0,4.676762580871582
2646,1,0,0,0.7619100213050842
2647,1,0,0,1.4750251770019531
2648,1,0,0,2.3687169551849365
2649,1,0,0,2.2028212547302246
2650,1,0,0,1.9233545064926147
2651,1,0,0,3.3593850135803223
2652,1,1,1,2.1832478046417236
2653,1,1,1,0.3065860867500305
2654,1,0,0,7.799505233764648
2655,1,1,1,4.290019989013672
2656,1,1,1,0.051961325109004974
2657,1,1,1,2.900787115097046
2658,1,0,0,0.09526825696229935
2659,1,1,1,1.8246877193450928
2660,1,0,0,0.744803249835968
2661,1,0,0,0.4560709297657013
2662,1,1,1,1.5890426635742188
2663,1,0,0,3.728123426437378
2664,1,1,1,4.036569595336914
2665,1,0,0,2.241610527038574
2666,1,0,0,-0.18587684631347656
2667,1,1,1,0.713421642780304
2668,1,0,0,3.3687024116516113
2669,1,0,0,1.0022093057632446
2670,1,1,1,1.9328339099884033
2671,1,0,0,3.578418016433716
2672,1,1,1,0.825373113155365
2673,1,0,0,-0.172242671251297
2674,1,1,1,3.663944721221924
2675,1,0,0,1.0575207471847534
2676,1,1,1,4.900844573974609
2677,1,0,0,1.4276363849639893
2678,1,1,1,0.18045282363891602
2679,1,0,0,0.170387864112854
2680,1,1,1,1.7291303873062134
2681,1,1,1,3.6860568523406982
2682,1,1,1,1.3954687118530273
2683,1,1,1,1.7863388061523438
2684,1,0,0,1.487993597984314
2685,1,1,1,2.842446804046631
2686,1,0,0,2.4292914867401123
2687,1,0,0,2.2540574073791504
2688,1,1,1,2.4208176136016846
2689,1,1,1,3.0786147117614746
2690,1,1,1,3.263843536376953
2691,1,1,1,2.7423720359802246
2692,1,0,0,1.1601698398590088
2693,1,1,1,0.020537786185741425
2694,1,1,1,1.392240285873413
2695,1,0,0,1.2661718130111694
2696,1,1,1,0.18931534886360168
2697,1,1,1,0.4175097346305847
2698,1,1,1,0.6893736124038696
2699,1,0,0,3.826601266860962
2700,1,0,0,3.2512691020965576
2701,1,0,0,0.2766658365726471
2702,1,0,0,2.6586923599243164
2703,1,0,0,0.75985187292099
2704,1,1,1,3.056180953979492
2705,1,0,0,2.3550310134887695
2706,1,0,0,0.60916668176651
2707,1,0,0,2.874912977218628
2708,1,1,1,0.4323233366012573
2709,1,1,1,3.2669007778167725
2710,1,0,0,2.0823814868927
2711,1,0,0,2.5143673419952393
2712,1,1,1,0.16685554385185242
2713,1,0,0,0.21219874918460846
2714,1,1,1,0.4369881749153137
2715,1,1,1,0.38764050602912903
2716,1,1,1,2.3027474880218506
2717,1,0,0,0.5955973267555237
2718,1,0,0,1.5742727518081665
2719,1,1,1,0.5309847593307495
2720,1,1,1,2.4478330612182617
2721,1,1,1,-0.09128604829311371
2722,1,0,0,1.9356837272644043
2723,1,0,0,1.597057819366455
2724,1,1,1,4.6703948974609375
2725,1,0,0,3.3369269371032715
2726,1,1,1,1.0252926349639893
2727,1,0,0,3.959143877029419
2728,1,0,0,2.161559581756592
2729,1,1,1,2.385979175567627
2730,1,1,1,3.871415376663208
2731,1,0,0,2.9475748538970947
2732,1,1,1,0.9916931390762329
2733,1,1,1,0.9604734182357788
2734,1,0,0,0.43057000637054443
2735,1,1,1,0.883062481880188
2736,1,1,1,-0.10354640334844589
2737,1,1,1,0.7968853712081909
2738,1,0,0,0.10406086593866348
2739,1,1,1,0.4872121214866638
2740,1,1,1,-0.11528442800045013
2741,1,0,0,-0.09896472841501236
2742,1,1,1,0.25405311584472656
2743,1,1,1,0.6165243983268738
2744,1,1,1,1.3307061195373535
2745,1,0,0,1.5914467573165894
2746,1,1,1,2.139878511428833
2747,1,1,1,0.04378603398799896
2748,1,0,0,1.780720591545105
2749,1,0,0,2.9169039726257324
2750,1,1,1,-0.12265727669000626
2751,1,1,1,2.633655309677124
2752,1,1,1,0.18861466646194458
2753,1,1,1,2.102632761001587
2754,1,0,0,0.4943522810935974
2755,1,0,0,-0.010714301839470863
2756,1,1,1,3.5325236320495605
2757,1,0,0,1.2244501113891602
2758,1,0,0,7.455118179321289
2759,1,0,0,0.7028234004974365
2760,1,0,0,2.934866428375244
2761,1,0,0,2.196953773498535
2762,1,1,1,0.6344174146652222
2763,1,0,0,0.43281981348991394
2764,1,0,0,0.492662638425827
2765,1,0,0,0.9767157435417175
2766,1,0,0,3.5971932411193848
2767,1,1,1,5.2295331954956055
2768,1,1,1,0.7853380441665649
2769,1,1,1,1.217779517173767
2770,1,1,1,2.993842840194702
2771,1,1,1,3.123465061187744
2772,1,1,1,0.22775745391845703
2773,1,1,1,-0.013070140033960342
2774,1,1,1,0.2956157922744751
2775,1,0,0,-0.06653635948896408
2776,1,1,1,3.369432210922241
2777,1,0,0,0.268604576587677
2778,1,1,1,-0.026589155197143555
2779,1,1,1,1.7686848640441895
2780,1,1,1,0.2590491771697998
2781,1,1,1,3.2469043731689453
2782,1,1,1,2.1746785640716553
2783,1,1,1,1.213579773902893
2784,1,0,0,1.8325409889221191
2785,1,0,0,2.8320162296295166
2786,1,1,1,1.8349264860153198
2787,1,1,1,0.9333391189575195
2788,1,0,0,2.975130558013916
2789,1,1,1,1.834142804145813
2790,1,1,1,-0.12072154879570007
2791,1,0,0,0.7878512144088745
2792,1,0,0,1.1564695835113525
2793,1,1,1,0.15626274049282074
2794,1,1,1,6.1670732498168945
2795,1,0,0,3.4938788414001465
2796,1,1,1,0.5693109631538391
2797,1,1,1,3.502354860305786
2798,1,1,1,1.8815793991088867
2799,1,0,0,3.058234214782715
2800,1,1,1,0.481728732585907
2801,1,1,1,1.109309196472168
2802,1,1,1,3.0897583961486816
2803,1,0,0,6.415428161621094
2804,1,0,0,1.562435507774353
2805,1,0,0,0.5434969663619995
2806,1,0,0,7.363796234130859
2807,1,0,0,3.0221712589263916
2808,1,0,0,1.3438843488693237
2809,1,0,0,1.0773189067840576
2810,1,1,1,1.649076223373413
2811,1,0,0,2.631812334060669
2812,1,0,0,7.141452312469482
2813,1,0,0,2.973055362701416
2814,1,1,1,0.3305395245552063
2815,1,1,1,1.6735140085220337
2816,1,0,0,1.2389411926269531
2817,1,0,0,2.473616600036621
2818,1,1,1,1.688004493713379
2819,1,1,1,0.43540653586387634
2820,1,0,0,4.334378242492676
2821,1,0,0,0.983950138092041
2822,1,0,0,8.077681541442871
2823,1,1,1,1.742926836013794
2824,1,1,1,2.2016210556030273
2825,1,0,0,7.341497898101807
2826,1,1,1,3.647448778152466
2827,1,0,0,0.605842649936676
2828,1,1,1,1.5733630657196045
2829,1,0,0,1.7245330810546875
2830,1,1,1,-0.09195515513420105
2831,1,1,1,1.6173239946365356
2832,1,0,0,1.2731579542160034
2833,1,1,1,0.6684035658836365
2834,1,0,0,1.8641176223754883
2835,1,1,1,0.9343451261520386
2836,1,0,0,2.3118371963500977
2837,1,1,1,0.12782205641269684
2838,1,0,0,0.6564069986343384
2839,1,1,1,2.804924726486206
2840,1,1,1,0.6113450527191162
2841,1,1,1,3.5741775035858154
2842,1,0,0,0.4659017026424408
2843,1,0,0,4.303590297698975
2844,1,1,1,0.26772311329841614
2845,1,0,0,3.430074691772461
2846,1,0,0,5.213820457458496
2847,1,0,0,0.20188455283641815
2848,1,1,1,-0.13524991273880005
2849,1,1,1,3.345308303833008
2850,1,1,1,-0.14314720034599304
2851,1,0,0,2.8954224586486816
2852,1,1,1,0.9694961309432983
2853,1,1,1,2.1856160163879395
2854,1,1,1,1.0177865028381348
2855,1,1,1,0.33397722244262695
2856,1,1,1,1.9085601568222046
2857,1,0,0,0.3535718321800232
2858,1,1,1,3.5655086040496826
2859,1,0,0,0.46028998494148254
2860,1,0,0,3.513434410095215
2861,1,1,1,0.3459824323654175
2862,1,0,0,1.7697645425796509
2863,1,0,0,5.537755489349365
2864,1,1,1,0.8991861343383789
2865,1,1,1,4.774284362792969
2866,1,0,0,1.4176008701324463
2867,1,0,0,2.8155646324157715
2868,1,0,0,0.5795499086380005
2869,1,0,0,0.8207931518554688
2870,1,0,0,0.9447050094604492
2871,1,0,0,3.15582013130188
2872,1,1,1,0.3007975220680237
2873,1,1,1,2.402817964553833
2874,1,0,0,6.444156169891357
2875,1,0,0,1.5098665952682495
2876,1,0,0,1.8199677467346191
2877,1,0,0,0.6423056125640869
2878,1,0,0,0.2210388481616974
2879,1,1,1,0.5128847360610962
2880,1,1,1,3.249041795730591
2881,1,1,1,0.5548793077468872
2882,1,0,0,1.2273547649383545
2883,1,0,0,1.2591087818145752
2884,1,1,1,0.4988137483596802
2885,1,1,1,3.893900156021118
2886,1,0,0,2.381577968597412
2887,1,0,0,3.4183638095855713
2888,1,0,0,0.37363964319229126
2889,1,0,0,2.049635171890259
2890,1,1,1,0.46601855754852295
2891,1,1,1,1.556879997253418
2892,1,1,1,0.3952621519565582
2893,1,0,0,2.680589199066162
2894,1,0,0,0.8424016833305359
2895,1,1,1,0.608879566192627
2896,1,0,0,2.4361116886138916
2897,1,1,1,1.012195348739624
2898,1,1,1,1.9297919273376465
2899,1,1,1,1.2996766567230225
2900,1,0,0,1.5185697078704834
2901,1,1,1,1.7927939891815186
2902,1,1,1,1.7927794456481934
2903,1,1,1,1.2905457019805908
2904,1,1,1,1.1392860412597656
2905,1,1,1,-0.1093745157122612
2906,1,0,0,1.2275066375732422
2907,1,1,1,0.7264410257339478
2908,1,0,0,1.3357845544815063
2909,1,0,0,1.594583511352539
2910,1,1,1,0.3317016363143921
2911,1,1,1,1.055255651473999
2912,1,0,0,1.3216198682785034
2913,1,0,0,0.7849464416503906
2914,1,0,0,2.263561487197876
2915,1,1,1,0.3813507556915283
2916,1,1,1,1.218913197517395
2917,1,1,1,2.9731767177581787
2918,1,0,0,0.9085510969161987
2919,1,1,1,2.248786211013794
2920,1,1,1,-0.19568149745464325
2921,1,1,1,1.3266738653182983
2922,1,0,0,8.88227367401123
2923,1,0,0,3.1756670475006104
2924,1,1,1,1.0268170833587646
2925,1,1,1,1.0576716661453247
2926,1,0,0,1.7005760669708252
2927,0,0,1,1.2676618099212646
2928,0,0,1,2.087395668029785
2929,0,0,1,4.428120136260986
2930,0,1,0,0.29281458258628845
2931,0,0,1,4.2419962882995605
2932,0,0,1,1.0239794254302979
2933,0,0,1,3.1006712913513184
2934,0,1,0,0.23932403326034546
2935,0,0,1,3.383143663406372
2936,0,0,1,1.2350220680236816
2937,0,0,1,3.086169958114624
2938,0,0,1,7.303044319152832
2939,0,0,1,11.186063766479492
2940,0,0,1,4.395299434661865
2941,0,0,1,3.049431562423706
2942,0,0,1,0.5045718550682068
2943,0,0,1,4.619266986846924
2944,0,1,0,-0.03308262676000595
2945,0,0,1,1.0705593824386597
2946,0,0,1,6.629771709442139
2947,0,0,1,2.13118577003479
2948,0,0,1,6.64732027053833
2949,0,0,1,3.251248836517334
2950,0,0,1,10.750249862670898
2951,0,0,1,0.9853447675704956
2952,0,0,1,6.1410017013549805
2953,0,0,1,2.6955747604370117
2954,0,0,1,9.636609077453613
2955,0,0,1,7.82620096206665
2956,0,0,1,4.874909400939941
2957,0,0,1,6.288229465484619
2958,0,0,1,6.939690113067627
2959,0,0,1,3.8296897411346436
2960,0,0,1,11.943785667419434
2961,0,0,1,10.38358211517334
2962,0,0,1,8.866409301757812
2963,0,0,1,5.01727819442749
2964,0,0,1,2.5307188034057617
2965,0,0,1,6.548068046569824
2966,0,0,1,5.812845706939697
2967,0,0,1,5.683904647827148
2968,0,0,1,6.499142169952393
2969,0,0,1,7.0954461097717285
2970,0,0,1,4.020400047302246
2971,0,0,1,6.960319519042969
2972,0,0,1,2.825723648071289
2973,0,0,1,0.38771089911460876
2974,0,0,1,6.855614185333252
2975,0,1,0,0.802777886390686
2976,0,1,0,-0.07407302409410477
2977,0,0,1,6.245128154754639
2978,0,0,1,7.631581783294678
2979,0,0,1,4.009001731872559
2980,0,0,1,2.55188250541687
2981,0,0,1,6.959533214569092
2982,0,0,1,6.513098239898682
2983,0,0,1,6.63083553314209
2984,0,0,1,7.728874683380127
2985,0,0,1,0.9905847907066345
2986,0,0,1,5.380950450897217
2987,0,0,1,1.658867359161377
2988,0,0,1,7.133640766143799
2989,0,0,1,3.211980104446411
2990,0,0,1,8.950636863708496
2991,0,0,1,1.2588427066802979
2992,0,0,1,7.0208306312561035
2993,0,1,0,0.21574532985687256
2994,0,0,1,8.128228187561035
2995,0,0,1,1.6633883714675903
2996,0,0,1,2.9857730865478516
2997,0,0,1,0.9812018275260925
2998,0,1,0,0.48685264587402344
2999,0,1,0,4.586797714233398
3000,0,0,1,5.921569347381592
3001,0,0,1,0.8012502789497375
3002,0,1,0,1.7337939739227295
3003,0,0,1,4.4254279136657715
3004,0,0,1,6.37433385848999
3005,0,0,1,3.9973576068878174
3006,0,0,1,8.57450008392334
3007,0,0,1,0.6150462031364441
3008,0,0,1,2.2349331378936768
3009,0,1,0,2.283475160598755
3010,0,0,1,4.277878284454346
3011,0,0,1,12.41654109954834
3012,0,0,1,4.108632564544678
3013,0,0,1,1.402018427848816
3014,0,0,1,1.279284954071045
3015,0,1,0,-0.07135842740535736
3016,0,1,0,-0.06591040641069412
3017,0,0,1,0.25843173265457153
3018,0,0,1,7.1847944259643555
3019,0,0,1,10.97429084777832
3020,0,0,1,3.930328845977783
3021,0,0,1,8.12122631072998
3022,0,0,1,4.655577182769775
3023,0,0,1,11.536572456359863
3024,0,0,1,4.3618083000183105
3025,0,0,1,-0.029487842693924904
3026,0,0,1,2.5017452239990234
3027,0,0,1,0.6602287888526917
3028,0,0,1,4.977460861206055
3029,0,0,1,4.9805474281311035
3030,0,0,1,6.324122905731201
3031,0,0,1,0.8277906775474548
3032,0,0,1,0.553077757358551
3033,0,0,1,3.652174472808838
3034,0,0,1,2.1201579570770264
3035,0,0,1,5.031484603881836
3036,0,0,1,0.2709851861000061
3037,0,0,1,4.785237789154053
3038,0,0,1,4.025195598602295
3039,0,0,1,6.766585350036621
3040,0,0,1,4.606466770172119
3041,0,0,1,3.446566581726074
3042,0,0,1,8.921317100524902
3043,0,0,1,0.9501041769981384
3044,0,0,1,3.103217124938965
3045,0,0,1,5.1537675857543945
3046,0,0,1,-0.12070963531732559
3047,0,0,1,0.9504716992378235
3048,0,0,1,2.515740156173706
3049,0,1,0,0.07734190672636032
3050,0,0,1,4.089535236358643
3051,0,0,1,7.232635021209717
3052,0,1,0,0.24133604764938354
3053,0,0,1,7.014325141906738
3054,0,0,1,3.5846517086029053
3055,0,0,1,11.565838813781738
3056,0,0,1,6.9987688064575195
3057,0,0,1,-0.03407441824674606
3058,0,1,0,1.1433110237121582
3059,0,1,0,0.16937634348869324
3060,0,0,1,1.1853214502334595
3061,0,0,1,0.7256602644920349
3062,0,1,0,1.746113657951355
3063,0,1,0,0.2189256250858307
3064,0,1,0,0.34478288888931274
3065,0,0,1,11.27648639678955
3066,0,0,1,0.03968386352062225
3067,0,0,1,7.543637752532959
3068,0,0,1,6.159481048583984
3069,0,1,0,1.2243847846984863
3070,0,0,1,7.05145788192749
3071,0,0,1,10.138245582580566
3072,0,0,1,2.7235255241394043
3073,0,0,1,1.4090403318405151
3074,0,0,1,2.6842293739318848
3075,0,1,0,0.18478798866271973
3076,0,0,1,3.452547550201416
3077,0,0,1,1.9936366081237793
3078,0,0,1,1.4347323179244995
3079,0,1,0,-0.07584585249423981
3080,0,0,1,1.186523675918579
3081,0,0,1,0.7090128064155579
3082,0,0,1,3.6031079292297363
3083,0,0,1,0.7898104786872864
3084,0,0,1,0.33790886402130127
3085,0,0,1,10.951692581176758
3086,0,0,1,3.7431273460388184
3087,0,0,1,1.7460287809371948
3088,0,0,1,2.7563490867614746
3089,0,0,1,3.064589023590088
3090,0,0,1,2.8448784351348877
3091,0,0,1,2.0754237174987793
3092,0,1,0,0.07001961767673492
3093,0,0,1,0.35399678349494934
3094,0,0,1,3.1161770820617676
3095,0,0,1,4.1976518630981445
3096,0,0,1,1.2920036315917969
3097,0,0,1,0.529492199420929
3098,0,0,1,1.0852463245391846
3099,0,0,1,2.7953155040740967
3100,0,0,1,2.9790005683898926
3101,0,0,1,3.5799965858459473
3102,0,0,1,0.9923897385597229
3103,0,0,1,6.042910099029541
3104,0,0,1,7.663432598114014
3105,0,0,1,3.8918209075927734
3106,0,0,1,6.879660606384277
3107,0,0,1,2.3260793685913086
3108,0,0,1,5.528899669647217
3109,0,0,1,6.482496738433838
3110,0,0,1,4.348818302154541
3111,0,0,1,6.874790668487549
3112,0,0,1,3.568610668182373
3113,0,0,1,11.665205955505371
3114,0,0,1,2.0765557289123535
3115,0,0,1,3.3161096572875977
3116,0,0,1,3.8855350017547607
3117,0,0,1,2.092327117919922
3118,0,0,1,8.570098876953125
3119,0,0,1,2.380399465560913
3120,0,0,1,5.2052083015441895
3121,0,0,1,8.16479778289795
3122,0,0,1,6.916747570037842
3123,0,0,1,3.928457736968994
3124,0,0,1,4.763962745666504
3125,0,0,1,-0.20835599303245544
3126,0,0,1,4.859729290008545
3127,0,0,1,11.050926208496094
3128,0,0,1,3.9634909629821777
3129,0,0,1,1.5289382934570312
3130,0,0,1,5.7928948402404785
3131,0,0,1,3.0967164039611816
3132,0,0,1,4.420009613037109
3133,0,0,1,8.836695671081543
3134,0,0,1,2.6340129375457764
3135,0,0,1,2.649657726287842
3136,0,0,1,5.596191883087158
3137,0,0,1,2.0816211700439453
3138,0,0,1,1.4563560485839844
3139,0,1,0,3.5079824924468994
3140,0,0,1,6.6813225746154785
3141,0,0,1,1.3957669734954834
3142,0,0,1,9.220293998718262
3143,0,0,1,11.143475532531738
3144,0,0,1,9.880023002624512
3145,0,0,1,7.963046550750732
3146,0,0,1,2.147165298461914
3147,0,0,1,4.5933918952941895
3148,0,0,1,4.212549686431885
3149,0,0,1,4.854673862457275
3150,0,0,1,1.4215773344039917
3151,0,0,1,0.43492093682289124
3152,0,0,1,5.775296688079834
3153,0,0,1,12.632222175598145
3154,0,0,1,0.9335324764251709
3155,0,0,1,6.74889612197876
3156,0,0,1,0.41051191091537476
3157,0,0,1,2.135136127471924
3158,0,0,1,4.099978446960449
3159,0,0,1,2.5869922637939453
3160,0,0,1,0.6792299151420593
3161,0,0,1,4.60486364364624
3162,0,0,1,6.1745991706848145
3163,0,0,1,5.988051891326904
3164,0,0,1,3.2953362464904785
3165,0,0,1,9.742783546447754
3166,0,0,1,4.37191915512085
3167,0,0,1,1.6482138633728027
3168,0,0,1,6.6428046226501465
3169,0,0,1,5.523684024810791
3170,0,0,1,2.9337401390075684
3171,0,0,1,6.873895645141602
3172,0,0,1,4.982332706451416
3173,0,0,1,2.761669874191284
3174,0,0,1,3.9131600856781006
3175,0,1,0,1.2590607404708862
3176,0,0,1,8.045164108276367
3177,0,0,1,5.785972595214844
3178,0,0,1,0.14784443378448486
3179,0,0,1,3.597358465194702
3180,0,0,1,7.239997863769531
3181,0,0,1,5.969544887542725
3182,0,0,1,3.7606136798858643
3183,0,0,1,3.2131597995758057
3184,0,0,1,4.077579975128174
3185,0,0,1,1.2219855785369873
3186,0,0,1,3.227752685546875
3187,0,0,1,3.178698778152466
3188,0,0,1,2.733473062515259
3189,0,0,1,4.739206790924072
3190,0,0,1,2.5973763465881348
3191,0,0,1,4.017714977264404
3192,0,0,1,2.52215313911438
3193,0,0,1,1.6743534803390503
3194,0,1,0,0.34395313262939453
3195,0,0,1,3.397230625152588
3196,0,0,1,2.556450843811035
3197,0,0,1,4.012390613555908
3198,0,0,1,3.844500780105591
3199,0,0,1,4.596202850341797
3200,0,0,1,4.530606269836426
3201,0,0,1,0.07617338746786118
3202,0,0,1,1.4870890378952026
3203,0,0,1,1.261767864227295
3204,0,0,1,4.094624996185303
3205,0,0,1,0.544810950756073
3206,0,1,0,0.43969517946243286
3207,0,0,1,8.430882453918457
3208,0,1,0,0.27753719687461853
3209,0,1,0,1.1201567649841309
3210,0,0,1,2.715395212173462
3211,0,0,1,9.06673526763916
3212,0,0,1,5.640745639801025
3213,0,0,1,0.6290176510810852
3214,0,0,1,0.7239552140235901
3215,0,0,1,6.640604019165039
3216,0,0,1,8.422051429748535
3217,0,1,0,0.23132365942001343
3218,0,0,1,5.151443958282471
3219,0,0,1,7.513737678527832
3220,0,0,1,3.0095038414001465
3221,0,0,1,8.037622451782227
3222,0,0,1,5.4144415855407715
3223,0,0,1,0.7163450121879578
3224,0,0,1,10.198904037475586
3225,0,0,1,6.2593092918396
3226,0,0,1,4.791974067687988
3227,0,0,1,4.057035446166992
3228,0,0,1,4.7123122215271
3229,0,1,0,0.09298841655254364
3230,0,0,1,3.7399702072143555
3231,0,0,1,5.305281162261963
3232,0,0,1,4.244279861450195
3233,0,0,1,-0.12077976018190384
3234,0,0,1,8.310569763183594
3235,0,0,1,10.65149974822998
3236,0,0,1,5.3929314613342285
3237,0,0,1,1.8481833934783936
3238,0,0,1,2.3449549674987793
3239,0,0,1,5.8071513175964355
3240,0,0,1,4.8426194190979
3241,0,0,1,11.450400352478027
3242,0,0,1,3.03757381439209
3243,0,1,0,0.1488780379295349
3244,0,0,1,1.1049859523773193
3245,0,0,1,3.5913448333740234
3246,0,0,1,1.2112951278686523
3247,0,0,1,6.263472080230713
3248,0,0,1,5.5216898918151855
3249,0,0,1,10.270444869995117
3250,0,1,0,0.39849716424942017
3251,0,0,1,3.5152437686920166
3252,0,0,1,1.316483497619629
3253,0,0,1,3.085977554321289
3254,0,0,1,3.5185327529907227
3255,0,0,1,2.7985970973968506
3256,0,0,1,10.710131645202637
3257,0,0,1,3.7462568283081055
3258,0,0,1,1.3773205280303955
3259,0,1,0,5.998547554016113
3260,0,0,1,2.9670321941375732
3261,0,0,1,10.06690502166748
3262,0,0,1,5.027858257293701
3263,0,0,1,3.986222743988037
3264,0,0,1,0.4374578297138214
3265,0,0,1,4.950300216674805
3266,0,0,1,9.80713176727295
3267,0,0,1,4.597461223602295
3268,0,0,1,15.47878646850586
3269,0,0,1,2.2244873046875
3270,0,0,1,4.453484058380127
3271,0,0,1,1.9884123802185059
3272,0,0,1,6.532238483428955
3273,0,0,1,3.0025272369384766
3274,0,0,1,6.561068534851074
3275,0,1,0,1.8074955940246582
3276,0,0,1,9.18550968170166
3277,0,1,0,0.2263660430908203
3278,0,0,1,5.643517017364502
3279,0,1,0,-0.13814550638198853
3280,0,0,1,6.630037784576416
3281,0,0,1,1.336378574371338
3282,0,0,1,3.2215399742126465
3283,0,0,1,4.770840167999268
3284,0,0,1,3.1273388862609863
3285,0,0,1,2.3970916271209717
3286,0,0,1,2.4180848598480225
3287,0,1,0,0.11345675587654114
3288,1,0,0,2.8417606353759766
3289,0,0,1,11.519492149353027
3290,0,0,1,3.6973886489868164
3291,0,0,1,0.7231509685516357
3292,0,1,0,0.1985068917274475
3293,0,0,1,3.8356077671051025
3294,0,0,1,4.5027174949646
3295,0,0,1,3.204364061355591
3296,0,0,1,3.9009134769439697
3297,0,0,1,3.818781614303589
3298,0,0,1,0.22628077864646912
3299,0,0,1,7.314109802246094
3300,0,1,0,0.6872021555900574
3301,0,1,0,1.6362098455429077
3302,0,0,1,3.0400452613830566
3303,0,1,0,1.9170966148376465
3304,0,0,1,8.457085609436035
3305,0,0,1,5.749941825866699
3306,0,0,1,2.6129603385925293
3307,0,0,1,5.2322678565979
3308,0,0,1,4.450255393981934
3309,0,0,1,5.309822082519531
3310,0,1,0,0.6655112504959106
3311,0,0,1,5.725215911865234
3312,0,0,1,9.20906925201416
3313,0,0,1,0.16989955306053162
3314,0,0,1,3.761948585510254
3315,0,0,1,10.716052055358887
3316,0,0,1,4.257824420928955
3317,0,0,1,11.991662979125977
3318,0,0,1,3.8763692378997803
3319,0,0,1,-0.20708800852298737
3320,0,0,1,3.248491048812866
3321,0,0,1,4.446962833404541
3322,0,0,1,2.7719573974609375
3323,0,0,1,1.640784502029419
3324,0,0,1,1.6894248723983765
3325,0,0,1,3.5976784229278564
3326,0,0,1,6.3033952713012695
3327,0,0,1,5.632028102874756
3328,0,0,1,5.307870388031006
3329,0,0,1,5.924751281738281
3330,0,1,0,2.0367836952209473
3331,0,0,1,8.510969161987305
3332,0,0,1,0.679068386554718
3333,0,0,1,0.6214887499809265
3334,0,0,1,5.213140964508057
3335,0,0,1,4.594059467315674
3336,0,0,1,6.102843284606934
3337,0,0,1,5.082903861999512
3338,0,0,1,7.912644863128662
3339,0,0,1,0.8753201365470886
3340,0,0,1,7.166984558105469
3341,0,0,1,6.763463497161865
3342,0,0,1,4.321652412414551
3343,0,0,1,9.981250762939453
3344,0,0,1,4.981288909912109
3345,0,0,1,4.616962432861328
3346,0,0,1,4.2883429527282715
3347,0,0,1,7.189970016479492
3348,0,0,1,2.5236566066741943
3349,0,0,1,9.141718864440918
3350,0,0,1,2.312575340270996
3351,0,0,1,4.24308443069458
3352,0,0,1,0.06506180763244629
3353,0,0,1,6.7821526527404785
3354,0,0,1,2.6024794578552246
3355,0,0,1,3.758118152618408
3356,0,0,1,9.159075736999512
3357,0,0,1,4.041604518890381
3358,0,0,1,2.7251925468444824
3359,0,0,1,4.884995460510254
3360,0,0,1,4.619470119476318
3361,0,0,1,4.726252555847168
3362,0,0,1,0.6524667143821716
3363,0,0,1,10.20111083984375
3364,0,0,1,3.6351799964904785
3365,0,0,1,2.032073974609375
3366,0,0,1,3.507931709289551
3367,0,1,0,1.5923161506652832
3368,0,0,1,5.66769552230835
3369,0,0,1,9.100430488586426
3370,0,0,1,8.585116386413574
3371,0,0,1,6.974801540374756
3372,0,1,0,0.8314631581306458
3373,0,1,0,0.2489679753780365
3374,0,0,1,3.8814826011657715
3375,0,0,1,6.566633224487305
3376,0,0,1,7.934632778167725
3377,0,0,1,7.832972049713135
3378,0,0,1,0.2934770882129669
3379,0,0,1,3.646057367324829
3380,0,0,1,4.373363494873047
3381,0,0,1,6.144803524017334
3382,0,0,1,3.7717161178588867
3383,0,0,1,4.336014747619629
3384,0,0,1,0.7630718946456909
3385,0,0,1,4.923835754394531
3386,0,0,1,5.713616847991943
3387,0,0,1,1.812180995941162
3388,0,0,1,4.158070087432861
3389,0,0,1,6.055161952972412
3390,0,0,1,3.084524393081665
3391,0,0,1,1.3022838830947876
3392,0,0,1,3.1749684810638428
3393,0,0,1,2.7711172103881836
3394,0,0,1,2.969676971435547
3395,0,0,1,9.783036231994629
3396,0,0,1,4.190520286560059
3397,0,0,1,2.808234930038452
3398,0,0,1,0.9636433124542236
3399,0,0,1,2.4989795684814453
3400,0,0,1,5.853915691375732
3401,0,0,1,1.6320825815200806
3402,0,0,1,4.6869330406188965
3403,0,1,0,0.10304887592792511
3404,0,0,1,7.030599117279053
3405,0,0,1,3.456566095352173
3406,0,0,1,6.926138877868652
3407,0,0,1,4.195981502532959
3408,0,0,1,2.963059425354004
3409,0,0,1,11.455430030822754
3410,0,0,1,6.208438396453857
3411,0,0,1,5.154934406280518
3412,0,0,1,2.551950216293335
3413,0,0,1,4.1895222663879395
3414,0,1,0,2.3248443603515625
3415,0,0,1,6.0720672607421875
3416,0,0,1,1.2179152965545654
3417,0,0,1,2.4831690788269043
3418,0,0,1,7.432016372680664
3419,0,0,1,3.1512832641601562
3420,0,0,1,4.490423679351807
3421,0,0,1,2.5402588844299316
3422,0,0,1,8.88244342803955
3423,0,0,1,8.942939758300781
3424,0,0,1,3.6670174598693848
3425,0,0,1,9.500031471252441
3426,0,0,1,9.365104675292969
3427,0,0,1,9.081610679626465
3428,0,0,1,9.648917198181152
3429,0,0,1,6.682875156402588
3430,0,0,1,4.174557209014893
3431,0,0,1,1.5352144241333008
3432,0,0,1,7.322692394256592
3433,0,0,1,1.6659516096115112
3434,0,0,1,6.5152459144592285
3435,0,0,1,1.6407535076141357
3436,0,0,1,0.3725850284099579
3437,0,0,1,5.564258575439453
3438,0,0,1,5.0354437828063965
3439,0,1,0,1.6056783199310303
3440,0,0,1,6.287259578704834
3441,0,0,1,2.2760279178619385
3442,0,0,1,2.817462205886841
3443,0,0,1,2.8513340950012207
3444,0,0,1,5.270302772521973
3445,0,0,1,5.270034313201904
3446,0,0,1,2.8631577491760254
3447,0,0,1,1.9907902479171753
3448,0,0,1,1.7746312618255615
3449,0,0,1,2.0356252193450928
3450,0,0,1,5.421023845672607
3451,0,0,1,7.445695877075195
3452,0,0,1,9.326255798339844
3453,0,0,1,0.982935905456543
3454,0,0,1,1.0751707553863525
3455,0,0,1,4.253937244415283
3456,0,0,1,3.2583978176116943
3457,0,0,1,5.8441901206970215
3458,0,0,1,8.158347129821777
3459,0,0,1,0.7929794192314148
3460,0,0,1,-0.04765357822179794
3461,0,0,1,5.795752048492432
3462,0,1,0,4.523774147033691
3463,0,0,1,5.039320468902588
3464,0,1,0,0.1342288851737976
3465,0,0,1,3.031294345855713
3466,0,1,0,0.4879481792449951
3467,0,0,1,3.8038599491119385
3468,0,1,0,0.1463865339756012
3469,0,1,0,0.7285383343696594
3470,0,0,1,3.104189395904541
3471,0,0,1,0.15321624279022217
3472,0,0,1,4.671962261199951
3473,0,1,0,-0.19504711031913757
3474,0,0,1,3.130075693130493
3475,0,0,1,0.33091142773628235
3476,0,0,1,1.5872374773025513
3477,0,0,1,0.4974420368671417
3478,0,0,1,4.415024280548096
3479,0,1,0,0.5807846784591675
3480,0,0,1,2.3150858879089355
3481,0,0,1,2.921288251876831
3482,0,0,1,2.6432008743286133
3483,0,0,1,3.161038398742676
3484,0,1,0,1.317819356918335
3485,0,0,1,6.488595962524414
3486,0,0,1,1.060715675354004
3487,0,0,1,2.488687515258789
3488,0,1,0,1.0523418188095093
3489,0,0,1,5.7106757164001465
3490,0,0,1,1.8848943710327148
3491,0,1,0,0.13287106156349182
3492,0,0,1,3.3565309047698975
3493,0,0,1,0.749857485294342
3494,0,0,1,0.800682008266449
3495,0,1,0,1.4098098278045654
3496,0,0,1,0.28988054394721985
3497,0,0,1,3.9398226737976074
3498,0,0,1,1.6072715520858765
3499,0,0,1,4.089253902435303
3500,0,1,0,4.127884864807129
3501,0,1,0,1.975825548171997
3502,0,0,1,4.009102821350098
3503,0,0,1,0.2318088263273239
3504,0,0,1,2.810938835144043
3505,0,0,1,2.6775894165039062
3506,0,0,1,1.2286444902420044
3507,0,0,1,1.298940896987915
3508,0,0,1,0.1705865114927292
3509,0,0,1,2.747138023376465
3510,0,0,1,1.2404083013534546
3511,0,1,0,2.1750874519348145
3512,0,0,1,-0.14507745206356049
3513,0,0,1,1.8602770566940308
3514,0,0,1,0.1847599297761917
3515,0,0,1,2.249356746673584
3516,0,1,0,0.6677842736244202
3517,0,0,1,3.321988582611084
3518,0,0,1,2.228485584259033
3519,0,0,1,1.6450591087341309
3520,0,0,1,2.1268534660339355
3521,0,0,1,1.0256757736206055
3522,0,1,0,-0.14146454632282257
3523,0,0,1,6.44608736038208
3524,0,1,0,0.41493627429008484
3525,0,0,1,0.5061123371124268
3526,0,1,0,1.5729658603668213
3527,0,0,1,0.7853737473487854
3528,0,0,1,-0.28437894582748413
3529,0,1,0,1.2661083936691284
3530,0,1,0,2.22285795211792
3531,0,0,1,4.714863300323486
3532,0,0,1,2.0355632305145264
3533,0,0,1,2.333050012588501
3534,0,0,1,6.58277702331543
3535,0,0,1,3.251699209213257
3536,0,1,0,0.20626342296600342
3537,0,0,1,4.433480739593506
3538,0,0,1,4.102012634277344
3539,0,0,1,2.744293689727783
3540,0,0,1,0.21641524136066437
3541,0,1,0,-0.05847208946943283
3542,0,0,1,1.2096601724624634
3543,0,0,1,4.383853435516357
3544,0,0,1,5.7728705406188965
3545,0,0,1,2.6389167308807373
3546,0,1,0,0.48992711305618286
3547,0,0,1,1.775630235671997
3548,0,1,0,0.16780801117420197
3549,0,0,1,2.2208034992218018
3550,0,0,1,0.19624221324920654
3551,0,1,0,2.0962793827056885
3552,0,0,1,0.8498148322105408
3553,0,1,0,0.09703624248504639
3554,0,1,0,0.14120401442050934
3555,0,0,1,1.3898159265518188
3556,0,0,1,2.8284735679626465
3557,0,0,1,4.335728645324707
3558,0,1,0,0.15589387714862823
3559,0,1,0,0.717759907245636
3560,0,0,1,2.124999761581421
3561,0,0,1,2.7696497440338135
3562,0,0,1,0.989216685295105
3563,0,0,1,2.180516242980957
3564,0,0,1,0.413752019405365
3565,0,1,0,1.2235419750213623
3566,0,0,1,0.9328125715255737
3567,0,0,1,5.890954971313477
3568,0,0,1,0.8411814570426941
3569,0,0,1,5.464609622955322
3570,0,0,1,0.9230993390083313
3571,0,1,0,0.12825343012809753
3572,0,0,1,0.07725579291582108
3573,0,0,1,4.439373970031738
3574,0,1,0,1.3450345993041992
3575,0,0,1,4.033335208892822
3576,0,0,1,1.481287956237793
3577,0,0,1,4.507323741912842
3578,0,0,1,5.20712423324585
3579,0,0,1,-0.007568070665001869
3580,0,1,0,-0.12116357684135437
3581,0,0,1,0.8193507194519043
3582,0,0,1,0.9961890578269958
3583,0,0,1,4.895678520202637
3584,0,1,0,-0.07306565344333649
3585,0,0,1,1.2771542072296143
3586,0,1,0,2.8440911769866943
3587,0,1,0,-0.002950236201286316
3588,0,0,1,1.1940820217132568
3589,0,0,1,3.38847279548645
3590,0,0,1,3.082980155944824
3591,0,0,1,1.9642748832702637
3592,0,0,1,3.823183059692383
3593,0,0,1,1.8895131349563599
3594,0,1,0,-0.01854041963815689
3595,0,0,1,1.0106792449951172
3596,0,0,1,8.263611793518066
3597,0,0,1,1.0000461339950562
3598,0,0,1,3.4010672569274902
3599,0,0,1,2.440062999725342
3600,0,0,1,2.392786741256714
3601,0,0,1,7.521579265594482
3602,0,0,1,3.9207940101623535
3603,0,0,1,0.4247821271419525
3604,0,0,1,1.767005443572998
3605,0,1,0,1.311948537826538
3606,0,1,0,4.960820198059082
3607,0,0,1,3.286829948425293
3608,0,0,1,0.29921597242355347
3609,0,0,1,8.287890434265137
3610,0,0,1,2.9555835723876953
3611,0,1,0,1.2499313354492188
3612,0,0,1,3.07857346534729
3613,0,0,1,0.9474936127662659
3614,0,1,0,3.9131767749786377
3615,0,1,0,0.429739385843277
3616,0,1,0,1.228840708732605
3617,0,0,1,0.25596633553504944
3618,0,1,0,-0.1313486397266388
3619,0,0,1,2.0478012561798096
3620,0,0,1,0.6098242998123169
3621,0,0,1,0.38707566261291504
3622,0,1,0,-0.006972841918468475
3623,0,0,1,1.1225289106369019
3624,0,0,1,1.232426404953003
3625,0,0,1,0.4076329171657562
3626,0,0,1,4.658377170562744
3627,0,0,1,7.1903252601623535
3628,0,0,1,5.349308013916016
3629,0,0,1,3.155766010284424
3630,0,0,1,1.1908161640167236
3631,0,0,1,6.9272637367248535
3632,0,0,1,4.785830974578857
3633,0,0,1,4.597538948059082
3634,0,0,1,6.316535472869873
3635,0,0,1,0.0028795506805181503
3636,0,0,1,1.8152740001678467
3637,0,0,1,3.2385406494140625
3638,0,0,1,1.1630488634109497
3639,0,1,0,2.152371644973755
3640,0,0,1,3.2747631072998047
3641,0,0,1,0.2602306604385376
3642,0,0,1,2.739271879196167
3643,0,0,1,2.126244068145752
3644,0,0,1,4.197282791137695
3645,0,0,1,1.9565335512161255
3646,0,0,1,3.5443830490112305
3647,0,0,1,3.323179244995117
3648,0,0,1,2.952216625213623
3649,0,0,1,2.3875937461853027
3650,0,0,1,1.5004966259002686
3651,0,0,1,1.4176098108291626
3652,0,1,0,-0.04428049176931381
3653,0,1,0,0.3622186779975891
3654,0,1,0,0.10756927728652954
3655,0,1,0,-0.19367623329162598
3656,0,1,0,0.8457860946655273
3657,0,0,1,3.151656150817871
3658,0,0,1,3.6062207221984863
3659,0,0,1,4.644130706787109
3660,0,0,1,5.2161946296691895
3661,0,0,1,4.02519416809082
3662,0,1,0,2.544339418411255
3663,0,0,1,2.7481331825256348
3664,0,0,1,2.8378548622131348
3665,0,0,1,0.7400471568107605
3666,0,0,1,1.1753803491592407
3667,0,0,1,0.05150855332612991
3668,0,0,1,4.769733428955078
3669,0,1,0,0.650092601776123
3670,0,1,0,4.374439239501953
3671,0,0,1,1.6436833143234253
3672,0,0,1,4.804366588592529
3673,0,0,1,2.298433780670166
3674,0,0,1,1.0537655353546143
3675,0,0,1,4.1484856605529785
3676,0,0,1,1.9146002531051636
3677,0,0,1,0.6559258103370667
3678,0,0,1,1.5579286813735962
3679,0,0,1,0.8725073337554932
3680,0,0,1,3.370344400405884
3681,0,0,1,0.8082255721092224
3682,0,0,1,2.980863094329834
3683,0,0,1,8.96690559387207
3684,0,1,0,4.502459526062012
3685,0,0,1,5.556312084197998
3686,0,0,1,4.09127140045166
3687,0,0,1,0.35424453020095825
3688,0,0,1,1.386475682258606
3689,0,1,0,2.1239302158355713
3690,0,0,1,0.4509489834308624
3691,0,1,0,2.2552907466888428
3692,0,0,1,0.7445405721664429
3693,0,1,0,1.1974564790725708
3694,0,0,1,4.567343235015869
3695,0,0,1,1.4015272855758667
3696,0,1,0,0.3871508240699768
3697,0,0,1,1.3906421661376953
3698,0,0,1,7.165599822998047
3699,0,0,1,6.9184722900390625
3700,0,1,0,0.8512119054794312
3701,0,0,1,3.8020596504211426
3702,0,0,1,1.9767265319824219
3703,0,0,1,0.8442252278327942
3704,0,1,0,0.2862045168876648
3705,0,0,1,1.2687281370162964
3706,0,0,1,2.723867654800415
3707,0,0,1,1.542709469795227
3708,0,0,1,2.239912509918213
3709,0,0,1,0.27757948637008667
3710,0,0,1,0.9808844923973083
3711,0,0,1,3.611412763595581
3712,0,0,1,2.200474739074707
3713,0,0,1,1.9346901178359985
3714,0,0,1,2.800412893295288
3715,0,1,0,2.365276336669922
3716,0,0,1,1.555025339126587
3717,0,0,1,3.1236791610717773
3718,0,0,1,2.075007438659668
3719,0,0,1,1.9926230907440186
3720,0,1,0,0.9151321053504944
3721,0,1,0,0.7471133470535278
3722,0,0,1,2.8443641662597656
3723,0,1,0,-0.16186034679412842
3724,0,1,0,1.1586970090866089
3725,0,0,1,2.3233838081359863
3726,0,1,0,-0.08996322005987167
3727,0,1,0,-0.09629255533218384
3728,0,0,1,2.065778970718384
3729,0,0,1,1.720348834991455
3730,0,1,0,3.497667074203491
3731,0,0,1,0.3853202760219574
3732,0,0,1,2.5333287715911865
3733,0,1,0,0.11158384382724762
3734,0,1,0,0.8311265707015991
3735,0,0,1,3.0760281085968018
3736,0,0,1,2.1557252407073975
3737,0,0,1,0.7811468243598938
3738,0,0,1,3.534217357635498
3739,0,0,1,1.0124925374984741
3740,0,1,0,-0.05982784181833267
3741,0,0,1,1.7079859972000122
3742,0,0,1,0.5305234789848328
3743,0,0,1,1.7914652824401855
3744,0,0,1,0.2791264057159424
3745,0,0,1,3.6802995204925537
3746,0,0,1,0.8502198457717896
3747,0,0,1,3.8681178092956543
3748,0,1,0,0.6460439562797546
3749,0,0,1,3.4337053298950195
3750,0,0,1,1.837804913520813
3751,0,0,1,3.4908223152160645
3752,0,1,0,1.0685241222381592
3753,0,0,1,1.2769814729690552
3754,0,0,1,2.9079089164733887
3755,0,0,1,3.587033271789551
3756,0,0,1,1.8671410083770752
3757,0,0,1,1.7671229839324951
3758,0,0,1,1.150755524635315
3759,0,0,1,1.473393440246582
3760,0,0,1,3.0300869941711426
3761,0,0,1,0.8798721432685852
3762,0,0,1,4.185298442840576
3763,0,0,1,3.970842123031616
3764,0,0,1,3.7414376735687256
3765,0,0,1,2.046330213546753
3766,0,0,1,5.18571662902832
3767,0,1,0,3.021257162094116
3768,0,0,1,0.0879797711968422
3769,0,0,1,1.7151949405670166
3770,0,0,1,0.14137113094329834
3771,0,0,1,0.0712912455201149
3772,0,0,1,0.23756366968154907
3773,0,0,1,3.5516366958618164
3774,0,0,1,0.8386614322662354
3775,0,0,1,2.0356760025024414
3776,0,0,1,0.04976407438516617
3777,0,1,0,0.0660310685634613
3778,0,0,1,8.706162452697754
3779,0,0,1,0.4254136085510254
3780,0,1,0,0.10133139789104462
3781,0,0,1,2.8017096519470215
3782,0,1,0,0.72098708152771
3783,0,0,1,0.8709742426872253
3784,0,1,0,1.2339407205581665
3785,0,1,0,1.41910982131958
3786,0,1,0,0.16040821373462677
3787,0,0,1,0.6262357234954834
3788,0,0,1,0.996290385723114
3789,0,1,0,5.640569686889648
3790,0,0,1,1.1049407720565796
3791,0,0,1,0.4671304523944855
3792,0,1,0,0.12150080502033234
3793,0,0,1,3.29848313331604
3794,0,0,1,1.7900383472442627
3795,0,0,1,1.8104455471038818
3796,0,0,1,0.9475834965705872
3797,0,0,1,2.2557480335235596
3798,0,0,1,4.925361156463623
3799,0,0,1,0.8222023844718933
3800,0,0,1,1.2544673681259155
3801,0,0,1,0.32308143377304077
3802,0,1,0,3.5368244647979736
3803,0,0,1,4.731029987335205
3804,0,0,1,2.466226100921631
3805,0,1,0,2.4358999729156494
3806,0,0,1,3.583836317062378
3807,0,0,1,0.0036692675203084946
3808,0,1,0,0.7661527991294861
3809,0,0,1,1.2990894317626953
3810,0,0,1,3.8319294452667236
3811,0,1,0,3.3980019092559814
3812,0,0,1,6.919920444488525
3813,0,0,1,4.2601141929626465
3814,0,0,1,2.3916776180267334
3815,0,0,1,0.3692362308502197
3816,0,1,0,4.141796112060547
3817,0,0,1,3.5641372203826904
3818,0,1,0,2.416145086288452
3819,0,1,0,-0.10422516614198685
3820,0,0,1,1.267889142036438
3821,0,0,1,2.1005358695983887
3822,0,1,0,0.029304083436727524
3823,0,0,1,2.0452799797058105
3824,0,0,1,0.7072075009346008
3825,0,1,0,0.5618246793746948
3826,0,0,1,4.607797145843506
3827,0,0,1,2.5703439712524414
3828,0,1,0,0.6722801327705383
3829,0,1,0,1.3406603336334229
3830,0,0,1,2.1375608444213867
3831,0,0,1,3.7975800037384033
3832,0,0,1,2.5416314601898193
3833,0,0,1,0.8082536458969116
3834,0,0,1,2.005363702774048
3835,0,0,1,4.80603551864624
3836,0,0,1,4.796227931976318
3837,0,0,1,4.273436546325684
3838,0,0,1,6.564216136932373
3839,0,1,0,0.7654911875724792
3840,0,1,0,0.3204728364944458
3841,0,0,1,1.2827266454696655
3842,0,0,1,1.222564697265625
3843,0,0,1,1.4551104307174683
3844,0,0,1,1.370486855506897
3845,0,0,1,0.3700397312641144
3846,0,0,1,1.2592366933822632
3847,0,1,0,0.8364923000335693
3848,0,0,1,0.7873057723045349
3849,0,0,1,1.2727216482162476
3850,0,1,0,0.642447829246521
3851,0,0,1,1.9592459201812744
3852,0,0,1,2.7988624572753906
3853,0,0,1,6.250564098358154
3854,0,0,1,0.07018829137086868
3855,0,0,1,1.4818298816680908
3856,0,1,0,0.07249429821968079
3857,0,1,0,0.1016295850276947
3858,0,0,1,0.5764585733413696
3859,0,1,0,0.059388041496276855
3860,0,0,1,2.5156469345092773
3861,0,0,1,2.4843077659606934
3862,0,1,0,0.08409325033426285
3863,0,0,1,5.6071295738220215
3864,0,1,0,0.6912519931793213
3865,0,0,1,1.9125441312789917
3866,0,1,0,0.9963382482528687
3867,0,0,1,0.868277370929718
3868,0,1,0,0.4516650140285492
3869,0,0,1,1.407701015472412
3870,0,0,1,5.480976581573486
3871,0,0,1,2.1141254901885986
3872,0,0,1,3.265415668487549
3873,0,0,1,0.5157405734062195
3874,0,0,1,3.699866771697998
3875,0,0,1,7.808726787567139
3876,0,0,1,3.4499950408935547
3877,0,0,1,-0.14956939220428467
3878,0,0,1,0.2975986897945404
3879,0,0,1,2.9885497093200684
3880,0,0,1,1.0845484733581543
3881,0,0,1,0.9848187565803528
3882,0,0,1,-0.005879471078515053
3883,0,0,1,4.584384918212891
3884,0,0,1,2.0041401386260986
3885,0,0,1,0.5111459493637085
3886,0,1,0,0.6805295944213867
3887,0,1,0,0.32980260252952576
3888,0,1,0,2.370938539505005
3889,0,0,1,4.191035270690918
3890,0,1,0,0.22338876128196716
3891,0,0,1,0.47099700570106506
3892,0,0,1,2.835803747177124
3893,0,0,1,1.172996163368225
3894,0,0,1,5.444206237792969
3895,0,0,1,2.848240375518799
3896,0,0,1,6.337913513183594
3897,0,1,0,1.5269250869750977
3898,0,0,1,0.6123238801956177
3899,0,0,1,14.25146770477295
3900,0,0,1,3.5213139057159424
3901,0,0,1,5.75917387008667
3902,0,0,1,6.18222713470459
3903,0,0,1,2.5027899742126465
3904,0,1,0,3.378910779953003
3905,0,1,0,1.4745017290115356
3906,0,0,1,2.3293721675872803
3907,0,1,0,2.057297468185425
3908,0,1,0,-0.035296931862831116
3909,0,1,0,-0.026190534234046936
3910,0,0,1,4.035807132720947
3911,0,0,1,1.8241522312164307
3912,0,0,1,2.7285351753234863
3913,0,1,0,0.6394532322883606
3914,0,1,0,1.1254405975341797
3915,0,0,1,5.375545501708984
3916,0,0,1,0.1901342272758484
3917,0,1,0,0.8772149682044983
3918,0,0,1,6.167449474334717
3919,0,0,1,1.2753697633743286
3920,0,0,1,1.1892555952072144
3921,0,1,0,2.1064178943634033
3922,0,0,1,1.2068958282470703
3923,0,0,1,1.7336010932922363
3924,0,0,1,1.765238642692566
3925,0,0,1,0.2668253183364868
3926,0,0,1,6.177844524383545
3927,0,1,0,0.46576178073883057
3928,0,1,0,1.4847280979156494
3929,0,0,1,5.667850017547607
3930,0,0,1,1.988022804260254
3931,0,0,1,2.171412229537964
3932,0,0,1,2.3982229232788086
3933,0,0,1,3.532834053039551
3934,0,1,0,1.1113417148590088
3935,0,0,1,1.6628040075302124
3936,0,1,0,0.9117865562438965
3937,0,0,1,1.0895169973373413
3938,0,0,1,1.8750011920928955
3939,0,1,0,0.3405827283859253
3940,0,0,1,0.3276507258415222
3941,0,0,1,1.1414830684661865
3942,0,1,0,0.892336368560791
3943,0,0,1,4.05765438079834
3944,0,0,1,4.1191301345825195
3945,0,0,1,5.064344882965088
3946,0,0,1,5.364865303039551
3947,0,1,0,4.435239791870117
3948,0,0,1,3.652552604675293
3949,0,0,1,1.6735990047454834
3950,0,0,1,2.043076753616333
3951,0,0,1,3.1222519874572754
3952,0,1,0,1.2543818950653076
3953,0,1,0,-0.22484040260314941
3954,0,0,1,2.7899203300476074
3955,0,0,1,1.3664679527282715
3956,0,0,1,4.439455509185791
3957,0,0,1,1.9185153245925903
3958,0,0,1,3.435472249984741
3959,0,0,1,3.051161766052246
3960,0,0,1,1.1459084749221802
3961,0,0,1,5.160445690155029
3962,0,0,1,1.0969449281692505
3963,0,0,1,0.07558249682188034
3964,0,0,1,2.49411940574646
3965,0,0,1,2.822366237640381
3966,0,1,0,1.0487761497497559
3967,0,1,0,0.069211944937706
3968,0,0,1,1.7902445793151855
3969,0,0,1,0.8238727450370789
3970,0,1,0,-0.03627721965312958
3971,0,0,1,2.0269477367401123
3972,0,0,1,2.2991526126861572
3973,0,0,1,2.109622001647949
3974,0,0,1,2.162318706512451
3975,0,0,1,5.1121320724487305
3976,0,0,1,-0.020996490493416786
3977,0,1,0,0.22057420015335083
3978,0,0,1,3.915964365005493
3979,0,1,0,0.06911881268024445
3980,0,1,0,1.4357314109802246
3981,0,0,1,1.4853670597076416
3982,0,0,1,1.8897414207458496
3983,0,0,1,3.182575225830078
3984,0,0,1,1.3100290298461914
3985,0,1,0,1.1082717180252075
3986,0,0,1,4.797065258026123
3987,0,0,1,1.2485332489013672
3988,0,0,1,0.27929455041885376
3989,0,0,1,2.2796833515167236
3990,0,0,1,0.11554727703332901
3991,0,0,1,0.9608157277107239
3992,0,0,1,4.2093424797058105
3993,0,0,1,9.40090274810791
3994,0,0,1,5.27385950088501
3995,0,0,1,0.6543307900428772
3996,0,1,0,0.6624566316604614
3997,0,0,1,3.7148056030273438
3998,0,0,1,5.113838195800781
3999,0,0,1,3.878176212310791
4000,0,0,1,2.2487874031066895
4001,0,0,1,3.534801959991455
4002,0,0,1,1.3037182092666626
4003,0,0,1,3.534768581390381
4004,0,0,1,1.1603444814682007
4005,0,0,1,4.263064861297607
4006,0,0,1,2.269131660461426
4007,0,0,1,5.874528408050537
4008,0,0,1,4.691997528076172
4009,0,0,1,3.358915328979492
4010,0,0,1,1.7191081047058105
4011,0,1,0,0.0367509201169014
4012,0,0,1,0.9200910329818726
4013,0,0,1,0.709584653377533
4014,0,0,1,0.7767857909202576
4015,0,1,0,0.6247498393058777
4016,0,0,1,10.320054054260254
4017,0,0,1,4.996047496795654
4018,0,0,1,1.0168609619140625
4019,0,0,1,4.0908284187316895
4020,0,0,1,6.773654460906982
4021,0,0,1,5.639166355133057
4022,0,1,0,2.817192316055298
4023,0,0,1,7.135781764984131
4024,0,0,1,4.48836612701416
4025,0,1,0,1.1154518127441406
4026,0,0,1,2.3038015365600586
4027,0,0,1,5.515584945678711
4028,0,0,1,5.015784740447998
4029,0,0,1,4.34375
4030,0,0,1,0.2559877932071686
4031,0,0,1,3.2854297161102295
4032,0,0,1,1.4326707124710083
4033,0,0,1,0.9263409972190857
4034,0,0,1,-0.20320266485214233
4035,0,0,1,1.4704490900039673
4036,0,0,1,7.348897457122803
4037,0,0,1,0.2934652864933014
4038,0,1,0,1.4929600954055786
4039,0,0,1,4.489905834197998
4040,0,0,1,6.731417179107666
4041,0,0,1,2.2443554401397705
4042,0,0,1,2.348233938217163
4043,0,0,1,3.0175247192382812
4044,0,1,0,0.6093526482582092
4045,0,0,1,2.961958169937134
4046,0,0,1,1.314030408859253
4047,0,0,1,1.4285528659820557
4048,0,0,1,2.3422863483428955
4049,0,0,1,1.3605055809020996
4050,0,0,1,0.8175118565559387
4051,0,0,1,2.5956544876098633
4052,0,0,1,3.9258320331573486
4053,0,0,1,6.319217205047607
4054,0,0,1,7.566890239715576
4055,0,0,1,1.4864155054092407
4056,0,1,0,0.9347388744354248
4057,0,0,1,4.656800746917725
4058,0,0,1,0.9850854277610779
4059,0,1,0,1.8471442461013794
4060,0,0,1,3.021794319152832
4061,0,1,0,0.6356973648071289
4062,0,0,1,2.3847739696502686
4063,0,0,1,5.376753807067871
4064,0,1,0,0.6052783727645874
4065,0,0,1,0.5085980892181396
4066,0,0,1,1.446060299873352
4067,0,1,0,0.7606895565986633
4068,0,1,0,0.09536980837583542
4069,0,1,0,0.34104394912719727
4070,0,0,1,5.9967570304870605
4071,0,1,0,0.8045274019241333
4072,0,0,1,4.601729393005371
4073,0,0,1,7.78153657913208
4074,0,0,1,1.809696912765503
4075,0,0,1,4.373977184295654
4076,0,0,1,1.222312569618225
4077,0,0,1,3.457724094390869
4078,0,0,1,4.998297214508057
4079,0,0,1,2.287911891937256
4080,0,0,1,0.09486415982246399
4081,0,0,1,0.1991947740316391
4082,0,1,0,3.4615304470062256
4083,0,0,1,1.47759211063385
4084,0,0,1,0.05818600207567215
4085,0,0,1,4.040595531463623
4086,0,0,1,0.6626030802726746
4087,0,0,1,4.920172214508057
4088,0,1,0,1.5485212802886963
4089,0,0,1,3.8509321212768555
4090,0,0,1,2.0973305702209473
4091,0,0,1,2.499279499053955
4092,0,1,0,-0.29762324690818787
4093,0,0,1,2.134674310684204
4094,0,0,1,5.912230491638184
4095,0,0,1,5.04421854019165
4096,0,0,1,1.2559301853179932
4097,0,1,0,0.8255499005317688
4098,0,0,1,3.069042444229126
4099,0,0,1,2.6994001865386963
4100,0,0,1,3.3329215049743652
4101,0,1,0,-0.09364475309848785
4102,0,0,1,3.0139033794403076
4103,0,1,0,2.8393471240997314
4104,0,0,1,0.2873014211654663
4105,0,0,1,1.523944616317749
4106,0,0,1,6.939614772796631
4107,0,0,1,8.818745613098145
4108,0,0,1,1.8384368419647217
4109,0,0,1,0.17299649119377136
4110,0,0,1,2.1246094703674316
4111,0,1,0,2.5094425678253174
4112,0,0,1,0.2978596091270447
4113,0,0,1,2.5592002868652344
4114,0,0,1,5.406393527984619
4115,0,0,1,6.969402313232422
4116,0,0,1,8.236756324768066
4117,0,0,1,3.591132164001465
4118,0,0,1,7.051131725311279
4119,0,0,1,5.511176586151123
4120,0,0,1,3.028653144836426
4121,0,0,1,2.0612149238586426
4122,0,0,1,3.1771464347839355
4123,0,1,0,0.3555898666381836
4124,0,0,1,0.7124360799789429
4125,0,1,0,-0.28188556432724
4126,0,0,1,2.56638240814209
4127,0,0,1,0.4567340910434723
4128,0,1,0,0.8489779233932495
4129,0,1,0,3.9128479957580566
4130,0,1,0,1.7803131341934204
4131,0,0,1,2.673348903656006
4132,0,0,1,4.57918643951416
4133,0,0,1,5.665584087371826
4134,0,0,1,3.87807559967041
4135,0,0,1,1.7692270278930664
4136,0,0,1,8.282000541687012
4137,0,0,1,1.9603278636932373
4138,0,0,1,5.725252628326416
4139,0,0,1,2.0939419269561768
4140,0,0,1,1.3353664875030518
4141,0,0,1,1.3956868648529053
4142,0,0,1,2.5865273475646973
4143,0,0,1,3.5050840377807617
4144,0,0,1,5.242478370666504
4145,0,0,1,1.3849767446517944
4146,0,0,1,0.34262287616729736
4147,0,0,1,0.17105403542518616
4148,0,0,1,4.641963481903076
4149,0,0,1,3.2811920642852783
4150,0,1,0,2.3042609691619873
4151,0,0,1,6.153077602386475
4152,0,1,0,1.545637607574463
4153,0,0,1,1.4363994598388672
4154,0,0,1,1.5241293907165527
4155,0,0,1,1.1518665552139282
4156,0,1,0,1.4976232051849365
4157,0,0,1,0.048865415155887604
4158,0,0,1,1.613286018371582
4159,0,0,1,4.733975887298584
4160,0,0,1,4.809610843658447
4161,0,1,0,-0.17040714621543884
4162,0,0,1,3.5687642097473145
4163,0,0,1,0.8808344006538391
4164,0,0,1,2.8208727836608887
4165,0,1,0,1.838309645652771
4166,0,0,1,3.3549575805664062
4167,0,0,1,0.6603751182556152
4168,0,0,1,2.6173815727233887
4169,0,0,1,6.366159915924072
4170,0,1,0,-0.14456398785114288
4171,0,0,1,6.604811668395996
4172,0,0,1,0.6635120511054993
4173,0,0,1,1.9559051990509033
4174,0,0,1,0.7873738408088684
4175,0,1,0,0.043298810720443726
4176,0,1,0,0.33623260259628296
4177,0,0,1,1.6196120977401733
4178,0,1,0,1.079252004623413
4179,0,0,1,0.08542976528406143
4180,0,1,0,3.1337482929229736
4181,0,0,1,7.915573596954346
4182,0,1,0,0.8715378642082214
4183,0,0,1,8.514204025268555
4184,0,0,1,1.710414171218872
4185,0,0,1,2.6722609996795654
4186,0,0,1,1.838778018951416
4187,0,0,1,3.7127184867858887
4188,0,0,1,2.1676878929138184
4189,0,1,0,-0.09352661669254303
4190,0,0,1,2.984206438064575
4191,0,1,0,0.939897358417511
4192,0,0,1,3.7417874336242676
4193,0,1,0,1.198098063468933
4194,0,0,1,1.9068994522094727
4195,0,0,1,0.42969372868537903
4196,0,0,1,0.46416130661964417
4197,0,0,1,1.4263324737548828
4198,0,0,1,0.044261910021305084
4199,0,0,1,1.3084111213684082
4200,0,0,1,2.673513650894165
4201,0,0,1,2.743997573852539
4202,0,1,0,5.111820220947266
4203,0,0,1,10.025959968566895
4204,0,0,1,1.2601263523101807
4205,0,0,1,1.5329320430755615
4206,0,1,0,2.2895655632019043
4207,0,1,0,1.1291110515594482
4208,0,0,1,2.5904836654663086
4209,0,0,1,1.6337789297103882
4210,0,0,1,1.8318490982055664
4211,0,0,1,0.5871900320053101
4212,0,0,1,1.1817982196807861
4213,0,1,0,1.7344971895217896
4214,0,1,0,0.27647167444229126
4215,0,0,1,0.41000282764434814
4216,0,0,1,0.4927386939525604
4217,0,0,1,0.12678921222686768
4218,0,0,1,6.350742816925049
4219,0,1,0,1.2901792526245117
4220,0,0,1,6.051241397857666
4221,0,0,1,2.0567374229431152
4222,0,0,1,5.746410846710205
4223,0,0,1,0.9379562139511108
4224,0,0,1,3.049694299697876
4225,0,0,1,3.1053810119628906
4226,0,0,1,3.179555892944336
4227,0,0,1,2.5590713024139404
4228,0,0,1,0.31823432445526123
4229,0,0,1,2.9744927883148193
4230,0,0,1,3.108761787414551
4231,0,0,1,1.3959648609161377
4232,0,0,1,-0.1107032522559166
4233,0,1,0,0.7595358490943909
4234,0,0,1,0.4320264160633087
4235,0,0,1,0.4805188477039337
4236,0,0,1,2.112694263458252
4237,0,1,0,2.77134108543396
4238,0,1,0,0.4025175869464874
4239,0,1,0,1.7209588289260864
4240,0,1,0,1.5194019079208374
4241,0,0,1,0.31019893288612366
4242,0,1,0,1.01924729347229
4243,0,0,1,2.366532325744629
4244,0,1,0,-0.09173191338777542
4245,0,0,1,2.5320310592651367
4246,0,0,1,0.7244450449943542
4247,0,1,0,1.0698744058609009
4248,0,0,1,3.1371333599090576
4249,0,0,1,0.4984321892261505
4250,0,0,1,4.06990385055542
4251,0,0,1,3.771355390548706
4252,0,0,1,3.60420298576355
4253,0,0,1,2.120879888534546
4254,0,1,0,0.557062029838562
4255,0,0,1,6.719491958618164
4256,0,0,1,4.41519021987915
4257,0,0,1,5.982066631317139
4258,0,1,0,2.626256227493286
4259,0,0,1,0.418942391872406
4260,0,0,1,0.025136595591902733
4261,0,0,1,2.067204236984253
4262,0,0,1,3.8610639572143555
4263,0,0,1,0.2463165670633316
4264,0,1,0,1.0152499675750732
4265,0,0,1,3.009169101715088
4266,0,0,1,3.187946319580078
4267,0,1,0,1.6967074871063232
4268,0,1,0,1.1301476955413818
4269,0,0,1,3.6827645301818848
4270,0,1,0,0.39272964000701904
4271,0,0,1,3.78959059715271
4272,0,0,1,1.1260372400283813
4273,0,0,1,5.223333835601807
4274,0,0,1,1.4124940633773804
4275,0,1,0,0.4765244126319885
4276,0,1,0,0.8834612965583801
4277,0,0,1,1.2478207349777222
4278,0,1,0,7.076419830322266
4279,0,1,0,0.4295789897441864
4280,0,0,1,0.7586266994476318
4281,0,1,0,0.7804661989212036
4282,0,0,1,2.3790223598480225
4283,0,0,1,4.84088659286499
4284,0,0,1,0.7766624093055725
4285,0,0,1,5.440553665161133
4286,0,0,1,2.9022364616394043
4287,0,1,0,1.2975974082946777
4288,0,1,0,0.6142393946647644
4289,0,0,1,3.3248538970947266
4290,0,0,1,4.5562357902526855
4291,0,1,0,1.1444801092147827
4292,0,0,1,0.09165722876787186
4293,0,1,0,1.8042371273040771
4294,0,0,1,-0.14617285132408142
4295,0,0,1,0.45636433362960815
4296,0,0,1,4.073753833770752
4297,0,0,1,1.5521996021270752
4298,0,0,1,4.616257190704346
4299,0,0,1,6.435642719268799
4300,0,1,0,4.120265007019043
4301,0,1,0,0.25980639457702637
4302,0,0,1,7.664124011993408
4303,0,0,1,1.3522921800613403
4304,0,0,1,1.6279611587524414
4305,0,0,1,1.663061261177063
