sample_idx,true_label,pred_label,correct,confidence
0,3,3,1,5.275676250457764
1,8,8,1,4.233384132385254
2,8,8,1,3.298264741897583
3,0,0,1,3.0815188884735107
4,6,6,1,6.749920845031738
5,6,6,1,10.689566612243652
6,1,1,1,1.3116720914840698
7,6,6,1,6.392795085906982
8,3,3,1,4.343677997589111
9,1,1,1,3.4615089893341064
10,0,0,1,1.2642065286636353
11,9,9,1,10.391267776489258
12,5,5,1,1.7814890146255493
13,7,2,0,1.049531102180481
14,9,9,1,3.0033118724823
15,8,8,1,4.257081031799316
16,5,5,1,6.501552581787109
17,7,7,1,3.621124029159546
18,8,8,1,4.694018363952637
19,6,6,1,5.175111770629883
20,7,7,1,0.059468578547239304
21,0,0,1,6.13377046585083
22,4,4,1,4.791003704071045
23,9,9,1,3.4320740699768066
24,5,5,1,1.2082425355911255
25,2,2,1,3.8921926021575928
26,4,4,1,1.3127343654632568
27,0,0,1,1.1438146829605103
28,9,9,1,6.711368083953857
29,6,6,1,9.399166107177734
30,6,3,0,-0.8979385495185852
31,5,5,1,7.369085788726807
32,4,0,0,-0.22486695647239685
33,5,5,1,-0.19315142929553986
34,9,9,1,15.708907127380371
35,2,8,0,0.7035672068595886
36,4,4,1,9.470815658569336
37,1,1,1,5.203371047973633
38,9,9,1,12.795982360839844
39,5,5,1,6.7927446365356445
40,4,4,1,-0.21280483901500702
41,6,6,1,5.382797718048096
42,5,5,1,1.2288633584976196
43,6,6,1,2.869042158126831
44,0,0,1,2.9055230617523193
45,9,9,1,12.54316234588623
46,3,3,1,6.797543525695801
47,9,9,1,0.6158035397529602
48,7,7,1,10.022165298461914
49,6,6,1,5.617849826812744
50,9,0,0,1.4578474760055542
51,8,8,1,6.5431084632873535
52,0,0,1,-1.73404061794281
53,3,3,1,3.445032835006714
54,8,8,1,8.440756797790527
55,8,8,1,12.423665046691895
56,7,7,1,4.937723636627197
57,7,7,1,0.8328373432159424
58,4,7,0,-0.8672453761100769
59,6,3,0,-0.053815893828868866
60,7,7,1,14.551104545593262
61,3,5,0,3.806675434112549
62,6,6,1,3.7221426963806152
63,3,3,1,2.611976385116577
64,6,3,0,1.791516900062561
65,2,2,1,4.73080587387085
66,1,0,0,2.1937241554260254
67,2,2,1,4.449817180633545
68,3,3,1,-0.3936326801776886
69,7,4,0,-0.39082303643226624
70,2,2,1,0.7212823629379272
71,6,6,1,5.514890193939209
72,8,8,1,6.046377182006836
73,8,8,1,10.452815055847168
74,0,0,1,4.186982154846191
75,2,2,1,10.384855270385742
76,9,9,1,5.707010746002197
77,3,3,1,3.1956570148468018
78,3,5,0,4.556718349456787
79,8,8,1,9.604068756103516
80,8,8,1,12.749175071716309
81,1,9,0,3.793989658355713
82,1,1,1,12.49748706817627
83,7,7,1,3.591256856918335
84,2,2,1,2.292226791381836
85,5,5,1,3.372628927230835
86,2,2,1,-0.10531549900770187
87,7,7,1,4.168972969055176
88,8,8,1,9.534767150878906
89,9,9,1,6.4792375564575195
90,0,0,1,5.942110061645508
91,3,3,1,2.8477699756622314
92,8,8,1,5.58646821975708
93,6,6,1,11.302074432373047
94,4,4,1,7.065449237823486
95,6,6,1,4.5710930824279785
96,6,6,1,6.450377464294434
97,0,0,1,5.659149646759033
98,0,0,1,1.2772258520126343
99,7,7,1,4.773758411407471
100,4,4,1,7.709203243255615
101,5,3,0,-0.9215664267539978
102,6,6,1,1.1431567668914795
103,3,3,1,7.889376640319824
104,1,1,1,9.942632675170898
105,1,1,1,14.92186164855957
106,3,3,1,2.8772146701812744
107,6,6,1,11.580755233764648
108,8,3,0,0.8937674164772034
109,7,7,1,3.5127460956573486
110,4,4,1,4.182848930358887
111,0,0,1,4.000144958496094
112,6,6,1,5.325893402099609
113,2,2,1,3.2584757804870605
114,1,1,1,6.973106384277344
115,3,3,1,1.3875534534454346
116,0,0,1,2.0150258541107178
117,4,4,1,1.7083104848861694
118,2,5,0,0.928662121295929
119,7,7,1,1.4649369716644287
120,8,8,1,4.384764194488525
121,3,3,1,3.0297045707702637
122,1,1,1,8.857694625854492
123,2,2,1,10.921944618225098
124,8,8,1,4.352998733520508
125,0,0,1,-2.280033826828003
126,8,8,1,6.254612922668457
127,3,3,1,-0.37482860684394836
128,5,5,1,1.3490999937057495
129,2,0,0,2.797231435775757
130,4,4,1,6.780345439910889
131,1,1,1,8.762117385864258
132,8,8,1,6.136336326599121
133,9,9,1,6.489437580108643
134,1,1,1,2.1065046787261963
135,2,2,1,5.324736595153809
136,9,9,1,6.972707748413086
137,7,7,1,11.10536003112793
138,2,2,1,10.280555725097656
139,9,8,0,2.8231897354125977
140,6,6,1,9.315229415893555
141,5,5,1,3.9271671772003174
142,6,6,1,3.598512649536133
143,3,3,1,2.0385046005249023
144,8,8,1,7.161522388458252
145,7,2,0,-0.4551287591457367
146,6,7,0,0.7187579274177551
147,2,5,0,-0.7070079445838928
148,5,5,1,0.46224114298820496
149,2,2,1,1.1965328454971313
150,8,8,1,-0.4333389103412628
151,9,9,1,6.28584098815918
152,6,3,0,0.962316632270813
153,0,0,1,5.1398844718933105
154,0,0,1,8.719327926635742
155,5,5,1,10.442448616027832
156,2,2,1,0.9408738017082214
157,9,9,1,9.527216911315918
158,5,3,0,4.45861291885376
159,4,4,1,5.387497425079346
160,2,2,1,2.001549005508423
161,1,1,1,1.4681814908981323
162,6,6,1,-0.3620329201221466
163,6,6,1,4.910896301269531
164,8,0,0,3.5910327434539795
165,4,2,0,4.854992866516113
166,8,8,1,6.957664966583252
167,4,6,0,2.0455853939056396
168,5,5,1,0.7143208384513855
169,0,0,1,0.9932120442390442
170,9,9,1,7.083574295043945
171,9,9,1,5.110227584838867
172,9,9,1,9.79253101348877
173,8,8,1,6.737736225128174
174,9,9,1,7.128260612487793
175,9,9,1,16.221277236938477
176,3,3,1,6.595179557800293
177,7,7,1,11.446788787841797
178,5,3,0,2.6347403526306152
179,0,0,1,9.764034271240234
180,0,0,1,1.1140666007995605
181,5,5,1,7.8212571144104
182,2,2,1,9.59366512298584
183,2,2,1,1.454335331916809
184,3,3,1,1.4693101644515991
185,8,8,1,12.156545639038086
186,6,6,1,7.040802001953125
187,3,3,1,2.0929625034332275
188,4,3,0,2.9925105571746826
189,0,0,1,3.3997037410736084
190,5,6,0,1.521424412727356
191,8,8,1,2.59462571144104
192,0,0,1,3.459135055541992
193,1,1,1,6.627374172210693
194,7,7,1,8.96323299407959
195,2,7,0,-0.9466734528541565
196,8,8,1,11.664041519165039
197,8,8,1,4.682023048400879
198,7,7,1,3.884028196334839
199,8,0,0,2.047750234603882
200,5,5,1,3.415449619293213
201,1,1,1,3.6243462562561035
202,8,8,1,3.183136463165283
203,7,7,1,1.7536894083023071
204,1,1,1,7.171802043914795
205,3,5,0,1.9869303703308105
206,0,0,1,3.0388782024383545
207,5,5,1,1.3158233165740967
208,7,7,1,20.213476181030273
209,9,9,1,4.085907936096191
210,7,7,1,6.712528228759766
211,4,4,1,1.8115793466567993
212,5,5,1,2.8336377143859863
213,9,2,0,-0.1379576325416565
214,8,8,1,4.273573875427246
215,0,0,1,2.370865821838379
216,7,7,1,8.732617378234863
217,9,9,1,8.137184143066406
218,8,3,0,-0.3967481851577759
219,2,2,1,7.9675703048706055
220,7,4,0,4.5280680656433105
221,6,6,1,1.2984665632247925
222,9,9,1,8.129427909851074
223,4,3,0,-0.30860617756843567
224,3,3,1,3.4856011867523193
225,9,9,1,8.786578178405762
226,6,6,1,1.182714581489563
227,4,4,1,6.177490711212158
228,7,7,1,4.514431476593018
229,6,3,0,-0.9088853597640991
230,5,5,1,6.402790069580078
231,1,1,1,15.639698028564453
232,5,3,0,0.2695581614971161
233,8,8,1,4.916707992553711
234,8,8,1,4.956352233886719
235,0,0,1,9.745758056640625
236,4,4,1,8.919670104980469
237,0,0,1,2.7770230770111084
238,5,5,1,3.351684331893921
239,5,5,1,12.514745712280273
240,1,1,1,15.001321792602539
241,1,1,1,9.796201705932617
242,8,8,1,3.474078893661499
243,9,9,1,7.672524452209473
244,0,0,1,7.021462440490723
245,3,3,1,5.362557888031006
246,1,1,1,7.73683500289917
247,9,9,1,3.248434543609619
248,2,2,1,3.6349878311157227
249,2,2,1,2.645082712173462
250,5,5,1,2.3714358806610107
251,3,3,1,4.541280746459961
252,9,9,1,9.299015045166016
253,9,9,1,1.4934191703796387
254,4,4,1,6.573584079742432
255,0,0,1,3.112539291381836
256,3,3,1,8.199589729309082
257,0,0,1,5.840050220489502
258,0,8,0,3.703777551651001
259,9,9,1,9.571314811706543
260,8,8,1,7.302142143249512
261,1,1,1,8.899801254272461
262,5,5,1,5.630646705627441
263,7,7,1,4.4077324867248535
264,0,0,1,8.103677749633789
265,8,8,1,3.660830020904541
266,2,2,1,3.1138100624084473
267,4,4,1,8.612728118896484
268,7,7,1,13.395313262939453
269,0,0,1,4.672098159790039
270,2,2,1,6.097076892852783
271,3,5,0,4.796706199645996
272,6,3,0,0.3278631865978241
273,3,3,1,3.8337879180908203
274,8,8,1,2.3375251293182373
275,5,3,0,-0.1935388296842575
276,0,0,1,8.477805137634277
277,3,3,1,3.569584846496582
278,4,4,1,4.456815242767334
279,3,3,1,4.796770095825195
280,9,9,1,8.803629875183105
281,0,3,0,-0.5970210433006287
282,6,3,0,3.3021810054779053
283,1,1,1,9.242712020874023
284,0,9,0,4.319485664367676
285,9,9,1,13.186297416687012
286,1,1,1,3.4024038314819336
287,0,8,0,2.838791608810425
288,7,7,1,4.048121452331543
289,9,9,1,10.735846519470215
290,1,1,1,10.557772636413574
291,2,2,1,1.3066054582595825
292,6,6,1,3.401888132095337
293,9,9,1,6.113919258117676
294,3,3,1,2.9751806259155273
295,4,4,1,6.284505367279053
296,6,6,1,12.335749626159668
297,0,0,1,5.056158065795898
298,0,0,1,9.476511001586914
299,6,6,1,9.604414939880371
300,6,6,1,5.531240940093994
301,6,6,1,7.49110221862793
302,3,0,0,2.4667270183563232
303,2,2,1,2.213306427001953
304,6,6,1,10.995796203613281
305,1,1,1,2.870565891265869
306,8,0,0,1.1287970542907715
307,2,0,0,0.08333005011081696
308,1,9,0,3.6579744815826416
309,6,4,0,3.8498423099517822
310,8,8,1,7.788834571838379
311,6,6,1,9.88526439666748
312,8,0,0,6.671306133270264
313,0,0,1,0.7724984288215637
314,4,4,1,2.4337034225463867
315,0,0,1,4.956127166748047
316,7,4,0,-0.10484044253826141
317,7,7,1,7.023617744445801
318,5,5,1,7.527398109436035
319,5,5,1,4.745949745178223
320,3,3,1,7.918070316314697
321,5,5,1,3.7274701595306396
322,2,2,1,3.9311587810516357
323,3,3,1,4.7573347091674805
324,4,4,1,2.4086365699768066
325,1,1,1,1.747332215309143
326,7,7,1,14.936384201049805
327,5,5,1,8.542643547058105
328,4,4,1,8.111923217773438
329,6,6,1,8.366724967956543
330,1,1,1,15.886103630065918
331,9,9,1,10.614693641662598
332,3,3,1,2.561897039413452
333,6,6,1,13.225883483886719
334,6,6,1,1.1583296060562134
335,9,9,1,8.747551918029785
336,3,3,1,9.497344017028809
337,8,8,1,4.843745231628418
338,0,0,1,3.234217882156372
339,7,7,1,6.00316047668457
340,2,2,1,-0.10733919590711594
341,6,6,1,4.377490043640137
342,2,2,1,2.311002731323242
343,5,5,1,3.669508695602417
344,8,8,1,12.079167366027832
345,5,5,1,7.041140556335449
346,4,4,1,4.463428974151611
347,6,6,1,3.210756540298462
348,8,8,1,2.5200765132904053
349,9,9,1,11.84645938873291
350,9,9,1,11.808504104614258
351,1,1,1,9.925293922424316
352,0,0,1,7.698059558868408
353,2,2,1,8.087485313415527
354,2,2,1,9.080015182495117
355,7,3,0,2.2199642658233643
356,3,6,0,2.0668134689331055
357,2,2,1,5.257203578948975
358,8,8,1,7.110560894012451
359,0,0,1,7.203172206878662
360,9,9,1,9.46334171295166
361,5,5,1,5.525079727172852
362,8,8,1,6.554661273956299
363,1,3,0,-1.8856923580169678
364,9,9,1,12.24206256866455
365,4,4,1,4.993293762207031
366,1,1,1,5.315998554229736
367,3,3,1,0.9600803256034851
368,8,4,0,0.7095180153846741
369,1,1,1,7.612125396728516
370,4,2,0,1.6609141826629639
371,7,7,1,4.378786563873291
372,9,9,1,10.924678802490234
373,4,4,1,1.2725486755371094
374,2,2,1,2.4699761867523193
375,7,7,1,10.015077590942383
376,0,0,1,3.6553215980529785
377,7,7,1,6.12662935256958
378,0,8,0,2.7321043014526367
379,6,6,1,6.576936721801758
380,6,4,0,1.8147822618484497
381,9,9,1,5.397003173828125
382,0,0,1,3.0041773319244385
383,9,9,1,5.859437465667725
384,2,5,0,3.062507390975952
385,8,8,1,2.9211862087249756
386,7,7,1,8.557010650634766
387,2,2,1,-0.10980411618947983
388,2,2,1,2.651310443878174
389,5,5,1,5.770369052886963
390,1,1,1,11.453108787536621
391,2,2,1,8.295907020568848
392,6,6,1,7.821242332458496
393,2,4,0,0.3101685047149658
394,9,9,1,1.3598390817642212
395,6,6,1,8.942351341247559
396,2,3,0,1.225682020187378
397,3,7,0,0.2781752943992615
398,0,0,1,7.083465099334717
399,3,3,1,0.7703217267990112
400,9,9,1,2.873781681060791
401,8,8,1,2.9966723918914795
402,7,7,1,4.9315080642700195
403,8,8,1,3.186265707015991
404,8,8,1,9.893691062927246
405,4,4,1,0.905402421951294
406,0,0,1,5.265251636505127
407,1,1,1,8.636383056640625
408,8,8,1,6.451403617858887
409,2,3,0,2.0231072902679443
410,7,7,1,11.586824417114258
411,9,9,1,5.150453567504883
412,3,5,0,2.7098910808563232
413,6,6,1,4.886941432952881
414,1,1,1,4.368203163146973
415,9,9,1,15.083338737487793
416,0,0,1,4.711695194244385
417,7,7,1,-0.7384950518608093
418,3,3,1,1.2923072576522827
419,7,7,1,9.60847282409668
420,4,4,1,2.8895018100738525
421,5,5,1,9.18428897857666
422,0,0,1,4.477904796600342
423,0,0,1,4.413266181945801
424,2,2,1,9.8131103515625
425,9,9,1,7.810610294342041
426,3,2,0,0.6180277466773987
427,4,4,1,4.206482410430908
428,0,0,1,0.8596100211143494
429,6,6,1,9.977149963378906
430,2,2,1,3.8275914192199707
431,5,5,1,5.987245559692383
432,3,3,1,3.4652912616729736
433,7,4,0,1.6686967611312866
434,3,3,1,5.2314300537109375
435,7,7,1,15.955957412719727
436,2,2,1,5.21899938583374
437,5,5,1,7.9389967918396
438,3,3,1,5.807119369506836
439,1,9,0,7.5700812339782715
440,1,1,1,12.632362365722656
441,4,4,1,4.6476335525512695
442,9,9,1,10.10230827331543
443,9,9,1,4.076747894287109
444,5,5,1,2.042647361755371
445,7,7,1,11.454943656921387
446,5,5,1,2.027069330215454
447,0,0,1,5.647831439971924
448,2,2,1,8.270341873168945
449,2,2,1,4.607341289520264
450,2,2,1,6.345424175262451
451,9,9,1,8.89050006866455
452,7,7,1,10.654167175292969
453,3,8,0,0.43363675475120544
454,9,9,1,10.248029708862305
455,4,2,0,2.955167531967163
456,3,4,0,5.208480358123779
457,5,5,1,6.763641834259033
458,4,3,0,2.1246659755706787
459,6,0,0,-0.2551696002483368
460,5,0,0,0.23639047145843506
461,6,6,1,3.7326958179473877
462,1,1,1,14.573659896850586
463,4,5,0,4.189816474914551
464,3,3,1,0.3056313097476959
465,4,4,1,2.4625656604766846
466,4,4,1,8.884775161743164
467,3,3,1,7.218197822570801
468,7,7,1,7.998471736907959
469,8,8,1,12.551264762878418
470,3,5,0,3.4190781116485596
471,7,7,1,7.211318016052246
472,8,8,1,8.967072486877441
473,0,4,0,0.33207815885543823
474,5,2,0,1.2575370073318481
475,7,7,1,6.559506416320801
476,6,6,1,2.473745107650757
477,0,0,1,4.283157825469971
478,5,6,0,1.0956977605819702
479,4,4,1,4.116819858551025
480,8,8,1,0.691273033618927
481,6,6,1,9.92287540435791
482,8,8,1,9.074334144592285
483,5,3,0,0.28435322642326355
484,5,5,1,1.4757816791534424
485,9,9,1,0.7381585240364075
486,9,9,1,11.77099895477295
487,9,9,1,10.051663398742676
488,5,5,1,4.426592826843262
489,0,0,1,0.3814205527305603
490,1,1,1,8.899982452392578
491,0,0,1,2.481555700302124
492,8,8,1,3.7935664653778076
493,1,1,1,11.643736839294434
494,1,1,1,12.840950012207031
495,8,8,1,11.024740219116211
496,0,0,1,4.4254469871521
497,2,2,1,3.5098390579223633
498,2,2,1,8.821480751037598
499,0,0,1,3.319091558456421
500,4,4,1,4.310655117034912
501,6,6,1,8.419246673583984
502,5,5,1,3.8304152488708496
503,4,4,1,7.4410319328308105
504,9,9,1,3.2054550647735596
505,4,4,1,9.845663070678711
506,7,7,1,10.738138198852539
507,9,0,0,1.756421446800232
508,9,9,1,2.725882053375244
509,4,4,1,1.2296806573867798
510,5,5,1,11.42772102355957
511,6,6,1,10.96806526184082
512,6,6,1,13.535445213317871
513,1,1,1,6.967955112457275
514,5,5,1,10.423506736755371
515,3,5,0,2.7932324409484863
516,8,8,1,11.420559883117676
517,9,9,1,9.047947883605957
518,5,5,1,2.136575222015381
519,8,8,1,10.028573036193848
520,5,5,1,6.7499542236328125
521,7,7,1,12.132838249206543
522,0,0,1,6.302487850189209
523,7,7,1,7.976354598999023
524,0,0,1,2.6564199924468994
525,5,3,0,0.2513562738895416
526,0,0,1,2.0149710178375244
527,0,0,1,5.114844799041748
528,4,4,1,10.635672569274902
529,6,6,1,10.2940092086792
530,9,9,1,6.924009799957275
531,0,0,1,1.7856199741363525
532,9,9,1,9.851492881774902
533,5,5,1,9.329606056213379
534,6,6,1,9.810094833374023
535,6,6,1,3.5731093883514404
536,6,6,1,11.160804748535156
537,2,2,1,6.854552745819092
538,9,9,1,1.533278465270996
539,0,0,1,6.617486476898193
540,1,1,1,12.37454891204834
541,7,7,1,4.151620864868164
542,6,6,1,3.5677850246429443
543,7,7,1,12.679940223693848
544,5,5,1,9.867920875549316
545,9,9,1,3.057748317718506
546,1,1,1,10.879714012145996
547,6,6,1,1.7010033130645752
548,2,0,0,-0.59604811668396
549,5,5,1,4.5456132888793945
550,5,5,1,2.716336965560913
551,5,3,0,5.391798973083496
552,8,8,1,5.321209907531738
553,5,5,1,4.66053581237793
554,9,9,1,14.353107452392578
555,4,4,1,7.985572814941406
556,6,6,1,3.2141284942626953
557,4,4,1,4.7831902503967285
558,3,3,1,10.308645248413086
559,2,2,1,13.570664405822754
560,0,0,1,5.672427654266357
561,7,7,1,13.160188674926758
562,6,3,0,2.7488162517547607
563,2,2,1,2.268040895462036
564,2,2,1,2.990983724594116
565,3,5,0,8.958422660827637
566,9,9,1,6.619590759277344
567,7,3,0,1.0566916465759277
568,9,9,1,4.250949859619141
569,2,2,1,10.011305809020996
570,6,6,1,4.9294867515563965
571,7,7,1,5.484824180603027
572,1,1,1,4.672276973724365
573,3,3,1,3.2389578819274902
574,6,6,1,4.694798469543457
575,6,6,1,6.374870300292969
576,8,8,1,12.47861385345459
577,9,8,0,-0.14065030217170715
578,7,7,1,7.124388694763184
579,5,5,1,2.192392587661743
580,4,4,1,9.371639251708984
581,0,0,1,3.233248472213745
582,8,8,1,9.188584327697754
583,4,4,1,1.6719986200332642
584,0,0,1,9.085662841796875
585,9,9,1,5.451208591461182
586,3,3,1,-0.8647938370704651
587,4,4,1,7.1552958488464355
588,8,8,1,14.111072540283203
589,9,9,1,4.809332847595215
590,6,6,1,6.255722999572754
591,9,9,1,5.242434501647949
592,2,2,1,5.21852445602417
593,6,6,1,7.177074432373047
594,1,1,1,3.7474794387817383
595,4,4,1,7.677762508392334
596,7,7,1,10.428243637084961
597,3,3,1,4.156414985656738
598,5,4,0,0.6070117950439453
599,3,3,1,1.2868572473526
600,8,9,0,1.3199596405029297
601,5,3,0,4.701998710632324
602,0,0,1,10.669100761413574
603,2,2,1,11.905481338500977
604,1,1,1,3.128314733505249
605,6,6,1,9.815515518188477
606,4,3,0,1.6515696048736572
607,3,5,0,2.628129482269287
608,3,3,1,6.244482040405273
609,9,9,1,8.99365520477295
610,6,6,1,5.980588912963867
611,9,9,1,10.600950241088867
612,8,8,1,5.400700092315674
613,8,8,1,8.542591094970703
614,5,5,1,10.848729133605957
615,8,8,1,4.417545318603516
616,6,6,1,3.698754072189331
617,6,5,0,0.9241238236427307
618,2,2,1,-0.10264932364225388
619,1,1,1,9.654607772827148
620,7,7,1,19.946632385253906
621,7,7,1,4.013081073760986
622,1,1,1,18.83438491821289
623,2,2,1,1.7410924434661865
624,7,7,1,6.898992538452148
625,9,9,1,11.77304744720459
626,9,9,1,12.819454193115234
627,4,4,1,7.195282459259033
628,4,4,1,12.01846981048584
629,1,1,1,7.484696388244629
630,2,2,1,9.27446460723877
631,5,2,0,-0.06463273614645004
632,6,6,1,9.566457748413086
633,8,8,1,6.72249698638916
634,7,7,1,9.784805297851562
635,6,6,1,6.889614582061768
636,8,8,1,10.354342460632324
637,3,3,1,-0.05054716020822525
638,0,0,1,5.393309116363525
639,5,5,1,0.056465499103069305
640,5,3,0,2.091420888900757
641,3,3,1,-2.3915374279022217
642,0,0,1,5.7772111892700195
643,7,7,1,8.825377464294434
644,9,9,1,11.53837776184082
645,1,1,1,4.357869625091553
646,3,3,1,3.420755624771118
647,4,4,1,2.951059579849243
648,4,4,1,4.5975823402404785
649,5,5,1,4.399035453796387
650,3,3,1,10.50600814819336
651,9,9,1,12.326165199279785
652,5,5,1,6.1240458488464355
653,6,2,0,0.5050041675567627
654,9,9,1,3.6948628425598145
655,2,2,1,4.973748207092285
656,1,1,1,18.704212188720703
657,1,9,0,1.376267433166504
658,4,4,1,4.230518341064453
659,1,1,1,17.733230590820312
660,9,9,1,6.033943176269531
661,4,4,1,4.022212505340576
662,7,7,1,6.761682510375977
663,6,6,1,9.349896430969238
664,3,3,1,2.574503183364868
665,8,0,0,7.994848728179932
666,9,9,1,10.675915718078613
667,0,0,1,8.674802780151367
668,1,1,1,10.321094512939453
669,3,3,1,4.444779872894287
670,6,6,1,4.439134120941162
671,3,3,1,-0.20947040617465973
672,6,6,1,-0.0351949967443943
673,3,3,1,5.9684343338012695
674,2,2,1,1.5262573957443237
675,0,0,1,0.2557164430618286
676,3,3,1,7.512748718261719
677,1,1,1,8.203630447387695
678,0,0,1,-0.7782931327819824
679,5,5,1,4.439653396606445
680,9,9,1,2.222238540649414
681,6,6,1,14.614604949951172
682,4,4,1,4.389780521392822
683,8,0,0,2.9960830211639404
684,9,9,1,5.6469807624816895
685,6,2,0,0.7497276067733765
686,9,9,1,5.980643272399902
687,6,6,1,2.0998969078063965
688,3,3,1,5.735687732696533
689,0,6,0,-0.6011626124382019
690,3,3,1,2.5636088848114014
691,2,2,1,10.172804832458496
692,2,0,0,2.355832815170288
693,7,7,1,9.389613151550293
694,8,8,1,11.705811500549316
695,3,3,1,11.398756980895996
696,8,0,0,4.490721702575684
697,2,2,1,1.5723952054977417
698,7,7,1,10.370641708374023
699,5,5,1,3.2514939308166504
700,7,7,1,11.863615989685059
701,2,2,1,3.5718889236450195
702,4,4,1,8.432085037231445
703,8,8,1,3.8805437088012695
704,7,7,1,3.1259067058563232
705,4,4,1,2.622997522354126
706,2,2,1,7.288544178009033
707,9,9,1,6.781623840332031
708,8,8,1,5.0904388427734375
709,8,8,1,9.696858406066895
710,6,5,0,0.8397232294082642
711,8,8,1,5.728307723999023
712,8,8,1,6.786209583282471
713,7,3,0,1.3071430921554565
714,4,4,1,1.57558274269104
715,3,3,1,1.5779446363449097
716,3,3,1,5.897765159606934
717,8,8,1,4.623481273651123
718,4,4,1,3.8420512676239014
719,9,0,0,2.2976272106170654
720,4,4,1,2.5223758220672607
721,8,8,1,8.61997127532959
722,8,8,1,7.725353240966797
723,1,1,1,15.028966903686523
724,8,8,1,7.1596293449401855
725,2,0,0,1.1308883428573608
726,1,1,1,12.842048645019531
727,3,2,0,0.43520301580429077
728,6,6,1,8.488117218017578
729,5,5,1,11.157683372497559
730,4,4,1,3.8475401401519775
731,2,0,0,0.1797083616256714
732,7,7,1,10.570623397827148
733,9,9,1,-0.7786465883255005
734,9,1,0,3.014016628265381
735,4,8,0,0.8406954407691956
736,1,1,1,7.689660549163818
737,4,0,0,0.3196183741092682
738,1,1,1,9.098379135131836
739,3,5,0,1.8968440294265747
740,2,2,1,0.6827297806739807
741,7,7,1,5.977931976318359
742,0,0,1,7.567179203033447
743,7,7,1,12.299471855163574
744,9,9,1,-1.483261227607727
745,7,7,1,11.76140022277832
746,6,6,1,3.3813648223876953
747,6,3,0,3.3433592319488525
748,2,2,1,5.263089656829834
749,5,3,0,3.326906442642212
750,9,9,1,8.85488510131836
751,2,2,1,1.4292839765548706
752,9,9,1,3.7564594745635986
753,1,1,1,12.434640884399414
754,2,2,1,7.653065204620361
755,2,2,1,4.955066204071045
756,6,6,1,7.285003185272217
757,8,8,1,11.12473201751709
758,2,2,1,7.719501495361328
759,1,1,1,12.347070693969727
760,3,5,0,5.194419860839844
761,6,6,1,2.714334487915039
762,6,6,1,7.017850875854492
763,0,0,1,0.6764177083969116
764,1,1,1,6.664680480957031
765,2,2,1,3.3192145824432373
766,7,0,0,-0.4617898464202881
767,0,0,1,1.2385947704315186
768,5,5,1,1.2675546407699585
769,4,4,1,11.077505111694336
770,6,6,1,-0.7478283643722534
771,1,9,0,2.8684113025665283
772,6,6,1,9.841185569763184
773,4,4,1,5.09996223449707
774,0,0,1,7.252322196960449
775,2,3,0,2.3645379543304443
776,2,5,0,2.600728988647461
777,6,6,1,10.92941951751709
778,0,0,1,5.0939106941223145
779,5,6,0,3.8289997577667236
780,9,9,1,7.246683120727539
781,1,1,1,5.499643325805664
782,7,7,1,9.092275619506836
783,6,6,1,8.592243194580078
784,7,7,1,3.7151052951812744
785,0,0,1,1.1885756254196167
786,3,3,1,6.952291965484619
787,9,9,1,9.283208847045898
788,6,2,0,0.7909621596336365
789,8,8,1,7.8657426834106445
790,3,3,1,0.8971216678619385
791,0,0,1,10.455533981323242
792,3,3,1,0.5783485770225525
793,4,4,1,3.5959267616271973
794,7,7,1,4.5604119300842285
795,7,7,1,5.084794044494629
796,1,9,0,-0.8148574829101562
797,4,4,1,2.2350146770477295
798,7,7,1,5.051353931427002
799,2,2,1,1.4243756532669067
800,7,7,1,14.151554107666016
801,1,1,1,3.708982229232788
802,4,0,0,1.4796257019042969
803,7,7,1,10.237553596496582
804,4,4,1,9.750348091125488
805,4,4,1,1.3420168161392212
806,8,8,1,7.240941047668457
807,4,4,1,7.529074192047119
808,7,7,1,6.60610294342041
809,7,5,0,-0.4848974943161011
810,5,3,0,1.790187120437622
811,3,2,0,2.030189275741577
812,7,7,1,11.477092742919922
813,2,2,1,7.833641529083252
814,0,0,1,4.181517124176025
815,8,8,1,7.723670482635498
816,9,9,1,9.284327507019043
817,5,5,1,0.6266294717788696
818,8,8,1,2.816511869430542
819,3,3,1,2.37248158454895
820,6,3,0,1.6211302280426025
821,2,2,1,6.348938465118408
822,0,0,1,4.250193119049072
823,8,8,1,5.695579528808594
824,7,7,1,7.51003885269165
825,3,3,1,6.888847351074219
826,7,7,1,0.34868744015693665
827,6,6,1,5.0235090255737305
828,5,5,1,5.335476875305176
829,3,3,1,1.1385685205459595
830,1,1,1,5.470910549163818
831,3,3,1,2.4806013107299805
832,2,2,1,9.864063262939453
833,2,2,1,3.5160961151123047
834,5,5,1,1.8893623352050781
835,4,4,1,0.6529962420463562
836,1,1,1,9.094429016113281
837,2,2,1,4.491848945617676
838,9,9,1,7.363775730133057
839,2,2,1,12.823371887207031
840,7,7,1,13.334587097167969
841,0,0,1,7.86036491394043
842,7,7,1,5.272465705871582
843,2,2,1,8.041221618652344
844,1,1,1,8.309955596923828
845,3,3,1,-1.0476961135864258
846,2,0,0,-0.43965911865234375
847,0,0,1,2.0521955490112305
848,2,2,1,-0.36910325288772583
849,4,4,1,3.5639286041259766
850,7,7,1,3.9610588550567627
851,9,9,1,6.782526969909668
852,8,8,1,5.555859565734863
853,9,1,0,8.306193351745605
854,0,0,1,4.662632465362549
855,7,7,1,1.1186050176620483
856,7,7,1,3.951183319091797
857,0,0,1,5.655072212219238
858,7,7,1,5.713597297668457
859,8,8,1,1.2418981790542603
860,4,4,1,6.5114593505859375
861,6,4,0,1.9821110963821411
862,3,3,1,1.6873533725738525
863,3,3,1,6.059710502624512
864,0,0,1,4.258687973022461
865,1,1,1,12.790508270263672
866,3,1,0,0.1576416790485382
867,7,7,1,4.930598735809326
868,0,0,1,7.657402992248535
869,1,1,1,4.62860631942749
870,3,3,1,2.202925205230713
871,1,1,1,18.31116485595703
872,4,7,0,-0.8920581936836243
873,2,2,1,5.525132656097412
874,3,3,1,2.7796993255615234
875,8,8,1,6.7962493896484375
876,4,4,1,12.974215507507324
877,2,2,1,3.0645267963409424
878,3,3,1,2.8433988094329834
879,7,7,1,12.336991310119629
880,8,8,1,10.460326194763184
881,4,4,1,-0.41254228353500366
882,3,3,1,0.034496478736400604
883,0,0,1,4.157581329345703
884,9,1,0,1.7593697309494019
885,0,7,0,1.1156822443008423
886,0,9,0,2.076430082321167
887,1,1,1,6.955030918121338
888,0,8,0,2.435394048690796
889,4,4,1,4.042384147644043
890,4,4,1,4.13261079788208
891,6,6,1,1.612771987915039
892,7,7,1,3.7011618614196777
893,6,4,0,-0.23963670432567596
894,1,1,1,7.455476760864258
895,1,9,0,2.803070545196533
896,3,3,1,2.3040807247161865
897,7,7,1,11.624675750732422
898,3,7,0,0.9146879315376282
899,5,5,1,5.937986373901367
900,2,3,0,0.9402565360069275
901,6,6,1,9.519055366516113
902,6,6,1,13.148660659790039
903,5,5,1,3.970698356628418
904,8,8,1,2.0699563026428223
905,7,3,0,-0.41641366481781006
906,1,1,1,14.058162689208984
907,6,3,0,1.670157551765442
908,8,8,1,7.595611572265625
909,8,8,1,1.9320741891860962
910,5,5,1,1.3561137914657593
911,3,3,1,8.021100044250488
912,0,0,1,0.7994915246963501
913,4,4,1,8.073260307312012
914,0,0,1,6.057847499847412
915,1,1,1,10.422212600708008
916,3,4,0,0.5522086024284363
917,8,8,1,10.377578735351562
918,8,8,1,8.75531005859375
919,0,0,1,4.71093225479126
920,6,6,1,6.339410305023193
921,9,9,1,8.210066795349121
922,9,3,0,-0.3350174129009247
923,9,9,1,2.3262414932250977
924,5,3,0,0.20617413520812988
925,5,3,0,2.268437147140503
926,8,2,0,0.09583110362291336
927,6,6,1,9.704792022705078
928,0,0,1,10.043699264526367
929,0,0,1,5.933975696563721
930,4,4,1,10.481279373168945
931,2,2,1,4.740357398986816
932,3,3,1,3.361774444580078
933,2,6,0,-1.3119268417358398
934,7,7,1,9.007862091064453
935,2,2,1,6.917155742645264
936,2,2,1,3.8564276695251465
937,5,5,1,3.58687162399292
938,9,9,1,5.965860366821289
939,8,8,1,11.058611869812012
940,9,9,1,12.488478660583496
941,1,1,1,5.184271812438965
942,7,7,1,6.634807109832764
943,4,3,0,-0.048828259110450745
944,0,0,1,9.414033889770508
945,3,3,1,1.4792412519454956
946,0,0,1,8.139195442199707
947,1,1,1,14.737569808959961
948,3,4,0,1.5312445163726807
949,8,8,1,10.8048734664917
950,3,3,1,7.8159637451171875
951,9,9,1,5.927448272705078
952,6,6,1,4.833211898803711
953,1,0,0,3.8924102783203125
954,4,4,1,5.618381023406982
955,7,7,1,6.97712516784668
956,0,0,1,4.268303394317627
957,3,3,1,2.1413376331329346
958,7,7,1,10.123710632324219
959,8,8,1,5.866684913635254
960,9,9,1,7.063596248626709
961,1,1,1,3.032992124557495
962,1,1,1,7.450572490692139
963,6,6,1,6.960302352905273
964,6,3,0,0.5510700345039368
965,6,6,1,1.0312073230743408
966,6,6,1,-0.0456482358276844
967,9,9,1,5.00408411026001
968,1,1,1,16.712406158447266
969,9,9,1,6.901118755340576
970,9,9,1,9.795674324035645
971,4,4,1,7.351576328277588
972,2,3,0,2.618082284927368
973,1,1,1,3.433622121810913
974,7,2,0,1.7705167531967163
975,0,0,1,7.70191764831543
976,6,6,1,1.0262514352798462
977,8,8,1,9.52695083618164
978,1,1,1,5.474337577819824
979,9,9,1,5.926733016967773
980,2,0,0,2.183943033218384
981,9,9,1,8.155478477478027
982,0,7,0,1.0631048679351807
983,4,4,1,6.904878616333008
984,7,7,1,7.231659889221191
985,8,0,0,2.0106616020202637
986,3,3,1,0.12359844893217087
987,1,1,1,11.222978591918945
988,2,2,1,2.5252866744995117
989,0,0,1,7.075694561004639
990,1,1,1,13.007242202758789
991,5,3,0,3.2299113273620605
992,8,8,1,4.399369716644287
993,4,4,1,2.4147186279296875
994,6,2,0,2.0430173873901367
995,3,3,1,3.0499446392059326
996,8,8,1,1.3312848806381226
997,1,1,1,6.922247886657715
998,3,3,1,10.504914283752441
999,8,8,1,7.401922702789307
1000,5,5,1,7.975218772888184
1001,0,8,0,4.226929187774658
1002,8,9,0,-1.0750030279159546
1003,4,4,1,5.18482780456543
1004,8,8,1,10.296613693237305
1005,1,1,1,10.777908325195312
1006,1,1,1,12.766918182373047
1007,8,8,1,6.129866600036621
1008,9,9,1,2.766167163848877
1009,6,6,1,10.090517044067383
1010,0,0,1,6.077550888061523
1011,8,8,1,11.85074520111084
1012,6,6,1,1.8453007936477661
1013,1,1,1,12.591127395629883
1014,3,3,1,1.012439489364624
1015,4,4,1,15.496621131896973
1016,1,1,1,8.149665832519531
1017,6,6,1,0.5346544981002808
1018,0,0,1,8.124824523925781
1019,5,3,0,0.1289355307817459
1020,1,1,1,12.266585350036621
1021,1,1,1,11.191425323486328
1022,0,0,1,3.9463284015655518
1023,0,0,1,-0.27582037448883057
1024,3,3,1,2.33532977104187
1025,5,5,1,7.2108917236328125
1026,0,0,1,2.8076963424682617
1027,0,0,1,2.6897034645080566
1028,6,6,1,4.367036819458008
1029,6,6,1,10.466821670532227
1030,3,3,1,8.346333503723145
1031,3,3,1,1.244034767150879
1032,6,6,1,-0.28903621435165405
1033,3,3,1,3.4936630725860596
1034,6,3,0,1.204790472984314
1035,6,6,1,1.2035709619522095
1036,0,0,1,3.8552095890045166
1037,7,7,1,10.006442070007324
1038,2,2,1,6.2199506759643555
1039,2,2,1,2.157733678817749
1040,7,2,0,2.369020462036133
1041,5,5,1,6.865777969360352
1042,5,2,0,4.890020847320557
1043,2,2,1,3.6554465293884277
1044,8,8,1,3.669006109237671
1045,5,5,1,0.15109629929065704
1046,2,2,1,7.432161331176758
1047,1,1,1,7.424468994140625
1048,1,1,1,11.970335006713867
1049,4,4,1,2.09468674659729
1050,3,3,1,1.47444486618042
1051,2,2,1,3.3744499683380127
1052,0,0,1,3.8880562782287598
1053,3,3,1,2.6542561054229736
1054,1,1,1,6.539337158203125
1055,5,5,1,6.83133602142334
1056,3,7,0,1.6460566520690918
1057,7,7,1,4.059525489807129
1058,6,6,1,1.264893889427185
1059,8,8,1,10.001925468444824
1060,9,9,1,8.69087028503418
1061,1,1,1,0.2080388367176056
1062,6,3,0,0.9009850025177002
1063,4,4,1,6.609318733215332
1064,9,9,1,2.527477741241455
1065,3,3,1,-0.3550013601779938
1066,9,9,1,4.823333263397217
1067,0,0,1,7.298447608947754
1068,9,9,1,7.498528003692627
1069,6,6,1,3.7906947135925293
1070,3,3,1,8.816378593444824
1071,6,6,1,8.392969131469727
1072,0,8,0,1.3208253383636475
1073,7,7,1,9.269437789916992
1074,3,3,1,1.124344825744629
1075,8,8,1,4.214993000030518
1076,0,0,1,3.606210470199585
1077,0,0,1,7.735922813415527
1078,0,0,1,7.397333145141602
1079,6,6,1,8.056706428527832
1080,6,2,0,0.41800224781036377
1081,6,6,1,10.377899169921875
1082,9,9,1,6.1331024169921875
1083,2,2,1,3.576728105545044
1084,5,5,1,7.494770050048828
1085,4,4,1,2.4275734424591064
1086,4,4,1,12.248244285583496
1087,6,6,1,6.926301002502441
1088,3,3,1,2.7423083782196045
1089,6,6,1,7.88633918762207
1090,0,0,1,4.690633296966553
1091,8,8,1,3.8487839698791504
1092,6,6,1,5.997433185577393
1093,0,0,1,1.5639936923980713
1094,6,5,0,0.3209652304649353
1095,2,2,1,6.675848007202148
1096,7,7,1,9.441109657287598
1097,5,5,1,7.123497009277344
1098,1,1,1,0.9937624931335449
1099,2,2,1,12.632826805114746
1100,7,5,0,-0.7465187311172485
1101,8,8,1,8.880973815917969
1102,8,8,1,11.364212036132812
1103,0,0,1,1.4209171533584595
1104,9,9,1,7.850903511047363
1105,4,4,1,1.263954997062683
1106,9,9,1,5.831144332885742
1107,7,7,1,1.1784933805465698
1108,2,2,1,14.331914901733398
1109,0,0,1,4.423415660858154
1110,2,2,1,10.138236045837402
1111,8,8,1,9.942530632019043
1112,3,3,1,8.186182975769043
1113,8,8,1,9.501566886901855
1114,9,9,1,9.38936710357666
1115,1,1,1,11.612736701965332
1116,5,5,1,9.36604118347168
1117,5,5,1,6.494732856750488
1118,4,7,0,3.602071523666382
1119,7,7,1,4.909491539001465
1120,5,5,1,4.902246952056885
1121,3,2,0,1.8606785535812378
1122,8,8,1,3.0534985065460205
1123,3,3,1,5.011857986450195
1124,3,3,1,0.010289779864251614
1125,6,6,1,4.774105548858643
1126,2,0,0,5.880112171173096
1127,8,8,1,5.499454021453857
1128,4,6,0,-1.1495662927627563
1129,3,5,0,2.693336248397827
1130,7,3,0,-0.6960063576698303
1131,1,1,1,1.7162503004074097
1132,2,2,1,1.9859893321990967
1133,4,4,1,6.854511737823486
1134,1,9,0,1.4926013946533203
1135,6,6,1,9.884328842163086
1136,9,9,1,13.537419319152832
1137,0,0,1,0.29393208026885986
1138,5,2,0,-1.3709458112716675
1139,8,8,1,6.989151954650879
1140,6,6,1,5.402646541595459
1141,1,1,1,16.75604248046875
1142,8,8,1,7.6433329582214355
1143,6,6,1,1.800352931022644
1144,1,1,1,10.99604606628418
1145,4,4,1,2.553720474243164
1146,2,2,1,3.66298508644104
1147,6,2,0,-0.9308220744132996
1148,2,2,1,11.859460830688477
1149,7,7,1,4.954892635345459
1150,2,4,0,-0.5708221197128296
1151,2,3,0,-0.1915862262248993
1152,0,0,1,7.729748249053955
1153,8,8,1,9.836240768432617
1154,6,6,1,1.615884780883789
1155,9,9,1,2.3055014610290527
1156,1,1,1,11.728961944580078
1157,7,7,1,1.4144222736358643
1158,1,1,1,9.601980209350586
1159,8,0,0,0.9049113988876343
1160,8,8,1,9.14906120300293
1161,0,0,1,7.6218390464782715
1162,7,7,1,11.667386054992676
1163,3,5,0,2.9874773025512695
1164,8,8,1,3.633131265640259
1165,0,0,1,1.6667228937149048
1166,3,5,0,1.1216334104537964
1167,4,4,1,2.6263785362243652
1168,3,3,1,7.422867774963379
1169,7,7,1,12.563304901123047
1170,7,7,1,4.7432332038879395
1171,9,9,1,7.707984924316406
1172,2,2,1,1.817853569984436
1173,3,3,1,5.238743305206299
1174,1,1,1,10.340372085571289
1175,9,9,1,5.156706809997559
1176,1,1,1,9.071113586425781
1177,9,1,0,7.653096675872803
1178,6,2,0,2.391641616821289
1179,3,3,1,3.029205083847046
1180,3,3,1,1.4358160495758057
1181,3,3,1,1.1352158784866333
1182,1,1,1,17.360340118408203
1183,0,0,1,5.301268100738525
1184,6,6,1,8.668336868286133
1185,1,1,1,11.868910789489746
1186,4,4,1,1.624479055404663
1187,1,1,1,15.114128112792969
1188,0,0,1,5.795456409454346
1189,0,0,1,3.64434552192688
1190,1,1,1,8.612836837768555
1191,1,1,1,3.8797333240509033
1192,6,3,0,0.7001939415931702
1193,5,5,1,1.165979266166687
1194,4,4,1,9.975798606872559
1195,6,6,1,7.455933094024658
1196,2,3,0,1.9204457998275757
1197,0,0,1,8.015050888061523
1198,7,7,1,6.59234619140625
1199,9,9,1,-0.49196481704711914
1200,8,8,1,3.7512857913970947
1201,7,7,1,6.429961204528809
1202,2,2,1,7.685434341430664
1203,0,0,1,4.377256870269775
1204,6,6,1,10.784324645996094
1205,8,8,1,5.052957534790039
1206,1,1,1,12.348691940307617
1207,4,4,1,8.581124305725098
1208,3,3,1,5.540834426879883
1209,7,7,1,10.07878303527832
1210,0,0,1,1.5857934951782227
1211,6,6,1,0.33645662665367126
1212,1,1,1,7.176901817321777
1213,8,8,1,8.544528007507324
1214,5,5,1,10.3737211227417
1215,7,7,1,10.05845832824707
1216,8,8,1,5.690450668334961
1217,4,4,1,4.9231953620910645
1218,8,8,1,2.6798465251922607
1219,3,3,1,3.618013858795166
1220,9,9,1,3.5942203998565674
1221,9,9,1,8.132311820983887
1222,9,9,1,9.353100776672363
1223,8,8,1,11.392915725708008
1224,7,7,1,2.421283006668091
1225,6,6,1,3.6359572410583496
1226,6,3,0,-0.4311024844646454
1227,3,5,0,1.7049094438552856
1228,5,5,1,-0.6981265544891357
1229,1,1,1,5.830007076263428
1230,5,2,0,0.6179983615875244
1231,9,9,1,3.0172410011291504
1232,1,1,1,11.650079727172852
1233,4,4,1,9.173665046691895
1234,1,1,1,13.024149894714355
1235,5,2,0,0.9234334826469421
1236,7,3,0,0.12128357589244843
1237,0,0,1,5.894053936004639
1238,1,1,1,10.845190048217773
1239,5,5,1,2.40370512008667
1240,2,2,1,3.246955394744873
1241,0,0,1,4.819210529327393
1242,8,8,1,4.8110527992248535
1243,8,8,1,11.925653457641602
1244,5,5,1,1.3456151485443115
1245,6,6,1,13.431570053100586
1246,7,7,1,5.668125629425049
1247,3,3,1,0.154470756649971
1248,2,4,0,0.8750653266906738
1249,4,4,1,1.9436979293823242
1250,7,7,1,7.720609188079834
1251,2,3,0,-0.7670189142227173
1252,5,5,1,4.59515905380249
1253,8,8,1,3.8208730220794678
1254,2,2,1,5.855282783508301
1255,4,4,1,13.67972183227539
1256,9,9,1,5.473822593688965
1257,2,2,1,9.354554176330566
1258,1,1,1,16.26450538635254
1259,8,8,1,13.823006629943848
1260,1,1,1,9.590171813964844
1261,9,9,1,4.018509864807129
1262,8,8,1,8.78666877746582
1263,8,8,1,6.734005451202393
1264,8,8,1,11.011966705322266
1265,9,9,1,11.284612655639648
1266,0,0,1,11.155213356018066
1267,4,4,1,4.8374104499816895
1268,3,3,1,4.953184127807617
1269,3,3,1,6.1402363777160645
1270,1,9,0,0.9190506935119629
1271,8,8,1,6.567307949066162
1272,4,7,0,1.181646466255188
1273,6,6,1,0.7817609906196594
1274,3,3,1,9.538299560546875
1275,3,3,1,1.7863551378250122
1276,5,5,1,0.21970579028129578
1277,2,2,1,3.6074700355529785
1278,2,0,0,1.3729817867279053
1279,8,8,1,3.673935651779175
1280,3,7,0,1.6819418668746948
1281,8,8,1,7.432748794555664
1282,9,9,1,3.2194414138793945
1283,5,5,1,6.767208099365234
1284,8,8,1,3.3086485862731934
1285,9,9,1,6.343219757080078
1286,8,8,1,1.7518593072891235
1287,9,9,1,3.2918038368225098
1288,1,1,1,18.247976303100586
1289,6,6,1,0.39809343218803406
1290,5,5,1,6.3132805824279785
1291,9,9,1,5.6856184005737305
1292,4,6,0,1.531911015510559
1293,4,4,1,8.567689895629883
1294,8,8,1,7.538519859313965
1295,0,0,1,5.641921520233154
1296,7,7,1,1.270249605178833
1297,2,0,0,1.0471562147140503
1298,9,9,1,5.590794086456299
1299,7,9,0,0.7436264753341675
1300,4,4,1,4.231723785400391
1301,1,1,1,16.485427856445312
1302,6,6,1,3.448087453842163
1303,4,4,1,0.6648549437522888
1304,4,8,0,1.7614346742630005
1305,9,9,1,7.177006244659424
1306,1,3,0,0.4239504039287567
1307,2,0,0,3.0264856815338135
1308,5,5,1,5.709558010101318
1309,6,6,1,8.075604438781738
1310,0,0,1,11.201167106628418
1311,8,8,1,2.7089407444000244
1312,6,6,1,5.268032550811768
1313,1,1,1,10.867137908935547
1314,9,9,1,6.217095851898193
1315,4,4,1,8.91125774383545
1316,5,5,1,10.642807006835938
1317,9,9,1,10.821954727172852
1318,5,5,1,0.08447831124067307
1319,0,0,1,6.27225923538208
1320,7,7,1,8.397263526916504
1321,2,3,0,-0.5305987000465393
1322,0,0,1,0.037763357162475586
1323,0,8,0,4.093615531921387
1324,4,4,1,3.579110622406006
1325,2,4,0,1.17644202709198
1326,6,6,1,5.121993541717529
1327,6,6,1,10.856727600097656
1328,5,5,1,3.193737745285034
1329,5,5,1,8.275764465332031
1330,2,2,1,2.678291082382202
1331,8,8,1,4.742046356201172
1332,1,1,1,6.759827613830566
1333,7,7,1,6.366993427276611
1334,3,2,0,1.178857684135437
1335,1,1,1,12.383302688598633
1336,4,2,0,1.273105502128601
1337,5,5,1,4.825719833374023
1338,6,6,1,8.979692459106445
1339,5,7,0,5.961902618408203
1340,1,1,1,5.876473426818848
1341,4,4,1,4.791832447052002
1342,7,4,0,2.3677985668182373
1343,0,0,1,9.646782875061035
1344,9,9,1,9.044966697692871
1345,4,4,1,3.6779940128326416
1346,3,3,1,2.1991958618164062
1347,8,8,1,7.724916934967041
1348,2,2,1,4.443045139312744
1349,8,8,1,8.618922233581543
1350,4,4,1,2.5825092792510986
1351,7,7,1,4.248787879943848
1352,2,2,1,4.150075435638428
1353,3,4,0,0.557942807674408
1354,1,1,1,13.098637580871582
1355,5,4,0,1.142818570137024
1356,2,2,1,0.41707977652549744
1357,9,9,1,10.902498245239258
1358,8,8,1,3.9812142848968506
1359,9,9,1,7.120113372802734
1360,7,7,1,8.766473770141602
1361,9,9,1,14.857728004455566
1362,5,5,1,2.830430030822754
1363,1,1,1,8.491107940673828
1364,4,4,1,3.98838472366333
1365,0,0,1,8.187451362609863
1366,8,8,1,11.590734481811523
1367,2,0,0,0.1035352349281311
1368,3,5,0,0.318949818611145
1369,8,8,1,8.565621376037598
1370,9,9,1,6.929414749145508
1371,1,1,1,8.737932205200195
1372,1,1,1,9.940651893615723
1373,3,3,1,4.996247291564941
1374,2,2,1,8.524820327758789
1375,4,4,1,13.01768970489502
1376,9,9,1,8.193236351013184
1377,3,3,1,2.4712412357330322
1378,1,1,1,3.6194138526916504
1379,7,3,0,-0.5608173608779907
1380,4,4,1,3.8742592334747314
1381,6,6,1,2.1104869842529297
1382,2,2,1,3.313581705093384
1383,8,8,1,1.8115850687026978
1384,9,9,1,9.854056358337402
1385,5,5,1,5.829531669616699
1386,3,3,1,8.315248489379883
1387,9,9,1,4.625704288482666
1388,5,5,1,7.524840354919434
1389,5,5,1,4.9228315353393555
1390,6,6,1,2.0424013137817383
1391,7,3,0,1.5556368827819824
1392,2,2,1,4.411502361297607
1393,4,4,1,4.597255229949951
1394,6,4,0,0.47842898964881897
1395,3,3,1,2.9752984046936035
1396,1,1,1,8.003983497619629
1397,0,0,1,7.517283916473389
1398,7,7,1,8.506427764892578
1399,2,0,0,2.341038465499878
1400,5,5,1,5.23692512512207
1401,4,3,0,0.6181548833847046
1402,7,4,0,4.894302845001221
1403,6,6,1,4.367745876312256
1404,1,1,1,13.039655685424805
1405,1,1,1,5.942169666290283
1406,9,9,1,15.388312339782715
1407,8,8,1,7.342352390289307
1408,1,1,1,7.004194259643555
1409,0,0,1,5.289298057556152
1410,1,1,1,2.107046604156494
1411,3,3,1,5.730443000793457
1412,1,1,1,11.712421417236328
1413,1,1,1,12.200939178466797
1414,1,1,1,7.877091407775879
1415,7,7,1,12.09234619140625
1416,3,3,1,5.230674743652344
1417,9,9,1,2.356557846069336
1418,6,6,1,6.62063455581665
1419,8,8,1,9.056448936462402
1420,4,4,1,8.280500411987305
1421,6,6,1,6.309947967529297
1422,8,8,1,4.869847774505615
1423,4,4,1,0.4565785229206085
1424,9,9,1,10.24636173248291
1425,4,4,1,3.4449470043182373
1426,7,7,1,13.526498794555664
1427,9,9,1,7.9890851974487305
1428,7,7,1,15.40568733215332
1429,6,6,1,3.7143070697784424
1430,8,8,1,2.6866235733032227
1431,4,4,1,2.8892524242401123
1432,9,9,1,7.338255882263184
1433,7,4,0,1.4621483087539673
1434,0,0,1,4.140417575836182
1435,1,1,1,5.167612075805664
1436,6,6,1,1.7880053520202637
1437,1,1,1,8.842900276184082
1438,5,5,1,1.5805782079696655
1439,9,9,1,3.4047775268554688
1440,0,2,0,0.8874050974845886
1441,4,4,1,1.826149582862854
1442,3,3,1,3.112454891204834
1443,4,4,1,2.5289907455444336
1444,1,1,1,4.467329978942871
1445,3,4,0,2.950789213180542
1446,0,8,0,-0.5567038655281067
1447,8,8,1,5.515501976013184
1448,4,4,1,3.98010516166687
1449,6,6,1,14.17502212524414
1450,2,2,1,2.731065034866333
1451,2,3,0,1.1721625328063965
1452,6,6,1,10.9379243850708
1453,5,1,0,-0.461206316947937
1454,3,3,1,2.2998459339141846
1455,6,3,0,1.6902278661727905
1456,2,2,1,1.741199254989624
1457,1,1,1,12.812088966369629
1458,1,1,1,13.305606842041016
1459,8,8,1,2.3974926471710205
1460,6,6,1,12.209348678588867
1461,0,0,1,7.043785572052002
1462,4,4,1,5.405683517456055
1463,0,0,1,6.65733528137207
1464,1,1,1,5.972048759460449
1465,9,1,0,1.3190816640853882
1466,7,7,1,8.231389999389648
1467,1,1,1,8.078325271606445
1468,3,3,1,0.646794855594635
1469,7,7,1,3.998889446258545
1470,7,3,0,-0.6597768068313599
1471,8,8,1,5.801372528076172
1472,7,7,1,5.197000026702881
1473,7,7,1,15.688188552856445
1474,3,9,0,0.49947845935821533
1475,9,9,1,7.945996284484863
1476,7,7,1,3.64726185798645
1477,7,7,1,7.089326858520508
1478,7,7,1,5.096899032592773
1479,2,9,0,-1.4967213869094849
1480,1,8,0,0.9377583861351013
1481,2,2,1,3.789635419845581
1482,8,8,1,6.8489789962768555
1483,6,6,1,6.655405044555664
1484,4,4,1,3.46709942817688
1485,0,0,1,0.9826166033744812
1486,7,7,1,11.814043045043945
1487,9,9,1,11.200623512268066
1488,8,8,1,2.7464592456817627
1489,6,6,1,0.6154351234436035
1490,8,8,1,10.837946891784668
1491,4,4,1,1.6821494102478027
1492,9,1,0,1.6132563352584839
1493,1,1,1,7.070913314819336
1494,7,0,0,0.7315906882286072
1495,2,0,0,7.6991868019104
1496,2,2,1,0.41538339853286743
1497,8,8,1,2.4905364513397217
1498,5,3,0,3.611802577972412
1499,8,8,1,8.695443153381348
1500,1,1,1,8.962133407592773
1501,2,2,1,0.236552894115448
1502,2,2,1,11.783166885375977
1503,4,4,1,5.563467979431152
1504,1,1,1,9.14944839477539
1505,2,2,1,4.45244836807251
1506,5,4,0,1.6476517915725708
1507,2,2,1,2.8151354789733887
1508,8,8,1,5.588778972625732
1509,1,4,0,-1.4209283590316772
1510,8,8,1,2.292447328567505
1511,1,1,1,3.9329588413238525
1512,8,8,1,9.839508056640625
1513,6,6,1,5.845463752746582
1514,0,8,0,-0.43242838978767395
1515,2,2,1,4.574377059936523
1516,4,4,1,8.04513931274414
1517,1,1,1,14.063451766967773
1518,3,3,1,2.0898149013519287
1519,6,6,1,9.714715003967285
1520,7,7,1,11.381929397583008
1521,7,4,0,-0.04539201781153679
1522,4,4,1,8.132333755493164
1523,4,7,0,1.1225531101226807
1524,3,3,1,6.234696388244629
1525,3,3,1,4.724689960479736
1526,4,4,1,6.512479305267334
1527,5,5,1,4.981868743896484
1528,2,2,1,5.064905166625977
1529,4,4,1,-0.8365599513053894
1530,3,3,1,1.4664546251296997
1531,7,7,1,10.48538875579834
1532,8,8,1,7.187567710876465
1533,4,4,1,7.618313312530518
1534,4,4,1,4.732851505279541
1535,4,4,1,9.976407051086426
1536,5,3,0,-1.4300482273101807
1537,4,4,1,4.043986797332764
1538,3,2,0,-1.50830078125
1539,2,2,1,4.696057319641113
1540,8,8,1,10.676506042480469
1541,4,4,1,4.138113498687744
1542,5,5,1,3.9341466426849365
1543,5,5,1,4.302732944488525
1544,4,4,1,11.44414234161377
1545,1,1,1,7.393909931182861
1546,4,4,1,6.494904518127441
1547,2,2,1,5.938225746154785
1548,5,5,1,1.661723017692566
1549,1,9,0,2.6854746341705322
1550,6,6,1,-0.07277156412601471
1551,4,4,1,5.7927165031433105
1552,3,5,0,2.5490050315856934
1553,4,4,1,6.51263427734375
1554,4,4,1,2.300318479537964
1555,0,0,1,6.765442371368408
1556,8,8,1,1.0234668254852295
1557,8,8,1,9.152701377868652
1558,4,4,1,3.793445587158203
1559,5,3,0,1.6519197225570679
1560,7,7,1,9.300516128540039
1561,5,5,1,4.731601238250732
1562,6,6,1,0.4766424596309662
1563,9,9,1,14.293926239013672
1564,1,1,1,17.60382080078125
1565,6,6,1,6.765837669372559
1566,7,7,1,7.836697578430176
1567,2,2,1,1.329515814781189
1568,0,0,1,6.483280658721924
1569,1,1,1,7.803574562072754
1570,4,4,1,3.9445788860321045
1571,5,5,1,2.1071009635925293
1572,6,6,1,3.2310361862182617
1573,0,0,1,4.805110931396484
1574,0,0,1,3.2818586826324463
1575,2,2,1,6.1696696281433105
1576,7,7,1,4.351380348205566
1577,5,3,0,0.7753647565841675
1578,6,6,1,9.85310173034668
1579,0,0,1,2.5084478855133057
1580,6,6,1,1.6748013496398926
1581,2,2,1,0.8600712418556213
1582,9,9,1,9.610466957092285
1583,1,1,1,6.961867332458496
1584,7,7,1,3.020216941833496
1585,7,7,1,11.032783508300781
1586,5,5,1,9.524683952331543
1587,2,2,1,2.7446184158325195
1588,5,5,1,3.5534539222717285
1589,6,6,1,7.372653961181641
1590,4,4,1,4.206689357757568
1591,1,1,1,16.273574829101562
1592,4,4,1,2.4561939239501953
1593,3,3,1,2.8310632705688477
1594,3,3,1,3.215932846069336
1595,3,3,1,4.495064735412598
1596,0,0,1,6.673923015594482
1597,3,3,1,11.90625
1598,5,5,1,7.2430219650268555
1599,5,5,1,1.6325030326843262
1600,8,8,1,1.0444847345352173
1601,9,9,1,11.288426399230957
1602,7,7,1,2.8215701580047607
1603,3,3,1,2.870530366897583
1604,1,1,1,10.145064353942871
1605,3,3,1,0.907977283000946
1606,3,3,1,2.4540326595306396
1607,3,3,1,0.447579950094223
1608,4,4,1,2.9729909896850586
1609,4,4,1,0.5697875618934631
1610,2,3,0,0.6505661010742188
1611,3,3,1,8.121289253234863
1612,3,3,1,5.627675533294678
1613,8,8,1,3.817530393600464
1614,1,1,1,13.101570129394531
1615,7,7,1,10.613408088684082
1616,7,7,1,8.609705924987793
1617,0,0,1,6.696567058563232
1618,7,7,1,-1.6918702125549316
1619,4,4,1,4.453105926513672
1620,5,3,0,0.02840697020292282
1621,1,1,1,16.753376007080078
1622,4,4,1,4.127884387969971
1623,2,2,1,-0.15984255075454712
1624,4,4,1,10.835966110229492
1625,3,3,1,3.0410501956939697
1626,9,9,1,2.6634910106658936
1627,9,9,1,3.6270785331726074
1628,4,4,1,5.043313980102539
1629,9,9,1,4.2113566398620605
1630,9,9,1,3.001431941986084
1631,1,1,1,11.657415390014648
1632,8,8,1,3.079906940460205
1633,1,1,1,6.320418834686279
1634,6,6,1,3.574784994125366
1635,7,7,1,9.977943420410156
1636,5,3,0,0.7770251631736755
1637,5,5,1,2.865677833557129
1638,4,4,1,2.895143508911133
1639,9,9,1,5.065250396728516
1640,7,7,1,3.4236419200897217
1641,6,6,1,6.690223693847656
1642,5,5,1,8.05062198638916
1643,9,9,1,7.746415138244629
1644,2,6,0,2.4731664657592773
1645,4,4,1,8.065263748168945
1646,0,0,1,5.974881649017334
1647,7,7,1,11.12342643737793
1648,8,8,1,8.395527839660645
1649,5,5,1,3.7954087257385254
1650,5,5,1,6.850717067718506
1651,0,0,1,1.3049875497817993
1652,0,0,1,11.261014938354492
1653,9,9,1,4.83971643447876
1654,9,9,1,4.457063674926758
1655,8,8,1,15.718086242675781
1656,2,2,1,2.3542628288269043
1657,5,5,1,8.309924125671387
1658,4,4,1,8.959355354309082
1659,8,8,1,10.171807289123535
1660,3,3,1,1.6372126340866089
1661,6,6,1,4.111248016357422
1662,3,4,0,-0.9310577511787415
1663,6,6,1,6.038992881774902
1664,0,0,1,2.1975467205047607
1665,6,6,1,18.008106231689453
1666,6,6,1,2.8087165355682373
1667,6,6,1,9.279193878173828
1668,9,9,1,8.123302459716797
1669,6,6,1,1.0473507642745972
1670,6,6,1,1.008609414100647
1671,8,8,1,7.977893829345703
1672,6,6,1,9.355335235595703
1673,2,2,1,3.886249542236328
1674,4,4,1,10.092432975769043
1675,5,5,1,0.7162758111953735
1676,8,8,1,6.482424736022949
1677,1,1,1,13.412818908691406
1678,2,2,1,6.621960639953613
1679,7,7,1,4.35344123840332
1680,6,6,1,2.484198570251465
1681,5,5,1,1.7788628339767456
1682,7,7,1,10.458773612976074
1683,8,8,1,8.870360374450684
1684,1,8,0,3.363030195236206
1685,8,2,0,-0.38791248202323914
1686,0,0,1,6.748256683349609
1687,8,0,0,1.9922711849212646
1688,6,6,1,13.492454528808594
1689,9,9,1,7.96586275100708
1690,2,2,1,1.2360038757324219
1691,8,8,1,8.837287902832031
1692,9,9,1,6.6039228439331055
1693,4,4,1,0.8831222057342529
1694,0,0,1,2.330043315887451
1695,9,9,1,9.784908294677734
1696,4,4,1,1.679492473602295
1697,9,9,1,10.291874885559082
1698,5,5,1,9.539114952087402
1699,7,7,1,15.602721214294434
1700,5,5,1,13.799077033996582
1701,5,5,1,5.117124080657959
1702,9,9,1,6.990058898925781
1703,5,5,1,10.242051124572754
1704,3,3,1,5.250257968902588
1705,0,0,1,4.913723468780518
1706,1,1,1,10.574214935302734
1707,9,9,1,8.612555503845215
1708,7,2,0,0.12531334161758423
1709,2,2,1,2.9986345767974854
1710,4,6,0,-0.7444659471511841
1711,1,1,1,12.128711700439453
1712,0,0,1,4.848104000091553
1713,8,8,1,3.4553029537200928
1714,0,2,0,3.0796594619750977
1715,3,3,1,1.9586071968078613
1716,1,1,1,2.123340606689453
1717,7,7,1,11.262420654296875
1718,0,0,1,0.5223064422607422
1719,0,0,1,10.557111740112305
1720,4,4,1,5.4275336265563965
1721,8,0,0,0.566160261631012
1722,6,6,1,3.766955852508545
1723,2,2,1,0.7817270159721375
1724,4,4,1,4.6761555671691895
1725,0,0,1,5.3249945640563965
1726,0,0,1,5.991281509399414
1727,9,9,1,0.973196804523468
1728,0,0,1,7.507288932800293
1729,8,8,1,5.697410583496094
1730,4,4,1,1.4154387712478638
1731,5,5,1,6.695389747619629
1732,9,9,1,3.881527900695801
1733,3,3,1,7.055937767028809
1734,9,9,1,5.445064544677734
1735,0,0,1,4.066659927368164
1736,5,5,1,9.31862735748291
1737,6,6,1,-0.17981357872486115
1738,5,5,1,0.5097839832305908
1739,0,9,0,-0.38353270292282104
1740,1,1,1,7.402275085449219
1741,4,5,0,3.360307216644287
1742,8,8,1,15.080653190612793
1743,1,1,1,12.691569328308105
1744,0,0,1,7.0330963134765625
1745,5,5,1,4.5920634269714355
1746,2,4,0,1.693511724472046
1747,1,1,1,3.825796365737915
1748,0,0,1,8.31804370880127
1749,2,2,1,1.202120304107666
1750,8,8,1,9.215800285339355
1751,1,1,1,12.146976470947266
1752,5,5,1,2.048919439315796
1753,6,6,1,2.5645394325256348
1754,7,7,1,6.55950403213501
1755,7,7,1,10.088020324707031
1756,2,4,0,0.9017467498779297
1757,6,6,1,2.511707067489624
1758,2,2,1,11.468928337097168
1759,5,5,1,3.619750738143921
1760,0,2,0,0.44207316637039185
1761,1,1,1,7.8707427978515625
1762,4,4,1,2.4136576652526855
1763,2,2,1,3.254988670349121
1764,5,5,1,8.733318328857422
1765,4,4,1,0.5221754312515259
1766,6,2,0,1.8236864805221558
1767,2,2,1,5.908151149749756
1768,2,2,1,2.471907615661621
1769,1,1,1,10.821797370910645
1770,7,7,1,7.639640808105469
1771,2,2,1,4.960434436798096
1772,8,8,1,2.8237595558166504
1773,5,3,0,0.6732614636421204
1774,5,5,1,8.35926342010498
1775,3,3,1,10.699831008911133
1776,0,0,1,5.412212371826172
1777,4,4,1,8.638724327087402
1778,8,8,1,12.641278266906738
1779,3,5,0,3.5759477615356445
1780,7,7,1,3.6978108882904053
1781,6,6,1,8.2877197265625
1782,3,3,1,3.3635802268981934
1783,8,8,1,8.117127418518066
1784,1,1,1,7.50822639465332
1785,0,0,1,5.755470275878906
1786,1,1,1,12.137336730957031
1787,3,3,1,2.40885066986084
1788,3,3,1,0.9708719253540039
1789,0,0,1,5.762373447418213
1790,7,4,0,2.5584075450897217
1791,4,6,0,0.750629723072052
1792,9,9,1,6.868338108062744
1793,5,5,1,3.6044418811798096
1794,3,3,1,1.340243935585022
1795,6,6,1,3.462921380996704
1796,0,0,1,1.4759323596954346
1797,1,1,1,13.411064147949219
1798,4,4,1,2.1766769886016846
1799,4,4,1,9.45038890838623
1800,4,4,1,6.576812267303467
1801,4,4,1,8.165386199951172
1802,2,2,1,4.162239074707031
1803,2,3,0,2.1977875232696533
1804,5,5,1,5.491800785064697
1805,8,8,1,10.26132583618164
1806,1,1,1,8.719074249267578
1807,5,5,1,1.432182788848877
1808,9,9,1,7.8131608963012695
1809,8,8,1,11.272969245910645
1810,1,1,1,15.592013359069824
1811,1,1,1,1.8409013748168945
1812,5,5,1,-0.18931742012500763
1813,3,0,0,-1.8117197751998901
1814,9,9,1,2.1708154678344727
1815,9,9,1,10.38794231414795
1816,7,7,1,4.559866905212402
1817,6,2,0,2.1159932613372803
1818,5,5,1,3.997255563735962
1819,0,0,1,8.364213943481445
1820,8,8,1,2.460827112197876
1821,4,4,1,2.7357048988342285
1822,7,0,0,-0.7519645094871521
1823,0,7,0,-1.2199269533157349
1824,9,9,1,11.594965934753418
1825,2,2,1,9.684280395507812
1826,8,8,1,9.852723121643066
1827,4,4,1,8.213386535644531
1828,7,7,1,4.108960151672363
1829,1,1,1,4.888517379760742
1830,3,5,0,2.664233684539795
1831,9,9,1,9.886641502380371
1832,6,6,1,3.4508230686187744
1833,8,8,1,6.924203872680664
1834,9,9,1,9.715764999389648
1835,0,0,1,0.6621997356414795
1836,4,4,1,6.5046844482421875
1837,9,9,1,8.24649715423584
1838,6,7,0,-0.4505905508995056
1839,7,7,1,12.540801048278809
1840,8,8,1,1.4335395097732544
1841,9,9,1,5.153627395629883
1842,4,7,0,2.393160581588745
1843,8,8,1,8.851341247558594
1844,9,9,1,1.066776990890503
1845,7,9,0,2.5632314682006836
1846,2,2,1,7.5198798179626465
1847,5,5,1,4.992044448852539
1848,3,3,1,7.625276565551758
1849,7,7,1,5.696068286895752
1850,1,1,1,2.0982913970947266
1851,0,0,1,4.857292652130127
1852,2,2,1,1.49642813205719
1853,9,9,1,9.830765724182129
1854,5,5,1,8.785141944885254
1855,5,5,1,8.12779712677002
1856,8,8,1,7.139690399169922
1857,5,5,1,6.540648460388184
1858,4,4,1,3.837186574935913
1859,2,2,1,9.50684928894043
1860,8,0,0,1.6549545526504517
1861,3,3,1,4.934064865112305
1862,5,4,0,3.8850109577178955
1863,5,5,1,1.685266375541687
1864,7,7,1,16.88165283203125
1865,7,7,1,8.791221618652344
1866,8,8,1,11.234626770019531
1867,6,6,1,0.8557486534118652
1868,2,2,1,2.408022165298462
1869,8,8,1,6.139739513397217
1870,2,2,1,5.319403648376465
1871,3,3,1,-0.6452886462211609
1872,5,5,1,8.044490814208984
1873,6,6,1,9.408990859985352
1874,8,8,1,11.49870777130127
1875,0,2,0,3.8807060718536377
1876,2,2,1,8.329024314880371
1877,3,3,1,3.1149866580963135
1878,7,7,1,1.8725043535232544
1879,0,0,1,2.1165900230407715
1880,1,1,1,6.4283366203308105
1881,9,9,1,14.394782066345215
1882,1,1,1,15.854049682617188
1883,3,3,1,2.788583993911743
1884,7,5,0,2.8770341873168945
1885,5,0,0,0.8868125677108765
1886,8,3,0,0.11436327546834946
1887,3,3,1,1.849179983139038
1888,2,2,1,10.04684829711914
1889,9,9,1,5.119440078735352
1890,6,3,0,0.5487797856330872
1891,8,8,1,11.15648365020752
1892,6,6,1,0.2435101717710495
1893,9,9,1,7.369579315185547
1894,3,3,1,11.651296615600586
1895,8,0,0,1.158891201019287
1896,9,9,1,4.9145708084106445
1897,8,0,0,1.9072867631912231
1898,0,3,0,-1.12505304813385
1899,7,7,1,7.600378036499023
1900,8,8,1,2.9664671421051025
1901,5,5,1,12.958199501037598
1902,0,0,1,2.6390814781188965
1903,0,0,1,3.1006040573120117
1904,1,1,1,14.911630630493164
1905,3,6,0,0.19322700798511505
1906,9,9,1,1.0008145570755005
1907,1,1,1,4.7763352394104
1908,5,3,0,1.3677266836166382
1909,3,3,1,0.3942004144191742
1910,4,4,1,7.108505725860596
1911,4,6,0,1.634630560874939
1912,0,0,1,5.741593360900879
1913,9,9,1,0.7356598377227783
1914,9,9,1,10.096964836120605
1915,9,9,1,8.351192474365234
1916,9,9,1,8.316241264343262
1917,8,8,1,11.953523635864258
1918,2,2,1,9.769725799560547
1919,4,4,1,1.1776409149169922
1920,2,2,1,14.464211463928223
1921,2,2,1,4.435218334197998
1922,5,5,1,4.672904014587402
1923,1,1,1,8.573241233825684
1924,9,9,1,-0.8816012144088745
1925,1,1,1,9.240493774414062
1926,0,0,1,3.681008815765381
1927,9,9,1,6.856106758117676
1928,4,4,1,9.567316055297852
1929,2,8,0,1.8666960000991821
1930,1,1,1,10.987958908081055
1931,6,6,1,9.640772819519043
1932,0,0,1,2.7536706924438477
1933,3,3,1,2.6752781867980957
1934,7,0,0,0.42410513758659363
1935,6,3,0,1.1660953760147095
1936,3,3,1,-0.3411799371242523
1937,1,1,1,3.960874557495117
1938,8,0,0,5.811139106750488
1939,6,5,0,-0.7915973663330078
1940,5,5,1,4.489721298217773
1941,7,7,1,3.669123411178589
1942,2,2,1,2.3789713382720947
1943,8,8,1,5.447051048278809
1944,4,4,1,6.007124900817871
1945,4,7,0,1.52622652053833
1946,8,8,1,7.457221984863281
1947,3,3,1,3.3146941661834717
1948,5,0,0,-1.2811883687973022
1949,0,2,0,1.7873591184616089
1950,5,7,0,0.049115948379039764
1951,7,7,1,10.198476791381836
1952,4,4,1,5.407070159912109
1953,4,4,1,4.599380016326904
1954,2,2,1,3.6285297870635986
1955,2,2,1,6.285034656524658
1956,7,7,1,7.003484725952148
1957,3,2,0,-0.6611542105674744
1958,6,6,1,4.219629764556885
1959,0,0,1,4.864333629608154
1960,2,2,1,4.148806571960449
1961,7,7,1,7.2256693840026855
1962,6,6,1,4.612666130065918
1963,2,2,1,8.963220596313477
1964,3,3,1,5.938085556030273
1965,0,0,1,0.5908148288726807
1966,7,7,1,11.571599960327148
1967,7,7,1,8.9503755569458
1968,8,8,1,6.814442157745361
1969,1,9,0,-0.20903851091861725
1970,1,1,1,4.812294960021973
1971,4,4,1,2.112508535385132
1972,6,6,1,0.13317973911762238
1973,0,0,1,8.466238021850586
1974,6,6,1,10.44186782836914
1975,6,9,0,-0.40152549743652344
1976,5,5,1,4.807861328125
1977,5,5,1,3.411015033721924
1978,6,6,1,9.295495986938477
1979,3,3,1,4.553304195404053
1980,9,9,1,14.276898384094238
1981,3,3,1,4.112486362457275
1982,6,6,1,7.4015302658081055
1983,8,2,0,-0.6257839798927307
1984,7,7,1,6.110732078552246
1985,6,6,1,3.7219631671905518
1986,4,5,0,0.7717640399932861
1987,9,9,1,4.350900650024414
1988,5,5,1,8.406960487365723
1989,6,6,1,1.081445574760437
1990,4,4,1,7.0174665451049805
1991,1,1,1,6.114512920379639
1992,6,6,1,3.75239634513855
1993,3,3,1,2.045499801635742
1994,8,8,1,3.704521894454956
1995,2,2,1,5.208858489990234
1996,3,5,0,3.8001418113708496
1997,9,9,1,7.17207145690918
1998,8,0,0,3.039576530456543
1999,5,5,1,9.884994506835938
2000,1,1,1,5.009577751159668
2001,5,5,1,3.08827543258667
2002,4,0,0,0.015764057636260986
2003,5,5,1,6.233685493469238
2004,7,7,1,9.806636810302734
2005,5,5,1,2.6065165996551514
2006,7,7,1,6.66239070892334
2007,8,0,0,2.1414968967437744
2008,9,9,1,5.8710832595825195
2009,1,1,1,1.5272482633590698
2010,7,2,0,1.2512258291244507
2011,2,2,1,6.833874702453613
2012,5,5,1,5.72042179107666
2013,6,6,1,5.114119529724121
2014,8,8,1,8.696375846862793
2015,4,4,1,1.1657744646072388
2016,6,6,1,5.9098968505859375
2017,5,5,1,1.4241524934768677
2018,3,3,1,1.6975196599960327
2019,9,9,1,2.172125816345215
2020,9,9,1,14.01245403289795
2021,8,8,1,2.82239031791687
2022,5,5,1,2.6640424728393555
2023,5,3,0,-0.25171831250190735
2024,6,6,1,11.251291275024414
2025,4,0,0,0.5079284310340881
2026,5,5,1,8.444737434387207
2027,9,9,1,4.00158166885376
2028,7,7,1,-0.48894959688186646
2029,3,3,1,5.479659557342529
2030,4,4,1,1.9077738523483276
2031,1,1,1,8.70726490020752
2032,4,3,0,0.784330427646637
2033,2,2,1,1.2547953128814697
2034,3,2,0,3.7243492603302
2035,6,3,0,1.3013283014297485
2036,5,3,0,2.91055965423584
2037,5,3,0,0.21636821329593658
2038,2,2,1,2.7698557376861572
2039,8,8,1,4.144631385803223
2040,0,0,1,9.204286575317383
2041,0,3,0,0.44424334168434143
2042,1,1,1,8.785155296325684
2043,8,8,1,5.327800273895264
2044,3,3,1,6.568236827850342
2045,1,1,1,15.233293533325195
2046,3,5,0,-1.179740071296692
2047,5,5,1,3.2393507957458496
2048,8,8,1,7.59876012802124
2049,3,3,1,4.2162981033325195
2050,8,8,1,2.778521776199341
2051,5,3,0,1.691636085510254
2052,8,8,1,11.417781829833984
2053,6,6,1,-0.027087252587080002
2054,3,3,1,2.1267223358154297
2055,5,5,1,8.715903282165527
2056,5,5,1,4.0857038497924805
2057,5,5,1,9.226044654846191
2058,0,0,1,8.010972023010254
2059,9,1,0,2.6424269676208496
2060,5,5,1,1.881878137588501
2061,5,5,1,1.7609812021255493
2062,7,7,1,8.993924140930176
2063,1,1,1,14.663780212402344
2064,8,8,1,11.204472541809082
2065,2,2,1,1.6188346147537231
2066,2,2,1,1.9038108587265015
2067,7,4,0,1.8103493452072144
2068,3,3,1,11.058037757873535
2069,4,4,1,5.274909973144531
2070,2,2,1,11.274703979492188
2071,9,9,1,4.241356372833252
2072,6,6,1,-0.10846206545829773
2073,2,2,1,8.520221710205078
2074,2,2,1,11.691534996032715
2075,4,4,1,2.638202428817749
2076,3,3,1,7.190451622009277
2077,0,0,1,6.218234062194824
2078,2,2,1,0.7597516775131226
2079,0,0,1,6.898297309875488
2080,1,1,1,10.764406204223633
2081,3,3,1,3.5837008953094482
2082,2,2,1,3.612448215484619
2083,2,2,1,2.1995394229888916
2084,7,7,1,7.088569641113281
2085,0,0,1,2.8614838123321533
2086,1,1,1,5.321096420288086
2087,0,0,1,8.974885940551758
2088,7,7,1,5.695053577423096
2089,7,7,1,2.248112678527832
2090,2,3,0,-0.28111743927001953
2091,0,2,0,2.1865553855895996
2092,1,1,1,11.955272674560547
2093,6,6,1,9.30898666381836
2094,5,5,1,11.243448257446289
2095,0,0,1,4.324399948120117
2096,2,2,1,5.942462921142578
2097,2,2,1,7.737979888916016
2098,0,0,1,3.260611057281494
2099,1,1,1,2.1844568252563477
2100,2,2,1,12.485002517700195
2101,6,6,1,2.9231574535369873
2102,0,0,1,5.871600151062012
2103,1,1,1,7.3007121086120605
2104,6,6,1,6.405524730682373
2105,6,6,1,4.699659824371338
2106,5,5,1,7.109959602355957
2107,3,3,1,9.158204078674316
2108,4,4,1,2.2569046020507812
2109,0,0,1,6.646332263946533
2110,0,5,0,-0.5820207595825195
2111,9,1,0,7.531098365783691
2112,1,9,0,9.864805221557617
2113,0,0,1,7.558488845825195
2114,2,3,0,-1.1466490030288696
2115,5,5,1,9.776135444641113
2116,9,9,1,4.98252010345459
2117,7,7,1,11.642337799072266
2118,8,8,1,6.983548164367676
2119,6,6,1,5.382602691650391
2120,4,4,1,-0.5907566547393799
2121,6,6,1,10.722549438476562
2122,0,0,1,4.787117958068848
2123,2,2,1,3.830350875854492
2124,0,0,1,5.677494525909424
2125,1,1,1,3.8869409561157227
2126,9,9,1,8.737740516662598
2127,2,4,0,1.7026509046554565
2128,4,6,0,2.7434935569763184
2129,9,9,1,0.13051347434520721
2130,0,2,0,-0.34448403120040894
2131,7,7,1,3.24499773979187
2132,2,2,1,4.151664733886719
2133,3,3,1,2.2698700428009033
2134,4,4,1,1.8859212398529053
2135,8,8,1,10.263026237487793
2136,0,0,1,-1.0748827457427979
2137,2,2,1,2.725048065185547
2138,6,6,1,4.573389530181885
2139,8,8,1,11.44003963470459
2140,9,9,1,2.0532431602478027
2141,7,5,0,2.223604202270508
2142,1,1,1,6.423783779144287
2143,9,9,1,16.053255081176758
2144,3,3,1,3.6751320362091064
2145,7,7,1,5.067902565002441
2146,2,2,1,7.422797203063965
2147,7,7,1,7.122112274169922
2148,9,9,1,7.701780796051025
2149,6,6,1,8.085174560546875
2150,9,9,1,7.8462982177734375
2151,5,5,1,3.7229650020599365
2152,7,7,1,5.049084663391113
2153,8,8,1,10.272589683532715
2154,5,3,0,-0.6511924266815186
2155,9,8,0,2.220186710357666
2156,8,8,1,9.633078575134277
2157,3,3,1,4.4944257736206055
2158,9,9,1,9.708495140075684
2159,8,9,0,0.6819210052490234
2160,0,0,1,7.7962470054626465
2161,5,3,0,2.8258535861968994
2162,5,5,1,4.465179443359375
2163,7,7,1,5.577783107757568
2164,1,1,1,4.7455267906188965
2165,2,3,0,0.7898724675178528
2166,0,0,1,3.0142557621002197
2167,7,7,1,6.3565802574157715
2168,5,5,1,1.3610373735427856
2169,8,8,1,6.914837837219238
2170,2,2,1,8.4776611328125
2171,2,2,1,3.5224521160125732
2172,5,4,0,1.103700876235962
2173,3,3,1,4.060284614562988
2174,9,1,0,2.4320106506347656
2175,3,5,0,3.5747885704040527
2176,1,8,0,7.640175819396973
2177,9,9,1,3.914541006088257
2178,3,3,1,0.24639065563678741
2179,1,0,0,3.2566661834716797
2180,4,4,1,2.825017213821411
2181,3,0,0,1.1800934076309204
2182,4,4,1,3.057888984680176
2183,4,4,1,8.17686653137207
2184,9,9,1,9.428926467895508
2185,0,0,1,4.234957695007324
2186,9,9,1,3.972809314727783
2187,5,5,1,1.8248319625854492
2188,9,9,1,9.79567813873291
2189,2,2,1,9.427525520324707
2190,9,9,1,4.228421211242676
2191,4,4,1,5.61326265335083
2192,0,2,0,2.7895560264587402
2193,2,2,1,2.214378595352173
2194,8,8,1,15.606060981750488
2195,4,4,1,3.6152379512786865
2196,8,8,1,7.455016136169434
2197,6,6,1,10.588235855102539
2198,8,8,1,4.230708122253418
2199,2,4,0,0.1012030839920044
2200,0,0,1,5.961386203765869
2201,5,3,0,1.767997145652771
2202,9,9,1,13.059048652648926
2203,6,6,1,6.362420082092285
2204,9,9,1,9.416387557983398
2205,5,5,1,3.683403253555298
2206,1,1,1,-1.0899462699890137
2207,3,3,1,5.2137532234191895
2208,4,4,1,11.766449928283691
2209,4,4,1,8.982583999633789
2210,2,2,1,7.270132541656494
2211,7,7,1,7.400290489196777
2212,2,2,1,2.5226151943206787
2213,4,2,0,2.2613720893859863
2214,4,4,1,6.532267093658447
2215,0,0,1,5.540212631225586
2216,2,5,0,-0.706298828125
2217,8,8,1,12.295171737670898
2218,4,4,1,10.812896728515625
2219,5,5,1,1.6327635049819946
2220,1,1,1,13.592650413513184
2221,2,2,1,6.340360641479492
2222,6,6,1,3.2777249813079834
2223,8,8,1,9.190451622009277
2224,1,1,1,1.1336897611618042
2225,7,7,1,1.97730553150177
2226,2,6,0,3.5988476276397705
2227,8,8,1,3.819695472717285
2228,7,7,1,4.900704383850098
2229,4,4,1,6.0615315437316895
2230,3,3,1,3.850114345550537
2231,3,3,1,5.127113342285156
2232,0,7,0,1.8969286680221558
2233,3,3,1,4.2456159591674805
2234,7,7,1,10.69089126586914
2235,2,2,1,3.756431818008423
2236,5,5,1,3.711458206176758
2237,6,6,1,6.845080375671387
2238,1,1,1,10.178661346435547
2239,7,7,1,9.992990493774414
2240,9,1,0,1.0075727701187134
2241,0,0,1,6.057831764221191
2242,2,3,0,1.4906622171401978
2243,3,3,1,1.2832376956939697
2244,9,9,1,0.9065819978713989
2245,8,8,1,3.9723684787750244
2246,9,9,1,2.18579363822937
2247,5,5,1,1.8307288885116577
2248,0,8,0,3.7000372409820557
2249,0,0,1,4.217527389526367
2250,7,7,1,3.4485085010528564
2251,6,3,0,0.9353203177452087
2252,3,3,1,10.611323356628418
2253,3,3,1,4.362749099731445
2254,8,8,1,6.741096019744873
2255,1,1,1,5.5398054122924805
2256,4,4,1,6.594366073608398
2257,0,0,1,7.804031848907471
2258,1,1,1,9.728302001953125
2259,5,5,1,9.22146224975586
2260,4,4,1,3.524630546569824
2261,3,3,1,3.1926934719085693
2262,2,4,0,3.4979684352874756
2263,6,6,1,2.631964921951294
2264,0,0,1,11.880401611328125
2265,8,8,1,9.523279190063477
2266,8,8,1,8.217738151550293
2267,6,6,1,4.958904266357422
2268,3,3,1,5.745698928833008
2269,3,3,1,6.944632530212402
2270,2,2,1,-0.24129176139831543
2271,9,9,1,3.031595230102539
2272,7,7,1,8.400367736816406
2273,5,5,1,4.112551212310791
2274,1,1,1,14.853357315063477
2275,6,6,1,9.872308731079102
2276,0,9,0,0.24660740792751312
2277,5,5,1,3.109313488006592
2278,9,9,1,12.859580993652344
2279,9,9,1,10.31552505493164
2280,4,4,1,5.8374505043029785
2281,5,5,1,2.709923267364502
2282,9,9,1,10.107295989990234
2283,4,4,1,5.16990327835083
2284,8,8,1,8.072070121765137
2285,3,3,1,-0.019638992846012115
2286,3,3,1,6.206556797027588
2287,2,2,1,2.0076863765716553
2288,5,5,1,5.639455795288086
2289,1,1,1,9.223349571228027
2290,9,9,1,13.386151313781738
2291,5,3,0,0.597524881362915
2292,5,3,0,3.1627285480499268
2293,8,1,0,0.010106232017278671
2294,1,1,1,0.8562313318252563
2295,8,8,1,12.969844818115234
2296,9,9,1,7.239293575286865
2297,7,7,1,7.243978500366211
2298,0,0,1,3.7791571617126465
2299,6,6,1,3.458623170852661
2300,3,3,1,-0.36234208941459656
2301,2,5,0,0.3689715266227722
2302,0,0,1,9.767669677734375
2303,2,2,1,10.434599876403809
2304,6,6,1,4.421261787414551
2305,9,2,0,1.9371055364608765
2306,3,3,1,4.121168613433838
2307,9,9,1,10.885510444641113
2308,1,1,1,15.398306846618652
2309,6,6,1,2.121300458908081
2310,6,6,1,4.018317699432373
2311,7,7,1,4.02434778213501
2312,2,2,1,4.754693031311035
2313,6,6,1,6.65064811706543
2314,3,3,1,0.7351697683334351
2315,2,2,1,3.5671701431274414
2316,5,5,1,1.6882110834121704
2317,5,5,1,2.2909483909606934
2318,2,2,1,10.564355850219727
2319,7,7,1,9.474164009094238
2320,5,5,1,6.351262092590332
2321,2,2,1,5.089448928833008
2322,0,2,0,4.499090671539307
2323,8,8,1,7.114377975463867
2324,0,0,1,3.896829843521118
2325,7,3,0,-0.6974013447761536
2326,7,7,1,9.730974197387695
2327,1,1,1,2.080036163330078
2328,7,7,1,7.297626495361328
2329,4,4,1,4.417301177978516
2330,0,0,1,7.7044358253479
2331,2,4,0,0.7565076947212219
2332,2,2,1,10.449013710021973
2333,6,6,1,8.6324462890625
2334,1,1,1,13.030208587646484
2335,5,5,1,4.1312336921691895
2336,9,9,1,6.737013339996338
2337,7,7,1,3.3653199672698975
2338,6,6,1,8.463732719421387
2339,2,4,0,0.7581874132156372
2340,7,7,1,7.360032558441162
2341,0,0,1,3.261789083480835
2342,5,5,1,3.7885026931762695
2343,6,6,1,2.9191720485687256
2344,0,7,0,0.6032012104988098
2345,1,1,1,12.472272872924805
2346,1,1,1,13.671670913696289
2347,8,8,1,7.562392234802246
2348,4,4,1,1.6981312036514282
2349,5,5,1,4.46868896484375
2350,3,5,0,2.1278555393218994
2351,1,9,0,5.806842803955078
2352,2,2,1,4.438175201416016
2353,4,4,1,3.2497427463531494
2354,8,0,0,0.5774027109146118
2355,9,8,0,1.0799297094345093
2356,8,0,0,1.229117751121521
2357,1,1,1,7.448462009429932
2358,7,7,1,1.9175574779510498
2359,2,2,1,3.1552629470825195
2360,7,7,1,9.284600257873535
2361,2,2,1,5.701258659362793
2362,3,3,1,2.23911190032959
2363,2,9,0,-2.08109188079834
2364,6,6,1,14.423052787780762
2365,7,7,1,9.76417064666748
2366,9,9,1,10.158930778503418
2367,4,4,1,5.31502103805542
2368,0,0,1,7.4682183265686035
2369,1,1,1,8.794659614562988
2370,0,0,1,3.5413882732391357
2371,4,4,1,4.702287673950195
2372,5,3,0,1.6618854999542236
2373,0,0,1,7.584575653076172
2374,8,8,1,8.530631065368652
2375,0,0,1,6.141910076141357
2376,7,7,1,2.8490006923675537
2377,6,6,1,4.873963356018066
2378,1,1,1,9.053617477416992
2379,0,0,1,4.081441402435303
2380,8,8,1,5.3517961502075195
2381,5,5,1,4.193755626678467
2382,9,9,1,16.329181671142578
2383,2,2,1,1.9889615774154663
2384,5,5,1,4.209497928619385
2385,4,4,1,0.21675492823123932
2386,4,3,0,-0.05643446743488312
2387,9,9,1,4.256980895996094
2388,0,0,1,1.7347831726074219
2389,6,6,1,12.805076599121094
2390,1,1,1,2.7310595512390137
2391,2,4,0,1.373469591140747
2392,5,5,1,5.762206077575684
2393,1,1,1,4.926305770874023
2394,6,6,1,5.31683349609375
2395,7,7,1,5.1280412673950195
2396,1,1,1,0.6529242992401123
2397,5,5,1,3.8919711112976074
2398,8,8,1,3.529290199279785
2399,8,8,1,13.868597984313965
2400,0,0,1,3.0130574703216553
2401,3,3,1,1.7707393169403076
2402,9,9,1,9.876041412353516
2403,4,4,1,2.3223462104797363
2404,0,0,1,0.4555063247680664
2405,3,6,0,11.507963180541992
2406,4,4,1,4.412326812744141
2407,9,9,1,6.855485916137695
2408,2,2,1,6.4761810302734375
2409,4,2,0,4.251021385192871
2410,3,3,1,6.628602027893066
2411,0,0,1,5.407740116119385
2412,6,6,1,1.190354824066162
2413,4,6,0,3.411989450454712
2414,5,5,1,5.738458633422852
2415,6,6,1,2.1953213214874268
2416,6,6,1,3.9965932369232178
2417,7,7,1,8.608434677124023
2418,8,8,1,7.154163360595703
2419,4,4,1,5.298329830169678
2420,8,7,0,-0.1948375552892685
2421,8,8,1,4.252877235412598
2422,3,2,0,-0.012707286514341831
2423,2,2,1,4.132652282714844
2424,8,8,1,4.810575008392334
2425,0,0,1,3.5539608001708984
2426,2,0,0,4.091529369354248
2427,5,3,0,3.7477400302886963
2428,6,6,1,6.316549301147461
2429,8,8,1,11.199142456054688
2430,7,7,1,4.310271739959717
2431,8,8,1,5.432803630828857
2432,9,9,1,8.111783027648926
2433,9,9,1,14.281231880187988
2434,0,0,1,5.961110591888428
2435,6,4,0,2.089266300201416
2436,6,6,1,4.656682014465332
2437,8,8,1,5.979470252990723
2438,1,1,1,7.184335708618164
2439,1,1,1,15.459613800048828
2440,7,7,1,4.230894088745117
2441,4,4,1,2.3923087120056152
2442,4,2,0,4.753566741943359
2443,2,2,1,3.7596302032470703
2444,3,5,0,1.5984998941421509
2445,6,6,1,6.131880760192871
2446,9,9,1,2.1979379653930664
2447,6,0,0,-0.5316747426986694
2448,2,2,1,4.867410182952881
2449,4,3,0,1.0907104015350342
2450,1,1,1,12.889362335205078
2451,8,8,1,7.628120422363281
2452,2,2,1,2.0554304122924805
2453,3,3,1,-0.013029375113546848
2454,1,1,1,2.330778121948242
2455,6,3,0,2.758162021636963
2456,8,8,1,10.202884674072266
2457,6,6,1,9.395105361938477
2458,8,8,1,5.622743129730225
2459,5,5,1,4.8221330642700195
2460,9,9,1,6.322935104370117
2461,0,0,1,0.21234822273254395
2462,1,1,1,9.269296646118164
2463,0,9,0,-0.38634800910949707
2464,2,2,1,0.682076096534729
2465,9,9,1,7.058882713317871
2466,2,2,1,2.093345880508423
2467,9,9,1,11.732466697692871
2468,0,0,1,5.767092704772949
2469,9,9,1,7.224226951599121
2470,7,7,1,15.836527824401855
2471,8,8,1,10.257189750671387
2472,5,5,1,1.0457392930984497
2473,0,0,1,4.917354583740234
2474,6,3,0,0.7029637694358826
2475,6,6,1,10.615072250366211
2476,8,8,1,14.235130310058594
2477,1,1,1,5.308668613433838
2478,6,6,1,4.394225120544434
2479,5,5,1,7.593241214752197
2480,8,8,1,5.834697723388672
2481,7,7,1,3.2156360149383545
2482,9,9,1,3.3822736740112305
2483,2,2,1,3.3524746894836426
2484,1,1,1,18.531198501586914
2485,6,6,1,6.696732997894287
2486,7,2,0,0.7451033592224121
2487,5,5,1,0.39308497309684753
2488,6,6,1,9.63294792175293
2489,3,3,1,1.4313286542892456
2490,0,0,1,3.111844301223755
2491,9,9,1,5.704130172729492
2492,8,8,1,7.7736077308654785
2493,9,9,1,6.432136058807373
2494,5,7,0,1.8841320276260376
2495,9,8,0,1.4805299043655396
2496,9,9,1,2.146127462387085
2497,9,9,1,1.7861896753311157
2498,3,3,1,8.567519187927246
2499,6,6,1,4.028398513793945
2500,4,6,0,3.334059238433838
2501,4,4,1,7.526458263397217
2502,8,8,1,8.32497501373291
2503,8,8,1,4.439131259918213
2504,1,1,1,5.930456638336182
2505,7,9,0,2.7435851097106934
2506,3,3,1,-0.24654223024845123
2507,0,0,1,5.67153787612915
2508,6,6,1,1.326889157295227
2509,2,2,1,3.2456467151641846
2510,4,4,1,4.679872989654541
2511,8,8,1,2.2151665687561035
2512,2,2,1,10.752263069152832
2513,2,2,1,11.641565322875977
2514,9,9,1,6.980456352233887
2515,2,2,1,3.7446117401123047
2516,2,3,0,1.764274001121521
2517,9,9,1,8.19778060913086
2518,7,7,1,7.343530178070068
2519,4,4,1,7.251393795013428
2520,1,0,0,1.9913756847381592
2521,9,9,1,2.5138938426971436
2522,1,1,1,7.292652130126953
2523,4,3,0,0.12434982508420944
2524,3,4,0,0.2850808799266815
2525,5,0,0,2.743920087814331
2526,3,2,0,1.088504672050476
2527,8,8,1,8.616479873657227
2528,9,9,1,15.422553062438965
2529,3,3,1,7.066760063171387
2530,6,2,0,0.7934113144874573
2531,2,2,1,3.40303635597229
2532,0,0,1,3.8320958614349365
2533,8,2,0,-1.8881725072860718
2534,9,0,0,-0.5435060262680054
2535,0,3,0,-2.6059730052948
2536,5,5,1,2.0203471183776855
2537,1,1,1,9.909615516662598
2538,5,6,0,1.3006844520568848
2539,8,8,1,1.6508406400680542
2540,2,2,1,2.809267044067383
2541,1,1,1,19.119884490966797
2542,2,2,1,1.166712760925293
2543,3,3,1,1.444936752319336
2544,2,2,1,1.272294521331787
2545,4,4,1,7.869284152984619
2546,8,8,1,14.601478576660156
2547,4,4,1,5.086169242858887
2548,0,7,0,1.5492382049560547
2549,6,6,1,6.630620956420898
2550,4,4,1,4.905433177947998
2551,2,2,1,3.7187912464141846
2552,9,9,1,4.82595157623291
2553,8,8,1,5.597170829772949
2554,4,7,0,6.405342102050781
2555,7,7,1,5.686604976654053
2556,6,6,1,2.457998037338257
2557,2,2,1,9.901214599609375
2558,4,4,1,9.846885681152344
2559,7,7,1,4.632099151611328
2560,7,7,1,3.910224437713623
2561,6,6,1,5.513914585113525
2562,4,4,1,4.936380863189697
2563,2,2,1,13.43307113647461
2564,2,2,1,5.25051736831665
2565,3,3,1,3.631218433380127
2566,2,2,1,9.041451454162598
2567,4,4,1,8.732754707336426
2568,9,4,0,-2.228248357772827
2569,0,0,1,2.6943304538726807
2570,0,3,0,1.4295694828033447
2571,9,9,1,6.363581657409668
2572,6,6,1,5.757838249206543
2573,5,3,0,2.9749679565429688
2574,8,8,1,7.231447219848633
2575,5,7,0,0.6562953591346741
2576,2,2,1,4.6603240966796875
2577,4,4,1,5.812130451202393
2578,8,8,1,5.769741058349609
2579,8,8,1,8.311858177185059
2580,6,6,1,2.0577950477600098
2581,4,4,1,0.22210438549518585
2582,5,5,1,10.69059944152832
2583,7,7,1,9.739492416381836
2584,6,6,1,16.85801887512207
2585,3,3,1,5.285067081451416
2586,7,3,0,0.1527438759803772
2587,0,0,1,3.1726467609405518
2588,4,4,1,7.852227210998535
2589,0,0,1,5.491785049438477
2590,5,9,0,0.5044101476669312
2591,8,8,1,10.929612159729004
2592,2,4,0,0.44337907433509827
2593,8,8,1,6.690586566925049
2594,0,0,1,7.8545403480529785
2595,4,4,1,7.619212627410889
2596,9,9,1,2.8823695182800293
2597,2,2,1,0.8744308948516846
2598,3,3,1,2.664764642715454
2599,6,3,0,3.1324303150177
2600,8,8,1,2.4748423099517822
2601,1,1,1,11.68892765045166
2602,6,6,1,12.989736557006836
2603,0,0,1,3.5948994159698486
2604,8,8,1,2.7846314907073975
2605,4,7,0,0.16353736817836761
2606,3,5,0,1.7817473411560059
2607,1,1,1,2.874335289001465
2608,4,4,1,7.01193380355835
2609,5,3,0,3.592442274093628
2610,2,2,1,6.082694053649902
2611,4,6,0,0.7943968176841736
2612,3,3,1,1.4370745420455933
2613,6,2,0,2.541954278945923
2614,0,0,1,4.3516035079956055
2615,7,7,1,12.412065505981445
2616,1,1,1,0.8336294889450073
2617,3,3,1,3.653935194015503
2618,5,5,1,9.010676383972168
2619,7,7,1,6.984848499298096
2620,1,1,1,11.425646781921387
2621,8,8,1,10.67354679107666
2622,0,0,1,5.534371376037598
2623,4,4,1,1.075501561164856
2624,8,3,0,-0.7650315761566162
2625,2,2,1,5.91524600982666
2626,7,4,0,0.970452606678009
2627,7,7,1,11.548452377319336
2628,0,0,1,4.981400966644287
2629,2,6,0,1.7904397249221802
2630,2,2,1,9.136428833007812
2631,4,4,1,5.003317832946777
2632,3,3,1,3.7072465419769287
2633,3,3,1,5.255708694458008
2634,1,9,0,5.1834492683410645
2635,6,6,1,2.9580814838409424
2636,1,1,1,9.971755981445312
2637,6,4,0,0.6641307473182678
2638,4,4,1,4.634682655334473
2639,6,6,1,7.713683605194092
2640,7,7,1,11.566883087158203
2641,4,4,1,5.757228851318359
2642,7,7,1,2.1137945652008057
2643,3,3,1,2.6215744018554688
2644,8,8,1,8.599201202392578
2645,1,1,1,13.269327163696289
2646,3,3,1,1.1962348222732544
2647,1,1,1,8.693656921386719
2648,4,4,1,1.5673571825027466
2649,6,6,1,12.7659330368042
2650,5,5,1,1.334162712097168
2651,5,5,1,1.2107226848602295
2652,7,7,1,2.759032964706421
2653,4,4,1,5.741468906402588
2654,5,5,1,12.735379219055176
2655,4,4,1,1.3512632846832275
2656,9,9,1,2.1008448600769043
2657,7,7,1,4.478216648101807
2658,7,7,1,10.845315933227539
2659,2,2,1,4.509066581726074
2660,3,3,1,6.505696773529053
2661,3,3,1,5.227283000946045
2662,6,6,1,1.185181975364685
2663,7,7,1,9.031059265136719
2664,4,4,1,5.1094279289245605
2665,1,1,1,7.431171894073486
2666,6,6,1,8.541193008422852
2667,1,1,1,6.4705424308776855
2668,0,0,1,1.6318122148513794
2669,6,6,1,7.218526840209961
2670,9,9,1,5.9144792556762695
2671,6,2,0,2.435150146484375
2672,0,0,1,4.944234371185303
2673,2,2,1,0.0037041371688246727
2674,0,0,1,1.761100172996521
2675,2,5,0,0.9553079605102539
2676,4,4,1,1.474007248878479
2677,7,7,1,2.6335577964782715
2678,0,0,1,8.188898086547852
2679,0,0,1,1.8644839525222778
2680,0,0,1,7.3923234939575195
2681,0,0,1,5.155972003936768
2682,7,7,1,1.5630055665969849
2683,5,5,1,8.46512508392334
2684,3,3,1,-0.20434825122356415
2685,2,2,1,-0.6000831723213196
2686,7,7,1,7.576484680175781
2687,8,8,1,10.95268726348877
2688,5,5,1,1.2936433553695679
2689,5,5,1,5.83529806137085
2690,2,6,0,2.4691193103790283
2691,2,2,1,4.748452186584473
2692,8,8,1,7.680284023284912
2693,9,9,1,10.29096794128418
2694,1,1,1,13.666243553161621
2695,2,2,1,2.0679538249969482
2696,2,2,1,3.422189474105835
2697,0,8,0,1.6684194803237915
2698,3,3,1,8.607134819030762
2699,4,4,1,7.032647132873535
2700,9,9,1,1.7996476888656616
2701,1,0,0,2.784827947616577
2702,6,6,1,2.4465792179107666
2703,9,0,0,2.494778871536255
2704,0,0,1,1.818297028541565
2705,8,8,1,7.17613410949707
2706,3,3,1,4.343814849853516
2707,6,6,1,3.0561602115631104
2708,4,4,1,2.56353497505188
2709,6,6,1,0.1644406020641327
2710,7,7,1,3.9726901054382324
2711,5,5,1,3.3681533336639404
2712,1,1,1,7.190574645996094
2713,8,8,1,14.180113792419434
2714,9,9,1,6.1385273933410645
2715,0,0,1,7.417407989501953
2716,5,5,1,6.307387351989746
2717,0,0,1,6.102987766265869
2718,5,5,1,6.555249214172363
2719,4,3,0,-0.43088528513908386
2720,3,3,1,9.08559513092041
2721,8,8,1,4.481107711791992
2722,5,5,1,3.933504104614258
2723,2,3,0,-1.9278178215026855
2724,0,0,1,7.446587562561035
2725,8,8,1,2.0235607624053955
2726,5,3,0,3.9777495861053467
2727,9,0,0,0.8159760236740112
2728,2,2,1,7.408405780792236
2729,5,3,0,2.518143892288208
2730,6,6,1,6.301101207733154
2731,5,5,1,10.053482055664062
2732,7,7,1,6.306153774261475
2733,3,3,1,6.450417518615723
2734,7,7,1,12.730134010314941
2735,2,2,1,5.461987495422363
2736,8,8,1,4.109214782714844
2737,8,8,1,6.157131195068359
2738,4,8,0,1.7315350770950317
2739,2,2,1,11.161430358886719
2740,1,1,1,3.066157579421997
2741,6,6,1,7.409506797790527
2742,2,2,1,0.3181581497192383
2743,9,9,1,8.376008033752441
2744,9,9,1,3.637970447540283
2745,8,8,1,6.13632869720459
2746,2,2,1,3.756629228591919
2747,3,1,0,0.8569933176040649
2748,1,1,1,13.685648918151855
2749,0,0,1,6.512723445892334
2750,5,5,1,7.169760704040527
2751,2,2,1,9.959095001220703
2752,3,3,1,6.815180778503418
2753,7,7,1,10.313287734985352
2754,9,9,1,4.9567365646362305
2755,5,5,1,6.249608516693115
2756,9,9,1,4.275612831115723
2757,1,1,1,9.690689086914062
2758,1,1,1,12.814315795898438
2759,3,3,1,-0.9385828375816345
2760,2,3,0,2.6528728008270264
2761,7,7,1,5.774660587310791
2762,4,4,1,1.2260496616363525
2763,4,4,1,8.242602348327637
2764,1,1,1,5.829360485076904
2765,9,9,1,1.87368905544281
2766,4,4,1,4.532166004180908
2767,5,5,1,5.942009925842285
2768,5,5,1,3.8262124061584473
2769,2,2,1,7.739078521728516
2770,7,2,0,3.643653392791748
2771,7,7,1,5.155168533325195
2772,6,6,1,9.757511138916016
2773,1,1,1,3.1276984214782715
2774,2,2,1,6.091532230377197
2775,3,3,1,7.588682174682617
2776,7,7,1,14.613892555236816
2777,5,5,1,0.38519027829170227
2778,4,4,1,2.3348429203033447
2779,3,3,1,1.9565798044204712
2780,7,7,1,12.204643249511719
2781,7,7,1,4.3515238761901855
2782,0,0,1,2.4537060260772705
2783,0,0,1,2.604198455810547
2784,1,1,1,10.550865173339844
2785,4,4,1,2.3656270503997803
2786,4,4,1,6.912664890289307
2787,3,3,1,2.8768928050994873
2788,7,7,1,2.181405782699585
2789,9,9,1,13.193116188049316
2790,8,8,1,7.464196681976318
2791,7,7,1,13.774028778076172
2792,0,0,1,5.85647439956665
2793,9,9,1,8.481894493103027
2794,0,0,1,4.747251510620117
2795,3,3,1,2.5308048725128174
2796,7,7,1,11.58516788482666
2797,6,2,0,1.3532975912094116
2798,3,3,1,2.231323003768921
2799,8,8,1,9.79679012298584
2800,4,4,1,10.891348838806152
2801,5,5,1,2.636690139770508
2802,6,6,1,8.96692180633545
2803,5,5,1,12.902487754821777
2804,3,8,0,0.471301406621933
2805,4,4,1,7.727547645568848
2806,2,3,0,2.5668463706970215
2807,9,0,0,0.6690902709960938
2808,2,2,1,3.3825509548187256
2809,4,4,1,0.34197816252708435
2810,9,9,1,4.088874816894531
2811,2,2,1,0.8051009774208069
2812,0,0,1,7.947063446044922
2813,1,1,1,9.768409729003906
2814,1,7,0,0.4771416187286377
2815,3,3,1,-0.03478123992681503
2816,7,7,1,4.57611083984375
2817,9,9,1,4.86417293548584
2818,5,5,1,2.77744722366333
2819,1,1,1,12.470224380493164
2820,6,6,1,11.738619804382324
2821,0,0,1,1.7460566759109497
2822,3,3,1,5.686649322509766
2823,3,3,1,3.930593729019165
2824,7,7,1,11.472692489624023
2825,2,2,1,1.5650964975357056
2826,4,4,1,4.76206111907959
2827,5,5,1,7.54788875579834
2828,2,2,1,3.5603599548339844
2829,3,3,1,-1.2757670879364014
2830,6,6,1,11.822187423706055
2831,3,3,1,-1.0602649450302124
2832,3,3,1,3.2216999530792236
2833,0,0,1,10.39688491821289
2834,4,4,1,2.1965367794036865
2835,4,2,0,0.3778184652328491
2836,3,9,0,-0.8738848567008972
2837,8,8,1,10.796738624572754
2838,1,1,1,10.672467231750488
2839,2,2,1,5.522022724151611
2840,3,3,1,-0.024953968822956085
2841,2,2,1,3.4538121223449707
2842,7,7,1,14.49332046508789
2843,1,0,0,0.45003217458724976
2844,4,4,1,3.009413480758667
2845,5,2,0,2.342602491378784
2846,6,6,1,8.551175117492676
2847,8,8,1,1.5387868881225586
2848,6,6,1,-0.4583771526813507
2849,6,3,0,0.4394150972366333
2850,5,5,1,8.607682228088379
2851,4,4,1,13.54389762878418
2852,2,2,1,5.742787837982178
2853,9,9,1,5.93626070022583
2854,9,0,0,-1.1765491962432861
2855,3,5,0,-1.121647596359253
2856,2,2,1,5.252969264984131
2857,0,0,1,9.1581392288208
2858,4,4,1,6.006640911102295
2859,1,1,1,4.499116897583008
2860,5,5,1,-0.13655899465084076
2861,5,5,1,8.646735191345215
2862,6,6,1,6.680441856384277
2863,6,6,1,11.622876167297363
2864,5,5,1,6.343461036682129
2865,6,6,1,11.471410751342773
2866,9,9,1,5.402142524719238
2867,7,3,0,1.4012281894683838
2868,9,7,0,1.133384108543396
2869,4,4,1,4.095264911651611
2870,8,8,1,13.925253868103027
2871,3,3,1,3.536219596862793
2872,1,1,1,2.0625290870666504
2873,9,9,1,5.606351852416992
2874,8,8,1,-0.9485527873039246
2875,1,1,1,7.7554826736450195
2876,9,9,1,8.61499309539795
2877,0,0,1,6.796864032745361
2878,3,3,1,5.761146545410156
2879,0,0,1,3.2752017974853516
2880,4,4,1,12.157697677612305
2881,7,7,1,4.124586582183838
2882,7,7,1,7.922667503356934
2883,2,2,1,13.979533195495605
2884,6,6,1,2.702521324157715
2885,5,5,1,9.532669067382812
2886,6,6,1,4.257820129394531
2887,9,9,1,9.679411888122559
2888,7,7,1,5.53277063369751
2889,7,6,0,2.7312633991241455
2890,5,5,1,4.825333595275879
2891,7,7,1,7.2751898765563965
2892,0,0,1,7.444253921508789
2893,8,8,1,14.060688018798828
2894,6,6,1,4.497966766357422
2895,7,3,0,-0.14126908779144287
2896,8,8,1,7.245584011077881
2897,3,3,1,1.4743196964263916
2898,8,8,1,-0.27805015444755554
2899,9,9,1,7.76362943649292
2900,3,4,0,-0.5337632298469543
2901,2,2,1,8.511091232299805
2902,9,9,1,6.204819202423096
2903,2,2,1,1.821293592453003
2904,7,7,1,3.222414493560791
2905,4,4,1,1.584027647972107
2906,1,1,1,3.598618268966675
2907,9,9,1,3.746081829071045
2908,7,7,1,1.7900103330612183
2909,0,0,1,5.732363700866699
2910,8,8,1,2.9035098552703857
2911,1,1,1,6.516029357910156
2912,2,6,0,1.820950984954834
2913,0,0,1,8.752792358398438
2914,6,6,1,4.41491174697876
2915,5,5,1,5.290654182434082
2916,1,9,0,2.8386383056640625
2917,4,4,1,10.3504056930542
2918,2,2,1,6.810405731201172
2919,8,8,1,11.116748809814453
2920,2,5,0,0.5247906446456909
2921,8,8,1,11.060477256774902
2922,3,3,1,12.885969161987305
2923,3,5,0,5.87929630279541
2924,1,1,1,17.752477645874023
2925,4,4,1,6.2276997566223145
2926,9,9,1,6.4536662101745605
2927,8,8,1,13.211161613464355
2928,1,1,1,14.941718101501465
2929,1,1,1,12.872688293457031
2930,7,7,1,2.9823157787323
2931,9,9,1,1.2262535095214844
2932,9,9,1,7.812763214111328
2933,4,4,1,6.3792290687561035
2934,6,3,0,0.15897227823734283
2935,8,8,1,4.222184658050537
2936,5,5,1,3.7043209075927734
2937,3,3,1,1.3835500478744507
2938,2,2,1,3.297698736190796
2939,2,2,1,8.821932792663574
2940,3,0,0,3.0206198692321777
2941,8,8,1,6.195394515991211
2942,5,5,1,4.698071002960205
2943,1,1,1,5.8102922439575195
2944,9,9,1,7.816702365875244
2945,7,7,1,14.495213508605957
2946,9,9,1,11.51465129852295
2947,1,1,1,9.93828010559082
2948,5,4,0,0.2032989114522934
2949,3,3,1,4.962290287017822
2950,1,1,1,1.9822646379470825
2951,0,0,1,3.9013686180114746
2952,3,3,1,1.4233882427215576
2953,8,8,1,7.070028781890869
2954,9,9,1,8.633071899414062
2955,2,3,0,0.6463870406150818
2956,0,0,1,8.1585693359375
2957,8,8,1,5.003861427307129
2958,0,0,1,2.0226340293884277
2959,7,7,1,1.202408790588379
2960,9,9,1,1.5748546123504639
2961,4,4,1,5.352173805236816
2962,8,8,1,6.984564781188965
2963,3,3,1,5.543389797210693
2964,0,0,1,8.401177406311035
2965,7,7,1,10.450725555419922
2966,0,0,1,1.2049585580825806
2967,7,7,1,11.4855318069458
2968,0,0,1,1.9220093488693237
2969,5,5,1,0.21934519708156586
2970,5,5,1,2.833056688308716
2971,4,4,1,9.552742958068848
2972,3,3,1,1.3582669496536255
2973,0,0,1,5.490121841430664
2974,9,9,1,2.6899254322052
2975,9,9,1,-1.2480528354644775
2976,0,0,1,3.6374735832214355
2977,2,2,1,1.8430006504058838
2978,2,2,1,0.6668131947517395
2979,0,0,1,12.801076889038086
2980,8,8,1,10.945684432983398
2981,4,4,1,4.758493423461914
2982,4,4,1,7.620032787322998
2983,5,5,1,5.562655448913574
2984,2,2,1,6.836827278137207
2985,2,2,1,1.6892720460891724
2986,1,8,0,0.48878219723701477
2987,1,9,0,0.18012873828411102
2988,5,5,1,-0.4494914412498474
2989,5,5,1,3.065720558166504
2990,4,4,1,5.981809616088867
2991,3,3,1,7.849049091339111
2992,4,4,1,4.495387077331543
2993,0,0,1,10.803268432617188
2994,8,8,1,5.870721340179443
2995,4,8,0,3.0988714694976807
2996,8,8,1,10.213349342346191
2997,2,5,0,2.0350894927978516
2998,5,5,1,6.755596160888672
2999,6,6,1,4.429304122924805
3000,5,5,1,1.303181767463684
3001,1,1,1,15.66871452331543
3002,7,7,1,1.0858485698699951
3003,2,2,1,2.110196828842163
3004,4,4,1,6.163458347320557
3005,0,0,1,2.181218385696411
3006,5,5,1,2.3248627185821533
3007,6,6,1,2.871976137161255
3008,8,8,1,9.084607124328613
3009,7,7,1,11.706364631652832
3010,6,6,1,1.0527560710906982
3011,3,3,1,2.371962308883667
3012,1,1,1,3.9740333557128906
3013,3,3,1,1.3037863969802856
3014,6,0,0,1.5416520833969116
3015,6,6,1,6.608299732208252
3016,4,4,1,2.886723756790161
3017,5,5,1,6.606379508972168
3018,5,5,1,8.398731231689453
3019,5,5,1,2.8791534900665283
3020,1,1,1,7.733432769775391
3021,8,8,1,0.5594821572303772
3022,7,7,1,5.523417949676514
3023,3,5,0,0.36462125182151794
3024,0,0,1,5.212514877319336
3025,2,2,1,1.2350611686706543
3026,5,7,0,7.306567668914795
3027,1,1,1,11.314376831054688
3028,1,1,1,11.46489143371582
3029,1,1,1,12.895503044128418
3030,6,6,1,3.278557538986206
3031,7,0,0,2.5545032024383545
3032,2,2,1,1.7571626901626587
3033,1,1,1,11.461315155029297
3034,2,2,1,5.002450942993164
3035,3,3,1,4.712845802307129
3036,9,9,1,4.538427352905273
3037,8,8,1,15.237587928771973
3038,3,3,1,1.159700870513916
3039,1,1,1,14.855094909667969
3040,7,7,1,15.362018585205078
3041,4,4,1,6.336924076080322
3042,8,8,1,0.37322357296943665
3043,4,4,1,2.498131513595581
3044,7,7,1,5.373973846435547
3045,5,5,1,2.1864449977874756
3046,8,8,1,2.387932538986206
3047,6,6,1,2.3197786808013916
3048,0,0,1,6.1020636558532715
3049,3,5,0,3.8103976249694824
3050,0,2,0,2.321338176727295
3051,8,8,1,-0.01129387691617012
3052,3,2,0,0.4545298218727112
3053,4,4,1,5.389922618865967
3054,4,4,1,-1.495927095413208
3055,9,9,1,4.255728721618652
3056,4,4,1,2.8803670406341553
3057,6,6,1,8.94666576385498
3058,1,1,1,4.920578956604004
3059,5,3,0,-1.185555100440979
3060,7,7,1,14.485872268676758
3061,7,4,0,1.6660783290863037
3062,9,9,1,14.026444435119629
3063,0,0,1,6.840674877166748
3064,1,1,1,6.0886006355285645
3065,3,3,1,1.0683398246765137
3066,1,1,1,6.546767234802246
3067,3,3,1,4.310896873474121
3068,2,2,1,2.6606764793395996
3069,4,4,1,8.801275253295898
3070,0,0,1,3.621095657348633
3071,7,7,1,6.26692008972168
3072,8,8,1,3.072787046432495
3073,3,3,1,3.987553834915161
3074,1,1,1,5.222614288330078
3075,6,6,1,3.9369289875030518
3076,2,2,1,5.577352046966553
3077,1,1,1,15.16971492767334
3078,8,8,1,13.164909362792969
3079,8,8,1,9.338979721069336
3080,1,1,1,9.275947570800781
3081,9,9,1,11.063368797302246
3082,7,7,1,10.446009635925293
3083,5,3,0,0.5187698602676392
3084,3,5,0,-0.5214000344276428
3085,2,2,1,3.027604818344116
3086,9,9,1,8.123526573181152
3087,0,0,1,6.709512233734131
3088,6,6,1,8.159662246704102
3089,8,8,1,12.816571235656738
3090,4,4,1,6.344947814941406
3091,1,1,1,2.486365795135498
3092,5,5,1,3.3121821880340576
3093,7,7,1,8.39303970336914
3094,2,2,1,4.191841125488281
3095,4,2,0,3.223374843597412
3096,7,7,1,12.657681465148926
3097,0,5,0,0.8076117634773254
3098,4,4,1,3.166398525238037
3099,9,9,1,10.073421478271484
3100,0,0,1,1.5098906755447388
3101,7,7,1,11.877565383911133
3102,0,0,1,4.467552661895752
3103,6,0,0,-0.5080611109733582
3104,7,7,1,11.083040237426758
3105,1,1,1,-0.46659648418426514
3106,8,8,1,7.293362617492676
3107,5,2,0,-0.0320851132273674
3108,8,8,1,6.587193489074707
3109,8,8,1,5.323286056518555
3110,7,3,0,1.1947847604751587
3111,0,0,1,2.88606858253479
3112,0,0,1,6.325621128082275
3113,3,6,0,-0.029174137860536575
3114,2,2,1,0.8381331562995911
3115,5,2,0,0.4403776526451111
3116,7,7,1,9.401298522949219
3117,0,0,1,2.2374935150146484
3118,6,6,1,2.955291509628296
3119,4,4,1,3.324734926223755
3120,4,4,1,7.062470436096191
3121,9,9,1,6.476311206817627
3122,1,1,1,4.182666778564453
3123,8,8,1,6.281093597412109
3124,6,6,1,6.985025405883789
3125,3,3,1,4.085627555847168
3126,9,9,1,5.6240010261535645
3127,4,4,1,3.3218472003936768
3128,9,9,1,6.014284610748291
3129,3,3,1,5.627819061279297
3130,3,3,1,3.2251462936401367
3131,7,7,1,6.390068531036377
3132,5,5,1,2.289393901824951
3133,9,9,1,5.123125076293945
3134,7,7,1,7.407326698303223
3135,7,5,0,3.803863048553467
3136,4,4,1,7.64818811416626
3137,5,5,1,1.7962175607681274
3138,8,8,1,6.9267730712890625
3139,2,2,1,8.721463203430176
3140,8,8,1,8.605204582214355
3141,9,9,1,10.081868171691895
3142,5,5,1,8.703137397766113
3143,3,3,1,4.0966715812683105
3144,1,1,1,12.807090759277344
3145,9,9,1,8.117342948913574
3146,2,2,1,0.9874199032783508
3147,2,2,1,4.091155529022217
3148,0,0,1,4.352178573608398
3149,1,1,1,10.849735260009766
3150,1,1,1,6.654151916503906
3151,8,8,1,6.646053314208984
3152,1,1,1,13.492706298828125
3153,1,1,1,15.198314666748047
3154,9,9,1,3.140028476715088
3155,8,8,1,14.840693473815918
3156,9,9,1,8.6483736038208
3157,9,9,1,11.722594261169434
3158,0,0,1,0.5409362316131592
3159,2,2,1,6.48153018951416
3160,6,6,1,6.781206130981445
3161,9,9,1,11.656394004821777
3162,1,1,1,4.452985763549805
3163,9,9,1,8.292685508728027
3164,0,0,1,5.161654472351074
3165,1,1,1,0.9962546825408936
3166,9,9,1,6.061397552490234
3167,2,2,1,5.042621612548828
3168,9,8,0,-0.32245251536369324
3169,9,9,1,7.720364570617676
3170,9,9,1,6.682896614074707
3171,0,0,1,2.2196173667907715
3172,9,9,1,7.777789115905762
3173,9,9,1,8.828849792480469
3174,2,2,1,1.1333614587783813
3175,1,1,1,11.816631317138672
3176,7,7,1,7.506772041320801
3177,0,0,1,5.61712121963501
3178,5,5,1,10.86778736114502
3179,6,3,0,2.7026233673095703
3180,3,5,0,1.0430771112442017
3181,9,9,1,-0.3781910538673401
3182,8,8,1,10.416553497314453
3183,3,5,0,1.115938425064087
3184,0,0,1,3.1407666206359863
3185,2,2,1,1.8751989603042603
3186,7,4,0,0.1618974357843399
3187,7,7,1,10.622074127197266
3188,4,4,1,3.437016010284424
3189,8,8,1,2.1732404232025146
3190,3,3,1,4.89222526550293
3191,0,0,1,-1.0005742311477661
3192,5,4,0,2.4686739444732666
3193,2,2,1,8.624252319335938
3194,3,3,1,1.6572679281234741
3195,5,5,1,6.3333048820495605
3196,7,7,1,15.80671501159668
3197,6,6,1,8.069097518920898
3198,6,6,1,4.801873207092285
3199,6,6,1,9.786264419555664
3200,5,5,1,8.425389289855957
3201,6,6,1,4.224203586578369
3202,5,3,0,3.597343683242798
3203,4,4,1,6.70223331451416
3204,5,5,1,5.010896682739258
3205,8,8,1,6.48939323425293
3206,8,8,1,5.431419372558594
3207,0,9,0,0.8432613015174866
3208,9,9,1,5.734328269958496
3209,7,3,0,1.2403666973114014
3210,9,9,1,11.340709686279297
3211,0,3,0,-0.1509813517332077
3212,6,6,1,5.143719673156738
3213,9,9,1,7.965925216674805
3214,6,6,1,3.0820741653442383
3215,1,1,1,6.931657314300537
3216,4,4,1,3.6041691303253174
3217,7,7,1,9.262228965759277
3218,9,1,0,1.4761985540390015
3219,0,0,1,4.538045883178711
3220,3,5,0,0.7947213649749756
3221,5,5,1,4.301570892333984
3222,4,4,1,8.385095596313477
3223,7,7,1,10.480690002441406
3224,6,6,1,7.971757888793945
3225,9,9,1,8.552104949951172
3226,8,8,1,4.478422164916992
3227,2,2,1,3.9724316596984863
3228,3,3,1,0.648533284664154
3229,9,9,1,0.3798182010650635
3230,3,3,1,8.203627586364746
3231,3,5,0,1.3241703510284424
3232,7,7,1,5.963378429412842
3233,8,8,1,12.363144874572754
3234,3,3,1,3.7266557216644287
3235,5,5,1,5.387496471405029
3236,5,3,0,1.100208044052124
3237,9,9,1,6.844389915466309
3238,6,2,0,0.7367326617240906
3239,1,1,1,16.121801376342773
3240,4,3,0,1.520540714263916
3241,7,7,1,13.807126998901367
3242,4,4,1,5.118964672088623
3243,8,8,1,4.662938594818115
3244,7,7,1,10.683931350708008
3245,7,7,1,10.628494262695312
3246,1,1,1,4.214288234710693
3247,3,3,1,2.0002081394195557
3248,0,0,1,6.746610641479492
3249,3,3,1,0.8961792588233948
3250,2,2,1,5.867929935455322
3251,5,5,1,5.101843357086182
3252,4,4,1,3.5322468280792236
3253,9,9,1,3.954368829727173
3254,3,3,1,3.916208505630493
3255,5,5,1,2.876774787902832
3256,4,4,1,8.729660987854004
3257,7,3,0,0.27195975184440613
3258,0,0,1,4.964345455169678
3259,3,3,1,6.324609756469727
3260,7,7,1,10.104177474975586
3261,0,0,1,3.7599172592163086
3262,2,2,1,4.31613826751709
3263,1,1,1,0.9484191536903381
3264,5,7,0,-0.11212407052516937
3265,8,8,1,8.311274528503418
3266,7,7,1,2.4657351970672607
3267,3,3,1,7.0668134689331055
3268,5,5,1,6.487477779388428
3269,7,7,1,10.926689147949219
3270,8,8,1,4.577208042144775
3271,5,5,1,10.203755378723145
3272,7,7,1,2.211458206176758
3273,8,8,1,2.6576919555664062
3274,1,1,1,14.004706382751465
3275,5,5,1,0.8546702861785889
3276,4,4,1,9.459440231323242
3277,7,7,1,7.227388858795166
3278,0,0,1,4.2094645500183105
3279,8,8,1,8.548476219177246
3280,3,3,1,4.635062217712402
3281,2,2,1,6.809342384338379
3282,9,9,1,5.58656120300293
3283,7,7,1,7.375240325927734
3284,4,4,1,9.81148910522461
3285,1,9,0,-0.3972489833831787
3286,6,6,1,13.038713455200195
3287,5,5,1,8.111988067626953
3288,9,9,1,17.125659942626953
3289,8,8,1,12.04969596862793
3290,5,5,1,6.1017560958862305
3291,5,5,1,7.734241485595703
3292,4,4,1,10.902992248535156
3293,1,1,1,14.232118606567383
3294,0,0,1,4.56397008895874
3295,9,9,1,9.004250526428223
3296,4,4,1,6.3569817543029785
3297,4,5,0,1.711379885673523
3298,3,3,1,2.1128346920013428
3299,0,0,1,5.269467353820801
3300,4,4,1,11.233294486999512
3301,8,8,1,2.617375373840332
3302,0,0,1,5.171327590942383
3303,8,8,1,4.846773147583008
3304,2,2,1,1.4096355438232422
3305,9,9,1,11.24454402923584
3306,5,4,0,0.6293862462043762
3307,9,9,1,4.152541637420654
3308,7,7,1,3.888242244720459
3309,4,4,1,4.257896423339844
3310,6,6,1,6.102938175201416
3311,7,7,1,3.6869254112243652
3312,9,5,0,0.7002171277999878
3313,2,2,1,8.123739242553711
3314,9,1,0,2.790680408477783
3315,3,3,1,0.9274911284446716
3316,7,7,1,12.520381927490234
3317,7,7,1,10.341911315917969
3318,8,8,1,4.462658405303955
3319,2,2,1,1.6347936391830444
3320,2,9,0,-0.6493756771087646
3321,0,3,0,1.2326114177703857
3322,2,2,1,3.0370590686798096
3323,5,5,1,5.967663764953613
3324,3,3,1,0.7526000738143921
3325,6,6,1,3.397902250289917
3326,4,4,1,5.851874351501465
3327,7,4,0,1.9298596382141113
3328,2,2,1,0.7447207570075989
3329,3,3,1,3.0168581008911133
3330,7,7,1,6.14598274230957
3331,8,8,1,6.412461757659912
3332,7,7,1,6.828183174133301
3333,2,2,1,5.303503513336182
3334,5,3,0,2.3626868724823
3335,0,0,1,5.328588485717773
3336,0,9,0,1.0906087160110474
3337,7,7,1,4.770204544067383
3338,0,0,1,4.270275592803955
3339,9,9,1,5.0802001953125
3340,6,6,1,6.518998146057129
3341,1,1,1,12.246330261230469
3342,0,8,0,0.936716616153717
3343,3,2,0,1.8772869110107422
3344,9,9,1,4.946017265319824
3345,7,7,1,15.53042984008789
3346,4,4,1,0.31215620040893555
3347,9,9,1,2.768955707550049
3348,1,1,1,3.1650776863098145
3349,6,6,1,4.181418418884277
3350,8,8,1,9.5709867477417
3351,1,1,1,14.915714263916016
3352,2,2,1,4.031458377838135
3353,3,3,1,7.59507942199707
3354,3,3,1,0.5456542372703552
3355,5,5,1,1.3614436388015747
3356,4,2,0,2.711050271987915
3357,8,8,1,1.3217252492904663
3358,9,9,1,1.315125584602356
3359,7,7,1,2.4787964820861816
3360,4,3,0,0.634486973285675
3361,4,4,1,4.450305938720703
3362,1,1,1,12.694005966186523
3363,2,1,0,-0.8916757106781006
3364,4,4,1,4.228495121002197
3365,9,9,1,2.179518938064575
3366,8,8,1,1.7152972221374512
3367,7,7,1,2.80456805229187
3368,9,9,1,10.386210441589355
3369,5,5,1,9.397279739379883
3370,1,1,1,11.156269073486328
3371,2,2,1,4.0005927085876465
3372,1,1,1,11.096173286437988
3373,6,3,0,1.6360092163085938
3374,6,6,1,11.739768981933594
3375,4,3,0,2.536566972732544
3376,5,5,1,8.404081344604492
3377,7,7,1,13.427315711975098
3378,4,4,1,8.453767776489258
3379,5,5,1,1.422716498374939
3380,8,8,1,10.969508171081543
3381,5,3,0,4.84539794921875
3382,2,4,0,5.256503582000732
3383,8,8,1,6.952203750610352
3384,7,7,1,6.479256629943848
3385,8,8,1,5.374719619750977
3386,2,2,1,6.345705032348633
3387,3,3,1,0.976754367351532
3388,6,6,1,5.940370559692383
3389,1,1,1,14.934722900390625
3390,3,3,1,1.3234624862670898
3391,3,3,1,0.5367282629013062
3392,1,9,0,5.920091152191162
3393,5,5,1,8.587821006774902
3394,1,1,1,13.96041488647461
3395,9,9,1,9.686758995056152
3396,0,0,1,6.077631950378418
3397,9,9,1,11.307613372802734
3398,2,2,1,7.513758659362793
3399,0,0,1,4.236276149749756
3400,6,9,0,1.1220213174819946
3401,2,2,1,0.4077099561691284
3402,4,4,1,4.326904773712158
3403,8,8,1,9.63754940032959
3404,5,5,1,12.238932609558105
3405,7,7,1,7.870650291442871
3406,6,6,1,10.617630004882812
3407,1,1,1,13.712669372558594
3408,2,2,1,6.777144432067871
3409,9,9,1,12.693575859069824
3410,4,4,1,6.123584747314453
3411,5,5,1,2.81630277633667
3412,0,0,1,4.852594375610352
3413,3,3,1,3.49381422996521
3414,3,7,0,-0.4599182605743408
3415,7,7,1,5.4570841789245605
3416,7,0,0,-0.1428498923778534
3417,7,7,1,4.504668235778809
3418,1,1,1,7.648076057434082
3419,4,4,1,5.394224166870117
3420,5,5,1,2.2749838829040527
3421,0,0,1,5.261312007904053
3422,2,2,1,-1.334029197692871
3423,8,8,1,8.61481761932373
3424,5,5,1,11.017297744750977
3425,0,0,1,4.650688648223877
3426,0,0,1,6.150821208953857
3427,6,6,1,5.553344249725342
3428,2,2,1,3.1225273609161377
3429,0,2,0,5.2599077224731445
3430,8,8,1,9.027453422546387
3431,4,4,1,9.783393859863281
3432,5,5,1,11.211899757385254
3433,4,4,1,0.16207490861415863
3434,5,5,1,7.933732986450195
3435,6,6,1,10.839791297912598
3436,4,4,1,2.479475975036621
3437,7,7,1,18.797639846801758
3438,9,9,1,16.44759178161621
3439,4,6,0,2.328702688217163
3440,2,2,1,2.8286666870117188
3441,0,0,1,5.636094093322754
3442,6,6,1,4.685933589935303
3443,4,2,0,4.147164344787598
3444,0,2,0,2.5737833976745605
3445,0,0,1,9.966581344604492
3446,6,6,1,1.706851840019226
3447,4,4,1,8.772065162658691
3448,6,6,1,3.7264320850372314
3449,1,1,1,8.537310600280762
3450,9,1,0,7.050148010253906
3451,5,5,1,5.537199020385742
3452,5,5,1,6.264204502105713
3453,2,2,1,3.5588464736938477
3454,2,2,1,4.723121643066406
3455,6,6,1,5.972935676574707
3456,3,3,1,10.051021575927734
3457,4,4,1,6.714069843292236
3458,5,5,1,8.621627807617188
3459,9,2,0,-1.2921900749206543
3460,1,1,1,15.95645809173584
3461,7,3,0,1.8251852989196777
3462,2,2,1,2.9067649841308594
3463,3,4,0,-0.9519624710083008
3464,9,9,1,10.806509971618652
3465,6,6,1,8.10055160522461
3466,5,5,1,1.9708400964736938
3467,0,0,1,5.313575744628906
3468,2,2,1,4.1867241859436035
3469,9,9,1,5.712777137756348
3470,7,7,1,4.340085983276367
3471,1,1,1,10.827065467834473
3472,7,7,1,0.16063730418682098
3473,2,2,1,8.805380821228027
3474,2,2,1,2.9080257415771484
3475,0,0,1,3.7639825344085693
3476,8,3,0,-1.3713959455490112
3477,6,6,1,9.45164680480957
3478,4,4,1,10.034900665283203
3479,3,3,1,4.722089767456055
3480,2,2,1,4.06149435043335
3481,7,7,1,8.072428703308105
3482,7,7,1,4.545819282531738
3483,0,0,1,5.063577651977539
3484,4,4,1,5.017054557800293
3485,1,1,1,4.944151878356934
3486,6,6,1,4.932502269744873
3487,5,5,1,5.817928791046143
3488,1,1,1,6.377430438995361
3489,3,3,1,3.2780814170837402
3490,0,0,1,0.42690348625183105
3491,3,3,1,3.987762212753296
3492,9,9,1,2.3556437492370605
3493,0,0,1,5.998799800872803
3494,0,0,1,-2.078223705291748
3495,2,2,1,3.905158281326294
3496,5,2,0,1.0461143255233765
3497,0,0,1,3.8091390132904053
3498,4,4,1,3.608288049697876
3499,0,0,1,9.655447006225586
3500,1,1,1,3.0014281272888184
3501,9,9,1,4.447665214538574
3502,8,8,1,5.952625274658203
3503,4,3,0,1.4039052724838257
3504,9,9,1,13.360278129577637
3505,4,4,1,8.768433570861816
3506,2,2,1,7.217332363128662
3507,4,4,1,9.40255355834961
3508,3,3,1,4.209224224090576
3509,3,3,1,4.144427299499512
3510,4,4,1,4.858893394470215
3511,0,0,1,3.516115427017212
3512,4,2,0,2.1758813858032227
3513,3,3,1,2.3799471855163574
3514,2,5,0,3.230295419692993
3515,8,8,1,12.188065528869629
3516,9,9,1,7.110638618469238
3517,1,1,1,0.5548357963562012
3518,5,5,1,6.698874473571777
3519,8,8,1,2.0396432876586914
3520,1,1,1,15.700945854187012
3521,8,8,1,12.341164588928223
3522,2,2,1,1.5545099973678589
3523,4,4,1,4.096201419830322
3524,5,4,0,6.6940178871154785
3525,2,2,1,3.2693772315979004
3526,4,4,1,3.1305572986602783
3527,1,1,1,11.589666366577148
3528,1,1,1,13.952582359313965
3529,6,6,1,9.163031578063965
3530,6,6,1,8.887316703796387
3531,8,8,1,3.6271631717681885
3532,5,5,1,3.1456847190856934
3533,2,2,1,7.106548309326172
3534,2,3,0,1.0335662364959717
3535,5,5,1,4.180046081542969
3536,0,0,1,5.03849458694458
3537,8,8,1,5.68267822265625
3538,2,2,1,5.622189998626709
3539,3,3,1,1.973006010055542
3540,6,6,1,7.608664512634277
3541,2,2,1,1.3738495111465454
3542,9,9,1,13.070444107055664
3543,6,6,1,8.063021659851074
3544,1,1,1,5.757534503936768
3545,4,4,1,8.235862731933594
3546,5,3,0,0.8844296932220459
3547,9,9,1,6.686967849731445
3548,0,0,1,7.493730068206787
3549,1,1,1,1.663594126701355
3550,0,7,0,1.6465104818344116
3551,0,0,1,1.4634805917739868
3552,8,8,1,5.701551914215088
3553,1,1,1,6.175895690917969
3554,1,1,1,1.8130658864974976
3555,6,6,1,9.275307655334473
3556,6,6,1,6.975637912750244
3557,9,9,1,0.4814245104789734
3558,5,5,1,6.4082722663879395
3559,4,2,0,2.595862865447998
3560,1,1,1,4.118463516235352
3561,7,5,0,2.302950143814087
3562,8,8,1,9.596183776855469
3563,6,6,1,2.217661142349243
3564,9,9,1,8.523518562316895
3565,1,1,1,12.277725219726562
3566,7,7,1,12.064261436462402
3567,6,6,1,12.535524368286133
3568,0,0,1,8.21391773223877
3569,9,9,1,5.205976486206055
3570,3,3,1,1.2742877006530762
3571,5,5,1,2.396223545074463
3572,3,6,0,2.7077414989471436
3573,2,2,1,12.2245512008667
3574,5,5,1,2.849886178970337
3575,3,3,1,2.53644061088562
3576,4,4,1,14.145574569702148
3577,9,9,1,5.034158706665039
3578,7,7,1,2.309023141860962
3579,1,1,1,8.186203956604004
3580,4,4,1,3.9329659938812256
3581,4,4,1,5.547404766082764
3582,6,6,1,7.162863731384277
3583,1,1,1,8.720766067504883
3584,3,5,0,2.9687905311584473
3585,8,8,1,9.858016014099121
3586,8,8,1,10.82022762298584
3587,0,0,1,0.5541253089904785
3588,6,6,1,4.058970928192139
3589,7,7,1,13.840751647949219
3590,7,7,1,0.3306232690811157
3591,6,6,1,7.913668155670166
3592,7,7,1,14.370894432067871
3593,2,2,1,-0.34330064058303833
3594,3,5,0,2.7211365699768066
3595,2,7,0,2.263183355331421
3596,2,6,0,0.611696720123291
3597,6,6,1,0.20738260447978973
3598,2,2,1,11.512333869934082
3599,7,7,1,9.502028465270996
3600,4,3,0,3.022075653076172
3601,0,3,0,1.8578126430511475
3602,3,3,1,2.1037189960479736
3603,6,6,1,2.6027333736419678
3604,2,2,1,5.820774078369141
3605,6,6,1,9.396056175231934
3606,3,3,1,4.279367446899414
3607,3,5,0,-0.7051786184310913
3608,0,9,0,6.389814853668213
3609,9,9,1,1.8375463485717773
3610,5,5,1,4.334467887878418
3611,1,1,1,10.133720397949219
3612,1,1,1,7.7765069007873535
3613,5,5,1,4.673750877380371
3614,3,3,1,5.513132095336914
3615,6,2,0,2.336338520050049
3616,4,2,0,1.0648406744003296
3617,3,3,1,3.4841983318328857
3618,4,4,1,2.093224287033081
3619,1,1,1,7.563518524169922
3620,0,0,1,8.58427906036377
3621,4,3,0,-0.07909134775400162
3622,5,3,0,2.2769362926483154
3623,5,5,1,9.873988151550293
3624,2,4,0,3.384124994277954
3625,8,0,0,3.6973559856414795
3626,9,9,1,4.921111106872559
3627,4,4,1,0.8213388919830322
3628,3,3,1,4.240901947021484
3629,1,1,1,2.0090978145599365
3630,8,8,1,4.824793338775635
3631,0,0,1,1.6889373064041138
3632,1,0,0,1.3536734580993652
3633,3,3,1,6.155416011810303
3634,3,3,1,6.361649990081787
3635,4,4,1,3.8098831176757812
3636,4,5,0,0.27035051584243774
3637,2,2,1,2.1703009605407715
3638,9,1,0,4.256845951080322
3639,7,7,1,4.385180473327637
3640,6,6,1,5.754790306091309
3641,8,8,1,9.969040870666504
3642,1,1,1,13.839054107666016
3643,8,8,1,6.63493537902832
3644,9,9,1,7.4405059814453125
3645,1,9,0,5.3757853507995605
3646,3,5,0,3.1229236125946045
3647,1,1,1,1.338433861732483
3648,7,7,1,9.552803993225098
3649,3,3,1,10.662663459777832
3650,0,0,1,2.5768799781799316
3651,0,0,1,5.907610893249512
3652,2,2,1,6.561082363128662
3653,8,8,1,1.4302897453308105
3654,3,3,1,2.2247185707092285
3655,9,9,1,3.6270458698272705
3656,2,2,1,6.122875690460205
3657,7,7,1,7.671994686126709
3658,2,2,1,5.828147888183594
3659,6,6,1,9.879197120666504
3660,0,0,1,6.825153350830078
3661,1,1,1,13.772547721862793
3662,6,6,1,1.4988871812820435
3663,1,1,1,15.131807327270508
3664,6,6,1,11.514616966247559
3665,7,7,1,11.485143661499023
3666,5,5,1,9.975316047668457
3667,5,5,1,8.621321678161621
3668,2,2,1,2.7410943508148193
3669,5,3,0,3.6127853393554688
3670,9,9,1,5.038521766662598
3671,4,4,1,11.60580825805664
3672,0,0,1,6.195930004119873
3673,2,2,1,3.7093164920806885
3674,3,3,1,4.916999816894531
3675,4,4,1,14.019372940063477
3676,9,9,1,2.3670220375061035
3677,4,4,1,2.561582565307617
3678,1,1,1,15.433878898620605
3679,0,0,1,2.624737024307251
3680,0,5,0,-0.6340996623039246
3681,2,2,1,6.413475513458252
3682,3,3,1,2.896296739578247
3683,8,8,1,0.982905924320221
3684,9,9,1,10.772931098937988
3685,2,2,1,7.7423224449157715
3686,8,8,1,8.246306419372559
3687,9,9,1,9.543530464172363
3688,5,5,1,2.7375361919403076
3689,7,7,1,3.149508237838745
3690,9,9,1,7.9748101234436035
3691,1,1,1,14.847394943237305
3692,4,4,1,1.0039697885513306
3693,6,6,1,7.502316474914551
3694,2,2,1,10.155263900756836
3695,8,8,1,1.969810128211975
3696,4,5,0,-1.3091026544570923
3697,4,4,1,3.334991455078125
3698,8,8,1,12.367647171020508
3699,9,9,1,14.1087007522583
3700,3,3,1,4.947652816772461
3701,1,1,1,10.147254943847656
3702,1,8,0,0.6046062707901001
3703,6,6,1,0.6892553567886353
3704,5,4,0,0.41502782702445984
3705,8,8,1,0.2123849242925644
3706,4,4,1,2.107942819595337
3707,6,6,1,3.1933748722076416
3708,4,2,0,-1.8551915884017944
3709,5,5,1,8.728161811828613
3710,2,2,1,2.4883711338043213
3711,6,6,1,1.363792061805725
3712,4,4,1,8.544629096984863
3713,2,3,0,-0.5345251560211182
3714,3,4,0,0.6617797017097473
3715,1,1,1,4.258393287658691
3716,3,3,1,-1.0232207775115967
3717,6,6,1,1.3207457065582275
3718,8,8,1,7.453628063201904
3719,5,5,1,5.778042793273926
3720,2,2,1,4.619897842407227
3721,2,2,1,3.249776840209961
3722,7,7,1,15.85507583618164
3723,1,1,1,16.739500045776367
3724,6,6,1,0.3978554308414459
3725,2,2,1,5.896734714508057
3726,5,7,0,0.0036583966575562954
3727,9,9,1,10.118318557739258
3728,2,3,0,3.727734088897705
3729,8,8,1,14.497147560119629
3730,1,1,1,9.38546371459961
3731,6,6,1,1.821241855621338
3732,9,9,1,12.452617645263672
3733,2,2,1,1.9785581827163696
3734,7,7,1,18.905155181884766
3735,5,5,1,2.070688247680664
3736,3,3,1,3.596527576446533
3737,2,2,1,10.168072700500488
3738,9,9,1,13.001208305358887
3739,7,7,1,7.134702682495117
3740,0,0,1,6.26222038269043
3741,2,2,1,1.8548027276992798
3742,9,9,1,5.46840763092041
3743,3,3,1,4.517420768737793
3744,4,7,0,6.649526119232178
3745,1,1,1,6.179449081420898
3746,7,7,1,10.778347969055176
3747,9,9,1,7.799590110778809
3748,5,5,1,9.219398498535156
3749,8,8,1,8.544331550598145
3750,9,9,1,4.599661350250244
3751,7,7,1,7.813665390014648
3752,3,5,0,1.0567163228988647
3753,4,3,0,0.27487337589263916
3754,0,0,1,8.976202964782715
3755,9,1,0,5.61012601852417
3756,7,7,1,9.185317993164062
3757,4,0,0,0.01025448739528656
3758,2,2,1,2.7305452823638916
3759,4,4,1,5.748348236083984
3760,7,7,1,5.247716903686523
3761,0,0,1,2.6309330463409424
3762,1,9,0,2.2809481620788574
3763,8,8,1,9.970864295959473
3764,1,1,1,8.520675659179688
3765,0,0,1,4.737489223480225
3766,4,4,1,7.6665849685668945
3767,6,6,1,9.968058586120605
3768,1,1,1,6.882176399230957
3769,9,9,1,3.978503704071045
3770,9,9,1,4.4643402099609375
3771,2,2,1,2.613748073577881
3772,1,1,1,4.841500282287598
3773,2,5,0,1.1421663761138916
3774,5,3,0,0.9847955107688904
3775,6,6,1,5.377971649169922
3776,9,9,1,6.243465423583984
3777,7,7,1,8.156538009643555
3778,7,4,0,4.324935436248779
3779,3,2,0,-1.1257683038711548
3780,4,4,1,4.85279655456543
3781,2,2,1,10.457452774047852
3782,0,0,1,3.7050082683563232
3783,2,2,1,4.549443244934082
3784,5,5,1,8.21102237701416
3785,6,2,0,1.639583945274353
3786,7,7,1,14.158340454101562
3787,3,4,0,1.4668744802474976
3788,7,7,1,5.329549789428711
3789,9,3,0,-0.3770364820957184
3790,4,4,1,9.373764991760254
3791,2,2,1,6.44572114944458
3792,0,0,1,5.218796253204346
3793,6,6,1,6.588217735290527
3794,1,1,1,13.638545989990234
3795,7,7,1,8.546873092651367
3796,5,5,1,9.180218696594238
3797,6,6,1,6.604076385498047
3798,5,5,1,2.579202651977539
3799,3,5,0,1.082572340965271
3800,9,9,1,4.426512718200684
3801,2,0,0,6.789931297302246
3802,7,7,1,8.496395111083984
3803,8,8,1,1.436100721359253
3804,5,5,1,7.193474769592285
3805,9,9,1,7.185354232788086
3806,5,5,1,-0.10446584969758987
3807,8,8,1,0.5885376930236816
3808,5,2,0,1.4106765985488892
3809,4,4,1,7.737782955169678
3810,3,3,1,6.687135219573975
3811,7,7,1,9.809234619140625
3812,9,9,1,7.483051776885986
3813,8,8,1,6.124178409576416
3814,1,1,1,18.378368377685547
3815,2,2,1,4.293397903442383
3816,2,2,1,8.567933082580566
3817,8,8,1,6.967493534088135
3818,9,9,1,10.751847267150879
3819,3,3,1,0.9265817999839783
3820,0,0,1,7.017116546630859
3821,8,8,1,2.1495602130889893
3822,4,4,1,6.287291526794434
3823,0,0,1,2.1362974643707275
3824,2,2,1,9.222417831420898
3825,0,0,1,1.885262370109558
3826,1,1,1,13.108377456665039
3827,4,4,1,6.509490013122559
3828,1,0,0,3.748391628265381
3829,8,8,1,6.669320106506348
3830,5,5,1,8.999484062194824
3831,5,5,1,2.8922252655029297
3832,7,7,1,4.3553266525268555
3833,9,9,1,1.3058665990829468
3834,8,8,1,1.9390997886657715
3835,3,7,0,0.5014708042144775
3836,7,7,1,8.771536827087402
3837,9,9,1,11.97890567779541
3838,1,1,1,10.107259750366211
3839,5,5,1,10.150864601135254
3840,6,6,1,2.189263105392456
3841,9,9,1,6.098484992980957
3842,8,8,1,0.8635347485542297
3843,7,7,1,5.754114627838135
3844,2,2,1,5.490819931030273
3845,0,0,1,4.401666641235352
3846,9,9,1,5.908557415008545
3847,0,0,1,5.801086902618408
3848,8,8,1,8.627161979675293
3849,5,5,1,3.0018062591552734
3850,9,9,1,5.582524299621582
3851,4,4,1,4.306643009185791
3852,2,2,1,3.9193825721740723
3853,9,9,1,1.5187183618545532
3854,8,8,1,6.250820159912109
3855,1,1,1,12.707250595092773
3856,9,9,1,7.033070087432861
3857,1,1,1,15.123395919799805
3858,8,8,1,2.6594555377960205
3859,3,3,1,7.1429643630981445
3860,7,7,1,12.24096393585205
3861,6,4,0,-0.06206647679209709
3862,4,3,0,0.27168670296669006
3863,2,2,1,6.902193069458008
3864,3,3,1,2.7695817947387695
3865,7,7,1,16.343807220458984
3866,0,0,1,4.106236457824707
3867,3,5,0,7.800151348114014
3868,5,5,1,5.420284271240234
3869,8,8,1,7.466550350189209
3870,8,8,1,4.784767150878906
3871,8,8,1,8.836834907531738
3872,7,7,1,-0.38494253158569336
3873,9,3,0,0.9504079222679138
3874,6,6,1,11.45744800567627
3875,2,2,1,8.017156600952148
3876,7,7,1,3.5968363285064697
3877,4,4,1,9.481295585632324
3878,5,5,1,1.5063315629959106
3879,7,7,1,2.6380014419555664
3880,6,4,0,0.6234467625617981
3881,7,7,1,4.4519267082214355
3882,1,1,1,4.547573089599609
3883,7,7,1,3.8363547325134277
3884,3,3,1,6.532412528991699
3885,6,6,1,2.143320322036743
3886,8,8,1,10.636122703552246
3887,2,3,0,0.11426138877868652
3888,6,6,1,8.186954498291016
3889,6,6,1,9.911354064941406
3890,7,7,1,2.8437440395355225
3891,1,1,1,5.946463108062744
3892,5,5,1,4.4781951904296875
3893,9,9,1,7.862131118774414
3894,7,7,1,5.596945762634277
3895,1,1,1,7.589498519897461
3896,7,7,1,3.8648335933685303
3897,0,0,1,4.256347179412842
3898,1,9,0,2.7055463790893555
3899,6,2,0,4.89638614654541
3900,3,3,1,1.1236830949783325
3901,3,3,1,1.920303463935852
3902,9,9,1,13.536486625671387
3903,0,8,0,2.9037725925445557
3904,1,1,1,2.854166030883789
3905,2,7,0,1.3759913444519043
3906,3,5,0,3.553361177444458
3907,2,2,1,-1.2061481475830078
3908,2,2,1,7.703802585601807
3909,5,5,1,1.1270861625671387
3910,4,4,1,10.143072128295898
3911,9,9,1,8.220528602600098
3912,8,8,1,2.3968799114227295
3913,7,4,0,1.8379888534545898
3914,4,4,1,7.542134761810303
3915,4,4,1,1.3137922286987305
3916,9,9,1,9.569543838500977
3917,7,7,1,9.972392082214355
3918,6,6,1,1.9779053926467896
3919,7,7,1,5.602285385131836
3920,7,7,1,1.2230719327926636
3921,1,9,0,4.543968200683594
3922,2,6,0,-0.48372748494148254
3923,3,7,0,1.5755201578140259
3924,5,5,1,1.5281678438186646
3925,1,1,1,9.137248992919922
3926,9,9,1,15.693178176879883
3927,0,0,1,6.5604095458984375
3928,3,3,1,2.3057892322540283
3929,3,3,1,3.516932249069214
3930,1,1,1,13.440142631530762
3931,5,5,1,13.41204833984375
3932,6,6,1,9.925286293029785
3933,6,6,1,0.8895626068115234
3934,2,2,1,5.651047706604004
3935,4,4,1,4.8111090660095215
3936,6,6,1,6.240930557250977
3937,8,8,1,4.044306755065918
3938,8,8,1,11.917417526245117
3939,9,9,1,5.083844184875488
3940,6,3,0,0.14974001049995422
3941,6,6,1,0.16592147946357727
3942,1,9,0,3.2017717361450195
3943,0,0,1,3.063112497329712
3944,7,7,1,5.188365459442139
3945,5,5,1,9.462469100952148
3946,8,8,1,11.742060661315918
3947,2,2,1,3.8985888957977295
3948,1,1,1,5.841244220733643
3949,5,6,0,0.7106430530548096
3950,8,8,1,8.33902645111084
3951,1,1,1,10.705673217773438
3952,4,4,1,6.576201915740967
3953,7,3,0,1.4624569416046143
3954,5,5,1,4.326116561889648
3955,0,0,1,4.619770050048828
3956,3,3,1,3.7666866779327393
3957,9,0,0,4.1382670402526855
3958,9,9,1,5.335602760314941
3959,5,5,1,4.491063117980957
3960,2,2,1,8.520021438598633
3961,8,8,1,6.200407028198242
3962,4,4,1,2.5425376892089844
3963,1,1,1,2.3974809646606445
3964,9,9,1,6.900436878204346
3965,0,0,1,1.5146225690841675
3966,4,4,1,4.663104057312012
3967,4,4,1,0.34042325615882874
3968,8,8,1,4.3242692947387695
3969,2,2,1,7.116433620452881
3970,9,9,1,1.7867721319198608
3971,0,0,1,6.325997829437256
3972,7,7,1,4.244941711425781
3973,9,9,1,8.182044982910156
3974,8,8,1,8.770590782165527
3975,7,7,1,12.71687126159668
3976,1,9,0,5.545416831970215
3977,3,6,0,3.456239700317383
3978,2,6,0,3.2790005207061768
3979,9,9,1,7.6112213134765625
3980,9,2,0,-1.6115385293960571
3981,5,0,0,1.2158653736114502
3982,9,9,1,11.676061630249023
3983,7,7,1,4.707645893096924
3984,6,4,0,1.6413755416870117
3985,7,7,1,12.52857494354248
3986,7,7,1,5.3531694412231445
3987,1,1,1,5.882801055908203
3988,1,9,0,1.37222158908844
3989,2,2,1,7.335669040679932
3990,4,4,1,7.014575958251953
3991,2,2,1,11.000150680541992
3992,0,0,1,5.909484386444092
3993,6,6,1,10.878385543823242
3994,8,8,1,12.82518482208252
3995,7,3,0,-0.30564725399017334
3996,6,6,1,10.790058135986328
3997,2,2,1,2.005692481994629
3998,2,2,1,8.681990623474121
3999,9,9,1,2.606142044067383
4000,8,4,0,-0.3389820456504822
4001,2,2,1,5.021553993225098
4002,4,4,1,3.3372857570648193
4003,2,0,0,4.630232810974121
4004,0,0,1,4.437501907348633
4005,5,5,1,2.4692158699035645
4006,8,8,1,0.8854405283927917
4007,6,6,1,3.9596738815307617
4008,8,8,1,5.310546875
4009,2,2,1,1.4695124626159668
4010,7,7,1,5.418944358825684
4011,7,7,1,8.17223072052002
4012,3,7,0,-0.7897787690162659
4013,1,9,0,2.83754825592041
4014,8,8,1,10.935896873474121
4015,1,1,1,13.754899978637695
4016,6,6,1,1.746303677558899
4017,5,5,1,4.003035545349121
4018,9,9,1,5.636914253234863
4019,7,7,1,5.010017395019531
4020,8,8,1,6.2267303466796875
4021,9,9,1,6.939971446990967
4022,6,6,1,5.8457112312316895
4023,4,5,0,1.8882766962051392
4024,8,8,1,7.289490699768066
4025,1,1,1,1.7929521799087524
4026,9,9,1,12.615562438964844
4027,4,4,1,5.45611047744751
4028,0,0,1,11.300415992736816
4029,4,4,1,7.535156726837158
4030,1,1,1,7.43101692199707
4031,4,4,1,3.1183786392211914
4032,3,3,1,2.50121808052063
4033,6,6,1,11.330265998840332
4034,2,2,1,11.287020683288574
4035,2,2,1,7.744619369506836
4036,7,0,0,-1.5943148136138916
4037,0,0,1,7.262444972991943
4038,0,0,1,2.139627695083618
4039,7,7,1,11.894136428833008
4040,0,0,1,6.67632532119751
4041,7,7,1,14.730939865112305
4042,4,4,1,3.479724645614624
4043,3,3,1,8.117607116699219
4044,6,6,1,1.8413074016571045
4045,7,7,1,10.1064453125
4046,7,7,1,9.103020668029785
4047,4,4,1,2.7900893688201904
4048,5,5,1,2.543715238571167
4049,4,4,1,5.9051690101623535
4050,3,3,1,5.251590728759766
4051,5,3,0,0.2415035218000412
4052,5,5,1,6.483017444610596
4053,4,4,1,2.549131155014038
4054,7,0,0,2.3478667736053467
4055,1,1,1,0.5579151511192322
4056,0,0,1,9.856338500976562
4057,7,7,1,2.557603597640991
4058,7,3,0,0.28870904445648193
4059,1,1,1,9.897903442382812
4060,6,6,1,5.495567798614502
4061,5,5,1,2.466604709625244
4062,0,0,1,6.231372833251953
4063,7,4,0,2.523550510406494
4064,7,7,1,15.235318183898926
4065,4,4,1,2.4522292613983154
4066,6,6,1,3.9780728816986084
4067,1,1,1,5.466728687286377
4068,8,8,1,9.596686363220215
4069,5,5,1,10.506092071533203
4070,9,9,1,4.656794548034668
4071,3,2,0,0.6463053822517395
4072,5,5,1,5.919163703918457
4073,6,6,1,6.121211051940918
4074,2,5,0,3.910768985748291
4075,2,2,1,5.77771520614624
4076,7,7,1,10.880487442016602
4077,3,5,0,3.523296356201172
4078,5,5,1,3.895625591278076
4079,8,8,1,10.22506046295166
4080,1,1,1,10.983922958374023
4081,0,0,1,5.155594825744629
4082,6,6,1,6.971179008483887
4083,8,8,1,5.2880473136901855
4084,7,7,1,10.461038589477539
4085,8,8,1,4.937007427215576
4086,8,8,1,2.1219820976257324
4087,5,3,0,2.0474507808685303
4088,7,7,1,5.351877212524414
4089,5,5,1,5.347309589385986
4090,4,4,1,8.33702564239502
4091,9,9,1,7.049067497253418
4092,7,7,1,6.458942413330078
4093,3,3,1,1.8328241109848022
4094,3,5,0,1.2734025716781616
4095,8,4,0,2.6942543983459473
4096,8,8,1,6.052236557006836
4097,3,3,1,0.6667266488075256
4098,9,9,1,5.674809455871582
4099,4,4,1,2.3609514236450195
4100,7,7,1,9.27995777130127
4101,2,0,0,1.2514225244522095
4102,0,0,1,4.144850254058838
4103,8,8,1,6.950130939483643
4104,0,0,1,1.6377623081207275
4105,7,7,1,9.594691276550293
4106,3,0,0,2.570652484893799
4107,3,3,1,-0.09892292320728302
4108,2,2,1,4.557953834533691
4109,5,5,1,5.010900497436523
4110,2,2,1,3.9230542182922363
4111,4,4,1,4.058962821960449
4112,4,5,0,0.7556467652320862
4113,0,0,1,7.3848443031311035
4114,4,4,1,4.477273941040039
4115,8,8,1,10.899764060974121
4116,2,2,1,4.018464088439941
4117,4,4,1,3.984781503677368
4118,0,0,1,6.944911479949951
4119,6,6,1,7.909002304077148
4120,4,4,1,9.841723442077637
4121,5,5,1,4.822405815124512
4122,6,6,1,4.811472415924072
4123,0,0,1,4.366809368133545
4124,8,8,1,5.352182388305664
4125,8,8,1,8.569371223449707
4126,0,2,0,4.05416202545166
4127,6,6,1,2.2243690490722656
4128,1,1,1,11.165435791015625
4129,1,1,1,15.088444709777832
4130,6,6,1,2.7979485988616943
4131,1,1,1,3.9955849647521973
4132,4,4,1,3.2977559566497803
4133,2,2,1,4.314683437347412
4134,1,1,1,9.598684310913086
4135,1,8,0,6.335844039916992
4136,2,2,1,9.166892051696777
4137,4,8,0,0.6792921423912048
4138,4,4,1,8.007917404174805
4139,5,5,1,1.0125898122787476
4140,5,2,0,1.4527157545089722
4141,8,8,1,9.59705638885498
4142,8,8,1,7.100907802581787
4143,5,5,1,3.2463855743408203
4144,1,1,1,3.977199077606201
4145,8,8,1,6.359951496124268
4146,2,2,1,6.385580539703369
4147,3,2,0,-0.5599262714385986
4148,3,3,1,10.391301155090332
4149,9,9,1,12.668736457824707
4150,6,6,1,6.432204723358154
4151,6,6,1,4.0228142738342285
4152,5,9,0,-0.530547022819519
4153,0,0,1,6.29011869430542
4154,7,7,1,4.528042316436768
4155,3,3,1,5.398472785949707
4156,3,3,1,7.799073219299316
4157,2,3,0,-1.2578190565109253
4158,7,7,1,5.442592144012451
4159,4,4,1,12.16411304473877
4160,5,5,1,4.861785888671875
4161,6,6,1,4.239134788513184
4162,0,0,1,3.577326774597168
4163,2,3,0,2.872413396835327
4164,1,1,1,10.551878929138184
4165,8,8,1,1.6138839721679688
4166,1,1,1,2.5437116622924805
4167,0,0,1,3.872126579284668
4168,9,9,1,6.2970685958862305
4169,3,3,1,5.145084381103516
4170,1,3,0,0.2610270082950592
4171,0,0,1,3.241395950317383
4172,5,5,1,5.4899067878723145
4173,4,4,1,3.868990421295166
4174,2,3,0,2.7820117473602295
4175,3,3,1,1.3026179075241089
4176,3,3,1,9.122773170471191
4177,6,6,1,11.726934432983398
4178,7,7,1,12.151786804199219
4179,6,6,1,4.562543869018555
4180,0,8,0,2.63043212890625
4181,0,0,1,5.083499908447266
4182,5,5,1,9.083889961242676
4183,7,7,1,13.900228500366211
4184,4,4,1,6.61150598526001
4185,7,7,1,7.970852375030518
4186,7,7,1,14.127541542053223
4187,0,0,1,0.3004259169101715
4188,6,6,1,15.332988739013672
4189,1,1,1,11.283638954162598
4190,3,3,1,-0.24915055930614471
4191,9,9,1,11.08408260345459
4192,0,0,1,2.4163358211517334
4193,9,9,1,3.495354413986206
4194,0,0,1,6.314061641693115
4195,3,3,1,5.934286594390869
4196,8,8,1,8.833569526672363
4197,4,4,1,-0.10420142114162445
4198,8,3,0,-2.8503968715667725
4199,8,8,1,8.386884689331055
4200,4,4,1,9.10353946685791
4201,1,1,1,12.989974975585938
4202,0,0,1,1.1590485572814941
4203,2,2,1,7.730540752410889
4204,2,6,0,1.344758152961731
4205,4,4,1,5.357332229614258
4206,1,1,1,13.494688034057617
4207,1,1,1,13.008427619934082
4208,2,2,1,-0.25675368309020996
4209,4,4,1,8.489585876464844
4210,3,3,1,1.6992251873016357
4211,4,4,1,10.99586009979248
4212,1,9,0,1.3635120391845703
4213,4,4,1,13.843899726867676
4214,7,7,1,12.753059387207031
4215,1,1,1,6.7991437911987305
4216,0,0,1,4.735991954803467
4217,0,2,0,0.2808103561401367
4218,9,9,1,14.383467674255371
4219,0,9,0,-1.9789791107177734
4220,4,4,1,1.683295488357544
4221,2,0,0,6.009402751922607
4222,8,8,1,9.596818923950195
4223,8,8,1,4.353672027587891
4224,5,7,0,2.6683881282806396
4225,5,5,1,10.407435417175293
4226,0,0,1,9.898029327392578
4227,4,4,1,4.445089817047119
4228,0,0,1,3.3006322383880615
4229,8,8,1,6.517062664031982
4230,6,2,0,0.8463615775108337
4231,2,2,1,8.041647911071777
4232,5,5,1,7.9419684410095215
4233,9,9,1,13.708272933959961
4234,2,2,1,7.510097980499268
4235,9,9,1,3.6135671138763428
4236,1,1,1,16.789676666259766
4237,1,1,1,6.882632255554199
4238,5,3,0,1.0518746376037598
4239,4,4,1,1.804030179977417
4240,7,7,1,8.78718376159668
4241,5,5,1,9.011148452758789
4242,8,8,1,8.907368659973145
4243,6,6,1,4.935003280639648
4244,2,4,0,1.039608359336853
4245,1,1,1,3.649240016937256
4246,5,5,1,6.702936172485352
4247,5,5,1,5.961180686950684
4248,3,3,1,4.079107284545898
4249,4,4,1,2.0823090076446533
4250,1,1,1,4.961090087890625
4251,8,0,0,3.50321626663208
4252,9,9,1,8.3001708984375
4253,9,9,1,9.670973777770996
4254,8,8,1,12.496857643127441
4255,9,9,1,0.5081349611282349
4256,8,8,1,8.020467758178711
4257,6,6,1,14.01028060913086
4258,8,8,1,7.61423921585083
4259,5,5,1,12.976530075073242
4260,8,8,1,3.472975969314575
4261,9,9,1,7.241413593292236
4262,4,4,1,7.3903303146362305
4263,6,6,1,10.944724082946777
4264,2,4,0,-0.470921128988266
4265,6,6,1,3.115551471710205
4266,3,3,1,2.8199503421783447
4267,7,7,1,8.259204864501953
4268,4,4,1,4.82046365737915
4269,0,0,1,3.4284331798553467
4270,0,0,1,5.992529392242432
4271,1,1,1,11.379676818847656
4272,7,7,1,9.504474639892578
4273,5,5,1,3.040530204772949
4274,1,1,1,6.084244728088379
4275,5,2,0,1.2459546327590942
4276,9,1,0,4.541228294372559
4277,3,3,1,0.9313810467720032
4278,1,1,1,21.709081649780273
4279,6,6,1,7.34433650970459
4280,8,0,0,2.9514071941375732
4281,7,7,1,1.650923490524292
4282,3,3,1,1.101488471031189
4283,6,6,1,2.4609897136688232
4284,9,9,1,14.670210838317871
4285,1,1,1,3.4716014862060547
4286,2,2,1,6.82490873336792
4287,0,3,0,-1.080588459968567
4288,1,1,1,10.227914810180664
4289,7,7,1,5.84666633605957
4290,2,2,1,5.678149700164795
4291,6,6,1,6.266420841217041
4292,1,1,1,14.388232231140137
4293,9,9,1,6.508151054382324
4294,0,0,1,2.933109998703003
4295,0,0,1,5.145883083343506
4296,8,1,0,1.1952183246612549
4297,9,9,1,6.005973815917969
4298,9,9,1,5.495670318603516
4299,2,2,1,2.6294593811035156
4300,8,8,1,5.566069602966309
4301,6,6,1,2.2549474239349365
4302,2,5,0,4.402918815612793
4303,5,5,1,6.12495756149292
4304,6,6,1,1.443570852279663
4305,0,0,1,4.9732441902160645
4306,3,5,0,0.5657959580421448
4307,3,3,1,4.575716018676758
4308,0,0,1,-1.6947704553604126
4309,7,5,0,0.725540041923523
4310,4,4,1,9.688124656677246
4311,7,7,1,14.647348403930664
4312,5,5,1,0.7045090198516846
4313,0,5,0,0.8758638501167297
4314,1,1,1,21.048593521118164
4315,6,6,1,3.7556421756744385
4316,8,8,1,4.559920310974121
4317,8,8,1,10.228877067565918
4318,1,1,1,12.420785903930664
4319,2,2,1,8.974035263061523
4320,1,0,0,1.0756100416183472
4321,5,5,1,10.083745956420898
4322,4,7,0,4.721385478973389
4323,5,5,1,2.203616142272949
4324,9,9,1,6.955992221832275
4325,6,6,1,5.539521217346191
4326,7,7,1,5.612938404083252
4327,1,1,1,9.548742294311523
4328,0,0,1,8.178573608398438
4329,6,6,1,6.390994548797607
4330,9,9,1,10.824999809265137
4331,2,2,1,4.45877742767334
4332,7,4,0,5.369050025939941
4333,7,7,1,3.640449047088623
4334,3,3,1,4.933666229248047
4335,9,9,1,3.560723304748535
4336,9,9,1,9.355134010314941
4337,1,1,1,2.3601627349853516
4338,9,9,1,5.410752296447754
4339,7,7,1,16.36586570739746
4340,0,0,1,6.799851894378662
4341,1,1,1,7.623802185058594
4342,3,3,1,7.798744201660156
4343,5,5,1,4.957671165466309
4344,4,4,1,6.630400657653809
4345,6,6,1,7.8195719718933105
4346,3,9,0,0.6063774824142456
4347,8,8,1,5.325624465942383
4348,8,8,1,5.508890151977539
4349,0,0,1,6.717947959899902
4350,4,4,1,3.903423547744751
4351,8,8,1,12.177617073059082
4352,3,4,0,1.4438388347625732
4353,6,6,1,8.004510879516602
4354,7,7,1,5.992359638214111
4355,0,6,0,1.6089768409729004
4356,0,0,1,8.986000061035156
4357,4,3,0,0.691953718662262
4358,5,5,1,4.489995956420898
4359,2,0,0,0.40401098132133484
4360,6,6,1,6.337160110473633
4361,8,8,1,6.998627662658691
4362,4,4,1,9.19803237915039
4363,9,9,1,9.759210586547852
4364,9,9,1,5.198909759521484
4365,9,9,1,9.516213417053223
4366,2,4,0,1.2985554933547974
4367,0,0,1,2.031243085861206
4368,4,4,1,5.566949844360352
4369,2,2,1,5.8629841804504395
4370,8,8,1,10.000993728637695
4371,1,1,1,18.021451950073242
4372,1,1,1,11.5556640625
4373,0,0,1,0.7468779683113098
4374,0,0,1,6.585798263549805
4375,3,7,0,0.28797757625579834
4376,7,7,1,3.130403757095337
4377,4,4,1,4.681832313537598
4378,1,1,1,5.127068519592285
4379,1,1,1,9.950987815856934
4380,9,9,1,4.850666522979736
4381,7,5,0,2.9074740409851074
4382,7,7,1,9.38883113861084
4383,4,4,1,4.1293416023254395
4384,6,6,1,5.049439430236816
4385,8,8,1,3.909191131591797
4386,6,6,1,6.448477268218994
4387,0,0,1,4.855221271514893
4388,2,5,0,0.018330713734030724
4389,8,8,1,10.620077133178711
4390,5,5,1,8.06639575958252
4391,3,3,1,0.9693281054496765
4392,5,5,1,8.071148872375488
4393,3,3,1,4.804110050201416
4394,5,5,1,9.172255516052246
4395,7,7,1,13.579370498657227
4396,9,9,1,5.3947601318359375
4397,8,8,1,8.490545272827148
4398,4,4,1,-0.011305015534162521
4399,4,4,1,6.7478485107421875
4400,3,3,1,4.663650989532471
4401,1,1,1,2.5550284385681152
4402,4,4,1,5.474813938140869
4403,8,8,1,5.136011123657227
4404,3,4,0,-0.26024410128593445
4405,6,6,1,6.641151428222656
4406,5,5,1,2.4267020225524902
4407,3,3,1,4.567947864532471
4408,0,0,1,3.2376208305358887
4409,8,1,0,-0.6664681434631348
4410,9,9,1,4.314285755157471
4411,5,5,1,4.245367527008057
4412,7,7,1,6.2443013191223145
4413,6,6,1,5.960122108459473
4414,2,2,1,5.461680889129639
4415,0,0,1,2.845669984817505
4416,4,4,1,4.2941155433654785
4417,9,9,1,11.11379623413086
4418,9,9,1,3.6730010509490967
4419,0,0,1,4.588314533233643
4420,5,7,0,5.06543493270874
4421,2,2,1,4.82940673828125
4422,3,3,1,2.8789045810699463
4423,6,3,0,2.0673160552978516
4424,1,1,1,8.487828254699707
4425,1,1,1,3.2038376331329346
4426,0,0,1,8.253596305847168
4427,2,2,1,4.313900470733643
4428,8,8,1,0.7063718438148499
4429,2,2,1,0.8580361604690552
4430,1,1,1,15.885346412658691
4431,1,8,0,3.070697546005249
4432,7,7,1,9.493507385253906
4433,5,5,1,8.28208065032959
4434,2,2,1,8.695717811584473
4435,3,3,1,1.2842167615890503
4436,4,2,0,0.7610583305358887
4437,1,1,1,9.13825798034668
4438,2,3,0,-0.6111140251159668
4439,9,9,1,5.675591945648193
4440,2,2,1,7.921873092651367
4441,1,1,1,3.944593906402588
4442,3,9,0,-0.18432773649692535
4443,4,4,1,3.383107900619507
4444,8,8,1,13.250252723693848
4445,9,9,1,10.828362464904785
4446,0,1,0,2.3234446048736572
4447,0,8,0,1.1180243492126465
4448,4,4,1,1.439281940460205
4449,9,9,1,7.732490539550781
4450,0,0,1,4.455718994140625
4451,2,2,1,1.3717519044876099
4452,2,2,1,0.9129709601402283
4453,0,0,1,2.8336005210876465
4454,6,6,1,13.351518630981445
4455,8,8,1,13.255537986755371
4456,7,7,1,10.074953079223633
4457,3,5,0,4.415060043334961
4458,3,3,1,1.614762783050537
4459,8,8,1,12.245892524719238
4460,9,9,1,7.442702770233154
4461,0,0,1,6.3353776931762695
4462,2,2,1,6.864529132843018
4463,5,5,1,0.5238683819770813
4464,3,3,1,5.342029094696045
4465,6,6,1,5.8316240310668945
4466,1,1,1,14.37557315826416
4467,3,3,1,6.308951377868652
4468,9,9,1,5.874946117401123
4469,5,5,1,2.1615328788757324
4470,0,0,1,4.71073055267334
4471,5,5,1,6.680149078369141
4472,4,4,1,8.436339378356934
4473,4,4,1,5.9199910163879395
4474,0,0,1,1.097281813621521
4475,1,1,1,7.720523834228516
4476,1,0,0,0.02541998028755188
4477,6,6,1,-0.8168374300003052
4478,1,1,1,8.890792846679688
4479,7,7,1,7.654596328735352
4480,9,9,1,8.862622261047363
4481,9,9,1,6.338033199310303
4482,6,6,1,11.582228660583496
4483,2,6,0,3.4093568325042725
4484,4,4,1,13.092823028564453
4485,3,7,0,2.92864727973938
4486,8,1,0,1.3810616731643677
4487,3,3,1,1.7626785039901733
4488,4,4,1,6.440836429595947
4489,7,7,1,9.514206886291504
4490,0,0,1,2.4344935417175293
4491,2,2,1,2.7067325115203857
4492,8,1,0,0.22156652808189392
4493,4,4,1,6.585795879364014
4494,8,8,1,6.712355613708496
4495,3,4,0,3.1994879245758057
4496,8,8,1,10.67444133758545
4497,8,8,1,7.821828365325928
4498,8,8,1,12.798979759216309
4499,3,3,1,2.8723361492156982
4500,3,3,1,1.8604202270507812
4501,5,5,1,4.801759719848633
4502,7,7,1,14.176993370056152
4503,7,3,0,0.24799759685993195
4504,0,0,1,1.7572022676467896
4505,4,4,1,7.226341247558594
4506,1,1,1,3.1814255714416504
4507,5,5,1,2.876845598220825
4508,9,0,0,0.26779496669769287
4509,7,7,1,5.9219818115234375
4510,0,0,1,8.160213470458984
4511,6,6,1,9.38504409790039
4512,8,8,1,7.149984836578369
4513,4,4,1,4.017755031585693
4514,9,9,1,6.960585594177246
4515,0,0,1,4.769613742828369
4516,1,1,1,7.764372825622559
4517,8,8,1,12.697543144226074
4518,9,9,1,4.538401126861572
4519,6,3,0,1.369783878326416
4520,3,3,1,0.23214147984981537
4521,9,9,1,4.879687309265137
4522,2,2,1,2.5434494018554688
4523,4,4,1,5.532595157623291
4524,4,4,1,5.142476558685303
4525,0,0,1,2.791818141937256
4526,3,3,1,4.097182273864746
4527,3,3,1,0.394748717546463
4528,5,4,0,2.8459296226501465
4529,4,4,1,8.046791076660156
4530,5,5,1,4.875298500061035
4531,1,1,1,12.919981002807617
4532,1,1,1,12.907114028930664
4533,8,8,1,9.444859504699707
4534,2,2,1,10.74260139465332
4535,2,2,1,11.784886360168457
4536,9,9,1,6.684370040893555
4537,3,3,1,1.4253677129745483
4538,7,7,1,11.67742919921875
4539,8,8,1,4.985438346862793
4540,9,9,1,10.88895320892334
4541,2,2,1,3.668471574783325
4542,3,4,0,-0.10754843056201935
4543,1,1,1,14.89286994934082
4544,7,7,1,1.493369460105896
4545,3,4,0,2.188380479812622
4546,2,0,0,1.2333341836929321
4547,3,3,1,-0.17715151607990265
4548,0,3,0,-0.577786922454834
4549,1,1,1,9.317004203796387
4550,9,9,1,3.679133415222168
4551,5,5,1,4.309227466583252
4552,5,5,1,4.943203449249268
4553,3,3,1,1.2782753705978394
4554,4,4,1,5.686495304107666
4555,5,5,1,0.1553581804037094
4556,2,8,0,1.9295364618301392
4557,0,0,1,8.11408519744873
4558,0,0,1,7.773927688598633
4559,3,3,1,0.13885846734046936
4560,1,1,1,13.527976036071777
4561,3,3,1,3.7963814735412598
4562,4,4,1,0.22896231710910797
4563,7,7,1,1.7384123802185059
4564,4,4,1,3.608337640762329
4565,2,2,1,0.5924667716026306
4566,8,8,1,4.769410133361816
4567,4,4,1,5.695548057556152
4568,8,8,1,1.8852274417877197
4569,9,9,1,7.382870197296143
4570,9,9,1,7.1008076667785645
4571,4,4,1,7.562826633453369
4572,2,2,1,0.30387139320373535
4573,4,4,1,7.522914409637451
4574,3,3,1,2.375371217727661
4575,6,6,1,10.44871711730957
4576,4,4,1,9.232748031616211
4577,6,2,0,1.7039357423782349
4578,4,4,1,4.1030192375183105
4579,6,6,1,3.086829900741577
4580,6,6,1,6.801407814025879
4581,3,2,0,0.9644857048988342
4582,8,8,1,8.027544975280762
4583,7,7,1,5.130796909332275
4584,4,4,1,8.751232147216797
4585,8,8,1,1.1197203397750854
4586,0,0,1,0.7725343108177185
4587,5,5,1,10.135099411010742
4588,9,7,0,1.3276511430740356
4589,3,3,1,5.819769859313965
4590,9,8,0,-1.8152849674224854
4591,0,0,1,8.914037704467773
4592,7,7,1,1.8728713989257812
4593,5,5,1,2.5071654319763184
4594,1,1,1,15.939056396484375
4595,9,9,1,6.977778434753418
4596,7,7,1,5.8840227127075195
4597,9,9,1,11.916025161743164
4598,1,1,1,10.117025375366211
4599,8,8,1,5.1990203857421875
4600,4,4,1,4.623896598815918
4601,2,2,1,9.681426048278809
4602,1,1,1,16.286663055419922
4603,6,6,1,6.574122428894043
4604,4,4,1,6.293699741363525
4605,3,3,1,1.0057225227355957
4606,0,8,0,0.1713474839925766
4607,1,1,1,4.01267147064209
4608,4,4,1,3.965399980545044
4609,8,8,1,7.026501178741455
4610,6,6,1,6.092333793640137
4611,1,1,1,13.32107925415039
4612,7,7,1,2.915062189102173
4613,1,7,0,-0.44084998965263367
4614,3,4,0,0.2302824705839157
4615,5,2,0,1.0726993083953857
4616,4,4,1,5.692989349365234
4617,3,3,1,5.303593635559082
4618,3,3,1,0.10188408941030502
4619,9,9,1,6.790762901306152
4620,7,7,1,7.251796722412109
4621,8,8,1,10.377034187316895
4622,2,2,1,9.508373260498047
4623,5,5,1,7.746945381164551
4624,5,5,1,4.167431831359863
4625,4,4,1,4.1592206954956055
4626,5,5,1,1.5743775367736816
4627,4,4,1,1.006155252456665
4628,5,5,1,4.594810485839844
4629,7,7,1,1.8809539079666138
4630,2,4,0,2.0625712871551514
4631,5,5,1,3.5657997131347656
4632,5,4,0,1.733139157295227
4633,1,1,1,15.7638578414917
4634,7,3,0,2.3866145610809326
4635,7,7,1,10.124504089355469
4636,8,8,1,4.713334560394287
4637,3,3,1,3.747025966644287
4638,6,6,1,2.797107458114624
4639,0,0,1,1.9615527391433716
4640,2,2,1,0.8739306330680847
4641,5,5,1,8.038482666015625
4642,2,2,1,8.562043190002441
4643,3,3,1,2.5206947326660156
4644,7,7,1,9.83590316772461
4645,4,4,1,1.6256732940673828
4646,2,3,0,0.38168105483055115
4647,1,1,1,12.164992332458496
4648,6,6,1,10.684820175170898
4649,8,8,1,11.076424598693848
4650,6,3,0,1.0008817911148071
4651,8,8,1,7.884286403656006
4652,3,3,1,-0.5991538763046265
4653,2,2,1,9.103041648864746
4654,7,7,1,0.4878576993942261
4655,7,5,0,2.670628070831299
4656,9,9,1,8.677653312683105
4657,7,7,1,6.873459815979004
4658,1,1,1,15.53469467163086
4659,4,4,1,8.863078117370605
4660,7,7,1,5.122389793395996
4661,4,5,0,1.4366918802261353
4662,6,8,0,-0.13052603602409363
4663,1,1,1,12.322261810302734
4664,7,7,1,2.758204698562622
4665,3,3,1,8.44153118133545
4666,0,0,1,6.206607341766357
4667,0,0,1,8.367973327636719
4668,6,6,1,6.236120223999023
4669,6,6,1,0.8100636601448059
4670,8,8,1,9.82691478729248
4671,6,6,1,2.375323534011841
4672,6,6,1,12.275252342224121
4673,0,0,1,7.715542316436768
4674,3,3,1,9.067270278930664
4675,4,4,1,1.680200457572937
4676,7,7,1,2.773195505142212
4677,4,4,1,7.284262180328369
4678,9,9,1,4.528116226196289
4679,4,4,1,4.511078834533691
4680,9,9,1,12.055826187133789
4681,9,9,1,5.729793071746826
4682,3,5,0,4.667963981628418
4683,4,4,1,5.358437538146973
4684,1,1,1,14.902273178100586
4685,4,4,1,6.729546070098877
4686,0,9,0,2.7927818298339844
4687,3,3,1,0.403227299451828
4688,7,4,0,4.875017166137695
4689,1,1,1,13.973902702331543
4690,2,2,1,2.689115524291992
4691,2,2,1,4.778163433074951
4692,8,8,1,12.608617782592773
4693,4,4,1,2.164379358291626
4694,7,7,1,4.893445014953613
4695,8,8,1,6.39613676071167
4696,5,5,1,5.007015228271484
4697,5,3,0,1.166666030883789
4698,6,6,1,11.265928268432617
4699,5,5,1,4.5637969970703125
4700,6,6,1,3.123795747756958
4701,0,0,1,5.945035934448242
4702,6,6,1,10.84080696105957
4703,4,4,1,3.672910451889038
4704,9,9,1,7.360997200012207
4705,3,5,0,-0.7982863187789917
4706,2,2,1,0.8393099904060364
4707,7,7,1,7.46149206161499
4708,3,3,1,4.834216117858887
4709,8,8,1,-0.888710081577301
4710,3,5,0,3.8688836097717285
4711,9,9,1,7.593177795410156
4712,4,4,1,5.404411315917969
4713,1,1,1,16.4592227935791
4714,6,6,1,7.266392707824707
4715,9,9,1,10.671595573425293
4716,9,9,1,9.47944164276123
4717,4,4,1,1.6544965505599976
4718,3,3,1,1.9252572059631348
4719,9,9,1,11.489058494567871
4720,8,8,1,5.92315673828125
4721,1,1,1,3.97371244430542
4722,6,6,1,4.6960954666137695
4723,9,9,1,9.794646263122559
4724,5,2,0,1.6648247241973877
4725,9,9,1,10.8508939743042
4726,0,0,1,10.462160110473633
4727,9,9,1,12.522098541259766
4728,7,7,1,12.427030563354492
4729,2,2,1,0.21986913681030273
4730,2,3,0,0.25436463952064514
4731,4,5,0,3.1718478202819824
4732,2,2,1,1.0373297929763794
4733,6,6,1,3.569631338119507
4734,4,4,1,3.3537020683288574
4735,8,8,1,3.6369035243988037
4736,1,1,1,7.421258449554443
4737,9,9,1,3.427402973175049
4738,5,5,1,7.106467247009277
4739,6,6,1,6.695017337799072
4740,5,7,0,1.9492870569229126
4741,1,1,1,8.843843460083008
4742,8,8,1,5.085875511169434
4743,6,6,1,1.5791736841201782
4744,6,0,0,1.3701958656311035
4745,7,7,1,9.985121726989746
4746,6,6,1,7.643221855163574
4747,5,5,1,-0.3056902289390564
4748,0,0,1,3.0386295318603516
4749,2,3,0,-1.4377261400222778
4750,7,3,0,-2.713564395904541
4751,6,6,1,9.59150218963623
4752,1,1,1,13.734014511108398
4753,2,2,1,0.9457430839538574
4754,3,3,1,-0.2984417974948883
4755,1,1,1,9.123763084411621
4756,6,6,1,5.933601379394531
4757,4,4,1,3.844226360321045
4758,9,9,1,6.494295120239258
4759,0,0,1,6.887036323547363
4760,3,3,1,-1.5466992855072021
4761,9,9,1,9.910324096679688
4762,1,1,1,3.325259208679199
4763,0,0,1,5.606348514556885
4764,5,5,1,4.007016658782959
4765,3,4,0,1.85605788230896
4766,1,1,1,14.437763214111328
4767,6,6,1,10.94247817993164
4768,9,9,1,7.381423473358154
4769,8,8,1,8.614266395568848
4770,9,9,1,3.3766167163848877
4771,0,0,1,7.755543231964111
4772,6,6,1,6.856101036071777
4773,1,1,1,10.23804759979248
4774,6,6,1,6.8738884925842285
4775,2,2,1,2.2995898723602295
4776,3,5,0,0.07413925975561142
4777,5,5,1,12.916584968566895
4778,6,6,1,2.9811441898345947
4779,9,9,1,6.7186760902404785
4780,0,0,1,5.6915411949157715
4781,7,7,1,3.9359772205352783
4782,2,2,1,8.353741645812988
4783,4,4,1,6.2959980964660645
4784,0,8,0,4.273117542266846
4785,3,3,1,12.98021411895752
4786,6,9,0,-1.197346806526184
4787,8,8,1,10.089107513427734
4788,6,6,1,-0.9484233856201172
4789,9,9,1,9.100260734558105
4790,1,1,1,3.2120587825775146
4791,9,7,0,0.48033806681632996
4792,0,0,1,6.3955159187316895
4793,6,6,1,8.279582023620605
4794,4,3,0,1.763568639755249
4795,5,3,0,2.526993989944458
4796,9,9,1,8.954747200012207
4797,5,5,1,8.083495140075684
4798,4,4,1,3.441420793533325
4799,1,1,1,2.5122838020324707
4800,9,9,1,11.916655540466309
4801,2,2,1,6.358911037445068
4802,0,0,1,10.161568641662598
4803,7,7,1,5.368474006652832
4804,3,3,1,6.0723185539245605
4805,5,5,1,5.593271255493164
4806,1,1,1,4.381569862365723
4807,8,8,1,7.80325984954834
4808,3,3,1,2.5502305030822754
4809,0,0,1,10.615896224975586
4810,5,5,1,0.6983534693717957
4811,2,2,1,9.198801040649414
4812,8,8,1,8.07951831817627
4813,8,8,1,7.474111557006836
4814,3,3,1,1.2787318229675293
4815,9,9,1,6.730827331542969
4816,6,6,1,11.374307632446289
4817,0,0,1,14.487996101379395
4818,3,3,1,0.9528598189353943
4819,5,3,0,1.0885677337646484
4820,3,5,0,-0.5663754940032959
4821,4,4,1,3.2363457679748535
4822,1,1,1,5.593305587768555
4823,5,5,1,3.085885524749756
4824,0,0,1,4.225142002105713
4825,7,7,1,9.23354721069336
4826,3,3,1,3.403623580932617
4827,9,9,1,7.557523250579834
4828,4,3,0,0.7895424962043762
4829,5,5,1,7.51871395111084
4830,3,5,0,4.8589067459106445
4831,1,1,1,12.98928451538086
4832,4,4,1,0.6428436636924744
4833,2,2,1,1.5166922807693481
4834,4,4,1,6.210142612457275
4835,9,9,1,9.640372276306152
4836,9,9,1,8.967161178588867
4837,7,7,1,7.439599990844727
4838,1,1,1,3.6475937366485596
4839,7,7,1,11.547147750854492
4840,0,0,1,4.196272373199463
4841,1,1,1,5.206575870513916
4842,2,2,1,7.75848388671875
4843,1,1,1,3.8722474575042725
4844,5,5,1,3.64430832862854
4845,3,3,1,7.2891082763671875
4846,8,8,1,0.5669956803321838
4847,4,4,1,3.2492289543151855
4848,1,1,1,9.762005805969238
4849,5,5,1,0.6349982023239136
4850,1,1,1,8.400619506835938
4851,9,9,1,5.263820171356201
4852,9,9,1,0.6698468923568726
4853,7,7,1,12.700132369995117
4854,0,0,1,7.007327556610107
4855,1,1,1,8.383346557617188
4856,7,7,1,13.824580192565918
4857,6,6,1,9.337270736694336
4858,2,2,1,8.141237258911133
4859,6,6,1,6.489281177520752
4860,5,5,1,5.1508893966674805
4861,0,8,0,2.2583210468292236
4862,3,3,1,1.389574408531189
4863,1,9,0,8.26988410949707
4864,3,5,0,0.15838554501533508
4865,8,8,1,4.300258636474609
4866,9,9,1,8.326130867004395
4867,9,9,1,3.6574745178222656
4868,0,0,1,1.3226208686828613
4869,8,8,1,8.041997909545898
4870,8,8,1,5.908651828765869
4871,7,5,0,7.3919525146484375
4872,9,9,1,3.7499070167541504
4873,2,2,1,5.45805025100708
4874,9,9,1,11.351222038269043
4875,1,1,1,8.385658264160156
4876,3,3,1,2.1248300075531006
4877,6,6,1,11.06948184967041
4878,7,7,1,12.419025421142578
4879,6,6,1,7.124796390533447
4880,0,0,1,5.752793312072754
4881,8,8,1,7.799614429473877
4882,6,6,1,3.6697821617126465
4883,2,2,1,4.517355918884277
4884,4,4,1,-1.8235572576522827
4885,2,2,1,3.783416748046875
4886,3,3,1,13.263361930847168
4887,5,5,1,4.4430131912231445
4888,5,5,1,6.400216579437256
4889,4,3,0,1.6570909023284912
4890,1,1,1,5.928707122802734
4891,6,6,1,13.259608268737793
4892,7,4,0,2.0316314697265625
4893,1,1,1,3.3882644176483154
4894,6,6,1,2.863246202468872
4895,1,1,1,9.979077339172363
4896,7,7,1,11.198236465454102
4897,1,1,1,8.758062362670898
4898,6,6,1,2.7906363010406494
4899,2,2,1,2.852691411972046
4900,3,3,1,5.715310096740723
4901,0,0,1,4.5089287757873535
4902,4,4,1,4.739279270172119
4903,2,6,0,1.7367199659347534
4904,9,9,1,3.700316905975342
4905,7,7,1,3.3286945819854736
4906,5,3,0,1.1405651569366455
4907,5,5,1,2.5867629051208496
4908,6,6,1,5.897150993347168
4909,0,2,0,0.37995433807373047
4910,8,9,0,0.0964118093252182
4911,8,8,1,4.587548732757568
4912,1,1,1,9.179883003234863
4913,1,1,1,-0.7895064353942871
4914,3,3,1,3.851217031478882
4915,5,5,1,8.787737846374512
4916,6,6,1,10.638364791870117
4917,5,2,0,-1.4244749546051025
4918,3,3,1,10.542868614196777
4919,8,8,1,2.759413242340088
4920,7,7,1,6.49350643157959
4921,5,9,0,1.4414135217666626
4922,0,0,1,5.03584623336792
4923,7,7,1,7.221865653991699
4924,7,3,0,-0.34743908047676086
4925,5,5,1,6.838943958282471
4926,7,1,0,-1.780210256576538
4927,1,1,1,9.44491195678711
4928,9,9,1,3.8677072525024414
4929,9,9,1,7.655162334442139
4930,1,9,0,-0.05610652267932892
4931,9,0,0,5.498420238494873
4932,9,9,1,4.349669456481934
4933,3,3,1,2.584200143814087
4934,5,5,1,8.73474407196045
4935,5,5,1,4.926919937133789
4936,3,3,1,4.328113079071045
4937,0,0,1,2.5046374797821045
4938,3,5,0,0.6642142534255981
4939,0,0,1,3.79603910446167
4940,6,4,0,3.174070119857788
4941,6,6,1,0.8616399765014648
4942,5,0,0,0.5906002521514893
4943,6,4,0,3.171140432357788
4944,8,8,1,5.422210693359375
4945,9,9,1,13.4775390625
4946,4,4,1,6.079095363616943
4947,5,6,0,4.2016987800598145
4948,1,1,1,14.547357559204102
4949,1,1,1,16.93549919128418
4950,2,2,1,3.1480515003204346
4951,7,7,1,4.025357246398926
4952,9,9,1,11.598790168762207
4953,0,0,1,7.6904683113098145
4954,1,1,1,0.9693456888198853
4955,2,0,0,-0.02183324098587036
4956,5,5,1,6.856821060180664
4957,4,4,1,2.605696678161621
4958,4,4,1,3.308958053588867
4959,7,7,1,5.025119781494141
4960,4,4,1,6.850535869598389
4961,8,8,1,11.331064224243164
4962,3,8,0,1.1869065761566162
4963,3,3,1,-0.578423023223877
4964,5,2,0,1.963822364807129
4965,3,4,0,5.051948070526123
4966,5,3,0,4.571107387542725
4967,7,7,1,2.924330949783325
4968,0,0,1,6.6442341804504395
4969,1,1,1,7.689342975616455
4970,2,2,1,3.929522752761841
4971,9,9,1,6.928492069244385
4972,8,8,1,6.077083110809326
4973,1,1,1,4.55766487121582
4974,7,7,1,8.541449546813965
4975,3,3,1,6.636146545410156
4976,5,5,1,9.934502601623535
4977,9,9,1,7.142331123352051
4978,1,1,1,14.129289627075195
4979,9,9,1,13.996095657348633
4980,1,1,1,12.235666275024414
4981,1,1,1,2.0935733318328857
4982,3,3,1,2.8923027515411377
4983,6,6,1,1.6142386198043823
4984,7,3,0,0.7931027412414551
4985,4,4,1,3.253788709640503
4986,8,8,1,3.745159149169922
4987,3,6,0,3.0152556896209717
4988,5,4,0,2.7546074390411377
4989,6,6,1,14.831029891967773
4990,7,7,1,2.868333578109741
4991,0,0,1,9.221147537231445
4992,1,1,1,11.650424003601074
4993,7,7,1,1.3965370655059814
4994,7,7,1,10.423301696777344
4995,2,5,0,-0.05117169767618179
4996,3,5,0,3.574876546859741
4997,3,3,1,-0.47011271119117737
4998,5,6,0,5.17202091217041
4999,1,1,1,8.539365768432617
5000,7,7,1,10.687694549560547
5001,6,6,1,12.673381805419922
5002,8,8,1,5.712821960449219
5003,4,4,1,1.5613114833831787
5004,4,4,1,2.4335553646087646
5005,5,5,1,8.373213768005371
5006,7,7,1,1.9060618877410889
5007,3,3,1,4.491011619567871
5008,4,4,1,3.547217845916748
5009,7,7,1,5.234752655029297
5010,7,7,1,11.520434379577637
5011,3,3,1,2.9608960151672363
5012,6,6,1,6.0000810623168945
5013,0,0,1,5.499788761138916
5014,7,7,1,8.680824279785156
5015,2,3,0,1.4263665676116943
5016,6,6,1,0.6654056310653687
5017,7,7,1,0.3983759880065918
5018,4,4,1,4.508057117462158
5019,1,1,1,19.31179428100586
5020,8,8,1,0.889518678188324
5021,0,0,1,8.053751945495605
5022,2,2,1,2.8044843673706055
5023,2,2,1,0.027304477989673615
5024,1,1,1,10.08716869354248
5025,5,5,1,8.655981063842773
5026,4,4,1,3.2724320888519287
5027,0,0,1,10.130062103271484
5028,9,9,1,10.0050687789917
5029,3,3,1,6.777440547943115
5030,4,4,1,1.9884932041168213
5031,4,4,1,3.563260316848755
5032,2,2,1,4.194154262542725
5033,3,3,1,8.407612800598145
5034,8,8,1,3.7931864261627197
5035,5,5,1,12.927946090698242
5036,0,0,1,6.310192584991455
5037,0,0,1,11.269097328186035
5038,4,4,1,4.873279094696045
5039,6,6,1,11.643534660339355
5040,3,3,1,0.5373183488845825
5041,9,9,1,2.7995951175689697
5042,2,2,1,3.8910138607025146
5043,0,7,0,0.5679386854171753
5044,5,5,1,10.788429260253906
5045,7,7,1,9.663459777832031
5046,5,5,1,2.174694299697876
5047,5,5,1,3.1494128704071045
5048,1,1,1,6.567118167877197
5049,7,7,1,9.743556022644043
5050,3,3,1,4.596363544464111
5051,1,1,1,11.909126281738281
5052,6,6,1,4.438908576965332
5053,7,7,1,1.145765781402588
5054,9,9,1,9.537711143493652
5055,0,0,1,5.878159523010254
5056,1,9,0,-1.7511540651321411
5057,2,2,1,2.3066864013671875
5058,1,1,1,6.401416778564453
5059,4,4,1,9.036620140075684
5060,6,6,1,4.370369911193848
5061,1,1,1,0.8966753482818604
5062,5,5,1,4.6950483322143555
5063,9,9,1,10.258935928344727
5064,5,5,1,13.621376991271973
5065,0,0,1,2.828965187072754
5066,4,4,1,4.466426849365234
5067,9,9,1,3.960875988006592
5068,4,4,1,2.390669345855713
5069,9,9,1,0.4084942936897278
5070,7,7,1,8.941902160644531
5071,1,1,1,4.978822231292725
5072,6,6,1,2.812993288040161
5073,8,8,1,9.064773559570312
5074,0,0,1,4.039529800415039
5075,6,6,1,6.706254005432129
5076,5,5,1,3.5155997276306152
5077,0,0,1,5.472865104675293
5078,8,8,1,9.955367088317871
5079,1,1,1,14.57210922241211
5080,7,7,1,10.299430847167969
5081,5,5,1,8.083840370178223
5082,6,3,0,1.0300240516662598
5083,9,9,1,12.999555587768555
5084,3,3,1,1.8235962390899658
5085,2,2,1,0.8087265491485596
5086,3,3,1,1.0181214809417725
5087,9,9,1,10.044108390808105
5088,8,8,1,1.8959203958511353
5089,6,6,1,5.538961410522461
5090,1,1,1,9.863290786743164
5091,0,0,1,6.103993892669678
5092,9,9,1,2.4898276329040527
5093,0,0,1,4.174618244171143
5094,9,8,0,-0.6886123418807983
5095,8,8,1,15.501801490783691
5096,7,7,1,0.20570121705532074
5097,7,9,0,-0.11512354761362076
5098,5,2,0,1.388334035873413
5099,2,2,1,0.745609700679779
5100,3,3,1,7.780733585357666
5101,5,5,1,6.279326915740967
5102,5,5,1,1.2188016176223755
5103,7,7,1,4.960014820098877
5104,8,8,1,3.052733898162842
5105,7,4,0,-0.5931949019432068
5106,6,6,1,3.5153579711914062
5107,9,9,1,9.22531509399414
5108,1,1,1,11.925201416015625
5109,9,9,1,9.586329460144043
5110,8,8,1,12.331639289855957
5111,6,6,1,6.087619781494141
5112,5,5,1,1.4707130193710327
5113,6,6,1,3.884536027908325
5114,7,7,1,7.5553412437438965
5115,5,5,1,-0.46420377492904663
5116,6,6,1,2.309213399887085
5117,7,7,1,5.907204627990723
5118,2,2,1,0.909623384475708
5119,5,5,1,1.4148343801498413
5120,9,9,1,4.963465690612793
5121,6,6,1,10.082859992980957
5122,6,6,1,9.846467971801758
5123,7,7,1,6.637930870056152
5124,0,0,1,8.572367668151855
5125,1,1,1,11.7527437210083
5126,0,0,1,3.3560874462127686
5127,1,1,1,6.878634452819824
5128,3,3,1,1.8348585367202759
5129,2,2,1,-1.2617237567901611
5130,5,5,1,1.181049108505249
5131,6,6,1,2.160367012023926
5132,1,1,1,11.361454010009766
5133,2,2,1,5.643294334411621
5134,5,5,1,-0.10382861644029617
5135,1,1,1,3.876746416091919
5136,9,9,1,9.643896102905273
5137,9,9,1,12.17829704284668
5138,8,8,1,9.236265182495117
5139,6,6,1,3.0135369300842285
5140,8,0,0,2.078324317932129
5141,6,3,0,1.6361465454101562
5142,8,8,1,8.393686294555664
5143,9,9,1,15.34082317352295
5144,0,0,1,4.870693206787109
5145,4,4,1,9.24560832977295
5146,0,0,1,7.390880107879639
5147,3,3,1,1.6516344547271729
5148,3,3,1,4.521875858306885
5149,6,6,1,14.728386878967285
5150,4,4,1,3.934797525405884
5151,9,3,0,-2.0087504386901855
5152,9,9,1,6.2125349044799805
5153,7,7,1,5.200681686401367
5154,2,4,0,0.5381315350532532
5155,3,5,0,3.162490129470825
5156,5,5,1,-1.3294901847839355
5157,6,6,1,2.959831476211548
5158,4,4,1,-0.28243592381477356
5159,6,6,1,7.041380882263184
5160,0,0,1,10.835897445678711
5161,3,3,1,3.891570806503296
5162,7,7,1,-1.4416708946228027
5163,5,3,0,-0.20219101011753082
5164,0,0,1,8.897100448608398
5165,2,2,1,3.4202566146850586
5166,9,7,0,-1.4681302309036255
5167,2,2,1,5.709301948547363
5168,7,7,1,13.990928649902344
5169,2,2,1,6.542133331298828
5170,9,9,1,13.934484481811523
5171,2,2,1,9.985884666442871
5172,4,3,0,1.582398772239685
5173,0,0,1,5.64056396484375
5174,6,6,1,10.946958541870117
5175,6,6,1,6.022563934326172
5176,3,3,1,5.618488311767578
5177,4,4,1,1.1767702102661133
5178,5,5,1,2.527125597000122
5179,5,5,1,10.091944694519043
5180,9,7,0,-0.5042867660522461
5181,1,1,1,6.031423568725586
5182,1,1,1,4.810676574707031
5183,4,4,1,3.537987470626831
5184,4,4,1,0.7965119481086731
5185,3,0,0,-0.09829908609390259
5186,5,5,1,0.4800950586795807
5187,4,4,1,3.006166934967041
5188,8,8,1,11.46562671661377
5189,0,0,1,3.479219913482666
5190,0,0,1,5.627262592315674
5191,3,3,1,0.9191306233406067
5192,9,9,1,4.154095649719238
5193,4,3,0,-1.6675909757614136
5194,7,7,1,6.42769193649292
5195,4,4,1,4.694682598114014
5196,2,0,0,4.289333820343018
5197,8,8,1,1.9639662504196167
5198,3,3,1,-0.6531597375869751
5199,6,3,0,-0.3260256052017212
5200,3,3,1,-1.6029754877090454
5201,1,1,1,9.61435604095459
5202,9,9,1,10.984626770019531
5203,6,5,0,2.303929328918457
5204,3,3,1,8.982125282287598
5205,8,8,1,1.1861348152160645
5206,3,7,0,-0.08397043496370316
5207,8,1,0,1.1897016763687134
5208,4,4,1,6.099058628082275
5209,7,7,1,9.04515552520752
5210,5,3,0,-0.9439905285835266
5211,7,7,1,0.9717468619346619
5212,5,5,1,4.285360813140869
5213,3,3,1,-1.3693161010742188
5214,1,9,0,8.750016212463379
5215,2,2,1,2.3136868476867676
5216,6,6,1,11.207778930664062
5217,1,1,1,15.835142135620117
5218,3,2,0,0.660023033618927
5219,2,2,1,7.544570446014404
5220,0,0,1,7.794161796569824
5221,7,7,1,0.3328852355480194
5222,5,5,1,7.813782691955566
5223,0,0,1,6.3963942527771
5224,0,0,1,1.6256290674209595
5225,0,0,1,4.6568803787231445
5226,1,1,1,11.445794105529785
5227,4,4,1,4.9160003662109375
5228,3,3,1,5.778257369995117
5229,5,3,0,4.043300628662109
5230,8,8,1,4.901785850524902
5231,4,4,1,10.221861839294434
5232,3,3,1,1.3393301963806152
5233,1,1,1,2.942300319671631
5234,7,7,1,4.290558815002441
5235,1,1,1,3.1635451316833496
5236,0,0,1,1.9273462295532227
5237,4,4,1,1.464615821838379
5238,2,2,1,3.4840292930603027
5239,4,4,1,1.0416269302368164
5240,1,1,1,6.417428970336914
5241,4,4,1,9.180821418762207
5242,0,0,1,5.622825622558594
5243,1,1,1,7.596750259399414
5244,2,2,1,3.0379505157470703
5245,1,1,1,10.53696346282959
5246,7,7,1,7.464561939239502
5247,7,7,1,0.4728257656097412
5248,9,9,1,2.8362326622009277
5249,8,8,1,8.969223976135254
5250,7,7,1,1.8370977640151978
5251,5,5,1,2.7267255783081055
5252,4,4,1,6.4704437255859375
5253,0,0,1,6.986936092376709
5254,9,9,1,11.931231498718262
5255,0,0,1,4.219418048858643
5256,0,0,1,9.996109962463379
5257,8,8,1,6.404702186584473
5258,2,2,1,4.1385626792907715
5259,0,0,1,8.748607635498047
5260,0,0,1,8.598040580749512
5261,2,2,1,2.694899320602417
5262,4,4,1,7.621520042419434
5263,8,8,1,8.362483978271484
5264,6,6,1,13.000068664550781
5265,2,3,0,0.7591828107833862
5266,4,4,1,1.8057152032852173
5267,6,6,1,7.505185127258301
5268,3,3,1,5.439892768859863
5269,5,5,1,7.332338333129883
5270,1,1,1,12.834648132324219
5271,5,5,1,2.35506010055542
5272,3,7,0,-1.1560109853744507
5273,7,7,1,1.1619459390640259
5274,2,2,1,5.3946309089660645
5275,2,2,1,7.5377984046936035
5276,9,9,1,7.855237007141113
5277,8,8,1,8.45695972442627
5278,0,0,1,4.484085559844971
5279,0,9,0,3.9469547271728516
5280,0,0,1,1.3051320314407349
5281,3,3,1,5.4462761878967285
5282,4,4,1,11.323774337768555
5283,4,4,1,0.2820188105106354
5284,6,6,1,5.367650032043457
5285,1,1,1,10.64918041229248
5286,6,6,1,14.502971649169922
5287,7,3,0,2.5807764530181885
5288,4,4,1,3.60791277885437
5289,4,4,1,6.697680950164795
5290,3,5,0,2.6539111137390137
5291,9,9,1,1.975458025932312
5292,4,7,0,6.220300197601318
5293,0,0,1,5.032586574554443
5294,8,8,1,9.375371932983398
5295,0,0,1,8.57484245300293
5296,4,4,1,6.471479892730713
5297,6,8,0,1.4883484840393066
5298,5,3,0,-0.4628509283065796
5299,7,7,1,11.576992988586426
5300,9,9,1,9.449319839477539
5301,7,7,1,8.089360237121582
5302,0,0,1,8.735125541687012
5303,5,5,1,5.052371025085449
5304,7,7,1,12.965872764587402
5305,7,3,0,0.4978148639202118
5306,3,3,1,9.17501163482666
5307,1,1,1,7.56979513168335
5308,9,9,1,6.3802595138549805
5309,3,3,1,4.468741416931152
5310,0,0,1,4.101659297943115
5311,9,9,1,2.4356958866119385
5312,5,5,1,10.013199806213379
5313,3,3,1,5.009392738342285
5314,7,7,1,9.45775318145752
5315,9,9,1,1.8561094999313354
5316,4,4,1,2.958193063735962
5317,4,4,1,8.1739501953125
5318,1,1,1,9.62856388092041
5319,7,7,1,3.5962026119232178
5320,7,7,1,5.630076885223389
5321,1,1,1,7.402430534362793
5322,4,4,1,4.944127082824707
5323,1,1,1,16.626018524169922
5324,2,7,0,3.1873981952667236
5325,8,8,1,7.824097156524658
5326,7,7,1,7.979506492614746
5327,0,8,0,3.1728515625
5328,0,0,1,4.318470478057861
5329,4,4,1,11.630829811096191
5330,7,7,1,0.16521455347537994
5331,2,6,0,0.5009567141532898
5332,9,9,1,8.391719818115234
5333,7,7,1,8.462512016296387
5334,6,6,1,2.7804601192474365
5335,9,9,1,0.8031433820724487
5336,3,3,1,5.683416843414307
5337,5,5,1,2.8459582328796387
5338,8,8,1,3.2839114665985107
5339,0,0,1,5.682405471801758
5340,3,7,0,1.6967759132385254
5341,6,6,1,6.483452796936035
5342,8,8,1,1.9119672775268555
5343,3,3,1,4.449685573577881
5344,2,2,1,4.1335859298706055
5345,4,4,1,3.078274965286255
5346,7,7,1,3.24984073638916
5347,1,1,1,4.376077175140381
5348,1,1,1,6.059436798095703
5349,3,3,1,3.238085985183716
5350,9,9,1,10.668774604797363
5351,7,7,1,15.723806381225586
5352,5,5,1,0.46160462498664856
5353,1,1,1,12.999521255493164
5354,0,0,1,1.8225237131118774
5355,8,8,1,4.776543617248535
5356,7,7,1,5.415678977966309
5357,0,0,1,1.0591307878494263
5358,1,1,1,5.2102251052856445
5359,6,6,1,5.667216777801514
5360,9,9,1,1.7806763648986816
5361,3,3,1,0.15885664522647858
5362,2,2,1,5.82524299621582
5363,7,7,1,7.098102569580078
5364,7,7,1,5.384204387664795
5365,8,8,1,6.094255447387695
5366,1,7,0,-1.0630377531051636
5367,0,0,1,2.69941782951355
5368,3,3,1,1.3855559825897217
5369,4,4,1,1.8263108730316162
5370,6,2,0,0.730567455291748
5371,7,7,1,13.596761703491211
5372,5,3,0,0.5861058831214905
5373,2,2,1,10.92585277557373
5374,0,0,1,7.732463836669922
5375,1,1,1,10.10434627532959
5376,5,5,1,0.34528613090515137
5377,5,5,1,3.2386555671691895
5378,1,1,1,15.326578140258789
5379,4,4,1,7.415243625640869
5380,1,1,1,5.8871660232543945
5381,3,3,1,5.134748458862305
5382,0,0,1,8.70138168334961
5383,8,8,1,2.4079599380493164
5384,6,6,1,7.212135314941406
5385,2,2,1,-0.26763850450515747
5386,1,1,1,9.856866836547852
5387,3,3,1,0.7449449896812439
5388,6,3,0,-0.7072045803070068
5389,4,4,1,-1.2480710744857788
5390,1,1,1,6.706536769866943
5391,9,9,1,8.844082832336426
5392,0,0,1,5.956993579864502
5393,4,4,1,3.5989158153533936
5394,1,1,1,15.66171646118164
5395,0,0,1,5.261789798736572
5396,1,1,1,2.2286410331726074
5397,9,9,1,8.24056625366211
5398,8,8,1,5.7649006843566895
5399,6,6,1,1.7448550462722778
5400,9,9,1,12.594487190246582
5401,2,2,1,4.96156644821167
5402,4,4,1,3.734039068222046
5403,7,7,1,7.383676052093506
5404,2,2,1,0.7683365941047668
5405,2,0,0,3.1427688598632812
5406,7,7,1,15.188606262207031
5407,4,7,0,1.9618200063705444
5408,9,9,1,5.979745388031006
5409,1,9,0,2.680274486541748
5410,3,0,0,0.025498002767562866
5411,2,6,0,2.5998008251190186
5412,6,6,1,8.991171836853027
5413,3,3,1,3.3434948921203613
5414,4,4,1,7.642816543579102
5415,4,4,1,6.184671401977539
5416,9,9,1,7.849261283874512
5417,4,3,0,3.1753969192504883
5418,8,8,1,6.974554061889648
5419,2,2,1,0.799851655960083
5420,6,6,1,13.925508499145508
5421,6,6,1,12.428619384765625
5422,1,1,1,7.354657173156738
5423,6,6,1,4.293286323547363
5424,3,3,1,3.6222851276397705
5425,6,6,1,1.1980100870132446
5426,5,3,0,2.8712069988250732
5427,8,8,1,10.322776794433594
5428,4,4,1,1.9905675649642944
5429,6,6,1,11.347289085388184
5430,7,7,1,7.250327110290527
5431,1,1,1,14.558582305908203
5432,9,9,1,4.3152570724487305
5433,3,5,0,4.323709487915039
5434,6,6,1,9.038179397583008
5435,7,7,1,4.0617876052856445
5436,6,3,0,1.5171692371368408
5437,0,0,1,3.4786288738250732
5438,7,7,1,11.095819473266602
5439,1,1,1,6.8453874588012695
5440,9,9,1,5.919435024261475
5441,5,5,1,2.822500228881836
5442,2,2,1,6.906944751739502
5443,6,4,0,1.3510029315948486
5444,7,7,1,5.842663288116455
5445,7,7,1,11.288470268249512
5446,6,6,1,-0.72215336561203
5447,5,5,1,3.0799503326416016
5448,9,9,1,11.77393627166748
5449,1,1,1,9.007475852966309
5450,5,3,0,3.0010406970977783
5451,6,6,1,12.389076232910156
5452,0,0,1,6.265086650848389
5453,2,2,1,2.1330947875976562
5454,0,2,0,5.283936977386475
5455,9,1,0,0.2025308758020401
5456,1,9,0,3.139392852783203
5457,8,8,1,13.164210319519043
5458,3,6,0,1.9949675798416138
5459,5,5,1,5.914577007293701
5460,0,0,1,6.197784900665283
5461,0,0,1,2.6118900775909424
5462,0,0,1,2.717503070831299
5463,5,5,1,5.426280975341797
5464,7,7,1,3.4566099643707275
5465,7,7,1,9.890456199645996
5466,8,8,1,6.7148590087890625
5467,5,5,1,3.0638575553894043
5468,5,0,0,1.0495634078979492
5469,5,5,1,8.038151741027832
5470,1,1,1,9.347067832946777
5471,6,6,1,9.685096740722656
5472,1,8,0,4.2122907638549805
5473,5,5,1,6.001778602600098
5474,1,1,1,6.86515998840332
5475,0,0,1,1.850130558013916
5476,6,6,1,4.560978412628174
5477,2,2,1,2.657240629196167
5478,3,3,1,1.7695308923721313
5479,2,5,0,-0.12764914333820343
5480,1,1,1,6.436737060546875
5481,7,7,1,6.428750514984131
5482,5,5,1,6.128932952880859
5483,1,9,0,5.640434265136719
5484,9,9,1,8.05153751373291
5485,8,8,1,7.087611198425293
5486,3,3,1,6.611222267150879
5487,6,3,0,1.0367858409881592
5488,9,9,1,0.6571561098098755
5489,7,7,1,4.083003044128418
5490,3,3,1,9.192753791809082
5491,0,0,1,4.294735431671143
5492,2,0,0,1.6552373170852661
5493,3,3,1,4.830990791320801
5494,9,9,1,11.147721290588379
5495,4,4,1,8.161348342895508
5496,4,4,1,2.0415244102478027
5497,3,3,1,4.325070381164551
5498,9,9,1,5.772420883178711
5499,6,6,1,7.8185930252075195
5500,8,8,1,2.6305503845214844
5501,6,6,1,2.658459424972534
5502,6,6,1,15.105298042297363
5503,8,8,1,9.893915176391602
5504,5,5,1,1.099666714668274
5505,4,4,1,8.015414237976074
5506,3,4,0,1.5288417339324951
5507,6,6,1,7.218307971954346
5508,7,7,1,4.52351188659668
5509,7,7,1,1.8908766508102417
5510,4,4,1,2.0517709255218506
5511,3,6,0,5.59967041015625
5512,9,9,1,4.893056869506836
5513,6,6,1,8.469799041748047
5514,2,2,1,6.617995262145996
5515,4,4,1,5.202024459838867
5516,0,0,1,4.037703990936279
5517,1,1,1,3.4178032875061035
5518,3,3,1,0.4893026053905487
5519,6,6,1,7.151625156402588
5520,4,4,1,3.3337700366973877
5521,9,9,1,4.964384078979492
5522,2,2,1,4.358702659606934
5523,6,6,1,4.792017936706543
5524,0,0,1,6.41790246963501
5525,3,7,0,1.7738306522369385
5526,8,8,1,8.827258110046387
5527,7,7,1,11.317619323730469
5528,5,5,1,2.2214105129241943
5529,3,3,1,3.868577241897583
5530,3,3,1,3.239262819290161
5531,8,8,1,8.415420532226562
5532,3,3,1,2.3041374683380127
5533,2,2,1,3.747312545776367
5534,6,3,0,1.8538763523101807
5535,3,3,1,2.5485501289367676
5536,6,6,1,2.0408763885498047
5537,2,7,0,-0.7903830409049988
5538,7,7,1,4.1010284423828125
5539,4,4,1,8.238238334655762
5540,5,5,1,5.54092264175415
5541,7,7,1,6.205124855041504
5542,9,9,1,9.987777709960938
5543,0,0,1,5.8988800048828125
5544,0,0,1,1.444219946861267
5545,6,6,1,9.925538063049316
5546,7,7,1,3.773597002029419
5547,2,8,0,1.0575898885726929
5548,8,0,0,2.6030642986297607
5549,5,2,0,0.7466050982475281
5550,5,5,1,8.381640434265137
5551,7,7,1,3.9712984561920166
5552,5,5,1,-0.8552619218826294
5553,5,5,1,0.725141167640686
5554,9,9,1,5.4352545738220215
5555,4,4,1,2.3843939304351807
5556,6,6,1,0.46622389554977417
5557,4,4,1,5.397197246551514
5558,7,7,1,3.5583455562591553
5559,3,3,1,2.444061040878296
5560,3,3,1,1.4875822067260742
5561,6,6,1,11.116216659545898
5562,4,4,1,7.173516273498535
5563,1,1,1,2.9728035926818848
5564,6,6,1,7.812343597412109
5565,3,3,1,2.691788911819458
5566,1,1,1,15.182060241699219
5567,6,6,1,9.254739761352539
5568,7,7,1,2.987661600112915
5569,0,0,1,4.461772918701172
5570,5,5,1,7.316061973571777
5571,0,0,1,6.008500576019287
5572,1,1,1,6.44730281829834
5573,9,9,1,5.090280532836914
5574,7,7,1,8.488944053649902
5575,3,3,1,3.0907633304595947
5576,5,5,1,6.600388526916504
5577,2,2,1,4.231801986694336
5578,3,3,1,0.5745144486427307
5579,9,9,1,4.850284576416016
5580,5,5,1,3.6348063945770264
5581,6,6,1,4.396023273468018
5582,4,2,0,0.7385871410369873
5583,0,0,1,5.40597677230835
5584,0,0,1,2.4873697757720947
5585,0,0,1,12.592240333557129
5586,8,8,1,7.528003692626953
5587,0,0,1,8.231382369995117
5588,3,3,1,3.605238199234009
5589,2,2,1,6.6972479820251465
5590,4,4,1,11.013396263122559
5591,5,5,1,3.3377506732940674
5592,3,3,1,2.6879560947418213
5593,7,7,1,2.248012065887451
5594,9,9,1,11.167924880981445
5595,6,6,1,7.502063274383545
5596,9,9,1,10.64008617401123
5597,3,3,1,2.2064268589019775
5598,1,1,1,3.4465603828430176
5599,2,2,1,3.328105926513672
5600,6,6,1,1.3409193754196167
5601,7,7,1,17.626277923583984
5602,4,4,1,8.966689109802246
5603,5,4,0,3.439026117324829
5604,1,1,1,15.101757049560547
5605,3,3,1,2.864062786102295
5606,7,7,1,11.61838436126709
5607,6,6,1,5.950089454650879
5608,9,9,1,8.91943073272705
5609,5,5,1,1.2185732126235962
5610,8,8,1,4.211058616638184
5611,5,2,0,1.063949465751648
5612,8,8,1,3.1403682231903076
5613,5,3,0,3.2225723266601562
5614,8,8,1,9.015446662902832
5615,5,5,1,7.037174224853516
5616,6,6,1,11.275910377502441
5617,5,5,1,7.6999406814575195
5618,0,0,1,5.86606502532959
5619,8,8,1,3.830796241760254
5620,3,2,0,-0.24728664755821228
5621,8,8,1,3.0323450565338135
5622,1,1,1,11.970108032226562
5623,8,8,1,4.626612663269043
5624,1,1,1,13.331113815307617
5625,5,5,1,8.738556861877441
5626,0,0,1,4.10288667678833
5627,9,9,1,10.36341381072998
5628,8,8,1,6.968055248260498
5629,6,3,0,1.3861262798309326
5630,3,3,1,7.5249786376953125
5631,6,6,1,7.439398288726807
5632,3,5,0,1.6248315572738647
5633,4,4,1,10.653502464294434
5634,4,3,0,0.1031247153878212
5635,7,7,1,9.282005310058594
5636,4,4,1,0.6812871098518372
5637,7,7,1,12.246283531188965
5638,4,4,1,5.701242446899414
5639,3,2,0,1.8845322132110596
5640,2,2,1,1.0085428953170776
5641,4,4,1,4.596705436706543
5642,5,4,0,2.7270467281341553
5643,5,5,1,1.07502281665802
5644,7,7,1,6.576220512390137
5645,5,5,1,7.120548725128174
5646,4,0,0,1.779068112373352
5647,5,3,0,0.2517510950565338
5648,8,8,1,1.0509182214736938
5649,0,0,1,2.271599292755127
5650,5,5,1,1.260947585105896
5651,4,4,1,12.106581687927246
5652,0,0,1,3.7710554599761963
5653,5,5,1,4.074100494384766
5654,4,4,1,-0.43561145663261414
5655,3,3,1,1.2439993619918823
5656,3,9,0,-1.3950375318527222
5657,2,2,1,4.3101372718811035
5658,4,7,0,-0.2839532494544983
5659,2,5,0,-0.03583492338657379
5660,9,9,1,7.051094055175781
5661,4,4,1,5.162067413330078
5662,8,8,1,5.930957794189453
5663,8,8,1,6.230920314788818
5664,6,6,1,3.5806686878204346
5665,2,2,1,7.366981029510498
5666,6,6,1,9.23454475402832
5667,1,1,1,6.468169212341309
5668,7,7,1,16.587696075439453
5669,0,0,1,4.742194652557373
5670,4,4,1,11.571301460266113
5671,3,3,1,5.320311069488525
5672,8,8,1,8.011415481567383
5673,5,5,1,4.517572402954102
5674,9,9,1,6.087846279144287
5675,7,7,1,9.403814315795898
5676,6,6,1,4.662533283233643
5677,7,7,1,1.9419955015182495
5678,1,1,1,2.0767083168029785
5679,0,0,1,1.073678970336914
5680,2,2,1,-0.32624489068984985
5681,3,3,1,4.598607063293457
5682,5,5,1,5.386550426483154
5683,6,6,1,2.791830062866211
5684,7,4,0,4.398303508758545
5685,1,1,1,13.440966606140137
5686,6,6,1,5.095954895019531
5687,2,0,0,4.133288860321045
5688,8,8,1,5.234842777252197
5689,3,3,1,10.752728462219238
5690,7,4,0,3.9465177059173584
5691,2,2,1,8.440349578857422
5692,5,5,1,2.0991430282592773
5693,7,4,0,4.727680683135986
5694,5,5,1,7.3951191902160645
5695,7,7,1,9.447734832763672
5696,7,7,1,9.191024780273438
5697,1,1,1,14.508715629577637
5698,7,7,1,1.9965242147445679
5699,4,4,1,10.921906471252441
5700,3,3,1,4.2662506103515625
5701,3,0,0,1.1738685369491577
5702,4,4,1,8.113192558288574
5703,0,0,1,0.5585732460021973
5704,4,4,1,8.335445404052734
5705,2,2,1,10.077886581420898
5706,7,7,1,11.28213119506836
5707,0,0,1,8.699657440185547
5708,2,2,1,2.6913084983825684
5709,2,2,1,0.7433990836143494
5710,6,3,0,-0.6358709931373596
5711,6,6,1,9.77215576171875
5712,2,2,1,2.9504363536834717
5713,5,5,1,5.710137367248535
5714,2,0,0,0.05543780326843262
5715,6,6,1,8.835161209106445
5716,0,0,1,8.080465316772461
5717,6,6,1,1.016492247581482
5718,1,1,1,4.975440979003906
5719,2,5,0,0.5641952753067017
5720,9,9,1,12.057615280151367
5721,0,0,1,4.508448123931885
5722,0,0,1,5.072819232940674
5723,1,1,1,7.111343860626221
5724,5,5,1,5.889440536499023
5725,5,5,1,8.359209060668945
5726,1,1,1,1.7391281127929688
5727,6,6,1,5.243643760681152
5728,7,7,1,16.373348236083984
5729,8,8,1,7.544267654418945
5730,5,9,0,-1.5474822521209717
5731,6,6,1,7.476861953735352
5732,3,3,1,3.999178886413574
5733,3,3,1,3.185729742050171
5734,6,6,1,3.0938103199005127
5735,0,0,1,3.9390740394592285
5736,9,9,1,8.2448148727417
5737,9,9,1,4.499725341796875
5738,2,2,1,5.107173919677734
5739,2,2,1,9.324963569641113
5740,6,6,1,8.373003959655762
5741,1,1,1,7.820098400115967
5742,4,2,0,1.4675275087356567
5743,6,6,1,7.248870849609375
5744,2,3,0,-0.10518292337656021
5745,5,5,1,6.946750640869141
5746,7,7,1,12.385625839233398
5747,8,8,1,2.1401774883270264
5748,8,8,1,9.629120826721191
5749,5,5,1,3.0006747245788574
5750,6,6,1,2.5021512508392334
5751,4,4,1,5.450380802154541
5752,3,3,1,2.3732285499572754
5753,2,2,1,5.413275241851807
5754,3,3,1,8.57081127166748
5755,4,4,1,4.2122697830200195
5756,4,4,1,13.931078910827637
5757,4,4,1,5.202323913574219
5758,8,8,1,6.9633355140686035
5759,9,9,1,9.648333549499512
5760,2,2,1,5.186570167541504
5761,6,6,1,14.438484191894531
5762,0,0,1,9.674997329711914
5763,9,9,1,5.2144694328308105
5764,7,7,1,11.477195739746094
5765,9,9,1,10.232800483703613
5766,8,0,0,1.930224895477295
5767,7,7,1,9.299602508544922
5768,7,7,1,11.775444030761719
5769,3,3,1,8.324109077453613
5770,8,8,1,9.773629188537598
5771,2,2,1,5.601850509643555
5772,9,9,1,12.143275260925293
5773,3,3,1,3.9012703895568848
5774,5,5,1,2.66396427154541
5775,7,7,1,5.636873722076416
5776,5,5,1,5.076903343200684
5777,8,8,1,10.114642143249512
5778,7,7,1,15.861076354980469
5779,3,3,1,1.5974749326705933
5780,7,7,1,9.274867057800293
5781,0,0,1,5.89707612991333
5782,7,7,1,11.130059242248535
5783,1,1,1,6.997585296630859
5784,6,6,1,12.056662559509277
5785,2,3,0,-0.37163224816322327
5786,4,4,1,0.12092064321041107
5787,0,0,1,-0.7659566402435303
5788,0,0,1,7.9109930992126465
5789,2,2,1,2.0611190795898438
5790,9,9,1,10.040555000305176
5791,8,8,1,3.106489896774292
5792,2,2,1,3.1193504333496094
5793,8,8,1,3.585167169570923
5794,7,7,1,2.70158314704895
5795,7,7,1,3.905317783355713
5796,5,5,1,1.276445984840393
5797,5,6,0,-1.2593804597854614
5798,0,0,1,6.920650005340576
5799,1,1,1,7.265100479125977
5800,2,2,1,6.110795974731445
5801,9,9,1,6.619478225708008
5802,6,6,1,5.551393985748291
5803,1,1,1,5.014954090118408
5804,0,0,1,5.098238945007324
5805,1,1,1,8.80116081237793
5806,0,8,0,5.3057427406311035
5807,6,6,1,14.567315101623535
5808,5,3,0,4.222606658935547
5809,0,0,1,-1.8343623876571655
5810,5,5,1,8.075715065002441
5811,7,7,1,4.640956878662109
5812,4,4,1,5.824281215667725
5813,4,4,1,5.806853294372559
5814,8,8,1,3.7442922592163086
5815,3,3,1,2.7942934036254883
5816,5,5,1,2.9637465476989746
5817,3,3,1,5.743381023406982
5818,7,7,1,8.585933685302734
5819,2,0,0,2.508291721343994
5820,5,3,0,2.571486234664917
5821,8,8,1,2.4809763431549072
5822,3,3,1,7.996387481689453
5823,5,5,1,7.7617716789245605
5824,7,7,1,14.344704627990723
5825,3,3,1,0.7476546764373779
5826,7,7,1,2.933354139328003
5827,0,0,1,6.139309406280518
5828,5,5,1,7.500726699829102
5829,4,4,1,7.1297454833984375
5830,5,3,0,1.4026105403900146
5831,6,6,1,5.841733932495117
5832,9,9,1,1.8723348379135132
5833,3,3,1,1.4702576398849487
5834,5,5,1,6.686752796173096
5835,3,3,1,-0.4759405553340912
5836,8,8,1,8.843498229980469
5837,2,3,0,1.0934993028640747
5838,4,4,1,3.7144601345062256
5839,2,2,1,5.563378810882568
5840,2,2,1,3.775099515914917
5841,6,6,1,6.613399028778076
5842,7,7,1,5.767484664916992
5843,6,6,1,7.099610805511475
5844,0,0,1,6.819673538208008
5845,5,5,1,12.544618606567383
5846,5,5,1,6.904095649719238
5847,8,8,1,7.820170879364014
5848,4,4,1,-0.13200823962688446
5849,5,3,0,1.8071558475494385
5850,6,6,1,6.309601306915283
5851,1,1,1,13.900161743164062
5852,3,3,1,3.7872772216796875
5853,5,3,0,-0.33653563261032104
5854,4,4,1,2.0361061096191406
5855,7,7,1,4.152600288391113
5856,3,3,1,4.724434852600098
5857,0,0,1,4.829521656036377
5858,7,7,1,12.641876220703125
5859,2,2,1,2.6896748542785645
5860,0,0,1,3.3812601566314697
5861,1,1,1,10.163434982299805
5862,2,3,0,0.9418046474456787
5863,4,4,1,9.871329307556152
5864,9,9,1,4.516579627990723
5865,6,6,1,7.300004959106445
5866,4,4,1,7.350170612335205
5867,5,3,0,0.28360721468925476
5868,9,9,1,5.754279136657715
5869,7,7,1,0.9926101565361023
5870,7,4,0,0.3281349837779999
5871,6,3,0,-1.020301342010498
5872,7,7,1,7.0884599685668945
5873,4,4,1,2.2083303928375244
5874,3,3,1,5.32664680480957
5875,1,1,1,13.035043716430664
5876,6,6,1,4.651061058044434
5877,9,9,1,11.782334327697754
5878,4,4,1,4.321777820587158
5879,8,8,1,3.9882543087005615
5880,0,0,1,9.445429801940918
5881,3,5,0,2.2745771408081055
5882,1,9,0,6.146161079406738
5883,6,6,1,2.602969169616699
5884,4,4,1,3.1209523677825928
5885,4,4,1,9.022797584533691
5886,2,3,0,0.999200701713562
5887,1,1,1,10.104856491088867
5888,4,4,1,4.789527416229248
5889,6,6,1,2.010462522506714
5890,3,3,1,0.11992866545915604
5891,0,0,1,7.343532085418701
5892,8,8,1,8.831048011779785
5893,9,9,1,5.583748817443848
5894,7,7,1,10.718441009521484
5895,6,6,1,9.813015937805176
5896,8,8,1,8.527478218078613
5897,4,4,1,2.8626205921173096
5898,8,8,1,8.315418243408203
5899,1,1,1,5.439088821411133
5900,4,4,1,3.259751558303833
5901,5,5,1,4.808518409729004
5902,9,9,1,11.269425392150879
5903,4,4,1,2.4943771362304688
5904,7,7,1,11.577232360839844
5905,1,1,1,6.937778472900391
5906,4,4,1,9.182400703430176
5907,5,5,1,3.0912132263183594
5908,3,2,0,1.7396037578582764
5909,1,1,1,4.343864917755127
5910,2,5,0,0.8316477537155151
5911,6,6,1,3.68092679977417
5912,4,4,1,3.1572179794311523
5913,7,7,1,18.384647369384766
5914,1,1,1,2.197092294692993
5915,5,5,1,0.515538215637207
5916,9,9,1,7.204730033874512
5917,3,2,0,1.0529342889785767
5918,1,1,1,15.46392822265625
5919,4,4,1,6.802670001983643
5920,8,2,0,0.6251027584075928
5921,7,7,1,3.551647901535034
5922,7,7,1,10.26784896850586
5923,0,0,1,7.809962749481201
5924,4,2,0,-1.1366866827011108
5925,3,3,1,3.2345035076141357
5926,4,4,1,3.8398027420043945
5927,6,6,1,7.026231288909912
5928,7,7,1,14.598648071289062
5929,7,7,1,7.157038688659668
5930,5,2,0,0.5066255927085876
5931,4,4,1,3.925626516342163
5932,4,4,1,3.1284372806549072
5933,4,4,1,3.0330097675323486
5934,3,3,1,6.097350120544434
5935,6,6,1,9.694626808166504
5936,6,6,1,10.41816520690918
5937,1,1,1,12.23947811126709
5938,9,9,1,0.6648459434509277
5939,9,9,1,5.925314903259277
5940,7,6,0,1.485039234161377
5941,9,9,1,5.503263473510742
5942,4,4,1,2.3527283668518066
5943,3,3,1,1.9688200950622559
5944,2,2,1,4.972168922424316
5945,9,9,1,6.722959518432617
5946,8,8,1,2.7880747318267822
5947,5,5,1,8.43537712097168
5948,0,0,1,3.198749303817749
5949,6,6,1,1.2222402095794678
5950,9,9,1,4.643148422241211
5951,0,0,1,7.637180328369141
5952,9,1,0,-0.6256918907165527
5953,7,7,1,8.847455978393555
5954,8,8,1,4.230511665344238
5955,5,0,0,0.3434261679649353
5956,4,4,1,4.413824558258057
5957,4,4,1,6.531487941741943
5958,9,9,1,4.966367721557617
5959,4,4,1,1.5249460935592651
5960,2,2,1,0.7124001979827881
5961,6,6,1,5.419641494750977
5962,6,6,1,1.643736720085144
5963,9,9,1,1.9985097646713257
5964,9,9,1,11.517970085144043
5965,7,7,1,8.235614776611328
5966,9,9,1,5.372371673583984
5967,9,9,1,10.045994758605957
5968,0,0,1,7.1178693771362305
5969,5,5,1,5.282925605773926
5970,1,1,1,15.425414085388184
5971,1,1,1,8.592432022094727
5972,8,8,1,7.419085502624512
5973,6,6,1,5.415482521057129
5974,9,9,1,8.565937042236328
5975,9,9,1,0.9289627075195312
5976,5,5,1,5.48923397064209
5977,6,3,0,0.5098747611045837
5978,5,9,0,-0.7921895980834961
5979,5,5,1,1.8086767196655273
5980,9,9,1,9.230425834655762
5981,7,7,1,6.589513778686523
5982,9,9,1,5.719369411468506
5983,4,4,1,8.06676197052002
5984,5,5,1,3.12823486328125
5985,4,4,1,5.869653224945068
5986,3,3,1,1.8854187726974487
5987,3,2,0,-0.5559079051017761
5988,9,9,1,10.996516227722168
5989,8,8,1,11.19290828704834
5990,8,0,0,4.067002296447754
5991,3,5,0,0.6474388837814331
5992,4,4,1,3.029508113861084
5993,8,8,1,6.648268222808838
5994,4,7,0,1.7004584074020386
5995,0,0,1,5.965502738952637
5996,4,6,0,-0.03480816259980202
5997,0,0,1,7.516406059265137
5998,7,7,1,5.361426830291748
5999,2,0,0,2.919905424118042
6000,8,8,1,2.9592933654785156
6001,0,0,1,6.766037940979004
6002,2,2,1,2.4362916946411133
6003,0,0,1,3.6364219188690186
6004,7,7,1,10.292949676513672
6005,4,4,1,6.0706706047058105
6006,0,0,1,2.0113537311553955
6007,6,6,1,11.539875030517578
6008,3,2,0,2.5764503479003906
6009,3,4,0,-0.19152234494686127
6010,1,1,1,3.461947202682495
6011,7,7,1,9.407943725585938
6012,4,4,1,3.566215753555298
6013,6,6,1,8.122669219970703
6014,5,4,0,1.914084553718567
6015,0,0,1,2.2728447914123535
6016,4,6,0,2.1859006881713867
6017,9,9,1,2.4927029609680176
6018,5,5,1,3.937234878540039
6019,6,6,1,11.496881484985352
6020,6,6,1,11.673469543457031
6021,3,5,0,1.0637620687484741
6022,0,0,1,-0.38062620162963867
6023,5,3,0,1.4848910570144653
6024,2,3,0,-0.02837635576725006
6025,6,6,1,-0.6382187008857727
6026,3,3,1,2.3420841693878174
6027,3,3,1,1.5707861185073853
6028,8,1,0,0.08028140664100647
6029,0,0,1,4.337498188018799
6030,8,8,1,3.937643051147461
6031,5,5,1,6.505723476409912
6032,4,4,1,9.208917617797852
6033,2,2,1,4.783413887023926
6034,9,9,1,9.248946189880371
6035,5,5,1,3.757863998413086
6036,0,0,1,8.375685691833496
6037,5,5,1,5.195964813232422
6038,4,4,1,3.66420316696167
6039,8,8,1,4.438301086425781
6040,2,5,0,-0.35346221923828125
6041,7,7,1,6.676767349243164
6042,6,6,1,1.8263155221939087
6043,5,2,0,1.4745370149612427
6044,7,3,0,0.2325703650712967
6045,8,8,1,10.343522071838379
6046,2,2,1,8.754084587097168
6047,0,0,1,4.721126079559326
6048,1,1,1,19.75007438659668
6049,8,8,1,9.387667655944824
6050,2,2,1,1.5057896375656128
6051,4,4,1,3.1079134941101074
6052,8,8,1,5.684606552124023
6053,4,4,1,2.256040573120117
6054,3,3,1,1.2666709423065186
6055,0,0,1,2.417501211166382
6056,4,4,1,5.490024089813232
6057,0,0,1,5.075534820556641
6058,1,1,1,7.3746771812438965
6059,9,9,1,10.405253410339355
6060,3,3,1,1.945246934890747
6061,0,0,1,4.572432041168213
6062,3,3,1,-0.019561268389225006
6063,6,4,0,3.584285259246826
6064,5,5,1,6.200776100158691
6065,5,5,1,0.7659003734588623
6066,2,2,1,0.9116044640541077
6067,8,8,1,2.9995954036712646
6068,5,3,0,4.581606864929199
6069,0,0,1,3.7331933975219727
6070,8,8,1,3.7509520053863525
6071,7,7,1,2.2116034030914307
6072,5,5,1,3.8188247680664062
6073,2,3,0,2.2754833698272705
6074,4,4,1,0.5622562170028687
6075,3,3,1,7.3083086013793945
6076,7,7,1,-0.6254227757453918
6077,0,8,0,2.7761807441711426
6078,2,2,1,9.064291954040527
6079,3,3,1,3.045297145843506
6080,1,1,1,17.01589584350586
6081,0,0,1,8.067249298095703
6082,0,0,1,5.519790172576904
6083,2,2,1,-1.0550706386566162
6084,1,1,1,9.266712188720703
6085,2,3,0,0.7347070574760437
6086,1,1,1,12.256950378417969
6087,4,4,1,3.572303533554077
6088,6,6,1,6.1950154304504395
6089,7,7,1,14.668951988220215
6090,1,1,1,13.779151916503906
6091,0,0,1,9.688932418823242
6092,5,5,1,3.077878475189209
6093,2,2,1,7.894296646118164
6094,5,5,1,3.4117915630340576
6095,9,9,1,8.615684509277344
6096,2,2,1,3.778658390045166
6097,5,5,1,4.171502113342285
6098,6,6,1,3.7096714973449707
6099,7,7,1,18.276296615600586
6100,1,1,1,3.905148506164551
6101,9,9,1,5.524913787841797
6102,3,3,1,0.9097874760627747
6103,6,8,0,0.2929833233356476
6104,1,1,1,17.662776947021484
6105,0,0,1,7.549351215362549
6106,2,2,1,10.26620101928711
6107,9,9,1,13.791775703430176
6108,4,4,1,5.542495250701904
6109,2,4,0,1.2964991331100464
6110,9,9,1,10.586723327636719
6111,3,3,1,2.1468255519866943
6112,8,8,1,5.674725532531738
6113,2,2,1,2.7208333015441895
6114,9,9,1,11.39697551727295
6115,8,8,1,13.173115730285645
6116,5,5,1,4.528560161590576
6117,1,1,1,12.03785514831543
6118,0,0,1,2.208075761795044
6119,1,1,1,10.755979537963867
6120,5,5,1,3.489581346511841
6121,2,2,1,7.700454235076904
6122,5,3,0,4.070972442626953
6123,6,6,1,6.185242652893066
6124,8,8,1,9.239445686340332
6125,8,8,1,3.095210313796997
6126,3,3,1,3.768399715423584
6127,5,2,0,2.105970859527588
6128,0,0,1,3.6300289630889893
6129,4,4,1,2.1766581535339355
6130,1,1,1,9.908648490905762
6131,3,3,1,6.950984001159668
6132,7,7,1,12.844057083129883
6133,0,0,1,4.4673261642456055
6134,3,0,0,-0.7069739103317261
6135,3,3,1,0.9728554487228394
6136,9,9,1,3.4538729190826416
6137,2,2,1,2.7157888412475586
6138,3,0,0,1.3926823139190674
6139,9,9,1,10.031550407409668
6140,9,9,1,9.624433517456055
6141,8,8,1,2.531594753265381
6142,5,5,1,0.7050029039382935
6143,9,9,1,6.806626796722412
6144,7,7,1,2.2342514991760254
6145,2,3,0,2.858412981033325
6146,0,0,1,1.4822601079940796
6147,9,9,1,5.126181125640869
6148,4,4,1,5.546919822692871
6149,7,7,1,14.248461723327637
6150,1,1,1,13.492669105529785
6151,7,4,0,3.736272096633911
6152,6,6,1,2.1232187747955322
6153,4,4,1,1.5131418704986572
6154,4,4,1,5.381021022796631
6155,8,8,1,11.625419616699219
6156,9,9,1,9.314064979553223
6157,0,0,1,8.274505615234375
6158,7,7,1,2.7269344329833984
6159,1,1,1,9.924797058105469
6160,2,2,1,3.3430089950561523
6161,4,4,1,4.094491004943848
6162,0,0,1,1.769553780555725
6163,3,3,1,1.5021992921829224
6164,7,7,1,5.231973648071289
6165,5,5,1,5.318973064422607
6166,1,1,1,8.526039123535156
6167,9,9,1,-0.43828415870666504
6168,3,5,0,0.9832109212875366
6169,5,5,1,2.7023210525512695
6170,2,6,0,-1.2084251642227173
6171,4,4,1,0.35239729285240173
6172,1,1,1,6.821049213409424
6173,1,1,1,12.298340797424316
6174,3,8,0,1.270090103149414
6175,3,3,1,3.1390957832336426
6176,9,9,1,6.565455436706543
6177,2,2,1,0.6442036628723145
6178,5,5,1,2.172649621963501
6179,8,8,1,6.995216369628906
6180,0,2,0,0.7606233358383179
6181,8,1,0,0.6569768786430359
6182,1,1,1,9.736847877502441
6183,5,5,1,4.544642448425293
6184,1,1,1,13.368208885192871
6185,5,5,1,1.414277195930481
6186,9,9,1,11.920127868652344
6187,0,0,1,5.804415225982666
6188,9,9,1,4.05470085144043
6189,2,2,1,5.292867183685303
6190,4,7,0,-0.2693992853164673
6191,0,0,1,3.468665838241577
6192,6,6,1,11.811905860900879
6193,9,9,1,3.569894313812256
6194,1,1,1,2.9955873489379883
6195,1,1,1,-1.6889681816101074
6196,3,3,1,4.092068672180176
6197,4,4,1,0.9692243933677673
6198,9,9,1,17.011709213256836
6199,5,5,1,9.874993324279785
6200,3,3,1,3.4778053760528564
6201,3,3,1,3.2806191444396973
6202,3,2,0,0.12394023686647415
6203,3,3,1,13.392095565795898
6204,4,7,0,2.3729677200317383
6205,1,1,1,16.329021453857422
6206,5,3,0,0.5808566808700562
6207,9,9,1,14.525351524353027
6208,8,8,1,9.217155456542969
6209,7,7,1,8.017963409423828
6210,4,4,1,0.7556428909301758
6211,8,8,1,9.440945625305176
6212,7,7,1,5.506361961364746
6213,3,6,0,0.4939363896846771
6214,5,5,1,5.2896013259887695
6215,2,2,1,0.3351961374282837
6216,5,5,1,8.697361946105957
6217,8,8,1,6.814101219177246
6218,9,9,1,2.150205135345459
6219,7,7,1,5.847912788391113
6220,2,2,1,9.534173011779785
6221,0,0,1,5.50432014465332
6222,0,0,1,2.437986373901367
6223,7,7,1,13.185599327087402
6224,5,5,1,4.087684631347656
6225,3,3,1,8.708123207092285
6226,5,7,0,5.553481578826904
6227,7,3,0,2.934054374694824
6228,4,4,1,3.7125930786132812
6229,6,6,1,4.946377754211426
6230,2,2,1,3.9278669357299805
6231,8,8,1,-0.30794408917427063
6232,2,2,1,3.0078835487365723
6233,7,7,1,15.845891952514648
6234,7,7,1,4.106599807739258
6235,6,6,1,3.9259021282196045
6236,1,1,1,9.796842575073242
6237,3,3,1,8.37325668334961
6238,8,8,1,8.118159294128418
6239,6,6,1,4.995763778686523
6240,2,2,1,9.712143898010254
6241,0,0,1,3.3409035205841064
6242,4,0,0,1.2884002923965454
6243,4,2,0,2.001251220703125
6244,8,8,1,7.724933624267578
6245,6,6,1,2.9833450317382812
6246,4,4,1,11.136788368225098
6247,0,0,1,6.359996318817139
6248,2,2,1,6.290101051330566
6249,5,5,1,3.317355155944824
6250,4,4,1,11.318968772888184
6251,1,1,1,4.881742477416992
6252,2,2,1,8.906065940856934
6253,5,4,0,3.3457229137420654
6254,4,4,1,7.848124027252197
6255,6,6,1,9.510834693908691
6256,9,9,1,7.872926235198975
6257,5,2,0,2.951056480407715
6258,0,0,1,3.94494366645813
6259,5,5,1,6.200397491455078
6260,2,2,1,-0.5324864983558655
6261,0,0,1,4.12719202041626
6262,8,8,1,7.321621894836426
6263,2,2,1,6.721312522888184
6264,6,6,1,3.1600501537323
6265,4,6,0,1.1358681917190552
6266,7,7,1,9.801250457763672
6267,9,9,1,10.509757041931152
6268,5,5,1,8.993863105773926
6269,7,7,1,10.896974563598633
6270,2,2,1,5.657126426696777
6271,6,3,0,1.5151827335357666
6272,2,3,0,0.9051573276519775
6273,1,1,1,3.884666919708252
6274,9,9,1,8.313353538513184
6275,9,9,1,8.024191856384277
6276,7,7,1,5.12394380569458
6277,2,2,1,1.6037930250167847
6278,5,5,1,4.999027252197266
6279,1,1,1,13.122090339660645
6280,8,8,1,0.2404918223619461
6281,1,1,1,4.90427303314209
6282,6,6,1,5.754581928253174
6283,3,3,1,1.468974232673645
6284,0,0,1,6.916891574859619
6285,8,8,1,9.182822227478027
6286,8,8,1,4.757236003875732
6287,5,5,1,5.178884506225586
6288,6,6,1,5.460746765136719
6289,9,9,1,9.842127799987793
6290,9,9,1,0.39626097679138184
6291,9,9,1,12.972634315490723
6292,6,6,1,9.789984703063965
6293,3,5,0,9.14231014251709
6294,0,0,1,2.9152276515960693
6295,8,8,1,8.356791496276855
6296,8,8,1,3.4738502502441406
6297,5,5,1,4.2842278480529785
6298,3,3,1,1.2873046398162842
6299,3,2,0,4.261630535125732
6300,1,1,1,13.64638900756836
6301,1,1,1,13.437261581420898
6302,0,0,1,2.2871274948120117
6303,7,7,1,-0.05126243457198143
6304,0,0,1,7.117774486541748
6305,6,6,1,2.5346009731292725
6306,0,0,1,11.385917663574219
6307,4,7,0,2.968214273452759
6308,4,4,1,5.465230941772461
6309,6,6,1,4.174846172332764
6310,5,5,1,7.470569133758545
6311,3,3,1,3.255831003189087
6312,2,2,1,9.402254104614258
6313,9,9,1,13.974337577819824
6314,6,2,0,1.5560225248336792
6315,6,6,1,1.9527868032455444
6316,7,7,1,10.981029510498047
6317,9,9,1,0.15274940431118011
6318,7,7,1,7.938901901245117
6319,7,7,1,10.347914695739746
6320,0,0,1,0.8555214405059814
6321,8,8,1,4.4431538581848145
6322,4,4,1,-0.4265279471874237
6323,2,2,1,4.774096965789795
6324,7,7,1,13.100236892700195
6325,7,7,1,17.473936080932617
6326,7,8,0,1.1509723663330078
6327,4,4,1,6.912448883056641
6328,0,0,1,0.5396192669868469
6329,1,3,0,0.9714834094047546
6330,6,6,1,0.40759241580963135
6331,0,0,1,2.318037509918213
6332,5,5,1,8.863139152526855
6333,3,3,1,7.198391914367676
6334,0,0,1,-0.21444171667099
6335,2,2,1,8.169107437133789
6336,4,4,1,10.798615455627441
6337,9,9,1,10.216835021972656
6338,7,7,1,1.8872655630111694
6339,3,3,1,2.3375110626220703
6340,3,3,1,3.6248276233673096
6341,2,2,1,6.361090660095215
6342,8,8,1,6.569066047668457
6343,8,8,1,8.322142601013184
6344,5,5,1,3.6425704956054688
6345,3,3,1,1.6453652381896973
6346,8,8,1,6.9944868087768555
6347,0,0,1,9.079370498657227
6348,8,8,1,7.526544094085693
6349,0,0,1,2.0804059505462646
6350,0,0,1,1.344147801399231
6351,0,0,1,3.032313346862793
6352,2,2,1,3.629944324493408
6353,2,8,0,1.1734243631362915
6354,7,7,1,3.4972083568573
6355,0,0,1,3.3989498615264893
6356,7,7,1,14.304758071899414
6357,7,7,1,8.208820343017578
6358,7,7,1,-0.25185322761535645
6359,2,2,1,0.8024669289588928
6360,2,2,1,7.4133172035217285
6361,0,0,1,3.093388557434082
6362,4,4,1,8.032877922058105
6363,0,0,1,9.44594955444336
6364,3,3,1,1.194394588470459
6365,7,7,1,7.72116756439209
6366,8,8,1,8.19922924041748
6367,4,4,1,3.0736887454986572
6368,7,7,1,12.259256362915039
6369,9,9,1,4.9762187004089355
6370,6,6,1,6.1143598556518555
6371,1,1,1,5.132150650024414
6372,1,0,0,1.7061700820922852
6373,6,6,1,3.222411870956421
6374,9,9,1,5.665743827819824
6375,3,3,1,5.233464241027832
6376,8,8,1,6.400087356567383
6377,9,9,1,10.940354347229004
6378,5,3,0,2.199007272720337
6379,8,8,1,0.49002495408058167
6380,3,3,1,2.115368127822876
6381,9,9,1,8.780287742614746
6382,4,4,1,4.5634965896606445
6383,3,2,0,1.5186680555343628
6384,7,7,1,5.672327995300293
6385,5,5,1,3.057957649230957
6386,5,5,1,1.4638532400131226
6387,2,2,1,6.225992679595947
6388,7,7,1,6.939757823944092
6389,5,5,1,2.5204551219940186
6390,7,7,1,15.511773109436035
6391,9,2,0,1.3605329990386963
6392,6,6,1,9.254777908325195
6393,3,3,1,2.8179593086242676
6394,0,0,1,7.726230621337891
6395,8,8,1,3.6056435108184814
6396,4,4,1,2.039841651916504
6397,5,5,1,6.261262893676758
6398,6,6,1,3.8628151416778564
6399,1,1,1,13.519735336303711
6400,0,0,1,7.045377254486084
6401,4,4,1,3.2828664779663086
6402,8,8,1,2.933077335357666
6403,4,4,1,8.767707824707031
6404,7,7,1,13.008694648742676
6405,1,1,1,2.3842315673828125
6406,3,3,1,2.936182737350464
6407,2,2,1,8.21071720123291
6408,0,0,1,8.688468933105469
6409,9,9,1,7.264601707458496
6410,1,1,1,5.184775352478027
6411,8,8,1,11.114856719970703
6412,8,0,0,4.239096164703369
6413,6,6,1,3.715139150619507
6414,8,8,1,5.1813530921936035
6415,1,1,1,6.644025802612305
6416,7,7,1,8.169251441955566
6417,1,1,1,12.07991886138916
6418,0,0,1,5.406149387359619
6419,9,8,0,4.328787803649902
6420,7,7,1,2.425562620162964
6421,6,4,0,1.1309159994125366
6422,4,4,1,5.888154029846191
6423,5,4,0,3.9827377796173096
6424,8,8,1,2.4071717262268066
6425,2,2,1,3.2683262825012207
6426,1,1,1,5.773612976074219
6427,2,2,1,10.263139724731445
6428,5,6,0,0.4082699716091156
6429,8,8,1,2.5147511959075928
6430,1,1,1,5.79171895980835
6431,1,1,1,15.286125183105469
6432,8,8,1,2.0699198246002197
6433,8,8,1,1.6834123134613037
6434,0,8,0,5.527163505554199
6435,9,9,1,10.785624504089355
6436,0,0,1,3.309319496154785
6437,0,0,1,3.800184965133667
6438,4,4,1,3.8370754718780518
6439,3,4,0,2.507601022720337
6440,3,3,1,-0.04153776913881302
6441,5,5,1,1.2492021322250366
6442,6,7,0,0.42157864570617676
6443,6,2,0,4.22670316696167
6444,3,5,0,2.579622983932495
6445,1,1,1,5.962508678436279
6446,4,2,0,2.345754861831665
6447,4,4,1,-0.6090806126594543
6448,7,7,1,10.446855545043945
6449,8,8,1,6.942354202270508
6450,0,0,1,2.2853219509124756
6451,1,1,1,11.389470100402832
6452,4,4,1,2.000377893447876
6453,8,8,1,3.4211177825927734
6454,4,4,1,1.6181795597076416
6455,6,6,1,8.36782455444336
6456,2,2,1,7.637420654296875
6457,2,2,1,4.71835470199585
6458,2,2,1,8.866313934326172
6459,6,6,1,13.686758041381836
6460,3,3,1,4.908213138580322
6461,4,4,1,8.5545072555542
6462,0,0,1,5.31658411026001
6463,8,8,1,6.941027641296387
6464,1,9,0,1.6852251291275024
6465,3,3,1,1.058333158493042
6466,8,1,0,-0.4065876305103302
6467,3,3,1,5.6045451164245605
6468,8,8,1,6.3114213943481445
6469,9,9,1,5.573963165283203
6470,1,1,1,4.802556991577148
6471,6,6,1,3.169320583343506
6472,1,1,1,11.877410888671875
6473,9,9,1,3.618809938430786
6474,8,8,1,5.8350324630737305
6475,2,2,1,3.4100265502929688
6476,0,0,1,10.470277786254883
6477,4,4,1,5.853756904602051
6478,7,7,1,4.0235276222229
6479,4,4,1,7.622262477874756
6480,0,0,1,0.2037084698677063
6481,0,0,1,2.6143665313720703
6482,7,7,1,7.815613746643066
6483,6,6,1,11.277120590209961
6484,8,8,1,2.7470860481262207
6485,9,9,1,11.580016136169434
6486,8,8,1,1.6122186183929443
6487,6,6,1,6.976234436035156
6488,2,2,1,1.9897167682647705
6489,8,8,1,6.216616153717041
6490,8,1,0,4.729798316955566
6491,0,0,1,1.9687234163284302
6492,1,1,1,13.538729667663574
6493,1,7,0,0.8424375653266907
6494,0,6,0,1.3681625127792358
6495,7,7,1,7.7662763595581055
6496,7,7,1,-0.2315274327993393
6497,4,5,0,0.7445138692855835
6498,4,4,1,0.7926754951477051
6499,7,3,0,0.22066952288150787
6500,7,7,1,4.379351615905762
6501,2,2,1,0.42229822278022766
6502,6,6,1,4.545506000518799
6503,6,6,1,11.707454681396484
6504,7,7,1,14.475988388061523
6505,4,9,0,0.35167646408081055
6506,5,5,1,-0.49295303225517273
6507,4,4,1,1.1714993715286255
6508,0,0,1,5.910711288452148
6509,9,9,1,12.912768363952637
6510,4,4,1,2.8721437454223633
6511,7,7,1,10.421382904052734
6512,2,2,1,2.0854806900024414
6513,5,5,1,6.80975866317749
6514,3,2,0,1.8159664869308472
6515,2,2,1,8.472875595092773
6516,2,2,1,4.509389400482178
6517,7,7,1,13.046270370483398
6518,6,6,1,9.85112190246582
6519,2,2,1,10.98953628540039
6520,6,6,1,5.5742902755737305
6521,4,4,1,3.0437488555908203
6522,9,1,0,7.3213419914245605
6523,6,6,1,6.658059120178223
6524,8,0,0,-0.6957224011421204
6525,3,3,1,0.5976232886314392
6526,8,8,1,7.960373878479004
6527,5,5,1,2.2595913410186768
6528,5,5,1,1.2186193466186523
6529,2,2,1,3.213139533996582
6530,3,3,1,3.9680235385894775
6531,4,4,1,4.234480857849121
6532,5,5,1,1.1857348680496216
6533,2,2,1,3.4567172527313232
6534,7,7,1,10.359378814697266
6535,5,5,1,4.596161842346191
6536,1,1,1,9.831108093261719
6537,5,5,1,3.3364129066467285
6538,3,3,1,1.300936222076416
6539,7,7,1,3.9804580211639404
6540,8,8,1,4.7090911865234375
6541,8,0,0,6.531622409820557
6542,9,9,1,3.2678465843200684
6543,6,6,1,-0.3436240553855896
6544,0,8,0,2.7219738960266113
6545,9,0,0,3.624735116958618
6546,2,2,1,7.128927230834961
6547,6,6,1,2.708453893661499
6548,0,0,1,2.1870486736297607
6549,0,0,1,1.23312509059906
6550,1,1,1,16.104297637939453
6551,4,4,1,5.635621547698975
6552,1,1,1,6.395583152770996
6553,3,3,1,0.28797492384910583
6554,5,5,1,4.325991153717041
6555,1,1,1,18.988170623779297
6556,8,8,1,4.498479843139648
6557,9,9,1,8.63670825958252
6558,6,3,0,3.486754894256592
6559,2,4,0,3.3792884349823
6560,6,6,1,3.8818323612213135
6561,9,9,1,3.0822129249572754
6562,5,0,0,0.4898362457752228
6563,6,6,1,6.820657253265381
6564,5,5,1,6.074167251586914
6565,9,9,1,5.851520538330078
6566,1,0,0,0.5413423776626587
6567,4,4,1,3.9728777408599854
6568,2,2,1,11.247547149658203
6569,8,8,1,-0.5190913081169128
6570,9,9,1,3.9343533515930176
6571,5,5,1,4.730564594268799
6572,4,4,1,5.533319473266602
6573,7,7,1,8.113739013671875
6574,0,0,1,4.4641218185424805
6575,3,3,1,7.0305070877075195
6576,7,7,1,4.01228666305542
6577,1,9,0,-0.29275983572006226
6578,6,6,1,8.39565372467041
6579,9,9,1,5.453800678253174
6580,1,2,0,-1.8784441947937012
6581,1,1,1,3.8012242317199707
6582,4,4,1,11.574664115905762
6583,0,0,1,2.3158507347106934
6584,5,5,1,0.6820179224014282
6585,1,1,1,6.36152458190918
6586,6,6,1,8.662960052490234
6587,3,3,1,3.682903289794922
6588,0,6,0,0.8014942407608032
6589,2,2,1,9.596465110778809
6590,5,5,1,2.459860324859619
6591,5,5,1,0.7752923369407654
6592,5,5,1,6.464968681335449
6593,2,2,1,7.087855815887451
6594,8,8,1,2.774925470352173
6595,2,2,1,0.00433999951928854
6596,3,2,0,2.0526914596557617
6597,1,1,1,13.404197692871094
6598,6,6,1,6.62656307220459
6599,2,2,1,1.5286352634429932
6600,7,7,1,10.698772430419922
6601,0,0,1,3.2348172664642334
6602,8,8,1,7.073924541473389
6603,9,9,1,6.514520168304443
6604,2,2,1,4.112994194030762
6605,6,6,1,2.3142831325531006
6606,4,2,0,2.0738470554351807
6607,7,7,1,3.636674404144287
6608,5,3,0,0.17928431928157806
6609,5,5,1,9.171182632446289
6610,8,8,1,4.072150230407715
6611,8,8,1,10.291474342346191
6612,7,7,1,13.11988639831543
6613,8,0,0,2.559964179992676
6614,5,5,1,2.8253674507141113
6615,7,7,1,9.822205543518066
6616,4,4,1,7.239278316497803
6617,4,4,1,11.411784172058105
6618,0,0,1,9.78912353515625
6619,0,0,1,5.587691783905029
6620,7,7,1,8.07201862335205
6621,0,0,1,8.189786911010742
6622,4,4,1,10.195050239562988
6623,0,0,1,4.1406965255737305
6624,4,6,0,3.2372233867645264
6625,4,2,0,0.9236939549446106
6626,2,2,1,7.475961208343506
6627,5,3,0,1.3221515417099
6628,4,5,0,-1.047230839729309
6629,0,0,1,5.560988426208496
6630,7,7,1,7.282590866088867
6631,7,3,0,-0.16326378285884857
6632,7,7,1,1.1480928659439087
6633,0,0,1,3.7803902626037598
6634,4,5,0,-0.13998548686504364
6635,6,6,1,10.107865333557129
6636,2,2,1,5.413846969604492
6637,9,9,1,0.7936462163925171
6638,1,1,1,6.370990753173828
6639,1,1,1,5.051399230957031
6640,5,3,0,2.6760401725769043
6641,0,0,1,0.5006133317947388
6642,9,9,1,2.558664321899414
6643,1,1,1,6.293643474578857
6644,0,0,1,8.575798988342285
6645,6,6,1,5.663595199584961
6646,5,5,1,1.3434818983078003
6647,3,3,1,0.5686101317405701
6648,0,0,1,3.938236951828003
6649,9,1,0,3.0812196731567383
6650,0,0,1,8.955803871154785
6651,6,6,1,6.374987602233887
6652,2,2,1,4.010994911193848
6653,0,7,0,-0.13387222588062286
6654,4,4,1,6.880468368530273
6655,1,1,1,6.115212440490723
6656,6,6,1,0.29994726181030273
6657,7,7,1,11.190807342529297
6658,6,6,1,7.46610689163208
6659,1,1,1,1.8332754373550415
6660,0,0,1,8.117405891418457
6661,4,4,1,2.166541814804077
6662,6,6,1,5.814937591552734
6663,0,0,1,5.837648391723633
6664,4,4,1,5.5694403648376465
6665,4,4,1,4.08060359954834
6666,2,2,1,1.9676083326339722
6667,7,7,1,2.65928053855896
6668,6,6,1,7.021040439605713
6669,5,2,0,1.1659789085388184
6670,3,3,1,1.056424856185913
6671,5,5,1,4.367790222167969
6672,9,9,1,15.428196907043457
6673,4,4,1,2.4397521018981934
6674,5,5,1,12.179131507873535
6675,2,2,1,3.4820611476898193
6676,0,0,1,11.200624465942383
6677,5,5,1,4.904651641845703
6678,7,2,0,2.1555254459381104
6679,2,2,1,6.80191707611084
6680,3,3,1,5.021250247955322
6681,9,9,1,3.805053234100342
6682,4,4,1,8.671711921691895
6683,5,5,1,5.772770881652832
6684,8,8,1,5.908578872680664
6685,1,2,0,-0.10175728052854538
6686,9,9,1,6.217315673828125
6687,3,3,1,3.1798088550567627
6688,1,1,1,0.8068155646324158
6689,8,8,1,8.73603630065918
6690,5,5,1,1.0641956329345703
6691,8,8,1,6.090262413024902
6692,6,6,1,3.6458985805511475
6693,6,6,1,4.942252159118652
6694,3,3,1,4.777519702911377
6695,4,4,1,3.527583360671997
6696,0,0,1,4.643413066864014
6697,2,3,0,1.9575927257537842
6698,3,3,1,5.291234493255615
6699,2,2,1,3.8245933055877686
6700,6,6,1,3.6039764881134033
6701,1,1,1,16.549774169921875
6702,8,2,0,0.49712324142456055
6703,2,3,0,0.47562912106513977
6704,1,1,1,5.636641979217529
6705,3,3,1,3.388495683670044
6706,6,3,0,0.8032627701759338
6707,2,3,0,-0.3402431309223175
6708,2,2,1,3.6951828002929688
6709,3,3,1,3.526763677597046
6710,3,3,1,6.022890090942383
6711,5,5,1,9.116286277770996
6712,0,0,1,7.079873561859131
6713,2,4,0,1.041063666343689
6714,1,1,1,14.767279624938965
6715,2,2,1,0.9695844054222107
6716,8,8,1,9.454726219177246
6717,0,0,1,1.8056339025497437
6718,8,8,1,1.0522842407226562
6719,2,0,0,1.437209129333496
6720,2,2,1,8.265467643737793
6721,7,7,1,4.95502233505249
6722,3,3,1,7.068737983703613
6723,5,5,1,4.444970607757568
6724,9,9,1,3.937800168991089
6725,8,8,1,4.382489204406738
6726,3,3,1,3.2589430809020996
6727,6,6,1,1.511875033378601
6728,1,1,1,5.979300498962402
6729,0,0,1,4.5730366706848145
6730,8,0,0,0.722419798374176
6731,6,6,1,5.721481800079346
6732,3,7,0,2.0060226917266846
6733,5,5,1,10.720219612121582
6734,8,8,1,12.782110214233398
6735,9,9,1,2.750875234603882
6736,4,4,1,1.247992992401123
6737,8,8,1,4.161291122436523
6738,0,0,1,6.248822212219238
6739,0,0,1,5.677488327026367
6740,2,2,1,10.367436408996582
6741,9,0,0,1.9457135200500488
6742,1,1,1,15.364190101623535
6743,8,8,1,5.844270706176758
6744,3,3,1,4.016698360443115
6745,7,7,1,6.066363334655762
6746,2,2,1,0.7329620718955994
6747,8,8,1,7.0551042556762695
6748,0,2,0,1.704979658126831
6749,9,9,1,9.89533519744873
6750,4,3,0,6.588639259338379
6751,8,8,1,5.1597161293029785
6752,9,9,1,4.743809700012207
6753,4,0,0,-0.6083406805992126
6754,8,8,1,9.072239875793457
6755,9,9,1,5.165558815002441
6756,5,5,1,0.9775857329368591
6757,4,4,1,9.365790367126465
6758,8,8,1,7.785576820373535
6759,1,9,0,3.9547624588012695
6760,5,5,1,1.6147329807281494
6761,5,5,1,3.3862576484680176
6762,7,7,1,4.517419815063477
6763,2,2,1,0.2600112557411194
6764,5,5,1,0.40659964084625244
6765,8,8,1,2.1853065490722656
6766,8,8,1,9.058688163757324
6767,1,1,1,7.448613166809082
6768,2,2,1,6.099894046783447
6769,3,3,1,2.5053927898406982
6770,1,1,1,10.332250595092773
6771,5,3,0,0.9082173109054565
6772,0,3,0,0.08211583644151688
6773,2,2,1,6.8675642013549805
6774,3,7,0,0.7624576687812805
6775,0,2,0,2.688014268875122
6776,8,8,1,7.994320869445801
6777,2,2,1,7.514193058013916
6778,2,2,1,3.230879545211792
6779,8,1,0,3.6990702152252197
6780,7,7,1,14.272784233093262
6781,3,3,1,4.566886901855469
6782,5,5,1,4.486538887023926
6783,3,6,0,2.6054635047912598
6784,9,9,1,1.3041608333587646
6785,6,4,0,2.3657572269439697
6786,3,3,1,1.9049513339996338
6787,5,5,1,2.099972724914551
6788,1,1,1,8.895403861999512
6789,1,1,1,7.3536376953125
6790,7,7,1,8.902292251586914
6791,7,7,1,3.8054888248443604
6792,3,1,0,1.0435354709625244
6793,3,3,1,2.0085113048553467
6794,8,8,1,6.952831745147705
6795,9,7,0,-0.7803136706352234
6796,6,6,1,2.47725248336792
6797,0,0,1,6.955733299255371
6798,8,8,1,6.113218784332275
6799,0,0,1,1.3240092992782593
6800,6,6,1,11.085894584655762
6801,6,6,1,7.1977739334106445
6802,4,4,1,5.913290977478027
6803,6,6,1,9.053079605102539
6804,9,9,1,2.552678108215332
6805,1,1,1,9.039306640625
6806,1,1,1,14.049560546875
6807,7,7,1,5.37079381942749
6808,0,0,1,3.6934118270874023
6809,6,6,1,1.6729423999786377
6810,8,8,1,6.569567680358887
6811,9,8,0,0.29754456877708435
6812,0,0,1,3.3574986457824707
6813,6,6,1,9.438617706298828
6814,9,9,1,5.349586486816406
6815,0,0,1,7.727534770965576
6816,1,1,1,3.758298873901367
6817,1,1,1,7.500509262084961
6818,7,7,1,8.45331859588623
6819,2,3,0,2.0356953144073486
6820,1,1,1,7.780762672424316
6821,0,0,1,1.261295199394226
6822,4,2,0,1.874264121055603
6823,5,3,0,1.4809608459472656
6824,0,0,1,7.340738773345947
6825,3,3,1,5.314059734344482
6826,6,6,1,3.0977871417999268
6827,3,3,1,2.661755323410034
6828,3,3,1,2.0252695083618164
6829,8,8,1,2.89308762550354
6830,1,1,1,11.614228248596191
6831,8,8,1,9.063994407653809
6832,1,1,1,7.2249932289123535
6833,3,3,1,-0.07000137120485306
6834,1,1,1,7.420282363891602
6835,5,5,1,3.5451858043670654
6836,4,4,1,4.031952381134033
6837,5,5,1,4.642376899719238
6838,1,1,1,3.917067766189575
6839,8,8,1,3.4486405849456787
6840,9,9,1,11.015853881835938
6841,1,1,1,5.409902095794678
6842,3,3,1,0.8091694712638855
6843,1,1,1,12.23788833618164
6844,7,7,1,10.040751457214355
6845,2,3,0,-0.1809965819120407
6846,9,9,1,3.9330897331237793
6847,8,8,1,5.209035873413086
6848,9,9,1,5.107409954071045
6849,4,4,1,4.873481750488281
6850,6,6,1,9.91669750213623
6851,0,8,0,2.728717565536499
6852,9,9,1,3.0387303829193115
6853,4,5,0,1.0807005167007446
6854,0,2,0,2.9181973934173584
6855,4,4,1,4.058065891265869
6856,6,3,0,1.5290942192077637
6857,2,2,1,2.032803773880005
6858,1,1,1,15.64379596710205
6859,3,1,0,3.3199267387390137
6860,0,0,1,3.8270089626312256
6861,8,0,0,2.48317551612854
6862,5,5,1,0.8407884836196899
6863,6,6,1,2.4726085662841797
6864,0,0,1,4.600350856781006
6865,3,3,1,2.0939481258392334
6866,4,4,1,1.7494295835494995
6867,6,6,1,6.617950439453125
6868,9,9,1,6.496654510498047
6869,5,4,0,-0.9253342747688293
6870,7,7,1,11.426698684692383
6871,9,9,1,3.095912218093872
6872,0,0,1,3.2661404609680176
6873,3,3,1,4.584547996520996
6874,6,6,1,5.155549049377441
6875,5,5,1,0.9134501814842224
6876,7,7,1,3.1050140857696533
6877,0,8,0,3.0422523021698
6878,5,5,1,6.369608402252197
6879,1,1,1,7.451936721801758
6880,2,2,1,8.557682991027832
6881,2,2,1,0.4449148178100586
6882,9,9,1,12.197903633117676
6883,7,7,1,8.160651206970215
6884,0,0,1,6.084564685821533
6885,0,0,1,5.680134296417236
6886,1,1,1,18.047983169555664
6887,4,0,0,-1.9024934768676758
6888,4,4,1,7.7844648361206055
6889,5,5,1,5.337895393371582
6890,5,5,1,6.950364589691162
6891,9,9,1,10.684226989746094
6892,6,6,1,2.0160515308380127
6893,3,3,1,7.8047356605529785
6894,6,6,1,6.431778430938721
6895,2,2,1,5.715415000915527
6896,6,6,1,7.572389602661133
6897,9,8,0,3.10037899017334
6898,3,3,1,3.8265955448150635
6899,2,2,1,-0.9081593751907349
6900,3,3,1,-0.027165420353412628
6901,2,9,0,-0.40145546197891235
6902,4,4,1,6.164418697357178
6903,9,9,1,4.063833236694336
6904,5,5,1,5.3533830642700195
6905,2,2,1,10.628608703613281
6906,1,1,1,5.98128604888916
6907,6,6,1,11.290265083312988
6908,6,6,1,11.097835540771484
6909,4,4,1,9.56010913848877
6910,7,7,1,9.447653770446777
6911,6,9,0,-1.4498766660690308
6912,3,3,1,-0.4072505831718445
6913,3,3,1,4.89124059677124
6914,8,8,1,3.9542300701141357
6915,1,1,1,14.478598594665527
6916,4,4,1,0.8749046921730042
6917,6,6,1,8.136003494262695
6918,4,4,1,1.8746308088302612
6919,4,4,1,5.654527187347412
6920,5,5,1,5.590692520141602
6921,6,6,1,1.7513700723648071
6922,2,2,1,2.2285451889038086
6923,0,0,1,4.387609004974365
6924,5,5,1,3.9898810386657715
6925,2,2,1,0.4074355959892273
6926,7,7,1,5.86052131652832
6927,5,5,1,8.608073234558105
6928,2,2,1,7.948855876922607
6929,5,5,1,1.6450414657592773
6930,2,2,1,7.071751117706299
6931,5,5,1,4.797783851623535
6932,9,9,1,6.179248332977295
6933,0,3,0,-1.2892957925796509
6934,6,6,1,3.5401084423065186
6935,7,7,1,7.326963424682617
6936,9,9,1,7.554973602294922
6937,8,8,1,6.9064435958862305
6938,3,3,1,4.4753217697143555
6939,2,2,1,9.918731689453125
6940,1,1,1,15.511724472045898
6941,4,4,1,1.68086576461792
6942,3,3,1,0.9180842041969299
6943,4,4,1,7.87030553817749
6944,5,5,1,4.811191558837891
6945,5,5,1,4.0360565185546875
6946,6,6,1,1.5084660053253174
6947,8,8,1,10.839112281799316
6948,6,3,0,1.6957919597625732
6949,0,0,1,2.5879385471343994
6950,8,0,0,2.6527950763702393
6951,9,9,1,8.717829704284668
6952,8,0,0,3.8722121715545654
6953,0,0,1,4.520981788635254
6954,7,7,1,0.9836010336875916
6955,7,7,1,6.287447452545166
6956,6,6,1,8.107696533203125
6957,6,6,1,3.432929515838623
6958,7,3,0,-2.022601842880249
6959,5,4,0,0.008917350322008133
6960,9,9,1,12.465765953063965
6961,8,8,1,1.7747594118118286
6962,7,7,1,1.0875259637832642
6963,9,9,1,1.8946257829666138
6964,5,5,1,3.5133728981018066
6965,6,6,1,0.6658346652984619
6966,0,3,0,0.19917577505111694
6967,4,4,1,12.719324111938477
6968,8,8,1,1.8428443670272827
6969,2,3,0,-0.3648448884487152
6970,0,2,0,2.1039605140686035
6971,9,9,1,9.429567337036133
6972,1,1,1,14.904314994812012
6973,3,3,1,4.927599906921387
6974,9,9,1,2.023454189300537
6975,8,8,1,3.3020896911621094
6976,3,6,0,-1.266940951347351
6977,7,7,1,6.542577743530273
6978,4,4,1,2.4005963802337646
6979,5,5,1,6.211773872375488
6980,0,0,1,4.451755046844482
6981,2,2,1,1.4011811017990112
6982,1,1,1,11.809585571289062
6983,9,9,1,3.9094128608703613
6984,1,1,1,7.2366485595703125
6985,0,0,1,4.018739700317383
6986,5,5,1,6.324207782745361
6987,8,8,1,2.528045415878296
6988,4,7,0,1.177370309829712
6989,7,7,1,9.84902572631836
6990,3,3,1,1.366739273071289
6991,1,1,1,10.272499084472656
6992,4,4,1,3.099189043045044
6993,5,3,0,5.313091278076172
6994,3,3,1,2.0356502532958984
6995,1,1,1,3.3567237854003906
6996,0,0,1,4.888744831085205
6997,8,3,0,-1.337311029434204
6998,8,8,1,12.45051383972168
6999,8,8,1,7.969635963439941
7000,2,8,0,4.968388080596924
7001,1,1,1,7.796984672546387
7002,3,4,0,3.794217109680176
7003,7,7,1,5.521129608154297
7004,3,3,1,0.9022032618522644
7005,1,1,1,3.8818464279174805
7006,6,6,1,9.99453353881836
7007,9,9,1,11.533121109008789
7008,1,1,1,13.08936882019043
7009,6,2,0,1.1500028371810913
7010,0,0,1,6.459669589996338
7011,7,7,1,2.58074688911438
7012,7,7,1,11.100963592529297
7013,1,1,1,12.19243049621582
7014,3,3,1,7.870698928833008
7015,3,5,0,-0.952194094657898
7016,3,3,1,4.947253704071045
7017,1,1,1,13.24173355102539
7018,0,0,1,7.199326992034912
7019,2,2,1,12.602489471435547
7020,7,7,1,5.160077095031738
7021,1,9,0,2.075831413269043
7022,2,2,1,4.5284342765808105
7023,2,2,1,3.3636817932128906
7024,9,9,1,4.746622085571289
7025,6,6,1,9.971997261047363
7026,3,3,1,-0.0714942216873169
7027,5,5,1,7.806336879730225
7028,9,9,1,5.102656841278076
7029,4,4,1,9.812015533447266
7030,8,8,1,5.612099647521973
7031,0,0,1,9.848896026611328
7032,4,4,1,3.413661479949951
7033,8,8,1,11.326703071594238
7034,0,0,1,6.254227161407471
7035,1,1,1,10.147299766540527
7036,3,3,1,4.8271284103393555
7037,7,7,1,6.347271919250488
7038,0,0,1,2.89546799659729
7039,4,4,1,7.14332914352417
7040,7,7,1,2.0013232231140137
7041,4,0,0,1.5162755250930786
7042,8,8,1,4.763027667999268
7043,6,6,1,7.067419528961182
7044,4,4,1,0.30591246485710144
7045,3,3,1,7.572979927062988
7046,9,9,1,6.732420444488525
7047,8,8,1,5.763278007507324
7048,2,2,1,3.282588481903076
7049,2,2,1,12.642833709716797
7050,8,8,1,6.085049629211426
7051,3,3,1,7.886796951293945
7052,1,1,1,13.597818374633789
7053,1,1,1,10.85573959350586
7054,2,2,1,2.0238888263702393
7055,8,8,1,9.9651517868042
7056,2,0,0,1.6130187511444092
7057,6,6,1,4.989851474761963
7058,9,9,1,6.990764141082764
7059,4,6,0,5.041169166564941
7060,8,8,1,4.47642183303833
7061,4,4,1,-0.22579942643642426
7062,4,4,1,4.020142078399658
7063,1,1,1,3.9472098350524902
7064,5,5,1,4.963881969451904
7065,2,5,0,0.8278999924659729
7066,6,6,1,9.716562271118164
7067,9,9,1,5.575522422790527
7068,2,0,0,8.658506393432617
7069,0,0,1,11.558366775512695
7070,7,7,1,4.57137393951416
7071,1,1,1,2.500307083129883
7072,8,8,1,11.511883735656738
7073,9,9,1,8.310525894165039
7074,3,5,0,0.7036901116371155
7075,9,9,1,9.496380805969238
7076,9,9,1,2.1212544441223145
7077,0,0,1,5.151788234710693
7078,7,7,1,9.160863876342773
7079,7,7,1,3.9863922595977783
7080,5,0,0,1.462704062461853
7081,4,4,1,5.370447635650635
7082,2,8,0,1.9041146039962769
7083,6,6,1,7.804478168487549
7084,4,4,1,4.104403495788574
7085,5,5,1,7.356141567230225
7086,7,7,1,10.657995223999023
7087,7,5,0,3.6050899028778076
7088,8,8,1,12.111369132995605
7089,7,7,1,8.24860668182373
7090,2,2,1,1.0590238571166992
7091,6,3,0,2.888442277908325
7092,2,2,1,7.580079555511475
7093,2,2,1,5.031508445739746
7094,4,4,1,11.437361717224121
7095,4,2,0,1.8245757818222046
7096,0,0,1,3.8904805183410645
7097,7,7,1,3.4554412364959717
7098,1,1,1,12.552260398864746
7099,3,5,0,5.997233867645264
7100,9,9,1,4.335505962371826
7101,6,6,1,13.324862480163574
7102,0,0,1,2.9950215816497803
7103,0,0,1,5.096704006195068
7104,2,1,0,-0.7937663793563843
7105,3,2,0,2.9414994716644287
7106,8,8,1,1.0530765056610107
7107,2,2,1,2.570335865020752
7108,2,2,1,5.520992279052734
7109,4,4,1,9.8878173828125
7110,3,3,1,6.854283332824707
7111,5,5,1,6.894576072692871
7112,2,2,1,4.2537665367126465
7113,9,9,1,4.724209785461426
7114,1,1,1,10.09157943725586
7115,0,0,1,8.194019317626953
7116,0,9,0,0.7630965113639832
7117,6,2,0,-0.5692889094352722
7118,5,5,1,10.784019470214844
7119,5,7,0,0.7488833665847778
7120,7,7,1,5.436888217926025
7121,9,9,1,8.509160041809082
7122,9,9,1,6.387020111083984
7123,6,6,1,9.013575553894043
7124,5,5,1,5.851284980773926
7125,5,3,0,2.0898287296295166
7126,0,8,0,1.8197519779205322
7127,5,8,0,-1.2498859167099
7128,7,7,1,6.307407379150391
7129,1,1,1,12.286700248718262
7130,6,6,1,10.274566650390625
7131,6,6,1,9.929006576538086
7132,4,4,1,9.644944190979004
7133,1,1,1,1.0754458904266357
7134,4,2,0,1.1453953981399536
7135,4,4,1,8.152740478515625
7136,1,1,1,13.471439361572266
7137,5,5,1,3.7575557231903076
7138,0,0,1,2.94834566116333
7139,0,0,1,7.5250244140625
7140,4,4,1,6.322249412536621
7141,5,5,1,6.2007012367248535
7142,8,8,1,6.047521114349365
7143,4,5,0,1.503341555595398
7144,8,8,1,8.602160453796387
7145,3,3,1,1.0662224292755127
7146,0,0,1,4.618089199066162
7147,5,5,1,2.1983530521392822
7148,0,0,1,2.6574883460998535
7149,5,5,1,-0.3725157380104065
7150,3,3,1,0.31826233863830566
7151,1,1,1,9.660951614379883
7152,6,6,1,1.0166312456130981
7153,7,0,0,1.0230579376220703
7154,0,0,1,8.163629531860352
7155,9,9,1,6.680755138397217
7156,1,1,1,14.36185073852539
7157,5,5,1,10.28024959564209
7158,7,7,1,13.498492240905762
7159,6,6,1,4.601696968078613
7160,5,5,1,6.234312534332275
7161,5,5,1,3.685086727142334
7162,5,5,1,7.671830177307129
7163,6,6,1,6.90607213973999
7164,0,0,1,6.173551559448242
7165,0,0,1,3.2988028526306152
7166,1,1,1,7.024715423583984
7167,7,7,1,14.580022811889648
7168,5,3,0,-0.06881267577409744
7169,1,1,1,4.016973972320557
7170,9,9,1,3.0589606761932373
7171,2,2,1,5.360091209411621
7172,4,4,1,3.108290672302246
7173,1,1,1,0.29003462195396423
7174,3,3,1,3.8682467937469482
7175,7,7,1,11.43637466430664
7176,8,3,0,0.5666636824607849
7177,2,2,1,1.8341354131698608
7178,0,0,1,8.357117652893066
7179,9,9,1,11.911517143249512
7180,6,6,1,-0.011671621352434158
7181,6,6,1,7.516512870788574
7182,0,0,1,6.855733394622803
7183,6,3,0,2.3390989303588867
7184,5,5,1,7.364922046661377
7185,8,8,1,2.471630573272705
7186,2,2,1,1.8056408166885376
7187,7,7,1,3.7231411933898926
7188,4,4,1,5.018312454223633
7189,0,0,1,5.352610111236572
7190,2,2,1,14.383135795593262
7191,7,7,1,2.322469472885132
7192,7,7,1,5.609822750091553
7193,8,8,1,3.6986663341522217
7194,8,8,1,6.386669158935547
7195,7,7,1,4.0457563400268555
7196,0,0,1,3.0202465057373047
7197,4,4,1,7.859634876251221
7198,9,9,1,15.616637229919434
7199,1,1,1,5.452404022216797
7200,4,4,1,10.694844245910645
7201,4,4,1,-1.1962367296218872
7202,3,3,1,1.4752947092056274
7203,5,2,0,-0.3031477630138397
7204,4,4,1,11.694197654724121
7205,6,6,1,11.076582908630371
7206,2,2,1,4.267473220825195
7207,3,3,1,6.236254692077637
7208,1,1,1,11.388364791870117
7209,0,0,1,8.625486373901367
7210,3,3,1,5.499402046203613
7211,3,8,0,-0.1214497834444046
7212,3,3,1,3.885833501815796
7213,6,6,1,4.473097801208496
7214,3,3,1,3.842655658721924
7215,1,1,1,9.525257110595703
7216,2,2,1,9.459637641906738
7217,8,8,1,0.5064681172370911
7218,9,9,1,1.9248685836791992
7219,7,7,1,10.311452865600586
7220,9,9,1,6.5877275466918945
7221,3,3,1,5.293395519256592
7222,8,8,1,7.920594215393066
7223,7,7,1,5.113476753234863
7224,3,3,1,2.7800042629241943
7225,1,1,1,10.290363311767578
7226,7,7,1,5.408921241760254
7227,7,7,1,5.19668436050415
7228,3,3,1,-0.2179783433675766
7229,2,2,1,6.255238056182861
7230,2,2,1,7.101911544799805
7231,8,8,1,4.5407915115356445
7232,9,9,1,4.980624675750732
7233,5,5,1,7.056587219238281
7234,9,9,1,13.166144371032715
7235,2,2,1,0.547591507434845
7236,1,1,1,-0.7490522861480713
7237,7,7,1,8.689249038696289
7238,4,4,1,7.152557849884033
7239,4,4,1,7.062819957733154
7240,0,0,1,4.73877477645874
7241,5,5,1,0.4858933091163635
7242,7,3,0,1.0461723804473877
7243,1,1,1,4.703717231750488
7244,5,5,1,9.541356086730957
7245,4,4,1,7.590271949768066
7246,0,2,0,5.31987190246582
7247,8,8,1,5.20847749710083
7248,4,4,1,0.10213728249073029
7249,9,9,1,10.119803428649902
7250,8,8,1,0.30914637446403503
7251,7,7,1,9.469514846801758
7252,8,8,1,12.048524856567383
7253,4,4,1,10.013561248779297
7254,2,2,1,6.802395343780518
7255,3,0,0,1.0257185697555542
7256,4,4,1,2.7771973609924316
7257,0,0,1,5.229740619659424
7258,5,3,0,2.4226717948913574
7259,4,4,1,6.342854976654053
7260,1,1,1,15.665009498596191
7261,8,8,1,3.4199306964874268
7262,2,8,0,0.18601106107234955
7263,5,5,1,9.265467643737793
7264,4,4,1,6.201974391937256
7265,5,3,0,0.8854740858078003
7266,2,3,0,1.3177464008331299
7267,5,5,1,1.6223217248916626
7268,3,3,1,5.472751140594482
7269,7,7,1,9.389902114868164
7270,9,9,1,11.070464134216309
7271,7,7,1,7.994694709777832
7272,1,1,1,15.371578216552734
7273,4,4,1,10.437901496887207
7274,1,9,0,1.3500514030456543
7275,3,3,1,0.8719263672828674
7276,1,1,1,9.954704284667969
7277,4,6,0,0.5583632588386536
7278,5,5,1,4.436830043792725
7279,5,5,1,9.025897026062012
7280,1,9,0,1.0565739870071411
7281,7,7,1,1.629792332649231
7282,1,1,1,13.016363143920898
7283,3,4,0,4.16292142868042
7284,0,0,1,3.163522481918335
7285,1,0,0,2.952474594116211
7286,2,2,1,3.302034378051758
7287,5,5,1,0.4768504202365875
7288,7,7,1,2.92651104927063
7289,0,0,1,4.091036319732666
7290,6,6,1,4.120858192443848
7291,3,3,1,5.334560394287109
7292,5,8,0,-0.29815778136253357
7293,7,7,1,13.309531211853027
7294,5,5,1,5.513579845428467
7295,5,5,1,8.86034870147705
7296,8,8,1,11.640429496765137
7297,9,1,0,1.4197286367416382
7298,4,4,1,3.368297815322876
7299,6,6,1,9.491633415222168
7300,3,3,1,3.821364402770996
7301,6,2,0,-0.002881311811506748
7302,6,6,1,11.281827926635742
7303,8,8,1,10.499390602111816
7304,2,2,1,7.349183082580566
7305,6,6,1,2.506023645401001
7306,4,4,1,5.243972301483154
7307,8,8,1,2.2637412548065186
7308,4,4,1,6.349091529846191
7309,1,1,1,15.375482559204102
7310,3,5,0,1.741353154182434
7311,1,9,0,9.02707290649414
7312,2,2,1,1.489717960357666
7313,3,3,1,3.0159595012664795
7314,3,3,1,1.755869746208191
7315,0,0,1,4.728726863861084
7316,1,1,1,8.598095893859863
7317,6,6,1,7.778797626495361
7318,4,4,1,10.288253784179688
7319,2,2,1,5.87016487121582
7320,8,8,1,6.221107482910156
7321,2,2,1,1.9880945682525635
7322,4,4,1,4.357438087463379
7323,3,3,1,4.079178810119629
7324,1,8,0,1.608200192451477
7325,4,4,1,2.843254566192627
7326,4,4,1,2.320514440536499
7327,4,4,1,8.880898475646973
7328,4,2,0,1.914157748222351
7329,1,1,1,5.327643394470215
7330,5,5,1,-0.7998594641685486
7331,5,5,1,7.322448253631592
7332,7,7,1,3.9383015632629395
7333,6,6,1,9.55451774597168
7334,5,5,1,8.202591896057129
7335,4,4,1,18.662519454956055
7336,5,5,1,2.3090336322784424
7337,6,6,1,8.983166694641113
7338,5,5,1,7.326407432556152
7339,6,6,1,1.8475468158721924
7340,2,2,1,8.851238250732422
7341,4,4,1,5.61108922958374
7342,7,7,1,1.4214640855789185
7343,7,2,0,3.2234909534454346
7344,4,4,1,6.356322288513184
7345,6,3,0,0.45504844188690186
7346,5,5,1,8.022997856140137
7347,0,0,1,5.607288837432861
7348,2,2,1,3.4291961193084717
7349,3,3,1,5.8492350578308105
7350,9,9,1,14.297263145446777
7351,2,7,0,-0.5559805035591125
7352,3,3,1,4.02345085144043
7353,8,8,1,6.182738304138184
7354,0,0,1,6.62463903427124
7355,7,7,1,7.36887788772583
7356,0,0,1,4.327798366546631
7357,6,6,1,8.619718551635742
7358,8,8,1,2.6678173542022705
7359,1,1,1,3.394763469696045
7360,2,2,1,4.480986595153809
7361,8,8,1,10.27457332611084
7362,9,9,1,1.178987979888916
7363,1,1,1,6.036794662475586
7364,5,5,1,7.204774379730225
7365,4,4,1,3.4907827377319336
7366,2,2,1,3.4132134914398193
7367,3,5,0,5.559926986694336
7368,5,5,1,6.842853546142578
7369,5,5,1,4.006168365478516
7370,3,3,1,0.45088955760002136
7371,6,6,1,7.595482349395752
7372,5,5,1,5.148453712463379
7373,0,0,1,7.926554203033447
7374,3,3,1,3.8095786571502686
7375,2,2,1,-0.5941609740257263
7376,1,1,1,8.647509574890137
7377,3,3,1,4.555323123931885
7378,3,7,0,1.734066128730774
7379,7,7,1,5.09814453125
7380,7,7,1,4.953436851501465
7381,4,4,1,5.146852493286133
7382,9,9,1,8.378081321716309
7383,4,4,1,8.15205192565918
7384,3,5,0,2.6668570041656494
7385,9,9,1,12.01706600189209
7386,5,3,0,6.818596839904785
7387,1,1,1,9.564421653747559
7388,7,7,1,13.144960403442383
7389,6,2,0,2.1534228324890137
7390,6,6,1,3.469820737838745
7391,4,4,1,5.840198516845703
7392,8,8,1,4.135837078094482
7393,5,4,0,4.585727691650391
7394,1,1,1,4.1234450340271
7395,2,2,1,1.0304677486419678
7396,8,8,1,1.7917364835739136
7397,4,3,0,2.2362961769104004
7398,5,3,0,2.1849424839019775
7399,3,3,1,2.866840124130249
7400,3,3,1,1.3200985193252563
7401,3,3,1,0.6911662220954895
7402,0,0,1,4.341365814208984
7403,4,4,1,5.406251430511475
7404,8,8,1,9.654093742370605
7405,7,7,1,16.669639587402344
7406,7,7,1,-1.4615285396575928
7407,9,9,1,3.0733683109283447
7408,4,2,0,1.0229642391204834
7409,8,8,1,8.237601280212402
7410,4,4,1,0.8780268430709839
7411,5,3,0,2.6612651348114014
7412,9,9,1,11.954943656921387
7413,1,4,0,-0.9110350608825684
7414,8,8,1,1.935020923614502
7415,3,3,1,0.8960418105125427
7416,1,9,0,-0.6951352953910828
7417,3,3,1,15.03627872467041
7418,8,8,1,2.2167205810546875
7419,0,0,1,2.485095977783203
7420,3,3,1,2.2212157249450684
7421,5,5,1,3.467803955078125
7422,4,4,1,2.962247848510742
7423,6,7,0,-0.6924391388893127
7424,9,9,1,10.03625774383545
7425,2,2,1,11.550329208374023
7426,7,7,1,11.329526901245117
7427,2,2,1,5.637571811676025
7428,0,0,1,9.582115173339844
7429,5,5,1,3.5367660522460938
7430,2,2,1,0.8349794149398804
7431,9,9,1,2.2998156547546387
7432,7,7,1,7.266569137573242
7433,5,5,1,6.151424407958984
7434,0,0,1,5.421054840087891
7435,7,7,1,1.885000467300415
7436,0,0,1,6.100903034210205
7437,3,3,1,5.2339701652526855
7438,5,3,0,2.917185068130493
7439,5,5,1,1.3357189893722534
7440,3,3,1,5.1095123291015625
7441,8,8,1,4.77278995513916
7442,7,7,1,3.0905697345733643
7443,7,7,1,6.224882125854492
7444,9,1,0,5.549854278564453
7445,6,6,1,11.998893737792969
7446,5,5,1,0.6293932199478149
7447,8,8,1,8.237671852111816
7448,9,9,1,9.866927146911621
7449,0,6,0,-0.468932181596756
7450,1,1,1,12.10774040222168
7451,9,9,1,5.015939712524414
7452,4,4,1,10.916732788085938
7453,0,0,1,0.21861526370048523
7454,0,0,1,8.673142433166504
7455,1,1,1,6.113767623901367
7456,7,7,1,7.932953834533691
7457,2,2,1,6.103573799133301
7458,2,2,1,0.5496571660041809
7459,8,8,1,8.075981140136719
7460,5,5,1,5.517762660980225
7461,9,9,1,3.9539194107055664
7462,8,8,1,3.1238367557525635
7463,2,2,1,5.030932903289795
7464,8,8,1,5.241006851196289
7465,0,0,1,2.550902843475342
7466,6,6,1,4.540413856506348
7467,6,6,1,1.7187880277633667
7468,8,8,1,12.61460018157959
7469,6,6,1,5.318648338317871
7470,9,9,1,9.525158882141113
7471,6,6,1,1.7415958642959595
7472,1,1,1,3.0120253562927246
7473,1,1,1,5.470678329467773
7474,5,5,1,4.576702117919922
7475,3,3,1,5.6715497970581055
7476,5,5,1,11.72531795501709
7477,0,0,1,3.243161916732788
7478,7,7,1,7.354278564453125
7479,6,6,1,12.404337882995605
7480,1,1,1,9.409645080566406
7481,4,4,1,3.053914785385132
7482,4,4,1,2.385256290435791
7483,1,1,1,5.280470848083496
7484,1,1,1,3.8809897899627686
7485,8,8,1,10.654894828796387
7486,1,1,1,4.835812091827393
7487,1,1,1,12.475113868713379
7488,2,2,1,3.0339345932006836
7489,3,3,1,3.9332923889160156
7490,4,4,1,0.9479308724403381
7491,9,1,0,0.7103902101516724
7492,9,9,1,9.766607284545898
7493,5,5,1,5.194464683532715
7494,2,2,1,16.23125648498535
7495,7,7,1,7.385625839233398
7496,3,3,1,0.26612457633018494
7497,3,3,1,1.1500091552734375
7498,6,6,1,9.595979690551758
7499,9,9,1,2.168787717819214
7500,6,6,1,3.217285633087158
7501,9,9,1,3.4674811363220215
7502,8,8,1,7.2411274909973145
7503,8,8,1,1.9298540353775024
7504,6,6,1,8.820745468139648
7505,7,7,1,5.326747417449951
7506,4,4,1,11.040827751159668
7507,7,7,1,5.178502082824707
7508,2,2,1,2.8879141807556152
7509,3,5,0,2.4104902744293213
7510,8,8,1,5.324040412902832
7511,0,0,1,3.1973400115966797
7512,9,9,1,9.743635177612305
7513,0,7,0,0.5610433220863342
7514,7,7,1,6.485471725463867
7515,8,8,1,4.503713607788086
7516,1,1,1,13.461786270141602
7517,2,2,1,1.9859470129013062
7518,3,3,1,10.310064315795898
7519,2,2,1,4.434409141540527
7520,4,4,1,5.126267910003662
7521,2,2,1,5.947513103485107
7522,9,9,1,7.3571014404296875
7523,0,0,1,1.7789431810379028
7524,3,9,0,-1.2548470497131348
7525,8,8,1,11.645379066467285
7526,9,9,1,3.7537519931793213
7527,6,6,1,6.890138626098633
7528,5,5,1,12.604508399963379
7529,5,5,1,8.021384239196777
7530,2,2,1,2.4614665508270264
7531,4,4,1,1.9676607847213745
7532,1,1,1,14.186311721801758
7533,0,0,1,5.857612133026123
7534,6,6,1,9.23416519165039
7535,1,1,1,7.5658698081970215
7536,8,8,1,2.3395864963531494
7537,4,4,1,4.109898567199707
7538,5,5,1,6.73353910446167
7539,5,7,0,-2.2380712032318115
7540,5,5,1,6.120195388793945
7541,0,0,1,3.883228302001953
7542,8,8,1,2.3771185874938965
7543,9,9,1,7.015661239624023
7544,0,0,1,8.231122970581055
7545,5,3,0,1.8182282447814941
7546,7,7,1,10.662724494934082
7547,9,9,1,14.089428901672363
7548,6,8,0,1.3998357057571411
7549,3,5,0,5.394130706787109
7550,4,4,1,9.49158763885498
7551,6,2,0,2.3513436317443848
7552,4,4,1,6.645671844482422
7553,9,9,1,11.66952896118164
7554,7,7,1,3.7964510917663574
7555,1,1,1,9.609155654907227
7556,2,5,0,1.3608261346817017
7557,5,5,1,3.032641649246216
7558,2,2,1,4.042797088623047
7559,8,1,0,-0.16625884175300598
7560,0,0,1,6.518618583679199
7561,2,5,0,0.8315598964691162
7562,2,4,0,2.713636636734009
7563,9,9,1,12.83322811126709
7564,8,8,1,8.722834587097168
7565,1,1,1,13.166704177856445
7566,9,9,1,8.53277587890625
7567,7,7,1,6.980971336364746
7568,7,7,1,10.858036041259766
7569,3,6,0,0.7473248243331909
7570,1,1,1,16.894176483154297
7571,4,4,1,1.8797520399093628
7572,1,1,1,9.175604820251465
7573,1,1,1,4.75477409362793
7574,3,3,1,4.166238784790039
7575,8,8,1,5.602267265319824
7576,8,8,1,13.446637153625488
7577,1,1,1,2.515791893005371
7578,9,9,1,3.132784843444824
7579,3,3,1,5.426973819732666
7580,8,8,1,5.361813545227051
7581,9,9,1,12.757225036621094
7582,5,5,1,3.671888589859009
7583,1,1,1,9.194570541381836
7584,1,1,1,16.147899627685547
7585,6,6,1,6.690192222595215
7586,2,2,1,6.636938095092773
7587,7,9,0,1.0386141538619995
7588,2,2,1,6.327184200286865
7589,6,6,1,4.918307781219482
7590,2,4,0,6.122247219085693
7591,6,6,1,3.272545099258423
7592,9,9,1,10.010884284973145
7593,6,6,1,13.912367820739746
7594,0,0,1,1.4156880378723145
7595,1,1,1,6.345714092254639
7596,3,5,0,1.5425281524658203
7597,9,9,1,14.31503963470459
7598,3,5,0,1.2847031354904175
7599,8,8,1,4.351078987121582
7600,8,9,0,1.935130000114441
7601,8,8,1,7.29476261138916
7602,2,2,1,8.790042877197266
7603,9,9,1,6.290844917297363
7604,1,1,1,10.239158630371094
7605,2,6,0,2.6899640560150146
7606,6,2,0,1.0014880895614624
7607,0,0,1,3.4997804164886475
7608,5,5,1,6.700771331787109
7609,0,0,1,0.6454874277114868
7610,7,7,1,4.282191276550293
7611,7,7,1,-1.1865099668502808
7612,7,7,1,8.052679061889648
7613,9,9,1,10.279349327087402
7614,4,4,1,1.5390450954437256
7615,5,5,1,1.9706107378005981
7616,0,0,1,7.503657341003418
7617,2,0,0,3.5053272247314453
7618,3,3,1,6.076695442199707
7619,5,5,1,3.8473429679870605
7620,5,5,1,-1.4356337785720825
7621,8,8,1,15.369282722473145
7622,9,9,1,7.902528285980225
7623,1,9,0,4.679928779602051
7624,2,2,1,10.821209907531738
7625,7,7,1,3.5817604064941406
7626,1,1,1,12.18115234375
7627,3,3,1,5.875014305114746
7628,4,4,1,-0.3625604808330536
7629,6,6,1,-1.65182626247406
7630,9,9,1,3.683025360107422
7631,1,1,1,13.947161674499512
7632,0,0,1,3.352447748184204
7633,7,7,1,3.7607524394989014
7634,1,1,1,17.173309326171875
7635,9,9,1,4.723997592926025
7636,5,5,1,2.1440510749816895
7637,8,8,1,5.1170477867126465
7638,1,1,1,5.165454864501953
7639,9,9,1,10.85046100616455
7640,9,9,1,6.402957916259766
7641,7,7,1,7.182823181152344
7642,9,9,1,13.413273811340332
7643,8,8,1,2.3410227298736572
7644,3,3,1,3.278656244277954
7645,0,0,1,2.973306655883789
7646,2,2,1,6.79896354675293
7647,6,6,1,12.032159805297852
7648,0,0,1,3.5734763145446777
7649,2,2,1,16.253381729125977
7650,2,2,1,2.9904286861419678
7651,4,4,1,2.9273788928985596
7652,0,0,1,10.895953178405762
7653,8,8,1,5.909900188446045
7654,4,4,1,10.86870288848877
7655,8,8,1,5.907876014709473
7656,1,1,1,7.979806900024414
7657,2,7,0,-0.8919686675071716
7658,7,7,1,9.414825439453125
7659,2,2,1,10.206052780151367
7660,7,4,0,0.12557466328144073
7661,9,9,1,0.6651484966278076
7662,5,5,1,9.532818794250488
7663,2,2,1,4.765174388885498
7664,2,2,1,6.403009414672852
7665,9,9,1,8.617085456848145
7666,2,2,1,2.1143863201141357
7667,6,6,1,1.62834632396698
7668,5,2,0,1.524237036705017
7669,7,4,0,3.716003894805908
7670,2,6,0,2.4295060634613037
7671,5,5,1,7.7498250007629395
7672,6,6,1,0.6135741472244263
7673,5,2,0,-0.6508079171180725
7674,1,2,0,0.47374290227890015
7675,8,8,1,-0.07973946630954742
7676,2,2,1,4.965355396270752
7677,6,6,1,1.2931370735168457
7678,8,8,1,12.011591911315918
7679,6,2,0,2.7177159786224365
7680,3,5,0,1.436177134513855
7681,0,0,1,9.6839599609375
7682,8,8,1,6.0029377937316895
7683,0,0,1,6.07627534866333
7684,0,0,1,2.6273083686828613
7685,9,1,0,5.544020175933838
7686,9,9,1,3.300379753112793
7687,6,6,1,1.0408204793930054
7688,8,8,1,5.883580207824707
7689,0,0,1,2.593245267868042
7690,6,3,0,1.2047338485717773
7691,6,6,1,12.214872360229492
7692,0,0,1,3.633533239364624
7693,7,7,1,2.8181726932525635
7694,9,9,1,7.280764579772949
7695,8,8,1,7.831245422363281
7696,0,8,0,1.35849928855896
7697,5,5,1,2.535297393798828
7698,0,0,1,8.576736450195312
7699,9,9,1,8.229012489318848
7700,6,6,1,9.896625518798828
7701,0,0,1,5.7858967781066895
7702,4,4,1,3.316032648086548
7703,7,7,1,12.03653335571289
7704,1,1,1,9.144793510437012
7705,7,4,0,3.3539340496063232
7706,8,8,1,9.306341171264648
7707,8,8,1,6.183488368988037
7708,2,2,1,2.72969651222229
7709,3,3,1,2.5137972831726074
7710,9,9,1,14.528178215026855
7711,6,6,1,2.8166048526763916
7712,5,5,1,9.10252857208252
7713,5,5,1,4.02738094329834
7714,3,3,1,6.9829254150390625
7715,1,9,0,6.614978313446045
7716,5,7,0,0.5821900963783264
7717,3,3,1,0.0084241246804595
7718,0,0,1,9.017505645751953
7719,2,2,1,-0.29778534173965454
7720,5,5,1,6.9733052253723145
7721,2,2,1,8.287315368652344
7722,7,7,1,6.0749359130859375
7723,3,3,1,2.8124401569366455
7724,8,8,1,8.746851921081543
7725,4,4,1,2.5861117839813232
7726,4,4,1,7.903044700622559
7727,6,6,1,12.214459419250488
7728,1,1,1,10.208324432373047
7729,9,9,1,2.569591522216797
7730,4,4,1,5.558869361877441
7731,1,1,1,11.851542472839355
7732,7,7,1,1.637907862663269
7733,0,0,1,7.073954105377197
7734,1,1,1,6.821504592895508
7735,4,4,1,2.5564210414886475
7736,3,3,1,3.727823495864868
7737,0,0,1,2.886002779006958
7738,2,2,1,4.94064474105835
7739,9,9,1,9.945076942443848
7740,4,4,1,3.316263437271118
7741,5,5,1,7.195394515991211
7742,0,0,1,8.815206527709961
7743,3,3,1,6.230257034301758
7744,4,3,0,-0.46008315682411194
7745,7,7,1,6.356313228607178
7746,2,2,1,4.365407466888428
7747,3,3,1,8.908010482788086
7748,0,0,1,6.327127456665039
7749,1,1,1,13.18803882598877
7750,3,3,1,0.6525476574897766
7751,7,7,1,11.352806091308594
7752,9,9,1,0.14980994164943695
7753,9,9,1,10.862078666687012
7754,0,0,1,3.761929988861084
7755,7,7,1,11.808361053466797
7756,5,5,1,3.7167859077453613
7757,6,6,1,2.5495121479034424
7758,7,7,1,15.373483657836914
7759,1,9,0,2.0098671913146973
7760,2,2,1,2.5019116401672363
7761,2,3,0,5.4539055824279785
7762,7,7,1,10.364086151123047
7763,4,3,0,2.259202241897583
7764,6,6,1,11.023063659667969
7765,8,8,1,3.0888187885284424
7766,4,4,1,8.382723808288574
7767,9,9,1,11.52715015411377
7768,8,8,1,10.830764770507812
7769,4,4,1,10.089606285095215
7770,9,9,1,6.443980693817139
7771,2,2,1,3.243495464324951
7772,3,3,1,4.660061359405518
7773,4,4,1,1.9599947929382324
7774,0,0,1,8.007617950439453
7775,2,2,1,8.146804809570312
7776,5,5,1,5.59775447845459
7777,6,6,1,2.9215826988220215
7778,0,5,0,1.3253726959228516
7779,5,5,1,2.9319822788238525
7780,3,3,1,0.872856080532074
7781,5,5,1,5.095439910888672
7782,8,8,1,6.766890525817871
7783,3,3,1,2.1277709007263184
7784,7,7,1,3.527414560317993
7785,4,2,0,0.03734201937913895
7786,9,9,1,5.228769302368164
7787,5,5,1,6.624883651733398
7788,6,6,1,8.673744201660156
7789,3,3,1,0.28176724910736084
7790,8,8,1,5.604574203491211
7791,6,6,1,2.730604648590088
7792,9,9,1,9.113082885742188
7793,8,8,1,8.838898658752441
7794,5,5,1,8.478206634521484
7795,5,5,1,10.56613826751709
7796,8,8,1,7.730680465698242
7797,3,3,1,4.639195442199707
7798,5,5,1,1.9071778059005737
7799,9,9,1,7.511606216430664
7800,0,3,0,0.033265143632888794
7801,4,4,1,4.733312129974365
7802,2,2,1,3.92624831199646
7803,0,0,1,6.032775402069092
7804,5,5,1,8.280954360961914
7805,9,9,1,6.6257452964782715
7806,9,9,1,7.95426082611084
7807,3,3,1,6.269070625305176
7808,8,8,1,6.115111827850342
7809,0,0,1,4.852846622467041
7810,6,6,1,10.096952438354492
7811,0,0,1,6.355982303619385
7812,2,2,1,5.086554050445557
7813,3,0,0,1.044968843460083
7814,7,7,1,11.794963836669922
7815,0,0,1,1.6705952882766724
7816,0,0,1,0.2142702341079712
7817,6,6,1,9.326217651367188
7818,9,9,1,2.33754301071167
7819,1,1,1,9.99577808380127
7820,5,5,1,6.781313419342041
7821,2,0,0,2.3441479206085205
7822,2,6,0,6.086341381072998
7823,7,2,0,1.059503197669983
7824,9,9,1,5.95409631729126
7825,3,3,1,0.6582516431808472
7826,9,9,1,3.8787894248962402
7827,3,5,0,8.779723167419434
7828,5,5,1,0.056001611053943634
7829,2,8,0,1.6870524883270264
7830,2,2,1,6.719414234161377
7831,2,4,0,4.355980396270752
7832,8,8,1,14.451522827148438
7833,8,0,0,8.48868179321289
7834,5,5,1,7.23111629486084
7835,0,0,1,7.0621232986450195
7836,0,0,1,2.5838444232940674
7837,7,2,0,-0.4709160327911377
7838,0,9,0,2.0035910606384277
7839,3,4,0,2.9136619567871094
7840,1,1,1,9.069683074951172
7841,6,3,0,1.162559151649475
7842,5,4,0,0.7891808748245239
7843,0,5,0,-0.7621370553970337
7844,9,9,1,5.7217326164245605
7845,2,2,1,8.137151718139648
7846,6,3,0,2.4590065479278564
7847,7,7,1,6.9798688888549805
7848,4,4,1,7.984126567840576
7849,2,2,1,8.30984878540039
7850,0,0,1,8.779985427856445
7851,0,0,1,7.137458324432373
7852,5,4,0,0.5823759436607361
7853,3,4,0,2.591949939727783
7854,3,3,1,7.434065818786621
7855,2,2,1,4.302577495574951
7856,6,6,1,10.0167875289917
7857,4,4,1,0.26364240050315857
7858,2,2,1,6.916748046875
7859,7,5,0,0.2383555918931961
7860,8,8,1,6.648312568664551
7861,0,9,0,1.4950143098831177
7862,1,1,1,6.281891822814941
7863,0,0,1,6.453249454498291
7864,1,1,1,4.7421746253967285
7865,3,3,1,1.5939058065414429
7866,6,6,1,10.641622543334961
7867,4,4,1,2.5723092555999756
7868,8,8,1,9.705694198608398
7869,0,0,1,6.824802398681641
7870,6,6,1,11.33787727355957
7871,0,0,1,3.209956169128418
7872,9,9,1,13.621005058288574
7873,1,1,1,9.120838165283203
7874,6,6,1,7.054844856262207
7875,2,3,0,1.9446693658828735
7876,1,1,1,13.746259689331055
7877,0,0,1,5.919979095458984
7878,1,1,1,17.786575317382812
7879,3,3,1,0.3259246051311493
7880,0,0,1,6.525048732757568
7881,3,3,1,0.21089598536491394
7882,7,7,1,7.917244911193848
7883,9,9,1,13.373719215393066
7884,9,9,1,2.849128246307373
7885,3,3,1,4.021724700927734
7886,7,7,1,11.941265106201172
7887,5,7,0,2.251814126968384
7888,7,7,1,15.312673568725586
7889,1,1,1,11.308481216430664
7890,6,6,1,5.227974891662598
7891,6,6,1,10.701239585876465
7892,1,9,0,4.659452438354492
7893,1,1,1,1.9709638357162476
7894,1,1,1,12.875837326049805
7895,4,4,1,5.720405101776123
7896,4,6,0,2.774780511856079
7897,2,2,1,6.899111747741699
7898,1,1,1,6.6680908203125
7899,7,7,1,3.8643369674682617
7900,0,8,0,3.9633076190948486
7901,1,1,1,2.7415108680725098
7902,2,2,1,3.777569532394409
7903,1,1,1,1.8095208406448364
7904,1,1,1,6.989645957946777
7905,3,3,1,6.497687816619873
7906,2,4,0,3.2441344261169434
7907,6,6,1,12.089341163635254
7908,9,9,1,1.0943406820297241
7909,1,1,1,4.870672225952148
7910,3,3,1,4.6496992111206055
7911,2,2,1,10.702439308166504
7912,0,0,1,2.2917773723602295
7913,8,9,0,1.5381468534469604
7914,7,7,1,13.244207382202148
7915,3,3,1,6.567982196807861
7916,4,5,0,1.218766450881958
7917,6,6,1,4.523005962371826
7918,4,4,1,3.4106647968292236
7919,6,6,1,5.0646867752075195
7920,9,9,1,9.788694381713867
7921,4,3,0,1.566851258277893
7922,8,8,1,10.085112571716309
7923,9,9,1,4.306136131286621
7924,3,3,1,4.889197826385498
7925,0,0,1,2.962054491043091
7926,5,5,1,9.360267639160156
7927,7,7,1,13.232621192932129
7928,2,2,1,6.6132917404174805
7929,0,0,1,8.538973808288574
7930,2,2,1,4.398667812347412
7931,9,9,1,-0.2913324236869812
7932,9,9,1,6.02448034286499
7933,3,3,1,3.498666524887085
7934,8,8,1,5.666566848754883
7935,7,2,0,1.2006169557571411
7936,1,1,1,14.671331405639648
7937,1,1,1,10.756235122680664
7938,2,2,1,8.609444618225098
7939,2,2,1,7.41199254989624
7940,2,2,1,4.175972938537598
7941,5,6,0,1.2269614934921265
7942,9,9,1,3.921619415283203
7943,1,1,1,8.225116729736328
7944,2,2,1,8.795856475830078
7945,6,6,1,7.183001518249512
7946,1,0,0,2.195810556411743
7947,2,3,0,1.7184028625488281
7948,1,1,1,5.826174259185791
7949,8,9,0,2.992480754852295
7950,9,9,1,7.965422630310059
7951,2,2,1,5.371382713317871
7952,3,8,0,0.31984925270080566
7953,1,1,1,13.65664291381836
7954,9,9,1,7.076349258422852
7955,9,9,1,10.734733581542969
7956,4,4,1,0.8733624815940857
7957,4,4,1,13.864017486572266
7958,5,5,1,1.4150234460830688
7959,5,5,1,3.780726194381714
7960,0,0,1,3.0341296195983887
7961,3,3,1,2.282606363296509
7962,3,5,0,1.6844385862350464
7963,7,7,1,7.832605838775635
7964,1,1,1,14.73770809173584
7965,7,7,1,16.708026885986328
7966,7,7,1,13.915037155151367
7967,9,1,0,2.2929224967956543
7968,8,8,1,9.903409004211426
7969,6,1,0,5.247680187225342
7970,3,3,1,3.2064754962921143
7971,5,5,1,10.186999320983887
7972,5,5,1,7.672040939331055
7973,1,1,1,14.67546558380127
7974,6,4,0,0.26409605145454407
7975,2,2,1,3.8577144145965576
7976,7,7,1,2.154273748397827
7977,8,8,1,4.9615702629089355
7978,4,4,1,2.9550297260284424
7979,3,3,1,6.199921607971191
7980,3,3,1,6.605216026306152
7981,5,5,1,1.906394600868225
7982,9,9,1,9.367809295654297
7983,6,8,0,3.331838846206665
7984,8,8,1,10.954977989196777
7985,5,5,1,0.23895229399204254
7986,1,1,1,10.97513198852539
7987,0,0,1,9.308252334594727
7988,6,6,1,1.6372617483139038
7989,7,3,0,3.1737735271453857
7990,0,0,1,1.7194706201553345
7991,9,9,1,12.95406436920166
7992,6,6,1,7.978794097900391
7993,2,2,1,2.049903631210327
7994,0,0,1,5.00680685043335
7995,8,8,1,11.070963859558105
7996,7,7,1,5.951717376708984
7997,1,9,0,5.351480484008789
7998,2,2,1,4.518661022186279
7999,6,4,0,0.7456985712051392
8000,9,9,1,2.312825918197632
8001,1,1,1,10.258008003234863
8002,6,6,1,2.6659820079803467
8003,4,5,0,1.0457046031951904
8004,7,3,0,1.5070774555206299
8005,1,1,1,4.972378730773926
8006,9,9,1,4.6306562423706055
8007,0,0,1,4.181776523590088
8008,0,0,1,-0.13851583003997803
8009,5,3,0,-1.157217025756836
8010,2,2,1,3.404937505722046
8011,8,0,0,0.5655381679534912
8012,3,3,1,1.7418653964996338
8013,8,0,0,6.857287406921387
8014,2,4,0,1.5132290124893188
8015,8,8,1,8.987468719482422
8016,4,4,1,6.283908367156982
8017,0,0,1,7.415066242218018
8018,8,8,1,10.19900131225586
8019,3,3,1,5.9929351806640625
8020,6,2,0,2.589254856109619
8021,1,1,1,18.13377571105957
8022,2,3,0,1.6534452438354492
8023,3,3,1,1.9831440448760986
8024,0,0,1,2.844404935836792
8025,5,5,1,5.7280049324035645
8026,0,0,1,8.465779304504395
8027,4,4,1,7.293332099914551
8028,1,1,1,5.293951034545898
8029,7,7,1,5.131390571594238
8030,2,0,0,1.1886990070343018
8031,0,0,1,6.152101039886475
8032,1,1,1,7.199690818786621
8033,3,3,1,3.3391101360321045
8034,9,9,1,4.703131198883057
8035,1,1,1,3.3068830966949463
8036,6,6,1,7.680410861968994
8037,1,1,1,13.764884948730469
8038,6,6,1,9.036540985107422
8039,1,1,1,12.089061737060547
8040,2,2,1,2.860827922821045
8041,8,3,0,-3.1554782390594482
8042,7,7,1,12.595865249633789
8043,0,0,1,4.997157573699951
8044,9,9,1,5.735898494720459
8045,5,5,1,7.8105621337890625
8046,8,8,1,2.6999456882476807
8047,0,0,1,3.293565034866333
8048,0,0,1,0.023280173540115356
8049,1,1,1,7.916104793548584
8050,7,7,1,5.606462001800537
8051,9,9,1,3.998976707458496
8052,7,7,1,0.4489474296569824
8053,1,1,1,7.90972900390625
8054,9,9,1,6.276799201965332
8055,2,6,0,1.9822269678115845
8056,1,1,1,10.954449653625488
8057,9,9,1,4.382053852081299
8058,4,7,0,2.6608870029449463
8059,3,3,1,9.037314414978027
8060,6,6,1,2.996544122695923
8061,0,0,1,7.234654903411865
8062,2,2,1,2.525268077850342
8063,0,0,1,5.819686412811279
8064,0,0,1,7.640261173248291
8065,9,9,1,10.221831321716309
8066,9,5,0,-0.1445143073797226
8067,8,8,1,3.598968744277954
8068,9,9,1,8.508861541748047
8069,4,4,1,2.8841774463653564
8070,5,5,1,8.214173316955566
8071,4,3,0,1.095471978187561
8072,3,3,1,2.6866295337677
8073,0,0,1,7.763462543487549
8074,7,7,1,5.0840911865234375
8075,8,8,1,4.849950313568115
8076,7,7,1,12.303232192993164
8077,3,5,0,0.42504727840423584
8078,7,7,1,9.378057479858398
8079,5,5,1,1.7826977968215942
8080,4,4,1,4.465747356414795
8081,6,6,1,1.7635239362716675
8082,5,5,1,-0.09202785044908524
8083,9,9,1,9.211562156677246
8084,5,3,0,1.0614240169525146
8085,2,2,1,5.561269760131836
8086,4,4,1,0.3865766227245331
8087,2,2,1,-0.4427410662174225
8088,7,7,1,12.927106857299805
8089,9,9,1,12.30795955657959
8090,6,6,1,9.9674072265625
8091,7,7,1,7.785294055938721
8092,4,5,0,0.28479212522506714
8093,7,7,1,4.645778179168701
8094,1,9,0,2.667717456817627
8095,2,2,1,7.895109176635742
8096,3,3,1,3.4387047290802
8097,1,1,1,9.781339645385742
8098,1,1,1,1.0169916152954102
8099,3,3,1,9.54807186126709
8100,6,6,1,1.2624832391738892
8101,8,8,1,4.440291404724121
8102,3,3,1,-0.8124338984489441
8103,7,7,1,0.03775055333971977
8104,7,7,1,4.060410499572754
8105,0,0,1,8.361751556396484
8106,8,8,1,11.32490062713623
8107,1,1,1,9.879363059997559
8108,5,5,1,6.053085803985596
8109,2,2,1,5.519100666046143
8110,5,3,0,-0.28426605463027954
8111,5,5,1,2.7739264965057373
8112,3,3,1,6.8711161613464355
8113,6,6,1,2.3234543800354004
8114,3,3,1,6.685213088989258
8115,5,5,1,2.1180481910705566
8116,9,9,1,11.505120277404785
8117,8,8,1,6.93801212310791
8118,4,4,1,6.556806564331055
8119,6,3,0,1.4522449970245361
8120,8,8,1,5.424873352050781
8121,0,0,1,3.0076355934143066
8122,4,4,1,2.950216054916382
8123,1,7,0,0.6174429059028625
8124,7,7,1,12.218788146972656
8125,8,8,1,9.086254119873047
8126,4,4,1,0.9285205006599426
8127,9,9,1,8.301100730895996
8128,7,4,0,0.9870766997337341
8129,2,2,1,1.7450648546218872
8130,6,6,1,8.680898666381836
8131,3,3,1,3.6693532466888428
8132,8,8,1,9.979723930358887
8133,8,8,1,5.307669639587402
8134,6,6,1,9.835638046264648
8135,7,7,1,4.287772178649902
8136,3,3,1,2.3160338401794434
8137,8,8,1,2.024500846862793
8138,1,9,0,3.854365825653076
8139,1,1,1,9.911397933959961
8140,5,5,1,8.141221046447754
8141,3,3,1,5.248471736907959
8142,7,7,1,5.40645694732666
8143,9,1,0,0.5410218238830566
8144,9,9,1,4.3637518882751465
8145,9,9,1,2.7364954948425293
8146,8,8,1,5.890900611877441
8147,5,5,1,6.836977005004883
8148,9,9,1,7.532461166381836
8149,9,9,1,5.33737325668335
8150,6,6,1,9.851455688476562
8151,8,8,1,11.3521728515625
8152,8,8,1,1.6748558282852173
8153,4,4,1,1.578762173652649
8154,8,3,0,-0.9041298031806946
8155,1,1,1,8.319397926330566
8156,0,0,1,4.870960712432861
8157,1,1,1,10.677754402160645
8158,8,8,1,14.411055564880371
8159,8,8,1,3.972168207168579
8160,6,3,0,1.4101231098175049
8161,5,5,1,5.000874996185303
8162,9,9,1,5.8564605712890625
8163,0,0,1,3.179933786392212
8164,6,6,1,8.827909469604492
8165,1,8,0,-0.269853800535202
8166,2,6,0,0.2787352502346039
8167,6,6,1,8.137410163879395
8168,6,3,0,1.4050744771957397
8169,3,3,1,3.6460821628570557
8170,5,5,1,8.929126739501953
8171,6,6,1,4.843090534210205
8172,5,3,0,2.36387038230896
8173,5,3,0,0.5981476902961731
8174,3,5,0,2.625053882598877
8175,3,6,0,0.41503244638442993
8176,6,6,1,2.187617778778076
8177,8,8,1,1.9405754804611206
8178,9,9,1,5.2207865715026855
8179,4,4,1,7.445448398590088
8180,4,2,0,2.8854990005493164
8181,3,3,1,4.935281276702881
8182,8,8,1,2.321816921234131
8183,3,3,1,4.843894004821777
8184,6,6,1,4.895586967468262
8185,0,0,1,6.763452053070068
8186,8,8,1,9.578383445739746
8187,5,5,1,3.0595664978027344
8188,7,7,1,8.729758262634277
8189,8,8,1,5.165560245513916
8190,4,4,1,4.4217305183410645
8191,6,6,1,8.720441818237305
8192,5,5,1,2.3257088661193848
8193,3,3,1,0.6791772842407227
8194,1,1,1,15.599967002868652
8195,8,8,1,12.238603591918945
8196,3,3,1,1.5069433450698853
8197,0,0,1,5.555086612701416
8198,4,4,1,0.24522550404071808
8199,4,9,0,0.33321231603622437
8200,3,0,0,0.3754553198814392
8201,3,3,1,4.474348545074463
8202,5,5,1,3.5854783058166504
8203,3,3,1,13.062087059020996
8204,3,3,1,8.87729263305664
8205,2,2,1,7.4474029541015625
8206,7,7,1,4.859023094177246
8207,7,7,1,10.95954418182373
8208,8,8,1,6.357657432556152
8209,2,4,0,4.303587913513184
8210,0,0,1,8.099602699279785
8211,5,5,1,8.545859336853027
8212,5,5,1,-1.470542550086975
8213,6,6,1,7.208198547363281
8214,1,1,1,13.499944686889648
8215,1,1,1,13.47404670715332
8216,3,3,1,3.0659232139587402
8217,9,9,1,8.16811466217041
8218,9,9,1,3.907259225845337
8219,3,3,1,2.896174907684326
8220,6,8,0,-0.1149643212556839
8221,7,7,1,17.911548614501953
8222,1,1,1,5.518013000488281
8223,8,8,1,8.040614128112793
8224,3,3,1,4.939417839050293
8225,9,9,1,2.2752490043640137
8226,8,2,0,-0.21512311697006226
8227,7,7,1,15.243837356567383
8228,8,8,1,10.075819969177246
8229,8,8,1,2.455699920654297
8230,0,0,1,0.7564153075218201
8231,3,4,0,0.15123017132282257
8232,2,2,1,3.6363086700439453
8233,4,4,1,1.1596959829330444
8234,8,1,0,1.7909457683563232
8235,7,7,1,10.381746292114258
8236,5,6,0,0.27488043904304504
8237,7,7,1,12.691038131713867
8238,1,1,1,5.012481212615967
8239,8,8,1,11.166749000549316
8240,7,7,1,12.302652359008789
8241,3,3,1,4.793962001800537
8242,5,5,1,1.7952815294265747
8243,4,4,1,9.978558540344238
8244,4,4,1,1.7302318811416626
8245,3,3,1,4.365936756134033
8246,8,8,1,11.088227272033691
8247,6,6,1,6.981648921966553
8248,1,1,1,6.571694374084473
8249,1,1,1,2.0580713748931885
8250,6,6,1,8.37740707397461
8251,3,3,1,2.25103497505188
8252,2,3,0,0.4049813449382782
8253,2,2,1,10.466153144836426
8254,8,0,0,4.640115261077881
8255,9,9,1,12.044727325439453
8256,8,8,1,9.645727157592773
8257,3,3,1,6.709802627563477
8258,3,3,1,3.275527000427246
8259,8,8,1,10.800415992736816
8260,1,1,1,12.911199569702148
8261,1,1,1,4.9896440505981445
8262,0,2,0,1.4024896621704102
8263,5,5,1,11.487863540649414
8264,2,2,1,12.532208442687988
8265,0,0,1,9.823204040527344
8266,5,5,1,7.0989089012146
8267,0,8,0,0.04354148730635643
8268,5,3,0,-1.2213051319122314
8269,8,0,0,1.3915283679962158
8270,6,6,1,10.83283805847168
8271,3,3,1,4.315554618835449
8272,9,9,1,3.8920693397521973
8273,6,6,1,7.69439697265625
8274,6,6,1,10.163886070251465
8275,3,3,1,1.603139042854309
8276,9,0,0,4.678669452667236
8277,4,4,1,2.3164100646972656
8278,8,8,1,5.787354469299316
8279,3,3,1,2.7420432567596436
8280,4,4,1,4.006417751312256
8281,3,5,0,3.5676560401916504
8282,1,1,1,3.5853843688964844
8283,1,0,0,-0.763557493686676
8284,2,2,1,3.8161962032318115
8285,9,9,1,9.577943801879883
8286,7,7,1,-0.2233419418334961
8287,8,8,1,6.785552024841309
8288,5,5,1,9.217392921447754
8289,5,5,1,2.2012059688568115
8290,8,8,1,5.763057708740234
8291,6,6,1,-0.20708301663398743
8292,9,9,1,4.778156280517578
8293,0,0,1,7.797661304473877
8294,8,8,1,6.339690208435059
8295,3,0,0,3.1062819957733154
8296,5,2,0,2.9904165267944336
8297,1,1,1,11.841764450073242
8298,3,2,0,0.2791631817817688
8299,3,3,1,6.843466758728027
8300,5,5,1,3.889082431793213
8301,5,5,1,8.755669593811035
8302,3,3,1,0.6325812935829163
8303,8,8,1,2.774792432785034
8304,1,1,1,0.6200869083404541
8305,4,4,1,2.616631269454956
8306,6,2,0,0.909458339214325
8307,4,4,1,5.816644668579102
8308,2,2,1,4.360520839691162
8309,4,4,1,6.218192100524902
8310,3,3,1,5.212201118469238
8311,8,8,1,8.14742374420166
8312,9,9,1,8.218462944030762
8313,6,6,1,6.035523414611816
8314,6,3,0,2.7910561561584473
8315,6,6,1,6.344499588012695
8316,5,5,1,5.133152961730957
8317,5,3,0,1.664193868637085
8318,2,2,1,1.2655442953109741
8319,7,7,1,7.737508773803711
8320,7,7,1,9.88021469116211
8321,4,4,1,3.5365798473358154
8322,4,4,1,1.885785698890686
8323,9,9,1,4.569829940795898
8324,3,3,1,3.803701877593994
8325,8,0,0,2.99361515045166
8326,3,5,0,0.13362322747707367
8327,7,7,1,7.758158206939697
8328,7,7,1,1.842091679573059
8329,8,8,1,5.864284515380859
8330,5,5,1,8.051705360412598
8331,3,3,1,4.6327104568481445
8332,9,9,1,9.83627986907959
8333,1,1,1,-1.8226231336593628
8334,6,6,1,7.136597633361816
8335,7,3,0,0.2925529181957245
8336,3,3,1,3.5410149097442627
8337,3,3,1,-0.14103148877620697
8338,3,3,1,4.248237133026123
8339,8,8,1,3.9356529712677
8340,5,5,1,3.0872812271118164
8341,6,6,1,5.348059177398682
8342,1,1,1,5.819501876831055
8343,3,3,1,6.7293243408203125
8344,7,7,1,4.160233020782471
8345,9,7,0,0.4214779734611511
8346,6,6,1,5.5828938484191895
8347,1,1,1,11.10346794128418
8348,6,6,1,2.559598207473755
8349,4,4,1,10.484063148498535
8350,9,9,1,3.510467767715454
8351,0,0,1,4.078080177307129
8352,5,5,1,2.403184413909912
8353,7,7,1,11.39763069152832
8354,4,4,1,4.375512599945068
8355,9,9,1,14.501200675964355
8356,1,1,1,19.109161376953125
8357,0,0,1,0.8335493803024292
8358,0,0,1,8.82902717590332
8359,2,2,1,0.3269314169883728
8360,7,7,1,12.017097473144531
8361,8,9,0,1.2912713289260864
8362,3,5,0,-0.0537700280547142
8363,2,3,0,0.10633181780576706
8364,7,2,0,2.17738676071167
8365,6,6,1,2.582364082336426
8366,1,1,1,5.630026817321777
8367,6,6,1,5.548410892486572
8368,6,6,1,6.434739112854004
8369,4,4,1,1.5419789552688599
8370,4,4,1,1.1407076120376587
8371,2,2,1,-0.05044769495725632
8372,1,1,1,1.7529326677322388
8373,8,8,1,9.33249568939209
8374,4,4,1,1.0475518703460693
8375,4,4,1,8.187007904052734
8376,7,7,1,3.1077988147735596
8377,8,8,1,7.637668609619141
8378,5,5,1,3.210306167602539
8379,8,8,1,11.825182914733887
8380,9,9,1,8.198432922363281
8381,4,4,1,1.8151713609695435
8382,3,3,1,3.8645451068878174
8383,2,2,1,3.677764892578125
8384,2,3,0,1.3679568767547607
8385,9,1,0,1.6636825799942017
8386,3,3,1,2.5605576038360596
8387,0,0,1,5.015275001525879
8388,1,1,1,9.26882553100586
8389,1,1,1,9.120780944824219
8390,1,1,1,8.208198547363281
8391,1,1,1,12.847654342651367
8392,6,6,1,12.117317199707031
8393,8,8,1,10.412041664123535
8394,7,7,1,4.262479782104492
8395,1,1,1,17.661930084228516
8396,3,3,1,0.9173625111579895
8397,0,0,1,2.6902050971984863
8398,4,4,1,2.811328649520874
8399,5,5,1,4.0368523597717285
8400,0,0,1,8.347824096679688
8401,3,0,0,1.6522037982940674
8402,0,0,1,0.9873548746109009
8403,6,6,1,11.636306762695312
8404,2,2,1,6.387806415557861
8405,0,0,1,4.424135208129883
8406,9,9,1,10.617240905761719
8407,8,8,1,6.0423126220703125
8408,6,6,1,6.597695350646973
8409,8,8,1,1.6548680067062378
8410,5,3,0,4.042593479156494
8411,8,8,1,9.144123077392578
8412,2,2,1,3.181368112564087
8413,9,0,0,1.1646174192428589
8414,6,6,1,11.784296035766602
8415,0,0,1,9.255538940429688
8416,6,6,1,3.6117260456085205
8417,1,1,1,11.50875473022461
8418,8,8,1,11.704916954040527
8419,7,7,1,5.628890037536621
8420,3,3,1,2.783024311065674
8421,2,2,1,5.077001571655273
8422,2,2,1,3.71285080909729
8423,6,6,1,0.41480085253715515
8424,5,5,1,-0.41840338706970215
8425,6,6,1,2.0329692363739014
8426,9,9,1,13.873356819152832
8427,2,2,1,2.838047504425049
8428,5,5,1,2.3331499099731445
8429,4,4,1,7.748911380767822
8430,9,9,1,9.635642051696777
8431,8,8,1,3.0760080814361572
8432,5,5,1,6.569438934326172
8433,3,3,1,2.1813361644744873
8434,9,9,1,7.611923694610596
8435,3,3,1,2.6968834400177
8436,5,3,0,1.198231816291809
8437,7,7,1,2.58077073097229
8438,1,1,1,13.4260892868042
8439,8,8,1,10.028349876403809
8440,5,5,1,0.37838852405548096
8441,8,8,1,9.553116798400879
8442,6,6,1,1.1006399393081665
8443,2,7,0,0.728504478931427
8444,5,3,0,0.4213075339794159
8445,1,1,1,5.019147872924805
8446,3,3,1,2.158454656600952
8447,0,0,1,9.614996910095215
8448,4,4,1,2.0381340980529785
8449,1,9,0,0.2322985976934433
8450,9,3,0,0.2782846987247467
8451,5,5,1,2.556908369064331
8452,4,4,1,5.3375749588012695
8453,9,9,1,5.088283061981201
8454,2,2,1,1.5263479948043823
8455,1,1,1,9.416375160217285
8456,4,2,0,0.4553321599960327
8457,2,4,0,2.6927497386932373
8458,5,5,1,8.124921798706055
8459,9,9,1,9.437726974487305
8460,8,8,1,9.20933723449707
8461,7,7,1,5.084036350250244
8462,2,2,1,1.1391730308532715
8463,1,1,1,11.427228927612305
8464,6,6,1,7.446928977966309
8465,9,9,1,7.7195281982421875
8466,7,7,1,10.365557670593262
8467,3,3,1,8.793976783752441
8468,6,6,1,2.677800178527832
8469,5,3,0,-0.5692855715751648
8470,8,8,1,6.564524173736572
8471,0,0,1,4.008352279663086
8472,2,2,1,4.8907365798950195
8473,2,0,0,1.8633973598480225
8474,4,4,1,11.406113624572754
8475,9,0,0,-0.3136938810348511
8476,0,4,0,-0.5244446396827698
8477,5,5,1,5.220894813537598
8478,5,5,1,5.002211570739746
8479,4,4,1,0.741167426109314
8480,2,6,0,3.7109968662261963
8481,3,2,0,1.013149380683899
8482,1,1,1,9.2421293258667
8483,0,0,1,4.084651470184326
8484,3,4,0,2.7117109298706055
8485,0,8,0,0.36832916736602783
8486,4,4,1,10.706073760986328
8487,4,4,1,8.150904655456543
8488,9,1,0,2.0116405487060547
8489,1,1,1,10.832568168640137
8490,3,3,1,5.311501502990723
8491,3,2,0,3.4284043312072754
8492,0,0,1,6.010578632354736
8493,2,5,0,4.236138343811035
8494,1,1,1,4.855564117431641
8495,1,1,1,6.926335334777832
8496,0,0,1,6.796534061431885
8497,4,0,0,0.2730504274368286
8498,1,1,1,11.6307373046875
8499,9,9,1,7.148237228393555
8500,4,4,1,7.080713748931885
8501,8,8,1,5.303082466125488
8502,1,1,1,7.0924482345581055
8503,1,1,1,5.053991794586182
8504,1,0,0,1.8576457500457764
8505,5,5,1,10.862296104431152
8506,9,9,1,10.549005508422852
8507,8,8,1,7.627581596374512
8508,1,9,0,5.151917457580566
8509,6,6,1,1.7438045740127563
8510,7,7,1,8.411981582641602
8511,2,2,1,2.371978759765625
8512,9,9,1,8.186358451843262
8513,9,9,1,9.970330238342285
8514,7,3,0,0.32704922556877136
8515,8,8,1,11.694291114807129
8516,8,8,1,3.051781415939331
8517,1,1,1,4.983325004577637
8518,9,9,1,1.0972875356674194
8519,7,7,1,7.955156326293945
8520,8,8,1,1.6436717510223389
8521,9,8,0,1.2687487602233887
8522,1,1,1,13.846826553344727
8523,6,6,1,5.320905685424805
8524,6,3,0,0.8057933449745178
8525,3,3,1,-0.22961120307445526
8526,3,4,0,-0.05027959868311882
8527,1,1,1,9.001984596252441
8528,3,3,1,5.28164529800415
8529,0,0,1,2.198160409927368
8530,8,8,1,14.407703399658203
8531,8,8,1,4.969939231872559
8532,3,3,1,4.859565734863281
8533,6,3,0,-0.08635959774255753
8534,6,6,1,2.6241579055786133
8535,7,7,1,4.699422836303711
8536,1,1,1,6.879741191864014
8537,0,0,1,5.393857479095459
8538,7,7,1,9.79625129699707
8539,6,6,1,1.768644094467163
8540,4,4,1,4.439229965209961
8541,8,8,1,10.355920791625977
8542,2,2,1,3.7885611057281494
8543,0,0,1,6.85563325881958
8544,6,6,1,11.763460159301758
8545,6,6,1,10.9352388381958
8546,8,0,0,-0.19737428426742554
8547,6,6,1,4.814762115478516
8548,3,5,0,-1.7929357290267944
8549,1,1,1,9.843438148498535
8550,1,1,1,13.304020881652832
8551,8,8,1,6.239748001098633
8552,6,6,1,0.34091830253601074
8553,7,7,1,6.2722320556640625
8554,0,0,1,9.995018005371094
8555,5,5,1,10.924116134643555
8556,4,4,1,0.13907058537006378
8557,3,3,1,2.8987252712249756
8558,2,2,1,1.97689950466156
8559,1,1,1,2.478750467300415
8560,7,7,1,8.436271667480469
8561,8,8,1,5.51849365234375
8562,2,2,1,2.6666886806488037
8563,0,7,0,1.543747067451477
8564,1,1,1,2.993234395980835
8565,7,7,1,12.128376007080078
8566,4,0,0,2.2427120208740234
8567,8,8,1,9.34129810333252
8568,7,7,1,8.51743221282959
8569,6,6,1,1.385705828666687
8570,6,6,1,5.769437789916992
8571,7,7,1,9.330794334411621
8572,0,0,1,4.16111421585083
8573,6,0,0,-0.09622108936309814
8574,4,4,1,8.734024047851562
8575,9,9,1,7.551109790802002
8576,2,0,0,3.8549678325653076
8577,3,3,1,1.4910826683044434
8578,2,5,0,3.39397931098938
8579,1,1,1,13.049657821655273
8580,3,5,0,1.8635478019714355
8581,8,8,1,6.202895164489746
8582,6,6,1,3.1987686157226562
8583,8,8,1,4.178409099578857
8584,1,8,0,3.0280706882476807
8585,9,9,1,14.709456443786621
8586,6,6,1,4.232729434967041
8587,7,7,1,12.572633743286133
8588,6,6,1,12.39417839050293
8589,5,3,0,4.875690937042236
8590,0,0,1,3.398723840713501
8591,6,6,1,8.468364715576172
8592,0,0,1,4.428706169128418
8593,1,1,1,10.252593040466309
8594,3,3,1,10.363472938537598
8595,1,1,1,0.9660865068435669
8596,1,1,1,6.497739791870117
8597,5,5,1,2.3837714195251465
8598,3,2,0,3.1690008640289307
8599,4,2,0,1.1957213878631592
8600,3,3,1,2.2634549140930176
8601,3,3,1,4.214408874511719
8602,8,8,1,6.440464973449707
8603,1,1,1,8.917288780212402
8604,6,6,1,1.8260918855667114
8605,6,2,0,1.4387109279632568
8606,1,4,0,0.6272644996643066
8607,8,8,1,6.979206085205078
8608,8,8,1,4.625247478485107
8609,6,6,1,7.00710916519165
8610,2,2,1,7.019616603851318
8611,7,7,1,2.3820908069610596
8612,4,4,1,5.487209320068359
8613,6,6,1,1.788680911064148
8614,8,8,1,0.1416793316602707
8615,9,9,1,14.090028762817383
8616,3,3,1,0.5081360340118408
8617,3,3,1,4.263000011444092
8618,5,3,0,3.196261167526245
8619,5,5,1,6.660984039306641
8620,3,5,0,3.7747225761413574
8621,1,1,1,8.997383117675781
8622,4,4,1,5.689581871032715
8623,1,1,1,16.828107833862305
8624,9,8,0,-0.9268137812614441
8625,5,3,0,1.8195807933807373
8626,1,1,1,7.974228858947754
8627,7,7,1,12.662814140319824
8628,7,7,1,7.364683151245117
8629,7,7,1,1.5708733797073364
8630,5,5,1,2.147475481033325
8631,2,2,1,1.224260926246643
8632,3,8,0,0.1575312316417694
8633,3,3,1,5.780367851257324
8634,6,6,1,2.92722749710083
8635,6,3,0,1.6616613864898682
8636,6,6,1,11.134244918823242
8637,4,4,1,6.482687473297119
8638,0,0,1,6.345580101013184
8639,7,7,1,6.744623184204102
8640,1,1,1,11.869089126586914
8641,7,7,1,9.714396476745605
8642,3,3,1,4.775839328765869
8643,0,0,1,9.060338973999023
8644,8,0,0,2.0047433376312256
8645,1,1,1,10.057836532592773
8646,2,0,0,0.7750996947288513
8647,4,4,1,7.444738388061523
8648,1,1,1,3.0603528022766113
8649,2,2,1,4.750283718109131
8650,2,2,1,4.670250415802002
8651,4,4,1,0.7765336036682129
8652,9,9,1,5.89837646484375
8653,8,8,1,4.882596015930176
8654,2,4,0,1.0996953248977661
8655,8,8,1,5.9388427734375
8656,7,7,1,7.43922758102417
8657,6,6,1,5.251260280609131
8658,3,3,1,0.1913825422525406
8659,4,7,0,1.748031735420227
8660,7,7,1,5.880318641662598
8661,2,2,1,5.596883773803711
8662,3,3,1,3.2352240085601807
8663,1,1,1,7.290098190307617
8664,5,5,1,8.557860374450684
8665,3,3,1,4.95574426651001
8666,0,9,0,5.232800483703613
8667,4,4,1,2.317800760269165
8668,3,3,1,6.191007137298584
8669,4,4,1,7.406362533569336
8670,9,9,1,5.374648094177246
8671,4,4,1,1.9323939085006714
8672,7,7,1,8.057502746582031
8673,9,9,1,8.530245780944824
8674,1,1,1,7.966033935546875
8675,7,7,1,2.5828697681427
8676,8,8,1,1.6378637552261353
8677,3,3,1,1.9769337177276611
8678,1,1,1,14.160285949707031
8679,8,8,1,4.990840435028076
8680,3,3,1,6.933257102966309
8681,2,2,1,4.0187458992004395
8682,5,5,1,9.628314971923828
8683,7,7,1,8.623526573181152
8684,2,0,0,0.6908489465713501
8685,7,7,1,11.345207214355469
8686,9,9,1,9.52797794342041
8687,6,6,1,11.889293670654297
8688,8,8,1,6.930201053619385
8689,6,6,1,6.485722541809082
8690,8,8,1,6.3018798828125
8691,6,6,1,6.483276844024658
8692,5,5,1,7.889893054962158
8693,9,9,1,11.486420631408691
8694,0,0,1,2.9432811737060547
8695,4,4,1,5.813302516937256
8696,8,8,1,7.114362716674805
8697,5,3,0,0.79145348072052
8698,6,6,1,5.543951034545898
8699,4,5,0,0.29467976093292236
8700,3,3,1,2.5109734535217285
8701,8,8,1,11.932047843933105
8702,0,0,1,5.100742340087891
8703,4,4,1,2.833656072616577
8704,8,8,1,4.438745498657227
8705,6,3,0,0.1686996966600418
8706,7,7,1,7.415973663330078
8707,2,2,1,8.458758354187012
8708,7,3,0,0.22745655477046967
8709,1,1,1,10.132431030273438
8710,7,7,1,4.021555423736572
8711,4,4,1,3.66152286529541
8712,1,1,1,15.425683975219727
8713,2,2,1,11.544804573059082
8714,4,4,1,3.783823251724243
8715,2,3,0,0.8263390064239502
8716,2,2,1,4.69911003112793
8717,8,8,1,7.964219093322754
8718,7,7,1,5.179371356964111
8719,2,2,1,3.4463605880737305
8720,2,2,1,4.667978286743164
8721,6,3,0,-0.016058243811130524
8722,7,7,1,3.9140374660491943
8723,5,7,0,2.240504741668701
8724,6,6,1,9.809927940368652
8725,8,8,1,10.523446083068848
8726,9,9,1,10.723142623901367
8727,9,0,0,1.0059082508087158
8728,6,3,0,2.5033962726593018
8729,5,5,1,6.665570259094238
8730,2,2,1,12.615294456481934
8731,9,9,1,5.531242847442627
8732,8,8,1,8.679198265075684
8733,7,7,1,8.111682891845703
8734,2,2,1,0.09226731210947037
8735,3,3,1,2.679351568222046
8736,3,3,1,5.1466498374938965
8737,7,7,1,1.791895866394043
8738,4,4,1,1.7461379766464233
8739,3,3,1,1.8227953910827637
8740,2,2,1,6.232618808746338
8741,1,0,0,2.432041883468628
8742,9,9,1,5.529386043548584
8743,0,1,0,-0.05981314554810524
8744,1,1,1,10.496636390686035
8745,5,5,1,5.028973579406738
8746,3,3,1,0.7291630506515503
8747,2,2,1,5.776846885681152
8748,6,6,1,2.6579227447509766
8749,5,3,0,-1.2283439636230469
8750,9,9,1,6.7177581787109375
8751,1,1,1,3.5940287113189697
8752,5,5,1,1.7842456102371216
8753,4,7,0,7.3250322341918945
8754,3,3,1,8.850577354431152
8755,6,6,1,12.925383567810059
8756,2,2,1,8.212639808654785
8757,8,8,1,0.7395933270454407
8758,9,9,1,4.070612907409668
8759,7,7,1,2.5774471759796143
8760,8,8,1,1.8519161939620972
8761,0,0,1,5.916304111480713
8762,8,8,1,11.481165885925293
8763,9,9,1,11.5640287399292
8764,1,1,1,7.978557586669922
8765,2,2,1,4.036740303039551
8766,5,5,1,5.057090759277344
8767,7,7,1,11.262083053588867
8768,2,2,1,6.89518928527832
8769,0,0,1,11.197820663452148
8770,6,6,1,7.394061088562012
8771,6,6,1,3.594555616378784
8772,1,1,1,8.248530387878418
8773,6,2,0,0.00013882573693990707
8774,3,7,0,-0.5860916376113892
8775,1,8,0,-0.15542225539684296
8776,5,5,1,7.721200466156006
8777,0,0,1,5.678929805755615
8778,3,0,0,0.8733364343643188
8779,7,7,1,4.890462875366211
8780,4,4,1,6.701366901397705
8781,6,6,1,0.16708844900131226
8782,5,4,0,2.5666263103485107
8783,6,6,1,2.5593388080596924
8784,4,4,1,9.136222839355469
8785,8,8,1,6.7918291091918945
8786,3,3,1,5.260846138000488
8787,4,4,1,4.399080276489258
8788,5,5,1,4.145150184631348
8789,5,5,1,8.528841972351074
8790,0,0,1,-0.7464662790298462
8791,6,6,1,10.290033340454102
8792,6,6,1,5.748244285583496
8793,7,3,0,-0.4921398162841797
8794,5,5,1,3.714942216873169
8795,0,0,1,3.463386297225952
8796,9,9,1,9.736254692077637
8797,9,9,1,7.99269962310791
8798,6,6,1,7.337947845458984
8799,1,1,1,2.0099997520446777
8800,0,0,1,6.57094144821167
8801,4,3,0,1.8631843328475952
8802,6,6,1,11.269098281860352
8803,3,3,1,2.383608102798462
8804,6,6,1,0.733200192451477
8805,9,9,1,4.449906826019287
8806,3,3,1,2.9983251094818115
8807,6,6,1,11.413477897644043
8808,6,6,1,7.492180824279785
8809,8,2,0,0.41512203216552734
8810,2,0,0,0.24750366806983948
8811,1,1,1,-0.8095803260803223
8812,0,0,1,7.089141368865967
8813,1,0,0,2.8374593257904053
8814,9,9,1,10.65231704711914
8815,3,0,0,-0.783858597278595
8816,7,7,1,1.454219937324524
8817,4,4,1,1.483264684677124
8818,3,3,1,6.462149620056152
8819,0,0,1,5.619680404663086
8820,2,2,1,2.0088400840759277
8821,7,7,1,11.404623031616211
8822,6,6,1,3.7712745666503906
8823,4,4,1,5.036584377288818
8824,3,3,1,1.0908942222595215
8825,0,0,1,-0.8418921232223511
8826,8,8,1,9.914522171020508
8827,2,7,0,2.8920228481292725
8828,0,0,1,1.2050315141677856
8829,0,0,1,10.41360855102539
8830,9,9,1,9.389801025390625
8831,6,6,1,9.031606674194336
8832,6,6,1,10.287919044494629
8833,6,3,0,0.5343689918518066
8834,8,8,1,10.9227876663208
8835,7,7,1,9.002262115478516
8836,4,3,0,1.4983421564102173
8837,1,1,1,10.356115341186523
8838,8,8,1,3.5166804790496826
8839,1,1,1,13.379077911376953
8840,2,2,1,-0.4378347396850586
8841,2,2,1,3.911212921142578
8842,4,2,0,-0.028040103614330292
8843,8,8,1,4.087759971618652
8844,5,5,1,-1.3350334167480469
8845,2,2,1,11.158638954162598
8846,6,6,1,1.8005428314208984
8847,5,2,0,2.5918819904327393
8848,3,3,1,6.887905120849609
8849,9,9,1,6.477822303771973
8850,1,1,1,2.7767910957336426
8851,0,0,1,4.161477565765381
8852,7,7,1,12.31993579864502
8853,2,3,0,0.46993544697761536
8854,4,4,1,2.913015365600586
8855,4,4,1,2.9261715412139893
8856,0,0,1,3.4583899974823
8857,0,0,1,3.586731195449829
8858,6,4,0,0.6237966418266296
8859,2,2,1,9.974026679992676
8860,2,2,1,10.019274711608887
8861,4,4,1,3.9533255100250244
8862,0,0,1,4.068909645080566
8863,5,5,1,5.9197001457214355
8864,9,9,1,4.648742198944092
8865,7,7,1,6.685775279998779
8866,1,1,1,2.3312811851501465
8867,8,8,1,10.02897834777832
8868,4,4,1,2.910573959350586
8869,5,5,1,4.379371643066406
8870,5,5,1,-0.5302392244338989
8871,9,9,1,8.795916557312012
8872,8,0,0,0.5360722541809082
8873,5,5,1,9.37208080291748
8874,7,7,1,4.940990447998047
8875,8,8,1,5.791752815246582
8876,0,0,1,4.748648166656494
8877,9,9,1,4.11677885055542
8878,8,8,1,3.725252389907837
8879,9,9,1,8.047025680541992
8880,1,1,1,17.093334197998047
8881,6,6,1,7.950209617614746
8882,3,3,1,2.0576956272125244
8883,8,8,1,1.923351764678955
8884,0,7,0,2.9170563220977783
8885,3,3,1,3.6607213020324707
8886,4,3,0,-0.5764382481575012
8887,4,4,1,3.9396214485168457
8888,8,8,1,14.6941556930542
8889,4,4,1,1.6579806804656982
8890,8,8,1,7.449882984161377
8891,9,9,1,6.0007100105285645
8892,8,8,1,5.059669494628906
8893,6,6,1,8.162572860717773
8894,0,0,1,5.356581687927246
8895,0,0,1,3.678596258163452
8896,8,8,1,10.550878524780273
8897,2,2,1,5.3751091957092285
8898,7,7,1,2.6032001972198486
8899,4,4,1,6.41101598739624
8900,2,2,1,4.702938556671143
8901,5,5,1,5.847712516784668
8902,6,6,1,2.4551336765289307
8903,0,0,1,3.8238282203674316
8904,5,5,1,5.86778450012207
8905,8,8,1,10.666888236999512
8906,4,4,1,5.444467067718506
8907,1,1,1,8.002521514892578
8908,9,9,1,6.436519622802734
8909,0,0,1,9.673973083496094
8910,1,1,1,5.2111711502075195
8911,4,4,1,9.996664047241211
8912,4,3,0,0.44665953516960144
8913,8,8,1,12.911773681640625
8914,4,4,1,8.343806266784668
8915,9,9,1,7.945260524749756
8916,6,6,1,5.816561698913574
8917,0,0,1,9.307074546813965
8918,7,7,1,3.627363920211792
8919,7,7,1,5.72398567199707
8920,6,6,1,9.510564804077148
8921,8,8,1,10.687373161315918
8922,9,9,1,3.1871209144592285
8923,6,6,1,2.9038007259368896
8924,2,2,1,4.216250419616699
8925,0,0,1,2.5805904865264893
8926,4,4,1,10.444247245788574
8927,9,9,1,6.968587875366211
8928,4,9,0,1.0824377536773682
8929,9,9,1,15.421006202697754
8930,3,3,1,-0.5698696374893188
8931,9,9,1,10.15108871459961
8932,6,2,0,2.231353759765625
8933,6,6,1,11.550603866577148
8934,7,7,1,5.283896446228027
8935,0,0,1,10.625384330749512
8936,9,9,1,0.92939293384552
8937,7,7,1,11.676136016845703
8938,1,1,1,4.797608852386475
8939,8,8,1,1.48222017288208
8940,6,6,1,1.0223238468170166
8941,0,4,0,-0.046357106417417526
8942,6,6,1,5.665776252746582
8943,7,3,0,1.2958098649978638
8944,4,4,1,7.412438869476318
8945,1,1,1,14.82693099975586
8946,9,9,1,8.942252159118652
8947,4,4,1,8.004255294799805
8948,6,6,1,1.8725632429122925
8949,7,7,1,4.795834064483643
8950,9,9,1,6.242994785308838
8951,8,8,1,4.8860578536987305
8952,3,3,1,2.055490016937256
8953,9,9,1,6.836808681488037
8954,2,2,1,10.629148483276367
8955,1,1,1,7.272367000579834
8956,2,2,1,4.533403396606445
8957,7,7,1,0.5028670430183411
8958,6,4,0,1.0193692445755005
8959,1,1,1,10.660741806030273
8960,0,0,1,2.9754791259765625
8961,0,0,1,4.3117804527282715
8962,5,6,0,-0.07075263559818268
8963,6,6,1,13.17823600769043
8964,0,0,1,8.344048500061035
8965,4,4,1,9.482906341552734
8966,3,3,1,0.4358164370059967
8967,2,2,1,2.524101972579956
8968,8,8,1,6.079782485961914
8969,8,8,1,13.176217079162598
8970,0,0,1,1.6978241205215454
8971,6,6,1,4.954766750335693
8972,9,9,1,5.376129150390625
8973,5,5,1,1.5453242063522339
8974,2,2,1,1.858963131904602
8975,8,8,1,13.318256378173828
8976,7,7,1,-0.6882010698318481
8977,0,0,1,-0.04425725340843201
8978,6,6,1,7.136893272399902
8979,5,5,1,12.248943328857422
8980,9,9,1,9.22681713104248
8981,7,7,1,8.580316543579102
8982,2,2,1,2.5744991302490234
8983,3,4,0,3.146315813064575
8984,6,6,1,3.917804002761841
8985,9,0,0,5.065109729766846
8986,6,6,1,8.43380355834961
8987,2,2,1,4.930302619934082
8988,2,2,1,7.692731857299805
8989,4,4,1,11.89171314239502
8990,1,0,0,0.10074591636657715
8991,0,0,1,3.3245294094085693
8992,5,5,1,3.209650993347168
8993,0,0,1,0.9615703821182251
8994,8,8,1,10.292853355407715
8995,9,9,1,4.858743190765381
8996,3,7,0,1.9433382749557495
8997,5,5,1,0.6427381634712219
8998,9,9,1,9.774979591369629
8999,3,3,1,3.808648109436035
9000,8,8,1,6.885913372039795
9001,1,1,1,6.504575252532959
9002,6,6,1,2.550170421600342
9003,3,3,1,5.062150478363037
9004,7,7,1,8.53687858581543
9005,5,5,1,3.6321380138397217
9006,6,6,1,3.1312296390533447
9007,2,2,1,6.812200546264648
9008,0,0,1,1.1515711545944214
9009,2,2,1,3.1465206146240234
9010,8,8,1,8.307812690734863
9011,2,2,1,7.60795259475708
9012,8,8,1,-0.32692787051200867
9013,7,7,1,1.6148139238357544
9014,7,7,1,7.765677452087402
9015,8,8,1,9.813187599182129
9016,1,1,1,12.682913780212402
9017,0,0,1,4.714422702789307
9018,8,8,1,-0.5951539874076843
9019,9,9,1,6.08890438079834
9020,7,7,1,3.553684949874878
9021,0,0,1,5.610049247741699
9022,3,3,1,2.22489333152771
9023,8,8,1,4.056569576263428
9024,0,0,1,6.750113010406494
9025,5,5,1,8.088141441345215
9026,9,9,1,4.585620880126953
9027,5,2,0,1.0031801462173462
9028,8,8,1,9.34182071685791
9029,4,4,1,-0.6945688128471375
9030,2,2,1,7.439059734344482
9031,0,0,1,4.703700065612793
9032,9,9,1,11.1221342086792
9033,2,2,1,1.9354054927825928
9034,2,2,1,4.128754138946533
9035,4,4,1,2.941128730773926
9036,4,7,0,2.885514736175537
9037,9,9,1,10.787336349487305
9038,2,4,0,2.0268540382385254
9039,2,6,0,0.8604916334152222
9040,2,5,0,1.8893028497695923
9041,5,3,0,3.4441258907318115
9042,1,1,1,7.631702423095703
9043,3,3,1,4.670729637145996
9044,2,2,1,11.993473052978516
9045,0,0,1,6.059329509735107
9046,0,0,1,14.204501152038574
9047,4,4,1,3.7460343837738037
9048,0,0,1,2.9199135303497314
9049,6,6,1,8.001291275024414
9050,5,5,1,1.9551032781600952
9051,8,8,1,11.802722930908203
9052,0,0,1,3.846689462661743
9053,5,5,1,1.8036037683486938
9054,8,8,1,8.741349220275879
9055,6,6,1,10.216009140014648
9056,4,4,1,2.7240006923675537
9057,8,8,1,7.252108573913574
9058,5,5,1,0.6884963512420654
9059,2,2,1,4.687084674835205
9060,9,9,1,7.519644737243652
9061,7,7,1,11.774718284606934
9062,9,9,1,7.069988250732422
9063,7,7,1,6.328607082366943
9064,1,1,1,13.995723724365234
9065,0,2,0,1.914357304573059
9066,1,1,1,9.533308029174805
9067,9,8,0,3.5736608505249023
9068,6,6,1,1.4891475439071655
9069,9,9,1,11.34507942199707
9070,2,2,1,6.003202438354492
9071,7,7,1,3.78100848197937
9072,9,9,1,7.950687408447266
9073,4,4,1,4.270344257354736
9074,4,4,1,6.565043926239014
9075,0,0,1,7.101708889007568
9076,6,6,1,10.200766563415527
9077,2,2,1,4.139141082763672
9078,4,4,1,8.416476249694824
9079,1,1,1,9.965039253234863
9080,3,5,0,2.8716821670532227
9081,7,7,1,6.773040771484375
9082,2,8,0,1.2415647506713867
9083,8,8,1,5.040985107421875
9084,5,3,0,-0.4277196526527405
9085,9,9,1,1.8401199579238892
9086,0,0,1,7.210718631744385
9087,3,3,1,5.884771823883057
9088,2,6,0,1.3610625267028809
9089,3,3,1,7.514427661895752
9090,2,2,1,5.2185893058776855
9091,7,7,1,9.418572425842285
9092,6,6,1,0.9070584774017334
9093,3,3,1,4.200722694396973
9094,2,2,1,1.2254968881607056
9095,5,5,1,2.7097997665405273
9096,9,9,1,6.373732566833496
9097,0,1,0,4.2278242111206055
9098,5,5,1,5.883118152618408
9099,9,9,1,5.216395378112793
9100,9,9,1,3.741751194000244
9101,8,8,1,11.639070510864258
9102,7,7,1,5.182073593139648
9103,7,4,0,0.06686224043369293
9104,4,2,0,1.727878451347351
9105,8,8,1,5.623426914215088
9106,6,6,1,3.072805166244507
9107,5,2,0,-0.20753073692321777
9108,2,2,1,8.213576316833496
9109,3,3,1,7.487234592437744
9110,1,1,1,3.6787900924682617
9111,0,0,1,5.764498233795166
9112,4,4,1,7.844233512878418
9113,1,1,1,11.54269790649414
9114,8,8,1,1.6221596002578735
9115,8,8,1,9.385546684265137
9116,4,4,1,5.255758285522461
9117,9,9,1,12.301898002624512
9118,4,4,1,7.237538814544678
9119,4,4,1,7.369969844818115
9120,3,5,0,1.3238587379455566
9121,3,3,1,5.263995170593262
9122,9,9,1,1.8372050523757935
9123,2,2,1,6.670414924621582
9124,0,0,1,6.384995937347412
9125,1,1,1,6.113694190979004
9126,1,1,1,4.633117198944092
9127,8,8,1,6.052457809448242
9128,4,4,1,6.252013683319092
9129,4,4,1,6.004220008850098
9130,8,8,1,11.93560791015625
9131,3,3,1,9.763203620910645
9132,2,6,0,1.1856989860534668
9133,9,9,1,1.3994837999343872
9134,5,5,1,0.9443394541740417
9135,7,7,1,1.8369594812393188
9136,6,6,1,10.761123657226562
9137,2,6,0,3.522956371307373
9138,5,5,1,2.4035484790802
9139,4,4,1,3.5142393112182617
9140,7,7,1,2.202930212020874
9141,3,3,1,7.21981954574585
9142,3,3,1,6.151427745819092
9143,9,0,0,1.920235276222229
9144,0,0,1,4.47102165222168
9145,1,1,1,4.5508131980896
9146,5,5,1,4.517258644104004
9147,9,9,1,8.938085556030273
9148,3,3,1,2.827505350112915
9149,7,7,1,6.626039981842041
9150,6,2,0,1.1900345087051392
9151,0,0,1,4.612497806549072
9152,4,4,1,10.524617195129395
9153,2,2,1,6.584041595458984
9154,2,2,1,9.289168357849121
9155,5,5,1,11.576055526733398
9156,6,6,1,11.941667556762695
9157,3,3,1,6.180595397949219
9158,8,8,1,8.011292457580566
9159,9,9,1,3.625103235244751
9160,5,5,1,1.1560719013214111
9161,6,6,1,8.659696578979492
9162,1,1,1,3.1367249488830566
9163,4,4,1,10.686689376831055
9164,5,5,1,3.591120719909668
9165,4,4,1,10.39065933227539
9166,6,6,1,9.733413696289062
9167,7,7,1,4.351204872131348
9168,2,2,1,1.8188812732696533
9169,1,1,1,2.664289951324463
9170,0,0,1,3.6498160362243652
9171,2,2,1,5.8821306228637695
9172,0,0,1,9.733942031860352
9173,4,4,1,13.600077629089355
9174,9,7,0,1.4288278818130493
9175,8,8,1,8.002362251281738
9176,8,8,1,1.7923585176467896
9177,9,9,1,8.465737342834473
9178,1,1,1,12.030818939208984
9179,1,1,1,10.438130378723145
9180,5,5,1,6.875322341918945
9181,0,0,1,6.259995937347412
9182,0,0,1,4.899123668670654
9183,8,8,1,8.6459379196167
9184,7,7,1,1.1883008480072021
9185,1,1,1,1.6563968658447266
9186,7,7,1,3.312603235244751
9187,4,4,1,7.975117206573486
9188,5,5,1,1.7463828325271606
9189,4,4,1,8.010086059570312
9190,3,3,1,2.3332436084747314
9191,3,3,1,5.766606330871582
9192,2,2,1,6.585346698760986
9193,0,0,1,6.029573917388916
9194,6,6,1,2.6960158348083496
9195,6,6,1,8.74447250366211
9196,0,0,1,8.830625534057617
9197,1,1,1,14.018383979797363
9198,3,3,1,3.1529083251953125
9199,9,9,1,11.712817192077637
9200,8,8,1,7.040953636169434
9201,3,3,1,0.9512624740600586
9202,7,7,1,8.712703704833984
9203,8,8,1,6.082006454467773
9204,9,9,1,5.500383377075195
9205,4,4,1,9.527801513671875
9206,8,8,1,8.441143989562988
9207,9,9,1,14.893023490905762
9208,0,0,1,4.684930801391602
9209,9,9,1,3.3502306938171387
9210,7,7,1,14.776909828186035
9211,1,1,1,14.064859390258789
9212,6,6,1,8.429268836975098
9213,2,2,1,4.390742301940918
9214,9,9,1,7.456648826599121
9215,5,5,1,7.30433464050293
9216,6,2,0,1.041217565536499
9217,9,0,0,1.9431500434875488
9218,3,5,0,-0.2886388897895813
9219,9,9,1,5.331996917724609
9220,8,8,1,10.39145565032959
9221,7,7,1,8.575594902038574
9222,7,7,1,3.8150293827056885
9223,1,1,1,0.9808573722839355
9224,6,6,1,6.3454742431640625
9225,5,3,0,-0.1237172856926918
9226,3,3,1,3.6553902626037598
9227,1,9,0,8.778023719787598
9228,3,3,1,3.357179880142212
9229,1,1,1,6.221198081970215
9230,2,4,0,1.0692970752716064
9231,7,3,0,1.9403537511825562
9232,1,1,1,4.859219551086426
9233,8,0,0,0.41569364070892334
9234,2,2,1,5.815860271453857
9235,0,0,1,3.4386279582977295
9236,9,9,1,4.365718841552734
9237,7,3,0,0.8368082642555237
9238,9,9,1,11.2171049118042
9239,8,8,1,7.660280227661133
9240,8,8,1,7.509092330932617
9241,6,6,1,4.0042924880981445
9242,7,7,1,6.089150428771973
9243,3,3,1,8.217597961425781
9244,7,7,1,12.764761924743652
9245,1,1,1,8.080622673034668
9246,3,0,0,0.5550627708435059
9247,9,9,1,12.43427562713623
9248,0,0,1,5.745646953582764
9249,9,9,1,14.388601303100586
9250,3,3,1,1.3443193435668945
9251,6,6,1,1.6487261056900024
9252,7,7,1,8.373846054077148
9253,2,2,1,5.48933744430542
9254,7,7,1,2.20171856880188
9255,3,3,1,1.0304514169692993
9256,0,0,1,4.753670692443848
9257,5,5,1,5.943945407867432
9258,9,0,0,0.47540318965911865
9259,7,7,1,9.710912704467773
9260,5,6,0,0.6947147250175476
9261,5,5,1,4.410859107971191
9262,0,3,0,0.6171066761016846
9263,6,6,1,8.095256805419922
9264,5,5,1,3.017332077026367
9265,1,1,1,7.589259147644043
9266,8,8,1,7.065190315246582
9267,2,2,1,4.289681911468506
9268,7,7,1,1.1612696647644043
9269,5,5,1,5.30426025390625
9270,9,9,1,10.423365592956543
9271,0,0,1,6.909771919250488
9272,0,0,1,5.910867214202881
9273,0,0,1,3.192758083343506
9274,8,0,0,2.6985676288604736
9275,8,9,0,1.165452480316162
9276,7,7,1,2.0915396213531494
9277,3,3,1,2.6008942127227783
9278,7,7,1,5.409891605377197
9279,8,8,1,4.432371139526367
9280,9,9,1,13.328234672546387
9281,3,3,1,7.941346645355225
9282,7,7,1,9.149739265441895
9283,9,9,1,10.130293846130371
9284,7,7,1,1.9709457159042358
9285,8,8,1,11.926806449890137
9286,7,7,1,1.8621703386306763
9287,9,9,1,2.664005994796753
9288,8,8,1,1.311333179473877
9289,5,3,0,0.333713173866272
9290,4,4,1,0.7828144431114197
9291,8,8,1,4.9683732986450195
9292,3,7,0,2.819857358932495
9293,7,7,1,14.707572937011719
9294,6,6,1,1.4326950311660767
9295,3,3,1,3.0414841175079346
9296,8,8,1,9.490602493286133
9297,2,2,1,4.338521480560303
9298,1,1,1,8.903514862060547
9299,9,9,1,7.093605041503906
9300,5,3,0,3.6808629035949707
9301,7,5,0,0.3025748133659363
9302,3,9,0,-1.0619533061981201
9303,9,9,1,10.647692680358887
9304,5,4,0,1.618865728378296
9305,5,5,1,2.85784649848938
9306,8,8,1,11.495734214782715
9307,7,7,1,1.9162371158599854
9308,3,3,1,6.482690811157227
9309,5,5,1,4.998867511749268
9310,3,4,0,2.503164052963257
9311,5,5,1,9.649375915527344
9312,9,9,1,15.675389289855957
9313,7,7,1,2.162903070449829
9314,6,3,0,3.272479772567749
9315,7,7,1,0.6501412987709045
9316,3,3,1,3.8653957843780518
9317,6,6,1,2.178668975830078
9318,4,4,1,6.340970993041992
9319,3,3,1,2.025099515914917
9320,9,9,1,12.353123664855957
9321,4,4,1,3.983881711959839
9322,2,2,1,7.913792610168457
9323,1,1,1,10.04119873046875
9324,9,9,1,10.003348350524902
9325,6,6,1,11.362810134887695
9326,0,0,1,8.77407455444336
9327,2,2,1,1.3293360471725464
9328,6,6,1,6.619895935058594
9329,7,7,1,6.317920207977295
9330,4,4,1,8.532220840454102
9331,7,7,1,2.0310556888580322
9332,9,9,1,11.795680046081543
9333,0,0,1,4.844287395477295
9334,7,7,1,6.846057891845703
9335,4,4,1,9.531715393066406
9336,3,5,0,5.632390022277832
9337,5,5,1,-0.9691267609596252
9338,3,3,1,0.46795180439949036
9339,1,1,1,12.429049491882324
9340,1,1,1,17.255386352539062
9341,2,3,0,1.0656301975250244
9342,6,6,1,5.644001007080078
9343,8,8,1,9.333786010742188
9344,2,2,1,6.958028316497803
9345,1,1,1,11.637173652648926
9346,7,3,0,2.6607508659362793
9347,8,8,1,10.978904724121094
9348,5,5,1,3.067307949066162
9349,9,9,1,6.614656925201416
9350,6,6,1,5.384860038757324
9351,1,1,1,9.632646560668945
9352,1,9,0,3.1995694637298584
9353,5,5,1,2.2942934036254883
9354,0,0,1,6.088127136230469
9355,6,6,1,7.007694244384766
9356,0,0,1,9.985103607177734
9357,9,9,1,12.311554908752441
9358,2,2,1,7.131781578063965
9359,6,6,1,5.746603012084961
9360,5,0,0,3.7872557640075684
9361,8,8,1,1.0408179759979248
9362,9,9,1,5.246300220489502
9363,5,5,1,6.395297527313232
9364,5,5,1,5.166638374328613
9365,6,2,0,1.028942584991455
9366,2,2,1,4.7901611328125
9367,9,9,1,7.659407615661621
9368,1,1,1,1.811087965965271
9369,5,4,0,-0.7576010823249817
9370,8,1,0,2.2965269088745117
9371,8,8,1,7.920485496520996
9372,7,7,1,15.853128433227539
9373,1,1,1,7.033470153808594
9374,7,7,1,12.168944358825684
9375,3,3,1,2.2846124172210693
9376,5,2,0,-0.2634449601173401
9377,4,4,1,7.120262622833252
9378,9,9,1,6.779513359069824
9379,7,7,1,10.007501602172852
9380,5,3,0,1.5613760948181152
9381,2,2,1,5.075712203979492
9382,9,9,1,12.644277572631836
9383,9,9,1,1.8936766386032104
9384,4,2,0,-0.22805172204971313
9385,7,7,1,-0.052269820123910904
9386,4,2,0,1.5698840618133545
9387,1,1,1,7.942807674407959
9388,3,3,1,6.513813018798828
9389,8,8,1,5.422059535980225
9390,7,7,1,11.552864074707031
9391,9,9,1,8.880484580993652
9392,0,0,1,6.420974254608154
9393,4,4,1,0.6534810662269592
9394,5,5,1,5.889477729797363
9395,7,7,1,7.160421371459961
9396,5,5,1,1.759454369544983
9397,2,3,0,1.6322925090789795
9398,8,8,1,6.058866500854492
9399,7,7,1,7.7089762687683105
9400,6,6,1,12.290657043457031
9401,9,9,1,4.989558219909668
9402,6,2,0,1.5980380773544312
9403,9,9,1,1.4184637069702148
9404,3,3,1,-1.1737337112426758
9405,8,8,1,3.4434211254119873
9406,5,5,1,10.514780044555664
9407,6,6,1,6.225586891174316
9408,6,6,1,4.3343915939331055
9409,9,9,1,10.244714736938477
9410,5,5,1,11.406474113464355
9411,7,7,1,5.649493217468262
9412,8,8,1,9.590210914611816
9413,0,0,1,10.642444610595703
9414,5,3,0,2.215542793273926
9415,0,0,1,-0.5764087438583374
9416,7,7,1,13.200966835021973
9417,4,4,1,1.4184727668762207
9418,8,8,1,3.2554666996002197
9419,2,2,1,3.2856829166412354
9420,5,5,1,7.784817695617676
9421,1,9,0,0.6434742212295532
9422,3,3,1,3.646393060684204
9423,2,2,1,2.566727876663208
9424,2,2,1,3.1516268253326416
9425,6,6,1,7.63317346572876
9426,2,4,0,1.9597318172454834
9427,1,1,1,12.799426078796387
9428,7,7,1,3.5121679306030273
9429,4,4,1,0.7515293955802917
9430,6,6,1,7.032299518585205
9431,3,5,0,3.022423028945923
9432,1,1,1,6.693580627441406
9433,3,3,1,3.2252590656280518
9434,7,7,1,4.271224021911621
9435,2,2,1,3.9079506397247314
9436,1,6,0,0.613301157951355
9437,3,3,1,2.765636682510376
9438,7,7,1,12.906970977783203
9439,0,0,1,4.607391834259033
9440,8,8,1,7.026270866394043
9441,4,4,1,4.673903942108154
9442,4,4,1,3.6480109691619873
9443,5,5,1,4.660854816436768
9444,7,7,1,13.871827125549316
9445,9,7,0,-0.2494039684534073
9446,5,5,1,5.597798824310303
9447,4,4,1,9.050631523132324
9448,3,3,1,2.2982914447784424
9449,9,9,1,5.3353986740112305
9450,6,5,0,0.368339866399765
9451,8,8,1,11.839337348937988
9452,2,2,1,1.373909592628479
9453,3,3,1,2.375563859939575
9454,3,3,1,1.3840694427490234
9455,1,1,1,1.0535022020339966
9456,6,6,1,9.37495231628418
9457,1,1,1,8.063055992126465
9458,7,7,1,12.958709716796875
9459,0,0,1,5.360028266906738
9460,3,3,1,7.152047157287598
9461,4,4,1,5.743838787078857
9462,2,0,0,2.60805606842041
9463,9,9,1,5.702271461486816
9464,4,4,1,3.185600996017456
9465,5,5,1,3.0064539909362793
9466,8,8,1,5.853122711181641
9467,2,4,0,1.57151198387146
9468,7,7,1,6.629867076873779
9469,0,8,0,-0.190065398812294
9470,9,9,1,15.078882217407227
9471,6,6,1,2.349370002746582
9472,8,8,1,9.303370475769043
9473,0,0,1,7.637390613555908
9474,8,8,1,11.130996704101562
9475,2,2,1,10.892457962036133
9476,8,8,1,7.709593296051025
9477,5,5,1,9.884819030761719
9478,7,7,1,15.402236938476562
9479,7,2,0,0.962194561958313
9480,2,2,1,8.614717483520508
9481,2,2,1,3.8346667289733887
9482,0,0,1,4.2793869972229
9483,0,0,1,-0.24568456411361694
9484,0,0,1,4.377272605895996
9485,7,7,1,7.1003875732421875
9486,4,4,1,4.7715864181518555
9487,1,1,1,17.52204132080078
9488,6,6,1,7.46594762802124
9489,6,6,1,8.93181037902832
9490,8,8,1,5.4514923095703125
9491,8,8,1,4.261496543884277
9492,9,9,1,8.316485404968262
9493,0,0,1,0.16820651292800903
9494,9,9,1,7.7969560623168945
9495,0,0,1,4.642984867095947
9496,1,1,1,12.105724334716797
9497,3,3,1,0.31407418847084045
9498,3,3,1,1.5272178649902344
9499,0,0,1,7.836145401000977
9500,9,9,1,0.3275182247161865
9501,6,2,0,1.060319423675537
9502,6,6,1,5.629885673522949
9503,2,4,0,-0.038754653185606
9504,6,6,1,9.385771751403809
9505,3,3,1,3.5648534297943115
9506,4,2,0,-2.0930399894714355
9507,0,8,0,6.979104995727539
9508,8,8,1,5.360131740570068
9509,4,4,1,2.9432952404022217
9510,1,1,1,11.561311721801758
9511,4,4,1,2.624589443206787
9512,0,0,1,9.38856315612793
9513,6,6,1,4.641973495483398
9514,5,5,1,0.7105441093444824
9515,0,0,1,5.2398529052734375
9516,9,9,1,9.138551712036133
9517,9,9,1,8.110522270202637
9518,9,9,1,3.5168259143829346
9519,9,9,1,12.507599830627441
9520,1,1,1,9.564047813415527
9521,2,2,1,2.5325989723205566
9522,3,5,0,1.1758935451507568
9523,5,5,1,8.210474967956543
9524,4,4,1,13.41118335723877
9525,2,2,1,4.058967590332031
9526,9,9,1,6.355480670928955
9527,6,2,0,0.6851910948753357
9528,0,0,1,1.781328558921814
9529,9,9,1,0.12951309978961945
9530,6,6,1,12.848552703857422
9531,6,6,1,2.4296159744262695
9532,8,0,0,1.2752256393432617
9533,0,0,1,1.590481162071228
9534,6,6,1,14.054889678955078
9535,1,9,0,-0.270194411277771
9536,4,4,1,3.510603666305542
9537,6,2,0,0.21579933166503906
9538,8,8,1,10.729035377502441
9539,0,0,1,4.677239894866943
9540,5,5,1,8.710497856140137
9541,4,4,1,4.977116107940674
9542,1,9,0,-0.031240954995155334
9543,2,2,1,9.32705307006836
9544,0,0,1,8.401397705078125
9545,9,9,1,6.859049320220947
9546,6,6,1,4.807740211486816
9547,4,4,1,6.7456841468811035
9548,2,3,0,0.6160128712654114
9549,4,4,1,2.134154796600342
9550,6,6,1,8.193329811096191
9551,5,5,1,1.721195101737976
9552,9,9,1,10.888728141784668
9553,7,7,1,7.036865234375
9554,7,7,1,12.159466743469238
9555,4,3,0,0.4640943109989166
9556,6,3,0,0.47086602449417114
9557,5,5,1,-0.062075503170490265
9558,0,0,1,5.338581562042236
9559,1,1,1,9.08168888092041
9560,9,9,1,0.007974132895469666
9561,0,0,1,0.8582780361175537
9562,3,3,1,0.9593611359596252
9563,1,3,0,-0.9317737817764282
9564,9,9,1,10.386246681213379
9565,0,0,1,8.276945114135742
9566,9,9,1,8.108503341674805
9567,7,7,1,12.03780746459961
9568,8,8,1,14.214831352233887
9569,6,6,1,4.500481128692627
9570,7,7,1,17.42316436767578
9571,6,6,1,3.17722225189209
9572,8,8,1,6.7367048263549805
9573,2,2,1,4.971124649047852
9574,4,4,1,7.312389850616455
9575,5,5,1,8.791028022766113
9576,3,3,1,0.9359588027000427
9577,0,0,1,9.053107261657715
9578,3,3,1,3.0670430660247803
9579,2,2,1,3.765951633453369
9580,1,1,1,18.07242202758789
9581,7,7,1,12.284120559692383
9582,5,5,1,2.5164413452148438
9583,9,9,1,11.349156379699707
9584,3,3,1,0.2822093069553375
9585,4,4,1,8.32783031463623
9586,5,5,1,5.837302207946777
9587,7,9,0,0.7235288619995117
9588,1,1,1,8.972395896911621
9589,5,5,1,1.408168077468872
9590,0,0,1,2.841862440109253
9591,1,1,1,13.126134872436523
9592,1,1,1,14.161062240600586
9593,1,9,0,2.1232540607452393
9594,9,9,1,3.7774534225463867
9595,7,7,1,8.37791919708252
9596,5,5,1,7.490678787231445
9597,4,4,1,9.810566902160645
9598,9,9,1,10.127738952636719
9599,7,7,1,16.803829193115234
9600,8,8,1,14.148282051086426
9601,1,1,1,0.42840829491615295
9602,0,0,1,5.763125419616699
9603,2,2,1,7.215864658355713
9604,8,8,1,0.41039982438087463
9605,5,5,1,5.074357986450195
9606,6,6,1,4.977696418762207
9607,7,7,1,7.022040367126465
9608,0,2,0,5.779219627380371
9609,1,1,1,2.8150148391723633
9610,4,4,1,10.09591007232666
9611,8,8,1,10.477315902709961
9612,4,4,1,4.41762113571167
9613,4,4,1,4.436941623687744
9614,6,6,1,13.319416046142578
9615,6,6,1,7.1242570877075195
9616,5,7,0,1.4357160329818726
9617,8,8,1,8.315021514892578
9618,1,1,1,15.796699523925781
9619,8,8,1,5.618887901306152
9620,4,4,1,6.702762126922607
9621,6,6,1,11.035161972045898
9622,5,5,1,2.7610244750976562
9623,9,9,1,12.090004920959473
9624,2,2,1,2.3154349327087402
9625,2,2,1,2.388444662094116
9626,1,1,1,4.587667465209961
9627,4,4,1,3.6374776363372803
9628,9,9,1,14.552504539489746
9629,1,1,1,2.4140682220458984
9630,6,6,1,5.488127708435059
9631,7,7,1,7.3319854736328125
9632,2,2,1,13.445123672485352
9633,0,0,1,1.5494132041931152
9634,1,1,1,8.395037651062012
9635,7,4,0,1.1967835426330566
9636,6,6,1,4.409611225128174
9637,5,5,1,5.8587646484375
9638,2,2,1,13.846494674682617
9639,2,2,1,6.453115940093994
9640,5,5,1,6.292537689208984
9641,6,3,0,0.06362063437700272
9642,0,0,1,0.17360854148864746
9643,9,9,1,2.339517116546631
9644,0,0,1,5.581067085266113
9645,1,1,1,8.866788864135742
9646,5,9,0,-1.055315375328064
9647,3,3,1,6.131979942321777
9648,3,3,1,3.290687084197998
9649,5,5,1,5.825564861297607
9650,8,0,0,0.48387622833251953
9651,7,7,1,8.332780838012695
9652,5,5,1,0.37505167722702026
9653,6,6,1,8.47212028503418
9654,5,3,0,1.4884685277938843
9655,8,8,1,9.650604248046875
9656,0,0,1,6.01785135269165
9657,5,3,0,0.9861664175987244
9658,9,9,1,6.363180160522461
9659,4,4,1,5.906856060028076
9660,6,6,1,3.8563296794891357
9661,5,5,1,5.296399116516113
9662,1,1,1,13.872021675109863
9663,1,1,1,6.568805694580078
9664,0,0,1,11.64999771118164
9665,3,7,0,-0.25140881538391113
9666,3,3,1,3.934499502182007
9667,9,9,1,12.030682563781738
9668,4,4,1,12.249556541442871
9669,8,8,1,3.5826995372772217
9670,1,1,1,12.792702674865723
9671,7,7,1,13.088672637939453
9672,7,7,1,12.481805801391602
9673,9,9,1,9.79234790802002
9674,9,9,1,6.88185977935791
9675,4,4,1,5.179150581359863
9676,3,5,0,2.8334269523620605
9677,6,6,1,14.118575096130371
9678,3,0,0,0.609541654586792
9679,2,3,0,2.2245874404907227
9680,8,8,1,3.6686556339263916
9681,2,2,1,4.574687957763672
9682,7,7,1,0.7863149642944336
9683,6,6,1,5.861610412597656
9684,7,7,1,11.670000076293945
9685,0,0,1,5.6521525382995605
9686,2,2,1,4.268819332122803
9687,1,1,1,-0.23247292637825012
9688,2,2,1,4.5396409034729
9689,9,9,1,2.0752482414245605
9690,4,4,1,2.984919786453247
9691,6,2,0,1.5815378427505493
9692,9,9,1,4.762187480926514
9693,6,6,1,7.048073768615723
9694,1,1,1,4.054738998413086
9695,0,0,1,2.298264741897583
9696,1,1,1,3.7754037380218506
9697,8,8,1,5.19566535949707
9698,7,7,1,6.981492042541504
9699,0,0,1,6.1464128494262695
9700,0,0,1,7.343314170837402
9701,4,4,1,6.719776153564453
9702,7,7,1,16.2430419921875
9703,4,4,1,5.2160563468933105
9704,2,3,0,3.067267417907715
9705,6,6,1,2.7098677158355713
9706,9,9,1,6.583225727081299
9707,5,5,1,7.8670244216918945
9708,9,9,1,2.32448410987854
9709,0,0,1,2.5216448307037354
9710,7,7,1,10.168899536132812
9711,4,4,1,5.573980331420898
9712,5,5,1,3.9020333290100098
9713,8,8,1,6.032848358154297
9714,1,1,1,13.466291427612305
9715,4,4,1,2.469085454940796
9716,7,7,1,8.236608505249023
9717,9,9,1,4.507256984710693
9718,9,9,1,5.440386772155762
9719,8,8,1,9.777396202087402
9720,8,8,1,6.813146591186523
9721,6,3,0,2.163695812225342
9722,3,3,1,3.1859047412872314
9723,7,7,1,9.136906623840332
9724,0,0,1,8.690611839294434
9725,8,8,1,8.240432739257812
9726,9,9,1,10.552891731262207
9727,6,6,1,3.9622018337249756
9728,2,2,1,4.192831516265869
9729,4,4,1,1.119879961013794
9730,6,6,1,8.588788986206055
9731,2,2,1,-0.577947199344635
9732,9,9,1,6.745511054992676
9733,7,7,1,9.596837997436523
9734,4,7,0,3.7336678504943848
9735,6,6,1,7.301359176635742
9736,8,8,1,8.32307243347168
9737,5,5,1,8.563223838806152
9738,6,6,1,9.064971923828125
9739,1,1,1,7.827751636505127
9740,3,2,0,0.6980101466178894
9741,5,5,1,2.680191993713379
9742,9,9,1,1.062382698059082
9743,9,9,1,5.810479164123535
9744,1,9,0,7.056623458862305
9745,3,3,1,7.87453556060791
9746,2,3,0,-0.660478949546814
9747,0,0,1,6.457899570465088
9748,3,3,1,5.485796928405762
9749,0,0,1,5.630887985229492
9750,2,3,0,2.388741970062256
9751,0,0,1,0.3052968978881836
9752,7,7,1,5.609596252441406
9753,3,5,0,2.136752128601074
9754,9,9,1,12.972123146057129
9755,3,3,1,1.1753268241882324
9756,5,5,1,0.24044178426265717
9757,7,7,1,5.7429304122924805
9758,6,6,1,7.672268867492676
9759,5,5,1,-0.3596843183040619
9760,9,9,1,2.472170114517212
9761,5,5,1,7.705809593200684
9762,6,6,1,11.884075164794922
9763,1,9,0,7.648412227630615
9764,2,2,1,5.920023441314697
9765,4,4,1,5.031944751739502
9766,0,0,1,4.979342937469482
9767,2,2,1,7.503042697906494
9768,7,7,1,4.276744365692139
9769,8,8,1,8.923155784606934
9770,4,4,1,1.2393689155578613
9771,4,4,1,6.129850387573242
9772,0,2,0,2.11753511428833
9773,9,9,1,4.805560111999512
9774,5,5,1,5.559294700622559
9775,9,9,1,7.440127372741699
9776,2,2,1,2.4978716373443604
9777,9,9,1,6.368294715881348
9778,3,3,1,7.829764366149902
9779,2,2,1,4.9322028160095215
9780,4,4,1,6.701894760131836
9781,3,3,1,4.555898666381836
9782,2,2,1,0.6239579916000366
9783,2,2,1,4.7793354988098145
9784,8,8,1,7.253692626953125
9785,8,8,1,6.332414150238037
9786,6,6,1,5.787815093994141
9787,8,8,1,0.022478144615888596
9788,1,1,1,18.24755859375
9789,6,6,1,0.9087433815002441
9790,8,8,1,2.2798678874969482
9791,9,2,0,-0.31524473428726196
9792,8,8,1,4.054647445678711
9793,2,5,0,0.6187760829925537
9794,1,1,1,0.9199512600898743
9795,4,4,1,5.635389804840088
9796,9,9,1,4.683795928955078
9797,1,1,1,15.051494598388672
9798,5,5,1,10.564950942993164
9799,7,7,1,8.99020767211914
9800,1,1,1,19.675765991210938
9801,6,0,0,0.9117967486381531
9802,0,0,1,8.331701278686523
9803,1,1,1,5.433812141418457
9804,5,5,1,3.836980104446411
9805,2,0,0,4.751907825469971
9806,8,8,1,10.150315284729004
9807,1,1,1,13.200758934020996
9808,1,1,1,5.38325309753418
9809,3,3,1,2.1658432483673096
9810,8,4,0,-0.2523403465747833
9811,1,1,1,1.8601101636886597
9812,3,8,0,0.03868214413523674
9813,1,1,1,2.4625186920166016
9814,8,8,1,7.783266544342041
9815,5,5,1,1.35077965259552
9816,1,1,1,8.042099952697754
9817,9,1,0,9.312843322753906
9818,0,0,1,3.2476561069488525
9819,3,5,0,5.130193710327148
9820,0,0,1,0.6304688453674316
9821,4,4,1,6.303454399108887
9822,0,0,1,2.539851665496826
9823,5,5,1,5.248204708099365
9824,1,1,1,6.893136024475098
9825,2,2,1,4.101851940155029
9826,0,0,1,6.637539863586426
9827,4,4,1,5.647972583770752
9828,9,9,1,5.954635143280029
9829,5,5,1,1.376340627670288
9830,1,1,1,14.311758995056152
9831,2,2,1,1.0204137563705444
9832,2,2,1,1.1508527994155884
9833,7,7,1,10.689023971557617
9834,8,8,1,9.222540855407715
9835,7,7,1,6.868224143981934
9836,2,2,1,7.94677734375
9837,4,7,0,5.229183197021484
9838,5,5,1,2.684875726699829
9839,3,3,1,2.6593871116638184
9840,4,7,0,8.164421081542969
9841,0,8,0,2.4531595706939697
9842,6,4,0,1.0007033348083496
9843,1,1,1,19.274555206298828
9844,5,2,0,0.37299996614456177
9845,9,9,1,5.312820911407471
9846,8,8,1,6.226843357086182
9847,0,0,1,2.949854850769043
9848,2,2,1,3.02786922454834
9849,0,0,1,3.360391855239868
9850,7,7,1,5.745499610900879
9851,6,2,0,1.081870436668396
9852,0,0,1,6.93710994720459
9853,5,6,0,5.674524307250977
9854,9,9,1,12.203560829162598
9855,7,7,1,2.4183907508850098
9856,5,5,1,6.509855270385742
9857,0,0,1,2.320990562438965
9858,4,4,1,1.7929394245147705
9859,6,6,1,11.997384071350098
9860,0,0,1,4.194528579711914
9861,6,6,1,9.993400573730469
9862,3,3,1,-0.5326533317565918
9863,6,6,1,3.8355050086975098
9864,8,8,1,4.570927619934082
9865,1,1,1,10.63377857208252
9866,1,1,1,2.79768705368042
9867,8,8,1,4.93632173538208
9868,9,9,1,10.80052661895752
9869,7,7,1,8.70120906829834
9870,2,2,1,-0.1396632194519043
9871,9,9,1,11.160284996032715
9872,0,0,1,0.7553526163101196
9873,2,2,1,3.5691473484039307
9874,2,2,1,5.764064788818359
9875,9,9,1,8.940802574157715
9876,0,0,1,9.364082336425781
9877,6,2,0,4.205669403076172
9878,5,3,0,1.869359016418457
9879,7,7,1,1.6422024965286255
9880,7,7,1,2.5207111835479736
9881,9,9,1,10.26367473602295
9882,1,1,1,8.784660339355469
9883,7,7,1,-0.9268871545791626
9884,9,9,1,6.477666854858398
9885,8,8,1,8.953770637512207
9886,4,4,1,1.3955435752868652
9887,5,5,1,5.908945083618164
9888,0,0,1,4.214146614074707
9889,8,8,1,9.360697746276855
9890,0,0,1,8.661157608032227
9891,2,3,0,0.20009952783584595
9892,5,5,1,3.481229305267334
9893,2,2,1,6.715351581573486
9894,1,0,0,1.3933677673339844
9895,4,4,1,12.780881881713867
9896,4,4,1,13.3490571975708
9897,8,0,0,3.8322229385375977
9898,9,9,1,11.666600227355957
9899,7,7,1,5.310779571533203
9900,8,8,1,4.301714897155762
9901,3,2,0,-0.5506134629249573
9902,6,3,0,-1.3912853002548218
9903,6,6,1,7.41461181640625
9904,0,0,1,9.303245544433594
9905,1,1,1,7.735744953155518
9906,1,1,1,5.997067928314209
9907,1,1,1,12.797938346862793
9908,8,8,1,5.658378601074219
9909,1,1,1,11.898479461669922
9910,4,4,1,6.2869954109191895
9911,4,4,1,4.148493766784668
9912,0,0,1,1.4449752569198608
9913,7,7,1,9.518095016479492
9914,8,8,1,3.428729772567749
9915,2,2,1,3.066993236541748
9916,1,1,1,11.559210777282715
9917,2,2,1,3.817209243774414
9918,5,7,0,-2.5302741527557373
9919,4,4,1,1.577458143234253
9920,6,6,1,14.793222427368164
9921,0,0,1,3.8245794773101807
9922,5,5,1,1.641464352607727
9923,7,7,1,4.505283355712891
9924,4,2,0,0.8350686430931091
9925,4,4,1,6.363306999206543
9926,3,0,0,0.4359591007232666
9927,9,9,1,9.027700424194336
9928,5,5,1,5.469732284545898
9929,8,8,1,5.816601276397705
9930,8,8,1,4.69996976852417
9931,0,0,1,11.60603141784668
9932,8,8,1,6.421965599060059
9933,7,7,1,5.569717884063721
9934,4,4,1,4.066612720489502
9935,1,1,1,9.838095664978027
9936,8,8,1,2.988309383392334
9937,4,4,1,9.090786933898926
9938,9,9,1,11.272438049316406
9939,5,5,1,6.243608474731445
9940,4,4,1,3.068915367126465
9941,1,1,1,8.357502937316895
9942,7,7,1,6.4832539558410645
9943,7,7,1,2.41680645942688
9944,7,7,1,10.207902908325195
9945,7,7,1,6.223679542541504
9946,0,0,1,6.246183395385742
9947,3,3,1,5.218913555145264
9948,8,8,1,9.47704792022705
9949,3,6,0,-1.4261783361434937
9950,3,3,1,0.8687305450439453
9951,0,0,1,5.226737022399902
9952,5,5,1,12.160100936889648
9953,7,4,0,3.1079940795898438
9954,0,0,1,5.831845760345459
9955,8,8,1,10.441967964172363
9956,0,0,1,2.000856399536133
9957,0,0,1,4.988471984863281
9958,9,9,1,13.855857849121094
9959,2,2,1,-0.10596483200788498
9960,2,0,0,2.6278069019317627
9961,3,3,1,4.552318572998047
9962,4,4,1,5.665705680847168
9963,8,8,1,5.550290107727051
9964,2,3,0,0.594321072101593
9965,2,3,0,-0.8570415377616882
9966,6,6,1,8.427605628967285
9967,3,4,0,-1.2461942434310913
9968,3,3,1,0.8298793435096741
9969,6,4,0,-1.9356822967529297
9970,2,2,1,9.61633586883545
9971,9,9,1,6.42348575592041
9972,4,4,1,-1.0402309894561768
9973,0,0,1,6.2589335441589355
9974,1,1,1,14.904508590698242
9975,7,7,1,14.467921257019043
9976,5,5,1,4.629217147827148
9977,5,5,1,8.194464683532715
9978,7,7,1,6.171623229980469
9979,3,3,1,4.760784149169922
9980,0,0,1,8.470293998718262
9981,4,4,1,2.5035135746002197
9982,2,6,0,4.049626350402832
9983,0,0,1,2.1807615756988525
9984,7,7,1,5.8210344314575195
9985,5,3,0,0.3792327642440796
9986,8,8,1,7.7674055099487305
9987,0,0,1,9.497398376464844
9988,8,8,1,11.744574546813965
9989,2,4,0,5.7687087059021
9990,7,7,1,2.988750696182251
9991,0,0,1,4.463141441345215
9992,3,3,1,5.115296840667725
9993,5,5,1,4.381896018981934
9994,3,3,1,8.979642868041992
9995,8,8,1,5.608744144439697
9996,3,3,1,6.54694128036499
9997,5,5,1,7.943836212158203
9998,1,1,1,6.965540409088135
9999,7,7,1,11.578949928283691
