sample_idx,true_label,pred_label,correct,confidence
0,1,1,1,2.051002264022827
1,1,1,1,0.7539893388748169
2,1,1,1,0.22007781267166138
3,1,0,0,4.363576412200928
4,1,1,1,0.5558594465255737
5,1,1,1,2.4460766315460205
6,1,0,0,1.5689237117767334
7,1,1,1,0.12942352890968323
8,1,1,1,6.002763748168945
9,1,0,0,-0.09112421423196793
10,1,1,1,0.7195248603820801
11,1,1,1,1.3988381624221802
12,1,1,1,0.17683637142181396
13,1,1,1,0.6001968383789062
14,1,1,1,1.6490527391433716
15,1,0,0,1.3860079050064087
16,1,0,0,2.42138671875
17,1,1,1,1.7013598680496216
18,1,0,0,1.1706253290176392
19,1,1,1,0.30799558758735657
20,1,1,1,0.05414063483476639
21,1,1,1,2.848592758178711
22,1,1,1,0.1419045627117157
23,1,1,1,0.8253871202468872
24,1,1,1,0.4439067840576172
25,1,1,1,0.20510926842689514
26,1,1,1,1.3021963834762573
27,1,0,0,2.0853402614593506
28,1,1,1,0.44537243247032166
29,1,1,1,1.9040786027908325
30,1,1,1,3.9557085037231445
31,1,1,1,0.7160487771034241
32,1,1,1,1.8750081062316895
33,1,1,1,1.6071490049362183
34,1,1,1,2.1918203830718994
35,1,1,1,0.2597399055957794
36,1,1,1,3.598249912261963
37,1,1,1,3.8895366191864014
38,1,0,0,2.6966629028320312
39,1,1,1,0.35387128591537476
40,1,1,1,2.8219122886657715
41,1,0,0,2.153211832046509
42,1,1,1,2.0581672191619873
43,1,1,1,0.25804710388183594
44,1,0,0,-0.023446910083293915
45,1,1,1,3.5297927856445312
46,1,1,1,3.897308826446533
47,1,1,1,1.2878693342208862
48,1,1,1,2.2437024116516113
49,1,1,1,2.7818806171417236
50,1,0,0,0.34435218572616577
51,1,1,1,0.7823151350021362
52,1,1,1,1.1443573236465454
53,1,1,1,2.0496346950531006
54,1,1,1,0.7559995055198669
55,1,0,0,0.03726216405630112
56,1,1,1,0.8681979179382324
57,1,0,0,1.3686167001724243
58,1,1,1,2.5982298851013184
59,1,1,1,1.3542898893356323
60,1,1,1,1.1242512464523315
61,1,1,1,1.9196414947509766
62,1,1,1,1.502057671546936
63,1,1,1,0.2894670069217682
64,1,1,1,1.5918776988983154
65,1,1,1,-0.06254706531763077
66,1,1,1,4.2760396003723145
67,1,1,1,3.0818159580230713
68,1,1,1,0.7028258442878723
69,1,1,1,0.6452277898788452
70,1,0,0,-0.0542043000459671
71,1,1,1,0.4396571218967438
72,1,1,1,0.7103946208953857
73,1,1,1,0.4000128209590912
74,1,1,1,1.3545726537704468
75,1,1,1,0.5664292573928833
76,1,0,0,0.35568588972091675
77,1,0,0,1.6177270412445068
78,1,1,1,2.3349673748016357
79,1,0,0,0.6327106356620789
80,1,1,1,0.26898902654647827
81,1,1,1,2.7051773071289062
82,1,1,1,0.5633226633071899
83,1,0,0,3.4466912746429443
84,1,1,1,1.8587665557861328
85,1,1,1,1.9398115873336792
86,1,1,1,5.159332752227783
87,1,1,1,0.7408665418624878
88,1,1,1,0.7443046569824219
89,1,0,0,0.6277147531509399
90,1,1,1,1.9215205907821655
91,1,1,1,1.9824799299240112
92,1,0,0,-0.036222271621227264
93,1,1,1,2.181095838546753
94,1,0,0,0.692381739616394
95,1,1,1,1.604178547859192
96,1,1,1,0.9685370922088623
97,1,0,0,0.4506850242614746
98,1,1,1,1.286538004875183
99,1,1,1,1.1636360883712769
100,1,1,1,-0.06377242505550385
101,1,1,1,1.1774160861968994
102,1,1,1,1.719320297241211
103,1,1,1,1.8099029064178467
104,1,0,0,0.9689187407493591
105,1,1,1,1.8039718866348267
106,1,1,1,2.320039749145508
107,1,1,1,0.22873789072036743
108,1,1,1,4.068629264831543
109,1,1,1,-0.04907285422086716
110,1,1,1,-0.05308990180492401
111,1,1,1,0.7726919651031494
112,1,0,0,0.5647721290588379
113,1,1,1,2.2453103065490723
114,1,0,0,1.9682756662368774
115,1,0,0,0.9203623533248901
116,1,1,1,-0.049764424562454224
117,1,1,1,0.5486261248588562
118,1,0,0,1.6573950052261353
119,1,1,1,0.7230892181396484
120,1,0,0,1.2413111925125122
121,1,1,1,1.1294583082199097
122,1,1,1,2.1236960887908936
123,1,0,0,0.3257329761981964
124,1,1,1,0.5993138551712036
125,1,1,1,0.6403997540473938
126,1,0,0,0.6161547303199768
127,1,1,1,2.162864923477173
128,1,1,1,1.8753331899642944
129,1,0,0,1.2595254182815552
130,1,0,0,2.887639284133911
131,1,0,0,0.7058752775192261
132,1,1,1,1.0487967729568481
133,1,1,1,2.780710458755493
134,1,1,1,0.12762263417243958
135,1,0,0,2.360313892364502
136,1,1,1,0.46347203850746155
137,1,1,1,1.1256920099258423
138,1,0,0,1.1455291509628296
139,1,1,1,0.9414437413215637
140,1,0,0,2.5394186973571777
141,1,1,1,0.8291864395141602
142,1,1,1,0.964214563369751
143,1,1,1,2.478855848312378
144,1,0,0,0.08106546849012375
145,1,1,1,1.5349959135055542
146,1,1,1,1.5560420751571655
147,1,1,1,1.3642815351486206
148,1,1,1,1.5473383665084839
149,1,1,1,1.376725435256958
150,1,0,0,0.15781089663505554
151,1,0,0,0.44462838768959045
152,1,1,1,0.8572146892547607
153,1,1,1,1.3446439504623413
154,1,1,1,0.1551414430141449
155,1,1,1,0.5153157114982605
156,1,1,1,0.6370477080345154
157,1,1,1,-0.057596124708652496
158,1,1,1,2.2419681549072266
159,1,0,0,1.9919191598892212
160,1,1,1,-0.03191071376204491
161,1,1,1,0.7157187461853027
162,1,1,1,1.2954753637313843
163,1,1,1,2.127506732940674
164,1,1,1,0.07422157377004623
165,1,1,1,0.01099780946969986
166,1,1,1,3.4661312103271484
167,1,1,1,1.2666548490524292
168,1,0,0,1.359595775604248
169,1,1,1,1.8293297290802002
170,1,1,1,-0.060761161148548126
171,1,0,0,1.2919039726257324
172,1,1,1,0.5118513107299805
173,1,0,0,0.4757522642612457
174,1,1,1,1.5177117586135864
175,1,0,0,0.9049397706985474
176,1,1,1,0.7209413051605225
177,1,1,1,1.5835334062576294
178,1,0,0,0.5977290868759155
179,1,1,1,0.8961231112480164
180,1,0,0,1.249813437461853
181,1,1,1,2.730137348175049
182,1,0,0,3.0875844955444336
183,1,1,1,1.6141852140426636
184,1,1,1,2.011336088180542
185,1,0,0,2.0709965229034424
186,1,1,1,1.9147766828536987
187,1,1,1,0.2779231667518616
188,1,0,0,3.4496400356292725
189,1,0,0,-0.012435831129550934
190,1,1,1,0.997730016708374
191,1,0,0,0.2568044364452362
192,1,0,0,0.17568689584732056
193,1,1,1,0.41336944699287415
194,1,0,0,1.1341866254806519
195,1,1,1,1.9036922454833984
196,1,0,0,0.8179100155830383
197,1,0,0,0.8756960034370422
198,1,0,0,0.8684308528900146
199,1,0,0,1.50888192653656
200,1,1,1,0.08080830425024033
201,1,1,1,0.6927603483200073
202,1,0,0,1.1646209955215454
203,1,0,0,1.9746285676956177
204,1,0,0,0.05981961637735367
205,1,1,1,0.25595998764038086
206,1,0,0,0.698013961315155
207,1,1,1,0.04942648112773895
208,1,1,1,0.712931215763092
209,1,1,1,1.5945360660552979
210,1,0,0,0.5072662234306335
211,1,0,0,1.2958776950836182
212,1,1,1,2.506314277648926
213,1,0,0,0.7411614656448364
214,1,0,0,2.714151382446289
215,1,1,1,0.629537045955658
216,1,1,1,3.8109312057495117
217,1,0,0,1.972823143005371
218,1,0,0,0.5521717667579651
219,1,0,0,1.5249475240707397
220,1,0,0,2.2177326679229736
221,1,1,1,0.2742152214050293
222,1,1,1,2.3585352897644043
223,1,1,1,0.9621890783309937
224,1,0,0,0.19814103841781616
225,1,1,1,1.4222155809402466
226,1,1,1,6.209810256958008
227,1,1,1,1.9950772523880005
228,1,1,1,0.5777586698532104
229,1,1,1,2.585721015930176
230,1,1,1,1.4928618669509888
231,1,0,0,0.8614351153373718
232,1,1,1,0.3800371587276459
233,1,0,0,0.6949177980422974
234,1,1,1,1.2041219472885132
235,1,1,1,1.4286283254623413
236,1,1,1,1.3294576406478882
237,1,0,0,3.2295053005218506
238,1,1,1,0.6166754364967346
239,1,1,1,0.8008211851119995
240,1,1,1,1.1811883449554443
241,1,1,1,2.0643763542175293
242,1,1,1,1.3814414739608765
243,1,1,1,1.6673705577850342
244,1,1,1,1.3466765880584717
245,1,1,1,4.055595874786377
246,1,1,1,2.2353692054748535
247,1,1,1,1.0611368417739868
248,1,0,0,1.4739129543304443
249,1,0,0,2.144998788833618
250,1,1,1,2.46950626373291
251,1,1,1,3.0917248725891113
252,1,1,1,1.9749003648757935
253,1,1,1,1.2002230882644653
254,1,1,1,5.137373924255371
255,0,1,0,0.4949066936969757
256,1,1,1,1.1453477144241333
257,1,0,0,0.8399289846420288
258,1,0,0,0.6294384002685547
259,1,1,1,0.42801448702812195
260,1,0,0,0.9457992315292358
261,1,1,1,3.3079581260681152
262,1,1,1,0.42648428678512573
263,1,0,0,1.1924887895584106
264,1,0,0,0.02992449700832367
265,1,1,1,2.0811574459075928
266,1,0,0,1.1934757232666016
267,1,0,0,1.5295718908309937
268,1,0,0,0.9162798523902893
269,1,1,1,1.895922303199768
270,1,1,1,3.4316394329071045
271,1,0,0,0.63102787733078
272,1,0,0,1.437489628791809
273,1,1,1,0.7599911093711853
274,1,1,1,0.3337516188621521
275,1,1,1,2.5536458492279053
276,1,0,0,1.1451642513275146
277,1,1,1,0.9340324997901917
278,1,1,1,0.1781858503818512
279,1,0,0,-0.099149689078331
280,1,1,1,1.6226775646209717
281,1,0,0,0.32344624400138855
282,1,0,0,-0.0657627061009407
283,1,0,0,0.08279291540384293
284,1,0,0,2.3575327396392822
285,1,0,0,0.7431525588035583
286,1,1,1,2.919684410095215
287,1,1,1,1.0279275178909302
288,1,0,0,0.19703155755996704
289,1,1,1,1.6350382566452026
290,1,0,0,1.2313419580459595
291,1,0,0,0.1414298117160797
292,1,1,1,1.851528525352478
293,1,0,0,1.6852130889892578
294,1,1,1,0.28643932938575745
295,1,1,1,1.2158260345458984
296,1,0,0,1.2492505311965942
297,1,0,0,1.1743438243865967
298,1,0,0,1.3265069723129272
299,1,1,1,0.5914448499679565
300,1,0,0,0.7382882237434387
301,1,0,0,0.24562793970108032
302,1,1,1,1.4922417402267456
303,1,0,0,1.4006394147872925
304,1,1,1,0.7450426816940308
305,1,0,0,2.568950653076172
306,1,1,1,0.746198296546936
307,1,1,1,3.151559352874756
308,1,1,1,0.6129618883132935
309,1,1,1,0.056634776294231415
310,1,0,0,0.5061497688293457
311,1,0,0,0.5365294814109802
312,1,0,0,1.713974118232727
313,1,1,1,0.14265033602714539
314,1,1,1,1.055679440498352
315,1,1,1,4.3187360763549805
316,1,1,1,4.576635360717773
317,1,1,1,0.9757163524627686
318,1,0,0,1.3479763269424438
319,1,1,1,4.265648365020752
320,1,1,1,2.492910623550415
321,1,1,1,0.7257936000823975
322,1,0,0,2.32719349861145
323,1,1,1,1.742444634437561
324,1,1,1,2.249786376953125
325,1,1,1,1.4942783117294312
326,1,0,0,0.6953168511390686
327,1,1,1,4.2375311851501465
328,1,1,1,1.3189352750778198
329,1,1,1,3.7626664638519287
330,1,1,1,2.186689615249634
331,1,1,1,1.8173964023590088
332,1,0,0,0.9853923320770264
333,1,1,1,1.331499695777893
334,1,1,1,2.2366678714752197
335,1,1,1,7.349115371704102
336,1,1,1,2.8034040927886963
337,1,0,0,0.22912874817848206
338,1,0,0,0.16032648086547852
339,1,1,1,4.4651265144348145
340,1,0,0,1.123496413230896
341,1,1,1,0.4356571137905121
342,1,1,1,3.265744209289551
343,1,0,0,1.3590712547302246
344,1,1,1,5.4195098876953125
345,1,1,1,5.552590370178223
346,1,1,1,4.302980422973633
347,1,1,1,1.2885485887527466
348,1,0,0,1.2159587144851685
349,1,0,0,1.2864257097244263
350,1,1,1,2.150564670562744
351,1,1,1,3.071105480194092
352,1,1,1,0.30402517318725586
353,1,1,1,2.4415884017944336
354,1,1,1,4.920376777648926
355,1,0,0,1.1623884439468384
356,1,1,1,0.654228687286377
357,1,1,1,3.807291269302368
358,1,1,1,4.157986640930176
359,1,1,1,1.7200217247009277
360,1,1,1,2.7850077152252197
361,1,1,1,4.714150428771973
362,1,1,1,1.2401025295257568
363,1,1,1,4.744012832641602
364,1,1,1,2.097107172012329
365,1,1,1,4.155334949493408
366,1,1,1,2.4650046825408936
367,1,1,1,4.759400367736816
368,1,1,1,5.110780715942383
369,1,1,1,4.3833537101745605
370,1,1,1,3.2390060424804688
371,1,0,0,1.1458996534347534
372,1,1,1,2.7223706245422363
373,1,1,1,4.9827775955200195
374,1,1,1,1.3160316944122314
375,1,1,1,3.951352596282959
376,1,1,1,1.8401612043380737
377,1,1,1,5.512219429016113
378,1,1,1,2.881638526916504
379,1,1,1,0.9106101989746094
380,1,0,0,0.4281427562236786
381,1,0,0,1.3718379735946655
382,1,1,1,1.8490607738494873
383,1,1,1,1.0544092655181885
384,1,1,1,0.18329912424087524
385,1,1,1,0.477165549993515
386,1,1,1,-0.06883437186479568
387,1,1,1,1.2459276914596558
388,1,1,1,1.2858012914657593
389,1,1,1,1.7099756002426147
390,1,1,1,3.2108330726623535
391,1,0,0,0.40443655848503113
392,1,1,1,0.8222960829734802
393,1,1,1,0.3836108446121216
394,1,0,0,-0.005307376384735107
395,1,0,0,-0.00851481407880783
396,1,1,1,5.761852264404297
397,1,1,1,6.206701278686523
398,1,1,1,0.7976560592651367
399,1,1,1,3.9998488426208496
400,1,0,0,0.8072139024734497
401,1,1,1,2.471081256866455
402,1,1,1,0.3919282555580139
403,1,1,1,0.819290041923523
404,1,1,1,6.105644226074219
405,1,1,1,4.243912696838379
406,1,1,1,1.2562527656555176
407,1,1,1,0.06981518119573593
408,1,1,1,0.2831381559371948
409,1,1,1,2.3905527591705322
410,1,1,1,4.528148651123047
411,1,1,1,2.1489598751068115
412,1,1,1,2.9557909965515137
413,1,1,1,2.705984115600586
414,1,1,1,0.754927396774292
415,1,1,1,1.5151537656784058
416,1,0,0,0.2834990918636322
417,1,1,1,0.9709280729293823
418,1,1,1,0.6491371989250183
419,1,1,1,3.307810068130493
420,1,1,1,1.65662682056427
421,1,0,0,0.7262786626815796
422,1,1,1,0.08520060032606125
423,1,1,1,3.6925079822540283
424,1,1,1,0.9626004695892334
425,1,1,1,2.406067371368408
426,1,1,1,0.21611246466636658
427,1,0,0,1.0137733221054077
428,1,1,1,2.7747626304626465
429,1,0,0,0.4673368036746979
430,1,1,1,4.412912368774414
431,1,0,0,0.6245406270027161
432,1,1,1,3.246716022491455
433,1,0,0,1.03130042552948
434,1,1,1,0.0267217755317688
435,1,1,1,0.5381650924682617
436,1,1,1,2.3176023960113525
437,1,1,1,3.6409683227539062
438,1,0,0,2.238966226577759
439,1,1,1,0.4115089476108551
440,1,1,1,0.9005783796310425
441,1,1,1,2.318361282348633
442,1,1,1,4.378651142120361
443,1,1,1,3.914679527282715
444,1,0,0,1.8031386137008667
445,1,1,1,1.958142638206482
446,1,1,1,0.9500219225883484
447,1,1,1,1.3489049673080444
448,1,1,1,1.206443428993225
449,1,1,1,1.3175832033157349
450,1,1,1,1.3790602684020996
451,1,1,1,0.7037426233291626
452,1,1,1,2.1064114570617676
453,1,1,1,6.075991630554199
454,1,1,1,1.825886607170105
455,1,1,1,1.4187966585159302
456,1,1,1,1.2872108221054077
457,1,0,0,1.3144232034683228
458,1,0,0,0.00781402736902237
459,1,1,1,1.5555697679519653
460,1,0,0,1.2675701379776
461,1,1,1,0.239256352186203
462,1,1,1,3.1461915969848633
463,1,1,1,1.9466074705123901
464,1,1,1,0.1950869858264923
465,1,1,1,3.2174131870269775
466,1,1,1,2.8456554412841797
467,1,1,1,5.0357890129089355
468,1,1,1,0.6856648325920105
469,1,0,0,1.0776251554489136
470,1,1,1,4.565771102905273
471,1,1,1,1.0424346923828125
472,1,1,1,0.37186163663864136
473,1,1,1,2.8098742961883545
474,1,1,1,4.70458984375
475,1,1,1,0.9811966419219971
476,1,1,1,0.8787647485733032
477,1,1,1,3.699500560760498
478,1,1,1,3.0834076404571533
479,1,1,1,6.459284782409668
480,1,1,1,4.297820091247559
481,1,1,1,5.505364418029785
482,1,1,1,4.994756698608398
483,1,1,1,2.15657377243042
484,1,1,1,5.589795112609863
485,1,1,1,5.056064605712891
486,1,1,1,5.474905014038086
487,1,1,1,2.5762743949890137
488,1,1,1,2.8601293563842773
489,1,1,1,0.411480575799942
490,1,1,1,6.198598861694336
491,1,1,1,1.8125032186508179
492,1,1,1,2.6435787677764893
493,1,1,1,5.008805274963379
494,1,1,1,1.0721385478973389
495,1,1,1,3.829832077026367
496,1,0,0,0.7630255818367004
497,1,1,1,3.5571892261505127
498,1,1,1,4.756225109100342
499,1,1,1,7.140601634979248
500,1,1,1,3.835099935531616
501,1,1,1,3.20566725730896
502,1,1,1,1.9009093046188354
503,1,1,1,3.222287893295288
504,1,1,1,4.075997829437256
505,1,1,1,6.726358413696289
506,1,0,0,0.4284946024417877
507,1,1,1,5.646448612213135
508,1,1,1,4.1446733474731445
509,1,1,1,5.027012825012207
510,1,0,0,0.8440245985984802
511,1,1,1,2.0198440551757812
512,1,1,1,0.16879653930664062
513,1,1,1,5.621882438659668
514,1,0,0,0.09867984056472778
515,1,1,1,1.4669348001480103
516,1,1,1,0.39685288071632385
517,1,1,1,1.253462314605713
518,1,1,1,5.01532506942749
519,1,1,1,0.529688835144043
520,1,1,1,4.457030296325684
521,1,1,1,5.363090515136719
522,1,1,1,0.9653322696685791
523,1,1,1,1.1377325057983398
524,1,1,1,2.8960936069488525
525,1,1,1,5.878139019012451
526,1,1,1,7.082483291625977
527,1,1,1,0.7578479051589966
528,1,1,1,0.6790774464607239
529,1,1,1,1.1553637981414795
530,1,1,1,0.9632985591888428
531,1,1,1,2.3698785305023193
532,1,1,1,1.599275827407837
533,1,1,1,0.3672026991844177
534,1,1,1,0.7979251146316528
535,1,1,1,1.78925621509552
536,1,1,1,6.238145351409912
537,1,1,1,2.5127100944519043
538,1,1,1,2.4069981575012207
539,1,1,1,2.320797920227051
540,1,1,1,4.205821990966797
541,1,0,0,0.009434707462787628
542,1,0,0,0.5954961776733398
543,1,1,1,0.7844711542129517
544,1,1,1,1.2852951288223267
545,1,1,1,3.2600035667419434
546,1,1,1,6.967208385467529
547,1,1,1,7.424215316772461
548,1,1,1,4.473510265350342
549,1,1,1,0.09697260707616806
550,1,0,0,0.26683691143989563
551,1,1,1,2.0645558834075928
552,1,1,1,0.8877150416374207
553,1,0,0,1.5408703088760376
554,1,1,1,1.59256112575531
555,1,1,1,3.7021260261535645
556,1,1,1,2.2653956413269043
557,1,0,0,2.29290771484375
558,1,1,1,-0.030505456030368805
559,1,0,0,0.7267940640449524
560,1,1,1,4.84084939956665
561,1,1,1,5.686376571655273
562,1,1,1,1.1003493070602417
563,1,1,1,0.668156623840332
564,1,1,1,1.6042271852493286
565,1,1,1,0.22888386249542236
566,1,1,1,1.488724946975708
567,1,1,1,1.0214046239852905
568,1,1,1,2.14165997505188
569,1,1,1,1.9421741962432861
570,1,1,1,3.396714925765991
571,1,1,1,3.9667844772338867
572,1,1,1,1.147038459777832
573,1,1,1,6.666050434112549
574,1,1,1,1.9745324850082397
575,1,1,1,5.430661201477051
576,1,1,1,2.7653162479400635
577,1,1,1,1.940071940422058
578,1,0,0,0.66900235414505
579,1,0,0,0.4373093545436859
580,1,1,1,2.480987787246704
581,1,1,1,3.6550498008728027
582,1,1,1,4.674858093261719
583,1,1,1,1.8368152379989624
584,1,1,1,1.4241021871566772
585,1,0,0,0.7952734231948853
586,1,1,1,1.6058710813522339
587,1,1,1,3.4604263305664062
588,1,0,0,0.2131330668926239
589,1,1,1,2.328664541244507
590,1,1,1,0.1992679238319397
591,1,0,0,0.8363655805587769
592,1,1,1,4.142448425292969
593,1,1,1,3.1866724491119385
594,1,1,1,1.0827922821044922
595,1,1,1,1.584816575050354
596,1,1,1,1.3916958570480347
597,1,1,1,1.1886332035064697
598,1,1,1,0.9927636384963989
599,1,1,1,4.723044395446777
600,1,1,1,3.818903684616089
601,1,0,0,1.045073390007019
602,1,1,1,1.9936591386795044
603,1,1,1,1.4052009582519531
604,1,1,1,1.1280155181884766
605,1,1,1,1.409538984298706
606,1,0,0,2.567936658859253
607,1,0,0,0.4313459098339081
608,1,0,0,1.3900082111358643
609,1,1,1,5.46525764465332
610,1,1,1,2.456792116165161
611,1,1,1,1.359343409538269
612,1,1,1,2.718555450439453
613,1,1,1,2.266700267791748
614,1,1,1,3.034876823425293
615,1,1,1,1.3144148588180542
616,1,1,1,3.2621922492980957
617,1,1,1,3.8737170696258545
618,1,1,1,1.9665106534957886
619,1,1,1,0.9602452516555786
620,1,1,1,3.5056464672088623
621,1,0,0,0.0944354459643364
622,1,1,1,1.214700698852539
623,1,1,1,3.2385082244873047
624,1,1,1,0.875007152557373
625,1,1,1,2.1381752490997314
626,1,1,1,2.819650888442993
627,1,1,1,1.9362025260925293
628,1,1,1,1.553349494934082
629,1,1,1,2.197028875350952
630,1,1,1,0.6919237375259399
631,1,1,1,1.040036916732788
632,1,1,1,1.3264025449752808
633,1,1,1,2.4289770126342773
634,1,1,1,1.031002163887024
635,1,1,1,1.570505142211914
636,1,1,1,4.548745632171631
637,1,1,1,0.5748155117034912
638,1,1,1,1.2086825370788574
639,1,1,1,2.9513492584228516
640,1,1,1,4.497973918914795
641,1,1,1,1.862328290939331
642,1,0,0,1.1078143119812012
643,1,1,1,4.163074493408203
644,1,1,1,0.9388902187347412
645,1,1,1,3.139495849609375
646,1,1,1,4.618278503417969
647,1,1,1,5.594216823577881
648,1,1,1,1.2566602230072021
649,1,1,1,4.143414497375488
650,1,1,1,2.3350770473480225
651,1,1,1,0.9865144491195679
652,1,1,1,1.5405675172805786
653,1,1,1,1.8048137426376343
654,1,1,1,0.4500509202480316
655,1,1,1,0.38624143600463867
656,1,1,1,2.1172244548797607
657,1,1,1,1.5703963041305542
658,1,1,1,2.659001588821411
659,1,1,1,0.8979204297065735
660,1,1,1,3.350215435028076
661,1,0,0,-0.0038830935955047607
662,1,1,1,0.5999447107315063
663,1,0,0,-0.11043208092451096
664,1,1,1,0.929034411907196
665,1,1,1,1.766411542892456
666,1,1,1,2.4685771465301514
667,1,1,1,4.146431922912598
668,1,1,1,0.6549967527389526
669,1,1,1,1.0508308410644531
670,1,1,1,1.0002254247665405
671,1,1,1,2.5470337867736816
672,1,1,1,4.709800720214844
673,1,0,0,1.821069359779358
674,1,1,1,0.7499222159385681
675,1,1,1,3.0717992782592773
676,1,1,1,4.689908027648926
677,1,1,1,2.221574544906616
678,1,1,1,3.172567367553711
679,1,1,1,5.6699934005737305
680,1,1,1,2.789914608001709
681,1,1,1,2.559910774230957
682,1,1,1,0.33589285612106323
683,1,1,1,1.8894497156143188
684,1,1,1,2.2916316986083984
685,1,1,1,2.8600003719329834
686,1,1,1,4.6964826583862305
687,1,1,1,0.7383908629417419
688,1,0,0,0.4306924343109131
689,1,1,1,1.780342936515808
690,1,1,1,0.6936377286911011
691,1,1,1,4.791054725646973
692,1,1,1,0.3723703920841217
693,1,1,1,1.079480767250061
694,1,1,1,0.5472680926322937
695,1,0,0,0.19536271691322327
696,1,1,1,4.331627368927002
697,1,1,1,4.055549144744873
698,1,0,0,0.615373432636261
699,1,1,1,2.402029037475586
700,1,1,1,3.9451160430908203
701,1,1,1,5.376952171325684
702,1,1,1,1.1827980279922485
703,1,1,1,3.6582093238830566
704,1,1,1,1.6871031522750854
705,1,0,0,0.1243290975689888
706,1,1,1,4.371172904968262
707,1,1,1,0.23713955283164978
708,1,1,1,1.938970685005188
709,1,0,0,0.05313967168331146
710,1,1,1,3.257267951965332
711,1,1,1,3.7694249153137207
712,1,1,1,0.1461854875087738
713,1,1,1,1.2834794521331787
714,1,1,1,1.8062611818313599
715,1,1,1,3.5699357986450195
716,1,1,1,3.4371891021728516
717,1,1,1,0.9132447242736816
718,1,1,1,2.071835994720459
719,1,0,0,0.6193200945854187
720,1,0,0,-0.0362841933965683
721,1,1,1,4.2089691162109375
722,1,0,0,1.383641004562378
723,1,1,1,0.8340344429016113
724,1,0,0,2.947481870651245
725,1,1,1,0.8299368023872375
726,1,0,0,-0.07564660161733627
727,1,1,1,3.6831588745117188
728,1,1,1,0.3929990231990814
729,1,1,1,2.656766891479492
730,1,0,0,0.5644416809082031
731,1,0,0,0.7151055932044983
732,1,1,1,0.09752670675516129
733,1,0,0,0.27135559916496277
734,1,1,1,0.3215053081512451
735,1,1,1,0.5291575789451599
736,1,1,1,2.3695180416107178
737,1,1,1,3.1311581134796143
738,1,1,1,1.0818287134170532
739,1,1,1,3.5379185676574707
740,1,1,1,0.5231518745422363
741,1,1,1,2.9639675617218018
742,1,0,0,0.26592788100242615
743,1,0,0,1.4801803827285767
744,1,1,1,0.7519984841346741
745,1,1,1,0.6258817315101624
746,1,1,1,1.6758888959884644
747,1,1,1,4.432314872741699
748,1,0,0,2.208411455154419
749,1,1,1,5.4768290519714355
750,1,1,1,2.974853038787842
751,1,1,1,0.2926410436630249
752,1,1,1,1.3093796968460083
753,1,1,1,0.5956355929374695
754,1,1,1,1.72090482711792
755,1,1,1,1.111282229423523
756,1,1,1,0.5544078350067139
757,1,1,1,-0.002430863678455353
758,1,1,1,3.1192984580993652
759,1,0,0,1.0783720016479492
760,1,1,1,0.7009154558181763
761,1,1,1,0.6730031371116638
762,1,0,0,1.8238377571105957
763,1,0,0,0.024464473128318787
764,1,1,1,0.22198772430419922
765,1,1,1,-0.015007637441158295
766,1,1,1,3.3006601333618164
767,1,1,1,5.334383964538574
768,1,1,1,0.08393853157758713
769,1,1,1,3.052990674972534
770,1,1,1,3.0406973361968994
771,1,1,1,3.1364400386810303
772,1,1,1,2.8768599033355713
773,1,1,1,2.681978225708008
774,1,0,0,1.1024693250656128
775,1,1,1,3.360517740249634
776,1,1,1,3.0060365200042725
777,1,1,1,1.6573737859725952
778,1,1,1,3.441601276397705
779,1,1,1,5.636065483093262
780,1,1,1,1.5987385511398315
781,1,1,1,3.5020575523376465
782,1,1,1,0.30676576495170593
783,1,1,1,5.2337470054626465
784,1,1,1,6.23689603805542
785,1,0,0,1.0175174474716187
786,1,1,1,0.9141781330108643
787,1,1,1,2.825634241104126
788,1,0,0,0.7375801205635071
789,1,1,1,0.8250916600227356
790,1,1,1,2.740821599960327
791,1,0,0,-0.07476495206356049
792,1,0,0,0.6331506967544556
793,1,1,1,3.1695635318756104
794,1,1,1,0.28508949279785156
795,1,1,1,1.9943631887435913
796,1,1,1,1.0095733404159546
797,1,1,1,4.972084999084473
798,1,0,0,1.8930611610412598
799,1,1,1,-0.06524104624986649
800,1,1,1,3.110975742340088
801,1,1,1,2.6988184452056885
802,1,0,0,1.4827699661254883
803,1,1,1,2.433340072631836
804,1,1,1,2.908428907394409
805,1,1,1,1.2467597723007202
806,1,1,1,0.7115463018417358
807,1,1,1,4.373508453369141
808,1,1,1,2.134000062942505
809,1,1,1,3.0864830017089844
810,1,1,1,4.60788631439209
811,1,0,0,0.45994308590888977
812,1,1,1,0.8393702507019043
813,1,0,0,1.1136033535003662
814,1,0,0,0.3898688852787018
815,1,1,1,1.460339903831482
816,1,1,1,2.0338454246520996
817,1,1,1,3.6747045516967773
818,1,1,1,0.7768808603286743
819,1,1,1,2.045976400375366
820,1,1,1,4.82978630065918
821,1,1,1,3.6509323120117188
822,1,0,0,1.2251949310302734
823,1,1,1,6.562819004058838
824,1,1,1,2.3284714221954346
825,1,1,1,-0.005401909351348877
826,1,1,1,1.1975535154342651
827,1,1,1,2.24385404586792
828,1,1,1,0.7766242623329163
829,1,0,0,3.9738237857818604
830,1,1,1,4.434840679168701
831,1,1,1,0.17620718479156494
832,1,1,1,0.5110943913459778
833,1,1,1,1.9019984006881714
834,1,1,1,1.1950560808181763
835,1,1,1,1.7982228994369507
836,1,0,0,1.6379644870758057
837,1,1,1,0.5680257678031921
838,1,1,1,1.3151953220367432
839,1,1,1,0.5577669143676758
840,1,1,1,1.6122921705245972
841,1,0,0,0.7103925347328186
842,1,1,1,3.9457767009735107
843,1,1,1,0.8743366599082947
844,1,0,0,0.8233497738838196
845,1,0,0,1.3744831085205078
846,1,1,1,1.5716358423233032
847,1,0,0,-0.06022799015045166
848,1,1,1,1.6291953325271606
849,1,0,0,1.6122649908065796
850,1,1,1,3.7118725776672363
851,1,1,1,1.5065139532089233
852,1,1,1,3.353908061981201
853,1,1,1,1.6866087913513184
854,1,1,1,2.242546319961548
855,1,1,1,1.905733585357666
856,1,1,1,1.7388596534729004
857,1,0,0,0.11832670122385025
858,1,1,1,2.3359475135803223
859,1,0,0,1.0763264894485474
860,1,1,1,0.9524403810501099
861,1,1,1,2.7659125328063965
862,1,1,1,2.1895599365234375
863,1,1,1,5.209741592407227
864,1,0,0,0.4205359220504761
865,1,0,0,0.45605000853538513
866,1,1,1,2.7148513793945312
867,1,1,1,1.3186652660369873
868,1,1,1,0.8987252712249756
869,1,1,1,5.56620979309082
870,1,1,1,0.6126949787139893
871,1,1,1,2.8674399852752686
872,1,1,1,3.10725736618042
873,1,1,1,2.762779951095581
874,1,1,1,2.6961870193481445
875,1,1,1,3.279426097869873
876,1,1,1,1.6605398654937744
877,1,1,1,1.3151509761810303
878,1,1,1,0.7993259429931641
879,1,1,1,4.655385971069336
880,1,1,1,4.081104755401611
881,1,1,1,3.2839131355285645
882,1,1,1,0.07870706915855408
883,1,1,1,4.064630031585693
884,1,1,1,3.1762638092041016
885,1,1,1,3.045032262802124
886,1,1,1,2.2761526107788086
887,1,1,1,1.1099694967269897
888,1,1,1,0.6016561388969421
889,1,1,1,1.2579704523086548
890,1,0,0,0.19649216532707214
891,1,1,1,1.1422518491744995
892,1,1,1,1.285194993019104
893,1,0,0,0.38258662819862366
894,1,1,1,2.323798418045044
895,0,0,1,0.7482879757881165
896,1,1,1,1.7287343740463257
897,1,1,1,1.4546374082565308
898,1,1,1,1.5209351778030396
899,1,1,1,0.8366760015487671
900,1,1,1,0.8623183965682983
901,1,1,1,-0.0015343353152275085
902,1,1,1,0.15722623467445374
903,1,1,1,0.09054916352033615
904,1,1,1,2.429520606994629
905,1,1,1,1.4978975057601929
906,1,1,1,0.2857222557067871
907,1,1,1,2.1733927726745605
908,1,1,1,0.9570872783660889
909,1,0,0,0.7360506653785706
910,1,1,1,1.2199612855911255
911,1,1,1,3.83298397064209
912,1,0,0,2.266822338104248
913,1,0,0,1.476812481880188
914,1,0,0,0.047799624502658844
915,1,0,0,0.9621888995170593
916,1,1,1,0.2966606318950653
917,1,0,0,4.42130708694458
918,1,1,1,0.3394566476345062
919,1,1,1,0.2225671112537384
920,1,1,1,2.741487503051758
921,1,0,0,0.0715482160449028
922,1,1,1,1.5204143524169922
923,1,1,1,2.09877872467041
924,1,1,1,1.4170488119125366
925,1,1,1,2.0873522758483887
926,1,1,1,2.798710823059082
927,1,1,1,1.02798593044281
928,1,0,0,0.7978819012641907
929,1,1,1,1.7008634805679321
930,1,0,0,0.25058892369270325
931,1,1,1,2.6018621921539307
932,1,0,0,0.05177536979317665
933,1,1,1,0.16263148188591003
934,1,1,1,2.4943301677703857
935,1,1,1,0.3834358751773834
936,1,0,0,1.0551637411117554
937,1,1,1,0.4824976623058319
938,1,1,1,1.0724871158599854
939,1,0,0,3.020643949508667
940,1,1,1,0.6441189050674438
941,1,1,1,0.29382333159446716
942,1,0,0,0.12631428241729736
943,1,0,0,0.2585800886154175
944,1,1,1,0.07775190472602844
945,1,1,1,2.634302854537964
946,1,1,1,0.20358958840370178
947,1,0,0,-0.04072792828083038
948,1,1,1,0.804970383644104
949,1,0,0,2.0252063274383545
950,0,1,0,0.6348060965538025
951,1,1,1,0.5907267332077026
952,1,1,1,0.80828857421875
953,1,1,1,2.220183849334717
954,1,0,0,1.4368401765823364
955,1,1,1,2.562427520751953
956,1,1,1,4.216566562652588
957,1,1,1,0.6971086859703064
958,1,1,1,0.31587323546409607
959,1,1,1,0.19330978393554688
960,1,1,1,0.40440571308135986
961,1,1,1,3.12460994720459
962,1,1,1,0.11107593029737473
963,1,1,1,0.8009905815124512
964,1,1,1,0.06292463093996048
965,1,0,0,0.11581750959157944
966,1,1,1,0.27573689818382263
967,1,1,1,1.6029223203659058
968,1,0,0,0.6024676561355591
969,1,1,1,0.4322451055049896
970,1,1,1,0.8725315928459167
971,1,1,1,2.3380675315856934
972,1,1,1,0.39042696356773376
973,1,0,0,1.403713583946228
974,1,1,1,0.8113188743591309
975,1,0,0,0.02081865817308426
976,1,0,0,0.6849636435508728
977,1,1,1,0.36231181025505066
978,1,1,1,0.3950483798980713
979,1,1,1,0.21168866753578186
980,1,1,1,0.4708320200443268
981,1,1,1,0.2583582401275635
982,1,1,1,3.1058058738708496
983,1,0,0,1.376951813697815
984,1,1,1,0.47076883912086487
985,1,1,1,-0.008879825472831726
986,1,1,1,0.9133686423301697
987,1,1,1,0.3954138457775116
988,1,0,0,0.4928201735019684
989,1,1,1,0.9384774565696716
990,1,1,1,0.741957426071167
991,1,1,1,0.2592383921146393
992,1,1,1,1.149078130722046
993,1,1,1,1.7050975561141968
994,1,0,0,0.2911820113658905
995,0,1,0,0.05538316071033478
996,0,0,1,2.8742616176605225
997,0,0,1,0.004623748362064362
998,0,1,0,0.9950313568115234
999,0,0,1,2.4836266040802
1000,0,0,1,1.6613025665283203
1001,0,0,1,2.608278751373291
1002,0,0,1,0.7708500027656555
1003,0,0,1,2.8404881954193115
1004,0,1,0,2.0857791900634766
1005,0,0,1,1.3394962549209595
1006,0,0,1,1.5899956226348877
1007,0,0,1,1.554369568824768
1008,0,1,0,0.2843104898929596
1009,0,0,1,2.4391043186187744
1010,0,0,1,2.077958822250366
1011,0,0,1,5.247585773468018
1012,0,0,1,2.586573839187622
1013,0,0,1,1.338571548461914
1014,0,1,0,0.5596164464950562
1015,0,0,1,2.469553232192993
1016,0,1,0,0.22200661897659302
1017,0,1,0,0.5831339359283447
1018,0,0,1,0.29103806614875793
1019,0,0,1,3.9972262382507324
1020,0,0,1,1.6174373626708984
1021,0,0,1,0.6479551792144775
1022,0,0,1,1.733306646347046
1023,0,0,1,2.4696238040924072
1024,0,0,1,5.649346828460693
1025,0,0,1,5.992660045623779
1026,0,0,1,4.983071804046631
1027,0,0,1,4.054997444152832
1028,0,0,1,3.9704291820526123
1029,0,0,1,0.23800793290138245
1030,0,0,1,1.9889875650405884
1031,0,0,1,2.344747304916382
1032,0,0,1,3.4768943786621094
1033,0,0,1,1.5850049257278442
1034,0,0,1,1.052118182182312
1035,0,1,0,0.5420932769775391
1036,0,0,1,1.044899344444275
1037,0,0,1,1.679463267326355
1038,0,0,1,1.9489637613296509
1039,0,0,1,-0.00794915109872818
1040,0,0,1,6.33441686630249
1041,0,0,1,1.5875085592269897
1042,0,0,1,1.0743651390075684
1043,0,0,1,0.6608243584632874
1044,0,0,1,4.096855163574219
1045,0,0,1,4.033602237701416
1046,0,0,1,2.765882730484009
1047,0,0,1,1.0726139545440674
1048,0,0,1,1.2239962816238403
1049,0,0,1,3.2183408737182617
1050,0,0,1,2.741304874420166
1051,0,0,1,5.569133281707764
1052,0,0,1,1.4460307359695435
1053,0,1,0,0.005690820515155792
1054,0,0,1,4.517074108123779
1055,0,0,1,3.478034496307373
1056,0,0,1,0.8356415033340454
1057,0,0,1,2.4940662384033203
1058,0,0,1,4.954958438873291
1059,0,0,1,5.107548713684082
1060,0,0,1,4.865431308746338
1061,0,1,0,1.506860613822937
1062,0,0,1,2.3242924213409424
1063,0,0,1,5.537477016448975
1064,0,0,1,4.504619598388672
1065,0,0,1,3.923173666000366
1066,0,1,0,0.7750621438026428
1067,0,0,1,0.3522101044654846
1068,0,0,1,0.5717917680740356
1069,0,0,1,3.8608429431915283
1070,0,0,1,1.5241328477859497
1071,0,0,1,3.2897584438323975
1072,0,0,1,2.815425157546997
1073,0,0,1,1.361185908317566
1074,0,0,1,0.17746451497077942
1075,0,0,1,2.8465583324432373
1076,0,0,1,1.8213304281234741
1077,0,0,1,2.5186352729797363
1078,0,0,1,2.416090488433838
1079,0,0,1,2.9477458000183105
1080,0,0,1,2.4398183822631836
1081,0,1,0,0.6428106427192688
1082,0,1,0,0.0059457868337631226
1083,0,0,1,2.7608039379119873
1084,0,0,1,1.9651625156402588
1085,0,0,1,0.7213459610939026
1086,0,0,1,2.8922038078308105
1087,0,0,1,0.5557674169540405
1088,0,0,1,1.030267596244812
1089,0,0,1,1.6665524244308472
1090,0,0,1,1.1903889179229736
1091,0,0,1,0.5744494199752808
1092,0,0,1,1.5630899667739868
1093,0,0,1,2.1243607997894287
1094,0,0,1,2.1378729343414307
1095,0,0,1,1.796949863433838
1096,0,0,1,0.670728325843811
1097,0,0,1,2.0688819885253906
1098,0,0,1,1.4074840545654297
1099,0,0,1,1.2969380617141724
1100,0,0,1,1.5517083406448364
1101,0,0,1,0.009103469550609589
1102,0,0,1,-0.014895178377628326
1103,0,0,1,1.99799382686615
1104,0,0,1,1.5060511827468872
1105,0,0,1,0.34526312351226807
1106,0,0,1,0.16542762517929077
1107,0,0,1,1.3592735528945923
1108,0,0,1,1.496322751045227
1109,0,1,0,1.1560792922973633
1110,0,1,0,1.2847161293029785
1111,0,0,1,1.5217775106430054
1112,0,0,1,3.5265390872955322
1113,0,0,1,2.587920665740967
1114,0,0,1,1.0781761407852173
1115,0,1,0,0.8167062997817993
1116,0,0,1,0.18343505263328552
1117,0,0,1,2.479111909866333
1118,0,0,1,0.07146880775690079
1119,0,0,1,0.7254135012626648
1120,0,1,0,2.438225507736206
1121,0,0,1,0.42372313141822815
1122,0,0,1,1.8427485227584839
1123,0,0,1,0.7522557377815247
1124,0,0,1,1.2492667436599731
1125,0,0,1,3.1745195388793945
1126,0,0,1,0.5595173835754395
1127,0,0,1,2.967153549194336
1128,0,0,1,2.4969727993011475
1129,0,1,0,-0.00848197191953659
1130,0,0,1,4.368858337402344
1131,0,0,1,1.243523120880127
1132,0,0,1,1.2666373252868652
1133,0,1,0,0.2663988769054413
1134,0,0,1,2.285799741744995
1135,0,0,1,0.8775781989097595
1136,0,0,1,1.0977065563201904
1137,0,0,1,0.7557193040847778
1138,0,1,0,0.6991722583770752
1139,0,0,1,0.3199528753757477
1140,0,0,1,1.9288440942764282
1141,0,0,1,2.510294198989868
1142,0,1,0,0.9735925197601318
1143,0,1,0,0.347416490316391
1144,0,0,1,2.182904005050659
1145,0,0,1,0.6144869327545166
1146,0,1,0,0.5252328515052795
1147,0,0,1,1.1271045207977295
1148,0,0,1,1.4773173332214355
1149,0,0,1,3.2336084842681885
1150,0,0,1,4.042370796203613
1151,0,0,1,3.2550833225250244
1152,0,1,0,0.16290688514709473
1153,0,1,0,1.1445730924606323
1154,0,1,0,0.5942549109458923
1155,0,0,1,0.10361123085021973
1156,0,1,0,0.45052003860473633
1157,0,0,1,3.512404680252075
1158,0,0,1,0.8579497933387756
1159,0,0,1,1.3182107210159302
1160,0,1,0,1.1950994729995728
1161,0,0,1,1.0997796058654785
1162,0,0,1,0.12242652475833893
1163,0,1,0,0.23492571711540222
1164,0,0,1,0.7079351544380188
1165,0,0,1,0.6790056228637695
1166,0,0,1,0.26474305987358093
1167,0,1,0,-0.05550765246152878
1168,0,0,1,1.5880271196365356
1169,0,0,1,0.6170026659965515
1170,0,1,0,1.1274445056915283
1171,0,0,1,1.0636705160140991
1172,0,0,1,0.2414816915988922
1173,0,1,0,0.23388466238975525
1174,0,0,1,-0.03629788011312485
1175,0,1,0,-0.07218274474143982
1176,0,1,0,0.06082002818584442
1177,0,0,1,0.5654678344726562
1178,0,0,1,0.9521366953849792
1179,0,0,1,0.7527706027030945
1180,0,1,0,0.36862847208976746
1181,0,0,1,1.640525221824646
1182,0,0,1,0.24756601452827454
1183,0,0,1,0.3451639711856842
1184,0,0,1,-0.025140710175037384
1185,0,0,1,2.7480852603912354
1186,0,0,1,1.2592179775238037
1187,0,1,0,0.6971669793128967
1188,0,0,1,0.6139594912528992
1189,0,0,1,0.24093788862228394
1190,0,0,1,0.7247196435928345
1191,0,0,1,-0.004127815365791321
1192,0,0,1,2.664163112640381
1193,0,0,1,1.2831741571426392
1194,0,0,1,2.02602481842041
1195,0,0,1,0.7182801365852356
1196,0,0,1,3.3450639247894287
1197,0,1,0,0.3892230689525604
1198,0,1,0,0.2000526785850525
1199,0,0,1,0.7472842931747437
1200,0,1,0,0.669296383857727
1201,0,0,1,1.1746710538864136
1202,0,0,1,3.3878581523895264
1203,0,0,1,6.314915657043457
1204,0,0,1,5.84902811050415
1205,0,0,1,6.093855857849121
1206,0,0,1,3.4295387268066406
1207,0,0,1,4.902163982391357
1208,0,0,1,2.8843472003936768
1209,0,1,0,0.08712319284677505
1210,0,0,1,1.4236488342285156
1211,0,0,1,5.647732257843018
1212,0,0,1,3.1830334663391113
1213,0,0,1,1.6441129446029663
1214,0,0,1,1.2646232843399048
1215,0,0,1,1.110767126083374
1216,0,0,1,2.167297124862671
1217,0,0,1,2.2663822174072266
1218,0,0,1,0.042918361723423004
1219,0,0,1,4.184927463531494
1220,0,0,1,4.644277095794678
1221,0,0,1,3.0433075428009033
1222,0,0,1,0.26751789450645447
1223,0,0,1,4.863966464996338
1224,0,1,0,0.2464493215084076
1225,0,0,1,1.0279252529144287
1226,0,0,1,0.6185353398323059
1227,0,0,1,1.9182636737823486
1228,0,0,1,0.6649410128593445
1229,0,0,1,2.567293167114258
1230,0,0,1,3.102184295654297
1231,0,0,1,1.78677499294281
1232,0,0,1,3.179898738861084
1233,0,0,1,4.175278186798096
1234,0,0,1,2.4985244274139404
1235,0,0,1,3.0024869441986084
1236,0,0,1,2.2960450649261475
1237,0,0,1,2.6808021068573
1238,0,0,1,1.071074366569519
1239,0,0,1,4.010712623596191
1240,0,0,1,4.8590826988220215
1241,0,0,1,0.3505541980266571
1242,0,1,0,1.8129757642745972
1243,0,1,0,1.3032668828964233
1244,0,0,1,1.997678518295288
1245,0,0,1,0.5723816752433777
1246,0,1,0,1.2560473680496216
1247,0,0,1,0.33746337890625
1248,0,0,1,2.042165517807007
1249,0,0,1,2.872474193572998
1250,0,0,1,1.522251009941101
1251,0,0,1,1.2983051538467407
1252,0,1,0,0.6909029483795166
1253,0,1,0,0.1874677538871765
1254,0,0,1,1.102252721786499
1255,0,0,1,2.583622694015503
1256,0,0,1,0.8947012424468994
1257,0,0,1,2.4639761447906494
1258,0,0,1,1.9030027389526367
1259,0,0,1,0.6318884491920471
1260,0,0,1,0.4288032352924347
1261,0,0,1,0.7924886345863342
1262,0,0,1,2.1246249675750732
1263,0,0,1,2.2284233570098877
1264,0,0,1,2.1403961181640625
1265,0,0,1,3.6596312522888184
1266,0,0,1,0.8676658272743225
1267,0,0,1,0.11049720644950867
1268,0,1,0,1.1666885614395142
1269,0,1,0,0.5680363178253174
1270,0,0,1,0.8728547692298889
1271,0,0,1,1.8867675065994263
1272,0,0,1,1.1768780946731567
1273,0,0,1,3.2707388401031494
1274,0,1,0,0.5027009844779968
1275,0,1,0,2.3455893993377686
1276,0,0,1,1.1823090314865112
1277,0,0,1,0.977881669998169
1278,0,0,1,2.184997320175171
1279,0,0,1,-0.07566691190004349
1280,0,0,1,0.7341924905776978
1281,0,1,0,0.19074544310569763
1282,0,0,1,0.0971381738781929
1283,0,0,1,0.4767451584339142
1284,0,1,0,2.0332255363464355
1285,0,1,0,1.4786995649337769
1286,0,0,1,0.6069596409797668
1287,0,1,0,1.1859253644943237
1288,0,1,0,0.4042990505695343
1289,0,0,1,0.7642274498939514
1290,0,1,0,0.810655415058136
1291,0,0,1,0.9010489583015442
1292,0,0,1,0.6359793543815613
1293,0,0,1,3.523996591567993
1294,0,0,1,2.3378207683563232
1295,0,1,0,3.2994277477264404
1296,0,0,1,0.9582129716873169
1297,0,0,1,1.0853489637374878
1298,0,0,1,0.07356234639883041
1299,0,0,1,1.083703637123108
1300,0,0,1,-0.025990914553403854
1301,0,0,1,0.6692136526107788
1302,0,0,1,2.6975080966949463
1303,0,0,1,0.48332688212394714
1304,0,1,0,0.2663055658340454
1305,0,0,1,1.6408034563064575
1306,0,1,0,0.03943534940481186
1307,0,0,1,0.008643895387649536
1308,0,1,0,0.39479100704193115
1309,0,0,1,0.3157622516155243
1310,0,0,1,0.3448285758495331
1311,0,0,1,4.15598726272583
1312,0,1,0,0.12362220138311386
1313,0,1,0,0.41890063881874084
1314,0,0,1,4.051477432250977
1315,0,0,1,0.7913340926170349
1316,0,1,0,0.19404494762420654
1317,0,0,1,0.27104219794273376
1318,0,0,1,0.08219015598297119
1319,0,1,0,1.2224942445755005
1320,0,1,0,1.5670969486236572
1321,0,0,1,2.474151849746704
1322,0,1,0,1.9773939847946167
1323,0,1,0,0.6442520022392273
1324,0,0,1,2.106523275375366
1325,0,1,0,1.066775918006897
1326,0,0,1,0.5714962482452393
1327,0,0,1,2.1869893074035645
1328,0,0,1,2.274141550064087
1329,0,0,1,0.4588233232498169
1330,0,0,1,0.27144506573677063
1331,0,0,1,1.4004062414169312
1332,0,0,1,0.10917237401008606
1333,0,0,1,3.101583480834961
1334,0,1,0,1.298317313194275
1335,0,0,1,1.621420979499817
1336,0,0,1,0.1894678771495819
1337,0,0,1,0.9017244577407837
1338,0,1,0,2.4523308277130127
1339,0,1,0,0.15125402808189392
1340,0,0,1,1.5275685787200928
1341,0,0,1,0.012559324502944946
1342,0,0,1,4.256239414215088
1343,0,0,1,2.474583625793457
1344,0,1,0,0.605717122554779
1345,0,0,1,3.286799669265747
1346,0,0,1,0.8376476764678955
1347,0,1,0,0.42540377378463745
1348,0,1,0,0.3564625382423401
1349,0,0,1,1.834577202796936
1350,0,1,0,-0.02142491191625595
1351,0,0,1,0.17473295331001282
1352,0,1,0,2.1930856704711914
1353,0,0,1,1.7015328407287598
1354,0,0,1,0.3930750787258148
1355,0,0,1,1.0914875268936157
1356,0,0,1,1.8321523666381836
1357,0,1,0,1.848077654838562
1358,0,0,1,0.5113683342933655
1359,0,0,1,0.6813895106315613
1360,0,0,1,3.0491411685943604
1361,0,1,0,1.8958005905151367
1362,0,0,1,0.3099854588508606
1363,0,0,1,0.8267164826393127
1364,0,0,1,1.8766566514968872
1365,0,1,0,0.14515212178230286
1366,0,1,0,0.6292457580566406
1367,0,0,1,0.37211042642593384
1368,0,1,0,1.7801874876022339
1369,0,1,0,0.9294782280921936
1370,0,0,1,0.26970404386520386
1371,0,1,0,0.2676093280315399
1372,0,0,1,0.4735531806945801
1373,0,0,1,1.1070502996444702
1374,0,1,0,0.5764954090118408
1375,0,0,1,1.3657307624816895
1376,0,1,0,0.46452948451042175
1377,0,0,1,0.81691575050354
1378,0,0,1,3.3099794387817383
1379,0,1,0,0.1409209966659546
1380,0,1,0,0.45653194189071655
1381,0,1,0,-0.09005922824144363
1382,0,1,0,1.3157238960266113
1383,0,0,1,1.4481574296951294
1384,0,0,1,1.2468814849853516
1385,0,1,0,1.890360713005066
1386,0,1,0,0.9142590165138245
1387,0,1,0,1.3403939008712769
1388,0,0,1,-0.06650281697511673
1389,0,0,1,2.62099289894104
1390,0,1,0,2.0443813800811768
1391,0,0,1,1.452729344367981
1392,0,0,1,0.9889824986457825
1393,0,1,0,0.050498150289058685
1394,0,0,1,0.5883924961090088
1395,0,0,1,2.0378122329711914
1396,0,0,1,0.47232601046562195
1397,0,1,0,0.6159919500350952
1398,0,1,0,0.7258930802345276
1399,0,1,0,0.5026304721832275
1400,0,0,1,0.11736201494932175
1401,0,1,0,0.044001638889312744
1402,0,1,0,0.06131167709827423
1403,0,0,1,3.876612424850464
1404,0,1,0,1.4613960981369019
1405,0,1,0,0.5585324764251709
1406,0,1,0,1.0331556797027588
1407,0,0,1,0.579652726650238
1408,0,0,1,0.7013426423072815
1409,0,0,1,1.9214340448379517
1410,0,0,1,0.6410695910453796
1411,0,1,0,-0.06802111119031906
1412,0,0,1,2.560685873031616
1413,0,0,1,1.78438138961792
1414,0,1,0,0.7887824177742004
1415,0,0,1,0.8838812708854675
1416,0,0,1,1.5040353536605835
1417,0,1,0,0.9784505367279053
1418,0,0,1,4.544844150543213
1419,0,0,1,4.116364479064941
1420,0,0,1,0.6639506220817566
1421,0,1,0,0.673624575138092
1422,0,0,1,4.2511115074157715
1423,0,1,0,-0.09122823923826218
1424,0,0,1,2.1810193061828613
1425,0,1,0,0.9639854431152344
1426,0,1,0,1.628832459449768
1427,0,1,0,1.9539824724197388
1428,0,0,1,1.0197622776031494
1429,0,1,0,0.37677815556526184
1430,0,1,0,0.15094789862632751
1431,0,0,1,0.11780031025409698
1432,0,0,1,1.129600167274475
1433,0,0,1,0.3154716491699219
1434,0,1,0,0.4699118435382843
1435,0,1,0,1.737916111946106
1436,0,1,0,2.870853900909424
1437,0,0,1,2.5013067722320557
1438,0,0,1,0.02529684454202652
1439,0,0,1,3.293915271759033
1440,0,1,0,0.7362987399101257
1441,0,0,1,0.025758959352970123
1442,0,1,0,0.8679832816123962
1443,0,0,1,0.18460845947265625
1444,0,0,1,0.5176995992660522
1445,0,0,1,0.3232012093067169
1446,0,0,1,0.25150617957115173
1447,0,0,1,1.2746260166168213
1448,0,1,0,2.3449225425720215
1449,0,1,0,1.011839747428894
1450,0,0,1,0.9360138773918152
1451,0,0,1,0.23945200443267822
1452,0,1,0,1.0593600273132324
1453,0,1,0,0.5174846053123474
1454,0,0,1,0.841838538646698
1455,0,1,0,1.0108802318572998
1456,0,1,0,1.9932729005813599
1457,0,0,1,2.8400330543518066
1458,0,1,0,0.25705087184906006
1459,0,0,1,0.3240683078765869
1460,0,1,0,0.2862720191478729
1461,0,1,0,0.33406850695610046
1462,0,0,1,0.058568358421325684
1463,0,1,0,0.6554521322250366
1464,0,1,0,0.4558853507041931
1465,0,1,0,0.9698777198791504
1466,0,1,0,1.7779322862625122
1467,0,0,1,1.014400839805603
1468,0,0,1,0.2791196405887604
1469,0,0,1,4.451344966888428
1470,0,0,1,1.0404051542282104
1471,0,1,0,3.660240888595581
1472,0,0,1,0.21190094947814941
1473,0,0,1,1.2246006727218628
1474,0,0,1,1.1528053283691406
1475,0,0,1,0.23215779662132263
1476,0,1,0,0.03085298091173172
1477,0,0,1,0.17047059535980225
1478,0,1,0,1.3897801637649536
1479,0,1,0,0.9383195638656616
1480,0,0,1,0.5788010954856873
1481,0,0,1,-0.07610705494880676
1482,0,0,1,0.7611071467399597
1483,0,0,1,3.9572174549102783
1484,0,0,1,0.5763421058654785
1485,0,0,1,0.1111045703291893
1486,0,1,0,1.5689188241958618
1487,0,0,1,0.07052887976169586
1488,0,0,1,0.021993838250637054
1489,0,1,0,0.9009991884231567
1490,0,0,1,0.24307402968406677
1491,0,0,1,0.5674354434013367
1492,0,0,1,0.11443467438220978
1493,0,0,1,0.7694219946861267
1494,0,0,1,0.7073079347610474
1495,0,1,0,0.023074395954608917
1496,0,1,0,0.7011213898658752
1497,0,0,1,0.5752797722816467
1498,0,1,0,-0.08142685145139694
1499,0,1,0,0.06284207850694656
1500,0,0,1,1.1163629293441772
1501,0,0,1,1.941707968711853
1502,0,0,1,2.210158348083496
1503,0,0,1,0.5962851047515869
1504,0,0,1,1.9650319814682007
1505,0,0,1,0.44138428568840027
1506,0,1,0,1.48268723487854
1507,0,1,0,0.4463101625442505
1508,0,0,1,0.17490273714065552
1509,0,0,1,1.3134779930114746
1510,0,0,1,3.504751205444336
1511,0,0,1,2.9790027141571045
1512,0,1,0,-0.03130374103784561
1513,0,0,1,0.9813025593757629
1514,0,0,1,0.9073596000671387
1515,0,0,1,0.6604670882225037
1516,0,0,1,1.3576747179031372
1517,0,1,0,0.2443801760673523
1518,0,1,0,2.1654088497161865
1519,0,0,1,0.41318419575691223
1520,0,1,0,1.7361832857131958
1521,0,0,1,1.5234390497207642
1522,0,0,1,2.223551034927368
1523,0,1,0,0.3580004870891571
1524,0,0,1,0.04390072077512741
1525,0,0,1,1.7105211019515991
1526,0,0,1,0.7491472959518433
1527,0,0,1,0.5283308029174805
1528,0,0,1,0.8809030652046204
1529,0,1,0,0.39035874605178833
1530,0,0,1,2.789860725402832
1531,0,0,1,0.48384764790534973
1532,0,0,1,1.2949355840682983
1533,0,1,0,0.013818122446537018
1534,0,1,0,0.39876189827919006
1535,0,1,0,0.014036770910024643
1536,0,1,0,0.1899794638156891
1537,0,1,0,0.7087697982788086
1538,0,1,0,-0.027126163244247437
1539,0,1,0,0.5668326616287231
1540,0,0,1,1.8132297992706299
1541,0,0,1,0.9645083546638489
1542,0,0,1,0.2564064562320709
1543,0,0,1,1.562753677368164
1544,0,0,1,0.6888561248779297
1545,0,0,1,1.0318354368209839
1546,0,0,1,1.0405282974243164
1547,1,1,1,0.6478821635246277
1548,0,1,0,0.13321051001548767
1549,0,0,1,0.37939760088920593
1550,1,1,1,1.4453619718551636
1551,0,1,0,0.023629270493984222
1552,0,0,1,0.2894279956817627
1553,0,0,1,0.18469122052192688
1554,0,1,0,2.378735303878784
1555,0,0,1,-0.04670429229736328
1556,0,0,1,0.34363341331481934
1557,0,1,0,2.483786106109619
1558,0,1,0,1.2284724712371826
1559,0,0,1,0.6795823574066162
1560,0,0,1,-0.047948598861694336
1561,0,0,1,0.47711116075515747
1562,0,0,1,1.0381503105163574
1563,0,0,1,0.5873134136199951
1564,0,1,0,0.8918888568878174
1565,0,1,0,0.46630433201789856
1566,0,0,1,0.5159469246864319
1567,0,1,0,0.8805525898933411
1568,0,1,0,2.1095709800720215
1569,0,1,0,0.8278372883796692
1570,0,0,1,1.0617390871047974
1571,0,0,1,0.6382332444190979
1572,0,1,0,1.6566296815872192
1573,0,1,0,1.9205257892608643
1574,0,1,0,0.6888667345046997
1575,0,0,1,0.33768561482429504
1576,0,0,1,2.7160661220550537
1577,0,0,1,1.0757399797439575
1578,0,0,1,-0.024283740669488907
1579,0,0,1,0.38766536116600037
1580,0,1,0,0.0772683247923851
1581,0,1,0,0.6557012796401978
1582,0,0,1,0.7190753221511841
1583,0,1,0,0.21590036153793335
1584,0,0,1,0.20371457934379578
1585,0,0,1,2.060582160949707
1586,0,0,1,1.3012113571166992
1587,0,0,1,1.1510435342788696
1588,0,1,0,0.41680246591567993
1589,0,0,1,1.342286229133606
1590,0,0,1,0.6228680610656738
1591,0,0,1,0.05689164251089096
1592,0,0,1,1.099371075630188
1593,0,0,1,0.730407178401947
1594,0,1,0,2.029218912124634
1595,0,1,0,3.2358906269073486
1596,0,1,0,0.17909467220306396
1597,0,0,1,0.7045689225196838
1598,0,1,0,0.9788733720779419
1599,0,1,0,0.36461564898490906
1600,0,1,0,1.2421866655349731
1601,0,0,1,0.17271089553833008
1602,0,1,0,0.7184632420539856
1603,0,1,0,0.13829103112220764
1604,0,1,0,2.1650943756103516
1605,0,0,1,1.8230947256088257
1606,0,0,1,0.4884222745895386
1607,0,0,1,0.08921756595373154
1608,0,0,1,-0.07286697626113892
1609,0,1,0,1.340025782585144
1610,0,0,1,0.1996990442276001
1611,0,0,1,1.1500674486160278
1612,0,0,1,0.09579365700483322
1613,0,1,0,0.3606071174144745
1614,0,1,0,0.4601634442806244
1615,0,1,0,0.42131873965263367
1616,0,0,1,0.10898429155349731
1617,0,0,1,1.8869348764419556
1618,0,0,1,1.389386534690857
1619,0,0,1,0.27179038524627686
1620,0,0,1,1.216506838798523
1621,0,0,1,1.5830413103103638
1622,0,0,1,0.21243953704833984
1623,0,0,1,1.8653595447540283
1624,0,0,1,2.8265879154205322
1625,0,0,1,0.331661581993103
1626,0,0,1,0.5106353759765625
1627,0,0,1,1.03594172000885
1628,1,1,1,0.8727485537528992
1629,0,1,0,0.3241857588291168
1630,0,1,0,0.6242363452911377
1631,0,1,0,-0.02571876347064972
1632,0,1,0,1.8498300313949585
1633,0,0,1,1.338681936264038
1634,0,1,0,0.9595590829849243
1635,0,0,1,1.6951465606689453
1636,0,0,1,1.1361494064331055
1637,0,1,0,0.48521700501441956
1638,0,0,1,1.5627731084823608
1639,0,0,1,2.0265519618988037
1640,0,0,1,1.5227011442184448
1641,0,0,1,0.7875303030014038
1642,0,1,0,0.011335976421833038
1643,0,1,0,0.8489305973052979
1644,0,1,0,0.359203577041626
1645,0,0,1,0.25850027799606323
1646,0,0,1,0.7485838532447815
1647,0,0,1,1.396701455116272
1648,0,0,1,0.6358248591423035
1649,0,0,1,1.4897197484970093
1650,0,0,1,2.5516703128814697
1651,0,0,1,2.8210928440093994
1652,0,1,0,-0.009618222713470459
1653,0,1,0,0.8561328053474426
1654,0,1,0,1.4272741079330444
1655,0,0,1,0.1196027621626854
1656,0,1,0,0.7824684381484985
1657,0,0,1,1.4529305696487427
1658,0,0,1,0.4839901328086853
1659,0,0,1,0.2730354964733124
1660,0,0,1,0.6999858021736145
1661,0,1,0,3.146406412124634
1662,0,0,1,1.1275492906570435
1663,0,1,0,0.9371264576911926
1664,0,1,0,-0.043355055153369904
1665,0,0,1,1.3212980031967163
1666,0,0,1,3.988288640975952
1667,0,0,1,6.157675743103027
1668,0,0,1,6.719667911529541
1669,0,0,1,2.7061657905578613
1670,0,0,1,4.267411708831787
1671,0,0,1,4.495818614959717
1672,0,0,1,5.024770259857178
1673,0,0,1,4.020367622375488
1674,0,0,1,4.200376033782959
1675,0,0,1,3.6740000247955322
1676,0,0,1,0.8871610760688782
1677,0,0,1,2.3892483711242676
1678,0,1,0,1.0196210145950317
1679,0,0,1,3.6621851921081543
1680,0,0,1,4.992839813232422
1681,0,0,1,5.477237701416016
1682,0,0,1,1.236037015914917
1683,0,0,1,2.200077772140503
1684,0,0,1,1.6792919635772705
1685,0,0,1,3.975811243057251
1686,0,0,1,0.13499008119106293
1687,0,0,1,4.829749584197998
1688,0,0,1,2.8491549491882324
1689,0,0,1,2.6606762409210205
1690,0,0,1,3.8233983516693115
1691,0,0,1,1.2086015939712524
1692,0,1,0,1.9231140613555908
1693,0,0,1,4.029191017150879
1694,0,0,1,5.323105335235596
1695,0,0,1,1.1599692106246948
1696,0,0,1,5.175958633422852
1697,0,0,1,3.5497777462005615
1698,0,0,1,3.14565110206604
1699,0,0,1,5.143229961395264
1700,0,1,0,-0.01685570925474167
1701,0,0,1,1.5021930932998657
1702,0,0,1,2.5431888103485107
1703,0,0,1,-0.057189591228961945
1704,0,0,1,0.15009891986846924
1705,0,0,1,7.114016056060791
1706,0,0,1,1.2541159391403198
1707,0,0,1,2.157238245010376
1708,0,0,1,2.2256722450256348
1709,0,0,1,1.5486665964126587
1710,0,1,0,0.20004212856292725
1711,0,0,1,1.5267372131347656
1712,0,0,1,0.9166633486747742
1713,0,0,1,3.3348283767700195
1714,0,0,1,0.46456265449523926
1715,0,0,1,5.259335517883301
1716,0,0,1,5.306277751922607
1717,0,0,1,2.941612958908081
1718,0,0,1,0.49411138892173767
1719,0,0,1,6.0454583168029785
1720,0,0,1,3.124217987060547
1721,0,0,1,1.9384154081344604
1722,0,0,1,1.8242948055267334
1723,0,0,1,0.5877358913421631
1724,0,1,0,2.0626184940338135
1725,0,0,1,1.372681975364685
1726,0,0,1,1.4071974754333496
1727,0,0,1,4.234288692474365
1728,0,0,1,1.8232312202453613
1729,0,0,1,1.2993515729904175
1730,0,0,1,0.40902969241142273
1731,0,0,1,1.448861002922058
1732,0,0,1,2.0522546768188477
1733,0,0,1,3.253420114517212
1734,0,0,1,3.154179811477661
1735,0,0,1,5.461405277252197
1736,0,0,1,0.03664381802082062
1737,0,0,1,0.8514576554298401
1738,0,0,1,0.44948258996009827
1739,0,0,1,4.331802845001221
1740,0,0,1,1.5842400789260864
1741,0,0,1,1.160109043121338
1742,0,0,1,0.9306296706199646
1743,0,0,1,0.6604401469230652
1744,0,0,1,4.083324909210205
1745,0,0,1,1.3483973741531372
1746,0,0,1,6.529962539672852
1747,0,1,0,1.241010308265686
1748,0,0,1,3.3624799251556396
1749,0,0,1,0.43811362981796265
1750,0,0,1,1.7224347591400146
1751,0,0,1,-0.038526587188243866
1752,0,0,1,0.7591732144355774
1753,0,0,1,1.9551405906677246
1754,0,0,1,0.33288681507110596
1755,0,0,1,0.5604530572891235
1756,0,1,0,0.6110678911209106
1757,0,0,1,1.4051352739334106
1758,0,1,0,0.34707388281822205
1759,0,0,1,3.96216082572937
1760,0,0,1,0.9990309476852417
1761,0,0,1,2.500396728515625
1762,0,0,1,3.559678792953491
1763,0,0,1,1.1306374073028564
1764,0,1,0,0.9043292999267578
1765,0,0,1,1.3126710653305054
1766,0,0,1,0.7015382051467896
1767,0,0,1,1.343658685684204
1768,0,0,1,1.4407254457473755
1769,0,0,1,1.6324859857559204
1770,0,0,1,3.8219940662384033
1771,0,0,1,0.5756810307502747
1772,0,1,0,0.3999420702457428
1773,0,0,1,0.3040676414966583
1774,0,0,1,0.6660366654396057
1775,0,1,0,0.8122526407241821
1776,0,0,1,2.432995557785034
1777,0,0,1,3.139939546585083
1778,0,0,1,7.181313991546631
1779,0,0,1,0.6590002179145813
1780,0,0,1,5.157464504241943
1781,0,0,1,2.0443217754364014
1782,0,0,1,5.717636585235596
1783,0,0,1,5.0932230949401855
1784,0,0,1,2.9529635906219482
1785,0,0,1,3.71390700340271
1786,0,0,1,2.965775966644287
1787,0,0,1,1.058791160583496
1788,0,0,1,5.123986721038818
1789,0,0,1,4.762485980987549
1790,0,0,1,2.82653546333313
1791,0,0,1,4.228953838348389
1792,0,1,0,0.7641205787658691
1793,0,1,0,0.5707678198814392
1794,0,0,1,0.1507352888584137
1795,0,0,1,1.3654124736785889
1796,0,0,1,1.5928441286087036
1797,0,0,1,3.656165361404419
1798,0,0,1,2.8117642402648926
1799,0,0,1,3.826704740524292
1800,0,0,1,0.39903730154037476
1801,0,1,0,0.24280765652656555
1802,0,1,0,-0.05487796664237976
1803,0,1,0,0.5980274677276611
1804,0,0,1,1.0634064674377441
1805,0,0,1,2.7531442642211914
1806,0,0,1,1.5736161470413208
1807,0,0,1,1.1280750036239624
1808,0,0,1,1.1549276113510132
1809,0,0,1,1.947677493095398
1810,0,1,0,1.031375765800476
1811,0,1,0,-0.12145115435123444
1812,0,0,1,0.3083532750606537
1813,0,1,0,0.48624280095100403
1814,0,1,0,1.0493228435516357
1815,0,0,1,0.035867974162101746
1816,0,0,1,0.20088866353034973
1817,0,0,1,0.8767463564872742
1818,0,0,1,0.6659356355667114
1819,0,0,1,2.1036112308502197
1820,0,0,1,0.9270673990249634
1821,0,0,1,0.3945864737033844
1822,0,0,1,1.1213881969451904
1823,0,0,1,1.414409875869751
1824,0,0,1,3.9307444095611572
1825,0,0,1,3.19681453704834
1826,0,0,1,0.9475882649421692
1827,0,0,1,1.6899583339691162
1828,0,1,0,1.2353404760360718
1829,0,0,1,0.7484333515167236
1830,0,1,0,0.10325054079294205
1831,0,0,1,1.8484710454940796
1832,0,0,1,1.239517092704773
1833,0,0,1,0.19085153937339783
1834,0,1,0,-0.08763300627470016
1835,0,0,1,0.42562368512153625
1836,0,1,0,0.3949221968650818
1837,0,0,1,1.812926173210144
1838,0,0,1,0.9159926772117615
1839,0,1,0,0.09797874838113785
1840,0,0,1,1.1369554996490479
1841,0,0,1,1.2201162576675415
1842,0,0,1,-0.0367669016122818
1843,0,1,0,-0.05691368132829666
1844,0,0,1,0.23884469270706177
1845,0,0,1,2.410839319229126
1846,0,0,1,1.9033950567245483
1847,0,0,1,-0.026117593050003052
1848,0,0,1,0.17143264412879944
1849,0,0,1,1.76612389087677
1850,0,0,1,0.5566579699516296
1851,0,0,1,0.49623382091522217
1852,0,0,1,1.2041219472885132
1853,0,0,1,0.8916695713996887
1854,0,0,1,2.347294330596924
1855,0,0,1,1.3254574537277222
1856,0,0,1,1.1580917835235596
1857,0,0,1,-0.04536191374063492
1858,0,0,1,1.0546624660491943
1859,0,0,1,0.25304362177848816
1860,0,1,0,0.7487993240356445
1861,0,1,0,-0.03180426359176636
1862,0,1,0,0.9413158297538757
1863,0,0,1,2.242985725402832
1864,0,0,1,3.4442813396453857
1865,0,0,1,3.5713887214660645
1866,0,0,1,3.2633280754089355
1867,0,0,1,3.0349133014678955
1868,0,0,1,1.615707278251648
1869,0,0,1,2.4721028804779053
1870,0,0,1,2.1989798545837402
1871,0,0,1,4.034912109375
1872,0,0,1,2.50226092338562
1873,0,0,1,3.4499568939208984
1874,0,0,1,1.6264214515686035
1875,0,0,1,0.836362898349762
1876,0,0,1,4.445549011230469
1877,0,0,1,1.530737280845642
1878,0,0,1,1.3870925903320312
1879,0,0,1,1.6347919702529907
1880,0,0,1,0.6001595258712769
1881,0,0,1,0.04335372895002365
1882,0,0,1,2.249635696411133
1883,0,0,1,0.7951424717903137
1884,0,0,1,2.7501230239868164
1885,0,1,0,0.5947641730308533
1886,0,0,1,2.1023597717285156
1887,0,0,1,0.04554407298564911
1888,0,1,0,0.33063483238220215
1889,0,0,1,0.6708504557609558
1890,0,1,0,1.5561057329177856
1891,0,0,1,0.49364951252937317
1892,1,1,1,0.5525617003440857
1893,1,1,1,1.340083360671997
1894,1,1,1,1.0454353094100952
1895,1,0,0,0.8013325333595276
1896,1,0,0,0.16257092356681824
1897,1,0,0,1.104973554611206
1898,1,0,0,0.971705973148346
1899,1,1,1,1.5553044080734253
1900,1,1,1,2.950324535369873
1901,1,1,1,0.6993690729141235
1902,1,1,1,0.008290741592645645
1903,1,0,0,2.192842960357666
1904,1,0,0,0.09940114617347717
1905,1,1,1,1.643053412437439
1906,1,0,0,0.28673046827316284
1907,1,0,0,2.9980628490448
1908,1,1,1,0.3197307884693146
1909,1,1,1,0.44844165444374084
1910,1,1,1,0.6024074554443359
1911,1,1,1,2.2155823707580566
1912,1,0,0,0.7726065516471863
1913,1,1,1,0.16467872262001038
1914,1,1,1,2.432220220565796
1915,1,1,1,2.140334367752075
1916,1,0,0,1.0197476148605347
1917,1,1,1,-0.038131482899188995
1918,1,0,0,1.9545828104019165
1919,1,1,1,0.5026073455810547
1920,1,1,1,2.7589993476867676
1921,1,1,1,1.1440919637680054
1922,1,0,0,1.3345096111297607
1923,0,0,1,0.35146334767341614
1924,0,0,1,4.331395626068115
1925,0,1,0,1.0532677173614502
1926,0,0,1,1.2122266292572021
1927,0,0,1,4.020244121551514
1928,0,0,1,3.2156848907470703
1929,0,0,1,2.305603265762329
1930,0,0,1,3.1478140354156494
1931,0,0,1,4.017937183380127
1932,0,0,1,1.6587542295455933
1933,0,0,1,0.20897820591926575
1934,0,0,1,1.8051508665084839
1935,0,0,1,2.6546106338500977
1936,0,1,0,0.6005617380142212
1937,0,0,1,3.857994794845581
1938,0,0,1,1.8585480451583862
1939,0,0,1,1.0869213342666626
1940,0,0,1,1.3343769311904907
1941,0,0,1,2.55084228515625
1942,1,0,0,0.34768417477607727
1943,1,1,1,0.17939159274101257
1944,1,0,0,0.08129259943962097
1945,1,0,0,3.8131601810455322
1946,1,0,0,1.9508450031280518
1947,1,0,0,1.380614161491394
1948,1,0,0,3.624598979949951
1949,1,0,0,1.5820022821426392
1950,1,0,0,2.97525954246521
1951,1,1,1,2.660975694656372
1952,1,0,0,0.23541587591171265
1953,1,0,0,1.6888772249221802
1954,1,0,0,0.5310185551643372
1955,1,0,0,4.331998348236084
1956,1,0,0,0.2629253566265106
1957,1,1,1,0.1842212975025177
1958,1,1,1,5.811936378479004
1959,1,1,1,2.7684924602508545
1960,1,0,0,0.021058909595012665
1961,1,1,1,0.3168826103210449
1962,1,1,1,5.304340839385986
1963,1,0,0,0.2173939049243927
1964,1,0,0,2.2768051624298096
1965,1,1,1,0.47010454535484314
1966,1,1,1,2.4570584297180176
1967,1,1,1,1.9000160694122314
1968,1,1,1,4.130838871002197
1969,1,1,1,4.371316909790039
1970,1,1,1,0.849757730960846
1971,1,1,1,3.3606653213500977
1972,1,1,1,0.9893255233764648
1973,1,1,1,1.2495425939559937
1974,1,1,1,0.5305627584457397
1975,1,0,0,4.2423996925354
1976,1,0,0,2.355872392654419
1977,1,0,0,1.8349498510360718
1978,1,0,0,1.7154358625411987
1979,1,0,0,0.6373315453529358
1980,1,0,0,5.523050785064697
1981,1,0,0,0.6019233465194702
1982,1,0,0,0.07267062366008759
1983,1,0,0,-0.11379247158765793
1984,1,1,1,1.4881099462509155
1985,1,1,1,1.5198811292648315
1986,1,0,0,1.0009922981262207
1987,1,1,1,0.15302079916000366
1988,1,1,1,0.009398221969604492
1989,1,1,1,4.866958141326904
1990,1,1,1,0.038002558052539825
1991,1,0,0,0.8685429692268372
1992,1,0,0,2.094926595687866
1993,1,1,1,1.357050895690918
1994,1,1,1,2.176609516143799
1995,1,1,1,-0.04133588820695877
1996,1,1,1,4.061697006225586
1997,1,0,0,1.800430178642273
1998,1,0,0,1.8993650674819946
1999,1,1,1,1.280337929725647
2000,1,1,1,0.27474334836006165
2001,1,1,1,0.7141534090042114
2002,1,1,1,-0.029426060616970062
2003,1,1,1,2.2721612453460693
2004,1,0,0,0.17192229628562927
2005,1,1,1,2.9646546840667725
2006,1,1,1,1.4348304271697998
2007,1,1,1,3.2631239891052246
2008,1,1,1,1.3208391666412354
2009,1,1,1,1.3811451196670532
2010,1,1,1,1.0519272089004517
2011,1,1,1,1.5378326177597046
2012,1,1,1,1.7658430337905884
2013,1,1,1,4.110471248626709
2014,1,1,1,1.7954415082931519
2015,1,1,1,4.263064384460449
2016,1,0,0,2.1179487705230713
2017,1,0,0,0.048123814165592194
2018,1,1,1,2.4377801418304443
2019,1,0,0,1.084735631942749
2020,1,0,0,1.9127992391586304
2021,1,1,1,5.973862171173096
2022,1,1,1,1.3292803764343262
2023,1,0,0,0.4686175286769867
2024,1,1,1,1.2929240465164185
2025,1,1,1,2.662407398223877
2026,1,0,0,1.3652321100234985
2027,1,0,0,1.971474528312683
2028,1,0,0,0.46453964710235596
2029,1,1,1,3.963663101196289
2030,1,1,1,1.0883084535598755
2031,1,1,1,0.84440016746521
2032,1,0,0,-0.02186407893896103
2033,1,1,1,1.8822568655014038
2034,1,1,1,0.6651443243026733
2035,1,1,1,0.6120945811271667
2036,1,1,1,3.2964353561401367
2037,1,1,1,5.729987144470215
2038,1,1,1,4.132758140563965
2039,1,1,1,7.433200836181641
2040,1,1,1,4.9167585372924805
2041,1,1,1,4.166414737701416
2042,1,0,0,0.2328105866909027
2043,1,1,1,2.8248660564422607
2044,1,0,0,1.9617797136306763
2045,1,1,1,2.9368538856506348
2046,1,1,1,3.6613528728485107
2047,1,0,0,1.2554184198379517
2048,1,1,1,2.267209529876709
2049,1,1,1,4.653437614440918
2050,1,1,1,0.7934170961380005
2051,1,1,1,1.281888723373413
2052,1,0,0,1.62068772315979
2053,1,1,1,3.5042943954467773
2054,1,0,0,0.0016085654497146606
2055,1,0,0,3.9123215675354004
2056,1,1,1,0.18294882774353027
2057,1,1,1,0.2910006642341614
2058,1,1,1,2.134732723236084
2059,1,1,1,1.5866001844406128
2060,1,0,0,0.3348236083984375
2061,1,0,0,3.7662999629974365
2062,1,1,1,2.356285333633423
2063,1,1,1,1.9532115459442139
2064,1,1,1,0.6644651293754578
2065,1,1,1,0.5128985047340393
2066,1,1,1,1.315280795097351
2067,1,0,0,0.05964020639657974
2068,1,1,1,4.882206916809082
2069,1,0,0,0.01797477900981903
2070,1,1,1,1.1744581460952759
2071,1,0,0,1.1491076946258545
2072,1,1,1,4.805516242980957
2073,1,1,1,1.7720762491226196
2074,1,0,0,0.06500349938869476
2075,1,1,1,2.9446301460266113
2076,1,1,1,4.75419807434082
2077,1,1,1,0.5241217613220215
2078,1,1,1,0.48593100905418396
2079,1,1,1,3.172545909881592
2080,1,1,1,3.408194065093994
2081,1,1,1,0.46927133202552795
2082,1,1,1,0.01562529057264328
2083,1,1,1,4.291398048400879
2084,1,1,1,0.2174641489982605
2085,1,0,0,0.6322515606880188
2086,1,1,1,2.741616725921631
2087,1,1,1,6.292713165283203
2088,1,0,0,0.6703062653541565
2089,1,1,1,0.934805691242218
2090,1,1,1,0.7093802094459534
2091,1,1,1,0.9452557563781738
2092,1,1,1,5.525050163269043
2093,1,1,1,5.710834980010986
2094,1,1,1,3.1813530921936035
2095,1,1,1,1.9972912073135376
2096,1,1,1,4.193068981170654
2097,1,1,1,1.6580084562301636
2098,1,1,1,4.348618507385254
2099,1,1,1,0.797576904296875
2100,1,1,1,0.24772092700004578
2101,1,1,1,0.4226163923740387
2102,1,1,1,1.6803765296936035
2103,1,0,0,0.09661687165498734
2104,1,1,1,1.310750961303711
2105,1,1,1,2.3231277465820312
2106,1,1,1,5.002616882324219
2107,1,1,1,4.302799224853516
2108,1,1,1,6.1248674392700195
2109,1,1,1,0.5617210268974304
2110,1,1,1,3.0553665161132812
2111,1,1,1,1.515674352645874
2112,1,0,0,2.0476229190826416
2113,1,1,1,0.438038170337677
2114,1,1,1,2.532975435256958
2115,1,1,1,0.5522385239601135
2116,1,0,0,1.5132712125778198
2117,1,1,1,1.4750715494155884
2118,1,0,0,5.519869804382324
2119,1,1,1,-0.025961317121982574
2120,1,1,1,1.3945764303207397
2121,1,0,0,1.531807780265808
2122,1,1,1,0.03946252912282944
2123,1,0,0,0.3348390460014343
2124,1,1,1,3.7975144386291504
2125,1,1,1,0.4450061321258545
2126,1,1,1,3.720775604248047
2127,1,1,1,0.9613765478134155
2128,1,1,1,1.984007716178894
2129,1,0,0,2.134098768234253
2130,1,0,0,2.38976788520813
2131,1,0,0,0.6059866547584534
2132,1,1,1,4.761776924133301
2133,1,1,1,3.6512980461120605
2134,1,1,1,2.7577743530273438
2135,1,1,1,3.7575244903564453
2136,1,1,1,2.561279535293579
2137,1,1,1,1.7996792793273926
2138,1,1,1,4.925705909729004
2139,1,1,1,0.023356303572654724
2140,1,1,1,2.5197834968566895
2141,1,1,1,0.8344625234603882
2142,1,0,0,0.7311399579048157
2143,1,1,1,1.4851222038269043
2144,1,1,1,4.041828632354736
2145,1,0,0,0.19146734476089478
2146,1,1,1,3.7272586822509766
2147,1,1,1,5.25486946105957
2148,1,1,1,5.642121315002441
2149,1,0,0,0.8087814450263977
2150,1,1,1,4.145153999328613
2151,1,1,1,3.6244330406188965
2152,1,1,1,0.7719053626060486
2153,1,1,1,3.767367362976074
2154,1,1,1,1.9677010774612427
2155,1,0,0,3.4479637145996094
2156,1,0,0,2.875187635421753
2157,1,1,1,2.658696413040161
2158,1,0,0,4.290874004364014
2159,1,1,1,1.8823713064193726
2160,1,1,1,2.9912753105163574
2161,1,1,1,3.3523600101470947
2162,1,1,1,4.342041969299316
2163,1,0,0,0.22306597232818604
2164,1,1,1,2.5440587997436523
2165,1,1,1,0.04436931759119034
2166,1,1,1,1.1688127517700195
2167,1,1,1,0.5947920680046082
2168,1,1,1,1.8923646211624146
2169,1,0,0,1.6417235136032104
2170,1,0,0,1.2765989303588867
2171,1,1,1,3.7551982402801514
2172,1,1,1,3.9923295974731445
2173,1,1,1,2.0700840950012207
2174,1,1,1,2.2563962936401367
2175,1,1,1,1.072064757347107
2176,1,1,1,1.7236016988754272
2177,1,1,1,1.0801655054092407
2178,1,0,0,1.7509434223175049
2179,1,1,1,1.6728628873825073
2180,1,0,0,0.31810563802719116
2181,1,0,0,0.6505796313285828
2182,1,1,1,3.123896360397339
2183,1,0,0,0.07598035037517548
2184,1,0,0,1.6456284523010254
2185,1,0,0,0.5735765695571899
2186,1,0,0,0.18101626634597778
2187,1,0,0,-0.07274802029132843
2188,1,1,1,2.880654811859131
2189,1,0,0,3.0841686725616455
2190,1,1,1,1.1971197128295898
2191,1,1,1,2.977851390838623
2192,1,1,1,2.5180399417877197
2193,1,0,0,0.2122158706188202
2194,1,1,1,3.840394973754883
2195,1,1,1,1.7442626953125
2196,1,1,1,4.031894683837891
2197,1,1,1,3.8602168560028076
2198,1,1,1,2.2745373249053955
2199,1,1,1,0.528751015663147
2200,1,1,1,1.9604572057724
2201,1,1,1,3.121368408203125
2202,1,1,1,5.400783538818359
2203,1,1,1,2.407615900039673
2204,1,1,1,3.083465814590454
2205,1,1,1,3.485529899597168
2206,1,1,1,2.1328866481781006
2207,1,1,1,3.803128242492676
2208,1,1,1,1.549808382987976
2209,1,1,1,0.9035423398017883
2210,1,1,1,1.421560525894165
2211,1,1,1,5.881638526916504
2212,1,1,1,4.347458839416504
2213,1,1,1,3.0302038192749023
2214,1,1,1,1.9624253511428833
2215,1,1,1,3.6857857704162598
2216,1,0,0,0.368466317653656
2217,1,1,1,4.099318981170654
2218,1,1,1,4.532356262207031
2219,1,1,1,3.88981032371521
2220,1,1,1,0.8063676953315735
2221,1,1,1,4.676029682159424
2222,1,1,1,0.13834694027900696
2223,1,1,1,1.3973835706710815
2224,1,1,1,4.845294952392578
2225,1,1,1,2.8343701362609863
2226,1,1,1,6.064726829528809
2227,1,1,1,4.580258369445801
2228,1,1,1,5.230391502380371
2229,1,1,1,2.188607692718506
2230,1,1,1,2.7645270824432373
2231,1,1,1,5.349460124969482
2232,1,1,1,3.175248146057129
2233,1,1,1,1.4239225387573242
2234,1,1,1,4.250645160675049
2235,1,1,1,2.0437493324279785
2236,1,1,1,3.902757406234741
2237,1,1,1,5.227850914001465
2238,1,1,1,3.5499205589294434
2239,1,1,1,2.600367546081543
2240,1,1,1,0.8660057783126831
2241,1,1,1,4.250360488891602
2242,1,1,1,0.589900016784668
2243,1,1,1,4.851564407348633
2244,1,1,1,0.6187791228294373
2245,1,1,1,2.5621681213378906
2246,1,1,1,2.455383539199829
2247,1,1,1,1.751250147819519
2248,1,1,1,1.9481749534606934
2249,1,1,1,0.30912885069847107
2250,1,1,1,0.7188341617584229
2251,1,1,1,0.9007155299186707
2252,1,1,1,2.1362476348876953
2253,1,1,1,0.44742462038993835
2254,1,1,1,3.3542838096618652
2255,1,1,1,3.0643415451049805
2256,1,1,1,1.1546461582183838
2257,1,1,1,0.8907008767127991
2258,1,0,0,2.0204131603240967
2259,1,0,0,3.112771511077881
2260,1,1,1,3.241006851196289
2261,1,1,1,5.036382675170898
2262,1,1,1,-0.05762626230716705
2263,1,1,1,2.2076361179351807
2264,1,1,1,6.256701469421387
2265,1,1,1,4.8213067054748535
2266,1,1,1,5.318765163421631
2267,1,1,1,3.5106892585754395
2268,1,1,1,4.100125789642334
2269,1,1,1,2.024136543273926
2270,1,1,1,1.2860708236694336
2271,1,1,1,0.7304862141609192
2272,1,1,1,1.0336456298828125
2273,1,1,1,0.5591357946395874
2274,1,1,1,1.3374899625778198
2275,1,1,1,3.324867010116577
2276,1,0,0,0.9092456698417664
2277,1,1,1,2.179703712463379
2278,1,1,1,0.008047223091125488
2279,1,1,1,1.9405968189239502
2280,1,1,1,0.7631765604019165
2281,1,1,1,1.9441152811050415
2282,1,0,0,0.5368375182151794
2283,1,0,0,0.05670204013586044
2284,1,1,1,3.5405313968658447
2285,1,1,1,3.097440719604492
2286,1,0,0,0.04428406059741974
2287,1,0,0,0.280081570148468
2288,1,1,1,0.7061909437179565
2289,1,1,1,2.1435627937316895
2290,1,1,1,1.4276293516159058
2291,1,1,1,5.515720367431641
2292,1,1,1,4.88236141204834
2293,1,1,1,3.4497122764587402
2294,1,1,1,3.0362701416015625
2295,1,1,1,0.724635124206543
2296,1,0,0,0.7901342511177063
2297,1,0,0,1.9295445680618286
2298,1,1,1,2.090712547302246
2299,1,0,0,1.2781718969345093
2300,1,0,0,0.23530158400535583
2301,1,1,1,5.2209906578063965
2302,1,1,1,3.509336233139038
2303,1,0,0,1.2726365327835083
2304,1,1,1,2.629544973373413
2305,1,1,1,2.4170238971710205
2306,1,1,1,0.6423367261886597
2307,1,1,1,4.586734771728516
2308,1,1,1,5.465506076812744
2309,1,1,1,2.13417911529541
2310,1,1,1,1.3243705034255981
2311,1,0,0,1.14111328125
2312,1,1,1,5.685420989990234
2313,1,1,1,2.7813127040863037
2314,1,1,1,2.1335508823394775
2315,1,1,1,4.176743030548096
2316,1,1,1,3.541419506072998
2317,1,1,1,2.9069297313690186
2318,1,1,1,1.4711307287216187
2319,1,1,1,1.8761014938354492
2320,1,1,1,4.871140956878662
2321,1,1,1,5.494206428527832
2322,1,1,1,3.1843950748443604
2323,1,1,1,0.6868892312049866
2324,1,1,1,0.18753838539123535
2325,1,0,0,0.7419046759605408
2326,1,1,1,4.071041584014893
2327,1,1,1,7.217530250549316
2328,1,1,1,3.677668571472168
2329,1,1,1,3.335711717605591
2330,1,1,1,0.6446136236190796
2331,1,1,1,4.144723892211914
2332,1,1,1,6.216318130493164
2333,1,1,1,0.15958943963050842
2334,1,1,1,3.4582293033599854
2335,1,0,0,0.26324811577796936
2336,1,1,1,3.338141441345215
2337,1,1,1,1.109052300453186
2338,1,1,1,1.2917560338974
2339,1,1,1,2.2311244010925293
2340,1,1,1,0.46446308493614197
2341,1,1,1,0.5871119499206543
2342,1,1,1,0.43953827023506165
2343,1,0,0,0.46211686730384827
2344,1,0,0,0.3127743899822235
2345,1,1,1,2.103459119796753
2346,1,1,1,2.5716567039489746
2347,1,1,1,1.7549678087234497
2348,1,1,1,1.9041939973831177
2349,1,1,1,4.661166667938232
2350,1,1,1,1.1094857454299927
2351,1,0,0,1.8319318294525146
2352,1,1,1,1.0429998636245728
2353,1,1,1,1.8406223058700562
2354,1,1,1,4.024046421051025
2355,1,0,0,0.8320801258087158
2356,1,1,1,0.906399130821228
2357,1,1,1,1.390805959701538
2358,1,1,1,0.6274254322052002
2359,1,1,1,5.310908317565918
2360,1,1,1,1.1675264835357666
2361,1,1,1,5.027651786804199
2362,1,1,1,0.04981335252523422
2363,1,1,1,1.0632380247116089
2364,1,0,0,0.40422627329826355
2365,1,1,1,4.515804767608643
2366,1,0,0,1.6049063205718994
2367,1,1,1,6.808500289916992
2368,1,1,1,1.2821472883224487
2369,1,1,1,0.8702839016914368
2370,1,1,1,1.7463067770004272
2371,1,1,1,1.3504246473312378
2372,1,1,1,2.2903099060058594
2373,1,1,1,1.336749792098999
2374,1,1,1,1.6242338418960571
2375,1,1,1,1.0435518026351929
2376,1,1,1,0.9857712984085083
2377,1,1,1,2.053389072418213
2378,1,1,1,1.139855980873108
2379,1,1,1,0.944307804107666
2380,1,1,1,-0.03342801332473755
2381,1,1,1,1.090133547782898
2382,1,0,0,0.5220926403999329
2383,1,0,0,3.2979514598846436
2384,1,1,1,0.8034659624099731
2385,1,0,0,0.7337471842765808
2386,1,1,1,3.5557706356048584
2387,1,0,0,1.2402669191360474
2388,1,1,1,1.638839840888977
2389,1,0,0,0.13946619629859924
2390,1,1,1,2.831960916519165
2391,1,1,1,0.320959210395813
2392,1,1,1,2.9702038764953613
2393,1,0,0,2.793872594833374
2394,1,0,0,2.794327735900879
2395,1,0,0,3.1037209033966064
2396,1,1,1,2.9134039878845215
2397,1,1,1,0.10460271686315536
2398,1,1,1,2.9864320755004883
2399,1,0,0,0.9430290460586548
2400,1,0,0,0.080795057117939
2401,1,1,1,3.243720531463623
2402,1,1,1,3.649993658065796
2403,1,0,0,1.098961353302002
2404,1,1,1,-0.08517542481422424
2405,1,1,1,-0.05031668394804001
2406,1,0,0,-0.024313367903232574
2407,1,1,1,3.403336524963379
2408,1,1,1,1.8905380964279175
2409,1,1,1,1.5540001392364502
2410,1,1,1,1.0798026323318481
2411,1,1,1,0.7321761846542358
2412,1,1,1,0.922764778137207
2413,1,1,1,0.7507635354995728
2414,1,1,1,4.244582176208496
2415,1,1,1,1.8069638013839722
2416,1,0,0,0.19990268349647522
2417,1,1,1,-0.005052901804447174
2418,1,1,1,-0.033152781426906586
2419,1,0,0,0.9138187766075134
2420,1,1,1,2.980616331100464
2421,1,1,1,4.591174125671387
2422,1,1,1,3.0491490364074707
2423,1,1,1,3.072385311126709
2424,1,0,0,0.37160176038742065
2425,1,1,1,0.5095294713973999
2426,1,0,0,0.713286280632019
2427,1,1,1,3.152486801147461
2428,1,1,1,0.6056221127510071
2429,1,1,1,0.1347988247871399
2430,1,1,1,-0.006230361759662628
2431,1,0,0,0.7272042632102966
2432,1,1,1,5.206880569458008
2433,1,1,1,3.1438474655151367
2434,1,1,1,4.843469142913818
2435,1,1,1,4.734530448913574
2436,1,1,1,4.982067584991455
2437,1,1,1,-0.011201463639736176
2438,1,1,1,1.9202808141708374
2439,1,0,0,0.1863243281841278
2440,1,1,1,3.102501630783081
2441,1,1,1,3.2183070182800293
2442,1,1,1,0.3454333543777466
2443,1,1,1,1.0444563627243042
2444,1,1,1,0.36424487829208374
2445,1,1,1,5.067984580993652
2446,1,1,1,4.420437812805176
2447,1,1,1,6.727413177490234
2448,1,0,0,2.5932257175445557
2449,1,1,1,2.3446247577667236
2450,1,1,1,1.586557388305664
2451,1,1,1,3.766207695007324
2452,1,1,1,-0.018540896475315094
2453,1,1,1,4.052188873291016
2454,1,0,0,1.044857382774353
2455,1,1,1,2.348562717437744
2456,1,1,1,4.312729835510254
2457,1,0,0,0.9748850464820862
2458,1,0,0,0.5183478593826294
2459,1,1,1,4.180686950683594
2460,1,1,1,6.0369768142700195
2461,1,1,1,1.2444452047348022
2462,1,1,1,0.5161714553833008
2463,1,1,1,0.9714189767837524
2464,1,0,0,0.37640580534935
2465,1,1,1,1.5690597295761108
2466,1,0,0,0.056978512555360794
2467,1,0,0,-0.05649760365486145
2468,1,1,1,2.0957207679748535
2469,1,1,1,1.7534362077713013
2470,0,0,1,4.2363810539245605
2471,1,0,0,2.2043168544769287
2472,1,1,1,1.3845314979553223
2473,1,0,0,-0.023504644632339478
2474,1,1,1,2.4118900299072266
2475,1,0,0,1.2167950868606567
2476,1,0,0,2.3996658325195312
2477,1,1,1,0.1849997639656067
2478,1,1,1,1.80650794506073
2479,1,1,1,1.6490651369094849
2480,1,1,1,3.052779197692871
2481,1,1,1,2.2042908668518066
2482,1,1,1,0.8603551387786865
2483,1,1,1,0.11647609621286392
2484,1,1,1,2.582247734069824
2485,1,1,1,0.3102560341358185
2486,1,0,0,1.8593034744262695
2487,1,1,1,3.271665573120117
2488,1,1,1,1.7087587118148804
2489,1,1,1,1.4698594808578491
2490,1,0,0,0.05200990289449692
2491,1,1,1,1.388656735420227
2492,1,0,0,4.373850345611572
2493,1,1,1,0.32472094893455505
2494,1,0,0,2.8755691051483154
2495,1,0,0,0.05747021734714508
2496,1,1,1,6.101766586303711
2497,1,1,1,0.9909336566925049
2498,1,0,0,0.7097780108451843
2499,1,0,0,1.7589482069015503
2500,1,0,0,-0.11081104725599289
2501,1,0,0,2.807849407196045
2502,1,0,0,1.3474891185760498
2503,1,1,1,0.6141481399536133
2504,1,0,0,0.8107402324676514
2505,1,1,1,6.1079020500183105
2506,1,1,1,5.105856418609619
2507,1,0,0,0.3498280942440033
2508,1,1,1,2.9527275562286377
2509,1,1,1,3.3359663486480713
2510,1,1,1,2.2631144523620605
2511,1,1,1,1.154159665107727
2512,1,1,1,5.086593151092529
2513,1,1,1,1.2157238721847534
2514,1,1,1,0.9118724465370178
2515,1,1,1,4.551309585571289
2516,1,1,1,2.714754581451416
2517,1,1,1,3.0204362869262695
2518,1,0,0,1.0937002897262573
2519,1,1,1,0.1688992977142334
2520,1,0,0,5.29557466506958
2521,1,1,1,3.131929636001587
2522,1,0,0,0.33970126509666443
2523,1,1,1,4.977358341217041
2524,1,0,0,2.9959499835968018
2525,1,0,0,2.290017604827881
2526,1,0,0,2.812593936920166
2527,1,1,1,1.0342235565185547
2528,1,1,1,2.13041353225708
2529,0,1,0,7.248082637786865
2530,1,1,1,1.0501673221588135
2531,0,1,0,0.9948272705078125
2532,1,1,1,3.298243999481201
2533,1,1,1,4.915965557098389
2534,1,1,1,0.8159794211387634
2535,1,1,1,1.8388744592666626
2536,1,1,1,0.387466162443161
2537,0,1,0,0.671271800994873
2538,0,0,1,1.0027046203613281
2539,0,0,1,-0.13255158066749573
2540,0,1,0,0.7462664246559143
2541,1,1,1,4.345746040344238
2542,1,1,1,4.5722432136535645
2543,1,1,1,0.7628239393234253
2544,1,1,1,4.459799766540527
2545,1,0,0,0.25825920701026917
2546,1,0,0,0.07727766036987305
2547,1,0,0,-0.0797375813126564
2548,1,1,1,1.2808789014816284
2549,1,0,0,-0.05874592810869217
2550,1,0,0,1.7315858602523804
2551,1,1,1,0.36444297432899475
2552,1,0,0,0.5827367901802063
2553,1,0,0,0.7191923260688782
2554,1,1,1,1.7245182991027832
2555,1,1,1,1.3472330570220947
2556,1,1,1,0.21698352694511414
2557,1,1,1,6.095249176025391
2558,1,1,1,0.3359789550304413
2559,1,1,1,5.0799360275268555
2560,1,1,1,2.218985080718994
2561,1,1,1,0.5657984614372253
2562,1,1,1,1.5956228971481323
2563,1,0,0,2.426265001296997
2564,1,1,1,0.9572901129722595
2565,1,1,1,3.2985713481903076
2566,1,1,1,1.0727242231369019
2567,1,0,0,0.3657282292842865
2568,1,0,0,0.9894227385520935
2569,1,1,1,1.9419255256652832
2570,1,1,1,1.3500083684921265
2571,1,0,0,4.210822582244873
2572,1,1,1,1.2260264158248901
2573,1,0,0,0.7319746613502502
2574,1,0,0,2.871976613998413
2575,1,0,0,-0.025159940123558044
2576,1,1,1,2.192495584487915
2577,1,1,1,0.5695000290870667
2578,1,1,1,1.381827473640442
2579,1,0,0,0.8879909515380859
2580,1,1,1,1.9304825067520142
2581,1,1,1,2.0379269123077393
2582,1,0,0,2.9170053005218506
2583,1,0,0,1.1761960983276367
2584,1,0,0,0.949105978012085
2585,1,0,0,0.30986472964286804
2586,1,0,0,2.829810857772827
2587,1,1,1,1.0235580205917358
2588,1,0,0,0.8202196955680847
2589,1,1,1,1.671445608139038
2590,1,1,1,-0.010399304330348969
2591,1,1,1,1.4960054159164429
2592,1,1,1,2.0406460762023926
2593,1,1,1,1.043338656425476
2594,1,1,1,2.0566067695617676
2595,1,1,1,4.356083393096924
2596,1,1,1,0.45013973116874695
2597,1,1,1,1.6029640436172485
2598,1,0,0,0.7510421872138977
2599,1,0,0,0.9677373766899109
2600,1,1,1,0.713532030582428
2601,1,1,1,2.5698704719543457
2602,1,0,0,1.0857596397399902
2603,1,1,1,0.2729645073413849
2604,1,1,1,2.3728933334350586
2605,1,1,1,0.1457875370979309
2606,1,1,1,0.5979318618774414
2607,1,1,1,1.7649083137512207
2608,1,0,0,5.794507026672363
2609,1,1,1,2.2409725189208984
2610,1,0,0,1.699222445487976
2611,1,0,0,1.1191474199295044
2612,1,1,1,3.0011839866638184
2613,1,0,0,0.527708113193512
2614,1,0,0,1.937753677368164
2615,1,0,0,0.0033971071243286133
2616,1,1,1,-0.05433440953493118
2617,1,0,0,0.13462606072425842
2618,1,0,0,1.580626368522644
2619,1,1,1,1.613824486732483
2620,1,0,0,0.4621022641658783
2621,1,1,1,0.5468460917472839
2622,1,1,1,3.4568281173706055
2623,1,1,1,2.4467320442199707
2624,1,1,1,2.1290080547332764
2625,1,1,1,0.5157163739204407
2626,1,1,1,1.1653350591659546
2627,1,1,1,1.475692868232727
2628,1,1,1,2.1061646938323975
2629,1,0,0,-0.05928459018468857
2630,1,1,1,3.9053564071655273
2631,1,1,1,0.4977964460849762
2632,1,1,1,1.4988752603530884
2633,1,0,0,0.487354576587677
2634,1,1,1,1.3097079992294312
2635,1,1,1,2.5957446098327637
2636,1,1,1,0.27948683500289917
2637,1,0,0,1.044826865196228
2638,1,1,1,1.0337984561920166
2639,1,0,0,0.656140148639679
2640,1,0,0,0.6515699625015259
2641,1,1,1,0.43119266629219055
2642,1,0,0,-0.05576445162296295
2643,1,1,1,0.021831758320331573
2644,1,0,0,3.031419277191162
2645,1,1,1,1.0264395475387573
2646,1,0,0,0.7575572729110718
2647,1,1,1,2.4119138717651367
2648,1,0,0,2.2617180347442627
2649,1,0,0,0.35852470993995667
2650,1,1,1,0.005516018718481064
2651,1,0,0,0.34037768840789795
2652,1,1,1,4.551538944244385
2653,1,1,1,0.6237471103668213
2654,1,1,1,0.5326734781265259
2655,1,1,1,3.9353888034820557
2656,1,0,0,0.08836030215024948
2657,1,1,1,3.9192311763763428
2658,1,1,1,1.2895888090133667
2659,1,1,1,1.6332036256790161
2660,1,0,0,0.36719921231269836
2661,1,1,1,1.6017037630081177
2662,1,0,0,1.1628673076629639
2663,1,0,0,0.3730669319629669
2664,1,1,1,2.849195957183838
2665,1,1,1,4.962313175201416
2666,1,1,1,1.105755090713501
2667,1,1,1,0.9581151008605957
2668,1,1,1,-0.010194696485996246
2669,1,1,1,-0.18939605355262756
2670,1,0,0,0.1369902342557907
2671,1,1,1,0.38445523381233215
2672,1,0,0,0.6213863492012024
2673,1,0,0,0.15260657668113708
2674,1,1,1,1.6983048915863037
2675,1,1,1,4.244523048400879
2676,1,1,1,3.163560628890991
2677,1,0,0,1.232159972190857
2678,1,1,1,1.0811166763305664
2679,1,1,1,0.9532899260520935
2680,1,1,1,3.665889263153076
2681,1,1,1,1.8406435251235962
2682,1,1,1,4.893860816955566
2683,1,0,0,3.382977247238159
2684,1,0,0,1.1474859714508057
2685,1,0,0,0.1406751573085785
2686,1,1,1,3.3219285011291504
2687,1,0,0,0.3316565454006195
2688,1,1,1,2.9496095180511475
2689,1,1,1,4.991603851318359
2690,1,1,1,0.02838541567325592
2691,1,1,1,0.29090622067451477
2692,1,1,1,0.7371940612792969
2693,1,1,1,3.1136696338653564
2694,1,1,1,2.960343837738037
2695,1,0,0,0.07323379069566727
2696,1,0,0,1.3532005548477173
2697,1,1,1,0.6393150091171265
2698,1,0,0,1.5348483324050903
2699,1,0,0,1.3610963821411133
2700,1,0,0,2.368877649307251
2701,1,1,1,1.0239859819412231
2702,1,1,1,1.3808040618896484
2703,1,0,0,-0.11128155142068863
2704,1,1,1,0.43941304087638855
2705,1,0,0,0.4563923180103302
2706,1,0,0,1.294614315032959
2707,1,1,1,2.2520828247070312
2708,1,1,1,1.8172342777252197
2709,1,0,0,1.021624207496643
2710,1,1,1,0.33375757932662964
2711,1,0,0,2.005321502685547
2712,1,0,0,0.09004249423742294
2713,1,1,1,0.4711191952228546
2714,1,1,1,1.973671793937683
2715,1,1,1,1.4965178966522217
2716,1,1,1,4.747776985168457
2717,1,0,0,0.8221185803413391
2718,1,0,0,0.8201846480369568
2719,1,1,1,3.624408483505249
2720,1,1,1,1.0499231815338135
2721,1,1,1,0.6233856081962585
2722,1,0,0,1.1775224208831787
2723,1,1,1,2.41455078125
2724,1,1,1,0.19944804906845093
2725,1,1,1,1.259306788444519
2726,1,0,0,0.5096665620803833
2727,1,1,1,1.8087538480758667
2728,1,1,1,-0.12384621053934097
2729,1,1,1,3.5968480110168457
2730,1,1,1,2.770250082015991
2731,1,0,0,1.4177831411361694
2732,1,1,1,0.15637323260307312
2733,1,1,1,1.6318798065185547
2734,1,1,1,3.9710445404052734
2735,1,1,1,4.700466632843018
2736,1,1,1,0.09696310013532639
2737,1,1,1,4.24345588684082
2738,1,1,1,5.836850166320801
2739,1,1,1,0.3186971843242645
2740,1,1,1,0.5545243620872498
2741,1,1,1,2.1897568702697754
2742,1,1,1,2.7457234859466553
2743,1,1,1,4.560190200805664
2744,1,1,1,2.6725099086761475
2745,1,1,1,1.838045358657837
2746,1,1,1,1.513965368270874
2747,1,1,1,1.4340405464172363
2748,1,1,1,2.6864795684814453
2749,1,0,0,0.5064559578895569
2750,1,1,1,2.6651487350463867
2751,1,1,1,1.1812336444854736
2752,1,1,1,4.372589588165283
2753,1,1,1,4.865402698516846
2754,1,1,1,3.151717185974121
2755,1,1,1,4.327652931213379
2756,1,1,1,1.0798695087432861
2757,1,0,0,1.0455464124679565
2758,1,0,0,4.078430652618408
2759,1,1,1,1.6164400577545166
2760,1,0,0,0.6525921821594238
2761,1,0,0,2.2072713375091553
2762,1,1,1,0.652174711227417
2763,1,1,1,0.7838396430015564
2764,1,0,0,0.0721210390329361
2765,1,1,1,1.2950819730758667
2766,1,1,1,1.4829837083816528
2767,1,1,1,4.271055221557617
2768,1,1,1,1.5972760915756226
2769,1,1,1,1.7874277830123901
2770,1,1,1,1.4319367408752441
2771,1,1,1,1.0519981384277344
2772,1,0,0,2.5344350337982178
2773,1,1,1,2.164889335632324
2774,1,1,1,0.8318004608154297
2775,1,0,0,2.9458224773406982
2776,1,1,1,4.831287860870361
2777,1,0,0,1.3008052110671997
2778,1,0,0,0.20782652497291565
2779,1,1,1,0.02315453439950943
2780,1,1,1,2.769353151321411
2781,1,0,0,0.142440527677536
2782,1,1,1,0.1675267219543457
2783,1,0,0,1.3185163736343384
2784,1,1,1,0.022255755960941315
2785,1,1,1,1.8585149049758911
2786,1,1,1,3.7306134700775146
2787,1,1,1,0.31741294264793396
2788,1,0,0,0.7490741610527039
2789,1,1,1,4.398131847381592
2790,1,0,0,0.6441850066184998
2791,1,1,1,2.0229196548461914
2792,1,1,1,-0.005159460008144379
2793,1,1,1,2.67928409576416
2794,1,1,1,1.0891870260238647
2795,1,0,0,1.1169040203094482
2796,1,1,1,1.3639596700668335
2797,1,0,0,0.6192103624343872
2798,1,0,0,2.4129981994628906
2799,1,1,1,1.9902347326278687
2800,1,1,1,0.12897279858589172
2801,1,1,1,1.6764014959335327
2802,1,1,1,3.7237844467163086
2803,1,0,0,6.782677173614502
2804,1,1,1,1.1757400035858154
2805,1,1,1,2.5891289710998535
2806,1,0,0,3.3617117404937744
2807,1,1,1,1.5652563571929932
2808,1,0,0,2.1405253410339355
2809,1,1,1,0.5814837217330933
2810,1,1,1,0.6138055920600891
2811,1,1,1,0.9882253408432007
2812,1,0,0,5.192272663116455
2813,1,1,1,1.24107027053833
2814,1,0,0,0.06211525946855545
2815,1,1,1,0.589076578617096
2816,1,0,0,1.604284644126892
2817,1,1,1,3.9090476036071777
2818,1,0,0,0.6104545593261719
2819,1,1,1,1.510239839553833
2820,1,1,1,1.408942461013794
2821,1,1,1,1.9192386865615845
2822,1,0,0,4.614878177642822
2823,1,1,1,3.7640042304992676
2824,1,1,1,0.1496591866016388
2825,1,1,1,1.4904874563217163
2826,1,1,1,1.8716610670089722
2827,1,0,0,0.833378791809082
2828,1,1,1,0.9993671178817749
2829,1,0,0,3.9770760536193848
2830,1,1,1,3.017568588256836
2831,1,1,1,-0.04274121671915054
2832,1,1,1,4.478488445281982
2833,1,1,1,1.806517481803894
2834,1,0,0,0.4709971249103546
2835,1,1,1,0.9374544620513916
2836,1,1,1,0.6746572256088257
2837,1,0,0,0.3181489408016205
2838,1,1,1,1.4720726013183594
2839,1,1,1,0.39908722043037415
2840,1,1,1,0.48338255286216736
2841,1,1,1,4.878246307373047
2842,1,1,1,0.3037984073162079
2843,1,0,0,0.04152534902095795
2844,1,0,0,0.45285138487815857
2845,1,0,0,1.65390145778656
2846,1,0,0,1.2722673416137695
2847,1,1,1,4.275974273681641
2848,1,1,1,3.5849804878234863
2849,1,1,1,0.5719733834266663
2850,1,0,0,1.922888159751892
2851,1,0,0,-0.09898769110441208
2852,1,1,1,1.034153938293457
2853,1,1,1,0.30864378809928894
2854,1,1,1,0.21714240312576294
2855,1,0,0,1.847147822380066
2856,1,0,0,2.475694417953491
2857,1,1,1,1.769945740699768
2858,1,1,1,0.3813379108905792
2859,1,0,0,0.20845860242843628
2860,1,0,0,0.6530008912086487
2861,1,0,0,0.5459895133972168
2862,1,1,1,1.2952698469161987
2863,1,1,1,2.9103713035583496
2864,1,1,1,4.915493011474609
2865,1,1,1,2.144779920578003
2866,1,0,0,1.5406767129898071
2867,1,0,0,2.138678789138794
2868,1,0,0,2.0569581985473633
2869,1,1,1,-0.05574025958776474
2870,1,1,1,0.6861008405685425
2871,1,1,1,0.9876623153686523
2872,1,0,0,0.9467822313308716
2873,1,1,1,0.8082430958747864
2874,1,1,1,0.8881587982177734
2875,1,1,1,1.1736952066421509
2876,1,1,1,0.6002385020256042
2877,1,1,1,1.318474531173706
2878,1,1,1,-0.00880439579486847
2879,1,0,0,1.169177532196045
2880,1,1,1,1.0194140672683716
2881,1,1,1,0.302763968706131
2882,1,1,1,-0.03358212858438492
2883,1,1,1,3.0278091430664062
2884,1,0,0,0.3427141606807709
2885,1,1,1,2.562260627746582
2886,1,0,0,0.18797335028648376
2887,1,1,1,0.3908262550830841
2888,1,0,0,0.44263747334480286
2889,1,1,1,1.7538866996765137
2890,1,1,1,0.5629631876945496
2891,1,0,0,3.7728497982025146
2892,1,1,1,0.08973611146211624
2893,1,0,0,0.3902300298213959
2894,1,0,0,0.9246701002120972
2895,1,0,0,0.1449851095676422
2896,1,0,0,-0.036799319088459015
2897,1,0,0,0.177606999874115
2898,1,1,1,3.5533735752105713
2899,1,1,1,3.1670005321502686
2900,1,0,0,2.661155939102173
2901,1,1,1,1.5255354642868042
2902,1,1,1,1.316800832748413
2903,1,1,1,0.8595396280288696
2904,1,1,1,-0.02654191106557846
2905,1,0,0,1.0810500383377075
2906,1,0,0,1.376308560371399
2907,1,0,0,0.03538506478071213
2908,1,1,1,3.0616044998168945
2909,1,1,1,4.122584819793701
2910,1,1,1,1.8487221002578735
2911,1,1,1,2.1521618366241455
2912,1,0,0,-0.12047892063856125
2913,1,1,1,2.8568854331970215
2914,1,1,1,3.2896928787231445
2915,1,1,1,3.3453664779663086
2916,1,0,0,0.3633396625518799
2917,1,1,1,0.6344325542449951
2918,1,0,0,0.02243366837501526
2919,1,1,1,1.1721149682998657
2920,1,1,1,1.3451014757156372
2921,1,1,1,-0.027801699936389923
2922,1,1,1,5.555104732513428
2923,1,1,1,3.275824785232544
2924,1,1,1,-0.05311758071184158
2925,1,1,1,0.6181207895278931
2926,1,0,0,0.57418292760849
2927,0,0,1,0.7345393300056458
2928,0,0,1,2.5798168182373047
2929,0,0,1,1.1240603923797607
2930,0,0,1,2.212027072906494
2931,0,0,1,4.068063259124756
2932,0,0,1,3.019779682159424
2933,0,0,1,0.9764736294746399
2934,0,1,0,0.11920138448476791
2935,0,0,1,0.983579695224762
2936,0,0,1,2.2397005558013916
2937,0,0,1,2.1516456604003906
2938,0,0,1,3.312119245529175
2939,0,0,1,4.504961967468262
2940,0,0,1,3.565849781036377
2941,0,0,1,4.455074787139893
2942,0,1,0,0.21558025479316711
2943,0,0,1,0.9865900874137878
2944,0,0,1,1.3175143003463745
2945,0,0,1,7.507391452789307
2946,0,0,1,4.416942596435547
2947,0,0,1,5.369166374206543
2948,0,0,1,6.031849384307861
2949,0,0,1,0.014628507196903229
2950,0,1,0,0.1946326494216919
2951,0,1,0,2.4934351444244385
2952,0,0,1,4.692081451416016
2953,0,0,1,4.439845561981201
2954,0,0,1,0.914246141910553
2955,0,0,1,3.7683584690093994
2956,0,0,1,4.667026042938232
2957,0,0,1,4.716517925262451
2958,0,0,1,0.7646841406822205
2959,0,0,1,4.316524982452393
2960,0,0,1,2.7345035076141357
2961,0,0,1,0.311901718378067
2962,0,0,1,1.3357396125793457
2963,0,0,1,1.2656036615371704
2964,0,0,1,1.7407487630844116
2965,0,0,1,0.5689788460731506
2966,0,0,1,3.913353204727173
2967,0,0,1,5.152952671051025
2968,0,0,1,1.2487164735794067
2969,0,0,1,1.0085350275039673
2970,0,0,1,3.211242914199829
2971,0,0,1,2.9490365982055664
2972,0,0,1,2.483461856842041
2973,0,0,1,2.3682305812835693
2974,0,0,1,1.7546910047531128
2975,0,0,1,4.414112567901611
2976,0,0,1,2.9527249336242676
2977,0,0,1,1.8962632417678833
2978,0,0,1,1.0489944219589233
2979,0,0,1,-0.02492302656173706
2980,0,0,1,2.339787006378174
2981,0,0,1,2.5566694736480713
2982,0,0,1,1.1520010232925415
2983,0,0,1,4.796419143676758
2984,0,0,1,1.7243388891220093
2985,0,0,1,1.1510857343673706
2986,0,0,1,0.6153935194015503
2987,0,0,1,0.22594133019447327
2988,0,0,1,0.9404654502868652
2989,0,1,0,3.185854434967041
2990,0,0,1,1.7714744806289673
2991,0,0,1,3.0423426628112793
2992,0,1,0,1.5138649940490723
2993,0,0,1,0.3347837030887604
2994,0,0,1,5.257203102111816
2995,0,1,0,-0.02088058739900589
2996,0,0,1,3.5112671852111816
2997,0,0,1,1.6207053661346436
2998,0,0,1,0.35578352212905884
2999,0,0,1,1.8062406778335571
3000,0,0,1,2.4654347896575928
3001,0,0,1,1.0957523584365845
3002,0,0,1,2.689473867416382
3003,0,0,1,1.9520270824432373
3004,0,0,1,2.6534173488616943
3005,0,0,1,4.241133213043213
3006,0,0,1,1.5684226751327515
3007,0,0,1,-0.028013981878757477
3008,0,1,0,0.17188945412635803
3009,0,0,1,0.7528025507926941
3010,0,1,0,0.18852263689041138
3011,0,0,1,2.405151605606079
3012,0,0,1,1.3255442380905151
3013,0,0,1,2.256640911102295
3014,0,0,1,0.19889169931411743
3015,0,1,0,1.879426121711731
3016,0,0,1,1.1274827718734741
3017,0,0,1,0.1583799421787262
3018,0,0,1,2.537984609603882
3019,0,0,1,0.28899893164634705
3020,0,0,1,3.0164966583251953
3021,0,0,1,0.94264155626297
3022,0,0,1,4.6102070808410645
3023,0,0,1,2.4964911937713623
3024,0,0,1,4.4986796379089355
3025,0,0,1,1.6260859966278076
3026,0,0,1,1.1495221853256226
3027,0,0,1,0.13559848070144653
3028,0,0,1,5.115816593170166
3029,0,0,1,6.142575740814209
3030,0,0,1,1.9541276693344116
3031,0,0,1,0.29682761430740356
3032,0,0,1,8.782818794250488
3033,0,0,1,0.07557995617389679
3034,0,0,1,4.399069786071777
3035,0,0,1,5.544463634490967
3036,0,0,1,1.6191364526748657
3037,0,0,1,5.41809606552124
3038,0,0,1,1.2984566688537598
3039,0,0,1,2.046525239944458
3040,0,0,1,3.821495294570923
3041,0,0,1,0.2934255599975586
3042,0,0,1,3.961407423019409
3043,0,0,1,2.40122389793396
3044,0,0,1,2.67402720451355
3045,0,0,1,2.179863452911377
3046,0,0,1,3.772486448287964
3047,0,0,1,0.8367965817451477
3048,0,0,1,3.2754199504852295
3049,0,0,1,6.136722087860107
3050,0,0,1,2.182704448699951
3051,0,0,1,3.791602611541748
3052,0,0,1,3.476592779159546
3053,0,0,1,3.309400796890259
3054,0,0,1,0.7446592450141907
3055,0,0,1,5.118473529815674
3056,0,0,1,4.22811222076416
3057,0,0,1,2.586827516555786
3058,0,0,1,0.0860946923494339
3059,0,0,1,2.5429422855377197
3060,0,0,1,0.8578647971153259
3061,0,1,0,0.5019299387931824
3062,0,0,1,0.05925364047288895
3063,0,0,1,0.1578720211982727
3064,0,0,1,1.9517053365707397
3065,0,0,1,4.837635040283203
3066,0,0,1,0.6188275814056396
3067,0,0,1,4.773313045501709
3068,0,0,1,1.4518519639968872
3069,0,0,1,0.5070048570632935
3070,0,0,1,2.7625880241394043
3071,0,0,1,4.593748092651367
3072,0,0,1,1.4281704425811768
3073,0,0,1,3.1604771614074707
3074,0,0,1,5.535872459411621
3075,0,0,1,2.5153486728668213
3076,0,0,1,0.38177964091300964
3077,0,1,0,1.2780648469924927
3078,0,0,1,2.9324705600738525
3079,0,0,1,2.445266008377075
3080,0,0,1,2.9074862003326416
3081,0,1,0,0.03240830451250076
3082,0,0,1,4.098792552947998
3083,0,0,1,1.8272298574447632
3084,0,1,0,0.9290275573730469
3085,0,0,1,0.6797365546226501
3086,0,0,1,1.2694205045700073
3087,0,0,1,3.2287991046905518
3088,0,0,1,0.6376532316207886
3089,0,0,1,4.594944477081299
3090,0,0,1,2.4136173725128174
3091,0,0,1,3.837801218032837
3092,0,0,1,4.715671062469482
3093,0,0,1,0.9155755043029785
3094,0,1,0,0.9551178812980652
3095,0,0,1,3.735029935836792
3096,0,1,0,0.5858405232429504
3097,0,0,1,2.817544460296631
3098,0,0,1,2.670642137527466
3099,0,0,1,4.637386798858643
3100,0,0,1,0.5249003171920776
3101,0,0,1,5.777164936065674
3102,0,1,0,-0.03520800173282623
3103,0,0,1,2.933685541152954
3104,0,0,1,3.076503038406372
3105,0,0,1,1.4404534101486206
3106,0,0,1,5.223793029785156
3107,0,0,1,2.2350447177886963
3108,0,0,1,4.4702324867248535
3109,0,0,1,0.7376406192779541
3110,0,0,1,1.285932183265686
3111,0,0,1,4.214126110076904
3112,0,0,1,1.4030100107192993
3113,0,0,1,2.750481367111206
3114,0,0,1,7.594423294067383
3115,0,0,1,2.648092031478882
3116,0,0,1,0.03231087327003479
3117,0,0,1,0.9788456559181213
3118,0,0,1,4.266453266143799
3119,0,0,1,5.105597496032715
3120,0,0,1,2.0927631855010986
3121,0,0,1,5.811728477478027
3122,0,0,1,2.662245988845825
3123,0,0,1,3.8516273498535156
3124,0,0,1,1.4262043237686157
3125,0,0,1,1.8126076459884644
3126,0,0,1,0.25898122787475586
3127,0,0,1,3.135969400405884
3128,0,0,1,2.0401804447174072
3129,0,0,1,4.142170429229736
3130,0,0,1,5.147139549255371
3131,0,0,1,2.4432289600372314
3132,0,0,1,1.2549008131027222
3133,0,0,1,1.4852720499038696
3134,0,0,1,3.712918281555176
3135,0,0,1,0.5967625975608826
3136,0,0,1,2.550663471221924
3137,0,0,1,0.8007225394248962
3138,0,0,1,5.677122592926025
3139,0,0,1,1.8116158246994019
3140,0,0,1,1.3243651390075684
3141,0,1,0,0.12141694873571396
3142,0,0,1,3.421149492263794
3143,0,0,1,7.540945529937744
3144,0,0,1,1.3270289897918701
3145,0,0,1,5.76956033706665
3146,0,0,1,8.494606018066406
3147,0,0,1,8.670354843139648
3148,0,0,1,4.764859676361084
3149,0,1,0,0.9334548115730286
3150,0,0,1,5.581516742706299
3151,0,0,1,1.5518639087677002
3152,0,0,1,4.541532039642334
3153,0,0,1,2.548713445663452
3154,0,0,1,2.9296514987945557
3155,0,0,1,3.5265674591064453
3156,0,1,0,0.045211441814899445
3157,0,0,1,0.35069647431373596
3158,0,0,1,5.85789155960083
3159,0,0,1,2.676387310028076
3160,0,0,1,2.7759737968444824
3161,0,0,1,3.6608588695526123
3162,0,0,1,2.038640260696411
3163,0,0,1,2.9922497272491455
3164,0,1,0,2.024526596069336
3165,0,0,1,2.085695505142212
3166,0,0,1,1.9735634326934814
3167,0,0,1,5.820329189300537
3168,0,0,1,3.6015238761901855
3169,0,0,1,1.2547475099563599
3170,0,0,1,2.5685322284698486
3171,0,1,0,0.3845071792602539
3172,0,0,1,2.4035093784332275
3173,0,1,0,0.690626859664917
3174,0,0,1,2.291160821914673
3175,0,0,1,1.7273746728897095
3176,0,0,1,3.6294291019439697
3177,0,0,1,3.6713240146636963
3178,0,0,1,2.167252540588379
3179,0,0,1,1.7747994661331177
3180,0,0,1,5.39631986618042
3181,0,0,1,2.5643904209136963
3182,0,0,1,4.8395514488220215
3183,0,0,1,3.294278621673584
3184,0,0,1,3.224294424057007
3185,0,0,1,4.66217041015625
3186,0,0,1,3.6899547576904297
3187,0,0,1,5.147866725921631
3188,0,0,1,0.019133873283863068
3189,0,0,1,0.8995468020439148
3190,0,0,1,1.1486724615097046
3191,0,0,1,1.997107744216919
3192,0,0,1,3.076396942138672
3193,0,0,1,2.684953451156616
3194,0,0,1,2.9806125164031982
3195,0,0,1,1.314494013786316
3196,0,0,1,0.7520447969436646
3197,0,0,1,5.039949893951416
3198,0,0,1,3.4975743293762207
3199,0,0,1,1.3281058073043823
3200,0,0,1,2.637882947921753
3201,0,0,1,1.3879889249801636
3202,0,1,0,0.19390079379081726
3203,0,0,1,3.2703607082366943
3204,0,0,1,2.1412060260772705
3205,0,0,1,2.839984178543091
3206,0,0,1,1.7644438743591309
3207,0,0,1,4.562377452850342
3208,0,0,1,4.93872594833374
3209,0,0,1,1.6749662160873413
3210,0,0,1,4.246281147003174
3211,0,0,1,6.766800403594971
3212,0,0,1,6.181776523590088
3213,0,0,1,4.077615261077881
3214,0,0,1,3.4811646938323975
3215,0,0,1,1.2964417934417725
3216,0,0,1,4.0552873611450195
3217,0,0,1,3.3068554401397705
3218,0,0,1,0.01569288969039917
3219,0,0,1,2.4965736865997314
3220,0,0,1,2.2750802040100098
3221,0,0,1,6.590009689331055
3222,0,0,1,2.2369728088378906
3223,0,0,1,1.8452140092849731
3224,0,0,1,2.540259599685669
3225,0,0,1,2.939948320388794
3226,0,0,1,4.213453769683838
3227,0,0,1,2.3510427474975586
3228,0,0,1,2.654818534851074
3229,0,0,1,0.20363128185272217
3230,0,0,1,2.6049087047576904
3231,0,0,1,3.6968443393707275
3232,0,0,1,2.5622329711914062
3233,0,0,1,5.096315383911133
3234,0,0,1,6.159365653991699
3235,0,0,1,5.422841548919678
3236,0,0,1,4.4052042961120605
3237,0,1,0,1.705459475517273
3238,0,0,1,1.162165880203247
3239,0,0,1,1.9807711839675903
3240,0,1,0,-0.03856047987937927
3241,0,0,1,5.594908237457275
3242,0,0,1,0.1380271017551422
3243,0,0,1,4.523031711578369
3244,0,0,1,2.639315128326416
3245,0,0,1,1.6340023279190063
3246,0,0,1,1.590180516242981
3247,0,0,1,2.455538749694824
3248,0,0,1,3.866126775741577
3249,0,0,1,4.703837871551514
3250,0,0,1,0.31119802594184875
3251,0,0,1,4.731690883636475
3252,0,0,1,3.799931287765503
3253,0,0,1,3.40207839012146
3254,0,0,1,0.9529828429222107
3255,0,0,1,4.197963714599609
3256,0,0,1,5.22369909286499
3257,0,0,1,2.5734055042266846
3258,0,0,1,5.3885626792907715
3259,0,0,1,4.060854434967041
3260,0,0,1,3.9623188972473145
3261,0,0,1,2.8242619037628174
3262,0,0,1,2.6205780506134033
3263,0,0,1,4.420091152191162
3264,0,0,1,1.6060436964035034
3265,0,0,1,4.775180816650391
3266,0,0,1,2.3979060649871826
3267,0,0,1,3.635425329208374
3268,0,0,1,0.9265732169151306
3269,0,0,1,3.337970495223999
3270,0,0,1,1.0432342290878296
3271,0,0,1,5.829799652099609
3272,0,0,1,0.9135947823524475
3273,0,0,1,5.955700397491455
3274,0,0,1,4.996591091156006
3275,0,0,1,0.724331796169281
3276,0,0,1,5.276248931884766
3277,0,0,1,2.435753583908081
3278,0,1,0,0.526222288608551
3279,0,0,1,1.9259876012802124
3280,0,0,1,0.07752010226249695
3281,0,0,1,0.9611750245094299
3282,0,1,0,0.5487375259399414
3283,0,1,0,0.6393216252326965
3284,0,0,1,5.034286022186279
3285,0,0,1,2.072878122329712
3286,0,0,1,1.4380172491073608
3287,0,0,1,3.1150615215301514
3288,1,0,0,3.378030300140381
3289,0,0,1,5.280806541442871
3290,0,0,1,6.766113758087158
3291,0,0,1,6.096161842346191
3292,0,0,1,0.3046788275241852
3293,0,0,1,4.58392858505249
3294,0,0,1,4.754419803619385
3295,0,0,1,0.9940260052680969
3296,0,0,1,0.31077006459236145
3297,0,0,1,1.845258116722107
3298,0,0,1,2.7695553302764893
3299,0,1,0,0.9406771063804626
3300,0,0,1,3.7485218048095703
3301,0,1,0,2.451948642730713
3302,0,0,1,2.743072271347046
3303,0,0,1,1.630250334739685
3304,0,0,1,3.5209624767303467
3305,0,0,1,3.1010782718658447
3306,0,0,1,4.153043746948242
3307,0,0,1,1.9021137952804565
3308,0,0,1,2.7785592079162598
3309,0,0,1,2.461557388305664
3310,0,0,1,5.567352771759033
3311,0,0,1,2.7465755939483643
3312,0,0,1,3.1703686714172363
3313,0,0,1,6.101317882537842
3314,0,0,1,1.4420576095581055
3315,0,0,1,3.459937810897827
3316,0,0,1,5.87965726852417
3317,0,0,1,0.20229926705360413
3318,0,0,1,3.7022922039031982
3319,0,0,1,3.640258550643921
3320,0,0,1,0.9923391938209534
3321,0,0,1,1.2787463665008545
3322,0,0,1,0.6748954653739929
3323,0,0,1,4.254358291625977
3324,0,0,1,1.97747004032135
3325,0,0,1,3.6030070781707764
3326,0,0,1,0.12319713085889816
3327,0,0,1,1.6992398500442505
3328,0,0,1,2.8458809852600098
3329,0,0,1,4.203314304351807
3330,0,0,1,3.5334839820861816
3331,0,0,1,1.387689471244812
3332,0,0,1,2.88437819480896
3333,0,0,1,2.78812313079834
3334,0,0,1,1.9321726560592651
3335,0,0,1,3.276524543762207
3336,0,0,1,0.6128695011138916
3337,0,0,1,2.0633509159088135
3338,0,0,1,3.8399057388305664
3339,0,0,1,4.698726177215576
3340,0,0,1,3.943631172180176
3341,0,0,1,3.0570223331451416
3342,0,0,1,3.9534549713134766
3343,0,0,1,1.6974023580551147
3344,0,0,1,1.6001931428909302
3345,0,0,1,4.749692440032959
3346,0,0,1,2.215205669403076
3347,0,0,1,3.3880815505981445
3348,0,0,1,1.3057136535644531
3349,0,0,1,7.016773700714111
3350,0,0,1,4.4566521644592285
3351,0,0,1,5.739469051361084
3352,0,0,1,1.9244492053985596
3353,0,0,1,5.223852634429932
3354,0,0,1,3.7036211490631104
3355,0,0,1,1.4399513006210327
3356,0,0,1,3.0810205936431885
3357,0,0,1,1.23764967918396
3358,0,0,1,0.40368300676345825
3359,0,0,1,2.9373104572296143
3360,0,1,0,0.5952943563461304
3361,0,0,1,1.6878777742385864
3362,0,0,1,1.2298784255981445
3363,0,0,1,2.342271089553833
3364,0,0,1,1.024337649345398
3365,0,0,1,2.9961676597595215
3366,0,1,0,1.410042405128479
3367,0,0,1,2.025012731552124
3368,0,0,1,1.9943928718566895
3369,0,0,1,7.282172679901123
3370,0,0,1,7.7650980949401855
3371,0,0,1,0.4516254961490631
3372,0,0,1,0.986798882484436
3373,0,0,1,2.3371593952178955
3374,0,0,1,6.238199710845947
3375,0,0,1,0.7155598402023315
3376,0,0,1,2.8900680541992188
3377,0,0,1,1.085646629333496
3378,0,0,1,2.469507932662964
3379,0,0,1,7.907264232635498
3380,0,0,1,3.766282081604004
3381,0,0,1,5.585425853729248
3382,0,0,1,8.4335298538208
3383,0,1,0,1.639778733253479
3384,0,0,1,2.468282699584961
3385,0,0,1,1.8117820024490356
3386,0,0,1,3.488368272781372
3387,0,0,1,2.706355333328247
3388,0,0,1,1.5750545263290405
3389,0,0,1,5.669129371643066
3390,0,0,1,1.6656028032302856
3391,0,0,1,4.925995826721191
3392,0,0,1,3.545372724533081
3393,0,1,0,0.11588417738676071
3394,0,0,1,2.5438177585601807
3395,0,0,1,2.7519237995147705
3396,0,0,1,3.5392279624938965
3397,0,0,1,0.8497391939163208
3398,0,0,1,1.2981823682785034
3399,0,1,0,0.6091784238815308
3400,0,0,1,2.895238161087036
3401,0,0,1,3.221036195755005
3402,0,0,1,4.228420257568359
3403,0,0,1,2.8814051151275635
3404,0,0,1,0.9741795063018799
3405,0,1,0,0.21817180514335632
3406,0,0,1,5.467372894287109
3407,0,0,1,2.3062469959259033
3408,0,0,1,7.80365514755249
3409,0,0,1,1.4866610765457153
3410,0,0,1,1.6676547527313232
3411,0,0,1,1.869454026222229
3412,0,0,1,2.0170834064483643
3413,0,0,1,4.4811506271362305
3414,0,0,1,0.47665300965309143
3415,0,0,1,1.9676357507705688
3416,0,1,0,0.4355296790599823
3417,0,0,1,0.3788602352142334
3418,0,0,1,1.4231692552566528
3419,0,0,1,3.499079465866089
3420,0,0,1,0.39898356795310974
3421,0,0,1,0.26301223039627075
3422,0,0,1,1.0240943431854248
3423,0,0,1,3.613069772720337
3424,0,0,1,1.4068340063095093
3425,0,0,1,0.9007256031036377
3426,0,0,1,2.300666093826294
3427,0,0,1,5.333804607391357
3428,0,0,1,2.2203571796417236
3429,0,1,0,2.7191762924194336
3430,0,0,1,2.403268575668335
3431,0,0,1,3.554818868637085
3432,0,0,1,3.285679578781128
3433,0,0,1,5.393929958343506
3434,0,1,0,0.18145719170570374
3435,0,0,1,5.477569103240967
3436,0,0,1,1.5565930604934692
3437,0,0,1,4.505036354064941
3438,0,0,1,4.254470348358154
3439,0,1,0,0.10546012967824936
3440,0,0,1,4.73464822769165
3441,0,0,1,2.106564521789551
3442,0,0,1,5.442460536956787
3443,0,0,1,4.690621852874756
3444,0,0,1,1.3773423433303833
3445,0,0,1,0.21646472811698914
3446,0,0,1,2.4272847175598145
3447,0,0,1,0.5785691142082214
3448,0,0,1,1.1531754732131958
3449,0,0,1,2.4040496349334717
3450,0,0,1,3.0611886978149414
3451,0,0,1,2.6029586791992188
3452,0,0,1,5.022765159606934
3453,0,0,1,4.0886359214782715
3454,0,0,1,2.306389093399048
3455,0,0,1,2.697049617767334
3456,0,0,1,0.38079333305358887
3457,0,0,1,1.922603964805603
3458,0,1,0,1.27845299243927
3459,0,0,1,0.1374737024307251
3460,0,0,1,4.460485458374023
3461,0,0,1,3.48060941696167
3462,0,0,1,3.808913469314575
3463,0,0,1,5.561237812042236
3464,0,0,1,0.6152508854866028
3465,0,0,1,0.6150619983673096
3466,0,0,1,1.5027416944503784
3467,0,0,1,1.7869728803634644
3468,0,0,1,0.1984008550643921
3469,0,1,0,0.2008807361125946
3470,0,0,1,2.170656442642212
3471,0,0,1,1.4476375579833984
3472,0,0,1,1.168542742729187
3473,0,0,1,2.020725727081299
3474,0,1,0,0.0527581125497818
3475,0,1,0,3.056525468826294
3476,0,0,1,1.9510458707809448
3477,0,1,0,0.23526117205619812
3478,0,0,1,2.1122963428497314
3479,0,0,1,2.247382640838623
3480,0,0,1,1.4655874967575073
3481,0,0,1,2.863150119781494
3482,0,1,0,1.3282440900802612
3483,0,1,0,0.9156185388565063
3484,0,1,0,0.044584885239601135
3485,0,0,1,4.3865532875061035
3486,0,0,1,3.536175489425659
3487,0,0,1,1.0808709859848022
3488,0,0,1,0.7390962243080139
3489,0,0,1,3.2163519859313965
3490,0,1,0,0.2895778715610504
3491,0,0,1,1.3554695844650269
3492,0,0,1,1.6592410802841187
3493,0,0,1,4.126876354217529
3494,0,0,1,2.473834991455078
3495,0,0,1,4.042931079864502
3496,0,0,1,0.882778525352478
3497,0,0,1,1.4987586736679077
3498,0,0,1,2.1006906032562256
3499,0,0,1,0.6791706681251526
3500,0,0,1,1.2268435955047607
3501,0,1,0,0.12663012742996216
3502,0,1,0,1.1865781545639038
3503,0,0,1,0.5637432336807251
3504,0,0,1,0.03189939260482788
3505,0,0,1,1.7027671337127686
3506,0,0,1,1.1887078285217285
3507,0,1,0,0.8424367308616638
3508,0,1,0,0.15086615085601807
3509,0,0,1,0.3030346632003784
3510,0,0,1,-0.038387760519981384
3511,0,0,1,0.7142711281776428
3512,0,0,1,0.2282373011112213
3513,0,0,1,2.4987523555755615
3514,0,0,1,0.5080723166465759
3515,0,1,0,0.4056577980518341
3516,0,0,1,1.9082483053207397
3517,0,1,0,0.12515997886657715
3518,0,1,0,1.4591879844665527
3519,0,0,1,0.029489610344171524
3520,0,0,1,0.3541663885116577
3521,0,1,0,1.4270849227905273
3522,0,0,1,0.810972273349762
3523,0,0,1,0.7719957232475281
3524,0,0,1,0.22529375553131104
3525,0,1,0,1.3522106409072876
3526,0,1,0,0.19182956218719482
3527,0,0,1,2.633671998977661
3528,0,0,1,1.5226081609725952
3529,0,0,1,2.944185733795166
3530,0,1,0,0.4156606197357178
3531,0,0,1,1.9280650615692139
3532,0,0,1,0.9387032389640808
3533,0,0,1,1.5082186460494995
3534,0,0,1,2.09977126121521
3535,0,0,1,2.684020757675171
3536,0,0,1,1.9025890827178955
3537,0,0,1,4.473820209503174
3538,0,0,1,-0.0055222287774086
3539,0,0,1,3.5680291652679443
3540,0,0,1,2.786813735961914
3541,0,0,1,0.8181275725364685
3542,0,1,0,1.3554002046585083
3543,0,0,1,2.51412296295166
3544,0,0,1,1.0546717643737793
3545,0,0,1,2.998178482055664
3546,0,0,1,0.016983911395072937
3547,0,1,0,2.6775903701782227
3548,0,1,0,0.46318188309669495
3549,0,0,1,5.359071254730225
3550,0,1,0,1.0099925994873047
3551,0,0,1,0.5233422517776489
3552,0,0,1,1.7596741914749146
3553,0,0,1,3.0702340602874756
3554,0,0,1,3.4883968830108643
3555,0,1,0,1.8148616552352905
3556,0,0,1,4.967230319976807
3557,0,0,1,0.8543558716773987
3558,0,0,1,0.1666060984134674
3559,0,0,1,1.3699015378952026
3560,0,0,1,4.757749557495117
3561,0,0,1,4.039320945739746
3562,0,0,1,2.1092560291290283
3563,0,0,1,1.1601508855819702
3564,0,1,0,0.8611677885055542
3565,0,0,1,0.6693654656410217
3566,0,0,1,0.3104109466075897
3567,0,0,1,1.239355206489563
3568,0,0,1,1.9876766204833984
3569,0,0,1,1.6061313152313232
3570,0,0,1,0.23337769508361816
3571,0,0,1,2.2643091678619385
3572,0,0,1,0.14804330468177795
3573,0,0,1,1.1782251596450806
3574,0,0,1,1.516075611114502
3575,0,0,1,1.5676125288009644
3576,0,0,1,0.20808270573616028
3577,0,0,1,2.9424898624420166
3578,0,0,1,4.063356399536133
3579,0,0,1,3.3592770099639893
3580,0,0,1,3.9427738189697266
3581,0,0,1,0.17566847801208496
3582,0,1,0,0.4399307072162628
3583,0,0,1,5.86541223526001
3584,0,1,0,0.39865800738334656
3585,0,0,1,1.6033079624176025
3586,0,0,1,2.123701333999634
3587,0,1,0,1.4707579612731934
3588,0,0,1,2.920315980911255
3589,0,0,1,0.7217040657997131
3590,0,0,1,1.622300386428833
3591,0,0,1,0.6245614290237427
3592,0,0,1,2.279127597808838
3593,0,0,1,3.756443738937378
3594,0,1,0,1.3051717281341553
3595,0,0,1,0.35617008805274963
3596,0,0,1,4.749416351318359
3597,0,0,1,0.4680551290512085
3598,0,0,1,3.4061410427093506
3599,0,0,1,3.0590550899505615
3600,0,0,1,0.5925679206848145
3601,0,0,1,3.3677356243133545
3602,0,0,1,0.7201988101005554
3603,0,0,1,2.2754862308502197
3604,0,0,1,1.9058068990707397
3605,0,0,1,1.788624882698059
3606,0,1,0,0.4798941910266876
3607,0,0,1,0.40970873832702637
3608,0,0,1,2.694888114929199
3609,0,0,1,4.827613353729248
3610,0,0,1,3.838054895401001
3611,0,0,1,1.8595871925354004
3612,0,0,1,1.8875454664230347
3613,0,0,1,5.426431655883789
3614,0,0,1,3.709249973297119
3615,0,1,0,2.369924545288086
3616,0,0,1,0.32086285948753357
3617,0,1,0,0.4622432291507721
3618,0,0,1,0.1592162847518921
3619,0,0,1,1.9747611284255981
3620,0,1,0,2.153942108154297
3621,0,1,0,0.5999718904495239
3622,0,1,0,0.6844274401664734
3623,0,0,1,2.3800065517425537
3624,0,1,0,-0.017572671175003052
3625,0,0,1,0.25527381896972656
3626,0,1,0,0.9821029901504517
3627,0,0,1,2.5836150646209717
3628,0,1,0,0.30692771077156067
3629,0,0,1,1.587735652923584
3630,0,0,1,0.10681487619876862
3631,0,0,1,1.756024718284607
3632,0,0,1,2.1800296306610107
3633,0,0,1,1.6508452892303467
3634,0,0,1,2.344435453414917
3635,0,1,0,-0.004210323095321655
3636,0,0,1,2.4854719638824463
3637,0,0,1,1.8694243431091309
3638,0,0,1,3.0188169479370117
3639,0,1,0,1.996566653251648
3640,0,0,1,-0.020034268498420715
3641,0,0,1,1.0126935243606567
3642,0,0,1,3.283038854598999
3643,0,0,1,2.559535264968872
3644,0,0,1,1.3335078954696655
3645,0,1,0,1.2226322889328003
3646,0,0,1,1.8243402242660522
3647,0,0,1,1.8151026964187622
3648,0,0,1,4.031718730926514
3649,0,0,1,0.7721453905105591
3650,0,0,1,-0.03853379935026169
3651,0,0,1,4.802624225616455
3652,0,0,1,2.8025577068328857
3653,0,0,1,0.61925208568573
3654,0,0,1,2.1826555728912354
3655,0,0,1,3.17754864692688
3656,0,0,1,1.4861118793487549
3657,0,0,1,2.5536487102508545
3658,0,0,1,3.6097185611724854
3659,0,0,1,2.6885435581207275
3660,0,0,1,2.9128592014312744
3661,0,0,1,2.5503790378570557
3662,0,0,1,4.444538593292236
3663,0,0,1,0.23088690638542175
3664,0,0,1,1.8936649560928345
3665,0,0,1,1.8787546157836914
3666,0,0,1,0.09765689074993134
3667,0,1,0,0.24790403246879578
3668,0,0,1,5.594350337982178
3669,0,0,1,3.373448610305786
3670,0,0,1,1.9138078689575195
3671,0,0,1,1.6991512775421143
3672,0,0,1,2.305041551589966
3673,0,0,1,3.7774300575256348
3674,0,1,0,0.1975405216217041
3675,0,0,1,1.2174369096755981
3676,0,0,1,0.4644416272640228
3677,0,0,1,2.164693832397461
3678,0,1,0,0.9699827432632446
3679,0,0,1,0.4472038447856903
3680,0,0,1,2.0842044353485107
3681,0,0,1,0.9187412858009338
3682,0,0,1,0.08248960226774216
3683,0,0,1,4.270928859710693
3684,0,0,1,3.1240668296813965
3685,0,0,1,0.3305511772632599
3686,0,0,1,2.8537485599517822
3687,0,0,1,1.5720181465148926
3688,0,0,1,1.5435621738433838
3689,0,0,1,0.5469785928726196
3690,0,0,1,2.291142225265503
3691,0,0,1,2.2508537769317627
3692,0,0,1,1.8984099626541138
3693,0,1,0,0.9183815717697144
3694,0,0,1,1.4102966785430908
3695,0,0,1,1.5230246782302856
3696,0,0,1,0.37627920508384705
3697,0,0,1,0.5479101538658142
3698,0,0,1,1.0361363887786865
3699,0,0,1,3.663195848464966
3700,0,0,1,1.438686490058899
3701,0,1,0,0.4597005546092987
3702,0,0,1,0.7840726375579834
3703,0,0,1,0.10172686725854874
3704,0,0,1,0.9602195620536804
3705,0,0,1,2.728349447250366
3706,0,0,1,4.0163726806640625
3707,0,0,1,2.531975030899048
3708,0,0,1,0.7414499521255493
3709,0,1,0,1.6209300756454468
3710,0,0,1,0.03970187157392502
3711,0,0,1,2.5168545246124268
3712,0,0,1,3.749979019165039
3713,0,1,0,0.2298935055732727
3714,0,0,1,1.4633363485336304
3715,0,0,1,1.1384931802749634
3716,0,0,1,0.5265021920204163
3717,0,0,1,2.014742136001587
3718,0,0,1,2.262310266494751
3719,0,0,1,0.5744471549987793
3720,0,0,1,1.3151544332504272
3721,0,0,1,0.7586504220962524
3722,0,1,0,-0.010944589972496033
3723,0,0,1,3.1389286518096924
3724,0,1,0,1.1570435762405396
3725,0,0,1,1.1055266857147217
3726,0,1,0,1.0982376337051392
3727,0,0,1,2.679802179336548
3728,0,0,1,2.1134345531463623
3729,0,0,1,3.5129430294036865
3730,0,0,1,3.3040428161621094
3731,0,0,1,3.411175012588501
3732,0,0,1,1.8967660665512085
3733,0,0,1,0.7696060538291931
3734,0,0,1,6.735473155975342
3735,0,0,1,0.8511609435081482
3736,0,0,1,2.4938783645629883
3737,0,0,1,1.2822786569595337
3738,0,0,1,3.2879815101623535
3739,0,0,1,1.4499603509902954
3740,0,0,1,1.1627418994903564
3741,0,0,1,3.407149076461792
3742,0,1,0,0.049895934760570526
3743,0,0,1,2.1716666221618652
3744,0,0,1,1.405042290687561
3745,0,0,1,3.539149045944214
3746,0,0,1,1.2999873161315918
3747,0,1,0,1.3768514394760132
3748,0,0,1,0.8576927781105042
3749,0,0,1,0.8075140118598938
3750,0,0,1,0.46454674005508423
3751,0,0,1,2.4459757804870605
3752,0,1,0,0.31238463521003723
3753,0,0,1,2.315528631210327
3754,0,0,1,2.669123411178589
3755,0,0,1,2.481281042098999
3756,0,0,1,0.357453852891922
3757,0,1,0,0.4504947066307068
3758,0,0,1,0.49078378081321716
3759,0,0,1,0.5074812173843384
3760,0,0,1,3.0406506061553955
3761,0,0,1,4.274301052093506
3762,0,1,0,1.8910390138626099
3763,0,0,1,0.7524990439414978
3764,0,0,1,0.32171085476875305
3765,0,0,1,1.3261076211929321
3766,0,0,1,1.1805015802383423
3767,0,0,1,0.45946475863456726
3768,0,0,1,3.5362203121185303
3769,0,0,1,0.5512515306472778
3770,0,0,1,1.7526031732559204
3771,0,1,0,1.1284502744674683
3772,0,0,1,2.6158127784729004
3773,0,0,1,2.5234787464141846
3774,0,1,0,0.3160359561443329
3775,0,1,0,0.7095040082931519
3776,0,1,0,0.7677347660064697
3777,0,0,1,0.020873412489891052
3778,0,0,1,1.6559361219406128
3779,0,0,1,-0.042061902582645416
3780,0,1,0,-0.07603864371776581
3781,0,0,1,1.2487038373947144
3782,0,0,1,1.0897349119186401
3783,0,1,0,-0.02363840490579605
3784,0,0,1,3.443513870239258
3785,0,0,1,0.9895802140235901
3786,0,0,1,1.180743932723999
3787,0,0,1,1.6682018041610718
3788,0,1,0,0.4327664375305176
3789,0,0,1,0.5373007655143738
3790,0,0,1,2.9229934215545654
3791,0,0,1,1.0989810228347778
3792,0,1,0,0.18766561150550842
3793,0,0,1,4.098595142364502
3794,0,0,1,5.170055866241455
3795,0,0,1,0.07581446319818497
3796,0,1,0,1.453680396080017
3797,0,0,1,1.9450300931930542
3798,0,1,0,1.3156239986419678
3799,0,0,1,1.1289608478546143
3800,0,0,1,0.6714552044868469
3801,0,1,0,0.024160750210285187
3802,0,0,1,0.6873228549957275
3803,0,0,1,2.107732057571411
3804,0,0,1,4.644318580627441
3805,0,1,0,0.37633875012397766
3806,0,0,1,2.2495596408843994
3807,0,0,1,0.5195633769035339
3808,0,1,0,1.0837944746017456
3809,0,0,1,4.073994159698486
3810,0,0,1,2.4805643558502197
3811,0,0,1,1.4807859659194946
3812,0,1,0,1.7596513032913208
3813,0,0,1,0.4180378019809723
3814,0,1,0,0.18418848514556885
3815,0,0,1,1.7128952741622925
3816,0,0,1,1.2089470624923706
3817,0,0,1,0.2874205410480499
3818,0,0,1,1.0848647356033325
3819,0,0,1,2.356680393218994
3820,0,0,1,1.4967535734176636
3821,0,1,0,1.8679898977279663
3822,0,0,1,1.5016849040985107
3823,0,0,1,-0.015720658004283905
3824,0,1,0,0.27959656715393066
3825,0,0,1,0.016447000205516815
3826,0,0,1,2.9579854011535645
3827,0,1,0,0.8553330302238464
3828,0,0,1,1.4636529684066772
3829,0,0,1,2.0460212230682373
3830,0,1,0,0.6415470838546753
3831,0,1,0,0.013817161321640015
3832,0,0,1,4.422731876373291
3833,0,0,1,2.5124151706695557
3834,0,0,1,3.07466721534729
3835,0,0,1,0.4572302997112274
3836,0,1,0,-0.1314132809638977
3837,0,0,1,3.4644668102264404
3838,0,0,1,3.0345799922943115
3839,0,1,0,1.2579947710037231
3840,0,1,0,0.040659837424755096
3841,0,0,1,2.2534098625183105
3842,0,0,1,4.8447041511535645
3843,0,1,0,0.492283433675766
3844,0,0,1,2.756767749786377
3845,0,1,0,1.2531367540359497
3846,0,1,0,1.436025857925415
3847,0,0,1,2.1440441608428955
3848,0,0,1,1.3494505882263184
3849,0,1,0,0.3187677562236786
3850,0,0,1,0.3958163559436798
3851,0,0,1,0.9592092037200928
3852,0,0,1,3.957446336746216
3853,0,0,1,2.490924596786499
3854,0,0,1,0.9084760546684265
3855,0,0,1,0.10080926865339279
3856,0,1,0,1.5980356931686401
3857,0,0,1,2.1074206829071045
3858,0,0,1,2.47792649269104
3859,0,1,0,0.2738315165042877
3860,0,0,1,1.924439787864685
3861,0,0,1,0.6492025852203369
3862,0,0,1,0.16558009386062622
3863,0,0,1,0.2922620475292206
3864,0,0,1,0.6071333289146423
3865,0,1,0,2.7181854248046875
3866,0,0,1,0.6776431202888489
3867,0,1,0,-0.014409340918064117
3868,0,0,1,0.6808733940124512
3869,0,0,1,0.7518587708473206
3870,0,0,1,4.850275993347168
3871,0,1,0,0.49676719307899475
3872,0,0,1,2.344895839691162
3873,0,0,1,0.13524483144283295
3874,0,0,1,2.271253824234009
3875,0,0,1,3.693002462387085
3876,0,0,1,5.507801532745361
3877,0,1,0,1.8430674076080322
3878,0,1,0,0.17494970560073853
3879,0,0,1,1.1625944375991821
3880,0,0,1,2.985368251800537
3881,0,1,0,0.18020668625831604
3882,0,1,0,-0.04802259802818298
3883,0,0,1,4.187861919403076
3884,0,0,1,3.7069265842437744
3885,0,0,1,0.17238077521324158
3886,0,1,0,0.6787338256835938
3887,0,1,0,0.27255406975746155
3888,0,0,1,3.6824796199798584
3889,0,0,1,0.8786880373954773
3890,0,0,1,1.2385828495025635
3891,0,0,1,2.5162246227264404
3892,0,0,1,1.9566246271133423
3893,0,0,1,1.350221037864685
3894,0,1,0,0.13902080059051514
3895,0,0,1,2.8103830814361572
3896,0,0,1,2.8720812797546387
3897,0,0,1,0.817313015460968
3898,0,0,1,-0.053139157593250275
3899,0,1,0,1.594391107559204
3900,0,0,1,0.6815419793128967
3901,0,1,0,1.4155610799789429
3902,0,0,1,0.508820116519928
3903,0,0,1,1.1693236827850342
3904,0,1,0,0.2836160659790039
3905,0,1,0,1.0553406476974487
3906,0,0,1,2.0784761905670166
3907,0,1,0,1.7551294565200806
3908,0,1,0,0.8477216958999634
3909,0,0,1,2.1014440059661865
3910,0,0,1,3.072474956512451
3911,0,0,1,0.41242656111717224
3912,0,0,1,2.779249429702759
3913,0,0,1,-0.019395917654037476
3914,0,0,1,4.00999641418457
3915,0,0,1,2.288990020751953
3916,0,0,1,1.582133412361145
3917,0,0,1,2.2915377616882324
3918,0,0,1,2.4586551189422607
3919,0,0,1,1.9035786390304565
3920,0,0,1,1.2182632684707642
3921,0,1,0,0.4133239984512329
3922,0,0,1,2.8093018531799316
3923,0,1,0,1.1025662422180176
3924,0,0,1,3.158923864364624
3925,0,0,1,5.770936489105225
3926,0,0,1,2.601510524749756
3927,0,0,1,2.7064507007598877
3928,0,0,1,0.7816656231880188
3929,0,0,1,5.9161858558654785
3930,0,0,1,2.4312188625335693
3931,0,0,1,0.9207819700241089
3932,0,0,1,0.8331711292266846
3933,0,0,1,2.95707368850708
3934,0,0,1,2.239924907684326
3935,0,0,1,1.2360167503356934
3936,0,1,0,0.49014708399772644
3937,0,0,1,1.8051353693008423
3938,0,1,0,0.11199521273374557
3939,0,0,1,0.6918667554855347
3940,0,1,0,1.5797160863876343
3941,0,1,0,2.9586164951324463
3942,0,0,1,3.500340223312378
3943,0,1,0,0.8857071995735168
3944,0,1,0,0.8754799962043762
3945,0,0,1,1.0243802070617676
3946,0,0,1,2.3797175884246826
3947,0,0,1,7.764901638031006
3948,0,0,1,1.2367644309997559
3949,0,0,1,-0.02110014110803604
3950,0,0,1,0.026449687778949738
3951,0,0,1,-0.005145959556102753
3952,0,1,0,0.614419162273407
3953,0,0,1,3.302696466445923
3954,0,0,1,5.003100872039795
3955,0,1,0,0.6614702939987183
3956,0,0,1,2.123352527618408
3957,0,0,1,3.1483678817749023
3958,0,0,1,2.007917881011963
3959,0,0,1,0.8338363170623779
3960,0,0,1,0.05818589776754379
3961,0,0,1,-0.02422584593296051
3962,0,0,1,-0.04398464411497116
3963,0,0,1,1.1719332933425903
3964,0,1,0,0.48725321888923645
3965,0,0,1,2.960548162460327
3966,0,0,1,2.5245397090911865
3967,0,0,1,1.1134504079818726
3968,0,1,0,-0.04874815419316292
3969,0,0,1,1.2848998308181763
3970,0,0,1,3.569664716720581
3971,0,1,0,0.7326767444610596
3972,0,0,1,4.939570903778076
3973,0,0,1,1.4807175397872925
3974,0,1,0,0.8026948571205139
3975,0,0,1,0.9004857540130615
3976,0,0,1,3.3661882877349854
3977,0,0,1,2.0569827556610107
3978,0,0,1,1.3103837966918945
3979,0,0,1,1.9464763402938843
3980,0,0,1,2.7904977798461914
3981,0,0,1,4.8119072914123535
3982,0,0,1,2.7903130054473877
3983,0,0,1,0.7203463912010193
3984,0,1,0,0.18406608700752258
3985,0,0,1,0.6750524044036865
3986,0,0,1,3.4621903896331787
3987,0,0,1,2.0352139472961426
3988,0,0,1,1.5967639684677124
3989,0,0,1,2.1537184715270996
3990,0,0,1,1.8151816129684448
3991,0,0,1,1.6515709161758423
3992,0,0,1,2.120551824569702
3993,0,0,1,2.3419954776763916
3994,0,1,0,0.16646471619606018
3995,0,0,1,1.621479868888855
3996,0,0,1,3.8913309574127197
3997,0,0,1,0.8792200684547424
3998,0,0,1,1.8954899311065674
3999,0,0,1,2.6935863494873047
4000,0,0,1,0.34113025665283203
4001,0,0,1,0.6141055226325989
4002,0,0,1,1.3290749788284302
4003,0,0,1,0.10520512610673904
4004,0,0,1,2.151123523712158
4005,0,0,1,1.929330587387085
4006,0,0,1,2.9232709407806396
4007,0,0,1,2.9081103801727295
4008,0,0,1,0.712296724319458
4009,0,0,1,1.2563954591751099
4010,0,0,1,0.8926482796669006
4011,0,0,1,1.015020489692688
4012,0,0,1,3.4766786098480225
4013,0,0,1,0.26382383704185486
4014,0,0,1,1.7841488122940063
4015,0,0,1,1.413105845451355
4016,0,1,0,0.5733249187469482
4017,0,0,1,4.398477077484131
4018,0,0,1,3.174527168273926
4019,0,0,1,2.956611156463623
4020,0,0,1,5.39215612411499
4021,0,0,1,4.567356586456299
4022,0,0,1,2.6598188877105713
4023,0,0,1,0.454049676656723
4024,0,0,1,3.817331552505493
4025,0,0,1,2.2845101356506348
4026,0,0,1,3.4895238876342773
4027,0,0,1,2.8129403591156006
4028,0,0,1,5.275192737579346
4029,0,0,1,-0.0936630442738533
4030,0,1,0,0.6240353584289551
4031,0,0,1,0.9854894280433655
4032,0,0,1,3.392240285873413
4033,0,1,0,0.27582505345344543
4034,0,1,0,0.0477399006485939
4035,0,0,1,3.643522262573242
4036,0,0,1,3.3551156520843506
4037,0,0,1,2.5430386066436768
4038,0,0,1,2.0390512943267822
4039,0,0,1,4.028312683105469
4040,0,0,1,3.797365427017212
4041,0,0,1,3.1168506145477295
4042,0,0,1,0.8266287446022034
4043,0,0,1,3.1330885887145996
4044,0,0,1,5.370683670043945
4045,0,0,1,2.59963059425354
4046,0,0,1,3.5477590560913086
4047,0,0,1,4.039744853973389
4048,0,1,0,-0.06345032155513763
4049,0,0,1,4.815462112426758
4050,0,0,1,1.9518678188323975
4051,0,0,1,0.7679392099380493
4052,0,0,1,2.957516670227051
4053,0,0,1,3.457845449447632
4054,0,0,1,3.9958384037017822
4055,0,0,1,4.542929649353027
4056,0,0,1,2.7693169116973877
4057,0,0,1,1.2606720924377441
4058,0,0,1,1.3554655313491821
4059,0,0,1,3.297421932220459
4060,0,0,1,3.094034194946289
4061,0,0,1,2.3611652851104736
4062,0,0,1,0.17695564031600952
4063,0,1,0,1.3858768939971924
4064,0,0,1,1.0082050561904907
4065,0,0,1,1.8688393831253052
4066,0,0,1,3.4128684997558594
4067,0,0,1,0.4664076268672943
4068,0,0,1,0.1350829303264618
4069,0,0,1,0.9953665137290955
4070,0,0,1,2.1412880420684814
4071,0,1,0,-0.15418541431427002
4072,0,0,1,2.264671564102173
4073,0,0,1,5.583212375640869
4074,0,0,1,2.315685510635376
4075,0,0,1,1.723643183708191
4076,0,1,0,2.0950655937194824
4077,0,0,1,0.02049580216407776
4078,0,0,1,1.186050534248352
4079,0,1,0,0.04142748564481735
4080,0,0,1,0.18073979020118713
4081,0,0,1,2.5707883834838867
4082,0,0,1,3.7040979862213135
4083,0,0,1,4.030839443206787
4084,0,0,1,2.0318567752838135
4085,0,0,1,3.108574390411377
4086,0,0,1,0.6135520339012146
4087,0,0,1,2.8558363914489746
4088,0,0,1,2.4186294078826904
4089,0,0,1,2.492069959640503
4090,0,1,0,0.10823709517717361
4091,0,0,1,1.4408642053604126
4092,0,0,1,0.04259093850851059
4093,0,0,1,2.487691640853882
4094,0,0,1,5.5044636726379395
4095,0,0,1,-0.05363234132528305
4096,0,0,1,3.4211699962615967
4097,0,1,0,1.4306501150131226
4098,0,0,1,2.4568474292755127
4099,0,0,1,1.2785197496414185
4100,0,0,1,3.0012638568878174
4101,0,0,1,4.275310039520264
4102,0,1,0,1.252016544342041
4103,0,1,0,2.1377649307250977
4104,0,0,1,1.7785766124725342
4105,0,0,1,2.660459518432617
4106,0,0,1,1.9399086236953735
4107,0,0,1,5.902459621429443
4108,0,0,1,4.396670341491699
4109,0,0,1,2.48380446434021
4110,0,0,1,1.5345364809036255
4111,0,0,1,2.9771549701690674
4112,0,0,1,1.9322733879089355
4113,0,1,0,2.1518073081970215
4114,0,0,1,0.5207116007804871
4115,0,1,0,0.2597091794013977
4116,0,0,1,1.6335293054580688
4117,0,0,1,0.4115121364593506
4118,0,0,1,1.9322737455368042
4119,0,0,1,1.8383207321166992
4120,0,0,1,1.7797222137451172
4121,0,0,1,1.672697901725769
4122,0,0,1,2.9078242778778076
4123,0,1,0,0.5132877826690674
4124,0,0,1,1.546583890914917
4125,0,0,1,0.9077557921409607
4126,0,0,1,1.7038685083389282
4127,0,0,1,3.6418464183807373
4128,0,0,1,2.991049289703369
4129,0,1,0,-0.019480042159557343
4130,0,0,1,3.74117112159729
4131,0,0,1,5.317059516906738
4132,0,1,0,0.9428607225418091
4133,0,0,1,0.05408445745706558
4134,0,0,1,3.0373551845550537
4135,0,0,1,0.30760887265205383
4136,0,0,1,6.50874137878418
4137,0,0,1,4.277354717254639
4138,0,0,1,0.9816901087760925
4139,0,0,1,0.3395065367221832
4140,0,0,1,0.921400249004364
4141,0,0,1,1.6468992233276367
4142,0,0,1,3.046685218811035
4143,0,0,1,-0.050008587539196014
4144,0,0,1,1.8674217462539673
4145,0,0,1,2.3636014461517334
4146,0,0,1,2.25146484375
4147,0,1,0,0.4078737199306488
4148,0,1,0,0.7406004667282104
4149,0,0,1,1.0760420560836792
4150,0,0,1,2.118878126144409
4151,0,1,0,0.8292349576950073
4152,0,0,1,1.3538148403167725
4153,0,1,0,1.334205985069275
4154,0,0,1,3.0497992038726807
4155,0,0,1,2.4006025791168213
4156,0,1,0,0.9630967378616333
4157,0,0,1,0.6921301484107971
4158,0,0,1,0.7576466202735901
4159,0,0,1,1.7973214387893677
4160,0,1,0,0.16000580787658691
4161,0,0,1,0.9927226901054382
4162,0,0,1,3.1360158920288086
4163,0,0,1,2.1333281993865967
4164,0,0,1,1.1985989809036255
4165,0,0,1,3.2966420650482178
4166,0,0,1,0.17747610807418823
4167,0,0,1,2.666255235671997
4168,0,0,1,0.18276149034500122
4169,0,1,0,0.5868505239486694
4170,0,0,1,3.6289255619049072
4171,0,0,1,-0.004226885735988617
4172,0,0,1,0.25121355056762695
4173,0,0,1,0.6376014947891235
4174,0,0,1,-0.022990934550762177
4175,0,0,1,2.94590163230896
4176,0,0,1,1.7121719121932983
4177,0,0,1,1.333699107170105
4178,0,0,1,1.2610812187194824
4179,0,0,1,0.3273254930973053
4180,0,0,1,0.7051058411598206
4181,0,0,1,0.7573728561401367
4182,0,1,0,2.6608126163482666
4183,0,0,1,0.9063330292701721
4184,0,1,0,0.3491770327091217
4185,0,0,1,3.7749788761138916
4186,0,0,1,1.3049570322036743
4187,0,0,1,2.159539222717285
4188,0,1,0,0.6307356357574463
4189,0,1,0,1.435983657836914
4190,0,0,1,1.6932348012924194
4191,0,0,1,0.6197944283485413
4192,0,0,1,0.02881549298763275
4193,0,0,1,-0.06589242070913315
4194,0,0,1,3.5438015460968018
4195,0,1,0,0.11715271323919296
4196,0,0,1,0.8280882835388184
4197,0,0,1,0.8807483315467834
4198,0,1,0,0.3105573356151581
4199,0,0,1,1.1297342777252197
4200,0,0,1,0.03205150365829468
4201,0,0,1,1.514853596687317
4202,0,1,0,0.9760369062423706
4203,0,0,1,1.0427254438400269
4204,0,0,1,0.9423555135726929
4205,0,0,1,0.7587351202964783
4206,0,1,0,0.03558679670095444
4207,0,0,1,1.31107759475708
4208,0,0,1,1.6168742179870605
4209,0,0,1,1.0359257459640503
4210,0,0,1,0.9864048957824707
4211,0,1,0,0.329509973526001
4212,0,0,1,2.260925769805908
4213,0,1,0,0.608086347579956
4214,0,1,0,0.7559699416160583
4215,0,0,1,2.187680721282959
4216,0,0,1,2.1038215160369873
4217,0,1,0,1.0855882167816162
4218,0,0,1,2.712172508239746
4219,0,0,1,0.1160377636551857
4220,0,0,1,3.9018428325653076
4221,0,0,1,1.9543097019195557
4222,0,0,1,0.6899096965789795
4223,0,1,0,0.14708444476127625
4224,0,0,1,1.7511509656906128
4225,0,0,1,3.2583844661712646
4226,0,0,1,1.2933335304260254
4227,0,0,1,5.096742630004883
4228,0,0,1,0.8905670046806335
4229,0,0,1,3.876836061477661
4230,0,0,1,0.2881506681442261
4231,0,0,1,0.7993020415306091
4232,0,1,0,1.379522442817688
4233,0,1,0,0.6984471082687378
4234,0,0,1,0.3255348205566406
4235,0,1,0,0.9295510053634644
4236,0,0,1,1.0770001411437988
4237,0,0,1,1.7918399572372437
4238,0,0,1,2.507909059524536
4239,0,1,0,3.759585380554199
4240,0,0,1,0.9348719716072083
4241,0,0,1,1.6371482610702515
4242,0,0,1,2.1207282543182373
4243,0,0,1,1.782046914100647
4244,0,1,0,0.19964921474456787
4245,0,0,1,0.8455196022987366
4246,0,0,1,0.4632536470890045
4247,0,1,0,0.033660538494586945
4248,0,1,0,2.39949369430542
4249,0,0,1,1.052990436553955
4250,0,1,0,0.09842995554208755
4251,0,0,1,0.33352118730545044
4252,0,1,0,-0.0547199547290802
4253,0,0,1,2.1829326152801514
4254,0,1,0,0.9521161317825317
4255,0,0,1,1.6749929189682007
4256,0,0,1,0.876518964767456
4257,0,0,1,1.1515628099441528
4258,0,0,1,0.12649405002593994
4259,0,0,1,1.0123517513275146
4260,0,0,1,1.3044897317886353
4261,0,0,1,3.2435708045959473
4262,0,0,1,4.247490882873535
4263,0,0,1,1.405591368675232
4264,0,1,0,0.03820616006851196
4265,0,1,0,0.7114583849906921
4266,0,1,0,0.9311293959617615
4267,0,0,1,0.148084357380867
4268,0,0,1,0.49314939975738525
4269,0,0,1,3.443575143814087
4270,0,0,1,1.9967116117477417
4271,0,0,1,1.9442694187164307
4272,0,0,1,0.9399573802947998
4273,0,0,1,1.7920063734054565
4274,0,0,1,1.4822763204574585
4275,0,1,0,1.110465168952942
4276,0,1,0,1.7388885021209717
4277,0,0,1,3.118014097213745
4278,0,0,1,4.510874271392822
4279,0,1,0,0.6369491815567017
4280,0,0,1,1.6512947082519531
4281,0,0,1,2.058133125305176
4282,0,0,1,1.4700361490249634
4283,0,1,0,0.8347919583320618
4284,0,1,0,-0.07006610929965973
4285,0,0,1,3.4917759895324707
4286,0,1,0,1.4302383661270142
4287,0,0,1,2.887985944747925
4288,0,0,1,0.4761088490486145
4289,0,0,1,1.5331004858016968
4290,0,0,1,2.307849645614624
4291,0,0,1,0.7242415547370911
4292,0,0,1,0.6380562782287598
4293,0,0,1,2.515164375305176
4294,0,1,0,0.09720120579004288
4295,0,1,0,0.3683823347091675
4296,0,0,1,3.2287328243255615
4297,0,0,1,0.9460514187812805
4298,0,0,1,2.7629735469818115
4299,0,0,1,2.6398568153381348
4300,0,0,1,1.168268084526062
4301,0,0,1,4.085024356842041
4302,0,0,1,4.021424770355225
4303,0,0,1,1.396401286125183
4304,0,0,1,2.7324442863464355
4305,0,0,1,1.644000768661499
