sample_idx,true_label,pred_label,correct,confidence
0,3,3,1,4.375809669494629
1,8,8,1,9.626280784606934
2,8,8,1,6.939681053161621
3,0,0,1,3.9136035442352295
4,6,6,1,3.209428310394287
5,6,3,0,1.6671901941299438
6,1,9,0,6.342265605926514
7,6,6,1,3.0601038932800293
8,3,3,1,1.9541125297546387
9,1,1,1,5.35955286026001
10,0,0,1,3.3562309741973877
11,9,9,1,2.2675487995147705
12,5,2,0,-0.5424742102622986
13,7,7,1,3.1024887561798096
14,9,9,1,7.793031692504883
15,8,8,1,7.178850173950195
16,5,5,1,5.240095138549805
17,7,7,1,3.4516193866729736
18,8,8,1,13.877167701721191
19,6,6,1,9.480498313903809
20,7,7,1,0.9356082677841187
21,0,0,1,5.173395156860352
22,4,4,1,6.063843250274658
23,9,1,0,3.17120099067688
24,5,3,0,3.9411661624908447
25,2,2,1,-0.7145591378211975
26,4,4,1,-1.0604184865951538
27,0,0,1,-0.07539696991443634
28,9,9,1,6.843614101409912
29,6,6,1,8.810640335083008
30,6,3,0,0.20289777219295502
31,5,5,1,5.581881523132324
32,4,4,1,1.8463271856307983
33,5,2,0,-2.842083692550659
34,9,9,1,8.605086326599121
35,2,3,0,1.9650359153747559
36,4,4,1,5.515985012054443
37,1,1,1,7.692237377166748
38,9,9,1,12.055917739868164
39,5,5,1,7.2839202880859375
40,4,4,1,4.464696407318115
41,6,6,1,6.359128952026367
42,5,5,1,7.436238765716553
43,6,4,0,2.5741958618164062
44,0,0,1,8.337721824645996
45,9,1,0,1.9087529182434082
46,3,3,1,6.513930797576904
47,9,8,0,-2.6761484146118164
48,7,7,1,3.2482540607452393
49,6,0,0,0.2609891891479492
50,9,6,0,3.996608257293701
51,8,8,1,3.438356637954712
52,0,6,0,-1.3675734996795654
53,3,3,1,1.2868272066116333
54,8,8,1,13.319538116455078
55,8,8,1,14.659355163574219
56,7,3,0,2.4869654178619385
57,7,5,0,2.711115598678589
58,4,4,1,2.257572889328003
59,6,4,0,1.4995272159576416
60,7,7,1,7.351912021636963
61,3,5,0,3.9154398441314697
62,6,6,1,3.9217753410339355
63,3,3,1,1.5223451852798462
64,6,6,1,9.089248657226562
65,2,2,1,9.155442237854004
66,1,8,0,5.587721347808838
67,2,2,1,9.782590866088867
68,3,3,1,-0.1637682318687439
69,7,0,0,-0.43574923276901245
70,2,2,1,0.7595071196556091
71,6,6,1,2.1295485496520996
72,8,0,0,3.356745958328247
73,8,8,1,7.6172003746032715
74,0,0,1,7.117600917816162
75,2,2,1,2.639918327331543
76,9,9,1,2.4000113010406494
77,3,3,1,3.4684042930603027
78,3,3,1,0.7418358325958252
79,8,0,0,3.9775071144104004
80,8,8,1,4.612481117248535
81,1,1,1,6.046252727508545
82,1,1,1,12.502070426940918
83,7,0,0,0.2644254267215729
84,2,2,1,6.58686637878418
85,5,9,0,0.6778479218482971
86,2,2,1,2.703181743621826
87,7,8,0,0.22533570230007172
88,8,8,1,9.232625007629395
89,9,9,1,10.5447998046875
90,0,1,0,11.903539657592773
91,3,3,1,4.033658027648926
92,8,8,1,8.83641242980957
93,6,6,1,8.67330265045166
94,4,4,1,4.317132949829102
95,6,6,1,5.125624179840088
96,6,6,1,2.5271499156951904
97,0,0,1,6.486476898193359
98,0,0,1,8.255952835083008
99,7,7,1,2.5303893089294434
100,4,7,0,6.220396518707275
101,5,5,1,1.9029139280319214
102,6,2,0,-1.4969220161437988
103,3,3,1,7.018550395965576
104,1,1,1,11.825100898742676
105,1,1,1,7.844633102416992
106,3,3,1,-0.2795196771621704
107,6,6,1,12.142500877380371
108,8,8,1,6.473753929138184
109,7,7,1,14.093902587890625
110,4,4,1,4.696498394012451
111,0,0,1,5.130932331085205
112,6,0,0,2.7226154804229736
113,2,2,1,10.787896156311035
114,1,1,1,9.4663724899292
115,3,3,1,0.02415403351187706
116,0,0,1,10.105585098266602
117,4,4,1,1.4667091369628906
118,2,6,0,2.1295394897460938
119,7,2,0,-1.2187974452972412
120,8,8,1,4.302489757537842
121,3,3,1,2.183786630630493
122,1,1,1,2.6136372089385986
123,2,2,1,6.652161121368408
124,8,8,1,8.355184555053711
125,0,0,1,3.6883373260498047
126,8,8,1,1.7336349487304688
127,3,3,1,2.9624459743499756
128,5,3,0,2.141911029815674
129,2,2,1,1.9588760137557983
130,4,4,1,8.25359058380127
131,1,0,0,3.219348192214966
132,8,8,1,9.94356632232666
133,9,9,1,6.62751579284668
134,1,1,1,-0.5602556467056274
135,2,2,1,2.380256414413452
136,9,9,1,5.679108142852783
137,7,4,0,1.3179936408996582
138,2,2,1,7.820113658905029
139,9,9,1,2.997830390930176
140,6,6,1,-0.1145443469285965
141,5,5,1,0.8852964043617249
142,6,6,1,7.337841510772705
143,3,3,1,2.770817995071411
144,8,8,1,1.7934834957122803
145,7,9,0,0.36388909816741943
146,6,6,1,11.65666389465332
147,2,6,0,2.033823251724243
148,5,5,1,-1.0988693237304688
149,2,2,1,4.639705181121826
150,8,0,0,0.789136528968811
151,9,0,0,1.6818053722381592
152,6,0,0,2.956397294998169
153,0,0,1,4.442911624908447
154,0,0,1,9.163043022155762
155,5,5,1,6.13111686706543
156,2,2,1,8.20592975616455
157,9,9,1,2.4704649448394775
158,5,3,0,1.1586596965789795
159,4,0,0,3.1568655967712402
160,2,0,0,1.2063511610031128
161,1,1,1,1.6578927040100098
162,6,6,1,-0.1728517860174179
163,6,6,1,0.9376721382141113
164,8,8,1,2.6336052417755127
165,4,2,0,2.104328155517578
166,8,8,1,1.2859007120132446
167,4,3,0,1.6306415796279907
168,5,5,1,2.037407875061035
169,0,0,1,3.2837278842926025
170,9,9,1,8.342231750488281
171,9,9,1,1.0276046991348267
172,9,9,1,3.211168050765991
173,8,8,1,4.3772501945495605
174,9,9,1,7.518469333648682
175,9,9,1,5.686135292053223
176,3,3,1,3.0151591300964355
177,7,7,1,6.420010566711426
178,5,3,0,1.6655126810073853
179,0,0,1,9.000741958618164
180,0,0,1,1.0886093378067017
181,5,5,1,4.2794389724731445
182,2,2,1,7.541658878326416
183,2,3,0,1.8651999235153198
184,3,3,1,0.8946492075920105
185,8,8,1,15.930872917175293
186,6,6,1,9.735636711120605
187,3,3,1,7.145727157592773
188,4,3,0,5.219096660614014
189,0,0,1,4.49934720993042
190,5,5,1,6.179666042327881
191,8,8,1,-0.2746061384677887
192,0,0,1,6.696950435638428
193,1,9,0,0.035423580557107925
194,7,7,1,7.416592121124268
195,2,4,0,4.766235828399658
196,8,8,1,10.4616117477417
197,8,9,0,1.0340662002563477
198,7,7,1,7.4749064445495605
199,8,3,0,0.42556798458099365
200,5,3,0,0.28987932205200195
201,1,0,0,4.342357158660889
202,8,8,1,12.830866813659668
203,7,3,0,-0.5849391222000122
204,1,1,1,11.459161758422852
205,3,3,1,3.2160561084747314
206,0,0,1,6.356448650360107
207,5,5,1,0.5412818193435669
208,7,7,1,21.620861053466797
209,9,9,1,9.727163314819336
210,7,7,1,5.450881004333496
211,4,0,0,4.292687892913818
212,5,5,1,4.944133758544922
213,9,9,1,0.5218586325645447
214,8,8,1,10.522151947021484
215,0,2,0,1.7750403881072998
216,7,7,1,7.8285369873046875
217,9,9,1,7.261099815368652
218,8,8,1,4.4013800621032715
219,2,2,1,7.097633361816406
220,7,4,0,1.705954909324646
221,6,6,1,3.151358127593994
222,9,9,1,9.234697341918945
223,4,4,1,1.5517746210098267
224,3,4,0,2.500539779663086
225,9,9,1,2.974285125732422
226,6,0,0,-2.023634672164917
227,4,3,0,0.36787164211273193
228,7,7,1,0.7456409335136414
229,6,6,1,2.556621789932251
230,5,9,0,1.0677430629730225
231,1,1,1,9.603819847106934
232,5,5,1,4.231059551239014
233,8,8,1,5.823347568511963
234,8,8,1,6.22646427154541
235,0,0,1,4.401273727416992
236,4,9,0,2.407050848007202
237,0,0,1,0.49156180024147034
238,5,5,1,7.024631977081299
239,5,3,0,1.1358619928359985
240,1,1,1,17.559436798095703
241,1,1,1,14.695611000061035
242,8,1,0,0.9157139658927917
243,9,9,1,2.5217745304107666
244,0,0,1,1.8730837106704712
245,3,0,0,0.9727275967597961
246,1,0,0,0.657804012298584
247,9,9,1,4.7258758544921875
248,2,2,1,0.8277614712715149
249,2,2,1,0.34295225143432617
250,5,5,1,5.769534587860107
251,3,3,1,3.6787853240966797
252,9,9,1,2.696054220199585
253,9,9,1,0.5325325131416321
254,4,4,1,2.6676392555236816
255,0,0,1,0.8061788082122803
256,3,3,1,4.003403186798096
257,0,0,1,4.59336519241333
258,0,0,1,7.350604057312012
259,9,9,1,4.6171770095825195
260,8,8,1,3.4720849990844727
261,1,1,1,1.0761096477508545
262,5,5,1,4.558185577392578
263,7,7,1,3.9554784297943115
264,0,0,1,3.6114180088043213
265,8,0,0,-0.11368714272975922
266,2,2,1,4.958009719848633
267,4,4,1,10.011197090148926
268,7,7,1,13.529342651367188
269,0,0,1,3.252145528793335
270,2,3,0,-0.9747891426086426
271,3,3,1,2.4990038871765137
272,6,6,1,12.222334861755371
273,3,3,1,2.997065544128418
274,8,8,1,6.955908298492432
275,5,3,0,-1.4631730318069458
276,0,0,1,5.81476354598999
277,3,3,1,3.0116937160491943
278,4,4,1,2.222318649291992
279,3,6,0,3.491406202316284
280,9,8,0,4.298278331756592
281,0,0,1,6.82532262802124
282,6,6,1,3.9393038749694824
283,1,1,1,17.68446922302246
284,0,9,0,1.5766843557357788
285,9,9,1,3.6118357181549072
286,1,0,0,0.8649154305458069
287,0,3,0,0.08028942346572876
288,7,7,1,7.393805027008057
289,9,9,1,11.616968154907227
290,1,1,1,9.752724647521973
291,2,2,1,3.124094009399414
292,6,2,0,-1.1265385150909424
293,9,0,0,0.509874165058136
294,3,5,0,4.837493896484375
295,4,4,1,0.21724244952201843
296,6,6,1,5.773066997528076
297,0,0,1,4.433569431304932
298,0,0,1,5.744110584259033
299,6,6,1,-0.33878421783447266
300,6,6,1,1.9108054637908936
301,6,4,0,-0.10650251060724258
302,3,7,0,0.22761011123657227
303,2,2,1,0.5890904664993286
304,6,4,0,2.269549608230591
305,1,0,0,1.9678031206130981
306,8,9,0,5.036237716674805
307,2,2,1,3.3396966457366943
308,1,1,1,6.519732475280762
309,6,6,1,1.3842558860778809
310,8,8,1,6.764608860015869
311,6,6,1,2.7094788551330566
312,8,0,0,6.949179649353027
313,0,2,0,3.756774663925171
314,4,3,0,-0.11705940961837769
315,0,0,1,5.416901111602783
316,7,7,1,3.1158063411712646
317,7,7,1,7.750331878662109
318,5,5,1,5.931972503662109
319,5,5,1,12.957388877868652
320,3,3,1,3.572591781616211
321,5,1,0,-1.6542717218399048
322,2,2,1,6.582096099853516
323,3,3,1,5.079230308532715
324,4,3,0,1.8347617387771606
325,1,5,0,-0.31461217999458313
326,7,7,1,5.96954345703125
327,5,3,0,1.3554245233535767
328,4,4,1,7.447597503662109
329,6,4,0,2.899177074432373
330,1,1,1,15.564972877502441
331,9,9,1,5.084728717803955
332,3,3,1,2.5962533950805664
333,6,6,1,3.6035120487213135
334,6,6,1,7.580667018890381
335,9,1,0,2.533320188522339
336,3,3,1,4.222814083099365
337,8,8,1,8.755496978759766
338,0,7,0,3.272909641265869
339,7,1,0,0.760644793510437
340,2,2,1,3.312778949737549
341,6,6,1,5.998463153839111
342,2,2,1,2.7559127807617188
343,5,5,1,0.09932634234428406
344,8,8,1,13.952377319335938
345,5,5,1,12.191863059997559
346,4,4,1,4.92598295211792
347,6,6,1,2.798632860183716
348,8,8,1,6.039180278778076
349,9,9,1,5.984175205230713
350,9,9,1,8.761126518249512
351,1,1,1,11.426837921142578
352,0,8,0,9.02806282043457
353,2,0,0,1.9912241697311401
354,2,1,0,3.6768226623535156
355,7,4,0,3.052359104156494
356,3,5,0,2.4720919132232666
357,2,3,0,2.1463842391967773
358,8,2,0,0.11386063694953918
359,0,0,1,4.428741931915283
360,9,9,1,9.457071304321289
361,5,5,1,3.1213667392730713
362,8,8,1,4.240259647369385
363,1,1,1,4.269690036773682
364,9,9,1,10.29600715637207
365,4,3,0,-0.5055164098739624
366,1,1,1,5.5959577560424805
367,3,3,1,1.7668802738189697
368,8,0,0,1.3976588249206543
369,1,1,1,6.401306629180908
370,4,2,0,1.0954941511154175
371,7,7,1,9.180761337280273
372,9,9,1,11.477020263671875
373,4,4,1,2.5623831748962402
374,2,2,1,6.123691558837891
375,7,7,1,1.220948338508606
376,0,7,0,2.0106563568115234
377,7,7,1,3.709177255630493
378,0,8,0,2.2531750202178955
379,6,6,1,10.675564765930176
380,6,2,0,2.6147592067718506
381,9,9,1,3.469876289367676
382,0,0,1,3.679638624191284
383,9,9,1,6.001168251037598
384,2,2,1,4.6076130867004395
385,8,0,0,1.7205244302749634
386,7,0,0,0.613598108291626
387,2,2,1,2.5516679286956787
388,2,2,1,4.141273498535156
389,5,5,1,1.077668309211731
390,1,1,1,15.099898338317871
391,2,2,1,5.924910545349121
392,6,6,1,4.007253170013428
393,2,2,1,1.854858636856079
394,9,1,0,1.6214289665222168
395,6,6,1,3.1006641387939453
396,2,3,0,0.7223970890045166
397,3,3,1,2.5230915546417236
398,0,0,1,2.2900333404541016
399,3,3,1,0.4299204349517822
400,9,1,0,3.513049840927124
401,8,1,0,8.316163063049316
402,7,7,1,9.684733390808105
403,8,8,1,2.753098249435425
404,8,8,1,10.873194694519043
405,4,6,0,2.058671474456787
406,0,0,1,11.085232734680176
407,1,1,1,4.528191566467285
408,8,8,1,10.455268859863281
409,2,3,0,4.5311384201049805
410,7,7,1,3.3304851055145264
411,9,0,0,7.000734329223633
412,3,5,0,4.556808948516846
413,6,6,1,7.279394626617432
414,1,8,0,2.381742000579834
415,9,9,1,3.5926365852355957
416,0,6,0,5.618807792663574
417,7,7,1,4.614507675170898
418,3,3,1,4.019576072692871
419,7,7,1,6.501885414123535
420,4,3,0,1.9455225467681885
421,5,3,0,2.4517157077789307
422,0,8,0,11.343701362609863
423,0,0,1,2.5387790203094482
424,2,2,1,6.508545875549316
425,9,9,1,11.264387130737305
426,3,3,1,0.977768063545227
427,4,4,1,4.207557201385498
428,0,0,1,5.350252628326416
429,6,3,0,2.260916233062744
430,2,2,1,1.7200640439987183
431,5,5,1,2.2619516849517822
432,3,3,1,1.1697722673416138
433,7,4,0,1.5061930418014526
434,3,1,0,2.2657907009124756
435,7,4,0,2.0474653244018555
436,2,6,0,-0.06398238241672516
437,5,5,1,0.845558762550354
438,3,7,0,0.10805945843458176
439,1,1,1,4.979723930358887
440,1,1,1,9.603290557861328
441,4,4,1,1.7141004800796509
442,9,9,1,4.9780755043029785
443,9,9,1,5.1722493171691895
444,5,3,0,3.0342113971710205
445,7,7,1,-0.14995989203453064
446,5,8,0,-0.598589301109314
447,0,2,0,5.699187755584717
448,2,6,0,-0.2874293029308319
449,2,2,1,7.818573951721191
450,2,5,0,-0.9462167024612427
451,9,9,1,6.09553337097168
452,7,7,1,7.933767795562744
453,3,3,1,2.663499593734741
454,9,9,1,10.214004516601562
455,4,5,0,3.4151575565338135
456,3,2,0,1.9156606197357178
457,5,3,0,-0.25656789541244507
458,4,4,1,1.7299203872680664
459,6,0,0,1.8488128185272217
460,5,3,0,0.9440246820449829
461,6,6,1,3.9709737300872803
462,1,1,1,3.891594409942627
463,4,4,1,0.5581910610198975
464,3,3,1,1.9320720434188843
465,4,4,1,4.323355674743652
466,4,4,1,4.912342071533203
467,3,3,1,6.672424793243408
468,7,7,1,1.5101847648620605
469,8,8,1,10.334607124328613
470,3,3,1,3.361236095428467
471,7,7,1,7.202851295471191
472,8,8,1,13.074488639831543
473,0,8,0,-0.8471378684043884
474,5,3,0,1.3671845197677612
475,7,7,1,3.6885974407196045
476,6,6,1,5.766278266906738
477,0,0,1,6.399756908416748
478,5,5,1,2.8566086292266846
479,4,8,0,2.3857338428497314
480,8,1,0,1.2751941680908203
481,6,6,1,8.994100570678711
482,8,8,1,8.976768493652344
483,5,3,0,1.3922373056411743
484,5,5,1,5.23971700668335
485,9,9,1,2.6430976390838623
486,9,9,1,9.761295318603516
487,9,9,1,5.588688373565674
488,5,4,0,3.5778496265411377
489,0,2,0,-0.9583048820495605
490,1,1,1,12.534504890441895
491,0,0,1,7.849127292633057
492,8,0,0,6.89196252822876
493,1,1,1,11.07370662689209
494,1,1,1,14.399581909179688
495,8,8,1,9.08655071258545
496,0,0,1,3.0337531566619873
497,2,7,0,1.8006845712661743
498,2,2,1,12.432605743408203
499,0,2,0,6.510385513305664
500,4,3,0,2.6599698066711426
501,6,2,0,-0.49057647585868835
502,5,3,0,4.076654434204102
503,4,4,1,2.521277904510498
504,9,9,1,3.819887161254883
505,4,1,0,2.3082966804504395
506,7,7,1,7.119625091552734
507,9,9,1,8.141509056091309
508,9,4,0,-1.5587834119796753
509,4,4,1,3.6038436889648438
510,5,3,0,0.2693900167942047
511,6,2,0,3.4011521339416504
512,6,2,0,2.0276448726654053
513,1,1,1,14.29586124420166
514,5,5,1,5.407832145690918
515,3,7,0,2.01165771484375
516,8,8,1,7.5583815574646
517,9,9,1,6.160886287689209
518,5,7,0,3.849057197570801
519,8,8,1,12.360071182250977
520,5,3,0,1.630099892616272
521,7,7,1,10.182275772094727
522,0,0,1,3.4956440925598145
523,7,7,1,4.81570291519165
524,0,0,1,10.268051147460938
525,5,3,0,2.5633246898651123
526,0,0,1,0.41628289222717285
527,0,0,1,8.237956047058105
528,4,4,1,5.8408918380737305
529,6,6,1,9.46486759185791
530,9,9,1,11.036262512207031
531,0,3,0,0.8634470701217651
532,9,9,1,7.665642261505127
533,5,5,1,11.375741004943848
534,6,4,0,1.7842034101486206
535,6,6,1,12.327699661254883
536,6,6,1,11.176467895507812
537,2,6,0,5.423521041870117
538,9,9,1,-1.2151275873184204
539,0,0,1,9.372175216674805
540,1,1,1,6.987800598144531
541,7,9,0,1.098427176475525
542,6,2,0,1.376558542251587
543,7,7,1,6.885530948638916
544,5,5,1,5.0538740158081055
545,9,9,1,4.555904388427734
546,1,1,1,12.145085334777832
547,6,6,1,1.589822769165039
548,2,2,1,6.832825660705566
549,5,5,1,7.472751140594482
550,5,5,1,8.052984237670898
551,5,3,0,2.4820733070373535
552,8,8,1,10.791890144348145
553,5,5,1,2.914564609527588
554,9,9,1,4.547606945037842
555,4,4,1,7.227950572967529
556,6,6,1,2.333085536956787
557,4,2,0,0.7750048041343689
558,3,3,1,3.213627338409424
559,2,2,1,9.925586700439453
560,0,0,1,8.3355712890625
561,7,7,1,4.052270889282227
562,6,1,0,-1.7636189460754395
563,2,4,0,1.5167536735534668
564,2,2,1,2.3073151111602783
565,3,3,1,3.429755687713623
566,9,0,0,1.0568220615386963
567,7,7,1,6.194942474365234
568,9,9,1,0.6458737254142761
569,2,2,1,6.675858497619629
570,6,2,0,5.048033714294434
571,7,7,1,11.871651649475098
572,1,7,0,0.1533704698085785
573,3,3,1,5.635693073272705
574,6,6,1,6.250220775604248
575,6,6,1,7.862939357757568
576,8,8,1,6.0709404945373535
577,9,8,0,2.46309494972229
578,7,7,1,6.370128631591797
579,5,5,1,5.028273582458496
580,4,4,1,6.538839340209961
581,0,0,1,6.811269283294678
582,8,8,1,15.514692306518555
583,4,2,0,2.3394124507904053
584,0,0,1,4.61545467376709
585,9,9,1,8.205836296081543
586,3,3,1,2.7819247245788574
587,4,4,1,-0.41518810391426086
588,8,8,1,15.003678321838379
589,9,9,1,6.199187755584717
590,6,6,1,7.501949787139893
591,9,9,1,9.079061508178711
592,2,2,1,0.9616938233375549
593,6,6,1,8.064388275146484
594,1,1,1,7.8487772941589355
595,4,4,1,3.1710166931152344
596,7,0,0,1.8706940412521362
597,3,3,1,2.406259536743164
598,5,5,1,2.6021649837493896
599,3,3,1,4.940325736999512
600,8,8,1,5.575315952301025
601,5,5,1,7.910436630249023
602,0,0,1,8.790437698364258
603,2,2,1,11.187217712402344
604,1,1,1,16.65348243713379
605,6,6,1,2.5713820457458496
606,4,4,1,1.3899294137954712
607,3,3,1,1.5076346397399902
608,3,3,1,-0.19657379388809204
609,9,9,1,9.706908226013184
610,6,6,1,11.872624397277832
611,9,9,1,0.8310715556144714
612,8,8,1,7.096753120422363
613,8,8,1,9.974193572998047
614,5,5,1,3.300813913345337
615,8,8,1,1.196725845336914
616,6,6,1,0.8236415982246399
617,6,6,1,2.719409465789795
618,2,2,1,1.8830053806304932
619,1,1,1,5.271893501281738
620,7,7,1,1.727474570274353
621,7,7,1,1.41489577293396
622,1,1,1,9.669734954833984
623,2,2,1,1.272916555404663
624,7,5,0,8.102469444274902
625,9,9,1,1.9933114051818848
626,9,9,1,10.145434379577637
627,4,4,1,7.16771936416626
628,4,7,0,4.19611930847168
629,1,0,0,3.3302910327911377
630,2,2,1,0.17530372738838196
631,5,3,0,4.193504333496094
632,6,3,0,-0.03892245516180992
633,8,8,1,6.864709377288818
634,7,7,1,5.900777816772461
635,6,6,1,-0.16998562216758728
636,8,8,1,0.43783557415008545
637,3,4,0,0.2757560610771179
638,0,8,0,4.948123931884766
639,5,5,1,-0.5247143507003784
640,5,3,0,2.30959415435791
641,3,3,1,2.678114652633667
642,0,0,1,7.246697902679443
643,7,7,1,12.812150955200195
644,9,9,1,7.024474620819092
645,1,1,1,4.615315914154053
646,3,3,1,5.432339668273926
647,4,4,1,5.311839580535889
648,4,4,1,3.2876439094543457
649,5,5,1,6.585341930389404
650,3,3,1,3.809962034225464
651,9,9,1,4.408963203430176
652,5,5,1,4.382618427276611
653,6,8,0,1.2430827617645264
654,9,9,1,2.9955108165740967
655,2,2,1,3.923255681991577
656,1,1,1,9.268282890319824
657,1,1,1,7.787811279296875
658,4,4,1,5.252012252807617
659,1,1,1,1.9043798446655273
660,9,9,1,3.4471237659454346
661,4,4,1,3.156557083129883
662,7,7,1,11.933062553405762
663,6,6,1,11.06774616241455
664,3,3,1,6.534668922424316
665,8,8,1,0.4466821849346161
666,9,9,1,4.215769290924072
667,0,0,1,7.491128444671631
668,1,1,1,13.814188957214355
669,3,3,1,3.265019416809082
670,6,6,1,12.726336479187012
671,3,3,1,4.0373406410217285
672,6,6,1,2.9442543983459473
673,3,3,1,5.81556510925293
674,2,2,1,1.231529712677002
675,0,8,0,3.416919708251953
676,3,3,1,6.392239570617676
677,1,1,1,7.3967604637146
678,0,0,1,2.7411413192749023
679,5,3,0,3.0323736667633057
680,9,1,0,5.625973701477051
681,6,6,1,5.832225322723389
682,4,4,1,1.6237908601760864
683,8,0,0,6.2069830894470215
684,9,9,1,2.8176820278167725
685,6,6,1,-0.04788738489151001
686,9,9,1,1.5752512216567993
687,6,6,1,1.9003245830535889
688,3,6,0,5.526514530181885
689,0,0,1,2.3250114917755127
690,3,3,1,7.653820514678955
691,2,2,1,9.970829963684082
692,2,0,0,3.4047491550445557
693,7,7,1,7.766730308532715
694,8,8,1,9.471681594848633
695,3,3,1,8.77143669128418
696,8,8,1,10.607029914855957
697,2,3,0,1.1445209980010986
698,7,7,1,13.963668823242188
699,5,2,0,3.5891082286834717
700,7,1,0,3.034456491470337
701,2,2,1,3.462238073348999
702,4,4,1,8.291525840759277
703,8,8,1,2.5736587047576904
704,7,7,1,1.5568878650665283
705,4,6,0,0.09363265335559845
706,2,2,1,13.06920051574707
707,9,9,1,4.9155073165893555
708,8,0,0,0.7875726819038391
709,8,8,1,4.539642810821533
710,6,2,0,3.652705430984497
711,8,8,1,3.484034538269043
712,8,8,1,14.329804420471191
713,7,7,1,2.824005603790283
714,4,4,1,6.298089504241943
715,3,4,0,-0.6268084645271301
716,3,3,1,3.6290652751922607
717,8,8,1,6.048439979553223
718,4,7,0,3.890047073364258
719,9,9,1,6.08202600479126
720,4,4,1,3.682650089263916
721,8,8,1,10.740139961242676
722,8,8,1,14.05407428741455
723,1,1,1,7.928701877593994
724,8,8,1,8.193321228027344
725,2,0,0,-0.6070410013198853
726,1,1,1,12.093817710876465
727,3,1,0,-0.9278782606124878
728,6,2,0,-0.1310986429452896
729,5,5,1,7.063421726226807
730,4,4,1,-0.012881748378276825
731,2,9,0,1.2303773164749146
732,7,7,1,4.7816162109375
733,9,7,0,-0.6995922327041626
734,9,1,0,3.4645533561706543
735,4,4,1,3.3247179985046387
736,1,0,0,1.7371559143066406
737,4,2,0,1.2911887168884277
738,1,1,1,2.6859538555145264
739,3,3,1,2.747316598892212
740,2,2,1,3.8897063732147217
741,7,4,0,-0.6499139070510864
742,0,0,1,2.1651201248168945
743,7,7,1,3.021576404571533
744,9,9,1,4.7347941398620605
745,7,7,1,9.368562698364258
746,6,6,1,3.4508605003356934
747,6,6,1,3.74444842338562
748,2,2,1,3.57882022857666
749,5,3,0,-1.305097222328186
750,9,1,0,0.4370001256465912
751,2,0,0,0.7468640804290771
752,9,9,1,6.5697712898254395
753,1,1,1,4.155788421630859
754,2,4,0,1.921764612197876
755,2,2,1,7.685712814331055
756,6,6,1,5.294436931610107
757,8,8,1,5.731001853942871
758,2,2,1,9.823115348815918
759,1,1,1,16.285429000854492
760,3,3,1,2.2229528427124023
761,6,6,1,2.9038496017456055
762,6,6,1,3.7565841674804688
763,0,0,1,8.129096031188965
764,1,1,1,8.140701293945312
765,2,2,1,7.45659065246582
766,7,7,1,3.167664051055908
767,0,0,1,0.6015996336936951
768,5,5,1,3.9868597984313965
769,4,4,1,1.9544554948806763
770,6,6,1,-0.32483822107315063
771,1,0,0,3.4075021743774414
772,6,6,1,8.894759178161621
773,4,4,1,0.8957528471946716
774,0,0,1,7.945893287658691
775,2,4,0,-0.8754611015319824
776,2,2,1,-0.42923685908317566
777,6,6,1,3.6108193397521973
778,0,0,1,11.08752155303955
779,5,4,0,0.7868932485580444
780,9,9,1,9.776239395141602
781,1,1,1,1.645266056060791
782,7,7,1,4.582721710205078
783,6,6,1,8.824053764343262
784,7,7,1,2.748713254928589
785,0,8,0,1.4142876863479614
786,3,3,1,2.028210401535034
787,9,9,1,2.738375663757324
788,6,6,1,0.0115110594779253
789,8,8,1,7.837461471557617
790,3,3,1,0.7188226580619812
791,0,0,1,10.61538028717041
792,3,3,1,0.4786960184574127
793,4,5,0,3.333055019378662
794,7,7,1,0.8067763447761536
795,7,4,0,-0.6883319616317749
796,1,3,0,0.1941032111644745
797,4,4,1,2.9479331970214844
798,7,7,1,2.577867269515991
799,2,2,1,5.096027851104736
800,7,7,1,9.66477108001709
801,1,1,1,5.609933376312256
802,4,4,1,1.7366834878921509
803,7,7,1,10.515657424926758
804,4,4,1,4.660064220428467
805,4,5,0,4.041781902313232
806,8,8,1,8.241480827331543
807,4,4,1,3.5802650451660156
808,7,7,1,10.758207321166992
809,7,7,1,3.4011518955230713
810,5,0,0,0.5504723787307739
811,3,5,0,7.1904296875
812,7,7,1,8.715757369995117
813,2,2,1,7.8807244300842285
814,0,0,1,5.4534783363342285
815,8,8,1,11.441509246826172
816,9,9,1,8.131508827209473
817,5,5,1,3.5403573513031006
818,8,8,1,6.505248069763184
819,3,3,1,4.293962478637695
820,6,2,0,1.295518398284912
821,2,2,1,6.5023369789123535
822,0,0,1,0.9142643213272095
823,8,8,1,12.528254508972168
824,7,7,1,3.206984519958496
825,3,9,0,-0.5266918540000916
826,7,3,0,0.49759307503700256
827,6,6,1,9.311593055725098
828,5,6,0,-0.11091478168964386
829,3,9,0,-0.7864790558815002
830,1,1,1,4.7762603759765625
831,3,3,1,2.903102159500122
832,2,9,0,-0.05035969242453575
833,2,2,1,3.694044351577759
834,5,5,1,2.7209579944610596
835,4,3,0,3.184041976928711
836,1,0,0,1.9596930742263794
837,2,2,1,6.125392913818359
838,9,9,1,6.436404705047607
839,2,2,1,14.406783103942871
840,7,7,1,5.482227802276611
841,0,0,1,6.482419490814209
842,7,7,1,13.637153625488281
843,2,2,1,3.7265231609344482
844,1,1,1,-0.08447630703449249
845,3,3,1,1.0696505308151245
846,2,2,1,6.633976936340332
847,0,0,1,10.489856719970703
848,2,2,1,1.9047127962112427
849,4,4,1,6.656671047210693
850,7,3,0,1.9486294984817505
851,9,9,1,8.647916793823242
852,8,0,0,0.4822463095188141
853,9,1,0,4.808833599090576
854,0,0,1,4.252597332000732
855,7,7,1,8.814916610717773
856,7,7,1,1.6987181901931763
857,0,0,1,5.233593463897705
858,7,7,1,1.9064140319824219
859,8,8,1,4.375715255737305
860,4,4,1,7.630800247192383
861,6,4,0,4.646788597106934
862,3,3,1,1.0638290643692017
863,3,5,0,3.6163556575775146
864,0,0,1,7.65051794052124
865,1,1,1,6.2796525955200195
866,3,3,1,-0.6502341628074646
867,7,7,1,-0.01870221644639969
868,0,0,1,6.260890483856201
869,1,1,1,9.463886260986328
870,3,3,1,4.3259406089782715
871,1,1,1,23.547481536865234
872,4,4,1,3.8822896480560303
873,2,2,1,6.358377456665039
874,3,3,1,4.413870334625244
875,8,8,1,4.874085903167725
876,4,4,1,3.306093692779541
877,2,3,0,0.3557392358779907
878,3,3,1,3.423027515411377
879,7,7,1,4.734944820404053
880,8,8,1,9.316227912902832
881,4,3,0,3.325763702392578
882,3,2,0,-0.048016246408224106
883,0,1,0,2.859090805053711
884,9,8,0,7.147754192352295
885,0,0,1,1.0878305435180664
886,0,0,1,3.3527917861938477
887,1,8,0,5.555111408233643
888,0,0,1,0.11716656386852264
889,4,6,0,3.0121922492980957
890,4,4,1,7.600297451019287
891,6,6,1,4.876682281494141
892,7,7,1,2.750706434249878
893,6,4,0,2.78804874420166
894,1,1,1,2.5891597270965576
895,1,9,0,5.10623025894165
896,3,3,1,6.721487045288086
897,7,7,1,15.203268051147461
898,3,2,0,0.5993539690971375
899,5,3,0,0.8614327907562256
900,2,3,0,3.0060861110687256
901,6,6,1,1.7214298248291016
902,6,1,0,-1.0030990839004517
903,5,5,1,3.0374844074249268
904,8,8,1,5.16482400894165
905,7,7,1,4.536733627319336
906,1,1,1,5.334936141967773
907,6,6,1,7.098734378814697
908,8,8,1,10.907258033752441
909,8,8,1,7.052889347076416
910,5,1,0,2.7940595149993896
911,3,3,1,9.699441909790039
912,0,0,1,-0.03904380276799202
913,4,4,1,3.023000955581665
914,0,0,1,6.030554294586182
915,1,1,1,11.727259635925293
916,3,4,0,1.474433422088623
917,8,8,1,5.210400581359863
918,8,1,0,3.3428425788879395
919,0,0,1,3.205375909805298
920,6,4,0,0.5047542452812195
921,9,9,1,7.102169513702393
922,9,9,1,1.7281627655029297
923,9,9,1,0.6945411562919617
924,5,0,0,0.10394711792469025
925,5,7,0,0.16808423399925232
926,8,0,0,2.250117063522339
927,6,6,1,7.429451942443848
928,0,0,1,6.469588279724121
929,0,1,0,3.1746129989624023
930,4,2,0,0.29498887062072754
931,2,2,1,3.967339277267456
932,3,3,1,3.9709997177124023
933,2,2,1,0.22165971994400024
934,7,7,1,15.256183624267578
935,2,2,1,6.745347499847412
936,2,2,1,3.634807825088501
937,5,5,1,4.798929691314697
938,9,2,0,1.0274648666381836
939,8,8,1,10.229893684387207
940,9,9,1,11.021804809570312
941,1,1,1,5.347619533538818
942,7,7,1,7.1999430656433105
943,4,4,1,1.2636462450027466
944,0,0,1,12.818094253540039
945,3,3,1,2.648898124694824
946,0,0,1,7.4322123527526855
947,1,1,1,12.602496147155762
948,3,4,0,0.9796658158302307
949,8,1,0,0.9350370168685913
950,3,3,1,5.370308876037598
951,9,9,1,8.531011581420898
952,6,6,1,3.763340950012207
953,1,1,1,6.7671427726745605
954,4,4,1,0.8285627365112305
955,7,7,1,7.206613063812256
956,0,2,0,0.44282540678977966
957,3,3,1,3.461406946182251
958,7,7,1,8.24458122253418
959,8,1,0,3.310771942138672
960,9,9,1,6.036811351776123
961,1,2,0,1.2748103141784668
962,1,1,1,11.249873161315918
963,6,6,1,9.219963073730469
964,6,4,0,5.621377944946289
965,6,3,0,3.30159068107605
966,6,3,0,0.06585487723350525
967,9,9,1,0.69501131772995
968,1,1,1,8.411483764648438
969,9,1,0,5.573135852813721
970,9,9,1,12.285391807556152
971,4,4,1,7.604698657989502
972,2,2,1,0.2183401882648468
973,1,1,1,12.082625389099121
974,7,3,0,0.14916065335273743
975,0,0,1,10.722424507141113
976,6,6,1,-0.9479327201843262
977,8,0,0,1.776280403137207
978,1,1,1,8.290081977844238
979,9,9,1,4.826748371124268
980,2,3,0,3.059147596359253
981,9,8,0,3.3883237838745117
982,0,7,0,0.01583128422498703
983,4,4,1,9.074912071228027
984,7,7,1,8.178525924682617
985,8,8,1,3.069410800933838
986,3,3,1,2.623060703277588
987,1,1,1,3.90400767326355
988,2,3,0,1.2752817869186401
989,0,0,1,7.749878406524658
990,1,1,1,12.829879760742188
991,5,3,0,0.7923849821090698
992,8,8,1,2.0317015647888184
993,4,7,0,4.70421028137207
994,6,6,1,3.5145511627197266
995,3,3,1,1.9581204652786255
996,8,8,1,4.427793502807617
997,1,1,1,5.459728240966797
998,3,6,0,0.48701462149620056
999,8,8,1,11.247261047363281
1000,5,1,0,-0.15839968621730804
1001,0,0,1,4.628859043121338
1002,8,8,1,1.9577049016952515
1003,4,4,1,7.040838241577148
1004,8,8,1,8.250188827514648
1005,1,1,1,9.643939018249512
1006,1,1,1,12.482327461242676
1007,8,0,0,0.99961256980896
1008,9,9,1,0.49108999967575073
1009,6,6,1,3.384298086166382
1010,0,0,1,4.653044700622559
1011,8,8,1,11.384812355041504
1012,6,6,1,1.710324764251709
1013,1,1,1,3.785736560821533
1014,3,3,1,3.9972267150878906
1015,4,4,1,11.769705772399902
1016,1,1,1,14.034228324890137
1017,6,6,1,7.1077775955200195
1018,0,0,1,7.474388599395752
1019,5,3,0,4.248913288116455
1020,1,1,1,2.0661814212799072
1021,1,1,1,6.4036865234375
1022,0,0,1,5.616550445556641
1023,0,0,1,6.346190929412842
1024,3,3,1,3.0661633014678955
1025,5,5,1,7.355867862701416
1026,0,0,1,5.471506595611572
1027,0,0,1,3.419722318649292
1028,6,6,1,3.109703540802002
1029,6,6,1,11.368145942687988
1030,3,3,1,7.372466564178467
1031,3,3,1,0.03745609149336815
1032,6,6,1,-0.5150573253631592
1033,3,3,1,0.1707690954208374
1034,6,3,0,2.4438412189483643
1035,6,6,1,0.03648005425930023
1036,0,3,0,-0.6516316533088684
1037,7,7,1,2.8400983810424805
1038,2,3,0,0.43478330969810486
1039,2,2,1,4.98856782913208
1040,7,5,0,2.3825957775115967
1041,5,5,1,0.25136426091194153
1042,5,3,0,-1.2927943468093872
1043,2,0,0,2.6200950145721436
1044,8,8,1,2.525710344314575
1045,5,5,1,7.090600490570068
1046,2,2,1,3.6166956424713135
1047,1,1,1,7.0936174392700195
1048,1,1,1,10.206786155700684
1049,4,1,0,3.7504501342773438
1050,3,3,1,0.3576929569244385
1051,2,2,1,-0.15737000107765198
1052,0,0,1,7.561567783355713
1053,3,3,1,3.951021432876587
1054,1,1,1,5.798301696777344
1055,5,3,0,2.8769595623016357
1056,3,7,0,2.0166778564453125
1057,7,9,0,1.5364911556243896
1058,6,1,0,0.865241289138794
1059,8,8,1,6.032022476196289
1060,9,9,1,3.362902879714966
1061,1,1,1,11.83299446105957
1062,6,1,0,-0.6076793670654297
1063,4,4,1,12.00462818145752
1064,9,9,1,3.0603411197662354
1065,3,3,1,1.4774479866027832
1066,9,1,0,8.753915786743164
1067,0,0,1,10.527413368225098
1068,9,9,1,8.455665588378906
1069,6,6,1,6.2569708824157715
1070,3,3,1,4.473781108856201
1071,6,6,1,12.254804611206055
1072,0,0,1,2.3294036388397217
1073,7,7,1,9.151110649108887
1074,3,3,1,2.448535203933716
1075,8,2,0,1.3316404819488525
1076,0,0,1,4.314744472503662
1077,0,0,1,6.91349458694458
1078,0,0,1,10.24205207824707
1079,6,3,0,2.1108734607696533
1080,6,6,1,4.147311687469482
1081,6,6,1,4.166743755340576
1082,9,9,1,8.197487831115723
1083,2,2,1,9.226027488708496
1084,5,5,1,4.10640811920166
1085,4,4,1,7.581990718841553
1086,4,4,1,7.109856128692627
1087,6,1,0,1.0026953220367432
1088,3,3,1,2.5663249492645264
1089,6,6,1,1.376387119293213
1090,0,0,1,6.007949352264404
1091,8,0,0,5.265190124511719
1092,6,6,1,4.7238922119140625
1093,0,0,1,5.904628276824951
1094,6,6,1,0.21514113247394562
1095,2,2,1,3.7829792499542236
1096,7,7,1,2.622429847717285
1097,5,5,1,4.349156856536865
1098,1,1,1,9.262711524963379
1099,2,3,0,0.7511560320854187
1100,7,8,0,1.3559837341308594
1101,8,8,1,6.651519775390625
1102,8,8,1,7.724451541900635
1103,0,0,1,6.112338542938232
1104,9,9,1,3.190896511077881
1105,4,5,0,0.6422147750854492
1106,9,9,1,12.992939949035645
1107,7,1,0,2.8929548263549805
1108,2,2,1,8.245386123657227
1109,0,0,1,7.947028636932373
1110,2,2,1,11.4591646194458
1111,8,8,1,12.309565544128418
1112,3,3,1,0.20782801508903503
1113,8,8,1,8.38047981262207
1114,9,9,1,4.839073181152344
1115,1,1,1,13.556608200073242
1116,5,5,1,8.073637962341309
1117,5,3,0,-0.07425755262374878
1118,4,4,1,2.8109922409057617
1119,7,7,1,1.9962252378463745
1120,5,5,1,1.960015892982483
1121,3,3,1,2.1637845039367676
1122,8,8,1,9.132498741149902
1123,3,3,1,5.856443881988525
1124,3,3,1,4.912891387939453
1125,6,3,0,3.608955144882202
1126,2,0,0,4.426806926727295
1127,8,8,1,9.210890769958496
1128,4,7,0,-0.16941341757774353
1129,3,5,0,4.237550735473633
1130,7,9,0,0.26846426725387573
1131,1,1,1,6.441112995147705
1132,2,2,1,3.570876121520996
1133,4,3,0,0.760828971862793
1134,1,1,1,8.281974792480469
1135,6,6,1,1.8534148931503296
1136,9,9,1,8.669116020202637
1137,0,0,1,-0.21665965020656586
1138,5,5,1,-0.1323343813419342
1139,8,8,1,9.042346000671387
1140,6,6,1,9.916552543640137
1141,1,1,1,14.776413917541504
1142,8,8,1,6.547598361968994
1143,6,4,0,1.8854767084121704
1144,1,1,1,17.31167221069336
1145,4,4,1,4.9073100090026855
1146,2,2,1,7.902631759643555
1147,6,9,0,2.353548765182495
1148,2,2,1,13.471006393432617
1149,7,7,1,5.225308418273926
1150,2,7,0,-1.7674814462661743
1151,2,2,1,2.8565194606781006
1152,0,0,1,4.637481212615967
1153,8,3,0,-0.1869022250175476
1154,6,6,1,9.424362182617188
1155,9,9,1,4.512071132659912
1156,1,1,1,8.336052894592285
1157,7,7,1,3.6994590759277344
1158,1,1,1,9.98732852935791
1159,8,1,0,2.8614373207092285
1160,8,8,1,17.139022827148438
1161,0,0,1,1.526268720626831
1162,7,7,1,8.47081184387207
1163,3,5,0,1.2315133810043335
1164,8,8,1,7.170616149902344
1165,0,0,1,2.8803951740264893
1166,3,5,0,6.566208839416504
1167,4,3,0,0.6109511852264404
1168,3,3,1,4.5366291999816895
1169,7,7,1,3.542814016342163
1170,7,2,0,0.9666153788566589
1171,9,9,1,4.846594333648682
1172,2,2,1,1.2933439016342163
1173,3,3,1,3.143378496170044
1174,1,1,1,14.703619956970215
1175,9,9,1,2.312987804412842
1176,1,9,0,1.5582598447799683
1177,9,1,0,7.27778959274292
1178,6,6,1,3.189706563949585
1179,3,3,1,1.9627372026443481
1180,3,3,1,3.8630802631378174
1181,3,6,0,1.4654717445373535
1182,1,1,1,13.988815307617188
1183,0,3,0,1.4978710412979126
1184,6,6,1,3.8631746768951416
1185,1,1,1,5.533913612365723
1186,4,4,1,0.8512762784957886
1187,1,1,1,20.000770568847656
1188,0,0,1,7.953776836395264
1189,0,0,1,10.928213119506836
1190,1,1,1,3.422189712524414
1191,1,1,1,6.307389259338379
1192,6,6,1,2.3003640174865723
1193,5,2,0,2.841364860534668
1194,4,4,1,3.079106330871582
1195,6,3,0,4.05237340927124
1196,2,2,1,10.077183723449707
1197,0,0,1,7.43662691116333
1198,7,7,1,6.194991111755371
1199,9,9,1,1.0861252546310425
1200,8,8,1,3.058570623397827
1201,7,7,1,2.5556411743164062
1202,2,2,1,2.6931190490722656
1203,0,0,1,0.3467092514038086
1204,6,6,1,12.173849105834961
1205,8,8,1,4.426493167877197
1206,1,1,1,12.135172843933105
1207,4,4,1,2.5413005352020264
1208,3,3,1,1.5722540616989136
1209,7,7,1,1.3179502487182617
1210,0,0,1,6.848292827606201
1211,6,4,0,1.2603198289871216
1212,1,1,1,8.488258361816406
1213,8,8,1,10.017312049865723
1214,5,2,0,-0.5288991332054138
1215,7,7,1,8.655670166015625
1216,8,8,1,7.673583507537842
1217,4,2,0,0.21529358625411987
1218,8,8,1,9.430254936218262
1219,3,0,0,0.5547924041748047
1220,9,9,1,0.9139387607574463
1221,9,9,1,6.761316776275635
1222,9,1,0,2.9339754581451416
1223,8,8,1,15.378085136413574
1224,7,4,0,4.564249038696289
1225,6,6,1,15.052383422851562
1226,6,6,1,1.5706454515457153
1227,3,5,0,2.2342846393585205
1228,5,4,0,-0.9145560264587402
1229,1,1,1,12.928653717041016
1230,5,3,0,1.490546464920044
1231,9,9,1,7.9520769119262695
1232,1,1,1,9.663278579711914
1233,4,4,1,7.788472652435303
1234,1,1,1,2.4197733402252197
1235,5,3,0,1.0878115892410278
1236,7,1,0,-0.47656601667404175
1237,0,0,1,4.949167251586914
1238,1,1,1,13.47488021850586
1239,5,5,1,6.0575127601623535
1240,2,2,1,3.7412428855895996
1241,0,0,1,5.154051303863525
1242,8,8,1,3.1593172550201416
1243,8,8,1,6.951554775238037
1244,5,5,1,1.2602405548095703
1245,6,2,0,2.7694172859191895
1246,7,7,1,12.868091583251953
1247,3,3,1,1.7775152921676636
1248,2,0,0,4.187012195587158
1249,4,3,0,0.716349720954895
1250,7,1,0,-0.7556437253952026
1251,2,2,1,2.251218557357788
1252,5,5,1,4.990413665771484
1253,8,8,1,7.364504337310791
1254,2,2,1,7.948126792907715
1255,4,4,1,7.6241984367370605
1256,9,8,0,2.968456745147705
1257,2,2,1,6.730971336364746
1258,1,1,1,2.8740551471710205
1259,8,8,1,12.871888160705566
1260,1,1,1,10.634211540222168
1261,9,9,1,4.497040748596191
1262,8,8,1,10.222259521484375
1263,8,8,1,7.141149997711182
1264,8,0,0,2.3430635929107666
1265,9,1,0,9.318768501281738
1266,0,2,0,1.4631922245025635
1267,4,4,1,9.46541976928711
1268,3,3,1,1.7011592388153076
1269,3,3,1,3.7888989448547363
1270,1,1,1,5.808980464935303
1271,8,8,1,6.07633638381958
1272,4,4,1,3.8333981037139893
1273,6,6,1,2.375206232070923
1274,3,3,1,10.255986213684082
1275,3,7,0,0.21005156636238098
1276,5,4,0,0.07513604313135147
1277,2,2,1,3.1771724224090576
1278,2,3,0,-0.8536855578422546
1279,8,8,1,3.8495380878448486
1280,3,3,1,3.7845346927642822
1281,8,1,0,2.3382081985473633
1282,9,9,1,7.949196815490723
1283,5,5,1,8.793054580688477
1284,8,0,0,1.150780439376831
1285,9,9,1,1.5876344442367554
1286,8,8,1,11.40090274810791
1287,9,9,1,3.7024667263031006
1288,1,1,1,9.35567855834961
1289,6,6,1,4.889057159423828
1290,5,5,1,6.435276508331299
1291,9,9,1,6.1567063331604
1292,4,4,1,4.010166645050049
1293,4,4,1,3.4110774993896484
1294,8,8,1,4.537929058074951
1295,0,0,1,7.067219257354736
1296,7,2,0,0.5111011862754822
1297,2,2,1,7.103673934936523
1298,9,9,1,2.2747905254364014
1299,7,0,0,0.7220118045806885
1300,4,4,1,4.3293023109436035
1301,1,1,1,11.302414894104004
1302,6,3,0,0.8414285182952881
1303,4,0,0,-0.27593061327934265
1304,4,8,0,0.4921114444732666
1305,9,9,1,3.1184847354888916
1306,1,9,0,1.1146444082260132
1307,2,2,1,1.2169489860534668
1308,5,5,1,2.8955581188201904
1309,6,2,0,1.0468662977218628
1310,0,0,1,8.039875984191895
1311,8,8,1,6.013930797576904
1312,6,6,1,1.587557315826416
1313,1,1,1,15.654080390930176
1314,9,9,1,9.624751091003418
1315,4,4,1,-1.9740201234817505
1316,5,5,1,6.888432502746582
1317,9,9,1,3.3164122104644775
1318,5,5,1,6.100878715515137
1319,0,8,0,-0.3446364104747772
1320,7,2,0,1.0355486869812012
1321,2,5,0,2.1886279582977295
1322,0,0,1,3.069441080093384
1323,0,0,1,8.176000595092773
1324,4,4,1,0.20851624011993408
1325,2,6,0,-1.2104086875915527
1326,6,0,0,1.1432358026504517
1327,6,2,0,-0.18991301953792572
1328,5,5,1,2.084105968475342
1329,5,5,1,5.586793899536133
1330,2,2,1,0.5000572800636292
1331,8,8,1,9.87662410736084
1332,1,1,1,1.1981666088104248
1333,7,7,1,5.001782417297363
1334,3,3,1,0.9027243852615356
1335,1,0,0,5.639642238616943
1336,4,4,1,6.865412712097168
1337,5,5,1,5.205706596374512
1338,6,6,1,0.8682349324226379
1339,5,3,0,1.012376070022583
1340,1,1,1,9.984271049499512
1341,4,4,1,5.890125751495361
1342,7,7,1,3.6290595531463623
1343,0,0,1,7.4989752769470215
1344,9,9,1,4.813096523284912
1345,4,4,1,6.705251216888428
1346,3,3,1,3.358806848526001
1347,8,8,1,10.940705299377441
1348,2,2,1,6.899445533752441
1349,8,8,1,5.099104404449463
1350,4,4,1,2.550219774246216
1351,7,7,1,9.581491470336914
1352,2,2,1,2.485419750213623
1353,3,3,1,0.7668793201446533
1354,1,1,1,4.691581726074219
1355,5,3,0,0.3872709274291992
1356,2,3,0,6.097395420074463
1357,9,9,1,7.814116477966309
1358,8,8,1,7.260483741760254
1359,9,9,1,5.991133213043213
1360,7,7,1,7.997737884521484
1361,9,9,1,10.348827362060547
1362,5,5,1,4.448254108428955
1363,1,1,1,12.952947616577148
1364,4,2,0,3.8387696743011475
1365,0,0,1,6.455056667327881
1366,8,0,0,4.025846481323242
1367,2,2,1,9.334142684936523
1368,3,5,0,-0.20119988918304443
1369,8,8,1,7.349331855773926
1370,9,9,1,8.393649101257324
1371,1,1,1,2.739821195602417
1372,1,1,1,8.575161933898926
1373,3,7,0,-0.0028335675597190857
1374,2,2,1,9.293572425842285
1375,4,4,1,3.2409801483154297
1376,9,9,1,9.50655460357666
1377,3,8,0,-0.49739381670951843
1378,1,1,1,11.019184112548828
1379,7,2,0,1.1262431144714355
1380,4,3,0,2.9972774982452393
1381,6,0,0,1.7806460857391357
1382,2,2,1,5.181198596954346
1383,8,8,1,5.7775492668151855
1384,9,9,1,8.122231483459473
1385,5,5,1,4.182819843292236
1386,3,3,1,-0.46247032284736633
1387,9,9,1,8.29796314239502
1388,5,3,0,1.2916046380996704
1389,5,5,1,-0.8305901288986206
1390,6,6,1,8.953560829162598
1391,7,3,0,1.4826816320419312
1392,2,2,1,4.865296840667725
1393,4,3,0,1.2082798480987549
1394,6,6,1,0.8429732322692871
1395,3,3,1,4.642035484313965
1396,1,1,1,15.073389053344727
1397,0,0,1,8.196151733398438
1398,7,7,1,2.5926244258880615
1399,2,2,1,2.272779941558838
1400,5,5,1,4.8490190505981445
1401,4,4,1,9.029387474060059
1402,7,7,1,4.874577522277832
1403,6,6,1,4.282187461853027
1404,1,1,1,17.18630599975586
1405,1,1,1,6.789987564086914
1406,9,9,1,8.359394073486328
1407,8,8,1,4.680537700653076
1408,1,1,1,5.215778350830078
1409,0,0,1,7.1244282722473145
1410,1,1,1,11.824660301208496
1411,3,3,1,7.763890266418457
1412,1,1,1,7.020058631896973
1413,1,1,1,7.9808878898620605
1414,1,1,1,6.6620659828186035
1415,7,7,1,8.284424781799316
1416,3,3,1,1.3789362907409668
1417,9,0,0,1.917587161064148
1418,6,3,0,1.14678156375885
1419,8,8,1,20.726171493530273
1420,4,4,1,6.743458271026611
1421,6,6,1,7.661883354187012
1422,8,0,0,3.442558526992798
1423,4,4,1,4.539639472961426
1424,9,9,1,3.7095494270324707
1425,4,3,0,0.22832781076431274
1426,7,4,0,2.4808993339538574
1427,9,9,1,2.1153273582458496
1428,7,7,1,8.962774276733398
1429,6,3,0,0.26401981711387634
1430,8,8,1,5.4002299308776855
1431,4,1,0,1.720465064048767
1432,9,9,1,10.101480484008789
1433,7,7,1,7.6864728927612305
1434,0,0,1,6.607512950897217
1435,1,2,0,0.7665085196495056
1436,6,6,1,9.121710777282715
1437,1,1,1,9.946014404296875
1438,5,5,1,4.203397274017334
1439,9,1,0,8.73555850982666
1440,0,8,0,6.361135482788086
1441,4,3,0,1.7766491174697876
1442,3,1,0,0.30967143177986145
1443,4,2,0,0.7658066153526306
1444,1,1,1,8.182044982910156
1445,3,3,1,1.962695837020874
1446,0,0,1,3.297940969467163
1447,8,0,0,1.6949970722198486
1448,4,4,1,1.2276314496994019
1449,6,6,1,13.775099754333496
1450,2,2,1,3.7817256450653076
1451,2,0,0,-0.6381405591964722
1452,6,6,1,9.680142402648926
1453,5,5,1,2.1786677837371826
1454,3,3,1,-0.38259416818618774
1455,6,6,1,7.032586574554443
1456,2,2,1,6.950649261474609
1457,1,1,1,2.9866604804992676
1458,1,1,1,8.940997123718262
1459,8,0,0,2.0750057697296143
1460,6,6,1,1.4950190782546997
1461,0,0,1,8.762212753295898
1462,4,4,1,2.1070938110351562
1463,0,0,1,1.1622183322906494
1464,1,1,1,9.817634582519531
1465,9,1,0,4.866727352142334
1466,7,7,1,13.816622734069824
1467,1,1,1,2.6729896068573
1468,3,3,1,4.8396735191345215
1469,7,7,1,1.7804032564163208
1470,7,7,1,1.9842692613601685
1471,8,8,1,1.9944127798080444
1472,7,7,1,10.507949829101562
1473,7,7,1,8.950920104980469
1474,3,7,0,3.8380932807922363
1475,9,1,0,7.435481548309326
1476,7,7,1,7.435297012329102
1477,7,7,1,5.076717376708984
1478,7,7,1,2.729391574859619
1479,2,9,0,0.25436925888061523
1480,1,3,0,-0.7865761518478394
1481,2,2,1,0.33755818009376526
1482,8,1,0,3.059044361114502
1483,6,6,1,10.850433349609375
1484,4,4,1,6.344111919403076
1485,0,2,0,3.127323627471924
1486,7,7,1,12.744574546813965
1487,9,9,1,9.765207290649414
1488,8,8,1,3.928971290588379
1489,6,6,1,6.546290874481201
1490,8,8,1,8.29671573638916
1491,4,4,1,4.145495891571045
1492,9,1,0,2.7074551582336426
1493,1,1,1,3.010746479034424
1494,7,2,0,1.990807294845581
1495,2,0,0,4.718568325042725
1496,2,3,0,2.508512258529663
1497,8,8,1,12.433484077453613
1498,5,3,0,0.8874893188476562
1499,8,8,1,1.6819583177566528
1500,1,1,1,12.977021217346191
1501,2,3,0,1.0071457624435425
1502,2,2,1,10.920963287353516
1503,4,4,1,3.418508529663086
1504,1,1,1,3.9826135635375977
1505,2,2,1,3.039571762084961
1506,5,7,0,4.52895450592041
1507,2,2,1,2.13033127784729
1508,8,8,1,5.682896137237549
1509,1,1,1,6.8165106773376465
1510,8,8,1,9.885978698730469
1511,1,1,1,10.54741096496582
1512,8,8,1,11.022987365722656
1513,6,6,1,2.390820026397705
1514,0,0,1,7.0217814445495605
1515,2,5,0,2.9144279956817627
1516,4,3,0,0.027368735522031784
1517,1,1,1,17.767467498779297
1518,3,3,1,1.4259191751480103
1519,6,6,1,11.61249828338623
1520,7,7,1,3.9505650997161865
1521,7,1,0,-0.37992846965789795
1522,4,4,1,9.893340110778809
1523,4,4,1,0.5997706651687622
1524,3,3,1,6.049154281616211
1525,3,3,1,5.730604648590088
1526,4,4,1,1.7084304094314575
1527,5,3,0,1.106958270072937
1528,2,2,1,8.454358100891113
1529,4,6,0,-1.8827590942382812
1530,3,3,1,1.9242247343063354
1531,7,7,1,10.885623931884766
1532,8,8,1,8.951288223266602
1533,4,4,1,4.902812480926514
1534,4,4,1,1.9112602472305298
1535,4,2,0,1.954757809638977
1536,5,4,0,-1.301188349723816
1537,4,4,1,8.537552833557129
1538,3,6,0,0.4520133137702942
1539,2,2,1,3.5888497829437256
1540,8,8,1,11.438972473144531
1541,4,4,1,3.473060369491577
1542,5,5,1,4.426748275756836
1543,5,5,1,6.2255859375
1544,4,3,0,2.271327495574951
1545,1,1,1,4.7584686279296875
1546,4,4,1,3.7619516849517822
1547,2,0,0,4.482972621917725
1548,5,3,0,1.6747938394546509
1549,1,1,1,5.975759983062744
1550,6,9,0,-0.16189894080162048
1551,4,4,1,4.4731764793396
1552,3,5,0,2.351346969604492
1553,4,4,1,4.312901020050049
1554,4,2,0,1.2915042638778687
1555,0,0,1,4.533384323120117
1556,8,8,1,3.889521598815918
1557,8,8,1,6.2975969314575195
1558,4,4,1,6.433969974517822
1559,5,3,0,4.7341413497924805
1560,7,7,1,-0.4588108956813812
1561,5,5,1,6.650781631469727
1562,6,1,0,-0.7274944186210632
1563,9,9,1,1.4682363271713257
1564,1,1,1,15.904142379760742
1565,6,3,0,0.7363042831420898
1566,7,7,1,3.2179012298583984
1567,2,2,1,1.3239763975143433
1568,0,0,1,3.55063533782959
1569,1,1,1,6.299581050872803
1570,4,4,1,2.709472417831421
1571,5,1,0,2.4046106338500977
1572,6,6,1,2.6063904762268066
1573,0,0,1,6.910350322723389
1574,0,5,0,0.9292623400688171
1575,2,2,1,3.133284091949463
1576,7,3,0,0.39406782388687134
1577,5,5,1,-0.9439247846603394
1578,6,6,1,7.7145538330078125
1579,0,0,1,1.6290912628173828
1580,6,1,0,-0.4100796580314636
1581,2,2,1,1.703661561012268
1582,9,9,1,5.525322914123535
1583,1,1,1,9.924626350402832
1584,7,7,1,-0.05153629928827286
1585,7,7,1,3.4677579402923584
1586,5,5,1,2.0933473110198975
1587,2,2,1,4.327626705169678
1588,5,5,1,15.06401538848877
1589,6,6,1,-1.334334373474121
1590,4,2,0,0.5247676968574524
1591,1,1,1,10.22248649597168
1592,4,4,1,3.964142084121704
1593,3,3,1,2.665266752243042
1594,3,3,1,2.6235172748565674
1595,3,6,0,4.590284824371338
1596,0,0,1,4.93530797958374
1597,3,3,1,13.45197582244873
1598,5,5,1,6.71718168258667
1599,5,7,0,0.11572634428739548
1600,8,8,1,6.738284111022949
1601,9,9,1,0.639847457408905
1602,7,7,1,5.195399284362793
1603,3,3,1,3.534393787384033
1604,1,1,1,10.413143157958984
1605,3,3,1,-0.23883962631225586
1606,3,3,1,2.7707736492156982
1607,3,3,1,-0.9739019870758057
1608,4,2,0,3.286550283432007
1609,4,2,0,1.6698808670043945
1610,2,4,0,0.803056538105011
1611,3,3,1,10.135170936584473
1612,3,3,1,4.6964497566223145
1613,8,1,0,1.6688053607940674
1614,1,1,1,4.582546710968018
1615,7,3,0,0.5789215564727783
1616,7,7,1,8.641891479492188
1617,0,0,1,11.758235931396484
1618,7,7,1,4.183454990386963
1619,4,4,1,1.2234901189804077
1620,5,1,0,3.1387598514556885
1621,1,1,1,2.204615831375122
1622,4,3,0,0.3206444978713989
1623,2,2,1,0.7830556631088257
1624,4,4,1,5.92705774307251
1625,3,9,0,0.29680415987968445
1626,9,0,0,-0.6415879130363464
1627,9,9,1,10.581073760986328
1628,4,7,0,0.4830409586429596
1629,9,0,0,2.323885679244995
1630,9,9,1,4.086297988891602
1631,1,1,1,12.805465698242188
1632,8,8,1,7.222016334533691
1633,1,1,1,2.4213192462921143
1634,6,6,1,7.1680006980896
1635,7,7,1,5.103226184844971
1636,5,5,1,3.0509843826293945
1637,5,5,1,3.657904624938965
1638,4,2,0,2.06835675239563
1639,9,9,1,9.959002494812012
1640,7,7,1,2.9451818466186523
1641,6,6,1,3.556886911392212
1642,5,8,0,0.598958432674408
1643,9,9,1,2.195814371109009
1644,2,6,0,2.472817897796631
1645,4,4,1,3.673311710357666
1646,0,0,1,6.13647985458374
1647,7,4,0,-1.1056064367294312
1648,8,8,1,1.4972456693649292
1649,5,5,1,3.8696858882904053
1650,5,5,1,8.838372230529785
1651,0,0,1,6.712986469268799
1652,0,0,1,9.681286811828613
1653,9,9,1,9.54014778137207
1654,9,9,1,4.674544334411621
1655,8,8,1,13.677101135253906
1656,2,2,1,2.067852735519409
1657,5,5,1,8.070836067199707
1658,4,4,1,-2.7824625968933105
1659,8,8,1,2.1626834869384766
1660,3,3,1,2.9984242916107178
1661,6,6,1,8.777740478515625
1662,3,3,1,2.1164162158966064
1663,6,6,1,4.017086029052734
1664,0,0,1,6.262714385986328
1665,6,6,1,11.942463874816895
1666,6,3,0,0.30142247676849365
1667,6,6,1,8.703065872192383
1668,9,1,0,8.59615421295166
1669,6,6,1,2.191643238067627
1670,6,6,1,0.15247510373592377
1671,8,8,1,11.863505363464355
1672,6,6,1,6.182768821716309
1673,2,2,1,2.0075221061706543
1674,4,4,1,7.163752555847168
1675,5,7,0,3.8082242012023926
1676,8,8,1,11.695603370666504
1677,1,1,1,11.139307975769043
1678,2,2,1,2.6364428997039795
1679,7,7,1,10.712263107299805
1680,6,4,0,4.1559672355651855
1681,5,6,0,1.3931727409362793
1682,7,7,1,6.010257720947266
1683,8,8,1,8.375134468078613
1684,1,8,0,4.20623779296875
1685,8,7,0,-1.5280226469039917
1686,0,8,0,3.796815872192383
1687,8,0,0,2.5897347927093506
1688,6,6,1,7.955352306365967
1689,9,9,1,7.025634288787842
1690,2,0,0,0.13118840754032135
1691,8,8,1,2.783695697784424
1692,9,9,1,7.331777095794678
1693,4,0,0,2.157977342605591
1694,0,0,1,7.499190807342529
1695,9,9,1,7.576759338378906
1696,4,0,0,2.6901211738586426
1697,9,9,1,5.409918308258057
1698,5,5,1,3.411839723587036
1699,7,2,0,2.1985204219818115
1700,5,3,0,1.9860628843307495
1701,5,5,1,2.3422253131866455
1702,9,9,1,9.609033584594727
1703,5,5,1,3.1299784183502197
1704,3,1,0,0.06833235919475555
1705,0,0,1,3.1153533458709717
1706,1,1,1,13.766186714172363
1707,9,9,1,5.35915470123291
1708,7,7,1,6.195195198059082
1709,2,2,1,4.073117256164551
1710,4,6,0,0.667075514793396
1711,1,1,1,9.157997131347656
1712,0,0,1,9.111255645751953
1713,8,0,0,3.2108490467071533
1714,0,0,1,1.945921778678894
1715,3,3,1,1.1590039730072021
1716,1,1,1,10.392664909362793
1717,7,7,1,6.048323154449463
1718,0,8,0,3.560908317565918
1719,0,0,1,6.667585849761963
1720,4,4,1,4.358513832092285
1721,8,0,0,1.4115934371948242
1722,6,6,1,5.064074516296387
1723,2,3,0,1.5550165176391602
1724,4,4,1,8.702540397644043
1725,0,0,1,10.340601921081543
1726,0,0,1,7.909687519073486
1727,9,9,1,3.9473395347595215
1728,0,0,1,6.242284774780273
1729,8,8,1,13.783867835998535
1730,4,4,1,-0.01899992674589157
1731,5,3,0,2.796215295791626
1732,9,1,0,10.167529106140137
1733,3,5,0,3.6562674045562744
1734,9,9,1,7.687041759490967
1735,0,0,1,6.446122169494629
1736,5,5,1,7.508759498596191
1737,6,3,0,-2.3064873218536377
1738,5,5,1,3.667985439300537
1739,0,9,0,0.016982529312372208
1740,1,1,1,10.688166618347168
1741,4,4,1,0.12692293524742126
1742,8,0,0,3.91774582862854
1743,1,1,1,15.834114074707031
1744,0,0,1,9.711390495300293
1745,5,7,0,4.057289123535156
1746,2,9,0,0.3490373194217682
1747,1,1,1,12.301651000976562
1748,0,2,0,4.264920234680176
1749,2,3,0,1.5585352182388306
1750,8,3,0,0.5163933038711548
1751,1,1,1,6.315718173980713
1752,5,5,1,4.972382545471191
1753,6,6,1,9.691596031188965
1754,7,7,1,8.38156509399414
1755,7,7,1,9.955324172973633
1756,2,6,0,5.852560520172119
1757,6,6,1,0.36405324935913086
1758,2,2,1,14.409717559814453
1759,5,5,1,4.352924823760986
1760,0,8,0,1.1857045888900757
1761,1,1,1,7.072900772094727
1762,4,4,1,9.526289939880371
1763,2,2,1,1.7968201637268066
1764,5,3,0,1.9278829097747803
1765,4,2,0,1.783060073852539
1766,6,6,1,-0.49727004766464233
1767,2,6,0,0.8235023021697998
1768,2,2,1,2.1918036937713623
1769,1,1,1,4.252289295196533
1770,7,4,0,2.2146031856536865
1771,2,6,0,1.0960638523101807
1772,8,1,0,1.0720349550247192
1773,5,5,1,2.4469540119171143
1774,5,5,1,10.350951194763184
1775,3,3,1,7.285048961639404
1776,0,0,1,5.716832160949707
1777,4,4,1,4.322715759277344
1778,8,8,1,15.320853233337402
1779,3,3,1,2.290426254272461
1780,7,7,1,1.4005217552185059
1781,6,6,1,4.190077781677246
1782,3,0,0,0.6886787414550781
1783,8,8,1,6.105834484100342
1784,1,1,1,6.971639633178711
1785,0,2,0,2.3309645652770996
1786,1,1,1,7.434591770172119
1787,3,3,1,3.3649446964263916
1788,3,3,1,2.915337085723877
1789,0,0,1,2.959634304046631
1790,7,7,1,1.0100704431533813
1791,4,3,0,0.6689391732215881
1792,9,9,1,8.110556602478027
1793,5,7,0,5.065060615539551
1794,3,3,1,3.980625867843628
1795,6,6,1,5.3923468589782715
1796,0,0,1,8.22708511352539
1797,1,1,1,10.646201133728027
1798,4,4,1,3.5307717323303223
1799,4,4,1,4.645684719085693
1800,4,0,0,1.873915672302246
1801,4,4,1,9.06775188446045
1802,2,3,0,1.7049790620803833
1803,2,6,0,1.8565884828567505
1804,5,6,0,-0.29680365324020386
1805,8,8,1,11.023223876953125
1806,1,1,1,13.469561576843262
1807,5,5,1,1.0092577934265137
1808,9,9,1,10.21582317352295
1809,8,8,1,13.128989219665527
1810,1,0,0,6.4032793045043945
1811,1,1,1,1.3919405937194824
1812,5,3,0,0.08784613013267517
1813,3,5,0,2.9884753227233887
1814,9,9,1,0.19910204410552979
1815,9,9,1,8.311813354492188
1816,7,7,1,0.7438552379608154
1817,6,6,1,0.72476726770401
1818,5,5,1,5.1214470863342285
1819,0,0,1,7.218337059020996
1820,8,7,0,-0.43547677993774414
1821,4,4,1,5.624739646911621
1822,7,7,1,2.236107110977173
1823,0,7,0,-0.5511208772659302
1824,9,9,1,10.328994750976562
1825,2,2,1,8.44126033782959
1826,8,8,1,9.650296211242676
1827,4,4,1,7.690735816955566
1828,7,7,1,3.2625584602355957
1829,1,1,1,12.980326652526855
1830,3,3,1,-1.1119022369384766
1831,9,9,1,3.2052857875823975
1832,6,2,0,2.111562490463257
1833,8,8,1,15.171462059020996
1834,9,1,0,7.691166400909424
1835,0,0,1,1.724110722541809
1836,4,4,1,2.088442325592041
1837,9,1,0,1.39504873752594
1838,6,8,0,3.064622402191162
1839,7,7,1,0.9358426332473755
1840,8,3,0,0.22269240021705627
1841,9,9,1,2.2833449840545654
1842,4,4,1,8.095972061157227
1843,8,8,1,9.85146713256836
1844,9,9,1,7.462604522705078
1845,7,4,0,0.7371768951416016
1846,2,2,1,5.287487030029297
1847,5,5,1,4.137028694152832
1848,3,3,1,9.499810218811035
1849,7,7,1,10.811819076538086
1850,1,0,0,0.4864389896392822
1851,0,0,1,6.498724460601807
1852,2,2,1,3.3997585773468018
1853,9,9,1,9.314244270324707
1854,5,5,1,6.47937536239624
1855,5,8,0,0.7057934403419495
1856,8,8,1,16.44841766357422
1857,5,3,0,-0.122738778591156
1858,4,4,1,1.6994770765304565
1859,2,2,1,1.6361958980560303
1860,8,1,0,2.1931676864624023
1861,3,8,0,0.9989457130432129
1862,5,3,0,4.939198017120361
1863,5,5,1,3.789577007293701
1864,7,7,1,4.020877838134766
1865,7,7,1,4.521692276000977
1866,8,8,1,14.503405570983887
1867,6,3,0,0.6704411506652832
1868,2,0,0,1.54649019241333
1869,8,8,1,15.056418418884277
1870,2,6,0,1.552403450012207
1871,3,3,1,0.6784139275550842
1872,5,3,0,1.6448824405670166
1873,6,3,0,2.425821304321289
1874,8,8,1,6.159554958343506
1875,0,0,1,3.5580742359161377
1876,2,2,1,7.698641777038574
1877,3,3,1,3.474682092666626
1878,7,7,1,4.682180881500244
1879,0,0,1,8.4393892288208
1880,1,1,1,5.379615783691406
1881,9,9,1,2.3033745288848877
1882,1,1,1,11.077563285827637
1883,3,4,0,4.4386515617370605
1884,7,7,1,0.9494836330413818
1885,5,3,0,2.4696104526519775
1886,8,8,1,-0.3722410500049591
1887,3,3,1,0.7493852376937866
1888,2,2,1,3.656024217605591
1889,9,9,1,6.324647903442383
1890,6,6,1,4.4018120765686035
1891,8,8,1,14.528764724731445
1892,6,6,1,2.1729090213775635
1893,9,9,1,5.494994640350342
1894,3,3,1,11.246190071105957
1895,8,8,1,5.758960247039795
1896,9,8,0,4.185821056365967
1897,8,8,1,6.870408535003662
1898,0,1,0,2.5371270179748535
1899,7,7,1,10.813384056091309
1900,8,8,1,4.944126129150391
1901,5,3,0,7.390684127807617
1902,0,0,1,4.7565717697143555
1903,0,0,1,7.631531238555908
1904,1,1,1,14.78130054473877
1905,3,3,1,-0.12207090854644775
1906,9,9,1,1.1472245454788208
1907,1,1,1,6.726025581359863
1908,5,5,1,10.095454216003418
1909,3,3,1,2.838393449783325
1910,4,4,1,1.704811453819275
1911,4,4,1,7.656713485717773
1912,0,2,0,0.052001986652612686
1913,9,9,1,3.4151976108551025
1914,9,9,1,11.06729507446289
1915,9,9,1,9.364357948303223
1916,9,9,1,5.045948028564453
1917,8,1,0,0.8379774689674377
1918,2,2,1,4.040988922119141
1919,4,4,1,5.976951599121094
1920,2,2,1,8.748212814331055
1921,2,2,1,5.164158821105957
1922,5,5,1,2.206409454345703
1923,1,1,1,13.535431861877441
1924,9,9,1,0.5185884833335876
1925,1,1,1,10.437239646911621
1926,0,0,1,8.558358192443848
1927,9,9,1,9.824905395507812
1928,4,4,1,3.2319083213806152
1929,2,2,1,6.616094589233398
1930,1,1,1,3.5072903633117676
1931,6,3,0,0.9856857061386108
1932,0,2,0,0.42053261399269104
1933,3,3,1,5.101692199707031
1934,7,7,1,3.5639560222625732
1935,6,3,0,-0.7364565134048462
1936,3,3,1,2.776211738586426
1937,1,1,1,-0.5640808343887329
1938,8,8,1,7.51760721206665
1939,6,5,0,2.0461013317108154
1940,5,5,1,5.698862552642822
1941,7,7,1,7.16111946105957
1942,2,2,1,8.981485366821289
1943,8,8,1,11.473843574523926
1944,4,3,0,1.8998392820358276
1945,4,7,0,8.090005874633789
1946,8,8,1,8.606278419494629
1947,3,9,0,0.5242522358894348
1948,5,5,1,4.8485822677612305
1949,0,0,1,6.71293306350708
1950,5,5,1,5.7807512283325195
1951,7,7,1,2.593386173248291
1952,4,4,1,8.278477668762207
1953,4,0,0,0.20123419165611267
1954,2,7,0,-0.4787610173225403
1955,2,2,1,3.379640817642212
1956,7,7,1,7.117021560668945
1957,3,7,0,-1.0024853944778442
1958,6,6,1,4.220662593841553
1959,0,0,1,7.3836565017700195
1960,2,2,1,7.556370735168457
1961,7,7,1,10.322149276733398
1962,6,6,1,2.41099214553833
1963,2,0,0,1.195320963859558
1964,3,3,1,7.022304058074951
1965,0,0,1,-0.21429966390132904
1966,7,2,0,2.446638822555542
1967,7,7,1,12.476163864135742
1968,8,3,0,-1.3194177150726318
1969,1,9,0,2.3093597888946533
1970,1,1,1,13.387796401977539
1971,4,3,0,2.1932687759399414
1972,6,1,0,-0.634586751461029
1973,0,0,1,6.777270793914795
1974,6,6,1,11.346652030944824
1975,6,6,1,0.8804246187210083
1976,5,5,1,2.3859570026397705
1977,5,5,1,3.423240900039673
1978,6,6,1,0.9142794609069824
1979,3,6,0,1.0429365634918213
1980,9,9,1,6.957420825958252
1981,3,5,0,-2.3172061443328857
1982,6,6,1,0.6491878628730774
1983,8,2,0,-0.44597840309143066
1984,7,7,1,7.266573429107666
1985,6,6,1,4.319249153137207
1986,4,2,0,0.37463298439979553
1987,9,0,0,3.169140338897705
1988,5,1,0,2.6835319995880127
1989,6,6,1,5.075521945953369
1990,4,7,0,0.8318677544593811
1991,1,1,1,15.168866157531738
1992,6,6,1,7.875047206878662
1993,3,3,1,0.9042233228683472
1994,8,8,1,7.07480001449585
1995,2,2,1,4.5240888595581055
1996,3,3,1,1.2437876462936401
1997,9,9,1,8.574344635009766
1998,8,8,1,2.264284610748291
1999,5,5,1,14.539900779724121
2000,1,1,1,14.550525665283203
2001,5,3,0,1.490623116493225
2002,4,2,0,-0.24204087257385254
2003,5,5,1,6.144205093383789
2004,7,7,1,11.801663398742676
2005,5,5,1,0.4782141149044037
2006,7,7,1,9.615691184997559
2007,8,8,1,9.620620727539062
2008,9,9,1,2.0742461681365967
2009,1,1,1,3.5959866046905518
2010,7,7,1,2.7573301792144775
2011,2,2,1,1.5438584089279175
2012,5,5,1,9.160759925842285
2013,6,3,0,-1.287920594215393
2014,8,8,1,6.680675506591797
2015,4,4,1,4.877884387969971
2016,6,4,0,5.435794830322266
2017,5,5,1,0.042251747101545334
2018,3,4,0,0.07747185975313187
2019,9,9,1,4.613427639007568
2020,9,9,1,5.990658283233643
2021,8,8,1,2.4696803092956543
2022,5,5,1,7.737583637237549
2023,5,7,0,0.2979031205177307
2024,6,6,1,0.16016824543476105
2025,4,4,1,7.728163242340088
2026,5,5,1,4.980973243713379
2027,9,9,1,8.426359176635742
2028,7,7,1,5.729083061218262
2029,3,1,0,0.42521142959594727
2030,4,9,0,0.3095248341560364
2031,1,1,1,5.2277069091796875
2032,4,4,1,0.46875739097595215
2033,2,4,0,2.400129795074463
2034,3,4,0,4.503129482269287
2035,6,6,1,2.901015043258667
2036,5,5,1,4.920497417449951
2037,5,3,0,5.310739994049072
2038,2,3,0,0.7684953212738037
2039,8,8,1,14.272481918334961
2040,0,0,1,8.18826675415039
2041,0,0,1,4.191656589508057
2042,1,1,1,13.99875259399414
2043,8,8,1,1.2135968208312988
2044,3,3,1,8.482436180114746
2045,1,1,1,11.103996276855469
2046,3,3,1,-0.6953084468841553
2047,5,5,1,2.703225612640381
2048,8,8,1,20.889856338500977
2049,3,3,1,3.815606117248535
2050,8,8,1,5.267484188079834
2051,5,5,1,5.454346656799316
2052,8,0,0,2.9551451206207275
2053,6,6,1,6.7397780418396
2054,3,3,1,2.569237232208252
2055,5,5,1,11.072823524475098
2056,5,5,1,0.6299928426742554
2057,5,5,1,6.060322284698486
2058,0,8,0,5.74634313583374
2059,9,0,0,2.4107282161712646
2060,5,5,1,5.87438440322876
2061,5,4,0,1.5940064191818237
2062,7,7,1,8.7760009765625
2063,1,9,0,2.171208620071411
2064,8,0,0,1.8751306533813477
2065,2,3,0,0.18850865960121155
2066,2,2,1,1.7461919784545898
2067,7,7,1,1.976596713066101
2068,3,3,1,9.173727989196777
2069,4,4,1,3.556922435760498
2070,2,2,1,0.718772828578949
2071,9,9,1,7.333409309387207
2072,6,3,0,0.2607135772705078
2073,2,2,1,8.872804641723633
2074,2,2,1,8.137218475341797
2075,4,0,0,0.35460126399993896
2076,3,3,1,7.270444393157959
2077,0,0,1,3.6431615352630615
2078,2,6,0,-0.033579424023628235
2079,0,2,0,2.725600481033325
2080,1,1,1,10.266303062438965
2081,3,3,1,3.8666670322418213
2082,2,2,1,2.8708527088165283
2083,2,6,0,1.7386969327926636
2084,7,7,1,13.707879066467285
2085,0,9,0,0.5050033330917358
2086,1,1,1,1.676182746887207
2087,0,0,1,5.511668682098389
2088,7,7,1,4.749368190765381
2089,7,7,1,11.010501861572266
2090,2,0,0,0.9329134225845337
2091,0,2,0,1.5055677890777588
2092,1,1,1,6.785292148590088
2093,6,6,1,11.335930824279785
2094,5,5,1,6.355894565582275
2095,0,0,1,2.1657931804656982
2096,2,9,0,-0.713786244392395
2097,2,3,0,0.44639721512794495
2098,0,0,1,6.835382461547852
2099,1,1,1,18.968233108520508
2100,2,2,1,9.055935859680176
2101,6,1,0,1.9848214387893677
2102,0,0,1,7.679335117340088
2103,1,1,1,11.088173866271973
2104,6,6,1,14.567818641662598
2105,6,6,1,2.714911937713623
2106,5,3,0,2.765040874481201
2107,3,3,1,2.010258436203003
2108,4,4,1,0.8701691627502441
2109,0,0,1,11.36274528503418
2110,0,0,1,7.570969581604004
2111,9,8,0,3.0563371181488037
2112,1,1,1,8.123241424560547
2113,0,0,1,6.097512722015381
2114,2,2,1,3.437687635421753
2115,5,5,1,6.48089075088501
2116,9,9,1,6.996661186218262
2117,7,0,0,5.310183525085449
2118,8,8,1,4.683104515075684
2119,6,6,1,5.514085292816162
2120,4,4,1,0.10648985952138901
2121,6,6,1,7.607795238494873
2122,0,2,0,0.3752571642398834
2123,2,2,1,5.063701629638672
2124,0,0,1,3.186732053756714
2125,1,8,0,2.1282777786254883
2126,9,9,1,7.692747592926025
2127,2,2,1,0.7467597126960754
2128,4,6,0,2.7149507999420166
2129,9,9,1,0.8463098406791687
2130,0,2,0,1.6194700002670288
2131,7,7,1,3.454988479614258
2132,2,6,0,0.2711598575115204
2133,3,3,1,3.1181867122650146
2134,4,4,1,2.7544398307800293
2135,8,8,1,11.721892356872559
2136,0,2,0,-0.6241150498390198
2137,2,2,1,3.7929189205169678
2138,6,6,1,12.16687297821045
2139,8,8,1,8.404651641845703
2140,9,9,1,8.414154052734375
2141,7,4,0,0.9584932327270508
2142,1,8,0,5.676802158355713
2143,9,1,0,10.35050106048584
2144,3,3,1,3.312239408493042
2145,7,7,1,3.660433769226074
2146,2,2,1,6.962457656860352
2147,7,7,1,6.24780797958374
2148,9,9,1,8.999044418334961
2149,6,6,1,1.4485033750534058
2150,9,9,1,10.770183563232422
2151,5,7,0,0.4174465835094452
2152,7,7,1,8.927640914916992
2153,8,0,0,3.3835432529449463
2154,5,8,0,1.7374948263168335
2155,9,9,1,6.314423561096191
2156,8,8,1,4.666721820831299
2157,3,3,1,6.018528938293457
2158,9,0,0,0.35763105750083923
2159,8,3,0,-0.5111873745918274
2160,0,0,1,7.613012790679932
2161,5,3,0,2.685058832168579
2162,5,5,1,-1.5877723693847656
2163,7,7,1,3.147665500640869
2164,1,1,1,9.992542266845703
2165,2,0,0,-0.3155805468559265
2166,0,2,0,3.198969602584839
2167,7,7,1,3.360198736190796
2168,5,5,1,1.875962734222412
2169,8,8,1,11.201343536376953
2170,2,2,1,6.830722808837891
2171,2,2,1,1.7554221153259277
2172,5,7,0,-0.11649245768785477
2173,3,3,1,0.6941569447517395
2174,9,9,1,2.5559771060943604
2175,3,3,1,1.6232203245162964
2176,1,1,1,6.9869160652160645
2177,9,9,1,5.463106155395508
2178,3,9,0,1.3505502939224243
2179,1,1,1,16.838716506958008
2180,4,4,1,5.970274925231934
2181,3,3,1,-0.34888944029808044
2182,4,4,1,7.443808078765869
2183,4,4,1,0.27138444781303406
2184,9,9,1,7.461151599884033
2185,0,0,1,13.053756713867188
2186,9,1,0,7.870152473449707
2187,5,3,0,1.4122849702835083
2188,9,9,1,13.701118469238281
2189,2,2,1,10.16289234161377
2190,9,9,1,9.795450210571289
2191,4,7,0,1.4795647859573364
2192,0,0,1,2.194662570953369
2193,2,2,1,7.0904459953308105
2194,8,8,1,16.584157943725586
2195,4,4,1,4.810855865478516
2196,8,8,1,9.25402545928955
2197,6,6,1,12.305274963378906
2198,8,8,1,5.736438274383545
2199,2,5,0,1.3106907606124878
2200,0,0,1,4.4165191650390625
2201,5,5,1,7.72860050201416
2202,9,1,0,0.6001694798469543
2203,6,3,0,1.5847448110580444
2204,9,9,1,2.6835548877716064
2205,5,3,0,-0.44744762778282166
2206,1,1,1,2.4083805084228516
2207,3,3,1,2.7610387802124023
2208,4,4,1,11.608041763305664
2209,4,4,1,2.754725694656372
2210,2,0,0,0.7505695223808289
2211,7,7,1,9.989397048950195
2212,2,3,0,1.0663167238235474
2213,4,4,1,5.274743556976318
2214,4,6,0,2.372771978378296
2215,0,0,1,14.323742866516113
2216,2,2,1,1.3745366334915161
2217,8,8,1,12.130160331726074
2218,4,4,1,10.948225975036621
2219,5,2,0,-0.30307266116142273
2220,1,1,1,16.898208618164062
2221,2,2,1,5.215629577636719
2222,6,6,1,8.89763355255127
2223,8,8,1,10.957983016967773
2224,1,1,1,8.74826717376709
2225,7,7,1,3.8882737159729004
2226,2,6,0,2.2072744369506836
2227,8,8,1,12.354790687561035
2228,7,7,1,6.588395118713379
2229,4,4,1,3.7813401222229004
2230,3,4,0,5.763558387756348
2231,3,3,1,3.2717936038970947
2232,0,0,1,-1.3052682876586914
2233,3,0,0,2.311657428741455
2234,7,7,1,9.292014122009277
2235,2,2,1,4.837161064147949
2236,5,5,1,6.624369144439697
2237,6,6,1,10.055739402770996
2238,1,1,1,6.536442279815674
2239,7,7,1,14.314559936523438
2240,9,1,0,2.896569013595581
2241,0,0,1,9.90412712097168
2242,2,2,1,2.4318487644195557
2243,3,3,1,0.5057047009468079
2244,9,9,1,3.5679478645324707
2245,8,8,1,3.599033832550049
2246,9,0,0,2.549288272857666
2247,5,5,1,11.587397575378418
2248,0,0,1,4.10505485534668
2249,0,0,1,11.607467651367188
2250,7,7,1,-0.05239061266183853
2251,6,3,0,1.4260252714157104
2252,3,3,1,3.16654372215271
2253,3,3,1,2.3389060497283936
2254,8,8,1,5.209845066070557
2255,1,8,0,1.3826531171798706
2256,4,4,1,7.359527111053467
2257,0,0,1,2.3517258167266846
2258,1,1,1,7.695745944976807
2259,5,5,1,9.886320114135742
2260,4,9,0,-0.8159156441688538
2261,3,3,1,7.633335113525391
2262,2,2,1,2.6451644897460938
2263,6,6,1,6.458759307861328
2264,0,0,1,1.3053672313690186
2265,8,8,1,14.225016593933105
2266,8,3,0,0.1727510690689087
2267,6,6,1,6.366025447845459
2268,3,3,1,0.4128788709640503
2269,3,3,1,5.953169822692871
2270,2,3,0,1.8273729085922241
2271,9,8,0,1.6083920001983643
2272,7,7,1,5.7050886154174805
2273,5,3,0,0.80968177318573
2274,1,1,1,7.518164157867432
2275,6,6,1,2.0795395374298096
2276,0,0,1,10.876516342163086
2277,5,5,1,7.759738922119141
2278,9,9,1,10.754227638244629
2279,9,9,1,7.539913654327393
2280,4,4,1,4.915454387664795
2281,5,5,1,11.014582633972168
2282,9,9,1,9.095970153808594
2283,4,3,0,1.5768924951553345
2284,8,8,1,9.886811256408691
2285,3,3,1,-0.3288363814353943
2286,3,5,0,2.6292102336883545
2287,2,2,1,5.651244163513184
2288,5,5,1,6.381239891052246
2289,1,1,1,15.447358131408691
2290,9,9,1,4.890164375305176
2291,5,5,1,8.626181602478027
2292,5,3,0,8.256348609924316
2293,8,1,0,4.474456787109375
2294,1,1,1,8.764348030090332
2295,8,8,1,15.696109771728516
2296,9,9,1,6.281662464141846
2297,7,7,1,7.387033462524414
2298,0,2,0,5.361196041107178
2299,6,6,1,3.242497444152832
2300,3,9,0,1.024689793586731
2301,2,6,0,2.683041572570801
2302,0,0,1,7.395952224731445
2303,2,0,0,0.7287202477455139
2304,6,6,1,8.560914039611816
2305,9,9,1,1.3365778923034668
2306,3,3,1,6.814936637878418
2307,9,9,1,3.867865800857544
2308,1,1,1,4.936300277709961
2309,6,2,0,6.477856636047363
2310,6,6,1,4.277537822723389
2311,7,7,1,2.991431713104248
2312,2,2,1,-0.9891164898872375
2313,6,6,1,11.091450691223145
2314,3,7,0,0.8115066289901733
2315,2,2,1,6.458961486816406
2316,5,1,0,-0.08409835398197174
2317,5,3,0,4.14610481262207
2318,2,2,1,6.103898048400879
2319,7,8,0,3.133591413497925
2320,5,3,0,0.3137829303741455
2321,2,2,1,2.616032838821411
2322,0,0,1,4.107705116271973
2323,8,8,1,7.700500011444092
2324,0,0,1,8.71766471862793
2325,7,3,0,0.7093236446380615
2326,7,7,1,15.504024505615234
2327,1,9,0,2.64892840385437
2328,7,7,1,9.751724243164062
2329,4,3,0,0.6303423643112183
2330,0,0,1,12.920681953430176
2331,2,4,0,4.6129584312438965
2332,2,2,1,9.965811729431152
2333,6,6,1,6.694639205932617
2334,1,1,1,6.5104594230651855
2335,5,5,1,7.652128219604492
2336,9,9,1,2.2442069053649902
2337,7,7,1,1.6917411088943481
2338,6,1,0,3.418158769607544
2339,2,2,1,4.770663261413574
2340,7,7,1,10.39459228515625
2341,0,0,1,8.985372543334961
2342,5,3,0,1.0552220344543457
2343,6,3,0,1.5553823709487915
2344,0,0,1,5.914396286010742
2345,1,1,1,5.6194376945495605
2346,1,1,1,7.856688976287842
2347,8,8,1,8.681184768676758
2348,4,4,1,3.2875876426696777
2349,5,3,0,0.8349310159683228
2350,3,3,1,0.7404378652572632
2351,1,1,1,4.940432071685791
2352,2,3,0,-1.030198097229004
2353,4,4,1,4.079758644104004
2354,8,8,1,7.72824239730835
2355,9,1,0,7.323898792266846
2356,8,8,1,2.150080680847168
2357,1,1,1,9.964512825012207
2358,7,7,1,4.084205150604248
2359,2,2,1,2.602907180786133
2360,7,7,1,9.935056686401367
2361,2,4,0,-0.38519591093063354
2362,3,3,1,2.968181848526001
2363,2,6,0,1.062861442565918
2364,6,6,1,4.684779644012451
2365,7,3,0,-0.1806512326002121
2366,9,9,1,7.697188854217529
2367,4,9,0,1.378548264503479
2368,0,0,1,3.758829116821289
2369,1,1,1,10.828635215759277
2370,0,0,1,9.868263244628906
2371,4,4,1,5.515964031219482
2372,5,5,1,3.8557212352752686
2373,0,0,1,2.9240293502807617
2374,8,8,1,7.87350606918335
2375,0,0,1,4.480137825012207
2376,7,7,1,0.43481624126434326
2377,6,4,0,4.90070915222168
2378,1,1,1,9.63512134552002
2379,0,0,1,3.487952947616577
2380,8,8,1,8.69010066986084
2381,5,5,1,2.313265085220337
2382,9,9,1,8.142688751220703
2383,2,2,1,2.2849113941192627
2384,5,5,1,3.7825214862823486
2385,4,7,0,0.4837038218975067
2386,4,4,1,2.9134912490844727
2387,9,9,1,3.6348133087158203
2388,0,0,1,7.418435573577881
2389,6,6,1,5.178110599517822
2390,1,1,1,6.004195690155029
2391,2,2,1,5.7897515296936035
2392,5,2,0,1.5314605236053467
2393,1,3,0,1.7735892534255981
2394,6,6,1,2.67598819732666
2395,7,3,0,-0.6231161952018738
2396,1,1,1,7.582035541534424
2397,5,5,1,3.3532819747924805
2398,8,8,1,8.066768646240234
2399,8,8,1,11.043760299682617
2400,0,0,1,7.463619232177734
2401,3,8,0,1.138442873954773
2402,9,9,1,9.005319595336914
2403,4,4,1,5.4835920333862305
2404,0,0,1,5.132038593292236
2405,3,6,0,8.617061614990234
2406,4,4,1,10.00263500213623
2407,9,9,1,6.500359058380127
2408,2,2,1,5.510817050933838
2409,4,4,1,2.166834831237793
2410,3,3,1,0.8376048803329468
2411,0,0,1,9.747273445129395
2412,6,6,1,3.5713534355163574
2413,4,0,0,-0.10579882562160492
2414,5,5,1,6.506946563720703
2415,6,3,0,1.3429582118988037
2416,6,6,1,0.2861609160900116
2417,7,7,1,12.057841300964355
2418,8,8,1,7.880034923553467
2419,4,4,1,5.741830348968506
2420,8,8,1,1.5188701152801514
2421,8,8,1,1.6963183879852295
2422,3,3,1,1.1216319799423218
2423,2,3,0,1.283650279045105
2424,8,8,1,3.839232921600342
2425,0,0,1,8.869161605834961
2426,2,2,1,5.618853569030762
2427,5,5,1,8.46982192993164
2428,6,3,0,0.2149553894996643
2429,8,8,1,14.359017372131348
2430,7,7,1,6.981895446777344
2431,8,8,1,3.1462621688842773
2432,9,9,1,2.240255832672119
2433,9,9,1,6.005058288574219
2434,0,0,1,2.794917106628418
2435,6,6,1,3.718780517578125
2436,6,2,0,1.1933948993682861
2437,8,8,1,5.556288242340088
2438,1,9,0,3.6160521507263184
2439,1,1,1,10.496962547302246
2440,7,7,1,4.947189807891846
2441,4,4,1,2.3095076084136963
2442,4,4,1,1.6993073225021362
2443,2,2,1,3.570674419403076
2444,3,6,0,4.191608428955078
2445,6,6,1,16.042692184448242
2446,9,9,1,3.456904888153076
2447,6,6,1,5.508579730987549
2448,2,3,0,3.486471176147461
2449,4,4,1,3.8391618728637695
2450,1,1,1,14.937172889709473
2451,8,0,0,3.2756145000457764
2452,2,2,1,2.406144380569458
2453,3,0,0,-0.07413335144519806
2454,1,6,0,1.2892889976501465
2455,6,6,1,6.029844760894775
2456,8,0,0,3.2658016681671143
2457,6,6,1,14.265375137329102
2458,8,8,1,9.06775188446045
2459,5,5,1,4.203093528747559
2460,9,9,1,7.637165069580078
2461,0,2,0,2.777026891708374
2462,1,1,1,2.8596086502075195
2463,0,0,1,2.8312790393829346
2464,2,2,1,1.5759217739105225
2465,9,9,1,6.233636379241943
2466,2,2,1,1.0194727182388306
2467,9,9,1,12.553485870361328
2468,0,0,1,2.122392177581787
2469,9,9,1,6.052309036254883
2470,7,7,1,8.242920875549316
2471,8,8,1,4.033114910125732
2472,5,3,0,1.7102888822555542
2473,0,8,0,4.5247416496276855
2474,6,6,1,7.035344123840332
2475,6,6,1,5.892202377319336
2476,8,8,1,2.172255516052246
2477,1,1,1,4.683014392852783
2478,6,6,1,3.3556973934173584
2479,5,3,0,-1.7397937774658203
2480,8,8,1,14.72215461730957
2481,7,3,0,1.0642551183700562
2482,9,9,1,1.4147770404815674
2483,2,2,1,4.539988994598389
2484,1,1,1,21.0411434173584
2485,6,6,1,6.6358137130737305
2486,7,4,0,3.26957631111145
2487,5,5,1,3.4303619861602783
2488,6,6,1,5.933315753936768
2489,3,3,1,3.8605082035064697
2490,0,0,1,2.1730926036834717
2491,9,9,1,5.008717060089111
2492,8,0,0,1.6972826719284058
2493,9,9,1,9.680377960205078
2494,5,3,0,-0.8954424858093262
2495,9,3,0,2.6242566108703613
2496,9,9,1,-0.5963592529296875
2497,9,9,1,4.62124490737915
2498,3,3,1,9.014824867248535
2499,6,6,1,5.931918144226074
2500,4,4,1,2.4522058963775635
2501,4,4,1,5.096729755401611
2502,8,8,1,5.749117851257324
2503,8,8,1,-0.1384771764278412
2504,1,1,1,11.339275360107422
2505,7,7,1,4.016763210296631
2506,3,3,1,2.1777262687683105
2507,0,0,1,4.703685283660889
2508,6,1,0,-0.2604779601097107
2509,2,2,1,1.796169638633728
2510,4,4,1,8.751409530639648
2511,8,0,0,1.185168743133545
2512,2,2,1,5.00208854675293
2513,2,2,1,11.739429473876953
2514,9,9,1,3.5171163082122803
2515,2,2,1,1.844034194946289
2516,2,2,1,6.328944206237793
2517,9,9,1,2.9427552223205566
2518,7,7,1,5.891226768493652
2519,4,4,1,5.5346198081970215
2520,1,1,1,6.482898235321045
2521,9,9,1,2.3307528495788574
2522,1,1,1,10.475213050842285
2523,4,4,1,2.125516891479492
2524,3,5,0,0.482231467962265
2525,5,2,0,0.10533834993839264
2526,3,2,0,2.776650905609131
2527,8,0,0,1.2696034908294678
2528,9,9,1,9.026230812072754
2529,3,3,1,4.390443801879883
2530,6,5,0,0.9435679912567139
2531,2,2,1,6.301558494567871
2532,0,0,1,8.171481132507324
2533,8,9,0,2.7427022457122803
2534,9,0,0,-0.5687301158905029
2535,0,0,1,1.0833768844604492
2536,5,3,0,2.6114165782928467
2537,1,1,1,3.131303310394287
2538,5,5,1,1.1984680891036987
2539,8,8,1,9.646595001220703
2540,2,3,0,1.6558226346969604
2541,1,1,1,20.28205108642578
2542,2,0,0,3.0079572200775146
2543,3,3,1,5.073042869567871
2544,2,2,1,4.468628406524658
2545,4,4,1,3.8853232860565186
2546,8,8,1,3.7741262912750244
2547,4,4,1,3.4719858169555664
2548,0,0,1,0.9539665579795837
2549,6,4,0,2.1193761825561523
2550,4,4,1,3.871286153793335
2551,2,2,1,0.547115683555603
2552,9,9,1,5.165531158447266
2553,8,8,1,8.76279354095459
2554,4,7,0,1.1215105056762695
2555,7,7,1,5.838326930999756
2556,6,6,1,6.630347728729248
2557,2,2,1,1.8809564113616943
2558,4,4,1,4.62765645980835
2559,7,7,1,2.264587879180908
2560,7,7,1,4.536317825317383
2561,6,6,1,14.872225761413574
2562,4,4,1,3.135007381439209
2563,2,2,1,14.514216423034668
2564,2,2,1,7.194401741027832
2565,3,3,1,1.5637993812561035
2566,2,2,1,4.06972599029541
2567,4,4,1,1.8102836608886719
2568,9,9,1,2.6346709728240967
2569,0,0,1,9.050655364990234
2570,0,3,0,-0.5132439136505127
2571,9,9,1,7.254044055938721
2572,6,6,1,6.2913737297058105
2573,5,5,1,6.286478042602539
2574,8,8,1,10.7879638671875
2575,5,5,1,6.582817077636719
2576,2,2,1,7.5847978591918945
2577,4,3,0,1.2964669466018677
2578,8,8,1,11.96017074584961
2579,8,1,0,3.6178245544433594
2580,6,3,0,1.0053132772445679
2581,4,6,0,-1.136460781097412
2582,5,5,1,7.2397260665893555
2583,7,7,1,3.3247711658477783
2584,6,2,0,-0.3344022035598755
2585,3,3,1,1.8077783584594727
2586,7,7,1,3.593228816986084
2587,0,0,1,1.0775294303894043
2588,4,3,0,2.703221559524536
2589,0,0,1,2.5944480895996094
2590,5,9,0,2.2174994945526123
2591,8,8,1,12.588522911071777
2592,2,4,0,4.051202774047852
2593,8,8,1,8.118608474731445
2594,0,8,0,4.357455730438232
2595,4,4,1,6.354933261871338
2596,9,9,1,0.2177724689245224
2597,2,2,1,2.0259125232696533
2598,3,3,1,1.3906636238098145
2599,6,3,0,3.665388345718384
2600,8,8,1,9.032280921936035
2601,1,1,1,14.9169340133667
2602,6,6,1,9.564971923828125
2603,0,0,1,4.877584934234619
2604,8,8,1,4.82133150100708
2605,4,4,1,6.5020294189453125
2606,3,3,1,1.091895341873169
2607,1,7,0,1.6089613437652588
2608,4,4,1,6.493864059448242
2609,5,5,1,2.473890542984009
2610,2,2,1,9.51235580444336
2611,4,4,1,2.566176176071167
2612,3,3,1,0.47219449281692505
2613,6,6,1,4.245846271514893
2614,0,0,1,6.561452388763428
2615,7,7,1,10.97342586517334
2616,1,1,1,9.865324020385742
2617,3,3,1,5.598369121551514
2618,5,5,1,6.419792175292969
2619,7,3,0,0.3862423300743103
2620,1,1,1,5.429710865020752
2621,8,8,1,16.808349609375
2622,0,2,0,7.2914838790893555
2623,4,3,0,1.476542353630066
2624,8,8,1,10.838188171386719
2625,2,2,1,4.030944347381592
2626,7,7,1,8.351816177368164
2627,7,7,1,10.077497482299805
2628,0,0,1,6.972525596618652
2629,2,6,0,4.001996040344238
2630,2,2,1,3.497497081756592
2631,4,4,1,7.211951732635498
2632,3,5,0,6.470667839050293
2633,3,3,1,3.497831344604492
2634,1,1,1,2.0100808143615723
2635,6,3,0,1.394030213356018
2636,1,1,1,11.454216003417969
2637,6,3,0,2.577847719192505
2638,4,3,0,2.001007080078125
2639,6,6,1,0.9354838132858276
2640,7,7,1,9.811924934387207
2641,4,4,1,4.00173282623291
2642,7,7,1,4.965235710144043
2643,3,3,1,2.668255567550659
2644,8,8,1,6.892370700836182
2645,1,1,1,11.118775367736816
2646,3,3,1,4.4556403160095215
2647,1,9,0,0.8071898818016052
2648,4,4,1,2.08201003074646
2649,6,6,1,13.851466178894043
2650,5,3,0,0.12411145865917206
2651,5,2,0,-0.9674827456474304
2652,7,7,1,5.054781436920166
2653,4,0,0,1.4734476804733276
2654,5,5,1,5.881458282470703
2655,4,4,1,1.6157892942428589
2656,9,9,1,4.728649616241455
2657,7,3,0,1.5382936000823975
2658,7,7,1,7.738029479980469
2659,2,2,1,3.353947162628174
2660,3,3,1,8.380661964416504
2661,3,3,1,7.720432758331299
2662,6,8,0,0.5300852060317993
2663,7,7,1,9.766539573669434
2664,4,4,1,1.968194842338562
2665,1,1,1,11.803069114685059
2666,6,6,1,8.047390937805176
2667,1,1,1,9.6243314743042
2668,0,0,1,5.505016326904297
2669,6,6,1,5.460997104644775
2670,9,1,0,6.668540000915527
2671,6,6,1,6.244166851043701
2672,0,0,1,0.7560808062553406
2673,2,2,1,1.7933564186096191
2674,0,2,0,2.0912792682647705
2675,2,1,0,1.9128175973892212
2676,4,4,1,4.674790859222412
2677,7,7,1,4.542073726654053
2678,0,0,1,1.4272384643554688
2679,0,0,1,0.4989925026893616
2680,0,0,1,10.532968521118164
2681,0,0,1,9.701421737670898
2682,7,7,1,6.704933166503906
2683,5,5,1,5.616447448730469
2684,3,3,1,2.4333860874176025
2685,2,2,1,3.190021276473999
2686,7,7,1,11.413589477539062
2687,8,8,1,15.133131980895996
2688,5,5,1,0.31053075194358826
2689,5,5,1,5.192483901977539
2690,2,2,1,-0.10929881036281586
2691,2,2,1,13.093708992004395
2692,8,8,1,2.002474784851074
2693,9,9,1,5.459435939788818
2694,1,1,1,6.9983229637146
2695,2,2,1,1.0282928943634033
2696,2,2,1,1.8005874156951904
2697,0,0,1,0.07702518999576569
2698,3,3,1,7.312629222869873
2699,4,4,1,6.486257076263428
2700,9,9,1,3.6162424087524414
2701,1,1,1,7.837916374206543
2702,6,6,1,0.09808747470378876
2703,9,0,0,5.47224760055542
2704,0,0,1,4.063648223876953
2705,8,8,1,4.719046115875244
2706,3,3,1,0.37689265608787537
2707,6,6,1,12.991896629333496
2708,4,4,1,0.67596435546875
2709,6,6,1,11.753256797790527
2710,7,2,0,1.7051442861557007
2711,5,3,0,1.4609540700912476
2712,1,3,0,2.699862241744995
2713,8,8,1,18.435766220092773
2714,9,0,0,3.361346483230591
2715,0,0,1,3.8126673698425293
2716,5,3,0,0.8437173366546631
2717,0,0,1,2.273557662963867
2718,5,5,1,4.657968521118164
2719,4,3,0,1.4654449224472046
2720,3,9,0,0.8873356580734253
2721,8,3,0,0.7831009030342102
2722,5,5,1,2.592709541320801
2723,2,9,0,-2.005068302154541
2724,0,0,1,12.328330039978027
2725,8,0,0,1.6356765031814575
2726,5,3,0,3.2918872833251953
2727,9,9,1,9.317583084106445
2728,2,2,1,4.494001865386963
2729,5,4,0,-0.5337483286857605
2730,6,6,1,6.6054606437683105
2731,5,5,1,5.9696197509765625
2732,7,7,1,4.819919586181641
2733,3,3,1,1.4622882604599
2734,7,7,1,3.339831829071045
2735,2,2,1,2.412024974822998
2736,8,8,1,4.139116287231445
2737,8,8,1,8.280752182006836
2738,4,4,1,7.407473087310791
2739,2,2,1,6.81484842300415
2740,1,1,1,9.963223457336426
2741,6,6,1,11.274582862854004
2742,2,2,1,0.6637250781059265
2743,9,9,1,2.0728600025177
2744,9,9,1,3.549790620803833
2745,8,8,1,15.997903823852539
2746,2,2,1,2.427446126937866
2747,3,3,1,1.3080486059188843
2748,1,1,1,11.082099914550781
2749,0,0,1,7.941033840179443
2750,5,5,1,7.1443634033203125
2751,2,2,1,11.171220779418945
2752,3,3,1,5.219586372375488
2753,7,7,1,9.896932601928711
2754,9,9,1,4.410309314727783
2755,5,5,1,5.924842834472656
2756,9,9,1,2.512627124786377
2757,1,1,1,0.9974073171615601
2758,1,1,1,3.6592864990234375
2759,3,3,1,3.288054943084717
2760,2,2,1,4.078950881958008
2761,7,7,1,3.143972396850586
2762,4,2,0,3.291370391845703
2763,4,2,0,2.076963186264038
2764,1,8,0,3.6436376571655273
2765,9,9,1,11.012287139892578
2766,4,4,1,4.378437042236328
2767,5,3,0,1.610237956047058
2768,5,5,1,5.076389789581299
2769,2,2,1,3.3888885974884033
2770,7,2,0,-0.5234792828559875
2771,7,7,1,6.555296897888184
2772,6,6,1,6.284610271453857
2773,1,1,1,-1.4320812225341797
2774,2,3,0,-1.3168402910232544
2775,3,3,1,6.6205363273620605
2776,7,7,1,0.6253505945205688
2777,5,5,1,0.8310201168060303
2778,4,4,1,4.474116802215576
2779,3,3,1,1.1969562768936157
2780,7,7,1,11.297632217407227
2781,7,7,1,7.564045429229736
2782,0,7,0,1.253464937210083
2783,0,0,1,4.91902494430542
2784,1,8,0,5.208392143249512
2785,4,3,0,-1.3083311319351196
2786,4,4,1,3.7968525886535645
2787,3,0,0,-0.29142218828201294
2788,7,7,1,0.7459638118743896
2789,9,9,1,9.778101921081543
2790,8,8,1,11.714179039001465
2791,7,7,1,9.51482105255127
2792,0,0,1,6.021569728851318
2793,9,9,1,7.667324066162109
2794,0,0,1,1.4044067859649658
2795,3,0,0,2.2484238147735596
2796,7,0,0,-1.1535344123840332
2797,6,6,1,4.483290195465088
2798,3,5,0,6.668895721435547
2799,8,8,1,3.4451656341552734
2800,4,4,1,7.161305904388428
2801,5,5,1,8.226509094238281
2802,6,6,1,12.508479118347168
2803,5,9,0,-0.03314189240336418
2804,3,7,0,0.26565614342689514
2805,4,4,1,10.333198547363281
2806,2,3,0,1.3138326406478882
2807,9,2,0,1.4943181276321411
2808,2,3,0,3.8078649044036865
2809,4,4,1,2.779587745666504
2810,9,9,1,2.601360321044922
2811,2,2,1,2.7532904148101807
2812,0,0,1,9.250694274902344
2813,1,1,1,7.286035060882568
2814,1,1,1,0.7799439430236816
2815,3,3,1,0.6698901653289795
2816,7,7,1,5.013835430145264
2817,9,9,1,9.729326248168945
2818,5,5,1,4.113611221313477
2819,1,1,1,8.611051559448242
2820,6,4,0,3.0508575439453125
2821,0,0,1,1.9341673851013184
2822,3,3,1,1.1823214292526245
2823,3,3,1,3.2754406929016113
2824,7,7,1,7.8727569580078125
2825,2,6,0,8.965469360351562
2826,4,4,1,7.912780284881592
2827,5,3,0,1.9190760850906372
2828,2,8,0,1.3423711061477661
2829,3,3,1,0.7551073431968689
2830,6,6,1,11.613688468933105
2831,3,9,0,3.966998815536499
2832,3,3,1,2.62329363822937
2833,0,0,1,8.398402214050293
2834,4,2,0,-0.20909053087234497
2835,4,4,1,-0.030265532433986664
2836,3,2,0,0.1340310275554657
2837,8,8,1,9.899369239807129
2838,1,9,0,3.4233601093292236
2839,2,2,1,9.502348899841309
2840,3,3,1,1.2172393798828125
2841,2,2,1,4.69059944152832
2842,7,7,1,1.2727099657058716
2843,1,3,0,1.2814812660217285
2844,4,2,0,0.052039746195077896
2845,5,4,0,1.2429919242858887
2846,6,6,1,1.8599441051483154
2847,8,0,0,5.226327896118164
2848,6,6,1,4.222950458526611
2849,6,9,0,3.120748519897461
2850,5,5,1,1.7773679494857788
2851,4,4,1,8.863018989562988
2852,2,2,1,5.898099899291992
2853,9,6,0,-3.6315104961395264
2854,9,9,1,0.2118886113166809
2855,3,4,0,2.643986225128174
2856,2,3,0,1.380407691001892
2857,0,0,1,8.400501251220703
2858,4,4,1,7.089413166046143
2859,1,1,1,3.0150883197784424
2860,5,5,1,4.5900983810424805
2861,5,5,1,2.8964123725891113
2862,6,6,1,-0.03743728995323181
2863,6,6,1,1.4084885120391846
2864,5,5,1,7.584294319152832
2865,6,6,1,11.660669326782227
2866,9,9,1,-0.4860181212425232
2867,7,7,1,4.734875679016113
2868,9,2,0,-1.7134852409362793
2869,4,4,1,1.0138250589370728
2870,8,8,1,13.306197166442871
2871,3,3,1,5.25711727142334
2872,1,9,0,0.5312727093696594
2873,9,9,1,4.647993564605713
2874,8,0,0,6.306759357452393
2875,1,1,1,6.72037935256958
2876,9,9,1,5.651141166687012
2877,0,0,1,5.855724811553955
2878,3,3,1,5.360675811767578
2879,0,0,1,7.98989725112915
2880,4,2,0,3.4168436527252197
2881,7,7,1,5.318608283996582
2882,7,4,0,2.726343870162964
2883,2,2,1,1.2705751657485962
2884,6,6,1,1.9324449300765991
2885,5,5,1,9.902771949768066
2886,6,6,1,2.0164966583251953
2887,9,9,1,8.474185943603516
2888,7,7,1,1.1742602586746216
2889,7,7,1,4.862712860107422
2890,5,3,0,0.9544916152954102
2891,7,7,1,5.91036319732666
2892,0,0,1,8.194375038146973
2893,8,8,1,15.47098445892334
2894,6,6,1,-0.09426616132259369
2895,7,3,0,1.7304984331130981
2896,8,8,1,5.498939037322998
2897,3,7,0,-0.9387273788452148
2898,8,1,0,4.255940914154053
2899,9,9,1,4.378903388977051
2900,3,2,0,0.733997642993927
2901,2,2,1,7.736425399780273
2902,9,9,1,7.096686363220215
2903,2,2,1,5.812253952026367
2904,7,7,1,3.9432830810546875
2905,4,4,1,6.166619777679443
2906,1,1,1,1.9533252716064453
2907,9,9,1,8.894131660461426
2908,7,7,1,8.287005424499512
2909,0,0,1,5.487000942230225
2910,8,0,0,3.7996740341186523
2911,1,1,1,10.262650489807129
2912,2,4,0,-0.35172173380851746
2913,0,0,1,9.17791748046875
2914,6,6,1,8.043635368347168
2915,5,5,1,5.5603742599487305
2916,1,1,1,14.09177303314209
2917,4,1,0,1.6046570539474487
2918,2,2,1,4.962646961212158
2919,8,8,1,8.979290962219238
2920,2,2,1,5.8469743728637695
2921,8,8,1,16.65810203552246
2922,3,3,1,5.302288055419922
2923,3,3,1,1.8153811693191528
2924,1,1,1,16.863622665405273
2925,4,4,1,3.7529256343841553
2926,9,9,1,6.2153120040893555
2927,8,8,1,7.438032627105713
2928,1,1,1,12.189486503601074
2929,1,1,1,10.845120429992676
2930,7,7,1,1.1009619235992432
2931,9,9,1,3.8713715076446533
2932,9,9,1,7.792628765106201
2933,4,4,1,10.194069862365723
2934,6,6,1,10.105142593383789
2935,8,8,1,7.515754699707031
2936,5,5,1,8.678720474243164
2937,3,3,1,3.7705533504486084
2938,2,8,0,1.3976467847824097
2939,2,0,0,1.7941563129425049
2940,3,0,0,6.6448235511779785
2941,8,8,1,6.763142108917236
2942,5,5,1,4.444843292236328
2943,1,1,1,10.089156150817871
2944,9,3,0,1.9066516160964966
2945,7,7,1,8.33903694152832
2946,9,9,1,2.806810140609741
2947,1,1,1,11.81966781616211
2948,5,3,0,0.11218562722206116
2949,3,3,1,0.6577128767967224
2950,1,1,1,9.730387687683105
2951,0,0,1,3.569380044937134
2952,3,4,0,0.14788684248924255
2953,8,8,1,12.90392017364502
2954,9,9,1,3.6522321701049805
2955,2,3,0,1.77267587184906
2956,0,0,1,7.74194860458374
2957,8,8,1,2.887357711791992
2958,0,0,1,2.2838540077209473
2959,7,8,0,-0.7397181987762451
2960,9,9,1,7.233373165130615
2961,4,4,1,9.022421836853027
2962,8,8,1,5.506067276000977
2963,3,3,1,2.4916560649871826
2964,0,0,1,6.731750965118408
2965,7,9,0,1.2212913036346436
2966,0,0,1,5.203245162963867
2967,7,7,1,7.549060344696045
2968,0,2,0,6.5861968994140625
2969,5,5,1,3.629053831100464
2970,5,5,1,3.435748815536499
2971,4,4,1,7.616571426391602
2972,3,8,0,2.7157480716705322
2973,0,0,1,4.981292724609375
2974,9,9,1,0.7958815097808838
2975,9,9,1,2.244020938873291
2976,0,9,0,1.8673983812332153
2977,2,2,1,5.956421852111816
2978,2,7,0,1.7669206857681274
2979,0,0,1,12.707809448242188
2980,8,8,1,10.122204780578613
2981,4,4,1,1.7678587436676025
2982,4,2,0,2.806126832962036
2983,5,3,0,2.189802408218384
2984,2,2,1,4.554745674133301
2985,2,0,0,4.69014835357666
2986,1,1,1,0.4273293614387512
2987,1,1,1,0.9167513847351074
2988,5,3,0,0.59079909324646
2989,5,3,0,2.5357484817504883
2990,4,4,1,0.3540196120738983
2991,3,3,1,1.9251662492752075
2992,4,0,0,2.6892547607421875
2993,0,8,0,2.873135805130005
2994,8,8,1,12.471182823181152
2995,4,4,1,3.4821085929870605
2996,8,8,1,8.411259651184082
2997,2,3,0,0.3677404522895813
2998,5,5,1,2.7718522548675537
2999,6,9,0,-0.9455919861793518
3000,5,5,1,5.568295955657959
3001,1,1,1,17.122650146484375
3002,7,7,1,6.578049182891846
3003,2,2,1,1.9239888191223145
3004,4,4,1,12.48005199432373
3005,0,0,1,2.969905138015747
3006,5,5,1,4.921693325042725
3007,6,6,1,9.659785270690918
3008,8,8,1,8.224499702453613
3009,7,7,1,3.7618534564971924
3010,6,6,1,9.009002685546875
3011,3,3,1,2.7926840782165527
3012,1,1,1,11.0563325881958
3013,3,9,0,-0.7447521686553955
3014,6,3,0,0.16981250047683716
3015,6,6,1,9.435240745544434
3016,4,4,1,3.7762858867645264
3017,5,5,1,2.6423838138580322
3018,5,5,1,2.956221342086792
3019,5,3,0,2.485671281814575
3020,1,1,1,3.7887678146362305
3021,8,3,0,-1.0837234258651733
3022,7,7,1,4.7622785568237305
3023,3,3,1,1.2944310903549194
3024,0,0,1,5.094951152801514
3025,2,2,1,2.938295841217041
3026,5,3,0,-0.20510393381118774
3027,1,1,1,19.384550094604492
3028,1,1,1,6.606766223907471
3029,1,1,1,14.554004669189453
3030,6,6,1,3.747391939163208
3031,7,7,1,0.4235575497150421
3032,2,2,1,2.263911724090576
3033,1,1,1,6.694835662841797
3034,2,2,1,3.5019710063934326
3035,3,3,1,1.7142013311386108
3036,9,9,1,0.7772907018661499
3037,8,8,1,9.106663703918457
3038,3,3,1,2.8416342735290527
3039,1,1,1,5.1191277503967285
3040,7,7,1,10.162896156311035
3041,4,4,1,7.594862461090088
3042,8,8,1,2.1800103187561035
3043,4,4,1,2.2090463638305664
3044,7,7,1,4.149699687957764
3045,5,5,1,7.207387447357178
3046,8,8,1,10.492605209350586
3047,6,4,0,0.05382842570543289
3048,0,0,1,3.943335771560669
3049,3,5,0,3.7850377559661865
3050,0,0,1,6.234864234924316
3051,8,2,0,1.1543205976486206
3052,3,2,0,4.089962482452393
3053,4,3,0,1.3940192461013794
3054,4,4,1,6.4930548667907715
3055,9,9,1,0.29573315382003784
3056,4,2,0,0.8525026440620422
3057,6,6,1,7.770455837249756
3058,1,1,1,13.94119644165039
3059,5,0,0,1.536332368850708
3060,7,7,1,6.680878162384033
3061,7,4,0,1.5264685153961182
3062,9,9,1,7.760555744171143
3063,0,8,0,0.29337310791015625
3064,1,9,0,3.2961299419403076
3065,3,6,0,-0.0725460797548294
3066,1,1,1,13.860119819641113
3067,3,3,1,3.5698165893554688
3068,2,2,1,7.540178298950195
3069,4,4,1,-0.9944864511489868
3070,0,0,1,8.320549011230469
3071,7,7,1,5.854958534240723
3072,8,1,0,4.150392055511475
3073,3,2,0,-1.3350303173065186
3074,1,1,1,2.930990219116211
3075,6,6,1,3.073880910873413
3076,2,2,1,5.671451568603516
3077,1,1,1,5.589162349700928
3078,8,8,1,7.6507158279418945
3079,8,8,1,2.789973497390747
3080,1,0,0,2.4561781883239746
3081,9,9,1,10.364436149597168
3082,7,7,1,7.2898712158203125
3083,5,0,0,4.526090621948242
3084,3,4,0,2.926668643951416
3085,2,2,1,0.8551710844039917
3086,9,9,1,6.664944648742676
3087,0,0,1,10.389938354492188
3088,6,6,1,9.897058486938477
3089,8,8,1,13.280644416809082
3090,4,4,1,-0.6288576126098633
3091,1,2,0,3.0062875747680664
3092,5,5,1,5.280445575714111
3093,7,7,1,3.953010320663452
3094,2,2,1,5.645219802856445
3095,4,4,1,5.181070804595947
3096,7,7,1,12.448614120483398
3097,0,0,1,1.102115273475647
3098,4,4,1,9.515963554382324
3099,9,1,0,1.2393977642059326
3100,0,0,1,7.346765995025635
3101,7,7,1,3.125476360321045
3102,0,0,1,8.517362594604492
3103,6,2,0,-0.063059002161026
3104,7,7,1,16.69188690185547
3105,1,1,1,5.270801544189453
3106,8,8,1,10.772418022155762
3107,5,5,1,1.1586618423461914
3108,8,8,1,11.277301788330078
3109,8,8,1,10.14023494720459
3110,7,2,0,0.2851174473762512
3111,0,0,1,7.232754230499268
3112,0,0,1,5.087875843048096
3113,3,3,1,0.6616404056549072
3114,2,2,1,-0.06557360291481018
3115,5,5,1,1.4650108814239502
3116,7,7,1,8.856412887573242
3117,0,0,1,2.1608660221099854
3118,6,6,1,1.011354923248291
3119,4,2,0,0.9210024476051331
3120,4,7,0,0.562204122543335
3121,9,9,1,6.769301891326904
3122,1,1,1,6.657092094421387
3123,8,8,1,11.58757209777832
3124,6,6,1,7.502779483795166
3125,3,3,1,2.009495735168457
3126,9,9,1,9.422388076782227
3127,4,4,1,3.641782522201538
3128,9,9,1,9.53087043762207
3129,3,5,0,4.306185722351074
3130,3,3,1,-1.2472217082977295
3131,7,5,0,3.9707725048065186
3132,5,5,1,4.283421516418457
3133,9,9,1,2.66418194770813
3134,7,7,1,2.0643136501312256
3135,7,7,1,5.372044563293457
3136,4,4,1,6.5356011390686035
3137,5,3,0,0.10451540350914001
3138,8,8,1,4.775574207305908
3139,2,8,0,4.611701965332031
3140,8,8,1,1.548857569694519
3141,9,0,0,5.425557613372803
3142,5,5,1,3.509032726287842
3143,3,3,1,4.22594690322876
3144,1,1,1,6.943689823150635
3145,9,9,1,5.837677001953125
3146,2,2,1,2.6185367107391357
3147,2,2,1,5.5746283531188965
3148,0,7,0,1.0168250799179077
3149,1,1,1,18.137224197387695
3150,1,1,1,6.063900947570801
3151,8,8,1,10.50301742553711
3152,1,1,1,15.5999116897583
3153,1,1,1,18.819488525390625
3154,9,9,1,0.4257913827896118
3155,8,8,1,11.739676475524902
3156,9,9,1,1.2174307107925415
3157,9,9,1,2.2380053997039795
3158,0,0,1,4.775792121887207
3159,2,2,1,5.782912254333496
3160,6,2,0,3.8427865505218506
3161,9,9,1,12.449113845825195
3162,1,1,1,12.915493965148926
3163,9,9,1,2.9095330238342285
3164,0,2,0,1.6752634048461914
3165,1,1,1,6.050344467163086
3166,9,9,1,9.297430992126465
3167,2,2,1,4.962460994720459
3168,9,8,0,-0.1216956079006195
3169,9,9,1,-0.3353821039199829
3170,9,9,1,6.6717071533203125
3171,0,1,0,5.901358127593994
3172,9,3,0,-0.02684560790657997
3173,9,9,1,4.499191761016846
3174,2,2,1,5.385754585266113
3175,1,1,1,2.076042652130127
3176,7,7,1,7.972931861877441
3177,0,0,1,6.71326208114624
3178,5,5,1,5.21292781829834
3179,6,6,1,3.9124836921691895
3180,3,6,0,3.302030324935913
3181,9,8,0,3.1669394969940186
3182,8,8,1,8.711014747619629
3183,3,3,1,1.796047329902649
3184,0,0,1,3.094926357269287
3185,2,3,0,0.22253158688545227
3186,7,0,0,0.9956651926040649
3187,7,7,1,13.738945960998535
3188,4,4,1,2.702270030975342
3189,8,8,1,2.187533140182495
3190,3,5,0,4.392942428588867
3191,0,9,0,3.1245644092559814
3192,5,4,0,5.125401973724365
3193,2,2,1,6.528834342956543
3194,3,3,1,5.171188831329346
3195,5,5,1,3.8214361667633057
3196,7,7,1,2.246232509613037
3197,6,6,1,6.063594341278076
3198,6,6,1,4.8736677169799805
3199,6,6,1,11.304879188537598
3200,5,3,0,1.1110821962356567
3201,6,7,0,3.760324716567993
3202,5,3,0,2.0740456581115723
3203,4,4,1,9.603785514831543
3204,5,5,1,4.840215682983398
3205,8,8,1,13.604018211364746
3206,8,8,1,6.9787516593933105
3207,0,0,1,1.4090999364852905
3208,9,8,0,3.7996127605438232
3209,7,3,0,-0.2542155683040619
3210,9,9,1,5.88692045211792
3211,0,9,0,2.923302412033081
3212,6,4,0,-0.508798360824585
3213,9,1,0,1.0724968910217285
3214,6,3,0,0.0894588828086853
3215,1,1,1,6.158632278442383
3216,4,1,0,1.913947582244873
3217,7,7,1,6.896951198577881
3218,9,9,1,-0.6066941618919373
3219,0,0,1,6.3206634521484375
3220,3,9,0,0.8710710406303406
3221,5,5,1,14.177358627319336
3222,4,4,1,8.670539855957031
3223,7,7,1,6.641349792480469
3224,6,6,1,8.8657865524292
3225,9,9,1,7.591085910797119
3226,8,2,0,1.5019450187683105
3227,2,2,1,4.006159782409668
3228,3,7,0,0.7029767632484436
3229,9,2,0,-0.11301916837692261
3230,3,3,1,2.3810529708862305
3231,3,3,1,0.5491788387298584
3232,7,0,0,2.0858545303344727
3233,8,8,1,9.951786041259766
3234,3,3,1,1.939907431602478
3235,5,3,0,3.3533527851104736
3236,5,3,0,3.5822055339813232
3237,9,4,0,0.7696253061294556
3238,6,6,1,7.449214458465576
3239,1,1,1,6.098901271820068
3240,4,9,0,0.8117157816886902
3241,7,0,0,1.338916301727295
3242,4,4,1,0.5076225399971008
3243,8,8,1,14.873044967651367
3244,7,7,1,6.059228897094727
3245,7,7,1,7.131890296936035
3246,1,1,1,3.575165271759033
3247,3,3,1,2.8311593532562256
3248,0,0,1,10.096805572509766
3249,3,4,0,-0.7231034636497498
3250,2,8,0,3.246091842651367
3251,5,5,1,4.916081428527832
3252,4,3,0,1.7569676637649536
3253,9,1,0,6.655726432800293
3254,3,3,1,2.05806827545166
3255,5,5,1,6.632735729217529
3256,4,4,1,9.488198280334473
3257,7,7,1,4.122540473937988
3258,0,3,0,-0.8690534234046936
3259,3,3,1,4.779663562774658
3260,7,0,0,-0.0687829852104187
3261,0,0,1,7.280094623565674
3262,2,2,1,1.1916972398757935
3263,1,1,1,4.562895774841309
3264,5,5,1,3.709254503250122
3265,8,0,0,3.7028205394744873
3266,7,7,1,5.772312164306641
3267,3,3,1,6.501358509063721
3268,5,5,1,8.0493745803833
3269,7,7,1,5.178507328033447
3270,8,8,1,8.242513656616211
3271,5,5,1,10.44140911102295
3272,7,7,1,10.916237831115723
3273,8,8,1,11.500112533569336
3274,1,1,1,10.475393295288086
3275,5,3,0,1.5218440294265747
3276,4,4,1,8.555005073547363
3277,7,7,1,2.9391188621520996
3278,0,0,1,4.1909260749816895
3279,8,8,1,11.709949493408203
3280,3,3,1,6.082777500152588
3281,2,2,1,2.68561053276062
3282,9,9,1,8.511093139648438
3283,7,7,1,0.9878751039505005
3284,4,4,1,8.105082511901855
3285,1,1,1,11.561674118041992
3286,6,6,1,4.667360305786133
3287,5,5,1,8.114896774291992
3288,9,9,1,12.094886779785156
3289,8,8,1,6.384265899658203
3290,5,5,1,1.8002727031707764
3291,5,5,1,7.303362846374512
3292,4,4,1,7.350525379180908
3293,1,1,1,6.472860336303711
3294,0,0,1,4.581165313720703
3295,9,9,1,11.156011581420898
3296,4,4,1,9.171690940856934
3297,4,3,0,0.970845103263855
3298,3,3,1,0.6969259977340698
3299,0,4,0,2.8298516273498535
3300,4,4,1,10.073442459106445
3301,8,0,0,1.1145238876342773
3302,0,0,1,4.043992042541504
3303,8,0,0,2.9974300861358643
3304,2,2,1,4.323732852935791
3305,9,9,1,11.679800033569336
3306,5,5,1,2.894920587539673
3307,9,1,0,5.2362589836120605
3308,7,7,1,1.1497775316238403
3309,4,7,0,3.7783493995666504
3310,6,6,1,6.070066452026367
3311,7,7,1,2.0097551345825195
3312,9,9,1,3.955573558807373
3313,2,2,1,8.031661033630371
3314,9,9,1,1.6674376726150513
3315,3,3,1,2.7112677097320557
3316,7,7,1,6.348737716674805
3317,7,7,1,8.531784057617188
3318,8,8,1,4.340855121612549
3319,2,2,1,-0.20280838012695312
3320,2,4,0,-1.090014100074768
3321,0,2,0,1.204744577407837
3322,2,2,1,4.34658670425415
3323,5,5,1,5.214256286621094
3324,3,3,1,3.7740180492401123
3325,6,3,0,1.3461368083953857
3326,4,4,1,8.703824043273926
3327,7,3,0,2.0742616653442383
3328,2,2,1,3.338162660598755
3329,3,2,0,0.643953263759613
3330,7,7,1,5.536902904510498
3331,8,8,1,10.58040714263916
3332,7,4,0,2.3044159412384033
3333,2,2,1,3.166959524154663
3334,5,5,1,2.9684412479400635
3335,0,0,1,0.040482502430677414
3336,0,9,0,0.6888460516929626
3337,7,7,1,0.9628633856773376
3338,0,0,1,3.227058172225952
3339,9,9,1,2.2205705642700195
3340,6,2,0,3.518425226211548
3341,1,1,1,16.9310302734375
3342,0,0,1,3.4889371395111084
3343,3,5,0,-0.7486567497253418
3344,9,9,1,3.271925687789917
3345,7,7,1,10.636598587036133
3346,4,2,0,-1.9870879650115967
3347,9,9,1,6.920566558837891
3348,1,1,1,12.24562931060791
3349,6,6,1,6.268677234649658
3350,8,8,1,-0.15578493475914001
3351,1,1,1,9.224263191223145
3352,2,2,1,2.1917660236358643
3353,3,3,1,10.98510456085205
3354,3,8,0,4.268831253051758
3355,5,3,0,-0.8053326606750488
3356,4,4,1,4.189481258392334
3357,8,2,0,-0.27274367213249207
3358,9,9,1,5.316352844238281
3359,7,5,0,1.7309417724609375
3360,4,4,1,11.070145606994629
3361,4,4,1,1.473596215248108
3362,1,1,1,5.821829795837402
3363,2,2,1,0.5969347357749939
3364,4,3,0,-1.1518503427505493
3365,9,9,1,8.3460054397583
3366,8,8,1,4.981400012969971
3367,7,9,0,3.9850730895996094
3368,9,9,1,1.2848637104034424
3369,5,3,0,0.6440465450286865
3370,1,1,1,17.145954132080078
3371,2,2,1,3.5877411365509033
3372,1,1,1,14.547149658203125
3373,6,3,0,0.25914862751960754
3374,6,9,0,1.6933104991912842
3375,4,3,0,0.16152480244636536
3376,5,5,1,8.126980781555176
3377,7,7,1,0.41778305172920227
3378,4,4,1,9.117949485778809
3379,5,3,0,3.4985716342926025
3380,8,8,1,6.874435901641846
3381,5,3,0,1.6678394079208374
3382,2,2,1,1.0184516906738281
3383,8,8,1,10.261157989501953
3384,7,7,1,10.54332160949707
3385,8,8,1,9.604948997497559
3386,2,0,0,3.904087543487549
3387,3,3,1,2.2552974224090576
3388,6,8,0,-1.4430433511734009
3389,1,1,1,12.580220222473145
3390,3,3,1,2.1806387901306152
3391,3,3,1,1.3931046724319458
3392,1,1,1,6.7574028968811035
3393,5,8,0,1.2127104997634888
3394,1,1,1,7.36871862411499
3395,9,9,1,9.361570358276367
3396,0,2,0,5.565690994262695
3397,9,9,1,6.436727046966553
3398,2,0,0,5.152826309204102
3399,0,0,1,2.3903110027313232
3400,6,0,0,5.477750778198242
3401,2,0,0,4.7553629875183105
3402,4,3,0,3.657214879989624
3403,8,8,1,5.244534969329834
3404,5,1,0,1.7717229127883911
3405,7,7,1,2.4001059532165527
3406,6,6,1,10.067137718200684
3407,1,1,1,11.262445449829102
3408,2,2,1,8.627799987792969
3409,9,8,0,0.8898009061813354
3410,4,4,1,7.3504958152771
3411,5,5,1,1.8588544130325317
3412,0,0,1,3.559504508972168
3413,3,3,1,4.470180034637451
3414,3,3,1,-1.2547394037246704
3415,7,7,1,5.986279487609863
3416,7,2,0,-4.270586013793945
3417,7,7,1,0.2430928647518158
3418,1,1,1,10.441810607910156
3419,4,3,0,1.2105144262313843
3420,5,5,1,1.9528480768203735
3421,0,0,1,9.855820655822754
3422,2,3,0,0.5607971549034119
3423,8,8,1,13.28663444519043
3424,5,5,1,4.628732681274414
3425,0,0,1,5.474053859710693
3426,0,0,1,4.018638610839844
3427,6,6,1,7.533498764038086
3428,2,2,1,8.168133735656738
3429,0,2,0,6.802864074707031
3430,8,0,0,2.2841391563415527
3431,4,4,1,7.87134313583374
3432,5,5,1,10.45946216583252
3433,4,4,1,5.170500755310059
3434,5,5,1,2.5625321865081787
3435,6,6,1,5.378642559051514
3436,4,3,0,1.3054019212722778
3437,7,7,1,13.285223960876465
3438,9,9,1,7.364480495452881
3439,4,1,0,2.394543170928955
3440,2,2,1,6.941887855529785
3441,0,0,1,7.061650276184082
3442,6,8,0,5.8982462882995605
3443,4,2,0,5.054791450500488
3444,0,2,0,6.647431373596191
3445,0,0,1,1.5543887615203857
3446,6,3,0,2.3663084506988525
3447,4,4,1,6.239294528961182
3448,6,3,0,2.493912935256958
3449,1,1,1,13.901718139648438
3450,9,1,0,9.732775688171387
3451,5,5,1,1.6638532876968384
3452,5,5,1,3.9908034801483154
3453,2,2,1,7.752965927124023
3454,2,2,1,13.186487197875977
3455,6,6,1,6.2536516189575195
3456,3,3,1,3.7277936935424805
3457,4,4,1,2.461674213409424
3458,5,5,1,8.781309127807617
3459,9,0,0,-2.0097479820251465
3460,1,1,1,1.0377429723739624
3461,7,3,0,0.3986872732639313
3462,2,2,1,3.554928779602051
3463,3,1,0,4.268637180328369
3464,9,9,1,3.8246653079986572
3465,6,6,1,7.827456951141357
3466,5,3,0,-0.03323477879166603
3467,0,9,0,2.2635955810546875
3468,2,2,1,12.60094165802002
3469,9,9,1,1.8441983461380005
3470,7,7,1,0.9877978563308716
3471,1,1,1,6.284997463226318
3472,7,7,1,2.994147300720215
3473,2,2,1,11.037765502929688
3474,2,2,1,1.7032878398895264
3475,0,3,0,0.07303927838802338
3476,8,8,1,7.416370868682861
3477,6,6,1,2.7039296627044678
3478,4,4,1,3.6969783306121826
3479,3,3,1,3.8365721702575684
3480,2,2,1,6.718510627746582
3481,7,7,1,6.765839099884033
3482,7,7,1,4.567601680755615
3483,0,0,1,2.2003016471862793
3484,4,4,1,6.436293601989746
3485,1,1,1,3.560336112976074
3486,6,6,1,12.22200870513916
3487,5,5,1,8.478682518005371
3488,1,1,1,10.692168235778809
3489,3,3,1,1.3487282991409302
3490,0,0,1,1.1188911199569702
3491,3,3,1,6.454054832458496
3492,9,9,1,3.077441692352295
3493,0,2,0,1.130568504333496
3494,0,7,0,1.2503448724746704
3495,2,2,1,0.334824800491333
3496,5,5,1,0.6032913327217102
3497,0,0,1,3.235346794128418
3498,4,4,1,-1.5247290134429932
3499,0,0,1,13.4181489944458
3500,1,1,1,10.27017593383789
3501,9,9,1,3.566607713699341
3502,8,8,1,-0.6139165163040161
3503,4,4,1,1.2871724367141724
3504,9,9,1,12.596366882324219
3505,4,4,1,5.527309894561768
3506,2,9,0,1.23052179813385
3507,4,4,1,5.81270170211792
3508,3,3,1,3.5970089435577393
3509,3,3,1,8.123754501342773
3510,4,4,1,10.489328384399414
3511,0,0,1,3.7727811336517334
3512,4,6,0,1.7843916416168213
3513,3,7,0,2.1865577697753906
3514,2,3,0,4.743887901306152
3515,8,8,1,7.2624735832214355
3516,9,9,1,10.810651779174805
3517,1,3,0,0.8780772686004639
3518,5,3,0,-0.09200578927993774
3519,8,8,1,4.355184555053711
3520,1,1,1,12.085453987121582
3521,8,8,1,10.411833763122559
3522,2,2,1,2.798039197921753
3523,4,1,0,-2.164173126220703
3524,5,9,0,0.6694625020027161
3525,2,3,0,2.5635437965393066
3526,4,4,1,7.108453273773193
3527,1,1,1,14.03511905670166
3528,1,1,1,11.766156196594238
3529,6,6,1,2.1074109077453613
3530,6,6,1,4.835564136505127
3531,8,9,0,1.3273838758468628
3532,5,5,1,0.544244647026062
3533,2,2,1,4.655716896057129
3534,2,2,1,1.834265947341919
3535,5,3,0,3.267489433288574
3536,0,0,1,6.740202903747559
3537,8,8,1,7.65765905380249
3538,2,2,1,3.8095221519470215
3539,3,2,0,0.1921866536140442
3540,6,6,1,8.051047325134277
3541,2,2,1,10.733744621276855
3542,9,9,1,3.2170631885528564
3543,6,6,1,6.038264751434326
3544,1,7,0,0.17037704586982727
3545,4,4,1,12.265305519104004
3546,5,0,0,-0.5285701155662537
3547,9,9,1,8.542522430419922
3548,0,0,1,3.215109348297119
3549,1,1,1,10.879965782165527
3550,0,7,0,0.33098676800727844
3551,0,0,1,7.804671764373779
3552,8,8,1,4.202785491943359
3553,1,1,1,5.052300453186035
3554,1,1,1,5.988279342651367
3555,6,6,1,9.523980140686035
3556,6,2,0,2.5345094203948975
3557,9,9,1,-0.07117652148008347
3558,5,9,0,-0.9941183924674988
3559,4,4,1,5.962844371795654
3560,1,1,1,5.1094441413879395
3561,7,7,1,6.838554382324219
3562,8,8,1,9.695805549621582
3563,6,6,1,5.452755928039551
3564,9,9,1,-0.3322211503982544
3565,1,1,1,8.188631057739258
3566,7,4,0,0.30618399381637573
3567,6,3,0,0.5122049450874329
3568,0,0,1,3.1981253623962402
3569,9,6,0,2.8770511150360107
3570,3,2,0,1.6781697273254395
3571,5,5,1,1.1277953386306763
3572,3,3,1,5.9187469482421875
3573,2,2,1,6.593104839324951
3574,5,5,1,-2.5612618923187256
3575,3,3,1,5.291500091552734
3576,4,0,0,2.8048083782196045
3577,9,9,1,4.820275783538818
3578,7,7,1,1.731940507888794
3579,1,8,0,3.097672462463379
3580,4,2,0,1.5571777820587158
3581,4,3,0,0.09558174014091492
3582,6,6,1,5.2255778312683105
3583,1,2,0,0.9562088251113892
3584,3,4,0,2.1686460971832275
3585,8,8,1,11.564496040344238
3586,8,8,1,8.063456535339355
3587,0,0,1,5.313248157501221
3588,6,6,1,3.2262260913848877
3589,7,7,1,4.386843204498291
3590,7,7,1,12.549112319946289
3591,6,6,1,1.1177759170532227
3592,7,4,0,3.3629579544067383
3593,2,2,1,1.516956090927124
3594,3,6,0,1.8985761404037476
3595,2,2,1,7.24521017074585
3596,2,4,0,1.7151219844818115
3597,6,6,1,8.809239387512207
3598,2,2,1,6.831440448760986
3599,7,7,1,12.1380615234375
3600,4,3,0,3.4767024517059326
3601,0,0,1,0.010637115687131882
3602,3,3,1,2.131960153579712
3603,6,6,1,0.3067019581794739
3604,2,0,0,2.558318853378296
3605,6,6,1,7.171723365783691
3606,3,3,1,8.713238716125488
3607,3,2,0,1.3109900951385498
3608,0,0,1,10.407182693481445
3609,9,9,1,7.597543239593506
3610,5,5,1,3.051988363265991
3611,1,9,0,3.789564371109009
3612,1,1,1,8.155754089355469
3613,5,5,1,9.045292854309082
3614,3,6,0,-1.5522854328155518
3615,6,2,0,1.7502336502075195
3616,4,4,1,4.794678211212158
3617,3,3,1,4.667620658874512
3618,4,4,1,3.1602680683135986
3619,1,1,1,5.958577632904053
3620,0,0,1,6.2627387046813965
3621,4,4,1,3.0360894203186035
3622,5,4,0,-0.28178295493125916
3623,5,3,0,1.6081782579421997
3624,2,4,0,5.040289878845215
3625,8,0,0,3.559006452560425
3626,9,9,1,3.719790458679199
3627,4,3,0,-0.20701442658901215
3628,3,3,1,8.446697235107422
3629,1,1,1,5.0897345542907715
3630,8,8,1,8.95496654510498
3631,0,0,1,0.8016113638877869
3632,1,1,1,6.909960746765137
3633,3,3,1,8.596564292907715
3634,3,3,1,3.4066154956817627
3635,4,4,1,4.076416015625
3636,4,4,1,1.0327942371368408
3637,2,6,0,0.6049742698669434
3638,9,9,1,1.4820481538772583
3639,7,7,1,3.3991546630859375
3640,6,6,1,8.718365669250488
3641,8,8,1,6.724359512329102
3642,1,1,1,17.100059509277344
3643,8,8,1,3.1709914207458496
3644,9,9,1,7.500028133392334
3645,1,9,0,3.3119585514068604
3646,3,3,1,3.22190260887146
3647,1,1,1,-0.7422214150428772
3648,7,7,1,6.6144022941589355
3649,3,4,0,2.193237781524658
3650,0,3,0,-1.3115562200546265
3651,0,9,0,0.24175655841827393
3652,2,0,0,3.598642587661743
3653,8,0,0,0.2968469560146332
3654,3,3,1,7.530468463897705
3655,9,9,1,7.643215656280518
3656,2,2,1,9.735711097717285
3657,7,7,1,8.367887496948242
3658,2,4,0,2.4305999279022217
3659,6,6,1,6.3311991691589355
3660,0,0,1,6.495975971221924
3661,1,1,1,14.200556755065918
3662,6,6,1,5.62385368347168
3663,1,1,1,12.37340259552002
3664,6,6,1,9.312801361083984
3665,7,7,1,0.6332399845123291
3666,5,5,1,9.098067283630371
3667,5,5,1,1.207619309425354
3668,2,2,1,4.562649250030518
3669,5,5,1,1.3458712100982666
3670,9,9,1,3.6056301593780518
3671,4,4,1,8.302895545959473
3672,0,0,1,8.336519241333008
3673,2,1,0,0.6261231899261475
3674,3,0,0,2.3520309925079346
3675,4,4,1,13.20960521697998
3676,9,9,1,2.7657523155212402
3677,4,3,0,1.0443964004516602
3678,1,1,1,13.782498359680176
3679,0,0,1,9.676130294799805
3680,0,0,1,3.820021390914917
3681,2,2,1,5.425956726074219
3682,3,5,0,2.2124738693237305
3683,8,8,1,1.6312276124954224
3684,9,9,1,8.721010208129883
3685,2,2,1,9.485756874084473
3686,8,9,0,-0.7341457009315491
3687,9,9,1,6.397485733032227
3688,5,5,1,4.495969772338867
3689,7,4,0,0.11740433424711227
3690,9,9,1,3.3679330348968506
3691,1,1,1,5.751692295074463
3692,4,4,1,11.233948707580566
3693,6,6,1,1.2652273178100586
3694,2,2,1,4.308831214904785
3695,8,8,1,8.658251762390137
3696,4,8,0,2.5863101482391357
3697,4,3,0,1.8066757917404175
3698,8,8,1,6.999722957611084
3699,9,9,1,9.86376953125
3700,3,1,0,0.8719024658203125
3701,1,1,1,4.852509498596191
3702,1,1,1,1.96490478515625
3703,6,3,0,0.9922068119049072
3704,5,3,0,-1.2058528661727905
3705,8,8,1,2.485243082046509
3706,4,3,0,0.724311351776123
3707,6,3,0,2.280489444732666
3708,4,2,0,0.6675394177436829
3709,5,5,1,5.211425304412842
3710,2,2,1,13.562859535217285
3711,6,6,1,-0.1794937252998352
3712,4,4,1,5.734102725982666
3713,2,2,1,4.848077774047852
3714,3,3,1,5.796859264373779
3715,1,1,1,2.089033842086792
3716,3,3,1,0.10962745547294617
3717,6,6,1,8.747260093688965
3718,8,8,1,9.609950065612793
3719,5,7,0,0.7648158073425293
3720,2,2,1,5.934832572937012
3721,2,0,0,0.9437437057495117
3722,7,7,1,6.7915754318237305
3723,1,1,1,4.0587592124938965
3724,6,6,1,3.878587245941162
3725,2,2,1,0.5119337439537048
3726,5,5,1,2.464594602584839
3727,9,9,1,9.468805313110352
3728,2,0,0,-0.23479203879833221
3729,8,8,1,12.430458068847656
3730,1,1,1,13.448972702026367
3731,6,6,1,9.65368938446045
3732,9,1,0,3.028939723968506
3733,2,0,0,0.6622238159179688
3734,7,7,1,11.329843521118164
3735,5,5,1,3.331921339035034
3736,3,3,1,0.7613353729248047
3737,2,2,1,2.8176963329315186
3738,9,9,1,9.103532791137695
3739,7,7,1,12.211009979248047
3740,0,0,1,11.85217571258545
3741,2,2,1,1.047572374343872
3742,9,9,1,6.433314800262451
3743,3,5,0,3.3039190769195557
3744,4,4,1,7.006323337554932
3745,1,9,0,1.9401042461395264
3746,7,7,1,6.081365585327148
3747,9,9,1,3.099060297012329
3748,5,5,1,8.457718849182129
3749,8,8,1,3.155977249145508
3750,9,9,1,5.844099998474121
3751,7,7,1,6.936983108520508
3752,3,1,0,0.9625402092933655
3753,4,3,0,3.2181894779205322
3754,0,2,0,1.35275399684906
3755,9,1,0,5.458069324493408
3756,7,7,1,6.763983726501465
3757,4,4,1,6.154120445251465
3758,2,6,0,2.7426114082336426
3759,4,3,0,-0.18940973281860352
3760,7,7,1,7.8064374923706055
3761,0,0,1,0.8591229319572449
3762,1,9,0,4.091355323791504
3763,8,1,0,5.621127128601074
3764,1,1,1,5.349876403808594
3765,0,0,1,8.477408409118652
3766,4,4,1,7.168206691741943
3767,6,6,1,9.546188354492188
3768,1,1,1,1.482843279838562
3769,9,9,1,11.903961181640625
3770,9,9,1,5.5351948738098145
3771,2,0,0,5.2919487953186035
3772,1,1,1,4.277581214904785
3773,2,2,1,4.709904670715332
3774,5,3,0,0.8045598864555359
3775,6,6,1,12.959772109985352
3776,9,9,1,4.840450286865234
3777,7,7,1,6.845563888549805
3778,7,7,1,5.46166467666626
3779,3,3,1,1.3835434913635254
3780,4,4,1,1.7960971593856812
3781,2,2,1,0.2821899652481079
3782,0,0,1,3.4592552185058594
3783,2,2,1,2.003540515899658
3784,5,5,1,9.465144157409668
3785,6,6,1,1.5166889429092407
3786,7,7,1,10.015327453613281
3787,3,4,0,2.8160040378570557
3788,7,7,1,7.700443744659424
3789,9,3,0,0.2285696268081665
3790,4,2,0,3.191790819168091
3791,2,2,1,1.2215498685836792
3792,0,7,0,-0.4700494110584259
3793,6,6,1,4.667112827301025
3794,1,1,1,14.578503608703613
3795,7,3,0,2.1099495887756348
3796,5,5,1,1.015271544456482
3797,6,8,0,0.18673411011695862
3798,5,5,1,5.0941572189331055
3799,3,7,0,2.527831792831421
3800,9,9,1,4.522162914276123
3801,2,2,1,2.8746113777160645
3802,7,7,1,9.020743370056152
3803,8,8,1,4.587986946105957
3804,5,5,1,7.389337539672852
3805,9,9,1,0.6265488266944885
3806,5,7,0,-1.1583129167556763
3807,8,9,0,3.613909959793091
3808,5,0,0,1.5495312213897705
3809,4,4,1,2.22128963470459
3810,3,1,0,1.5835357904434204
3811,7,7,1,10.253928184509277
3812,9,9,1,3.959080934524536
3813,8,1,0,6.358600616455078
3814,1,1,1,13.948258399963379
3815,2,2,1,4.279115200042725
3816,2,2,1,4.566737174987793
3817,8,0,0,-0.14455555379390717
3818,9,9,1,5.990792751312256
3819,3,3,1,2.3044614791870117
3820,0,2,0,3.8559539318084717
3821,8,8,1,2.6126537322998047
3822,4,4,1,6.205392360687256
3823,0,0,1,4.4033074378967285
3824,2,2,1,7.313150405883789
3825,0,0,1,2.9718964099884033
3826,1,1,1,13.878741264343262
3827,4,4,1,6.6952290534973145
3828,1,0,0,-0.9096956253051758
3829,8,8,1,7.881099700927734
3830,5,5,1,5.187877178192139
3831,5,5,1,7.026228904724121
3832,7,7,1,1.5959711074829102
3833,9,9,1,0.7727528810501099
3834,8,1,0,2.7018823623657227
3835,3,3,1,2.0658342838287354
3836,7,7,1,6.529285430908203
3837,9,9,1,9.662683486938477
3838,1,1,1,11.490775108337402
3839,5,1,0,3.1101207733154297
3840,6,3,0,2.4891345500946045
3841,9,9,1,9.450549125671387
3842,8,9,0,3.9159653186798096
3843,7,7,1,0.9979794025421143
3844,2,2,1,0.8262536525726318
3845,0,0,1,3.8218648433685303
3846,9,9,1,11.489278793334961
3847,0,0,1,11.217143058776855
3848,8,8,1,4.4898152351379395
3849,5,5,1,-0.43153712153434753
3850,9,9,1,1.7484296560287476
3851,4,4,1,3.7327828407287598
3852,2,2,1,5.791470527648926
3853,9,5,0,0.12125122547149658
3854,8,8,1,7.771758079528809
3855,1,1,1,12.415388107299805
3856,9,9,1,5.0464186668396
3857,1,1,1,4.531482219696045
3858,8,8,1,4.65880012512207
3859,3,5,0,3.111929178237915
3860,7,7,1,9.65410041809082
3861,6,3,0,-0.02459186688065529
3862,4,5,0,0.31284984946250916
3863,2,2,1,1.006770133972168
3864,3,8,0,1.8440215587615967
3865,7,7,1,8.987435340881348
3866,0,0,1,3.1365134716033936
3867,3,3,1,1.5876141786575317
3868,5,5,1,3.073408603668213
3869,8,8,1,6.9401631355285645
3870,8,8,1,9.212153434753418
3871,8,8,1,11.085582733154297
3872,7,7,1,3.7674403190612793
3873,9,9,1,6.247826099395752
3874,6,6,1,11.1716947555542
3875,2,0,0,0.764237642288208
3876,7,7,1,2.1183102130889893
3877,4,4,1,8.306746482849121
3878,5,3,0,0.43619635701179504
3879,7,7,1,5.150138854980469
3880,6,6,1,7.999226093292236
3881,7,7,1,7.670116901397705
3882,1,1,1,5.168060302734375
3883,7,7,1,3.051168203353882
3884,3,3,1,1.7851603031158447
3885,6,6,1,1.5851627588272095
3886,8,8,1,13.096762657165527
3887,2,4,0,2.0635809898376465
3888,6,6,1,9.620270729064941
3889,6,4,0,0.37760159373283386
3890,7,7,1,2.1863293647766113
3891,1,9,0,1.3305259943008423
3892,5,5,1,6.906370162963867
3893,9,9,1,3.4583537578582764
3894,7,7,1,10.819692611694336
3895,1,1,1,-1.9513682126998901
3896,7,7,1,3.7455670833587646
3897,0,0,1,7.429544448852539
3898,1,1,1,9.01717472076416
3899,6,6,1,2.047524929046631
3900,3,3,1,1.321300983428955
3901,3,8,0,1.8133624792099
3902,9,9,1,8.516595840454102
3903,0,0,1,4.313961982727051
3904,1,1,1,9.86213207244873
3905,2,2,1,6.783026695251465
3906,3,6,0,2.3041906356811523
3907,2,2,1,9.19753360748291
3908,2,2,1,5.978612899780273
3909,5,3,0,1.1164757013320923
3910,4,6,0,1.668474555015564
3911,9,9,1,8.858278274536133
3912,8,0,0,2.861191987991333
3913,7,7,1,-0.06299466639757156
3914,4,4,1,9.735512733459473
3915,4,2,0,3.081127405166626
3916,9,9,1,7.462734699249268
3917,7,7,1,6.947619915008545
3918,6,6,1,4.917826175689697
3919,7,7,1,12.6119966506958
3920,7,7,1,3.013789653778076
3921,1,9,0,1.9423846006393433
3922,2,6,0,1.2365214824676514
3923,3,7,0,0.8875070810317993
3924,5,5,1,3.600198984146118
3925,1,1,1,10.05059814453125
3926,9,9,1,10.233434677124023
3927,0,0,1,4.65208101272583
3928,3,3,1,1.599366307258606
3929,3,3,1,4.752232074737549
3930,1,9,0,3.373539924621582
3931,5,5,1,5.982057571411133
3932,6,4,0,2.499490737915039
3933,6,1,0,0.7335622310638428
3934,2,4,0,2.2434706687927246
3935,4,7,0,4.691468238830566
3936,6,2,0,0.8513792157173157
3937,8,8,1,7.795783042907715
3938,8,8,1,4.848668575286865
3939,9,9,1,4.63031530380249
3940,6,6,1,0.5650908350944519
3941,6,2,0,1.4326934814453125
3942,1,0,0,-0.5065838098526001
3943,0,0,1,3.042604923248291
3944,7,7,1,8.200502395629883
3945,5,5,1,6.582279682159424
3946,8,8,1,2.664015531539917
3947,2,2,1,7.096498489379883
3948,1,1,1,4.548971176147461
3949,5,5,1,1.2139580249786377
3950,8,8,1,5.864201068878174
3951,1,1,1,13.356833457946777
3952,4,0,0,0.5709586143493652
3953,7,3,0,1.0915452241897583
3954,5,3,0,-0.045945946127176285
3955,0,0,1,5.299810886383057
3956,3,6,0,2.0365042686462402
3957,9,0,0,3.516078472137451
3958,9,9,1,8.24781608581543
3959,5,3,0,2.5580339431762695
3960,2,2,1,7.337638854980469
3961,8,8,1,7.808935642242432
3962,4,4,1,5.173125267028809
3963,1,7,0,-0.5929338932037354
3964,9,9,1,1.796717643737793
3965,0,8,0,4.906247615814209
3966,4,4,1,6.556995868682861
3967,4,4,1,3.286456346511841
3968,8,8,1,10.977005004882812
3969,2,2,1,0.5567852854728699
3970,9,9,1,4.29597806930542
3971,0,0,1,4.01787805557251
3972,7,7,1,9.583367347717285
3973,9,9,1,10.459664344787598
3974,8,8,1,7.884424686431885
3975,7,7,1,10.647026062011719
3976,1,1,1,8.132200241088867
3977,3,3,1,6.008675575256348
3978,2,2,1,0.23440788686275482
3979,9,1,0,1.627082347869873
3980,9,2,0,-0.17681220173835754
3981,5,3,0,0.31042173504829407
3982,9,9,1,12.862726211547852
3983,7,3,0,0.011461924761533737
3984,6,6,1,9.673012733459473
3985,7,7,1,4.630440711975098
3986,7,7,1,0.42280521988868713
3987,1,1,1,8.546257972717285
3988,1,0,0,3.4835569858551025
3989,2,3,0,0.7931486368179321
3990,4,4,1,7.833620071411133
3991,2,2,1,9.896886825561523
3992,0,0,1,9.759564399719238
3993,6,6,1,5.72792911529541
3994,8,8,1,11.9686918258667
3995,7,9,0,1.374104380607605
3996,6,3,0,3.3915913105010986
3997,2,3,0,-1.5164791345596313
3998,2,3,0,1.7818204164505005
3999,9,9,1,4.324953556060791
4000,8,4,0,0.22269952297210693
4001,2,2,1,4.8253068923950195
4002,4,8,0,1.0882470607757568
4003,2,0,0,3.407453775405884
4004,0,3,0,1.178133487701416
4005,5,3,0,1.6120442152023315
4006,8,8,1,8.073949813842773
4007,6,6,1,14.190449714660645
4008,8,8,1,14.553852081298828
4009,2,2,1,6.341367721557617
4010,7,3,0,0.5039102435112
4011,7,7,1,0.525131344795227
4012,3,7,0,0.05733712762594223
4013,1,1,1,1.4114664793014526
4014,8,8,1,14.009171485900879
4015,1,1,1,14.063033103942871
4016,6,2,0,3.1598312854766846
4017,5,5,1,-0.05511757358908653
4018,9,9,1,7.701442718505859
4019,7,7,1,0.563983142375946
4020,8,8,1,4.742949485778809
4021,9,9,1,3.2751119136810303
4022,6,3,0,0.6367168426513672
4023,4,3,0,1.155701756477356
4024,8,8,1,10.924235343933105
4025,1,1,1,6.641002178192139
4026,9,9,1,8.178863525390625
4027,4,4,1,8.17961597442627
4028,0,0,1,8.55019760131836
4029,4,4,1,5.534691333770752
4030,1,1,1,14.836735725402832
4031,4,4,1,4.785711765289307
4032,3,3,1,3.985985279083252
4033,6,6,1,7.033276081085205
4034,2,0,0,6.087437152862549
4035,2,2,1,4.119457244873047
4036,7,0,0,0.3192059397697449
4037,0,0,1,7.74445104598999
4038,0,0,1,0.5980377197265625
4039,7,7,1,16.11762046813965
4040,0,0,1,8.232763290405273
4041,7,7,1,10.666966438293457
4042,4,0,0,-0.13346244394779205
4043,3,3,1,-0.05366957560181618
4044,6,6,1,-0.43950530886650085
4045,7,7,1,9.322875022888184
4046,7,7,1,2.0784189701080322
4047,4,4,1,5.223835468292236
4048,5,2,0,0.6637912392616272
4049,4,4,1,3.640409469604492
4050,3,3,1,1.7730480432510376
4051,5,5,1,5.621669769287109
4052,5,5,1,0.71336430311203
4053,4,4,1,4.961485385894775
4054,7,9,0,1.1078126430511475
4055,1,0,0,3.1043202877044678
4056,0,0,1,10.801797866821289
4057,7,7,1,10.455949783325195
4058,7,5,0,-0.6335839629173279
4059,1,0,0,1.0276784896850586
4060,6,6,1,3.023981809616089
4061,5,5,1,0.419706791639328
4062,0,0,1,9.438981056213379
4063,7,7,1,11.13441276550293
4064,7,7,1,13.846684455871582
4065,4,4,1,4.186331748962402
4066,6,5,0,-0.7275789380073547
4067,1,1,1,12.907877922058105
4068,8,8,1,10.063742637634277
4069,5,3,0,0.8821967840194702
4070,9,9,1,9.797704696655273
4071,3,3,1,-0.8660542964935303
4072,5,1,0,2.5924062728881836
4073,6,6,1,8.11701488494873
4074,2,5,0,4.991352081298828
4075,2,2,1,5.593596458435059
4076,7,7,1,6.820510387420654
4077,3,3,1,3.7472586631774902
4078,5,7,0,3.0406534671783447
4079,8,8,1,6.395226001739502
4080,1,1,1,18.048152923583984
4081,0,0,1,5.428043365478516
4082,6,6,1,5.339601993560791
4083,8,8,1,9.841986656188965
4084,7,7,1,6.305938720703125
4085,8,4,0,0.6008487343788147
4086,8,8,1,15.776873588562012
4087,5,5,1,5.1436309814453125
4088,7,9,0,0.873917281627655
4089,5,3,0,0.8502762317657471
4090,4,4,1,3.8546438217163086
4091,9,9,1,4.29010534286499
4092,7,7,1,3.7159180641174316
4093,3,3,1,2.708041191101074
4094,3,5,0,2.1659317016601562
4095,8,0,0,1.4924339056015015
4096,8,9,0,1.0744969844818115
4097,3,6,0,-0.7175280451774597
4098,9,9,1,2.789445161819458
4099,4,4,1,5.836543083190918
4100,7,7,1,6.841030120849609
4101,2,0,0,2.843083143234253
4102,0,0,1,7.829521656036377
4103,8,8,1,9.44699764251709
4104,0,0,1,8.478175163269043
4105,7,7,1,9.996155738830566
4106,3,4,0,1.3412188291549683
4107,3,3,1,3.8586483001708984
4108,2,7,0,0.6133877635002136
4109,5,3,0,1.9023194313049316
4110,2,2,1,7.046464920043945
4111,4,3,0,-0.4983499050140381
4112,4,4,1,3.786799430847168
4113,0,0,1,7.6930718421936035
4114,4,9,0,-0.44776904582977295
4115,8,8,1,12.065447807312012
4116,2,2,1,9.168733596801758
4117,4,4,1,1.7901579141616821
4118,0,0,1,5.9876508712768555
4119,6,6,1,9.450570106506348
4120,4,4,1,7.774855136871338
4121,5,3,0,1.6466706991195679
4122,6,6,1,4.812151908874512
4123,0,0,1,2.8105804920196533
4124,8,1,0,4.65369987487793
4125,8,9,0,0.627399742603302
4126,0,0,1,1.6641871929168701
4127,6,6,1,3.5790140628814697
4128,1,1,1,3.187026262283325
4129,1,1,1,11.948939323425293
4130,6,6,1,5.240118026733398
4131,1,1,1,7.60940408706665
4132,4,4,1,9.544544219970703
4133,2,2,1,0.9783867001533508
4134,1,1,1,10.44517993927002
4135,1,9,0,-0.7282587885856628
4136,2,2,1,9.620716094970703
4137,4,6,0,2.046630859375
4138,4,4,1,5.157155990600586
4139,5,7,0,-0.46706727147102356
4140,5,7,0,0.5489593744277954
4141,8,8,1,14.06339168548584
4142,8,8,1,5.006825923919678
4143,5,2,0,-1.0582133531570435
4144,1,3,0,-0.7508167028427124
4145,8,8,1,15.140775680541992
4146,2,2,1,1.1873044967651367
4147,3,0,0,-0.5844696760177612
4148,3,3,1,6.621215343475342
4149,9,9,1,2.5722897052764893
4150,6,6,1,7.086688041687012
4151,6,6,1,4.392397880554199
4152,5,9,0,0.3058246970176697
4153,0,0,1,12.55069637298584
4154,7,7,1,5.338484764099121
4155,3,3,1,4.442435264587402
4156,3,3,1,3.9798824787139893
4157,2,2,1,3.337118625640869
4158,7,7,1,5.668373107910156
4159,4,4,1,12.906283378601074
4160,5,5,1,8.998385429382324
4161,6,6,1,10.094149589538574
4162,0,0,1,6.785163402557373
4163,2,6,0,3.464704751968384
4164,1,9,0,1.536113977432251
4165,8,8,1,4.764842987060547
4166,1,1,1,6.189074516296387
4167,0,0,1,8.107170104980469
4168,9,9,1,5.71066951751709
4169,3,7,0,3.598980665206909
4170,1,1,1,3.0441782474517822
4171,0,0,1,5.151414394378662
4172,5,5,1,7.448371887207031
4173,4,4,1,4.0958170890808105
4174,2,2,1,1.4779049158096313
4175,3,3,1,0.3416884243488312
4176,3,3,1,5.309734344482422
4177,6,6,1,12.722216606140137
4178,7,7,1,8.756658554077148
4179,6,6,1,0.5594881176948547
4180,0,3,0,1.6233161687850952
4181,0,2,0,2.548654317855835
4182,5,0,0,2.0674288272857666
4183,7,7,1,5.31689453125
4184,4,3,0,-1.2519432306289673
4185,7,7,1,5.490631580352783
4186,7,7,1,6.020328998565674
4187,0,0,1,4.003037929534912
4188,6,6,1,16.508106231689453
4189,1,1,1,4.222445011138916
4190,3,5,0,-0.5265117287635803
4191,9,9,1,13.121358871459961
4192,0,9,0,5.038215637207031
4193,9,9,1,4.164693355560303
4194,0,0,1,5.997516632080078
4195,3,3,1,4.449904918670654
4196,8,8,1,9.478713035583496
4197,4,4,1,3.3999857902526855
4198,8,0,0,2.1810784339904785
4199,8,8,1,1.0999997854232788
4200,4,0,0,0.8847947120666504
4201,1,1,1,5.744909763336182
4202,0,0,1,4.924333095550537
4203,2,2,1,7.324060916900635
4204,2,2,1,1.2268099784851074
4205,4,8,0,2.8653416633605957
4206,1,1,1,9.432849884033203
4207,1,1,1,2.318155288696289
4208,2,3,0,-1.332854151725769
4209,4,4,1,5.267055988311768
4210,3,3,1,0.16357290744781494
4211,4,4,1,1.967556118965149
4212,1,0,0,3.3632819652557373
4213,4,4,1,12.440214157104492
4214,7,7,1,11.55645751953125
4215,1,1,1,4.453284740447998
4216,0,0,1,5.004145622253418
4217,0,0,1,6.645779132843018
4218,9,9,1,10.650800704956055
4219,0,0,1,0.7276788353919983
4220,4,0,0,-0.31838077306747437
4221,2,0,0,3.352337121963501
4222,8,3,0,1.752604365348816
4223,8,8,1,9.19250202178955
4224,5,5,1,0.9172889590263367
4225,5,5,1,2.8768961429595947
4226,0,8,0,2.637700080871582
4227,4,1,0,-1.1616182327270508
4228,0,0,1,8.204072952270508
4229,8,8,1,8.766204833984375
4230,6,6,1,6.67184591293335
4231,2,2,1,13.01771068572998
4232,5,5,1,3.5608930587768555
4233,9,9,1,9.125445365905762
4234,2,2,1,1.1773107051849365
4235,9,9,1,2.3557240962982178
4236,1,1,1,7.974571704864502
4237,1,1,1,0.7621276378631592
4238,5,2,0,1.7754048109054565
4239,4,4,1,2.604341745376587
4240,7,7,1,9.975193977355957
4241,5,5,1,4.023989200592041
4242,8,0,0,2.490657091140747
4243,6,6,1,0.813977837562561
4244,2,1,0,1.0620615482330322
4245,1,1,1,6.298956871032715
4246,5,8,0,0.3308755159378052
4247,5,5,1,5.53400993347168
4248,3,3,1,5.404229164123535
4249,4,4,1,5.24958610534668
4250,1,1,1,11.32024097442627
4251,8,0,0,1.2413535118103027
4252,9,9,1,7.830180644989014
4253,9,9,1,6.5079827308654785
4254,8,8,1,12.921614646911621
4255,9,9,1,5.2438836097717285
4256,8,8,1,9.030089378356934
4257,6,6,1,10.007140159606934
4258,8,8,1,10.145586967468262
4259,5,5,1,-0.8666605949401855
4260,8,8,1,11.904431343078613
4261,9,9,1,7.883182525634766
4262,4,4,1,5.9456892013549805
4263,6,6,1,0.22189295291900635
4264,2,2,1,0.5692715644836426
4265,6,6,1,4.5168776512146
4266,3,5,0,1.7860373258590698
4267,7,7,1,8.536269187927246
4268,4,4,1,8.174355506896973
4269,0,2,0,1.1136457920074463
4270,0,0,1,5.6515936851501465
4271,1,1,1,11.007786750793457
4272,7,7,1,10.757441520690918
4273,5,5,1,3.6411569118499756
4274,1,1,1,9.773200035095215
4275,5,3,0,0.27242937684059143
4276,9,1,0,6.290480136871338
4277,3,3,1,1.9254038333892822
4278,1,1,1,10.264801979064941
4279,6,6,1,9.22383975982666
4280,8,0,0,2.091639995574951
4281,7,1,0,-1.0704463720321655
4282,3,3,1,1.7471200227737427
4283,6,6,1,1.1067557334899902
4284,9,9,1,12.030275344848633
4285,1,6,0,2.994452476501465
4286,2,0,0,2.7495064735412598
4287,0,0,1,2.8286430835723877
4288,1,1,1,16.810653686523438
4289,7,7,1,5.823955059051514
4290,2,2,1,1.8203352689743042
4291,6,6,1,1.68416428565979
4292,1,1,1,17.43238067626953
4293,9,5,0,3.214463949203491
4294,0,0,1,7.423535346984863
4295,0,0,1,6.035805702209473
4296,8,8,1,13.864140510559082
4297,9,9,1,8.617626190185547
4298,9,9,1,6.018680572509766
4299,2,2,1,2.729567766189575
4300,8,8,1,5.399392127990723
4301,6,2,0,0.8171499967575073
4302,2,5,0,6.290191173553467
4303,5,3,0,1.078368067741394
4304,6,2,0,0.4373401999473572
4305,0,1,0,-0.5193471312522888
4306,3,5,0,1.8069391250610352
4307,3,3,1,3.981912851333618
4308,0,0,1,2.8056275844573975
4309,7,3,0,1.7259366512298584
4310,4,4,1,2.5437264442443848
4311,7,7,1,5.655344009399414
4312,5,5,1,3.1054670810699463
4313,0,0,1,-0.053687918931245804
4314,1,1,1,14.269331932067871
4315,6,0,0,5.079696178436279
4316,8,3,0,1.3682163953781128
4317,8,8,1,9.585525512695312
4318,1,1,1,9.797757148742676
4319,2,3,0,0.2480548620223999
4320,1,0,0,2.839078903198242
4321,5,5,1,6.513238906860352
4322,4,4,1,6.775030612945557
4323,5,5,1,7.711928844451904
4324,9,9,1,2.673140525817871
4325,6,7,0,-1.8934167623519897
4326,7,7,1,11.206415176391602
4327,1,1,1,14.337637901306152
4328,0,0,1,5.2847795486450195
4329,6,6,1,2.103954792022705
4330,9,9,1,0.8509618639945984
4331,2,5,0,1.2924437522888184
4332,7,7,1,4.7382707595825195
4333,7,5,0,1.5423660278320312
4334,3,9,0,-0.6153696775436401
4335,9,9,1,3.038527727127075
4336,9,9,1,10.727500915527344
4337,1,1,1,4.631754398345947
4338,9,9,1,10.08383560180664
4339,7,7,1,9.627311706542969
4340,0,0,1,13.568839073181152
4341,1,2,0,0.7196677327156067
4342,3,3,1,3.6072630882263184
4343,5,7,0,3.130007743835449
4344,4,4,1,6.41118049621582
4345,6,6,1,2.1193952560424805
4346,3,3,1,4.957208633422852
4347,8,8,1,1.3711802959442139
4348,8,8,1,2.913760185241699
4349,0,0,1,0.20950238406658173
4350,4,4,1,7.478137493133545
4351,8,8,1,7.056892395019531
4352,3,3,1,5.095974445343018
4353,6,6,1,3.61798357963562
4354,7,7,1,6.108358860015869
4355,0,0,1,1.6169381141662598
4356,0,0,1,10.67502212524414
4357,4,3,0,0.0036136172711849213
4358,5,5,1,2.736360788345337
4359,2,2,1,2.308009386062622
4360,6,3,0,-0.11389198899269104
4361,8,8,1,12.7614107131958
4362,4,4,1,1.497543454170227
4363,9,9,1,4.065051078796387
4364,9,9,1,4.214461803436279
4365,9,9,1,12.941277503967285
4366,2,2,1,0.5915309190750122
4367,0,0,1,1.043164610862732
4368,4,3,0,2.589838743209839
4369,2,2,1,3.256159543991089
4370,8,8,1,10.214791297912598
4371,1,1,1,19.09615707397461
4372,1,0,0,1.1674247980117798
4373,0,8,0,2.5766661167144775
4374,0,0,1,5.628818035125732
4375,3,3,1,2.6078040599823
4376,7,7,1,6.3222975730896
4377,4,4,1,3.574173927307129
4378,1,1,1,8.668767929077148
4379,1,1,1,13.855001449584961
4380,9,9,1,1.8234517574310303
4381,7,7,1,0.021034464240074158
4382,7,7,1,9.437125205993652
4383,4,6,0,2.0416512489318848
4384,6,6,1,5.598267078399658
4385,8,8,1,6.082301139831543
4386,6,3,0,0.3995209336280823
4387,0,6,0,0.9285534620285034
4388,2,0,0,3.69742488861084
4389,8,8,1,2.4610557556152344
4390,5,5,1,8.100688934326172
4391,3,0,0,1.922821044921875
4392,5,3,0,1.0647672414779663
4393,3,9,0,1.8919768333435059
4394,5,5,1,11.87995433807373
4395,7,7,1,9.352352142333984
4396,9,9,1,3.238192081451416
4397,8,8,1,6.823757648468018
4398,4,9,0,1.1331591606140137
4399,4,4,1,5.788887977600098
4400,3,3,1,0.7937712073326111
4401,1,1,1,-0.21030817925930023
4402,4,2,0,1.82600998878479
4403,8,8,1,4.818317890167236
4404,3,3,1,0.07802146673202515
4405,6,6,1,5.76214075088501
4406,5,8,0,0.11486439406871796
4407,3,3,1,9.468878746032715
4408,0,0,1,4.650234699249268
4409,8,1,0,1.8827273845672607
4410,9,9,1,3.387092351913452
4411,5,3,0,0.05515652522444725
4412,7,4,0,0.9435451626777649
4413,6,6,1,3.670912027359009
4414,2,2,1,3.260723829269409
4415,0,0,1,9.468364715576172
4416,4,4,1,2.4695942401885986
4417,9,9,1,9.948505401611328
4418,9,1,0,5.699016094207764
4419,0,2,0,3.6714611053466797
4420,5,5,1,12.237013816833496
4421,2,0,0,1.3124120235443115
4422,3,3,1,2.1600048542022705
4423,6,3,0,4.042989253997803
4424,1,1,1,19.691226959228516
4425,1,3,0,0.23583655059337616
4426,0,0,1,10.186084747314453
4427,2,2,1,6.8582763671875
4428,8,8,1,7.153868198394775
4429,2,2,1,7.410472393035889
4430,1,9,0,3.523397207260132
4431,1,1,1,8.03044605255127
4432,7,7,1,4.1275248527526855
4433,5,5,1,11.761192321777344
4434,2,2,1,4.713263511657715
4435,3,5,0,2.5139071941375732
4436,4,2,0,2.2044825553894043
4437,1,1,1,4.107924938201904
4438,2,2,1,5.455410957336426
4439,9,9,1,1.6438764333724976
4440,2,2,1,7.213947296142578
4441,1,9,0,-0.9548270106315613
4442,3,3,1,1.3206154108047485
4443,4,4,1,8.36300277709961
4444,8,8,1,13.785218238830566
4445,9,9,1,9.896013259887695
4446,0,3,0,0.5145679116249084
4447,0,8,0,1.006679892539978
4448,4,4,1,2.9876255989074707
4449,9,8,0,5.250511646270752
4450,0,0,1,6.437882900238037
4451,2,2,1,6.012687683105469
4452,2,2,1,2.1052029132843018
4453,0,0,1,2.329017400741577
4454,6,6,1,11.400406837463379
4455,8,8,1,15.022377967834473
4456,7,7,1,6.619199275970459
4457,3,3,1,1.3706324100494385
4458,3,3,1,-0.967251181602478
4459,8,8,1,12.609694480895996
4460,9,9,1,7.3605570793151855
4461,0,8,0,3.702247381210327
4462,2,4,0,1.225608468055725
4463,5,7,0,6.368355751037598
4464,3,9,0,1.0757380723953247
4465,6,6,1,4.8175177574157715
4466,1,1,1,11.66408920288086
4467,3,3,1,3.2587525844573975
4468,9,9,1,6.530499458312988
4469,5,3,0,1.9601733684539795
4470,0,8,0,8.34032917022705
4471,5,5,1,6.751959800720215
4472,4,4,1,6.33931303024292
4473,4,4,1,1.5035091638565063
4474,0,0,1,3.7237374782562256
4475,1,1,1,2.8796567916870117
4476,1,1,1,8.480451583862305
4477,6,0,0,1.0489119291305542
4478,1,8,0,7.07663106918335
4479,7,7,1,9.14659309387207
4480,9,9,1,6.8992462158203125
4481,9,9,1,5.977026462554932
4482,6,6,1,2.205317258834839
4483,2,0,0,1.4013066291809082
4484,4,4,1,2.1728672981262207
4485,3,7,0,6.034841060638428
4486,8,1,0,6.011959075927734
4487,3,7,0,2.625830888748169
4488,4,4,1,7.552401065826416
4489,7,7,1,9.815681457519531
4490,0,0,1,2.9560599327087402
4491,2,2,1,0.9246917963027954
4492,8,8,1,4.50362491607666
4493,4,2,0,4.717375755310059
4494,8,8,1,2.540236711502075
4495,3,4,0,-1.5943273305892944
4496,8,0,0,2.24474835395813
4497,8,8,1,14.526177406311035
4498,8,0,0,5.523464202880859
4499,3,3,1,1.9475747346878052
4500,3,6,0,1.7322871685028076
4501,5,5,1,1.9905277490615845
4502,7,7,1,10.711316108703613
4503,7,3,0,1.2379658222198486
4504,0,0,1,2.3923158645629883
4505,4,4,1,4.903265476226807
4506,1,1,1,9.475025177001953
4507,5,5,1,4.330740928649902
4508,9,8,0,5.311450481414795
4509,7,2,0,-0.20589661598205566
4510,0,0,1,9.865337371826172
4511,6,6,1,10.41208553314209
4512,8,8,1,11.846688270568848
4513,4,4,1,3.1664748191833496
4514,9,1,0,4.398622035980225
4515,0,0,1,4.200959205627441
4516,1,1,1,11.620573997497559
4517,8,8,1,0.7122973799705505
4518,9,9,1,15.003507614135742
4519,6,3,0,1.75448477268219
4520,3,3,1,3.790076971054077
4521,9,9,1,2.7552342414855957
4522,2,2,1,-0.11361995339393616
4523,4,2,0,1.1745071411132812
4524,4,4,1,3.8880105018615723
4525,0,0,1,0.8808780312538147
4526,3,5,0,1.9382141828536987
4527,3,5,0,6.95383358001709
4528,5,5,1,3.3854029178619385
4529,4,4,1,4.1685709953308105
4530,5,3,0,1.025813102722168
4531,1,1,1,19.181922912597656
4532,1,9,0,7.428664684295654
4533,8,8,1,7.324720859527588
4534,2,2,1,5.6907806396484375
4535,2,2,1,9.470242500305176
4536,9,1,0,4.736307144165039
4537,3,6,0,4.431049346923828
4538,7,7,1,13.033037185668945
4539,8,1,0,1.0550085306167603
4540,9,9,1,5.154821872711182
4541,2,2,1,5.914288520812988
4542,3,3,1,0.773505449295044
4543,1,1,1,11.980178833007812
4544,7,7,1,4.615291595458984
4545,3,3,1,1.422059416770935
4546,2,2,1,6.012877464294434
4547,3,4,0,2.8478448390960693
4548,0,3,0,0.08918096125125885
4549,1,1,1,13.543357849121094
4550,9,0,0,3.845519781112671
4551,5,3,0,1.0419771671295166
4552,5,5,1,2.7815263271331787
4553,3,3,1,1.185194492340088
4554,4,4,1,1.472019910812378
4555,5,7,0,0.7851804494857788
4556,2,8,0,3.4226839542388916
4557,0,0,1,7.8353142738342285
4558,0,0,1,2.7130913734436035
4559,3,7,0,-2.074018716812134
4560,1,1,1,18.57415199279785
4561,3,3,1,7.297996520996094
4562,4,5,0,3.2344300746917725
4563,7,7,1,3.5175862312316895
4564,4,4,1,2.4846105575561523
4565,2,3,0,-2.0872139930725098
4566,8,0,0,1.7333322763442993
4567,4,4,1,4.497191429138184
4568,8,8,1,5.171471118927002
4569,9,9,1,10.800949096679688
4570,9,9,1,7.6923298835754395
4571,4,4,1,4.255595684051514
4572,2,3,0,1.8357011079788208
4573,4,4,1,5.9251837730407715
4574,3,5,0,0.6768933534622192
4575,6,6,1,8.555184364318848
4576,4,4,1,4.040232181549072
4577,6,6,1,3.74206805229187
4578,4,4,1,7.846972942352295
4579,6,6,1,0.7830629348754883
4580,6,2,0,-1.8017445802688599
4581,3,3,1,-0.522826611995697
4582,8,0,0,5.379517078399658
4583,7,7,1,8.464102745056152
4584,4,4,1,11.019633293151855
4585,8,8,1,5.899780750274658
4586,0,0,1,2.232045888900757
4587,5,5,1,8.408097267150879
4588,9,7,0,1.1035997867584229
4589,3,3,1,2.9553327560424805
4590,9,0,0,-0.536045491695404
4591,0,0,1,8.446563720703125
4592,7,7,1,7.0497612953186035
4593,5,9,0,0.46396705508232117
4594,1,1,1,5.479175090789795
4595,9,9,1,4.198863983154297
4596,7,7,1,1.2922803163528442
4597,9,9,1,4.758919715881348
4598,1,9,0,1.9750359058380127
4599,8,8,1,10.608769416809082
4600,4,7,0,2.200249195098877
4601,2,2,1,5.455696105957031
4602,1,1,1,10.644108772277832
4603,6,3,0,2.529952049255371
4604,4,4,1,4.53586483001709
4605,3,2,0,2.6923022270202637
4606,0,0,1,2.4275665283203125
4607,1,1,1,7.91421365737915
4608,4,4,1,2.583881378173828
4609,8,8,1,5.094307899475098
4610,6,6,1,7.317810535430908
4611,1,1,1,9.673544883728027
4612,7,7,1,3.7870805263519287
4613,1,1,1,10.217055320739746
4614,3,4,0,3.1449520587921143
4615,5,0,0,-1.1475900411605835
4616,4,4,1,9.578572273254395
4617,3,3,1,2.8592145442962646
4618,3,6,0,3.182823657989502
4619,9,9,1,7.2148213386535645
4620,7,7,1,5.921327590942383
4621,8,8,1,8.971364974975586
4622,2,2,1,8.39932632446289
4623,5,3,0,2.852463960647583
4624,5,5,1,5.500256538391113
4625,4,4,1,2.246197462081909
4626,5,3,0,-0.5124597549438477
4627,4,4,1,8.00869369506836
4628,5,3,0,0.5450913906097412
4629,7,7,1,5.287539482116699
4630,2,6,0,1.903661847114563
4631,5,1,0,-1.1730687618255615
4632,5,2,0,1.4040368795394897
4633,1,1,1,7.585072994232178
4634,7,0,0,0.7857205271720886
4635,7,7,1,10.502992630004883
4636,8,8,1,6.425037860870361
4637,3,5,0,5.435516357421875
4638,6,6,1,0.9185762405395508
4639,0,0,1,1.1628339290618896
4640,2,2,1,1.0896602869033813
4641,5,5,1,3.7842838764190674
4642,2,2,1,4.256699085235596
4643,3,2,0,1.1004130840301514
4644,7,7,1,1.7034274339675903
4645,4,2,0,1.151768445968628
4646,2,3,0,3.866806745529175
4647,1,1,1,9.344916343688965
4648,6,6,1,0.5120418667793274
4649,8,8,1,12.799345016479492
4650,6,6,1,6.6311235427856445
4651,8,8,1,11.665640830993652
4652,3,3,1,2.4398090839385986
4653,2,4,0,1.187287449836731
4654,7,5,0,2.449472665786743
4655,7,7,1,3.8890745639801025
4656,9,9,1,10.336542129516602
4657,7,7,1,6.331131935119629
4658,1,1,1,8.305267333984375
4659,4,4,1,3.549337387084961
4660,7,3,0,-0.4948742389678955
4661,4,4,1,1.7453018426895142
4662,6,6,1,9.70629596710205
4663,1,1,1,10.867783546447754
4664,7,7,1,4.279083728790283
4665,3,3,1,2.310859203338623
4666,0,0,1,10.456482887268066
4667,0,0,1,12.637213706970215
4668,6,6,1,1.633773922920227
4669,6,6,1,5.8725199699401855
4670,8,8,1,4.529394149780273
4671,6,6,1,9.280472755432129
4672,6,6,1,12.146857261657715
4673,0,0,1,9.186615943908691
4674,3,3,1,2.625847339630127
4675,4,4,1,9.683539390563965
4676,7,7,1,4.13397216796875
4677,4,4,1,4.228756427764893
4678,9,9,1,2.938666582107544
4679,4,2,0,1.3436858654022217
4680,9,9,1,10.362796783447266
4681,9,9,1,5.167784214019775
4682,3,3,1,1.5655702352523804
4683,4,4,1,7.474068641662598
4684,1,1,1,8.278515815734863
4685,4,4,1,5.890409469604492
4686,0,0,1,4.042450904846191
4687,3,3,1,3.0126938819885254
4688,7,7,1,11.231417655944824
4689,1,1,1,-0.8194097280502319
4690,2,2,1,8.122265815734863
4691,2,6,0,3.9103798866271973
4692,8,8,1,7.630464553833008
4693,4,4,1,3.2859578132629395
4694,7,7,1,2.056847095489502
4695,8,0,0,7.633141994476318
4696,5,5,1,4.825233459472656
4697,5,5,1,6.219148635864258
4698,6,6,1,8.360367774963379
4699,5,3,0,-0.6068674325942993
4700,6,6,1,3.2708652019500732
4701,0,0,1,2.3044142723083496
4702,6,6,1,9.766432762145996
4703,4,0,0,2.6826088428497314
4704,9,9,1,9.236340522766113
4705,3,4,0,1.1743706464767456
4706,2,2,1,5.198058128356934
4707,7,7,1,6.091717720031738
4708,3,3,1,5.492886543273926
4709,8,8,1,11.320425033569336
4710,3,5,0,1.5608183145523071
4711,9,9,1,7.521175384521484
4712,4,3,0,-0.3097607493400574
4713,1,1,1,12.176396369934082
4714,6,6,1,2.275327205657959
4715,9,9,1,8.810893058776855
4716,9,6,0,0.5787935256958008
4717,4,5,0,3.816598892211914
4718,3,3,1,3.8384335041046143
4719,9,9,1,5.799998760223389
4720,8,0,0,2.978769063949585
4721,1,1,1,2.429051160812378
4722,6,3,0,-0.12934693694114685
4723,9,9,1,6.111831188201904
4724,5,1,0,1.3349579572677612
4725,9,1,0,6.832093238830566
4726,0,0,1,14.580236434936523
4727,9,9,1,8.659313201904297
4728,7,7,1,16.729455947875977
4729,2,6,0,-0.18179775774478912
4730,2,9,0,-2.915064573287964
4731,4,7,0,2.1553306579589844
4732,2,9,0,3.063854217529297
4733,6,6,1,3.721818447113037
4734,4,4,1,3.638302803039551
4735,8,8,1,6.781111717224121
4736,1,1,1,3.5599734783172607
4737,9,9,1,8.124290466308594
4738,5,5,1,3.653339385986328
4739,6,6,1,2.435878038406372
4740,5,2,0,2.199073553085327
4741,1,1,1,6.65808629989624
4742,8,2,0,-0.04220622405409813
4743,6,6,1,6.812576770782471
4744,6,0,0,5.184279918670654
4745,7,7,1,6.401537895202637
4746,6,6,1,13.448578834533691
4747,5,5,1,1.862285852432251
4748,0,1,0,-0.15506349503993988
4749,2,2,1,2.5725042819976807
4750,7,1,0,1.314915657043457
4751,6,4,0,1.3841170072555542
4752,1,1,1,11.966262817382812
4753,2,3,0,-0.467887818813324
4754,3,8,0,1.89284348487854
4755,1,1,1,5.252328395843506
4756,6,2,0,3.5241034030914307
4757,4,4,1,9.134410858154297
4758,9,9,1,1.2709652185440063
4759,0,0,1,5.667089939117432
4760,3,9,0,3.0388147830963135
4761,9,9,1,8.431741714477539
4762,1,1,1,1.3509955406188965
4763,0,0,1,1.0436408519744873
4764,5,5,1,6.933657169342041
4765,3,1,0,2.5040411949157715
4766,1,1,1,11.120399475097656
4767,6,6,1,0.7528254985809326
4768,9,9,1,5.235893249511719
4769,8,8,1,13.893980979919434
4770,9,2,0,0.9167582392692566
4771,0,0,1,4.979431629180908
4772,6,6,1,8.790637016296387
4773,1,1,1,5.5921783447265625
4774,6,0,0,0.1908416897058487
4775,2,2,1,2.7683279514312744
4776,3,0,0,2.8856852054595947
4777,5,5,1,6.999923229217529
4778,6,6,1,8.561888694763184
4779,9,1,0,2.8442418575286865
4780,0,0,1,3.174565076828003
4781,7,7,1,8.809616088867188
4782,2,2,1,6.096845626831055
4783,4,4,1,4.4439849853515625
4784,0,0,1,2.649463653564453
4785,3,3,1,8.60062026977539
4786,6,3,0,-0.1715063750743866
4787,8,8,1,14.369522094726562
4788,6,6,1,11.172388076782227
4789,9,1,0,2.384875774383545
4790,1,1,1,6.108455181121826
4791,9,3,0,-0.03647718206048012
4792,0,0,1,5.959445953369141
4793,6,6,1,-0.17670686542987823
4794,4,2,0,2.524888753890991
4795,5,5,1,3.2489354610443115
4796,9,9,1,8.611470222473145
4797,5,3,0,3.061384439468384
4798,4,2,0,1.5071086883544922
4799,1,1,1,9.810885429382324
4800,9,9,1,8.11699104309082
4801,2,2,1,4.824186325073242
4802,0,0,1,9.901914596557617
4803,7,7,1,3.0421059131622314
4804,3,3,1,7.08949089050293
4805,5,5,1,5.446560859680176
4806,1,1,1,8.62673282623291
4807,8,0,0,1.2048873901367188
4808,3,6,0,-1.6670515537261963
4809,0,0,1,8.70896053314209
4810,5,5,1,5.286144733428955
4811,2,1,0,0.3870480954647064
4812,8,8,1,3.903672695159912
4813,8,8,1,11.287249565124512
4814,3,0,0,1.9035218954086304
4815,9,8,0,3.1498172283172607
4816,6,2,0,3.8726067543029785
4817,0,0,1,14.441529273986816
4818,3,3,1,2.4513254165649414
4819,5,3,0,5.346224308013916
4820,3,1,0,4.6181769371032715
4821,4,4,1,0.619491457939148
4822,1,0,0,1.7958118915557861
4823,5,3,0,2.0637624263763428
4824,0,0,1,6.711751461029053
4825,7,7,1,5.60034704208374
4826,3,3,1,2.0500645637512207
4827,9,0,0,0.1783658266067505
4828,4,2,0,1.8383032083511353
4829,5,5,1,6.6816277503967285
4830,3,5,0,4.6759538650512695
4831,1,1,1,12.154738426208496
4832,4,8,0,-1.502981424331665
4833,2,2,1,-0.8207412362098694
4834,4,4,1,4.1089768409729
4835,9,9,1,4.369720935821533
4836,9,0,0,6.235091209411621
4837,7,7,1,11.267292022705078
4838,1,1,1,2.831908702850342
4839,7,7,1,8.275383949279785
4840,0,0,1,8.513426780700684
4841,1,1,1,15.673247337341309
4842,2,2,1,5.5789642333984375
4843,1,0,0,0.4451958239078522
4844,5,5,1,2.8648619651794434
4845,3,3,1,6.4980244636535645
4846,8,8,1,1.5080937147140503
4847,4,2,0,0.7615277171134949
4848,1,1,1,12.89319896697998
4849,5,5,1,1.1141537427902222
4850,1,1,1,4.437041759490967
4851,9,9,1,8.085247039794922
4852,9,0,0,3.0919206142425537
4853,7,7,1,7.099648952484131
4854,0,0,1,2.6625564098358154
4855,1,1,1,13.698891639709473
4856,7,7,1,14.527113914489746
4857,6,2,0,3.3783364295959473
4858,2,0,0,4.702239036560059
4859,6,3,0,1.1005910634994507
4860,5,5,1,1.9925881624221802
4861,0,0,1,6.782670497894287
4862,3,5,0,1.1134814023971558
4863,1,1,1,6.297444820404053
4864,3,0,0,1.2160975933074951
4865,8,9,0,3.3561360836029053
4866,9,9,1,6.876760959625244
4867,9,1,0,0.9647473692893982
4868,0,1,0,4.796670913696289
4869,8,8,1,12.789958953857422
4870,8,8,1,7.881399631500244
4871,7,4,0,3.5764236450195312
4872,9,9,1,4.1950273513793945
4873,2,0,0,0.9143471717834473
4874,9,9,1,6.58203649520874
4875,1,1,1,14.77094841003418
4876,3,6,0,3.45068621635437
4877,6,6,1,8.975471496582031
4878,7,7,1,5.441950798034668
4879,6,6,1,1.4878047704696655
4880,0,0,1,3.8855583667755127
4881,8,8,1,9.01431941986084
4882,6,1,0,5.623562812805176
4883,2,2,1,5.534838676452637
4884,4,7,0,1.6723830699920654
4885,2,2,1,7.315959930419922
4886,3,3,1,9.813260078430176
4887,5,5,1,2.869849681854248
4888,5,5,1,10.276406288146973
4889,4,4,1,4.862084865570068
4890,1,1,1,2.92160964012146
4891,6,6,1,2.802025556564331
4892,7,3,0,1.1474542617797852
4893,1,9,0,-0.26237669587135315
4894,6,6,1,1.683526635169983
4895,1,1,1,5.484312534332275
4896,7,7,1,9.495540618896484
4897,1,1,1,2.8052542209625244
4898,6,6,1,7.426011562347412
4899,2,2,1,5.805564880371094
4900,3,3,1,2.460620164871216
4901,0,0,1,6.584235191345215
4902,4,4,1,7.7727179527282715
4903,2,6,0,5.251504898071289
4904,9,1,0,1.8289165496826172
4905,7,7,1,9.795822143554688
4906,5,9,0,2.616429090499878
4907,5,2,0,0.9058677554130554
4908,6,6,1,3.2873623371124268
4909,0,2,0,0.2790217101573944
4910,8,0,0,4.024468898773193
4911,8,8,1,3.9668025970458984
4912,1,1,1,21.45819664001465
4913,1,1,1,5.359518051147461
4914,3,3,1,2.124675750732422
4915,5,5,1,8.688216209411621
4916,6,6,1,5.84612512588501
4917,5,3,0,2.343418836593628
4918,3,3,1,3.9439520835876465
4919,8,8,1,3.711348533630371
4920,7,7,1,2.6245315074920654
4921,5,5,1,-0.669599175453186
4922,0,0,1,3.6412885189056396
4923,7,7,1,8.875584602355957
4924,7,4,0,2.130112648010254
4925,5,5,1,3.476253032684326
4926,7,9,0,1.281514048576355
4927,1,1,1,1.4493415355682373
4928,9,9,1,2.2154369354248047
4929,9,9,1,5.76759672164917
4930,1,1,1,6.642670154571533
4931,9,1,0,5.7653350830078125
4932,9,9,1,1.3894424438476562
4933,3,8,0,-1.4046530723571777
4934,5,9,0,0.11095557361841202
4935,5,3,0,3.072880983352661
4936,3,3,1,6.082036972045898
4937,0,0,1,7.081414699554443
4938,3,5,0,2.5076911449432373
4939,0,0,1,9.060773849487305
4940,6,6,1,9.133213996887207
4941,6,6,1,4.9523606300354
4942,5,0,0,4.4230780601501465
4943,6,4,0,1.7469743490219116
4944,8,8,1,11.90466022491455
4945,9,9,1,9.640695571899414
4946,4,2,0,1.4610531330108643
4947,5,2,0,-0.5981528759002686
4948,1,9,0,1.4030331373214722
4949,1,1,1,19.517852783203125
4950,2,2,1,3.162743330001831
4951,7,7,1,8.212059020996094
4952,9,1,0,10.492506980895996
4953,0,0,1,9.362464904785156
4954,1,1,1,6.780763149261475
4955,2,0,0,5.513890743255615
4956,5,2,0,2.2237889766693115
4957,4,3,0,-1.2969682216644287
4958,4,4,1,4.52617883682251
4959,7,7,1,2.8623695373535156
4960,4,4,1,7.901880741119385
4961,8,8,1,9.34127426147461
4962,3,3,1,4.452835559844971
4963,3,3,1,1.8813461065292358
4964,5,2,0,3.5093743801116943
4965,3,4,0,2.862603187561035
4966,5,3,0,3.1477344036102295
4967,7,9,0,1.9519511461257935
4968,0,0,1,8.827859878540039
4969,1,1,1,10.617982864379883
4970,2,2,1,2.3989217281341553
4971,9,9,1,6.501574993133545
4972,8,8,1,5.478935241699219
4973,1,1,1,3.61159086227417
4974,7,8,0,0.3259059190750122
4975,3,3,1,5.2736406326293945
4976,5,5,1,6.435511589050293
4977,9,9,1,2.609994649887085
4978,1,1,1,16.602008819580078
4979,9,9,1,11.938176155090332
4980,1,9,0,2.449172019958496
4981,1,9,0,3.6481740474700928
4982,3,3,1,1.8699365854263306
4983,6,6,1,3.106736660003662
4984,7,7,1,4.138985633850098
4985,4,4,1,0.3997730612754822
4986,8,8,1,2.710526943206787
4987,3,3,1,4.778858184814453
4988,5,4,0,-0.0466688796877861
4989,6,6,1,9.20621395111084
4990,7,7,1,4.444239139556885
4991,0,0,1,4.929759979248047
4992,1,1,1,7.694863796234131
4993,7,3,0,-0.11571875214576721
4994,7,7,1,1.9704192876815796
4995,2,7,0,-0.7493972778320312
4996,3,3,1,2.753944158554077
4997,3,3,1,0.6491644978523254
4998,5,2,0,1.5880358219146729
4999,1,1,1,12.622349739074707
5000,7,7,1,11.090126991271973
5001,6,6,1,10.454350471496582
5002,8,0,0,4.019044876098633
5003,4,4,1,1.175066351890564
5004,4,4,1,1.738446593284607
5005,5,2,0,0.621952474117279
5006,7,2,0,1.027405023574829
5007,3,3,1,3.75866436958313
5008,4,2,0,1.8338227272033691
5009,7,7,1,6.583549976348877
5010,7,7,1,9.59573745727539
5011,3,3,1,1.0736781358718872
5012,6,4,0,0.1810770332813263
5013,0,0,1,2.2809979915618896
5014,7,7,1,3.213881015777588
5015,2,3,0,3.053114175796509
5016,6,6,1,7.601627349853516
5017,7,7,1,7.256442070007324
5018,4,4,1,5.371715545654297
5019,1,1,1,19.157169342041016
5020,8,8,1,8.276484489440918
5021,0,0,1,8.025803565979004
5022,2,6,0,-0.06975023448467255
5023,2,2,1,-1.3169221878051758
5024,1,1,1,15.574655532836914
5025,5,4,0,1.5571130514144897
5026,4,9,0,-1.9634997844696045
5027,0,0,1,10.226456642150879
5028,9,9,1,2.659203052520752
5029,3,3,1,2.8008034229278564
5030,4,0,0,2.573369026184082
5031,4,4,1,0.24699753522872925
5032,2,2,1,8.204482078552246
5033,3,3,1,5.14650821685791
5034,8,0,0,4.201094150543213
5035,5,5,1,8.342565536499023
5036,0,0,1,9.624887466430664
5037,0,0,1,9.861079216003418
5038,4,0,0,0.4274415969848633
5039,6,6,1,7.92177677154541
5040,3,0,0,1.0782891511917114
5041,9,9,1,4.651359558105469
5042,2,2,1,0.5651922225952148
5043,0,8,0,4.103960990905762
5044,5,5,1,2.5084023475646973
5045,7,7,1,10.855594635009766
5046,5,5,1,6.2370524406433105
5047,5,5,1,10.020869255065918
5048,1,1,1,8.525154113769531
5049,7,7,1,16.374858856201172
5050,3,3,1,7.6889753341674805
5051,1,1,1,6.473933696746826
5052,6,6,1,8.794400215148926
5053,7,3,0,1.2470182180404663
5054,9,9,1,9.793985366821289
5055,0,0,1,1.4008729457855225
5056,1,1,1,1.6158314943313599
5057,2,2,1,8.718971252441406
5058,1,1,1,3.1992478370666504
5059,4,4,1,8.60489559173584
5060,6,6,1,3.3642842769622803
5061,1,1,1,4.547084808349609
5062,5,5,1,9.444474220275879
5063,9,9,1,3.204204797744751
5064,5,5,1,13.398327827453613
5065,0,0,1,7.0166192054748535
5066,4,4,1,5.793269157409668
5067,9,9,1,4.433924198150635
5068,4,5,0,3.311846971511841
5069,9,8,0,2.419220447540283
5070,7,7,1,2.5333309173583984
5071,1,1,1,3.052790403366089
5072,6,3,0,1.9326165914535522
5073,8,8,1,1.057167410850525
5074,0,0,1,3.1788482666015625
5075,6,6,1,5.260403156280518
5076,5,5,1,3.885272741317749
5077,0,0,1,2.25689959526062
5078,8,8,1,12.143838882446289
5079,1,1,1,8.007859230041504
5080,7,7,1,6.290892601013184
5081,5,2,0,0.5364713668823242
5082,6,6,1,2.544396162033081
5083,9,9,1,7.490070819854736
5084,3,3,1,2.2905514240264893
5085,2,6,0,2.9321165084838867
5086,3,3,1,1.185455083847046
5087,9,9,1,5.753965854644775
5088,8,1,0,1.816917896270752
5089,6,6,1,11.659846305847168
5090,1,1,1,5.967711925506592
5091,0,1,0,3.6181328296661377
5092,9,1,0,1.535552978515625
5093,0,1,0,1.5011309385299683
5094,9,9,1,8.868263244628906
5095,8,8,1,8.066666603088379
5096,7,7,1,6.28773832321167
5097,7,0,0,-1.0589840412139893
5098,5,2,0,-0.3228205144405365
5099,2,2,1,4.564671993255615
5100,3,3,1,5.662762641906738
5101,5,7,0,2.6502761840820312
5102,5,6,0,-2.238471031188965
5103,7,7,1,8.935750007629395
5104,8,9,0,1.8618314266204834
5105,7,7,1,6.370734214782715
5106,6,6,1,3.7733044624328613
5107,9,9,1,3.814270496368408
5108,1,1,1,5.380988121032715
5109,9,9,1,7.013449668884277
5110,8,8,1,15.382634162902832
5111,6,6,1,8.18060302734375
5112,5,2,0,-2.461538076400757
5113,6,6,1,6.849719524383545
5114,7,7,1,9.762770652770996
5115,5,5,1,1.1062778234481812
5116,6,6,1,-1.445450782775879
5117,7,7,1,-1.1823667287826538
5118,2,2,1,1.4545575380325317
5119,5,0,0,3.5196945667266846
5120,9,9,1,6.148955821990967
5121,6,6,1,13.034942626953125
5122,6,6,1,12.79223346710205
5123,7,5,0,0.48812466859817505
5124,0,0,1,6.390501499176025
5125,1,1,1,13.943564414978027
5126,0,0,1,11.312276840209961
5127,1,1,1,5.018597602844238
5128,3,3,1,4.40920352935791
5129,2,2,1,-0.17474688589572906
5130,5,5,1,2.263284921646118
5131,6,6,1,8.510010719299316
5132,1,9,0,-0.4405974745750427
5133,2,2,1,4.36014461517334
5134,5,3,0,0.5446069240570068
5135,1,1,1,17.20411491394043
5136,9,9,1,3.6829731464385986
5137,9,8,0,2.023710250854492
5138,8,8,1,5.727494716644287
5139,6,6,1,14.117527961730957
5140,8,0,0,1.813934087753296
5141,6,3,0,0.7223259806632996
5142,8,8,1,4.711448669433594
5143,9,9,1,7.9787821769714355
5144,0,2,0,1.0524437427520752
5145,4,4,1,6.795133113861084
5146,0,8,0,3.287243366241455
5147,3,1,0,0.12907780706882477
5148,3,3,1,2.211552858352661
5149,6,6,1,8.460436820983887
5150,4,3,0,0.14518624544143677
5151,9,3,0,0.3807124197483063
5152,9,4,0,-0.016092561185359955
5153,7,7,1,8.096596717834473
5154,2,2,1,3.0733489990234375
5155,3,3,1,4.7200188636779785
5156,5,5,1,4.642947673797607
5157,6,6,1,-0.3429906666278839
5158,4,4,1,3.4666240215301514
5159,6,1,0,-0.25103482604026794
5160,0,0,1,8.700559616088867
5161,3,3,1,2.0966901779174805
5162,7,6,0,3.5786666870117188
5163,5,3,0,1.1013827323913574
5164,0,0,1,3.3590219020843506
5165,2,2,1,5.710483551025391
5166,9,7,0,-0.1785750687122345
5167,2,2,1,8.365876197814941
5168,7,4,0,1.3491613864898682
5169,2,2,1,2.7842142581939697
5170,9,9,1,5.148426055908203
5171,2,2,1,4.653115272521973
5172,4,6,0,5.313322067260742
5173,0,0,1,8.85220718383789
5174,6,2,0,-0.5585264563560486
5175,6,4,0,-0.49723291397094727
5176,3,9,0,0.5428161025047302
5177,4,3,0,1.8110520839691162
5178,5,5,1,6.930246353149414
5179,5,5,1,7.636533737182617
5180,9,9,1,4.2306084632873535
5181,1,1,1,3.383119583129883
5182,1,1,1,8.190765380859375
5183,4,4,1,2.9868435859680176
5184,4,4,1,2.1070661544799805
5185,3,3,1,2.7377736568450928
5186,5,5,1,6.903819561004639
5187,4,4,1,5.169188022613525
5188,8,8,1,11.897550582885742
5189,0,0,1,3.0606400966644287
5190,0,0,1,8.047374725341797
5191,3,3,1,1.7026214599609375
5192,9,9,1,4.175388813018799
5193,4,3,0,-0.33760866522789
5194,7,7,1,4.086427688598633
5195,4,3,0,1.6075538396835327
5196,2,2,1,4.707895278930664
5197,8,8,1,2.472212553024292
5198,3,8,0,1.5826327800750732
5199,6,6,1,4.860020637512207
5200,3,3,1,-0.3854171931743622
5201,1,1,1,13.899422645568848
5202,9,0,0,2.4023258686065674
5203,6,4,0,-0.3222331404685974
5204,3,3,1,2.257737398147583
5205,8,8,1,3.505357265472412
5206,3,2,0,-0.7015240788459778
5207,8,2,0,1.2758816480636597
5208,4,4,1,5.447425365447998
5209,7,7,1,9.36593246459961
5210,5,5,1,4.222346782684326
5211,7,4,0,-1.5253783464431763
5212,5,3,0,-1.529204249382019
5213,3,2,0,0.6398630738258362
5214,1,8,0,3.7072582244873047
5215,2,2,1,4.558794021606445
5216,6,6,1,11.635823249816895
5217,1,1,1,7.397830009460449
5218,3,5,0,-0.3648948669433594
5219,2,2,1,3.498016834259033
5220,0,0,1,5.637613773345947
5221,7,7,1,4.447049140930176
5222,5,0,0,0.8321817517280579
5223,0,0,1,11.976212501525879
5224,0,0,1,0.9114444255828857
5225,0,0,1,6.398436069488525
5226,1,1,1,6.843821048736572
5227,4,7,0,1.3709102869033813
5228,3,3,1,3.303332567214966
5229,5,3,0,1.5220195055007935
5230,8,8,1,3.0945611000061035
5231,4,4,1,4.822676181793213
5232,3,3,1,3.6693952083587646
5233,1,9,0,3.7746458053588867
5234,7,7,1,3.039041042327881
5235,1,6,0,1.0243711471557617
5236,0,0,1,5.946502208709717
5237,4,2,0,1.368488073348999
5238,2,0,0,7.151182651519775
5239,4,3,0,1.4344654083251953
5240,1,1,1,5.0719428062438965
5241,4,4,1,7.6536359786987305
5242,0,0,1,4.5898919105529785
5243,1,1,1,14.431396484375
5244,2,2,1,7.675638675689697
5245,1,1,1,14.733912467956543
5246,7,2,0,-0.19633743166923523
5247,7,7,1,3.718402862548828
5248,9,9,1,4.067725658416748
5249,8,8,1,8.30372142791748
5250,7,7,1,7.701690196990967
5251,5,5,1,8.016695976257324
5252,4,4,1,6.4548211097717285
5253,0,0,1,0.6152507662773132
5254,9,1,0,3.6423354148864746
5255,0,0,1,7.570576190948486
5256,0,0,1,7.008182048797607
5257,8,0,0,3.4042418003082275
5258,2,6,0,3.6978976726531982
5259,0,0,1,3.1375274658203125
5260,0,0,1,9.437238693237305
5261,2,2,1,0.6690279841423035
5262,4,3,0,2.4853532314300537
5263,8,8,1,10.906805992126465
5264,6,4,0,3.3367245197296143
5265,2,2,1,3.2066802978515625
5266,4,7,0,1.3392757177352905
5267,6,6,1,2.4502692222595215
5268,3,3,1,8.372859001159668
5269,5,5,1,3.0096142292022705
5270,1,1,1,10.354536056518555
5271,5,5,1,4.1834845542907715
5272,3,3,1,1.1620339155197144
5273,7,7,1,4.533490180969238
5274,2,6,0,1.7398043870925903
5275,2,0,0,2.693718194961548
5276,9,1,0,1.296640157699585
5277,8,0,0,7.429386615753174
5278,0,0,1,1.700048565864563
5279,0,0,1,5.343475818634033
5280,0,3,0,1.4359256029129028
5281,3,3,1,5.177928924560547
5282,4,4,1,5.3141770362854
5283,4,4,1,1.2893249988555908
5284,6,6,1,3.654217481613159
5285,1,1,1,5.760004043579102
5286,6,6,1,4.617440700531006
5287,7,7,1,0.3268376886844635
5288,4,4,1,6.595880031585693
5289,4,4,1,-1.1042311191558838
5290,3,3,1,5.619624614715576
5291,9,3,0,-0.5484097599983215
5292,4,4,1,3.425841808319092
5293,0,0,1,8.648506164550781
5294,8,0,0,4.438710689544678
5295,0,0,1,6.805150508880615
5296,4,4,1,8.70060920715332
5297,6,6,1,3.2753024101257324
5298,5,3,0,4.6065473556518555
5299,7,7,1,4.983272552490234
5300,9,9,1,8.124639511108398
5301,7,7,1,8.757198333740234
5302,0,0,1,5.284971237182617
5303,5,5,1,11.549560546875
5304,7,7,1,7.260758399963379
5305,7,3,0,-1.908901572227478
5306,3,3,1,7.497785568237305
5307,1,1,1,6.180347919464111
5308,9,9,1,5.820613384246826
5309,3,5,0,3.0314853191375732
5310,0,0,1,3.0925686359405518
5311,9,1,0,4.500650882720947
5312,5,5,1,4.603480339050293
5313,3,3,1,5.294429779052734
5314,7,1,0,-1.7088587284088135
5315,9,9,1,2.4552831649780273
5316,4,4,1,3.275489568710327
5317,4,3,0,0.261176735162735
5318,1,0,0,0.8037077188491821
5319,7,7,1,7.498458385467529
5320,7,3,0,-0.864587128162384
5321,1,1,1,8.97185230255127
5322,4,4,1,3.5036823749542236
5323,1,1,1,15.84322452545166
5324,2,2,1,0.695823073387146
5325,8,8,1,8.116830825805664
5326,7,7,1,7.759205341339111
5327,0,0,1,0.1246412843465805
5328,0,0,1,5.843130588531494
5329,4,5,0,0.15638168156147003
5330,7,7,1,2.9772377014160156
5331,2,2,1,8.436835289001465
5332,9,9,1,2.7819154262542725
5333,7,7,1,8.968645095825195
5334,6,6,1,7.9845662117004395
5335,9,9,1,6.691030025482178
5336,3,3,1,3.9336190223693848
5337,5,3,0,3.2128982543945312
5338,8,0,0,0.649272084236145
5339,0,0,1,8.124454498291016
5340,3,3,1,0.6163029670715332
5341,6,6,1,11.565810203552246
5342,8,7,0,1.5738445520401
5343,3,3,1,1.7761543989181519
5344,2,2,1,5.469458103179932
5345,4,3,0,2.0253942012786865
5346,7,7,1,2.491013288497925
5347,1,9,0,0.5315950512886047
5348,1,1,1,5.970152378082275
5349,3,3,1,5.430609703063965
5350,9,9,1,7.1795573234558105
5351,7,7,1,8.900136947631836
5352,5,3,0,1.0085524320602417
5353,1,1,1,12.482354164123535
5354,0,4,0,0.9629257917404175
5355,8,8,1,8.891203880310059
5356,7,7,1,7.259101867675781
5357,0,0,1,4.5661821365356445
5358,1,1,1,13.75996208190918
5359,6,4,0,1.6235054731369019
5360,9,9,1,3.0900020599365234
5361,3,1,0,0.40011459589004517
5362,2,2,1,9.998407363891602
5363,7,7,1,13.749256134033203
5364,7,7,1,5.757252216339111
5365,8,1,0,2.2994492053985596
5366,1,1,1,3.6260218620300293
5367,0,0,1,4.733622074127197
5368,3,3,1,5.268447399139404
5369,4,2,0,1.4348498582839966
5370,6,6,1,-0.12286804616451263
5371,7,7,1,6.065476417541504
5372,5,0,0,0.2511349320411682
5373,2,2,1,6.849737167358398
5374,0,0,1,7.900301456451416
5375,1,9,0,1.580257534980774
5376,5,3,0,0.277759313583374
5377,5,5,1,3.7094476222991943
5378,1,1,1,3.3846845626831055
5379,4,4,1,5.223561763763428
5380,1,1,1,14.463401794433594
5381,3,3,1,4.1530938148498535
5382,0,0,1,8.153223037719727
5383,8,8,1,10.269259452819824
5384,6,3,0,3.7149486541748047
5385,2,2,1,-0.6149607300758362
5386,1,1,1,8.139225959777832
5387,3,4,0,9.189759254455566
5388,6,3,0,1.3378839492797852
5389,4,4,1,1.996087670326233
5390,1,1,1,6.983354091644287
5391,9,9,1,5.952951431274414
5392,0,0,1,3.1368017196655273
5393,4,3,0,0.936199426651001
5394,1,1,1,7.295456409454346
5395,0,0,1,8.39753246307373
5396,1,1,1,5.57715368270874
5397,9,9,1,4.4387078285217285
5398,8,0,0,0.14473183453083038
5399,6,6,1,-0.5316318869590759
5400,9,9,1,6.8251633644104
5401,2,2,1,7.214334487915039
5402,4,4,1,7.20011568069458
5403,7,6,0,1.5201058387756348
5404,2,4,0,-0.15591108798980713
5405,2,0,0,7.432454586029053
5406,7,7,1,11.276540756225586
5407,4,7,0,3.0078890323638916
5408,9,0,0,2.7375988960266113
5409,1,1,1,6.409633159637451
5410,3,4,0,0.549049973487854
5411,2,2,1,-0.8149010539054871
5412,6,6,1,6.820709228515625
5413,3,3,1,2.257324457168579
5414,4,4,1,3.518399238586426
5415,4,3,0,-0.5328450202941895
5416,9,1,0,9.647093772888184
5417,4,3,0,3.21109938621521
5418,8,8,1,7.868895053863525
5419,2,2,1,2.437786817550659
5420,6,6,1,10.896409034729004
5421,6,6,1,3.8728649616241455
5422,1,1,1,3.6755762100219727
5423,6,6,1,3.1080551147460938
5424,3,3,1,5.399531364440918
5425,6,5,0,0.39433953166007996
5426,5,3,0,6.307435035705566
5427,8,8,1,10.590079307556152
5428,4,4,1,3.5929954051971436
5429,6,2,0,-0.1646331548690796
5430,7,7,1,9.490431785583496
5431,1,1,1,8.385981559753418
5432,9,9,1,6.580749988555908
5433,3,7,0,0.22399243712425232
5434,6,6,1,9.368035316467285
5435,7,0,0,-1.5672298669815063
5436,6,6,1,2.220930814743042
5437,0,0,1,4.175792217254639
5438,7,7,1,4.420782566070557
5439,1,1,1,5.423096179962158
5440,9,4,0,-0.5865012407302856
5441,5,2,0,-0.5600650906562805
5442,2,3,0,-0.24919527769088745
5443,6,6,1,3.7133898735046387
5444,7,7,1,1.7340023517608643
5445,7,7,1,7.702160835266113
5446,6,6,1,2.870333671569824
5447,5,5,1,5.427341461181641
5448,9,9,1,8.830151557922363
5449,1,1,1,4.218371391296387
5450,5,3,0,5.830316066741943
5451,6,6,1,12.551068305969238
5452,0,0,1,4.7739996910095215
5453,2,2,1,1.045121669769287
5454,0,0,1,8.869275093078613
5455,9,0,0,-0.395498126745224
5456,1,9,0,3.977700710296631
5457,8,8,1,13.513471603393555
5458,3,6,0,5.090853214263916
5459,5,5,1,4.592909812927246
5460,0,3,0,2.486543893814087
5461,0,0,1,1.9424206018447876
5462,0,0,1,11.099616050720215
5463,5,5,1,1.3739620447158813
5464,7,4,0,4.449344158172607
5465,7,6,0,4.833563804626465
5466,8,8,1,3.895493507385254
5467,5,3,0,-0.6640173196792603
5468,5,5,1,-0.5955319404602051
5469,5,4,0,0.0724196806550026
5470,1,1,1,8.017040252685547
5471,6,6,1,2.7365224361419678
5472,1,1,1,15.927206993103027
5473,5,5,1,9.853657722473145
5474,1,1,1,11.519877433776855
5475,0,0,1,4.833280086517334
5476,6,6,1,5.115886211395264
5477,2,2,1,-1.3794385194778442
5478,3,3,1,7.678121566772461
5479,2,6,0,4.8693037033081055
5480,1,1,1,10.880097389221191
5481,7,7,1,1.6596438884735107
5482,5,7,0,-0.5288976430892944
5483,1,1,1,11.420121192932129
5484,9,9,1,11.74772834777832
5485,8,8,1,9.200825691223145
5486,3,3,1,1.759796142578125
5487,6,3,0,-0.4634591341018677
5488,9,9,1,5.037773132324219
5489,7,3,0,0.41447713971138
5490,3,0,0,0.27074676752090454
5491,0,0,1,5.18955659866333
5492,2,2,1,0.8668425679206848
5493,3,3,1,1.0244245529174805
5494,9,9,1,7.262109279632568
5495,4,4,1,2.181013345718384
5496,4,1,0,-0.27486884593963623
5497,3,3,1,-0.2910670042037964
5498,9,1,0,4.400498867034912
5499,6,6,1,10.643584251403809
5500,8,8,1,12.359856605529785
5501,6,6,1,9.14220905303955
5502,6,6,1,5.940403461456299
5503,8,8,1,11.660703659057617
5504,5,3,0,0.43157655000686646
5505,4,4,1,9.378191947937012
5506,3,3,1,4.360716819763184
5507,6,6,1,6.1583781242370605
5508,7,7,1,1.0910977125167847
5509,7,7,1,3.475771427154541
5510,4,4,1,2.752871513366699
5511,3,6,0,4.793406009674072
5512,9,9,1,3.5737202167510986
5513,6,6,1,7.299912452697754
5514,2,3,0,0.49032431840896606
5515,4,4,1,1.9606075286865234
5516,0,0,1,2.880585193634033
5517,1,1,1,1.252751350402832
5518,3,2,0,1.245908260345459
5519,6,6,1,10.563546180725098
5520,4,2,0,0.7530654668807983
5521,9,9,1,9.654733657836914
5522,2,2,1,2.7025625705718994
5523,6,6,1,7.083415508270264
5524,0,0,1,6.232486248016357
5525,3,1,0,3.882965087890625
5526,8,8,1,1.8426884412765503
5527,7,7,1,13.62191390991211
5528,5,5,1,6.0817413330078125
5529,3,1,0,7.576458930969238
5530,3,2,0,1.6852535009384155
5531,8,8,1,3.9063196182250977
5532,3,3,1,4.415304183959961
5533,2,2,1,2.3441295623779297
5534,6,9,0,0.9744704365730286
5535,3,3,1,1.4796339273452759
5536,6,6,1,0.3441693186759949
5537,2,2,1,0.006177742034196854
5538,7,7,1,3.7685070037841797
5539,4,4,1,2.754957437515259
5540,5,5,1,5.273223876953125
5541,7,7,1,5.737067222595215
5542,9,9,1,3.4442250728607178
5543,0,0,1,12.904226303100586
5544,0,9,0,0.033843670040369034
5545,6,6,1,10.685455322265625
5546,7,7,1,4.7033538818359375
5547,2,8,0,-0.18236574530601501
5548,8,0,0,3.7563283443450928
5549,5,5,1,1.728756070137024
5550,5,1,0,-0.4275243878364563
5551,7,7,1,3.7281999588012695
5552,5,1,0,2.321906089782715
5553,5,5,1,2.5769174098968506
5554,9,9,1,3.5364251136779785
5555,4,4,1,8.673054695129395
5556,6,3,0,-1.9658949375152588
5557,4,4,1,6.716660499572754
5558,7,7,1,-0.1768832504749298
5559,3,2,0,3.2160308361053467
5560,3,3,1,0.13130205869674683
5561,6,3,0,-0.6939257979393005
5562,4,4,1,0.8318833112716675
5563,1,1,1,1.9791209697723389
5564,6,8,0,5.154223918914795
5565,3,3,1,1.5641676187515259
5566,1,1,1,1.8145372867584229
5567,6,6,1,9.621033668518066
5568,7,7,1,4.088611602783203
5569,0,0,1,9.754528045654297
5570,5,5,1,8.621380805969238
5571,0,0,1,10.226184844970703
5572,1,1,1,3.2685415744781494
5573,9,9,1,5.878646373748779
5574,7,7,1,10.102865219116211
5575,3,3,1,7.408870697021484
5576,5,3,0,1.561598777770996
5577,2,2,1,6.825511455535889
5578,3,5,0,3.032923460006714
5579,9,3,0,-1.1346027851104736
5580,5,3,0,-0.2625140845775604
5581,6,3,0,2.1420435905456543
5582,4,4,1,1.81453275680542
5583,0,0,1,9.713456153869629
5584,0,0,1,5.57066011428833
5585,0,1,0,1.3587095737457275
5586,8,8,1,8.250401496887207
5587,0,0,1,8.080492973327637
5588,3,3,1,3.621840715408325
5589,2,3,0,2.5191104412078857
5590,4,4,1,2.933899164199829
5591,5,3,0,0.1428665816783905
5592,3,3,1,4.804536819458008
5593,7,0,0,-1.0260714292526245
5594,9,9,1,9.564253807067871
5595,6,6,1,0.9320886135101318
5596,9,9,1,5.278459072113037
5597,3,8,0,2.101654529571533
5598,1,1,1,6.447522163391113
5599,2,2,1,3.7367916107177734
5600,6,3,0,-0.9543863534927368
5601,7,7,1,8.934365272521973
5602,4,4,1,2.029412031173706
5603,5,4,0,3.7455735206604004
5604,1,1,1,12.414383888244629
5605,3,3,1,6.7329535484313965
5606,7,3,0,-0.562544584274292
5607,6,2,0,3.4978673458099365
5608,9,9,1,7.5270304679870605
5609,5,3,0,0.3379403352737427
5610,8,8,1,4.690205097198486
5611,5,3,0,0.9966638684272766
5612,8,8,1,1.9557210206985474
5613,5,5,1,10.749207496643066
5614,8,8,1,11.401022911071777
5615,5,5,1,1.6250501871109009
5616,6,6,1,5.339962005615234
5617,5,7,0,0.52204430103302
5618,0,2,0,1.4074060916900635
5619,8,8,1,2.6570191383361816
5620,3,3,1,5.304269313812256
5621,8,8,1,4.036956310272217
5622,1,1,1,4.521727561950684
5623,8,8,1,2.071821689605713
5624,1,1,1,11.858798027038574
5625,5,7,0,2.1772921085357666
5626,0,0,1,2.6954026222229004
5627,9,1,0,3.0678884983062744
5628,8,0,0,2.3464674949645996
5629,6,6,1,3.627150058746338
5630,3,3,1,2.532970428466797
5631,6,6,1,8.254072189331055
5632,3,3,1,2.3167669773101807
5633,4,1,0,1.9081127643585205
5634,4,2,0,3.0195486545562744
5635,7,7,1,9.583106994628906
5636,4,4,1,4.22066593170166
5637,7,7,1,7.992667198181152
5638,4,4,1,4.074553966522217
5639,3,3,1,0.5269481539726257
5640,2,2,1,0.5262657403945923
5641,4,4,1,3.367706298828125
5642,5,4,0,4.658076763153076
5643,5,3,0,0.6304171085357666
5644,7,7,1,0.7630369663238525
5645,5,8,0,1.7902195453643799
5646,4,4,1,1.3522071838378906
5647,5,3,0,-0.9163933992385864
5648,8,3,0,-1.272737979888916
5649,0,3,0,0.3215453028678894
5650,5,3,0,0.9600827693939209
5651,4,2,0,2.4860470294952393
5652,0,0,1,2.964287757873535
5653,5,5,1,1.4607148170471191
5654,4,9,0,-0.7294915318489075
5655,3,3,1,1.5301779508590698
5656,3,3,1,1.793676495552063
5657,2,2,1,2.925163507461548
5658,4,5,0,3.4332656860351562
5659,2,2,1,0.43074196577072144
5660,9,9,1,5.19655179977417
5661,4,4,1,2.673187494277954
5662,8,8,1,7.911102294921875
5663,8,8,1,3.3761675357818604
5664,6,6,1,10.174904823303223
5665,2,0,0,2.9864680767059326
5666,6,4,0,-0.1200573667883873
5667,1,1,1,9.27463150024414
5668,7,7,1,9.854988098144531
5669,0,0,1,1.3805761337280273
5670,4,4,1,2.3990859985351562
5671,3,3,1,1.3654640913009644
5672,8,8,1,10.591837882995605
5673,5,5,1,4.323728084564209
5674,9,9,1,5.171318531036377
5675,7,7,1,5.633519649505615
5676,6,6,1,5.820832252502441
5677,7,7,1,0.36249276995658875
5678,1,1,1,1.64298677444458
5679,0,0,1,2.9284543991088867
5680,2,2,1,0.6568334698677063
5681,3,3,1,4.406593322753906
5682,5,3,0,1.588372826576233
5683,6,0,0,1.119525671005249
5684,7,7,1,14.485223770141602
5685,1,1,1,2.8751511573791504
5686,6,6,1,3.9237358570098877
5687,2,2,1,11.075383186340332
5688,8,8,1,9.287446022033691
5689,3,3,1,4.05622673034668
5690,7,7,1,4.373617649078369
5691,2,2,1,3.4404165744781494
5692,5,2,0,-0.05267694219946861
5693,7,7,1,14.75245475769043
5694,5,0,0,0.330069899559021
5695,7,2,0,2.8792755603790283
5696,7,7,1,7.0468926429748535
5697,1,1,1,12.669159889221191
5698,7,7,1,1.6685584783554077
5699,4,4,1,3.9815101623535156
5700,3,2,0,1.4311686754226685
5701,3,3,1,5.281939506530762
5702,4,4,1,6.35529899597168
5703,0,0,1,4.0328145027160645
5704,4,4,1,6.450034141540527
5705,2,2,1,2.4332940578460693
5706,7,7,1,9.168344497680664
5707,0,0,1,8.491844177246094
5708,2,6,0,-1.4452162981033325
5709,2,9,0,-0.7975630164146423
5710,6,6,1,3.781381368637085
5711,6,6,1,9.945549964904785
5712,2,2,1,2.660620927810669
5713,5,5,1,2.925063371658325
5714,2,6,0,0.9073991775512695
5715,6,0,0,-0.3981013298034668
5716,0,0,1,5.309625148773193
5717,6,3,0,0.9547327756881714
5718,1,1,1,3.564474105834961
5719,2,5,0,1.9015402793884277
5720,9,9,1,4.598333835601807
5721,0,3,0,-0.4933071732521057
5722,0,0,1,10.231122970581055
5723,1,1,1,8.32984733581543
5724,5,3,0,1.7698187828063965
5725,5,5,1,7.746349334716797
5726,1,1,1,10.17693042755127
5727,6,0,0,2.436750650405884
5728,7,7,1,9.75172233581543
5729,8,0,0,-0.006741482764482498
5730,5,2,0,0.0298142172396183
5731,6,6,1,1.1489064693450928
5732,3,3,1,5.3621296882629395
5733,3,3,1,3.5498650074005127
5734,6,3,0,1.648661732673645
5735,0,0,1,5.968533039093018
5736,9,9,1,-0.12639382481575012
5737,9,9,1,4.78342866897583
5738,2,2,1,4.459408760070801
5739,2,2,1,6.062844276428223
5740,6,6,1,3.7218666076660156
5741,1,1,1,13.56667423248291
5742,4,4,1,3.870612859725952
5743,6,6,1,6.784622669219971
5744,2,2,1,5.394538402557373
5745,5,3,0,-1.616600751876831
5746,7,7,1,10.543525695800781
5747,8,0,0,6.733269214630127
5748,8,8,1,6.87883996963501
5749,5,7,0,-0.022975720465183258
5750,6,6,1,8.392129898071289
5751,4,4,1,4.496341228485107
5752,3,1,0,3.179877758026123
5753,2,2,1,10.755871772766113
5754,3,3,1,4.450354099273682
5755,4,4,1,1.2349916696548462
5756,4,4,1,5.593821048736572
5757,4,2,0,-0.056122150272130966
5758,8,8,1,5.902461051940918
5759,9,9,1,6.990055561065674
5760,2,2,1,2.9190051555633545
5761,6,6,1,10.219634056091309
5762,0,0,1,9.52271842956543
5763,9,9,1,3.376234292984009
5764,7,7,1,5.1779890060424805
5765,9,9,1,5.09766960144043
5766,8,8,1,3.477978229522705
5767,7,7,1,7.102673530578613
5768,7,7,1,6.383887767791748
5769,3,3,1,4.93535041809082
5770,8,8,1,9.596549034118652
5771,2,2,1,0.15805736184120178
5772,9,9,1,8.027270317077637
5773,3,3,1,3.8239405155181885
5774,5,3,0,5.383061408996582
5775,7,2,0,1.8416600227355957
5776,5,5,1,7.636790752410889
5777,8,8,1,9.693201065063477
5778,7,7,1,7.056473731994629
5779,3,2,0,-0.7589589953422546
5780,7,7,1,6.814680099487305
5781,0,8,0,0.07644599676132202
5782,7,7,1,9.425826072692871
5783,1,0,0,3.1704301834106445
5784,6,6,1,4.798396587371826
5785,2,2,1,6.513352870941162
5786,4,2,0,1.4395121335983276
5787,0,0,1,5.086212635040283
5788,0,0,1,7.973033428192139
5789,2,2,1,6.823573112487793
5790,9,1,0,0.47983700037002563
5791,8,8,1,5.589535236358643
5792,2,2,1,1.639099359512329
5793,8,0,0,3.491675615310669
5794,7,7,1,3.9618453979492188
5795,7,5,0,1.1706939935684204
5796,5,2,0,0.02862875536084175
5797,5,2,0,-0.3365635573863983
5798,0,0,1,11.151603698730469
5799,1,1,1,8.376097679138184
5800,2,5,0,-1.8911454677581787
5801,9,9,1,9.572778701782227
5802,6,2,0,0.8948606848716736
5803,1,1,1,3.2773685455322266
5804,0,0,1,6.2146711349487305
5805,1,1,1,14.582444190979004
5806,0,0,1,5.862289905548096
5807,6,6,1,11.932951927185059
5808,5,3,0,-1.1470674276351929
5809,0,0,1,0.8697731494903564
5810,5,5,1,7.087732315063477
5811,7,7,1,8.425180435180664
5812,4,4,1,6.674732685089111
5813,4,4,1,4.601612567901611
5814,8,0,0,1.5590505599975586
5815,3,6,0,1.807456135749817
5816,5,5,1,3.0105321407318115
5817,3,3,1,8.303857803344727
5818,7,7,1,12.400985717773438
5819,2,2,1,3.366053342819214
5820,5,5,1,1.1950160264968872
5821,8,9,0,2.877183198928833
5822,3,3,1,0.9453834295272827
5823,5,3,0,-0.1164567768573761
5824,7,7,1,5.812961101531982
5825,3,3,1,4.064468860626221
5826,7,9,0,1.5113015174865723
5827,0,0,1,10.840180397033691
5828,5,5,1,9.106866836547852
5829,4,2,0,-0.9667447209358215
5830,5,3,0,3.2580583095550537
5831,6,6,1,5.932210445404053
5832,9,9,1,0.8850081562995911
5833,3,0,0,-0.10259503126144409
5834,5,5,1,4.827616214752197
5835,3,0,0,0.328983873128891
5836,8,8,1,9.228951454162598
5837,2,3,0,1.4141902923583984
5838,4,1,0,2.3443491458892822
5839,2,2,1,6.608118057250977
5840,2,2,1,1.1933772563934326
5841,6,6,1,0.8034512996673584
5842,7,7,1,8.465829849243164
5843,6,6,1,1.3880187273025513
5844,0,0,1,2.3097951412200928
5845,5,5,1,5.339137077331543
5846,5,5,1,5.826895713806152
5847,8,8,1,2.2712836265563965
5848,4,4,1,1.3185502290725708
5849,5,3,0,2.142073631286621
5850,6,6,1,2.875561475753784
5851,1,1,1,8.212156295776367
5852,3,3,1,2.276233673095703
5853,5,5,1,5.490655899047852
5854,4,4,1,0.7402823567390442
5855,7,7,1,0.8793429732322693
5856,3,5,0,6.509666442871094
5857,0,0,1,3.297029972076416
5858,7,7,1,4.572089672088623
5859,2,2,1,3.619852304458618
5860,0,0,1,8.429670333862305
5861,1,0,0,1.7954050302505493
5862,2,3,0,1.0662156343460083
5863,4,4,1,3.4033074378967285
5864,9,1,0,6.442056655883789
5865,6,2,0,-0.23981104791164398
5866,4,3,0,1.8099781274795532
5867,5,5,1,-0.38703158497810364
5868,9,9,1,0.20955295860767365
5869,7,7,1,0.0996415987610817
5870,7,7,1,2.0988411903381348
5871,6,2,0,0.539793074131012
5872,7,3,0,0.7334163188934326
5873,4,4,1,2.7985832691192627
5874,3,3,1,3.1838173866271973
5875,1,3,0,0.9553784132003784
5876,6,3,0,1.2888097763061523
5877,9,9,1,5.84161901473999
5878,4,3,0,0.08766818046569824
5879,8,0,0,2.1738054752349854
5880,0,0,1,12.110889434814453
5881,3,5,0,2.0842835903167725
5882,1,1,1,7.530807018280029
5883,6,4,0,4.411634922027588
5884,4,4,1,8.906909942626953
5885,4,4,1,11.495841979980469
5886,2,2,1,1.870659351348877
5887,1,1,1,18.53377914428711
5888,4,2,0,1.3540775775909424
5889,6,3,0,1.7284644842147827
5890,3,3,1,3.286534309387207
5891,0,0,1,6.645598888397217
5892,8,8,1,11.54768180847168
5893,9,9,1,6.711241722106934
5894,7,7,1,0.632820725440979
5895,6,6,1,12.097992897033691
5896,8,9,0,3.12843656539917
5897,4,4,1,4.8131232261657715
5898,8,8,1,9.948420524597168
5899,1,1,1,12.109969139099121
5900,4,2,0,2.092175006866455
5901,5,3,0,-1.2123181819915771
5902,9,9,1,10.694734573364258
5903,4,0,0,-1.1512031555175781
5904,7,7,1,3.5696310997009277
5905,1,1,1,10.929032325744629
5906,4,4,1,4.861410617828369
5907,5,5,1,-1.1046278476715088
5908,3,4,0,0.8739590048789978
5909,1,1,1,3.1671271324157715
5910,2,3,0,1.4293001890182495
5911,6,9,0,-2.371666431427002
5912,4,4,1,5.069233417510986
5913,7,7,1,11.54269790649414
5914,1,3,0,0.5500628352165222
5915,5,5,1,1.6453322172164917
5916,9,9,1,6.999130725860596
5917,3,2,0,6.715758323669434
5918,1,1,1,20.931398391723633
5919,4,2,0,-1.5602588653564453
5920,8,0,0,4.067165374755859
5921,7,3,0,-0.16307878494262695
5922,7,7,1,9.568870544433594
5923,0,0,1,5.4041595458984375
5924,4,0,0,2.722400426864624
5925,3,3,1,0.6705068349838257
5926,4,4,1,7.8495073318481445
5927,6,3,0,2.6283276081085205
5928,7,7,1,9.543901443481445
5929,7,7,1,11.593446731567383
5930,5,5,1,1.5647393465042114
5931,4,4,1,1.3741865158081055
5932,4,4,1,1.6926064491271973
5933,4,4,1,0.670382022857666
5934,3,3,1,2.402679204940796
5935,6,6,1,12.916895866394043
5936,6,6,1,3.975350856781006
5937,1,1,1,3.8244211673736572
5938,9,9,1,2.0028316974639893
5939,9,9,1,4.176835536956787
5940,7,7,1,2.2327423095703125
5941,9,9,1,0.06063855066895485
5942,4,4,1,8.944284439086914
5943,3,3,1,1.02974534034729
5944,2,3,0,1.4567995071411133
5945,9,9,1,4.0566558837890625
5946,8,8,1,1.417336106300354
5947,5,5,1,12.716769218444824
5948,0,0,1,8.252479553222656
5949,6,6,1,6.885276794433594
5950,9,9,1,2.735689401626587
5951,0,0,1,10.184493064880371
5952,9,9,1,5.253131866455078
5953,7,7,1,14.294178009033203
5954,8,1,0,3.949154853820801
5955,5,0,0,-0.26717495918273926
5956,4,4,1,4.139517784118652
5957,4,5,0,-1.4843944311141968
5958,9,9,1,4.329477787017822
5959,4,8,0,4.869863986968994
5960,2,3,0,3.2218973636627197
5961,6,0,0,-0.20378334820270538
5962,6,9,0,-0.8562216758728027
5963,9,3,0,3.6379621028900146
5964,9,9,1,12.541170120239258
5965,7,7,1,13.414392471313477
5966,9,9,1,6.477138042449951
5967,9,9,1,10.63420295715332
5968,0,0,1,4.9399495124816895
5969,5,5,1,4.159332752227783
5970,1,1,1,4.134896755218506
5971,1,1,1,12.353371620178223
5972,8,8,1,5.911261081695557
5973,6,6,1,4.401986598968506
5974,9,9,1,10.826047897338867
5975,9,9,1,7.5116658210754395
5976,5,3,0,0.028102990239858627
5977,6,2,0,1.896395206451416
5978,5,3,0,1.088963508605957
5979,5,5,1,-1.2251802682876587
5980,9,8,0,4.886484622955322
5981,7,7,1,5.868839263916016
5982,9,9,1,0.540200412273407
5983,4,4,1,7.775096416473389
5984,5,5,1,4.036667823791504
5985,4,4,1,4.149272441864014
5986,3,7,0,2.178215742111206
5987,3,3,1,1.3445193767547607
5988,9,0,0,2.0620391368865967
5989,8,1,0,1.8000423908233643
5990,8,0,0,4.958317279815674
5991,3,7,0,2.534755229949951
5992,4,4,1,1.5995866060256958
5993,8,8,1,12.464583396911621
5994,4,4,1,0.31092339754104614
5995,0,0,1,8.182331085205078
5996,4,4,1,3.454836845397949
5997,0,0,1,9.165830612182617
5998,7,7,1,2.911024332046509
5999,2,0,0,-1.573671817779541
6000,8,8,1,1.5388553142547607
6001,0,0,1,7.16498327255249
6002,2,2,1,6.492866516113281
6003,0,0,1,6.689321994781494
6004,7,7,1,5.816565036773682
6005,4,4,1,8.992613792419434
6006,0,0,1,6.241194725036621
6007,6,6,1,10.967438697814941
6008,3,0,0,0.3718762993812561
6009,3,3,1,2.693925142288208
6010,1,1,1,10.263258934020996
6011,7,7,1,4.338741779327393
6012,4,4,1,3.1935315132141113
6013,6,6,1,0.2212229073047638
6014,5,4,0,-0.5866568088531494
6015,0,0,1,7.713725566864014
6016,4,9,0,1.1770806312561035
6017,9,9,1,7.073651313781738
6018,5,5,1,4.687900543212891
6019,6,6,1,2.835513114929199
6020,6,6,1,12.239696502685547
6021,3,3,1,2.5859484672546387
6022,0,0,1,1.8948084115982056
6023,5,3,0,2.3699231147766113
6024,2,3,0,0.12101966142654419
6025,6,0,0,1.0345001220703125
6026,3,8,0,-1.1955623626708984
6027,3,3,1,3.298238515853882
6028,8,0,0,2.059279203414917
6029,0,0,1,5.285069942474365
6030,8,3,0,0.9333217144012451
6031,5,5,1,1.8710962533950806
6032,4,4,1,9.779558181762695
6033,2,2,1,9.734803199768066
6034,9,9,1,9.568860054016113
6035,5,2,0,2.0685837268829346
6036,0,0,1,6.510213375091553
6037,5,5,1,8.010769844055176
6038,4,4,1,2.8978798389434814
6039,8,0,0,0.8056426048278809
6040,2,2,1,-0.2745312750339508
6041,7,7,1,0.29749011993408203
6042,6,6,1,8.870699882507324
6043,5,3,0,2.0215322971343994
6044,7,7,1,2.3608450889587402
6045,8,8,1,6.368470668792725
6046,2,2,1,9.360913276672363
6047,0,0,1,9.977970123291016
6048,1,1,1,13.33606243133545
6049,8,8,1,3.5692172050476074
6050,2,2,1,2.6827287673950195
6051,4,5,0,-1.7840361595153809
6052,8,8,1,13.234539985656738
6053,4,4,1,7.63629674911499
6054,3,3,1,1.370876431465149
6055,0,0,1,6.271116733551025
6056,4,4,1,1.4446969032287598
6057,0,0,1,7.473713397979736
6058,1,1,1,16.1758975982666
6059,9,9,1,14.311614036560059
6060,3,2,0,2.5138962268829346
6061,0,0,1,5.981844425201416
6062,3,8,0,-1.4567807912826538
6063,6,4,0,4.704882621765137
6064,5,3,0,4.958414077758789
6065,5,5,1,0.20016798377037048
6066,2,4,0,1.3658702373504639
6067,8,8,1,2.622835159301758
6068,5,5,1,1.9085613489151
6069,0,0,1,9.854665756225586
6070,8,8,1,3.9998373985290527
6071,7,7,1,6.396231651306152
6072,5,5,1,0.4857514798641205
6073,2,2,1,7.016013145446777
6074,4,4,1,-1.4462448358535767
6075,3,3,1,7.555783271789551
6076,7,4,0,0.34451067447662354
6077,0,0,1,-0.6458580493927002
6078,2,2,1,2.446254253387451
6079,3,0,0,1.8367867469787598
6080,1,1,1,6.211625576019287
6081,0,0,1,10.118696212768555
6082,0,8,0,9.322114944458008
6083,2,9,0,0.7591598033905029
6084,1,1,1,6.392348766326904
6085,2,2,1,3.635242462158203
6086,1,1,1,7.4854607582092285
6087,4,4,1,4.762894630432129
6088,6,6,1,0.30445289611816406
6089,7,7,1,11.0323486328125
6090,1,1,1,9.489802360534668
6091,0,0,1,8.214191436767578
6092,5,3,0,0.8842869400978088
6093,2,2,1,5.408303260803223
6094,5,5,1,7.238909721374512
6095,9,9,1,9.322760581970215
6096,2,2,1,2.6156527996063232
6097,5,4,0,3.0409324169158936
6098,6,6,1,7.336828231811523
6099,7,7,1,1.8314071893692017
6100,1,1,1,15.18323040008545
6101,9,0,0,3.174057960510254
6102,3,3,1,0.40294376015663147
6103,6,6,1,0.7873579859733582
6104,1,1,1,6.039515495300293
6105,0,0,1,9.179594039916992
6106,2,2,1,11.094359397888184
6107,9,9,1,11.000312805175781
6108,4,4,1,1.0346792936325073
6109,2,2,1,6.772061824798584
6110,9,9,1,8.938176155090332
6111,3,2,0,2.1751351356506348
6112,8,8,1,4.301396369934082
6113,2,0,0,-0.17586751282215118
6114,9,9,1,9.171624183654785
6115,8,8,1,6.66070556640625
6116,5,5,1,4.289229393005371
6117,1,1,1,5.690194606781006
6118,0,0,1,7.109252452850342
6119,1,9,0,0.5610125064849854
6120,5,5,1,3.056124448776245
6121,2,5,0,0.956693708896637
6122,5,5,1,5.731537818908691
6123,6,2,0,0.454460471868515
6124,8,8,1,4.455591201782227
6125,8,0,0,4.242599964141846
6126,3,3,1,2.9143364429473877
6127,5,0,0,1.4760199785232544
6128,0,0,1,8.2427339553833
6129,4,4,1,4.540907382965088
6130,1,1,1,8.081122398376465
6131,3,4,0,1.2021247148513794
6132,7,7,1,9.654911041259766
6133,0,0,1,3.0884132385253906
6134,3,3,1,0.9896178245544434
6135,3,5,0,2.818039655685425
6136,9,3,0,-0.6816599369049072
6137,2,2,1,2.262786626815796
6138,3,3,1,0.13993003964424133
6139,9,9,1,4.519477367401123
6140,9,9,1,6.324038505554199
6141,8,8,1,13.001150131225586
6142,5,3,0,1.3080555200576782
6143,9,1,0,5.901461601257324
6144,7,3,0,0.924393892288208
6145,2,2,1,2.5321648120880127
6146,0,0,1,-0.4585144519805908
6147,9,9,1,8.166810989379883
6148,4,4,1,2.9772965908050537
6149,7,7,1,9.46365737915039
6150,1,1,1,12.850590705871582
6151,7,3,0,1.4503899812698364
6152,6,6,1,12.786466598510742
6153,4,3,0,0.3043062388896942
6154,4,4,1,1.3084747791290283
6155,8,8,1,11.408835411071777
6156,9,9,1,5.696588516235352
6157,0,0,1,6.756284236907959
6158,7,7,1,1.2430353164672852
6159,1,1,1,3.7469475269317627
6160,2,2,1,3.741802453994751
6161,4,4,1,3.1975696086883545
6162,0,9,0,-1.276258111000061
6163,3,6,0,2.8428092002868652
6164,7,7,1,-0.5152950286865234
6165,5,2,0,1.3149755001068115
6166,1,1,1,8.624428749084473
6167,9,9,1,0.8474225401878357
6168,3,6,0,-0.7733772993087769
6169,5,6,0,0.04386920481920242
6170,2,2,1,1.697698950767517
6171,4,4,1,6.169203758239746
6172,1,1,1,3.3475208282470703
6173,1,1,1,9.464118957519531
6174,3,3,1,1.6641762256622314
6175,3,3,1,8.339644432067871
6176,9,9,1,2.447756052017212
6177,2,2,1,3.3198089599609375
6178,5,5,1,1.1607710123062134
6179,8,8,1,9.44625186920166
6180,0,0,1,5.289592742919922
6181,8,8,1,5.991076946258545
6182,1,3,0,0.7026883959770203
6183,5,3,0,1.011216402053833
6184,1,1,1,9.988490104675293
6185,5,3,0,1.245566725730896
6186,9,9,1,7.593259334564209
6187,0,0,1,9.318946838378906
6188,9,9,1,6.5257697105407715
6189,2,2,1,8.283671379089355
6190,4,4,1,8.62138843536377
6191,0,0,1,1.5992776155471802
6192,6,6,1,12.13687515258789
6193,9,9,1,5.612820148468018
6194,1,9,0,-1.8278465270996094
6195,1,1,1,4.929022312164307
6196,3,3,1,5.4922566413879395
6197,4,3,0,-0.19351807236671448
6198,9,9,1,11.685643196105957
6199,5,5,1,8.878650665283203
6200,3,3,1,1.8083075284957886
6201,3,3,1,4.8442277908325195
6202,3,6,0,5.694729804992676
6203,3,3,1,0.6506808400154114
6204,4,3,0,1.7665749788284302
6205,1,1,1,12.822121620178223
6206,5,3,0,0.9296914935112
6207,9,9,1,6.547265529632568
6208,8,8,1,8.839171409606934
6209,7,9,0,-1.2183655500411987
6210,4,5,0,1.6657158136367798
6211,8,8,1,15.863214492797852
6212,7,7,1,4.811429023742676
6213,3,3,1,2.4644267559051514
6214,5,5,1,1.7546966075897217
6215,2,2,1,3.0191800594329834
6216,5,0,0,0.5201392769813538
6217,8,8,1,6.109734058380127
6218,9,6,0,0.11859206855297089
6219,7,7,1,8.818012237548828
6220,2,2,1,10.262738227844238
6221,0,0,1,4.01838493347168
6222,0,0,1,6.356937885284424
6223,7,7,1,5.473603248596191
6224,5,5,1,3.121074914932251
6225,3,3,1,5.218926429748535
6226,5,0,0,2.4494049549102783
6227,7,7,1,9.384204864501953
6228,4,4,1,2.745908260345459
6229,6,3,0,1.4554792642593384
6230,2,2,1,5.908713340759277
6231,8,8,1,6.857406139373779
6232,2,2,1,1.5837199687957764
6233,7,7,1,9.676755905151367
6234,7,9,0,0.6499578356742859
6235,6,6,1,3.078301429748535
6236,1,1,1,9.279397964477539
6237,3,4,0,-0.6373904943466187
6238,8,8,1,5.272271633148193
6239,6,6,1,7.285385608673096
6240,2,2,1,8.992091178894043
6241,0,0,1,8.510042190551758
6242,4,4,1,3.6920692920684814
6243,4,6,0,2.7300658226013184
6244,8,8,1,5.334117889404297
6245,6,5,0,2.231328248977661
6246,4,4,1,0.8214014768600464
6247,0,3,0,1.3996714353561401
6248,2,2,1,3.16577410697937
6249,5,5,1,4.390669822692871
6250,4,4,1,4.926926136016846
6251,1,1,1,1.9882307052612305
6252,2,2,1,8.810023307800293
6253,5,4,0,4.501919269561768
6254,4,4,1,4.57899808883667
6255,6,4,0,1.9547785520553589
6256,9,9,1,7.073808670043945
6257,5,2,0,1.391499638557434
6258,0,0,1,7.5378193855285645
6259,5,5,1,7.545543193817139
6260,2,2,1,1.4840915203094482
6261,0,0,1,7.998222827911377
6262,8,0,0,4.11583948135376
6263,2,2,1,3.2762086391448975
6264,6,6,1,8.074522972106934
6265,4,3,0,0.470941960811615
6266,7,7,1,7.086897850036621
6267,9,9,1,8.34623908996582
6268,5,5,1,6.467468738555908
6269,7,7,1,11.216386795043945
6270,2,6,0,6.023645877838135
6271,6,6,1,3.7862038612365723
6272,2,2,1,3.6989240646362305
6273,1,1,1,6.696675777435303
6274,9,9,1,7.729757785797119
6275,9,9,1,0.5923624634742737
6276,7,2,0,-0.13292020559310913
6277,2,2,1,5.845224857330322
6278,5,5,1,11.872164726257324
6279,1,1,1,17.333559036254883
6280,8,9,0,2.0553464889526367
6281,1,0,0,4.0423054695129395
6282,6,6,1,8.10493278503418
6283,3,3,1,0.23656928539276123
6284,0,0,1,7.595080852508545
6285,8,8,1,13.171815872192383
6286,8,8,1,7.46813440322876
6287,5,5,1,7.15039587020874
6288,6,6,1,5.346653461456299
6289,9,9,1,7.157723426818848
6290,9,9,1,1.4393341541290283
6291,9,9,1,9.394012451171875
6292,6,2,0,3.4558184146881104
6293,3,5,0,6.7887139320373535
6294,0,0,1,4.386889934539795
6295,8,8,1,11.134617805480957
6296,8,8,1,3.1928153038024902
6297,5,1,0,4.879874229431152
6298,3,3,1,1.5574697256088257
6299,3,3,1,1.6933858394622803
6300,1,1,1,3.1050362586975098
6301,1,1,1,17.966106414794922
6302,0,0,1,4.826640605926514
6303,7,0,0,1.9212076663970947
6304,0,0,1,11.082840919494629
6305,6,6,1,3.357459545135498
6306,0,0,1,8.506328582763672
6307,4,4,1,4.24258279800415
6308,4,9,0,-0.5884339213371277
6309,6,6,1,4.002681732177734
6310,5,5,1,11.25325870513916
6311,3,8,0,3.80301570892334
6312,2,3,0,1.9471622705459595
6313,9,9,1,4.707298278808594
6314,6,6,1,7.404037952423096
6315,6,0,0,0.27524200081825256
6316,7,7,1,4.755885124206543
6317,9,9,1,3.097015619277954
6318,7,7,1,8.039366722106934
6319,7,7,1,5.286466598510742
6320,0,0,1,1.0652272701263428
6321,8,6,0,2.5669729709625244
6322,4,4,1,6.398510456085205
6323,2,2,1,4.532151222229004
6324,7,7,1,13.052746772766113
6325,7,7,1,9.191895484924316
6326,7,0,0,2.075263500213623
6327,4,4,1,10.444144248962402
6328,0,0,1,4.219301223754883
6329,1,1,1,2.7422752380371094
6330,6,6,1,3.0132970809936523
6331,0,0,1,4.864354133605957
6332,5,5,1,7.629260540008545
6333,3,3,1,3.2490503787994385
6334,0,0,1,5.1711626052856445
6335,2,2,1,2.9319021701812744
6336,4,4,1,6.773956775665283
6337,9,9,1,10.424968719482422
6338,7,9,0,2.908374786376953
6339,3,3,1,1.5736140012741089
6340,3,9,0,2.0375072956085205
6341,2,7,0,1.056933045387268
6342,8,8,1,5.787460803985596
6343,8,8,1,5.701374530792236
6344,5,5,1,0.6166354417800903
6345,3,3,1,4.5544514656066895
6346,8,8,1,16.127687454223633
6347,0,0,1,9.935967445373535
6348,8,0,0,-0.273995578289032
6349,0,0,1,2.3019020557403564
6350,0,0,1,7.445995807647705
6351,0,0,1,8.819028854370117
6352,2,2,1,4.615267753601074
6353,2,0,0,1.708327293395996
6354,7,7,1,4.954320907592773
6355,0,0,1,4.832900524139404
6356,7,7,1,7.495297431945801
6357,7,7,1,1.7465696334838867
6358,7,1,0,2.4383225440979004
6359,2,3,0,0.049805160611867905
6360,2,2,1,11.31238079071045
6361,0,0,1,3.263612747192383
6362,4,4,1,6.074662685394287
6363,0,0,1,7.436728000640869
6364,3,3,1,1.4387396574020386
6365,7,7,1,6.378321647644043
6366,8,8,1,6.418975830078125
6367,4,4,1,6.848942279815674
6368,7,6,0,1.5713114738464355
6369,9,9,1,0.1546631157398224
6370,6,6,1,8.60513973236084
6371,1,1,1,3.4446685314178467
6372,1,1,1,10.479467391967773
6373,6,6,1,5.4863600730896
6374,9,9,1,6.232030391693115
6375,3,3,1,6.801050186157227
6376,8,1,0,3.118098497390747
6377,9,9,1,8.259008407592773
6378,5,5,1,6.333407878875732
6379,8,8,1,8.340346336364746
6380,3,3,1,4.795623779296875
6381,9,9,1,9.159720420837402
6382,4,3,0,4.264437675476074
6383,3,2,0,3.244006872177124
6384,7,7,1,8.672706604003906
6385,5,5,1,5.939193248748779
6386,5,1,0,-1.2562345266342163
6387,2,2,1,5.431709289550781
6388,7,7,1,3.3768579959869385
6389,5,9,0,-0.031123753637075424
6390,7,7,1,15.823736190795898
6391,9,9,1,3.1074798107147217
6392,6,6,1,9.378199577331543
6393,3,3,1,2.9488041400909424
6394,0,0,1,6.001730918884277
6395,8,8,1,6.934027194976807
6396,4,9,0,0.6087421178817749
6397,5,5,1,2.005781888961792
6398,6,6,1,2.3977277278900146
6399,1,1,1,12.398613929748535
6400,0,8,0,1.9695501327514648
6401,4,7,0,2.6125950813293457
6402,8,0,0,3.0351099967956543
6403,4,4,1,8.141680717468262
6404,7,7,1,12.713459968566895
6405,1,1,1,10.92361068725586
6406,3,3,1,4.127444744110107
6407,2,2,1,12.113510131835938
6408,0,0,1,7.5773396492004395
6409,9,9,1,6.522396087646484
6410,1,1,1,2.6174778938293457
6411,8,8,1,5.469387054443359
6412,8,1,0,2.202733039855957
6413,6,6,1,12.540196418762207
6414,8,8,1,8.212690353393555
6415,1,9,0,3.92345929145813
6416,7,7,1,-0.14836755394935608
6417,1,1,1,10.998469352722168
6418,0,0,1,9.410953521728516
6419,9,8,0,3.28837513923645
6420,7,9,0,2.173701524734497
6421,6,6,1,6.1009907722473145
6422,4,6,0,2.5928211212158203
6423,5,2,0,-0.9447020888328552
6424,8,8,1,6.428168296813965
6425,2,2,1,0.636239230632782
6426,1,1,1,11.552820205688477
6427,2,3,0,0.6900635957717896
6428,5,6,0,1.4843294620513916
6429,8,1,0,2.4975316524505615
6430,1,1,1,8.385001182556152
6431,1,1,1,17.235397338867188
6432,8,8,1,7.050523281097412
6433,8,8,1,2.502368927001953
6434,0,0,1,5.5198893547058105
6435,9,9,1,5.860037326812744
6436,0,0,1,5.518642902374268
6437,0,0,1,5.082481861114502
6438,4,4,1,2.1401615142822266
6439,3,3,1,1.0483936071395874
6440,3,2,0,1.1806695461273193
6441,5,3,0,0.5301871299743652
6442,6,6,1,8.221392631530762
6443,6,1,0,2.008263349533081
6444,3,3,1,-0.5500733256340027
6445,1,1,1,9.015532493591309
6446,4,2,0,0.0952158123254776
6447,4,4,1,0.2981114387512207
6448,7,7,1,6.554501056671143
6449,8,8,1,4.5007004737854
6450,0,0,1,3.303860664367676
6451,1,1,1,9.956439971923828
6452,4,6,0,0.8437842130661011
6453,8,8,1,1.5795162916183472
6454,4,4,1,6.567652225494385
6455,6,3,0,1.4027804136276245
6456,2,2,1,5.618383407592773
6457,2,2,1,4.492785453796387
6458,2,2,1,2.2423484325408936
6459,6,6,1,11.659263610839844
6460,3,4,0,2.699087381362915
6461,4,4,1,9.248892784118652
6462,0,0,1,9.36279010772705
6463,8,0,0,2.527184009552002
6464,1,1,1,3.9290966987609863
6465,3,5,0,2.3247878551483154
6466,8,8,1,2.8268160820007324
6467,3,3,1,6.7721734046936035
6468,8,8,1,6.0117292404174805
6469,9,9,1,2.107898473739624
6470,1,1,1,5.059642791748047
6471,6,6,1,6.3300886154174805
6472,1,1,1,7.724732875823975
6473,9,9,1,2.9806082248687744
6474,8,8,1,2.2527642250061035
6475,2,2,1,5.237578868865967
6476,0,0,1,8.707403182983398
6477,4,4,1,-0.9525340795516968
6478,7,7,1,5.059905052185059
6479,4,4,1,2.1471140384674072
6480,0,3,0,2.353196382522583
6481,0,2,0,1.183253526687622
6482,7,7,1,7.640066623687744
6483,6,6,1,14.225126266479492
6484,8,8,1,5.392993927001953
6485,9,1,0,3.4325780868530273
6486,8,1,0,4.892049312591553
6487,6,6,1,0.3196620047092438
6488,2,2,1,3.1786158084869385
6489,8,8,1,10.393916130065918
6490,8,8,1,0.6440755128860474
6491,0,0,1,2.6701223850250244
6492,1,1,1,11.072239875793457
6493,1,0,0,1.2488130331039429
6494,0,0,1,6.179671764373779
6495,7,7,1,8.3285493850708
6496,7,7,1,2.0959737300872803
6497,4,2,0,2.196542263031006
6498,4,6,0,3.284294605255127
6499,7,3,0,1.4246817827224731
6500,7,7,1,0.9830982685089111
6501,2,2,1,5.788538455963135
6502,6,6,1,1.704244613647461
6503,6,6,1,10.898276329040527
6504,7,7,1,3.0293679237365723
6505,4,4,1,2.696836233139038
6506,5,5,1,11.069891929626465
6507,4,2,0,-0.9791446328163147
6508,0,0,1,11.516036033630371
6509,9,9,1,7.158053874969482
6510,4,4,1,0.32820290327072144
6511,7,7,1,0.3631361424922943
6512,2,2,1,11.75278377532959
6513,5,5,1,7.623356819152832
6514,3,3,1,1.0361696481704712
6515,2,2,1,8.080890655517578
6516,2,2,1,2.2454488277435303
6517,7,0,0,-2.1885621547698975
6518,6,6,1,12.710914611816406
6519,2,2,1,1.9819896221160889
6520,6,6,1,5.939793109893799
6521,4,4,1,10.783434867858887
6522,9,1,0,10.921015739440918
6523,6,2,0,1.8886500597000122
6524,8,8,1,7.977233409881592
6525,3,3,1,3.0360591411590576
6526,8,1,0,0.4812953770160675
6527,5,7,0,5.37093448638916
6528,5,2,0,0.5292286276817322
6529,2,2,1,2.339836359024048
6530,3,1,0,-0.8546267151832581
6531,4,4,1,2.418553352355957
6532,5,5,1,4.643813133239746
6533,2,2,1,0.9162930846214294
6534,7,7,1,12.705744743347168
6535,5,3,0,2.463656425476074
6536,1,1,1,10.612295150756836
6537,5,5,1,4.274872303009033
6538,3,3,1,4.038206577301025
6539,7,4,0,5.420602321624756
6540,8,8,1,7.165395259857178
6541,8,8,1,9.74729061126709
6542,9,0,0,1.3191787004470825
6543,6,6,1,-1.2069605588912964
6544,0,2,0,4.907103538513184
6545,9,0,0,6.56470251083374
6546,2,2,1,3.1192166805267334
6547,6,6,1,2.2787840366363525
6548,0,0,1,8.966670989990234
6549,0,0,1,3.4251816272735596
6550,1,1,1,8.049328804016113
6551,4,4,1,3.015390396118164
6552,1,1,1,13.06309700012207
6553,3,3,1,2.373500347137451
6554,5,4,0,4.31035852432251
6555,1,1,1,11.173285484313965
6556,8,3,0,1.8593825101852417
6557,9,9,1,6.539439678192139
6558,6,6,1,1.6305567026138306
6559,2,4,0,1.8628147840499878
6560,6,6,1,5.400742530822754
6561,9,9,1,9.300270080566406
6562,5,7,0,2.001412868499756
6563,6,0,0,2.287351369857788
6564,5,3,0,0.269248366355896
6565,9,9,1,4.516759395599365
6566,1,9,0,3.144925355911255
6567,4,4,1,7.091860771179199
6568,2,2,1,2.6196577548980713
6569,8,3,0,0.42854762077331543
6570,9,9,1,0.34386226534843445
6571,5,5,1,0.042204100638628006
6572,4,4,1,4.697580814361572
6573,7,7,1,10.42570686340332
6574,0,0,1,2.7584667205810547
6575,3,3,1,6.331386566162109
6576,7,3,0,1.2172361612319946
6577,1,1,1,6.951390743255615
6578,6,3,0,-0.2941080331802368
6579,9,2,0,-0.20871441066265106
6580,1,0,0,2.920806646347046
6581,1,1,1,2.279949903488159
6582,4,4,1,7.255399227142334
6583,0,0,1,4.427149772644043
6584,5,5,1,3.0759551525115967
6585,1,1,1,6.337851047515869
6586,6,6,1,9.921119689941406
6587,3,3,1,2.036893606185913
6588,0,0,1,5.532098293304443
6589,2,2,1,0.27830708026885986
6590,5,7,0,0.25748878717422485
6591,5,5,1,3.9103872776031494
6592,5,5,1,8.335291862487793
6593,2,0,0,5.398940563201904
6594,8,8,1,0.3639278709888458
6595,2,9,0,-0.024751421064138412
6596,3,3,1,-0.7256902456283569
6597,1,1,1,6.0680975914001465
6598,6,6,1,1.0024549961090088
6599,2,2,1,3.0526669025421143
6600,7,7,1,5.6947407722473145
6601,0,0,1,4.638907432556152
6602,8,8,1,6.782865047454834
6603,9,9,1,7.539021968841553
6604,2,2,1,-0.31121981143951416
6605,6,6,1,7.466462135314941
6606,4,0,0,1.7385472059249878
6607,7,7,1,7.587558746337891
6608,5,5,1,-0.037498798221349716
6609,5,5,1,10.945582389831543
6610,8,8,1,4.71021032333374
6611,8,0,0,1.2357828617095947
6612,7,7,1,6.319744110107422
6613,8,8,1,1.7249685525894165
6614,5,5,1,7.100312232971191
6615,7,2,0,0.6184759140014648
6616,4,4,1,3.0651679039001465
6617,4,4,1,8.66007137298584
6618,0,0,1,14.82224178314209
6619,0,8,0,3.0727951526641846
6620,7,7,1,2.065073013305664
6621,0,0,1,5.9822773933410645
6622,4,4,1,5.221486568450928
6623,0,0,1,2.8235867023468018
6624,4,4,1,3.355015754699707
6625,4,4,1,5.439732074737549
6626,2,2,1,5.68450927734375
6627,5,5,1,3.090118646621704
6628,4,4,1,1.7948840856552124
6629,0,0,1,9.062091827392578
6630,7,7,1,3.9055123329162598
6631,7,0,0,-0.26279088854789734
6632,7,4,0,4.225016117095947
6633,0,0,1,6.15631628036499
6634,4,0,0,1.020763874053955
6635,6,3,0,-0.9552876353263855
6636,2,2,1,6.278188705444336
6637,9,2,0,0.36738455295562744
6638,1,1,1,5.906748294830322
6639,1,1,1,8.588033676147461
6640,5,5,1,7.6197428703308105
6641,0,2,0,-0.4737403690814972
6642,9,9,1,1.2788101434707642
6643,1,9,0,5.970944881439209
6644,0,0,1,4.076655387878418
6645,6,6,1,6.985465049743652
6646,5,4,0,1.7053369283676147
6647,3,3,1,1.9458595514297485
6648,0,0,1,4.141809940338135
6649,9,9,1,6.588183879852295
6650,0,0,1,1.727834701538086
6651,6,6,1,2.570068359375
6652,2,2,1,4.526911735534668
6653,0,0,1,4.795979022979736
6654,4,4,1,6.537722110748291
6655,1,1,1,8.336721420288086
6656,6,7,0,1.7704286575317383
6657,7,7,1,10.193438529968262
6658,6,6,1,3.834937572479248
6659,1,1,1,5.796792030334473
6660,0,0,1,9.723665237426758
6661,4,2,0,1.8722503185272217
6662,6,2,0,1.8430067300796509
6663,0,0,1,4.450673580169678
6664,4,4,1,11.113594055175781
6665,4,4,1,0.16064542531967163
6666,2,2,1,5.937800884246826
6667,7,7,1,0.14209306240081787
6668,6,6,1,5.342147350311279
6669,5,4,0,1.27285897731781
6670,3,1,0,4.848387718200684
6671,5,9,0,0.8917985558509827
6672,9,9,1,4.824637413024902
6673,4,0,0,0.023855101317167282
6674,5,5,1,4.426929473876953
6675,2,0,0,1.4384965896606445
6676,0,0,1,9.806661605834961
6677,5,5,1,8.15977954864502
6678,7,6,0,0.8953718543052673
6679,2,2,1,4.219849109649658
6680,3,3,1,2.072665214538574
6681,9,9,1,6.970579624176025
6682,4,4,1,7.83763313293457
6683,5,5,1,6.736763000488281
6684,8,8,1,6.423312664031982
6685,1,1,1,8.32518482208252
6686,9,9,1,9.757246971130371
6687,3,3,1,2.703472852706909
6688,1,1,1,1.3725464344024658
6689,8,8,1,10.077457427978516
6690,5,3,0,1.201513648033142
6691,8,8,1,14.482861518859863
6692,6,6,1,4.799804210662842
6693,6,6,1,4.576609134674072
6694,3,7,0,1.5757007598876953
6695,4,8,0,2.689444065093994
6696,0,0,1,4.616116523742676
6697,2,5,0,0.046546388417482376
6698,3,5,0,3.9329960346221924
6699,2,2,1,3.5561394691467285
6700,6,6,1,10.518403053283691
6701,1,1,1,9.019354820251465
6702,8,8,1,6.814663887023926
6703,2,6,0,5.692661285400391
6704,1,1,1,12.229164123535156
6705,3,3,1,-0.12329638004302979
6706,6,3,0,-0.8879142999649048
6707,2,2,1,7.850945949554443
6708,2,2,1,10.469735145568848
6709,3,6,0,3.469770908355713
6710,3,3,1,5.9699015617370605
6711,5,5,1,13.097624778747559
6712,0,0,1,5.917908191680908
6713,2,2,1,3.5918939113616943
6714,1,1,1,10.173486709594727
6715,2,6,0,1.623882532119751
6716,8,8,1,11.249972343444824
6717,0,0,1,5.620810031890869
6718,8,8,1,7.6132354736328125
6719,2,2,1,3.423459768295288
6720,2,6,0,5.7194647789001465
6721,7,7,1,4.435714244842529
6722,3,5,0,7.285656452178955
6723,5,7,0,1.2450405359268188
6724,9,9,1,10.013545989990234
6725,8,8,1,6.508428573608398
6726,3,3,1,3.6155588626861572
6727,6,9,0,1.9567136764526367
6728,1,1,1,7.000804424285889
6729,0,0,1,4.428896903991699
6730,8,8,1,7.2965312004089355
6731,6,6,1,11.529383659362793
6732,3,7,0,1.592129111289978
6733,5,5,1,10.135546684265137
6734,8,8,1,9.668006896972656
6735,9,9,1,8.367673873901367
6736,4,4,1,0.6873006820678711
6737,8,8,1,3.792055368423462
6738,0,2,0,7.419706344604492
6739,0,0,1,3.7291080951690674
6740,2,2,1,2.108543634414673
6741,9,0,0,2.4225378036499023
6742,1,9,0,1.210680603981018
6743,8,8,1,7.147141933441162
6744,3,3,1,6.84251070022583
6745,7,7,1,3.513139009475708
6746,2,2,1,2.126936674118042
6747,8,1,0,2.2978265285491943
6748,0,2,0,0.40122276544570923
6749,9,9,1,2.4504776000976562
6750,4,4,1,0.23196294903755188
6751,8,8,1,14.952301979064941
6752,9,9,1,4.121953010559082
6753,4,8,0,3.7548909187316895
6754,8,8,1,4.6489057540893555
6755,9,9,1,2.5537221431732178
6756,5,5,1,3.5992729663848877
6757,4,4,1,-0.7837117910385132
6758,8,8,1,15.484619140625
6759,1,1,1,6.728773593902588
6760,5,5,1,6.838933944702148
6761,5,4,0,2.149395704269409
6762,7,7,1,9.763751029968262
6763,2,2,1,3.3625972270965576
6764,5,0,0,0.17932528257369995
6765,8,9,0,4.230636119842529
6766,8,0,0,6.1980671882629395
6767,1,1,1,5.906940937042236
6768,2,2,1,6.633902549743652
6769,3,3,1,1.8446142673492432
6770,1,1,1,12.087881088256836
6771,5,5,1,2.507963180541992
6772,0,9,0,0.9413923025131226
6773,2,2,1,10.444411277770996
6774,3,7,0,2.462996006011963
6775,0,0,1,7.332834720611572
6776,8,8,1,3.224519729614258
6777,2,2,1,2.2720422744750977
6778,2,2,1,3.675445079803467
6779,8,8,1,1.4470432996749878
6780,7,7,1,9.986953735351562
6781,3,6,0,2.9472436904907227
6782,5,3,0,-0.7048419713973999
6783,3,6,0,4.675299167633057
6784,9,9,1,6.384850025177002
6785,6,3,0,0.4542069435119629
6786,3,2,0,1.6111961603164673
6787,5,5,1,10.948250770568848
6788,1,1,1,14.605597496032715
6789,1,1,1,8.6572265625
6790,7,3,0,1.1998677253723145
6791,7,7,1,3.0382158756256104
6792,3,3,1,-0.7677361965179443
6793,3,3,1,1.991428256034851
6794,8,8,1,11.513062477111816
6795,9,1,0,0.7548409700393677
6796,6,6,1,4.286012172698975
6797,0,0,1,9.346404075622559
6798,8,8,1,9.255087852478027
6799,0,3,0,0.6634961366653442
6800,6,6,1,7.832742691040039
6801,6,6,1,11.140175819396973
6802,4,4,1,5.6328816413879395
6803,6,6,1,4.62400484085083
6804,9,9,1,2.676727533340454
6805,1,1,1,10.298828125
6806,1,1,1,13.360209465026855
6807,7,7,1,13.94691276550293
6808,0,8,0,3.3031909465789795
6809,6,8,0,0.349488765001297
6810,8,8,1,10.864216804504395
6811,9,9,1,8.183647155761719
6812,0,1,0,5.159743785858154
6813,6,6,1,10.517183303833008
6814,9,1,0,6.49336576461792
6815,0,0,1,8.09564208984375
6816,1,1,1,4.471938610076904
6817,1,1,1,15.926177024841309
6818,7,7,1,10.972879409790039
6819,2,2,1,4.5636396408081055
6820,1,1,1,8.85860538482666
6821,0,2,0,2.568769931793213
6822,4,4,1,3.528998613357544
6823,5,5,1,10.03433895111084
6824,0,0,1,8.780673027038574
6825,3,3,1,3.1865146160125732
6826,6,3,0,0.5504992008209229
6827,3,3,1,1.9489665031433105
6828,3,3,1,0.9794214367866516
6829,8,8,1,3.341646194458008
6830,1,1,1,8.44932746887207
6831,8,8,1,5.771430015563965
6832,1,1,1,4.632014751434326
6833,3,3,1,0.6647038459777832
6834,1,1,1,8.970572471618652
6835,5,5,1,7.17726993560791
6836,4,4,1,3.284435749053955
6837,5,6,0,-0.893266499042511
6838,1,1,1,7.5935187339782715
6839,8,8,1,2.052649974822998
6840,9,1,0,2.663072109222412
6841,1,1,1,8.704178810119629
6842,3,8,0,0.08329623937606812
6843,1,1,1,14.438189506530762
6844,7,7,1,12.026557922363281
6845,2,2,1,0.3241473436355591
6846,9,9,1,10.664111137390137
6847,8,8,1,6.464731216430664
6848,9,0,0,3.205820322036743
6849,4,9,0,-0.31967735290527344
6850,6,6,1,3.0896456241607666
6851,0,1,0,7.698997974395752
6852,9,8,0,1.852939248085022
6853,4,7,0,0.05039022117853165
6854,0,0,1,3.6562392711639404
6855,4,4,1,8.852550506591797
6856,6,3,0,4.1789350509643555
6857,2,2,1,-0.3473857343196869
6858,1,1,1,13.473562240600586
6859,3,3,1,4.5971360206604
6860,0,0,1,4.633556842803955
6861,8,2,0,4.651074409484863
6862,5,5,1,2.3531336784362793
6863,6,6,1,3.5028305053710938
6864,0,2,0,0.9987828135490417
6865,3,4,0,0.597851037979126
6866,4,6,0,1.1320552825927734
6867,6,6,1,9.006545066833496
6868,9,9,1,2.567605972290039
6869,5,3,0,-1.7273192405700684
6870,7,7,1,1.7526780366897583
6871,9,9,1,3.5722155570983887
6872,0,2,0,1.498847484588623
6873,3,3,1,3.381518602371216
6874,6,6,1,3.535700798034668
6875,5,2,0,1.6091265678405762
6876,7,3,0,-0.15014100074768066
6877,0,0,1,8.816177368164062
6878,5,5,1,5.364797115325928
6879,1,9,0,7.02388858795166
6880,2,2,1,5.542331695556641
6881,2,2,1,1.9699926376342773
6882,9,9,1,8.504352569580078
6883,7,7,1,1.744662880897522
6884,0,0,1,5.036406993865967
6885,0,0,1,9.00732707977295
6886,1,1,1,13.47375202178955
6887,4,9,0,2.958709478378296
6888,4,4,1,8.700454711914062
6889,5,2,0,0.3120627701282501
6890,5,5,1,12.770615577697754
6891,9,9,1,7.371001720428467
6892,6,6,1,2.81093430519104
6893,3,3,1,8.085410118103027
6894,6,4,0,2.245131731033325
6895,2,2,1,5.812560081481934
6896,6,6,1,-1.5836541652679443
6897,9,1,0,8.26163101196289
6898,3,5,0,0.400588721036911
6899,2,3,0,-0.04124123230576515
6900,3,3,1,4.496856689453125
6901,2,9,0,2.6722443103790283
6902,4,2,0,1.7333877086639404
6903,9,9,1,3.2736403942108154
6904,5,5,1,1.3258873224258423
6905,2,2,1,4.107420921325684
6906,1,0,0,4.9874348640441895
6907,6,2,0,-0.6082096695899963
6908,6,6,1,9.404576301574707
6909,4,4,1,8.242395401000977
6910,7,7,1,2.0189857482910156
6911,6,6,1,-1.7339228391647339
6912,3,9,0,1.5122400522232056
6913,3,6,0,5.272390365600586
6914,8,8,1,7.367614269256592
6915,1,0,0,1.4661887884140015
6916,4,4,1,-0.04498406499624252
6917,6,6,1,6.242979526519775
6918,4,4,1,0.810415506362915
6919,4,2,0,2.630286455154419
6920,5,5,1,6.180045127868652
6921,6,6,1,6.579565048217773
6922,2,2,1,3.8682644367218018
6923,0,0,1,6.79855489730835
6924,5,3,0,1.469928503036499
6925,2,6,0,1.0736374855041504
6926,7,7,1,1.9042679071426392
6927,5,5,1,7.840909004211426
6928,2,2,1,0.1997164785861969
6929,5,5,1,3.4972288608551025
6930,2,2,1,4.221842288970947
6931,5,5,1,5.733420372009277
6932,9,9,1,4.51425838470459
6933,0,9,0,0.3860747516155243
6934,6,6,1,7.574153900146484
6935,7,7,1,6.414869785308838
6936,9,0,0,5.851761817932129
6937,8,8,1,5.247689247131348
6938,3,9,0,1.0438884496688843
6939,2,3,0,1.6170785427093506
6940,1,1,1,14.713495254516602
6941,4,4,1,4.696226119995117
6942,3,2,0,1.7121469974517822
6943,4,4,1,5.620316028594971
6944,5,9,0,1.6273009777069092
6945,5,5,1,8.137856483459473
6946,6,6,1,6.043979167938232
6947,8,8,1,13.946714401245117
6948,6,6,1,0.7701762318611145
6949,0,0,1,1.1361098289489746
6950,8,0,0,1.9416767358779907
6951,9,3,0,-0.15264245867729187
6952,8,2,0,5.179109573364258
6953,0,0,1,1.7676737308502197
6954,7,7,1,5.305272579193115
6955,7,7,1,0.4060269892215729
6956,6,6,1,12.974377632141113
6957,6,6,1,2.7899272441864014
6958,7,7,1,0.4390064775943756
6959,5,7,0,0.4241728186607361
6960,9,9,1,10.444293975830078
6961,8,6,0,0.2587313652038574
6962,7,7,1,2.8555104732513428
6963,9,9,1,7.336523056030273
6964,5,1,0,-0.06584145128726959
6965,6,6,1,0.9881319403648376
6966,0,0,1,3.154637575149536
6967,4,4,1,11.707623481750488
6968,8,1,0,2.379908323287964
6969,2,2,1,0.5591446161270142
6970,0,2,0,2.366945266723633
6971,9,9,1,6.398118019104004
6972,1,1,1,12.29405403137207
6973,3,3,1,3.901508092880249
6974,9,9,1,6.922713279724121
6975,8,1,0,0.1349727362394333
6976,3,4,0,0.0823482945561409
6977,7,3,0,2.5182383060455322
6978,4,4,1,3.1813931465148926
6979,5,4,0,7.395999431610107
6980,0,0,1,3.6979916095733643
6981,2,2,1,12.187064170837402
6982,1,1,1,13.039229393005371
6983,9,1,0,4.857359409332275
6984,1,1,1,11.563834190368652
6985,0,0,1,1.496609091758728
6986,5,6,0,3.1190185546875
6987,8,8,1,10.031410217285156
6988,4,4,1,3.805938243865967
6989,7,7,1,4.3987884521484375
6990,3,3,1,5.984365463256836
6991,1,1,1,12.684894561767578
6992,4,4,1,5.48242712020874
6993,5,3,0,3.6675970554351807
6994,3,4,0,3.8912882804870605
6995,1,1,1,1.9444596767425537
6996,0,0,1,9.086055755615234
6997,8,0,0,2.446173906326294
6998,8,8,1,15.173470497131348
6999,8,8,1,8.916027069091797
7000,2,0,0,1.4459505081176758
7001,1,1,1,5.272881984710693
7002,3,4,0,3.179196834564209
7003,7,7,1,9.526322364807129
7004,3,3,1,5.543977737426758
7005,1,8,0,3.5998659133911133
7006,6,6,1,7.768731594085693
7007,9,9,1,9.988858222961426
7008,1,1,1,15.850611686706543
7009,6,3,0,0.4287298023700714
7010,0,1,0,3.4326372146606445
7011,7,3,0,0.39180630445480347
7012,7,7,1,11.573497772216797
7013,1,1,1,13.202995300292969
7014,3,3,1,-0.4548685550689697
7015,3,0,0,4.291175365447998
7016,3,5,0,1.991782784461975
7017,1,1,1,12.682062149047852
7018,0,0,1,9.807161331176758
7019,2,2,1,2.889836549758911
7020,7,7,1,7.586887359619141
7021,1,3,0,-0.25112950801849365
7022,2,2,1,7.832653045654297
7023,2,9,0,2.6071693897247314
7024,9,1,0,1.167579174041748
7025,6,6,1,0.6038538217544556
7026,3,3,1,1.585710883140564
7027,5,5,1,4.693112850189209
7028,9,9,1,9.433534622192383
7029,4,4,1,7.167001247406006
7030,8,8,1,2.895742177963257
7031,0,0,1,11.00117301940918
7032,4,4,1,7.56128454208374
7033,8,8,1,10.06783390045166
7034,0,0,1,0.5251486897468567
7035,1,1,1,10.373852729797363
7036,3,3,1,3.4333620071411133
7037,7,7,1,4.298037052154541
7038,0,0,1,8.974905967712402
7039,4,1,0,-0.524189829826355
7040,7,0,0,4.877584457397461
7041,4,0,0,2.7245843410491943
7042,8,8,1,7.795465469360352
7043,6,6,1,12.654227256774902
7044,4,4,1,2.9754130840301514
7045,3,3,1,3.6667821407318115
7046,9,9,1,3.9320526123046875
7047,8,8,1,5.1251044273376465
7048,2,8,0,0.9743146300315857
7049,2,2,1,5.9887824058532715
7050,8,8,1,7.2446160316467285
7051,3,3,1,3.1752583980560303
7052,1,1,1,13.312508583068848
7053,1,1,1,12.104397773742676
7054,2,0,0,1.3043794631958008
7055,8,8,1,6.094265937805176
7056,2,3,0,-0.9794073104858398
7057,6,6,1,12.017045021057129
7058,9,9,1,4.628950119018555
7059,4,4,1,4.330355167388916
7060,8,8,1,13.588785171508789
7061,4,4,1,0.516810953617096
7062,4,6,0,1.9970954656600952
7063,1,1,1,0.2745059132575989
7064,5,0,0,1.051992416381836
7065,2,2,1,1.3710346221923828
7066,6,6,1,4.6307373046875
7067,9,9,1,7.991619110107422
7068,2,8,0,3.417980432510376
7069,0,0,1,6.799478054046631
7070,7,1,0,-0.2963855266571045
7071,1,1,1,13.178122520446777
7072,8,8,1,6.5543293952941895
7073,9,9,1,3.75563383102417
7074,3,3,1,1.8113130331039429
7075,9,9,1,4.529059410095215
7076,9,9,1,6.640300273895264
7077,0,0,1,1.9478576183319092
7078,7,7,1,8.379980087280273
7079,7,7,1,7.6988630294799805
7080,5,0,0,-0.6647831201553345
7081,4,4,1,1.636557936668396
7082,2,2,1,6.810484886169434
7083,6,6,1,8.10241985321045
7084,4,4,1,5.594476222991943
7085,5,3,0,2.427626848220825
7086,7,7,1,8.241048812866211
7087,7,5,0,4.311648845672607
7088,8,1,0,4.7516188621521
7089,7,1,0,-0.523621678352356
7090,2,2,1,0.06428134441375732
7091,6,6,1,2.5290143489837646
7092,2,2,1,3.532028913497925
7093,2,1,0,2.1140856742858887
7094,4,4,1,10.466944694519043
7095,4,4,1,1.3951979875564575
7096,0,0,1,10.51398754119873
7097,7,7,1,1.9755679368972778
7098,1,1,1,11.7388277053833
7099,3,5,0,3.8339426517486572
7100,9,9,1,3.1816415786743164
7101,6,6,1,10.59493350982666
7102,0,0,1,5.276524066925049
7103,0,0,1,4.802104473114014
7104,2,2,1,0.9270326495170593
7105,3,3,1,1.8566545248031616
7106,8,8,1,6.000413417816162
7107,2,3,0,3.650557279586792
7108,2,2,1,2.216153144836426
7109,4,4,1,4.644421100616455
7110,3,3,1,2.689089059829712
7111,5,5,1,5.81048583984375
7112,2,2,1,2.790931224822998
7113,9,9,1,7.354857921600342
7114,1,1,1,9.72026538848877
7115,0,0,1,4.609235763549805
7116,0,0,1,6.220206260681152
7117,6,3,0,0.8365139961242676
7118,5,5,1,10.9948091506958
7119,5,1,0,-0.4554252028465271
7120,7,7,1,0.6332752704620361
7121,9,9,1,9.635536193847656
7122,9,9,1,6.381860256195068
7123,6,6,1,10.44005298614502
7124,5,5,1,-0.08108550310134888
7125,5,5,1,4.392099380493164
7126,0,9,0,2.0070810317993164
7127,5,3,0,-0.441281259059906
7128,7,7,1,7.292873859405518
7129,1,1,1,12.750990867614746
7130,6,6,1,6.408077716827393
7131,6,6,1,13.618121147155762
7132,4,4,1,1.8422863483428955
7133,1,1,1,11.56397533416748
7134,4,3,0,-0.4078230857849121
7135,4,4,1,4.580883502960205
7136,1,1,1,13.622076988220215
7137,5,2,0,4.100849151611328
7138,0,0,1,3.505878210067749
7139,0,0,1,7.245089530944824
7140,4,4,1,1.107129454612732
7141,5,5,1,3.717869997024536
7142,8,8,1,6.028419017791748
7143,4,3,0,1.8668185472488403
7144,8,8,1,4.226023197174072
7145,3,5,0,6.018420219421387
7146,0,0,1,5.962261199951172
7147,5,2,0,1.406926155090332
7148,0,0,1,4.985919952392578
7149,5,6,0,3.5546817779541016
7150,3,1,0,2.526146411895752
7151,1,1,1,16.18386459350586
7152,6,6,1,5.277570724487305
7153,7,7,1,5.786908149719238
7154,0,0,1,3.523953914642334
7155,9,9,1,6.962846755981445
7156,1,1,1,10.978581428527832
7157,5,3,0,3.131047010421753
7158,7,7,1,17.291418075561523
7159,6,2,0,1.1659408807754517
7160,5,5,1,3.9062612056732178
7161,5,7,0,4.36278772354126
7162,5,3,0,0.058962102979421616
7163,6,1,0,-0.6513086557388306
7164,0,0,1,5.991394519805908
7165,0,0,1,5.574362277984619
7166,1,1,1,8.026989936828613
7167,7,7,1,17.15044403076172
7168,5,7,0,1.2104206085205078
7169,1,0,0,0.0851193219423294
7170,9,9,1,7.644397735595703
7171,2,3,0,1.5395526885986328
7172,4,2,0,1.2550864219665527
7173,1,3,0,0.09129580855369568
7174,3,3,1,5.964469909667969
7175,7,7,1,2.896021842956543
7176,8,1,0,4.803289890289307
7177,2,0,0,0.9147074818611145
7178,0,0,1,6.988190174102783
7179,9,9,1,4.138093948364258
7180,6,6,1,14.43134593963623
7181,6,1,0,0.3638567626476288
7182,0,3,0,0.10740542411804199
7183,6,6,1,3.8235924243927
7184,5,5,1,4.58017635345459
7185,8,8,1,9.335232734680176
7186,2,2,1,5.1002092361450195
7187,7,2,0,-0.525211751461029
7188,4,4,1,0.7487069368362427
7189,0,3,0,-0.058460358530282974
7190,2,2,1,0.8616529107093811
7191,7,4,0,2.326185703277588
7192,7,2,0,0.6501009464263916
7193,8,8,1,6.761667251586914
7194,8,8,1,5.009720325469971
7195,7,7,1,7.9534077644348145
7196,0,0,1,6.106579303741455
7197,4,4,1,4.388610363006592
7198,9,9,1,4.461775302886963
7199,1,1,1,4.600973129272461
7200,4,4,1,3.5287985801696777
7201,4,4,1,-1.0043936967849731
7202,3,5,0,5.8546600341796875
7203,5,2,0,-1.009747862815857
7204,4,4,1,7.582910537719727
7205,6,6,1,1.939186692237854
7206,2,2,1,7.838319778442383
7207,3,3,1,5.831930160522461
7208,1,1,1,2.219418525695801
7209,0,0,1,6.855742931365967
7210,3,6,0,4.602723598480225
7211,3,3,1,4.025972843170166
7212,3,8,0,5.023460865020752
7213,6,2,0,-0.3026483356952667
7214,3,3,1,7.729471206665039
7215,1,1,1,10.76556396484375
7216,2,2,1,6.159577369689941
7217,8,3,0,0.9628047943115234
7218,9,9,1,3.8108062744140625
7219,7,7,1,5.643514156341553
7220,9,9,1,3.5557310581207275
7221,3,3,1,4.209881782531738
7222,8,8,1,7.1743550300598145
7223,7,7,1,3.9946651458740234
7224,3,3,1,3.4151124954223633
7225,1,1,1,8.465348243713379
7226,7,7,1,8.89578914642334
7227,7,0,0,2.2857513427734375
7228,3,3,1,2.411755323410034
7229,2,3,0,1.4010616540908813
7230,2,2,1,5.09220552444458
7231,8,8,1,6.671586990356445
7232,9,9,1,4.509798049926758
7233,5,5,1,5.005424976348877
7234,9,9,1,7.976541996002197
7235,2,0,0,-2.570603847503662
7236,1,1,1,2.459357500076294
7237,7,7,1,6.183557033538818
7238,4,4,1,0.4187508821487427
7239,4,4,1,5.412097930908203
7240,0,0,1,6.649394512176514
7241,5,5,1,3.1300127506256104
7242,7,7,1,1.8663179874420166
7243,1,3,0,-0.7956696152687073
7244,5,5,1,3.579679489135742
7245,4,2,0,5.305039405822754
7246,0,2,0,6.3658928871154785
7247,8,8,1,7.167232036590576
7248,4,4,1,-0.033416859805583954
7249,9,9,1,6.383590221405029
7250,8,1,0,3.225054979324341
7251,7,7,1,9.161155700683594
7252,8,8,1,4.540294170379639
7253,4,4,1,3.91650390625
7254,2,2,1,1.7674354314804077
7255,3,0,0,0.5751287341117859
7256,4,4,1,5.4817585945129395
7257,0,0,1,7.107361316680908
7258,5,3,0,3.477274179458618
7259,4,4,1,6.629183292388916
7260,1,0,0,5.056080341339111
7261,8,8,1,9.92712688446045
7262,2,2,1,2.8851914405822754
7263,5,5,1,5.032992362976074
7264,4,4,1,4.490196704864502
7265,5,5,1,3.1327548027038574
7266,2,2,1,3.243685007095337
7267,5,5,1,2.5713067054748535
7268,3,3,1,5.086081504821777
7269,7,7,1,10.863771438598633
7270,9,9,1,3.6124684810638428
7271,7,5,0,5.654318332672119
7272,1,1,1,4.848300457000732
7273,4,4,1,11.61640453338623
7274,1,9,0,3.13936185836792
7275,3,3,1,-0.3102068305015564
7276,1,1,1,12.035264015197754
7277,4,4,1,5.850205421447754
7278,5,3,0,1.7743064165115356
7279,5,5,1,9.722819328308105
7280,1,1,1,4.601647853851318
7281,7,3,0,1.5976896286010742
7282,1,1,1,6.366020679473877
7283,3,4,0,3.7437901496887207
7284,0,1,0,0.4768124222755432
7285,1,9,0,3.697620153427124
7286,2,3,0,-1.0418039560317993
7287,5,5,1,6.355074882507324
7288,7,2,0,3.6729984283447266
7289,0,0,1,7.209817886352539
7290,6,6,1,5.2834343910217285
7291,3,3,1,9.006317138671875
7292,5,5,1,4.152359485626221
7293,7,7,1,8.89636516571045
7294,5,3,0,0.4651781916618347
7295,5,5,1,5.84127140045166
7296,8,8,1,14.745660781860352
7297,9,9,1,1.2672209739685059
7298,4,1,0,-0.6597614288330078
7299,6,6,1,11.468955993652344
7300,3,3,1,-1.1924375295639038
7301,6,6,1,4.732382297515869
7302,6,2,0,-0.7436646819114685
7303,8,8,1,4.921329021453857
7304,2,2,1,3.37994384765625
7305,6,6,1,5.144683837890625
7306,4,4,1,2.746633529663086
7307,8,8,1,4.9742560386657715
7308,4,4,1,0.33175623416900635
7309,1,1,1,3.8098714351654053
7310,3,3,1,4.426351070404053
7311,1,0,0,6.628518581390381
7312,2,2,1,3.102558135986328
7313,3,3,1,3.8440346717834473
7314,3,6,0,-0.14837121963500977
7315,0,0,1,9.303786277770996
7316,1,1,1,11.529875755310059
7317,6,3,0,2.1481740474700928
7318,4,4,1,2.9362704753875732
7319,2,7,0,1.301925539970398
7320,8,0,0,6.402093410491943
7321,2,2,1,4.304831027984619
7322,4,0,0,-0.2125830501317978
7323,3,3,1,4.144042015075684
7324,1,1,1,3.6207571029663086
7325,4,4,1,8.110367774963379
7326,4,4,1,7.936757564544678
7327,4,4,1,3.985076904296875
7328,4,4,1,2.8889923095703125
7329,1,1,1,7.864622116088867
7330,5,5,1,1.1705876588821411
7331,5,5,1,7.765660762786865
7332,7,7,1,2.2445294857025146
7333,6,6,1,6.639195919036865
7334,5,3,0,2.6597845554351807
7335,4,4,1,7.4606099128723145
7336,5,5,1,8.022180557250977
7337,6,6,1,9.345301628112793
7338,5,5,1,7.156172752380371
7339,6,6,1,9.261628150939941
7340,2,2,1,2.2666988372802734
7341,4,5,0,4.697572231292725
7342,7,7,1,0.7875117063522339
7343,7,3,0,0.4122474193572998
7344,4,4,1,1.7206908464431763
7345,6,6,1,4.134559631347656
7346,5,5,1,1.894450306892395
7347,0,0,1,3.2361855506896973
7348,2,6,0,3.340162754058838
7349,3,3,1,7.9550557136535645
7350,9,9,1,5.235770225524902
7351,2,2,1,-2.6039187908172607
7352,3,3,1,6.353585243225098
7353,8,8,1,9.27418327331543
7354,0,1,0,1.9987198114395142
7355,7,7,1,1.5155797004699707
7356,0,0,1,4.534101963043213
7357,6,6,1,3.194220781326294
7358,8,8,1,3.9440693855285645
7359,1,1,1,13.248322486877441
7360,2,3,0,0.9141042828559875
7361,8,8,1,7.675327301025391
7362,9,9,1,3.509093761444092
7363,1,1,1,8.472451210021973
7364,5,5,1,4.470219612121582
7365,4,4,1,2.1100380420684814
7366,2,0,0,2.9262256622314453
7367,3,5,0,7.579698085784912
7368,5,2,0,-0.16016864776611328
7369,5,5,1,4.256922721862793
7370,3,8,0,1.320318579673767
7371,6,6,1,8.713776588439941
7372,5,5,1,6.521158218383789
7373,0,0,1,7.040939807891846
7374,3,3,1,6.085396766662598
7375,2,7,0,0.8824712038040161
7376,1,1,1,14.271615028381348
7377,3,3,1,1.881577730178833
7378,3,3,1,0.9414017200469971
7379,7,7,1,6.490391731262207
7380,7,7,1,9.781086921691895
7381,4,4,1,9.05809497833252
7382,9,9,1,7.299041748046875
7383,4,3,0,1.747813105583191
7384,3,3,1,-0.19981001317501068
7385,9,9,1,5.620673656463623
7386,5,9,0,2.410076379776001
7387,1,1,1,10.046553611755371
7388,7,7,1,2.369628429412842
7389,6,6,1,1.5059711933135986
7390,6,6,1,2.192269802093506
7391,4,4,1,3.4012374877929688
7392,8,8,1,10.78130054473877
7393,5,4,0,-2.3446297645568848
7394,1,1,1,1.9323039054870605
7395,2,2,1,2.9175755977630615
7396,8,0,0,1.665549874305725
7397,4,5,0,0.40887904167175293
7398,5,2,0,0.8238005042076111
7399,3,3,1,2.7537872791290283
7400,3,3,1,0.3378123641014099
7401,3,3,1,4.854312419891357
7402,0,0,1,4.328737258911133
7403,4,3,0,1.8879379034042358
7404,8,0,0,2.438309669494629
7405,7,7,1,14.368011474609375
7406,7,8,0,1.1202350854873657
7407,9,9,1,0.9840194582939148
7408,4,2,0,1.99476957321167
7409,8,8,1,14.42707347869873
7410,4,4,1,0.44015008211135864
7411,5,7,0,2.4760584831237793
7412,9,9,1,8.894543647766113
7413,1,1,1,6.791539669036865
7414,8,0,0,4.621631622314453
7415,3,3,1,3.272937297821045
7416,1,7,0,0.7304280400276184
7417,3,3,1,8.34666919708252
7418,8,8,1,7.873114585876465
7419,0,9,0,-1.228326439857483
7420,3,4,0,3.232978582382202
7421,5,1,0,3.458205223083496
7422,4,9,0,0.1947271227836609
7423,6,8,0,0.5887265205383301
7424,9,9,1,8.435412406921387
7425,2,2,1,3.1567370891571045
7426,7,7,1,13.322433471679688
7427,2,3,0,0.31898608803749084
7428,0,0,1,4.033016681671143
7429,5,5,1,1.2999027967453003
7430,2,2,1,4.849881172180176
7431,9,8,0,3.6580774784088135
7432,7,7,1,9.853353500366211
7433,5,3,0,2.779160261154175
7434,0,0,1,7.1289896965026855
7435,7,7,1,3.42611026763916
7436,0,8,0,8.048684120178223
7437,3,3,1,2.4490997791290283
7438,5,5,1,5.098589897155762
7439,5,3,0,1.296755313873291
7440,3,4,0,2.801663398742676
7441,8,8,1,7.825870037078857
7442,7,7,1,4.115838050842285
7443,7,1,0,3.8001327514648438
7444,9,1,0,8.71848201751709
7445,6,6,1,8.431185722351074
7446,5,1,0,3.0993845462799072
7447,8,8,1,5.877297878265381
7448,9,9,1,2.218858480453491
7449,0,0,1,0.6914466619491577
7450,1,1,1,10.470112800598145
7451,9,1,0,5.194944381713867
7452,4,4,1,5.702866077423096
7453,0,0,1,4.388145923614502
7454,0,0,1,7.446584224700928
7455,1,9,0,6.429442882537842
7456,7,7,1,3.2505335807800293
7457,2,0,0,2.6912364959716797
7458,2,1,0,-1.6537463665008545
7459,8,8,1,10.539710998535156
7460,5,5,1,9.68976879119873
7461,9,6,0,2.501227378845215
7462,8,8,1,8.22214412689209
7463,2,2,1,4.038479804992676
7464,8,8,1,1.0097166299819946
7465,0,0,1,2.2938382625579834
7466,6,6,1,5.926677703857422
7467,6,6,1,7.120105743408203
7468,8,8,1,11.528061866760254
7469,6,6,1,4.387794494628906
7470,9,9,1,7.598418712615967
7471,6,6,1,3.067838191986084
7472,1,1,1,1.8631521463394165
7473,1,1,1,4.932293891906738
7474,5,3,0,2.2813570499420166
7475,3,3,1,3.5083634853363037
7476,5,5,1,9.633491516113281
7477,0,0,1,5.8730974197387695
7478,7,7,1,7.516925811767578
7479,6,6,1,9.663508415222168
7480,1,1,1,11.480863571166992
7481,4,2,0,2.1126952171325684
7482,4,6,0,1.322800874710083
7483,1,1,1,11.03321647644043
7484,1,1,1,15.138843536376953
7485,8,0,0,6.374902725219727
7486,1,1,1,8.255400657653809
7487,1,1,1,9.318136215209961
7488,2,2,1,6.6046319007873535
7489,3,3,1,2.786034345626831
7490,4,4,1,1.983940601348877
7491,9,1,0,2.390204906463623
7492,9,9,1,9.626401901245117
7493,5,3,0,1.6412057876586914
7494,2,2,1,12.183865547180176
7495,7,9,0,-0.806145966053009
7496,3,3,1,1.9885860681533813
7497,3,8,0,4.706997394561768
7498,6,3,0,5.6473236083984375
7499,9,1,0,3.1359598636627197
7500,6,6,1,10.17043685913086
7501,9,9,1,9.55439567565918
7502,8,1,0,1.3211649656295776
7503,8,8,1,7.3324875831604
7504,6,6,1,8.366836547851562
7505,7,7,1,4.975692272186279
7506,4,4,1,6.381058216094971
7507,7,3,0,-1.2979137897491455
7508,2,2,1,1.1169308423995972
7509,3,3,1,1.8440077304840088
7510,8,8,1,10.125307083129883
7511,0,2,0,2.0585222244262695
7512,9,9,1,11.323566436767578
7513,0,0,1,2.672180414199829
7514,7,7,1,9.231002807617188
7515,8,8,1,7.0596113204956055
7516,1,1,1,19.068286895751953
7517,2,2,1,3.123134136199951
7518,3,3,1,4.771360397338867
7519,2,2,1,3.040485382080078
7520,4,2,0,1.4817836284637451
7521,2,2,1,9.788541793823242
7522,9,9,1,3.815896987915039
7523,0,0,1,3.904961585998535
7524,3,9,0,-0.7452475428581238
7525,8,8,1,17.136987686157227
7526,9,1,0,4.297906875610352
7527,6,6,1,8.004840850830078
7528,5,5,1,4.150322914123535
7529,5,5,1,3.9477481842041016
7530,2,2,1,4.733721733093262
7531,4,4,1,2.720886468887329
7532,1,1,1,3.4295713901519775
7533,0,0,1,7.066635608673096
7534,6,4,0,1.7095787525177002
7535,1,1,1,11.042082786560059
7536,8,8,1,7.166550636291504
7537,4,1,0,-0.64424067735672
7538,5,3,0,0.10009124875068665
7539,5,5,1,3.9987006187438965
7540,5,5,1,6.660531997680664
7541,0,1,0,1.630919098854065
7542,8,8,1,-0.10062383115291595
7543,9,9,1,7.417484760284424
7544,0,0,1,4.787958145141602
7545,5,3,0,4.535563945770264
7546,7,7,1,5.9535813331604
7547,9,8,0,3.5001330375671387
7548,6,6,1,9.88179874420166
7549,3,5,0,7.899843215942383
7550,4,4,1,8.817631721496582
7551,6,6,1,8.515376091003418
7552,4,7,0,3.943129062652588
7553,9,9,1,5.215000629425049
7554,7,3,0,1.10405695438385
7555,1,1,1,14.879496574401855
7556,2,0,0,0.6022536158561707
7557,5,5,1,3.7572505474090576
7558,2,2,1,5.347255229949951
7559,8,1,0,8.778091430664062
7560,0,0,1,6.080606937408447
7561,2,3,0,1.8040961027145386
7562,2,4,0,0.8730806112289429
7563,9,8,0,2.327374219894409
7564,8,8,1,4.037088871002197
7565,1,1,1,9.325750350952148
7566,9,2,0,1.1024556159973145
7567,7,7,1,9.224939346313477
7568,7,7,1,7.735568523406982
7569,3,7,0,1.0331066846847534
7570,1,1,1,10.066777229309082
7571,4,6,0,2.6106295585632324
7572,1,1,1,5.744993686676025
7573,1,1,1,4.984603404998779
7574,3,3,1,1.49326491355896
7575,8,8,1,5.348570346832275
7576,8,8,1,17.662599563598633
7577,1,1,1,10.081710815429688
7578,9,1,0,3.693331003189087
7579,3,9,0,1.2223082780838013
7580,8,8,1,6.818465709686279
7581,9,9,1,11.05511474609375
7582,5,5,1,4.939988136291504
7583,1,1,1,7.784793853759766
7584,1,1,1,13.31564998626709
7585,6,6,1,5.008998394012451
7586,2,2,1,2.547098398208618
7587,7,4,0,0.47836750745773315
7588,2,3,0,1.8266324996948242
7589,6,6,1,9.644356727600098
7590,2,4,0,8.132551193237305
7591,6,5,0,2.869377374649048
7592,9,9,1,6.449810028076172
7593,6,6,1,12.734084129333496
7594,0,0,1,9.651872634887695
7595,1,0,0,0.9434020519256592
7596,3,5,0,3.9021387100219727
7597,9,9,1,2.1448075771331787
7598,3,3,1,1.479570984840393
7599,8,8,1,4.616806507110596
7600,8,9,0,7.436967372894287
7601,8,8,1,3.0347795486450195
7602,2,2,1,11.026735305786133
7603,9,9,1,10.556861877441406
7604,1,1,1,3.5027050971984863
7605,2,4,0,4.0656867027282715
7606,6,0,0,0.40561848878860474
7607,0,0,1,6.691137790679932
7608,5,5,1,1.6239932775497437
7609,0,2,0,-0.9371750354766846
7610,7,7,1,0.63620924949646
7611,7,2,0,-1.4858862161636353
7612,7,7,1,0.7304078936576843
7613,9,9,1,2.132758378982544
7614,4,2,0,2.2361786365509033
7615,5,4,0,0.6445646286010742
7616,0,0,1,6.607094764709473
7617,2,0,0,2.477428436279297
7618,3,3,1,0.5256984829902649
7619,5,5,1,5.121769905090332
7620,5,9,0,3.380925178527832
7621,8,1,0,4.331422805786133
7622,9,9,1,9.26091194152832
7623,1,1,1,2.7862114906311035
7624,2,2,1,6.393455982208252
7625,7,7,1,5.204071521759033
7626,1,1,1,7.505019664764404
7627,3,3,1,4.200965881347656
7628,4,3,0,-0.3102443218231201
7629,6,6,1,2.3005242347717285
7630,9,8,0,1.6954737901687622
7631,1,1,1,12.307738304138184
7632,0,0,1,0.16957442462444305
7633,7,7,1,5.239421844482422
7634,1,1,1,4.758736610412598
7635,9,9,1,4.623960494995117
7636,5,3,0,-0.7830712199211121
7637,8,4,0,-0.08760740607976913
7638,1,8,0,6.271752834320068
7639,9,9,1,9.332565307617188
7640,9,9,1,5.219816207885742
7641,7,7,1,3.406972885131836
7642,9,9,1,10.384204864501953
7643,8,1,0,5.962159156799316
7644,3,5,0,3.9144692420959473
7645,0,0,1,3.3640975952148438
7646,2,2,1,3.156996250152588
7647,6,6,1,10.06677532196045
7648,0,0,1,0.9329118132591248
7649,2,2,1,9.072199821472168
7650,2,2,1,7.484821319580078
7651,4,2,0,1.1285256147384644
7652,0,0,1,9.273048400878906
7653,8,8,1,7.759212970733643
7654,4,4,1,4.44264554977417
7655,8,0,0,0.9116909503936768
7656,1,1,1,9.802639961242676
7657,2,7,0,3.8683037757873535
7658,7,7,1,13.408910751342773
7659,2,1,0,0.9379849433898926
7660,7,7,1,9.092609405517578
7661,9,9,1,9.19005012512207
7662,5,5,1,7.698610305786133
7663,2,2,1,3.7030820846557617
7664,2,0,0,1.397592306137085
7665,9,9,1,7.734710693359375
7666,2,2,1,5.252342700958252
7667,6,6,1,-0.4778059124946594
7668,5,5,1,6.042535781860352
7669,7,4,0,4.087242603302002
7670,2,2,1,4.424081325531006
7671,5,3,0,2.6890709400177
7672,6,6,1,11.905878067016602
7673,5,5,1,3.8313302993774414
7674,1,9,0,-0.03133028373122215
7675,8,2,0,1.800532341003418
7676,2,2,1,0.5986149907112122
7677,6,6,1,4.863219261169434
7678,8,8,1,15.616142272949219
7679,6,3,0,0.5312576293945312
7680,3,3,1,2.6228108406066895
7681,0,0,1,11.120944023132324
7682,8,8,1,7.074376106262207
7683,0,0,1,10.566376686096191
7684,0,3,0,0.5745427012443542
7685,9,0,0,5.145485877990723
7686,9,9,1,6.164482116699219
7687,6,6,1,0.4566425681114197
7688,8,8,1,9.900419235229492
7689,0,0,1,7.2615251541137695
7690,6,6,1,15.155165672302246
7691,6,3,0,-2.3635501861572266
7692,0,0,1,7.514608383178711
7693,7,7,1,-2.0196502208709717
7694,9,9,1,2.2247812747955322
7695,8,8,1,11.613064765930176
7696,0,0,1,3.549790382385254
7697,5,7,0,2.209137201309204
7698,0,0,1,12.119096755981445
7699,9,9,1,9.345608711242676
7700,6,4,0,2.5476956367492676
7701,0,4,0,-0.3471921384334564
7702,4,4,1,6.194108963012695
7703,7,7,1,6.41265869140625
7704,1,1,1,0.45542022585868835
7705,7,7,1,5.713881492614746
7706,8,8,1,3.3460564613342285
7707,8,8,1,7.0329084396362305
7708,2,2,1,3.714350461959839
7709,3,3,1,1.587051272392273
7710,9,9,1,6.379915714263916
7711,6,4,0,3.1397204399108887
7712,5,5,1,8.586097717285156
7713,5,5,1,6.250433921813965
7714,3,3,1,4.397767543792725
7715,1,1,1,15.487044334411621
7716,5,0,0,-0.9210922718048096
7717,3,3,1,1.0192803144454956
7718,0,0,1,4.2138471603393555
7719,2,2,1,2.4731321334838867
7720,5,2,0,0.44525840878486633
7721,2,2,1,11.575434684753418
7722,7,7,1,4.328716278076172
7723,3,6,0,0.5072242021560669
7724,8,8,1,8.853592872619629
7725,4,4,1,5.852148532867432
7726,4,4,1,4.940253734588623
7727,6,6,1,11.759411811828613
7728,1,1,1,9.205841064453125
7729,9,9,1,5.485006332397461
7730,4,1,0,0.14019007980823517
7731,1,1,1,12.460896492004395
7732,7,7,1,1.2958729267120361
7733,0,0,1,7.92814302444458
7734,1,1,1,4.739898204803467
7735,4,0,0,-0.38954874873161316
7736,3,5,0,3.464989423751831
7737,0,0,1,6.787571907043457
7738,2,2,1,6.433983325958252
7739,9,0,0,0.5239204168319702
7740,4,4,1,0.9169011116027832
7741,5,3,0,1.458592414855957
7742,0,0,1,12.596403121948242
7743,3,3,1,5.292175769805908
7744,4,8,0,-1.0008461475372314
7745,7,7,1,7.005767822265625
7746,2,0,0,7.480565547943115
7747,3,3,1,6.187105655670166
7748,0,0,1,4.964832305908203
7749,1,1,1,12.171916007995605
7750,3,3,1,1.7745002508163452
7751,7,7,1,7.622352600097656
7752,9,9,1,3.1506235599517822
7753,9,9,1,5.294619560241699
7754,0,0,1,1.6426365375518799
7755,7,7,1,9.219473838806152
7756,5,5,1,4.247225761413574
7757,6,6,1,8.724172592163086
7758,7,7,1,9.199716567993164
7759,1,1,1,7.561639785766602
7760,2,2,1,3.9365503787994385
7761,2,5,0,3.045412302017212
7762,7,7,1,6.227449417114258
7763,4,3,0,2.36668062210083
7764,6,6,1,11.238776206970215
7765,8,8,1,2.5881993770599365
7766,4,4,1,3.5633347034454346
7767,9,8,0,-1.193042278289795
7768,8,3,0,1.1602987051010132
7769,4,9,0,-1.5956717729568481
7770,9,9,1,6.9611663818359375
7771,2,2,1,5.526021957397461
7772,3,5,0,2.8398492336273193
7773,4,2,0,2.389817476272583
7774,0,0,1,10.673893928527832
7775,2,2,1,5.303948402404785
7776,5,5,1,4.095983982086182
7777,6,6,1,3.358954668045044
7778,0,0,1,2.71199631690979
7779,5,2,0,2.726619243621826
7780,3,3,1,2.186744213104248
7781,5,5,1,6.105415344238281
7782,8,8,1,16.633317947387695
7783,3,3,1,3.037644147872925
7784,7,4,0,0.06948236376047134
7785,4,0,0,4.034396648406982
7786,9,9,1,8.48332405090332
7787,5,5,1,1.890803337097168
7788,6,6,1,3.128971576690674
7789,3,3,1,1.1527904272079468
7790,8,8,1,5.836068630218506
7791,6,6,1,2.390237808227539
7792,9,1,0,8.903754234313965
7793,8,8,1,11.50706672668457
7794,5,5,1,6.405813694000244
7795,5,5,1,7.224616050720215
7796,8,8,1,7.8140974044799805
7797,3,6,0,6.687204837799072
7798,5,7,0,2.401005744934082
7799,9,9,1,6.60243558883667
7800,0,0,1,5.286745548248291
7801,4,4,1,4.357734203338623
7802,2,3,0,1.2664647102355957
7803,0,0,1,1.540104866027832
7804,5,5,1,10.996798515319824
7805,9,9,1,4.183945178985596
7806,9,9,1,9.163839340209961
7807,3,3,1,4.558703899383545
7808,8,8,1,14.967894554138184
7809,0,0,1,7.303955078125
7810,6,6,1,8.758279800415039
7811,0,0,1,5.603930950164795
7812,2,2,1,8.644648551940918
7813,3,5,0,0.38290199637413025
7814,7,7,1,11.217205047607422
7815,0,8,0,4.142096042633057
7816,0,2,0,4.644843101501465
7817,6,6,1,11.194514274597168
7818,9,9,1,3.5976836681365967
7819,1,1,1,9.611703872680664
7820,5,5,1,4.657625198364258
7821,2,0,0,3.5637948513031006
7822,2,2,1,4.720083713531494
7823,7,7,1,9.03382682800293
7824,9,1,0,4.944346904754639
7825,3,3,1,2.5196123123168945
7826,9,9,1,3.068718433380127
7827,3,3,1,2.60125732421875
7828,5,5,1,4.585633277893066
7829,2,2,1,2.5778045654296875
7830,2,2,1,2.624809980392456
7831,2,2,1,5.256387233734131
7832,8,8,1,6.165569305419922
7833,8,8,1,7.727758884429932
7834,5,5,1,8.520238876342773
7835,0,0,1,9.515905380249023
7836,0,4,0,1.770789384841919
7837,7,7,1,5.534640312194824
7838,0,0,1,7.615904331207275
7839,3,4,0,1.5742403268814087
7840,1,1,1,12.989737510681152
7841,6,7,0,-0.5073688626289368
7842,5,5,1,-0.9570900201797485
7843,0,2,0,0.43889573216438293
7844,9,9,1,10.646108627319336
7845,2,2,1,5.811867713928223
7846,6,3,0,3.859166383743286
7847,7,7,1,7.0217742919921875
7848,4,4,1,8.129947662353516
7849,2,2,1,7.030532360076904
7850,0,0,1,3.906461000442505
7851,0,0,1,4.957752227783203
7852,5,5,1,3.4876863956451416
7853,3,2,0,1.1878796815872192
7854,3,3,1,3.174201011657715
7855,2,2,1,1.3641908168792725
7856,6,6,1,7.5336594581604
7857,4,7,0,1.3357954025268555
7858,2,3,0,-0.1218351423740387
7859,7,7,1,11.944504737854004
7860,8,8,1,8.244914054870605
7861,0,0,1,5.698101043701172
7862,1,1,1,6.90540075302124
7863,0,2,0,1.495147943496704
7864,1,1,1,13.222646713256836
7865,3,3,1,1.3639960289001465
7866,6,6,1,7.778556823730469
7867,4,6,0,3.442044258117676
7868,8,8,1,6.678618907928467
7869,0,0,1,10.819890022277832
7870,6,6,1,10.028315544128418
7871,0,0,1,8.12658977508545
7872,9,9,1,9.228022575378418
7873,1,1,1,8.424190521240234
7874,6,6,1,11.621392250061035
7875,2,7,0,0.1648496687412262
7876,1,1,1,25.89977264404297
7877,0,0,1,1.4672691822052002
7878,1,9,0,-0.027061980217695236
7879,3,3,1,12.19837760925293
7880,0,0,1,0.5878235101699829
7881,3,4,0,4.2710418701171875
7882,7,2,0,1.9330809116363525
7883,9,9,1,10.414608001708984
7884,9,9,1,5.252654075622559
7885,3,3,1,5.785174369812012
7886,7,7,1,17.018768310546875
7887,5,3,0,1.0761281251907349
7888,7,7,1,13.481575965881348
7889,1,1,1,7.809937477111816
7890,6,6,1,8.66343879699707
7891,6,2,0,1.223375916481018
7892,1,9,0,6.814392566680908
7893,1,1,1,6.333199977874756
7894,1,9,0,4.450499057769775
7895,4,4,1,3.322457790374756
7896,4,4,1,0.7515324950218201
7897,2,2,1,7.451396942138672
7898,1,1,1,13.190072059631348
7899,7,3,0,0.24245455861091614
7900,0,8,0,0.045337799936532974
7901,1,1,1,10.546347618103027
7902,2,2,1,2.5608136653900146
7903,1,1,1,1.1471734046936035
7904,1,1,1,4.669672966003418
7905,3,3,1,5.039114952087402
7906,2,4,0,2.88968563079834
7907,6,2,0,0.4930965304374695
7908,9,8,0,1.1568944454193115
7909,1,1,1,4.200043678283691
7910,3,2,0,-0.31269973516464233
7911,2,2,1,11.139223098754883
7912,0,0,1,4.290927410125732
7913,8,0,0,2.552302360534668
7914,7,7,1,2.170907974243164
7915,3,3,1,6.382009506225586
7916,4,3,0,0.9131481051445007
7917,6,6,1,4.357483386993408
7918,4,4,1,1.3960374593734741
7919,6,6,1,6.3932108879089355
7920,9,9,1,4.070199966430664
7921,4,7,0,2.762296199798584
7922,8,8,1,10.706385612487793
7923,9,9,1,6.348413944244385
7924,3,0,0,0.2571684718132019
7925,0,0,1,7.393708229064941
7926,5,3,0,2.5324487686157227
7927,7,7,1,6.007467269897461
7928,2,2,1,3.6911251544952393
7929,0,0,1,4.381180286407471
7930,2,0,0,4.492185115814209
7931,9,8,0,3.825137138366699
7932,9,9,1,9.456233978271484
7933,3,3,1,0.494322270154953
7934,8,8,1,5.120436191558838
7935,7,7,1,5.052739143371582
7936,1,1,1,11.88448429107666
7937,1,1,1,15.568198204040527
7938,2,2,1,2.5465948581695557
7939,2,2,1,2.4654157161712646
7940,2,2,1,4.424138069152832
7941,5,6,0,2.4869542121887207
7942,9,9,1,0.33472806215286255
7943,1,1,1,10.945250511169434
7944,2,2,1,3.6138322353363037
7945,6,3,0,1.0841999053955078
7946,1,1,1,7.45647668838501
7947,2,2,1,5.023679733276367
7948,1,1,1,14.16849422454834
7949,8,8,1,6.6884942054748535
7950,9,8,0,4.969218730926514
7951,2,2,1,4.724411964416504
7952,3,8,0,2.836745500564575
7953,1,1,1,6.437323093414307
7954,9,9,1,3.693507432937622
7955,9,9,1,2.4978597164154053
7956,4,4,1,0.05584407597780228
7957,4,4,1,6.18886137008667
7958,5,5,1,0.10846513509750366
7959,5,5,1,-0.14652089774608612
7960,0,0,1,2.9294066429138184
7961,3,3,1,2.052137613296509
7962,3,1,0,2.333711624145508
7963,7,7,1,9.487101554870605
7964,1,1,1,11.570570945739746
7965,7,7,1,15.044940948486328
7966,7,7,1,4.02865743637085
7967,9,6,0,1.2924065589904785
7968,8,0,0,-0.4032058119773865
7969,6,6,1,1.9790918827056885
7970,3,3,1,0.27184948325157166
7971,5,5,1,11.167262077331543
7972,5,5,1,4.896903991699219
7973,1,1,1,14.639153480529785
7974,6,4,0,-0.7825103402137756
7975,2,2,1,1.3240599632263184
7976,7,4,0,1.3284724950790405
7977,8,8,1,16.504732131958008
7978,4,2,0,0.19862908124923706
7979,3,3,1,2.231337547302246
7980,3,3,1,4.579855918884277
7981,5,5,1,6.871188163757324
7982,9,9,1,4.582549095153809
7983,6,6,1,0.6905088424682617
7984,8,8,1,5.635730266571045
7985,5,5,1,2.931492805480957
7986,1,1,1,9.779938697814941
7987,0,0,1,8.827361106872559
7988,6,4,0,0.9031456112861633
7989,7,7,1,0.8696348071098328
7990,0,0,1,1.8095085620880127
7991,9,9,1,7.1408586502075195
7992,6,6,1,1.5325055122375488
7993,2,2,1,3.8130881786346436
7994,0,0,1,2.0871005058288574
7995,8,8,1,11.641327857971191
7996,7,7,1,13.711141586303711
7997,1,1,1,17.590797424316406
7998,2,0,0,2.4504449367523193
7999,6,6,1,6.81125020980835
8000,9,9,1,8.773213386535645
8001,1,1,1,0.46702831983566284
8002,6,6,1,7.628684997558594
8003,4,5,0,1.155993938446045
8004,7,7,1,8.38847827911377
8005,1,1,1,13.74211597442627
8006,9,9,1,-0.7739985585212708
8007,0,0,1,0.9872031211853027
8008,0,0,1,3.9791259765625
8009,5,6,0,2.8355438709259033
8010,2,2,1,1.1749188899993896
8011,8,8,1,6.553285121917725
8012,3,3,1,3.985961437225342
8013,8,8,1,3.801464080810547
8014,2,2,1,1.057861328125
8015,8,8,1,7.6575703620910645
8016,4,3,0,2.065035581588745
8017,0,0,1,5.965223789215088
8018,8,8,1,9.495179176330566
8019,3,3,1,5.807950496673584
8020,6,3,0,0.1247115284204483
8021,1,9,0,3.8840115070343018
8022,2,6,0,-0.05798889696598053
8023,3,3,1,-0.9070595502853394
8024,0,2,0,1.1089376211166382
8025,5,3,0,1.3831290006637573
8026,0,0,1,13.822729110717773
8027,4,4,1,3.9404194355010986
8028,1,1,1,11.75876235961914
8029,7,7,1,3.828948497772217
8030,2,2,1,3.8416314125061035
8031,0,0,1,5.068672180175781
8032,1,1,1,11.14359188079834
8033,3,3,1,1.3774514198303223
8034,9,9,1,6.144652366638184
8035,1,1,1,2.8913841247558594
8036,6,6,1,13.283661842346191
8037,1,1,1,9.174202919006348
8038,6,6,1,7.756518840789795
8039,1,0,0,1.3199776411056519
8040,2,2,1,-0.20416781306266785
8041,8,0,0,-1.380568027496338
8042,7,7,1,10.755410194396973
8043,0,0,1,8.698953628540039
8044,9,9,1,3.061028480529785
8045,5,5,1,7.471190452575684
8046,8,3,0,0.714087188243866
8047,0,0,1,0.806594967842102
8048,0,0,1,-0.6384830474853516
8049,1,1,1,10.051942825317383
8050,7,7,1,3.6443917751312256
8051,9,9,1,1.5234816074371338
8052,7,7,1,3.2178001403808594
8053,1,1,1,2.404050588607788
8054,9,3,0,-0.32434260845184326
8055,2,2,1,6.570138931274414
8056,1,1,1,8.760753631591797
8057,9,9,1,7.614736080169678
8058,4,0,0,2.6333117485046387
8059,3,3,1,6.866788864135742
8060,6,6,1,10.508858680725098
8061,0,0,1,9.965719223022461
8062,2,2,1,7.193447113037109
8063,0,0,1,1.0551677942276
8064,0,0,1,5.921620845794678
8065,9,9,1,4.66965913772583
8066,9,3,0,-0.5082508325576782
8067,8,8,1,7.534073352813721
8068,9,8,0,1.3687852621078491
8069,4,4,1,-1.0045872926712036
8070,5,5,1,10.054516792297363
8071,4,5,0,4.41972017288208
8072,3,3,1,4.285730361938477
8073,0,0,1,5.037951946258545
8074,7,7,1,7.7389326095581055
8075,8,0,0,6.572420597076416
8076,7,7,1,11.453773498535156
8077,3,5,0,1.271538496017456
8078,7,3,0,-0.633388340473175
8079,5,3,0,1.3727920055389404
8080,4,4,1,1.146109938621521
8081,6,6,1,7.807830333709717
8082,5,5,1,-1.032640814781189
8083,9,9,1,5.1046462059021
8084,5,3,0,1.6174296140670776
8085,2,2,1,2.0857093334198
8086,4,9,0,-1.1357060670852661
8087,2,0,0,2.3837826251983643
8088,7,7,1,13.310446739196777
8089,9,9,1,10.431814193725586
8090,6,6,1,0.06607736647129059
8091,7,7,1,9.452656745910645
8092,4,5,0,1.017771601676941
8093,7,7,1,10.011817932128906
8094,1,1,1,13.457793235778809
8095,2,8,0,2.4466824531555176
8096,3,4,0,3.931553602218628
8097,1,1,1,14.355498313903809
8098,1,1,1,4.883263111114502
8099,3,3,1,6.0279622077941895
8100,6,3,0,-1.3721039295196533
8101,8,8,1,3.562345027923584
8102,3,3,1,-0.5067726373672485
8103,7,7,1,5.286956787109375
8104,7,7,1,3.071694850921631
8105,0,0,1,4.110645771026611
8106,8,8,1,11.377362251281738
8107,1,1,1,6.370696544647217
8108,5,5,1,3.062265396118164
8109,2,2,1,0.41417303681373596
8110,5,6,0,2.866940975189209
8111,5,5,1,4.496696472167969
8112,3,2,0,2.5501909255981445
8113,6,6,1,9.152894020080566
8114,3,3,1,7.074719429016113
8115,5,3,0,-0.061689723283052444
8116,9,9,1,8.552629470825195
8117,8,8,1,13.340595245361328
8118,4,3,0,-0.5871661901473999
8119,6,2,0,0.2748655378818512
8120,8,8,1,7.607247829437256
8121,0,0,1,11.184225082397461
8122,4,4,1,0.48404842615127563
8123,1,9,0,6.23635196685791
8124,7,7,1,11.079082489013672
8125,8,8,1,5.238277435302734
8126,4,4,1,2.429198741912842
8127,9,9,1,6.950052738189697
8128,7,3,0,2.4989583492279053
8129,2,2,1,4.224372863769531
8130,6,6,1,1.3781373500823975
8131,3,3,1,3.6407954692840576
8132,8,8,1,8.233927726745605
8133,8,8,1,10.041180610656738
8134,6,6,1,6.415019512176514
8135,7,7,1,5.112654685974121
8136,3,3,1,2.5073795318603516
8137,8,8,1,9.04470157623291
8138,1,9,0,5.265051364898682
8139,1,1,1,9.044804573059082
8140,5,5,1,2.492321729660034
8141,3,3,1,8.900094032287598
8142,7,7,1,2.7023487091064453
8143,9,9,1,3.775556802749634
8144,9,9,1,8.409581184387207
8145,9,9,1,2.9430737495422363
8146,8,8,1,7.332930088043213
8147,5,3,0,-0.1812826246023178
8148,9,9,1,4.02533483505249
8149,9,9,1,10.333030700683594
8150,6,6,1,1.2282955646514893
8151,8,8,1,11.975377082824707
8152,8,8,1,10.636585235595703
8153,4,3,0,2.2054190635681152
8154,8,8,1,2.5091922283172607
8155,1,1,1,15.103998184204102
8156,0,0,1,4.5785698890686035
8157,1,1,1,13.737306594848633
8158,8,8,1,9.92717456817627
8159,8,8,1,4.0194501876831055
8160,6,6,1,2.532625198364258
8161,5,7,0,0.14129987359046936
8162,9,9,1,10.698200225830078
8163,0,0,1,5.758011341094971
8164,6,4,0,3.790745973587036
8165,1,8,0,2.3724327087402344
8166,2,6,0,3.8528289794921875
8167,6,3,0,0.5768839120864868
8168,6,6,1,7.34859561920166
8169,3,3,1,1.5305713415145874
8170,5,3,0,0.06608867645263672
8171,6,1,0,0.7835401296615601
8172,5,5,1,3.9268686771392822
8173,5,4,0,0.37121373414993286
8174,3,3,1,6.294527530670166
8175,3,3,1,-1.104678988456726
8176,6,8,0,3.623856544494629
8177,8,8,1,6.79813289642334
8178,9,9,1,2.592942476272583
8179,4,4,1,6.8081231117248535
8180,4,6,0,2.3898675441741943
8181,3,3,1,0.6447283029556274
8182,8,8,1,2.3316140174865723
8183,3,3,1,5.2369794845581055
8184,6,6,1,6.871119976043701
8185,0,0,1,2.532503366470337
8186,8,8,1,15.059455871582031
8187,5,5,1,5.33467435836792
8188,7,7,1,3.3654625415802
8189,8,8,1,5.702352523803711
8190,4,5,0,1.7122682332992554
8191,6,2,0,2.750324010848999
8192,5,5,1,9.176806449890137
8193,3,3,1,3.7880709171295166
8194,1,1,1,8.134058952331543
8195,8,8,1,6.730917453765869
8196,3,3,1,2.1265511512756348
8197,0,0,1,4.209926605224609
8198,4,4,1,-1.7783633470535278
8199,4,4,1,-1.333168625831604
8200,3,0,0,-1.526090383529663
8201,3,3,1,5.355691432952881
8202,5,5,1,2.5142629146575928
8203,3,3,1,3.0234625339508057
8204,3,8,0,-1.0334727764129639
8205,2,2,1,7.9385085105896
8206,7,7,1,6.188346862792969
8207,7,2,0,-0.11928772926330566
8208,8,8,1,6.688970565795898
8209,2,4,0,3.7700603008270264
8210,0,0,1,7.575956344604492
8211,5,5,1,8.007219314575195
8212,5,5,1,1.0370618104934692
8213,6,6,1,9.11380672454834
8214,1,1,1,14.865442276000977
8215,1,1,1,5.723643779754639
8216,3,3,1,5.282927513122559
8217,9,3,0,1.6823421716690063
8218,9,9,1,5.756058692932129
8219,3,6,0,3.5097098350524902
8220,6,6,1,1.9193024635314941
8221,7,7,1,13.930215835571289
8222,1,0,0,1.2411272525787354
8223,8,8,1,11.815529823303223
8224,3,3,1,1.1044384241104126
8225,9,0,0,3.1974754333496094
8226,8,8,1,6.732138156890869
8227,7,7,1,7.115350723266602
8228,8,8,1,4.608576774597168
8229,8,3,0,2.1439292430877686
8230,0,6,0,0.9893566370010376
8231,3,9,0,-1.0638222694396973
8232,2,2,1,12.866036415100098
8233,4,4,1,3.1115763187408447
8234,8,0,0,1.2895407676696777
8235,7,7,1,3.3314006328582764
8236,5,5,1,0.039448563009500504
8237,7,7,1,12.056818008422852
8238,1,1,1,10.965066909790039
8239,8,8,1,10.142937660217285
8240,7,4,0,2.2533555030822754
8241,3,3,1,2.7920758724212646
8242,5,6,0,-1.3631911277770996
8243,4,4,1,1.6337156295776367
8244,4,4,1,0.9070367217063904
8245,3,3,1,2.7297565937042236
8246,8,8,1,11.599017143249512
8247,6,6,1,7.508465766906738
8248,1,1,1,10.878549575805664
8249,1,9,0,2.1057541370391846
8250,6,6,1,3.9260365962982178
8251,3,3,1,5.383370399475098
8252,2,9,0,-0.04199155792593956
8253,2,0,0,4.586313247680664
8254,8,9,0,1.9677166938781738
8255,9,9,1,8.076245307922363
8256,8,8,1,6.773591041564941
8257,3,3,1,2.436866521835327
8258,3,7,0,2.8028383255004883
8259,8,8,1,6.560181140899658
8260,1,1,1,13.814180374145508
8261,1,1,1,2.1120245456695557
8262,0,0,1,1.949104905128479
8263,5,8,0,-1.1844453811645508
8264,2,2,1,11.561999320983887
8265,0,0,1,11.145809173583984
8266,5,5,1,3.65598726272583
8267,0,0,1,-0.17894168198108673
8268,5,4,0,3.6800029277801514
8269,8,0,0,1.7051165103912354
8270,6,6,1,7.52481746673584
8271,3,3,1,4.170771598815918
8272,9,9,1,7.977777481079102
8273,6,4,0,2.7585597038269043
8274,6,6,1,5.5098876953125
8275,3,5,0,2.0963611602783203
8276,9,0,0,5.040405750274658
8277,4,2,0,3.2456490993499756
8278,8,8,1,4.759884357452393
8279,3,3,1,4.7342658042907715
8280,4,4,1,7.268153190612793
8281,3,3,1,4.217283248901367
8282,1,1,1,12.753877639770508
8283,1,1,1,1.4996033906936646
8284,2,2,1,7.813136100769043
8285,9,9,1,7.586936950683594
8286,7,2,0,2.462050199508667
8287,8,1,0,6.410558700561523
8288,5,5,1,8.255547523498535
8289,5,7,0,1.1153916120529175
8290,8,8,1,8.372471809387207
8291,6,6,1,1.2744356393814087
8292,9,9,1,7.705162525177002
8293,0,0,1,7.531875133514404
8294,8,8,1,17.390140533447266
8295,3,0,0,4.060756206512451
8296,5,3,0,1.7206302881240845
8297,1,1,1,13.4011812210083
8298,3,3,1,1.256583571434021
8299,3,9,0,1.4632105827331543
8300,5,5,1,3.335994005203247
8301,5,0,0,0.9841408133506775
8302,3,3,1,9.192358016967773
8303,8,8,1,-0.49562349915504456
8304,1,6,0,1.2250149250030518
8305,4,4,1,3.5682127475738525
8306,6,6,1,7.320322513580322
8307,4,4,1,12.039737701416016
8308,2,2,1,2.819322347640991
8309,4,4,1,8.467381477355957
8310,3,3,1,6.663263320922852
8311,8,8,1,9.67957592010498
8312,9,9,1,2.1251323223114014
8313,6,6,1,10.085054397583008
8314,6,3,0,0.7413105964660645
8315,6,6,1,3.1211347579956055
8316,5,5,1,3.934532642364502
8317,5,5,1,3.164518117904663
8318,2,2,1,2.617182731628418
8319,7,7,1,11.453559875488281
8320,7,7,1,0.06662368029356003
8321,4,4,1,0.704770028591156
8322,4,4,1,10.13501262664795
8323,9,9,1,3.213697910308838
8324,3,3,1,2.1215217113494873
8325,8,2,0,1.1093480587005615
8326,3,0,0,-2.054640531539917
8327,7,8,0,3.743342161178589
8328,7,7,1,7.366244316101074
8329,8,8,1,7.576399326324463
8330,5,2,0,3.8844244480133057
8331,3,2,0,3.2152884006500244
8332,9,9,1,7.831760883331299
8333,1,1,1,5.029919624328613
8334,6,6,1,5.776883602142334
8335,7,7,1,0.6212955713272095
8336,3,3,1,6.262902736663818
8337,3,3,1,0.7806686758995056
8338,3,3,1,3.504026412963867
8339,8,8,1,4.0958476066589355
8340,5,3,0,1.3587266206741333
8341,6,6,1,9.475762367248535
8342,1,1,1,7.353652477264404
8343,3,1,0,1.1059757471084595
8344,7,7,1,1.6335936784744263
8345,9,9,1,6.2566375732421875
8346,6,6,1,2.438002109527588
8347,1,1,1,6.91633939743042
8348,6,3,0,-0.03876442089676857
8349,4,0,0,0.9541847705841064
8350,9,9,1,2.7171247005462646
8351,0,2,0,-1.4444226026535034
8352,5,2,0,0.17082208395004272
8353,7,7,1,10.377031326293945
8354,4,9,0,-0.053654398769140244
8355,9,9,1,6.615832805633545
8356,1,1,1,18.4891300201416
8357,0,8,0,4.227252960205078
8358,0,0,1,10.29201889038086
8359,2,2,1,3.3111112117767334
8360,7,7,1,10.29082202911377
8361,8,1,0,0.9338131546974182
8362,3,5,0,2.433603048324585
8363,2,5,0,-0.7755234241485596
8364,7,9,0,1.0693397521972656
8365,6,6,1,1.5222300291061401
8366,1,1,1,3.070255756378174
8367,6,6,1,5.211182117462158
8368,6,6,1,6.1429572105407715
8369,4,2,0,1.752983570098877
8370,4,3,0,-0.15538787841796875
8371,2,3,0,1.492251992225647
8372,1,5,0,1.3611178398132324
8373,8,8,1,17.81406593322754
8374,4,4,1,3.5045650005340576
8375,4,2,0,1.4356892108917236
8376,7,7,1,4.306678771972656
8377,8,8,1,6.939680099487305
8378,5,5,1,2.961118698120117
8379,8,8,1,8.85937786102295
8380,9,9,1,6.374385356903076
8381,4,4,1,2.675380229949951
8382,3,3,1,1.767931580543518
8383,2,2,1,4.325273513793945
8384,2,3,0,1.928158164024353
8385,9,8,0,4.487833499908447
8386,3,5,0,-0.33471062779426575
8387,0,8,0,6.150760650634766
8388,1,1,1,0.514331579208374
8389,1,1,1,9.095948219299316
8390,1,1,1,6.6148552894592285
8391,1,1,1,8.679429054260254
8392,6,6,1,0.9889528155326843
8393,8,8,1,12.50948715209961
8394,7,9,0,0.7797375321388245
8395,1,1,1,16.557781219482422
8396,3,4,0,2.3559749126434326
8397,0,0,1,5.052730560302734
8398,4,6,0,2.071704387664795
8399,5,9,0,-0.22023983299732208
8400,0,0,1,11.154850959777832
8401,3,3,1,3.5266683101654053
8402,0,0,1,4.480945587158203
8403,6,6,1,4.011990547180176
8404,2,2,1,3.5307457447052
8405,0,0,1,5.049133777618408
8406,9,9,1,4.204931259155273
8407,8,8,1,8.6972074508667
8408,6,6,1,3.8395612239837646
8409,8,8,1,4.9427313804626465
8410,5,3,0,-0.1785811185836792
8411,8,8,1,12.817288398742676
8412,2,2,1,0.9998998045921326
8413,9,9,1,2.6860361099243164
8414,6,6,1,8.29206371307373
8415,0,0,1,5.3760552406311035
8416,6,6,1,5.194241523742676
8417,1,1,1,8.14773178100586
8418,8,8,1,-0.2964852750301361
8419,7,5,0,-0.7307056188583374
8420,3,3,1,-0.7460486888885498
8421,2,2,1,9.408957481384277
8422,2,2,1,5.855523109436035
8423,6,6,1,10.652458190917969
8424,5,3,0,4.409440994262695
8425,6,6,1,5.546565532684326
8426,9,9,1,14.128273010253906
8427,2,0,0,3.18733286857605
8428,5,4,0,1.8917807340621948
8429,4,4,1,-0.14646825194358826
8430,9,9,1,11.474218368530273
8431,8,8,1,4.119396686553955
8432,5,3,0,2.4217705726623535
8433,3,3,1,2.475966691970825
8434,9,9,1,7.038724422454834
8435,3,6,0,0.3178596794605255
8436,5,5,1,3.4745047092437744
8437,7,7,1,3.0348453521728516
8438,1,1,1,11.784335136413574
8439,8,8,1,11.187018394470215
8440,5,5,1,0.1872975081205368
8441,8,8,1,10.540068626403809
8442,6,6,1,6.303975582122803
8443,2,2,1,1.46538245677948
8444,5,5,1,3.250462293624878
8445,1,1,1,10.075338363647461
8446,3,0,0,0.3026217818260193
8447,0,0,1,4.278374195098877
8448,4,3,0,2.4600284099578857
8449,1,1,1,4.75171422958374
8450,9,6,0,1.9918326139450073
8451,5,2,0,0.5382385849952698
8452,4,4,1,6.981691360473633
8453,9,9,1,7.6941609382629395
8454,2,0,0,3.788860559463501
8455,1,1,1,14.039697647094727
8456,4,4,1,3.7174665927886963
8457,2,2,1,0.949181854724884
8458,5,3,0,2.653139352798462
8459,9,9,1,4.947698593139648
8460,8,8,1,9.839508056640625
8461,7,5,0,4.303277015686035
8462,2,2,1,5.065380096435547
8463,1,9,0,0.42540243268013
8464,6,6,1,5.141353130340576
8465,9,1,0,3.9875288009643555
8466,7,7,1,0.6830736398696899
8467,3,3,1,7.361696243286133
8468,6,6,1,9.503680229187012
8469,5,3,0,3.403428554534912
8470,8,8,1,3.760612964630127
8471,0,1,0,4.6610107421875
8472,2,2,1,11.825329780578613
8473,2,9,0,-0.26933249831199646
8474,4,3,0,2.9450299739837646
8475,9,9,1,5.045397758483887
8476,0,3,0,-0.6867486238479614
8477,5,5,1,1.2480406761169434
8478,5,5,1,3.7341039180755615
8479,4,4,1,4.398351192474365
8480,2,2,1,0.1559891700744629
8481,3,3,1,2.100132703781128
8482,1,1,1,12.956547737121582
8483,0,0,1,7.6218976974487305
8484,3,6,0,3.632295608520508
8485,0,8,0,0.3924514949321747
8486,4,4,1,4.6934356689453125
8487,4,4,1,8.063680648803711
8488,9,8,0,-1.4107635021209717
8489,1,1,1,14.357478141784668
8490,3,6,0,5.013866901397705
8491,3,3,1,0.4207853078842163
8492,0,9,0,2.57828950881958
8493,2,2,1,-1.5295753479003906
8494,1,1,1,1.7812552452087402
8495,1,1,1,12.191839218139648
8496,0,0,1,9.32126522064209
8497,4,4,1,6.568741321563721
8498,1,1,1,5.713157653808594
8499,9,9,1,7.242859840393066
8500,4,0,0,2.725114583969116
8501,8,0,0,3.9365761280059814
8502,1,1,1,7.145340919494629
8503,1,1,1,6.667932510375977
8504,1,1,1,6.485793113708496
8505,5,5,1,7.555933475494385
8506,9,9,1,10.976093292236328
8507,8,0,0,11.472570419311523
8508,1,1,1,10.087785720825195
8509,6,6,1,7.468053817749023
8510,7,7,1,13.191460609436035
8511,2,2,1,3.4885289669036865
8512,9,9,1,2.660118341445923
8513,9,9,1,2.382248878479004
8514,7,5,0,3.591456174850464
8515,8,8,1,13.840764045715332
8516,8,8,1,5.527764320373535
8517,1,1,1,3.398261547088623
8518,9,9,1,2.884554386138916
8519,7,7,1,2.0516791343688965
8520,8,8,1,7.11325216293335
8521,9,8,0,2.391448974609375
8522,1,1,1,14.175354957580566
8523,6,6,1,10.205744743347168
8524,6,8,0,5.913081645965576
8525,3,1,0,-0.226402148604393
8526,3,3,1,2.670687437057495
8527,1,1,1,0.9181339740753174
8528,3,3,1,-1.9077945947647095
8529,0,0,1,2.8416826725006104
8530,8,8,1,1.0998233556747437
8531,8,1,0,3.101093053817749
8532,3,3,1,-0.8381156325340271
8533,6,7,0,2.2910406589508057
8534,6,6,1,6.674378871917725
8535,7,7,1,8.08061695098877
8536,1,1,1,5.34674596786499
8537,0,0,1,5.523764133453369
8538,7,7,1,0.515267014503479
8539,6,6,1,1.7553790807724
8540,4,6,0,-2.002781391143799
8541,8,8,1,8.143704414367676
8542,2,2,1,2.5906903743743896
8543,0,0,1,4.509688854217529
8544,6,6,1,7.813552379608154
8545,6,6,1,5.318109035491943
8546,8,8,1,6.239709854125977
8547,6,6,1,3.9387073516845703
8548,3,0,0,-0.5378379821777344
8549,1,1,1,2.8763585090637207
8550,1,1,1,9.185545921325684
8551,8,8,1,5.494134426116943
8552,6,6,1,9.572884559631348
8553,7,7,1,2.524409770965576
8554,0,0,1,1.75970458984375
8555,5,5,1,12.685707092285156
8556,4,4,1,1.6941412687301636
8557,3,3,1,3.831430196762085
8558,2,8,0,-0.8677321076393127
8559,1,1,1,3.3298749923706055
8560,7,7,1,3.251598358154297
8561,8,8,1,8.205484390258789
8562,2,2,1,3.628554344177246
8563,0,0,1,4.123011112213135
8564,1,1,1,7.878859519958496
8565,7,7,1,10.445463180541992
8566,4,0,0,2.033952236175537
8567,8,8,1,12.530104637145996
8568,7,7,1,4.473400115966797
8569,6,9,0,0.12281490117311478
8570,6,9,0,1.791236162185669
8571,7,7,1,6.869657516479492
8572,0,0,1,4.929352760314941
8573,6,0,0,4.053354740142822
8574,4,7,0,0.5323047637939453
8575,9,1,0,0.6374687552452087
8576,2,0,0,5.108089923858643
8577,3,6,0,1.9067875146865845
8578,2,2,1,5.801734924316406
8579,1,1,1,14.198775291442871
8580,3,5,0,0.20914019644260406
8581,8,8,1,0.5205702185630798
8582,6,6,1,4.79838228225708
8583,8,8,1,11.825441360473633
8584,1,0,0,4.789416790008545
8585,9,9,1,13.041131973266602
8586,6,6,1,5.155319690704346
8587,7,7,1,10.878496170043945
8588,6,4,0,3.2549660205841064
8589,5,3,0,4.297703742980957
8590,0,0,1,1.9045310020446777
8591,6,6,1,9.562104225158691
8592,0,0,1,6.937807083129883
8593,1,1,1,12.771003723144531
8594,3,3,1,5.880623817443848
8595,1,1,1,2.292389392852783
8596,1,6,0,0.7702845335006714
8597,5,5,1,3.599735975265503
8598,3,2,0,3.2486202716827393
8599,4,7,0,4.543764114379883
8600,3,3,1,0.9235647320747375
8601,3,3,1,0.23942887783050537
8602,8,8,1,9.471606254577637
8603,1,1,1,8.837254524230957
8604,6,6,1,1.4128315448760986
8605,6,6,1,9.345138549804688
8606,1,9,0,3.8208916187286377
8607,8,0,0,3.5900685787200928
8608,8,8,1,6.3749470710754395
8609,6,9,0,0.03601780906319618
8610,2,2,1,3.1864168643951416
8611,7,7,1,6.814506530761719
8612,4,4,1,1.4686256647109985
8613,6,6,1,3.3937535285949707
8614,8,8,1,4.860616207122803
8615,9,9,1,8.082172393798828
8616,3,3,1,4.510417461395264
8617,3,3,1,2.559257745742798
8618,5,5,1,3.2652089595794678
8619,5,5,1,3.989337682723999
8620,3,3,1,-0.6494320034980774
8621,1,0,0,1.5234551429748535
8622,4,4,1,8.90943431854248
8623,1,1,1,11.025824546813965
8624,9,9,1,0.9920654892921448
8625,5,3,0,3.0036208629608154
8626,1,1,1,4.858814716339111
8627,7,7,1,4.1991095542907715
8628,7,7,1,8.180200576782227
8629,7,3,0,2.1542272567749023
8630,5,5,1,6.137404441833496
8631,2,3,0,2.9002418518066406
8632,3,3,1,1.9051216840744019
8633,3,4,0,1.3991403579711914
8634,6,3,0,1.2605124711990356
8635,6,6,1,7.700874328613281
8636,6,6,1,8.292620658874512
8637,4,4,1,-0.06985002011060715
8638,0,0,1,4.032665252685547
8639,7,7,1,4.947771072387695
8640,1,1,1,10.135409355163574
8641,7,3,0,0.40040773153305054
8642,3,1,0,3.395416259765625
8643,0,0,1,11.44577407836914
8644,8,0,0,1.8767070770263672
8645,1,1,1,6.058407783508301
8646,2,2,1,-1.6072332859039307
8647,4,3,0,2.758888006210327
8648,1,1,1,15.168198585510254
8649,2,2,1,7.702739715576172
8650,2,5,0,1.3702539205551147
8651,4,7,0,0.854191243648529
8652,9,9,1,5.2406463623046875
8653,8,8,1,4.6826066970825195
8654,2,3,0,-0.0883435308933258
8655,8,8,1,9.154457092285156
8656,7,2,0,1.1334989070892334
8657,6,6,1,5.746488094329834
8658,3,2,0,3.4992177486419678
8659,4,4,1,3.3570404052734375
8660,7,7,1,5.4260382652282715
8661,2,2,1,2.8425986766815186
8662,3,3,1,2.4795289039611816
8663,1,1,1,16.87335968017578
8664,5,5,1,3.9308249950408936
8665,3,3,1,4.761246681213379
8666,0,0,1,1.8048593997955322
8667,4,7,0,2.2669003009796143
8668,3,3,1,5.602893352508545
8669,4,7,0,4.763933181762695
8670,9,9,1,5.518820762634277
8671,4,3,0,0.573436975479126
8672,7,4,0,1.1156299114227295
8673,9,9,1,6.083126544952393
8674,1,1,1,10.556748390197754
8675,7,7,1,0.9697121381759644
8676,8,0,0,5.202606678009033
8677,3,3,1,3.2658653259277344
8678,1,1,1,6.614935398101807
8679,8,8,1,4.582803249359131
8680,3,3,1,5.153619289398193
8681,2,2,1,1.7573527097702026
8682,5,5,1,0.8954211473464966
8683,7,7,1,5.587886810302734
8684,2,2,1,2.80550217628479
8685,7,7,1,5.533646106719971
8686,9,9,1,9.08695125579834
8687,6,6,1,9.066828727722168
8688,8,8,1,15.55655574798584
8689,6,6,1,8.793373107910156
8690,8,8,1,4.558452129364014
8691,6,3,0,0.8653419017791748
8692,5,5,1,5.225132465362549
8693,9,9,1,11.720717430114746
8694,0,0,1,7.381211757659912
8695,4,4,1,4.6142754554748535
8696,8,8,1,0.18019667267799377
8697,5,3,0,0.9508395195007324
8698,6,6,1,11.331263542175293
8699,4,9,0,0.5318850874900818
8700,3,6,0,1.2705693244934082
8701,8,8,1,8.196122169494629
8702,0,0,1,6.397891998291016
8703,4,4,1,0.32026129961013794
8704,8,8,1,9.337851524353027
8705,6,6,1,10.54013729095459
8706,7,7,1,10.861176490783691
8707,2,2,1,4.125702381134033
8708,7,1,0,-2.030125617980957
8709,1,1,1,6.761769771575928
8710,7,7,1,10.551156044006348
8711,4,3,0,-0.4884446859359741
8712,1,1,1,11.839553833007812
8713,2,2,1,3.3647806644439697
8714,4,4,1,1.14553701877594
8715,2,2,1,3.603602647781372
8716,2,2,1,1.0533115863800049
8717,8,8,1,11.651017189025879
8718,7,7,1,13.876738548278809
8719,2,2,1,1.1652474403381348
8720,2,8,0,0.28831788897514343
8721,6,6,1,1.0911288261413574
8722,7,7,1,2.0817720890045166
8723,5,4,0,2.6021311283111572
8724,6,6,1,7.8103132247924805
8725,8,8,1,5.3029680252075195
8726,9,9,1,0.7980084419250488
8727,9,9,1,2.8467395305633545
8728,6,3,0,1.8213378190994263
8729,5,5,1,7.612700939178467
8730,2,2,1,4.801172256469727
8731,9,1,0,3.3533847332000732
8732,8,1,0,4.9820966720581055
8733,7,7,1,7.752358436584473
8734,2,2,1,5.216957092285156
8735,3,3,1,-0.2542971074581146
8736,3,3,1,-2.4826650619506836
8737,7,7,1,3.472273826599121
8738,4,6,0,2.1403090953826904
8739,3,3,1,5.425373077392578
8740,2,2,1,3.1348674297332764
8741,1,0,0,1.6845364570617676
8742,9,9,1,5.886292934417725
8743,0,0,1,4.850840091705322
8744,1,1,1,4.990123271942139
8745,5,5,1,3.1964659690856934
8746,3,3,1,2.563800573348999
8747,2,2,1,5.55509090423584
8748,6,6,1,10.213691711425781
8749,5,5,1,-1.4371391534805298
8750,9,9,1,3.855558395385742
8751,1,3,0,-1.3398007154464722
8752,5,3,0,3.589637279510498
8753,4,7,0,6.197585105895996
8754,3,1,0,2.0967020988464355
8755,6,3,0,1.6141101121902466
8756,2,2,1,3.1971123218536377
8757,8,6,0,1.266425371170044
8758,9,9,1,0.8812613487243652
8759,7,7,1,7.447019100189209
8760,8,8,1,6.071126937866211
8761,0,0,1,3.8688809871673584
8762,8,8,1,12.585594177246094
8763,9,9,1,6.0029683113098145
8764,1,1,1,10.497177124023438
8765,2,2,1,2.188840627670288
8766,5,5,1,6.283514976501465
8767,7,7,1,6.244508266448975
8768,2,2,1,3.1241047382354736
8769,0,0,1,9.64094352722168
8770,6,6,1,8.015456199645996
8771,6,2,0,0.012642480432987213
8772,1,1,1,6.333682060241699
8773,6,6,1,2.3404734134674072
8774,3,3,1,-0.1478945016860962
8775,1,0,0,0.4781462550163269
8776,5,5,1,6.8010053634643555
8777,0,0,1,5.661352634429932
8778,3,9,0,-0.33148473501205444
8779,7,4,0,1.681970238685608
8780,4,4,1,5.0002760887146
8781,6,3,0,0.08492609858512878
8782,5,5,1,-0.8286504745483398
8783,6,6,1,1.7190008163452148
8784,4,4,1,6.230005741119385
8785,8,8,1,9.162877082824707
8786,3,3,1,1.7310181856155396
8787,4,4,1,3.699613571166992
8788,5,7,0,-0.3416528105735779
8789,5,5,1,11.098211288452148
8790,0,8,0,1.7762616872787476
8791,6,4,0,3.3829751014709473
8792,6,3,0,-0.41422349214553833
8793,7,7,1,5.515283107757568
8794,5,3,0,1.4013818502426147
8795,0,0,1,9.032918930053711
8796,9,8,0,3.495349884033203
8797,9,9,1,6.550108432769775
8798,6,6,1,1.6431852579116821
8799,1,1,1,3.8487470149993896
8800,0,0,1,3.006377935409546
8801,4,4,1,6.554323673248291
8802,6,3,0,-0.5778200030326843
8803,3,2,0,-0.5487456321716309
8804,6,0,0,2.082139253616333
8805,9,9,1,8.507237434387207
8806,3,0,0,1.3403366804122925
8807,6,0,0,0.6895656585693359
8808,6,6,1,4.97422981262207
8809,8,3,0,-0.540260374546051
8810,2,2,1,4.447566032409668
8811,1,6,0,-2.345050096511841
8812,0,0,1,6.193174362182617
8813,1,1,1,10.351275444030762
8814,9,9,1,9.077823638916016
8815,3,3,1,3.0030155181884766
8816,7,7,1,6.0019097328186035
8817,4,4,1,3.0315890312194824
8818,3,3,1,3.5347776412963867
8819,0,0,1,5.609821796417236
8820,2,2,1,5.751114845275879
8821,7,7,1,10.887429237365723
8822,6,6,1,5.795653820037842
8823,4,4,1,7.418801784515381
8824,3,3,1,0.32280030846595764
8825,0,0,1,0.07279585301876068
8826,8,8,1,5.54605770111084
8827,2,4,0,-1.1268174648284912
8828,0,3,0,0.9021756052970886
8829,0,0,1,11.772500038146973
8830,9,9,1,7.760468006134033
8831,6,6,1,6.497848033905029
8832,6,6,1,7.667396068572998
8833,6,6,1,5.394060134887695
8834,8,8,1,11.716580390930176
8835,7,8,0,-1.0501216650009155
8836,4,4,1,2.2900872230529785
8837,1,1,1,4.910134792327881
8838,8,8,1,1.9058769941329956
8839,1,1,1,6.28883695602417
8840,2,1,0,1.216011643409729
8841,2,2,1,3.7355728149414062
8842,4,3,0,3.733802080154419
8843,8,8,1,2.973395824432373
8844,5,5,1,5.7902374267578125
8845,2,2,1,1.8444856405258179
8846,6,3,0,0.8350985050201416
8847,5,4,0,5.797059059143066
8848,3,3,1,4.156439781188965
8849,9,9,1,11.218537330627441
8850,1,9,0,-0.18509060144424438
8851,0,0,1,3.800859212875366
8852,7,7,1,8.480104446411133
8853,2,2,1,3.785193920135498
8854,4,4,1,3.8832168579101562
8855,4,4,1,3.4994587898254395
8856,0,0,1,9.713390350341797
8857,0,0,1,7.485785484313965
8858,6,6,1,3.451897144317627
8859,2,2,1,10.809701919555664
8860,2,2,1,4.066475868225098
8861,4,9,0,0.12133625894784927
8862,0,0,1,5.560422420501709
8863,5,5,1,5.288431167602539
8864,9,9,1,11.538578987121582
8865,7,4,0,7.350315093994141
8866,1,1,1,1.4890352487564087
8867,8,8,1,3.4710395336151123
8868,4,6,0,-1.0907291173934937
8869,5,7,0,3.571457862854004
8870,5,5,1,3.1626083850860596
8871,9,9,1,6.805433750152588
8872,8,2,0,0.06353381276130676
8873,5,5,1,3.0657002925872803
8874,7,3,0,1.1421457529067993
8875,8,1,0,3.5866432189941406
8876,0,0,1,5.971693992614746
8877,9,1,0,11.359408378601074
8878,8,8,1,4.477222919464111
8879,9,9,1,12.330657005310059
8880,1,1,1,5.1814045906066895
8881,6,1,0,0.566659688949585
8882,3,3,1,-0.2532714009284973
8883,8,8,1,2.694077730178833
8884,0,0,1,5.156247615814209
8885,3,3,1,2.955202341079712
8886,4,1,0,-2.0149807929992676
8887,4,4,1,4.857919216156006
8888,8,8,1,10.836852073669434
8889,4,4,1,6.2340826988220215
8890,8,8,1,7.665292739868164
8891,9,1,0,2.2600433826446533
8892,8,8,1,8.505955696105957
8893,6,3,0,2.5659964084625244
8894,0,0,1,3.2266480922698975
8895,0,0,1,2.75980544090271
8896,8,1,0,2.852322578430176
8897,2,2,1,5.647829532623291
8898,7,7,1,5.438988208770752
8899,4,3,0,1.6876877546310425
8900,2,2,1,3.0196621417999268
8901,5,5,1,8.175567626953125
8902,6,6,1,0.6341498494148254
8903,0,0,1,6.15464973449707
8904,5,5,1,10.590055465698242
8905,8,8,1,12.296971321105957
8906,4,4,1,-0.4960935115814209
8907,1,1,1,8.308764457702637
8908,9,9,1,4.474663734436035
8909,0,0,1,11.36645793914795
8910,1,1,1,6.553512096405029
8911,4,4,1,5.723001480102539
8912,4,7,0,2.3695240020751953
8913,8,8,1,16.208511352539062
8914,4,4,1,2.988342761993408
8915,9,9,1,8.352066040039062
8916,6,6,1,10.066386222839355
8917,0,0,1,2.3506312370300293
8918,7,7,1,2.747744560241699
8919,7,7,1,0.5534307956695557
8920,6,3,0,2.9563400745391846
8921,8,8,1,5.880357265472412
8922,9,9,1,3.020427942276001
8923,6,0,0,-0.08387601375579834
8924,2,2,1,3.953725814819336
8925,0,2,0,1.6581416130065918
8926,4,4,1,7.2302141189575195
8927,9,2,0,0.7530031204223633
8928,4,2,0,1.3937063217163086
8929,9,9,1,9.356505393981934
8930,3,3,1,1.7811245918273926
8931,9,9,1,13.813826560974121
8932,6,9,0,0.4765900671482086
8933,6,6,1,1.6222772598266602
8934,7,7,1,8.097175598144531
8935,0,0,1,11.812702178955078
8936,9,9,1,0.49483802914619446
8937,7,7,1,8.10213565826416
8938,1,1,1,0.9657269716262817
8939,8,8,1,-0.9847866892814636
8940,6,6,1,3.33146333694458
8941,0,0,1,2.2263896465301514
8942,6,6,1,3.7337145805358887
8943,7,5,0,-0.6026203036308289
8944,4,0,0,-0.6453312635421753
8945,1,1,1,17.12978744506836
8946,9,9,1,6.944840431213379
8947,4,4,1,4.040063381195068
8948,6,6,1,3.738424777984619
8949,7,7,1,9.636516571044922
8950,9,9,1,9.008164405822754
8951,8,8,1,12.62399673461914
8952,3,3,1,0.3531263470649719
8953,9,9,1,9.9070463180542
8954,2,2,1,7.557225227355957
8955,1,1,1,6.470984935760498
8956,2,2,1,1.317354440689087
8957,7,7,1,4.30587100982666
8958,6,6,1,5.455857753753662
8959,1,1,1,4.76912260055542
8960,0,0,1,3.7813708782196045
8961,0,0,1,9.776169776916504
8962,5,5,1,2.782579183578491
8963,6,6,1,3.675196409225464
8964,0,0,1,1.3496942520141602
8965,4,4,1,7.4308648109436035
8966,3,5,0,-0.1385314166545868
8967,2,3,0,2.0591700077056885
8968,8,8,1,5.291710376739502
8969,8,8,1,3.0624635219573975
8970,0,0,1,7.708234786987305
8971,6,6,1,7.155788898468018
8972,9,3,0,0.1083168089389801
8973,5,5,1,5.453359603881836
8974,2,2,1,7.189028739929199
8975,8,8,1,16.90791130065918
8976,7,7,1,1.6972407102584839
8977,0,0,1,0.3422592282295227
8978,6,6,1,7.577980995178223
8979,5,5,1,10.933453559875488
8980,9,9,1,2.9637815952301025
8981,7,7,1,4.686761856079102
8982,2,2,1,5.39497709274292
8983,3,2,0,-1.582295536994934
8984,6,4,0,0.22309273481369019
8985,9,9,1,1.930803894996643
8986,6,1,0,3.8556437492370605
8987,2,2,1,2.6293516159057617
8988,2,2,1,8.569620132446289
8989,4,4,1,9.282973289489746
8990,1,1,1,1.7488532066345215
8991,0,0,1,1.412609577178955
8992,5,5,1,5.536402702331543
8993,0,1,0,0.7516908645629883
8994,8,8,1,15.323871612548828
8995,9,9,1,9.418073654174805
8996,3,3,1,1.4012008905410767
8997,5,3,0,-0.14081060886383057
8998,9,9,1,10.781740188598633
8999,3,3,1,5.419411659240723
9000,8,8,1,2.0775463581085205
9001,1,1,1,12.432357788085938
9002,6,4,0,2.3767776489257812
9003,3,3,1,2.801098585128784
9004,7,7,1,9.446821212768555
9005,5,5,1,4.781290054321289
9006,6,9,0,0.3240237236022949
9007,2,2,1,6.002525329589844
9008,0,0,1,3.472562313079834
9009,2,2,1,3.426023244857788
9010,8,8,1,1.1666909456253052
9011,2,2,1,5.346500396728516
9012,8,1,0,2.917724132537842
9013,7,7,1,5.904191493988037
9014,7,7,1,8.270219802856445
9015,8,0,0,2.5027618408203125
9016,1,1,1,11.966745376586914
9017,0,0,1,5.231415271759033
9018,8,1,0,0.16070149838924408
9019,9,9,1,9.530425071716309
9020,7,7,1,5.9018635749816895
9021,0,0,1,3.233548164367676
9022,3,3,1,0.5279034972190857
9023,8,8,1,6.282010555267334
9024,0,0,1,7.188509464263916
9025,5,5,1,0.46912989020347595
9026,9,0,0,3.8944289684295654
9027,5,3,0,0.5374554395675659
9028,8,8,1,6.261508464813232
9029,4,6,0,0.9379223585128784
9030,2,2,1,5.667078971862793
9031,0,0,1,-0.08058051764965057
9032,9,9,1,11.194067001342773
9033,2,2,1,1.570070743560791
9034,2,2,1,1.5954174995422363
9035,4,1,0,0.23190176486968994
9036,4,7,0,6.709466457366943
9037,9,9,1,11.740623474121094
9038,2,2,1,4.733043670654297
9039,2,6,0,5.377153396606445
9040,2,5,0,1.8805687427520752
9041,5,5,1,0.6100063920021057
9042,1,1,1,6.561415672302246
9043,3,3,1,4.2631731033325195
9044,2,2,1,7.598932266235352
9045,0,0,1,10.562295913696289
9046,0,0,1,4.495031356811523
9047,4,4,1,6.664294242858887
9048,0,9,0,3.799938201904297
9049,6,6,1,7.6303253173828125
9050,5,5,1,6.8661909103393555
9051,8,8,1,16.20791244506836
9052,0,0,1,5.420413494110107
9053,5,5,1,2.1328797340393066
9054,8,8,1,10.937294960021973
9055,6,6,1,11.611014366149902
9056,4,4,1,6.253117561340332
9057,8,8,1,5.789727687835693
9058,5,5,1,6.023839950561523
9059,2,3,0,2.063509702682495
9060,9,9,1,7.471303462982178
9061,7,2,0,0.5808219909667969
9062,9,9,1,8.137672424316406
9063,7,7,1,12.957866668701172
9064,1,9,0,4.964275360107422
9065,0,4,0,0.717630922794342
9066,1,1,1,10.180235862731934
9067,9,9,1,3.6258437633514404
9068,6,6,1,3.840555429458618
9069,9,9,1,4.246678829193115
9070,2,2,1,1.2209457159042358
9071,7,9,0,1.193855881690979
9072,9,9,1,5.16254186630249
9073,4,4,1,0.14970627427101135
9074,4,4,1,2.343522071838379
9075,0,0,1,8.002424240112305
9076,6,4,0,1.7353516817092896
9077,2,2,1,3.8817098140716553
9078,4,4,1,5.430814743041992
9079,1,1,1,9.86060619354248
9080,3,1,0,0.8740240931510925
9081,7,7,1,11.84299087524414
9082,2,3,0,0.47886747121810913
9083,8,8,1,5.427662372589111
9084,5,5,1,4.833837985992432
9085,9,8,0,2.507206678390503
9086,0,0,1,3.81219220161438
9087,3,3,1,4.604153633117676
9088,2,3,0,1.184468150138855
9089,3,3,1,3.949381113052368
9090,2,2,1,1.9681270122528076
9091,7,7,1,11.917570114135742
9092,6,6,1,13.045477867126465
9093,3,5,0,2.540858030319214
9094,2,2,1,3.2973105907440186
9095,5,5,1,3.5228302478790283
9096,9,9,1,5.732126235961914
9097,0,0,1,1.9090455770492554
9098,5,3,0,0.6160709857940674
9099,9,9,1,7.083279609680176
9100,9,9,1,10.475353240966797
9101,8,8,1,9.235363960266113
9102,7,4,0,6.793529987335205
9103,7,4,0,2.1294667720794678
9104,4,4,1,7.308412075042725
9105,8,8,1,8.665777206420898
9106,6,2,0,0.31199517846107483
9107,5,5,1,3.808135986328125
9108,2,2,1,2.4171407222747803
9109,3,3,1,8.933696746826172
9110,1,1,1,2.667375087738037
9111,0,0,1,10.50888442993164
9112,4,4,1,10.405512809753418
9113,1,0,0,1.705724835395813
9114,8,3,0,1.370151162147522
9115,8,8,1,13.50942325592041
9116,4,4,1,2.611917734146118
9117,9,9,1,9.397422790527344
9118,4,4,1,2.683570384979248
9119,4,5,0,1.204898715019226
9120,3,3,1,1.7817567586898804
9121,3,3,1,2.729767084121704
9122,9,1,0,1.3818551301956177
9123,2,2,1,2.0248863697052
9124,0,0,1,6.5475077629089355
9125,1,1,1,11.278098106384277
9126,1,1,1,3.46567964553833
9127,8,8,1,7.21384859085083
9128,4,4,1,8.425384521484375
9129,4,2,0,4.378397464752197
9130,8,8,1,11.647608757019043
9131,3,3,1,3.4933300018310547
9132,2,6,0,4.547216415405273
9133,9,9,1,3.645073890686035
9134,5,5,1,7.6724982261657715
9135,7,7,1,8.58304500579834
9136,6,6,1,14.539534568786621
9137,2,0,0,1.535037636756897
9138,5,3,0,-0.18562331795692444
9139,4,1,0,4.341451168060303
9140,7,7,1,4.369976043701172
9141,3,3,1,6.8860273361206055
9142,3,3,1,3.372828722000122
9143,9,1,0,2.0109903812408447
9144,0,0,1,7.7274274826049805
9145,1,9,0,5.581418991088867
9146,5,5,1,12.640185356140137
9147,9,9,1,4.756455421447754
9148,3,2,0,-0.44212689995765686
9149,7,7,1,1.264390468597412
9150,6,6,1,6.007036209106445
9151,0,0,1,8.730207443237305
9152,4,4,1,11.799506187438965
9153,2,0,0,6.002870559692383
9154,2,2,1,1.3790075778961182
9155,5,5,1,14.340786933898926
9156,6,6,1,7.874837875366211
9157,3,3,1,5.924910545349121
9158,8,8,1,7.925017356872559
9159,9,5,0,1.9191551208496094
9160,5,3,0,-2.6815993785858154
9161,6,6,1,1.0632030963897705
9162,1,1,1,8.00870132446289
9163,4,4,1,6.88346529006958
9164,5,4,0,1.0156279802322388
9165,4,1,0,2.2415716648101807
9166,6,6,1,12.366235733032227
9167,7,7,1,3.6806352138519287
9168,2,2,1,5.9204206466674805
9169,1,0,0,4.937867164611816
9170,0,9,0,4.99459171295166
9171,2,2,1,0.44923797249794006
9172,0,0,1,10.861106872558594
9173,4,4,1,3.19173526763916
9174,9,2,0,0.47109708189964294
9175,8,0,0,4.858493804931641
9176,8,4,0,3.7622087001800537
9177,9,9,1,6.440948486328125
9178,1,1,1,7.188655376434326
9179,1,1,1,11.189406394958496
9180,5,2,0,-1.0023810863494873
9181,0,0,1,14.417527198791504
9182,0,3,0,0.14430803060531616
9183,8,8,1,4.265932559967041
9184,7,4,0,0.29508844017982483
9185,1,1,1,0.9531287550926208
9186,7,7,1,1.1350127458572388
9187,4,4,1,5.6509833335876465
9188,5,3,0,-0.39793893694877625
9189,4,3,0,2.388775587081909
9190,3,3,1,1.2689794301986694
9191,3,4,0,1.259626030921936
9192,2,2,1,4.272285461425781
9193,0,0,1,4.924789905548096
9194,6,6,1,10.338748931884766
9195,6,6,1,8.543794631958008
9196,0,3,0,2.6265804767608643
9197,1,1,1,17.244606018066406
9198,3,1,0,-0.7041595578193665
9199,9,9,1,8.958233833312988
9200,8,8,1,9.61899471282959
9201,3,4,0,1.9741590023040771
9202,7,7,1,10.370588302612305
9203,8,8,1,10.644377708435059
9204,9,9,1,4.677487850189209
9205,4,4,1,8.250944137573242
9206,8,8,1,10.987032890319824
9207,9,9,1,4.838048934936523
9208,0,1,0,5.326781749725342
9209,9,1,0,4.995593547821045
9210,7,7,1,6.0088210105896
9211,1,1,1,8.079193115234375
9212,6,6,1,8.792799949645996
9213,2,2,1,3.703207492828369
9214,9,9,1,1.1816855669021606
9215,5,5,1,4.535948753356934
9216,6,3,0,-0.06798911094665527
9217,9,0,0,1.6655051708221436
9218,3,5,0,2.6988086700439453
9219,9,9,1,-0.12552517652511597
9220,8,0,0,7.809641361236572
9221,7,7,1,4.5600433349609375
9222,7,3,0,1.507421851158142
9223,1,1,1,5.1769022941589355
9224,6,6,1,11.533692359924316
9225,5,3,0,-0.6085187196731567
9226,3,3,1,3.643728256225586
9227,1,9,0,12.683609008789062
9228,3,3,1,3.0548746585845947
9229,1,1,1,4.095074653625488
9230,2,2,1,0.7489176988601685
9231,7,8,0,3.305873155593872
9232,1,1,1,4.952412128448486
9233,8,8,1,8.906203269958496
9234,2,2,1,8.122651100158691
9235,0,0,1,-0.43754664063453674
9236,9,9,1,5.724459648132324
9237,7,3,0,2.685675859451294
9238,9,9,1,1.1124051809310913
9239,8,8,1,2.7628142833709717
9240,8,8,1,12.14571762084961
9241,6,1,0,1.064685344696045
9242,7,7,1,5.979316711425781
9243,3,3,1,4.384081840515137
9244,7,7,1,12.70047378540039
9245,1,1,1,0.85443115234375
9246,3,3,1,0.7239808440208435
9247,9,9,1,10.273764610290527
9248,0,0,1,6.600489616394043
9249,9,9,1,11.958138465881348
9250,3,3,1,4.723747730255127
9251,6,3,0,-0.12872539460659027
9252,7,1,0,0.3987196087837219
9253,2,2,1,6.566211700439453
9254,7,3,0,3.8589394092559814
9255,3,3,1,2.029273748397827
9256,0,0,1,6.214288234710693
9257,5,3,0,1.1088026762008667
9258,9,9,1,5.281908988952637
9259,7,7,1,3.7493882179260254
9260,5,3,0,3.788039445877075
9261,5,5,1,11.022599220275879
9262,0,2,0,1.0963695049285889
9263,6,6,1,9.147624015808105
9264,5,5,1,7.569785118103027
9265,1,1,1,8.420615196228027
9266,8,8,1,9.755196571350098
9267,2,6,0,1.0897256135940552
9268,7,9,0,-1.3431909084320068
9269,5,0,0,2.226522207260132
9270,9,9,1,5.640108585357666
9271,0,0,1,5.370615482330322
9272,0,0,1,7.1287522315979
9273,0,0,1,1.595977544784546
9274,8,8,1,3.7031586170196533
9275,8,8,1,3.1902666091918945
9276,7,7,1,0.8884084224700928
9277,3,3,1,2.5278074741363525
9278,7,4,0,0.3975098133087158
9279,8,8,1,8.973692893981934
9280,9,9,1,1.8858288526535034
9281,3,2,0,-0.6906465888023376
9282,7,7,1,5.108382701873779
9283,9,9,1,11.28034782409668
9284,7,7,1,1.143896222114563
9285,8,0,0,4.799315929412842
9286,7,7,1,5.3739013671875
9287,9,9,1,6.623999118804932
9288,8,8,1,1.6756521463394165
9289,5,3,0,2.167884111404419
9290,4,4,1,8.851447105407715
9291,8,0,0,4.072992324829102
9292,3,0,0,3.5318922996520996
9293,7,7,1,6.81711483001709
9294,6,6,1,0.9340165853500366
9295,3,1,0,0.36256998777389526
9296,8,8,1,6.485144138336182
9297,2,2,1,7.744915008544922
9298,1,1,1,5.456517696380615
9299,9,9,1,2.573347330093384
9300,5,4,0,1.7038377523422241
9301,7,2,0,1.2092618942260742
9302,3,3,1,2.690481424331665
9303,9,1,0,11.83249568939209
9304,5,2,0,-0.015971358865499496
9305,5,0,0,-2.471492290496826
9306,8,3,0,0.9041678309440613
9307,7,7,1,9.831514358520508
9308,3,3,1,3.955279588699341
9309,5,3,0,2.3344202041625977
9310,3,3,1,8.516260147094727
9311,5,3,0,1.9689103364944458
9312,9,9,1,5.6814284324646
9313,7,7,1,6.673639297485352
9314,6,3,0,3.4764480590820312
9315,7,7,1,-1.250576376914978
9316,3,3,1,6.64353084564209
9317,6,2,0,-1.849852442741394
9318,4,4,1,6.396289825439453
9319,3,5,0,4.178417205810547
9320,9,9,1,2.049626350402832
9321,4,4,1,11.123998641967773
9322,2,3,0,0.32911255955696106
9323,1,1,1,10.39373779296875
9324,9,9,1,9.968053817749023
9325,6,3,0,0.9065102338790894
9326,0,0,1,13.98572063446045
9327,2,2,1,6.1317524909973145
9328,6,6,1,8.517537117004395
9329,7,7,1,8.061538696289062
9330,4,4,1,2.7116129398345947
9331,7,7,1,13.3084716796875
9332,9,9,1,11.339669227600098
9333,0,0,1,4.74250602722168
9334,7,7,1,7.901525974273682
9335,4,4,1,8.211301803588867
9336,3,3,1,4.708953857421875
9337,5,5,1,1.2499299049377441
9338,3,2,0,0.6755282878875732
9339,1,1,1,2.628350257873535
9340,1,1,1,6.746032238006592
9341,2,0,0,-2.6060450077056885
9342,6,6,1,8.766976356506348
9343,8,8,1,7.339005947113037
9344,2,2,1,3.1770641803741455
9345,1,9,0,7.1862969398498535
9346,7,7,1,1.7175283432006836
9347,8,0,0,3.1249940395355225
9348,5,5,1,7.139812469482422
9349,9,8,0,2.9618046283721924
9350,6,6,1,1.030416488647461
9351,1,1,1,9.870888710021973
9352,1,1,1,8.665864944458008
9353,5,5,1,1.2917221784591675
9354,0,0,1,6.233087539672852
9355,6,6,1,4.7103681564331055
9356,0,0,1,10.424142837524414
9357,9,1,0,4.093961238861084
9358,2,2,1,9.463096618652344
9359,6,0,0,0.2903938889503479
9360,5,0,0,2.7093429565429688
9361,8,6,0,1.6418681144714355
9362,9,0,0,0.7235550880432129
9363,5,3,0,-1.16256582736969
9364,5,5,1,4.851833820343018
9365,6,6,1,2.8246989250183105
9366,2,2,1,2.730780839920044
9367,9,9,1,6.286350727081299
9368,1,1,1,2.1288933753967285
9369,5,4,0,0.5076242089271545
9370,8,1,0,5.305262565612793
9371,8,3,0,-0.07198923826217651
9372,7,7,1,8.81921100616455
9373,1,1,1,13.10668659210205
9374,7,7,1,6.184744834899902
9375,3,4,0,2.0074126720428467
9376,5,2,0,1.018833875656128
9377,4,4,1,8.77057933807373
9378,9,9,1,5.503260135650635
9379,7,7,1,2.5327651500701904
9380,5,5,1,5.158495903015137
9381,2,2,1,5.13970947265625
9382,9,9,1,1.4313936233520508
9383,9,8,0,1.0216329097747803
9384,4,1,0,4.138690948486328
9385,7,3,0,-1.0562130212783813
9386,4,2,0,4.7061262130737305
9387,1,1,1,9.887889862060547
9388,3,3,1,7.607560157775879
9389,8,8,1,10.165862083435059
9390,7,7,1,10.151424407958984
9391,9,9,1,12.9815673828125
9392,0,0,1,9.722780227661133
9393,4,3,0,-1.2427581548690796
9394,5,3,0,1.5111256837844849
9395,7,7,1,0.9116931557655334
9396,5,5,1,9.286332130432129
9397,2,2,1,6.267007827758789
9398,8,9,0,0.408075749874115
9399,7,7,1,11.089471817016602
9400,6,2,0,-0.3473761975765228
9401,9,9,1,2.6041972637176514
9402,6,6,1,-0.013699157163500786
9403,9,9,1,3.046558141708374
9404,3,0,0,1.096358299255371
9405,8,8,1,10.41722297668457
9406,5,2,0,0.8105553388595581
9407,6,6,1,2.5391018390655518
9408,6,1,0,-0.5600084066390991
9409,9,9,1,7.188691139221191
9410,5,0,0,-0.5799047946929932
9411,7,7,1,7.487946033477783
9412,8,6,0,-0.7353779077529907
9413,0,0,1,14.326662063598633
9414,5,7,0,1.6491501331329346
9415,0,0,1,3.761559247970581
9416,7,4,0,6.302248477935791
9417,4,4,1,2.4978415966033936
9418,8,8,1,0.9821721911430359
9419,2,3,0,2.696500539779663
9420,5,5,1,3.9908246994018555
9421,1,1,1,2.803884983062744
9422,3,3,1,0.5842941403388977
9423,2,2,1,0.32004114985466003
9424,2,2,1,6.8127522468566895
9425,6,2,0,1.1158905029296875
9426,2,2,1,3.333307981491089
9427,1,1,1,16.11896514892578
9428,7,0,0,-0.8470652103424072
9429,4,4,1,2.112881660461426
9430,6,4,0,1.3850237131118774
9431,3,3,1,1.6254221200942993
9432,1,1,1,7.416769504547119
9433,3,3,1,5.705292701721191
9434,7,7,1,3.832207441329956
9435,2,5,0,4.751834392547607
9436,1,2,0,-0.2418426275253296
9437,3,3,1,3.923626184463501
9438,7,7,1,4.8354082107543945
9439,0,0,1,3.439162492752075
9440,8,9,0,-0.13443845510482788
9441,4,4,1,-0.2190975546836853
9442,4,4,1,1.8803640604019165
9443,5,2,0,1.740511178970337
9444,7,7,1,1.2002581357955933
9445,9,9,1,0.1589808464050293
9446,5,5,1,3.8690667152404785
9447,4,4,1,9.398178100585938
9448,3,5,0,0.96196448802948
9449,9,1,0,5.360678195953369
9450,6,6,1,8.416519165039062
9451,8,0,0,5.898148059844971
9452,2,2,1,2.252387762069702
9453,3,3,1,7.850103378295898
9454,3,3,1,6.843845367431641
9455,1,1,1,5.013185977935791
9456,6,6,1,9.421658515930176
9457,1,9,0,4.955491542816162
9458,7,7,1,14.389618873596191
9459,0,0,1,2.8442542552948
9460,3,3,1,5.2868571281433105
9461,4,6,0,0.1910221129655838
9462,2,0,0,0.09339621663093567
9463,9,1,0,7.039400577545166
9464,4,4,1,5.6622490882873535
9465,5,4,0,3.3711531162261963
9466,8,3,0,0.8052486181259155
9467,2,7,0,3.6906356811523438
9468,7,7,1,2.758383274078369
9469,0,0,1,9.800678253173828
9470,9,9,1,11.173738479614258
9471,6,6,1,0.8438035249710083
9472,8,0,0,2.0463192462921143
9473,0,0,1,9.852226257324219
9474,8,8,1,10.232562065124512
9475,2,2,1,8.639753341674805
9476,8,8,1,9.751111030578613
9477,5,1,0,4.981705665588379
9478,7,7,1,11.563607215881348
9479,7,7,1,5.541055679321289
9480,2,2,1,7.376633167266846
9481,2,2,1,5.083339691162109
9482,0,0,1,5.1230034828186035
9483,0,0,1,3.6581034660339355
9484,0,1,0,0.8966134190559387
9485,7,7,1,4.290339946746826
9486,4,4,1,3.991135597229004
9487,1,1,1,18.981372833251953
9488,6,9,0,-0.8551214933395386
9489,6,6,1,4.997359275817871
9490,8,8,1,10.000252723693848
9491,8,8,1,11.599431991577148
9492,9,9,1,5.12379789352417
9493,0,0,1,11.307519912719727
9494,9,9,1,7.580249309539795
9495,0,2,0,1.3455164432525635
9496,1,9,0,3.624357223510742
9497,3,4,0,0.833021342754364
9498,3,3,1,2.11519455909729
9499,0,0,1,11.401487350463867
9500,9,9,1,3.332029342651367
9501,6,2,0,1.4582293033599854
9502,6,6,1,6.510129451751709
9503,2,4,0,1.9130908250808716
9504,6,6,1,1.0289369821548462
9505,3,3,1,2.3205361366271973
9506,4,1,0,6.188299655914307
9507,0,8,0,2.3353095054626465
9508,8,0,0,2.750408887863159
9509,4,1,0,0.4836943447589874
9510,1,9,0,4.538270950317383
9511,4,4,1,9.379271507263184
9512,0,0,1,4.508162975311279
9513,6,6,1,2.438612461090088
9514,5,3,0,-1.739856243133545
9515,0,0,1,7.642788410186768
9516,9,9,1,5.305329322814941
9517,9,9,1,2.193557024002075
9518,9,1,0,8.85916519165039
9519,9,9,1,5.347626686096191
9520,1,1,1,1.0694258213043213
9521,2,7,0,1.6507421731948853
9522,3,3,1,1.081838607788086
9523,5,7,0,0.9475230574607849
9524,4,4,1,10.782944679260254
9525,2,2,1,3.226783037185669
9526,9,8,0,2.463003158569336
9527,6,6,1,1.5831542015075684
9528,0,0,1,-0.27901768684387207
9529,9,9,1,4.160923957824707
9530,6,6,1,9.038497924804688
9531,6,2,0,-1.7514305114746094
9532,8,8,1,6.842427730560303
9533,0,0,1,4.705668926239014
9534,6,6,1,12.73490047454834
9535,1,9,0,0.4083302319049835
9536,4,4,1,3.3164029121398926
9537,6,6,1,12.285564422607422
9538,8,1,0,4.207962989807129
9539,0,0,1,9.782358169555664
9540,5,5,1,10.33584976196289
9541,4,4,1,6.888953685760498
9542,1,9,0,1.1015702486038208
9543,2,2,1,10.042561531066895
9544,0,0,1,2.1690969467163086
9545,9,9,1,12.278179168701172
9546,6,6,1,6.20719575881958
9547,4,4,1,5.822704792022705
9548,2,3,0,2.064910888671875
9549,4,4,1,9.762896537780762
9550,6,6,1,10.990737915039062
9551,5,0,0,1.5964514017105103
9552,9,9,1,13.607748031616211
9553,7,7,1,5.965248107910156
9554,7,7,1,13.916868209838867
9555,4,4,1,2.489483594894409
9556,6,6,1,6.558674335479736
9557,5,4,0,0.8459122776985168
9558,0,0,1,7.559996128082275
9559,1,1,1,3.5432281494140625
9560,9,0,0,0.7909285426139832
9561,0,0,1,6.46442174911499
9562,3,3,1,4.087390899658203
9563,1,4,0,-0.42666253447532654
9564,9,9,1,8.830318450927734
9565,0,0,1,7.438237190246582
9566,9,9,1,11.070028305053711
9567,7,7,1,4.648252964019775
9568,8,8,1,10.339903831481934
9569,6,4,0,0.46591269969940186
9570,7,7,1,0.028580181300640106
9571,6,0,0,2.9497478008270264
9572,8,8,1,13.32012939453125
9573,2,5,0,0.04693760350346565
9574,4,4,1,7.7526326179504395
9575,5,5,1,5.052600860595703
9576,3,1,0,1.8890647888183594
9577,0,0,1,6.862720489501953
9578,3,1,0,-0.6703422665596008
9579,2,3,0,1.2130898237228394
9580,1,1,1,6.0992207527160645
9581,7,7,1,9.429719924926758
9582,5,5,1,8.073872566223145
9583,9,8,0,1.6655633449554443
9584,3,6,0,4.502773761749268
9585,4,4,1,4.886535167694092
9586,5,3,0,5.365111351013184
9587,7,3,0,0.915404736995697
9588,1,1,1,3.2800848484039307
9589,5,5,1,9.830466270446777
9590,0,0,1,1.587388515472412
9591,1,1,1,13.373160362243652
9592,1,1,1,12.863272666931152
9593,1,1,1,4.0549821853637695
9594,9,9,1,4.831075668334961
9595,7,7,1,0.4558323621749878
9596,5,5,1,9.430838584899902
9597,4,4,1,3.0917367935180664
9598,9,9,1,7.160674571990967
9599,7,7,1,11.660089492797852
9600,8,8,1,14.441679954528809
9601,1,1,1,4.905358791351318
9602,0,0,1,2.3298401832580566
9603,2,2,1,1.3569605350494385
9604,8,8,1,8.260554313659668
9605,5,5,1,2.430976390838623
9606,6,6,1,1.46185302734375
9607,7,7,1,4.769075393676758
9608,0,0,1,4.922513008117676
9609,1,2,0,-0.7716694474220276
9610,4,4,1,0.9848931431770325
9611,8,8,1,8.792230606079102
9612,4,4,1,5.955258846282959
9613,4,4,1,8.135207176208496
9614,6,6,1,13.897529602050781
9615,6,6,1,7.416049480438232
9616,5,4,0,3.136305809020996
9617,8,8,1,10.012202262878418
9618,1,1,1,5.641535758972168
9619,8,8,1,12.973346710205078
9620,4,4,1,-0.25995326042175293
9621,6,4,0,1.9953590631484985
9622,5,2,0,-0.40788009762763977
9623,9,9,1,8.340840339660645
9624,2,6,0,1.7469033002853394
9625,2,2,1,7.504151344299316
9626,1,1,1,7.6375412940979
9627,4,4,1,1.460728406906128
9628,9,9,1,8.7470121383667
9629,1,1,1,4.74979829788208
9630,6,6,1,8.067654609680176
9631,7,7,1,6.120233058929443
9632,2,2,1,6.286104679107666
9633,0,0,1,3.258364200592041
9634,1,8,0,2.345064640045166
9635,7,4,0,0.5692313313484192
9636,6,6,1,1.0905030965805054
9637,5,5,1,2.812798261642456
9638,2,2,1,10.423318862915039
9639,2,2,1,1.9027081727981567
9640,5,2,0,-0.008043047040700912
9641,6,6,1,-0.35691243410110474
9642,0,0,1,7.318390369415283
9643,9,8,0,5.109735012054443
9644,0,0,1,3.710155725479126
9645,1,1,1,15.670780181884766
9646,5,3,0,0.8372679948806763
9647,3,3,1,3.5011303424835205
9648,3,3,1,0.5133665800094604
9649,5,5,1,10.07906436920166
9650,8,8,1,11.002330780029297
9651,7,7,1,12.1434326171875
9652,5,6,0,1.5193113088607788
9653,6,6,1,3.751499891281128
9654,5,5,1,4.12990140914917
9655,8,8,1,15.922234535217285
9656,0,0,1,4.413938045501709
9657,5,2,0,-1.2422622442245483
9658,9,9,1,10.572797775268555
9659,4,4,1,0.8624818921089172
9660,6,6,1,1.289105772972107
9661,5,3,0,-0.22432255744934082
9662,1,1,1,10.900872230529785
9663,1,1,1,13.117093086242676
9664,0,0,1,4.884286403656006
9665,3,1,0,-0.5336539149284363
9666,3,3,1,3.6805970668792725
9667,9,9,1,9.270143508911133
9668,4,7,0,3.58744215965271
9669,8,8,1,6.738152503967285
9670,1,1,1,7.384524822235107
9671,7,7,1,-0.7697129249572754
9672,7,7,1,8.486710548400879
9673,9,9,1,10.866203308105469
9674,9,3,0,0.37237465381622314
9675,4,4,1,4.097712993621826
9676,3,2,0,0.580706000328064
9677,6,6,1,9.18820571899414
9678,3,0,0,0.6204327344894409
9679,2,2,1,2.0050442218780518
9680,8,1,0,1.9464892148971558
9681,2,2,1,2.3337230682373047
9682,7,7,1,1.6153210401535034
9683,6,6,1,5.626332759857178
9684,7,7,1,13.188570022583008
9685,0,0,1,6.6230149269104
9686,2,3,0,-0.19788432121276855
9687,1,1,1,7.510500907897949
9688,2,2,1,2.2886078357696533
9689,9,1,0,6.371520042419434
9690,4,4,1,6.588732719421387
9691,6,6,1,6.758485317230225
9692,9,9,1,6.588027000427246
9693,6,5,0,2.1625046730041504
9694,1,1,1,2.2546324729919434
9695,0,0,1,7.467810153961182
9696,1,1,1,15.847023010253906
9697,8,8,1,9.683713912963867
9698,7,7,1,9.920050621032715
9699,0,1,0,-0.6031006574630737
9700,0,0,1,7.130298137664795
9701,4,4,1,10.551976203918457
9702,7,7,1,11.808279991149902
9703,4,4,1,9.813082695007324
9704,2,1,0,0.20150341093540192
9705,6,6,1,7.7362847328186035
9706,9,9,1,1.8750241994857788
9707,5,7,0,2.0293102264404297
9708,9,1,0,0.4567481577396393
9709,0,0,1,1.4021906852722168
9710,7,7,1,3.9023349285125732
9711,4,4,1,9.930839538574219
9712,5,5,1,7.8957929611206055
9713,8,8,1,9.489014625549316
9714,1,1,1,10.135590553283691
9715,4,4,1,0.6739399433135986
9716,7,7,1,3.7403037548065186
9717,9,9,1,6.536893367767334
9718,9,9,1,5.018960475921631
9719,8,8,1,4.013549327850342
9720,8,8,1,6.891768455505371
9721,6,3,0,-0.057909730821847916
9722,3,3,1,3.5052688121795654
9723,7,7,1,3.509084701538086
9724,0,0,1,2.2343952655792236
9725,8,8,1,7.680141925811768
9726,9,9,1,8.61977767944336
9727,6,6,1,5.849046230316162
9728,2,2,1,6.125986099243164
9729,4,4,1,3.480708599090576
9730,6,6,1,-0.007796270772814751
9731,2,1,0,4.795420169830322
9732,9,9,1,3.1403520107269287
9733,7,7,1,3.8813695907592773
9734,4,4,1,1.900312900543213
9735,6,6,1,0.2636944055557251
9736,8,0,0,1.8248836994171143
9737,5,9,0,1.8798719644546509
9738,6,4,0,2.2677555084228516
9739,1,9,0,0.9631683230400085
9740,3,6,0,2.380533456802368
9741,5,5,1,3.98758864402771
9742,9,9,1,0.8223457932472229
9743,9,1,0,8.119404792785645
9744,1,9,0,8.231894493103027
9745,3,3,1,3.267989158630371
9746,2,0,0,0.6764394044876099
9747,0,0,1,8.709000587463379
9748,3,3,1,2.789201498031616
9749,0,0,1,8.730541229248047
9750,2,7,0,0.5813773274421692
9751,0,0,1,-0.6122061014175415
9752,7,7,1,3.576345920562744
9753,3,3,1,2.9879090785980225
9754,9,9,1,9.876540184020996
9755,3,4,0,3.4496822357177734
9756,5,4,0,-0.7283705472946167
9757,7,4,0,1.5396631956100464
9758,6,5,0,-0.6597196459770203
9759,5,5,1,2.221289873123169
9760,9,9,1,6.202285289764404
9761,5,3,0,-2.071793794631958
9762,6,3,0,2.642341375350952
9763,1,1,1,8.20499324798584
9764,2,0,0,6.85182523727417
9765,4,4,1,6.8221611976623535
9766,0,0,1,1.8631861209869385
9767,2,2,1,7.436522483825684
9768,7,4,0,1.7285206317901611
9769,8,8,1,8.375544548034668
9770,4,6,0,1.924919843673706
9771,4,4,1,6.185544490814209
9772,0,2,0,2.7346231937408447
9773,9,9,1,4.836714267730713
9774,5,3,0,2.8669445514678955
9775,9,9,1,3.590773344039917
9776,2,2,1,1.426408052444458
9777,9,3,0,1.7370697259902954
9778,3,3,1,2.6277270317077637
9779,2,2,1,3.4996941089630127
9780,4,4,1,5.07617712020874
9781,3,3,1,5.183079719543457
9782,2,2,1,1.4817665815353394
9783,2,2,1,9.296341896057129
9784,8,8,1,7.482107639312744
9785,8,8,1,11.23060131072998
9786,6,8,0,0.9834477305412292
9787,8,8,1,-0.5419294238090515
9788,1,1,1,16.464595794677734
9789,6,6,1,4.70706033706665
9790,8,8,1,0.701569139957428
9791,9,9,1,1.783530592918396
9792,8,8,1,0.22324374318122864
9793,2,8,0,-2.3506627082824707
9794,1,9,0,-0.2276626080274582
9795,4,4,1,7.039386749267578
9796,9,9,1,3.0564849376678467
9797,1,1,1,15.866093635559082
9798,5,5,1,5.1135783195495605
9799,7,7,1,3.6070516109466553
9800,1,1,1,8.22533130645752
9801,6,6,1,3.5680906772613525
9802,0,0,1,8.265846252441406
9803,1,1,1,16.052410125732422
9804,5,5,1,4.072947025299072
9805,2,2,1,1.1297472715377808
9806,8,8,1,6.921741008758545
9807,1,1,1,4.280691623687744
9808,1,1,1,3.7654364109039307
9809,3,3,1,1.6000542640686035
9810,8,8,1,7.031933307647705
9811,1,1,1,7.895944118499756
9812,3,8,0,5.049901485443115
9813,1,1,1,2.5262832641601562
9814,8,8,1,3.0078036785125732
9815,5,5,1,3.5964887142181396
9816,1,1,1,8.164438247680664
9817,9,1,0,10.02072525024414
9818,0,0,1,5.6476335525512695
9819,3,5,0,3.070722818374634
9820,0,1,0,2.0109822750091553
9821,4,4,1,3.4779560565948486
9822,0,0,1,4.235201835632324
9823,5,5,1,7.209298133850098
9824,1,1,1,7.798570156097412
9825,2,3,0,-1.0109374523162842
9826,0,0,1,5.850330829620361
9827,4,4,1,5.044957637786865
9828,9,9,1,6.090326309204102
9829,5,3,0,0.5352920889854431
9830,1,1,1,10.811667442321777
9831,2,2,1,3.8792805671691895
9832,2,2,1,2.9256932735443115
9833,7,7,1,13.715435981750488
9834,8,8,1,10.623893737792969
9835,7,7,1,10.42617416381836
9836,2,2,1,5.679563522338867
9837,4,4,1,2.439866542816162
9838,5,5,1,4.6510820388793945
9839,3,7,0,1.6941683292388916
9840,4,2,0,1.2001718282699585
9841,0,8,0,7.118348598480225
9842,6,4,0,1.897072196006775
9843,1,1,1,9.690914154052734
9844,5,5,1,3.556811571121216
9845,9,9,1,3.3608386516571045
9846,8,8,1,9.963261604309082
9847,0,0,1,7.050706386566162
9848,2,0,0,4.085819244384766
9849,0,0,1,2.9408953189849854
9850,7,7,1,5.43632698059082
9851,6,6,1,10.938604354858398
9852,0,0,1,3.7496325969696045
9853,5,3,0,1.0934401750564575
9854,9,9,1,8.923192977905273
9855,7,7,1,6.622077465057373
9856,5,5,1,11.387712478637695
9857,0,0,1,4.4170918464660645
9858,4,4,1,-0.20115774869918823
9859,6,3,0,0.12187966704368591
9860,0,0,1,1.1009032726287842
9861,6,6,1,5.728551387786865
9862,3,5,0,-0.2520562410354614
9863,6,6,1,2.376497268676758
9864,8,3,0,1.3447922468185425
9865,1,1,1,9.368138313293457
9866,1,9,0,3.5646660327911377
9867,8,8,1,5.482290267944336
9868,9,9,1,5.013180255889893
9869,7,7,1,8.356797218322754
9870,2,2,1,4.440248012542725
9871,9,9,1,8.764830589294434
9872,0,0,1,2.071538209915161
9873,2,3,0,-0.11711055040359497
9874,2,2,1,3.8023531436920166
9875,9,9,1,11.439523696899414
9876,0,0,1,5.581573009490967
9877,6,0,0,2.191483736038208
9878,5,3,0,2.108137845993042
9879,7,7,1,2.201528549194336
9880,7,7,1,0.5298218727111816
9881,9,9,1,3.894338369369507
9882,1,1,1,16.153751373291016
9883,7,7,1,2.304586887359619
9884,9,1,0,7.738703727722168
9885,8,8,1,5.187353610992432
9886,4,4,1,9.491929054260254
9887,5,5,1,4.612255096435547
9888,0,0,1,2.339230537414551
9889,8,8,1,11.686860084533691
9890,0,0,1,10.58091926574707
9891,2,0,0,1.3009188175201416
9892,5,5,1,4.553296089172363
9893,2,2,1,5.239611625671387
9894,1,0,0,9.578025817871094
9895,4,4,1,10.160137176513672
9896,4,4,1,13.025656700134277
9897,8,8,1,13.532609939575195
9898,9,0,0,3.442431926727295
9899,7,7,1,9.010546684265137
9900,8,8,1,8.704768180847168
9901,3,8,0,2.243194818496704
9902,6,6,1,2.3495078086853027
9903,6,6,1,4.366096019744873
9904,0,0,1,10.594890594482422
9905,1,1,1,11.856511116027832
9906,1,1,1,9.938776016235352
9907,1,1,1,8.492924690246582
9908,8,0,0,4.3050642013549805
9909,1,1,1,13.905110359191895
9910,4,9,0,1.5802236795425415
9911,4,4,1,0.47354960441589355
9912,0,0,1,5.329155445098877
9913,7,7,1,8.926924705505371
9914,8,8,1,8.796690940856934
9915,2,3,0,0.8450738191604614
9916,1,1,1,8.536238670349121
9917,2,2,1,9.436727523803711
9918,5,9,0,0.0034284042194485664
9919,4,4,1,4.330874443054199
9920,6,6,1,7.667819976806641
9921,0,0,1,5.15068244934082
9922,5,3,0,-0.09819719195365906
9923,7,0,0,2.5422680377960205
9924,4,4,1,0.4574461877346039
9925,4,4,1,8.432394981384277
9926,3,0,0,1.5786409378051758
9927,9,9,1,4.591877460479736
9928,5,5,1,3.465838670730591
9929,8,0,0,0.8589248657226562
9930,8,8,1,1.5356104373931885
9931,0,0,1,9.824508666992188
9932,8,8,1,4.490478992462158
9933,7,3,0,-0.3434653878211975
9934,4,4,1,2.568032741546631
9935,1,1,1,7.04301118850708
9936,8,1,0,6.048397541046143
9937,4,4,1,5.002276420593262
9938,9,1,0,1.1185402870178223
9939,5,5,1,9.690469741821289
9940,4,4,1,2.1709914207458496
9941,1,1,1,2.667294502258301
9942,7,7,1,3.017125129699707
9943,7,2,0,0.909580647945404
9944,7,7,1,9.112886428833008
9945,7,7,1,6.365620136260986
9946,0,0,1,6.408332824707031
9947,3,3,1,6.7447686195373535
9948,8,8,1,11.411566734313965
9949,3,3,1,1.6990314722061157
9950,3,3,1,5.996829032897949
9951,0,0,1,7.507376194000244
9952,5,9,0,-0.8686429858207703
9953,7,3,0,0.4867730140686035
9954,0,0,1,6.222652912139893
9955,8,8,1,15.456931114196777
9956,0,0,1,5.015113353729248
9957,0,0,1,1.6989855766296387
9958,9,1,0,3.2870781421661377
9959,2,2,1,1.239790916442871
9960,2,0,0,3.977598190307617
9961,3,3,1,1.3226311206817627
9962,4,4,1,5.6897101402282715
9963,8,3,0,3.093090772628784
9964,2,4,0,2.1789469718933105
9965,2,2,1,1.150477409362793
9966,6,4,0,-0.40314966440200806
9967,3,9,0,-0.7453508973121643
9968,3,3,1,2.9931557178497314
9969,6,0,0,2.87548565864563
9970,2,2,1,2.360875368118286
9971,9,9,1,2.462101697921753
9972,4,4,1,2.473755359649658
9973,0,0,1,8.360231399536133
9974,1,9,0,4.592655181884766
9975,7,7,1,6.833179473876953
9976,5,3,0,2.6660282611846924
9977,5,5,1,7.591676235198975
9978,7,7,1,9.826894760131836
9979,3,3,1,4.746804237365723
9980,0,0,1,4.7968244552612305
9981,4,4,1,10.509312629699707
9982,2,6,0,7.408692836761475
9983,0,0,1,9.641435623168945
9984,7,9,0,-1.267114281654358
9985,5,5,1,3.1271064281463623
9986,8,8,1,7.530001163482666
9987,0,0,1,12.801349639892578
9988,8,8,1,8.572064399719238
9989,2,2,1,2.8532626628875732
9990,7,7,1,5.003657817840576
9991,0,0,1,4.7403364181518555
9992,3,3,1,3.683215379714966
9993,5,7,0,3.5125486850738525
9994,3,3,1,9.784772872924805
9995,8,8,1,1.7396939992904663
9996,3,3,1,3.4722652435302734
9997,5,5,1,6.894731521606445
9998,1,1,1,7.966741561889648
9999,7,7,1,9.523197174072266
